# Blender 5.1.1
# www.blender.org
mtllib base.mtl
g base_Mesh
v 0.262624 0.467666 0.038264
v -0.262624 0.467666 0.038264
v 0.262624 0.453024 0.035351
v -0.262624 0.453023 0.035351
v 0.262624 0.440610 0.027057
v -0.262624 0.440610 0.027057
v 0.262624 0.432315 0.014643
v -0.262624 0.432315 0.014643
v 0.262624 0.429403 -0.000000
v -0.262624 0.429403 -0.000000
v 0.262624 0.432315 -0.014643
v -0.262624 0.432315 -0.014643
v 0.262624 0.440610 -0.027057
v -0.262624 0.440610 -0.027057
v 0.262624 0.453023 -0.035351
v -0.262624 0.453023 -0.035351
v 0.262624 0.467666 -0.038264
v -0.262624 0.467666 -0.038264
v 0.262624 0.482309 -0.035351
v -0.262624 0.482309 -0.035351
v 0.262624 0.494723 -0.027057
v -0.262624 0.494723 -0.027057
v 0.262624 0.503017 -0.014643
v -0.262624 0.503017 -0.014643
v 0.262624 0.505930 -0.000000
v -0.262624 0.505930 -0.000000
v 0.262624 0.503017 0.014643
v -0.262624 0.503017 0.014643
v 0.262624 0.494723 0.027057
v -0.262624 0.494723 0.027057
v 0.262624 0.482309 0.035351
v -0.262624 0.482309 0.035351
v -0.242275 0.019856 -0.193677
v -0.230162 0.019856 -0.205791
v -0.230162 0.007743 -0.217905
v -0.254389 0.007743 -0.217905
v -0.254389 0.007743 -0.193677
v -0.241353 0.019856 -0.198313
v -0.238727 0.019856 -0.202243
v -0.243198 0.015221 -0.193677
v -0.242275 0.015021 -0.199056
v -0.239914 0.014954 -0.203430
v -0.242275 0.010382 -0.205791
v -0.230162 0.015221 -0.206713
v -0.230162 0.011291 -0.209339
v -0.234797 0.019856 -0.204869
v -0.235541 0.015021 -0.205791
v -0.236049 0.011090 -0.208153
v -0.236219 0.007743 -0.217905
v -0.242275 0.007743 -0.217905
v -0.230162 0.008665 -0.213269
v -0.236219 0.008965 -0.212526
v -0.242275 0.008728 -0.212018
v -0.254389 0.007743 -0.211848
v -0.254389 0.007743 -0.205791
v -0.248332 0.007743 -0.217905
v -0.248332 0.008287 -0.211848
v -0.248502 0.008728 -0.205791
v -0.249753 0.008665 -0.193677
v -0.245823 0.011291 -0.193677
v -0.254389 0.007743 -0.199734
v -0.249010 0.008965 -0.199734
v -0.244637 0.011090 -0.199565
v -0.242275 0.019856 0.266646
v -0.254389 0.007743 0.266646
v -0.254389 0.007743 0.290873
v -0.230162 0.007743 0.290873
v -0.230162 0.019856 0.278760
v -0.243198 0.015221 0.266646
v -0.245823 0.011291 0.266646
v -0.241353 0.019856 0.271282
v -0.242275 0.015021 0.272025
v -0.244637 0.011090 0.272533
v -0.242275 0.010382 0.278760
v -0.254389 0.007743 0.272703
v -0.254389 0.007743 0.278760
v -0.249753 0.008665 0.266646
v -0.249010 0.008964 0.272703
v -0.248502 0.008728 0.278760
v -0.248332 0.007743 0.290873
v -0.242275 0.007743 0.290873
v -0.254389 0.007743 0.284817
v -0.248332 0.008287 0.284817
v -0.242275 0.008728 0.284986
v -0.230162 0.008665 0.286238
v -0.230162 0.011291 0.282308
v -0.236219 0.007743 0.290873
v -0.236219 0.008964 0.285494
v -0.236049 0.011090 0.281121
v -0.234797 0.019856 0.277838
v -0.238727 0.019856 0.275212
v -0.230162 0.015221 0.279682
v -0.235541 0.015021 0.278760
v -0.239914 0.014954 0.276398
v -0.339186 0.019856 -0.193677
v -0.327072 0.007743 -0.193677
v -0.327072 0.007743 -0.217905
v -0.339186 0.019856 -0.217905
v -0.338263 0.015221 -0.193677
v -0.335638 0.011291 -0.193677
v -0.339186 0.019856 -0.199734
v -0.338172 0.015007 -0.199734
v -0.335638 0.011291 -0.199734
v -0.335638 0.011291 -0.205791
v -0.327072 0.007743 -0.199734
v -0.327072 0.007743 -0.205791
v -0.331708 0.008665 -0.193677
v -0.331921 0.008756 -0.199734
v -0.331921 0.008756 -0.205791
v -0.331708 0.008665 -0.217905
v -0.335638 0.011291 -0.217905
v -0.327072 0.007743 -0.211848
v -0.331921 0.008756 -0.211848
v -0.335638 0.011291 -0.211848
v -0.339186 0.019856 -0.211848
v -0.339186 0.019856 -0.205791
v -0.338263 0.015221 -0.217905
v -0.338172 0.015007 -0.211848
v -0.338173 0.015007 -0.205791
v -0.339186 0.019856 0.266646
v -0.339186 0.019856 0.290873
v -0.327072 0.007743 0.290873
v -0.327072 0.007743 0.266646
v -0.339186 0.019856 0.272703
v -0.339186 0.019856 0.278760
v -0.338263 0.015221 0.266646
v -0.338172 0.015007 0.272703
v -0.338173 0.015007 0.278760
v -0.335638 0.011291 0.278760
v -0.338263 0.015221 0.290873
v -0.335638 0.011291 0.290873
v -0.339186 0.019856 0.284817
v -0.338172 0.015007 0.284817
v -0.335638 0.011291 0.284817
v -0.327072 0.007743 0.284817
v -0.327072 0.007743 0.278760
v -0.331708 0.008665 0.290873
v -0.331921 0.008756 0.284817
v -0.331921 0.008756 0.278760
v -0.331708 0.008665 0.266646
v -0.335638 0.011291 0.266646
v -0.327072 0.007743 0.272703
v -0.331921 0.008756 0.272703
v -0.335638 0.011291 0.272703
v -0.254389 0.019856 0.375670
v -0.230162 0.019856 0.375670
v -0.230162 0.007743 0.363556
v -0.254389 0.007743 0.363556
v -0.248332 0.019856 0.375670
v -0.242275 0.019856 0.375670
v -0.254389 0.015221 0.374748
v -0.248332 0.015007 0.374657
v -0.242275 0.015007 0.374657
v -0.242275 0.011291 0.372122
v -0.230162 0.015221 0.374748
v -0.230162 0.011291 0.372122
v -0.236219 0.019856 0.375670
v -0.236219 0.015007 0.374657
v -0.236219 0.011291 0.372122
v -0.236219 0.007743 0.363556
v -0.242275 0.007743 0.363556
v -0.230162 0.008665 0.368192
v -0.236219 0.008756 0.368406
v -0.242275 0.008756 0.368405
v -0.254389 0.008665 0.368192
v -0.254389 0.011291 0.372122
v -0.248332 0.007743 0.363556
v -0.248332 0.008756 0.368406
v -0.248332 0.011291 0.372122
v -0.327072 0.019856 0.375670
v -0.327072 0.007743 0.363556
v -0.339186 0.019856 0.363556
v -0.327072 0.015221 0.374748
v -0.327072 0.011291 0.372122
v -0.331708 0.019856 0.374748
v -0.331824 0.015104 0.373635
v -0.331583 0.011907 0.371506
v -0.334066 0.012863 0.370550
v -0.331708 0.008665 0.363556
v -0.335638 0.011291 0.363556
v -0.327072 0.008665 0.368192
v -0.331824 0.009778 0.368308
v -0.335022 0.011907 0.368067
v -0.338263 0.019856 0.368192
v -0.335638 0.019856 0.372122
v -0.338263 0.015221 0.363556
v -0.337151 0.015104 0.368308
v -0.335022 0.015346 0.371506
v -0.254389 0.019856 -0.302701
v -0.254389 0.007743 -0.290588
v -0.230162 0.007743 -0.290588
v -0.230162 0.019856 -0.302701
v -0.254389 0.015221 -0.301779
v -0.254389 0.011291 -0.299153
v -0.248332 0.019856 -0.302701
v -0.248332 0.015007 -0.301688
v -0.248332 0.011291 -0.299153
v -0.242275 0.011291 -0.299153
v -0.248332 0.007743 -0.290588
v -0.242275 0.007743 -0.290588
v -0.254389 0.008665 -0.295223
v -0.248332 0.008756 -0.295437
v -0.242275 0.008756 -0.295437
v -0.230162 0.008665 -0.295223
v -0.230162 0.011291 -0.299153
v -0.236219 0.007743 -0.290588
v -0.236219 0.008756 -0.295437
v -0.236219 0.011291 -0.299153
v -0.236219 0.019856 -0.302701
v -0.242275 0.019856 -0.302701
v -0.230162 0.015221 -0.301779
v -0.236219 0.015007 -0.301688
v -0.242275 0.015007 -0.301688
v -0.327072 0.019856 -0.302701
v -0.339186 0.019856 -0.290588
v -0.327072 0.007743 -0.290588
v -0.331708 0.019856 -0.301779
v -0.335638 0.019856 -0.299153
v -0.327072 0.015221 -0.301779
v -0.331824 0.015105 -0.300666
v -0.335022 0.015346 -0.298537
v -0.334066 0.012863 -0.297581
v -0.338263 0.015221 -0.290588
v -0.335638 0.011291 -0.290588
v -0.338263 0.019856 -0.295223
v -0.337151 0.015105 -0.295340
v -0.335022 0.011907 -0.295098
v -0.327072 0.008665 -0.295223
v -0.327072 0.011291 -0.299153
v -0.331708 0.008665 -0.290588
v -0.331824 0.009778 -0.295340
v -0.331583 0.011907 -0.298537
v -0.242275 0.092539 -0.193677
v -0.254389 0.104653 -0.193677
v -0.254389 0.114737 -0.199079
v -0.242275 0.116767 -0.212280
v -0.230162 0.104653 -0.217905
v -0.230162 0.092539 -0.205791
v -0.243198 0.097175 -0.193677
v -0.245823 0.101105 -0.193677
v -0.241353 0.092539 -0.198313
v -0.242275 0.097880 -0.198826
v -0.244637 0.102206 -0.198955
v -0.242275 0.104406 -0.204701
v -0.254389 0.105421 -0.197802
v -0.254389 0.107607 -0.200277
v -0.249753 0.103731 -0.193677
v -0.249010 0.104501 -0.198450
v -0.248671 0.106481 -0.201750
v -0.249753 0.114174 -0.200562
v -0.245823 0.114362 -0.203591
v -0.254389 0.110878 -0.200726
v -0.249010 0.110012 -0.202105
v -0.244637 0.109761 -0.204663
v -0.241353 0.112131 -0.213571
v -0.238727 0.108201 -0.215093
v -0.243198 0.115272 -0.207706
v -0.242275 0.110633 -0.208784
v -0.239914 0.106778 -0.210084
v -0.230162 0.103731 -0.213269
v -0.230162 0.101105 -0.209339
v -0.234797 0.105575 -0.216615
v -0.235541 0.104615 -0.211592
v -0.235880 0.102234 -0.207631
v -0.234797 0.092539 -0.204869
v -0.238727 0.092539 -0.202243
v -0.230162 0.097175 -0.206713
v -0.235541 0.097880 -0.205560
v -0.239914 0.098200 -0.203083
v -0.242275 0.092539 0.266646
v -0.230162 0.092539 0.278760
v -0.230162 0.104653 0.290873
v -0.242275 0.116767 0.284259
v -0.254389 0.113772 0.270786
v -0.254389 0.104653 0.266646
v -0.241353 0.092539 0.271282
v -0.238727 0.092539 0.275212
v -0.243198 0.097175 0.266646
v -0.242275 0.097862 0.271752
v -0.239914 0.098173 0.275989
v -0.242275 0.104310 0.277477
v -0.230162 0.097175 0.279682
v -0.230162 0.101105 0.282308
v -0.234797 0.092539 0.277838
v -0.235541 0.097862 0.278487
v -0.235880 0.102207 0.280505
v -0.234797 0.105575 0.289356
v -0.238727 0.108201 0.287566
v -0.230162 0.103731 0.286238
v -0.235541 0.104597 0.284395
v -0.239914 0.106699 0.282688
v -0.243198 0.114858 0.279771
v -0.245823 0.113618 0.275634
v -0.241353 0.112131 0.285777
v -0.242275 0.110407 0.281125
v -0.244637 0.109349 0.277057
v -0.254389 0.110282 0.272915
v -0.254389 0.107324 0.272876
v -0.249753 0.113237 0.272479
v -0.249010 0.109491 0.274430
v -0.248671 0.106261 0.274417
v -0.249753 0.103731 0.266646
v -0.245823 0.101105 0.266646
v -0.254389 0.105347 0.270675
v -0.249010 0.104429 0.271306
v -0.244637 0.102165 0.271843
v -0.339186 0.092539 -0.193677
v -0.339186 0.092539 -0.217905
v -0.339186 0.116767 -0.212280
v -0.327072 0.114737 -0.199079
v -0.327072 0.104653 -0.193677
v -0.339186 0.092539 -0.199734
v -0.339186 0.092539 -0.205791
v -0.338263 0.097175 -0.193677
v -0.337964 0.097872 -0.199457
v -0.338200 0.098485 -0.205297
v -0.336546 0.104442 -0.204481
v -0.339186 0.099220 -0.217477
v -0.339186 0.106170 -0.216258
v -0.339186 0.092539 -0.211848
v -0.338642 0.099056 -0.211256
v -0.338200 0.105164 -0.210428
v -0.338263 0.115272 -0.207706
v -0.335638 0.114362 -0.203591
v -0.339186 0.112332 -0.214433
v -0.337964 0.110453 -0.209126
v -0.335839 0.109707 -0.204691
v -0.327072 0.110878 -0.200726
v -0.327072 0.107607 -0.200277
v -0.331708 0.114174 -0.200562
v -0.331907 0.110004 -0.202059
v -0.331974 0.106470 -0.201681
v -0.331708 0.103731 -0.193677
v -0.335638 0.101105 -0.193677
v -0.327072 0.105421 -0.197802
v -0.331907 0.104494 -0.198404
v -0.335839 0.102195 -0.199055
v -0.339186 0.092539 0.266646
v -0.327072 0.104653 0.266646
v -0.327072 0.113772 0.270786
v -0.339186 0.116767 0.284259
v -0.339186 0.092539 0.290873
v -0.338263 0.097175 0.266646
v -0.335638 0.101105 0.266646
v -0.339186 0.092539 0.272703
v -0.337964 0.097851 0.272375
v -0.335839 0.102148 0.271931
v -0.336546 0.104345 0.277220
v -0.327072 0.105347 0.270675
v -0.327072 0.107324 0.272876
v -0.331708 0.103731 0.266646
v -0.331907 0.104418 0.271251
v -0.331974 0.106244 0.274335
v -0.331708 0.113237 0.272479
v -0.335638 0.113618 0.275634
v -0.327072 0.110282 0.272915
v -0.331907 0.109480 0.274376
v -0.335839 0.109319 0.277089
v -0.339186 0.112603 0.286790
v -0.339186 0.106537 0.288936
v -0.338263 0.114858 0.279771
v -0.337964 0.110346 0.281527
v -0.338200 0.105263 0.283122
v -0.339186 0.092539 0.284817
v -0.339186 0.092539 0.278760
v -0.339186 0.099491 0.290370
v -0.338642 0.099157 0.284119
v -0.338200 0.098483 0.278176
v -0.254389 0.113786 0.367712
v -0.242275 0.116767 0.349049
v -0.230162 0.104653 0.363556
v -0.230162 0.092539 0.375670
v -0.254389 0.092539 0.375670
v -0.249753 0.115690 0.364831
v -0.245823 0.116924 0.360272
v -0.254389 0.109369 0.370757
v -0.249010 0.109908 0.368495
v -0.244637 0.110816 0.365077
v -0.242275 0.104459 0.370295
v -0.241353 0.112131 0.352377
v -0.238727 0.108201 0.356303
v -0.243198 0.117303 0.354730
v -0.242275 0.111498 0.359433
v -0.239914 0.106958 0.363321
v -0.230162 0.103731 0.368192
v -0.230162 0.101105 0.372122
v -0.234797 0.105575 0.360228
v -0.235541 0.104586 0.366073
v -0.236049 0.102191 0.371113
v -0.236219 0.092539 0.375670
v -0.242275 0.092539 0.375670
v -0.230162 0.097175 0.374748
v -0.236219 0.097851 0.373944
v -0.242275 0.098284 0.373817
v -0.254389 0.097870 0.375064
v -0.254389 0.103780 0.373339
v -0.248332 0.092539 0.375670
v -0.248332 0.098362 0.374176
v -0.248502 0.104160 0.372009
v -0.327072 0.113786 0.367712
v -0.327072 0.092539 0.375670
v -0.339186 0.092539 0.363556
v -0.339186 0.116767 0.349049
v -0.327072 0.109369 0.370757
v -0.327072 0.103780 0.373339
v -0.331708 0.115690 0.364831
v -0.331771 0.109891 0.368233
v -0.331770 0.104135 0.371447
v -0.335633 0.104187 0.368746
v -0.331708 0.092539 0.374748
v -0.335638 0.092539 0.372122
v -0.327072 0.097870 0.375064
v -0.331771 0.098345 0.373236
v -0.335635 0.098272 0.370859
v -0.339186 0.096706 0.362452
v -0.339186 0.102774 0.359307
v -0.338263 0.092539 0.368192
v -0.337828 0.097886 0.366813
v -0.337827 0.103632 0.364431
v -0.338263 0.117303 0.354730
v -0.335638 0.116924 0.360272
v -0.339186 0.109818 0.354601
v -0.337828 0.110176 0.360172
v -0.335635 0.110465 0.364934
v -0.254389 0.114737 -0.295989
v -0.254389 0.092539 -0.302701
v -0.230162 0.092539 -0.302701
v -0.230162 0.104653 -0.290588
v -0.242275 0.116767 -0.280087
v -0.254389 0.109956 -0.298558
v -0.254389 0.104058 -0.300735
v -0.249753 0.116232 -0.293887
v -0.249010 0.110253 -0.296748
v -0.248502 0.104340 -0.299581
v -0.242275 0.104543 -0.297980
v -0.248332 0.092539 -0.302701
v -0.242275 0.092539 -0.302701
v -0.254389 0.097943 -0.302190
v -0.248332 0.098437 -0.301395
v -0.242275 0.098330 -0.301042
v -0.230162 0.097175 -0.301779
v -0.230162 0.101105 -0.299153
v -0.236219 0.092539 -0.302701
v -0.236219 0.097872 -0.301093
v -0.236049 0.102223 -0.298447
v -0.234797 0.105575 -0.288179
v -0.238727 0.108201 -0.285337
v -0.230162 0.103731 -0.295223
v -0.235541 0.104607 -0.293724
v -0.239914 0.106999 -0.291712
v -0.243198 0.117330 -0.285281
v -0.245823 0.117142 -0.290127
v -0.241353 0.112131 -0.282496
v -0.242275 0.111552 -0.288807
v -0.244637 0.110970 -0.293839
v -0.327072 0.114737 -0.295989
v -0.339186 0.116767 -0.280087
v -0.339186 0.092539 -0.290588
v -0.327072 0.092539 -0.302701
v -0.331708 0.116232 -0.293887
v -0.335638 0.117142 -0.290127
v -0.327072 0.109956 -0.298558
v -0.331771 0.110242 -0.296515
v -0.335635 0.110657 -0.293672
v -0.335633 0.104339 -0.296573
v -0.339186 0.110086 -0.284106
v -0.339186 0.103136 -0.287512
v -0.338263 0.117330 -0.285281
v -0.337828 0.110357 -0.289299
v -0.337827 0.103861 -0.292451
v -0.338263 0.092539 -0.295223
v -0.335638 0.092539 -0.299153
v -0.339186 0.096974 -0.289788
v -0.337828 0.098033 -0.294216
v -0.335635 0.098356 -0.298185
v -0.327072 0.097943 -0.302190
v -0.327072 0.104058 -0.300735
v -0.331708 0.092539 -0.301779
v -0.331771 0.098426 -0.300485
v -0.331770 0.104323 -0.299062
v -0.254389 0.723898 0.206362
v -0.254389 0.733982 0.200960
v -0.230162 0.733982 0.200960
v -0.230162 0.723898 0.206362
v -0.254389 0.727757 0.208009
v -0.254389 0.731029 0.207560
v -0.248332 0.723898 0.206362
v -0.248332 0.727935 0.208036
v -0.248332 0.731029 0.207560
v -0.242275 0.731029 0.207560
v -0.248332 0.733982 0.200960
v -0.242275 0.733982 0.200960
v -0.254389 0.733215 0.205085
v -0.248332 0.733139 0.205249
v -0.242275 0.733139 0.205248
v -0.230162 0.733215 0.205085
v -0.230162 0.731029 0.207560
v -0.236219 0.733982 0.200960
v -0.236219 0.733139 0.205249
v -0.236219 0.731029 0.207560
v -0.236219 0.723898 0.206362
v -0.242275 0.723898 0.206362
v -0.230162 0.727757 0.208009
v -0.236219 0.727935 0.208036
v -0.242275 0.727935 0.208036
v -0.327072 0.723898 0.206362
v -0.339186 0.721868 0.190460
v -0.327072 0.733982 0.200960
v -0.331708 0.723432 0.204571
v -0.335638 0.722883 0.200920
v -0.327072 0.728068 0.208589
v -0.331824 0.727683 0.206642
v -0.335022 0.727016 0.203509
v -0.334066 0.729291 0.204317
v -0.338263 0.726193 0.193897
v -0.335638 0.730014 0.197100
v -0.338263 0.722334 0.195965
v -0.337151 0.726791 0.199649
v -0.335022 0.729879 0.201975
v -0.327072 0.733526 0.205666
v -0.327072 0.731449 0.208345
v -0.331708 0.732749 0.199580
v -0.331824 0.732118 0.204266
v -0.331583 0.730455 0.206489
v -0.254389 0.723898 0.109452
v -0.230162 0.723898 0.109452
v -0.230162 0.733982 0.128278
v -0.254389 0.733982 0.128278
v -0.248332 0.723898 0.109452
v -0.242275 0.723898 0.109452
v -0.254389 0.727757 0.112943
v -0.248332 0.727935 0.113152
v -0.242275 0.727935 0.113152
v -0.242275 0.731029 0.117746
v -0.230162 0.727757 0.112943
v -0.230162 0.731029 0.117746
v -0.236219 0.723898 0.109452
v -0.236219 0.727935 0.113152
v -0.236219 0.731029 0.117746
v -0.236219 0.733982 0.128278
v -0.242275 0.733982 0.128278
v -0.230162 0.733215 0.123131
v -0.236219 0.733139 0.122867
v -0.242275 0.733139 0.122867
v -0.254389 0.733215 0.123131
v -0.254389 0.731029 0.117746
v -0.248332 0.733982 0.128278
v -0.248332 0.733139 0.122867
v -0.248332 0.731029 0.117746
v -0.327072 0.723898 0.109452
v -0.327072 0.733982 0.128278
v -0.339186 0.721868 0.122653
v -0.327072 0.728068 0.112776
v -0.327072 0.731449 0.117521
v -0.331708 0.723432 0.110623
v -0.331824 0.727683 0.114211
v -0.331583 0.730455 0.118053
v -0.334066 0.729291 0.118677
v -0.331708 0.732749 0.128016
v -0.335638 0.730014 0.126855
v -0.327072 0.733526 0.122964
v -0.331824 0.732118 0.122490
v -0.335022 0.729879 0.121801
v -0.338263 0.722334 0.117768
v -0.335638 0.722883 0.113544
v -0.338263 0.726193 0.124972
v -0.337151 0.726791 0.120016
v -0.335022 0.727016 0.116457
v -0.242275 0.407204 -0.018973
v -0.254389 0.409233 -0.003070
v -0.254389 0.410198 0.011615
v -0.242275 0.420317 0.018858
v -0.242275 0.431431 -0.002848
v -0.243198 0.406640 -0.013779
v -0.245823 0.406828 -0.008933
v -0.242275 0.413261 -0.014941
v -0.243497 0.412642 -0.008903
v -0.245622 0.412191 -0.003963
v -0.244915 0.417292 0.002090
v -0.254389 0.412398 0.000105
v -0.254389 0.413693 0.004011
v -0.249753 0.407739 -0.005173
v -0.249554 0.412075 -0.001219
v -0.249487 0.414691 0.003226
v -0.249753 0.411297 0.011879
v -0.245823 0.413606 0.013348
v -0.254389 0.412920 0.008053
v -0.249554 0.413989 0.007691
v -0.245622 0.416182 0.008399
v -0.242275 0.424570 0.014227
v -0.242275 0.428176 0.008476
v -0.243198 0.416774 0.015799
v -0.243497 0.420000 0.010679
v -0.243261 0.422742 0.005291
v -0.242275 0.425374 -0.006879
v -0.242275 0.419318 -0.010910
v -0.242275 0.430585 0.002480
v -0.242819 0.424344 -0.000654
v -0.243261 0.418497 -0.004490
v -0.242275 0.407204 -0.086780
v -0.242275 0.431431 -0.070655
v -0.254389 0.429402 -0.086557
v -0.254389 0.409233 -0.099981
v -0.242275 0.413261 -0.082748
v -0.242275 0.419318 -0.078717
v -0.243198 0.408698 -0.091354
v -0.243289 0.414061 -0.088041
v -0.243288 0.419633 -0.084332
v -0.245823 0.419667 -0.088774
v -0.243198 0.431995 -0.075848
v -0.245823 0.431807 -0.080694
v -0.242275 0.425374 -0.074686
v -0.243289 0.425668 -0.080316
v -0.245823 0.425564 -0.084849
v -0.254389 0.424360 -0.089913
v -0.254389 0.419318 -0.093269
v -0.249753 0.430896 -0.084455
v -0.249539 0.425268 -0.088091
v -0.249540 0.419741 -0.091770
v -0.249753 0.409796 -0.098498
v -0.245823 0.409609 -0.095469
v -0.254389 0.414275 -0.096625
v -0.249539 0.414676 -0.095141
v -0.245823 0.414465 -0.092237
v -0.327072 0.409233 -0.099981
v -0.327072 0.429402 -0.086557
v -0.339186 0.431431 -0.070655
v -0.339186 0.407204 -0.086780
v -0.327072 0.414275 -0.096625
v -0.327072 0.419318 -0.093269
v -0.331708 0.409796 -0.098498
v -0.331921 0.414676 -0.095141
v -0.331921 0.419741 -0.091770
v -0.335638 0.419667 -0.088774
v -0.331708 0.430896 -0.084455
v -0.335638 0.431807 -0.080694
v -0.327072 0.424360 -0.089913
v -0.331921 0.425268 -0.088091
v -0.335638 0.425564 -0.084849
v -0.339186 0.425374 -0.074686
v -0.339186 0.419318 -0.078717
v -0.338263 0.431995 -0.075848
v -0.338172 0.425668 -0.080316
v -0.338173 0.419633 -0.084332
v -0.338263 0.408698 -0.091354
v -0.335638 0.409609 -0.095469
v -0.339186 0.413261 -0.082748
v -0.338172 0.414061 -0.088041
v -0.335638 0.414465 -0.092237
v -0.327072 0.409233 -0.003070
v -0.339186 0.407204 -0.018973
v -0.339186 0.431431 -0.002848
v -0.339186 0.420317 0.018858
v -0.327072 0.410198 0.011615
v -0.331708 0.407739 -0.005173
v -0.335638 0.406828 -0.008933
v -0.327072 0.412398 0.000105
v -0.331907 0.412075 -0.001219
v -0.335839 0.412191 -0.003963
v -0.336546 0.417292 0.002090
v -0.339186 0.413261 -0.014941
v -0.339186 0.419318 -0.010910
v -0.338263 0.406640 -0.013779
v -0.337964 0.412642 -0.008903
v -0.338200 0.418497 -0.004490
v -0.339186 0.430585 0.002480
v -0.339186 0.428176 0.008476
v -0.339186 0.425374 -0.006879
v -0.338642 0.424344 -0.000654
v -0.338200 0.422742 0.005291
v -0.338263 0.416774 0.015799
v -0.335638 0.413606 0.013348
v -0.339186 0.424570 0.014227
v -0.337964 0.420000 0.010679
v -0.335839 0.416182 0.008399
v -0.327072 0.412920 0.008053
v -0.327072 0.413693 0.004011
v -0.331708 0.411297 0.011879
v -0.331907 0.413989 0.007691
v -0.331974 0.414691 0.003226
v -0.242275 0.463080 0.047320
v -0.254389 0.473870 0.053987
v -0.254389 0.493088 0.052741
v -0.242275 0.495117 0.039540
v -0.242275 0.470890 0.023415
v -0.243198 0.466775 0.050250
v -0.245823 0.470123 0.052545
v -0.242275 0.466069 0.043415
v -0.243497 0.471048 0.045889
v -0.245622 0.475071 0.048561
v -0.244915 0.480757 0.044625
v -0.254389 0.478133 0.051452
v -0.254389 0.483282 0.050326
v -0.249753 0.472614 0.053857
v -0.249554 0.477265 0.050331
v -0.249487 0.482311 0.048362
v -0.249753 0.492524 0.051258
v -0.245823 0.492712 0.048229
v -0.254389 0.488533 0.050778
v -0.249554 0.487463 0.048957
v -0.245622 0.487232 0.045982
v -0.242275 0.489060 0.035509
v -0.242275 0.483003 0.031477
v -0.243198 0.493623 0.044114
v -0.243497 0.487917 0.041198
v -0.243261 0.482076 0.038003
v -0.242275 0.470295 0.030477
v -0.242275 0.468602 0.037500
v -0.242275 0.476946 0.027446
v -0.242819 0.476083 0.034488
v -0.243261 0.474393 0.040859
v -0.339186 0.463080 0.047320
v -0.339186 0.470890 0.023415
v -0.339186 0.495117 0.039540
v -0.327072 0.493088 0.052741
v -0.327072 0.473870 0.053987
v -0.339186 0.466069 0.043415
v -0.339186 0.468602 0.037500
v -0.338263 0.466775 0.050250
v -0.337964 0.471048 0.045889
v -0.338200 0.474393 0.040859
v -0.336546 0.480757 0.044625
v -0.339186 0.476946 0.027446
v -0.339186 0.483003 0.031477
v -0.339186 0.470295 0.030477
v -0.338642 0.476083 0.034488
v -0.338200 0.482076 0.038003
v -0.338263 0.493623 0.044114
v -0.335638 0.492712 0.048229
v -0.339186 0.489060 0.035509
v -0.337964 0.487917 0.041198
v -0.335839 0.487232 0.045982
v -0.327072 0.488533 0.050778
v -0.327072 0.483282 0.050326
v -0.331708 0.492524 0.051258
v -0.331907 0.487463 0.048957
v -0.331974 0.482311 0.048362
v -0.331708 0.472614 0.053857
v -0.335638 0.470123 0.052545
v -0.327072 0.478133 0.051452
v -0.331907 0.477264 0.050331
v -0.335839 0.475071 0.048561
v -0.242275 0.470890 -0.044392
v -0.242275 0.495117 -0.028267
v -0.254389 0.493088 -0.044169
v -0.254389 0.472919 -0.057593
v -0.242275 0.476946 -0.040361
v -0.242275 0.483003 -0.036330
v -0.243198 0.472384 -0.048966
v -0.243289 0.477747 -0.045654
v -0.243288 0.483319 -0.041945
v -0.245823 0.483353 -0.046386
v -0.243198 0.495680 -0.033461
v -0.245823 0.495492 -0.038307
v -0.242275 0.489060 -0.032298
v -0.243289 0.489353 -0.037929
v -0.245823 0.489249 -0.042462
v -0.254389 0.488045 -0.047525
v -0.254389 0.483003 -0.050881
v -0.249753 0.494582 -0.042067
v -0.249540 0.488954 -0.045704
v -0.249540 0.483427 -0.049383
v -0.249753 0.473482 -0.056110
v -0.245823 0.473294 -0.053081
v -0.254389 0.477961 -0.054237
v -0.249540 0.478362 -0.052753
v -0.245823 0.478150 -0.049849
v -0.327072 0.472919 -0.057593
v -0.327072 0.493088 -0.044169
v -0.339186 0.495117 -0.028267
v -0.339186 0.470890 -0.044392
v -0.327072 0.477961 -0.054237
v -0.327072 0.483003 -0.050881
v -0.331708 0.473482 -0.056110
v -0.331921 0.478362 -0.052753
v -0.331921 0.483427 -0.049383
v -0.335638 0.483353 -0.046386
v -0.331708 0.494582 -0.042067
v -0.335638 0.495492 -0.038307
v -0.327072 0.488046 -0.047525
v -0.331921 0.488953 -0.045704
v -0.335638 0.489249 -0.042462
v -0.339186 0.489060 -0.032298
v -0.339186 0.483003 -0.036330
v -0.338263 0.495680 -0.033461
v -0.338172 0.489353 -0.037929
v -0.338173 0.483319 -0.041945
v -0.338263 0.472384 -0.048966
v -0.335638 0.473294 -0.053081
v -0.339186 0.476946 -0.040361
v -0.338172 0.477747 -0.045654
v -0.335638 0.478150 -0.049849
v -0.230162 0.671186 0.171279
v -0.230162 0.661102 0.152453
v -0.242275 0.648988 0.141953
v -0.254389 0.651017 0.157855
v -0.254389 0.671186 0.171279
v -0.230162 0.667327 0.167788
v -0.230162 0.664055 0.162985
v -0.236219 0.671186 0.171279
v -0.236219 0.666663 0.166991
v -0.236049 0.662971 0.162166
v -0.242275 0.660770 0.161308
v -0.234797 0.660180 0.150044
v -0.238727 0.657554 0.147203
v -0.230162 0.661869 0.157600
v -0.235541 0.660943 0.156266
v -0.239914 0.658591 0.154123
v -0.243198 0.648425 0.147146
v -0.245823 0.648613 0.151992
v -0.241353 0.653624 0.144361
v -0.242275 0.654112 0.150974
v -0.244637 0.654619 0.156251
v -0.254389 0.656060 0.161211
v -0.254389 0.661102 0.164567
v -0.249753 0.649523 0.155753
v -0.249010 0.655297 0.159290
v -0.248502 0.660854 0.163300
v -0.248332 0.671186 0.171279
v -0.242275 0.671186 0.171279
v -0.254389 0.666144 0.167923
v -0.248332 0.666098 0.167294
v -0.242275 0.666217 0.166904
v -0.327072 0.671186 0.171279
v -0.327072 0.651017 0.157855
v -0.339186 0.648988 0.141953
v -0.339186 0.673216 0.158078
v -0.327072 0.666144 0.167923
v -0.327072 0.661102 0.164567
v -0.331708 0.670623 0.169796
v -0.331921 0.665743 0.166439
v -0.331921 0.660678 0.163068
v -0.335637 0.660752 0.160072
v -0.331708 0.649523 0.155753
v -0.335638 0.648613 0.151992
v -0.327072 0.656060 0.161211
v -0.331921 0.655152 0.159389
v -0.335638 0.654856 0.156147
v -0.339186 0.655045 0.145984
v -0.339186 0.661102 0.150015
v -0.338263 0.648425 0.147146
v -0.338172 0.654752 0.151614
v -0.338173 0.660786 0.155630
v -0.338263 0.671721 0.162652
v -0.335638 0.670811 0.166767
v -0.339186 0.667159 0.154046
v -0.338172 0.666358 0.159339
v -0.335638 0.665955 0.163535
v -0.242275 0.648988 0.074146
v -0.230162 0.661102 0.079770
v -0.230162 0.671186 0.074368
v -0.254389 0.671186 0.074368
v -0.254389 0.651017 0.060945
v -0.241353 0.653624 0.075436
v -0.238727 0.657554 0.076958
v -0.243198 0.650482 0.069571
v -0.242275 0.655038 0.071448
v -0.239914 0.658823 0.073242
v -0.242275 0.660991 0.070355
v -0.230162 0.661869 0.075646
v -0.230162 0.664055 0.073170
v -0.234797 0.660180 0.078480
v -0.235541 0.660943 0.074632
v -0.236049 0.662971 0.072267
v -0.236219 0.671186 0.074368
v -0.242275 0.671186 0.074368
v -0.230162 0.667327 0.072722
v -0.236219 0.666663 0.072634
v -0.242275 0.666217 0.072128
v -0.254389 0.666144 0.071012
v -0.254389 0.661102 0.067657
v -0.248332 0.671186 0.074368
v -0.248332 0.666098 0.071581
v -0.248502 0.661086 0.068748
v -0.249753 0.651581 0.062427
v -0.245823 0.651393 0.065457
v -0.254389 0.656060 0.064301
v -0.249010 0.656224 0.065823
v -0.244637 0.656009 0.067990
v -0.327072 0.651017 0.060945
v -0.327072 0.671186 0.074368
v -0.339186 0.673216 0.090271
v -0.339186 0.648988 0.074146
v -0.327072 0.656060 0.064301
v -0.327072 0.661102 0.067657
v -0.331708 0.651581 0.062427
v -0.331921 0.656460 0.065784
v -0.331921 0.661525 0.069155
v -0.335638 0.661452 0.072151
v -0.331708 0.672681 0.076471
v -0.335638 0.673591 0.080231
v -0.327072 0.666144 0.071012
v -0.331921 0.667052 0.072834
v -0.335637 0.667348 0.076076
v -0.339186 0.667159 0.086239
v -0.339186 0.661102 0.082208
v -0.338263 0.673779 0.085077
v -0.338172 0.667452 0.080609
v -0.338173 0.661417 0.076593
v -0.338263 0.650482 0.069572
v -0.335638 0.651393 0.065457
v -0.339186 0.655045 0.078177
v -0.338172 0.655845 0.072884
v -0.335638 0.656249 0.068689
v 0.242275 0.019856 -0.193677
v 0.254389 0.007743 -0.193677
v 0.254389 0.007743 -0.217905
v 0.230162 0.007743 -0.217905
v 0.230162 0.019856 -0.205791
v 0.243198 0.015221 -0.193677
v 0.245823 0.011291 -0.193677
v 0.241353 0.019856 -0.198313
v 0.242275 0.015021 -0.199056
v 0.244637 0.011090 -0.199565
v 0.242275 0.010382 -0.205791
v 0.254389 0.007743 -0.199734
v 0.254389 0.007743 -0.205791
v 0.249753 0.008665 -0.193677
v 0.249010 0.008965 -0.199734
v 0.248502 0.008728 -0.205791
v 0.248332 0.007743 -0.217905
v 0.242275 0.007743 -0.217905
v 0.254389 0.007743 -0.211848
v 0.248332 0.008287 -0.211848
v 0.242275 0.008728 -0.212018
v 0.230162 0.008665 -0.213269
v 0.230162 0.011291 -0.209339
v 0.236219 0.007743 -0.217905
v 0.236219 0.008965 -0.212526
v 0.236049 0.011090 -0.208153
v 0.234797 0.019856 -0.204869
v 0.238727 0.019856 -0.202243
v 0.230162 0.015221 -0.206713
v 0.235541 0.015021 -0.205791
v 0.239914 0.014954 -0.203430
v 0.242275 0.019856 0.266646
v 0.230162 0.019856 0.278760
v 0.230162 0.007743 0.290873
v 0.254389 0.007743 0.290873
v 0.254389 0.007743 0.266646
v 0.241353 0.019856 0.271282
v 0.238727 0.019856 0.275212
v 0.243198 0.015221 0.266646
v 0.242275 0.015021 0.272025
v 0.239914 0.014954 0.276398
v 0.242275 0.010382 0.278760
v 0.230162 0.015221 0.279682
v 0.230162 0.011291 0.282308
v 0.234797 0.019856 0.277838
v 0.235541 0.015021 0.278760
v 0.236049 0.011090 0.281121
v 0.236219 0.007743 0.290873
v 0.242275 0.007743 0.290873
v 0.230162 0.008665 0.286238
v 0.236219 0.008964 0.285494
v 0.242275 0.008728 0.284986
v 0.254389 0.007743 0.284817
v 0.254389 0.007743 0.278760
v 0.248332 0.007743 0.290873
v 0.248332 0.008287 0.284817
v 0.248502 0.008728 0.278760
v 0.249753 0.008665 0.266646
v 0.245823 0.011291 0.266646
v 0.254389 0.007743 0.272703
v 0.249010 0.008964 0.272703
v 0.244637 0.011090 0.272533
v 0.339186 0.019856 -0.193677
v 0.339186 0.019856 -0.217905
v 0.327072 0.007743 -0.217905
v 0.327072 0.007743 -0.193677
v 0.339186 0.019856 -0.199734
v 0.339186 0.019856 -0.205791
v 0.338264 0.015221 -0.193677
v 0.338172 0.015007 -0.199734
v 0.338173 0.015007 -0.205791
v 0.335638 0.011291 -0.205791
v 0.338264 0.015221 -0.217905
v 0.335638 0.011291 -0.217905
v 0.339186 0.019856 -0.211848
v 0.338172 0.015007 -0.211848
v 0.335638 0.011291 -0.211848
v 0.327072 0.007743 -0.211848
v 0.327072 0.007743 -0.205791
v 0.331708 0.008665 -0.217905
v 0.331922 0.008756 -0.211848
v 0.331921 0.008756 -0.205791
v 0.331708 0.008665 -0.193677
v 0.335638 0.011291 -0.193677
v 0.327072 0.007743 -0.199734
v 0.331922 0.008756 -0.199734
v 0.335638 0.011291 -0.199734
v 0.339186 0.019856 0.266646
v 0.327072 0.007743 0.266646
v 0.327072 0.007743 0.290873
v 0.339186 0.019856 0.290873
v 0.338264 0.015221 0.266646
v 0.335638 0.011291 0.266646
v 0.339186 0.019856 0.272703
v 0.338172 0.015007 0.272703
v 0.335638 0.011291 0.272703
v 0.335638 0.011291 0.278760
v 0.327072 0.007743 0.272703
v 0.327072 0.007743 0.278760
v 0.331708 0.008665 0.266646
v 0.331921 0.008756 0.272703
v 0.331921 0.008756 0.278760
v 0.331708 0.008665 0.290873
v 0.335638 0.011291 0.290873
v 0.327072 0.007743 0.284817
v 0.331921 0.008756 0.284817
v 0.335638 0.011291 0.284817
v 0.339186 0.019856 0.284817
v 0.339186 0.019856 0.278760
v 0.338264 0.015221 0.290873
v 0.338172 0.015007 0.284817
v 0.338173 0.015007 0.278760
v 0.254389 0.019856 0.375670
v 0.254389 0.007743 0.363556
v 0.230162 0.007743 0.363556
v 0.230162 0.019856 0.375670
v 0.254389 0.015221 0.374748
v 0.254389 0.011291 0.372122
v 0.248332 0.019856 0.375670
v 0.248332 0.015007 0.374657
v 0.248332 0.011291 0.372122
v 0.242275 0.011291 0.372122
v 0.248332 0.007743 0.363556
v 0.242275 0.007743 0.363556
v 0.254389 0.008665 0.368192
v 0.248332 0.008756 0.368406
v 0.242275 0.008756 0.368405
v 0.230162 0.008665 0.368192
v 0.230162 0.011291 0.372122
v 0.236219 0.007743 0.363556
v 0.236219 0.008756 0.368406
v 0.236219 0.011291 0.372122
v 0.236219 0.019856 0.375670
v 0.242275 0.019856 0.375670
v 0.230162 0.015221 0.374748
v 0.236219 0.015007 0.374657
v 0.242275 0.015007 0.374657
v 0.327072 0.019856 0.375670
v 0.339186 0.019856 0.363556
v 0.327072 0.007743 0.363556
v 0.331708 0.019856 0.374748
v 0.335638 0.019856 0.372122
v 0.327072 0.015221 0.374748
v 0.331824 0.015104 0.373635
v 0.335022 0.015346 0.371506
v 0.334066 0.012863 0.370550
v 0.338264 0.015221 0.363556
v 0.335638 0.011291 0.363556
v 0.338264 0.019856 0.368192
v 0.337151 0.015104 0.368308
v 0.335022 0.011907 0.368067
v 0.327072 0.008665 0.368192
v 0.327072 0.011291 0.372122
v 0.331708 0.008665 0.363556
v 0.331824 0.009778 0.368308
v 0.331583 0.011907 0.371506
v 0.254389 0.019856 -0.302701
v 0.230162 0.019856 -0.302701
v 0.230162 0.007743 -0.290588
v 0.254389 0.007743 -0.290588
v 0.248332 0.019856 -0.302701
v 0.242275 0.019856 -0.302701
v 0.254389 0.015221 -0.301779
v 0.248332 0.015007 -0.301688
v 0.242275 0.015007 -0.301688
v 0.242275 0.011291 -0.299153
v 0.230162 0.015221 -0.301779
v 0.230162 0.011291 -0.299153
v 0.236219 0.019856 -0.302701
v 0.236219 0.015007 -0.301688
v 0.236219 0.011291 -0.299153
v 0.236219 0.007743 -0.290588
v 0.242275 0.007743 -0.290588
v 0.230162 0.008665 -0.295223
v 0.236219 0.008756 -0.295437
v 0.242275 0.008756 -0.295437
v 0.254389 0.008665 -0.295223
v 0.254389 0.011291 -0.299153
v 0.248332 0.007743 -0.290588
v 0.248332 0.008756 -0.295437
v 0.248332 0.011291 -0.299153
v 0.327072 0.019856 -0.302701
v 0.327072 0.007743 -0.290588
v 0.339186 0.019856 -0.290588
v 0.327072 0.015221 -0.301779
v 0.327072 0.011291 -0.299153
v 0.331708 0.019856 -0.301779
v 0.331824 0.015105 -0.300666
v 0.331583 0.011907 -0.298537
v 0.334066 0.012863 -0.297581
v 0.331708 0.008665 -0.290588
v 0.335638 0.011291 -0.290588
v 0.327072 0.008665 -0.295223
v 0.331824 0.009778 -0.295340
v 0.335022 0.011907 -0.295098
v 0.338264 0.019856 -0.295223
v 0.335638 0.019856 -0.299153
v 0.338264 0.015221 -0.290588
v 0.337151 0.015105 -0.295340
v 0.335022 0.015346 -0.298537
v 0.012114 0.007743 0.290873
v 0.012114 0.019856 0.278760
v -0.012114 0.019856 0.278760
v -0.012114 0.007743 0.290873
v 0.012114 0.008665 0.286238
v 0.012114 0.011291 0.282308
v 0.006057 0.007743 0.290873
v 0.006057 0.008756 0.286024
v 0.006057 0.011291 0.282308
v 0.000000 0.011291 0.282308
v 0.006057 0.019856 0.278760
v 0.000000 0.019856 0.278760
v 0.012114 0.015221 0.279682
v 0.006057 0.015007 0.279773
v 0.000000 0.015007 0.279773
v -0.012114 0.015221 0.279682
v -0.012114 0.011291 0.282308
v -0.006057 0.019856 0.278760
v -0.006057 0.015007 0.279773
v -0.006057 0.011291 0.282308
v -0.006057 0.007743 0.290873
v 0.000000 0.007743 0.290873
v -0.012114 0.008665 0.286238
v -0.006057 0.008756 0.286024
v 0.000000 0.008756 0.286024
v 0.012114 0.007743 0.363556
v -0.012114 0.007743 0.363556
v -0.012114 0.019856 0.375670
v 0.012114 0.019856 0.375670
v 0.006057 0.007743 0.363556
v 0.000000 0.007743 0.363556
v 0.012114 0.008665 0.368192
v 0.006057 0.008756 0.368406
v 0.000000 0.008756 0.368405
v 0.000000 0.011291 0.372122
v -0.012114 0.008665 0.368192
v -0.012114 0.011291 0.372122
v -0.006057 0.007743 0.363556
v -0.006057 0.008756 0.368406
v -0.006057 0.011291 0.372122
v -0.006057 0.019856 0.375670
v 0.000000 0.019856 0.375670
v -0.012114 0.015221 0.374748
v -0.006057 0.015007 0.374657
v 0.000000 0.015007 0.374657
v 0.012114 0.015221 0.374748
v 0.012114 0.011291 0.372122
v 0.006057 0.019856 0.375670
v 0.006057 0.015007 0.374657
v 0.006057 0.011291 0.372122
v 0.012114 0.007743 -0.217905
v -0.012114 0.007743 -0.217905
v -0.012114 0.019856 -0.205791
v 0.012114 0.019856 -0.205791
v 0.006057 0.007743 -0.217905
v 0.000000 0.007743 -0.217905
v 0.012114 0.008665 -0.213269
v 0.006057 0.008756 -0.213055
v 0.000000 0.008756 -0.213056
v 0.000000 0.011291 -0.209339
v -0.012114 0.008665 -0.213269
v -0.012114 0.011291 -0.209339
v -0.006057 0.007743 -0.217905
v -0.006057 0.008756 -0.213055
v -0.006057 0.011291 -0.209339
v -0.006057 0.019856 -0.205791
v 0.000000 0.019856 -0.205791
v -0.012114 0.015221 -0.206713
v -0.006057 0.015007 -0.206804
v 0.000000 0.015007 -0.206804
v 0.012114 0.015221 -0.206713
v 0.012114 0.011291 -0.209339
v 0.006057 0.019856 -0.205791
v 0.006057 0.015007 -0.206804
v 0.006057 0.011291 -0.209339
v 0.012114 0.007743 -0.290588
v 0.012114 0.019856 -0.302701
v -0.012114 0.019856 -0.302701
v -0.012114 0.007743 -0.290588
v 0.012114 0.008665 -0.295223
v 0.012114 0.011291 -0.299153
v 0.006057 0.007743 -0.290588
v 0.006057 0.008756 -0.295437
v 0.006057 0.011291 -0.299153
v 0.000000 0.011291 -0.299153
v 0.006057 0.019856 -0.302701
v 0.000000 0.019856 -0.302701
v 0.012114 0.015221 -0.301779
v 0.006057 0.015007 -0.301688
v 0.000000 0.015007 -0.301688
v -0.012114 0.015221 -0.301779
v -0.012114 0.011291 -0.299153
v -0.006057 0.019856 -0.302701
v -0.006057 0.015007 -0.301688
v -0.006057 0.011291 -0.299153
v -0.006057 0.007743 -0.290588
v 0.000000 0.007743 -0.290588
v -0.012114 0.008665 -0.295223
v -0.006057 0.008756 -0.295437
v 0.000000 0.008756 -0.295437
v 0.242275 0.092539 -0.193677
v 0.230162 0.092539 -0.205791
v 0.230162 0.104653 -0.217905
v 0.242275 0.116767 -0.212280
v 0.254389 0.114737 -0.199079
v 0.254389 0.104653 -0.193677
v 0.241353 0.092539 -0.198313
v 0.238727 0.092539 -0.202243
v 0.243198 0.097175 -0.193677
v 0.242275 0.097880 -0.198826
v 0.239914 0.098200 -0.203083
v 0.242275 0.104406 -0.204701
v 0.230162 0.097175 -0.206713
v 0.230162 0.101105 -0.209339
v 0.234797 0.092539 -0.204869
v 0.235541 0.097880 -0.205560
v 0.235880 0.102234 -0.207631
v 0.234797 0.105575 -0.216615
v 0.238727 0.108201 -0.215093
v 0.230162 0.103731 -0.213269
v 0.235541 0.104615 -0.211592
v 0.239914 0.106778 -0.210084
v 0.243198 0.115272 -0.207706
v 0.245823 0.114362 -0.203591
v 0.241353 0.112131 -0.213571
v 0.242275 0.110633 -0.208784
v 0.244637 0.109761 -0.204663
v 0.254389 0.110878 -0.200726
v 0.254389 0.107607 -0.200277
v 0.249753 0.114174 -0.200562
v 0.249010 0.110012 -0.202105
v 0.248671 0.106481 -0.201750
v 0.249753 0.103731 -0.193677
v 0.245823 0.101105 -0.193677
v 0.254389 0.105421 -0.197802
v 0.249010 0.104501 -0.198450
v 0.244637 0.102206 -0.198955
v 0.242275 0.092539 0.266646
v 0.254389 0.104653 0.266646
v 0.254389 0.113772 0.270786
v 0.242275 0.116767 0.284259
v 0.230162 0.104653 0.290873
v 0.230162 0.092539 0.278760
v 0.243198 0.097175 0.266646
v 0.245823 0.101105 0.266646
v 0.241353 0.092539 0.271282
v 0.242275 0.097862 0.271752
v 0.244637 0.102165 0.271843
v 0.242276 0.104310 0.277477
v 0.254389 0.105347 0.270675
v 0.254389 0.107324 0.272876
v 0.249753 0.103731 0.266646
v 0.249010 0.104429 0.271306
v 0.248671 0.106261 0.274417
v 0.249753 0.113237 0.272479
v 0.245823 0.113618 0.275634
v 0.254389 0.110282 0.272915
v 0.249010 0.109491 0.274430
v 0.244637 0.109349 0.277057
v 0.241353 0.112131 0.285777
v 0.238727 0.108201 0.287566
v 0.243198 0.114858 0.279771
v 0.242275 0.110407 0.281125
v 0.239914 0.106699 0.282688
v 0.230162 0.103731 0.286238
v 0.230162 0.101105 0.282308
v 0.234797 0.105575 0.289356
v 0.235541 0.104597 0.284395
v 0.235880 0.102207 0.280505
v 0.234797 0.092539 0.277838
v 0.238727 0.092539 0.275212
v 0.230162 0.097175 0.279682
v 0.235541 0.097862 0.278487
v 0.239914 0.098173 0.275989
v 0.339186 0.092539 -0.193677
v 0.327072 0.104653 -0.193677
v 0.327072 0.114737 -0.199079
v 0.339186 0.116767 -0.212280
v 0.339186 0.092539 -0.217905
v 0.338264 0.097175 -0.193677
v 0.335638 0.101105 -0.193677
v 0.339186 0.092539 -0.199734
v 0.337964 0.097872 -0.199457
v 0.335839 0.102195 -0.199055
v 0.336546 0.104442 -0.204481
v 0.327072 0.105421 -0.197802
v 0.327072 0.107607 -0.200277
v 0.331708 0.103731 -0.193677
v 0.331907 0.104494 -0.198404
v 0.331974 0.106470 -0.201681
v 0.331708 0.114174 -0.200562
v 0.335638 0.114362 -0.203591
v 0.327072 0.110878 -0.200726
v 0.331907 0.110004 -0.202059
v 0.335839 0.109707 -0.204691
v 0.339186 0.112332 -0.214433
v 0.339186 0.106170 -0.216258
v 0.338264 0.115272 -0.207706
v 0.337964 0.110453 -0.209126
v 0.338200 0.105164 -0.210428
v 0.339186 0.092539 -0.211848
v 0.339186 0.092539 -0.205791
v 0.339186 0.099220 -0.217477
v 0.338642 0.099056 -0.211256
v 0.338200 0.098485 -0.205297
v 0.339186 0.092539 0.266646
v 0.339186 0.092539 0.290873
v 0.339186 0.116767 0.284259
v 0.327072 0.113772 0.270786
v 0.327072 0.104653 0.266646
v 0.339186 0.092539 0.272703
v 0.339186 0.092539 0.278760
v 0.338264 0.097175 0.266646
v 0.337964 0.097851 0.272375
v 0.338200 0.098483 0.278176
v 0.336546 0.104345 0.277220
v 0.339186 0.099491 0.290370
v 0.339186 0.106537 0.288936
v 0.339186 0.092539 0.284817
v 0.338642 0.099157 0.284119
v 0.338200 0.105263 0.283122
v 0.338264 0.114858 0.279771
v 0.335638 0.113618 0.275634
v 0.339186 0.112603 0.286790
v 0.337964 0.110346 0.281527
v 0.335839 0.109319 0.277089
v 0.327072 0.110282 0.272915
v 0.327072 0.107324 0.272876
v 0.331708 0.113237 0.272479
v 0.331907 0.109480 0.274376
v 0.331974 0.106244 0.274335
v 0.331708 0.103731 0.266646
v 0.335638 0.101105 0.266646
v 0.327072 0.105347 0.270675
v 0.331907 0.104418 0.271251
v 0.335839 0.102148 0.271931
v 0.254389 0.113786 0.367712
v 0.254389 0.092539 0.375670
v 0.230162 0.092539 0.375670
v 0.230162 0.104653 0.363556
v 0.242275 0.116767 0.349049
v 0.254389 0.109369 0.370757
v 0.254389 0.103780 0.373339
v 0.249753 0.115690 0.364831
v 0.249010 0.109908 0.368495
v 0.248502 0.104160 0.372009
v 0.242275 0.104459 0.370295
v 0.248332 0.092539 0.375670
v 0.242275 0.092539 0.375670
v 0.254389 0.097870 0.375064
v 0.248332 0.098362 0.374176
v 0.242275 0.098284 0.373817
v 0.230162 0.097175 0.374748
v 0.230162 0.101105 0.372122
v 0.236219 0.092539 0.375670
v 0.236219 0.097851 0.373944
v 0.236049 0.102191 0.371113
v 0.234797 0.105575 0.360228
v 0.238727 0.108201 0.356303
v 0.230162 0.103731 0.368192
v 0.235541 0.104586 0.366073
v 0.239914 0.106958 0.363321
v 0.243198 0.117303 0.354730
v 0.245823 0.116924 0.360272
v 0.241353 0.112131 0.352377
v 0.242275 0.111498 0.359433
v 0.244637 0.110816 0.365077
v 0.327072 0.113786 0.367712
v 0.339186 0.116767 0.349049
v 0.339186 0.092539 0.363556
v 0.327072 0.092539 0.375670
v 0.331708 0.115690 0.364831
v 0.335638 0.116924 0.360272
v 0.327072 0.109369 0.370757
v 0.331771 0.109891 0.368233
v 0.335635 0.110465 0.364934
v 0.335633 0.104187 0.368746
v 0.339186 0.109818 0.354601
v 0.339186 0.102774 0.359307
v 0.338264 0.117303 0.354730
v 0.337828 0.110176 0.360172
v 0.337827 0.103632 0.364431
v 0.338264 0.092539 0.368192
v 0.335638 0.092539 0.372122
v 0.339186 0.096706 0.362452
v 0.337828 0.097886 0.366813
v 0.335635 0.098272 0.370859
v 0.327072 0.097870 0.375064
v 0.327072 0.103780 0.373339
v 0.331708 0.092539 0.374748
v 0.331771 0.098345 0.373236
v 0.331770 0.104135 0.371447
v 0.254389 0.114737 -0.295989
v 0.242275 0.116767 -0.280087
v 0.230162 0.104653 -0.290588
v 0.230162 0.092539 -0.302701
v 0.254389 0.092539 -0.302701
v 0.249753 0.116232 -0.293887
v 0.245823 0.117142 -0.290127
v 0.254389 0.109956 -0.298558
v 0.249010 0.110253 -0.296748
v 0.244637 0.110970 -0.293839
v 0.242275 0.104543 -0.297980
v 0.241353 0.112131 -0.282496
v 0.238727 0.108201 -0.285337
v 0.243198 0.117330 -0.285281
v 0.242275 0.111552 -0.288807
v 0.239914 0.106999 -0.291712
v 0.230162 0.103731 -0.295223
v 0.230162 0.101105 -0.299153
v 0.234797 0.105575 -0.288179
v 0.235541 0.104607 -0.293724
v 0.236049 0.102223 -0.298447
v 0.236219 0.092539 -0.302701
v 0.242275 0.092539 -0.302701
v 0.230162 0.097175 -0.301779
v 0.236219 0.097872 -0.301093
v 0.242275 0.098330 -0.301042
v 0.254389 0.097943 -0.302190
v 0.254389 0.104058 -0.300735
v 0.248332 0.092539 -0.302701
v 0.248332 0.098437 -0.301395
v 0.248502 0.104340 -0.299581
v 0.327072 0.114737 -0.295989
v 0.327072 0.092539 -0.302701
v 0.339186 0.092539 -0.290588
v 0.339186 0.116767 -0.280087
v 0.327072 0.109956 -0.298558
v 0.327072 0.104058 -0.300735
v 0.331708 0.116232 -0.293887
v 0.331771 0.110242 -0.296515
v 0.331770 0.104323 -0.299062
v 0.335633 0.104339 -0.296573
v 0.331708 0.092539 -0.301779
v 0.335638 0.092539 -0.299153
v 0.327072 0.097943 -0.302190
v 0.331771 0.098426 -0.300485
v 0.335635 0.098356 -0.298185
v 0.339186 0.096974 -0.289788
v 0.339186 0.103136 -0.287512
v 0.338264 0.092539 -0.295223
v 0.337828 0.098033 -0.294216
v 0.337827 0.103861 -0.292451
v 0.338264 0.117330 -0.285281
v 0.335638 0.117142 -0.290127
v 0.339186 0.110086 -0.284106
v 0.337828 0.110357 -0.289299
v 0.335635 0.110657 -0.293672
v 0.012114 0.104653 0.290873
v -0.012114 0.104653 0.290873
v -0.012114 0.092539 0.278760
v 0.012114 0.092539 0.278760
v 0.006057 0.104653 0.290873
v 0.000000 0.104653 0.290873
v 0.012114 0.103731 0.286238
v 0.006057 0.103640 0.286024
v 0.000000 0.103640 0.286024
v 0.000000 0.101105 0.282308
v -0.012114 0.103731 0.286238
v -0.012114 0.101105 0.282308
v -0.006057 0.104653 0.290873
v -0.006057 0.103640 0.286024
v -0.006057 0.101105 0.282308
v -0.006057 0.092539 0.278760
v 0.000000 0.092539 0.278760
v -0.012114 0.097175 0.279682
v -0.006057 0.097389 0.279773
v 0.000000 0.097388 0.279773
v 0.012114 0.097175 0.279682
v 0.012114 0.101105 0.282308
v 0.006057 0.092539 0.278760
v 0.006057 0.097389 0.279773
v 0.006057 0.101105 0.282308
v 0.012114 0.104653 0.363556
v 0.012114 0.092539 0.375670
v -0.012114 0.092539 0.375670
v -0.012114 0.104653 0.363556
v 0.012114 0.103731 0.368192
v 0.012114 0.101105 0.372122
v 0.006057 0.104653 0.363556
v 0.006057 0.103640 0.368406
v 0.006057 0.101105 0.372122
v 0.000000 0.101105 0.372122
v 0.006057 0.092539 0.375670
v 0.000000 0.092539 0.375670
v 0.012114 0.097175 0.374748
v 0.006057 0.097389 0.374657
v 0.000000 0.097388 0.374657
v -0.012114 0.097175 0.374748
v -0.012114 0.101105 0.372122
v -0.006057 0.092539 0.375670
v -0.006057 0.097389 0.374657
v -0.006057 0.101105 0.372122
v -0.006057 0.104653 0.363556
v 0.000000 0.104653 0.363556
v -0.012114 0.103731 0.368192
v -0.006057 0.103640 0.368406
v 0.000000 0.103640 0.368405
v 0.012114 0.104653 -0.217905
v 0.012114 0.092539 -0.205791
v -0.012114 0.092539 -0.205791
v -0.012114 0.104653 -0.217905
v 0.012114 0.103731 -0.213269
v 0.012114 0.101105 -0.209339
v 0.006057 0.104653 -0.217905
v 0.006057 0.103640 -0.213055
v 0.006057 0.101105 -0.209339
v 0.000000 0.101105 -0.209339
v 0.006057 0.092539 -0.205791
v 0.000000 0.092539 -0.205791
v 0.012114 0.097175 -0.206713
v 0.006057 0.097389 -0.206804
v 0.000000 0.097388 -0.206804
v -0.012114 0.097175 -0.206713
v -0.012114 0.101105 -0.209339
v -0.006057 0.092539 -0.205791
v -0.006057 0.097389 -0.206804
v -0.006057 0.101105 -0.209339
v -0.006057 0.104653 -0.217905
v 0.000000 0.104653 -0.217905
v -0.012114 0.103731 -0.213269
v -0.006057 0.103640 -0.213055
v 0.000000 0.103640 -0.213056
v 0.012114 0.104653 -0.290588
v -0.012114 0.104653 -0.290588
v -0.012114 0.092539 -0.302701
v 0.012114 0.092539 -0.302701
v 0.006057 0.104653 -0.290588
v 0.000000 0.104653 -0.290588
v 0.012114 0.103731 -0.295223
v 0.006057 0.103640 -0.295437
v 0.000000 0.103640 -0.295437
v 0.000000 0.101105 -0.299153
v -0.012114 0.103731 -0.295223
v -0.012114 0.101105 -0.299153
v -0.006057 0.104653 -0.290588
v -0.006057 0.103640 -0.295437
v -0.006057 0.101105 -0.299153
v -0.006057 0.092539 -0.302701
v 0.000000 0.092539 -0.302701
v -0.012114 0.097175 -0.301779
v -0.006057 0.097389 -0.301688
v 0.000000 0.097388 -0.301688
v 0.012114 0.097175 -0.301779
v 0.012114 0.101105 -0.299153
v 0.006057 0.092539 -0.302701
v 0.006057 0.097389 -0.301688
v 0.006057 0.101105 -0.299153
v 0.254389 0.723898 0.206362
v 0.230162 0.723898 0.206362
v 0.230162 0.733982 0.200960
v 0.254389 0.733982 0.200960
v 0.248332 0.723898 0.206362
v 0.242275 0.723898 0.206362
v 0.254389 0.727757 0.208009
v 0.248332 0.727935 0.208036
v 0.242275 0.727935 0.208036
v 0.242275 0.731029 0.207560
v 0.230162 0.727757 0.208009
v 0.230162 0.731029 0.207560
v 0.236219 0.723898 0.206362
v 0.236219 0.727935 0.208036
v 0.236219 0.731029 0.207560
v 0.236219 0.733982 0.200960
v 0.242275 0.733982 0.200960
v 0.230162 0.733215 0.205085
v 0.236219 0.733139 0.205249
v 0.242275 0.733139 0.205248
v 0.254389 0.733215 0.205085
v 0.254389 0.731029 0.207560
v 0.248332 0.733982 0.200960
v 0.248332 0.733139 0.205249
v 0.248332 0.731029 0.207560
v 0.327072 0.723898 0.206362
v 0.327072 0.733982 0.200960
v 0.339186 0.721868 0.190460
v 0.327072 0.728068 0.208589
v 0.327072 0.731449 0.208345
v 0.331708 0.723432 0.204571
v 0.331824 0.727683 0.206642
v 0.331583 0.730455 0.206489
v 0.334066 0.729291 0.204317
v 0.331708 0.732749 0.199580
v 0.335638 0.730014 0.197100
v 0.327072 0.733526 0.205666
v 0.331824 0.732118 0.204266
v 0.335022 0.729879 0.201975
v 0.338264 0.722334 0.195965
v 0.335638 0.722883 0.200920
v 0.338264 0.726193 0.193897
v 0.337151 0.726791 0.199649
v 0.335022 0.727016 0.203509
v 0.254389 0.723898 0.109452
v 0.254389 0.733982 0.128278
v 0.230162 0.733982 0.128278
v 0.230162 0.723898 0.109452
v 0.254389 0.727757 0.112943
v 0.254389 0.731029 0.117746
v 0.248332 0.723898 0.109452
v 0.248332 0.727935 0.113152
v 0.248332 0.731029 0.117746
v 0.242275 0.731029 0.117746
v 0.248332 0.733982 0.128278
v 0.242275 0.733982 0.128278
v 0.254389 0.733215 0.123131
v 0.248332 0.733139 0.122867
v 0.242275 0.733139 0.122867
v 0.230162 0.733215 0.123131
v 0.230162 0.731029 0.117746
v 0.236219 0.733982 0.128278
v 0.236219 0.733139 0.122867
v 0.236219 0.731029 0.117746
v 0.236219 0.723898 0.109452
v 0.242275 0.723898 0.109452
v 0.230162 0.727757 0.112943
v 0.236219 0.727935 0.113152
v 0.242275 0.727935 0.113152
v 0.327072 0.723898 0.109452
v 0.339186 0.721868 0.122653
v 0.327072 0.733982 0.128278
v 0.331708 0.723432 0.110623
v 0.335638 0.722883 0.113544
v 0.327072 0.728068 0.112776
v 0.331824 0.727683 0.114211
v 0.335022 0.727016 0.116457
v 0.334066 0.729291 0.118677
v 0.338264 0.726193 0.124972
v 0.335638 0.730014 0.126855
v 0.338264 0.722334 0.117768
v 0.337151 0.726791 0.120016
v 0.335022 0.729879 0.121801
v 0.327072 0.733526 0.122964
v 0.327072 0.731449 0.117521
v 0.331708 0.732749 0.128016
v 0.331824 0.732118 0.122490
v 0.331583 0.730455 0.118053
v 0.242275 0.407204 -0.018973
v 0.242275 0.431431 -0.002848
v 0.242275 0.420317 0.018858
v 0.254389 0.410198 0.011615
v 0.254389 0.409233 -0.003070
v 0.242275 0.413261 -0.014941
v 0.242275 0.419318 -0.010910
v 0.243198 0.406640 -0.013779
v 0.243497 0.412642 -0.008903
v 0.243261 0.418497 -0.004490
v 0.244915 0.417292 0.002090
v 0.242275 0.430585 0.002480
v 0.242275 0.428176 0.008476
v 0.242275 0.425374 -0.006879
v 0.242819 0.424344 -0.000654
v 0.243261 0.422742 0.005291
v 0.243198 0.416774 0.015799
v 0.245823 0.413606 0.013348
v 0.242275 0.424570 0.014227
v 0.243497 0.420000 0.010679
v 0.245622 0.416182 0.008399
v 0.254389 0.412920 0.008053
v 0.254389 0.413693 0.004011
v 0.249753 0.411297 0.011879
v 0.249554 0.413989 0.007691
v 0.249487 0.414691 0.003226
v 0.249753 0.407739 -0.005173
v 0.245823 0.406828 -0.008933
v 0.254389 0.412398 0.000105
v 0.249554 0.412075 -0.001219
v 0.245622 0.412191 -0.003963
v 0.242275 0.407204 -0.086780
v 0.254389 0.409233 -0.099981
v 0.254389 0.429402 -0.086557
v 0.242275 0.431431 -0.070655
v 0.243198 0.408698 -0.091354
v 0.245823 0.409609 -0.095469
v 0.242275 0.413261 -0.082748
v 0.243289 0.414061 -0.088041
v 0.245823 0.414465 -0.092237
v 0.245824 0.419668 -0.088774
v 0.254389 0.414275 -0.096625
v 0.254389 0.419318 -0.093269
v 0.249753 0.409796 -0.098498
v 0.249540 0.414676 -0.095141
v 0.249540 0.419741 -0.091770
v 0.249753 0.430896 -0.084455
v 0.245823 0.431807 -0.080694
v 0.254389 0.424360 -0.089913
v 0.249540 0.425268 -0.088091
v 0.245823 0.425564 -0.084849
v 0.242275 0.425374 -0.074686
v 0.242275 0.419318 -0.078717
v 0.243198 0.431994 -0.075848
v 0.243289 0.425668 -0.080316
v 0.243288 0.419633 -0.084332
v 0.327072 0.409233 -0.099981
v 0.339186 0.407204 -0.086780
v 0.339186 0.431431 -0.070655
v 0.327072 0.429402 -0.086557
v 0.331708 0.409796 -0.098498
v 0.335638 0.409609 -0.095469
v 0.327072 0.414275 -0.096625
v 0.331922 0.414676 -0.095141
v 0.335638 0.414465 -0.092237
v 0.335638 0.419668 -0.088774
v 0.339186 0.413261 -0.082748
v 0.339186 0.419318 -0.078717
v 0.338264 0.408698 -0.091354
v 0.338172 0.414061 -0.088041
v 0.338173 0.419633 -0.084332
v 0.338264 0.431995 -0.075848
v 0.335638 0.431807 -0.080694
v 0.339186 0.425374 -0.074686
v 0.338173 0.425668 -0.080316
v 0.335638 0.425564 -0.084849
v 0.327072 0.424360 -0.089913
v 0.327072 0.419318 -0.093269
v 0.331708 0.430896 -0.084455
v 0.331922 0.425268 -0.088091
v 0.331921 0.419741 -0.091770
v 0.327072 0.409233 -0.003070
v 0.327072 0.410198 0.011615
v 0.339186 0.420317 0.018858
v 0.339186 0.431431 -0.002848
v 0.339186 0.407204 -0.018973
v 0.327072 0.412398 0.000105
v 0.327072 0.413693 0.004011
v 0.331708 0.407739 -0.005173
v 0.331907 0.412075 -0.001219
v 0.331974 0.414691 0.003226
v 0.336546 0.417292 0.002090
v 0.331708 0.411297 0.011879
v 0.335638 0.413606 0.013348
v 0.327072 0.412920 0.008053
v 0.331907 0.413989 0.007691
v 0.335839 0.416182 0.008399
v 0.339186 0.424570 0.014227
v 0.339186 0.428176 0.008476
v 0.338264 0.416774 0.015799
v 0.337964 0.420000 0.010679
v 0.338200 0.422742 0.005291
v 0.339186 0.425374 -0.006879
v 0.339186 0.419318 -0.010910
v 0.339186 0.430585 0.002480
v 0.338642 0.424344 -0.000654
v 0.338200 0.418497 -0.004490
v 0.338264 0.406640 -0.013779
v 0.335638 0.406828 -0.008933
v 0.339186 0.413261 -0.014941
v 0.337964 0.412642 -0.008903
v 0.335839 0.412191 -0.003963
v 0.242275 0.463080 0.047320
v 0.242275 0.470890 0.023415
v 0.242275 0.495117 0.039540
v 0.254389 0.493088 0.052741
v 0.254389 0.473870 0.053987
v 0.242275 0.466069 0.043415
v 0.242275 0.468602 0.037500
v 0.243198 0.466775 0.050250
v 0.243497 0.471048 0.045889
v 0.243261 0.474393 0.040859
v 0.244915 0.480757 0.044625
v 0.242275 0.476946 0.027446
v 0.242275 0.483003 0.031477
v 0.242275 0.470295 0.030477
v 0.242819 0.476083 0.034488
v 0.243261 0.482076 0.038003
v 0.243198 0.493623 0.044114
v 0.245823 0.492712 0.048229
v 0.242275 0.489060 0.035509
v 0.243497 0.487917 0.041198
v 0.245622 0.487232 0.045982
v 0.254389 0.488533 0.050778
v 0.254389 0.483282 0.050326
v 0.249753 0.492524 0.051258
v 0.249554 0.487463 0.048957
v 0.249487 0.482311 0.048362
v 0.249753 0.472614 0.053857
v 0.245823 0.470123 0.052545
v 0.254389 0.478133 0.051452
v 0.249554 0.477265 0.050331
v 0.245622 0.475071 0.048561
v 0.339186 0.463080 0.047320
v 0.327072 0.473870 0.053987
v 0.327072 0.493088 0.052741
v 0.339186 0.495117 0.039540
v 0.339186 0.470890 0.023415
v 0.338264 0.466775 0.050250
v 0.335638 0.470123 0.052545
v 0.339186 0.466069 0.043415
v 0.337964 0.471048 0.045889
v 0.335839 0.475071 0.048561
v 0.336546 0.480757 0.044625
v 0.327072 0.478133 0.051452
v 0.327072 0.483282 0.050326
v 0.331708 0.472614 0.053857
v 0.331907 0.477265 0.050331
v 0.331974 0.482311 0.048362
v 0.331708 0.492524 0.051258
v 0.335638 0.492712 0.048229
v 0.327072 0.488533 0.050778
v 0.331907 0.487463 0.048957
v 0.335839 0.487232 0.045982
v 0.339186 0.489060 0.035509
v 0.339186 0.483003 0.031477
v 0.338264 0.493623 0.044114
v 0.337964 0.487917 0.041198
v 0.338200 0.482076 0.038003
v 0.339186 0.470295 0.030477
v 0.339186 0.468602 0.037500
v 0.339186 0.476946 0.027446
v 0.338642 0.476083 0.034488
v 0.338200 0.474393 0.040859
v 0.242275 0.470890 -0.044392
v 0.254389 0.472919 -0.057593
v 0.254389 0.493088 -0.044169
v 0.242275 0.495117 -0.028267
v 0.243198 0.472384 -0.048966
v 0.245823 0.473294 -0.053081
v 0.242275 0.476946 -0.040361
v 0.243289 0.477747 -0.045654
v 0.245823 0.478150 -0.049849
v 0.245824 0.483353 -0.046386
v 0.254389 0.477961 -0.054237
v 0.254389 0.483003 -0.050881
v 0.249753 0.473482 -0.056110
v 0.249540 0.478362 -0.052753
v 0.249540 0.483427 -0.049383
v 0.249753 0.494582 -0.042067
v 0.245823 0.495492 -0.038307
v 0.254389 0.488045 -0.047525
v 0.249540 0.488953 -0.045704
v 0.245823 0.489249 -0.042462
v 0.242275 0.489060 -0.032298
v 0.242275 0.483003 -0.036330
v 0.243198 0.495680 -0.033461
v 0.243289 0.489353 -0.037929
v 0.243288 0.483319 -0.041945
v 0.327072 0.472919 -0.057593
v 0.339186 0.470890 -0.044392
v 0.339186 0.495117 -0.028267
v 0.327072 0.493088 -0.044169
v 0.331708 0.473482 -0.056110
v 0.335638 0.473294 -0.053081
v 0.327072 0.477961 -0.054237
v 0.331922 0.478362 -0.052753
v 0.335638 0.478150 -0.049849
v 0.335638 0.483353 -0.046386
v 0.339186 0.476946 -0.040361
v 0.339186 0.483003 -0.036330
v 0.338264 0.472384 -0.048966
v 0.338173 0.477747 -0.045654
v 0.338173 0.483319 -0.041945
v 0.338264 0.495680 -0.033461
v 0.335638 0.495492 -0.038307
v 0.339186 0.489060 -0.032298
v 0.338172 0.489353 -0.037929
v 0.335638 0.489250 -0.042462
v 0.327072 0.488045 -0.047525
v 0.327072 0.483003 -0.050881
v 0.331708 0.494582 -0.042067
v 0.331921 0.488954 -0.045704
v 0.331921 0.483427 -0.049383
v 0.230162 0.671186 0.171279
v 0.254389 0.671186 0.171279
v 0.254389 0.651017 0.157855
v 0.242275 0.648988 0.141953
v 0.230162 0.661102 0.152453
v 0.236219 0.671186 0.171279
v 0.242275 0.671186 0.171279
v 0.230162 0.667327 0.167788
v 0.236219 0.666663 0.166991
v 0.242275 0.666217 0.166904
v 0.242275 0.660770 0.161308
v 0.254389 0.666144 0.167923
v 0.254389 0.661102 0.164567
v 0.248332 0.671186 0.171279
v 0.248332 0.666098 0.167294
v 0.248502 0.660854 0.163300
v 0.249753 0.649523 0.155753
v 0.245823 0.648613 0.151992
v 0.254389 0.656060 0.161211
v 0.249010 0.655297 0.159290
v 0.244637 0.654619 0.156251
v 0.241353 0.653624 0.144361
v 0.238727 0.657554 0.147203
v 0.243198 0.648425 0.147146
v 0.242275 0.654112 0.150974
v 0.239914 0.658591 0.154123
v 0.230162 0.661869 0.157600
v 0.230162 0.664055 0.162985
v 0.234797 0.660180 0.150044
v 0.235541 0.660943 0.156266
v 0.236049 0.662971 0.162166
v 0.327072 0.671186 0.171279
v 0.339186 0.673216 0.158078
v 0.339186 0.648988 0.141953
v 0.327072 0.651017 0.157855
v 0.331708 0.670623 0.169796
v 0.335638 0.670811 0.166767
v 0.327072 0.666144 0.167923
v 0.331922 0.665743 0.166439
v 0.335638 0.665955 0.163535
v 0.335638 0.660752 0.160072
v 0.339186 0.667159 0.154046
v 0.339186 0.661102 0.150015
v 0.338264 0.671721 0.162652
v 0.338172 0.666358 0.159339
v 0.338173 0.660786 0.155630
v 0.338264 0.648425 0.147146
v 0.335638 0.648613 0.151992
v 0.339186 0.655045 0.145984
v 0.338172 0.654752 0.151614
v 0.335638 0.654856 0.156147
v 0.327072 0.656060 0.161211
v 0.327072 0.661102 0.164567
v 0.331708 0.649523 0.155753
v 0.331922 0.655152 0.159389
v 0.331921 0.660678 0.163068
v 0.242275 0.648988 0.074146
v 0.254389 0.651017 0.060945
v 0.254389 0.671186 0.074368
v 0.230162 0.671186 0.074368
v 0.230162 0.661102 0.079770
v 0.243198 0.650482 0.069571
v 0.245823 0.651393 0.065457
v 0.241353 0.653624 0.075436
v 0.242275 0.655038 0.071448
v 0.244637 0.656009 0.067990
v 0.242275 0.660991 0.070355
v 0.254389 0.656060 0.064301
v 0.254389 0.661102 0.067657
v 0.249753 0.651581 0.062427
v 0.249010 0.656224 0.065823
v 0.248502 0.661086 0.068748
v 0.248332 0.671186 0.074368
v 0.242275 0.671186 0.074368
v 0.254389 0.666144 0.071012
v 0.248332 0.666098 0.071581
v 0.242275 0.666217 0.072128
v 0.230162 0.667327 0.072722
v 0.230162 0.664055 0.073170
v 0.236219 0.671186 0.074368
v 0.236219 0.666663 0.072634
v 0.236049 0.662971 0.072267
v 0.234797 0.660180 0.078480
v 0.238727 0.657554 0.076958
v 0.230162 0.661869 0.075646
v 0.235541 0.660943 0.074632
v 0.239914 0.658823 0.073242
v 0.327072 0.651017 0.060945
v 0.339186 0.648988 0.074146
v 0.339186 0.673216 0.090271
v 0.327072 0.671186 0.074368
v 0.331708 0.651581 0.062427
v 0.335638 0.651393 0.065457
v 0.327072 0.656060 0.064301
v 0.331921 0.656460 0.065784
v 0.335638 0.656249 0.068689
v 0.335638 0.661452 0.072152
v 0.339186 0.655045 0.078177
v 0.339186 0.661102 0.082208
v 0.338264 0.650482 0.069571
v 0.338172 0.655846 0.072884
v 0.338173 0.661417 0.076593
v 0.338264 0.673779 0.085077
v 0.335638 0.673591 0.080231
v 0.339186 0.667159 0.086239
v 0.338173 0.667452 0.080609
v 0.335638 0.667348 0.076076
v 0.327072 0.666144 0.071012
v 0.327072 0.661102 0.067657
v 0.331708 0.672681 0.076471
v 0.331921 0.667052 0.072834
v 0.331921 0.661525 0.069155
v 0.012114 0.733982 0.200960
v 0.012114 0.723898 0.206362
v -0.012114 0.723898 0.206362
v -0.012114 0.733982 0.200960
v 0.012114 0.733215 0.205085
v 0.012114 0.731029 0.207560
v 0.006057 0.733982 0.200960
v 0.006057 0.733139 0.205249
v 0.006057 0.731029 0.207560
v 0.000000 0.731029 0.207560
v 0.006057 0.723898 0.206362
v 0.000000 0.723898 0.206362
v 0.012114 0.727757 0.208009
v 0.006057 0.727935 0.208036
v 0.000000 0.727935 0.208036
v -0.012114 0.727757 0.208009
v -0.012114 0.731029 0.207560
v -0.006057 0.723898 0.206362
v -0.006057 0.727935 0.208036
v -0.006057 0.731029 0.207560
v -0.006057 0.733982 0.200960
v 0.000000 0.733982 0.200960
v -0.012114 0.733215 0.205085
v -0.006057 0.733139 0.205249
v 0.000000 0.733139 0.205248
v 0.012114 0.733982 0.128278
v -0.012114 0.733982 0.128278
v -0.012114 0.723898 0.109452
v 0.012114 0.723898 0.109452
v 0.006057 0.733982 0.128278
v 0.000000 0.733982 0.128278
v 0.012114 0.733215 0.123131
v 0.006057 0.733139 0.122867
v 0.000000 0.733139 0.122867
v 0.000000 0.731029 0.117746
v -0.012114 0.733215 0.123131
v -0.012114 0.731029 0.117746
v -0.006057 0.733982 0.128278
v -0.006057 0.733139 0.122867
v -0.006057 0.731029 0.117746
v -0.006057 0.723898 0.109452
v 0.000000 0.723898 0.109452
v -0.012114 0.727757 0.112943
v -0.006057 0.727935 0.113152
v 0.000000 0.727935 0.113152
v 0.012114 0.727757 0.112943
v 0.012114 0.731029 0.117746
v 0.006057 0.723898 0.109452
v 0.006057 0.727935 0.113152
v 0.006057 0.731029 0.117746
v 0.012114 0.671186 0.171279
v 0.012114 0.661102 0.152453
v -0.012114 0.661102 0.152453
v -0.012114 0.671186 0.171279
v 0.012114 0.667327 0.167788
v 0.012114 0.664055 0.162985
v 0.006057 0.671186 0.171279
v 0.006057 0.667149 0.167578
v 0.006057 0.664055 0.162985
v 0.000000 0.664055 0.162985
v 0.006057 0.661102 0.152453
v 0.000000 0.661102 0.152453
v 0.012114 0.661869 0.157600
v 0.006057 0.661945 0.157864
v 0.000000 0.661945 0.157863
v -0.012114 0.661869 0.157600
v -0.012114 0.664055 0.162985
v -0.006057 0.661102 0.152453
v -0.006057 0.661945 0.157864
v -0.006057 0.664055 0.162985
v -0.006057 0.671186 0.171279
v 0.000000 0.671186 0.171279
v -0.012114 0.667327 0.167788
v -0.006057 0.667149 0.167578
v 0.000000 0.667149 0.167579
v 0.012114 0.671186 0.074368
v -0.012114 0.671186 0.074368
v -0.012114 0.661102 0.079770
v 0.012114 0.661102 0.079770
v 0.006057 0.671186 0.074368
v 0.000000 0.671186 0.074368
v 0.012114 0.667327 0.072722
v 0.006057 0.667149 0.072695
v 0.000000 0.667149 0.072695
v 0.000000 0.664055 0.073170
v -0.012114 0.667327 0.072722
v -0.012114 0.664055 0.073170
v -0.006057 0.671186 0.074368
v -0.006057 0.667149 0.072695
v -0.006057 0.664055 0.073170
v -0.006057 0.661102 0.079770
v 0.000000 0.661102 0.079770
v -0.012114 0.661869 0.075646
v -0.006057 0.661945 0.075482
v 0.000000 0.661945 0.075482
v 0.012114 0.661869 0.075646
v 0.012114 0.664055 0.073170
v 0.006057 0.661102 0.079770
v 0.006057 0.661945 0.075482
v 0.006057 0.664055 0.073170
vn -0.0000 -0.0000 1.0000
vn -0.0000 -0.3827 0.9239
vn -0.0000 -0.7071 0.7071
vn -0.0000 -0.9239 0.3827
vn -0.0000 -1.0000 -0.0000
vn -0.0000 -0.9239 -0.3827
vn -0.0000 -0.7071 -0.7071
vn -0.0000 -0.3827 -0.9239
vn -0.0000 -0.0000 -1.0000
vn -0.0000 0.3827 -0.9239
vn -0.0000 0.7071 -0.7071
vn -0.0000 0.9239 -0.3827
vn -0.0000 1.0000 -0.0000
vn -0.0000 0.9239 0.3827
vn -0.0000 0.7071 0.7071
vn -0.0000 0.3827 0.9239
vn -0.0000 0.9952 0.0980
vn 0.0980 0.9952 -0.0000
vn -0.0000 0.9952 -0.0980
vn -0.0000 0.0980 0.9952
vn -0.0981 -0.0981 0.9903
vn -0.0981 0.0981 0.9903
vn -0.0981 0.0981 -0.9903
vn -0.0000 -0.0980 -0.9952
vn -0.0000 0.0980 -0.9952
vn 0.1087 0.4788 -0.8712
vn -0.0768 0.6386 -0.7657
vn -0.1087 0.4788 -0.8712
vn 0.1458 -0.5884 -0.7953
vn -0.1079 -0.5917 -0.7989
vn -0.1261 -0.5990 -0.7908
vn 0.9903 -0.0981 -0.0981
vn 0.9903 0.0981 0.0981
vn 0.9903 0.0981 -0.0981
vn 0.9953 0.0499 -0.0825
vn 0.9950 -0.0562 0.0822
vn 0.9952 0.0543 -0.0816
vn -0.9945 -0.0496 -0.0927
vn -0.9950 -0.0562 0.0822
vn -0.9852 -0.1509 0.0809
vn 0.0970 0.0970 -0.9906
vn -0.0000 -0.0565 -0.9984
vn -0.0980 0.9952 -0.0000
vn -0.0000 -0.0980 0.9952
vn -0.0982 -0.9915 0.0852
vn 0.0982 -0.9909 -0.0919
vn -0.0982 -0.9909 -0.0919
vn 0.9952 0.0980 -0.0000
vn 0.9952 -0.0980 -0.0000
vn 0.9906 0.0970 0.0970
vn 1.0000 -0.0000 -0.0000
vn 0.9926 -0.0305 -0.1171
vn 0.9905 0.0970 -0.0970
vn 0.0970 0.9905 -0.0970
vn 0.0976 -0.0468 0.9941
vn 0.0970 0.0970 0.9905
vn -0.0000 -0.6141 0.7892
vn -0.0000 -0.4753 0.8798
vn -0.0000 0.4753 -0.8799
vn -0.0000 0.6141 -0.7892
vn -0.0106 -0.5453 0.8382
vn 0.1261 -0.5854 0.8009
vn 0.1000 -0.5502 0.8290
vn -0.0000 -0.9973 0.0740
vn -0.0000 -0.9958 -0.0919
vn 0.9955 0.0575 0.0752
vn 0.9947 -0.0746 -0.0709
vn 0.9951 -0.0637 -0.0751
vn -0.0679 -0.9915 0.1114
vn -0.0000 -0.9952 -0.0980
vn -0.1094 -0.9899 -0.0897
vn 0.1406 -0.9885 -0.0565
vn -0.1045 0.7234 0.6824
vn 0.1092 0.5945 0.7966
vn -0.1092 0.5946 0.7966
vn 0.1084 0.4803 -0.8704
vn -0.1021 0.5490 -0.8296
vn -0.1084 0.4803 -0.8704
vn -0.9947 -0.0746 -0.0709
vn -0.9952 -0.0405 0.0892
vn -0.9842 -0.1613 -0.0734
vn 0.9997 0.0217 -0.0088
vn -0.1000 -0.5502 0.8290
vn 0.0980 -0.5514 0.8285
vn -0.9947 0.0599 -0.0834
vn -0.9945 0.0453 0.0949
vn -0.9952 -0.0543 0.0816
vn -0.0766 0.9936 -0.0832
vn -0.0000 0.9958 0.0919
vn -0.1087 0.9905 0.0841
vn 0.9947 0.0599 -0.0834
vn -0.1109 -0.9899 0.0883
vn -0.0560 -0.9919 -0.1142
vn -0.1172 -0.5023 0.8567
vn 0.1326 -0.4923 0.8603
vn 0.0992 0.5502 -0.8291
vn -0.0000 0.4753 -0.8798
vn -0.0000 0.5541 -0.8325
vn 0.9950 0.0562 -0.0822
vn 0.9853 -0.1507 0.0807
vn 0.9955 -0.0452 -0.0832
vn -0.9997 0.0217 -0.0088
vn 0.0981 -0.0981 0.9903
vn 0.0981 0.0981 0.9903
vn 0.0981 0.0981 -0.9903
vn 0.9945 -0.0496 -0.0927
vn 0.9852 -0.1509 0.0809
vn 0.1079 -0.5917 -0.7989
vn -0.1458 -0.5884 -0.7953
vn 0.1261 -0.5990 -0.7908
vn 0.9952 -0.0405 0.0892
vn 0.9842 -0.1613 -0.0734
vn 0.0768 0.6386 -0.7657
vn -0.0970 0.0970 -0.9906
vn 0.0982 -0.9915 0.0852
vn -0.9952 0.0980 -0.0000
vn -0.9952 -0.0980 -0.0000
vn -1.0000 -0.0000 -0.0000
vn -0.9906 0.0970 0.0970
vn -0.9926 -0.0305 -0.1171
vn -0.9906 0.0970 -0.0970
vn -0.0970 0.9905 -0.0970
vn -0.0976 -0.0468 0.9941
vn -0.0970 0.0970 0.9905
vn -0.0000 -0.4753 0.8799
vn -0.9950 0.0562 -0.0822
vn -0.9853 -0.1507 0.0807
vn -0.9952 -0.0548 0.0817
vn 0.0106 -0.5453 0.8382
vn -0.9947 -0.0746 -0.0708
vn -0.9955 0.0575 0.0752
vn -0.9951 -0.0637 -0.0751
vn 0.1045 0.7234 0.6824
vn 0.1092 0.5946 0.7966
vn -0.1406 -0.9885 -0.0565
vn 0.0679 -0.9915 0.1114
vn 0.1094 -0.9899 -0.0897
vn 0.1021 0.5490 -0.8296
vn 0.1109 -0.9899 0.0883
vn 0.0560 -0.9919 -0.1142
vn -0.0980 -0.5514 0.8285
vn 0.9945 0.0453 0.0949
vn 0.9952 -0.0543 0.0816
vn 0.0766 0.9936 -0.0832
vn 0.1087 0.9905 0.0841
vn -0.9953 0.0499 -0.0825
vn -0.9951 -0.0533 0.0830
vn 0.1172 -0.5023 0.8567
vn -0.1326 -0.4923 0.8603
vn -0.1406 0.5006 -0.8542
vn -0.0992 0.5502 -0.8291
vn -0.9206 0.1137 -0.3736
vn -0.9195 0.3821 -0.0921
vn -0.9903 0.0981 -0.0981
vn -0.6996 0.1449 -0.6996
vn -0.8590 0.3956 -0.3251
vn -0.6094 0.7642 -0.2115
vn -0.6886 0.7225 -0.0623
vn -0.6284 0.4586 -0.6283
vn -0.0921 0.3821 -0.9195
vn -0.3736 0.1137 -0.9206
vn -0.2115 0.7642 -0.6094
vn -0.3251 0.3956 -0.8590
vn 0.0031 0.9941 -0.1086
vn -0.0036 0.9257 -0.3783
vn -0.0070 0.9960 -0.0896
vn -0.0410 0.9397 -0.3395
vn -0.0623 0.7225 -0.6886
vn -0.0806 0.9717 -0.2218
vn -0.0430 0.9989 -0.0207
vn -0.0207 0.9989 -0.0430
vn -0.2218 0.9717 -0.0806
vn -0.1062 0.9887 -0.1062
vn -0.2052 0.9570 -0.2052
vn -0.3783 0.9257 -0.0036
vn -0.1086 0.9941 0.0031
vn -0.3395 0.9397 -0.0410
vn -0.0896 0.9960 -0.0070
vn -0.9195 0.3821 0.0921
vn -0.9206 0.1137 0.3736
vn -0.9903 0.0981 0.0981
vn -0.6094 0.7642 0.2115
vn -0.8590 0.3956 0.3251
vn -0.6996 0.1449 0.6996
vn -0.6283 0.4586 0.6284
vn -0.1086 0.9941 -0.0031
vn -0.3783 0.9257 0.0036
vn -0.0896 0.9960 0.0070
vn -0.3395 0.9397 0.0410
vn -0.6886 0.7225 0.0623
vn -0.2218 0.9717 0.0806
vn -0.0207 0.9989 0.0430
vn -0.0430 0.9989 0.0207
vn -0.0806 0.9717 0.2218
vn -0.1062 0.9887 0.1062
vn -0.2052 0.9570 0.2052
vn -0.0036 0.9257 0.3783
vn 0.0031 0.9941 0.1086
vn -0.0623 0.7225 0.6886
vn -0.0410 0.9397 0.3395
vn -0.0070 0.9960 0.0896
vn -0.2115 0.7642 0.6094
vn -0.3736 0.1137 0.9206
vn -0.0921 0.3821 0.9195
vn -0.3251 0.3956 0.8590
vn 0.9244 0.3815 -0.0009
vn 0.9948 0.1018 0.0011
vn 0.7071 0.7071 -0.0022
vn 0.9196 0.3928 0.0011
vn 0.9202 0.3915 -0.0000
vn 0.9947 0.1028 -0.0000
vn 0.7071 0.7071 -0.0000
vn 0.1018 0.9948 0.0011
vn 0.3815 0.9244 -0.0009
vn 0.3915 0.9202 -0.0000
vn 0.3928 0.9196 0.0011
vn 0.3815 0.9244 0.0009
vn 0.1018 0.9948 -0.0011
vn 0.7071 0.7071 0.0022
vn 0.3928 0.9196 -0.0011
vn 0.1028 0.9947 -0.0000
vn 0.9948 0.1018 -0.0011
vn 0.9244 0.3815 0.0009
vn 0.9196 0.3928 -0.0011
vn -0.0011 0.1018 -0.9948
vn 0.0009 0.3815 -0.9244
vn -0.0000 0.3915 -0.9202
vn -0.0011 0.3928 -0.9196
vn 0.0022 0.7071 -0.7071
vn -0.0009 0.3815 -0.9244
vn 0.0011 0.1018 -0.9948
vn -0.0022 0.7071 -0.7071
vn 0.0011 0.3928 -0.9196
vn -0.0000 0.1028 -0.9947
vn 0.0011 0.9948 -0.1018
vn -0.0009 0.9244 -0.3815
vn -0.0000 0.9202 -0.3915
vn 0.0011 0.9196 -0.3928
vn 0.0009 0.9244 -0.3815
vn -0.0011 0.9948 -0.1018
vn -0.0011 0.9196 -0.3928
vn -0.0000 0.9947 -0.1028
vn 0.0972 0.3783 -0.9206
vn 0.3783 0.0972 -0.9206
vn 0.0919 0.7041 -0.7041
vn 0.3703 0.3703 -0.8519
vn 0.7041 0.0919 -0.7041
vn 0.5773 0.5774 -0.5773
vn 0.6683 0.3266 -0.6683
vn 0.3783 0.9206 -0.0972
vn 0.0972 0.9206 -0.3783
vn 0.7041 0.7041 -0.0919
vn 0.3703 0.8519 -0.3703
vn 0.3266 0.6683 -0.6683
vn 0.9206 0.0972 -0.3783
vn 0.9206 0.3783 -0.0972
vn 0.8519 0.3703 -0.3703
vn 0.6683 0.6683 -0.3266
vn 0.0009 0.3815 0.9244
vn -0.0011 0.1018 0.9948
vn 0.0022 0.7071 0.7071
vn -0.0011 0.3928 0.9196
vn -0.0000 0.3915 0.9202
vn -0.0000 0.1028 0.9947
vn -0.0011 0.9948 0.1018
vn 0.0009 0.9244 0.3815
vn -0.0000 0.9202 0.3915
vn -0.0011 0.9196 0.3928
vn -0.0009 0.9244 0.3815
vn 0.0011 0.9948 0.1018
vn -0.0022 0.7071 0.7071
vn 0.0011 0.9196 0.3928
vn -0.0000 0.9947 0.1028
vn 0.0011 0.1018 0.9948
vn -0.0009 0.3815 0.9244
vn 0.0011 0.3928 0.9196
vn 0.3783 0.0972 0.9206
vn 0.0972 0.3783 0.9206
vn 0.7041 0.0919 0.7041
vn 0.3703 0.3703 0.8519
vn 0.0919 0.7041 0.7041
vn 0.5774 0.5774 0.5773
vn 0.3266 0.6683 0.6683
vn 0.9206 0.3783 0.0972
vn 0.9206 0.0972 0.3783
vn 0.7041 0.7041 0.0919
vn 0.8519 0.3703 0.3703
vn 0.6683 0.3266 0.6683
vn 0.0972 0.9206 0.3783
vn 0.3783 0.9206 0.0972
vn 0.0970 0.9905 0.0970
vn 0.3703 0.8519 0.3703
vn 0.6683 0.6683 0.3266
vn -0.9203 -0.3762 -0.1074
vn -0.9196 -0.0987 -0.3803
vn -0.9903 -0.0981 -0.0981
vn -0.7006 -0.7014 -0.1312
vn -0.8594 -0.3509 -0.3719
vn -0.7011 -0.1101 -0.7045
vn -0.6558 -0.6374 -0.4046
vn -0.6643 -0.3432 -0.6640
vn -0.1040 -0.8949 -0.4340
vn -0.3752 -0.9212 -0.1029
vn -0.1221 -0.7630 -0.6348
vn -0.3694 -0.8437 -0.3895
vn -0.3872 -0.7754 -0.4989
vn -0.3985 0.3972 -0.8267
vn -0.1267 0.1379 -0.9823
vn -0.7249 0.2043 -0.6579
vn -0.4086 0.0308 -0.9122
vn -0.1412 -0.1328 -0.9810
vn -0.6791 -0.1475 -0.7190
vn -0.4005 -0.1479 -0.9043
vn -0.9354 -0.3226 -0.1447
vn -0.9378 0.0408 -0.3446
vn -0.6874 -0.5820 -0.4345
vn -0.8824 -0.2480 -0.3999
vn -0.6218 -0.4773 -0.6209
vn -0.1359 -0.9191 -0.3699
vn -0.4028 -0.9085 -0.1107
vn -0.1553 -0.6940 -0.7030
vn -0.4221 -0.8173 -0.3922
vn -0.7223 -0.6727 -0.1603
vn -0.4295 -0.5985 -0.6763
vn -0.3813 -0.0913 -0.9199
vn -0.1181 -0.3730 -0.9203
vn -0.0981 -0.0981 -0.9903
vn -0.3934 -0.3251 -0.8600
vn -0.9195 -0.0977 0.3809
vn -0.9202 -0.3763 0.1075
vn -0.9903 -0.0981 0.0981
vn -0.7010 -0.1073 0.7050
vn -0.8597 -0.3491 0.3728
vn -0.6999 -0.7022 0.1301
vn -0.6660 -0.3366 0.6657
vn -0.6547 -0.6382 0.4051
vn -0.1201 -0.3725 0.9202
vn -0.3820 -0.0889 0.9199
vn -0.1599 -0.6927 0.7033
vn -0.3983 -0.3183 0.8603
vn -0.4361 -0.5886 0.6806
vn -0.4074 -0.9063 0.1125
vn -0.1406 -0.9187 0.3690
vn -0.7281 -0.6649 0.1670
vn -0.4315 -0.8089 0.3993
vn -0.6920 -0.5658 0.4484
vn -0.9411 0.0685 0.3311
vn -0.9380 -0.3114 0.1521
vn -0.6824 -0.1006 0.7241
vn -0.8824 -0.2281 0.4115
vn -0.6281 -0.4594 0.6280
vn -0.1295 0.2679 0.9547
vn -0.4012 0.5000 0.7675
vn -0.1437 -0.0163 0.9895
vn -0.4167 0.1242 0.9005
vn -0.7317 0.2704 0.6256
vn -0.4049 -0.0706 0.9116
vn -0.3746 -0.9220 0.0979
vn -0.1036 -0.8959 0.4321
vn -0.3688 -0.8469 0.3831
vn -0.1203 -0.7586 0.6403
vn -0.3853 -0.7783 0.4958
vn 0.9949 -0.1011 -0.0048
vn 0.9255 -0.3787 -0.0026
vn 0.9723 -0.2027 -0.1166
vn 0.9367 -0.3465 -0.0512
vn 0.7204 -0.6910 -0.0598
vn 0.7632 -0.6040 -0.2295
vn 0.9995 -0.0067 -0.0317
vn 0.9995 -0.0291 -0.0112
vn 0.9975 0.0069 -0.0697
vn 0.9941 -0.0662 -0.0855
vn 0.9975 -0.0699 -0.0110
vn 0.9735 -0.0506 -0.2228
vn 0.9474 0.0854 -0.3085
vn 0.9955 0.0290 -0.0906
vn 0.9400 0.1567 -0.3031
vn 0.7717 0.0308 -0.6353
vn 0.1323 0.1410 -0.9811
vn 0.4045 0.4103 -0.8173
vn 0.1543 -0.1297 -0.9795
vn 0.4328 0.0722 -0.8986
vn 0.7310 0.2651 -0.6287
vn 0.4519 -0.1058 -0.8858
vn 0.3844 -0.9193 -0.0844
vn 0.1113 -0.8952 -0.4316
vn 0.4022 -0.8463 -0.3493
vn 0.1369 -0.7652 -0.6290
vn 0.4471 -0.7727 -0.4506
vn 0.9254 -0.3789 0.0021
vn 0.9949 -0.1012 0.0048
vn 0.7198 -0.6918 0.0580
vn 0.9364 -0.3471 0.0511
vn 0.9724 -0.2009 0.1188
vn 0.9975 -0.0693 0.0113
vn 0.7613 -0.6065 0.2292
vn 0.1107 -0.8961 0.4298
vn 0.3840 -0.9200 0.0788
vn 0.1344 -0.7612 0.6345
vn 0.4013 -0.8500 0.3414
vn 0.4430 -0.7767 0.4477
vn 0.4070 0.5118 0.7565
vn 0.1345 0.2707 0.9532
vn 0.7365 0.3321 0.5893
vn 0.4389 0.1674 0.8828
vn 0.1557 -0.0141 0.9877
vn 0.7566 0.0550 0.6515
vn 0.4529 -0.0304 0.8911
vn 0.9571 0.0758 0.2795
vn 0.9420 0.1868 0.2787
vn 0.9957 0.0347 0.0855
vn 0.9789 -0.0273 0.2025
vn 0.9422 -0.1597 0.2946
vn 0.9995 -0.0281 0.0112
vn 0.9995 -0.0058 0.0316
vn 0.9942 -0.0637 0.0865
vn 0.9976 0.0096 0.0684
vn -0.3225 -0.5576 -0.7649
vn -0.1270 -0.5029 -0.8550
vn -0.3673 -0.5925 -0.7170
vn -0.5824 -0.6011 -0.5473
vn -0.1904 -0.4427 -0.8762
vn -0.0813 -0.3564 -0.9308
vn -0.2749 -0.6477 -0.7106
vn -0.9024 -0.4247 -0.0723
vn -0.9035 -0.3186 -0.2866
vn -0.6544 -0.7489 -0.1041
vn -0.7937 -0.5328 -0.2934
vn -0.6820 -0.5061 -0.5280
vn -0.5204 -0.7872 -0.3309
vn -0.1655 -0.9334 -0.3184
vn -0.2919 -0.9505 -0.1060
vn -0.0214 -0.9223 -0.3860
vn -0.0666 -0.7245 -0.6860
vn 0.0134 -0.1441 -0.9895
vn 0.0230 -0.3877 -0.9215
vn -0.0079 -0.1481 -0.9889
vn 0.0276 -0.4354 -0.8998
vn 0.0009 -0.6953 -0.7187
vn -0.0628 -0.3930 -0.9174
vn -0.0434 -0.2119 -0.9763
vn -0.0165 -0.1094 -0.9939
vn -0.0910 -0.2991 -0.9499
vn 0.4496 -0.4592 -0.7661
vn 0.4076 -0.5497 -0.7292
vn 0.1793 -0.4908 -0.8526
vn 0.4360 -0.3491 -0.8295
vn 0.7401 -0.3635 -0.5658
vn 0.7275 -0.4243 -0.5392
vn 0.7243 -0.2978 -0.6219
vn 0.3917 -0.0940 -0.9153
vn 0.1495 -0.2108 -0.9660
vn 0.0975 -0.0561 -0.9937
vn 0.6957 -0.0827 -0.7136
vn 0.4285 -0.2394 -0.8713
vn 0.1648 -0.3440 -0.9244
vn 0.7088 -0.2018 -0.6759
vn 0.9226 -0.1450 -0.3574
vn 0.9216 -0.0711 -0.3815
vn 0.9883 -0.0519 -0.1432
vn 0.9252 -0.1797 -0.3343
vn 0.9244 -0.2352 -0.3004
vn 0.9919 -0.0660 -0.1086
vn 0.9254 -0.2074 -0.3173
vn 0.9900 -0.0725 -0.1206
vn -0.3149 -0.4694 0.8249
vn -0.3650 -0.4974 0.7870
vn -0.1192 -0.4190 0.9001
vn -0.1841 -0.3733 0.9093
vn -0.5940 -0.5366 0.5993
vn -0.6856 -0.4356 0.5833
vn -0.2038 -0.4639 0.8621
vn -0.0226 -0.1019 0.9945
vn -0.0399 -0.1768 0.9834
vn -0.0000 -0.0471 0.9989
vn -0.0638 -0.3451 0.9364
vn -0.0928 -0.2480 0.9643
vn -0.0759 -0.2955 0.9523
vn 0.0167 -0.3855 0.9226
vn 0.0110 -0.1358 0.9907
vn -0.0147 -0.6936 0.7202
vn 0.0117 -0.4129 0.9107
vn -0.0017 -0.1407 0.9901
vn -0.0996 -0.7004 0.7068
vn -0.1996 -0.9198 0.3378
vn -0.0394 -0.9220 0.3852
vn -0.3099 -0.9442 0.1117
vn -0.5491 -0.7540 0.3606
vn -0.4427 -0.7624 0.4719
vn -0.9065 -0.2792 0.3167
vn -0.9060 -0.4158 0.0799
vn -0.8096 -0.4926 0.3193
vn -0.6655 -0.7376 0.1142
vn 0.4287 -0.3751 0.8219
vn 0.1673 -0.4083 0.8974
vn 0.3974 -0.4552 0.7968
vn 0.7309 -0.2975 0.6142
vn 0.4177 -0.2830 0.8634
vn 0.1553 -0.2838 0.9462
vn 0.5225 -0.2913 0.8013
vn 0.9916 -0.0517 0.1183
vn 0.9236 -0.1926 0.3315
vn 0.9951 -0.0533 0.0830
vn 0.9900 -0.0565 0.1294
vn 0.9234 -0.1656 0.3463
vn 0.7229 -0.3534 0.5937
vn 0.9238 -0.1414 0.3557
vn 0.9931 -0.0238 0.1145
vn 0.9228 -0.1147 0.3679
vn 0.9887 -0.0370 0.1453
vn 0.9231 -0.0586 0.3800
vn 0.7051 -0.1583 0.6912
vn 0.8766 -0.1633 0.4527
vn 0.1441 -0.1757 0.9738
vn 0.3907 -0.0796 0.9171
vn 0.4176 -0.1960 0.8872
vn 0.6969 -0.0656 0.7141
vn -0.0015 0.3922 -0.9199
vn -0.0011 0.4716 -0.8818
vn -0.0013 -0.1373 -0.9905
vn 0.0013 -0.1495 -0.9888
vn -0.0001 -0.1358 -0.9907
vn -0.0000 0.3830 -0.9237
vn -0.0000 0.4708 -0.8823
vn -0.0000 -0.1520 -0.9884
vn -0.0011 -0.9954 -0.0960
vn -0.0015 -0.9831 -0.1832
vn -0.0000 -0.9812 -0.1930
vn -0.0035 -0.9812 -0.1930
vn 0.0013 -0.7403 -0.6723
vn -0.0013 -0.7485 -0.6631
vn -0.0001 -0.7495 -0.6620
vn -0.0000 -0.7386 -0.6742
vn -0.0000 -0.7385 -0.6742
vn 0.0014 -0.9827 -0.1850
vn 0.0011 -0.9954 -0.0960
vn -0.0030 -0.7479 -0.6639
vn -0.0013 -0.7403 -0.6723
vn -0.0042 -0.7495 -0.6620
vn -0.0000 -0.9953 -0.0969
vn 0.0011 0.4716 -0.8818
vn 0.0014 0.3905 -0.9206
vn 0.0035 0.3830 -0.9237
vn -0.0013 -0.1495 -0.9888
vn -0.0030 -0.1383 -0.9904
vn -0.0042 -0.1358 -0.9907
vn -0.0000 -0.1521 -0.9884
vn 0.1406 0.5006 -0.8542
vn 0.5140 0.1599 -0.8428
vn 0.1401 0.4664 -0.8734
vn 0.4374 0.4493 -0.7789
vn 0.7886 0.0709 -0.6108
vn 0.1960 -0.0746 -0.9778
vn 0.5112 -0.0875 -0.8550
vn 0.1829 -0.0709 -0.9806
vn 0.7661 -0.3035 -0.5666
vn 0.9389 -0.3347 -0.0807
vn 0.9393 0.1162 -0.3230
vn 0.7350 -0.6754 -0.0593
vn 0.9302 -0.1733 -0.3235
vn 0.7357 0.3228 -0.5954
vn 0.7886 -0.5477 -0.2794
vn 0.5140 -0.7902 -0.3338
vn 0.4377 -0.8973 -0.0567
vn 0.1960 -0.7726 -0.6038
vn 0.5112 -0.6632 -0.5466
vn -0.0008 -0.6161 0.7876
vn -0.0008 -0.7529 0.6582
vn -0.0000 -0.7578 0.6524
vn -0.0008 -0.7585 0.6516
vn -0.0012 -0.8815 0.4722
vn -0.0000 -0.8815 0.4722
vn -0.0005 -0.7534 0.6576
vn 0.0008 -0.6161 0.7876
vn -0.0013 -0.8815 0.4722
vn 0.0008 -0.7585 0.6516
vn -0.0000 -0.6167 0.7872
vn 0.0008 -0.9971 0.0765
vn -0.0005 -0.9649 0.2628
vn -0.0000 -0.9630 0.2694
vn 0.0008 -0.9627 0.2704
vn -0.0008 -0.9651 0.2621
vn -0.0008 -0.9971 0.0765
vn -0.0008 -0.9627 0.2704
vn -0.0000 -0.9970 0.0772
vn 0.1232 -0.7183 0.6848
vn 0.4141 -0.5412 0.7319
vn 0.1162 -0.8755 0.4690
vn 0.3965 -0.6723 0.6252
vn 0.7011 -0.4349 0.5651
vn 0.5594 -0.7307 0.3914
vn 0.6509 -0.5724 0.4986
vn 0.4147 -0.9090 0.0421
vn 0.1232 -0.9680 0.2185
vn 0.1270 -0.9910 0.0424
vn 0.7013 -0.7113 0.0467
vn 0.3965 -0.8929 0.2133
vn 0.3518 -0.8251 0.4420
vn 0.8250 -0.4982 0.2669
vn 0.9086 -0.4123 0.0672
vn 0.9086 -0.2847 0.3055
vn 0.6509 -0.7323 0.2003
vn -0.9246 0.2117 -0.3167
vn -0.9943 0.0560 -0.0906
vn -0.9952 0.0543 -0.0816
vn -0.7062 0.4269 -0.5648
vn -0.9325 0.2308 -0.2779
vn -0.9954 0.0594 -0.0753
vn -0.8970 0.3273 -0.2972
vn -0.9640 0.2009 -0.1743
vn -0.2963 0.7381 -0.6061
vn -0.3394 0.5862 -0.7357
vn -0.0794 0.8424 -0.5329
vn -0.3483 0.8320 -0.4318
vn -0.4472 0.6534 -0.6108
vn -0.4744 0.7320 -0.4889
vn -0.3904 0.6958 0.6029
vn -0.0985 0.9087 0.4055
vn -0.7315 0.5275 0.4320
vn -0.3633 0.8798 0.3066
vn -0.1108 0.9922 -0.0579
vn -0.7593 0.6248 0.1818
vn -0.3578 0.9247 0.1298
vn -0.9953 0.0758 0.0596
vn -0.9313 0.2631 0.2520
vn -0.9956 0.0659 0.0671
vn -0.9968 0.0740 0.0312
vn -0.9455 0.2851 0.1574
vn -0.9734 0.2281 0.0225
vn -0.9881 0.1394 -0.0645
vn -0.9987 0.0498 0.0048
vn -0.9980 0.0435 -0.0464
vn -0.9518 0.2885 -0.1040
vn -0.9198 -0.2170 0.3268
vn -0.9243 -0.2121 0.3174
vn -0.9947 -0.0569 0.0856
vn -0.9202 -0.2169 0.3259
vn -0.7084 -0.3900 0.5883
vn -0.7083 -0.3901 0.5884
vn -0.7071 -0.3918 0.5886
vn -0.9241 -0.2119 0.3181
vn -0.9949 -0.0548 0.0847
vn -0.7058 -0.3936 0.5890
vn -0.9200 -0.2170 0.3265
vn -0.9947 -0.0570 0.0856
vn -0.3923 -0.5099 0.7656
vn -0.3820 -0.5117 0.7696
vn -0.1028 -0.5511 0.8281
vn -0.3915 -0.5098 0.7660
vn -0.3818 -0.5117 0.7696
vn -0.1013 -0.5523 0.8275
vn -0.3925 -0.5101 0.7653
vn 0.1013 -0.5523 0.8275
vn 0.3818 -0.5117 0.7696
vn 0.1028 -0.5511 0.8281
vn 0.3925 -0.5101 0.7653
vn 0.7083 -0.3901 0.5884
vn 0.3915 -0.5098 0.7660
vn 0.7084 -0.3900 0.5883
vn 0.3923 -0.5100 0.7656
vn 0.3820 -0.5117 0.7696
vn 0.7058 -0.3936 0.5890
vn 0.7071 -0.3918 0.5886
vn 0.9949 -0.0548 0.0847
vn 0.9241 -0.2119 0.3181
vn 0.9947 -0.0570 0.0856
vn 0.9200 -0.2170 0.3265
vn 0.7058 -0.3936 0.5891
vn 0.9202 -0.2169 0.3259
vn 0.9199 -0.2170 0.3268
vn 0.9947 -0.0569 0.0856
vn 0.9243 -0.2121 0.3174
vn 0.2963 0.7381 -0.6061
vn 0.0794 0.8424 -0.5329
vn 0.3394 0.5862 -0.7357
vn 0.4472 0.6534 -0.6108
vn 0.3483 0.8320 -0.4318
vn 0.1108 0.9922 -0.0579
vn 0.4744 0.7320 -0.4889
vn 0.9943 0.0560 -0.0906
vn 0.9246 0.2117 -0.3167
vn 0.9954 0.0594 -0.0753
vn 0.9325 0.2308 -0.2779
vn 0.7062 0.4269 -0.5648
vn 0.9640 0.2009 -0.1743
vn 0.8970 0.3273 -0.2972
vn 0.9881 0.1393 -0.0645
vn 0.9980 0.0435 -0.0464
vn 0.9987 0.0498 0.0048
vn 0.9734 0.2281 0.0225
vn 0.9518 0.2885 -0.1040
vn 0.9313 0.2631 0.2519
vn 0.9953 0.0758 0.0596
vn 0.9956 0.0659 0.0671
vn 0.7315 0.5275 0.4320
vn 0.9455 0.2851 0.1574
vn 0.9968 0.0740 0.0312
vn 0.7593 0.6248 0.1818
vn 0.0985 0.9087 0.4055
vn 0.3904 0.6958 0.6029
vn 0.3633 0.8798 0.3066
vn 0.3578 0.9247 0.1298
vn -0.9234 -0.2764 -0.2664
vn -0.9945 -0.0864 -0.0589
vn -0.7210 -0.4529 -0.5245
vn -0.9408 -0.2508 -0.2280
vn -0.9784 -0.1246 -0.1650
vn -0.9978 -0.0595 -0.0305
vn -0.7791 -0.3514 -0.5192
vn -0.4380 -0.4360 -0.7862
vn -0.3797 -0.5816 -0.7194
vn -0.1601 -0.3781 -0.9118
vn -0.5158 -0.0859 -0.8524
vn -0.6291 -0.1475 -0.7632
vn -0.4066 0.4360 -0.8029
vn -0.1461 0.2574 -0.9552
vn -0.7243 0.3150 -0.6133
vn -0.4622 0.2148 -0.8603
vn -0.1930 -0.0525 -0.9798
vn -0.7737 0.1465 -0.6164
vn -0.9585 0.1095 -0.2632
vn -0.9350 0.1825 -0.3040
vn -0.9950 0.0480 -0.0875
vn -0.9839 0.0244 -0.1770
vn -0.9572 -0.0358 -0.2871
vn -0.9996 -0.0215 -0.0171
vn -0.9997 0.0023 -0.0258
vn -0.9962 -0.0317 -0.0816
vn -0.9979 0.0261 -0.0597
vn 0.9945 -0.0863 -0.0589
vn 0.9234 -0.2764 -0.2664
vn 0.9784 -0.1246 -0.1650
vn 0.9408 -0.2508 -0.2280
vn 0.7210 -0.4529 -0.5245
vn 0.7791 -0.3514 -0.5192
vn 0.9997 0.0023 -0.0258
vn 0.9996 -0.0215 -0.0171
vn 0.9979 0.0261 -0.0597
vn 0.9962 -0.0317 -0.0816
vn 0.9978 -0.0595 -0.0305
vn 0.9839 0.0244 -0.1770
vn 0.9585 0.1095 -0.2632
vn 0.9950 0.0480 -0.0875
vn 0.9350 0.1825 -0.3040
vn 0.7737 0.1465 -0.6164
vn 0.9572 -0.0358 -0.2871
vn 0.1461 0.2574 -0.9552
vn 0.4066 0.4360 -0.8029
vn 0.1930 -0.0525 -0.9798
vn 0.4622 0.2148 -0.8603
vn 0.7243 0.3150 -0.6133
vn 0.5158 -0.0859 -0.8524
vn 0.4380 -0.4360 -0.7862
vn 0.1601 -0.3781 -0.9118
vn 0.3797 -0.5816 -0.7194
vn 0.6291 -0.1475 -0.7632
vn -0.9199 -0.2170 0.3268
vn 0.9198 -0.2170 0.3268
vn -0.0009 0.7519 -0.6593
vn 0.0028 0.6212 -0.7836
vn -0.0369 0.8737 -0.4851
vn -0.0237 0.7462 -0.6653
vn -0.0120 0.6065 -0.7950
vn -0.1354 0.8545 -0.5015
vn -0.0857 0.6843 -0.7241
vn -0.2249 0.9401 -0.2562
vn -0.0570 0.9622 -0.2663
vn -0.3210 0.9429 -0.0882
vn -0.5608 0.7690 -0.3066
vn -0.3061 0.7395 -0.5996
vn -0.9065 0.2840 -0.3126
vn -0.9062 0.4161 -0.0752
vn -0.9852 0.1509 -0.0809
vn -0.6805 0.4550 -0.5743
vn -0.8091 0.5056 -0.2997
vn -0.6700 0.7357 -0.0990
vn -0.5837 0.5905 -0.5573
vn -0.2835 0.5765 -0.7664
vn -0.3497 0.5355 -0.7688
vn -0.0966 0.5584 -0.8239
vn -0.1757 0.6064 -0.7755
vn -0.0097 0.5779 -0.8160
vn -0.0301 0.5625 -0.8263
vn -0.0713 0.6099 -0.7893
vn -0.0663 0.5608 -0.8253
vn 0.1013 0.5523 -0.8275
vn 0.3827 0.5093 -0.7708
vn 0.1028 0.5511 -0.8281
vn 0.3925 0.5101 -0.7653
vn 0.7084 0.3883 -0.5894
vn 0.3915 0.5098 -0.7660
vn 0.7084 0.3900 -0.5883
vn 0.1000 0.5502 -0.8290
vn 0.3923 0.5100 -0.7656
vn 0.3820 0.5117 -0.7696
vn 0.7058 0.3936 -0.5890
vn 0.7071 0.3918 -0.5886
vn 0.9949 0.0548 -0.0847
vn 0.9241 0.2119 -0.3181
vn 0.9947 0.0570 -0.0856
vn 0.9200 0.2170 -0.3265
vn 0.9202 0.2169 -0.3259
vn 0.9199 0.2170 -0.3268
vn 0.9947 0.0569 -0.0856
vn 0.9242 0.2117 -0.3179
vn -0.8777 0.1368 0.4594
vn -0.9317 -0.0894 0.3522
vn -0.9369 0.3069 0.1675
vn -0.6557 0.4777 0.5847
vn -0.8300 0.0028 0.5577
vn -0.6985 -0.3296 0.6352
vn -0.7602 0.1174 0.6390
vn -0.1251 0.8926 0.4331
vn -0.3986 0.9094 0.1185
vn -0.1215 0.7414 0.6600
vn -0.4026 0.7757 0.4859
vn -0.7211 0.6633 0.2003
vn -0.3598 0.6472 0.6721
vn 0.0040 -0.4620 0.8869
vn -0.0040 -0.1382 0.9904
vn -0.0000 -0.4752 0.8799
vn -0.0066 -0.4787 0.8779
vn -0.0447 -0.2198 0.9745
vn -0.0338 0.0937 0.9950
vn -0.0788 -0.3557 0.9313
vn -0.1280 -0.1571 0.9792
vn -0.0905 -0.4729 0.8764
vn -0.0093 -0.5100 0.8601
vn -0.0510 -0.5455 0.8366
vn -0.2117 -0.4654 0.8594
vn -0.1867 -0.3513 0.9174
vn -0.3790 -0.5091 0.7728
vn -0.1047 -0.5531 0.8265
vn -0.3367 -0.4741 0.8135
vn -0.0859 -0.5453 0.8338
vn -0.3661 -0.3681 0.8547
vn 0.3926 -0.5101 0.7653
vn 0.3823 -0.5122 0.7691
vn 0.9236 -0.2138 0.3183
vn 0.9952 -0.0548 0.0817
vn 0.7049 -0.3958 0.5886
vn 0.9195 0.3821 -0.0921
vn 0.9206 0.1137 -0.3736
vn 0.6094 0.7642 -0.2115
vn 0.8590 0.3956 -0.3251
vn 0.6996 0.1449 -0.6996
vn 0.6284 0.4586 -0.6283
vn 0.1086 0.9941 0.0031
vn 0.3783 0.9257 -0.0036
vn 0.0896 0.9960 -0.0070
vn 0.3395 0.9397 -0.0410
vn 0.6886 0.7225 -0.0623
vn 0.2218 0.9717 -0.0806
vn 0.0207 0.9989 -0.0430
vn 0.0430 0.9989 -0.0207
vn 0.0806 0.9717 -0.2218
vn 0.1062 0.9887 -0.1062
vn 0.2052 0.9570 -0.2052
vn 0.0036 0.9257 -0.3783
vn -0.0031 0.9941 -0.1086
vn 0.0623 0.7225 -0.6886
vn 0.0410 0.9397 -0.3395
vn 0.0070 0.9960 -0.0896
vn 0.2115 0.7642 -0.6094
vn 0.3736 0.1137 -0.9206
vn 0.0921 0.3821 -0.9195
vn 0.3251 0.3956 -0.8590
vn 0.9206 0.1137 0.3736
vn 0.9195 0.3821 0.0921
vn 0.6996 0.1449 0.6996
vn 0.8590 0.3956 0.3251
vn 0.6094 0.7642 0.2115
vn 0.6886 0.7225 0.0623
vn 0.6284 0.4586 0.6283
vn 0.0921 0.3821 0.9195
vn 0.3736 0.1137 0.9206
vn 0.2115 0.7642 0.6094
vn 0.3251 0.3956 0.8590
vn -0.0031 0.9941 0.1086
vn 0.0036 0.9257 0.3783
vn 0.0070 0.9960 0.0896
vn 0.0410 0.9397 0.3395
vn 0.0623 0.7225 0.6886
vn 0.0806 0.9717 0.2218
vn 0.0430 0.9989 0.0207
vn 0.0207 0.9989 0.0430
vn 0.2218 0.9717 0.0806
vn 0.1062 0.9887 0.1062
vn 0.2052 0.9570 0.2052
vn 0.3783 0.9257 0.0036
vn 0.1086 0.9941 -0.0031
vn 0.3395 0.9397 0.0410
vn 0.0896 0.9960 0.0070
vn -0.9948 0.1018 0.0011
vn -0.9244 0.3815 -0.0009
vn -0.9202 0.3915 -0.0000
vn -0.9196 0.3928 0.0011
vn -0.7071 0.7071 -0.0022
vn -0.7071 0.7071 -0.0000
vn -0.9244 0.3815 0.0009
vn -0.9948 0.1018 -0.0011
vn -0.7071 0.7071 0.0022
vn -0.9196 0.3928 -0.0011
vn -0.9947 0.1028 -0.0000
vn -0.1018 0.9948 -0.0011
vn -0.3815 0.9244 0.0009
vn -0.3915 0.9202 -0.0000
vn -0.3928 0.9196 -0.0011
vn -0.3815 0.9244 -0.0009
vn -0.1018 0.9948 0.0011
vn -0.3928 0.9196 0.0011
vn -0.1028 0.9947 -0.0000
vn -0.3783 0.0972 -0.9206
vn -0.0972 0.3783 -0.9206
vn -0.7041 0.0919 -0.7041
vn -0.3703 0.3703 -0.8519
vn -0.0919 0.7041 -0.7041
vn -0.5773 0.5774 -0.5773
vn -0.3266 0.6683 -0.6683
vn -0.9206 0.3783 -0.0972
vn -0.9206 0.0972 -0.3783
vn -0.7041 0.7041 -0.0919
vn -0.8519 0.3703 -0.3703
vn -0.6683 0.3266 -0.6683
vn -0.0972 0.9206 -0.3783
vn -0.3783 0.9206 -0.0972
vn -0.3703 0.8519 -0.3703
vn -0.6683 0.6683 -0.3266
vn -0.0972 0.3783 0.9206
vn -0.3783 0.0972 0.9206
vn -0.0919 0.7041 0.7041
vn -0.3703 0.3703 0.8519
vn -0.7041 0.0919 0.7041
vn -0.5774 0.5774 0.5773
vn -0.6683 0.3266 0.6683
vn -0.3783 0.9206 0.0972
vn -0.0972 0.9206 0.3783
vn -0.0970 0.9905 0.0970
vn -0.7041 0.7041 0.0919
vn -0.3703 0.8519 0.3703
vn -0.3266 0.6683 0.6683
vn -0.9206 0.0972 0.3783
vn -0.9206 0.3783 0.0972
vn -0.8519 0.3703 0.3703
vn -0.6683 0.6683 0.3266
vn 0.9196 -0.0987 -0.3803
vn 0.9203 -0.3763 -0.1074
vn 0.7011 -0.1101 -0.7045
vn 0.8594 -0.3509 -0.3719
vn 0.7006 -0.7014 -0.1311
vn 0.6643 -0.3432 -0.6640
vn 0.6558 -0.6374 -0.4046
vn 0.1181 -0.3730 -0.9203
vn 0.3813 -0.0913 -0.9199
vn 0.0981 -0.0981 -0.9903
vn 0.1553 -0.6940 -0.7030
vn 0.3934 -0.3251 -0.8600
vn 0.4295 -0.5985 -0.6763
vn 0.4028 -0.9086 -0.1107
vn 0.1359 -0.9191 -0.3699
vn 0.7223 -0.6727 -0.1603
vn 0.4221 -0.8173 -0.3922
vn 0.6874 -0.5820 -0.4345
vn 0.9378 0.0408 -0.3446
vn 0.9354 -0.3226 -0.1447
vn 0.6791 -0.1475 -0.7190
vn 0.8824 -0.2480 -0.3999
vn 0.6218 -0.4773 -0.6209
vn 0.1267 0.1379 -0.9823
vn 0.3985 0.3972 -0.8267
vn 0.1412 -0.1328 -0.9810
vn 0.4086 0.0308 -0.9122
vn 0.7249 0.2043 -0.6579
vn 0.4005 -0.1479 -0.9043
vn 0.3752 -0.9212 -0.1029
vn 0.1040 -0.8949 -0.4340
vn 0.3694 -0.8437 -0.3895
vn 0.1221 -0.7630 -0.6348
vn 0.3872 -0.7754 -0.4989
vn 0.9202 -0.3763 0.1075
vn 0.9195 -0.0977 0.3809
vn 0.9903 -0.0981 0.0981
vn 0.6999 -0.7022 0.1301
vn 0.8597 -0.3491 0.3728
vn 0.7010 -0.1073 0.7050
vn 0.6547 -0.6382 0.4051
vn 0.6660 -0.3366 0.6657
vn 0.1036 -0.8959 0.4320
vn 0.3746 -0.9220 0.0979
vn 0.1203 -0.7587 0.6403
vn 0.3688 -0.8469 0.3831
vn 0.3853 -0.7783 0.4958
vn 0.4012 0.5000 0.7675
vn 0.1295 0.2679 0.9547
vn 0.7317 0.2704 0.6256
vn 0.4167 0.1242 0.9005
vn 0.1437 -0.0163 0.9895
vn 0.6824 -0.1006 0.7241
vn 0.4049 -0.0706 0.9116
vn 0.9380 -0.3114 0.1521
vn 0.9411 0.0685 0.3311
vn 0.6920 -0.5658 0.4484
vn 0.8824 -0.2281 0.4115
vn 0.6281 -0.4594 0.6280
vn 0.1406 -0.9187 0.3690
vn 0.4074 -0.9063 0.1125
vn 0.1599 -0.6927 0.7033
vn 0.4315 -0.8089 0.3993
vn 0.7281 -0.6648 0.1670
vn 0.4361 -0.5886 0.6806
vn 0.3820 -0.0889 0.9199
vn 0.1201 -0.3725 0.9202
vn 0.3983 -0.3183 0.8603
vn -0.9255 -0.3787 -0.0026
vn -0.9949 -0.1011 -0.0048
vn -0.7204 -0.6910 -0.0598
vn -0.9367 -0.3465 -0.0512
vn -0.9723 -0.2027 -0.1166
vn -0.9975 -0.0699 -0.0110
vn -0.7632 -0.6040 -0.2295
vn -0.1113 -0.8952 -0.4315
vn -0.3844 -0.9193 -0.0844
vn -0.1369 -0.7652 -0.6290
vn -0.4022 -0.8463 -0.3493
vn -0.4471 -0.7727 -0.4506
vn -0.4045 0.4103 -0.8173
vn -0.1323 0.1410 -0.9811
vn -0.7310 0.2651 -0.6287
vn -0.4328 0.0722 -0.8986
vn -0.1543 -0.1297 -0.9795
vn -0.7717 0.0308 -0.6353
vn -0.4519 -0.1058 -0.8858
vn -0.9474 0.0854 -0.3085
vn -0.9400 0.1567 -0.3031
vn -0.9955 0.0290 -0.0906
vn -0.9735 -0.0506 -0.2228
vn -0.9995 -0.0291 -0.0112
vn -0.9995 -0.0067 -0.0317
vn -0.9941 -0.0662 -0.0855
vn -0.9975 0.0069 -0.0697
vn -0.9949 -0.1012 0.0048
vn -0.9254 -0.3789 0.0021
vn -0.9724 -0.2009 0.1188
vn -0.9364 -0.3471 0.0511
vn -0.7198 -0.6918 0.0580
vn -0.7613 -0.6065 0.2292
vn -0.9995 -0.0058 0.0316
vn -0.9995 -0.0281 0.0113
vn -0.9976 0.0096 0.0684
vn -0.9942 -0.0637 0.0865
vn -0.9975 -0.0693 0.0113
vn -0.9789 -0.0273 0.2025
vn -0.9571 0.0758 0.2795
vn -0.9957 0.0347 0.0855
vn -0.9420 0.1868 0.2787
vn -0.7566 0.0550 0.6515
vn -0.9422 -0.1597 0.2946
vn -0.1345 0.2707 0.9532
vn -0.4070 0.5118 0.7565
vn -0.1557 -0.0141 0.9877
vn -0.4389 0.1674 0.8828
vn -0.7365 0.3321 0.5893
vn -0.4529 -0.0304 0.8911
vn -0.3840 -0.9200 0.0788
vn -0.1107 -0.8961 0.4298
vn -0.4013 -0.8500 0.3414
vn -0.1344 -0.7612 0.6345
vn -0.4430 -0.7767 0.4477
vn 0.3225 -0.5576 -0.7649
vn 0.3673 -0.5925 -0.7170
vn 0.1270 -0.5029 -0.8550
vn 0.1904 -0.4427 -0.8762
vn 0.5824 -0.6011 -0.5473
vn 0.6820 -0.5061 -0.5280
vn 0.2749 -0.6477 -0.7106
vn 0.0165 -0.1094 -0.9939
vn 0.0434 -0.2119 -0.9763
vn 0.0079 -0.1481 -0.9889
vn 0.0910 -0.2991 -0.9499
vn 0.0813 -0.3564 -0.9308
vn 0.0628 -0.3930 -0.9174
vn -0.0230 -0.3877 -0.9215
vn -0.0134 -0.1441 -0.9895
vn -0.0009 -0.6953 -0.7187
vn -0.0276 -0.4354 -0.8998
vn 0.0666 -0.7245 -0.6860
vn 0.1655 -0.9334 -0.3184
vn 0.0214 -0.9223 -0.3860
vn 0.2919 -0.9505 -0.1060
vn 0.5204 -0.7872 -0.3309
vn 0.9035 -0.3186 -0.2866
vn 0.9024 -0.4247 -0.0723
vn 0.7937 -0.5328 -0.2934
vn 0.6544 -0.7489 -0.1041
vn -0.4496 -0.4592 -0.7661
vn -0.1793 -0.4908 -0.8526
vn -0.4076 -0.5497 -0.7292
vn -0.7401 -0.3635 -0.5658
vn -0.4360 -0.3491 -0.8295
vn -0.1648 -0.3440 -0.9244
vn -0.7243 -0.2978 -0.6219
vn -0.9919 -0.0660 -0.1086
vn -0.9244 -0.2352 -0.3004
vn -0.9900 -0.0725 -0.1206
vn -0.9254 -0.2074 -0.3173
vn -0.7275 -0.4243 -0.5392
vn -0.9252 -0.1797 -0.3343
vn -0.9226 -0.1450 -0.3574
vn -0.9883 -0.0519 -0.1432
vn -0.9216 -0.0711 -0.3815
vn -0.7088 -0.2018 -0.6759
vn -0.1495 -0.2108 -0.9660
vn -0.3917 -0.0940 -0.9153
vn -0.0975 -0.0561 -0.9937
vn -0.4285 -0.2394 -0.8713
vn -0.6957 -0.0827 -0.7136
vn 0.3150 -0.4694 0.8249
vn 0.1192 -0.4190 0.9001
vn 0.3650 -0.4974 0.7870
vn 0.5940 -0.5366 0.5993
vn 0.1841 -0.3733 0.9093
vn 0.0759 -0.2955 0.9523
vn 0.2038 -0.4639 0.8621
vn 0.9060 -0.4158 0.0799
vn 0.9065 -0.2792 0.3167
vn 0.6655 -0.7376 0.1142
vn 0.8096 -0.4926 0.3194
vn 0.6856 -0.4356 0.5833
vn 0.5491 -0.7540 0.3606
vn 0.1996 -0.9198 0.3378
vn 0.3099 -0.9442 0.1117
vn 0.0394 -0.9220 0.3852
vn 0.0996 -0.7004 0.7068
vn 0.4427 -0.7624 0.4719
vn -0.0110 -0.1358 0.9907
vn -0.0167 -0.3855 0.9226
vn 0.0017 -0.1407 0.9901
vn -0.0117 -0.4129 0.9107
vn 0.0147 -0.6936 0.7202
vn 0.0638 -0.3451 0.9364
vn 0.0399 -0.1768 0.9834
vn 0.0226 -0.1019 0.9945
vn 0.0928 -0.2480 0.9643
vn -0.4287 -0.3751 0.8219
vn -0.3974 -0.4552 0.7968
vn -0.1673 -0.4083 0.8974
vn -0.4177 -0.2830 0.8634
vn -0.7309 -0.2975 0.6142
vn -0.7229 -0.3534 0.5937
vn -0.5225 -0.2913 0.8013
vn -0.3907 -0.0796 0.9171
vn -0.1441 -0.1757 0.9738
vn -0.6969 -0.0656 0.7141
vn -0.4176 -0.1960 0.8872
vn -0.1553 -0.2838 0.9462
vn -0.7051 -0.1583 0.6912
vn -0.9931 -0.0238 0.1145
vn -0.9228 -0.1146 0.3679
vn -0.9231 -0.0586 0.3800
vn -0.9887 -0.0370 0.1453
vn -0.9238 -0.1414 0.3557
vn -0.8766 -0.1633 0.4527
vn -0.9236 -0.1926 0.3315
vn -0.9916 -0.0517 0.1183
vn -0.9234 -0.1656 0.3463
vn -0.9900 -0.0565 0.1294
vn 0.0011 -0.9948 0.1018
vn -0.0009 -0.9244 0.3815
vn -0.0000 -0.9952 0.0980
vn -0.0000 -0.9202 0.3915
vn 0.0011 -0.9196 0.3928
vn -0.0022 -0.7071 0.7071
vn 0.0009 -0.9244 0.3815
vn -0.0011 -0.9948 0.1018
vn 0.0022 -0.7071 0.7071
vn -0.0011 -0.9196 0.3928
vn -0.0000 -0.9947 0.1028
vn -0.0011 -0.1018 0.9948
vn 0.0009 -0.3815 0.9244
vn -0.0000 -0.3915 0.9202
vn -0.0011 -0.3928 0.9196
vn -0.0009 -0.3815 0.9244
vn 0.0011 -0.1018 0.9948
vn 0.0011 -0.3928 0.9196
vn -0.0000 -0.1028 0.9947
vn -0.0009 -0.9244 -0.3815
vn 0.0011 -0.9948 -0.1018
vn -0.0022 -0.7071 -0.7071
vn 0.0011 -0.9196 -0.3928
vn -0.0000 -0.9202 -0.3915
vn -0.0000 -0.9947 -0.1028
vn 0.0011 -0.1018 -0.9948
vn -0.0009 -0.3815 -0.9244
vn -0.0000 -0.3915 -0.9202
vn 0.0011 -0.3928 -0.9196
vn 0.0009 -0.3815 -0.9244
vn -0.0011 -0.1018 -0.9948
vn 0.0022 -0.7071 -0.7071
vn -0.0011 -0.3928 -0.9196
vn -0.0000 -0.1028 -0.9947
vn -0.0011 -0.9948 -0.1018
vn 0.0009 -0.9244 -0.3815
vn -0.0011 -0.9196 -0.3928
vn 0.0015 0.3922 -0.9199
vn -0.0000 0.4752 -0.8799
vn 0.0013 -0.1373 -0.9905
vn 0.0001 -0.1358 -0.9907
vn -0.0014 0.3905 -0.9206
vn 0.0030 -0.1383 -0.9904
vn 0.0042 -0.1358 -0.9907
vn -0.0014 -0.9827 -0.1850
vn 0.0030 -0.7479 -0.6639
vn 0.0042 -0.7495 -0.6620
vn 0.0015 -0.9831 -0.1832
vn 0.0013 -0.7485 -0.6631
vn 0.0001 -0.7495 -0.6620
vn -0.5140 0.1599 -0.8428
vn -0.4374 0.4494 -0.7789
vn -0.1960 -0.0746 -0.9778
vn -0.5112 -0.0875 -0.8550
vn -0.7886 0.0709 -0.6108
vn -0.7357 0.3228 -0.5954
vn -0.7661 -0.3035 -0.5666
vn -0.5140 -0.7902 -0.3338
vn -0.1401 -0.9855 -0.0956
vn -0.4377 -0.8973 -0.0567
vn -0.7886 -0.5477 -0.2794
vn -0.1960 -0.7726 -0.6038
vn -0.5112 -0.6632 -0.5466
vn -0.1829 -0.7770 -0.6024
vn -0.9393 0.1162 -0.3230
vn -0.9389 -0.3347 -0.0807
vn -0.9955 -0.0452 -0.0832
vn -0.9302 -0.1733 -0.3235
vn -0.7350 -0.6754 -0.0593
vn 0.0008 -0.7529 0.6582
vn 0.0012 -0.8815 0.4722
vn 0.0008 -0.9651 0.2621
vn 0.0005 -0.9649 0.2628
vn 0.0013 -0.8815 0.4722
vn 0.0005 -0.7534 0.6576
vn -0.4141 -0.5412 0.7319
vn -0.1232 -0.7183 0.6848
vn -0.1261 -0.5854 0.8009
vn -0.7011 -0.4349 0.5651
vn -0.3965 -0.6723 0.6252
vn -0.1162 -0.8755 0.4690
vn -0.5594 -0.7307 0.3914
vn -0.3518 -0.8251 0.4420
vn -0.8250 -0.4982 0.2669
vn -0.9086 -0.2847 0.3055
vn -0.9086 -0.4123 0.0672
vn -0.6509 -0.7323 0.2003
vn -0.6509 -0.5724 0.4986
vn -0.1232 -0.9680 0.2185
vn -0.4147 -0.9090 0.0421
vn -0.1269 -0.9910 0.0424
vn -0.3965 -0.8929 0.2133
vn -0.7014 -0.7113 0.0467
vn 0.9881 0.1394 -0.0645
vn 0.7594 0.6248 0.1818
vn -0.7058 -0.3936 0.5891
vn -0.3923 -0.5100 0.7656
vn -0.9313 0.2631 0.2519
vn -0.9881 0.1393 -0.0645
vn 0.9945 -0.0864 -0.0589
vn -0.9945 -0.0863 -0.0589
vn 0.3923 -0.5099 0.7656
vn -0.3818 -0.5117 0.7697
vn -0.9199 -0.2169 0.3268
vn -0.0028 0.6212 -0.7836
vn 0.0009 0.7519 -0.6593
vn 0.0120 0.6065 -0.7950
vn 0.0237 0.7462 -0.6653
vn 0.0369 0.8737 -0.4851
vn 0.0857 0.6843 -0.7241
vn 0.1354 0.8545 -0.5015
vn 0.0301 0.5625 -0.8263
vn 0.0097 0.5779 -0.8160
vn 0.0663 0.5608 -0.8253
vn 0.0713 0.6099 -0.7893
vn 0.1757 0.6064 -0.7755
vn 0.2835 0.5765 -0.7664
vn 0.0966 0.5584 -0.8239
vn 0.3497 0.5355 -0.7688
vn 0.5837 0.5905 -0.5573
vn 0.3061 0.7395 -0.5996
vn 0.9062 0.4161 -0.0752
vn 0.9065 0.2840 -0.3126
vn 0.9852 0.1509 -0.0809
vn 0.6700 0.7357 -0.0990
vn 0.8091 0.5056 -0.2997
vn 0.6805 0.4550 -0.5743
vn 0.5608 0.7690 -0.3066
vn 0.2249 0.9401 -0.2562
vn 0.3210 0.9429 -0.0882
vn 0.0570 0.9622 -0.2663
vn -0.3826 0.5093 -0.7709
vn -0.1013 0.5523 -0.8275
vn -0.7084 0.3883 -0.5894
vn -0.3925 0.5101 -0.7653
vn -0.1028 0.5511 -0.8281
vn -0.7084 0.3900 -0.5883
vn -0.3915 0.5098 -0.7660
vn -0.9199 0.2170 -0.3268
vn -0.9242 0.2117 -0.3179
vn -0.9947 0.0569 -0.0856
vn -0.9202 0.2169 -0.3259
vn -0.7071 0.3918 -0.5886
vn -0.9241 0.2119 -0.3181
vn -0.9949 0.0548 -0.0847
vn -0.7058 0.3936 -0.5891
vn -0.9199 0.2170 -0.3265
vn -0.7058 0.3936 -0.5890
vn -0.1000 0.5502 -0.8290
vn -0.3923 0.5100 -0.7656
vn -0.3820 0.5117 -0.7696
vn 0.8777 0.1368 0.4594
vn 0.9369 0.3069 0.1675
vn 0.9317 -0.0894 0.3522
vn 0.8300 0.0028 0.5577
vn 0.6557 0.4777 0.5847
vn 0.7211 0.6633 0.2003
vn 0.7602 0.1174 0.6390
vn 0.1047 -0.5531 0.8265
vn 0.3790 -0.5091 0.7728
vn 0.0859 -0.5453 0.8338
vn 0.3367 -0.4741 0.8135
vn 0.6985 -0.3296 0.6352
vn 0.2117 -0.4654 0.8594
vn 0.3661 -0.3681 0.8547
vn 0.0905 -0.4729 0.8764
vn 0.0510 -0.5455 0.8366
vn 0.0093 -0.5100 0.8601
vn 0.0788 -0.3557 0.9313
vn 0.1867 -0.3513 0.9175
vn 0.0040 -0.1382 0.9904
vn -0.0040 -0.4620 0.8869
vn 0.0338 0.0937 0.9950
vn 0.0447 -0.2198 0.9745
vn 0.0066 -0.4787 0.8779
vn 0.1280 -0.1571 0.9792
vn 0.3986 0.9094 0.1185
vn 0.1251 0.8926 0.4331
vn 0.4026 0.7757 0.4859
vn 0.1215 0.7414 0.6600
vn 0.3598 0.6472 0.6721
vn -0.9236 -0.2138 0.3183
vn -0.7049 -0.3958 0.5886
vn -0.3823 -0.5122 0.7691
vn -0.0014 -0.1495 -0.9888
vn 0.0014 -0.1495 -0.9888
vn 0.0030 -0.7479 -0.6638
vn -0.0005 0.7534 -0.6576
vn 0.0008 0.6161 -0.7876
vn -0.0013 0.8815 -0.4722
vn 0.0008 0.7585 -0.6516
vn -0.0000 0.7578 -0.6524
vn -0.0000 0.6167 -0.7872
vn -0.0000 0.8815 -0.4722
vn 0.0008 0.9971 -0.0765
vn -0.0005 0.9649 -0.2628
vn -0.0000 0.9973 -0.0740
vn -0.0000 0.9630 -0.2694
vn 0.0008 0.9627 -0.2704
vn 0.0005 0.9649 -0.2628
vn -0.0008 0.9971 -0.0765
vn 0.0013 0.8815 -0.4722
vn -0.0008 0.9627 -0.2704
vn -0.0000 0.9970 -0.0772
vn -0.0008 0.6161 -0.7876
vn 0.0005 0.7534 -0.6576
vn -0.0008 0.7585 -0.6516
vn 0.0011 -0.4716 0.8818
vn 0.0014 -0.3905 0.9206
vn -0.0000 -0.3830 0.9237
vn 0.0035 -0.3830 0.9237
vn -0.0014 0.1495 0.9888
vn -0.0030 0.1383 0.9904
vn -0.0042 0.1358 0.9907
vn -0.0000 0.1520 0.9884
vn -0.0000 0.1521 0.9884
vn -0.0014 -0.3905 0.9206
vn -0.0011 -0.4716 0.8818
vn 0.0030 0.1383 0.9904
vn 0.0014 0.1495 0.9888
vn 0.0042 0.1358 0.9907
vn -0.0000 -0.4708 0.8823
vn -0.0011 0.9954 0.0960
vn -0.0014 0.9827 0.1850
vn -0.0000 0.9812 0.1930
vn -0.0035 0.9812 0.1930
vn 0.0013 0.7403 0.6723
vn 0.0030 0.7479 0.6639
vn 0.0042 0.7495 0.6620
vn -0.0000 0.7385 0.6742
vn 0.0014 0.9827 0.1850
vn 0.0011 0.9954 0.0960
vn -0.0030 0.7479 0.6639
vn -0.0013 0.7403 0.6723
vn -0.0042 0.7495 0.6620
vn -0.0000 0.9953 0.0969
vn 0.1401 -0.9855 -0.0956
vn 0.1829 -0.7770 -0.6024
vn -0.1401 0.4665 -0.8734
vn -0.1829 -0.0709 -0.9806
vn -0.7476 0.5658 -0.3479
vn -0.3479 0.5658 -0.7476
vn -0.7476 0.5658 0.3479
vn -0.3479 0.5658 0.7476
vn 0.9443 -0.1968 -0.2638
vn 0.5534 -0.1073 -0.8260
vn 0.5590 -0.7377 -0.3785
vn 0.5496 -0.7429 0.3821
vn 0.5494 -0.0562 0.8337
vn -0.0035 0.3830 -0.9237
vn 0.0035 -0.9812 -0.1930
vn -0.4728 0.8754 0.1010
vn 0.4728 0.8754 0.1010
vn -0.3996 0.5455 0.7367
vn 0.7476 0.5658 -0.3479
vn 0.3479 0.5658 -0.7476
vn 0.7476 0.5658 0.3479
vn 0.3479 0.5658 0.7476
vn -0.9443 -0.1968 -0.2638
vn -0.5590 -0.7377 -0.3785
vn -0.5534 -0.1073 -0.8260
vn -0.5494 -0.0562 0.8337
vn -0.5496 -0.7429 0.3821
vn 0.3996 0.5455 0.7367
vn -0.0035 -0.3830 0.9237
vn 0.0035 0.9812 0.1930
vt 0.902159 0.647870
vt 0.908144 0.858420
vt 0.902159 0.858420
vt 0.908144 0.647870
vt 0.914129 0.858420
vt 0.914129 0.647870
vt 0.920114 0.858420
vt 0.920114 0.647870
vt 0.926098 0.858420
vt 0.926098 0.647870
vt 0.932083 0.858420
vt 0.932083 0.647870
vt 0.938068 0.858420
vt 0.944052 0.647869
vt 0.944052 0.858420
vt 0.950037 0.858420
vt 0.950037 0.647869
vt 0.956022 0.858420
vt 0.956022 0.647869
vt 0.962007 0.858420
vt 0.866251 0.647870
vt 0.872236 0.858420
vt 0.866251 0.858420
vt 0.872236 0.647870
vt 0.878220 0.858420
vt 0.878220 0.647870
vt 0.884205 0.858420
vt 0.890190 0.647870
vt 0.890190 0.858420
vt 0.896175 0.858420
vt 0.896175 0.647870
vt 0.730361 0.220024
vt 0.760012 0.190281
vt 0.760591 0.220188
vt 0.997509 0.314288
vt 0.963719 0.225627
vt 0.993926 0.224322
vt 0.758761 0.319442
vt 0.730257 0.230051
vt 0.760468 0.230380
vt 0.083421 0.314618
vt 0.085184 0.202780
vt 0.105337 0.232087
vt 0.269740 0.245353
vt 0.300984 0.331349
vt 0.267286 0.330279
vt 0.264776 0.184458
vt 0.218859 0.043648
vt 0.290174 0.202681
vt 0.460372 0.425574
vt 0.460655 0.219423
vt 0.489952 0.419304
vt 0.274126 0.452311
vt 0.101182 0.415879
vt 0.257579 0.426751
vt 0.761558 0.142723
vt 0.806635 0.029724
vt 0.833400 0.029140
vt 0.301306 0.205053
vt 0.265139 0.046972
vt 0.341803 0.211029
vt 0.465948 0.468448
vt 0.493358 0.430001
vt 0.499645 0.464290
vt 0.769876 0.190080
vt 0.953220 0.215623
vt 0.770681 0.219891
vt 0.355514 0.640073
vt 0.385499 0.729313
vt 0.355669 0.728970
vt 0.095216 0.190538
vt 0.261536 0.188943
vt 0.286343 0.207675
vt 0.511052 0.459135
vt 0.589288 0.409731
vt 0.596107 0.437943
vt 0.952459 0.178291
vt 0.769588 0.152911
vt 0.950989 0.148649
vt 0.730854 0.182955
vt 0.759578 0.152863
vt 0.759914 0.182606
vt 0.962306 0.177916
vt 0.991263 0.147197
vt 0.991626 0.177073
vt 0.991870 0.184639
vt 0.963266 0.215496
vt 0.962549 0.185636
vt 0.355642 0.738795
vt 0.383925 0.767601
vt 0.356353 0.767121
vt 0.689074 0.719301
vt 0.663482 0.631941
vt 0.688815 0.631922
vt 0.478150 0.047431
vt 0.571727 0.069673
vt 0.480381 0.076576
vt 0.663697 0.730368
vt 0.691004 0.756861
vt 0.666876 0.759611
vt 0.466766 0.003104
vt 0.574490 0.038315
vt 0.477445 0.039875
vt 0.958039 0.137828
vt 0.859617 0.005549
vt 0.985037 0.137314
vt 0.346418 0.222447
vt 0.310371 0.331354
vt 0.303565 0.217815
vt 0.441730 0.046886
vt 0.453606 0.006098
vt 0.466199 0.042293
vt 0.211061 0.042719
vt 0.123276 0.169749
vt 0.092479 0.184839
vt 0.412470 0.209288
vt 0.467882 0.090977
vt 0.469840 0.202995
vt 0.193431 0.007331
vt 0.080596 0.185104
vt 0.040075 0.185005
vt 0.839753 0.019304
vt 0.822584 0.003971
vt 0.849811 0.002810
vt 0.544813 0.756068
vt 0.562439 0.787295
vt 0.541634 0.784996
vt 0.578351 0.743295
vt 0.657273 0.760778
vt 0.582598 0.771852
vt 0.482818 0.208362
vt 0.497935 0.120735
vt 0.522934 0.194584
vt 0.482646 0.086955
vt 0.570388 0.103171
vt 0.503139 0.113788
vt 0.401141 0.213645
vt 0.377159 0.099785
vt 0.419100 0.090313
vt 0.075522 0.197671
vt 0.003742 0.308441
vt 0.031231 0.195751
vt 0.394577 0.739856
vt 0.532006 0.783932
vt 0.392865 0.768160
vt 0.433996 0.074797
vt 0.467514 0.048162
vt 0.468665 0.077434
vt 0.425261 0.074403
vt 0.405878 0.041885
vt 0.435691 0.052677
vt 0.220763 0.028148
vt 0.246421 0.008626
vt 0.258212 0.032844
vt 0.762012 0.458886
vt 0.731181 0.429649
vt 0.761547 0.428803
vt 0.966309 0.414427
vt 0.997673 0.324313
vt 0.997127 0.414818
vt 0.730882 0.419554
vt 0.758822 0.329387
vt 0.761205 0.418620
vt 0.071779 0.436159
vt 0.082815 0.324545
vt 0.095311 0.410400
vt 0.300460 0.342618
vt 0.263208 0.422462
vt 0.266841 0.340595
vt 0.232909 0.610887
vt 0.286876 0.464140
vt 0.326389 0.463478
vt 0.655936 0.181226
vt 0.714382 0.374111
vt 0.687867 0.378665
vt 0.065217 0.452959
vt 0.158783 0.640930
vt 0.025127 0.448705
vt 0.187951 0.608506
vt 0.253326 0.477780
vt 0.276011 0.464959
vt 0.689270 0.387212
vt 0.721156 0.408029
vt 0.695138 0.414628
vt 0.955776 0.424975
vt 0.771979 0.458723
vt 0.771665 0.428762
vt 0.385117 0.540821
vt 0.355494 0.630189
vt 0.355291 0.541300
vt 0.250973 0.474177
vt 0.079779 0.449375
vt 0.272890 0.459883
vt 0.598765 0.407677
vt 0.686098 0.416686
vt 0.604979 0.435468
vt 0.956142 0.463297
vt 0.773593 0.496747
vt 0.772166 0.466379
vt 0.763136 0.497357
vt 0.732640 0.467234
vt 0.762169 0.466688
vt 0.997645 0.494514
vt 0.966315 0.463459
vt 0.996673 0.463281
vt 0.966100 0.424809
vt 0.996621 0.455454
vt 0.966297 0.455475
vt 0.383351 0.502470
vt 0.355214 0.531475
vt 0.355729 0.503160
vt 0.688812 0.622220
vt 0.663209 0.533677
vt 0.689075 0.534792
vt 0.691606 0.093897
vt 0.707387 0.077059
vt 0.714508 0.101682
vt 0.666850 0.494439
vt 0.689473 0.525051
vt 0.663671 0.523712
vt 0.581416 0.070580
vt 0.660391 0.068733
vt 0.654727 0.089575
vt 0.867208 0.641710
vt 0.962844 0.505947
vt 0.991513 0.505197
vt 0.099796 0.468228
vt 0.180192 0.608332
vt 0.076710 0.454231
vt 0.685806 0.045371
vt 0.684757 0.075083
vt 0.669487 0.067460
vt 0.309638 0.343620
vt 0.332233 0.453114
vt 0.290642 0.452228
vt 0.661984 0.099908
vt 0.691992 0.173186
vt 0.655879 0.170760
vt 0.002984 0.321547
vt 0.061606 0.440018
vt 0.017512 0.437079
vt 0.846282 0.627555
vt 0.828734 0.643666
vt 0.818436 0.627212
vt 0.562280 0.481971
vt 0.544730 0.513356
vt 0.541427 0.484361
vt 0.657235 0.493279
vt 0.578224 0.510786
vt 0.582467 0.482200
vt 0.639512 0.120302
vt 0.647117 0.171103
vt 0.625338 0.166245
vt 0.578569 0.103920
vt 0.652473 0.096818
vt 0.636406 0.115566
vt 0.700052 0.173862
vt 0.717242 0.112395
vt 0.722843 0.181602
vt 0.765447 0.507969
vt 0.812120 0.617438
vt 0.736794 0.507293
vt 0.531777 0.485467
vt 0.394163 0.530228
vt 0.392316 0.501849
vt 0.662939 0.091434
vt 0.683038 0.078150
vt 0.686055 0.093214
vt 0.585090 0.039890
vt 0.678071 0.039683
vt 0.662130 0.063534
vt 0.210423 0.645686
vt 0.187857 0.623765
vt 0.224577 0.623668
vt 0.266134 0.240429
vt 0.263466 0.241125
vt 0.264282 0.239400
vt 0.267772 0.241706
vt 0.265231 0.242014
vt 0.771094 0.225536
vt 0.768495 0.224251
vt 0.770879 0.223699
vt 0.767526 0.226906
vt 0.769111 0.225957
vt 0.267679 0.245879
vt 0.268933 0.243376
vt 0.766294 0.230718
vt 0.764890 0.228056
vt 0.766696 0.228610
vt 0.267356 0.244078
vt 0.760524 0.227835
vt 0.762424 0.230437
vt 0.760573 0.225276
vt 0.762851 0.227896
vt 0.764378 0.230530
vt 0.763112 0.225309
vt 0.763116 0.220154
vt 0.760596 0.222723
vt 0.765742 0.222597
vt 0.763159 0.222712
vt 0.765884 0.225354
vt 0.770760 0.221800
vt 0.768177 0.219983
vt 0.768284 0.222267
vt 0.765649 0.220082
vt 0.112666 0.229369
vt 0.110087 0.228091
vt 0.112197 0.227477
vt 0.953071 0.221266
vt 0.955591 0.219860
vt 0.955070 0.221594
vt 0.110642 0.229899
vt 0.108139 0.228989
vt 0.956667 0.222424
vt 0.955715 0.215605
vt 0.953229 0.217526
vt 0.958231 0.215595
vt 0.955710 0.217880
vt 0.953197 0.219409
vt 0.958243 0.218096
vt 0.963354 0.218022
vt 0.960752 0.215563
vt 0.960947 0.220678
vt 0.960806 0.218107
vt 0.958212 0.220828
vt 0.961770 0.225730
vt 0.963591 0.223098
vt 0.959830 0.225859
vt 0.961285 0.223225
vt 0.963463 0.220559
vt 0.959279 0.223437
vt 0.106595 0.230362
vt 0.107155 0.233106
vt 0.107978 0.231434
vt 0.957939 0.226070
vt 0.957533 0.224023
vt 0.769750 0.184389
vt 0.767285 0.182516
vt 0.769727 0.182495
vt 0.769782 0.186284
vt 0.767311 0.184514
vt 0.764859 0.184548
vt 0.764833 0.182542
vt 0.764886 0.186370
vt 0.767419 0.190149
vt 0.769824 0.188181
vt 0.764917 0.188193
vt 0.767375 0.188144
vt 0.767340 0.186328
vt 0.759992 0.188362
vt 0.762485 0.190248
vt 0.759968 0.186442
vt 0.762455 0.188233
vt 0.764955 0.190204
vt 0.762375 0.182572
vt 0.759942 0.184524
vt 0.762402 0.184582
vt 0.762428 0.186407
vt 0.954903 0.178189
vt 0.952530 0.180183
vt 0.957432 0.180104
vt 0.954975 0.180189
vt 0.952589 0.182079
vt 0.957492 0.181930
vt 0.955033 0.182006
vt 0.962367 0.179843
vt 0.959830 0.178001
vt 0.962428 0.181774
vt 0.959898 0.180020
vt 0.957361 0.178092
vt 0.960071 0.185707
vt 0.962489 0.183704
vt 0.957545 0.183757
vt 0.960013 0.183686
vt 0.959957 0.181852
vt 0.952637 0.183976
vt 0.955133 0.185830
vt 0.952675 0.185876
vt 0.955084 0.183824
vt 0.957599 0.185772
vt 0.502665 0.463219
vt 0.500311 0.467077
vt 0.506716 0.464318
vt 0.503693 0.465882
vt 0.501103 0.470087
vt 0.507932 0.466507
vt 0.504803 0.468432
vt 0.511949 0.461241
vt 0.508342 0.460525
vt 0.512830 0.463210
vt 0.509437 0.462749
vt 0.505569 0.461915
vt 0.993820 0.221809
vt 0.995883 0.224241
vt 0.995770 0.219206
vt 0.995876 0.221723
vt 0.511770 0.466417
vt 0.513672 0.464991
vt 0.510525 0.464679
vt 0.995445 0.214180
vt 0.993604 0.216781
vt 0.993493 0.214274
vt 0.506231 0.471138
vt 0.501988 0.473411
vt 0.993712 0.219294
vt 0.509443 0.468635
vt 0.466098 0.470675
vt 0.463757 0.468761
vt 0.466084 0.472956
vt 0.463878 0.470991
vt 0.461577 0.469216
vt 0.462552 0.472582
vt 0.462142 0.471299
vt 0.991761 0.182742
vt 0.993814 0.184463
vt 0.991690 0.180861
vt 0.993731 0.182409
vt 0.463414 0.474668
vt 0.465938 0.475325
vt 0.463892 0.472771
vt 0.993589 0.177123
vt 0.991640 0.178977
vt 0.460392 0.472072
vt 0.459371 0.469776
vt 0.993632 0.179187
vt 0.461630 0.473664
vt 0.353758 0.738807
vt 0.355648 0.736363
vt 0.351861 0.738832
vt 0.353651 0.736368
vt 0.353645 0.733911
vt 0.355656 0.733911
vt 0.351814 0.733918
vt 0.730338 0.222525
vt 0.728420 0.219998
vt 0.728261 0.225011
vt 0.728290 0.222500
vt 0.350002 0.736404
vt 0.349957 0.738872
vt 0.351831 0.736383
vt 0.728308 0.230026
vt 0.730287 0.227542
vt 0.351806 0.728974
vt 0.349971 0.731451
vt 0.349876 0.728976
vt 0.730313 0.225032
vt 0.349980 0.733929
vt 0.355663 0.731445
vt 0.353737 0.728971
vt 0.353643 0.731445
vt 0.351809 0.731447
vt 0.356310 0.768898
vt 0.354566 0.767176
vt 0.356150 0.770712
vt 0.354497 0.768990
vt 0.352749 0.767359
vt 0.353310 0.770194
vt 0.353057 0.769114
vt 0.730919 0.184833
vt 0.728931 0.183085
vt 0.730945 0.186696
vt 0.728964 0.185116
vt 0.353904 0.771940
vt 0.355902 0.772586
vt 0.354394 0.770431
vt 0.728974 0.190345
vt 0.730949 0.188561
vt 0.730914 0.190448
vt 0.351552 0.769628
vt 0.350871 0.767634
vt 0.728984 0.188304
vt 0.352488 0.771030
vt 0.287134 0.213488
vt 0.288483 0.216368
vt 0.286571 0.215382
vt 0.287327 0.211488
vt 0.289696 0.213947
vt 0.290401 0.217607
vt 0.290145 0.211384
vt 0.292158 0.214986
vt 0.287784 0.206662
vt 0.287015 0.209502
vt 0.288854 0.205629
vt 0.289329 0.208880
vt 0.291225 0.207866
vt 0.292516 0.203426
vt 0.289616 0.204381
vt 0.295393 0.204373
vt 0.292188 0.206009
vt 0.294975 0.207563
vt 0.301490 0.208274
vt 0.298426 0.205022
vt 0.298390 0.211427
vt 0.298120 0.208236
vt 0.294150 0.211320
vt 0.300877 0.218069
vt 0.302845 0.214803
vt 0.298227 0.218765
vt 0.299481 0.214686
vt 0.302029 0.211571
vt 0.296572 0.215364
vt 0.292089 0.219159
vt 0.295707 0.219816
vt 0.293454 0.220927
vt 0.294179 0.217058
vt 0.091245 0.199029
vt 0.093181 0.196303
vt 0.093425 0.198326
vt 0.088991 0.199960
vt 0.090462 0.196305
vt 0.093368 0.194245
vt 0.087720 0.196915
vt 0.090512 0.193589
vt 0.083104 0.201182
vt 0.086940 0.201231
vt 0.080746 0.199615
vt 0.085227 0.198659
vt 0.083120 0.196464
vt 0.076899 0.194775
vt 0.078189 0.198413
vt 0.078458 0.191635
vt 0.080307 0.195244
vt 0.082128 0.192145
vt 0.083453 0.185726
vt 0.079732 0.188357
vt 0.086451 0.188908
vt 0.083107 0.188984
vt 0.086416 0.192774
vt 0.092706 0.186685
vt 0.089917 0.185197
vt 0.093180 0.188036
vt 0.089673 0.187840
vt 0.086706 0.185668
vt 0.090184 0.189814
vt 0.094107 0.192283
vt 0.093972 0.189206
vt 0.091876 0.191171
vt 0.767096 0.152879
vt 0.769609 0.151023
vt 0.764824 0.150322
vt 0.767261 0.150634
vt 0.769678 0.149166
vt 0.767526 0.148683
vt 0.759695 0.150091
vt 0.762079 0.152838
vt 0.760114 0.147176
vt 0.762305 0.150105
vt 0.764592 0.152842
vt 0.762608 0.147514
vt 0.763042 0.145257
vt 0.760762 0.144585
vt 0.763451 0.143219
vt 0.765084 0.145475
vt 0.264390 0.186160
vt 0.262974 0.184860
vt 0.263840 0.187247
vt 0.263009 0.185975
vt 0.766846 0.145252
vt 0.765409 0.143552
vt 0.767316 0.143785
vt 0.767006 0.146437
vt 0.260880 0.187309
vt 0.262976 0.188061
vt 0.768146 0.147064
vt 0.769840 0.147320
vt 0.262186 0.186863
vt 0.950858 0.146764
vt 0.953492 0.148469
vt 0.950679 0.144908
vt 0.953167 0.146237
vt 0.955586 0.145756
vt 0.956011 0.148280
vt 0.952755 0.144309
vt 0.124540 0.173773
vt 0.126730 0.173144
vt 0.125872 0.174774
vt 0.123830 0.172809
vt 0.125590 0.172804
vt 0.952013 0.142757
vt 0.950399 0.143108
vt 0.953034 0.142111
vt 0.125029 0.170464
vt 0.123417 0.171611
vt 0.954214 0.139240
vt 0.953007 0.141028
vt 0.952309 0.139746
vt 0.124969 0.171518
vt 0.954809 0.141025
vt 0.956863 0.140555
vt 0.956180 0.138622
vt 0.959121 0.139561
vt 0.957571 0.142723
vt 0.954921 0.143186
vt 0.958545 0.148129
vt 0.960765 0.145093
vt 0.961074 0.148015
vt 0.958111 0.145335
vt 0.960074 0.142114
vt 0.493397 0.420103
vt 0.490868 0.421808
vt 0.491844 0.416687
vt 0.495563 0.417891
vt 0.494563 0.423459
vt 0.491788 0.424679
vt 0.497743 0.422146
vt 0.038164 0.187723
vt 0.036998 0.184649
vt 0.035768 0.190408
vt 0.034161 0.187578
vt 0.497302 0.414866
vt 0.493818 0.413801
vt 0.495855 0.410899
vt 0.499088 0.418011
vt 0.030053 0.192643
vt 0.033355 0.193085
vt 0.504113 0.421058
vt 0.501241 0.422955
vt 0.501443 0.419952
vt 0.031705 0.190069
vt 0.501731 0.428590
vt 0.504499 0.425989
vt 0.504598 0.428467
vt 0.498877 0.428920
vt 0.501434 0.425731
vt 0.504314 0.423511
vt 0.498375 0.425902
vt 0.492633 0.427544
vt 0.496067 0.429409
vt 0.495410 0.426512
vt 0.458318 0.427458
vt 0.458061 0.424530
vt 0.460609 0.427965
vt 0.458613 0.430392
vt 0.456160 0.426713
vt 0.455753 0.423277
vt 0.456505 0.430047
vt 0.459014 0.435853
vt 0.461000 0.433377
vt 0.461086 0.435766
vt 0.456837 0.435859
vt 0.458754 0.433137
vt 0.460828 0.430663
vt 0.456649 0.433026
vt 0.992639 0.144926
vt 0.993217 0.147157
vt 0.990763 0.145485
vt 0.991591 0.142555
vt 0.454495 0.435808
vt 0.454340 0.432769
vt 0.987370 0.137005
vt 0.987379 0.140125
vt 0.453973 0.425832
vt 0.453474 0.422008
vt 0.989751 0.139870
vt 0.989402 0.143001
vt 0.454227 0.429519
vt 0.393066 0.737498
vt 0.395678 0.738087
vt 0.392459 0.739694
vt 0.390399 0.737109
vt 0.394090 0.735584
vt 0.396977 0.736322
vt 0.390904 0.734445
vt 0.385390 0.736798
vt 0.387468 0.739359
vt 0.385303 0.739261
vt 0.387967 0.734370
vt 0.387862 0.736898
vt 0.389973 0.739511
vt 0.387438 0.729308
vt 0.385494 0.731809
vt 0.389378 0.729304
vt 0.387818 0.731826
vt 0.385458 0.734310
vt 0.389967 0.731754
vt 0.348439 0.219773
vt 0.348906 0.222651
vt 0.345366 0.219633
vt 0.347698 0.217057
vt 0.391296 0.729248
vt 0.392120 0.731350
vt 0.344626 0.211052
vt 0.342782 0.213876
vt 0.395665 0.733946
vt 0.398328 0.734565
vt 0.346275 0.214284
vt 0.344085 0.216760
vt 0.393509 0.732995
vt 0.391036 0.769935
vt 0.390775 0.767970
vt 0.393573 0.770110
vt 0.391484 0.771786
vt 0.388552 0.769701
vt 0.388383 0.767800
vt 0.388741 0.771479
vt 0.732340 0.146521
vt 0.731756 0.143594
vt 0.733857 0.143772
vt 0.731044 0.149388
vt 0.730161 0.146440
vt 0.391986 0.773717
vt 0.394406 0.772100
vt 0.395271 0.774118
vt 0.388979 0.773373
vt 0.729918 0.153735
vt 0.728301 0.151525
vt 0.730194 0.151922
vt 0.384079 0.773132
vt 0.386295 0.771344
vt 0.386419 0.773187
vt 0.728953 0.149126
vt 0.385998 0.767675
vt 0.383913 0.769416
vt 0.386218 0.769588
vt 0.383975 0.771249
vt 0.467262 0.046551
vt 0.469978 0.047975
vt 0.466996 0.045256
vt 0.469726 0.046131
vt 0.472372 0.045798
vt 0.472598 0.047760
vt 0.472164 0.044373
vt 0.468773 0.041568
vt 0.466677 0.043948
vt 0.471913 0.042942
vt 0.469217 0.043459
vt 0.469487 0.044801
vt 0.477702 0.042009
vt 0.474405 0.040353
vt 0.477879 0.043681
vt 0.474746 0.042491
vt 0.471506 0.040933
vt 0.475340 0.047555
vt 0.478020 0.045349
vt 0.475141 0.045500
vt 0.474957 0.044006
vt 0.443360 0.052715
vt 0.441895 0.051037
vt 0.443495 0.050910
vt 0.441486 0.052536
vt 0.440533 0.051177
vt 0.441922 0.050149
vt 0.443345 0.049729
vt 0.440935 0.050479
vt 0.437168 0.051154
vt 0.437759 0.052566
vt 0.438624 0.049765
vt 0.439153 0.051149
vt 0.439668 0.052495
vt 0.440186 0.050185
vt 0.441390 0.049416
vt 0.440087 0.048387
vt 0.442879 0.048580
vt 0.689344 0.726621
vt 0.691521 0.728919
vt 0.689479 0.729035
vt 0.691420 0.724112
vt 0.691517 0.726521
vt 0.693801 0.728808
vt 0.693616 0.724038
vt 0.693702 0.726432
vt 0.691172 0.719263
vt 0.689142 0.721755
vt 0.693499 0.719223
vt 0.691342 0.721692
vt 0.689234 0.724195
vt 0.463519 0.003557
vt 0.466505 0.000296
vt 0.459563 0.001038
vt 0.463080 0.000518
vt 0.695744 0.721588
vt 0.695815 0.719192
vt 0.693551 0.721637
vt 0.452202 0.003096
vt 0.456858 0.004999
vt 0.695872 0.726353
vt 0.696064 0.728711
vt 0.460208 0.004197
vt 0.695802 0.723976
vt 0.693012 0.756718
vt 0.691305 0.758664
vt 0.695217 0.756683
vt 0.693389 0.758533
vt 0.692007 0.760416
vt 0.695107 0.759532
vt 0.693902 0.759938
vt 0.411837 0.035525
vt 0.410903 0.031096
vt 0.413489 0.033347
vt 0.409936 0.037705
vt 0.408647 0.033868
vt 0.697023 0.758686
vt 0.697478 0.756723
vt 0.695174 0.758453
vt 0.404935 0.038224
vt 0.407876 0.039841
vt 0.693067 0.762093
vt 0.694959 0.761193
vt 0.406994 0.036133
vt 0.696286 0.760128
vt 0.226185 0.042796
vt 0.227157 0.039282
vt 0.228918 0.042821
vt 0.223463 0.042715
vt 0.223791 0.039407
vt 0.225123 0.035639
vt 0.220875 0.039782
vt 0.221301 0.035960
vt 0.218626 0.041043
vt 0.220935 0.042937
vt 0.217037 0.042984
vt 0.215919 0.039841
vt 0.217053 0.036742
vt 0.210451 0.040415
vt 0.213102 0.042451
vt 0.209607 0.037932
vt 0.213216 0.039753
vt 0.215106 0.042543
vt 0.212900 0.037040
vt 0.210008 0.031229
vt 0.208413 0.035621
vt 0.206967 0.033485
vt 0.213749 0.029441
vt 0.211803 0.034252
vt 0.215346 0.032986
vt 0.219109 0.032301
vt 0.217527 0.028362
vt 0.222924 0.031910
vt 0.266358 0.043464
vt 0.267658 0.046529
vt 0.263461 0.043511
vt 0.264824 0.040228
vt 0.537511 0.749562
vt 0.539022 0.751628
vt 0.536702 0.751377
vt 0.540008 0.749924
vt 0.541510 0.751899
vt 0.261176 0.032889
vt 0.260004 0.036452
vt 0.547315 0.752535
vt 0.545560 0.750530
vt 0.548653 0.750777
vt 0.263132 0.036683
vt 0.261750 0.040005
vt 0.544329 0.752208
vt 0.542673 0.750214
vt 0.543320 0.753909
vt 0.545978 0.754292
vt 0.542402 0.755804
vt 0.540678 0.753620
vt 0.535892 0.753187
vt 0.537582 0.755277
vt 0.535173 0.755014
vt 0.538257 0.753356
vt 0.539992 0.755540
vt 0.534411 0.784198
vt 0.532311 0.785867
vt 0.536817 0.784464
vt 0.534652 0.786216
vt 0.532708 0.787808
vt 0.537069 0.786484
vt 0.535022 0.788065
vt 0.539708 0.786777
vt 0.539225 0.784729
vt 0.542384 0.786983
vt 0.540321 0.788657
vt 0.537505 0.788343
vt 0.811194 0.022456
vt 0.810625 0.019839
vt 0.812718 0.020014
vt 0.809673 0.024887
vt 0.808937 0.022385
vt 0.541156 0.790562
vt 0.543306 0.788989
vt 0.544228 0.790995
vt 0.538271 0.790240
vt 0.806038 0.027031
vt 0.808155 0.027309
vt 0.533101 0.789745
vt 0.535610 0.789940
vt 0.807428 0.024804
vt 0.212990 0.078557
vt 0.210866 0.079164
vt 0.211306 0.077479
vt 0.839633 0.029615
vt 0.839452 0.027286
vt 0.841031 0.028065
vt 0.209722 0.078514
vt 0.209736 0.076992
vt 0.841923 0.025243
vt 0.842597 0.027191
vt 0.834933 0.026717
vt 0.835454 0.029336
vt 0.836523 0.024270
vt 0.837365 0.026972
vt 0.837564 0.029417
vt 0.839150 0.024622
vt 0.840723 0.022197
vt 0.838148 0.021795
vt 0.841947 0.019575
vt 0.843223 0.022813
vt 0.847799 0.025024
vt 0.846933 0.021839
vt 0.848952 0.023486
vt 0.846756 0.026643
vt 0.845548 0.023862
vt 0.844466 0.020465
vt 0.844625 0.025688
vt 0.208059 0.076898
vt 0.206904 0.078823
vt 0.206125 0.077215
vt 0.208424 0.078517
vt 0.844205 0.027430
vt 0.845812 0.028355
vt 0.191922 0.005234
vt 0.195731 0.005831
vt 0.466055 0.224901
vt 0.471287 0.224831
vt 0.468485 0.227587
vt 0.197480 0.001151
vt 0.199198 0.004647
vt 0.469213 0.221059
vt 0.474918 0.222687
vt 0.466542 0.218038
vt 0.463476 0.222061
vt 0.463009 0.215572
vt 0.469227 0.213794
vt 0.473257 0.216761
vt 0.472564 0.204933
vt 0.467545 0.206805
vt 0.475671 0.206405
vt 0.471042 0.209410
vt 0.465319 0.211223
vt 0.474517 0.211184
vt 0.478194 0.212342
vt 0.479109 0.207445
vt 0.481979 0.213555
vt 0.478033 0.217148
vt 0.203317 0.004012
vt 0.205448 0.000296
vt 0.207433 0.004051
vt 0.201263 0.000445
vt 0.478645 0.221393
vt 0.481710 0.217988
vt 0.481414 0.221254
vt 0.857987 0.004418
vt 0.860742 0.003990
vt 0.856826 0.001074
vt 0.858928 0.002325
vt 0.411869 0.228162
vt 0.416322 0.228027
vt 0.414549 0.229806
vt 0.407649 0.226955
vt 0.413297 0.225076
vt 0.851338 0.000296
vt 0.852682 0.002933
vt 0.399021 0.223399
vt 0.402743 0.227375
vt 0.397698 0.228337
vt 0.854210 0.000515
vt 0.855554 0.003498
vt 0.403785 0.222439
vt 0.404297 0.217622
vt 0.400186 0.218432
vt 0.404162 0.213189
vt 0.407978 0.216537
vt 0.409070 0.221543
vt 0.414414 0.212483
vt 0.410004 0.210970
vt 0.416609 0.216274
vt 0.411270 0.214897
vt 0.407169 0.212314
vt 0.412996 0.218774
vt 0.421581 0.223924
vt 0.415721 0.222420
vt 0.419090 0.220160
vt 0.418655 0.225965
vt 0.247688 0.004788
vt 0.249169 0.008098
vt 0.548374 0.197262
vt 0.539670 0.192993
vt 0.545404 0.193845
vt 0.567971 0.752898
vt 0.569481 0.754969
vt 0.567158 0.754714
vt 0.572156 0.738616
vt 0.574104 0.740127
vt 0.571647 0.740505
vt 0.526491 0.191367
vt 0.529671 0.196142
vt 0.579846 0.739232
vt 0.577640 0.737765
vt 0.580671 0.737203
vt 0.533088 0.192236
vt 0.537204 0.197255
vt 0.576892 0.739697
vt 0.574787 0.738209
vt 0.576360 0.741594
vt 0.579017 0.741276
vt 0.575961 0.743653
vt 0.573746 0.741993
vt 0.566345 0.756529
vt 0.568036 0.758620
vt 0.565625 0.758354
vt 0.568713 0.756697
vt 0.571355 0.742358
vt 0.573577 0.744012
vt 0.571197 0.744372
vt 0.564851 0.787562
vt 0.562745 0.789234
vt 0.577838 0.772561
vt 0.576202 0.774794
vt 0.575458 0.772915
vt 0.565093 0.789585
vt 0.563143 0.791182
vt 0.578591 0.774438
vt 0.577027 0.776477
vt 0.581200 0.774051
vt 0.580217 0.772207
vt 0.583821 0.773570
vt 0.582265 0.775700
vt 0.579482 0.776112
vt 0.355946 0.231949
vt 0.353724 0.228019
vt 0.357212 0.227116
vt 0.354577 0.236687
vt 0.352220 0.232914
vt 0.583548 0.777317
vt 0.585214 0.775264
vt 0.586606 0.776957
vt 0.580700 0.777738
vt 0.821931 0.001230
vt 0.824094 0.001478
vt 0.563541 0.793131
vt 0.565465 0.791439
vt 0.566059 0.793317
vt 0.353146 0.241408
vt 0.350822 0.237571
vt 0.578070 0.778128
vt 0.480769 0.079073
vt 0.477493 0.076951
vt 0.481274 0.081856
vt 0.477879 0.080039
vt 0.474547 0.077257
vt 0.478462 0.083108
vt 0.474819 0.080623
vt 0.479603 0.086142
vt 0.481940 0.084594
vt 0.481228 0.088836
vt 0.477791 0.088337
vt 0.475257 0.084822
vt 0.476485 0.095000
vt 0.479428 0.093679
vt 0.478865 0.096013
vt 0.473821 0.093642
vt 0.476843 0.091396
vt 0.480156 0.091170
vt 0.474243 0.089431
vt 0.471365 0.088243
vt 0.470941 0.092238
vt 0.468159 0.087280
vt 0.471635 0.084329
vt 0.471589 0.077425
vt 0.468512 0.080559
vt 0.471658 0.080748
vt 0.468358 0.083835
vt 0.433630 0.077519
vt 0.431956 0.074884
vt 0.433185 0.080503
vt 0.431238 0.077546
vt 0.429776 0.074919
vt 0.430570 0.080559
vt 0.428960 0.077614
vt 0.432271 0.087176
vt 0.429801 0.084107
vt 0.432709 0.083713
vt 0.429031 0.087956
vt 0.427001 0.084577
vt 0.428061 0.080751
vt 0.420623 0.085972
vt 0.422460 0.089732
vt 0.422113 0.081876
vt 0.424022 0.085267
vt 0.425771 0.088863
vt 0.425319 0.081277
vt 0.426502 0.077830
vt 0.423619 0.078007
vt 0.427513 0.074801
vt 0.501271 0.120480
vt 0.500607 0.121910
vt 0.499389 0.118944
vt 0.501802 0.118217
vt 0.654554 0.725618
vt 0.656520 0.726846
vt 0.654418 0.727544
vt 0.656349 0.725170
vt 0.658748 0.725619
vt 0.503953 0.115324
vt 0.501815 0.115250
vt 0.660178 0.720414
vt 0.658565 0.722395
vt 0.658843 0.720282
vt 0.502619 0.116517
vt 0.500594 0.116968
vt 0.659720 0.722900
vt 0.657805 0.724136
vt 0.663293 0.722904
vt 0.661529 0.720425
vt 0.663242 0.720411
vt 0.663384 0.725408
vt 0.661271 0.722952
vt 0.661102 0.725517
vt 0.661121 0.728074
vt 0.663522 0.727902
vt 0.661241 0.730593
vt 0.658730 0.728369
vt 0.654111 0.729531
vt 0.656309 0.731170
vt 0.653869 0.731500
vt 0.656401 0.728866
vt 0.658773 0.730861
vt 0.659687 0.760458
vt 0.658046 0.762582
vt 0.662093 0.760157
vt 0.660402 0.762360
vt 0.658906 0.764363
vt 0.662802 0.762054
vt 0.661200 0.764056
vt 0.665412 0.761737
vt 0.664489 0.759874
vt 0.668015 0.761338
vt 0.666422 0.763395
vt 0.663653 0.763741
vt 0.381866 0.085757
vt 0.380019 0.081091
vt 0.383963 0.081058
vt 0.380079 0.090490
vt 0.377819 0.086398
vt 0.667652 0.765016
vt 0.669333 0.763036
vt 0.670655 0.764724
vt 0.664829 0.765378
vt 0.374802 0.095689
vt 0.378497 0.095184
vt 0.659761 0.766135
vt 0.662212 0.765716
vt 0.376178 0.091254
vt 0.257280 0.424990
vt 0.259351 0.426240
vt 0.771843 0.423082
vt 0.769305 0.424481
vt 0.769838 0.422741
vt 0.258931 0.424773
vt 0.260905 0.425451
vt 0.768241 0.421899
vt 0.769151 0.428762
vt 0.771667 0.426843
vt 0.766618 0.428751
vt 0.769171 0.426472
vt 0.771709 0.424948
vt 0.766626 0.426235
vt 0.761486 0.426262
vt 0.764080 0.428761
vt 0.763931 0.423617
vt 0.764049 0.426201
vt 0.766679 0.423490
vt 0.763157 0.418541
vt 0.761302 0.421159
vt 0.765100 0.418435
vt 0.763617 0.421058
vt 0.761403 0.423710
vt 0.765629 0.420864
vt 0.262122 0.424140
vt 0.261395 0.421691
vt 0.260694 0.423301
vt 0.766991 0.418243
vt 0.767383 0.420291
vt 0.099380 0.414965
vt 0.101844 0.414132
vt 0.097744 0.413753
vt 0.100233 0.413411
vt 0.955390 0.419238
vt 0.958052 0.420545
vt 0.955608 0.421105
vt 0.959106 0.417834
vt 0.957428 0.418770
vt 0.097172 0.409593
vt 0.096399 0.412194
vt 0.960467 0.414062
vt 0.961824 0.416741
vt 0.960022 0.416134
vt 0.097947 0.411222
vt 0.966240 0.417011
vt 0.964337 0.414367
vt 0.966167 0.419615
vt 0.963882 0.416930
vt 0.962375 0.414265
vt 0.963582 0.419552
vt 0.963512 0.424814
vt 0.966119 0.422218
vt 0.960856 0.422280
vt 0.963499 0.422199
vt 0.960753 0.419461
vt 0.955717 0.423035
vt 0.958331 0.424917
vt 0.958250 0.422583
vt 0.960918 0.424852
vt 0.769687 0.466477
vt 0.772099 0.464467
vt 0.767134 0.464522
vt 0.769624 0.464450
vt 0.772046 0.462553
vt 0.767088 0.462674
vt 0.769576 0.462613
vt 0.762133 0.464737
vt 0.764684 0.466632
vt 0.762094 0.462785
vt 0.764635 0.464585
vt 0.767192 0.466560
vt 0.764513 0.458837
vt 0.762053 0.460836
vt 0.767048 0.460826
vt 0.764554 0.460878
vt 0.764593 0.462731
vt 0.772006 0.460638
vt 0.769499 0.458752
vt 0.769535 0.460777
vt 0.767010 0.458791
vt 0.956172 0.461371
vt 0.958648 0.463359
vt 0.956181 0.459441
vt 0.958674 0.461307
vt 0.961204 0.461332
vt 0.961181 0.463407
vt 0.961213 0.459452
vt 0.958663 0.455526
vt 0.956170 0.457508
vt 0.956139 0.455572
vt 0.961210 0.457572
vt 0.958680 0.457583
vt 0.958683 0.459446
vt 0.966304 0.457462
vt 0.963747 0.455485
vt 0.966310 0.459457
vt 0.963754 0.457566
vt 0.961199 0.455501
vt 0.963740 0.463442
vt 0.966314 0.461454
vt 0.963752 0.461349
vt 0.963755 0.459456
vt 0.695545 0.416362
vt 0.692895 0.415135
vt 0.695966 0.418107
vt 0.693321 0.416974
vt 0.691061 0.417496
vt 0.690637 0.415646
vt 0.691451 0.419177
vt 0.997056 0.422501
vt 0.999026 0.425082
vt 0.997035 0.425063
vt 0.999175 0.419954
vt 0.999151 0.422521
vt 0.694116 0.420326
vt 0.696400 0.419855
vt 0.693715 0.418646
vt 0.999106 0.414835
vt 0.997101 0.417374
vt 0.686916 0.420218
vt 0.689569 0.421383
vt 0.687320 0.421983
vt 0.997078 0.419937
vt 0.691842 0.420861
vt 0.688369 0.416162
vt 0.686508 0.418453
vt 0.688795 0.418017
vt 0.689182 0.419699
vt 0.722815 0.407693
vt 0.721585 0.409674
vt 0.724535 0.407460
vt 0.723281 0.409356
vt 0.722136 0.411318
vt 0.724645 0.410204
vt 0.723697 0.410665
vt 0.996612 0.461310
vt 0.998709 0.463147
vt 0.996587 0.459361
vt 0.998664 0.461009
vt 0.726142 0.409291
vt 0.726327 0.407302
vt 0.724639 0.409151
vt 0.998628 0.455557
vt 0.996583 0.457415
vt 0.724486 0.411950
vt 0.722784 0.412995
vt 0.998629 0.457678
vt 0.725591 0.410793
vt 0.355234 0.533909
vt 0.353327 0.531477
vt 0.353244 0.536369
vt 0.353236 0.533914
vt 0.351433 0.531465
vt 0.351415 0.536371
vt 0.351419 0.533909
vt 0.353359 0.541307
vt 0.355274 0.538825
vt 0.351428 0.541313
vt 0.353254 0.538835
vt 0.355255 0.536358
vt 0.730953 0.422075
vt 0.728921 0.419604
vt 0.728957 0.424661
vt 0.728888 0.422130
vt 0.349584 0.538844
vt 0.349499 0.541318
vt 0.351420 0.538840
vt 0.729213 0.429720
vt 0.731101 0.427127
vt 0.349595 0.533897
vt 0.349540 0.531437
vt 0.731025 0.424601
vt 0.349583 0.536368
vt 0.353941 0.503122
vt 0.355668 0.501377
vt 0.352118 0.502955
vt 0.353855 0.501305
vt 0.355489 0.499569
vt 0.352658 0.500111
vt 0.353739 0.499865
vt 0.732562 0.461528
vt 0.730508 0.459774
vt 0.732471 0.459617
vt 0.732615 0.463423
vt 0.730575 0.461846
vt 0.350902 0.500689
vt 0.350231 0.502692
vt 0.352412 0.501193
vt 0.730672 0.467160
vt 0.732647 0.465319
vt 0.353239 0.498362
vt 0.355228 0.497709
vt 0.730648 0.465089
vt 0.351830 0.499281
vt 0.965710 0.324777
vt 0.967634 0.322273
vt 0.967654 0.324776
vt 0.963777 0.324779
vt 0.965596 0.322293
vt 0.965563 0.319808
vt 0.967599 0.319777
vt 0.963719 0.319837
vt 0.082634 0.322017
vt 0.084803 0.324332
vt 0.084618 0.319670
vt 0.084550 0.321935
vt 0.961915 0.322336
vt 0.961867 0.324785
vt 0.963752 0.322313
vt 0.085331 0.315063
vt 0.082927 0.317093
vt 0.963641 0.314880
vt 0.961829 0.317393
vt 0.961706 0.314922
vt 0.082709 0.319555
vt 0.961879 0.319867
vt 0.967557 0.317281
vt 0.965562 0.314834
vt 0.967502 0.314780
vt 0.965521 0.317322
vt 0.963677 0.317358
vt 0.997648 0.321807
vt 0.999635 0.324304
vt 0.999667 0.319264
vt 0.999704 0.321782
vt 0.604136 0.441161
vt 0.605885 0.438960
vt 0.606316 0.440691
vt 0.601511 0.440162
vt 0.603697 0.439541
vt 0.999464 0.314232
vt 0.997565 0.316790
vt 0.597053 0.441469
vt 0.599794 0.442475
vt 0.597548 0.443254
vt 0.997610 0.319298
vt 0.601988 0.441789
vt 0.598330 0.437318
vt 0.596573 0.439700
vt 0.601050 0.438516
vt 0.598834 0.439150
vt 0.599303 0.440813
vt 0.605438 0.437219
vt 0.602764 0.436078
vt 0.603253 0.437899
vt 0.600550 0.436695
vt 0.758796 0.326897
vt 0.760759 0.329359
vt 0.760805 0.324398
vt 0.760827 0.326876
vt 0.762681 0.329335
vt 0.762644 0.324384
vt 0.762667 0.326858
vt 0.760693 0.319451
vt 0.758763 0.321929
vt 0.762614 0.319458
vt 0.760791 0.321923
vt 0.758777 0.324412
vt 0.267251 0.332881
vt 0.265319 0.330267
vt 0.265060 0.335388
vt 0.265151 0.332829
vt 0.764457 0.321901
vt 0.764514 0.319458
vt 0.762626 0.321914
vt 0.264952 0.340449
vt 0.267035 0.338044
vt 0.764515 0.326839
vt 0.764619 0.329314
vt 0.267158 0.335470
vt 0.764481 0.324365
vt 0.727053 0.329565
vt 0.728979 0.327050
vt 0.729002 0.329540
vt 0.351639 0.630198
vt 0.349810 0.632672
vt 0.349712 0.630203
vt 0.726925 0.324566
vt 0.728966 0.324559
vt 0.351649 0.635139
vt 0.349814 0.635143
vt 0.355500 0.632660
vt 0.353566 0.630194
vt 0.353484 0.635135
vt 0.353479 0.632665
vt 0.351644 0.632669
vt 0.353586 0.640076
vt 0.355510 0.637602
vt 0.351658 0.640080
vt 0.353489 0.637606
vt 0.355505 0.635131
vt 0.728959 0.322069
vt 0.727019 0.319571
vt 0.728961 0.319582
vt 0.726920 0.322069
vt 0.349819 0.637613
vt 0.349731 0.640083
vt 0.351654 0.637609
vt 0.276103 0.451667
vt 0.274387 0.454241
vt 0.278098 0.450782
vt 0.276917 0.454164
vt 0.274296 0.456231
vt 0.279404 0.453506
vt 0.277007 0.456693
vt 0.283352 0.449388
vt 0.279873 0.449569
vt 0.281342 0.448098
vt 0.285640 0.450678
vt 0.281581 0.451807
vt 0.283649 0.453715
vt 0.289576 0.455023
vt 0.288097 0.451659
vt 0.288389 0.458010
vt 0.286344 0.454719
vt 0.284895 0.457691
vt 0.284121 0.463803
vt 0.287458 0.461090
vt 0.281150 0.460946
vt 0.284235 0.460701
vt 0.280833 0.457261
vt 0.275688 0.463331
vt 0.278301 0.464560
vt 0.275097 0.462065
vt 0.278306 0.462082
vt 0.281148 0.464032
vt 0.277610 0.460202
vt 0.273742 0.458156
vt 0.274181 0.460975
vt 0.275912 0.459011
vt 0.078698 0.443527
vt 0.077184 0.440629
vt 0.079198 0.441571
vt 0.078594 0.445571
vt 0.076071 0.443173
vt 0.075136 0.439437
vt 0.075769 0.445813
vt 0.073499 0.442231
vt 0.078485 0.450391
vt 0.079014 0.447569
vt 0.077628 0.451364
vt 0.076769 0.448297
vt 0.075011 0.449372
vt 0.074324 0.453705
vt 0.077058 0.452562
vt 0.071280 0.452991
vt 0.074323 0.451186
vt 0.071341 0.449835
vt 0.064714 0.449665
vt 0.068101 0.452634
vt 0.067482 0.446214
vt 0.068094 0.449410
vt 0.071727 0.446093
vt 0.064342 0.439594
vt 0.062642 0.443034
vt 0.067014 0.438716
vt 0.066053 0.442965
vt 0.063824 0.446301
vt 0.068957 0.442102
vt 0.073304 0.437919
vt 0.069530 0.437470
vt 0.071292 0.440214
vt 0.773746 0.498663
vt 0.770993 0.496945
vt 0.773989 0.500549
vt 0.771323 0.499278
vt 0.768756 0.499791
vt 0.768372 0.497142
vt 0.771773 0.501333
vt 0.773602 0.504336
vt 0.774421 0.502362
vt 0.774840 0.504068
vt 0.772929 0.504912
vt 0.772648 0.503004
vt 0.771477 0.503995
vt 0.771452 0.507128
vt 0.772823 0.505799
vt 0.773218 0.506957
vt 0.769419 0.507196
vt 0.771155 0.505400
vt 0.769181 0.505079
vt 0.766978 0.505307
vt 0.767382 0.507472
vt 0.764590 0.506033
vt 0.766497 0.502892
vt 0.765742 0.497275
vt 0.763345 0.500249
vt 0.766091 0.500141
vt 0.763861 0.503311
vt 0.957577 0.494412
vt 0.954746 0.496154
vt 0.954898 0.494211
vt 0.959838 0.497361
vt 0.957204 0.496794
vt 0.954484 0.498048
vt 0.956694 0.498886
vt 0.965467 0.497974
vt 0.963004 0.494764
vt 0.965698 0.494834
vt 0.964836 0.501224
vt 0.962597 0.497785
vt 0.960285 0.494624
vt 0.962092 0.500660
vt 0.961435 0.503083
vt 0.963921 0.504033
vt 0.960850 0.505240
vt 0.959132 0.502704
vt 0.959117 0.500231
vt 0.955342 0.503176
vt 0.956563 0.504561
vt 0.954768 0.504218
vt 0.955323 0.502398
vt 0.957039 0.502910
vt 0.958708 0.504783
vt 0.956843 0.501562
vt 0.954003 0.499871
vt 0.954714 0.501894
vt 0.953542 0.501576
vt 0.955734 0.500565
vt 0.685975 0.380385
vt 0.685854 0.377769
vt 0.688186 0.380654
vt 0.686224 0.382972
vt 0.683947 0.379662
vt 0.683799 0.376667
vt 0.683668 0.382988
vt 0.686972 0.387634
vt 0.688914 0.385220
vt 0.684654 0.388065
vt 0.686558 0.385346
vt 0.688540 0.382935
vt 0.684207 0.385746
vt 0.679657 0.387230
vt 0.682341 0.388519
vt 0.680049 0.388996
vt 0.679265 0.385452
vt 0.681893 0.386381
vt 0.681397 0.384392
vt 0.015996 0.440041
vt 0.014906 0.437137
vt 0.019329 0.439961
vt 0.017361 0.442780
vt 0.678843 0.383677
vt 0.680625 0.382381
vt 0.022037 0.448732
vt 0.023523 0.445805
vt 0.682041 0.378364
vt 0.681722 0.375545
vt 0.019533 0.445519
vt 0.021435 0.442881
vt 0.681813 0.380698
vt 0.716444 0.375187
vt 0.714657 0.376081
vt 0.716063 0.372659
vt 0.718119 0.374125
vt 0.716739 0.377631
vt 0.715007 0.378291
vt 0.718383 0.376967
vt 0.993839 0.502144
vt 0.993947 0.505430
vt 0.995855 0.499020
vt 0.996352 0.502318
vt 0.719886 0.372946
vt 0.717770 0.371001
vt 0.719503 0.369273
vt 0.720166 0.376192
vt 0.999193 0.496851
vt 0.997189 0.496341
vt 0.720867 0.380985
vt 0.718753 0.379338
vt 0.720482 0.378758
vt 0.998187 0.499401
vt 0.715395 0.380476
vt 0.717452 0.381996
vt 0.715771 0.382381
vt 0.717126 0.379830
vt 0.719137 0.381523
vt 0.392657 0.532599
vt 0.392038 0.530402
vt 0.395273 0.531997
vt 0.393691 0.534511
vt 0.389989 0.533000
vt 0.389552 0.530597
vt 0.390506 0.535664
vt 0.327680 0.460874
vt 0.329091 0.463806
vt 0.329287 0.458275
vt 0.331074 0.460921
vt 0.395275 0.536147
vt 0.396581 0.533762
vt 0.397942 0.535517
vt 0.393118 0.537107
vt 0.333841 0.455934
vt 0.330874 0.455682
vt 0.390916 0.540863
vt 0.389577 0.538361
vt 0.391733 0.538757
vt 0.332787 0.458445
vt 0.385102 0.538323
vt 0.387057 0.540818
vt 0.385056 0.535821
vt 0.387427 0.538297
vt 0.388997 0.540815
vt 0.387566 0.535751
vt 0.387044 0.530761
vt 0.384977 0.533333
vt 0.384879 0.530870
vt 0.387450 0.533222
vt 0.390474 0.500079
vt 0.393017 0.499891
vt 0.390225 0.502051
vt 0.387982 0.500330
vt 0.390914 0.498220
vt 0.393844 0.497891
vt 0.388162 0.498542
vt 0.383324 0.500653
vt 0.385432 0.502382
vt 0.383369 0.498809
vt 0.385639 0.500459
vt 0.387826 0.502238
vt 0.385704 0.498694
vt 0.732547 0.497157
vt 0.730944 0.499464
vt 0.730582 0.497152
vt 0.732876 0.499012
vt 0.731668 0.501915
vt 0.383460 0.496904
vt 0.385818 0.496837
vt 0.734682 0.507515
vt 0.735203 0.504514
vt 0.391409 0.496280
vt 0.394702 0.495864
vt 0.732973 0.504648
vt 0.733810 0.501597
vt 0.388391 0.496638
vt 0.041824 0.320446
vt 0.044351 0.323656
vt 0.041819 0.323765
vt 0.044561 0.317337
vt 0.044447 0.320476
vt 0.046786 0.323535
vt 0.046840 0.317470
vt 0.046756 0.320488
vt 0.045089 0.311033
vt 0.042199 0.313933
vt 0.042579 0.310628
vt 0.047497 0.311439
vt 0.044812 0.314205
vt 0.041968 0.317188
vt 0.051631 0.314998
vt 0.049819 0.311859
vt 0.052042 0.312304
vt 0.049058 0.317599
vt 0.049307 0.314717
vt 0.047108 0.314462
vt 0.049148 0.323387
vt 0.051312 0.320479
vt 0.051414 0.323193
vt 0.048971 0.320489
vt 0.051406 0.317736
vt 0.000426 0.321641
vt 0.003023 0.318291
vt 0.597929 0.403925
vt 0.595117 0.402634
vt 0.597536 0.402058
vt 0.000421 0.314828
vt 0.003179 0.314988
vt 0.593075 0.404957
vt 0.592653 0.403155
vt 0.596354 0.408181
vt 0.598342 0.405795
vt 0.593501 0.406741
vt 0.595912 0.406218
vt 0.595511 0.404432
vt 0.588762 0.407958
vt 0.591595 0.409207
vt 0.588207 0.406133
vt 0.591102 0.407285
vt 0.593960 0.408691
vt 0.003407 0.311688
vt 0.001213 0.308057
vt 0.000691 0.311425
vt 0.590163 0.403718
vt 0.587622 0.404263
vt 0.590636 0.405518
vt 0.307275 0.343371
vt 0.309896 0.340553
vt 0.304962 0.343123
vt 0.307425 0.340360
vt 0.307625 0.337363
vt 0.310092 0.337505
vt 0.305416 0.337241
vt 0.300709 0.339828
vt 0.302690 0.342874
vt 0.303234 0.337127
vt 0.303051 0.340012
vt 0.305216 0.340184
vt 0.303276 0.331312
vt 0.300976 0.334177
vt 0.305605 0.331307
vt 0.303345 0.334228
vt 0.300873 0.337009
vt 0.310257 0.334448
vt 0.307964 0.331322
vt 0.307766 0.334356
vt 0.305535 0.334287
vt 0.346001 0.342687
vt 0.348114 0.345923
vt 0.345766 0.345699
vt 0.348703 0.339815
vt 0.348485 0.342878
vt 0.390873 0.632586
vt 0.389033 0.630113
vt 0.390964 0.630112
vt 0.389039 0.635064
vt 0.389035 0.632589
vt 0.348906 0.333657
vt 0.346382 0.336618
vt 0.346517 0.333588
vt 0.389051 0.640013
vt 0.390882 0.637534
vt 0.390983 0.640008
vt 0.346203 0.339656
vt 0.390877 0.635060
vt 0.385180 0.637547
vt 0.387120 0.640019
vt 0.385184 0.640023
vt 0.387201 0.635067
vt 0.387206 0.637542
vt 0.389045 0.637538
vt 0.387098 0.630115
vt 0.385170 0.632596
vt 0.385164 0.630119
vt 0.387196 0.632592
vt 0.385176 0.635071
vt 0.666003 0.070556
vt 0.668072 0.070040
vt 0.667668 0.071074
vt 0.664699 0.068645
vt 0.666470 0.069341
vt 0.668449 0.069233
vt 0.665081 0.067700
vt 0.666852 0.068486
vt 0.660818 0.067307
vt 0.662335 0.069334
vt 0.661182 0.066172
vt 0.662818 0.067936
vt 0.664221 0.069965
vt 0.664230 0.064473
vt 0.661575 0.065025
vt 0.665505 0.066763
vt 0.663603 0.065912
vt 0.663197 0.066931
vt 0.668876 0.068440
vt 0.667911 0.066442
vt 0.667264 0.067631
vt 0.666160 0.065457
vt 0.684165 0.077441
vt 0.684188 0.078395
vt 0.683226 0.077102
vt 0.684267 0.076924
vt 0.684978 0.077741
vt 0.685325 0.078679
vt 0.684822 0.077265
vt 0.684682 0.076579
vt 0.683877 0.075891
vt 0.685600 0.076145
vt 0.685324 0.077201
vt 0.683470 0.076468
vt 0.686528 0.079012
vt 0.687094 0.078214
vt 0.687834 0.079367
vt 0.685839 0.077932
vt 0.686350 0.077160
vt 0.691517 0.525165
vt 0.689339 0.527469
vt 0.693800 0.525275
vt 0.691515 0.527567
vt 0.691420 0.529978
vt 0.689233 0.529896
vt 0.693618 0.530050
vt 0.684024 0.043772
vt 0.687444 0.043810
vt 0.683444 0.040456
vt 0.685475 0.042007
vt 0.695875 0.527732
vt 0.696066 0.525372
vt 0.693703 0.527654
vt 0.679070 0.037734
vt 0.680115 0.040922
vt 0.693503 0.534869
vt 0.695749 0.532502
vt 0.695821 0.534900
vt 0.682098 0.042306
vt 0.695806 0.530111
vt 0.689143 0.532338
vt 0.691174 0.534830
vt 0.691343 0.532400
vt 0.693554 0.532454
vt 0.691298 0.495383
vt 0.693007 0.497331
vt 0.690997 0.497187
vt 0.692001 0.493628
vt 0.693384 0.495513
vt 0.695215 0.497365
vt 0.695103 0.494513
vt 0.695171 0.495593
vt 0.708352 0.075273
vt 0.709235 0.077086
vt 0.706615 0.075750
vt 0.707567 0.073981
vt 0.693061 0.491950
vt 0.693897 0.494107
vt 0.694955 0.492851
vt 0.706510 0.070759
vt 0.705160 0.072961
vt 0.704618 0.071566
vt 0.697022 0.495359
vt 0.697478 0.497324
vt 0.707112 0.072620
vt 0.705833 0.074373
vt 0.696284 0.493916
vt 0.195387 0.613760
vt 0.194878 0.610253
vt 0.197509 0.610561
vt 0.192979 0.617035
vt 0.192154 0.613228
vt 0.192251 0.609995
vt 0.189317 0.616256
vt 0.189384 0.612503
vt 0.186743 0.619538
vt 0.190399 0.620379
vt 0.184736 0.623177
vt 0.183164 0.618416
vt 0.185283 0.614969
vt 0.176710 0.615006
vt 0.177750 0.619496
vt 0.175039 0.616943
vt 0.178160 0.612873
vt 0.179861 0.616750
vt 0.181186 0.621680
vt 0.181269 0.614155
vt 0.182143 0.608878
vt 0.179296 0.610533
vt 0.184125 0.609063
vt 0.181916 0.611539
vt 0.184570 0.611806
vt 0.187366 0.610994
vt 0.186075 0.608898
vt 0.189851 0.609463
vt 0.233662 0.614402
vt 0.230883 0.614014
vt 0.537435 0.519910
vt 0.538942 0.517831
vt 0.539938 0.519536
vt 0.231808 0.617331
vt 0.228825 0.617185
vt 0.541435 0.517550
vt 0.542609 0.519235
vt 0.537483 0.514179
vt 0.535797 0.516281
vt 0.535068 0.514452
vt 0.539898 0.513905
vt 0.538168 0.516103
vt 0.536616 0.518093
vt 0.540594 0.515827
vt 0.543243 0.515527
vt 0.542314 0.513631
vt 0.545906 0.515132
vt 0.544261 0.517229
vt 0.226726 0.620400
vt 0.227440 0.623968
vt 0.229765 0.620544
vt 0.545502 0.518907
vt 0.547254 0.516889
vt 0.548603 0.518647
vt 0.532075 0.483525
vt 0.534187 0.485191
vt 0.532465 0.481577
vt 0.534421 0.483166
vt 0.536599 0.484914
vt 0.534784 0.481310
vt 0.536843 0.482887
vt 0.811569 0.620153
vt 0.810309 0.618037
vt 0.813695 0.619847
vt 0.812992 0.622386
vt 0.532851 0.479633
vt 0.535366 0.479428
vt 0.537273 0.481022
vt 0.816290 0.627412
vt 0.816845 0.624731
vt 0.543087 0.480350
vt 0.540925 0.478781
vt 0.544003 0.478335
vt 0.814544 0.624828
vt 0.815265 0.622277
vt 0.540096 0.480695
vt 0.538033 0.479116
vt 0.539488 0.482582
vt 0.542170 0.482366
vt 0.539012 0.484638
vt 0.847320 0.616111
vt 0.847219 0.618163
vt 0.845564 0.616714
vt 0.848318 0.617004
vt 0.849113 0.618973
vt 0.845633 0.619127
vt 0.843567 0.617044
vt 0.848474 0.621187
vt 0.852925 0.617921
vt 0.850788 0.616973
vt 0.852094 0.616154
vt 0.853774 0.619756
vt 0.851005 0.618798
vt 0.849503 0.617260
vt 0.851437 0.620703
vt 0.853870 0.624805
vt 0.854815 0.621464
vt 0.855998 0.623055
vt 0.851255 0.626275
vt 0.852407 0.622667
vt 0.849914 0.623790
vt 0.847249 0.624485
vt 0.848592 0.627241
vt 0.844529 0.624977
vt 0.845486 0.621958
vt 0.841457 0.617213
vt 0.841005 0.619912
vt 0.839396 0.617464
vt 0.843495 0.619565
vt 0.842733 0.622420
vt 0.160868 0.642661
vt 0.157066 0.642831
vt 0.162058 0.647433
vt 0.159294 0.645401
vt 0.649555 0.182166
vt 0.652655 0.182933
vt 0.651371 0.184106
vt 0.647076 0.180209
vt 0.651268 0.180402
vt 0.169732 0.649154
vt 0.168075 0.645294
vt 0.172091 0.645726
vt 0.643590 0.174715
vt 0.643944 0.178260
vt 0.641052 0.176285
vt 0.165672 0.648541
vt 0.164125 0.644208
vt 0.646364 0.175981
vt 0.648062 0.173618
vt 0.645681 0.172932
vt 0.649054 0.171174
vt 0.650538 0.173917
vt 0.649676 0.177118
vt 0.655734 0.173286
vt 0.653544 0.171042
vt 0.655654 0.176079
vt 0.653035 0.173802
vt 0.651240 0.171191
vt 0.652824 0.176519
vt 0.653340 0.179313
vt 0.655753 0.178828
vt 0.654206 0.181912
vt 0.868387 0.643294
vt 0.865531 0.642900
vt 0.695865 0.183707
vt 0.697740 0.182163
vt 0.697623 0.184104
vt 0.864371 0.646393
vt 0.863012 0.643887
vt 0.696159 0.181321
vt 0.698632 0.180819
vt 0.692025 0.182712
vt 0.694300 0.180696
vt 0.693986 0.183174
vt 0.692064 0.180417
vt 0.694577 0.178346
vt 0.697060 0.178884
vt 0.694103 0.173525
vt 0.692099 0.175450
vt 0.696183 0.173771
vt 0.694458 0.175996
vt 0.692126 0.177938
vt 0.696595 0.176241
vt 0.698695 0.176278
vt 0.698173 0.173867
vt 0.700881 0.176309
vt 0.699527 0.178533
vt 0.860025 0.644509
vt 0.858650 0.647277
vt 0.857031 0.644671
vt 0.861649 0.647014
vt 0.700344 0.180537
vt 0.701739 0.178680
vt 0.702419 0.180949
vt 0.211216 0.649543
vt 0.208189 0.649100
vt 0.567965 0.516441
vt 0.569471 0.514359
vt 0.570469 0.516064
vt 0.620423 0.171489
vt 0.621582 0.169273
vt 0.622642 0.169849
vt 0.572022 0.515471
vt 0.573972 0.513959
vt 0.574657 0.515879
vt 0.568008 0.510704
vt 0.566321 0.512807
vt 0.565591 0.510979
vt 0.573445 0.510069
vt 0.571220 0.511726
vt 0.571062 0.509709
vt 0.568695 0.512629
vt 0.567143 0.514624
vt 0.573614 0.512091
vt 0.571513 0.513581
vt 0.576231 0.512490
vt 0.575831 0.510429
vt 0.578891 0.512808
vt 0.576764 0.514389
vt 0.624040 0.168168
vt 0.623609 0.166247
vt 0.622533 0.167994
vt 0.577513 0.516322
vt 0.579721 0.514854
vt 0.580548 0.516885
vt 0.562579 0.480026
vt 0.564697 0.481694
vt 0.562970 0.478071
vt 0.564931 0.479664
vt 0.576064 0.479256
vt 0.577702 0.481491
vt 0.575320 0.481137
vt 0.576889 0.477571
vt 0.578456 0.479612
vt 0.828076 0.646508
vt 0.826797 0.644239
vt 0.724508 0.188902
vt 0.725790 0.187041
vt 0.726327 0.189254
vt 0.563361 0.476115
vt 0.565298 0.477804
vt 0.577933 0.475918
vt 0.579347 0.477935
vt 0.724623 0.182170
vt 0.723382 0.184076
vt 0.585085 0.478784
vt 0.583418 0.476729
vt 0.586479 0.477088
vt 0.725223 0.184669
vt 0.723934 0.186484
vt 0.582134 0.478348
vt 0.580566 0.476307
vt 0.581068 0.479999
vt 0.583691 0.480480
vt 0.580084 0.481845
vt 0.656785 0.090109
vt 0.654259 0.091337
vt 0.658845 0.090614
vt 0.656239 0.092254
vt 0.653704 0.093297
vt 0.658324 0.092911
vt 0.655600 0.094362
vt 0.662609 0.093480
vt 0.660904 0.091053
vt 0.662326 0.095583
vt 0.660477 0.093278
vt 0.660142 0.095638
vt 0.660026 0.098184
vt 0.662110 0.097728
vt 0.660176 0.100738
vt 0.658101 0.098902
vt 0.657683 0.095743
vt 0.654429 0.101885
vt 0.656537 0.102802
vt 0.654833 0.103671
vt 0.653971 0.100004
vt 0.656294 0.100227
vt 0.658340 0.101753
vt 0.655749 0.098050
vt 0.654619 0.096427
vt 0.653331 0.098250
vt 0.653076 0.095208
vt 0.687370 0.093425
vt 0.686133 0.094893
vt 0.688749 0.093656
vt 0.687605 0.095106
vt 0.686210 0.096691
vt 0.688992 0.095362
vt 0.687769 0.096945
vt 0.690448 0.095747
vt 0.690173 0.093841
vt 0.692124 0.096166
vt 0.690793 0.097875
vt 0.689238 0.097293
vt 0.691621 0.103019
vt 0.693032 0.101047
vt 0.693481 0.103673
vt 0.689806 0.102190
vt 0.691154 0.100302
vt 0.692586 0.098550
vt 0.689508 0.099605
vt 0.686315 0.100566
vt 0.687938 0.099064
vt 0.688038 0.101333
vt 0.686281 0.098584
vt 0.638071 0.119397
vt 0.639024 0.118946
vt 0.654517 0.528466
vt 0.656485 0.527236
vt 0.656314 0.528913
vt 0.637774 0.118484
vt 0.638378 0.117745
vt 0.658715 0.528465
vt 0.657771 0.529949
vt 0.656276 0.522906
vt 0.654074 0.524548
vt 0.653831 0.522576
vt 0.658743 0.523217
vt 0.656367 0.525214
vt 0.654381 0.526537
vt 0.658699 0.525712
vt 0.661092 0.526008
vt 0.661213 0.523487
vt 0.663495 0.526182
vt 0.661072 0.528568
vt 0.661496 0.533663
vt 0.663262 0.531184
vt 0.660145 0.533673
vt 0.661239 0.531135
vt 0.663355 0.528679
vt 0.659687 0.531186
vt 0.637497 0.116626
vt 0.635907 0.116781
vt 0.637035 0.117606
vt 0.658531 0.531691
vt 0.658810 0.533805
vt 0.658009 0.491472
vt 0.659653 0.493598
vt 0.658869 0.489688
vt 0.660367 0.491694
vt 0.662062 0.493897
vt 0.661166 0.489995
vt 0.662771 0.491998
vt 0.718698 0.110227
vt 0.719042 0.112620
vt 0.716680 0.109782
vt 0.718133 0.107727
vt 0.659724 0.487914
vt 0.662178 0.488332
vt 0.663622 0.490309
vt 0.716665 0.102066
vt 0.715333 0.104419
vt 0.669307 0.491011
vt 0.667624 0.489030
vt 0.670629 0.489321
vt 0.717482 0.105019
vt 0.716036 0.107113
vt 0.666394 0.490653
vt 0.664798 0.488669
vt 0.665384 0.492313
vt 0.667989 0.492710
vt 0.664462 0.494179
vt 0.584653 0.041592
vt 0.582499 0.039331
vt 0.584323 0.042908
vt 0.582147 0.041157
vt 0.579619 0.040750
vt 0.579889 0.038902
vt 0.579438 0.042048
vt 0.581386 0.045394
vt 0.584007 0.044200
vt 0.583637 0.045795
vt 0.579270 0.043328
vt 0.581679 0.043688
vt 0.581908 0.042438
vt 0.574353 0.042964
vt 0.576685 0.044820
vt 0.574325 0.044670
vt 0.574380 0.041582
vt 0.576824 0.043060
vt 0.579054 0.045076
vt 0.577230 0.038550
vt 0.574418 0.040168
vt 0.577047 0.040445
vt 0.576931 0.041770
vt 0.587908 0.007539
vt 0.591053 0.006051
vt 0.590420 0.008218
vt 0.585923 0.004502
vt 0.588532 0.005220
vt 0.695436 0.624651
vt 0.693224 0.622225
vt 0.695549 0.622230
vt 0.693220 0.627071
vt 0.693221 0.624649
vt 0.580312 0.003308
vt 0.582694 0.006310
vt 0.580013 0.005839
vt 0.693224 0.631916
vt 0.695436 0.629491
vt 0.695549 0.631911
vt 0.585331 0.006907
vt 0.695435 0.627071
vt 0.688813 0.629497
vt 0.690898 0.631919
vt 0.691004 0.627071
vt 0.691005 0.629495
vt 0.693221 0.629493
vt 0.690897 0.622222
vt 0.688812 0.624646
vt 0.691005 0.624647
vt 0.688812 0.627072
vt 0.581069 0.072579
vt 0.579007 0.070261
vt 0.580717 0.074749
vt 0.578743 0.072385
vt 0.576416 0.072160
vt 0.576612 0.070024
vt 0.576241 0.074269
vt 0.578042 0.078433
vt 0.580377 0.076854
vt 0.580056 0.078666
vt 0.576094 0.076328
vt 0.578254 0.076500
vt 0.578491 0.074479
vt 0.571680 0.076336
vt 0.573876 0.078233
vt 0.571772 0.078286
vt 0.571651 0.074095
vt 0.573906 0.076240
vt 0.575974 0.078297
vt 0.574193 0.069821
vt 0.571674 0.071796
vt 0.574065 0.072000
vt 0.573971 0.074155
vt 0.663476 0.624657
vt 0.661784 0.622231
vt 0.663475 0.622227
vt 0.661725 0.627085
vt 0.661722 0.624659
vt 0.660469 0.622234
vt 0.660472 0.627086
vt 0.660469 0.624661
vt 0.661792 0.631940
vt 0.663479 0.629511
vt 0.660462 0.631935
vt 0.661726 0.629511
vt 0.663477 0.627084
vt 0.572453 0.103264
vt 0.570309 0.104631
vt 0.574371 0.104884
vt 0.572350 0.104749
vt 0.659220 0.629509
vt 0.659149 0.631931
vt 0.660471 0.629510
vt 0.578314 0.105186
vt 0.576545 0.103630
vt 0.659215 0.624663
vt 0.659138 0.622236
vt 0.574505 0.103426
vt 0.659219 0.627087
vt 0.028657 0.195403
vt 0.727997 0.153789
vt 0.804807 0.029164
vt 0.820707 0.003428
vt 0.211961 0.080637
vt 0.373857 0.099934
vt 0.244549 0.004884
vt 0.402633 0.041147
vt 0.102098 0.464779
vt 0.100443 0.465164
vt 0.099748 0.465710
vt 0.099641 0.466631
vt 0.252341 0.474549
vt 0.252980 0.475333
vt 0.253293 0.476400
vt 0.334652 0.453226
vt 0.999704 0.494471
vt 0.235272 0.611615
vt 0.213020 0.646508
vt 0.185624 0.577730
vt 0.187227 0.576642
vt 0.184219 0.578024
vt 0.182813 0.577569
vt 0.181127 0.576465
vt 0.638052 0.120544
vt 0.830315 0.646240
vt 0.938068 0.647869
vt 0.962007 0.647869
vt 0.884205 0.647870
vt 0.266547 0.242943
vt 0.109078 0.230517
vt 0.995658 0.216688
vt 0.993553 0.180803
vt 0.728237 0.227521
vt 0.729101 0.186708
vt 0.765253 0.147704
vt 0.262826 0.186538
vt 0.125136 0.172262
vt 0.455962 0.001816
vt 0.194455 0.002890
vt 0.570469 0.753265
vt 0.349499 0.241892
vt 0.260001 0.424305
vt 0.099014 0.412403
vt 0.999191 0.417388
vt 0.998514 0.459343
vt 0.729034 0.427192
vt 0.730740 0.463465
vt 0.084808 0.317386
vt 0.999619 0.316746
vt 0.264969 0.337940
vt 0.726938 0.327064
vt 0.769359 0.502607
vt 0.000296 0.318238
vt 0.348880 0.336745
vt 0.681340 0.039016
vt 0.866540 0.645055
vt 0.620951 0.169732
vt 0.565885 0.475918
vt 0.583225 0.003821
vt 0.576375 0.105049
s 1
g off
g base_wood
usemtl wood
f 2/1/1 3/2/2 1/3/1
f 4/4/2 5/5/3 3/2/2
f 6/6/3 7/7/4 5/5/3
f 8/8/4 9/9/5 7/7/4
f 10/10/5 11/11/6 9/9/5
f 12/12/6 13/13/7 11/11/6
f 13/13/7 16/14/8 15/15/8
f 16/14/8 17/16/9 15/15/8
f 18/17/9 19/18/10 17/16/9
f 20/19/10 21/20/11 19/18/10
f 22/21/11 23/22/12 21/23/11
f 24/24/12 25/25/13 23/22/12
f 26/26/13 27/27/14 25/25/13
f 27/27/14 30/28/15 29/29/15
f 30/28/15 31/30/16 29/29/15
f 32/31/16 1/3/1 31/30/16
f 190/32/17 97/33/18 36/34/13
f 1131/35/19 67/36/17 147/37/19
f 1156/38/19 191/39/17 35/40/19
f 1107/41/20 271/42/21 68/43/22
f 34/44/23 1505/45/24 1157/46/25
f 310/47/26 570/48/27 235/49/28
f 400/50/29 682/51/30 369/52/31
f 1205/53/32 936/54/33 905/55/34
f 309/56/35 628/57/36 651/58/37
f 236/59/38 600/60/39 429/61/40
f 170/62/41 373/63/42 145/64/25
f 96/65/18 65/66/43 37/67/43
f 1182/68/20 427/69/44 192/70/20
f 275/71/45 311/72/46 234/73/47
f 146/74/25 1480/75/24 1132/76/25
f 120/77/48 307/78/49 338/79/49
f 215/80/50 308/81/51 98/82/48
f 121/83/48 402/84/52 172/85/53
f 171/86/54 66/87/13 122/88/18
f 189/89/20 459/90/55 214/91/56
f 526/92/57 2053/93/58 2004/94/57
f 484/95/59 2030/96/60 793/97/60
f 852/98/61 550/99/62 881/100/63
f 527/101/64 1980/102/65 483/103/65
f 341/104/66 712/105/67 403/106/68
f 428/107/69 1506/108/70 237/109/71
f 508/110/72 528/111/64 482/112/65
f 571/113/73 340/114/74 274/115/75
f 715/116/76 796/117/77 683/118/78
f 681/119/79 273/120/80 370/121/81
f 652/122/82 771/123/36 713/124/51
f 602/125/83 768/126/84 626/127/63
f 745/128/83 880/129/84 769/130/63
f 684/131/85 849/132/86 744/133/87
f 794/134/88 2054/135/89 850/136/90
f 714/137/91 883/138/36 826/139/37
f 272/140/92 1481/141/70 371/142/93
f 425/143/94 625/144/84 456/145/95
f 824/146/96 481/147/97 797/148/98
f 827/149/99 552/150/100 507/151/101
f 573/152/102 743/153/39 601/154/87
f 969/155/43 1064/156/17 907/157/13
f 938/158/17 1130/159/19 1019/160/19
f 1063/161/17 1155/162/19 908/163/19
f 1247/164/103 1106/165/20 937/166/104
f 1504/167/24 909/168/105 1158/169/25
f 1672/170/36 1208/171/106 1398/172/107
f 1757/173/108 1372/174/109 1341/175/110
f 1245/176/111 1753/177/67 1345/178/112
f 1645/179/113 1281/180/28 1209/181/26
f 1342/182/42 1042/183/114 1017/184/25
f 940/185/18 970/186/43 906/187/18
f 1400/188/44 1181/189/20 1062/190/20
f 1280/191/47 1243/192/115 1210/193/46
f 1479/194/24 1020/195/25 1133/196/25
f 992/197/116 1279/198/117 967/199/116
f 1283/200/118 1088/201/119 968/202/116
f 1374/203/120 995/204/116 1043/205/121
f 939/206/13 1044/207/122 994/208/43
f 1429/209/123 1061/210/20 1086/211/124
f 2005/212/57 1924/213/125 1600/214/57
f 1897/215/126 1623/216/127 1954/217/128
f 1955/218/83 1597/219/57 1923/220/129
f 2027/221/60 1554/222/97 1865/223/60
f 1784/224/130 1312/225/131 1373/226/132
f 1313/227/75 1644/228/133 1244/229/134
f 1598/230/64 1579/231/135 1556/232/65
f 1503/233/70 1399/234/136 1207/235/137
f 1867/236/138 1786/237/78 1756/238/76
f 1478/239/70 1246/240/139 1344/241/140
f 1725/242/102 1841/243/39 1699/244/87
f 1840/245/141 1674/246/63 1700/247/83
f 1952/248/141 1817/249/63 1843/250/83
f 1921/251/142 1755/252/91 1818/253/143
f 2055/254/89 1869/255/144 1925/256/145
f 1787/257/85 1953/258/39 1842/259/87
f 1282/260/146 1698/261/39 1431/262/147
f 1697/263/141 1397/264/148 1428/265/149
f 1866/266/98 1578/267/150 1896/268/151
f 1977/269/65 1599/270/64 1555/271/65
f 1815/272/36 1642/273/82 1675/274/143
f 38/275/152 40/276/153 33/277/154
f 39/278/155 41/279/156 38/275/152
f 40/280/153 63/281/157 60/282/158
f 42/283/159 63/281/157 41/284/156
f 44/285/160 46/286/161 34/44/23
f 44/287/160 48/288/162 47/289/163
f 47/290/163 39/278/155 46/286/161
f 48/288/162 42/283/159 47/289/163
f 49/291/164 51/292/165 35/40/19
f 50/293/166 52/294/167 49/291/164
f 52/294/167 45/295/168 51/292/165
f 53/296/169 48/288/162 52/294/167
f 54/297/170 56/298/171 36/34/13
f 54/297/170 58/299/172 57/300/173
f 56/298/171 53/296/169 50/293/166
f 57/300/173 43/301/174 53/296/169
f 59/302/175 61/303/176 37/67/43
f 60/282/158 62/304/177 59/302/175
f 62/304/177 55/305/178 61/303/176
f 63/281/157 58/299/172 62/304/177
f 69/306/179 71/307/180 64/308/181
f 69/309/179 73/310/182 72/311/183
f 72/312/183 91/313/184 71/307/180
f 73/310/182 94/314/185 72/311/183
f 75/315/186 77/316/187 65/66/43
f 76/317/188 78/318/189 75/315/186
f 78/318/189 70/319/190 77/316/187
f 79/320/191 73/310/182 78/318/189
f 80/321/192 82/322/193 66/87/13
f 80/321/192 84/323/194 83/324/195
f 82/322/193 79/320/191 76/317/188
f 83/324/195 74/325/196 79/320/191
f 85/326/197 87/327/198 67/36/17
f 86/328/199 88/329/200 85/326/197
f 88/329/200 81/330/201 87/327/198
f 89/331/202 84/323/194 88/329/200
f 90/332/203 92/333/204 68/43/22
f 91/313/184 93/334/205 90/332/203
f 92/335/204 89/331/202 86/328/199
f 94/314/185 89/331/202 93/336/205
f 99/337/206 101/338/207 95/339/48
f 100/340/208 102/341/209 99/337/206
f 101/338/207 119/342/210 116/343/211
f 102/341/209 104/344/212 119/342/210
f 105/345/213 107/346/214 96/65/18
f 105/345/213 109/347/215 108/348/216
f 108/348/216 100/340/208 107/346/214
f 108/348/216 104/344/212 103/349/212
f 110/350/217 112/351/218 97/33/18
f 111/352/219 113/353/220 110/350/217
f 112/351/218 109/347/215 106/354/221
f 113/353/220 104/344/212 109/347/215
f 115/355/222 117/356/223 98/82/48
f 115/355/222 119/342/210 118/357/224
f 118/357/224 111/352/219 117/356/223
f 118/357/224 104/344/212 114/358/212
f 124/359/222 126/360/223 120/77/48
f 124/359/222 128/361/210 127/362/224
f 127/362/224 141/363/219 126/360/223
f 127/362/224 129/364/212 144/365/212
f 130/366/206 132/367/207 121/83/48
f 131/368/208 133/369/209 130/366/206
f 132/367/207 128/361/210 125/370/211
f 133/369/209 129/364/212 128/361/210
f 135/371/213 137/372/214 122/88/18
f 135/371/213 139/373/215 138/374/216
f 138/374/216 131/368/208 137/372/214
f 138/374/216 129/364/212 134/375/212
f 140/376/217 142/377/218 123/378/18
f 141/363/219 143/379/220 140/376/217
f 142/377/218 139/373/215 136/380/221
f 143/379/220 129/364/212 139/373/215
f 149/381/225 151/382/226 145/64/25
f 149/381/225 153/383/227 152/384/228
f 152/384/228 166/385/229 151/382/226
f 152/384/228 154/386/11 169/387/11
f 155/388/230 157/389/231 146/74/25
f 156/390/232 158/391/233 155/388/230
f 157/389/231 153/383/227 150/392/234
f 158/391/233 154/386/11 153/383/227
f 160/393/235 162/394/236 147/37/19
f 160/393/235 164/395/237 163/396/238
f 163/397/238 156/390/232 162/398/236
f 163/397/238 154/386/11 159/399/11
f 165/400/239 167/401/240 148/402/19
f 166/385/229 168/403/241 165/404/239
f 167/401/240 164/395/237 161/405/242
f 168/403/241 154/386/11 164/406/237
f 173/407/243 175/408/244 170/62/41
f 174/409/245 176/410/246 173/407/243
f 176/410/246 185/411/247 175/408/244
f 176/410/246 178/412/248 188/413/249
f 179/414/250 181/415/251 171/86/54
f 180/416/252 182/417/253 179/414/250
f 182/418/253 174/409/245 181/419/251
f 182/418/253 178/412/248 177/420/254
f 184/421/255 186/422/256 172/85/53
f 185/411/247 187/423/257 184/424/255
f 187/425/257 180/416/252 186/422/256
f 187/423/257 178/412/248 183/426/258
f 193/427/259 195/428/260 189/89/20
f 194/429/261 196/430/262 193/427/259
f 195/428/260 213/431/263 210/432/264
f 196/430/262 198/433/15 213/431/263
f 199/434/265 201/435/266 190/32/17
f 199/434/265 203/436/267 202/437/268
f 202/438/268 194/429/261 201/439/266
f 202/438/268 198/433/15 197/440/15
f 204/441/269 206/442/270 191/39/17
f 205/443/271 207/444/272 204/445/269
f 206/442/270 203/436/267 200/446/273
f 207/444/272 198/433/15 203/447/267
f 209/448/274 211/449/275 192/70/20
f 209/448/274 213/431/263 212/450/276
f 212/450/276 205/443/271 211/449/275
f 212/450/276 198/433/15 208/451/15
f 217/452/277 219/453/278 214/91/56
f 218/454/279 220/455/280 217/452/277
f 220/455/280 229/456/281 219/453/278
f 220/455/280 222/457/282 232/458/283
f 223/459/284 225/460/285 215/80/50
f 224/461/286 226/462/287 223/459/284
f 226/463/287 218/454/279 225/464/285
f 226/463/287 222/457/282 221/465/288
f 228/466/289 230/467/290 216/468/291
f 229/456/281 231/469/292 228/470/289
f 231/471/292 224/461/286 230/467/290
f 231/469/292 222/457/282 227/472/293
f 239/473/294 241/474/295 233/475/296
f 240/476/297 242/477/298 239/473/294
f 242/477/298 266/478/299 241/474/295
f 243/479/300 269/480/301 242/477/298
f 245/481/302 247/482/303 234/73/47
f 246/483/304 248/484/305 245/481/302
f 248/484/305 240/476/297 247/482/303
f 249/485/306 243/479/300 248/484/305
f 250/486/307 252/487/308 235/49/28
f 251/488/309 253/489/310 250/486/307
f 253/489/310 246/483/311 252/487/308
f 254/490/312 249/485/313 253/489/310
f 255/491/314 257/492/315 236/59/38
f 255/491/314 259/493/316 258/494/317
f 257/492/315 254/490/312 251/488/309
f 258/494/317 244/495/318 254/490/312
f 260/496/319 262/497/320 237/109/71
f 261/498/321 263/499/322 260/496/319
f 263/499/322 256/500/323 262/497/320
f 264/501/324 259/493/316 263/499/322
f 265/502/325 267/503/326 238/504/327
f 266/478/299 268/505/328 265/502/325
f 268/505/328 261/498/321 267/503/326
f 269/480/301 264/501/324 268/505/328
f 276/506/329 278/507/330 270/508/331
f 277/509/332 279/510/333 276/506/329
f 279/510/333 303/511/334 278/507/330
f 280/512/335 306/513/336 279/510/333
f 282/514/337 284/515/338 271/42/21
f 283/516/339 285/517/340 282/514/337
f 285/517/340 277/509/332 284/515/338
f 286/518/341 280/512/335 285/517/340
f 287/519/342 289/520/343 272/140/92
f 288/521/344 290/522/345 287/519/342
f 290/522/345 283/516/339 289/520/343
f 291/523/346 286/518/341 290/522/345
f 292/524/347 294/525/348 273/120/80
f 292/524/347 296/526/349 295/527/350
f 294/525/348 291/523/346 288/521/344
f 295/527/350 281/528/351 291/523/346
f 297/529/352 299/530/353 274/115/75
f 298/531/354 300/532/355 297/529/352
f 300/532/355 293/533/356 299/530/353
f 301/534/357 296/526/349 300/532/355
f 302/535/358 304/536/359 275/71/45
f 303/511/334 305/537/360 302/535/358
f 305/537/360 298/531/361 304/536/359
f 306/513/336 301/534/362 305/537/360
f 312/538/363 314/539/364 307/78/49
f 312/538/363 316/540/365 315/541/366
f 315/541/366 334/542/367 314/539/364
f 316/540/365 337/543/368 315/541/366
f 318/544/369 320/545/370 308/81/51
f 319/546/371 321/547/372 318/544/369
f 321/547/372 313/548/373 320/545/370
f 322/549/374 316/540/365 321/547/372
f 309/56/35 326/550/375 325/551/376
f 323/552/377 327/553/378 326/550/375
f 325/551/376 322/549/374 319/546/371
f 327/553/378 322/549/374 326/550/375
f 328/554/379 330/555/380 310/47/26
f 329/556/381 331/557/382 328/554/379
f 331/558/382 324/559/383 330/560/380
f 332/561/384 327/553/378 331/558/382
f 333/562/385 335/563/386 311/72/46
f 334/542/367 336/564/387 333/565/385
f 336/566/387 329/556/388 335/563/386
f 337/543/368 332/561/389 336/564/387
f 343/567/390 345/568/391 338/79/49
f 344/569/392 346/570/393 343/567/390
f 345/568/391 368/571/394 365/572/395
f 347/573/396 368/571/394 346/570/393
f 349/574/397 351/575/398 339/576/115
f 350/577/399 352/578/400 349/574/397
f 352/579/400 344/569/392 351/580/398
f 353/581/401 347/573/396 352/579/400
f 354/582/402 356/583/403 340/114/74
f 355/584/404 357/585/405 354/586/402
f 357/587/405 350/577/406 356/583/403
f 358/588/407 353/581/408 357/585/405
f 341/104/66 362/589/409 361/590/410
f 359/591/411 363/592/412 362/589/409
f 361/590/410 358/588/407 355/584/404
f 362/589/409 348/593/413 358/588/407
f 364/594/414 366/595/415 342/596/51
f 365/572/395 367/597/416 364/594/414
f 367/597/416 360/598/417 366/595/415
f 368/571/394 363/592/412 367/597/416
f 369/52/31 377/599/418 376/600/419
f 374/601/420 378/602/421 377/599/418
f 376/600/419 399/603/422 396/604/423
f 377/599/418 379/605/424 399/603/422
f 380/606/425 382/607/426 370/121/81
f 381/608/427 383/609/428 380/606/425
f 383/610/428 375/611/429 382/612/426
f 384/613/430 378/602/421 383/610/428
f 371/142/93 388/614/431 387/615/432
f 385/616/433 389/617/434 388/618/431
f 387/615/432 384/619/430 381/608/427
f 388/618/431 379/605/424 384/613/430
f 390/620/435 392/621/436 372/622/24
f 391/623/437 393/624/438 390/620/435
f 393/624/438 386/625/439 392/621/436
f 394/626/440 389/617/434 393/624/438
f 395/627/441 397/628/442 373/63/42
f 396/604/423 398/629/443 395/627/441
f 398/629/443 391/623/437 397/628/442
f 399/603/422 394/626/440 398/629/443
f 400/50/29 407/630/444 406/631/445
f 404/632/446 408/633/447 407/630/444
f 406/631/445 424/634/448 421/635/449
f 407/630/444 409/636/450 424/634/448
f 410/637/451 412/638/452 401/639/453
f 411/640/454 413/641/455 410/637/451
f 413/641/455 405/642/456 412/638/452
f 414/643/457 408/633/447 413/641/455
f 402/84/52 418/644/458 417/645/459
f 415/646/460 419/647/461 418/644/458
f 417/648/459 414/643/457 411/640/454
f 418/649/458 409/636/450 414/643/457
f 420/650/462 422/651/463 403/106/68
f 421/635/449 423/652/464 420/653/462
f 423/654/464 416/655/465 422/651/463
f 424/634/448 419/656/461 423/652/464
f 425/143/94 433/657/466 432/658/467
f 430/659/468 434/660/469 433/657/466
f 432/658/467 455/661/470 452/662/471
f 433/657/466 435/663/472 455/661/470
f 436/664/473 438/665/474 426/666/475
f 436/664/473 440/667/476 439/668/477
f 439/668/477 431/669/478 438/665/474
f 440/667/476 434/660/469 439/668/477
f 441/670/479 443/671/480 427/69/44
f 442/672/481 444/673/482 441/670/479
f 444/673/482 437/674/483 443/671/480
f 445/675/484 440/667/476 444/673/482
f 428/107/69 449/676/485 448/677/486
f 446/678/487 450/679/488 449/676/485
f 448/680/486 445/675/484 442/672/481
f 449/681/485 435/663/489 445/675/484
f 451/682/490 453/683/491 429/61/40
f 452/662/471 454/684/492 451/685/490
f 454/686/492 447/687/493 453/683/491
f 455/661/470 450/688/488 454/684/492
f 456/145/95 463/689/494 462/690/495
f 460/691/496 464/692/497 463/689/494
f 462/690/495 480/693/498 477/694/499
f 463/689/494 465/695/500 480/693/498
f 466/696/501 468/697/502 457/698/503
f 467/699/504 469/700/505 466/696/501
f 469/701/505 461/702/506 468/703/502
f 470/704/507 464/692/497 469/701/505
f 458/705/508 474/706/509 473/707/510
f 471/708/511 475/709/512 474/710/509
f 473/707/510 470/711/507 467/699/504
f 474/710/509 465/695/513 470/704/507
f 476/712/514 478/713/515 459/90/55
f 477/694/499 479/714/516 476/712/514
f 479/714/516 472/715/517 478/713/515
f 480/693/498 475/709/512 479/714/516
f 485/716/518 487/717/519 481/147/97
f 486/718/520 488/719/521 485/716/522
f 487/717/519 505/720/523 502/721/524
f 488/719/521 490/722/525 505/720/525
f 491/723/526 493/724/527 482/112/65
f 491/723/526 495/725/528 494/726/529
f 494/726/530 486/718/531 493/724/532
f 494/726/530 490/722/533 489/727/534
f 496/728/535 498/729/536 483/103/65
f 497/730/537 499/731/538 496/728/539
f 498/729/536 495/725/528 492/732/540
f 499/731/538 490/722/533 495/725/533
f 501/733/541 503/734/542 484/95/59
f 501/733/541 505/720/523 504/735/543
f 504/735/544 497/730/545 503/734/546
f 504/735/544 490/722/525 500/736/547
f 506/737/548 512/738/549 511/739/550
f 509/740/551 513/741/552 512/738/549
f 511/739/553 524/742/554 521/743/555
f 512/738/549 514/744/556 524/742/554
f 515/745/557 517/746/558 507/151/101
f 516/747/559 518/748/560 515/745/557
f 518/748/560 510/749/561 517/746/558
f 519/750/562 513/741/552 518/748/560
f 508/110/72 523/751/563 522/752/564
f 520/753/565 524/742/566 523/751/563
f 522/752/564 519/750/562 516/747/559
f 523/751/563 514/744/556 519/750/562
f 529/754/567 531/755/568 525/756/57
f 529/754/567 533/757/569 532/758/570
f 532/758/570 546/759/571 531/755/568
f 532/758/570 534/760/572 549/761/572
f 535/762/573 537/763/574 526/92/57
f 536/764/575 538/765/576 535/762/573
f 537/763/574 533/757/569 530/766/577
f 538/765/576 534/760/572 533/757/569
f 540/767/578 542/768/579 527/101/64
f 540/767/578 544/769/580 543/770/581
f 543/771/581 536/764/575 542/772/579
f 543/771/581 534/760/572 539/773/572
f 545/774/582 547/775/583 528/111/64
f 546/759/571 548/776/584 545/777/582
f 547/775/583 544/769/580 541/778/585
f 548/776/584 534/760/572 544/779/580
f 553/780/586 555/781/587 550/99/62
f 554/782/588 556/783/589 553/780/586
f 556/783/589 565/784/590 555/781/587
f 556/783/589 558/785/591 568/786/592
f 559/787/593 561/788/594 551/789/595
f 560/790/596 562/791/597 559/787/593
f 562/792/597 554/782/588 561/793/594
f 562/792/597 558/785/591 557/794/598
f 552/150/100 567/795/599 566/796/600
f 564/797/601 568/786/592 567/798/599
f 566/796/600 563/799/602 560/790/596
f 567/798/599 558/785/591 563/800/602
f 574/801/603 576/802/604 569/803/605
f 575/804/606 577/805/607 574/801/603
f 577/805/607 596/806/608 576/802/604
f 578/807/609 599/808/610 577/805/607
f 570/48/27 583/809/611 582/810/612
f 580/811/613 584/812/614 583/809/611
f 582/810/612 578/807/615 575/804/606
f 583/809/611 579/813/616 578/807/615
f 585/814/617 587/815/618 571/113/73
f 586/816/619 588/817/620 585/814/617
f 588/817/620 581/818/621 587/815/618
f 589/819/622 584/812/623 588/817/620
f 590/820/624 592/821/625 572/822/626
f 591/823/627 593/824/628 590/820/624
f 593/824/628 586/816/619 592/821/625
f 594/825/629 589/819/622 593/824/628
f 573/152/102 598/826/630 597/827/631
f 595/828/632 599/808/610 598/826/630
f 597/827/631 594/825/629 591/823/627
f 598/826/630 579/813/633 594/825/629
f 600/60/39 607/829/634 606/830/635
f 604/831/636 608/832/637 607/829/634
f 606/833/635 624/834/638 621/835/639
f 607/836/634 609/837/640 624/834/638
f 610/838/641 612/839/642 601/154/87
f 611/840/643 613/841/644 610/842/641
f 613/843/644 605/844/645 612/839/642
f 614/845/643 608/846/637 613/841/644
f 602/125/83 618/847/646 617/848/647
f 615/849/648 619/850/649 618/847/646
f 617/848/647 614/845/643 611/840/643
f 618/847/646 609/837/640 614/845/643
f 620/851/650 622/852/651 603/853/141
f 621/835/639 623/854/652 620/851/650
f 623/854/652 616/855/648 622/852/651
f 624/834/638 619/850/649 623/854/652
f 629/856/653 631/857/654 625/144/84
f 630/858/655 632/859/656 629/856/653
f 632/859/656 646/860/657 631/857/654
f 633/861/658 649/862/659 632/859/656
f 626/127/63 638/863/660 637/864/655
f 635/865/661 639/866/662 638/863/660
f 637/864/655 633/861/658 630/858/655
f 638/863/660 634/867/663 633/861/658
f 640/868/664 642/869/665 627/870/143
f 641/871/666 643/872/667 640/868/664
f 643/873/667 636/874/668 642/875/665
f 644/876/669 639/866/662 643/873/667
f 628/57/36 648/877/670 647/878/671
f 645/879/672 649/862/659 648/880/670
f 647/878/671 644/881/669 641/871/666
f 648/880/670 634/867/663 644/876/669
f 650/882/113 658/883/673 657/884/674
f 655/885/675 659/886/676 658/887/673
f 657/884/674 680/888/677 677/889/678
f 658/887/673 660/890/679 680/891/677
f 661/892/680 663/893/681 651/58/37
f 662/894/682 664/895/683 661/892/680
f 664/895/683 656/896/684 663/893/681
f 665/897/685 659/886/686 664/895/683
f 652/122/82 669/898/687 668/899/688
f 666/900/689 670/901/690 669/898/687
f 668/899/688 665/897/685 662/894/682
f 669/898/687 660/890/691 665/897/685
f 671/902/692 673/903/693 653/904/694
f 672/905/695 674/906/696 671/902/692
f 674/906/696 667/907/697 673/903/693
f 675/908/698 670/901/690 674/906/696
f 676/909/699 678/910/700 654/911/133
f 677/889/678 679/912/701 676/909/699
f 679/913/701 672/905/695 678/914/700
f 680/891/702 675/908/698 679/913/701
f 686/915/703 688/916/704 681/119/79
f 687/917/705 689/918/706 686/919/703
f 688/916/704 711/920/707 708/921/708
f 690/922/709 711/923/707 689/918/706
f 682/51/30 695/924/710 694/925/711
f 692/926/712 696/927/713 695/924/710
f 694/925/711 690/922/709 687/917/705
f 695/924/710 691/928/714 690/922/709
f 697/929/715 699/930/716 683/118/78
f 698/931/717 700/932/718 697/929/715
f 700/932/718 693/933/719 699/930/716
f 701/934/720 696/927/713 700/932/718
f 684/131/85 705/935/721 704/936/722
f 702/937/723 706/938/724 705/935/721
f 704/936/722 701/934/720 698/931/717
f 705/935/721 691/928/725 701/934/720
f 707/939/726 709/940/727 685/941/118
f 708/921/708 710/942/728 707/939/726
f 710/943/728 703/944/729 709/945/727
f 711/923/707 706/938/724 710/943/728
f 717/946/730 719/947/731 712/105/67
f 717/946/730 721/948/732 720/949/733
f 720/950/733 739/951/734 719/952/731
f 721/953/732 742/954/735 720/950/733
f 723/955/736 725/956/737 713/124/51
f 724/957/738 726/958/739 723/959/736
f 726/960/739 718/961/740 725/956/737
f 727/962/741 721/953/732 726/958/739
f 714/137/91 731/963/742 730/964/743
f 728/965/744 732/966/745 731/963/742
f 730/964/743 727/962/741 724/957/738
f 731/963/742 722/967/746 727/962/741
f 733/968/747 735/969/748 715/116/76
f 734/970/749 736/971/750 733/968/747
f 736/971/750 729/972/751 735/969/748
f 737/973/752 732/966/745 736/971/750
f 716/974/108 741/975/753 740/976/754
f 738/977/755 742/954/735 741/975/753
f 740/976/754 737/973/752 734/970/749
f 741/975/753 722/967/756 737/973/752
f 743/153/39 750/978/757 749/979/635
f 747/980/636 751/981/637 750/982/757
f 749/983/635 767/984/638 764/985/639
f 750/986/757 752/987/640 767/988/638
f 753/989/641 755/990/642 744/133/87
f 754/991/643 756/992/644 753/993/641
f 756/994/644 748/995/645 755/990/642
f 757/996/643 751/997/637 756/992/644
f 745/128/83 761/998/646 760/999/647
f 758/1000/648 762/1001/649 761/998/646
f 760/999/647 757/996/643 754/991/643
f 761/998/646 752/987/640 757/996/643
f 763/1002/650 765/1003/651 746/1004/141
f 764/985/639 766/1005/652 763/1002/650
f 766/1006/652 759/1007/648 765/1008/651
f 767/988/638 762/1001/649 766/1006/652
f 772/1009/653 774/1010/654 768/126/84
f 773/1011/655 775/1012/656 772/1013/653
f 775/1014/656 789/1015/657 774/1010/654
f 776/1016/658 792/1017/659 775/1012/656
f 769/130/63 781/1018/660 780/1019/655
f 778/1020/661 782/1021/662 781/1018/660
f 780/1019/655 776/1016/658 773/1011/655
f 781/1018/660 777/1022/663 776/1016/658
f 783/1023/664 785/1024/665 770/1025/143
f 784/1026/666 786/1027/667 783/1023/664
f 786/1028/667 779/1029/668 785/1030/665
f 787/1031/669 782/1021/662 786/1028/667
f 771/123/36 791/1032/758 790/1033/671
f 788/1034/672 792/1035/659 791/1036/758
f 790/1037/671 787/1038/669 784/1026/666
f 791/1039/758 777/1022/663 787/1031/669
f 798/1040/759 800/1041/760 793/97/60
f 799/1042/761 801/1043/762 798/1040/759
f 801/1043/762 820/1044/763 800/1041/760
f 802/1045/764 823/1046/765 801/1043/762
f 794/134/88 807/1047/766 806/1048/767
f 804/1049/768 808/1050/769 807/1047/766
f 806/1048/767 802/1045/764 799/1042/761
f 807/1047/766 803/1051/770 802/1045/764
f 809/1052/771 811/1053/772 795/1054/773
f 810/1055/774 812/1056/775 809/1052/771
f 812/1056/775 805/1057/776 811/1053/772
f 813/1058/777 808/1050/769 812/1056/775
f 796/117/77 817/1059/778 816/1060/779
f 814/1061/780 818/1062/781 817/1059/778
f 816/1060/779 813/1058/777 810/1055/774
f 817/1059/778 803/1051/770 813/1058/777
f 819/1063/782 821/1064/783 797/148/98
f 820/1044/763 822/1065/784 819/1063/782
f 822/1065/784 815/1066/785 821/1064/783
f 823/1046/765 818/1062/781 822/1065/784
f 828/1067/786 830/1068/787 824/146/96
f 829/1069/788 831/1070/789 828/1067/786
f 831/1070/789 845/1071/790 830/1068/787
f 832/1072/791 848/1073/792 831/1070/789
f 825/1074/793 837/1075/794 836/1076/788
f 834/1077/795 838/1078/796 837/1075/794
f 836/1076/788 832/1072/791 829/1069/788
f 837/1075/794 833/1079/797 832/1072/791
f 839/1080/798 841/1081/799 826/139/37
f 840/1082/800 842/1083/801 839/1080/798
f 842/1083/801 835/1084/796 841/1081/799
f 843/1085/802 838/1078/796 842/1083/801
f 827/149/99 847/1086/803 846/1087/804
f 844/1088/805 848/1073/792 847/1086/803
f 846/1087/804 843/1085/802 840/1082/800
f 847/1086/803 833/1079/797 843/1085/802
f 849/132/86 857/1089/806 856/1090/807
f 854/1091/808 858/1092/809 857/1089/806
f 856/1093/807 879/1094/810 876/1095/811
f 857/1096/806 859/1097/812 879/1094/810
f 860/1098/813 862/1099/814 850/136/90
f 861/1100/815 863/1101/816 860/1102/813
f 863/1103/816 855/1104/817 862/1099/814
f 864/1105/818 858/1106/809 863/1101/816
f 865/1107/819 867/1108/820 851/1109/821
f 866/1110/822 868/1111/823 865/1107/819
f 868/1111/823 861/1100/824 867/1108/820
f 869/1112/825 864/1105/826 868/1111/823
f 852/98/61 873/1113/827 872/1114/828
f 870/1115/829 874/1116/830 873/1113/827
f 872/1114/828 869/1112/825 866/1110/822
f 873/1113/827 859/1097/831 869/1112/825
f 875/1117/832 877/1118/833 853/1119/141
f 876/1095/811 878/1120/834 875/1117/832
f 878/1120/834 871/1121/835 877/1118/833
f 879/1094/836 874/1116/830 878/1120/834
f 884/1122/653 886/1123/654 880/129/84
f 885/1124/655 887/1125/837 884/1122/653
f 887/1125/837 901/1126/657 886/1123/654
f 888/1127/658 904/1128/659 887/1125/837
f 881/100/63 893/1129/660 892/1130/655
f 890/1131/838 894/1132/662 893/1129/660
f 892/1130/655 888/1127/658 885/1124/655
f 893/1129/660 889/1133/663 888/1127/658
f 895/1134/664 897/1135/839 882/1136/840
f 896/1137/666 898/1138/667 895/1134/664
f 898/1139/667 891/1140/841 897/1141/839
f 899/1142/669 894/1132/662 898/1139/667
f 883/138/36 903/1143/670 902/1144/671
f 900/1145/672 904/1128/659 903/1146/670
f 902/1144/671 899/1147/669 896/1137/666
f 903/1146/670 889/1133/663 899/1142/669
f 910/1148/842 912/1149/843 905/55/34
f 910/1150/842 914/1151/844 913/1152/845
f 913/1153/845 932/1154/846 912/1149/843
f 914/1151/844 935/1155/847 913/1152/845
f 916/1156/848 918/1157/849 906/187/18
f 917/1158/850 919/1159/851 916/1156/848
f 919/1159/851 911/1160/852 918/1157/849
f 920/1161/853 914/1151/844 919/1159/851
f 921/1162/854 923/1163/855 907/157/13
f 921/1162/854 925/1164/856 924/1165/857
f 923/1163/855 920/1161/853 917/1158/850
f 924/1165/857 915/1166/858 920/1161/853
f 926/1167/859 928/1168/860 908/163/19
f 927/1169/861 929/1170/862 926/1167/859
f 929/1170/862 922/1171/863 928/1168/860
f 930/1172/864 925/1164/856 929/1170/862
f 931/1173/865 933/1174/866 909/168/105
f 932/1154/846 934/1175/867 931/1173/865
f 933/1176/866 930/1172/864 927/1169/861
f 935/1155/847 930/1172/864 934/1177/867
f 941/1178/868 943/1179/869 936/54/33
f 942/1180/870 944/1181/871 941/1178/868
f 943/1182/869 966/1183/872 963/1184/873
f 945/1185/874 966/1183/872 944/1186/871
f 947/1187/875 949/1188/876 937/166/104
f 947/1189/875 951/1190/877 950/1191/878
f 950/1192/878 942/1180/870 949/1188/876
f 951/1190/877 945/1185/874 950/1191/878
f 952/1193/879 954/1194/880 938/158/17
f 953/1195/881 955/1196/882 952/1193/879
f 955/1196/882 948/1197/883 954/1194/880
f 956/1198/884 951/1190/877 955/1196/882
f 957/1199/885 959/1200/886 939/206/13
f 957/1199/885 961/1201/887 960/1202/888
f 959/1200/886 956/1198/884 953/1195/881
f 960/1202/888 946/1203/889 956/1198/884
f 962/1204/890 964/1205/891 940/185/18
f 963/1184/873 965/1206/892 962/1204/890
f 965/1206/892 958/1207/893 964/1205/891
f 966/1183/872 961/1201/887 965/1206/892
f 971/1208/894 973/1209/895 967/199/116
f 971/1208/894 975/1210/896 974/1211/897
f 974/1211/897 988/1212/898 973/1209/895
f 974/1211/897 976/1213/899 991/1214/899
f 977/1215/900 979/1216/901 968/202/116
f 978/1217/902 980/1218/903 977/1215/900
f 979/1216/901 975/1210/896 972/1219/904
f 980/1218/903 976/1213/899 975/1210/896
f 982/1220/905 984/1221/906 969/155/43
f 982/1220/905 986/1222/907 985/1223/908
f 985/1223/908 978/1217/902 984/1221/906
f 985/1223/908 976/1213/899 981/1224/899
f 987/1225/909 989/1226/910 970/186/43
f 988/1212/898 990/1227/911 987/1225/909
f 989/1226/910 986/1222/907 983/1228/912
f 990/1227/911 976/1213/899 986/1222/907
f 996/1229/900 998/1230/901 992/197/116
f 997/1231/902 999/1232/903 996/1229/900
f 998/1230/901 1016/1233/896 1013/1234/904
f 999/1232/903 1001/1235/899 1016/1233/896
f 1002/1236/905 1004/1237/906 993/1238/43
f 1002/1236/905 1006/1239/907 1005/1240/908
f 1005/1240/908 997/1231/902 1004/1237/906
f 1005/1240/908 1001/1235/899 1000/1241/899
f 1007/1242/909 1009/1243/910 994/208/43
f 1008/1244/898 1010/1245/911 1007/1242/909
f 1009/1243/910 1006/1239/907 1003/1246/912
f 1010/1245/911 1001/1235/899 1006/1239/907
f 1012/1247/894 1014/1248/895 995/204/116
f 1012/1247/894 1016/1233/896 1015/1249/897
f 1015/1249/897 1008/1244/898 1014/1248/895
f 1015/1249/897 1001/1235/899 1011/1250/899
f 1021/1251/230 1023/1252/231 1017/184/25
f 1022/1253/232 1024/1254/233 1021/1251/230
f 1023/1252/231 1041/1255/227 1038/1256/234
f 1024/1254/233 1026/1257/11 1041/1255/227
f 1027/1258/235 1029/1259/236 1018/1260/19
f 1027/1258/235 1031/1261/237 1030/1262/238
f 1030/1263/238 1022/1253/232 1029/1264/236
f 1030/1263/238 1026/1257/11 1025/1265/11
f 1032/1266/239 1034/1267/240 1019/160/19
f 1033/1268/229 1035/1269/241 1032/1270/239
f 1034/1267/240 1031/1261/237 1028/1271/242
f 1035/1269/241 1026/1257/11 1031/1272/237
f 1037/1273/225 1039/1274/226 1020/195/25
f 1037/1273/225 1041/1255/227 1040/1275/228
f 1040/1275/228 1033/1268/229 1039/1274/226
f 1040/1275/228 1026/1257/11 1036/1276/11
f 1045/1277/913 1047/1278/914 1042/183/114
f 1046/1279/915 1048/1280/916 1045/1277/913
f 1048/1280/916 1057/1281/917 1047/1278/914
f 1048/1280/916 1050/1282/918 1060/1283/919
f 1051/1284/920 1053/1285/921 1043/205/121
f 1052/1286/922 1054/1287/923 1051/1284/920
f 1054/1288/923 1046/1279/915 1053/1289/921
f 1054/1288/923 1050/1282/918 1049/1290/924
f 1056/1291/925 1058/1292/926 1044/207/122
f 1057/1281/917 1059/1293/927 1056/1294/925
f 1059/1295/927 1052/1286/922 1058/1292/926
f 1059/1293/927 1050/1282/918 1055/1296/928
f 1065/1297/274 1067/1298/275 1061/210/20
f 1065/1297/274 1069/1299/263 1068/1300/276
f 1068/1300/276 1082/1301/271 1067/1298/275
f 1068/1300/276 1070/1302/15 1085/1303/15
f 1071/1304/259 1073/1305/260 1062/190/20
f 1072/1306/261 1074/1307/262 1071/1304/259
f 1073/1305/260 1069/1299/263 1066/1308/264
f 1074/1307/262 1070/1302/15 1069/1299/263
f 1076/1309/265 1078/1310/266 1063/161/17
f 1076/1309/265 1080/1311/267 1079/1312/268
f 1079/1313/268 1072/1306/261 1078/1314/266
f 1079/1313/268 1070/1302/15 1075/1315/15
f 1081/1316/269 1083/1317/270 1064/156/17
f 1082/1301/271 1084/1318/272 1081/1319/269
f 1083/1317/270 1080/1311/267 1077/1320/273
f 1084/1318/272 1070/1302/15 1080/1321/267
f 1089/1322/929 1091/1323/930 1086/211/124
f 1090/1324/931 1092/1325/932 1089/1322/929
f 1092/1325/932 1101/1326/933 1091/1323/930
f 1092/1325/932 1094/1327/934 1104/1328/935
f 1095/1329/936 1097/1330/937 1087/1331/938
f 1096/1332/939 1098/1333/940 1095/1329/936
f 1098/1334/940 1090/1324/931 1097/1335/937
f 1098/1334/940 1094/1327/934 1093/1336/941
f 1100/1337/942 1102/1338/943 1088/201/119
f 1101/1326/933 1103/1339/944 1100/1340/942
f 1103/1341/944 1096/1332/939 1102/1338/943
f 1103/1339/944 1094/1327/934 1099/1342/945
f 1109/1343/269 1111/1344/270 1105/1345/17
f 1110/1346/271 1112/1347/272 1109/1343/269
f 1111/1344/270 1129/1348/267 1126/1349/273
f 1112/1347/272 1114/1350/15 1129/1348/267
f 1115/1351/274 1117/1352/275 1106/165/20
f 1115/1351/274 1119/1353/263 1118/1354/276
f 1118/1355/276 1110/1346/271 1117/1356/275
f 1118/1355/276 1114/1350/15 1113/1357/15
f 1120/1358/259 1122/1359/260 1107/41/20
f 1121/1360/261 1123/1361/262 1120/1362/259
f 1122/1359/260 1119/1353/263 1116/1363/264
f 1123/1361/262 1114/1350/15 1119/1364/263
f 1125/1365/265 1127/1366/266 1108/1367/17
f 1125/1365/265 1129/1348/267 1128/1368/268
f 1128/1368/268 1121/1360/261 1127/1366/266
f 1128/1368/268 1114/1350/15 1124/1369/15
f 1134/1370/235 1136/1371/236 1130/159/19
f 1134/1370/235 1138/1372/237 1137/1373/238
f 1137/1374/238 1151/1375/232 1136/1376/236
f 1137/1374/238 1139/1377/11 1154/1378/11
f 1140/1379/239 1142/1380/240 1131/35/19
f 1141/1381/229 1143/1382/241 1140/1383/239
f 1142/1380/240 1138/1372/237 1135/1384/242
f 1143/1382/241 1139/1377/11 1138/1385/237
f 1145/1386/225 1147/1387/226 1132/76/25
f 1145/1386/225 1149/1388/227 1148/1389/228
f 1148/1389/228 1141/1381/229 1147/1387/226
f 1148/1389/228 1139/1377/11 1144/1390/11
f 1150/1391/230 1152/1392/231 1133/196/25
f 1151/1375/232 1153/1393/233 1150/1391/230
f 1152/1392/231 1149/1388/227 1146/1394/234
f 1153/1393/233 1139/1377/11 1149/1388/227
f 1159/1395/235 1161/1396/236 1155/162/19
f 1159/1395/235 1163/1397/237 1162/1398/238
f 1162/1398/238 1176/1399/232 1161/1396/236
f 1162/1398/238 1164/1400/11 1179/1401/11
f 1165/1402/239 1167/1403/240 1156/38/19
f 1166/1404/229 1168/1405/241 1165/1402/239
f 1167/1403/240 1163/1397/237 1160/1406/242
f 1168/1405/241 1164/1400/11 1163/1397/237
f 1170/1407/225 1172/1408/226 1157/46/25
f 1170/1407/225 1174/1409/227 1173/1410/228
f 1173/1411/228 1166/1404/229 1172/1412/226
f 1173/1411/228 1164/1400/11 1169/1413/11
f 1175/1414/230 1177/1415/231 1158/169/25
f 1176/1399/232 1178/1416/233 1175/1417/230
f 1177/1415/231 1174/1409/227 1171/1418/234
f 1178/1416/233 1164/1400/11 1174/1419/227
f 1184/1420/269 1186/1421/270 1180/1422/17
f 1185/1423/271 1187/1424/272 1184/1425/269
f 1186/1421/270 1204/1426/267 1201/1427/273
f 1187/1424/272 1189/1428/15 1204/1429/267
f 1190/1430/274 1192/1431/275 1181/189/20
f 1190/1430/274 1194/1432/263 1193/1433/276
f 1193/1433/276 1185/1423/271 1192/1431/275
f 1193/1433/276 1189/1428/15 1188/1434/15
f 1195/1435/259 1197/1436/260 1182/68/20
f 1196/1437/261 1198/1438/262 1195/1435/259
f 1197/1436/260 1194/1432/263 1191/1439/264
f 1198/1438/262 1189/1428/15 1194/1432/263
f 1200/1440/265 1202/1441/266 1183/1442/17
f 1200/1440/265 1204/1426/267 1203/1443/268
f 1203/1444/268 1196/1437/261 1202/1445/266
f 1203/1444/268 1189/1428/15 1199/1446/15
f 1211/1447/946 1213/1448/947 1205/53/32
f 1212/1449/948 1214/1450/949 1211/1447/946
f 1214/1450/949 1238/1451/950 1213/1448/947
f 1215/1452/951 1241/1453/952 1214/1450/949
f 1217/1454/953 1219/1455/954 1206/1456/955
f 1218/1457/956 1220/1458/957 1217/1454/953
f 1220/1458/957 1212/1449/948 1219/1455/954
f 1221/1459/958 1215/1452/951 1220/1458/957
f 1222/1460/959 1224/1461/960 1207/235/137
f 1223/1462/961 1225/1463/962 1222/1460/959
f 1225/1463/962 1218/1457/956 1224/1461/960
f 1226/1464/963 1221/1459/958 1225/1463/962
f 1227/1465/964 1229/1466/965 1208/171/106
f 1227/1465/964 1231/1467/966 1230/1468/967
f 1229/1466/965 1226/1464/963 1223/1462/961
f 1230/1468/967 1216/1469/968 1226/1464/963
f 1232/1470/969 1234/1471/970 1209/181/26
f 1233/1472/971 1235/1473/972 1232/1470/969
f 1235/1473/972 1228/1474/973 1234/1471/970
f 1236/1475/974 1231/1467/966 1235/1473/972
f 1237/1476/975 1239/1477/976 1210/193/46
f 1238/1451/950 1240/1478/977 1237/1476/975
f 1240/1478/977 1233/1472/978 1239/1477/976
f 1241/1453/952 1236/1475/979 1240/1478/977
f 1248/1479/980 1250/1480/981 1242/1481/982
f 1249/1482/983 1251/1483/984 1248/1479/980
f 1251/1483/984 1275/1484/985 1250/1480/981
f 1252/1485/986 1278/1486/987 1251/1483/984
f 1254/1487/988 1256/1488/989 1243/192/115
f 1255/1489/990 1257/1490/991 1254/1487/988
f 1257/1490/991 1249/1482/983 1256/1488/989
f 1258/1491/992 1252/1485/986 1257/1490/991
f 1259/1492/993 1261/1493/994 1244/229/134
f 1260/1494/995 1262/1495/996 1259/1492/993
f 1262/1495/996 1255/1489/997 1261/1493/994
f 1263/1496/998 1258/1491/999 1262/1495/996
f 1264/1497/1000 1266/1498/1001 1245/176/111
f 1264/1497/1000 1268/1499/1002 1267/1500/1003
f 1266/1498/1001 1263/1496/998 1260/1494/995
f 1267/1500/1003 1253/1501/1004 1263/1496/998
f 1269/1502/1005 1271/1503/1006 1246/240/139
f 1270/1504/1007 1272/1505/1008 1269/1502/1005
f 1272/1505/1008 1265/1506/1009 1271/1503/1006
f 1273/1507/1010 1268/1499/1002 1272/1505/1008
f 1274/1508/1011 1276/1509/1012 1247/164/103
f 1275/1484/985 1277/1510/1013 1274/1508/1011
f 1277/1510/1013 1270/1504/1007 1276/1509/1012
f 1278/1486/987 1273/1507/1010 1277/1510/1013
f 1284/1511/1014 1286/1512/1015 1279/198/117
f 1285/1513/1016 1287/1514/1017 1284/1511/1014
f 1286/1512/1015 1309/1515/1018 1306/1516/1019
f 1288/1517/1020 1309/1515/1018 1287/1514/1017
f 1290/1518/1021 1292/1519/1022 1280/1520/47
f 1291/1521/1023 1293/1522/1024 1290/1518/1021
f 1293/1522/1024 1285/1513/1016 1292/1519/1022
f 1294/1523/1025 1288/1517/1020 1293/1522/1024
f 1295/1524/1026 1297/1525/1027 1281/1526/28
f 1296/1527/1028 1298/1528/1029 1295/1524/1026
f 1298/1528/1029 1291/1521/1030 1297/1525/1027
f 1299/1529/1031 1294/1523/1032 1298/1528/1029
f 1282/260/146 1303/1530/1033 1302/1531/1034
f 1300/1532/1035 1304/1533/1036 1303/1530/1033
f 1302/1531/1034 1299/1529/1031 1296/1527/1028
f 1304/1533/1036 1299/1529/1031 1303/1530/1033
f 1305/1534/1037 1307/1535/1038 1283/200/118
f 1306/1516/1019 1308/1536/1039 1305/1534/1037
f 1308/1536/1039 1301/1537/1040 1307/1535/1038
f 1309/1515/1018 1304/1533/1036 1308/1536/1039
f 1315/1538/1041 1317/1539/1042 1310/1540/117
f 1315/1538/1041 1319/1541/1043 1318/1542/1044
f 1318/1542/1044 1337/1543/1045 1317/1539/1042
f 1319/1541/1043 1340/1544/1046 1318/1542/1044
f 1321/1545/1047 1323/1546/1048 1311/1547/118
f 1322/1548/1049 1324/1549/1050 1321/1545/1047
f 1324/1549/1050 1316/1550/1051 1323/1546/1048
f 1325/1551/1052 1319/1541/1043 1324/1549/1050
f 1312/225/131 1329/1552/1053 1328/1553/1054
f 1326/1554/1055 1330/1555/1056 1329/1552/1053
f 1328/1553/1054 1325/1551/1052 1322/1548/1049
f 1329/1552/1053 1320/1556/1057 1325/1551/1052
f 1331/1557/1058 1333/1558/1059 1313/1559/75
f 1332/1560/1060 1334/1561/1061 1331/1557/1058
f 1334/1561/1061 1327/1562/1062 1333/1558/1059
f 1335/1563/1063 1330/1555/1056 1334/1561/1061
f 1336/1564/1064 1338/1565/1065 1314/1566/45
f 1337/1543/1045 1339/1567/1066 1336/1564/1064
f 1339/1567/1066 1332/1560/1067 1338/1565/1065
f 1340/1544/1046 1335/1563/1068 1339/1567/1066
f 1341/175/110 1349/1568/1069 1348/1569/1070
f 1346/1570/1071 1350/1571/1072 1349/1568/1069
f 1348/1569/1070 1371/1572/1073 1368/1573/1074
f 1349/1568/1069 1351/1574/1075 1371/1572/1073
f 1352/1575/1076 1354/1576/1077 1342/182/42
f 1353/1577/1078 1355/1578/1079 1352/1575/1076
f 1355/1578/1079 1347/1579/1080 1354/1576/1077
f 1356/1580/1081 1350/1571/1072 1355/1578/1079
f 1357/1581/1082 1359/1582/1083 1343/1583/24
f 1358/1584/1084 1360/1585/1085 1357/1581/1082
f 1360/1585/1085 1353/1577/1078 1359/1582/1083
f 1361/1586/1086 1356/1580/1081 1360/1585/1085
f 1344/241/140 1365/1587/1087 1364/1588/1088
f 1362/1589/1089 1366/1590/1090 1365/1587/1087
f 1364/1591/1088 1361/1586/1086 1358/1584/1084
f 1365/1592/1087 1351/1574/1075 1361/1586/1086
f 1367/1593/1091 1369/1594/1092 1345/178/112
f 1368/1573/1074 1370/1595/1093 1367/1596/1091
f 1370/1597/1093 1363/1598/1094 1369/1594/1092
f 1371/1572/1073 1366/1599/1090 1370/1595/1093
f 1372/174/109 1379/1600/1095 1378/1601/1096
f 1376/1602/1097 1380/1603/1098 1379/1600/1095
f 1378/1601/1096 1396/1604/1099 1393/1605/1100
f 1379/1600/1095 1381/1606/1101 1396/1604/1099
f 1382/1607/1102 1384/1608/1103 1373/226/132
f 1383/1609/1104 1385/1610/1105 1382/1607/1102
f 1385/1611/1105 1377/1612/1106 1384/1613/1103
f 1386/1614/1107 1380/1603/1098 1385/1611/1105
f 1374/203/120 1390/1615/1108 1389/1616/1109
f 1387/1617/1110 1391/1618/1111 1390/1619/1108
f 1389/1616/1109 1386/1620/1107 1383/1609/1104
f 1390/1619/1108 1381/1606/1101 1386/1614/1107
f 1392/1621/1112 1394/1622/1113 1375/1623/1114
f 1393/1605/1100 1395/1624/1115 1392/1621/1112
f 1395/1624/1115 1388/1625/1116 1394/1622/1113
f 1396/1604/1099 1391/1618/1111 1395/1624/1115
f 1397/264/148 1405/1626/1117 1404/1627/1118
f 1402/1628/1119 1406/1629/1120 1405/1626/1117
f 1404/1627/1118 1427/1630/1121 1424/1631/1122
f 1405/1626/1117 1407/1632/1123 1427/1630/1121
f 1408/1633/1124 1410/1634/1125 1398/172/107
f 1409/1635/1126 1411/1636/1127 1408/1633/1124
f 1411/1637/1127 1403/1638/1128 1410/1639/1125
f 1412/1640/1129 1406/1629/1120 1411/1637/1127
f 1399/234/136 1416/1641/1130 1415/1642/1131
f 1413/1643/1132 1417/1644/1133 1416/1645/1130
f 1415/1642/1131 1412/1646/1129 1409/1635/1126
f 1416/1645/1130 1407/1632/1134 1412/1640/1129
f 1418/1647/1135 1420/1648/1136 1400/188/44
f 1419/1649/1137 1421/1650/1138 1418/1647/1135
f 1421/1650/1138 1414/1651/1139 1420/1648/1136
f 1422/1652/1140 1417/1644/1133 1421/1650/1138
f 1423/1653/1141 1425/1654/1142 1401/1655/475
f 1424/1631/1122 1426/1656/1143 1423/1653/1141
f 1425/1654/1142 1422/1652/1140 1419/1649/1137
f 1427/1630/1121 1422/1652/1140 1426/1656/1143
f 1428/265/149 1435/1657/1144 1434/1658/1145
f 1432/1659/1146 1436/1660/1147 1435/1657/1144
f 1434/1658/1145 1452/1661/1148 1449/1662/1149
f 1435/1657/1144 1437/1663/1150 1452/1661/1148
f 1438/1664/1151 1440/1665/1152 1429/209/123
f 1439/1666/1153 1441/1667/1154 1438/1664/1151
f 1441/1667/1154 1433/1668/1155 1440/1665/1152
f 1442/1669/1156 1436/1660/1147 1441/1667/1154
f 1430/1670/1157 1446/1671/1158 1445/1672/1159
f 1443/1673/1160 1447/1674/1161 1446/1671/1158
f 1445/1675/1159 1442/1669/1156 1439/1666/1153
f 1446/1676/1158 1437/1663/1162 1442/1669/1156
f 1448/1677/1163 1450/1678/1164 1431/262/147
f 1449/1662/1149 1451/1679/1165 1448/1680/1163
f 1451/1681/1165 1444/1682/1166 1450/1678/1164
f 1452/1661/1148 1447/1683/1161 1451/1679/1165
f 1457/1684/1167 1459/1685/1168 1453/1686/1169
f 1457/1684/1167 1461/1687/1170 1460/1688/1171
f 1460/1688/1171 1474/1689/1172 1459/1685/1168
f 1460/1688/1171 1462/1690/3 1477/1691/3
f 1463/1692/1173 1465/1693/1174 1454/1694/1169
f 1464/1695/1175 1466/1696/1176 1463/1692/1173
f 1465/1693/1174 1461/1687/1170 1458/1697/1177
f 1466/1696/1176 1462/1690/3 1461/1687/1170
f 1468/1698/1178 1470/1699/1179 1455/1700/44
f 1468/1698/1178 1472/1701/1180 1471/1702/1181
f 1471/1702/1181 1464/1695/1175 1470/1699/1179
f 1471/1702/1181 1462/1690/3 1467/1703/3
f 1473/1704/1182 1475/1705/1183 1456/1706/44
f 1474/1689/1172 1476/1707/1184 1473/1704/1182
f 1475/1705/1183 1472/1701/1180 1469/1708/1185
f 1476/1707/1184 1462/1690/3 1472/1701/1180
f 1482/1709/1186 1484/1710/1187 1478/239/70
f 1483/1711/1188 1485/1712/1189 1482/1713/1186
f 1484/1710/1187 1502/1714/1190 1499/1715/1191
f 1485/1712/1189 1487/1716/7 1502/1717/1190
f 1488/1718/1192 1490/1719/1193 1479/194/24
f 1488/1718/1192 1492/1720/1194 1491/1721/1195
f 1491/1721/1195 1483/1711/1188 1490/1719/1193
f 1491/1721/1195 1487/1716/7 1486/1722/7
f 1493/1723/1196 1495/1724/1197 1480/75/24
f 1494/1725/1198 1496/1726/1199 1493/1723/1196
f 1495/1724/1197 1492/1720/1194 1489/1727/1200
f 1496/1726/1199 1487/1716/7 1492/1720/1194
f 1498/1728/1201 1500/1729/1202 1481/141/70
f 1498/1728/1201 1502/1714/1190 1501/1730/1203
f 1501/1731/1203 1494/1725/1198 1500/1732/1202
f 1501/1731/1203 1487/1716/7 1497/1733/7
f 1507/1734/1186 1509/1735/1187 1503/233/70
f 1508/1736/1188 1510/1737/1189 1507/1734/1186
f 1509/1735/1187 1527/1738/1190 1524/1739/1191
f 1510/1737/1189 1512/1740/7 1527/1738/1190
f 1513/1741/1192 1515/1742/1193 1504/167/24
f 1513/1741/1192 1517/1743/1194 1516/1744/1195
f 1516/1744/1195 1508/1736/1188 1515/1742/1193
f 1516/1744/1195 1512/1740/7 1511/1745/7
f 1518/1746/1196 1520/1747/1197 1505/45/24
f 1519/1748/1198 1521/1749/1199 1518/1746/1196
f 1520/1747/1197 1517/1743/1194 1514/1750/1200
f 1521/1749/1199 1512/1740/7 1517/1743/1194
f 1523/1751/1201 1525/1752/1202 1506/108/70
f 1523/1751/1201 1527/1738/1190 1526/1753/1203
f 1526/1753/1203 1519/1748/1198 1525/1752/1202
f 1526/1753/1203 1512/1740/7 1522/1754/7
f 1532/1755/1167 1534/1756/1168 1528/1757/1169
f 1532/1755/1167 1536/1758/1170 1535/1759/1171
f 1535/1760/1171 1549/1761/1172 1534/1762/1168
f 1535/1760/1171 1537/1763/3 1552/1764/3
f 1538/1765/1173 1540/1766/1174 1529/1767/1169
f 1539/1768/1175 1541/1769/1176 1538/1770/1173
f 1540/1766/1174 1536/1758/1170 1533/1771/1177
f 1541/1769/1176 1537/1763/3 1536/1772/1170
f 1543/1773/1178 1545/1774/1179 1530/1775/44
f 1543/1773/1178 1547/1776/1180 1546/1777/1181
f 1546/1777/1181 1539/1768/1175 1545/1774/1179
f 1546/1777/1181 1537/1763/3 1542/1778/3
f 1548/1779/1182 1550/1780/1183 1531/1781/44
f 1549/1761/1172 1551/1782/1184 1548/1779/1182
f 1550/1780/1183 1547/1776/1180 1544/1783/1185
f 1551/1782/1184 1537/1763/3 1547/1776/1180
f 1557/1784/541 1559/1785/1204 1553/1786/1205
f 1557/1784/541 1561/1787/523 1560/1788/543
f 1560/1788/544 1574/1789/1206 1559/1785/1207
f 1560/1788/544 1562/1790/525 1577/1791/547
f 1563/1792/1208 1565/1793/519 1554/222/97
f 1564/1794/1209 1566/1795/521 1563/1792/1210
f 1565/1793/519 1561/1787/523 1558/1796/524
f 1566/1795/521 1562/1790/525 1561/1787/525
f 1568/1797/526 1570/1798/1211 1555/271/65
f 1568/1797/526 1572/1799/528 1571/1800/529
f 1571/1800/530 1564/1794/1212 1570/1798/1213
f 1571/1800/530 1562/1790/533 1567/1801/534
f 1573/1802/1214 1575/1803/536 1556/232/65
f 1574/1789/1215 1576/1804/538 1573/1802/1216
f 1575/1803/536 1572/1799/528 1569/1805/540
f 1576/1804/538 1562/1790/533 1572/1799/533
f 1578/267/150 1584/1806/1217 1583/1807/1218
f 1581/1808/1219 1585/1809/1220 1584/1806/1217
f 1583/1807/1218 1596/1810/1221 1593/1811/1222
f 1584/1806/1217 1586/1812/1223 1596/1810/1221
f 1579/231/135 1590/1813/1224 1589/1814/1225
f 1587/1815/1226 1591/1816/1227 1590/1813/1224
f 1589/1814/1228 1585/1809/1229 1582/1817/1230
f 1590/1813/1224 1586/1812/1223 1585/1809/1229
f 1592/1818/1231 1594/1819/1232 1580/1820/1233
f 1593/1811/1222 1595/1821/1234 1592/1818/1231
f 1595/1821/1234 1588/1822/1235 1594/1819/1232
f 1596/1810/1221 1591/1816/1227 1595/1821/1234
f 1601/1823/1236 1603/1824/574 1597/219/57
f 1602/1825/1237 1604/1826/576 1601/1823/1236
f 1603/1824/574 1621/1827/569 1618/1828/577
f 1604/1826/576 1606/1829/572 1621/1827/569
f 1607/1830/578 1609/1831/1238 1598/230/64
f 1607/1830/578 1611/1832/580 1610/1833/581
f 1610/1834/581 1602/1825/1237 1609/1835/1238
f 1610/1834/581 1606/1829/572 1605/1836/572
f 1612/1837/1239 1614/1838/583 1599/270/64
f 1613/1839/1240 1615/1840/584 1612/1841/1239
f 1614/1838/583 1611/1832/580 1608/1842/585
f 1615/1840/584 1606/1829/572 1611/1843/580
f 1617/1844/567 1619/1845/1241 1600/214/57
f 1617/1844/567 1621/1827/569 1620/1846/570
f 1620/1846/570 1613/1839/1240 1619/1845/1241
f 1620/1846/570 1606/1829/572 1616/1847/572
f 1625/1848/1242 1627/1849/1243 1622/1850/1244
f 1626/1851/1245 1628/1852/1246 1625/1848/1242
f 1628/1852/1246 1637/1853/1247 1627/1849/1243
f 1628/1852/1246 1630/1854/1248 1640/1855/1249
f 1623/216/127 1634/1856/1250 1633/1857/1251
f 1631/1858/1252 1635/1859/1253 1634/1856/1250
f 1633/1860/1251 1629/1861/1254 1626/1851/1245
f 1634/1862/1250 1630/1854/1248 1629/1861/1254
f 1636/1863/1255 1638/1864/1256 1624/1865/1257
f 1637/1853/1247 1639/1866/1258 1636/1867/1255
f 1639/1868/1258 1632/1869/1259 1638/1864/1256
f 1639/1866/1258 1630/1854/1248 1635/1870/1253
f 1646/1871/680 1648/1872/681 1641/1873/37
f 1647/1874/682 1649/1875/683 1646/1871/680
f 1649/1875/683 1668/1876/684 1648/1872/681
f 1650/1877/685 1671/1878/686 1649/1875/683
f 1642/273/82 1655/1879/1260 1654/1880/688
f 1652/1881/689 1656/1882/690 1655/1879/1260
f 1654/1880/688 1650/1877/685 1647/1874/682
f 1655/1879/1260 1651/1883/691 1650/1877/685
f 1657/1884/692 1659/1885/693 1643/1886/694
f 1658/1887/695 1660/1888/696 1657/1884/692
f 1660/1888/696 1653/1889/697 1659/1885/693
f 1661/1890/1261 1656/1882/690 1660/1888/696
f 1662/1891/699 1664/1892/700 1644/228/133
f 1663/1893/678 1665/1894/701 1662/1891/699
f 1665/1894/701 1658/1887/695 1664/1892/700
f 1666/1895/702 1661/1890/1261 1665/1894/701
f 1645/179/113 1670/1896/673 1669/1897/674
f 1667/1898/675 1671/1878/676 1670/1896/673
f 1669/1897/674 1666/1895/677 1663/1893/678
f 1670/1896/673 1651/1883/679 1666/1895/677
f 1672/170/36 1679/1899/758 1678/1900/671
f 1676/1901/672 1680/1902/659 1679/1903/758
f 1678/1900/671 1696/1904/669 1693/1905/666
f 1679/1903/758 1681/1906/663 1696/1907/669
f 1682/1908/653 1684/1909/654 1673/1910/84
f 1683/1911/655 1685/1912/656 1682/1908/653
f 1685/1912/656 1677/1913/657 1684/1909/654
f 1686/1914/658 1680/1902/659 1685/1912/656
f 1674/246/63 1690/1915/660 1689/1916/655
f 1687/1917/661 1691/1918/662 1690/1915/660
f 1689/1916/655 1686/1914/658 1683/1911/655
f 1690/1915/660 1681/1906/663 1686/1914/658
f 1692/1919/664 1694/1920/665 1675/274/143
f 1693/1905/666 1695/1921/667 1692/1919/664
f 1695/1922/667 1688/1923/662 1694/1924/665
f 1696/1907/669 1691/1918/662 1695/1922/667
f 1701/1925/650 1703/1926/651 1697/263/141
f 1702/1927/639 1704/1928/652 1701/1925/650
f 1704/1928/652 1718/1929/648 1703/1926/651
f 1705/1930/638 1721/1931/649 1704/1928/652
f 1698/261/39 1710/1932/757 1709/1933/635
f 1707/1934/636 1711/1935/637 1710/1932/757
f 1709/1936/635 1705/1930/638 1702/1927/639
f 1710/1937/757 1706/1938/640 1705/1930/638
f 1712/1939/641 1714/1940/642 1699/244/87
f 1713/1941/1262 1715/1942/644 1712/1943/641
f 1715/1944/644 1708/1945/636 1714/1940/642
f 1716/1946/643 1711/1947/637 1715/1942/644
f 1700/247/83 1720/1948/1263 1719/1949/647
f 1717/1950/648 1721/1931/649 1720/1948/1263
f 1719/1949/647 1716/1946/643 1713/1941/1262
f 1720/1948/1263 1706/1938/640 1716/1946/643
f 1722/1951/27 1730/1952/611 1729/1953/612
f 1727/1954/613 1731/1955/614 1730/1952/611
f 1729/1953/612 1752/1956/615 1749/1957/606
f 1730/1952/611 1732/1958/616 1752/1956/615
f 1733/1959/617 1735/1960/618 1723/1961/73
f 1734/1962/619 1736/1963/620 1733/1959/617
f 1736/1963/620 1728/1964/621 1735/1960/618
f 1737/1965/622 1731/1955/623 1736/1963/620
f 1738/1966/624 1740/1967/1264 1724/1968/626
f 1739/1969/627 1741/1970/628 1738/1966/624
f 1741/1970/628 1734/1962/619 1740/1967/1264
f 1742/1971/629 1737/1965/622 1741/1970/628
f 1725/242/102 1746/1972/1265 1745/1973/631
f 1743/1974/632 1747/1975/610 1746/1972/1265
f 1745/1973/631 1742/1971/629 1739/1969/627
f 1746/1972/1265 1732/1958/633 1742/1971/629
f 1748/1976/603 1750/1977/604 1726/1978/605
f 1749/1957/606 1751/1979/607 1748/1976/603
f 1751/1979/607 1744/1980/608 1750/1977/604
f 1752/1956/609 1747/1975/610 1751/1979/607
f 1758/1981/1266 1760/1982/731 1753/177/67
f 1758/1981/1266 1762/1983/732 1761/1984/733
f 1761/1985/733 1780/1986/734 1760/1987/731
f 1762/1988/732 1783/1989/735 1761/1985/733
f 1764/1990/736 1766/1991/737 1754/1992/51
f 1765/1993/738 1767/1994/739 1764/1995/736
f 1767/1996/739 1759/1997/740 1766/1991/737
f 1768/1998/741 1762/1988/732 1767/1994/739
f 1755/252/91 1772/1999/742 1771/2000/743
f 1769/2001/744 1773/2002/745 1772/1999/742
f 1771/2000/743 1768/1998/741 1765/1993/738
f 1772/1999/742 1763/2003/746 1768/1998/741
f 1774/2004/747 1776/2005/748 1756/238/76
f 1775/2006/749 1777/2007/750 1774/2004/747
f 1777/2007/750 1770/2008/751 1776/2005/748
f 1778/2009/752 1773/2002/745 1777/2007/750
f 1757/173/108 1782/2010/753 1781/2011/754
f 1779/2012/755 1783/1989/735 1782/2010/753
f 1781/2011/754 1778/2009/752 1775/2006/749
f 1782/2010/753 1763/2003/756 1778/2009/752
f 1789/2013/703 1791/2014/1267 1784/224/130
f 1790/2015/705 1792/2016/706 1789/2017/703
f 1791/2014/1267 1814/2018/707 1811/2019/708
f 1793/2020/709 1814/2021/707 1792/2016/706
f 1785/2022/30 1798/2023/710 1797/2024/711
f 1795/2025/712 1799/2026/713 1798/2023/710
f 1797/2024/711 1793/2020/709 1790/2015/705
f 1798/2023/710 1794/2027/714 1793/2020/709
f 1800/2028/715 1802/2029/716 1786/237/78
f 1801/2030/717 1803/2031/718 1800/2028/715
f 1803/2031/718 1796/2032/719 1802/2029/716
f 1804/2033/720 1799/2026/713 1803/2031/718
f 1787/257/85 1808/2034/721 1807/2035/722
f 1805/2036/723 1809/2037/724 1808/2034/721
f 1807/2035/722 1804/2033/720 1801/2030/717
f 1808/2034/721 1794/2027/725 1804/2033/720
f 1810/2038/726 1812/2039/727 1788/2040/118
f 1811/2019/708 1813/2041/728 1810/2038/726
f 1813/2042/728 1806/2043/729 1812/2044/727
f 1814/2021/707 1809/2037/724 1813/2042/728
f 1815/272/36 1822/2045/758 1821/2046/671
f 1819/2047/672 1823/2048/659 1822/2049/758
f 1821/2050/671 1839/2051/669 1836/2052/666
f 1822/2053/758 1824/2054/663 1839/2055/669
f 1825/2056/653 1827/2057/654 1816/2058/84
f 1826/2059/655 1828/2060/656 1825/2061/653
f 1828/2062/656 1820/2063/657 1827/2057/654
f 1829/2064/658 1823/2065/659 1828/2060/656
f 1817/249/63 1833/2066/1268 1832/2067/655
f 1830/2068/661 1834/2069/662 1833/2066/1268
f 1832/2067/655 1829/2064/658 1826/2059/655
f 1833/2066/1268 1824/2054/663 1829/2064/658
f 1835/2070/664 1837/2071/665 1818/253/143
f 1836/2052/666 1838/2072/667 1835/2070/664
f 1838/2073/667 1831/2074/662 1837/2075/665
f 1839/2055/669 1834/2069/662 1838/2073/667
f 1844/2076/1269 1846/2077/651 1840/245/141
f 1845/2078/639 1847/2079/652 1844/2076/1269
f 1847/2080/652 1861/2081/648 1846/2082/651
f 1848/2083/638 1864/2084/649 1847/2080/652
f 1841/243/39 1853/2085/1270 1852/2086/635
f 1850/2087/636 1854/2088/637 1853/2089/1270
f 1852/2090/635 1848/2091/638 1845/2078/639
f 1853/2092/1270 1849/2093/640 1848/2083/638
f 1855/2094/641 1857/2095/642 1842/259/87
f 1856/2096/1262 1858/2097/644 1855/2098/641
f 1858/2099/644 1851/2100/636 1857/2095/642
f 1859/2101/643 1854/2102/637 1858/2097/644
f 1843/250/83 1863/2103/1263 1862/2104/647
f 1860/2105/648 1864/2084/649 1863/2103/1263
f 1862/2104/647 1859/2101/643 1856/2096/1262
f 1863/2103/1263 1849/2093/640 1859/2101/643
f 1870/2106/1271 1872/2107/1272 1865/223/60
f 1871/2108/1273 1873/2109/1274 1870/2106/1271
f 1873/2109/1274 1892/2110/1275 1872/2107/1272
f 1874/2111/1276 1895/2112/1277 1873/2109/1274
f 1876/2113/1278 1878/2114/1279 1866/266/98
f 1877/2115/1280 1879/2116/1281 1876/2113/1278
f 1879/2116/1281 1871/2108/1273 1878/2114/1279
f 1880/2117/1282 1874/2111/1276 1879/2116/1281
f 1867/236/138 1884/2118/1283 1883/2119/1284
f 1881/2120/1285 1885/2121/1286 1884/2118/1283
f 1883/2119/1284 1880/2117/1282 1877/2115/1280
f 1884/2118/1283 1875/2122/1287 1880/2117/1282
f 1886/2123/1288 1888/2124/1289 1868/2125/1290
f 1887/2126/1291 1889/2127/1292 1886/2123/1288
f 1889/2127/1292 1882/2128/1293 1888/2124/1289
f 1890/2129/1294 1885/2121/1286 1889/2127/1292
f 1869/255/144 1894/2130/1295 1893/2131/1296
f 1891/2132/1297 1895/2112/1277 1894/2130/1295
f 1893/2131/1296 1890/2129/1294 1887/2126/1291
f 1894/2130/1295 1875/2122/1287 1890/2129/1294
f 1900/2133/1298 1902/2134/1299 1896/268/151
f 1901/2135/1300 1903/2136/1301 1900/2133/1298
f 1903/2136/1301 1917/2137/1302 1902/2134/1299
f 1904/2138/1303 1920/2139/1304 1903/2136/1301
f 1897/215/126 1909/2140/1305 1908/2141/1306
f 1906/2142/1307 1910/2143/1308 1909/2140/1305
f 1908/2141/1306 1904/2138/1303 1901/2135/1300
f 1909/2140/1305 1905/2144/1309 1904/2138/1303
f 1911/2145/1310 1913/2146/1311 1898/2147/605
f 1912/2148/1312 1914/2149/1313 1911/2145/1310
f 1914/2149/1313 1907/2150/1307 1913/2146/1311
f 1915/2151/1314 1910/2143/1308 1914/2149/1313
f 1899/2152/1315 1919/2153/1316 1918/2154/1317
f 1916/2155/1302 1920/2139/1304 1919/2153/1316
f 1918/2154/1317 1915/2151/1314 1912/2148/1312
f 1919/2153/1316 1905/2144/1309 1915/2151/1314
f 1921/251/142 1929/2156/1318 1928/2157/1319
f 1926/2158/1320 1930/2159/1321 1929/2160/1318
f 1928/2157/1319 1951/2161/1322 1948/2162/1323
f 1929/2160/1318 1931/2163/1324 1951/2164/1322
f 1932/2165/1325 1934/2166/1326 1922/2167/84
f 1933/2168/1327 1935/2169/1328 1932/2165/1325
f 1935/2169/1328 1927/2170/1329 1934/2166/1326
f 1936/2171/1330 1930/2159/1331 1935/2169/1328
f 1923/220/129 1940/2172/1332 1939/2173/1333
f 1937/2174/1334 1941/2175/1335 1940/2172/1332
f 1939/2173/1333 1936/2171/1330 1933/2168/1327
f 1940/2172/1332 1931/2163/1336 1936/2171/1330
f 1942/2176/1337 1944/2177/1338 1924/213/125
f 1943/2178/1339 1945/2179/1340 1942/2176/1337
f 1945/2179/1340 1938/2180/1341 1944/2177/1338
f 1946/2181/1342 1941/2175/1335 1945/2179/1340
f 1947/2182/1343 1949/2183/1344 1925/256/145
f 1948/2162/1323 1950/2184/1345 1947/2182/1343
f 1950/2185/1345 1943/2178/1346 1949/2186/1344
f 1951/2164/1322 1946/2181/1347 1950/2185/1345
f 1956/2187/650 1958/2188/651 1952/248/141
f 1957/2189/639 1959/2190/652 1956/2187/650
f 1959/2190/652 1973/2191/648 1958/2188/651
f 1960/2192/638 1976/2193/649 1959/2190/652
f 1953/258/39 1965/2194/757 1964/2195/635
f 1962/2196/636 1966/2197/637 1965/2194/757
f 1964/2198/635 1960/2192/638 1957/2189/639
f 1965/2199/757 1961/2200/640 1960/2192/638
f 1967/2201/1348 1969/2202/642 1954/217/128
f 1968/2203/1349 1970/2204/644 1967/2205/1348
f 1970/2206/644 1963/2207/636 1969/2202/642
f 1971/2208/643 1966/2209/637 1970/2204/644
f 1955/218/83 1975/2210/1263 1974/2211/1350
f 1972/2212/648 1976/2193/649 1975/2210/1263
f 1974/2211/1350 1971/2208/643 1968/2203/1349
f 1975/2210/1263 1961/2200/640 1971/2208/643
f 1981/2213/535 1983/2214/536 1977/269/65
f 1982/2215/537 1984/2216/538 1981/2213/539
f 1983/2214/536 2001/2217/528 1998/2218/540
f 1984/2216/538 1986/2219/533 2001/2217/533
f 1987/2220/541 1989/2221/542 1978/2222/97
f 1987/2220/541 1991/2223/523 1990/2224/543
f 1990/2224/1351 1982/2215/545 1989/2221/546
f 1990/2224/1351 1986/2219/525 1985/2225/547
f 1992/2226/1208 1994/2227/519 1979/2228/97
f 1993/2229/1209 1995/2230/1352 1992/2226/1210
f 1994/2227/519 1991/2223/523 1988/2231/524
f 1995/2230/1352 1986/2219/525 1991/2223/525
f 1997/2232/526 1999/2233/1211 1980/102/65
f 1997/2232/526 2001/2217/528 2000/2234/529
f 2000/2234/530 1993/2229/1353 1999/2233/1213
f 2000/2234/530 1986/2219/533 1996/2235/534
f 2006/2236/578 2008/2237/579 2002/2238/64
f 2006/2236/578 2010/2239/580 2009/2240/581
f 2009/2241/581 2023/2242/575 2008/2243/579
f 2009/2241/581 2011/2244/572 2026/2245/572
f 2012/2246/1239 2014/2247/583 2003/2248/64
f 2013/2249/1240 2015/2250/584 2012/2251/1239
f 2014/2247/583 2010/2239/580 2007/2252/585
f 2015/2250/584 2011/2244/572 2010/2253/580
f 2017/2254/567 2019/2255/1241 2004/94/57
f 2017/2254/567 2021/2256/569 2020/2257/570
f 2020/2257/570 2013/2249/1240 2019/2255/1241
f 2020/2257/570 2011/2244/572 2016/2258/572
f 2022/2259/573 2024/2260/574 2005/212/57
f 2023/2242/575 2025/2261/576 2022/2259/573
f 2024/2260/574 2021/2256/569 2018/2262/577
f 2025/2261/576 2011/2244/572 2021/2256/569
f 2031/2263/1354 2033/2264/1355 2027/221/60
f 2032/2265/1356 2034/2266/1357 2031/2263/1354
f 2033/2264/1355 2051/2267/1358 2048/2268/1359
f 2034/2266/1357 2036/2269/1360 2051/2267/1358
f 2037/2270/1361 2039/2271/1362 2028/2272/1363
f 2037/2270/1361 2041/2273/1364 2040/2274/1365
f 2040/2274/1365 2032/2265/1356 2039/2271/1362
f 2040/2274/1365 2036/2269/1360 2035/2275/1360
f 2042/2276/1366 2044/2277/1367 2029/2278/1363
f 2043/2279/1368 2045/2280/1369 2042/2276/1366
f 2044/2277/1367 2041/2273/1364 2038/2281/1370
f 2045/2280/1369 2036/2269/1360 2041/2273/1364
f 2047/2282/1371 2049/2283/1372 2030/96/60
f 2047/2282/1371 2051/2267/1358 2050/2284/1373
f 2050/2284/1373 2043/2279/1368 2049/2283/1372
f 2050/2284/1373 2036/2269/1360 2046/2285/1360
f 2056/2286/1374 2058/2287/1375 2052/2288/58
f 2056/2286/1374 2060/2289/1376 2059/2290/1377
f 2059/2290/1378 2073/2291/1379 2058/2287/1380
f 2059/2290/1378 2061/2292/1381 2076/2293/1382
f 2062/2294/1383 2064/2295/1384 2053/93/58
f 2063/2296/1385 2065/2297/1386 2062/2294/1387
f 2064/2295/1384 2060/2289/1376 2057/2298/1388
f 2065/2297/1386 2061/2292/1381 2060/2289/1381
f 2067/2299/1389 2069/2300/1390 2054/135/89
f 2067/2299/1389 2071/2301/1391 2070/2302/1392
f 2070/2303/1393 2063/2296/1394 2069/2304/1395
f 2070/2303/1393 2061/2292/1396 2066/2305/1396
f 2072/2306/1397 2074/2307/1398 2055/254/89
f 2073/2291/1399 2075/2308/1400 2072/2309/1401
f 2074/2307/1398 2071/2301/1391 2068/2310/1402
f 2075/2308/1400 2061/2292/1396 2071/2311/1396
f 65/66/43 59/302/175 37/67/43
f 77/316/187 60/282/158 59/302/175
f 70/319/190 40/280/153 60/282/158
f 69/306/179 33/277/154 40/276/153
f 120/77/48 99/337/206 95/339/48
f 126/360/223 100/340/208 99/337/206
f 141/363/219 107/346/214 100/340/208
f 140/376/217 96/65/18 107/346/214
f 123/378/18 75/315/186 65/66/43
f 142/377/218 76/317/188 75/315/186
f 136/380/221 82/322/193 76/317/188
f 135/371/213 66/87/13 82/322/193
f 37/67/43 105/345/213 96/65/18
f 61/303/176 106/354/221 105/345/213
f 55/305/178 112/351/218 106/354/221
f 54/297/170 97/33/18 112/351/218
f 171/86/54 165/400/239 148/402/19
f 181/419/251 166/385/229 165/404/239
f 174/409/245 151/382/226 166/385/229
f 173/407/243 145/64/25 151/382/226
f 148/402/19 80/321/192 66/87/13
f 167/401/240 81/330/201 80/321/192
f 161/405/242 87/327/198 81/330/201
f 160/393/235 67/36/17 87/327/198
f 122/88/18 179/414/250 171/86/54
f 137/372/214 180/416/252 179/414/250
f 131/368/208 186/422/256 180/416/252
f 130/366/206 172/85/53 186/422/256
f 190/32/17 228/466/289 216/468/291
f 201/439/266 229/456/281 228/470/289
f 194/429/261 219/453/278 229/456/281
f 193/427/259 214/91/56 219/453/278
f 97/33/18 230/467/290 110/350/217
f 230/467/290 111/352/219 110/350/217
f 111/352/219 223/459/284 117/356/223
f 223/459/284 98/82/48 117/356/223
f 36/34/13 199/434/265 190/32/17
f 56/298/171 200/446/273 199/434/265
f 50/293/166 206/442/270 200/446/273
f 49/291/164 191/39/17 206/442/270
f 1131/35/19 1125/1365/265 1108/1367/17
f 1142/1380/240 1126/1349/273 1125/1365/265
f 1135/1384/242 1111/1344/270 1126/1349/273
f 1134/1370/235 1105/1345/17 1111/1344/270
f 1108/1367/17 85/326/197 67/36/17
f 1127/1366/266 86/328/199 85/326/197
f 1121/1360/261 92/335/204 86/328/199
f 1120/1358/259 68/43/22 92/333/204
f 147/37/19 1140/1379/239 1131/35/19
f 162/398/236 1141/1381/229 1140/1383/239
f 156/390/232 1147/1387/226 1141/1381/229
f 155/388/230 1132/76/25 1147/1387/226
f 1156/38/19 1200/1440/265 1183/1442/17
f 1167/1403/240 1201/1427/273 1200/1440/265
f 1160/1406/242 1186/1421/270 1201/1427/273
f 1159/1395/235 1180/1422/17 1186/1421/270
f 1183/1442/17 204/441/269 191/39/17
f 1202/1445/266 205/443/271 204/445/269
f 1196/1437/261 211/449/275 205/443/271
f 1195/1435/259 192/70/20 211/449/275
f 35/40/19 1165/1402/239 1156/38/19
f 51/292/165 1166/1404/229 1165/1402/239
f 45/295/168 1172/1412/226 1166/1404/229
f 44/285/160 1157/46/25 1172/1408/226
f 270/508/331 239/473/294 233/475/296
f 278/507/330 240/476/297 239/473/294
f 303/511/334 247/482/303 240/476/297
f 302/535/358 234/73/47 247/482/303
f 339/576/115 333/562/385 311/72/46
f 351/580/398 334/542/367 333/565/385
f 344/569/392 314/539/364 334/542/367
f 343/567/390 307/78/49 314/539/364
f 340/114/74 297/529/352 274/115/75
f 356/583/403 298/531/354 297/529/352
f 350/577/399 304/536/359 298/531/361
f 349/574/397 275/71/45 304/536/359
f 235/49/28 328/554/379 310/47/26
f 252/487/308 329/556/381 328/554/379
f 246/483/304 335/563/386 329/556/388
f 245/481/302 311/72/46 335/563/386
f 401/639/453 395/627/441 373/63/42
f 412/638/452 396/604/423 395/627/441
f 405/642/456 376/600/419 396/604/423
f 404/632/446 369/52/31 376/600/419
f 272/140/92 387/615/432 287/519/342
f 287/519/342 381/608/427 288/521/344
f 288/521/344 380/606/425 294/525/348
f 294/525/348 370/121/81 273/120/80
f 342/596/51 415/646/460 402/84/52
f 366/595/415 416/655/465 415/646/460
f 360/598/417 422/651/463 416/655/465
f 359/591/411 403/106/68 422/651/463
f 426/666/475 476/712/514 459/90/55
f 438/665/474 477/694/499 476/712/514
f 431/669/478 462/690/495 477/694/499
f 430/659/468 456/145/95 462/690/495
f 308/81/51 473/707/510 318/544/369
f 318/544/369 467/699/504 319/546/371
f 319/546/371 466/696/501 325/551/376
f 325/551/376 457/698/503 309/56/35
f 237/109/71 446/678/487 428/107/69
f 262/497/320 447/687/493 446/678/487
f 256/500/323 453/683/491 447/687/493
f 255/491/314 429/61/40 453/683/491
f 1478/239/70 1457/1684/1167 1453/1686/1169
f 1484/1710/1187 1458/1697/1177 1457/1684/1167
f 1499/1715/1191 1465/1693/1174 1458/1697/1177
f 1498/1728/1201 1454/1694/1169 1465/1693/1174
f 1455/1700/44 282/514/337 271/42/21
f 1470/1699/1179 283/516/339 282/514/337
f 1464/1695/1175 289/520/343 283/516/339
f 1463/1692/1173 272/140/92 289/520/343
f 372/622/24 1493/1723/1196 1480/75/24
f 392/621/436 1494/1725/1198 1493/1723/1196
f 386/625/439 1500/1732/1202 1494/1725/1198
f 385/2312/433 1481/141/70 1500/1729/1202
f 1503/233/70 1532/1755/1167 1528/1757/1169
f 1509/1735/1187 1533/1771/1177 1532/1755/1167
f 1524/1739/1191 1540/1766/1174 1533/1771/1177
f 1523/1751/1201 1529/1767/1169 1540/1766/1174
f 1530/1775/44 441/670/479 427/69/44
f 1545/1774/1179 442/672/481 441/670/479
f 1539/1768/1175 448/680/486 442/672/481
f 1538/1765/1173 428/107/69 448/677/486
f 238/504/327 1518/1746/1196 1505/45/24
f 267/503/326 1519/1748/1198 1518/1746/1196
f 261/498/321 1525/1752/1202 1519/1748/1198
f 260/496/319 1506/108/70 1525/1752/1202
f 338/79/49 124/359/222 120/77/48
f 345/568/391 125/370/211 124/359/222
f 365/572/395 132/367/207 125/370/211
f 364/594/414 121/83/48 132/367/207
f 170/62/41 410/637/451 401/639/453
f 175/408/244 411/640/454 410/637/451
f 185/411/247 417/648/459 411/640/454
f 184/421/255 402/84/52 417/645/459
f 271/42/21 90/332/203 68/43/22
f 90/332/203 277/509/332 91/313/184
f 277/509/332 71/307/180 91/313/184
f 71/307/180 270/508/331 64/308/181
f 34/44/23 265/502/325 238/504/327
f 46/286/161 266/478/299 265/502/325
f 39/278/155 241/474/295 266/478/299
f 38/275/152 233/475/296 241/474/295
f 427/69/44 209/448/274 192/70/20
f 443/671/480 210/432/264 209/448/274
f 437/674/483 195/428/260 210/432/264
f 436/664/473 189/89/20 195/428/260
f 215/80/50 471/2313/511 458/705/508
f 225/464/285 472/715/517 471/708/511
f 218/454/279 478/713/515 472/715/517
f 217/452/277 459/90/55 478/713/515
f 1531/1781/44 1190/1430/274 1181/189/20
f 1550/1780/1183 1191/1439/264 1190/1430/274
f 1544/1783/1185 1197/1436/260 1191/1439/264
f 1543/1773/1178 1182/68/20 1197/1436/260
f 146/74/25 390/620/435 372/622/24
f 157/389/231 391/623/437 390/620/435
f 150/392/234 397/628/442 391/623/437
f 149/381/225 373/63/42 397/628/442
f 1456/1706/44 1115/1351/274 1106/165/20
f 1475/1705/1183 1116/1363/264 1115/1351/274
f 1469/1708/1185 1122/1359/260 1116/1363/264
f 1468/1698/1178 1107/41/20 1122/1359/260
f 308/81/51 115/355/222 98/82/48
f 320/545/370 116/343/211 115/355/222
f 313/548/373 101/338/207 116/343/211
f 312/538/363 95/339/48 101/338/207
f 1158/169/25 1513/1741/1192 1504/167/24
f 1177/1415/231 1514/1750/1200 1513/1741/1192
f 1171/1418/234 1520/1747/1197 1514/1750/1200
f 1170/1407/225 1505/45/24 1520/1747/1197
f 1133/196/25 1488/1718/1192 1479/194/24
f 1152/1392/231 1489/1727/1200 1488/1718/1192
f 1146/1394/234 1495/1724/1197 1489/1727/1200
f 1145/1386/225 1480/75/24 1495/1724/1197
f 508/110/72 493/724/527 520/753/1403
f 520/753/565 486/718/531 521/743/1404
f 486/718/520 511/739/553 521/743/555
f 485/716/518 506/737/548 511/739/550
f 550/99/62 531/755/568 553/780/586
f 553/780/586 546/759/571 554/782/588
f 546/759/571 561/793/594 554/782/588
f 545/774/582 551/789/595 561/788/594
f 507/151/101 566/796/600 515/745/557
f 515/745/557 560/790/596 516/747/559
f 516/747/559 559/787/593 522/752/564
f 522/752/564 551/789/595 508/110/72
f 483/103/65 540/767/578 527/101/64
f 498/729/536 541/778/585 540/767/578
f 492/732/540 547/775/583 541/778/585
f 491/723/526 528/111/64 547/775/583
f 481/147/97 819/1063/782 797/148/98
f 487/717/519 820/1044/763 819/1063/782
f 502/721/524 800/1041/760 820/1044/763
f 501/733/541 793/97/60 800/1041/760
f 603/853/141 432/658/467 620/851/650
f 620/851/650 452/662/471 621/835/639
f 621/835/639 451/685/490 606/833/635
f 606/830/635 429/61/40 600/60/39
f 457/698/503 645/2314/672 628/57/36
f 468/703/502 646/860/657 645/879/672
f 461/702/506 631/857/654 646/860/657
f 460/691/496 625/144/84 631/857/654
f 507/151/101 844/1088/805 827/149/99
f 517/746/558 845/1071/790 844/1088/805
f 510/749/561 830/1068/787 845/1071/790
f 509/740/551 824/146/96 830/1068/787
f 235/49/28 582/810/612 250/486/307
f 250/486/307 575/804/606 251/488/309
f 251/488/309 574/801/603 257/492/315
f 257/492/315 569/803/605 236/59/38
f 746/1004/141 617/848/647 763/1002/650
f 763/1002/650 611/840/643 764/985/639
f 764/985/639 610/842/641 749/983/635
f 749/979/635 601/154/87 743/153/39
f 627/870/143 788/2315/672 771/123/36
f 642/875/665 789/1015/657 788/1034/672
f 636/874/668 774/1010/654 789/1015/657
f 635/865/661 768/126/84 774/1010/654
f 651/58/37 323/552/377 309/56/35
f 663/893/681 324/559/383 323/552/377
f 656/896/684 330/560/380 324/559/383
f 655/2316/675 310/47/26 330/555/380
f 627/870/143 668/899/688 640/868/664
f 640/868/664 662/894/682 641/871/666
f 641/871/666 661/892/680 647/878/671
f 647/878/671 651/58/37 628/57/36
f 571/113/73 676/909/699 654/911/133
f 587/815/618 677/889/678 676/909/699
f 581/818/621 657/884/674 677/889/678
f 580/811/613 650/882/113 657/884/674
f 626/127/63 615/849/648 602/125/83
f 637/864/655 616/855/648 615/849/648
f 630/858/655 622/852/651 616/855/648
f 629/856/653 603/853/141 622/852/651
f 601/154/87 595/828/632 573/152/102
f 612/839/642 596/806/608 595/828/632
f 605/844/645 576/802/604 596/806/608
f 604/831/636 569/803/605 576/802/604
f 681/119/79 590/820/624 572/822/626
f 590/820/624 708/921/708 591/823/627
f 591/823/627 707/939/726 597/827/631
f 597/827/631 685/941/118 573/152/102
f 713/124/51 666/900/689 652/122/82
f 725/956/737 667/907/697 666/900/689
f 718/961/740 673/903/693 667/907/697
f 673/903/693 712/105/67 653/904/694
f 853/1119/141 760/999/647 875/1117/832
f 875/1117/832 754/991/643 876/1095/811
f 876/1095/811 753/993/641 856/1093/807
f 856/1090/807 744/133/87 849/132/86
f 770/1025/143 900/2317/672 883/138/36
f 785/1030/665 901/1126/657 900/1145/672
f 779/1029/668 886/1123/654 901/1126/657
f 778/1020/661 880/129/84 886/1123/654
f 770/1025/143 730/964/743 783/1023/664
f 783/1023/664 724/957/738 784/1026/666
f 784/1026/666 723/959/736 790/1037/671
f 790/1033/671 713/124/51 771/123/36
f 683/118/78 733/968/747 715/116/76
f 699/930/716 734/970/749 733/968/747
f 693/933/719 740/976/754 734/970/749
f 692/926/712 716/974/108 740/976/754
f 769/130/63 758/1000/648 745/128/83
f 758/1000/648 773/1011/655 759/1007/648
f 759/1007/648 772/1013/653 765/1008/651
f 772/1009/653 746/1004/141 765/1003/651
f 744/133/87 702/937/723 684/131/85
f 755/990/642 703/944/729 702/937/723
f 748/995/645 709/945/727 703/944/729
f 747/2318/636 685/941/118 709/940/727
f 683/118/78 816/1060/779 697/929/715
f 697/929/715 810/1055/774 698/931/717
f 698/931/717 809/1052/771 704/936/722
f 704/936/722 795/1054/773 684/131/85
f 826/139/37 728/965/744 714/137/91
f 841/1081/799 729/972/751 728/965/744
f 835/1084/796 735/969/748 729/972/751
f 834/1077/795 715/116/76 735/969/748
f 852/98/61 529/754/567 525/756/57
f 872/1114/828 530/766/577 529/754/567
f 866/1110/822 537/763/574 530/766/577
f 865/1107/819 526/92/57 537/763/574
f 882/1136/840 564/2319/601 552/150/100
f 897/1141/839 565/784/590 564/797/601
f 891/1140/841 555/781/587 565/784/590
f 890/1131/838 550/99/62 555/781/587
f 882/1136/840 846/1087/804 895/1134/664
f 895/1134/664 840/1082/800 896/1137/666
f 896/1137/666 839/1080/798 902/1144/671
f 902/1144/671 826/139/37 883/138/36
f 797/148/98 828/1067/786 824/146/96
f 821/1064/783 829/1069/788 828/1067/786
f 829/1069/788 814/1061/780 836/1076/788
f 814/1061/780 825/1074/793 836/1076/788
f 881/100/63 870/1115/829 852/98/61
f 892/1130/655 871/1121/835 870/1115/829
f 885/1124/655 877/1118/833 871/1121/835
f 884/1122/653 853/1119/141 877/1118/833
f 850/136/90 804/1049/768 794/134/88
f 862/1099/814 805/1057/776 804/1049/768
f 855/1104/817 811/1053/772 805/1057/776
f 854/1091/808 795/1054/773 811/1053/772
f 572/822/626 292/524/347 273/120/80
f 592/821/625 293/533/356 292/524/347
f 586/816/619 299/530/353 293/533/356
f 585/814/617 274/115/75 299/530/353
f 340/114/74 678/910/700 354/582/402
f 354/586/402 672/905/695 355/584/404
f 355/584/404 671/902/692 361/590/410
f 361/590/410 653/904/694 341/104/66
f 403/106/68 719/947/731 420/650/462
f 420/653/462 739/951/734 421/635/449
f 421/635/449 738/977/755 406/631/445
f 406/631/445 716/974/108 400/50/29
f 682/51/30 374/601/420 369/52/31
f 694/925/711 375/611/429 374/601/420
f 687/917/705 382/612/426 375/611/429
f 686/915/703 370/121/81 382/607/426
f 1977/269/65 2006/2236/578 2002/2238/64
f 2006/2236/578 1998/2218/540 2007/2252/585
f 1998/2218/540 2014/2247/583 2007/2252/585
f 1997/2232/526 2003/2248/64 2014/2247/583
f 1979/2228/97 2047/2282/1371 2030/96/60
f 1994/2227/519 2048/2268/1359 2047/2282/1371
f 1988/2231/524 2033/2264/1355 2048/2268/1359
f 1987/2220/541 2027/221/60 2033/2264/1355
f 2053/93/58 2017/2254/567 2004/94/57
f 2064/2295/1384 2018/2262/577 2017/2254/567
f 2057/2298/1388 2024/2260/574 2018/2262/577
f 2056/2286/1374 2005/212/57 2024/2260/574
f 2055/254/89 2037/2270/1361 2028/2272/1363
f 2074/2307/1398 2038/2281/1370 2037/2270/1361
f 2068/2310/1402 2044/2277/1367 2038/2281/1370
f 2067/2299/1389 2029/2278/1363 2044/2277/1367
f 2030/96/60 798/1040/759 793/97/60
f 2049/2283/1372 799/1042/761 798/1040/759
f 2043/2279/1368 806/1048/767 799/1042/761
f 2042/2276/1366 794/134/88 806/1048/767
f 851/1109/821 2062/2294/1383 2053/93/58
f 867/1108/820 2063/2296/1385 2062/2294/1387
f 861/1100/815 2069/2304/1395 2063/2296/1394
f 860/1098/813 2054/135/89 2069/2300/1390
f 2004/94/57 535/762/573 526/92/57
f 2019/2255/1241 536/764/575 535/762/573
f 2013/2249/1240 542/772/579 536/764/575
f 2012/2246/1239 527/101/64 542/768/579
f 484/95/59 1992/2226/1208 1979/2228/97
f 503/734/546 1993/2229/1209 1992/2226/1210
f 497/730/537 1999/2233/1213 1993/2229/1353
f 496/728/535 1980/102/65 1999/2233/1211
f 936/54/33 910/1148/842 905/55/34
f 943/1182/869 911/1160/852 910/1150/842
f 911/1160/852 962/1204/890 918/1157/849
f 962/1204/890 906/187/18 918/1157/849
f 993/1238/43 987/1225/909 970/186/43
f 1004/1237/906 988/1212/898 987/1225/909
f 997/1231/902 973/1209/895 988/1212/898
f 996/1229/900 967/199/116 973/1209/895
f 994/208/43 957/1199/885 939/206/13
f 1009/1243/910 958/1207/893 957/1199/885
f 1003/1246/912 964/1205/891 958/1207/893
f 1002/1236/905 940/185/18 964/1205/891
f 907/157/13 982/1220/905 969/155/43
f 923/1163/855 983/1228/912 982/1220/905
f 917/1158/850 989/1226/910 983/1228/912
f 916/1156/848 970/186/43 989/1226/910
f 1042/183/114 1021/1251/230 1017/184/25
f 1047/1278/914 1022/1253/232 1021/1251/230
f 1057/1281/917 1029/1264/236 1022/1253/232
f 1029/1259/236 1044/207/122 1018/1260/19
f 1019/160/19 952/1193/879 938/158/17
f 1034/1267/240 953/1195/881 952/1193/879
f 1028/1271/242 959/1200/886 953/1195/881
f 1027/1258/235 939/206/13 959/1200/886
f 995/204/116 1051/1284/920 1043/205/121
f 1014/1248/895 1052/1286/922 1051/1284/920
f 1008/1244/898 1058/1292/926 1052/1286/922
f 1007/1242/909 1044/207/122 1058/1292/926
f 1061/210/20 1089/1322/929 1086/211/124
f 1067/1298/275 1090/1324/931 1089/1322/929
f 1090/1324/931 1081/1319/269 1097/1335/937
f 1081/1316/269 1087/1331/938 1097/1330/937
f 1088/201/119 977/1215/900 968/202/116
f 977/1215/900 1096/1332/939 978/1217/902
f 1096/1332/939 984/1221/906 978/1217/902
f 984/1221/906 1087/1331/938 969/155/43
f 908/163/19 1076/1309/265 1063/161/17
f 928/1168/860 1077/1320/273 1076/1309/265
f 922/1171/863 1083/1317/270 1077/1320/273
f 921/1162/854 1064/156/17 1083/1317/270
f 1106/165/20 947/1187/875 937/166/104
f 1117/1356/275 948/1197/883 947/1189/875
f 1110/1346/271 954/1194/880 948/1197/883
f 1109/1343/269 938/158/17 954/1194/880
f 1020/195/25 1150/1391/230 1133/196/25
f 1039/1274/226 1151/1375/232 1150/1391/230
f 1033/1268/229 1136/1376/236 1151/1375/232
f 1032/1266/239 1130/159/19 1136/1371/236
f 1181/189/20 1071/1304/259 1062/190/20
f 1192/1431/275 1072/1306/261 1071/1304/259
f 1185/1423/271 1078/1314/266 1072/1306/261
f 1184/1420/269 1063/161/17 1078/1310/266
f 909/168/105 1175/1414/230 1158/169/25
f 933/1176/866 1176/1399/232 1175/1417/230
f 927/1169/861 1161/1396/236 1176/1399/232
f 926/1167/859 1155/162/19 1161/1396/236
f 1243/192/115 1237/1476/975 1210/193/46
f 1256/1488/989 1238/1451/950 1237/1476/975
f 1249/1482/983 1213/1448/947 1238/1451/950
f 1248/1479/980 1205/53/32 1213/1448/947
f 1310/1540/117 1284/1511/1014 1279/198/117
f 1317/1539/1042 1285/1513/1016 1284/1511/1014
f 1337/1543/1045 1292/1519/1022 1285/1513/1016
f 1336/1564/1064 1280/1520/47 1292/1519/1022
f 1314/2320/45 1254/1487/988 1243/192/115
f 1338/2321/1065 1255/1489/990 1254/1487/988
f 1332/2322/1060 1261/1493/994 1255/1489/997
f 1331/2323/1058 1244/229/134 1261/1493/994
f 1210/193/46 1290/2324/1021 1280/191/47
f 1239/1477/976 1291/2325/1023 1290/2324/1021
f 1233/1472/971 1297/2326/1027 1291/2325/1030
f 1232/1470/969 1281/180/28 1297/2326/1027
f 1372/174/109 1346/1570/1071 1341/175/110
f 1378/1601/1096 1347/1579/1080 1346/1570/1071
f 1393/1605/1100 1354/1576/1077 1347/1579/1080
f 1392/1621/1112 1342/182/42 1354/1576/1077
f 1345/178/112 1264/1497/1000 1245/176/111
f 1369/1594/1092 1265/1506/1009 1264/1497/1000
f 1363/1598/1094 1271/1503/1006 1265/1506/1009
f 1362/1589/1089 1246/240/139 1271/1503/1006
f 1373/226/132 1328/1553/1054 1382/1607/1102
f 1382/1607/1102 1322/1548/1049 1383/1609/1104
f 1383/1609/1104 1321/1545/1047 1389/1616/1109
f 1389/1616/1109 1311/1547/118 1374/203/120
f 1397/264/148 1432/1659/1146 1428/265/149
f 1404/1627/1118 1433/1668/1155 1432/1659/1146
f 1424/1631/1122 1440/1665/1152 1433/1668/1155
f 1423/1653/1141 1429/209/123 1440/1665/1152
f 1431/262/147 1300/1532/1035 1282/260/146
f 1450/1678/1164 1301/1537/1040 1300/1532/1035
f 1444/1682/1166 1307/1535/1038 1301/1537/1040
f 1443/1673/1160 1283/200/118 1307/1535/1038
f 1398/172/107 1229/1466/965 1408/1633/1124
f 1408/1633/1124 1223/1462/961 1409/1635/1126
f 1409/1635/1126 1222/1460/959 1415/1642/1131
f 1415/1642/1131 1207/235/137 1399/234/136
f 1453/1686/1169 1269/1502/1005 1246/240/139
f 1459/1685/1168 1270/1504/1007 1269/1502/1005
f 1474/1689/1172 1276/1509/1012 1270/1504/1007
f 1473/1704/1182 1247/164/103 1276/1509/1012
f 1344/241/140 1482/1709/1186 1478/239/70
f 1364/1591/1088 1483/1711/1188 1482/1713/1186
f 1358/1584/1084 1490/1719/1193 1483/1711/1188
f 1357/1581/1082 1479/194/24 1490/1719/1193
f 1528/1757/1169 1413/2327/1132 1399/234/136
f 1534/1762/1168 1414/1651/1139 1413/1643/1132
f 1549/1761/1172 1420/1648/1136 1414/1651/1139
f 1548/1779/1182 1400/188/44 1420/1648/1136
f 1207/235/137 1507/1734/1186 1503/233/70
f 1224/1461/960 1508/1736/1188 1507/1734/1186
f 1218/1457/956 1515/1742/1193 1508/1736/1188
f 1217/1454/953 1504/167/24 1515/1742/1193
f 995/204/116 1323/1546/1048 1012/1247/894
f 1012/1247/894 1316/1550/1051 1013/1234/904
f 1013/1234/904 1315/1538/1041 998/1230/901
f 998/1230/901 1310/1540/117 992/197/116
f 1043/205/121 1387/2328/1110 1374/203/120
f 1053/1289/921 1388/1625/1116 1387/1617/1110
f 1046/1279/915 1394/1622/1113 1388/1625/1116
f 1045/1277/913 1375/1623/1114 1394/1622/1113
f 1242/1481/982 941/1178/868 936/54/33
f 1250/1480/981 942/1180/870 941/1178/868
f 1275/1484/985 949/1188/876 942/1180/870
f 1274/1508/1011 937/166/104 949/1188/876
f 905/55/34 1211/1447/946 1205/53/32
f 912/1149/843 1212/1449/948 1211/1447/946
f 932/1154/846 1219/1455/954 1212/1449/948
f 931/1173/865 1206/1456/955 1219/1455/954
f 1401/1655/475 1065/1297/274 1061/210/20
f 1425/1654/1142 1066/1308/264 1065/1297/274
f 1419/1649/1137 1073/1305/260 1066/1308/264
f 1418/1647/1135 1062/190/20 1073/1305/260
f 1086/211/124 1438/1664/1151 1429/209/123
f 1091/1323/930 1439/1666/1153 1438/1664/1151
f 1101/1326/933 1445/1675/1159 1439/1666/1153
f 1100/1337/942 1430/1670/1157 1445/1672/1159
f 1017/184/25 1352/1575/1076 1342/182/42
f 1023/1252/231 1353/1577/1078 1352/1575/1076
f 1038/1256/234 1359/1582/1083 1353/1577/1078
f 1037/1273/225 1343/1583/24 1359/1582/1083
f 1279/198/117 971/1208/894 967/199/116
f 1286/1512/1015 972/1219/904 971/1208/894
f 1306/1516/1019 979/1216/901 972/1219/904
f 1305/1534/1037 968/202/116 979/1216/901
f 1578/267/150 1559/1785/1204 1581/1808/1405
f 1581/1808/1219 1574/1789/1206 1582/1817/1406
f 1574/1789/1215 1589/1814/1228 1582/1817/1230
f 1573/1802/1214 1579/231/135 1589/1814/1225
f 1624/1865/1257 1609/1831/1238 1636/1863/1255
f 1636/1867/1255 1602/1825/1237 1637/1853/1247
f 1602/1825/1237 1627/1849/1243 1637/1853/1247
f 1601/1823/1236 1622/1850/1244 1627/1849/1243
f 1624/1865/1257 1587/1815/1226 1579/231/135
f 1638/1864/1256 1588/1822/1235 1587/1815/1226
f 1632/1869/1259 1594/1819/1232 1588/1822/1235
f 1631/1858/1252 1580/1820/1233 1594/1819/1232
f 1556/232/65 1607/1830/578 1598/230/64
f 1607/1830/578 1569/1805/540 1608/1842/585
f 1569/1805/540 1614/1838/583 1608/1842/585
f 1614/1838/583 1555/271/65 1599/270/64
f 1554/222/97 1870/2106/1271 1865/223/60
f 1565/1793/519 1871/2108/1273 1870/2106/1271
f 1558/1796/524 1878/2114/1279 1871/2108/1273
f 1557/1784/541 1866/266/98 1878/2114/1279
f 1398/172/107 1676/2329/672 1672/170/36
f 1410/1639/1125 1677/1913/657 1676/1901/672
f 1403/1638/1128 1684/1909/654 1677/1913/657
f 1402/1628/1119 1673/1910/84 1684/1909/654
f 1697/263/141 1434/1658/1145 1701/1925/650
f 1701/1925/650 1449/1662/1149 1702/1927/639
f 1702/1927/639 1448/1680/1163 1709/1936/635
f 1709/1933/635 1431/262/147 1698/261/39
f 1896/268/151 1583/1807/1218 1900/2133/1298
f 1900/2133/1298 1593/1811/1222 1901/2135/1300
f 1901/2135/1300 1592/1818/1231 1908/2141/1306
f 1908/2141/1306 1580/1820/1233 1897/215/126
f 1641/1873/37 1227/1465/964 1208/171/106
f 1648/1872/681 1228/1474/973 1227/1465/964
f 1668/1876/684 1234/1471/970 1228/1474/973
f 1667/1898/675 1209/181/26 1234/1471/970
f 1675/274/143 1819/2330/672 1815/272/36
f 1694/1924/665 1820/2063/657 1819/2047/672
f 1688/1923/662 1827/2057/654 1820/2063/657
f 1687/1917/661 1816/2058/84 1827/2057/654
f 1840/245/141 1719/1949/647 1844/2076/1269
f 1844/2076/1269 1713/1941/1262 1845/2078/639
f 1845/2078/639 1712/1943/641 1852/2090/635
f 1852/2086/635 1699/244/87 1841/243/39
f 1281/1526/28 1729/1953/612 1295/1524/1026
f 1295/1524/1026 1749/1957/606 1296/1527/1028
f 1296/1527/1028 1748/1976/603 1302/1531/1034
f 1302/1531/1034 1726/1978/605 1282/260/146
f 1726/1978/605 1707/1934/636 1698/261/39
f 1750/1977/604 1708/1945/636 1707/1934/636
f 1744/1980/608 1714/1940/642 1708/1945/636
f 1743/1974/632 1699/244/87 1714/1940/642
f 1645/179/113 1727/2331/613 1722/2332/27
f 1669/1897/674 1728/2333/621 1727/2331/613
f 1663/1893/678 1735/2334/618 1728/2333/621
f 1662/1891/699 1723/2335/73 1735/2334/618
f 1697/263/141 1682/1908/653 1673/1910/84
f 1703/1926/651 1683/1911/655 1682/1908/653
f 1683/1911/655 1717/1950/648 1689/1916/655
f 1717/1950/648 1674/246/63 1689/1916/655
f 1641/1873/37 1678/1900/671 1646/1871/680
f 1646/1871/680 1693/1905/666 1647/1874/682
f 1647/1874/682 1692/1919/664 1654/1880/688
f 1654/1880/688 1675/274/143 1642/273/82
f 1754/1992/51 1652/1881/689 1642/273/82
f 1766/1991/737 1653/1889/697 1652/1881/689
f 1759/1997/740 1659/1885/693 1653/1889/697
f 1659/1885/693 1753/177/67 1643/1886/694
f 1784/224/130 1738/1966/624 1724/1968/626
f 1738/1966/624 1811/2019/708 1739/1969/627
f 1739/1969/627 1810/2038/726 1745/1973/631
f 1745/1973/631 1788/2040/118 1725/242/102
f 1818/253/143 1926/2336/1320 1921/251/142
f 1837/2075/665 1927/2170/1329 1926/2158/1320
f 1831/2074/662 1934/2166/1326 1927/2170/1329
f 1830/2068/661 1922/2167/84 1934/2166/1326
f 1952/248/141 1862/2104/647 1956/2187/650
f 1956/2187/650 1856/2096/1262 1957/2189/639
f 1957/2189/639 1855/2098/641 1964/2198/635
f 1964/2195/635 1842/259/87 1953/258/39
f 1788/2040/118 1850/2337/636 1841/243/39
f 1812/2044/727 1851/2100/636 1850/2087/636
f 1806/2043/729 1857/2095/642 1851/2100/636
f 1805/2036/723 1842/259/87 1857/2095/642
f 1757/173/108 1795/2025/712 1785/2022/30
f 1781/2011/754 1796/2032/719 1795/2025/712
f 1775/2006/749 1802/2029/716 1796/2032/719
f 1774/2004/747 1786/237/78 1802/2029/716
f 1816/2058/84 1846/2077/651 1825/2056/653
f 1846/2082/651 1826/2059/655 1825/2061/653
f 1826/2059/655 1860/2105/648 1832/2067/655
f 1860/2105/648 1817/249/63 1832/2067/655
f 1754/1992/51 1821/2046/671 1764/1990/736
f 1764/1995/736 1836/2052/666 1765/1993/738
f 1765/1993/738 1835/2070/664 1771/2000/743
f 1771/2000/743 1818/253/143 1755/252/91
f 1868/2125/1290 1769/2001/744 1755/252/91
f 1888/2124/1289 1770/2008/751 1769/2001/744
f 1882/2128/1293 1776/2005/748 1770/2008/751
f 1881/2120/1285 1756/238/76 1776/2005/748
f 1786/237/78 1918/2154/1317 1800/2028/715
f 1800/2028/715 1912/2148/1312 1801/2030/717
f 1801/2030/717 1911/2145/1310 1807/2035/722
f 1807/2035/722 1898/2147/605 1787/257/85
f 1924/213/125 1617/1844/567 1600/214/57
f 1944/2177/1338 1618/1828/577 1617/1844/567
f 1938/2180/1341 1603/1824/574 1618/1828/577
f 1937/2174/1334 1597/219/57 1603/1824/574
f 1622/1850/1244 1974/2211/1350 1625/1848/1242
f 1625/1848/1242 1968/2203/1349 1626/1851/1245
f 1626/1851/1245 1967/2205/1348 1633/1860/1251
f 1633/1857/1251 1954/217/128 1623/216/127
f 1898/2147/605 1962/2196/636 1953/258/39
f 1913/2146/1311 1963/2207/636 1962/2196/636
f 1907/2150/1307 1969/2202/642 1963/2207/636
f 1906/2142/1307 1954/217/128 1969/2202/642
f 1867/236/138 1916/2155/1302 1899/2152/1315
f 1883/2119/1284 1917/2137/1302 1916/2155/1302
f 1877/2115/1280 1902/2134/1299 1917/2137/1302
f 1876/2113/1278 1896/268/151 1902/2134/1299
f 1922/2167/84 1958/2188/651 1932/2165/1325
f 1958/2188/651 1933/2168/1327 1932/2165/1325
f 1973/2191/648 1939/2173/1333 1933/2168/1327
f 1972/2212/648 1923/220/129 1939/2173/1333
f 1868/2125/1290 1928/2157/1319 1886/2123/1288
f 1886/2123/1288 1948/2162/1323 1887/2126/1291
f 1887/2126/1291 1947/2182/1343 1893/2131/1296
f 1893/2131/1296 1925/256/145 1869/255/144
f 1244/229/134 1664/1892/700 1259/1492/993
f 1259/1492/993 1658/1887/695 1260/1494/995
f 1260/1494/995 1657/1884/692 1266/1498/1001
f 1266/1498/1001 1643/1886/694 1245/176/111
f 1724/1968/626 1326/1554/1055 1312/225/131
f 1740/1967/1264 1327/1562/1062 1326/1554/1055
f 1734/1962/619 1333/1558/1059 1327/1562/1062
f 1733/1959/617 1313/1559/75 1333/1558/1059
f 1785/2022/30 1376/1602/1097 1372/174/109
f 1797/2024/711 1377/1612/1106 1376/1602/1097
f 1790/2015/705 1384/1613/1103 1377/1612/1106
f 1789/2013/703 1373/226/132 1384/1608/1103
f 1345/178/112 1760/1982/731 1367/1593/1091
f 1367/1596/1091 1780/1986/734 1368/1573/1074
f 1368/1573/1074 1779/2012/755 1348/1569/1070
f 1348/1569/1070 1757/173/108 1341/175/110
f 2028/2272/1363 1891/2132/1297 1869/255/144
f 2039/2271/1362 1892/2110/1275 1891/2132/1297
f 2032/2265/1356 1872/2107/1272 1892/2110/1275
f 2031/2263/1354 1865/223/60 1872/2107/1272
f 1925/256/145 2072/2306/1397 2055/254/89
f 1949/2186/1344 2073/2291/1399 2072/2309/1401
f 1943/2178/1339 2058/2287/1380 2073/2291/1379
f 2058/2287/1375 1924/213/125 2052/2288/58
f 2002/2238/64 1612/1837/1239 1599/270/64
f 2008/2243/579 1613/1839/1240 1612/1841/1239
f 2023/2242/575 1619/1845/1241 1613/1839/1240
f 2022/2259/573 1600/214/57 1619/1845/1241
f 1555/271/65 1981/2213/535 1977/269/65
f 1570/1798/1213 1982/2215/537 1981/2213/539
f 1564/1794/1209 1989/2221/546 1982/2215/545
f 1563/1792/1208 1978/2222/97 1989/2221/542
f 64/308/181 233/475/296 33/277/154
f 2/1/1 4/4/2 3/2/2
f 4/4/2 6/6/3 5/5/3
f 6/6/3 8/8/4 7/7/4
f 8/8/4 10/10/5 9/9/5
f 10/10/5 12/12/6 11/11/6
f 12/12/6 14/2338/7 13/13/7
f 13/13/7 14/2338/7 16/14/8
f 16/14/8 18/17/9 17/16/9
f 18/17/9 20/19/10 19/18/10
f 20/19/10 22/2339/11 21/20/11
f 22/21/11 24/24/12 23/22/12
f 24/24/12 26/26/13 25/25/13
f 26/26/13 28/2340/14 27/27/14
f 27/27/14 28/2340/14 30/28/15
f 30/28/15 32/31/16 31/30/16
f 32/31/16 2/1/1 1/3/1
f 190/32/17 216/468/291 97/33/18
f 1131/35/19 1108/1367/17 67/36/17
f 1156/38/19 1183/1442/17 191/39/17
f 1107/41/20 1455/1700/44 271/42/21
f 34/44/23 238/504/327 1505/45/24
f 310/47/26 650/882/113 570/48/27
f 400/50/29 716/974/108 682/51/30
f 1205/53/32 1242/1481/982 936/54/33
f 309/56/35 457/698/503 628/57/36
f 236/59/38 569/803/605 600/60/39
f 170/62/41 401/639/453 373/63/42
f 96/65/18 123/378/18 65/66/43
f 1182/68/20 1530/1775/44 427/69/44
f 275/71/45 339/576/115 311/72/46
f 146/74/25 372/622/24 1480/75/24
f 120/77/48 95/339/48 307/78/49
f 215/80/50 458/705/508 308/81/51
f 121/83/48 342/596/51 402/84/52
f 171/86/54 148/402/19 66/87/13
f 189/89/20 426/666/475 459/90/55
f 526/92/57 851/1109/821 2053/93/58
f 484/95/59 1979/2228/97 2030/96/60
f 852/98/61 525/756/57 550/99/62
f 527/101/64 2003/2248/64 1980/102/65
f 341/104/66 653/904/694 712/105/67
f 428/107/69 1529/1767/1169 1506/108/70
f 508/110/72 551/789/595 528/111/64
f 571/113/73 654/911/133 340/114/74
f 715/116/76 825/1074/793 796/117/77
f 681/119/79 572/822/626 273/120/80
f 652/122/82 627/870/143 771/123/36
f 602/125/83 746/1004/141 768/126/84
f 745/128/83 853/1119/141 880/129/84
f 684/131/85 795/1054/773 849/132/86
f 794/134/88 2029/2278/1363 2054/135/89
f 714/137/91 770/1025/143 883/138/36
f 272/140/92 1454/1694/1169 1481/141/70
f 425/143/94 603/853/141 625/144/84
f 824/146/96 506/737/548 481/147/97
f 827/149/99 882/1136/840 552/150/100
f 573/152/102 685/941/118 743/153/39
f 969/155/43 1087/1331/938 1064/156/17
f 938/158/17 1105/1345/17 1130/159/19
f 1063/161/17 1180/1422/17 1155/162/19
f 1247/164/103 1456/1706/44 1106/165/20
f 1504/167/24 1206/1456/955 909/168/105
f 1672/170/36 1641/1873/37 1208/171/106
f 1757/173/108 1785/2022/30 1372/174/109
f 1245/176/111 1643/1886/694 1753/177/67
f 1645/179/113 1722/2332/27 1281/180/28
f 1342/182/42 1375/1623/1114 1042/183/114
f 940/185/18 993/1238/43 970/186/43
f 1400/188/44 1531/1781/44 1181/189/20
f 1280/191/47 1314/2320/45 1243/192/115
f 1479/194/24 1343/1583/24 1020/195/25
f 992/197/116 1310/1540/117 1279/198/117
f 1283/200/118 1430/1670/1157 1088/201/119
f 1374/203/120 1311/1547/118 995/204/116
f 939/206/13 1018/1260/19 1044/207/122
f 1429/209/123 1401/1655/475 1061/210/20
f 2005/212/57 2052/2288/58 1924/213/125
f 1897/215/126 1580/1820/1233 1623/216/127
f 1955/218/83 1622/1850/1244 1597/219/57
f 2027/221/60 1978/2222/97 1554/222/97
f 1784/224/130 1724/1968/626 1312/225/131
f 1313/227/75 1723/2335/73 1644/228/133
f 1598/230/64 1624/1865/1257 1579/231/135
f 1503/233/70 1528/1757/1169 1399/234/136
f 1867/236/138 1899/2152/1315 1786/237/78
f 1478/239/70 1453/1686/1169 1246/240/139
f 1725/242/102 1788/2040/118 1841/243/39
f 1840/245/141 1816/2058/84 1674/246/63
f 1952/248/141 1922/2167/84 1817/249/63
f 1921/251/142 1868/2125/1290 1755/252/91
f 2055/254/89 2028/2272/1363 1869/255/144
f 1787/257/85 1898/2147/605 1953/258/39
f 1282/260/146 1726/1978/605 1698/261/39
f 1697/263/141 1673/1910/84 1397/264/148
f 1866/266/98 1553/1786/1205 1578/267/150
f 1977/269/65 2002/2238/64 1599/270/64
f 1815/272/36 1754/1992/51 1642/273/82
f 38/275/152 41/279/156 40/276/153
f 39/278/155 42/2341/159 41/279/156
f 40/280/153 41/284/156 63/281/157
f 42/283/159 43/301/1407 63/281/157
f 44/285/160 47/290/163 46/286/161
f 44/287/160 45/295/168 48/288/162
f 47/290/163 42/2341/159 39/278/155
f 48/288/162 43/301/1408 42/283/159
f 49/291/164 52/294/167 51/292/165
f 50/293/166 53/296/169 52/294/167
f 52/294/167 48/288/162 45/295/168
f 53/296/169 43/301/174 48/288/162
f 54/297/170 57/300/173 56/298/171
f 54/297/170 55/305/178 58/299/172
f 56/298/171 57/300/173 53/296/169
f 57/300/173 58/299/172 43/301/174
f 59/302/175 62/304/177 61/303/176
f 60/282/158 63/281/157 62/304/177
f 62/304/177 58/299/172 55/305/178
f 63/281/157 43/301/174 58/299/172
f 69/306/179 72/312/183 71/307/180
f 69/309/179 70/319/190 73/310/182
f 72/312/183 94/2342/185 91/313/184
f 73/310/182 74/325/1409 94/314/185
f 75/315/186 78/318/189 77/316/187
f 76/317/188 79/320/191 78/318/189
f 78/318/189 73/310/182 70/319/190
f 79/320/191 74/325/196 73/310/182
f 80/321/192 83/324/195 82/322/193
f 80/321/192 81/330/201 84/323/194
f 82/322/193 83/324/195 79/320/191
f 83/324/195 84/323/194 74/325/196
f 85/326/197 88/329/200 87/327/198
f 86/328/199 89/331/202 88/329/200
f 88/329/200 84/323/194 81/330/201
f 89/331/202 74/325/196 84/323/194
f 90/332/203 93/334/205 92/333/204
f 91/313/184 94/2342/185 93/334/205
f 92/335/204 93/336/205 89/331/202
f 94/314/185 74/325/1410 89/331/202
f 99/337/206 102/341/209 101/338/207
f 100/340/208 103/349/212 102/341/209
f 101/338/207 102/341/209 119/342/210
f 102/341/209 103/349/212 104/344/212
f 105/345/213 108/348/216 107/346/214
f 105/345/213 106/354/221 109/347/215
f 108/348/216 103/349/212 100/340/208
f 108/348/216 109/347/215 104/344/212
f 110/350/217 113/353/220 112/351/218
f 111/352/219 114/358/212 113/353/220
f 112/351/218 113/353/220 109/347/215
f 113/353/220 114/358/212 104/344/212
f 115/355/222 118/357/224 117/356/223
f 115/355/222 116/343/211 119/342/210
f 118/357/224 114/358/212 111/352/219
f 118/357/224 119/342/210 104/344/212
f 124/359/222 127/362/224 126/360/223
f 124/359/222 125/370/211 128/361/210
f 127/362/224 144/365/212 141/363/219
f 127/362/224 128/361/210 129/364/212
f 130/366/206 133/369/209 132/367/207
f 131/368/208 134/375/212 133/369/209
f 132/367/207 133/369/209 128/361/210
f 133/369/209 134/375/212 129/364/212
f 135/371/213 138/374/216 137/372/214
f 135/371/213 136/380/221 139/373/215
f 138/374/216 134/375/212 131/368/208
f 138/374/216 139/373/215 129/364/212
f 140/376/217 143/379/220 142/377/218
f 141/363/219 144/365/212 143/379/220
f 142/377/218 143/379/220 139/373/215
f 143/379/220 144/365/212 129/364/212
f 149/381/225 152/384/228 151/382/226
f 149/381/225 150/392/234 153/383/227
f 152/384/228 169/387/11 166/385/229
f 152/384/228 153/383/227 154/386/11
f 155/388/230 158/391/233 157/389/231
f 156/390/232 159/399/11 158/391/233
f 157/389/231 158/391/233 153/383/227
f 158/391/233 159/399/11 154/386/11
f 160/393/235 163/396/238 162/394/236
f 160/393/235 161/405/242 164/395/237
f 163/397/238 159/399/11 156/390/232
f 163/397/238 164/406/237 154/386/11
f 165/400/239 168/2343/241 167/401/240
f 166/385/229 169/387/11 168/403/241
f 167/401/240 168/2343/241 164/395/237
f 168/403/241 169/387/11 154/386/11
f 173/407/243 176/410/246 175/408/244
f 174/409/245 177/420/254 176/410/246
f 176/410/246 188/413/249 185/411/247
f 176/410/246 177/420/254 178/412/248
f 179/414/250 182/417/253 181/415/251
f 180/416/252 183/2344/258 182/417/253
f 182/418/253 177/420/254 174/409/245
f 182/418/253 183/426/258 178/412/248
f 184/421/255 187/425/257 186/422/256
f 185/411/247 188/413/249 187/423/257
f 187/425/257 183/2344/258 180/416/252
f 187/423/257 188/413/249 178/412/248
f 193/427/259 196/430/262 195/428/260
f 194/429/261 197/440/15 196/430/262
f 195/428/260 196/430/262 213/431/263
f 196/430/262 197/440/15 198/433/15
f 199/434/265 202/437/268 201/435/266
f 199/434/265 200/446/273 203/436/267
f 202/438/268 197/440/15 194/429/261
f 202/438/268 203/447/267 198/433/15
f 204/441/269 207/2345/272 206/442/270
f 205/443/271 208/451/15 207/444/272
f 206/442/270 207/2345/272 203/436/267
f 207/444/272 208/451/15 198/433/15
f 209/448/274 212/450/276 211/449/275
f 209/448/274 210/432/264 213/431/263
f 212/450/276 208/451/15 205/443/271
f 212/450/276 213/431/263 198/433/15
f 217/452/277 220/455/280 219/453/278
f 218/454/279 221/465/288 220/455/280
f 220/455/280 232/458/283 229/456/281
f 220/455/280 221/465/288 222/457/282
f 223/459/284 226/462/287 225/460/285
f 224/461/286 227/2346/293 226/462/287
f 226/463/287 221/465/288 218/454/279
f 226/463/287 227/472/293 222/457/282
f 228/466/289 231/471/292 230/467/290
f 229/456/281 232/458/283 231/469/292
f 231/471/292 227/2346/293 224/461/286
f 231/469/292 232/458/283 222/457/282
f 239/473/294 242/477/298 241/474/295
f 240/476/297 243/479/300 242/477/298
f 242/477/298 269/480/301 266/478/299
f 243/479/300 244/495/318 269/480/301
f 245/481/302 248/484/305 247/482/303
f 246/483/304 249/485/306 248/484/305
f 248/484/305 243/479/300 240/476/297
f 249/485/306 244/495/318 243/479/300
f 250/486/307 253/489/310 252/487/308
f 251/488/309 254/490/312 253/489/310
f 253/489/310 249/485/313 246/483/311
f 254/490/312 244/495/318 249/485/313
f 255/491/314 258/494/317 257/492/315
f 255/491/314 256/500/323 259/493/316
f 257/492/315 258/494/317 254/490/312
f 258/494/317 259/493/316 244/495/318
f 260/496/319 263/499/322 262/497/320
f 261/498/321 264/501/324 263/499/322
f 263/499/322 259/493/316 256/500/323
f 264/501/324 244/495/318 259/493/316
f 265/502/325 268/505/328 267/503/326
f 266/478/299 269/480/301 268/505/328
f 268/505/328 264/501/324 261/498/321
f 269/480/301 244/495/318 264/501/324
f 276/506/329 279/510/333 278/507/330
f 277/509/332 280/512/335 279/510/333
f 279/510/333 306/513/336 303/511/334
f 280/512/335 281/528/351 306/513/336
f 282/514/337 285/517/340 284/515/338
f 283/516/339 286/518/341 285/517/340
f 285/517/340 280/512/335 277/509/332
f 286/518/341 281/528/351 280/512/335
f 287/519/342 290/522/345 289/520/343
f 288/521/344 291/523/346 290/522/345
f 290/522/345 286/518/341 283/516/339
f 291/523/346 281/528/351 286/518/341
f 292/524/347 295/527/350 294/525/348
f 292/524/347 293/533/356 296/526/349
f 294/525/348 295/527/350 291/523/346
f 295/527/350 296/526/349 281/528/351
f 297/529/352 300/532/355 299/530/353
f 298/531/354 301/534/357 300/532/355
f 300/532/355 296/526/349 293/533/356
f 301/534/357 281/528/351 296/526/349
f 302/535/358 305/537/360 304/536/359
f 303/511/334 306/513/336 305/537/360
f 305/537/360 301/534/362 298/531/361
f 306/513/336 281/528/351 301/534/362
f 312/538/363 315/541/366 314/539/364
f 312/538/363 313/548/373 316/540/365
f 315/541/366 337/543/368 334/542/367
f 316/540/365 317/2347/1411 337/543/368
f 318/544/369 321/547/372 320/545/370
f 319/546/371 322/549/374 321/547/372
f 321/547/372 316/540/365 313/548/373
f 322/549/374 317/2347/1411 316/540/365
f 309/56/35 323/552/377 326/550/375
f 323/552/377 324/559/383 327/553/378
f 325/551/376 326/550/375 322/549/374
f 327/553/378 317/2347/1411 322/549/374
f 328/554/379 331/557/382 330/555/380
f 329/556/381 332/2348/384 331/557/382
f 331/558/382 327/553/378 324/559/383
f 332/561/384 317/2347/1412 327/553/378
f 333/562/385 336/566/387 335/563/386
f 334/542/367 337/543/368 336/564/387
f 336/566/387 332/2348/389 329/556/388
f 337/543/368 317/2347/1413 332/561/389
f 343/567/390 346/570/393 345/568/391
f 344/569/392 347/573/396 346/570/393
f 345/568/391 346/570/393 368/571/394
f 347/573/396 348/593/413 368/571/394
f 349/574/397 352/578/400 351/575/398
f 350/577/399 353/2349/401 352/578/400
f 352/579/400 347/573/396 344/569/392
f 353/581/401 348/593/1414 347/573/396
f 354/582/402 357/587/405 356/583/403
f 355/584/404 358/588/407 357/585/405
f 357/587/405 353/2349/408 350/577/406
f 358/588/407 348/593/1415 353/581/408
f 341/104/66 359/591/411 362/589/409
f 359/591/411 360/598/417 363/592/412
f 361/590/410 362/589/409 358/588/407
f 362/589/409 363/592/412 348/593/413
f 364/594/414 367/597/416 366/595/415
f 365/572/395 368/571/394 367/597/416
f 367/597/416 363/592/412 360/598/417
f 368/571/394 348/593/413 363/592/412
f 369/52/31 374/601/420 377/599/418
f 374/601/420 375/611/429 378/602/421
f 376/600/419 377/599/418 399/603/422
f 377/599/418 378/602/421 379/605/424
f 380/606/425 383/609/428 382/607/426
f 381/608/427 384/619/430 383/609/428
f 383/610/428 378/602/421 375/611/429
f 384/613/430 379/605/424 378/602/421
f 371/142/93 385/2312/433 388/614/431
f 385/616/433 386/625/439 389/617/434
f 387/615/432 388/614/431 384/619/430
f 388/618/431 389/617/434 379/605/424
f 390/620/435 393/624/438 392/621/436
f 391/623/437 394/626/440 393/624/438
f 393/624/438 389/617/434 386/625/439
f 394/626/440 379/605/424 389/617/434
f 395/627/441 398/629/443 397/628/442
f 396/604/423 399/603/422 398/629/443
f 398/629/443 394/626/440 391/623/437
f 399/603/422 379/605/424 394/626/440
f 400/50/29 404/632/446 407/630/444
f 404/632/446 405/642/456 408/633/447
f 406/631/445 407/630/444 424/634/448
f 407/630/444 408/633/447 409/636/450
f 410/637/451 413/641/455 412/638/452
f 411/640/454 414/643/457 413/641/455
f 413/641/455 408/633/447 405/642/456
f 414/643/457 409/636/450 408/633/447
f 402/84/52 415/646/460 418/644/458
f 415/646/460 416/655/465 419/647/461
f 417/648/459 418/649/458 414/643/457
f 418/649/458 419/656/461 409/636/450
f 420/650/462 423/654/464 422/651/463
f 421/635/449 424/634/448 423/652/464
f 423/654/464 419/647/461 416/655/465
f 424/634/448 409/636/450 419/656/461
f 425/143/94 430/659/468 433/657/466
f 430/659/468 431/669/478 434/660/469
f 432/658/467 433/657/466 455/661/470
f 433/657/466 434/660/469 435/663/472
f 436/664/473 439/668/477 438/665/474
f 436/664/473 437/674/483 440/667/476
f 439/668/477 434/660/469 431/669/478
f 440/667/476 435/663/472 434/660/469
f 441/670/479 444/673/482 443/671/480
f 442/672/481 445/675/484 444/673/482
f 444/673/482 440/667/476 437/674/483
f 445/675/484 435/663/472 440/667/476
f 428/107/69 446/678/487 449/676/485
f 446/678/487 447/687/493 450/679/488
f 448/680/486 449/681/485 445/675/484
f 449/681/485 450/688/488 435/663/489
f 451/682/490 454/686/492 453/683/491
f 452/662/471 455/661/470 454/684/492
f 454/686/492 450/679/488 447/687/493
f 455/661/470 435/663/489 450/688/488
f 456/145/95 460/691/496 463/689/494
f 460/691/496 461/702/506 464/692/497
f 462/690/495 463/689/494 480/693/498
f 463/689/494 464/692/497 465/695/500
f 466/696/501 469/700/505 468/697/502
f 467/699/504 470/711/507 469/700/505
f 469/701/505 464/692/497 461/702/506
f 470/704/507 465/695/513 464/692/497
f 458/705/508 471/2313/511 474/706/509
f 471/708/511 472/715/517 475/709/512
f 473/707/510 474/706/509 470/711/507
f 474/710/509 475/709/512 465/695/513
f 476/712/514 479/714/516 478/713/515
f 477/694/499 480/693/498 479/714/516
f 479/714/516 475/709/512 472/715/517
f 480/693/498 465/695/500 475/709/512
f 485/716/518 488/719/1416 487/717/519
f 486/718/520 489/727/547 488/719/521
f 487/717/519 488/719/1416 505/720/523
f 488/719/521 489/727/547 490/722/525
f 491/723/526 494/726/529 493/724/527
f 491/723/526 492/732/540 495/725/528
f 494/726/530 489/727/534 486/718/531
f 494/726/530 495/725/533 490/722/533
f 496/728/535 499/731/1417 498/729/536
f 497/730/537 500/736/534 499/731/538
f 498/729/536 499/731/1417 495/725/528
f 499/731/538 500/736/534 490/722/533
f 501/733/541 504/735/543 503/734/542
f 501/733/541 502/721/524 505/720/523
f 504/735/544 500/736/547 497/730/545
f 504/735/544 505/720/525 490/722/525
f 506/737/548 509/740/551 512/738/549
f 509/740/551 510/749/561 513/741/552
f 511/739/553 512/738/549 524/742/554
f 512/738/549 513/741/552 514/744/556
f 515/745/557 518/748/560 517/746/558
f 516/747/559 519/750/562 518/748/560
f 518/748/560 513/741/552 510/749/561
f 519/750/562 514/744/556 513/741/552
f 508/110/72 520/753/1403 523/751/563
f 520/753/565 521/743/1404 524/742/566
f 522/752/564 523/751/563 519/750/562
f 523/751/563 524/742/566 514/744/556
f 529/754/567 532/758/570 531/755/568
f 529/754/567 530/766/577 533/757/569
f 532/758/570 549/761/572 546/759/571
f 532/758/570 533/757/569 534/760/572
f 535/762/573 538/765/576 537/763/574
f 536/764/575 539/773/572 538/765/576
f 537/763/574 538/765/576 533/757/569
f 538/765/576 539/773/572 534/760/572
f 540/767/578 543/770/581 542/768/579
f 540/767/578 541/778/585 544/769/580
f 543/771/581 539/773/572 536/764/575
f 543/771/581 544/779/580 534/760/572
f 545/774/582 548/2350/584 547/775/583
f 546/759/571 549/761/572 548/776/584
f 547/775/583 548/2350/584 544/769/580
f 548/776/584 549/761/572 534/760/572
f 553/780/586 556/783/589 555/781/587
f 554/782/588 557/794/598 556/783/589
f 556/783/589 568/786/592 565/784/590
f 556/783/589 557/794/598 558/785/591
f 559/787/593 562/791/597 561/788/594
f 560/790/596 563/799/602 562/791/597
f 562/792/597 557/794/598 554/782/588
f 562/792/597 563/800/602 558/785/591
f 552/150/100 564/2319/601 567/795/599
f 564/797/601 565/784/590 568/786/592
f 566/796/600 567/795/599 563/799/602
f 567/798/599 568/786/592 558/785/591
f 574/801/603 577/805/607 576/802/604
f 575/804/606 578/807/609 577/805/607
f 577/805/607 599/808/610 596/806/608
f 578/807/609 579/813/633 599/808/610
f 570/48/27 580/811/613 583/809/611
f 580/811/613 581/818/621 584/812/614
f 582/810/612 583/809/611 578/807/615
f 583/809/611 584/812/614 579/813/616
f 585/814/617 588/817/620 587/815/618
f 586/816/619 589/819/622 588/817/620
f 588/817/620 584/812/623 581/818/621
f 589/819/622 579/813/1418 584/812/623
f 590/820/624 593/824/628 592/821/625
f 591/823/627 594/825/629 593/824/628
f 593/824/628 589/819/622 586/816/619
f 594/825/629 579/813/633 589/819/622
f 573/152/102 595/828/632 598/826/630
f 595/828/632 596/806/608 599/808/610
f 597/827/631 598/826/630 594/825/629
f 598/826/630 599/808/610 579/813/633
f 600/60/39 604/831/636 607/829/634
f 604/831/636 605/844/645 608/832/637
f 606/833/635 607/836/634 624/834/638
f 607/836/634 608/846/637 609/837/640
f 610/838/641 613/843/644 612/839/642
f 611/840/643 614/845/643 613/841/644
f 613/843/644 608/832/637 605/844/645
f 614/845/643 609/837/640 608/846/637
f 602/125/83 615/849/648 618/847/646
f 615/849/648 616/855/648 619/850/649
f 617/848/647 618/847/646 614/845/643
f 618/847/646 619/850/649 609/837/640
f 620/851/650 623/854/652 622/852/651
f 621/835/639 624/834/638 623/854/652
f 623/854/652 619/850/649 616/855/648
f 624/834/638 609/837/640 619/850/649
f 629/856/653 632/859/656 631/857/654
f 630/858/655 633/861/658 632/859/656
f 632/859/656 649/862/659 646/860/657
f 633/861/658 634/867/663 649/862/659
f 626/127/63 635/865/661 638/863/660
f 635/865/661 636/874/668 639/866/662
f 637/864/655 638/863/660 633/861/658
f 638/863/660 639/866/662 634/867/663
f 640/868/664 643/872/667 642/869/665
f 641/871/666 644/881/669 643/872/667
f 643/873/667 639/866/662 636/874/668
f 644/876/669 634/867/663 639/866/662
f 628/57/36 645/2314/672 648/877/670
f 645/879/672 646/860/657 649/862/659
f 647/878/671 648/877/670 644/881/669
f 648/880/670 649/862/659 634/867/663
f 650/882/113 655/2316/675 658/883/673
f 655/885/675 656/896/684 659/886/676
f 657/884/674 658/883/673 680/888/677
f 658/887/673 659/886/676 660/890/679
f 661/892/680 664/895/683 663/893/681
f 662/894/682 665/897/685 664/895/683
f 664/895/683 659/886/686 656/896/684
f 665/897/685 660/890/691 659/886/686
f 652/122/82 666/900/689 669/898/687
f 666/900/689 667/907/697 670/901/690
f 668/899/688 669/898/687 665/897/685
f 669/898/687 670/901/690 660/890/691
f 671/902/692 674/906/696 673/903/693
f 672/905/695 675/908/698 674/906/696
f 674/906/696 670/901/690 667/907/697
f 675/908/698 660/890/691 670/901/690
f 676/909/699 679/912/701 678/910/700
f 677/889/678 680/888/702 679/912/701
f 679/913/701 675/908/698 672/905/695
f 680/891/702 660/890/1419 675/908/698
f 686/915/703 689/2351/706 688/916/704
f 687/917/705 690/922/709 689/918/706
f 688/916/704 689/2351/706 711/920/707
f 690/922/709 691/928/725 711/923/707
f 682/51/30 692/926/712 695/924/710
f 692/926/712 693/933/719 696/927/713
f 694/925/711 695/924/710 690/922/709
f 695/924/710 696/927/713 691/928/714
f 697/929/715 700/932/718 699/930/716
f 698/931/717 701/934/720 700/932/718
f 700/932/718 696/927/713 693/933/719
f 701/934/720 691/928/714 696/927/713
f 684/131/85 702/937/723 705/935/721
f 702/937/723 703/944/729 706/938/724
f 704/936/722 705/935/721 701/934/720
f 705/935/721 706/938/724 691/928/725
f 707/939/726 710/942/728 709/940/727
f 708/921/708 711/920/707 710/942/728
f 710/943/728 706/938/724 703/944/729
f 711/923/707 691/928/725 706/938/724
f 717/946/730 720/949/733 719/947/731
f 717/946/730 718/961/740 721/948/732
f 720/950/733 742/954/735 739/951/734
f 721/953/732 722/967/746 742/954/735
f 723/955/736 726/960/739 725/956/737
f 724/957/738 727/962/741 726/958/739
f 726/960/739 721/948/732 718/961/740
f 727/962/741 722/967/746 721/953/732
f 714/137/91 728/965/744 731/963/742
f 728/965/744 729/972/751 732/966/745
f 730/964/743 731/963/742 727/962/741
f 731/963/742 732/966/745 722/967/746
f 733/968/747 736/971/750 735/969/748
f 734/970/749 737/973/752 736/971/750
f 736/971/750 732/966/745 729/972/751
f 737/973/752 722/967/756 732/966/745
f 716/974/108 738/977/755 741/975/753
f 738/977/755 739/951/734 742/954/735
f 740/976/754 741/975/753 737/973/752
f 741/975/753 742/954/735 722/967/756
f 743/153/39 747/2318/636 750/978/757
f 747/980/636 748/995/645 751/981/637
f 749/983/635 750/2352/757 767/984/638
f 750/986/757 751/997/637 752/987/640
f 753/989/641 756/994/644 755/990/642
f 754/991/643 757/996/643 756/992/644
f 756/994/644 751/981/637 748/995/645
f 757/996/643 752/987/640 751/997/637
f 745/128/83 758/1000/648 761/998/646
f 758/1000/648 759/1007/648 762/1001/649
f 760/999/647 761/998/646 757/996/643
f 761/998/646 762/1001/649 752/987/640
f 763/1002/650 766/1005/652 765/1003/651
f 764/985/639 767/984/638 766/1005/652
f 766/1006/652 762/1001/649 759/1007/648
f 767/988/638 752/987/640 762/1001/649
f 772/1009/653 775/1014/656 774/1010/654
f 773/1011/655 776/1016/658 775/1012/656
f 775/1014/656 792/1035/659 789/1015/657
f 776/1016/658 777/1022/663 792/1017/659
f 769/130/63 778/1020/661 781/1018/660
f 778/1020/661 779/1029/668 782/1021/662
f 780/1019/655 781/1018/660 776/1016/658
f 781/1018/660 782/1021/662 777/1022/663
f 783/1023/664 786/1027/667 785/1024/665
f 784/1026/666 787/1038/669 786/1027/667
f 786/1028/667 782/1021/662 779/1029/668
f 787/1031/669 777/1022/663 782/1021/662
f 771/123/36 788/2315/672 791/1032/758
f 788/1034/672 789/1015/657 792/1035/659
f 790/1037/671 791/2353/758 787/1038/669
f 791/1039/758 792/1017/659 777/1022/663
f 798/1040/759 801/1043/762 800/1041/760
f 799/1042/761 802/1045/764 801/1043/762
f 801/1043/762 823/1046/765 820/1044/763
f 802/1045/764 803/1051/770 823/1046/765
f 794/134/88 804/1049/768 807/1047/766
f 804/1049/768 805/1057/776 808/1050/769
f 806/1048/767 807/1047/766 802/1045/764
f 807/1047/766 808/1050/769 803/1051/770
f 809/1052/771 812/1056/775 811/1053/772
f 810/1055/774 813/1058/777 812/1056/775
f 812/1056/775 808/1050/769 805/1057/776
f 813/1058/777 803/1051/770 808/1050/769
f 796/117/77 814/1061/780 817/1059/778
f 814/1061/780 815/1066/785 818/1062/781
f 816/1060/779 817/1059/778 813/1058/777
f 817/1059/778 818/1062/781 803/1051/770
f 819/1063/782 822/1065/784 821/1064/783
f 820/1044/763 823/1046/765 822/1065/784
f 822/1065/784 818/1062/781 815/1066/785
f 823/1046/765 803/1051/770 818/1062/781
f 828/1067/786 831/1070/789 830/1068/787
f 829/1069/788 832/1072/791 831/1070/789
f 831/1070/789 848/1073/792 845/1071/790
f 832/1072/791 833/1079/797 848/1073/792
f 825/1074/793 834/1077/795 837/1075/794
f 834/1077/795 835/1084/796 838/1078/796
f 836/1076/788 837/1075/794 832/1072/791
f 837/1075/794 838/1078/796 833/1079/797
f 839/1080/798 842/1083/801 841/1081/799
f 840/1082/800 843/1085/802 842/1083/801
f 842/1083/801 838/1078/796 835/1084/796
f 843/1085/802 833/1079/797 838/1078/796
f 827/149/99 844/1088/805 847/1086/803
f 844/1088/805 845/1071/790 848/1073/792
f 846/1087/804 847/1086/803 843/1085/802
f 847/1086/803 848/1073/792 833/1079/797
f 849/132/86 854/1091/808 857/1089/806
f 854/1091/808 855/1104/817 858/1092/809
f 856/1093/807 857/1096/806 879/1094/810
f 857/1096/806 858/1106/809 859/1097/812
f 860/1098/813 863/1103/816 862/1099/814
f 861/1100/815 864/1105/818 863/1101/816
f 863/1103/816 858/1092/809 855/1104/817
f 864/1105/818 859/1097/1420 858/1106/809
f 865/1107/819 868/1111/823 867/1108/820
f 866/1110/822 869/1112/825 868/1111/823
f 868/1111/823 864/1105/826 861/1100/824
f 869/1112/825 859/1097/831 864/1105/826
f 852/98/61 870/1115/829 873/1113/827
f 870/1115/829 871/1121/835 874/1116/830
f 872/1114/828 873/1113/827 869/1112/825
f 873/1113/827 874/1116/830 859/1097/831
f 875/1117/832 878/1120/834 877/1118/833
f 876/1095/811 879/1094/836 878/1120/834
f 878/1120/834 874/1116/830 871/1121/835
f 879/1094/836 859/1097/831 874/1116/830
f 884/1122/653 887/1125/837 886/1123/654
f 885/1124/655 888/1127/658 887/1125/837
f 887/1125/837 904/1128/659 901/1126/657
f 888/1127/658 889/1133/663 904/1128/659
f 881/100/63 890/1131/838 893/1129/660
f 890/1131/838 891/1140/841 894/1132/662
f 892/1130/655 893/1129/660 888/1127/658
f 893/1129/660 894/1132/662 889/1133/663
f 895/1134/664 898/1138/667 897/1135/839
f 896/1137/666 899/1147/669 898/1138/667
f 898/1139/667 894/1132/662 891/1140/841
f 899/1142/669 889/1133/663 894/1132/662
f 883/138/36 900/2317/672 903/1143/670
f 900/1145/672 901/1126/657 904/1128/659
f 902/1144/671 903/1143/670 899/1147/669
f 903/1146/670 904/1128/659 889/1133/663
f 910/1148/842 913/1153/845 912/1149/843
f 910/1150/842 911/1160/852 914/1151/844
f 913/1153/845 935/2354/847 932/1154/846
f 914/1151/844 915/1166/1421 935/1155/847
f 916/1156/848 919/1159/851 918/1157/849
f 917/1158/850 920/1161/853 919/1159/851
f 919/1159/851 914/1151/844 911/1160/852
f 920/1161/853 915/1166/858 914/1151/844
f 921/1162/854 924/1165/857 923/1163/855
f 921/1162/854 922/1171/863 925/1164/856
f 923/1163/855 924/1165/857 920/1161/853
f 924/1165/857 925/1164/856 915/1166/858
f 926/1167/859 929/1170/862 928/1168/860
f 927/1169/861 930/1172/864 929/1170/862
f 929/1170/862 925/1164/856 922/1171/863
f 930/1172/864 915/1166/858 925/1164/856
f 931/1173/865 934/1175/867 933/1174/866
f 932/1154/846 935/2354/847 934/1175/867
f 933/1176/866 934/1177/867 930/1172/864
f 935/1155/847 915/1166/1422 930/1172/864
f 941/1178/868 944/1181/871 943/1179/869
f 942/1180/870 945/2355/874 944/1181/871
f 943/1182/869 944/1186/871 966/1183/872
f 945/1185/874 946/1203/1423 966/1183/872
f 947/1187/875 950/1192/878 949/1188/876
f 947/1189/875 948/1197/883 951/1190/877
f 950/1192/878 945/2355/874 942/1180/870
f 951/1190/877 946/1203/1424 945/1185/874
f 952/1193/879 955/1196/882 954/1194/880
f 953/1195/881 956/1198/884 955/1196/882
f 955/1196/882 951/1190/877 948/1197/883
f 956/1198/884 946/1203/889 951/1190/877
f 957/1199/885 960/1202/888 959/1200/886
f 957/1199/885 958/1207/893 961/1201/887
f 959/1200/886 960/1202/888 956/1198/884
f 960/1202/888 961/1201/887 946/1203/889
f 962/1204/890 965/1206/892 964/1205/891
f 963/1184/873 966/1183/872 965/1206/892
f 965/1206/892 961/1201/887 958/1207/893
f 966/1183/872 946/1203/889 961/1201/887
f 971/1208/894 974/1211/897 973/1209/895
f 971/1208/894 972/1219/904 975/1210/896
f 974/1211/897 991/1214/899 988/1212/898
f 974/1211/897 975/1210/896 976/1213/899
f 977/1215/900 980/1218/903 979/1216/901
f 978/1217/902 981/1224/899 980/1218/903
f 979/1216/901 980/1218/903 975/1210/896
f 980/1218/903 981/1224/899 976/1213/899
f 982/1220/905 985/1223/908 984/1221/906
f 982/1220/905 983/1228/912 986/1222/907
f 985/1223/908 981/1224/899 978/1217/902
f 985/1223/908 986/1222/907 976/1213/899
f 987/1225/909 990/1227/911 989/1226/910
f 988/1212/898 991/1214/899 990/1227/911
f 989/1226/910 990/1227/911 986/1222/907
f 990/1227/911 991/1214/899 976/1213/899
f 996/1229/900 999/1232/903 998/1230/901
f 997/1231/902 1000/1241/899 999/1232/903
f 998/1230/901 999/1232/903 1016/1233/896
f 999/1232/903 1000/1241/899 1001/1235/899
f 1002/1236/905 1005/1240/908 1004/1237/906
f 1002/1236/905 1003/1246/912 1006/1239/907
f 1005/1240/908 1000/1241/899 997/1231/902
f 1005/1240/908 1006/1239/907 1001/1235/899
f 1007/1242/909 1010/1245/911 1009/1243/910
f 1008/1244/898 1011/1250/899 1010/1245/911
f 1009/1243/910 1010/1245/911 1006/1239/907
f 1010/1245/911 1011/1250/899 1001/1235/899
f 1012/1247/894 1015/1249/897 1014/1248/895
f 1012/1247/894 1013/1234/904 1016/1233/896
f 1015/1249/897 1011/1250/899 1008/1244/898
f 1015/1249/897 1016/1233/896 1001/1235/899
f 1021/1251/230 1024/1254/233 1023/1252/231
f 1022/1253/232 1025/1265/11 1024/1254/233
f 1023/1252/231 1024/1254/233 1041/1255/227
f 1024/1254/233 1025/1265/11 1026/1257/11
f 1027/1258/235 1030/1262/238 1029/1259/236
f 1027/1258/235 1028/1271/242 1031/1261/237
f 1030/1263/238 1025/1265/11 1022/1253/232
f 1030/1263/238 1031/1272/237 1026/1257/11
f 1032/1266/239 1035/2356/241 1034/1267/240
f 1033/1268/229 1036/1276/11 1035/1269/241
f 1034/1267/240 1035/2356/241 1031/1261/237
f 1035/1269/241 1036/1276/11 1026/1257/11
f 1037/1273/225 1040/1275/228 1039/1274/226
f 1037/1273/225 1038/1256/234 1041/1255/227
f 1040/1275/228 1036/1276/11 1033/1268/229
f 1040/1275/228 1041/1255/227 1026/1257/11
f 1045/1277/913 1048/1280/916 1047/1278/914
f 1046/1279/915 1049/1290/924 1048/1280/916
f 1048/1280/916 1060/1283/919 1057/1281/917
f 1048/1280/916 1049/1290/924 1050/1282/918
f 1051/1284/920 1054/1287/923 1053/1285/921
f 1052/1286/922 1055/2357/928 1054/1287/923
f 1054/1288/923 1049/1290/924 1046/1279/915
f 1054/1288/923 1055/1296/928 1050/1282/918
f 1056/1291/925 1059/1295/927 1058/1292/926
f 1057/1281/917 1060/1283/919 1059/1293/927
f 1059/1295/927 1055/2357/928 1052/1286/922
f 1059/1293/927 1060/1283/919 1050/1282/918
f 1065/1297/274 1068/1300/276 1067/1298/275
f 1065/1297/274 1066/1308/264 1069/1299/263
f 1068/1300/276 1085/1303/15 1082/1301/271
f 1068/1300/276 1069/1299/263 1070/1302/15
f 1071/1304/259 1074/1307/262 1073/1305/260
f 1072/1306/261 1075/1315/15 1074/1307/262
f 1073/1305/260 1074/1307/262 1069/1299/263
f 1074/1307/262 1075/1315/15 1070/1302/15
f 1076/1309/265 1079/1312/268 1078/1310/266
f 1076/1309/265 1077/1320/273 1080/1311/267
f 1079/1313/268 1075/1315/15 1072/1306/261
f 1079/1313/268 1080/1321/267 1070/1302/15
f 1081/1316/269 1084/2358/272 1083/1317/270
f 1082/1301/271 1085/1303/15 1084/1318/272
f 1083/1317/270 1084/2358/272 1080/1311/267
f 1084/1318/272 1085/1303/15 1070/1302/15
f 1089/1322/929 1092/1325/932 1091/1323/930
f 1090/1324/931 1093/1336/941 1092/1325/932
f 1092/1325/932 1104/1328/935 1101/1326/933
f 1092/1325/932 1093/1336/941 1094/1327/934
f 1095/1329/936 1098/1333/940 1097/1330/937
f 1096/1332/939 1099/2359/945 1098/1333/940
f 1098/1334/940 1093/1336/941 1090/1324/931
f 1098/1334/940 1099/1342/945 1094/1327/934
f 1100/1337/942 1103/1341/944 1102/1338/943
f 1101/1326/933 1104/1328/935 1103/1339/944
f 1103/1341/944 1099/2359/945 1096/1332/939
f 1103/1339/944 1104/1328/935 1094/1327/934
f 1109/1343/269 1112/1347/272 1111/1344/270
f 1110/1346/271 1113/1357/15 1112/1347/272
f 1111/1344/270 1112/1347/272 1129/1348/267
f 1112/1347/272 1113/1357/15 1114/1350/15
f 1115/1351/274 1118/1354/276 1117/1352/275
f 1115/1351/274 1116/1363/264 1119/1353/263
f 1118/1355/276 1113/1357/15 1110/1346/271
f 1118/1355/276 1119/1364/263 1114/1350/15
f 1120/1358/259 1123/2360/262 1122/1359/260
f 1121/1360/261 1124/1369/15 1123/1361/262
f 1122/1359/260 1123/2360/262 1119/1353/263
f 1123/1361/262 1124/1369/15 1114/1350/15
f 1125/1365/265 1128/1368/268 1127/1366/266
f 1125/1365/265 1126/1349/273 1129/1348/267
f 1128/1368/268 1124/1369/15 1121/1360/261
f 1128/1368/268 1129/1348/267 1114/1350/15
f 1134/1370/235 1137/1373/238 1136/1371/236
f 1134/1370/235 1135/1384/242 1138/1372/237
f 1137/1374/238 1154/1378/11 1151/1375/232
f 1137/1374/238 1138/1385/237 1139/1377/11
f 1140/1379/239 1143/2361/241 1142/1380/240
f 1141/1381/229 1144/1390/11 1143/1382/241
f 1142/1380/240 1143/2361/241 1138/1372/237
f 1143/1382/241 1144/1390/11 1139/1377/11
f 1145/1386/225 1148/1389/228 1147/1387/226
f 1145/1386/225 1146/1394/234 1149/1388/227
f 1148/1389/228 1144/1390/11 1141/1381/229
f 1148/1389/228 1149/1388/227 1139/1377/11
f 1150/1391/230 1153/1393/233 1152/1392/231
f 1151/1375/232 1154/1378/11 1153/1393/233
f 1152/1392/231 1153/1393/233 1149/1388/227
f 1153/1393/233 1154/1378/11 1139/1377/11
f 1159/1395/235 1162/1398/238 1161/1396/236
f 1159/1395/235 1160/1406/242 1163/1397/237
f 1162/1398/238 1179/1401/11 1176/1399/232
f 1162/1398/238 1163/1397/237 1164/1400/11
f 1165/1402/239 1168/1405/241 1167/1403/240
f 1166/1404/229 1169/1413/11 1168/1405/241
f 1167/1403/240 1168/1405/241 1163/1397/237
f 1168/1405/241 1169/1413/11 1164/1400/11
f 1170/1407/225 1173/1410/228 1172/1408/226
f 1170/1407/225 1171/1418/234 1174/1409/227
f 1173/1411/228 1169/1413/11 1166/1404/229
f 1173/1411/228 1174/1419/227 1164/1400/11
f 1175/1414/230 1178/2362/233 1177/1415/231
f 1176/1399/232 1179/1401/11 1178/1416/233
f 1177/1415/231 1178/2362/233 1174/1409/227
f 1178/1416/233 1179/1401/11 1164/1400/11
f 1184/1420/269 1187/2363/272 1186/1421/270
f 1185/1423/271 1188/1434/15 1187/1424/272
f 1186/1421/270 1187/2363/272 1204/1426/267
f 1187/1424/272 1188/1434/15 1189/1428/15
f 1190/1430/274 1193/1433/276 1192/1431/275
f 1190/1430/274 1191/1439/264 1194/1432/263
f 1193/1433/276 1188/1434/15 1185/1423/271
f 1193/1433/276 1194/1432/263 1189/1428/15
f 1195/1435/259 1198/1438/262 1197/1436/260
f 1196/1437/261 1199/1446/15 1198/1438/262
f 1197/1436/260 1198/1438/262 1194/1432/263
f 1198/1438/262 1199/1446/15 1189/1428/15
f 1200/1440/265 1203/1443/268 1202/1441/266
f 1200/1440/265 1201/1427/273 1204/1426/267
f 1203/1444/268 1199/1446/15 1196/1437/261
f 1203/1444/268 1204/1429/267 1189/1428/15
f 1211/1447/946 1214/1450/949 1213/1448/947
f 1212/1449/948 1215/1452/951 1214/1450/949
f 1214/1450/949 1241/1453/952 1238/1451/950
f 1215/1452/951 1216/1469/968 1241/1453/952
f 1217/1454/953 1220/1458/957 1219/1455/954
f 1218/1457/956 1221/1459/958 1220/1458/957
f 1220/1458/957 1215/1452/951 1212/1449/948
f 1221/1459/958 1216/1469/968 1215/1452/951
f 1222/1460/959 1225/1463/962 1224/1461/960
f 1223/1462/961 1226/1464/963 1225/1463/962
f 1225/1463/962 1221/1459/958 1218/1457/956
f 1226/1464/963 1216/1469/968 1221/1459/958
f 1227/1465/964 1230/1468/967 1229/1466/965
f 1227/1465/964 1228/1474/973 1231/1467/966
f 1229/1466/965 1230/1468/967 1226/1464/963
f 1230/1468/967 1231/1467/966 1216/1469/968
f 1232/1470/969 1235/1473/972 1234/1471/970
f 1233/1472/971 1236/1475/974 1235/1473/972
f 1235/1473/972 1231/1467/966 1228/1474/973
f 1236/1475/974 1216/1469/968 1231/1467/966
f 1237/1476/975 1240/1478/977 1239/1477/976
f 1238/1451/950 1241/1453/952 1240/1478/977
f 1240/1478/977 1236/1475/979 1233/1472/978
f 1241/1453/952 1216/1469/968 1236/1475/979
f 1248/1479/980 1251/1483/984 1250/1480/981
f 1249/1482/983 1252/1485/986 1251/1483/984
f 1251/1483/984 1278/1486/987 1275/1484/985
f 1252/1485/986 1253/1501/1004 1278/1486/987
f 1254/1487/988 1257/1490/991 1256/1488/989
f 1255/1489/990 1258/1491/992 1257/1490/991
f 1257/1490/991 1252/1485/986 1249/1482/983
f 1258/1491/992 1253/1501/1004 1252/1485/986
f 1259/1492/993 1262/1495/996 1261/1493/994
f 1260/1494/995 1263/1496/998 1262/1495/996
f 1262/1495/996 1258/1491/999 1255/1489/997
f 1263/1496/998 1253/1501/1004 1258/1491/999
f 1264/1497/1000 1267/1500/1003 1266/1498/1001
f 1264/1497/1000 1265/1506/1009 1268/1499/1002
f 1266/1498/1001 1267/1500/1003 1263/1496/998
f 1267/1500/1003 1268/1499/1002 1253/1501/1004
f 1269/1502/1005 1272/1505/1008 1271/1503/1006
f 1270/1504/1007 1273/1507/1010 1272/1505/1008
f 1272/1505/1008 1268/1499/1002 1265/1506/1009
f 1273/1507/1010 1253/1501/1004 1268/1499/1002
f 1274/1508/1011 1277/1510/1013 1276/1509/1012
f 1275/1484/985 1278/1486/987 1277/1510/1013
f 1277/1510/1013 1273/1507/1010 1270/1504/1007
f 1278/1486/987 1253/1501/1004 1273/1507/1010
f 1284/1511/1014 1287/1514/1017 1286/1512/1015
f 1285/1513/1016 1288/1517/1020 1287/1514/1017
f 1286/1512/1015 1287/1514/1017 1309/1515/1018
f 1288/1517/1020 1289/2364/1425 1309/1515/1018
f 1290/1518/1021 1293/1522/1024 1292/1519/1022
f 1291/1521/1023 1294/1523/1025 1293/1522/1024
f 1293/1522/1024 1288/1517/1020 1285/1513/1016
f 1294/1523/1025 1289/2364/1426 1288/1517/1020
f 1295/1524/1026 1298/1528/1029 1297/1525/1027
f 1296/1527/1028 1299/1529/1031 1298/1528/1029
f 1298/1528/1029 1294/1523/1032 1291/1521/1030
f 1299/1529/1031 1289/2364/1427 1294/1523/1032
f 1282/260/146 1300/1532/1035 1303/1530/1033
f 1300/1532/1035 1301/1537/1040 1304/1533/1036
f 1302/1531/1034 1303/1530/1033 1299/1529/1031
f 1304/1533/1036 1289/2364/1425 1299/1529/1031
f 1305/1534/1037 1308/1536/1039 1307/1535/1038
f 1306/1516/1019 1309/1515/1018 1308/1536/1039
f 1308/1536/1039 1304/1533/1036 1301/1537/1040
f 1309/1515/1018 1289/2364/1425 1304/1533/1036
f 1315/1538/1041 1318/1542/1044 1317/1539/1042
f 1315/1538/1041 1316/1550/1051 1319/1541/1043
f 1318/1542/1044 1340/1544/1046 1337/1543/1045
f 1319/1541/1043 1320/1556/1057 1340/1544/1046
f 1321/1545/1047 1324/1549/1050 1323/1546/1048
f 1322/1548/1049 1325/1551/1052 1324/1549/1050
f 1324/1549/1050 1319/1541/1043 1316/1550/1051
f 1325/1551/1052 1320/1556/1057 1319/1541/1043
f 1312/225/131 1326/1554/1055 1329/1552/1053
f 1326/1554/1055 1327/1562/1062 1330/1555/1056
f 1328/1553/1054 1329/1552/1053 1325/1551/1052
f 1329/1552/1053 1330/1555/1056 1320/1556/1057
f 1331/1557/1058 1334/1561/1061 1333/1558/1059
f 1332/1560/1060 1335/1563/1063 1334/1561/1061
f 1334/1561/1061 1330/1555/1056 1327/1562/1062
f 1335/1563/1063 1320/1556/1428 1330/1555/1056
f 1336/1564/1064 1339/1567/1066 1338/1565/1065
f 1337/1543/1045 1340/1544/1046 1339/1567/1066
f 1339/1567/1066 1335/1563/1068 1332/1560/1067
f 1340/1544/1046 1320/1556/1429 1335/1563/1068
f 1341/175/110 1346/1570/1071 1349/1568/1069
f 1346/1570/1071 1347/1579/1080 1350/1571/1072
f 1348/1569/1070 1349/1568/1069 1371/1572/1073
f 1349/1568/1069 1350/1571/1072 1351/1574/1075
f 1352/1575/1076 1355/1578/1079 1354/1576/1077
f 1353/1577/1078 1356/1580/1081 1355/1578/1079
f 1355/1578/1079 1350/1571/1072 1347/1579/1080
f 1356/1580/1081 1351/1574/1075 1350/1571/1072
f 1357/1581/1082 1360/1585/1085 1359/1582/1083
f 1358/1584/1084 1361/1586/1086 1360/1585/1085
f 1360/1585/1085 1356/1580/1081 1353/1577/1078
f 1361/1586/1086 1351/1574/1075 1356/1580/1081
f 1344/241/140 1362/1589/1089 1365/1587/1087
f 1362/1589/1089 1363/1598/1094 1366/1590/1090
f 1364/1591/1088 1365/1592/1087 1361/1586/1086
f 1365/1592/1087 1366/1599/1090 1351/1574/1075
f 1367/1593/1091 1370/1597/1093 1369/1594/1092
f 1368/1573/1074 1371/1572/1073 1370/1595/1093
f 1370/1597/1093 1366/1590/1090 1363/1598/1094
f 1371/1572/1073 1351/1574/1075 1366/1599/1090
f 1372/174/109 1376/1602/1097 1379/1600/1095
f 1376/1602/1097 1377/1612/1106 1380/1603/1098
f 1378/1601/1096 1379/1600/1095 1396/1604/1099
f 1379/1600/1095 1380/1603/1098 1381/1606/1101
f 1382/1607/1102 1385/1610/1105 1384/1608/1103
f 1383/1609/1104 1386/1620/1107 1385/1610/1105
f 1385/1611/1105 1380/1603/1098 1377/1612/1106
f 1386/1614/1107 1381/1606/1101 1380/1603/1098
f 1374/203/120 1387/2328/1110 1390/1615/1108
f 1387/1617/1110 1388/1625/1116 1391/1618/1111
f 1389/1616/1109 1390/1615/1108 1386/1620/1107
f 1390/1619/1108 1391/1618/1111 1381/1606/1101
f 1392/1621/1112 1395/1624/1115 1394/1622/1113
f 1393/1605/1100 1396/1604/1099 1395/1624/1115
f 1395/1624/1115 1391/1618/1111 1388/1625/1116
f 1396/1604/1099 1381/1606/1101 1391/1618/1111
f 1397/264/148 1402/1628/1119 1405/1626/1117
f 1402/1628/1119 1403/1638/1128 1406/1629/1120
f 1404/1627/1118 1405/1626/1117 1427/1630/1121
f 1405/1626/1117 1406/1629/1120 1407/1632/1123
f 1408/1633/1124 1411/1636/1127 1410/1634/1125
f 1409/1635/1126 1412/1646/1129 1411/1636/1127
f 1411/1637/1127 1406/1629/1120 1403/1638/1128
f 1412/1640/1129 1407/1632/1134 1406/1629/1120
f 1399/234/136 1413/2327/1132 1416/1641/1130
f 1413/1643/1132 1414/1651/1139 1417/1644/1133
f 1415/1642/1131 1416/1641/1130 1412/1646/1129
f 1416/1645/1130 1417/1644/1133 1407/1632/1134
f 1418/1647/1135 1421/1650/1138 1420/1648/1136
f 1419/1649/1137 1422/1652/1140 1421/1650/1138
f 1421/1650/1138 1417/1644/1133 1414/1651/1139
f 1422/1652/1140 1407/1632/1123 1417/1644/1133
f 1423/1653/1141 1426/1656/1143 1425/1654/1142
f 1424/1631/1122 1427/1630/1121 1426/1656/1143
f 1425/1654/1142 1426/1656/1143 1422/1652/1140
f 1427/1630/1121 1407/1632/1123 1422/1652/1140
f 1428/265/149 1432/1659/1146 1435/1657/1144
f 1432/1659/1146 1433/1668/1155 1436/1660/1147
f 1434/1658/1145 1435/1657/1144 1452/1661/1148
f 1435/1657/1144 1436/1660/1147 1437/1663/1150
f 1438/1664/1151 1441/1667/1154 1440/1665/1152
f 1439/1666/1153 1442/1669/1156 1441/1667/1154
f 1441/1667/1154 1436/1660/1147 1433/1668/1155
f 1442/1669/1156 1437/1663/1150 1436/1660/1147
f 1430/1670/1157 1443/1673/1160 1446/1671/1158
f 1443/1673/1160 1444/1682/1166 1447/1674/1161
f 1445/1675/1159 1446/1676/1158 1442/1669/1156
f 1446/1676/1158 1447/1683/1161 1437/1663/1162
f 1448/1677/1163 1451/1681/1165 1450/1678/1164
f 1449/1662/1149 1452/1661/1148 1451/1679/1165
f 1451/1681/1165 1447/1674/1161 1444/1682/1166
f 1452/1661/1148 1437/1663/1162 1447/1683/1161
f 1457/1684/1167 1460/1688/1171 1459/1685/1168
f 1457/1684/1167 1458/1697/1177 1461/1687/1170
f 1460/1688/1171 1477/1691/3 1474/1689/1172
f 1460/1688/1171 1461/1687/1170 1462/1690/3
f 1463/1692/1173 1466/1696/1176 1465/1693/1174
f 1464/1695/1175 1467/1703/3 1466/1696/1176
f 1465/1693/1174 1466/1696/1176 1461/1687/1170
f 1466/1696/1176 1467/1703/3 1462/1690/3
f 1468/1698/1178 1471/1702/1181 1470/1699/1179
f 1468/1698/1178 1469/1708/1185 1472/1701/1180
f 1471/1702/1181 1467/1703/3 1464/1695/1175
f 1471/1702/1181 1472/1701/1180 1462/1690/3
f 1473/1704/1182 1476/1707/1184 1475/1705/1183
f 1474/1689/1172 1477/1691/3 1476/1707/1184
f 1475/1705/1183 1476/1707/1184 1472/1701/1180
f 1476/1707/1184 1477/1691/3 1462/1690/3
f 1482/1709/1186 1485/2365/1189 1484/1710/1187
f 1483/1711/1188 1486/1722/7 1485/1712/1189
f 1484/1710/1187 1485/2365/1189 1502/1714/1190
f 1485/1712/1189 1486/1722/7 1487/1716/7
f 1488/1718/1192 1491/1721/1195 1490/1719/1193
f 1488/1718/1192 1489/1727/1200 1492/1720/1194
f 1491/1721/1195 1486/1722/7 1483/1711/1188
f 1491/1721/1195 1492/1720/1194 1487/1716/7
f 1493/1723/1196 1496/1726/1199 1495/1724/1197
f 1494/1725/1198 1497/1733/7 1496/1726/1199
f 1495/1724/1197 1496/1726/1199 1492/1720/1194
f 1496/1726/1199 1497/1733/7 1487/1716/7
f 1498/1728/1201 1501/1730/1203 1500/1729/1202
f 1498/1728/1201 1499/1715/1191 1502/1714/1190
f 1501/1731/1203 1497/1733/7 1494/1725/1198
f 1501/1731/1203 1502/1717/1190 1487/1716/7
f 1507/1734/1186 1510/1737/1189 1509/1735/1187
f 1508/1736/1188 1511/1745/7 1510/1737/1189
f 1509/1735/1187 1510/1737/1189 1527/1738/1190
f 1510/1737/1189 1511/1745/7 1512/1740/7
f 1513/1741/1192 1516/1744/1195 1515/1742/1193
f 1513/1741/1192 1514/1750/1200 1517/1743/1194
f 1516/1744/1195 1511/1745/7 1508/1736/1188
f 1516/1744/1195 1517/1743/1194 1512/1740/7
f 1518/1746/1196 1521/1749/1199 1520/1747/1197
f 1519/1748/1198 1522/1754/7 1521/1749/1199
f 1520/1747/1197 1521/1749/1199 1517/1743/1194
f 1521/1749/1199 1522/1754/7 1512/1740/7
f 1523/1751/1201 1526/1753/1203 1525/1752/1202
f 1523/1751/1201 1524/1739/1191 1527/1738/1190
f 1526/1753/1203 1522/1754/7 1519/1748/1198
f 1526/1753/1203 1527/1738/1190 1512/1740/7
f 1532/1755/1167 1535/1759/1171 1534/1756/1168
f 1532/1755/1167 1533/1771/1177 1536/1758/1170
f 1535/1760/1171 1552/1764/3 1549/1761/1172
f 1535/1760/1171 1536/1772/1170 1537/1763/3
f 1538/1765/1173 1541/2366/1176 1540/1766/1174
f 1539/1768/1175 1542/1778/3 1541/1769/1176
f 1540/1766/1174 1541/2366/1176 1536/1758/1170
f 1541/1769/1176 1542/1778/3 1537/1763/3
f 1543/1773/1178 1546/1777/1181 1545/1774/1179
f 1543/1773/1178 1544/1783/1185 1547/1776/1180
f 1546/1777/1181 1542/1778/3 1539/1768/1175
f 1546/1777/1181 1547/1776/1180 1537/1763/3
f 1548/1779/1182 1551/1782/1184 1550/1780/1183
f 1549/1761/1172 1552/1764/3 1551/1782/1184
f 1550/1780/1183 1551/1782/1184 1547/1776/1180
f 1551/1782/1184 1552/1764/3 1537/1763/3
f 1557/1784/541 1560/1788/543 1559/1785/1204
f 1557/1784/541 1558/1796/524 1561/1787/523
f 1560/1788/544 1577/1791/547 1574/1789/1206
f 1560/1788/544 1561/1787/525 1562/1790/525
f 1563/1792/1208 1566/1795/1416 1565/1793/519
f 1564/1794/1209 1567/1801/547 1566/1795/521
f 1565/1793/519 1566/1795/1416 1561/1787/523
f 1566/1795/521 1567/1801/547 1562/1790/525
f 1568/1797/526 1571/1800/529 1570/1798/1211
f 1568/1797/526 1569/1805/540 1572/1799/528
f 1571/1800/530 1567/1801/534 1564/1794/1212
f 1571/1800/530 1572/1799/533 1562/1790/533
f 1573/1802/1214 1576/1804/1417 1575/1803/536
f 1574/1789/1215 1577/1791/534 1576/1804/538
f 1575/1803/536 1576/1804/1417 1572/1799/528
f 1576/1804/538 1577/1791/534 1562/1790/533
f 1578/267/150 1581/1808/1405 1584/1806/1217
f 1581/1808/1219 1582/1817/1406 1585/1809/1220
f 1583/1807/1218 1584/1806/1217 1596/1810/1221
f 1584/1806/1217 1585/1809/1220 1586/1812/1223
f 1579/231/135 1587/1815/1226 1590/1813/1224
f 1587/1815/1226 1588/1822/1235 1591/1816/1227
f 1589/1814/1228 1590/1813/1224 1585/1809/1229
f 1590/1813/1224 1591/1816/1227 1586/1812/1223
f 1592/1818/1231 1595/1821/1234 1594/1819/1232
f 1593/1811/1222 1596/1810/1221 1595/1821/1234
f 1595/1821/1234 1591/1816/1227 1588/1822/1235
f 1596/1810/1221 1586/1812/1223 1591/1816/1227
f 1601/1823/1236 1604/1826/576 1603/1824/574
f 1602/1825/1237 1605/1836/572 1604/1826/576
f 1603/1824/574 1604/1826/576 1621/1827/569
f 1604/1826/576 1605/1836/572 1606/1829/572
f 1607/1830/578 1610/1833/581 1609/1831/1238
f 1607/1830/578 1608/1842/585 1611/1832/580
f 1610/1834/581 1605/1836/572 1602/1825/1237
f 1610/1834/581 1611/1843/580 1606/1829/572
f 1612/1837/1239 1615/2367/584 1614/1838/583
f 1613/1839/1240 1616/1847/572 1615/1840/584
f 1614/1838/583 1615/2367/584 1611/1832/580
f 1615/1840/584 1616/1847/572 1606/1829/572
f 1617/1844/567 1620/1846/570 1619/1845/1241
f 1617/1844/567 1618/1828/577 1621/1827/569
f 1620/1846/570 1616/1847/572 1613/1839/1240
f 1620/1846/570 1621/1827/569 1606/1829/572
f 1625/1848/1242 1628/1852/1246 1627/1849/1243
f 1626/1851/1245 1629/1861/1254 1628/1852/1246
f 1628/1852/1246 1640/1855/1249 1637/1853/1247
f 1628/1852/1246 1629/1861/1254 1630/1854/1248
f 1623/216/127 1631/1858/1252 1634/1856/1250
f 1631/1858/1252 1632/1869/1259 1635/1859/1253
f 1633/1860/1251 1634/1862/1250 1629/1861/1254
f 1634/1862/1250 1635/1870/1253 1630/1854/1248
f 1636/1863/1255 1639/1868/1258 1638/1864/1256
f 1637/1853/1247 1640/1855/1249 1639/1866/1258
f 1639/1868/1258 1635/1859/1253 1632/1869/1259
f 1639/1866/1258 1640/1855/1249 1630/1854/1248
f 1646/1871/680 1649/1875/683 1648/1872/681
f 1647/1874/682 1650/1877/685 1649/1875/683
f 1649/1875/683 1671/1878/686 1668/1876/684
f 1650/1877/685 1651/1883/691 1671/1878/686
f 1642/273/82 1652/1881/689 1655/1879/1260
f 1652/1881/689 1653/1889/697 1656/1882/690
f 1654/1880/688 1655/1879/1260 1650/1877/685
f 1655/1879/1260 1656/1882/690 1651/1883/691
f 1657/1884/692 1660/1888/696 1659/1885/693
f 1658/1887/695 1661/1890/1261 1660/1888/696
f 1660/1888/696 1656/1882/690 1653/1889/697
f 1661/1890/1261 1651/1883/691 1656/1882/690
f 1662/1891/699 1665/1894/701 1664/1892/700
f 1663/1893/678 1666/1895/702 1665/1894/701
f 1665/1894/701 1661/1890/1261 1658/1887/695
f 1666/1895/702 1651/1883/1419 1661/1890/1261
f 1645/179/113 1667/1898/675 1670/1896/673
f 1667/1898/675 1668/1876/684 1671/1878/676
f 1669/1897/674 1670/1896/673 1666/1895/677
f 1670/1896/673 1671/1878/676 1651/1883/679
f 1672/170/36 1676/2329/672 1679/1899/758
f 1676/1901/672 1677/1913/657 1680/1902/659
f 1678/1900/671 1679/1899/758 1696/1904/669
f 1679/1903/758 1680/1902/659 1681/1906/663
f 1682/1908/653 1685/1912/656 1684/1909/654
f 1683/1911/655 1686/1914/658 1685/1912/656
f 1685/1912/656 1680/1902/659 1677/1913/657
f 1686/1914/658 1681/1906/663 1680/1902/659
f 1674/246/63 1687/1917/661 1690/1915/660
f 1687/1917/661 1688/1923/662 1691/1918/662
f 1689/1916/655 1690/1915/660 1686/1914/658
f 1690/1915/660 1691/1918/662 1681/1906/663
f 1692/1919/664 1695/1921/667 1694/1920/665
f 1693/1905/666 1696/1904/669 1695/1921/667
f 1695/1922/667 1691/1918/662 1688/1923/662
f 1696/1907/669 1681/1906/663 1691/1918/662
f 1701/1925/650 1704/1928/652 1703/1926/651
f 1702/1927/639 1705/1930/638 1704/1928/652
f 1704/1928/652 1721/1931/649 1718/1929/648
f 1705/1930/638 1706/1938/640 1721/1931/649
f 1698/261/39 1707/1934/636 1710/1932/757
f 1707/1934/636 1708/1945/636 1711/1935/637
f 1709/1936/635 1710/1937/757 1705/1930/638
f 1710/1937/757 1711/1947/637 1706/1938/640
f 1712/1939/641 1715/1944/644 1714/1940/642
f 1713/1941/1262 1716/1946/643 1715/1942/644
f 1715/1944/644 1711/1935/637 1708/1945/636
f 1716/1946/643 1706/1938/640 1711/1947/637
f 1700/247/83 1717/1950/648 1720/1948/1263
f 1717/1950/648 1718/1929/648 1721/1931/649
f 1719/1949/647 1720/1948/1263 1716/1946/643
f 1720/1948/1263 1721/1931/649 1706/1938/640
f 1722/1951/27 1727/1954/613 1730/1952/611
f 1727/1954/613 1728/1964/621 1731/1955/614
f 1729/1953/612 1730/1952/611 1752/1956/615
f 1730/1952/611 1731/1955/614 1732/1958/616
f 1733/1959/617 1736/1963/620 1735/1960/618
f 1734/1962/619 1737/1965/622 1736/1963/620
f 1736/1963/620 1731/1955/623 1728/1964/621
f 1737/1965/622 1732/1958/1418 1731/1955/623
f 1738/1966/624 1741/1970/628 1740/1967/1264
f 1739/1969/627 1742/1971/629 1741/1970/628
f 1741/1970/628 1737/1965/622 1734/1962/619
f 1742/1971/629 1732/1958/633 1737/1965/622
f 1725/242/102 1743/1974/632 1746/1972/1265
f 1743/1974/632 1744/1980/608 1747/1975/610
f 1745/1973/631 1746/1972/1265 1742/1971/629
f 1746/1972/1265 1747/1975/610 1732/1958/633
f 1748/1976/603 1751/1979/607 1750/1977/604
f 1749/1957/606 1752/1956/609 1751/1979/607
f 1751/1979/607 1747/1975/610 1744/1980/608
f 1752/1956/609 1732/1958/633 1747/1975/610
f 1758/1981/1266 1761/1984/733 1760/1982/731
f 1758/1981/1266 1759/1997/740 1762/1983/732
f 1761/1985/733 1783/1989/735 1780/1986/734
f 1762/1988/732 1763/2003/746 1783/1989/735
f 1764/1990/736 1767/1996/739 1766/1991/737
f 1765/1993/738 1768/1998/741 1767/1994/739
f 1767/1996/739 1762/1983/732 1759/1997/740
f 1768/1998/741 1763/2003/746 1762/1988/732
f 1755/252/91 1769/2001/744 1772/1999/742
f 1769/2001/744 1770/2008/751 1773/2002/745
f 1771/2000/743 1772/1999/742 1768/1998/741
f 1772/1999/742 1773/2002/745 1763/2003/746
f 1774/2004/747 1777/2007/750 1776/2005/748
f 1775/2006/749 1778/2009/752 1777/2007/750
f 1777/2007/750 1773/2002/745 1770/2008/751
f 1778/2009/752 1763/2003/756 1773/2002/745
f 1757/173/108 1779/2012/755 1782/2010/753
f 1779/2012/755 1780/1986/734 1783/1989/735
f 1781/2011/754 1782/2010/753 1778/2009/752
f 1782/2010/753 1783/1989/735 1763/2003/756
f 1789/2013/703 1792/2368/706 1791/2014/1267
f 1790/2015/705 1793/2020/709 1792/2016/706
f 1791/2014/1267 1792/2368/706 1814/2018/707
f 1793/2020/709 1794/2027/725 1814/2021/707
f 1785/2022/30 1795/2025/712 1798/2023/710
f 1795/2025/712 1796/2032/719 1799/2026/713
f 1797/2024/711 1798/2023/710 1793/2020/709
f 1798/2023/710 1799/2026/713 1794/2027/714
f 1800/2028/715 1803/2031/718 1802/2029/716
f 1801/2030/717 1804/2033/720 1803/2031/718
f 1803/2031/718 1799/2026/713 1796/2032/719
f 1804/2033/720 1794/2027/714 1799/2026/713
f 1787/257/85 1805/2036/723 1808/2034/721
f 1805/2036/723 1806/2043/729 1809/2037/724
f 1807/2035/722 1808/2034/721 1804/2033/720
f 1808/2034/721 1809/2037/724 1794/2027/725
f 1810/2038/726 1813/2041/728 1812/2039/727
f 1811/2019/708 1814/2018/707 1813/2041/728
f 1813/2042/728 1809/2037/724 1806/2043/729
f 1814/2021/707 1794/2027/725 1809/2037/724
f 1815/272/36 1819/2330/672 1822/2045/758
f 1819/2047/672 1820/2063/657 1823/2048/659
f 1821/2050/671 1822/2369/758 1839/2051/669
f 1822/2053/758 1823/2065/659 1824/2054/663
f 1825/2056/653 1828/2062/656 1827/2057/654
f 1826/2059/655 1829/2064/658 1828/2060/656
f 1828/2062/656 1823/2048/659 1820/2063/657
f 1829/2064/658 1824/2054/663 1823/2065/659
f 1817/249/63 1830/2068/661 1833/2066/1268
f 1830/2068/661 1831/2074/662 1834/2069/662
f 1832/2067/655 1833/2066/1268 1829/2064/658
f 1833/2066/1268 1834/2069/662 1824/2054/663
f 1835/2070/664 1838/2072/667 1837/2071/665
f 1836/2052/666 1839/2051/669 1838/2072/667
f 1838/2073/667 1834/2069/662 1831/2074/662
f 1839/2055/669 1824/2054/663 1834/2069/662
f 1844/2076/1269 1847/2079/652 1846/2077/651
f 1845/2078/639 1848/2091/638 1847/2079/652
f 1847/2080/652 1864/2084/649 1861/2081/648
f 1848/2083/638 1849/2093/640 1864/2084/649
f 1841/243/39 1850/2337/636 1853/2085/1270
f 1850/2087/636 1851/2100/636 1854/2088/637
f 1852/2090/635 1853/2370/1270 1848/2091/638
f 1853/2092/1270 1854/2102/637 1849/2093/640
f 1855/2094/641 1858/2099/644 1857/2095/642
f 1856/2096/1262 1859/2101/643 1858/2097/644
f 1858/2099/644 1854/2088/637 1851/2100/636
f 1859/2101/643 1849/2093/640 1854/2102/637
f 1843/250/83 1860/2105/648 1863/2103/1263
f 1860/2105/648 1861/2081/648 1864/2084/649
f 1862/2104/647 1863/2103/1263 1859/2101/643
f 1863/2103/1263 1864/2084/649 1849/2093/640
f 1870/2106/1271 1873/2109/1274 1872/2107/1272
f 1871/2108/1273 1874/2111/1276 1873/2109/1274
f 1873/2109/1274 1895/2112/1277 1892/2110/1275
f 1874/2111/1276 1875/2122/1287 1895/2112/1277
f 1876/2113/1278 1879/2116/1281 1878/2114/1279
f 1877/2115/1280 1880/2117/1282 1879/2116/1281
f 1879/2116/1281 1874/2111/1276 1871/2108/1273
f 1880/2117/1282 1875/2122/1287 1874/2111/1276
f 1867/236/138 1881/2120/1285 1884/2118/1283
f 1881/2120/1285 1882/2128/1293 1885/2121/1286
f 1883/2119/1284 1884/2118/1283 1880/2117/1282
f 1884/2118/1283 1885/2121/1286 1875/2122/1287
f 1886/2123/1288 1889/2127/1292 1888/2124/1289
f 1887/2126/1291 1890/2129/1294 1889/2127/1292
f 1889/2127/1292 1885/2121/1286 1882/2128/1293
f 1890/2129/1294 1875/2122/1287 1885/2121/1286
f 1869/255/144 1891/2132/1297 1894/2130/1295
f 1891/2132/1297 1892/2110/1275 1895/2112/1277
f 1893/2131/1296 1894/2130/1295 1890/2129/1294
f 1894/2130/1295 1895/2112/1277 1875/2122/1287
f 1900/2133/1298 1903/2136/1301 1902/2134/1299
f 1901/2135/1300 1904/2138/1303 1903/2136/1301
f 1903/2136/1301 1920/2139/1304 1917/2137/1302
f 1904/2138/1303 1905/2144/1309 1920/2139/1304
f 1897/215/126 1906/2142/1307 1909/2140/1305
f 1906/2142/1307 1907/2150/1307 1910/2143/1308
f 1908/2141/1306 1909/2140/1305 1904/2138/1303
f 1909/2140/1305 1910/2143/1308 1905/2144/1309
f 1911/2145/1310 1914/2149/1313 1913/2146/1311
f 1912/2148/1312 1915/2151/1314 1914/2149/1313
f 1914/2149/1313 1910/2143/1308 1907/2150/1307
f 1915/2151/1314 1905/2144/1309 1910/2143/1308
f 1899/2152/1315 1916/2155/1302 1919/2153/1316
f 1916/2155/1302 1917/2137/1302 1920/2139/1304
f 1918/2154/1317 1919/2153/1316 1915/2151/1314
f 1919/2153/1316 1920/2139/1304 1905/2144/1309
f 1921/251/142 1926/2336/1320 1929/2156/1318
f 1926/2158/1320 1927/2170/1329 1930/2159/1321
f 1928/2157/1319 1929/2156/1318 1951/2161/1322
f 1929/2160/1318 1930/2159/1321 1931/2163/1324
f 1932/2165/1325 1935/2169/1328 1934/2166/1326
f 1933/2168/1327 1936/2171/1330 1935/2169/1328
f 1935/2169/1328 1930/2159/1331 1927/2170/1329
f 1936/2171/1330 1931/2163/1336 1930/2159/1331
f 1923/220/129 1937/2174/1334 1940/2172/1332
f 1937/2174/1334 1938/2180/1341 1941/2175/1335
f 1939/2173/1333 1940/2172/1332 1936/2171/1330
f 1940/2172/1332 1941/2175/1335 1931/2163/1336
f 1942/2176/1337 1945/2179/1340 1944/2177/1338
f 1943/2178/1339 1946/2181/1342 1945/2179/1340
f 1945/2179/1340 1941/2175/1335 1938/2180/1341
f 1946/2181/1342 1931/2163/1336 1941/2175/1335
f 1947/2182/1343 1950/2184/1345 1949/2183/1344
f 1948/2162/1323 1951/2161/1322 1950/2184/1345
f 1950/2185/1345 1946/2181/1347 1943/2178/1346
f 1951/2164/1322 1931/2163/1430 1946/2181/1347
f 1956/2187/650 1959/2190/652 1958/2188/651
f 1957/2189/639 1960/2192/638 1959/2190/652
f 1959/2190/652 1976/2193/649 1973/2191/648
f 1960/2192/638 1961/2200/640 1976/2193/649
f 1953/258/39 1962/2196/636 1965/2194/757
f 1962/2196/636 1963/2207/636 1966/2197/637
f 1964/2198/635 1965/2199/757 1960/2192/638
f 1965/2199/757 1966/2209/637 1961/2200/640
f 1967/2201/1348 1970/2206/644 1969/2202/642
f 1968/2203/1349 1971/2208/643 1970/2204/644
f 1970/2206/644 1966/2197/637 1963/2207/636
f 1971/2208/643 1961/2200/640 1966/2209/637
f 1955/218/83 1972/2212/648 1975/2210/1263
f 1972/2212/648 1973/2191/648 1976/2193/649
f 1974/2211/1350 1975/2210/1263 1971/2208/643
f 1975/2210/1263 1976/2193/649 1961/2200/640
f 1981/2213/535 1984/2216/1417 1983/2214/536
f 1982/2215/537 1985/2225/534 1984/2216/538
f 1983/2214/536 1984/2216/1417 2001/2217/528
f 1984/2216/538 1985/2225/534 1986/2219/533
f 1987/2220/541 1990/2224/543 1989/2221/542
f 1987/2220/541 1988/2231/524 1991/2223/523
f 1990/2224/1351 1985/2225/547 1982/2215/545
f 1990/2224/1351 1991/2223/525 1986/2219/525
f 1992/2226/1208 1995/2230/1416 1994/2227/519
f 1993/2229/1209 1996/2235/547 1995/2230/1352
f 1994/2227/519 1995/2230/1416 1991/2223/523
f 1995/2230/1352 1996/2235/547 1986/2219/525
f 1997/2232/526 2000/2234/529 1999/2233/1211
f 1997/2232/526 1998/2218/540 2001/2217/528
f 2000/2234/530 1996/2235/534 1993/2229/1353
f 2000/2234/530 2001/2217/533 1986/2219/533
f 2006/2236/578 2009/2240/581 2008/2237/579
f 2006/2236/578 2007/2252/585 2010/2239/580
f 2009/2241/581 2026/2245/572 2023/2242/575
f 2009/2241/581 2010/2253/580 2011/2244/572
f 2012/2246/1239 2015/2371/584 2014/2247/583
f 2013/2249/1240 2016/2258/572 2015/2250/584
f 2014/2247/583 2015/2371/584 2010/2239/580
f 2015/2250/584 2016/2258/572 2011/2244/572
f 2017/2254/567 2020/2257/570 2019/2255/1241
f 2017/2254/567 2018/2262/577 2021/2256/569
f 2020/2257/570 2016/2258/572 2013/2249/1240
f 2020/2257/570 2021/2256/569 2011/2244/572
f 2022/2259/573 2025/2261/576 2024/2260/574
f 2023/2242/575 2026/2245/572 2025/2261/576
f 2024/2260/574 2025/2261/576 2021/2256/569
f 2025/2261/576 2026/2245/572 2011/2244/572
f 2031/2263/1354 2034/2266/1357 2033/2264/1355
f 2032/2265/1356 2035/2275/1360 2034/2266/1357
f 2033/2264/1355 2034/2266/1357 2051/2267/1358
f 2034/2266/1357 2035/2275/1360 2036/2269/1360
f 2037/2270/1361 2040/2274/1365 2039/2271/1362
f 2037/2270/1361 2038/2281/1370 2041/2273/1364
f 2040/2274/1365 2035/2275/1360 2032/2265/1356
f 2040/2274/1365 2041/2273/1364 2036/2269/1360
f 2042/2276/1366 2045/2280/1369 2044/2277/1367
f 2043/2279/1368 2046/2285/1360 2045/2280/1369
f 2044/2277/1367 2045/2280/1369 2041/2273/1364
f 2045/2280/1369 2046/2285/1360 2036/2269/1360
f 2047/2282/1371 2050/2284/1373 2049/2283/1372
f 2047/2282/1371 2048/2268/1359 2051/2267/1358
f 2050/2284/1373 2046/2285/1360 2043/2279/1368
f 2050/2284/1373 2051/2267/1358 2036/2269/1360
f 2056/2286/1374 2059/2290/1377 2058/2287/1375
f 2056/2286/1374 2057/2298/1388 2060/2289/1376
f 2059/2290/1378 2076/2293/1382 2073/2291/1379
f 2059/2290/1378 2060/2289/1381 2061/2292/1381
f 2062/2294/1383 2065/2297/1431 2064/2295/1384
f 2063/2296/1385 2066/2305/1382 2065/2297/1386
f 2064/2295/1384 2065/2297/1431 2060/2289/1376
f 2065/2297/1386 2066/2305/1382 2061/2292/1381
f 2067/2299/1389 2070/2302/1392 2069/2300/1390
f 2067/2299/1389 2068/2310/1402 2071/2301/1391
f 2070/2303/1393 2066/2305/1396 2063/2296/1394
f 2070/2303/1393 2071/2311/1396 2061/2292/1396
f 2072/2306/1397 2075/2372/1432 2074/2307/1398
f 2073/2291/1399 2076/2293/1396 2075/2308/1400
f 2074/2307/1398 2075/2372/1432 2071/2301/1391
f 2075/2308/1400 2076/2293/1396 2061/2292/1396
f 65/66/43 77/316/187 59/302/175
f 77/316/187 70/319/190 60/282/158
f 70/319/190 69/309/179 40/280/153
f 69/306/179 64/308/181 33/277/154
f 120/77/48 126/360/223 99/337/206
f 126/360/223 141/363/219 100/340/208
f 141/363/219 140/376/217 107/346/214
f 140/376/217 123/378/18 96/65/18
f 123/378/18 142/377/218 75/315/186
f 142/377/218 136/380/221 76/317/188
f 136/380/221 135/371/213 82/322/193
f 135/371/213 122/88/18 66/87/13
f 37/67/43 61/303/176 105/345/213
f 61/303/176 55/305/178 106/354/221
f 55/305/178 54/297/170 112/351/218
f 54/297/170 36/34/13 97/33/18
f 171/86/54 181/415/251 165/400/239
f 181/419/251 174/409/245 166/385/229
f 174/409/245 173/407/243 151/382/226
f 173/407/243 170/62/41 145/64/25
f 148/402/19 167/401/240 80/321/192
f 167/401/240 161/405/242 81/330/201
f 161/405/242 160/393/235 87/327/198
f 160/393/235 147/37/19 67/36/17
f 122/88/18 137/372/214 179/414/250
f 137/372/214 131/368/208 180/416/252
f 131/368/208 130/366/206 186/422/256
f 130/366/206 121/83/48 172/85/53
f 190/32/17 201/435/266 228/466/289
f 201/439/266 194/429/261 229/456/281
f 194/429/261 193/427/259 219/453/278
f 193/427/259 189/89/20 214/91/56
f 97/33/18 216/468/291 230/467/290
f 230/467/290 224/461/286 111/352/219
f 111/352/219 224/461/286 223/459/284
f 223/459/284 215/80/50 98/82/48
f 36/34/13 56/298/171 199/434/265
f 56/298/171 50/293/166 200/446/273
f 50/293/166 49/291/164 206/442/270
f 49/291/164 35/40/19 191/39/17
f 1131/35/19 1142/1380/240 1125/1365/265
f 1142/1380/240 1135/1384/242 1126/1349/273
f 1135/1384/242 1134/1370/235 1111/1344/270
f 1134/1370/235 1130/159/19 1105/1345/17
f 1108/1367/17 1127/1366/266 85/326/197
f 1127/1366/266 1121/1360/261 86/328/199
f 1121/1360/261 1120/1362/259 92/335/204
f 1120/1358/259 1107/41/20 68/43/22
f 147/37/19 162/394/236 1140/1379/239
f 162/398/236 156/390/232 1141/1381/229
f 156/390/232 155/388/230 1147/1387/226
f 155/388/230 146/74/25 1132/76/25
f 1156/38/19 1167/1403/240 1200/1440/265
f 1167/1403/240 1160/1406/242 1201/1427/273
f 1160/1406/242 1159/1395/235 1186/1421/270
f 1159/1395/235 1155/162/19 1180/1422/17
f 1183/1442/17 1202/1441/266 204/441/269
f 1202/1445/266 1196/1437/261 205/443/271
f 1196/1437/261 1195/1435/259 211/449/275
f 1195/1435/259 1182/68/20 192/70/20
f 35/40/19 51/292/165 1165/1402/239
f 51/292/165 45/295/168 1166/1404/229
f 45/295/168 44/287/160 1172/1412/226
f 44/285/160 34/44/23 1157/46/25
f 270/508/331 278/507/330 239/473/294
f 278/507/330 303/511/334 240/476/297
f 303/511/334 302/535/358 247/482/303
f 302/535/358 275/71/45 234/73/47
f 339/576/115 351/575/398 333/562/385
f 351/580/398 344/569/392 334/542/367
f 344/569/392 343/567/390 314/539/364
f 343/567/390 338/79/49 307/78/49
f 340/114/74 356/583/403 297/529/352
f 356/583/403 350/577/406 298/531/354
f 350/577/399 349/574/397 304/536/359
f 349/574/397 339/576/115 275/71/45
f 235/49/28 252/487/308 328/554/379
f 252/487/308 246/483/311 329/556/381
f 246/483/304 245/481/302 335/563/386
f 245/481/302 234/73/47 311/72/46
f 401/639/453 412/638/452 395/627/441
f 412/638/452 405/642/456 396/604/423
f 405/642/456 404/632/446 376/600/419
f 404/632/446 400/50/29 369/52/31
f 272/140/92 371/142/93 387/615/432
f 287/519/342 387/615/432 381/608/427
f 288/521/344 381/608/427 380/606/425
f 294/525/348 380/606/425 370/121/81
f 342/596/51 366/595/415 415/646/460
f 366/595/415 360/598/417 416/655/465
f 360/598/417 359/591/411 422/651/463
f 359/591/411 341/104/66 403/106/68
f 426/666/475 438/665/474 476/712/514
f 438/665/474 431/669/478 477/694/499
f 431/669/478 430/659/468 462/690/495
f 430/659/468 425/143/94 456/145/95
f 308/81/51 458/705/508 473/707/510
f 318/544/369 473/707/510 467/699/504
f 319/546/371 467/699/504 466/696/501
f 325/551/376 466/696/501 457/698/503
f 237/109/71 262/497/320 446/678/487
f 262/497/320 256/500/323 447/687/493
f 256/500/323 255/491/314 453/683/491
f 255/491/314 236/59/38 429/61/40
f 1478/239/70 1484/1710/1187 1457/1684/1167
f 1484/1710/1187 1499/1715/1191 1458/1697/1177
f 1499/1715/1191 1498/1728/1201 1465/1693/1174
f 1498/1728/1201 1481/141/70 1454/1694/1169
f 1455/1700/44 1470/1699/1179 282/514/337
f 1470/1699/1179 1464/1695/1175 283/516/339
f 1464/1695/1175 1463/1692/1173 289/520/343
f 1463/1692/1173 1454/1694/1169 272/140/92
f 372/622/24 392/621/436 1493/1723/1196
f 392/621/436 386/625/439 1494/1725/1198
f 386/625/439 385/616/433 1500/1732/1202
f 385/2312/433 371/142/93 1481/141/70
f 1503/233/70 1509/1735/1187 1532/1755/1167
f 1509/1735/1187 1524/1739/1191 1533/1771/1177
f 1524/1739/1191 1523/1751/1201 1540/1766/1174
f 1523/1751/1201 1506/108/70 1529/1767/1169
f 1530/1775/44 1545/1774/1179 441/670/479
f 1545/1774/1179 1539/1768/1175 442/672/481
f 1539/1768/1175 1538/1770/1173 448/680/486
f 1538/1765/1173 1529/1767/1169 428/107/69
f 238/504/327 267/503/326 1518/1746/1196
f 267/503/326 261/498/321 1519/1748/1198
f 261/498/321 260/496/319 1525/1752/1202
f 260/496/319 237/109/71 1506/108/70
f 338/79/49 345/568/391 124/359/222
f 345/568/391 365/572/395 125/370/211
f 365/572/395 364/594/414 132/367/207
f 364/594/414 342/596/51 121/83/48
f 170/62/41 175/408/244 410/637/451
f 175/408/244 185/411/247 411/640/454
f 185/411/247 184/424/255 417/648/459
f 184/421/255 172/85/53 402/84/52
f 271/42/21 284/515/338 90/332/203
f 90/332/203 284/515/338 277/509/332
f 277/509/332 276/506/329 71/307/180
f 71/307/180 276/506/329 270/508/331
f 34/44/23 46/286/161 265/502/325
f 46/286/161 39/278/155 266/478/299
f 39/278/155 38/275/152 241/474/295
f 38/275/152 33/277/154 233/475/296
f 427/69/44 443/671/480 209/448/274
f 443/671/480 437/674/483 210/432/264
f 437/674/483 436/664/473 195/428/260
f 436/664/473 426/666/475 189/89/20
f 215/80/50 225/460/285 471/2313/511
f 225/464/285 218/454/279 472/715/517
f 218/454/279 217/452/277 478/713/515
f 217/452/277 214/91/56 459/90/55
f 1531/1781/44 1550/1780/1183 1190/1430/274
f 1550/1780/1183 1544/1783/1185 1191/1439/264
f 1544/1783/1185 1543/1773/1178 1197/1436/260
f 1543/1773/1178 1530/1775/44 1182/68/20
f 146/74/25 157/389/231 390/620/435
f 157/389/231 150/392/234 391/623/437
f 150/392/234 149/381/225 397/628/442
f 149/381/225 145/64/25 373/63/42
f 1456/1706/44 1475/1705/1183 1115/1351/274
f 1475/1705/1183 1469/1708/1185 1116/1363/264
f 1469/1708/1185 1468/1698/1178 1122/1359/260
f 1468/1698/1178 1455/1700/44 1107/41/20
f 308/81/51 320/545/370 115/355/222
f 320/545/370 313/548/373 116/343/211
f 313/548/373 312/538/363 101/338/207
f 312/538/363 307/78/49 95/339/48
f 1158/169/25 1177/1415/231 1513/1741/1192
f 1177/1415/231 1171/1418/234 1514/1750/1200
f 1171/1418/234 1170/1407/225 1520/1747/1197
f 1170/1407/225 1157/46/25 1505/45/24
f 1133/196/25 1152/1392/231 1488/1718/1192
f 1152/1392/231 1146/1394/234 1489/1727/1200
f 1146/1394/234 1145/1386/225 1495/1724/1197
f 1145/1386/225 1132/76/25 1480/75/24
f 508/110/72 482/112/65 493/724/527
f 520/753/565 493/724/532 486/718/531
f 486/718/520 485/716/522 511/739/553
f 485/716/518 481/147/97 506/737/548
f 550/99/62 525/756/57 531/755/568
f 553/780/586 531/755/568 546/759/571
f 546/759/571 545/777/582 561/793/594
f 545/774/582 528/111/64 551/789/595
f 507/151/101 552/150/100 566/796/600
f 515/745/557 566/796/600 560/790/596
f 516/747/559 560/790/596 559/787/593
f 522/752/564 559/787/593 551/789/595
f 483/103/65 498/729/536 540/767/578
f 498/729/536 492/732/540 541/778/585
f 492/732/540 491/723/526 547/775/583
f 491/723/526 482/112/65 528/111/64
f 481/147/97 487/717/519 819/1063/782
f 487/717/519 502/721/524 820/1044/763
f 502/721/524 501/733/541 800/1041/760
f 501/733/541 484/95/59 793/97/60
f 603/853/141 425/143/94 432/658/467
f 620/851/650 432/658/467 452/662/471
f 621/835/639 452/662/471 451/685/490
f 606/830/635 451/682/490 429/61/40
f 457/698/503 468/697/502 645/2314/672
f 468/703/502 461/702/506 646/860/657
f 461/702/506 460/691/496 631/857/654
f 460/691/496 456/145/95 625/144/84
f 507/151/101 517/746/558 844/1088/805
f 517/746/558 510/749/561 845/1071/790
f 510/749/561 509/740/551 830/1068/787
f 509/740/551 506/737/548 824/146/96
f 235/49/28 570/48/27 582/810/612
f 250/486/307 582/810/612 575/804/606
f 251/488/309 575/804/606 574/801/603
f 257/492/315 574/801/603 569/803/605
f 746/1004/141 602/125/83 617/848/647
f 763/1002/650 617/848/647 611/840/643
f 764/985/639 611/840/643 610/842/641
f 749/979/635 610/838/641 601/154/87
f 627/870/143 642/869/665 788/2315/672
f 642/875/665 636/874/668 789/1015/657
f 636/874/668 635/865/661 774/1010/654
f 635/865/661 626/127/63 768/126/84
f 651/58/37 663/893/681 323/552/377
f 663/893/681 656/896/684 324/559/383
f 656/896/684 655/885/675 330/560/380
f 655/2316/675 650/882/113 310/47/26
f 627/870/143 652/122/82 668/899/688
f 640/868/664 668/899/688 662/894/682
f 641/871/666 662/894/682 661/892/680
f 647/878/671 661/892/680 651/58/37
f 571/113/73 587/815/618 676/909/699
f 587/815/618 581/818/621 677/889/678
f 581/818/621 580/811/613 657/884/674
f 580/811/613 570/48/27 650/882/113
f 626/127/63 637/864/655 615/849/648
f 637/864/655 630/858/655 616/855/648
f 630/858/655 629/856/653 622/852/651
f 629/856/653 625/144/84 603/853/141
f 601/154/87 612/839/642 595/828/632
f 612/839/642 605/844/645 596/806/608
f 605/844/645 604/831/636 576/802/604
f 604/831/636 600/60/39 569/803/605
f 681/119/79 688/916/704 590/820/624
f 590/820/624 688/916/704 708/921/708
f 591/823/627 708/921/708 707/939/726
f 597/827/631 707/939/726 685/941/118
f 713/124/51 725/956/737 666/900/689
f 725/956/737 718/961/740 667/907/697
f 718/961/740 717/946/730 673/903/693
f 673/903/693 717/946/730 712/105/67
f 853/1119/141 745/128/83 760/999/647
f 875/1117/832 760/999/647 754/991/643
f 876/1095/811 754/991/643 753/993/641
f 856/1090/807 753/989/641 744/133/87
f 770/1025/143 785/1024/665 900/2317/672
f 785/1030/665 779/1029/668 901/1126/657
f 779/1029/668 778/1020/661 886/1123/654
f 778/1020/661 769/130/63 880/129/84
f 770/1025/143 714/137/91 730/964/743
f 783/1023/664 730/964/743 724/957/738
f 784/1026/666 724/957/738 723/959/736
f 790/1033/671 723/955/736 713/124/51
f 683/118/78 699/930/716 733/968/747
f 699/930/716 693/933/719 734/970/749
f 693/933/719 692/926/712 740/976/754
f 692/926/712 682/51/30 716/974/108
f 769/130/63 780/1019/655 758/1000/648
f 758/1000/648 780/1019/655 773/1011/655
f 759/1007/648 773/1011/655 772/1013/653
f 772/1009/653 768/126/84 746/1004/141
f 744/133/87 755/990/642 702/937/723
f 755/990/642 748/995/645 703/944/729
f 748/995/645 747/980/636 709/945/727
f 747/2318/636 743/153/39 685/941/118
f 683/118/78 796/117/77 816/1060/779
f 697/929/715 816/1060/779 810/1055/774
f 698/931/717 810/1055/774 809/1052/771
f 704/936/722 809/1052/771 795/1054/773
f 826/139/37 841/1081/799 728/965/744
f 841/1081/799 835/1084/796 729/972/751
f 835/1084/796 834/1077/795 735/969/748
f 834/1077/795 825/1074/793 715/116/76
f 852/98/61 872/1114/828 529/754/567
f 872/1114/828 866/1110/822 530/766/577
f 866/1110/822 865/1107/819 537/763/574
f 865/1107/819 851/1109/821 526/92/57
f 882/1136/840 897/1135/839 564/2319/601
f 897/1141/839 891/1140/841 565/784/590
f 891/1140/841 890/1131/838 555/781/587
f 890/1131/838 881/100/63 550/99/62
f 882/1136/840 827/149/99 846/1087/804
f 895/1134/664 846/1087/804 840/1082/800
f 896/1137/666 840/1082/800 839/1080/798
f 902/1144/671 839/1080/798 826/139/37
f 797/148/98 821/1064/783 828/1067/786
f 821/1064/783 815/1066/785 829/1069/788
f 829/1069/788 815/1066/785 814/1061/780
f 814/1061/780 796/117/77 825/1074/793
f 881/100/63 892/1130/655 870/1115/829
f 892/1130/655 885/1124/655 871/1121/835
f 885/1124/655 884/1122/653 877/1118/833
f 884/1122/653 880/129/84 853/1119/141
f 850/136/90 862/1099/814 804/1049/768
f 862/1099/814 855/1104/817 805/1057/776
f 855/1104/817 854/1091/808 811/1053/772
f 854/1091/808 849/132/86 795/1054/773
f 572/822/626 592/821/625 292/524/347
f 592/821/625 586/816/619 293/533/356
f 586/816/619 585/814/617 299/530/353
f 585/814/617 571/113/73 274/115/75
f 340/114/74 654/911/133 678/910/700
f 354/586/402 678/914/700 672/905/695
f 355/584/404 672/905/695 671/902/692
f 361/590/410 671/902/692 653/904/694
f 403/106/68 712/105/67 719/947/731
f 420/653/462 719/952/731 739/951/734
f 421/635/449 739/951/734 738/977/755
f 406/631/445 738/977/755 716/974/108
f 682/51/30 694/925/711 374/601/420
f 694/925/711 687/917/705 375/611/429
f 687/917/705 686/919/703 382/612/426
f 686/915/703 681/119/79 370/121/81
f 1977/269/65 1983/2214/536 2006/2236/578
f 2006/2236/578 1983/2214/536 1998/2218/540
f 1998/2218/540 1997/2232/526 2014/2247/583
f 1997/2232/526 1980/102/65 2003/2248/64
f 1979/2228/97 1994/2227/519 2047/2282/1371
f 1994/2227/519 1988/2231/524 2048/2268/1359
f 1988/2231/524 1987/2220/541 2033/2264/1355
f 1987/2220/541 1978/2222/97 2027/221/60
f 2053/93/58 2064/2295/1384 2017/2254/567
f 2064/2295/1384 2057/2298/1388 2018/2262/577
f 2057/2298/1388 2056/2286/1374 2024/2260/574
f 2056/2286/1374 2052/2288/58 2005/212/57
f 2055/254/89 2074/2307/1398 2037/2270/1361
f 2074/2307/1398 2068/2310/1402 2038/2281/1370
f 2068/2310/1402 2067/2299/1389 2044/2277/1367
f 2067/2299/1389 2054/135/89 2029/2278/1363
f 2030/96/60 2049/2283/1372 798/1040/759
f 2049/2283/1372 2043/2279/1368 799/1042/761
f 2043/2279/1368 2042/2276/1366 806/1048/767
f 2042/2276/1366 2029/2278/1363 794/134/88
f 851/1109/821 867/1108/820 2062/2294/1383
f 867/1108/820 861/1100/824 2063/2296/1385
f 861/1100/815 860/1102/813 2069/2304/1395
f 860/1098/813 850/136/90 2054/135/89
f 2004/94/57 2019/2255/1241 535/762/573
f 2019/2255/1241 2013/2249/1240 536/764/575
f 2013/2249/1240 2012/2251/1239 542/772/579
f 2012/2246/1239 2003/2248/64 527/101/64
f 484/95/59 503/734/542 1992/2226/1208
f 503/734/546 497/730/545 1993/2229/1209
f 497/730/537 496/728/539 1999/2233/1213
f 496/728/535 483/103/65 1980/102/65
f 936/54/33 943/1179/869 910/1148/842
f 943/1182/869 963/1184/873 911/1160/852
f 911/1160/852 963/1184/873 962/1204/890
f 962/1204/890 940/185/18 906/187/18
f 993/1238/43 1004/1237/906 987/1225/909
f 1004/1237/906 997/1231/902 988/1212/898
f 997/1231/902 996/1229/900 973/1209/895
f 996/1229/900 992/197/116 967/199/116
f 994/208/43 1009/1243/910 957/1199/885
f 1009/1243/910 1003/1246/912 958/1207/893
f 1003/1246/912 1002/1236/905 964/1205/891
f 1002/1236/905 993/1238/43 940/185/18
f 907/157/13 923/1163/855 982/1220/905
f 923/1163/855 917/1158/850 983/1228/912
f 917/1158/850 916/1156/848 989/1226/910
f 916/1156/848 906/187/18 970/186/43
f 1042/183/114 1047/1278/914 1021/1251/230
f 1047/1278/914 1057/1281/917 1022/1253/232
f 1057/1281/917 1056/1294/925 1029/1264/236
f 1029/1259/236 1056/1291/925 1044/207/122
f 1019/160/19 1034/1267/240 952/1193/879
f 1034/1267/240 1028/1271/242 953/1195/881
f 1028/1271/242 1027/1258/235 959/1200/886
f 1027/1258/235 1018/1260/19 939/206/13
f 995/204/116 1014/1248/895 1051/1284/920
f 1014/1248/895 1008/1244/898 1052/1286/922
f 1008/1244/898 1007/1242/909 1058/1292/926
f 1007/1242/909 994/208/43 1044/207/122
f 1061/210/20 1067/1298/275 1089/1322/929
f 1067/1298/275 1082/1301/271 1090/1324/931
f 1090/1324/931 1082/1301/271 1081/1319/269
f 1081/1316/269 1064/156/17 1087/1331/938
f 1088/201/119 1102/1338/943 977/1215/900
f 977/1215/900 1102/1338/943 1096/1332/939
f 1096/1332/939 1095/1329/936 984/1221/906
f 984/1221/906 1095/1329/936 1087/1331/938
f 908/163/19 928/1168/860 1076/1309/265
f 928/1168/860 922/1171/863 1077/1320/273
f 922/1171/863 921/1162/854 1083/1317/270
f 921/1162/854 907/157/13 1064/156/17
f 1106/165/20 1117/1352/275 947/1187/875
f 1117/1356/275 1110/1346/271 948/1197/883
f 1110/1346/271 1109/1343/269 954/1194/880
f 1109/1343/269 1105/1345/17 938/158/17
f 1020/195/25 1039/1274/226 1150/1391/230
f 1039/1274/226 1033/1268/229 1151/1375/232
f 1033/1268/229 1032/1270/239 1136/1376/236
f 1032/1266/239 1019/160/19 1130/159/19
f 1181/189/20 1192/1431/275 1071/1304/259
f 1192/1431/275 1185/1423/271 1072/1306/261
f 1185/1423/271 1184/1425/269 1078/1314/266
f 1184/1420/269 1180/1422/17 1063/161/17
f 909/168/105 933/1174/866 1175/1414/230
f 933/1176/866 927/1169/861 1176/1399/232
f 927/1169/861 926/1167/859 1161/1396/236
f 926/1167/859 908/163/19 1155/162/19
f 1243/192/115 1256/1488/989 1237/1476/975
f 1256/1488/989 1249/1482/983 1238/1451/950
f 1249/1482/983 1248/1479/980 1213/1448/947
f 1248/1479/980 1242/1481/982 1205/53/32
f 1310/1540/117 1317/1539/1042 1284/1511/1014
f 1317/1539/1042 1337/1543/1045 1285/1513/1016
f 1337/1543/1045 1336/1564/1064 1292/1519/1022
f 1336/1564/1064 1314/1566/45 1280/1520/47
f 1314/2320/45 1338/2321/1065 1254/1487/988
f 1338/2321/1065 1332/2322/1067 1255/1489/990
f 1332/2322/1060 1331/2323/1058 1261/1493/994
f 1331/2323/1058 1313/227/75 1244/229/134
f 1210/193/46 1239/1477/976 1290/2324/1021
f 1239/1477/976 1233/1472/978 1291/2325/1023
f 1233/1472/971 1232/1470/969 1297/2326/1027
f 1232/1470/969 1209/181/26 1281/180/28
f 1372/174/109 1378/1601/1096 1346/1570/1071
f 1378/1601/1096 1393/1605/1100 1347/1579/1080
f 1393/1605/1100 1392/1621/1112 1354/1576/1077
f 1392/1621/1112 1375/1623/1114 1342/182/42
f 1345/178/112 1369/1594/1092 1264/1497/1000
f 1369/1594/1092 1363/1598/1094 1265/1506/1009
f 1363/1598/1094 1362/1589/1089 1271/1503/1006
f 1362/1589/1089 1344/241/140 1246/240/139
f 1373/226/132 1312/225/131 1328/1553/1054
f 1382/1607/1102 1328/1553/1054 1322/1548/1049
f 1383/1609/1104 1322/1548/1049 1321/1545/1047
f 1389/1616/1109 1321/1545/1047 1311/1547/118
f 1397/264/148 1404/1627/1118 1432/1659/1146
f 1404/1627/1118 1424/1631/1122 1433/1668/1155
f 1424/1631/1122 1423/1653/1141 1440/1665/1152
f 1423/1653/1141 1401/1655/475 1429/209/123
f 1431/262/147 1450/1678/1164 1300/1532/1035
f 1450/1678/1164 1444/1682/1166 1301/1537/1040
f 1444/1682/1166 1443/1673/1160 1307/1535/1038
f 1443/1673/1160 1430/1670/1157 1283/200/118
f 1398/172/107 1208/171/106 1229/1466/965
f 1408/1633/1124 1229/1466/965 1223/1462/961
f 1409/1635/1126 1223/1462/961 1222/1460/959
f 1415/1642/1131 1222/1460/959 1207/235/137
f 1453/1686/1169 1459/1685/1168 1269/1502/1005
f 1459/1685/1168 1474/1689/1172 1270/1504/1007
f 1474/1689/1172 1473/1704/1182 1276/1509/1012
f 1473/1704/1182 1456/1706/44 1247/164/103
f 1344/241/140 1364/1588/1088 1482/1709/1186
f 1364/1591/1088 1358/1584/1084 1483/1711/1188
f 1358/1584/1084 1357/1581/1082 1490/1719/1193
f 1357/1581/1082 1343/1583/24 1479/194/24
f 1528/1757/1169 1534/1756/1168 1413/2327/1132
f 1534/1762/1168 1549/1761/1172 1414/1651/1139
f 1549/1761/1172 1548/1779/1182 1420/1648/1136
f 1548/1779/1182 1531/1781/44 1400/188/44
f 1207/235/137 1224/1461/960 1507/1734/1186
f 1224/1461/960 1218/1457/956 1508/1736/1188
f 1218/1457/956 1217/1454/953 1515/1742/1193
f 1217/1454/953 1206/1456/955 1504/167/24
f 995/204/116 1311/1547/118 1323/1546/1048
f 1012/1247/894 1323/1546/1048 1316/1550/1051
f 1013/1234/904 1316/1550/1051 1315/1538/1041
f 998/1230/901 1315/1538/1041 1310/1540/117
f 1043/205/121 1053/1285/921 1387/2328/1110
f 1053/1289/921 1046/1279/915 1388/1625/1116
f 1046/1279/915 1045/1277/913 1394/1622/1113
f 1045/1277/913 1042/183/114 1375/1623/1114
f 1242/1481/982 1250/1480/981 941/1178/868
f 1250/1480/981 1275/1484/985 942/1180/870
f 1275/1484/985 1274/1508/1011 949/1188/876
f 1274/1508/1011 1247/164/103 937/166/104
f 905/55/34 912/1149/843 1211/1447/946
f 912/1149/843 932/1154/846 1212/1449/948
f 932/1154/846 931/1173/865 1219/1455/954
f 931/1173/865 909/168/105 1206/1456/955
f 1401/1655/475 1425/1654/1142 1065/1297/274
f 1425/1654/1142 1419/1649/1137 1066/1308/264
f 1419/1649/1137 1418/1647/1135 1073/1305/260
f 1418/1647/1135 1400/188/44 1062/190/20
f 1086/211/124 1091/1323/930 1438/1664/1151
f 1091/1323/930 1101/1326/933 1439/1666/1153
f 1101/1326/933 1100/1340/942 1445/1675/1159
f 1100/1337/942 1088/201/119 1430/1670/1157
f 1017/184/25 1023/1252/231 1352/1575/1076
f 1023/1252/231 1038/1256/234 1353/1577/1078
f 1038/1256/234 1037/1273/225 1359/1582/1083
f 1037/1273/225 1020/195/25 1343/1583/24
f 1279/198/117 1286/1512/1015 971/1208/894
f 1286/1512/1015 1306/1516/1019 972/1219/904
f 1306/1516/1019 1305/1534/1037 979/1216/901
f 1305/1534/1037 1283/200/118 968/202/116
f 1578/267/150 1553/1786/1205 1559/1785/1204
f 1581/1808/1219 1559/1785/1207 1574/1789/1206
f 1574/1789/1215 1573/1802/1216 1589/1814/1228
f 1573/1802/1214 1556/232/65 1579/231/135
f 1624/1865/1257 1598/230/64 1609/1831/1238
f 1636/1867/1255 1609/1835/1238 1602/1825/1237
f 1602/1825/1237 1601/1823/1236 1627/1849/1243
f 1601/1823/1236 1597/219/57 1622/1850/1244
f 1624/1865/1257 1638/1864/1256 1587/1815/1226
f 1638/1864/1256 1632/1869/1259 1588/1822/1235
f 1632/1869/1259 1631/1858/1252 1594/1819/1232
f 1631/1858/1252 1623/216/127 1580/1820/1233
f 1556/232/65 1575/1803/536 1607/1830/578
f 1607/1830/578 1575/1803/536 1569/1805/540
f 1569/1805/540 1568/1797/526 1614/1838/583
f 1614/1838/583 1568/1797/526 1555/271/65
f 1554/222/97 1565/1793/519 1870/2106/1271
f 1565/1793/519 1558/1796/524 1871/2108/1273
f 1558/1796/524 1557/1784/541 1878/2114/1279
f 1557/1784/541 1553/1786/1205 1866/266/98
f 1398/172/107 1410/1634/1125 1676/2329/672
f 1410/1639/1125 1403/1638/1128 1677/1913/657
f 1403/1638/1128 1402/1628/1119 1684/1909/654
f 1402/1628/1119 1397/264/148 1673/1910/84
f 1697/263/141 1428/265/149 1434/1658/1145
f 1701/1925/650 1434/1658/1145 1449/1662/1149
f 1702/1927/639 1449/1662/1149 1448/1680/1163
f 1709/1933/635 1448/1677/1163 1431/262/147
f 1896/268/151 1578/267/150 1583/1807/1218
f 1900/2133/1298 1583/1807/1218 1593/1811/1222
f 1901/2135/1300 1593/1811/1222 1592/1818/1231
f 1908/2141/1306 1592/1818/1231 1580/1820/1233
f 1641/1873/37 1648/1872/681 1227/1465/964
f 1648/1872/681 1668/1876/684 1228/1474/973
f 1668/1876/684 1667/1898/675 1234/1471/970
f 1667/1898/675 1645/179/113 1209/181/26
f 1675/274/143 1694/1920/665 1819/2330/672
f 1694/1924/665 1688/1923/662 1820/2063/657
f 1688/1923/662 1687/1917/661 1827/2057/654
f 1687/1917/661 1674/246/63 1816/2058/84
f 1840/245/141 1700/247/83 1719/1949/647
f 1844/2076/1269 1719/1949/647 1713/1941/1262
f 1845/2078/639 1713/1941/1262 1712/1943/641
f 1852/2086/635 1712/1939/641 1699/244/87
f 1281/1526/28 1722/1951/27 1729/1953/612
f 1295/1524/1026 1729/1953/612 1749/1957/606
f 1296/1527/1028 1749/1957/606 1748/1976/603
f 1302/1531/1034 1748/1976/603 1726/1978/605
f 1726/1978/605 1750/1977/604 1707/1934/636
f 1750/1977/604 1744/1980/608 1708/1945/636
f 1744/1980/608 1743/1974/632 1714/1940/642
f 1743/1974/632 1725/242/102 1699/244/87
f 1645/179/113 1669/1897/674 1727/2331/613
f 1669/1897/674 1663/1893/678 1728/2333/621
f 1663/1893/678 1662/1891/699 1735/2334/618
f 1662/1891/699 1644/228/133 1723/2335/73
f 1697/263/141 1703/1926/651 1682/1908/653
f 1703/1926/651 1718/1929/648 1683/1911/655
f 1683/1911/655 1718/1929/648 1717/1950/648
f 1717/1950/648 1700/247/83 1674/246/63
f 1641/1873/37 1672/170/36 1678/1900/671
f 1646/1871/680 1678/1900/671 1693/1905/666
f 1647/1874/682 1693/1905/666 1692/1919/664
f 1654/1880/688 1692/1919/664 1675/274/143
f 1754/1992/51 1766/1991/737 1652/1881/689
f 1766/1991/737 1759/1997/740 1653/1889/697
f 1759/1997/740 1758/1981/1266 1659/1885/693
f 1659/1885/693 1758/1981/1266 1753/177/67
f 1784/224/130 1791/2014/1267 1738/1966/624
f 1738/1966/624 1791/2014/1267 1811/2019/708
f 1739/1969/627 1811/2019/708 1810/2038/726
f 1745/1973/631 1810/2038/726 1788/2040/118
f 1818/253/143 1837/2071/665 1926/2336/1320
f 1837/2075/665 1831/2074/662 1927/2170/1329
f 1831/2074/662 1830/2068/661 1934/2166/1326
f 1830/2068/661 1817/249/63 1922/2167/84
f 1952/248/141 1843/250/83 1862/2104/647
f 1956/2187/650 1862/2104/647 1856/2096/1262
f 1957/2189/639 1856/2096/1262 1855/2098/641
f 1964/2195/635 1855/2094/641 1842/259/87
f 1788/2040/118 1812/2039/727 1850/2337/636
f 1812/2044/727 1806/2043/729 1851/2100/636
f 1806/2043/729 1805/2036/723 1857/2095/642
f 1805/2036/723 1787/257/85 1842/259/87
f 1757/173/108 1781/2011/754 1795/2025/712
f 1781/2011/754 1775/2006/749 1796/2032/719
f 1775/2006/749 1774/2004/747 1802/2029/716
f 1774/2004/747 1756/238/76 1786/237/78
f 1816/2058/84 1840/245/141 1846/2077/651
f 1846/2082/651 1861/2081/648 1826/2059/655
f 1826/2059/655 1861/2081/648 1860/2105/648
f 1860/2105/648 1843/250/83 1817/249/63
f 1754/1992/51 1815/272/36 1821/2046/671
f 1764/1995/736 1821/2050/671 1836/2052/666
f 1765/1993/738 1836/2052/666 1835/2070/664
f 1771/2000/743 1835/2070/664 1818/253/143
f 1868/2125/1290 1888/2124/1289 1769/2001/744
f 1888/2124/1289 1882/2128/1293 1770/2008/751
f 1882/2128/1293 1881/2120/1285 1776/2005/748
f 1881/2120/1285 1867/236/138 1756/238/76
f 1786/237/78 1899/2152/1315 1918/2154/1317
f 1800/2028/715 1918/2154/1317 1912/2148/1312
f 1801/2030/717 1912/2148/1312 1911/2145/1310
f 1807/2035/722 1911/2145/1310 1898/2147/605
f 1924/213/125 1944/2177/1338 1617/1844/567
f 1944/2177/1338 1938/2180/1341 1618/1828/577
f 1938/2180/1341 1937/2174/1334 1603/1824/574
f 1937/2174/1334 1923/220/129 1597/219/57
f 1622/1850/1244 1955/218/83 1974/2211/1350
f 1625/1848/1242 1974/2211/1350 1968/2203/1349
f 1626/1851/1245 1968/2203/1349 1967/2205/1348
f 1633/1857/1251 1967/2201/1348 1954/217/128
f 1898/2147/605 1913/2146/1311 1962/2196/636
f 1913/2146/1311 1907/2150/1307 1963/2207/636
f 1907/2150/1307 1906/2142/1307 1969/2202/642
f 1906/2142/1307 1897/215/126 1954/217/128
f 1867/236/138 1883/2119/1284 1916/2155/1302
f 1883/2119/1284 1877/2115/1280 1917/2137/1302
f 1877/2115/1280 1876/2113/1278 1902/2134/1299
f 1876/2113/1278 1866/266/98 1896/268/151
f 1922/2167/84 1952/248/141 1958/2188/651
f 1958/2188/651 1973/2191/648 1933/2168/1327
f 1973/2191/648 1972/2212/648 1939/2173/1333
f 1972/2212/648 1955/218/83 1923/220/129
f 1868/2125/1290 1921/251/142 1928/2157/1319
f 1886/2123/1288 1928/2157/1319 1948/2162/1323
f 1887/2126/1291 1948/2162/1323 1947/2182/1343
f 1893/2131/1296 1947/2182/1343 1925/256/145
f 1244/229/134 1644/228/133 1664/1892/700
f 1259/1492/993 1664/1892/700 1658/1887/695
f 1260/1494/995 1658/1887/695 1657/1884/692
f 1266/1498/1001 1657/1884/692 1643/1886/694
f 1724/1968/626 1740/1967/1264 1326/1554/1055
f 1740/1967/1264 1734/1962/619 1327/1562/1062
f 1734/1962/619 1733/1959/617 1333/1558/1059
f 1733/1959/617 1723/1961/73 1313/1559/75
f 1785/2022/30 1797/2024/711 1376/1602/1097
f 1797/2024/711 1790/2015/705 1377/1612/1106
f 1790/2015/705 1789/2017/703 1384/1613/1103
f 1789/2013/703 1784/224/130 1373/226/132
f 1345/178/112 1753/177/67 1760/1982/731
f 1367/1596/1091 1760/1987/731 1780/1986/734
f 1368/1573/1074 1780/1986/734 1779/2012/755
f 1348/1569/1070 1779/2012/755 1757/173/108
f 2028/2272/1363 2039/2271/1362 1891/2132/1297
f 2039/2271/1362 2032/2265/1356 1892/2110/1275
f 2032/2265/1356 2031/2263/1354 1872/2107/1272
f 2031/2263/1354 2027/221/60 1865/223/60
f 1925/256/145 1949/2183/1344 2072/2306/1397
f 1949/2186/1344 1943/2178/1346 2073/2291/1399
f 1943/2178/1339 1942/2176/1337 2058/2287/1380
f 2058/2287/1375 1942/2176/1337 1924/213/125
f 2002/2238/64 2008/2237/579 1612/1837/1239
f 2008/2243/579 2023/2242/575 1613/1839/1240
f 2023/2242/575 2022/2259/573 1619/1845/1241
f 2022/2259/573 2005/212/57 1600/214/57
f 1555/271/65 1570/1798/1211 1981/2213/535
f 1570/1798/1213 1564/1794/1212 1982/2215/537
f 1564/1794/1209 1563/1792/1210 1989/2221/546
f 1563/1792/1208 1554/222/97 1978/2222/97
f 64/308/181 270/508/331 233/475/296
