# Blender 5.1.1
# www.blender.org
mtllib cuchara.mtl
g cuchara_Mesh
v -0.001461 -0.025413 0.553419
v -0.001461 -0.053446 0.530468
v -0.001461 -0.076462 0.502490
v -0.037516 0.077293 0.580893
v -0.036823 0.041235 0.577453
v -0.034771 0.006554 0.567179
v -0.031439 -0.025417 0.550466
v -0.026956 -0.053449 0.527957
v -0.021492 -0.076464 0.500517
v -0.015259 -0.093579 0.469200
v -0.008495 -0.104136 0.435210
v -0.072185 0.077281 0.570377
v -0.070826 0.041223 0.567138
v -0.066801 0.006542 0.557463
v -0.060266 -0.025427 0.541722
v -0.051470 -0.053457 0.520521
v -0.040753 -0.076471 0.494674
v -0.028526 -0.093584 0.465175
v -0.015259 -0.104138 0.433158
v -0.104136 0.077261 0.553298
v -0.102163 0.041203 0.550388
v -0.096320 0.006524 0.541684
v -0.086832 -0.025444 0.527522
v -0.074063 -0.053472 0.508445
v -0.058504 -0.076482 0.485186
v -0.040753 -0.093592 0.458640
v -0.021492 -0.104142 0.429826
v -0.132141 0.077234 0.530315
v -0.129630 0.041177 0.527846
v -0.122194 0.006499 0.520451
v -0.110117 -0.025466 0.508412
v -0.093866 -0.053491 0.492193
v -0.074063 -0.076497 0.472417
v -0.051470 -0.093602 0.449844
v -0.026956 -0.104147 0.425342
v -0.155124 0.077201 0.502310
v -0.152172 0.041144 0.500379
v -0.143428 0.006469 0.494577
v -0.129228 -0.025494 0.485126
v -0.110117 -0.053514 0.472390
v -0.086832 -0.076516 0.456858
v -0.060266 -0.093615 0.439127
v -0.031439 -0.104154 0.419879
v -0.172203 0.077164 0.470359
v -0.168922 0.041108 0.469042
v -0.159206 0.006434 0.465058
v -0.143427 -0.025525 0.458560
v -0.122194 -0.053540 0.449797
v -0.096320 -0.076536 0.439107
v -0.066801 -0.093629 0.426900
v -0.034771 -0.104161 0.413645
v -0.182719 0.077123 0.435690
v -0.179236 0.041068 0.435039
v -0.168922 0.006396 0.433028
v -0.152172 -0.025559 0.429734
v -0.129630 -0.053569 0.425283
v -0.102163 -0.076559 0.419846
v -0.070826 -0.093644 0.413633
v -0.036823 -0.104169 0.406882
v -0.186270 0.077081 0.399635
v -0.182719 0.041026 0.399678
v -0.172203 0.006357 0.399718
v -0.155124 -0.025594 0.399756
v -0.132141 -0.053599 0.399788
v -0.104136 -0.076582 0.399815
v -0.072185 -0.093661 0.399835
v -0.037516 -0.104177 0.399848
v -0.182719 0.077038 0.363581
v -0.179236 0.040985 0.364316
v -0.168922 0.006318 0.366408
v -0.152172 -0.025629 0.369777
v -0.129630 -0.053629 0.374294
v -0.102163 -0.076606 0.379785
v -0.070826 -0.093677 0.386038
v -0.036823 -0.104186 0.392814
v -0.172203 0.076998 0.328912
v -0.168922 0.040945 0.330313
v -0.159206 0.006281 0.334378
v -0.143427 -0.025663 0.340951
v -0.122194 -0.053658 0.349779
v -0.096320 -0.076629 0.360524
v -0.066801 -0.093692 0.372771
v -0.034771 -0.104193 0.386050
v -0.155124 0.076960 0.296961
v -0.152172 0.040908 0.298976
v -0.143427 0.006246 0.304859
v -0.129227 -0.025694 0.314385
v -0.110117 -0.053684 0.327187
v -0.086832 -0.076649 0.342773
v -0.060266 -0.093707 0.360544
v -0.031439 -0.104201 0.379817
v -0.132141 0.076928 0.268955
v -0.129630 0.040876 0.271509
v -0.122194 0.006216 0.278986
v -0.110117 -0.025721 0.291099
v -0.093866 -0.053707 0.307384
v -0.074063 -0.076668 0.327214
v -0.051470 -0.093719 0.349826
v -0.026956 -0.104207 0.374353
v -0.104136 0.076901 0.245972
v -0.102163 0.040850 0.248967
v -0.096320 0.006191 0.257752
v -0.086832 -0.025744 0.271989
v -0.074063 -0.053726 0.291132
v -0.058504 -0.076683 0.314445
v -0.040753 -0.093730 0.341031
v -0.021492 -0.104212 0.369870
v -0.072185 0.076880 0.228894
v -0.070826 0.040830 0.232217
v -0.066801 0.006172 0.241974
v -0.060266 -0.025760 0.257789
v -0.051470 -0.053741 0.279056
v -0.040753 -0.076694 0.304957
v -0.028526 -0.093737 0.334496
v -0.015259 -0.104216 0.366538
v -0.037516 0.076868 0.218377
v -0.036823 0.040818 0.221902
v -0.034771 0.006161 0.232258
v -0.031439 -0.025770 0.249045
v -0.026956 -0.053749 0.271620
v -0.021492 -0.076701 0.299114
v -0.015259 -0.093742 0.330471
v -0.008495 -0.104219 0.364486
v -0.001461 0.076864 0.214826
v -0.001461 0.040814 0.218419
v -0.001461 0.006157 0.228977
v -0.001461 -0.025774 0.246092
v -0.001461 -0.053752 0.269109
v -0.001461 -0.076703 0.297141
v -0.001461 -0.093744 0.329112
v -0.001461 -0.104220 0.363793
v 0.034593 0.076868 0.218377
v 0.033901 0.040818 0.221902
v 0.031849 0.006161 0.232258
v 0.028517 -0.025770 0.249045
v 0.024033 -0.053749 0.271620
v 0.018570 -0.076701 0.299114
v 0.012336 -0.093742 0.330471
v 0.005573 -0.104219 0.364486
v 0.069262 0.076880 0.228894
v 0.067903 0.040830 0.232217
v 0.063879 0.006172 0.241974
v 0.057343 -0.025760 0.257789
v 0.048548 -0.053741 0.279056
v 0.037831 -0.076694 0.304957
v 0.025604 -0.093737 0.334496
v 0.012336 -0.104216 0.366538
v 0.101213 0.076901 0.245972
v 0.099240 0.040850 0.248967
v 0.093398 0.006191 0.257752
v 0.083910 -0.025744 0.271989
v 0.071141 -0.053726 0.291132
v 0.055582 -0.076683 0.314445
v 0.037831 -0.093730 0.341031
v 0.018570 -0.104212 0.369870
v 0.129219 0.076928 0.268956
v 0.126708 0.040876 0.271509
v 0.119271 0.006216 0.278986
v 0.107195 -0.025721 0.291099
v 0.090943 -0.053707 0.307384
v 0.071141 -0.076668 0.327214
v 0.048548 -0.093719 0.349826
v 0.024033 -0.104207 0.374353
v 0.152202 0.076960 0.296961
v 0.149249 0.040908 0.298976
v 0.140505 0.006246 0.304859
v 0.126305 -0.025694 0.314385
v 0.107195 -0.053684 0.327187
v 0.083910 -0.076649 0.342773
v 0.057343 -0.093707 0.360544
v 0.028517 -0.104201 0.379817
v 0.169280 0.076998 0.328912
v 0.166000 0.040945 0.330313
v 0.156283 0.006281 0.334378
v 0.140505 -0.025663 0.340951
v 0.119271 -0.053658 0.349779
v 0.093398 -0.076629 0.360524
v 0.063879 -0.093692 0.372771
v 0.031849 -0.104193 0.386050
v 0.179797 0.077038 0.363581
v 0.176314 0.040985 0.364316
v 0.166000 0.006318 0.366408
v 0.149249 -0.025629 0.369777
v 0.126708 -0.053629 0.374294
v 0.099240 -0.076606 0.379785
v 0.067903 -0.093677 0.386038
v 0.033901 -0.104186 0.392814
v 0.183348 0.077081 0.399635
v 0.179797 0.041026 0.399678
v 0.169280 0.006357 0.399718
v 0.152202 -0.025594 0.399756
v 0.129219 -0.053599 0.399788
v 0.101213 -0.076582 0.399815
v 0.069262 -0.093661 0.399835
v 0.034593 -0.104177 0.399848
v 0.179797 0.077123 0.435690
v 0.176314 0.041068 0.435039
v 0.166000 0.006396 0.433028
v 0.149249 -0.025559 0.429734
v 0.126708 -0.053569 0.425283
v 0.099240 -0.076559 0.419846
v 0.067903 -0.093644 0.413633
v 0.033901 -0.104169 0.406882
v 0.169280 0.077164 0.470359
v 0.166000 0.041108 0.469042
v 0.156283 0.006434 0.465058
v 0.140505 -0.025525 0.458560
v 0.119271 -0.053540 0.449797
v 0.093398 -0.076536 0.439107
v 0.063879 -0.093629 0.426900
v 0.031849 -0.104161 0.413645
v 0.152202 0.077201 0.502310
v 0.149249 0.041144 0.500379
v 0.140505 0.006469 0.494577
v 0.126305 -0.025494 0.485126
v 0.107195 -0.053514 0.472390
v 0.083910 -0.076516 0.456858
v 0.057343 -0.093615 0.439127
v 0.028517 -0.104154 0.419879
v 0.129219 0.077234 0.530315
v 0.126708 0.041177 0.527846
v 0.119271 0.006499 0.520451
v 0.107195 -0.025466 0.508412
v 0.090943 -0.053491 0.492193
v 0.071141 -0.076497 0.472417
v 0.048548 -0.093602 0.449844
v 0.024033 -0.104147 0.425342
v 0.101213 0.077261 0.553298
v 0.099240 0.041203 0.550388
v 0.093398 0.006524 0.541684
v 0.083910 -0.025444 0.527522
v 0.071141 -0.053472 0.508445
v 0.055582 -0.076482 0.485186
v 0.037831 -0.093592 0.458640
v 0.018570 -0.104142 0.429826
v 0.069262 0.077281 0.570376
v 0.067903 0.041223 0.567138
v 0.063879 0.006542 0.557463
v 0.057343 -0.025427 0.541722
v 0.048548 -0.053457 0.520521
v 0.037831 -0.076471 0.494674
v 0.025604 -0.093584 0.465175
v 0.012336 -0.104138 0.433158
v 0.034593 0.077293 0.580893
v 0.033901 0.041235 0.577453
v 0.031849 0.006554 0.567179
v 0.028517 -0.025417 0.550466
v 0.024033 -0.053449 0.527957
v 0.018570 -0.076464 0.500517
v 0.012336 -0.093579 0.469200
v 0.005573 -0.104136 0.435210
v -0.001461 0.077298 0.584444
v -0.001461 0.041239 0.580936
v -0.001461 0.006558 0.570459
v -0.001461 -0.093578 0.470559
v -0.001461 -0.104135 0.435902
v -0.001461 -0.107728 0.399852
v -0.001448 -0.001090 0.508821
v -0.001448 -0.021023 0.492463
v -0.001448 -0.037369 0.472531
v -0.027111 0.076082 0.528616
v -0.026577 0.046343 0.525970
v -0.025114 0.021656 0.518642
v -0.022737 -0.001093 0.506725
v -0.019542 -0.021025 0.490681
v -0.015650 -0.037371 0.471133
v -0.011212 -0.049508 0.448836
v -0.006400 -0.056969 0.424652
v -0.051785 0.076073 0.521131
v -0.049872 0.050468 0.520694
v -0.047870 0.021648 0.511739
v -0.043209 -0.001100 0.500515
v -0.036940 -0.021031 0.485404
v -0.029305 -0.037376 0.466991
v -0.020600 -0.049511 0.445988
v -0.011160 -0.056971 0.423209
v -0.074527 0.076059 0.508975
v -0.073009 0.046320 0.506737
v -0.068842 0.021635 0.500529
v -0.062076 -0.001112 0.490430
v -0.052975 -0.021041 0.476833
v -0.041890 -0.037384 0.460264
v -0.029252 -0.049516 0.441364
v -0.015548 -0.056973 0.420863
v -0.094460 0.076040 0.492616
v -0.092528 0.046302 0.490719
v -0.087223 0.021617 0.485444
v -0.078612 -0.001128 0.476859
v -0.067029 -0.021054 0.465299
v -0.052921 -0.037394 0.451211
v -0.036835 -0.049524 0.435139
v -0.019394 -0.056977 0.417706
v -0.110818 0.076016 0.472684
v -0.108546 0.046279 0.471200
v -0.102308 0.021595 0.467062
v -0.092183 -0.001147 0.460323
v -0.078563 -0.021071 0.451245
v -0.061974 -0.037407 0.440180
v -0.043060 -0.049533 0.427555
v -0.022550 -0.056982 0.413861
v -0.122974 0.075990 0.449943
v -0.120448 0.046253 0.448931
v -0.113518 0.021571 0.446090
v -0.102268 -0.001169 0.441456
v -0.087134 -0.021090 0.435211
v -0.068701 -0.037422 0.427594
v -0.047684 -0.049543 0.418904
v -0.024896 -0.056987 0.409472
v -0.130459 0.075961 0.425267
v -0.127778 0.046224 0.424768
v -0.120422 0.021544 0.423334
v -0.108478 -0.001193 0.420984
v -0.092410 -0.021110 0.417812
v -0.072843 -0.037438 0.413939
v -0.050532 -0.049554 0.409516
v -0.026340 -0.056992 0.404712
v -0.132986 0.075931 0.399604
v -0.130254 0.046195 0.399639
v -0.122753 0.021516 0.399668
v -0.110574 -0.001218 0.399695
v -0.094192 -0.021131 0.399718
v -0.074241 -0.037455 0.399737
v -0.051494 -0.049565 0.399751
v -0.026827 -0.056998 0.399760
v -0.130459 0.075901 0.373941
v -0.127778 0.046165 0.374510
v -0.120422 0.021489 0.376002
v -0.108478 -0.001243 0.378405
v -0.092410 -0.021153 0.381624
v -0.072843 -0.037471 0.385536
v -0.050532 -0.049577 0.389987
v -0.026340 -0.057004 0.394808
v -0.122974 0.075872 0.349267
v -0.120448 0.046137 0.350347
v -0.113518 0.021462 0.353247
v -0.102268 -0.001267 0.357933
v -0.087134 -0.021173 0.364226
v -0.068701 -0.037487 0.371880
v -0.047684 -0.049588 0.380599
v -0.024896 -0.057010 0.390048
v -0.110818 0.075845 0.326525
v -0.108546 0.046111 0.328078
v -0.102308 0.021437 0.332274
v -0.092183 -0.001289 0.339067
v -0.078563 -0.021192 0.348191
v -0.061974 -0.037502 0.359295
v -0.043060 -0.049598 0.371948
v -0.022550 -0.057015 0.385660
v -0.094459 0.075822 0.306593
v -0.092528 0.046088 0.308559
v -0.087223 0.021416 0.313892
v -0.078612 -0.001309 0.322531
v -0.067029 -0.021208 0.334137
v -0.052921 -0.037515 0.348264
v -0.036835 -0.049607 0.364364
v -0.019394 -0.057019 0.381814
v -0.074527 0.075802 0.290234
v -0.073009 0.046069 0.292541
v -0.068842 0.021398 0.298808
v -0.062076 -0.001325 0.308959
v -0.052975 -0.021222 0.322603
v -0.041890 -0.037526 0.339211
v -0.029252 -0.049614 0.358139
v -0.015548 -0.057023 0.378658
v -0.051786 0.075788 0.278078
v -0.050740 0.046055 0.280639
v -0.047870 0.021385 0.287598
v -0.043209 -0.001336 0.298875
v -0.036940 -0.021232 0.314032
v -0.029305 -0.037534 0.332484
v -0.020600 -0.049619 0.353515
v -0.011160 -0.057026 0.376312
v -0.027110 0.075779 0.270593
v -0.026577 0.046047 0.273309
v -0.025114 0.021377 0.280694
v -0.022737 -0.001344 0.292665
v -0.019542 -0.021238 0.308756
v -0.015649 -0.037539 0.328342
v -0.011212 -0.049623 0.350667
v -0.006400 -0.057027 0.374868
v -0.001448 0.075776 0.268066
v -0.001448 0.046044 0.270833
v -0.001448 0.021374 0.278363
v -0.001448 -0.001346 0.290569
v -0.001448 -0.021240 0.306974
v -0.001448 -0.037540 0.326944
v -0.001448 -0.049624 0.349705
v -0.001448 -0.057028 0.374381
v 0.024215 0.075779 0.270593
v 0.023681 0.046047 0.273309
v 0.022218 0.021377 0.280694
v 0.019842 -0.001344 0.292665
v 0.016646 -0.021238 0.308756
v 0.012754 -0.037539 0.328342
v 0.008316 -0.049623 0.350667
v 0.003504 -0.057027 0.374868
v 0.048890 0.075788 0.278078
v 0.047844 0.046055 0.280639
v 0.044973 0.021385 0.287598
v 0.040314 -0.001336 0.298875
v 0.034045 -0.021232 0.314032
v 0.026409 -0.037534 0.332484
v 0.017705 -0.049619 0.353515
v 0.008264 -0.057026 0.376312
v 0.071632 0.075802 0.290234
v 0.070113 0.046069 0.292541
v 0.065946 0.021398 0.298808
v 0.059180 -0.001325 0.308960
v 0.050079 -0.021222 0.322603
v 0.038994 -0.037526 0.339211
v 0.026356 -0.049614 0.358139
v 0.012653 -0.057023 0.378658
v 0.091564 0.075822 0.306593
v 0.089632 0.046088 0.308559
v 0.084328 0.021416 0.313892
v 0.075716 -0.001309 0.322531
v 0.064133 -0.021208 0.334137
v 0.050026 -0.037515 0.348264
v 0.033940 -0.049607 0.364364
v 0.016498 -0.057019 0.381814
v 0.107923 0.075845 0.326525
v 0.105650 0.046111 0.328078
v 0.099413 0.021437 0.332274
v 0.089288 -0.001289 0.339067
v 0.075667 -0.021192 0.348191
v 0.059079 -0.037502 0.359295
v 0.040164 -0.049598 0.371948
v 0.019655 -0.057015 0.385660
v 0.120077 0.075872 0.349266
v 0.117553 0.046137 0.350347
v 0.110623 0.021462 0.353246
v 0.099372 -0.001267 0.357933
v 0.084238 -0.021173 0.364226
v 0.065806 -0.037487 0.371880
v 0.044788 -0.049588 0.380599
v 0.022001 -0.057010 0.390048
v 0.127564 0.075901 0.373942
v 0.124883 0.046165 0.374510
v 0.117526 0.021489 0.376002
v 0.105582 -0.001243 0.378405
v 0.089515 -0.021153 0.381624
v 0.069948 -0.037471 0.385536
v 0.047637 -0.049577 0.389987
v 0.023444 -0.057004 0.394808
v 0.130090 0.075931 0.399604
v 0.127359 0.046195 0.399639
v 0.119857 0.021516 0.399668
v 0.107679 -0.001218 0.399695
v 0.091297 -0.021131 0.399718
v 0.071346 -0.037455 0.399737
v 0.048599 -0.049565 0.399751
v 0.023931 -0.056998 0.399760
v 0.127563 0.075961 0.425267
v 0.124883 0.046224 0.424768
v 0.117526 0.021544 0.423334
v 0.105582 -0.001193 0.420984
v 0.089515 -0.021110 0.417812
v 0.069948 -0.037438 0.413939
v 0.047637 -0.049554 0.409516
v 0.023444 -0.056992 0.404712
v 0.120079 0.075990 0.449942
v 0.117553 0.046253 0.448931
v 0.110623 0.021571 0.446089
v 0.099372 -0.001169 0.441456
v 0.084238 -0.021090 0.435211
v 0.065806 -0.037422 0.427594
v 0.044788 -0.049543 0.418904
v 0.022000 -0.056987 0.409472
v 0.107923 0.076016 0.472684
v 0.105650 0.046279 0.471200
v 0.099413 0.021595 0.467062
v 0.089288 -0.001147 0.460323
v 0.075667 -0.021071 0.451245
v 0.059079 -0.037407 0.440180
v 0.040164 -0.049533 0.427555
v 0.019655 -0.056982 0.413861
v 0.091564 0.076040 0.492616
v 0.089632 0.046302 0.490719
v 0.084328 0.021617 0.485444
v 0.075716 -0.001128 0.476859
v 0.064133 -0.021054 0.465299
v 0.050026 -0.037394 0.451211
v 0.033940 -0.049524 0.435139
v 0.016498 -0.056977 0.417706
v 0.071632 0.076059 0.508975
v 0.070113 0.046320 0.506737
v 0.065946 0.021635 0.500529
v 0.059180 -0.001112 0.490430
v 0.050079 -0.021041 0.476833
v 0.038994 -0.037384 0.460264
v 0.026356 -0.049516 0.441364
v 0.012653 -0.056973 0.420862
v 0.048891 0.076073 0.521129
v 0.047844 0.046334 0.518640
v 0.044975 0.021648 0.511739
v 0.040314 -0.001100 0.500515
v 0.034045 -0.021031 0.485404
v 0.026409 -0.037376 0.466991
v 0.017705 -0.049511 0.445988
v 0.008264 -0.056971 0.423208
v 0.024215 0.076082 0.528616
v 0.023681 0.046343 0.525970
v 0.022218 0.021656 0.518642
v 0.019842 -0.001093 0.506725
v 0.016646 -0.021025 0.490681
v 0.012754 -0.037371 0.471133
v 0.008316 -0.049508 0.448836
v 0.003504 -0.056969 0.424652
v -0.001448 0.076085 0.531142
v -0.001448 0.046346 0.528445
v -0.001448 0.021659 0.520973
v -0.001448 -0.049507 0.449798
v -0.001448 -0.056968 0.425139
v -0.001448 -0.059472 0.399763
v 0.001257 0.155514 -0.398501
v 0.001257 0.147322 -0.371381
v 0.001257 0.133997 -0.346379
v 0.001257 0.116049 -0.324459
v 0.001257 0.094171 -0.306460
v 0.001257 0.069201 -0.293076
v 0.001257 0.042100 -0.284820
v 0.001257 -0.066410 -0.306272
v 0.001257 -0.088331 -0.324219
v 0.001257 -0.106329 -0.346098
v -0.004243 0.155514 -0.399043
v -0.009532 0.147321 -0.372443
v -0.014407 0.133995 -0.347922
v -0.018679 0.116047 -0.326422
v -0.022186 0.094168 -0.308769
v -0.024791 0.069198 -0.295641
v -0.026395 0.042097 -0.287544
v -0.026937 0.013906 -0.284787
v -0.026395 -0.014292 -0.287477
v -0.024791 -0.041412 -0.295512
v -0.022186 -0.066413 -0.308581
v -0.018679 -0.088333 -0.326182
v -0.014407 -0.106331 -0.347640
v -0.009532 -0.119715 -0.372130
v -0.004243 -0.127970 -0.398710
v -0.009532 0.155512 -0.400647
v -0.019907 0.147317 -0.375590
v -0.029469 0.133989 -0.352491
v -0.037849 0.116040 -0.332237
v -0.044727 0.094160 -0.315607
v -0.049838 0.069189 -0.303239
v -0.052985 0.042087 -0.295610
v -0.054048 0.013896 -0.293011
v -0.052985 -0.014301 -0.295543
v -0.049838 -0.041421 -0.303110
v -0.044727 -0.066421 -0.315419
v -0.037849 -0.088340 -0.331998
v -0.029469 -0.106337 -0.352209
v -0.019907 -0.119719 -0.375277
v -0.009532 -0.127972 -0.400315
v -0.014407 0.155509 -0.403253
v -0.029469 0.147311 -0.380701
v -0.043350 0.133981 -0.359911
v -0.055517 0.116029 -0.341681
v -0.065502 0.094147 -0.326711
v -0.072922 0.069175 -0.315578
v -0.077491 0.042072 -0.308708
v -0.079033 0.013880 -0.306366
v -0.077491 -0.014317 -0.308642
v -0.072922 -0.041435 -0.315448
v -0.065502 -0.066434 -0.326523
v -0.055517 -0.088351 -0.341441
v -0.043350 -0.106345 -0.359629
v -0.029469 -0.119725 -0.380388
v -0.014407 -0.127975 -0.402920
v -0.018679 0.155505 -0.406759
v -0.037849 0.147303 -0.387579
v -0.055517 0.133969 -0.369896
v -0.071002 0.116014 -0.354389
v -0.083711 0.094129 -0.341655
v -0.093154 0.069155 -0.332182
v -0.098970 0.042051 -0.326335
v -0.100933 0.013859 -0.324339
v -0.098970 -0.014337 -0.326269
v -0.093154 -0.041455 -0.332053
v -0.083711 -0.066451 -0.341467
v -0.071002 -0.088366 -0.354150
v -0.055517 -0.106357 -0.369614
v -0.037849 -0.119733 -0.387266
v -0.018679 -0.127979 -0.406426
v -0.022186 0.155500 -0.411031
v -0.044727 0.147293 -0.395960
v -0.065502 0.133955 -0.382063
v -0.083711 0.115996 -0.369875
v -0.098655 0.094108 -0.359864
v -0.109759 0.069131 -0.352415
v -0.116597 0.042026 -0.347814
v -0.118906 0.013834 -0.346239
v -0.116597 -0.014362 -0.347748
v -0.109759 -0.041479 -0.352286
v -0.098655 -0.066473 -0.359676
v -0.083711 -0.088384 -0.369635
v -0.065502 -0.106371 -0.381781
v -0.044727 -0.119742 -0.395647
v -0.022186 -0.127984 -0.410699
v -0.024791 0.155494 -0.415906
v -0.049838 0.147282 -0.405521
v -0.072922 0.133938 -0.395944
v -0.093154 0.115976 -0.387542
v -0.109759 0.094084 -0.380639
v -0.122097 0.069104 -0.375499
v -0.129695 0.041997 -0.372320
v -0.132261 0.013804 -0.371224
v -0.129695 -0.014391 -0.372254
v -0.122097 -0.041506 -0.375369
v -0.109759 -0.066497 -0.380450
v -0.093154 -0.088405 -0.387303
v -0.072922 -0.106388 -0.395662
v -0.049838 -0.119754 -0.405208
v -0.024791 -0.127990 -0.415573
v -0.026395 0.155488 -0.421195
v -0.052985 0.147270 -0.415896
v -0.077490 0.133921 -0.411006
v -0.098970 0.115953 -0.406712
v -0.116597 0.094057 -0.403180
v -0.129695 0.069075 -0.400546
v -0.137761 0.041966 -0.398910
v -0.140485 0.013772 -0.398335
v -0.137761 -0.014422 -0.398843
v -0.129695 -0.041535 -0.400416
v -0.116597 -0.066523 -0.402992
v -0.098970 -0.088427 -0.406473
v -0.077490 -0.106405 -0.410724
v -0.052985 -0.119766 -0.415583
v -0.026395 -0.127996 -0.420862
v -0.026937 0.155481 -0.426695
v -0.054048 0.147257 -0.426686
v -0.079033 0.133902 -0.426670
v -0.100933 0.115930 -0.426649
v -0.118906 0.094030 -0.426623
v -0.132261 0.069044 -0.426594
v -0.140485 0.041934 -0.426562
v -0.143262 0.013739 -0.426529
v -0.140485 -0.014455 -0.426496
v -0.132261 -0.041566 -0.426464
v -0.118906 -0.066551 -0.426435
v -0.100933 -0.088451 -0.426409
v -0.079033 -0.106424 -0.426388
v -0.054048 -0.119779 -0.426372
v -0.026937 -0.128002 -0.426363
v -0.026395 0.155475 -0.432196
v -0.052985 0.147245 -0.437475
v -0.077490 0.133884 -0.442334
v -0.098970 0.115906 -0.446585
v -0.116597 0.094002 -0.450066
v -0.129695 0.069014 -0.452642
v -0.137761 0.041901 -0.454214
v -0.140485 0.013706 -0.454723
v -0.137761 -0.014487 -0.454148
v -0.129695 -0.041596 -0.452512
v -0.116597 -0.066578 -0.449877
v -0.098970 -0.088474 -0.446345
v -0.077490 -0.106442 -0.442052
v -0.052985 -0.119791 -0.437162
v -0.026395 -0.128009 -0.431863
v -0.024791 0.155469 -0.437485
v -0.049838 0.147233 -0.447850
v -0.072921 0.133866 -0.457396
v -0.093154 0.115884 -0.465755
v -0.109759 0.093976 -0.472607
v -0.122097 0.068984 -0.477689
v -0.129695 0.041870 -0.480804
v -0.132261 0.013675 -0.481834
v -0.129695 -0.014518 -0.480738
v -0.122097 -0.041625 -0.477559
v -0.109759 -0.066605 -0.472419
v -0.093154 -0.088497 -0.465516
v -0.072921 -0.106460 -0.457114
v -0.049838 -0.119803 -0.447537
v -0.024791 -0.128015 -0.437152
v -0.022186 0.155463 -0.442359
v -0.044727 0.147221 -0.457411
v -0.065502 0.133850 -0.471277
v -0.083711 0.115863 -0.483423
v -0.098655 0.093951 -0.493382
v -0.109759 0.068957 -0.500772
v -0.116597 0.041841 -0.505310
v -0.118906 0.013645 -0.506819
v -0.116597 -0.014547 -0.505243
v -0.109759 -0.041653 -0.500643
v -0.098655 -0.066629 -0.493194
v -0.083711 -0.088517 -0.483183
v -0.065502 -0.106476 -0.470995
v -0.044727 -0.119815 -0.457098
v -0.022186 -0.128021 -0.442027
v -0.018679 0.155458 -0.446632
v -0.037849 0.147212 -0.465792
v -0.055517 0.133836 -0.483444
v -0.071002 0.115845 -0.498908
v -0.083711 0.093930 -0.511591
v -0.093154 0.068934 -0.521005
v -0.098970 0.041816 -0.526789
v -0.100933 0.013620 -0.528719
v -0.098970 -0.014572 -0.526722
v -0.093154 -0.041676 -0.520875
v -0.083711 -0.066651 -0.511403
v -0.071002 -0.088536 -0.498668
v -0.055517 -0.106490 -0.483162
v -0.037849 -0.119824 -0.465479
v -0.018679 -0.128026 -0.446299
v -0.014407 0.155454 -0.450138
v -0.029469 0.147203 -0.472670
v -0.043350 0.133824 -0.493429
v -0.055517 0.115830 -0.511617
v -0.065502 0.093913 -0.526535
v -0.072921 0.068914 -0.537610
v -0.077490 0.041795 -0.544416
v -0.079033 0.013599 -0.546692
v -0.077490 -0.014593 -0.544350
v -0.072921 -0.041696 -0.537480
v -0.065502 -0.066668 -0.526347
v -0.055517 -0.088550 -0.511377
v -0.043350 -0.106502 -0.493147
v -0.029469 -0.119832 -0.472357
v -0.014407 -0.128030 -0.449805
v -0.009532 0.155451 -0.452743
v -0.019907 0.147197 -0.477781
v -0.029469 0.133815 -0.500848
v -0.037849 0.115819 -0.521060
v -0.044727 0.093900 -0.537639
v -0.049838 0.068900 -0.549948
v -0.052985 0.041780 -0.557514
v -0.054048 0.013583 -0.560047
v -0.052985 -0.014608 -0.557448
v -0.049838 -0.041710 -0.549818
v -0.044727 -0.066681 -0.537451
v -0.037849 -0.088562 -0.520820
v -0.029469 -0.106511 -0.500567
v -0.019907 -0.119838 -0.477467
v -0.009532 -0.128033 -0.452411
v -0.004243 0.155449 -0.454348
v -0.009532 0.147194 -0.480928
v -0.014407 0.133810 -0.505417
v -0.018679 0.115812 -0.526875
v -0.022185 0.093892 -0.544477
v -0.024791 0.068891 -0.557546
v -0.026395 0.041771 -0.565580
v -0.026937 0.013573 -0.568271
v -0.026395 -0.014618 -0.565514
v -0.024791 -0.041719 -0.557416
v -0.022185 -0.066689 -0.544289
v -0.018679 -0.088568 -0.526636
v -0.014407 -0.106516 -0.505136
v -0.009532 -0.119842 -0.480615
v -0.004243 -0.128035 -0.454015
v 0.001257 0.155448 -0.454889
v 0.001257 0.147193 -0.481991
v 0.001257 0.133808 -0.506960
v 0.001257 0.115810 -0.528839
v 0.001257 0.093889 -0.546786
v 0.001257 0.068888 -0.560112
v 0.001257 0.041767 -0.568304
v 0.001257 0.013570 -0.571048
v 0.001257 -0.014621 -0.568238
v 0.001257 -0.041722 -0.559982
v 0.001257 -0.066692 -0.546598
v 0.001257 -0.088571 -0.528599
v 0.001257 -0.106518 -0.506678
v 0.001257 -0.119843 -0.481677
v 0.001257 -0.128036 -0.454557
v 0.006758 0.155449 -0.454348
v 0.012047 0.147194 -0.480928
v 0.016921 0.133810 -0.505417
v 0.021193 0.115812 -0.526875
v 0.024700 0.093892 -0.544477
v 0.027305 0.068891 -0.557546
v 0.028910 0.041771 -0.565580
v 0.029451 0.013573 -0.568271
v 0.028910 -0.014618 -0.565514
v 0.027305 -0.041719 -0.557416
v 0.024700 -0.066689 -0.544289
v 0.021193 -0.088568 -0.526636
v 0.016921 -0.106516 -0.505136
v 0.012047 -0.119842 -0.480615
v 0.006758 -0.128035 -0.454015
v 0.012047 0.155451 -0.452743
v 0.022421 0.147197 -0.477781
v 0.031983 0.133815 -0.500848
v 0.040364 0.115819 -0.521060
v 0.047242 0.093900 -0.537639
v 0.052352 0.068900 -0.549948
v 0.055499 0.041780 -0.557514
v 0.056562 0.013583 -0.560047
v 0.055499 -0.014608 -0.557448
v 0.052352 -0.041710 -0.549818
v 0.047242 -0.066681 -0.537451
v 0.040364 -0.088562 -0.520820
v 0.031983 -0.106511 -0.500567
v 0.022421 -0.119838 -0.477467
v 0.012047 -0.128033 -0.452411
v 0.016921 0.155454 -0.450138
v 0.031983 0.147203 -0.472670
v 0.045864 0.133824 -0.493429
v 0.058031 0.115830 -0.511617
v 0.068016 0.093913 -0.526535
v 0.075436 0.068914 -0.537610
v 0.080005 0.041795 -0.544416
v 0.081548 0.013599 -0.546692
v 0.080005 -0.014593 -0.544350
v 0.075436 -0.041696 -0.537480
v 0.068016 -0.066668 -0.526347
v 0.058031 -0.088550 -0.511377
v 0.045864 -0.106502 -0.493147
v 0.031983 -0.119832 -0.472357
v 0.016921 -0.128030 -0.449805
v 0.021193 0.155458 -0.446632
v 0.040364 0.147212 -0.465792
v 0.058031 0.133836 -0.483444
v 0.073517 0.115845 -0.498908
v 0.086225 0.093930 -0.511591
v 0.095669 0.068934 -0.521005
v 0.101484 0.041816 -0.526789
v 0.103447 0.013620 -0.528719
v 0.101484 -0.014572 -0.526722
v 0.095669 -0.041676 -0.520875
v 0.086225 -0.066651 -0.511403
v 0.073517 -0.088536 -0.498668
v 0.058031 -0.106490 -0.483162
v 0.040364 -0.119824 -0.465479
v 0.021193 -0.128026 -0.446299
v 0.024700 0.155463 -0.442359
v 0.047242 0.147221 -0.457411
v 0.068016 0.133850 -0.471277
v 0.086225 0.115863 -0.483423
v 0.101169 0.093951 -0.493382
v 0.112273 0.068957 -0.500772
v 0.119111 0.041841 -0.505309
v 0.121420 0.013645 -0.506819
v 0.119111 -0.014547 -0.505243
v 0.112273 -0.041653 -0.500643
v 0.101169 -0.066629 -0.493194
v 0.086225 -0.088517 -0.483183
v 0.068016 -0.106476 -0.470995
v 0.047242 -0.119815 -0.457098
v 0.024700 -0.128021 -0.442027
v 0.001257 0.158258 -0.426698
v 0.027305 0.155469 -0.437485
v 0.052352 0.147233 -0.447850
v 0.075436 0.133866 -0.457396
v 0.095669 0.115884 -0.465755
v 0.112273 0.093976 -0.472607
v 0.124612 0.068984 -0.477689
v 0.132210 0.041870 -0.480804
v 0.134775 0.013675 -0.481834
v 0.132210 -0.014518 -0.480738
v 0.124612 -0.041625 -0.477559
v 0.112273 -0.066605 -0.472419
v 0.095669 -0.088497 -0.465516
v 0.075436 -0.106460 -0.457114
v 0.052352 -0.119803 -0.447537
v 0.027305 -0.128015 -0.437152
v 0.028910 0.155475 -0.432196
v 0.055499 0.147245 -0.437475
v 0.080005 0.133884 -0.442334
v 0.101484 0.115906 -0.446585
v 0.119111 0.094002 -0.450066
v 0.132210 0.069014 -0.452642
v 0.140276 0.041901 -0.454214
v 0.142999 0.013706 -0.454723
v 0.140276 -0.014487 -0.454148
v 0.132210 -0.041596 -0.452512
v 0.119111 -0.066578 -0.449877
v 0.101484 -0.088474 -0.446345
v 0.080005 -0.106442 -0.442052
v 0.055499 -0.119791 -0.437162
v 0.028910 -0.128009 -0.431863
v 0.029451 0.155481 -0.426695
v 0.056562 0.147257 -0.426686
v 0.081548 0.133902 -0.426670
v 0.103447 0.115930 -0.426649
v 0.121420 0.094030 -0.426623
v 0.134775 0.069044 -0.426594
v 0.142999 0.041934 -0.426562
v 0.145776 0.013739 -0.426529
v 0.142999 -0.014455 -0.426496
v 0.134775 -0.041566 -0.426464
v 0.121420 -0.066551 -0.426435
v 0.103447 -0.088451 -0.426409
v 0.081548 -0.106424 -0.426388
v 0.056562 -0.119779 -0.426372
v 0.029451 -0.128002 -0.426363
v 0.028910 0.155488 -0.421195
v 0.055499 0.147270 -0.415896
v 0.080005 0.133921 -0.411006
v 0.101484 0.115953 -0.406712
v 0.119111 0.094057 -0.403180
v 0.132210 0.069075 -0.400546
v 0.140276 0.041966 -0.398910
v 0.142999 0.013772 -0.398335
v 0.140276 -0.014422 -0.398843
v 0.132210 -0.041535 -0.400416
v 0.119111 -0.066523 -0.402992
v 0.101484 -0.088427 -0.406473
v 0.080005 -0.106405 -0.410724
v 0.055499 -0.119766 -0.415583
v 0.028910 -0.127996 -0.420862
v 0.027305 0.155494 -0.415906
v 0.052352 0.147282 -0.405521
v 0.075436 0.133938 -0.395944
v 0.095669 0.115976 -0.387542
v 0.112273 0.094084 -0.380639
v 0.124612 0.069104 -0.375499
v 0.132210 0.041997 -0.372320
v 0.134775 0.013804 -0.371224
v 0.132210 -0.014391 -0.372254
v 0.124612 -0.041506 -0.375369
v 0.112273 -0.066497 -0.380450
v 0.095669 -0.088405 -0.387303
v 0.075436 -0.106388 -0.395662
v 0.052352 -0.119754 -0.405208
v 0.027305 -0.127990 -0.415573
v 0.024700 0.155500 -0.411031
v 0.047242 0.147293 -0.395960
v 0.068016 0.133955 -0.382063
v 0.086225 0.115996 -0.369875
v 0.101169 0.094108 -0.359864
v 0.112273 0.069131 -0.352415
v 0.119111 0.042026 -0.347814
v 0.121420 0.013834 -0.346239
v 0.119111 -0.014362 -0.347748
v 0.112273 -0.041479 -0.352286
v 0.101169 -0.066473 -0.359676
v 0.086225 -0.088384 -0.369635
v 0.068016 -0.106371 -0.381781
v 0.047242 -0.119742 -0.395647
v 0.024700 -0.127984 -0.410699
v 0.021193 0.155505 -0.406759
v 0.040364 0.147303 -0.387579
v 0.058031 0.133969 -0.369896
v 0.073517 0.116014 -0.354389
v 0.086225 0.094129 -0.341655
v 0.095669 0.069155 -0.332182
v 0.101484 0.042051 -0.326335
v 0.103447 0.013859 -0.324339
v 0.101484 -0.014337 -0.326269
v 0.095669 -0.041455 -0.332053
v 0.086225 -0.066451 -0.341467
v 0.073517 -0.088366 -0.354150
v 0.058031 -0.106357 -0.369614
v 0.040364 -0.119733 -0.387266
v 0.021193 -0.127979 -0.406426
v 0.016921 0.155509 -0.403253
v 0.031983 0.147311 -0.380701
v 0.045864 0.133981 -0.359911
v 0.058031 0.116029 -0.341681
v 0.068016 0.094147 -0.326711
v 0.075436 0.069175 -0.315578
v 0.080005 0.042072 -0.308708
v 0.081547 0.013880 -0.306366
v 0.080005 -0.014317 -0.308642
v 0.075436 -0.041435 -0.315448
v 0.068016 -0.066434 -0.326523
v 0.058031 -0.088351 -0.341441
v 0.045864 -0.106345 -0.359629
v 0.031983 -0.119725 -0.380388
v 0.016921 -0.127975 -0.402920
v 0.012047 0.155512 -0.400647
v 0.022421 0.147317 -0.375591
v 0.031983 0.133989 -0.352491
v 0.040364 0.116040 -0.332237
v 0.047242 0.094160 -0.315607
v 0.052352 0.069189 -0.303239
v 0.055499 0.042087 -0.295610
v 0.056562 0.013896 -0.293011
v 0.055499 -0.014301 -0.295543
v 0.052352 -0.041421 -0.303110
v 0.047242 -0.066421 -0.315419
v 0.040364 -0.088340 -0.331998
v 0.031983 -0.106337 -0.352209
v 0.022421 -0.119719 -0.375277
v 0.012047 -0.127972 -0.400315
v 0.006758 0.155514 -0.399043
v 0.012047 0.147321 -0.372443
v 0.016921 0.133995 -0.347922
v 0.021193 0.116047 -0.326422
v 0.024700 0.094168 -0.308769
v 0.027305 0.069198 -0.295641
v 0.028910 0.042097 -0.287544
v 0.029451 0.013906 -0.284787
v 0.028910 -0.014292 -0.287477
v 0.027305 -0.041412 -0.295512
v 0.024700 -0.066413 -0.308581
v 0.021193 -0.088333 -0.326182
v 0.016921 -0.106331 -0.347640
v 0.012047 -0.119715 -0.372130
v 0.006758 -0.127970 -0.398710
v 0.001257 0.013909 -0.282010
v 0.001257 -0.014289 -0.284754
v 0.001257 -0.041409 -0.292946
v 0.001257 -0.119714 -0.371067
v 0.001257 -0.127969 -0.398169
v 0.001257 -0.130779 -0.426359
v 0.037453 -0.032243 -0.334440
v 0.037453 -0.027090 -0.372056
v 0.042667 -0.027030 -0.334449
v 0.037453 -0.031577 -0.353220
v 0.040057 -0.031547 -0.334441
v 0.039946 -0.030899 -0.352427
v 0.040057 -0.027082 -0.367031
v 0.037453 -0.029685 -0.367027
v 0.039946 -0.029567 -0.362147
v 0.041970 -0.029633 -0.334444
v 0.041970 -0.027060 -0.353227
v 0.041294 -0.029552 -0.352429
v 0.037453 0.054472 -0.372187
v 0.037453 0.059746 -0.334588
v 0.042667 0.054533 -0.334580
v 0.037453 0.057084 -0.367167
v 0.040057 0.054480 -0.367162
v 0.039946 0.056981 -0.362286
v 0.040057 0.059049 -0.334587
v 0.037453 0.059019 -0.353366
v 0.039946 0.058344 -0.352570
v 0.041970 0.054502 -0.353358
v 0.041970 0.057136 -0.334584
v 0.041294 0.056997 -0.352568
v -0.034939 -0.032243 -0.334440
v -0.040152 -0.027030 -0.334449
v -0.034939 -0.027090 -0.372056
v -0.037542 -0.031547 -0.334441
v -0.034939 -0.031577 -0.353220
v -0.037432 -0.030899 -0.352427
v -0.039456 -0.027060 -0.353227
v -0.039456 -0.029633 -0.334444
v -0.038779 -0.029552 -0.352429
v -0.034939 -0.029685 -0.367027
v -0.037542 -0.027082 -0.367031
v -0.037432 -0.029567 -0.362147
v -0.034939 0.059746 -0.334588
v -0.034939 0.054472 -0.372187
v -0.040152 0.054533 -0.334580
v -0.034939 0.059019 -0.353366
v -0.037542 0.059049 -0.334587
v -0.037432 0.058344 -0.352570
v -0.037542 0.054480 -0.367162
v -0.034939 0.057084 -0.367167
v -0.037432 0.056981 -0.362286
v -0.039456 0.057136 -0.334584
v -0.039456 0.054502 -0.353358
v -0.038779 0.056997 -0.352568
v 0.030455 -0.021418 0.269837
v 0.037453 -0.031289 0.259581
v 0.037360 -0.030563 0.268476
v 0.037428 -0.031090 0.264717
v 0.033679 -0.018193 0.269832
v 0.042667 -0.026076 0.259573
v 0.041955 -0.025968 0.268468
v 0.042476 -0.026042 0.264709
v 0.040057 -0.030593 0.259580
v 0.032120 -0.020972 0.269837
v 0.039958 -0.030413 0.264716
v 0.039688 -0.029940 0.268475
v 0.041970 -0.028679 0.259577
v 0.033234 -0.019859 0.269835
v 0.041799 -0.028572 0.264713
v 0.041332 -0.028296 0.268472
v 0.030455 0.050862 0.269721
v 0.037453 0.060700 0.259433
v 0.037360 0.060002 0.268330
v 0.037428 0.060517 0.264570
v 0.033679 0.047637 0.269726
v 0.042667 0.055487 0.259442
v 0.041955 0.055407 0.268338
v 0.042476 0.055470 0.264578
v 0.032120 0.050416 0.269722
v 0.040057 0.060003 0.259434
v 0.039688 0.059379 0.268331
v 0.039958 0.059841 0.264571
v 0.041970 0.058090 0.259437
v 0.033234 0.049302 0.269724
v 0.041799 0.057999 0.264574
v 0.041332 0.057736 0.268334
v -0.034939 -0.031289 0.259581
v -0.027941 -0.021418 0.269837
v -0.034914 -0.031090 0.264717
v -0.034845 -0.030563 0.268476
v -0.031165 -0.018193 0.269832
v -0.040152 -0.026076 0.259573
v -0.039440 -0.025968 0.268468
v -0.039962 -0.026042 0.264709
v -0.029606 -0.020972 0.269837
v -0.037542 -0.030593 0.259580
v -0.037174 -0.029940 0.268475
v -0.037444 -0.030413 0.264716
v -0.039456 -0.028679 0.259577
v -0.030719 -0.019859 0.269835
v -0.039285 -0.028572 0.264713
v -0.038818 -0.028296 0.268472
v -0.027941 0.050862 0.269721
v -0.034939 0.060700 0.259433
v -0.034845 0.060002 0.268330
v -0.034914 0.060517 0.264570
v -0.040152 0.055487 0.259442
v -0.031165 0.047637 0.269726
v -0.039962 0.055470 0.264578
v -0.039440 0.055407 0.268338
v -0.037542 0.060003 0.259434
v -0.029606 0.050416 0.269722
v -0.037444 0.059841 0.264571
v -0.037174 0.059379 0.268331
v -0.039456 0.058090 0.259438
v -0.030719 0.049302 0.269724
v -0.039285 0.057999 0.264574
v -0.038818 0.057736 0.268334
vn -0.0000 -0.9213 0.3890
vn -0.0392 -0.9794 0.1983
vn -0.0000 -0.9794 0.2021
vn -0.0000 -1.0000 0.0012
vn -0.0000 -0.0968 0.9953
vn -0.1914 -0.1928 0.9624
vn -0.0000 -0.1928 0.9812
vn -0.1804 -0.3795 0.9074
vn -0.0000 -0.3795 0.9252
vn -0.1626 -0.5518 0.8180
vn -0.0000 -0.5518 0.8340
vn -0.0000 -0.7032 0.7110
vn -0.1385 -0.7032 0.6973
vn -0.0000 -0.8280 0.5607
vn -0.1092 -0.8280 0.5500
vn -0.0757 -0.9213 0.3815
vn -0.1484 -0.9213 0.3594
vn -0.0769 -0.9794 0.1868
vn -0.1942 -0.0969 0.9762
vn -0.3754 -0.1929 0.9066
vn -0.3539 -0.3795 0.8548
vn -0.3189 -0.5519 0.7706
vn -0.2718 -0.7033 0.6569
vn -0.2142 -0.8280 0.5181
vn -0.5138 -0.3796 0.7694
vn -0.4630 -0.5520 0.6935
vn -0.3945 -0.7034 0.5913
vn -0.3110 -0.8281 0.4664
vn -0.2155 -0.9213 0.3236
vn -0.1117 -0.9794 0.1682
vn -0.3808 -0.0969 0.9195
vn -0.5450 -0.1930 0.8159
vn -0.2743 -0.9214 0.2754
vn -0.1421 -0.9794 0.1433
vn -0.5529 -0.0970 0.8276
vn -0.6937 -0.1931 0.6939
vn -0.6539 -0.3798 0.6544
vn -0.5893 -0.5521 0.5899
vn -0.5021 -0.7035 0.5030
vn -0.3958 -0.8282 0.3968
vn -0.7689 -0.3799 0.5142
vn -0.6929 -0.5522 0.4636
vn -0.5905 -0.7036 0.3954
vn -0.4654 -0.8283 0.3120
vn -0.3225 -0.9215 0.2166
vn -0.1671 -0.9795 0.1128
vn -0.7037 -0.0972 0.7038
vn -0.8157 -0.1933 0.5453
vn -0.3584 -0.9215 0.1495
vn -0.1857 -0.9795 0.0781
vn -0.8275 -0.0974 0.5530
vn -0.9063 -0.1935 0.3756
vn -0.8544 -0.3801 0.3543
vn -0.7699 -0.5524 0.3196
vn -0.6561 -0.7037 0.2726
vn -0.5172 -0.8284 0.2152
vn -0.6965 -0.7039 0.1394
vn -0.5490 -0.8285 0.1102
vn -0.3804 -0.9216 0.0768
vn -0.1971 -0.9796 0.0404
vn -0.9194 -0.0976 0.3810
vn -0.9622 -0.1937 0.1916
vn -0.9070 -0.3803 0.1809
vn -0.8173 -0.5526 0.1632
vn -0.2010 -0.9796 0.0011
vn -0.9761 -0.0978 0.1943
vn -0.9810 -0.1939 0.0002
vn -0.9248 -0.3805 0.0004
vn -0.8333 -0.5528 0.0006
vn -0.7101 -0.7041 0.0008
vn -0.5598 -0.8286 0.0010
vn -0.3879 -0.9217 0.0011
vn -0.5490 -0.8288 -0.1082
vn -0.3804 -0.9218 -0.0746
vn -0.1971 -0.9796 -0.0381
vn -0.9952 -0.0980 0.0001
vn -0.9622 -0.1942 -0.1912
vn -0.9070 -0.3807 -0.1800
vn -0.8173 -0.5530 -0.1619
vn -0.6965 -0.7042 -0.1377
vn -0.9761 -0.0982 -0.1940
vn -0.9063 -0.1944 -0.3752
vn -0.8544 -0.3810 -0.3534
vn -0.7699 -0.5531 -0.3183
vn -0.6561 -0.7044 -0.2709
vn -0.5172 -0.8289 -0.2132
vn -0.3584 -0.9219 -0.1474
vn -0.1857 -0.9797 -0.0758
vn -0.4654 -0.8290 -0.3100
vn -0.3225 -0.9220 -0.2144
vn -0.1671 -0.9797 -0.1105
vn -0.9194 -0.0985 -0.3807
vn -0.8157 -0.1946 -0.5448
vn -0.7689 -0.3811 -0.5133
vn -0.6929 -0.5533 -0.4623
vn -0.5905 -0.7045 -0.3937
vn -0.6937 -0.1947 -0.6935
vn -0.6539 -0.3813 -0.6535
vn -0.5893 -0.5535 -0.5886
vn -0.5021 -0.7046 -0.5013
vn -0.3958 -0.8291 -0.3948
vn -0.2743 -0.9220 -0.2732
vn -0.1421 -0.9798 -0.1410
vn -0.8275 -0.0987 -0.5528
vn -0.3110 -0.8292 -0.4645
vn -0.2155 -0.9221 -0.3214
vn -0.1116 -0.9798 -0.1659
vn -0.5529 -0.0990 -0.8274
vn -0.5450 -0.1949 -0.8155
vn -0.5138 -0.3814 -0.7685
vn -0.4630 -0.5536 -0.6922
vn -0.3945 -0.7048 -0.5896
vn -0.3754 -0.1950 -0.9061
vn -0.3539 -0.3815 -0.8539
vn -0.3189 -0.5537 -0.7693
vn -0.2718 -0.7048 -0.6553
vn -0.2142 -0.8293 -0.5162
vn -0.1484 -0.9221 -0.3573
vn -0.0769 -0.9798 -0.1845
vn -0.0757 -0.9222 -0.3794
vn -0.0392 -0.9798 -0.1960
vn -0.3808 -0.0991 -0.9193
vn -0.1914 -0.1951 -0.9619
vn -0.1804 -0.3816 -0.9066
vn -0.1626 -0.5537 -0.8167
vn -0.1385 -0.7049 -0.6957
vn -0.1092 -0.8293 -0.5480
vn -0.0000 -0.5537 -0.8327
vn -0.0000 -0.7049 -0.7093
vn -0.0000 -0.8293 -0.5588
vn -0.0000 -0.9222 -0.3868
vn -0.0000 -0.9798 -0.1998
vn -0.1941 -0.0992 -0.9759
vn -0.0000 -0.1951 -0.9808
vn -0.0000 -0.3816 -0.9243
vn 0.0392 -0.9798 -0.1960
vn -0.0000 -0.0992 -0.9951
vn 0.1914 -0.1951 -0.9619
vn 0.1804 -0.3816 -0.9065
vn 0.1626 -0.5537 -0.8167
vn 0.1385 -0.7049 -0.6957
vn 0.1092 -0.8293 -0.5480
vn 0.0757 -0.9222 -0.3794
vn 0.2718 -0.7048 -0.6553
vn 0.2142 -0.8293 -0.5162
vn 0.1484 -0.9221 -0.3573
vn 0.0769 -0.9798 -0.1845
vn 0.1942 -0.0992 -0.9759
vn 0.3754 -0.1950 -0.9061
vn 0.3539 -0.3815 -0.8539
vn 0.3189 -0.5537 -0.7693
vn 0.1116 -0.9798 -0.1659
vn 0.3808 -0.0991 -0.9193
vn 0.5450 -0.1949 -0.8155
vn 0.5138 -0.3814 -0.7685
vn 0.4630 -0.5536 -0.6922
vn 0.3945 -0.7048 -0.5896
vn 0.3110 -0.8292 -0.4645
vn 0.2155 -0.9221 -0.3214
vn 0.5021 -0.7046 -0.5013
vn 0.3958 -0.8291 -0.3948
vn 0.2743 -0.9220 -0.2732
vn 0.1421 -0.9798 -0.1410
vn 0.5529 -0.0990 -0.8273
vn 0.6937 -0.1947 -0.6935
vn 0.6539 -0.3813 -0.6535
vn 0.5893 -0.5535 -0.5886
vn 0.1671 -0.9797 -0.1105
vn 0.7037 -0.0988 -0.7036
vn 0.8157 -0.1946 -0.5448
vn 0.7689 -0.3811 -0.5133
vn 0.6929 -0.5533 -0.4623
vn 0.5905 -0.7045 -0.3937
vn 0.4654 -0.8290 -0.3100
vn 0.3225 -0.9220 -0.2144
vn 0.6561 -0.7044 -0.2709
vn 0.5172 -0.8289 -0.2132
vn 0.3584 -0.9219 -0.1474
vn 0.1857 -0.9797 -0.0758
vn 0.8275 -0.0987 -0.5528
vn 0.9063 -0.1944 -0.3752
vn 0.8544 -0.3810 -0.3534
vn 0.7699 -0.5531 -0.3183
vn 0.9194 -0.0985 -0.3807
vn 0.9622 -0.1942 -0.1912
vn 0.9070 -0.3807 -0.1800
vn 0.8173 -0.5530 -0.1619
vn 0.6965 -0.7042 -0.1377
vn 0.5490 -0.8288 -0.1082
vn 0.3804 -0.9218 -0.0746
vn 0.1971 -0.9796 -0.0381
vn 0.7101 -0.7041 0.0008
vn 0.5598 -0.8286 0.0010
vn 0.3879 -0.9217 0.0011
vn 0.2010 -0.9796 0.0011
vn 0.9761 -0.0982 -0.1940
vn 0.9810 -0.1939 0.0002
vn 0.9248 -0.3805 0.0004
vn 0.8333 -0.5528 0.0007
vn 0.9070 -0.3803 0.1809
vn 0.8173 -0.5526 0.1632
vn 0.6965 -0.7039 0.1394
vn 0.5490 -0.8285 0.1102
vn 0.3804 -0.9216 0.0768
vn 0.1971 -0.9796 0.0404
vn 0.9952 -0.0980 0.0001
vn 0.9622 -0.1937 0.1916
vn 0.3584 -0.9215 0.1495
vn 0.1857 -0.9795 0.0781
vn 0.9761 -0.0978 0.1943
vn 0.9063 -0.1935 0.3756
vn 0.8544 -0.3801 0.3543
vn 0.7699 -0.5524 0.3196
vn 0.6561 -0.7037 0.2726
vn 0.5172 -0.8284 0.2152
vn 0.6929 -0.5522 0.4636
vn 0.5905 -0.7036 0.3954
vn 0.4654 -0.8283 0.3120
vn 0.3225 -0.9215 0.2166
vn 0.1671 -0.9795 0.1128
vn 0.8275 -0.0974 0.5530
vn 0.8157 -0.1933 0.5453
vn 0.7689 -0.3799 0.5142
vn 0.2743 -0.9214 0.2754
vn 0.1421 -0.9794 0.1433
vn 0.6937 -0.1931 0.6939
vn 0.6539 -0.3798 0.6544
vn 0.5893 -0.5521 0.5899
vn 0.5021 -0.7035 0.5030
vn 0.3958 -0.8282 0.3968
vn 0.4630 -0.5519 0.6935
vn 0.3945 -0.7034 0.5913
vn 0.3110 -0.8281 0.4664
vn 0.2155 -0.9213 0.3236
vn 0.1117 -0.9794 0.1682
vn 0.7037 -0.0972 0.7038
vn 0.5450 -0.1930 0.8159
vn 0.5138 -0.3796 0.7694
vn 0.0769 -0.9794 0.1868
vn 0.5529 -0.0970 0.8276
vn 0.3754 -0.1929 0.9066
vn 0.3539 -0.3795 0.8548
vn 0.3189 -0.5519 0.7706
vn 0.2718 -0.7033 0.6569
vn 0.2142 -0.8280 0.5181
vn 0.1484 -0.9213 0.3594
vn 0.1626 -0.5518 0.8180
vn 0.1385 -0.7032 0.6973
vn 0.1092 -0.8280 0.5500
vn 0.0757 -0.9213 0.3815
vn 0.0392 -0.9794 0.1983
vn 0.3808 -0.0969 0.9195
vn 0.1914 -0.1928 0.9624
vn 0.1804 -0.3795 0.9074
vn 0.1941 -0.0969 0.9762
vn 0.0389 0.9797 -0.1969
vn -0.0000 0.9219 -0.3874
vn -0.0000 0.9797 -0.2007
vn -0.0000 1.0000 -0.0012
vn 0.1762 0.1979 -0.9643
vn -0.0000 0.0903 -0.9959
vn -0.0000 0.1898 -0.9818
vn -0.0000 0.3801 -0.9249
vn 0.1625 0.5527 -0.8174
vn -0.0000 0.5527 -0.8334
vn -0.0000 0.7042 -0.7100
vn 0.1089 0.8289 -0.5487
vn -0.0000 0.8289 -0.5594
vn 0.0754 0.9219 -0.3799
vn 0.2137 0.8289 -0.5169
vn 0.0764 0.9797 -0.1855
vn 0.3681 0.1723 -0.9137
vn 0.1815 0.0768 -0.9804
vn 0.3538 0.3825 -0.8535
vn 0.1804 0.3801 -0.9072
vn 0.3187 0.5527 -0.7700
vn 0.2714 0.7042 -0.6561
vn 0.1383 0.7042 -0.6964
vn 0.4627 0.5528 -0.6931
vn 0.3103 0.8290 -0.4653
vn 0.1478 0.9220 -0.3580
vn 0.2146 0.9220 -0.3223
vn 0.1109 0.9797 -0.1671
vn 0.5618 0.0809 -0.8233
vn 0.3858 0.0446 -0.9215
vn 0.5526 0.1957 -0.8102
vn 0.2731 0.9221 -0.2742
vn 0.1411 0.9797 -0.1423
vn 0.7041 0.0907 -0.7042
vn 0.5136 0.3803 -0.7691
vn 0.6941 0.1902 -0.6943
vn 0.5889 0.5529 -0.5895
vn 0.5015 0.7044 -0.5023
vn 0.3940 0.7043 -0.5905
vn 0.3949 0.8291 -0.3959
vn 0.7687 0.3806 -0.5141
vn 0.6537 0.3805 -0.6542
vn 0.6924 0.5531 -0.4633
vn 0.5897 0.7045 -0.3948
vn 0.3212 0.9221 -0.2157
vn 0.1659 0.9798 -0.1120
vn 0.8162 0.1903 -0.5456
vn 0.1844 0.9798 -0.0775
vn 0.9200 0.0911 -0.3812
vn 0.8280 0.0909 -0.5534
vn 0.8541 0.3808 -0.3542
vn 0.6552 0.7047 -0.2722
vn 0.4644 0.8292 -0.3112
vn 0.3569 0.9222 -0.1489
vn 0.8168 0.5534 -0.1631
vn 0.7694 0.5532 -0.3193
vn 0.5160 0.8293 -0.2147
vn 0.6956 0.7048 -0.1392
vn 0.3789 0.9223 -0.0764
vn 0.1957 0.9798 -0.0401
vn 0.9069 0.1905 -0.3758
vn 0.9767 0.0913 -0.1944
vn 0.9067 0.3810 -0.1808
vn 0.1995 0.9799 -0.0011
vn 0.9627 0.1907 -0.1917
vn 0.9958 0.0915 -0.0001
vn 0.9245 0.3812 -0.0004
vn 0.7092 0.7050 -0.0008
vn 0.5477 0.8294 -0.1099
vn 0.5585 0.8295 -0.0010
vn 0.3863 0.9224 -0.0011
vn 0.5477 0.8296 0.1080
vn 0.3789 0.9225 0.0743
vn 0.1957 0.9799 0.0378
vn 0.9627 0.1912 0.1913
vn 0.9816 0.1910 -0.0002
vn 0.8168 0.5538 0.1618
vn 0.8328 0.5536 -0.0006
vn 0.9069 0.1914 0.3754
vn 0.9767 0.0918 0.1942
vn 0.9067 0.3814 0.1799
vn 0.8541 0.3816 0.3533
vn 0.6552 0.7053 0.2706
vn 0.6956 0.7052 0.1375
vn 0.5160 0.8298 0.2127
vn 0.1844 0.9800 0.0752
vn 0.4644 0.8299 0.3093
vn 0.3569 0.9226 0.1467
vn 0.3212 0.9226 0.2135
vn 0.1659 0.9800 0.1097
vn 0.8280 0.0922 0.5531
vn 0.9200 0.0920 0.3810
vn 0.7687 0.3818 0.5132
vn 0.7694 0.5540 0.3180
vn 0.6924 0.5542 0.4620
vn 0.6941 0.1918 0.6939
vn 0.8162 0.1916 0.5451
vn 0.5889 0.5543 0.5882
vn 0.5015 0.7056 0.5007
vn 0.5897 0.7055 0.3932
vn 0.3949 0.8300 0.3939
vn 0.2731 0.9227 0.2721
vn 0.1411 0.9801 0.1400
vn 0.7041 0.0923 0.7040
vn 0.2146 0.9228 0.3201
vn 0.1109 0.9801 0.1648
vn 0.5453 0.1919 0.8159
vn 0.5136 0.3821 0.7682
vn 0.6537 0.3820 0.6533
vn 0.4627 0.5544 0.6918
vn 0.3940 0.7057 0.5889
vn 0.3538 0.3822 0.8537
vn 0.2714 0.7058 0.6544
vn 0.3103 0.8301 0.4634
vn 0.1478 0.9228 0.3558
vn 0.0764 0.9801 0.1832
vn 0.3811 0.0926 0.9199
vn 0.5533 0.0925 0.8279
vn 0.0754 0.9228 0.3778
vn 0.2137 0.8301 0.5150
vn 0.0389 0.9801 0.1946
vn 0.3756 0.1921 0.9067
vn 0.1943 0.0927 0.9766
vn 0.1804 0.3823 0.9063
vn 0.3187 0.5545 0.7687
vn 0.1625 0.5546 0.8161
vn 0.1383 0.7058 0.6948
vn -0.0000 0.3823 0.9240
vn -0.0000 0.7058 0.7084
vn 0.1089 0.8302 0.5468
vn -0.0000 0.8302 0.5575
vn -0.0000 0.9228 0.3852
vn -0.0000 0.9801 0.1984
vn 0.1915 0.1921 0.9625
vn -0.0000 0.0927 0.9957
vn -0.0389 0.9801 0.1946
vn -0.1915 0.1921 0.9625
vn -0.0000 0.1921 0.9814
vn -0.1625 0.5546 0.8161
vn -0.0000 0.5546 0.8321
vn -0.1089 0.8302 0.5468
vn -0.0754 0.9228 0.3778
vn -0.2714 0.7058 0.6544
vn -0.1383 0.7058 0.6948
vn -0.2137 0.8301 0.5150
vn -0.0764 0.9801 0.1832
vn -0.3811 0.0926 0.9199
vn -0.1943 0.0927 0.9766
vn -0.1804 0.3823 0.9063
vn -0.3756 0.1921 0.9066
vn -0.3538 0.3822 0.8537
vn -0.1109 0.9801 0.1648
vn -0.5532 0.0925 0.8279
vn -0.5136 0.3821 0.7682
vn -0.3187 0.5545 0.7687
vn -0.4627 0.5544 0.6918
vn -0.3103 0.8301 0.4634
vn -0.1478 0.9228 0.3558
vn -0.2146 0.9228 0.3201
vn -0.5015 0.7056 0.5007
vn -0.3940 0.7057 0.5889
vn -0.3949 0.8300 0.3939
vn -0.2731 0.9227 0.2721
vn -0.1411 0.9801 0.1400
vn -0.5453 0.1919 0.8160
vn -0.7041 0.0923 0.7040
vn -0.6941 0.1918 0.6939
vn -0.5889 0.5543 0.5882
vn -0.1659 0.9800 0.1097
vn -0.8162 0.1916 0.5451
vn -0.6537 0.3820 0.6533
vn -0.7687 0.3818 0.5132
vn -0.6924 0.5542 0.4620
vn -0.5897 0.7055 0.3932
vn -0.3212 0.9226 0.2135
vn -0.4644 0.8299 0.3093
vn -0.6552 0.7053 0.2706
vn -0.3569 0.9226 0.1467
vn -0.1844 0.9800 0.0752
vn -0.9200 0.0920 0.3810
vn -0.8280 0.0922 0.5531
vn -0.8541 0.3816 0.3534
vn -0.9069 0.1914 0.3754
vn -0.9767 0.0918 0.1942
vn -0.9067 0.3814 0.1799
vn -0.7694 0.5540 0.3180
vn -0.8168 0.5538 0.1618
vn -0.5160 0.8298 0.2127
vn -0.6956 0.7052 0.1375
vn -0.3789 0.9225 0.0743
vn -0.1957 0.9799 0.0378
vn -0.5477 0.8296 0.1080
vn -0.7092 0.7050 -0.0008
vn -0.5585 0.8295 -0.0010
vn -0.3863 0.9224 -0.0011
vn -0.1995 0.9799 -0.0011
vn -0.9627 0.1912 0.1913
vn -0.9958 0.0915 -0.0001
vn -0.9245 0.3812 -0.0004
vn -0.9627 0.1907 -0.1917
vn -0.9816 0.1910 -0.0002
vn -0.8168 0.5534 -0.1631
vn -0.8328 0.5536 -0.0006
vn -0.5477 0.8294 -0.1099
vn -0.3789 0.9223 -0.0764
vn -0.1957 0.9798 -0.0401
vn -0.5160 0.8293 -0.2147
vn -0.1844 0.9798 -0.0775
vn -0.9200 0.0911 -0.3812
vn -0.9767 0.0913 -0.1944
vn -0.9067 0.3810 -0.1808
vn -0.9069 0.1905 -0.3759
vn -0.8541 0.3808 -0.3542
vn -0.6552 0.7047 -0.2722
vn -0.6956 0.7048 -0.1392
vn -0.7694 0.5532 -0.3193
vn -0.7687 0.3806 -0.5141
vn -0.6924 0.5531 -0.4633
vn -0.4644 0.8292 -0.3112
vn -0.3569 0.9222 -0.1489
vn -0.3212 0.9221 -0.2157
vn -0.1659 0.9798 -0.1120
vn -0.8280 0.0909 -0.5534
vn -0.2731 0.9221 -0.2742
vn -0.1411 0.9797 -0.1423
vn -0.8162 0.1903 -0.5456
vn -0.7041 0.0907 -0.7042
vn -0.6941 0.1902 -0.6943
vn -0.5889 0.5529 -0.5895
vn -0.5015 0.7044 -0.5023
vn -0.5897 0.7045 -0.3948
vn -0.3949 0.8291 -0.3959
vn -0.5136 0.3803 -0.7691
vn -0.6537 0.3804 -0.6542
vn -0.4627 0.5528 -0.6931
vn -0.3940 0.7043 -0.5905
vn -0.2146 0.9220 -0.3223
vn -0.1109 0.9797 -0.1671
vn -0.5453 0.1900 -0.8164
vn -0.0764 0.9797 -0.1855
vn -0.3811 0.0904 -0.9201
vn -0.5532 0.0905 -0.8281
vn -0.3538 0.3802 -0.8546
vn -0.2714 0.7042 -0.6561
vn -0.3103 0.8290 -0.4653
vn -0.1478 0.9220 -0.3580
vn -0.1625 0.5527 -0.8174
vn -0.3187 0.5527 -0.7700
vn -0.2137 0.8289 -0.5169
vn -0.1383 0.7042 -0.6964
vn -0.0754 0.9219 -0.3799
vn -0.0389 0.9797 -0.1969
vn -0.3756 0.1899 -0.9071
vn -0.1943 0.0904 -0.9768
vn -0.1804 0.3801 -0.9072
vn -0.1915 0.1898 -0.9630
vn -0.1089 0.8289 -0.5487
vn 0.0042 0.9997 -0.0223
vn 0.0083 0.9997 -0.0211
vn 0.0120 0.9997 -0.0191
vn 0.0153 0.9997 -0.0164
vn 0.0179 0.9998 -0.0132
vn 0.0199 0.9998 -0.0094
vn 0.0212 0.9998 -0.0054
vn 0.0216 0.9998 -0.0012
vn 0.0212 0.9998 0.0030
vn 0.0199 0.9998 0.0071
vn 0.0179 0.9998 0.0108
vn 0.0153 0.9998 0.0141
vn 0.0120 0.9998 0.0168
vn 0.0083 0.9998 0.0188
vn 0.0042 0.9998 0.0200
vn -0.0000 0.9998 0.0204
vn -0.0042 0.9998 0.0200
vn -0.0083 0.9998 0.0188
vn -0.0120 0.9998 0.0168
vn -0.0153 0.9998 0.0141
vn -0.0180 0.9998 0.0108
vn -0.0199 0.9998 0.0071
vn -0.0212 0.9998 0.0030
vn -0.0216 0.9998 -0.0012
vn -0.0212 0.9998 -0.0054
vn -0.0199 0.9998 -0.0094
vn -0.0179 0.9998 -0.0132
vn -0.0153 0.9997 -0.0164
vn -0.0120 0.9997 -0.0191
vn -0.0083 0.9997 -0.0211
vn -0.0042 0.9997 -0.0223
vn -0.0000 0.9997 -0.0227
vn -0.0000 0.1951 0.9808
vn -0.1804 0.3816 0.9065
vn -0.1914 0.1951 0.9619
vn -0.0000 0.0012 1.0000
vn -0.1951 0.0012 0.9808
vn -0.0000 0.9798 0.1998
vn -0.0392 0.9798 0.1960
vn -0.0000 0.9222 0.3868
vn -0.0757 0.9222 0.3794
vn -0.1092 0.8293 0.5480
vn -0.0000 0.8293 0.5588
vn -0.1385 0.7049 0.6957
vn -0.0000 0.7049 0.7093
vn -0.1626 0.5537 0.8167
vn -0.0000 0.5537 0.8327
vn -0.0000 0.3816 0.9243
vn -0.3189 0.5537 0.7693
vn -0.3539 0.3815 0.8539
vn -0.3754 0.1950 0.9061
vn -0.3827 0.0011 0.9239
vn -0.0769 0.9798 0.1845
vn -0.1484 0.9221 0.3573
vn -0.2142 0.8293 0.5162
vn -0.2718 0.7048 0.6553
vn -0.2155 0.9221 0.3214
vn -0.3110 0.8292 0.4645
vn -0.3945 0.7048 0.5896
vn -0.4630 0.5536 0.6922
vn -0.5138 0.3814 0.7685
vn -0.5450 0.1949 0.8155
vn -0.5556 0.0010 0.8315
vn -0.1116 0.9798 0.1659
vn -0.6937 0.1947 0.6935
vn -0.7071 0.0008 0.7071
vn -0.1421 0.9798 0.1410
vn -0.2743 0.9220 0.2732
vn -0.3958 0.8291 0.3948
vn -0.5021 0.7046 0.5013
vn -0.5893 0.5535 0.5886
vn -0.6539 0.3813 0.6535
vn -0.4654 0.8290 0.3100
vn -0.5905 0.7045 0.3937
vn -0.6929 0.5533 0.4623
vn -0.7689 0.3811 0.5133
vn -0.8157 0.1946 0.5448
vn -0.8315 0.0007 0.5556
vn -0.1671 0.9797 0.1105
vn -0.3225 0.9220 0.2144
vn -0.9063 0.1944 0.3752
vn -0.9239 0.0004 0.3827
vn -0.1857 0.9797 0.0758
vn -0.3584 0.9219 0.1474
vn -0.5172 0.8289 0.2132
vn -0.6561 0.7044 0.2709
vn -0.7699 0.5531 0.3183
vn -0.8544 0.3810 0.3534
vn -0.6965 0.7042 0.1377
vn -0.8173 0.5530 0.1619
vn -0.9070 0.3808 0.1800
vn -0.9622 0.1942 0.1912
vn -0.9808 0.0002 0.1951
vn -0.1971 0.9796 0.0381
vn -0.3804 0.9218 0.0746
vn -0.5490 0.8288 0.1082
vn -1.0000 -0.0000 -0.0000
vn -0.2010 0.9796 -0.0012
vn -0.3879 0.9217 -0.0011
vn -0.5598 0.8286 -0.0010
vn -0.8333 -0.5528 0.0007
vn -0.7101 0.7041 -0.0008
vn -0.8333 0.5528 -0.0006
vn -0.9248 0.3805 -0.0004
vn -0.9810 0.1939 -0.0002
vn -0.8173 0.5526 -0.1632
vn -0.9070 0.3803 -0.1809
vn -0.9622 0.1937 -0.1916
vn -0.9808 -0.0002 -0.1951
vn -0.1971 0.9796 -0.0404
vn -0.3804 0.9216 -0.0768
vn -0.5490 0.8285 -0.1102
vn -0.6965 0.7039 -0.1394
vn -0.1857 0.9795 -0.0781
vn -0.9239 -0.0004 -0.3827
vn -0.3584 0.9215 -0.1495
vn -0.5172 0.8284 -0.2152
vn -0.6561 0.7037 -0.2726
vn -0.7699 0.5524 -0.3196
vn -0.8544 0.3801 -0.3543
vn -0.9063 0.1935 -0.3756
vn -0.6929 0.5522 -0.4636
vn -0.7689 0.3799 -0.5142
vn -0.8157 0.1933 -0.5452
vn -0.8315 -0.0007 -0.5556
vn -0.1671 0.9795 -0.1128
vn -0.3225 0.9215 -0.2166
vn -0.4654 0.8283 -0.3120
vn -0.5905 0.7036 -0.3954
vn -0.1421 0.9794 -0.1433
vn -0.2743 0.9214 -0.2754
vn -0.3958 0.8282 -0.3968
vn -0.5021 0.7035 -0.5030
vn -0.5893 0.5521 -0.5899
vn -0.6539 0.3798 -0.6544
vn -0.6937 0.1931 -0.6939
vn -0.7071 -0.0008 -0.7071
vn -0.5138 0.3796 -0.7694
vn -0.5450 0.1930 -0.8159
vn -0.5556 -0.0010 -0.8315
vn -0.1117 0.9794 -0.1682
vn -0.2155 0.9213 -0.3236
vn -0.3110 0.8281 -0.4664
vn -0.3945 0.7034 -0.5913
vn -0.4630 0.5519 -0.6935
vn -0.1484 0.9213 -0.3594
vn -0.2142 0.8280 -0.5181
vn -0.2718 0.7033 -0.6569
vn -0.3189 0.5519 -0.7706
vn -0.2142 -0.8292 -0.5162
vn -0.3539 0.3795 -0.8548
vn -0.3754 0.1929 -0.9066
vn -0.3827 -0.0011 -0.9239
vn -0.0769 0.9794 -0.1868
vn -0.1626 0.5518 -0.8180
vn -0.1804 0.3795 -0.9074
vn -0.1914 0.1928 -0.9624
vn -0.1951 -0.0012 -0.9808
vn -0.0392 0.9794 -0.1983
vn -0.0757 0.9213 -0.3815
vn -0.1804 -0.3816 -0.9065
vn -0.1092 0.8280 -0.5500
vn -0.1385 0.7032 -0.6973
vn -0.0000 0.9213 -0.3890
vn -0.0000 0.8280 -0.5607
vn -0.0000 0.7032 -0.7110
vn -0.0000 0.5518 -0.8340
vn -0.0000 0.3795 -0.9252
vn -0.0000 0.1928 -0.9812
vn -0.0000 -0.0012 -1.0000
vn -0.0000 0.9794 -0.2021
vn 0.1804 0.3795 -0.9074
vn 0.1914 0.1928 -0.9624
vn 0.1951 -0.0011 -0.9808
vn 0.0392 0.9794 -0.1983
vn 0.0757 0.9213 -0.3815
vn 0.1092 0.8280 -0.5500
vn 0.1385 0.7032 -0.6973
vn 0.1626 0.5518 -0.8180
vn 0.2718 0.7033 -0.6569
vn 0.3189 0.5519 -0.7706
vn 0.2142 -0.8292 -0.5162
vn 0.3539 0.3795 -0.8548
vn 0.3754 0.1929 -0.9066
vn 0.3827 -0.0011 -0.9239
vn 0.0769 0.9794 -0.1868
vn 0.1484 0.9213 -0.3594
vn 0.2142 0.8280 -0.5181
vn 0.5556 -0.0010 -0.8315
vn 0.1117 0.9794 -0.1682
vn 0.2155 0.9213 -0.3236
vn 0.3110 0.8281 -0.4664
vn 0.3945 0.7034 -0.5913
vn 0.4630 0.5519 -0.6935
vn 0.5138 0.3796 -0.7694
vn 0.5450 0.1930 -0.8159
vn 0.5021 0.7035 -0.5030
vn 0.5893 0.5521 -0.5899
vn 0.6539 0.3798 -0.6544
vn 0.6937 0.1931 -0.6939
vn 0.7071 -0.0008 -0.7071
vn 0.1421 0.9794 -0.1433
vn 0.2743 0.9214 -0.2754
vn 0.3958 0.8282 -0.3968
vn 0.8157 0.1933 -0.5453
vn 0.8315 -0.0007 -0.5556
vn 0.1671 0.9795 -0.1128
vn 0.3225 0.9215 -0.2166
vn 0.4654 0.8283 -0.3120
vn 0.5905 0.7036 -0.3954
vn 0.6929 0.5522 -0.4636
vn 0.7689 0.3799 -0.5142
vn 0.7699 0.5524 -0.3196
vn 0.8544 0.3801 -0.3543
vn 0.9063 0.1935 -0.3756
vn 0.9239 -0.0005 -0.3827
vn 0.1857 0.9795 -0.0781
vn 0.3584 0.9215 -0.1495
vn 0.5172 0.8284 -0.2152
vn 0.6561 0.7037 -0.2726
vn 0.1971 0.9796 -0.0404
vn 0.3804 0.9216 -0.0768
vn 0.5490 0.8285 -0.1102
vn 0.6965 0.7039 -0.1394
vn 0.8173 0.5526 -0.1632
vn 0.9070 0.3803 -0.1809
vn 0.9622 0.1937 -0.1916
vn 0.9808 -0.0002 -0.1951
vn 0.7101 0.7041 -0.0008
vn 0.8333 0.5528 -0.0006
vn 0.9248 0.3805 -0.0004
vn 0.9810 0.1939 -0.0002
vn 1.0000 -0.0000 -0.0000
vn 0.2010 0.9796 -0.0012
vn 0.3879 0.9217 -0.0011
vn 0.5598 0.8286 -0.0010
vn 0.1971 0.9796 0.0381
vn 0.3804 0.9218 0.0746
vn 0.5490 0.8288 0.1082
vn 0.6965 0.7042 0.1377
vn 0.8173 0.5530 0.1619
vn 0.9070 0.3808 0.1800
vn 0.9622 0.1942 0.1912
vn 0.9808 0.0002 0.1951
vn 0.7699 0.5531 0.3183
vn 0.8544 0.3810 0.3534
vn 0.9063 0.1944 0.3752
vn 0.9239 0.0004 0.3827
vn 0.1857 0.9797 0.0758
vn 0.3584 0.9219 0.1474
vn 0.5172 0.8289 0.2132
vn 0.6561 0.7044 0.2709
vn 0.4654 0.8290 0.3100
vn 0.5905 0.7045 0.3937
vn 0.6929 0.5533 0.4623
vn 0.7689 0.3811 0.5133
vn 0.8157 0.1946 0.5448
vn 0.8315 0.0007 0.5556
vn 0.1671 0.9797 0.1105
vn 0.3225 0.9220 0.2144
vn 0.6539 0.3813 0.6535
vn 0.6937 0.1947 0.6935
vn 0.7071 0.0008 0.7071
vn 0.1421 0.9798 0.1410
vn 0.2743 0.9220 0.2732
vn 0.3958 0.8291 0.3948
vn 0.5021 0.7046 0.5013
vn 0.5893 0.5535 0.5886
vn 0.2155 0.9221 0.3214
vn 0.3110 0.8292 0.4645
vn 0.3945 0.7048 0.5896
vn 0.4630 0.5536 0.6922
vn 0.5138 0.3814 0.7685
vn 0.5450 0.1949 0.8155
vn 0.5556 0.0010 0.8315
vn 0.1116 0.9798 0.1659
vn 0.3539 0.3815 0.8539
vn 0.3754 0.1950 0.9061
vn 0.3827 0.0011 0.9239
vn 0.0769 0.9798 0.1845
vn 0.1484 0.9221 0.3573
vn 0.2142 0.8293 0.5162
vn 0.2718 0.7048 0.6553
vn 0.3189 0.5537 0.7693
vn 0.1385 0.7049 0.6957
vn 0.1626 0.5537 0.8167
vn 0.1804 0.3816 0.9065
vn 0.1914 0.1951 0.9619
vn 0.1951 0.0012 0.9808
vn 0.0392 0.9798 0.1960
vn 0.0757 0.9222 0.3794
vn 0.1092 0.8293 0.5480
vn -0.0000 -0.0016 -1.0000
vn -0.7071 -0.7071 0.0011
vn 0.9660 0.2585 -0.0004
vn 0.7071 -0.7071 0.0011
vn 0.2583 -0.9654 -0.0363
vn 0.2983 -0.9456 -0.1295
vn 0.6639 -0.6645 -0.3430
vn 0.9454 -0.2985 -0.1306
vn 0.9616 -0.2724 -0.0352
vn 0.7068 -0.7068 -0.0298
vn 0.7037 -0.7039 -0.0964
vn 0.6639 0.6634 -0.3451
vn 0.2983 0.9452 -0.1326
vn 0.2723 0.9615 -0.0372
vn 0.7068 0.7067 -0.0321
vn 0.9653 0.2582 -0.0383
vn 0.9454 0.2981 -0.1315
vn 0.7037 0.7036 -0.0987
vn -0.2723 -0.9616 -0.0341
vn -0.7068 -0.7068 -0.0298
vn -0.9653 -0.2583 -0.0375
vn -0.9454 -0.2985 -0.1306
vn -0.6639 -0.6645 -0.3430
vn -0.2983 -0.9456 -0.1295
vn -0.7037 -0.7039 -0.0964
vn -0.2583 0.9653 -0.0394
vn -0.2983 0.9452 -0.1326
vn -0.6639 0.6634 -0.3451
vn -0.9454 0.2981 -0.1315
vn -0.9616 0.2722 -0.0361
vn -0.7068 0.7067 -0.0321
vn -0.7037 0.7036 -0.0987
vn 0.9660 -0.2585 0.0004
vn -0.0000 -1.0000 0.0016
vn 0.2585 0.9660 -0.0016
vn 0.8879 -0.0007 -0.4601
vn 0.9905 -0.0002 -0.1373
vn 0.9993 -0.0001 -0.0371
vn -0.0000 1.0000 -0.0016
vn -0.2585 -0.9660 0.0016
vn 0.7071 0.7071 -0.0011
vn -0.9660 -0.2585 0.0004
vn -0.2585 0.9660 -0.0016
vn -0.9660 0.2585 -0.0004
vn -0.7071 0.7071 -0.0011
vn -0.8879 -0.0007 -0.4601
vn -0.9905 -0.0002 -0.1373
vn -0.9993 -0.0001 -0.0371
vn -0.0000 -0.9994 -0.0355
vn -0.0000 -0.9907 -0.1357
vn -0.0000 -0.8886 -0.4586
vn -0.0000 0.9993 -0.0387
vn -0.0000 0.9903 -0.1389
vn -0.0000 0.8871 -0.4615
vn -0.0000 0.0016 1.0000
vn 0.2583 -0.9653 0.0387
vn 0.2560 -0.9567 0.1388
vn 0.0332 -0.1226 0.9919
vn 0.7066 -0.7066 0.0383
vn 0.7004 -0.7002 0.1384
vn 0.0827 -0.0811 0.9933
vn 0.9654 -0.2582 0.0375
vn 0.9569 -0.2558 0.1377
vn 0.1317 -0.0336 0.9907
vn 0.2583 0.9654 0.0356
vn 0.2560 0.9571 0.1358
vn 0.0332 0.1258 0.9915
vn 0.9654 0.2583 0.0367
vn 0.9569 0.2562 0.1369
vn 0.1317 0.0367 0.9906
vn 0.7066 0.7067 0.0360
vn 0.7004 0.7006 0.1362
vn 0.0827 0.0843 0.9930
vn -0.2583 -0.9653 0.0387
vn -0.2560 -0.9567 0.1389
vn -0.0332 -0.1226 0.9919
vn -0.9654 -0.2582 0.0375
vn -0.9569 -0.2558 0.1377
vn -0.1317 -0.0336 0.9907
vn -0.7066 -0.7066 0.0383
vn -0.7004 -0.7002 0.1384
vn -0.0827 -0.0811 0.9933
vn -0.2583 0.9654 0.0356
vn -0.2560 0.9571 0.1358
vn -0.0332 0.1258 0.9915
vn -0.7066 0.7067 0.0360
vn -0.7004 0.7006 0.1362
vn -0.0827 0.0843 0.9930
vn -0.9654 0.2583 0.0367
vn -0.9569 0.2562 0.1369
vn -0.1317 0.0368 0.9906
vn 0.9993 0.0001 0.0371
vn 0.9905 0.0002 0.1373
vn 0.1641 0.0016 0.9864
vn -0.0000 -0.9992 0.0387
vn -0.0000 -0.9903 0.1389
vn -0.0000 -0.1473 0.9891
vn -0.0000 0.9994 0.0355
vn -0.0000 0.9907 0.1357
vn -0.0000 0.1504 0.9886
vn -0.9993 0.0001 0.0371
vn -0.9905 0.0002 0.1373
vn -0.1640 0.0016 0.9865
vn 0.2585 -0.9660 0.0016
vn -0.7037 -0.0988 -0.7036
vn 0.9194 -0.0976 0.3810
vn 0.2723 -0.9616 -0.0341
vn 0.6684 -0.6689 -0.3253
vn 0.9653 -0.2583 -0.0375
vn 0.6684 0.6679 -0.3274
vn 0.2583 0.9653 -0.0394
vn 0.9616 0.2722 -0.0361
vn -0.2583 -0.9654 -0.0363
vn -0.9616 -0.2724 -0.0352
vn -0.6684 -0.6689 -0.3253
vn -0.2723 0.9615 -0.0372
vn -0.6684 0.6679 -0.3274
vn -0.9653 0.2582 -0.0383
vn 0.2584 0.9660 -0.0016
vn 0.0003 0.0016 1.0000
vn -0.0000 0.0015 1.0000
vn -0.0002 0.0016 1.0000
vn -0.0000 0.0017 1.0000
vn 0.2560 -0.9567 0.1389
vn 0.1316 -0.0337 0.9907
vn 0.1317 0.0368 0.9906
vn 0.1640 0.0016 0.9865
vn 0.2584 -0.9660 0.0016
vt 0.072285 0.742124
vt 0.083467 0.741114
vt 0.083059 0.743230
vt 0.095015 0.744378
vt 0.001263 0.732834
vt 0.018944 0.721829
vt 0.015999 0.734962
vt 0.031291 0.725724
vt 0.028884 0.736781
vt 0.042473 0.729182
vt 0.040542 0.738355
vt 0.051393 0.739711
vt 0.052969 0.732315
vt 0.061878 0.740967
vt 0.063018 0.735277
vt 0.073058 0.738170
vt 0.074493 0.734410
vt 0.084238 0.739104
vt 0.004841 0.717325
vt 0.023984 0.709425
vt 0.035467 0.715260
vt 0.045891 0.720475
vt 0.055668 0.725295
vt 0.065086 0.729867
vt 0.041272 0.705667
vt 0.050667 0.712469
vt 0.059502 0.718825
vt 0.068050 0.724901
vt 0.076545 0.730948
vt 0.085350 0.737258
vt 0.010891 0.702710
vt 0.030944 0.698079
vt 0.079160 0.727879
vt 0.086770 0.735632
vt 0.019197 0.689378
vt 0.039599 0.688072
vt 0.048530 0.697191
vt 0.056663 0.705346
vt 0.064347 0.713075
vt 0.071773 0.720473
vt 0.057009 0.689994
vt 0.063781 0.699367
vt 0.070080 0.708204
vt 0.076202 0.716739
vt 0.082267 0.725289
vt 0.088458 0.734274
vt 0.029476 0.677659
vt 0.049692 0.679626
vt 0.085784 0.723248
vt 0.090360 0.733218
vt 0.041415 0.667810
vt 0.060946 0.672920
vt 0.066519 0.684232
vt 0.071729 0.694625
vt 0.076533 0.704319
vt 0.081199 0.713759
vt 0.083537 0.701497
vt 0.086639 0.711620
vt 0.089618 0.721819
vt 0.092440 0.732518
vt 0.054670 0.660038
vt 0.073046 0.668098
vt 0.076809 0.680038
vt 0.080285 0.691110
vt 0.094629 0.732191
vt 0.068850 0.654476
vt 0.085676 0.665123
vt 0.087605 0.677625
vt 0.089322 0.688999
vt 0.090938 0.699805
vt 0.092404 0.710384
vt 0.093677 0.721047
vt 0.098359 0.710089
vt 0.097860 0.720966
vt 0.096866 0.732255
vt 0.083618 0.651153
vt 0.098563 0.664156
vt 0.098596 0.676706
vt 0.098607 0.688275
vt 0.098582 0.699277
vt 0.098586 0.650136
vt 0.111375 0.665041
vt 0.109644 0.677419
vt 0.107983 0.688946
vt 0.106280 0.699979
vt 0.104374 0.710762
vt 0.102077 0.721604
vt 0.099082 0.732710
vt 0.110321 0.712405
vt 0.106191 0.722956
vt 0.101216 0.733579
vt 0.113352 0.651288
vt 0.123879 0.667667
vt 0.120540 0.679672
vt 0.117252 0.690982
vt 0.113914 0.701807
vt 0.135952 0.671840
vt 0.131054 0.683485
vt 0.126273 0.694344
vt 0.121346 0.704799
vt 0.116087 0.715028
vt 0.110110 0.725033
vt 0.103195 0.734840
vt 0.127627 0.654398
vt 0.121516 0.718620
vt 0.113741 0.727850
vt 0.104944 0.736465
vt 0.154054 0.665585
vt 0.147436 0.677464
vt 0.141185 0.688518
vt 0.134976 0.698963
vt 0.128509 0.708983
vt 0.158317 0.684279
vt 0.150876 0.694810
vt 0.143289 0.704805
vt 0.135240 0.714271
vt 0.126552 0.723217
vt 0.116931 0.731345
vt 0.106398 0.738442
vt 0.119560 0.735518
vt 0.107482 0.740715
vt 0.165978 0.673101
vt 0.168695 0.692097
vt 0.160189 0.702272
vt 0.151230 0.711902
vt 0.141553 0.720846
vt 0.130979 0.728781
vt 0.158809 0.720331
vt 0.147266 0.728662
vt 0.134718 0.735433
vt 0.121502 0.740390
vt 0.108113 0.743218
vt 0.177119 0.681446
vt 0.178805 0.700766
vt 0.169273 0.710905
vt 0.120953 0.752743
vt 0.106852 0.750227
vt 0.107899 0.747815
vt 0.187715 0.819310
vt 0.165199 0.813275
vt 0.178901 0.804765
vt 0.169152 0.791171
vt 0.157207 0.799799
vt 0.158325 0.778928
vt 0.148617 0.787385
vt 0.146518 0.768339
vt 0.139266 0.776119
vt 0.129162 0.766077
vt 0.133968 0.759574
vt 0.118291 0.757404
vt 0.131522 0.782186
vt 0.123609 0.771274
vt 0.114914 0.761280
vt 0.105371 0.752336
vt 0.172998 0.827825
vt 0.151499 0.820280
vt 0.145228 0.806656
vt 0.138640 0.793993
vt 0.103564 0.754079
vt 0.157827 0.835132
vt 0.137557 0.825627
vt 0.133071 0.811813
vt 0.128390 0.798925
vt 0.123294 0.786789
vt 0.117568 0.775289
vt 0.111044 0.764363
vt 0.114840 0.789926
vt 0.111207 0.778112
vt 0.106825 0.766617
vt 0.101503 0.755417
vt 0.142152 0.840831
vt 0.123373 0.829166
vt 0.120751 0.815278
vt 0.117968 0.802229
vt 0.099272 0.756329
vt 0.126059 0.844662
vt 0.109080 0.830850
vt 0.108334 0.816859
vt 0.107507 0.803909
vt 0.106337 0.791634
vt 0.104658 0.779761
vt 0.102401 0.768042
vt 0.097886 0.791977
vt 0.098130 0.780284
vt 0.097911 0.768650
vt 0.096954 0.756805
vt 0.109677 0.846457
vt 0.094785 0.830542
vt 0.096087 0.816631
vt 0.097162 0.803998
vt 0.093160 0.845995
vt 0.080787 0.828085
vt 0.084170 0.814750
vt 0.087111 0.802550
vt 0.089665 0.790999
vt 0.091763 0.779727
vt 0.093484 0.768472
vt 0.094626 0.756849
vt 0.081829 0.788754
vt 0.085703 0.778180
vt 0.089237 0.767550
vt 0.092361 0.756478
vt 0.076886 0.843081
vt 0.067431 0.823583
vt 0.072790 0.811060
vt 0.077544 0.799596
vt 0.062228 0.805671
vt 0.068679 0.795213
vt 0.074577 0.785326
vt 0.080070 0.775675
vt 0.085274 0.765937
vt 0.090227 0.755716
vt 0.061297 0.837735
vt 0.055019 0.817102
vt 0.081696 0.763696
vt 0.088285 0.754599
vt 0.046779 0.830056
vt 0.043856 0.808786
vt 0.052739 0.798721
vt 0.060719 0.789518
vt 0.068066 0.780815
vt 0.075000 0.772307
vt 0.053854 0.782666
vt 0.062441 0.775352
vt 0.070613 0.768183
vt 0.078591 0.760905
vt 0.086589 0.753169
vt 0.022410 0.808438
vt 0.034223 0.798838
vt 0.044554 0.790392
vt 0.076036 0.757653
vt 0.085184 0.751475
vt 0.026371 0.787515
vt 0.037879 0.780903
vt 0.048254 0.774845
vt 0.057831 0.769088
vt 0.067012 0.763424
vt 0.044036 0.766269
vt 0.054422 0.762176
vt 0.064324 0.758160
vt 0.074091 0.754035
vt 0.084107 0.749573
vt 0.013205 0.795034
vt 0.020501 0.775117
vt 0.032876 0.770506
vt 0.083386 0.747523
vt 0.006338 0.780354
vt 0.016767 0.761979
vt 0.029669 0.759479
vt 0.041314 0.757144
vt 0.052150 0.754861
vt 0.062532 0.752569
vt 0.072802 0.750169
vt 0.040143 0.747755
vt 0.051138 0.747303
vt 0.061712 0.746784
vt 0.072195 0.746159
vt 0.083038 0.745387
vt 0.001998 0.764799
vt 0.015258 0.748469
vt 0.028331 0.748133
vt 0.000296 0.748808
vt 0.631510 0.850590
vt 0.623721 0.848971
vt 0.631394 0.849079
vt 0.639849 0.849181
vt 0.584242 0.857885
vt 0.571062 0.848140
vt 0.583718 0.848356
vt 0.592772 0.848497
vt 0.601583 0.855224
vt 0.601177 0.848629
vt 0.608871 0.848750
vt 0.616601 0.852939
vt 0.616331 0.848863
vt 0.623922 0.851804
vt 0.617556 0.856923
vt 0.631889 0.852058
vt 0.584688 0.867043
vt 0.572074 0.859784
vt 0.595152 0.864290
vt 0.593385 0.856498
vt 0.603090 0.861672
vt 0.610458 0.859276
vt 0.609253 0.854074
vt 0.605645 0.867790
vt 0.619172 0.860705
vt 0.624601 0.854567
vt 0.625744 0.857183
vt 0.632519 0.853442
vt 0.579243 0.881487
vt 0.574967 0.870922
vt 0.590133 0.875829
vt 0.627325 0.859578
vt 0.633379 0.854703
vt 0.585279 0.891307
vt 0.598297 0.871638
vt 0.595205 0.883863
vt 0.609173 0.873429
vt 0.615408 0.868744
vt 0.612561 0.864197
vt 0.621406 0.864186
vt 0.607805 0.884370
vt 0.602593 0.878345
vt 0.613608 0.878411
vt 0.619021 0.872739
vt 0.629299 0.861682
vt 0.634459 0.855796
vt 0.601403 0.891024
vt 0.635723 0.856688
vt 0.601720 0.906885
vt 0.593085 0.899686
vt 0.613966 0.889472
vt 0.623234 0.876155
vt 0.624207 0.867250
vt 0.631620 0.863433
vt 0.624608 0.885999
vt 0.618790 0.882629
vt 0.627495 0.869827
vt 0.627997 0.878822
vt 0.634239 0.864779
vt 0.637131 0.857355
vt 0.608730 0.897008
vt 0.611406 0.912725
vt 0.620889 0.893565
vt 0.638652 0.857767
vt 0.616876 0.901807
vt 0.621950 0.917065
vt 0.628414 0.896587
vt 0.633175 0.880762
vt 0.631191 0.871842
vt 0.635221 0.873237
vt 0.637075 0.865675
vt 0.639470 0.873985
vt 0.640066 0.866083
vt 0.640244 0.857897
vt 0.634895 0.907555
vt 0.625682 0.905268
vt 0.637596 0.889904
vt 0.630919 0.888411
vt 0.644416 0.908342
vt 0.633019 0.919416
vt 0.636357 0.898351
vt 0.644521 0.898938
vt 0.644321 0.882081
vt 0.638648 0.881834
vt 0.643884 0.874026
vt 0.641856 0.857739
vt 0.648350 0.873333
vt 0.643131 0.865976
vt 0.646197 0.865333
vt 0.643440 0.857286
vt 0.655393 0.919970
vt 0.644144 0.920470
vt 0.652793 0.898430
vt 0.644487 0.890283
vt 0.651508 0.889710
vt 0.663483 0.905894
vt 0.653988 0.907756
vt 0.658511 0.888091
vt 0.655809 0.879867
vt 0.650065 0.881406
vt 0.652791 0.871883
vt 0.649195 0.864131
vt 0.644941 0.856544
vt 0.666573 0.917964
vt 0.652014 0.862382
vt 0.646309 0.855511
vt 0.672779 0.902877
vt 0.669102 0.893860
vt 0.660984 0.896651
vt 0.665430 0.885388
vt 0.661414 0.877363
vt 0.677035 0.889978
vt 0.666865 0.873924
vt 0.657035 0.869678
vt 0.654565 0.860084
vt 0.647488 0.854211
vt 0.687288 0.909681
vt 0.677258 0.914311
vt 0.656764 0.857222
vt 0.661033 0.866684
vt 0.648414 0.852675
vt 0.681798 0.898762
vt 0.696943 0.904383
vt 0.684825 0.885024
vt 0.672144 0.881690
vt 0.678725 0.876886
vt 0.671975 0.869490
vt 0.692612 0.878976
vt 0.676812 0.863902
vt 0.664651 0.862888
vt 0.667778 0.858200
vt 0.658441 0.853869
vt 0.649035 0.850943
vt 0.690549 0.893651
vt 0.706294 0.898460
vt 0.648457 0.845893
vt 0.658452 0.844922
vt 0.649036 0.847629
vt 0.690911 0.806355
vt 0.706294 0.802052
vt 0.699257 0.812273
vt 0.692636 0.820748
vt 0.679000 0.822559
vt 0.685103 0.828457
vt 0.676858 0.835337
vt 0.664800 0.836103
vt 0.667805 0.840811
vt 0.656856 0.841556
vt 0.667222 0.825233
vt 0.672183 0.829722
vt 0.661296 0.832265
vt 0.647570 0.844344
vt 0.688149 0.790658
vt 0.697348 0.796127
vt 0.685115 0.814687
vt 0.682459 0.801203
vt 0.677601 0.809721
vt 0.646426 0.843023
vt 0.678420 0.785880
vt 0.669963 0.805672
vt 0.672582 0.817687
vt 0.666052 0.813910
vt 0.657405 0.829210
vt 0.654737 0.838666
vt 0.652257 0.836326
vt 0.656445 0.819101
vt 0.661915 0.821714
vt 0.653256 0.826924
vt 0.649500 0.834522
vt 0.645089 0.841963
vt 0.673735 0.796938
vt 0.668103 0.782076
vt 0.664734 0.793700
vt 0.659335 0.811059
vt 0.643614 0.841189
vt 0.655501 0.791511
vt 0.662027 0.802707
vt 0.654025 0.800734
vt 0.652478 0.809254
vt 0.650810 0.817422
vt 0.646553 0.833255
vt 0.648894 0.825372
vt 0.645144 0.816590
vt 0.643524 0.832538
vt 0.642048 0.840699
vt 0.646432 0.778721
vt 0.657330 0.779829
vt 0.645902 0.799901
vt 0.646092 0.790669
vt 0.635316 0.779085
vt 0.637800 0.800226
vt 0.645557 0.808446
vt 0.638714 0.808661
vt 0.644485 0.824565
vt 0.639512 0.816673
vt 0.640482 0.832352
vt 0.640446 0.840501
vt 0.640104 0.824484
vt 0.634047 0.817573
vt 0.635862 0.825107
vt 0.637497 0.832677
vt 0.638856 0.840590
vt 0.636678 0.791124
vt 0.624150 0.781078
vt 0.629850 0.801714
vt 0.618559 0.796109
vt 0.627448 0.793005
vt 0.625683 0.812081
vt 0.632047 0.809907
vt 0.631817 0.826379
vt 0.634653 0.833491
vt 0.637330 0.840962
vt 0.628082 0.828278
vt 0.635908 0.841590
vt 0.603748 0.790597
vt 0.613508 0.785092
vt 0.622286 0.804471
vt 0.610242 0.800555
vt 0.615297 0.808310
vt 0.624029 0.821856
vt 0.628844 0.819343
vt 0.619799 0.815288
vt 0.608932 0.813121
vt 0.614539 0.819340
vt 0.624733 0.830749
vt 0.632011 0.834759
vt 0.629645 0.836440
vt 0.634629 0.842452
vt 0.594716 0.797308
vt 0.627619 0.838482
vt 0.633522 0.843513
vt 0.602818 0.806384
vt 0.586684 0.805532
vt 0.596354 0.813277
vt 0.609956 0.824133
vt 0.616016 0.828998
vt 0.619737 0.825132
vt 0.621853 0.833719
vt 0.599054 0.825557
vt 0.603543 0.819000
vt 0.606258 0.829638
vt 0.613037 0.833441
vt 0.625976 0.840826
vt 0.632629 0.844749
vt 0.590989 0.821073
vt 0.631969 0.846116
vt 0.575619 0.825450
vt 0.580477 0.815183
vt 0.595720 0.832796
vt 0.610785 0.838285
vt 0.619522 0.837123
vt 0.624760 0.843405
vt 0.601792 0.842050
vt 0.603514 0.835662
vt 0.617797 0.840849
vt 0.609419 0.843441
vt 0.624003 0.846146
vt 0.631552 0.847573
vt 0.587075 0.829710
vt 0.572424 0.836510
vt 0.593611 0.840507
vt 0.584594 0.838878
vt 0.616723 0.844798
vt 0.476858 0.839903
vt 0.455370 0.836958
vt 0.471966 0.828090
vt 0.464864 0.817458
vt 0.450315 0.829391
vt 0.455825 0.808415
vt 0.443881 0.822955
vt 0.445195 0.801310
vt 0.436316 0.817897
vt 0.433384 0.796413
vt 0.427909 0.814412
vt 0.420845 0.793915
vt 0.418984 0.812634
vt 0.408059 0.793910
vt 0.409884 0.812631
vt 0.395518 0.796399
vt 0.400957 0.814402
vt 0.383703 0.801287
vt 0.392548 0.817881
vt 0.373068 0.808385
vt 0.384979 0.822933
vt 0.364022 0.817421
vt 0.378540 0.829365
vt 0.356912 0.828048
vt 0.373480 0.836928
vt 0.352012 0.839857
vt 0.369992 0.845333
vt 0.349509 0.852396
vt 0.368210 0.854258
vt 0.349499 0.865182
vt 0.368204 0.863358
vt 0.352012 0.877815
vt 0.368211 0.863426
vt 0.369992 0.872351
vt 0.356912 0.889625
vt 0.373480 0.880756
vt 0.378540 0.888320
vt 0.364022 0.900252
vt 0.384979 0.894751
vt 0.373068 0.909288
vt 0.392548 0.899803
vt 0.383702 0.916386
vt 0.400957 0.903282
vt 0.395517 0.921273
vt 0.409883 0.905054
vt 0.408059 0.923762
vt 0.418984 0.905050
vt 0.420844 0.923758
vt 0.427909 0.903272
vt 0.433384 0.921259
vt 0.436316 0.899787
vt 0.445195 0.916363
vt 0.443881 0.894729
vt 0.455824 0.909257
vt 0.450315 0.888293
vt 0.464864 0.900215
vt 0.455370 0.880726
vt 0.471966 0.889583
vt 0.458851 0.872318
vt 0.476858 0.877770
vt 0.460627 0.863393
vt 0.479352 0.865229
vt 0.460627 0.854292
vt 0.479352 0.852443
vt 0.458852 0.845366
vt 0.781769 0.674406
vt 0.767592 0.667897
vt 0.778951 0.663574
vt 0.852242 0.695591
vt 0.861767 0.704115
vt 0.859628 0.705261
vt 0.792041 0.672631
vt 0.790930 0.661441
vt 0.731856 0.714503
vt 0.726920 0.725607
vt 0.729665 0.713612
vt 0.865658 0.715994
vt 0.803161 0.661204
vt 0.802535 0.672390
vt 0.737870 0.704382
vt 0.733959 0.702094
vt 0.815418 0.663145
vt 0.813112 0.673656
vt 0.740033 0.691428
vt 0.745097 0.695562
vt 0.827341 0.667333
vt 0.823630 0.676534
vt 0.747835 0.681983
vt 0.753285 0.688115
vt 0.838478 0.673775
vt 0.833847 0.681152
vt 0.757121 0.674070
vt 0.762254 0.682107
vt 0.848120 0.682420
vt 0.843541 0.687451
vt 0.771814 0.677566
vt 0.856022 0.692690
vt 0.750246 0.665450
vt 0.761849 0.656977
vt 0.860597 0.690350
vt 0.775136 0.651001
vt 0.864177 0.703377
vt 0.789501 0.647960
vt 0.727277 0.713142
vt 0.804251 0.647869
vt 0.729373 0.700442
vt 0.818890 0.650871
vt 0.733790 0.687831
vt 0.832677 0.657030
vt 0.740783 0.675934
vt 0.844742 0.666159
vt 0.854134 0.677647
vt 0.234386 0.654299
vt 0.227420 0.671318
vt 0.221405 0.660679
vt 0.314896 0.679393
vt 0.316964 0.694803
vt 0.308828 0.684355
vt 0.210227 0.669399
vt 0.217230 0.677693
vt 0.305041 0.667887
vt 0.298789 0.675762
vt 0.201246 0.679942
vt 0.208293 0.685693
vt 0.287420 0.669393
vt 0.292646 0.658849
vt 0.200849 0.695083
vt 0.194706 0.691700
vt 0.275281 0.665362
vt 0.278549 0.652855
vt 0.190621 0.704005
vt 0.195054 0.705551
vt 0.262847 0.663645
vt 0.263619 0.650136
vt 0.188642 0.716373
vt 0.190982 0.716826
vt 0.250510 0.664149
vt 0.248661 0.650680
vt 0.325246 0.705690
vt 0.326709 0.718491
vt 0.322796 0.706436
vt 0.188308 0.728557
vt 0.238604 0.666753
vt 0.321630 0.692397
vt 0.198936 0.707770
vt 0.262470 0.674964
vt 0.193121 0.717687
vt 0.251936 0.675444
vt 0.320621 0.707597
vt 0.241682 0.677391
vt 0.313129 0.697781
vt 0.231823 0.680752
vt 0.304181 0.689587
vt 0.222475 0.685496
vt 0.294279 0.683239
vt 0.213772 0.691603
vt 0.283832 0.678751
vt 0.205871 0.699047
vt 0.273155 0.676033
vt 0.300683 0.694895
vt 0.235105 0.689268
vt 0.226435 0.692841
vt 0.291053 0.690295
vt 0.218015 0.697512
vt 0.281375 0.687183
vt 0.209906 0.703356
vt 0.271785 0.685386
vt 0.202199 0.710459
vt 0.262344 0.684763
vt 0.195008 0.718896
vt 0.253072 0.685234
vt 0.318777 0.709089
vt 0.243990 0.686740
vt 0.310029 0.701155
vt 0.262404 0.693483
vt 0.196605 0.720387
vt 0.254015 0.693968
vt 0.317274 0.710838
vt 0.245762 0.695169
vt 0.307681 0.704727
vt 0.237585 0.697099
vt 0.298139 0.700172
vt 0.229437 0.699801
vt 0.288805 0.696973
vt 0.221279 0.703352
vt 0.279744 0.694906
vt 0.213088 0.707866
vt 0.270947 0.693801
vt 0.204857 0.713489
vt 0.231699 0.706458
vt 0.287330 0.703333
vt 0.223750 0.709109
vt 0.278740 0.702087
vt 0.215528 0.712493
vt 0.270525 0.701483
vt 0.206939 0.716762
vt 0.262571 0.701517
vt 0.197890 0.722099
vt 0.254823 0.701981
vt 0.316129 0.712770
vt 0.247148 0.702951
vt 0.305984 0.708437
vt 0.239469 0.704431
vt 0.296387 0.705377
vt 0.208471 0.720205
vt 0.198848 0.723976
vt 0.255544 0.709479
vt 0.315348 0.714826
vt 0.248245 0.710289
vt 0.304885 0.712215
vt 0.240890 0.711419
vt 0.295317 0.710500
vt 0.233368 0.712903
vt 0.286492 0.709449
vt 0.225555 0.714799
vt 0.278245 0.708902
vt 0.217311 0.717194
vt 0.270426 0.708758
vt 0.262899 0.708969
vt 0.234539 0.719221
vt 0.226782 0.720456
vt 0.278188 0.715459
vt 0.218496 0.721951
vt 0.270613 0.715711
vt 0.209475 0.723767
vt 0.263338 0.716123
vt 0.199469 0.725968
vt 0.256210 0.716670
vt 0.314930 0.716952
vt 0.249117 0.717358
vt 0.304346 0.716015
vt 0.241936 0.718200
vt 0.294854 0.715542
vt 0.286208 0.715386
vt 0.314872 0.719100
vt 0.199747 0.728027
vt 0.256842 0.723721
vt 0.249805 0.724309
vt 0.304342 0.719799
vt 0.242658 0.724900
vt 0.294958 0.720515
vt 0.235268 0.725502
vt 0.286435 0.721207
vt 0.227481 0.726122
vt 0.278535 0.721865
vt 0.219119 0.726760
vt 0.271067 0.722493
vt 0.209962 0.727407
vt 0.263900 0.723125
vt 0.279280 0.728227
vt 0.219188 0.731625
vt 0.271797 0.729244
vt 0.209932 0.731089
vt 0.264567 0.730112
vt 0.199678 0.730108
vt 0.257454 0.730777
vt 0.315169 0.721224
vt 0.250331 0.731284
vt 0.304859 0.723538
vt 0.243082 0.731640
vt 0.295613 0.725431
vt 0.235578 0.731835
vt 0.287161 0.726972
vt 0.227670 0.731846
vt 0.250707 0.738426
vt 0.315819 0.723278
vt 0.305901 0.727198
vt 0.243209 0.738546
vt 0.296832 0.730300
vt 0.235466 0.738311
vt 0.288410 0.732740
vt 0.227335 0.737681
vt 0.280454 0.734644
vt 0.218687 0.736553
vt 0.272828 0.736109
vt 0.209374 0.734781
vt 0.265388 0.737188
vt 0.199258 0.732164
vt 0.258075 0.738001
vt 0.217574 0.741550
vt 0.274200 0.743188
vt 0.208263 0.738444
vt 0.266428 0.744601
vt 0.198487 0.734148
vt 0.258702 0.745527
vt 0.316815 0.725214
vt 0.250934 0.745867
vt 0.307480 0.730741
vt 0.243013 0.745772
vt 0.298652 0.735122
vt 0.234897 0.745023
vt 0.290235 0.738558
vt 0.226432 0.743685
vt 0.282110 0.741203
vt 0.309621 0.734115
vt 0.242449 0.753411
vt 0.301138 0.739881
vt 0.233737 0.752163
vt 0.292731 0.744475
vt 0.224869 0.749931
vt 0.284345 0.748003
vt 0.215796 0.746622
vt 0.276018 0.750624
vt 0.206587 0.742041
vt 0.267727 0.752541
vt 0.197379 0.736012
vt 0.259365 0.753557
vt 0.318149 0.726980
vt 0.250956 0.753891
vt 0.287316 0.755141
vt 0.278423 0.758668
vt 0.204252 0.745476
vt 0.269311 0.761012
vt 0.195908 0.737688
vt 0.260125 0.762361
vt 0.319806 0.728518
vt 0.250819 0.762608
vt 0.312399 0.737247
vt 0.241429 0.761754
vt 0.304393 0.744518
vt 0.231973 0.759741
vt 0.295974 0.750442
vt 0.222523 0.756435
vt 0.213212 0.751719
vt 0.239807 0.771012
vt 0.315726 0.740008
vt 0.308516 0.748986
vt 0.229333 0.767994
vt 0.300282 0.756577
vt 0.219188 0.763262
vt 0.291254 0.762730
vt 0.209689 0.756801
vt 0.281575 0.767393
vt 0.201227 0.748660
vt 0.271420 0.770499
vt 0.194106 0.739113
vt 0.261012 0.772322
vt 0.321770 0.729758
vt 0.250410 0.772407
vt 0.197409 0.751490
vt 0.285859 0.777212
vt 0.274208 0.781516
vt 0.192001 0.740202
vt 0.262000 0.783704
vt 0.323984 0.730648
vt 0.249621 0.783603
vt 0.319736 0.742308
vt 0.237324 0.781558
vt 0.313676 0.753132
vt 0.225516 0.777107
vt 0.305863 0.762755
vt 0.214569 0.770419
vt 0.296513 0.770870
vt 0.205017 0.761761
vt 0.220067 0.787304
vt 0.313083 0.768814
vt 0.207986 0.778109
vt 0.303618 0.779597
vt 0.198918 0.766325
vt 0.291832 0.788446
vt 0.192921 0.753638
vt 0.278043 0.794776
vt 0.189639 0.740891
vt 0.263150 0.797248
vt 0.326401 0.731109
vt 0.248160 0.797248
vt 0.324379 0.743941
vt 0.233635 0.793498
vt 0.320021 0.756711
vt 0.865402 0.728487
vt 0.858826 0.739631
vt 0.863003 0.728039
vt 0.788006 0.794523
vt 0.801576 0.780934
vt 0.803033 0.794523
vt 0.728292 0.738209
vt 0.730702 0.737495
vt 0.817584 0.791325
vt 0.813668 0.778543
vt 0.731724 0.751236
vt 0.736324 0.748946
vt 0.831024 0.785242
vt 0.825181 0.774277
vt 0.738072 0.764062
vt 0.744078 0.759348
vt 0.835673 0.767947
vt 0.842655 0.776571
vt 0.747439 0.775423
vt 0.753745 0.768031
vt 0.844905 0.759910
vt 0.852045 0.765979
vt 0.759157 0.785077
vt 0.764853 0.774543
vt 0.852803 0.750422
vt 0.859093 0.754011
vt 0.776813 0.778941
vt 0.773199 0.791408
vt 0.863451 0.741251
vt 0.789189 0.780960
vt 0.758438 0.760698
vt 0.839451 0.753816
vt 0.768626 0.765428
vt 0.847628 0.746250
vt 0.779214 0.768385
vt 0.854833 0.737346
vt 0.789877 0.769740
vt 0.860804 0.727163
vt 0.800463 0.769469
vt 0.732843 0.736376
vt 0.810867 0.767800
vt 0.740147 0.746078
vt 0.820883 0.764481
vt 0.748821 0.754230
vt 0.830471 0.759887
vt 0.790227 0.759947
vt 0.799539 0.759575
vt 0.734676 0.734919
vt 0.858854 0.725935
vt 0.808717 0.758247
vt 0.743204 0.742823
vt 0.817728 0.755840
vt 0.752331 0.749095
vt 0.826585 0.752370
vt 0.761739 0.753846
vt 0.835246 0.747764
vt 0.771314 0.757042
vt 0.843560 0.741834
vt 0.780812 0.759057
vt 0.851485 0.734595
vt 0.831963 0.741750
vt 0.773065 0.749453
vt 0.840349 0.737212
vt 0.781805 0.750759
vt 0.848772 0.731489
vt 0.790369 0.751131
vt 0.857211 0.724413
vt 0.798762 0.750754
vt 0.736171 0.733210
vt 0.807075 0.749702
vt 0.745562 0.739325
vt 0.815348 0.747883
vt 0.754920 0.743933
vt 0.823634 0.745263
vt 0.764098 0.747252
vt 0.737315 0.731315
vt 0.855888 0.722666
vt 0.805792 0.741850
vt 0.747279 0.735682
vt 0.813542 0.740456
vt 0.756722 0.738813
vt 0.821413 0.738488
vt 0.765663 0.740962
vt 0.829484 0.735863
vt 0.774178 0.742320
vt 0.837901 0.732487
vt 0.782357 0.743032
vt 0.846649 0.728144
vt 0.790294 0.743166
vt 0.798072 0.742721
vt 0.766576 0.734904
vt 0.774763 0.735549
vt 0.827710 0.730097
vt 0.836067 0.727693
vt 0.782552 0.735792
vt 0.845084 0.724631
vt 0.790074 0.735687
vt 0.854901 0.720750
vt 0.797442 0.735196
vt 0.738101 0.729293
vt 0.804773 0.734464
vt 0.748403 0.731961
vt 0.812180 0.733399
vt 0.757844 0.733757
vt 0.819782 0.731964
vt 0.803960 0.727360
vt 0.738531 0.727198
vt 0.748972 0.728211
vt 0.811178 0.726564
vt 0.758356 0.728770
vt 0.818634 0.725577
vt 0.766926 0.729014
vt 0.826477 0.724358
vt 0.774894 0.729026
vt 0.834884 0.722857
vt 0.782440 0.728855
vt 0.844057 0.721003
vt 0.789717 0.728524
vt 0.854257 0.718718
vt 0.796854 0.727989
vt 0.825764 0.718628
vt 0.834266 0.717977
vt 0.774608 0.722647
vt 0.782042 0.722079
vt 0.843554 0.717300
vt 0.789217 0.721518
vt 0.853961 0.716618
vt 0.796261 0.720946
vt 0.738605 0.725077
vt 0.803309 0.720387
vt 0.749010 0.724469
vt 0.810483 0.719823
vt 0.758302 0.723844
vt 0.817919 0.719239
vt 0.766758 0.723235
vt 0.810073 0.713050
vt 0.757696 0.718969
vt 0.817615 0.712858
vt 0.766087 0.717508
vt 0.825581 0.712843
vt 0.773913 0.716316
vt 0.834157 0.713051
vt 0.781360 0.715344
vt 0.843571 0.713556
vt 0.788568 0.714558
vt 0.854019 0.714495
vt 0.795668 0.713877
vt 0.738326 0.722977
vt 0.802803 0.713392
vt 0.748529 0.720768
vt 0.844074 0.709802
vt 0.780370 0.708519
vt 0.787763 0.707466
vt 0.854431 0.712395
vt 0.795076 0.706667
vt 0.737699 0.720943
vt 0.802437 0.706241
vt 0.747526 0.717139
vt 0.809945 0.706121
vt 0.756527 0.714140
vt 0.817725 0.706337
vt 0.764896 0.711784
vt 0.825909 0.706945
vt 0.772784 0.709936
vt 0.834636 0.708045
vt 0.745988 0.713623
vt 0.754760 0.709355
vt 0.818280 0.699574
vt 0.763135 0.706019
vt 0.826800 0.700877
vt 0.771162 0.703406
vt 0.835701 0.702990
vt 0.779021 0.701474
vt 0.845178 0.706069
vt 0.786752 0.700097
vt 0.855203 0.710364
vt 0.794445 0.699152
vt 0.736728 0.719023
vt 0.802206 0.698775
vt 0.810119 0.698900
vt 0.777237 0.694079
vt 0.785479 0.692282
vt 0.846889 0.702385
vt 0.856317 0.708454
vt 0.793751 0.691142
vt 0.735422 0.717269
vt 0.802124 0.690811
vt 0.743892 0.710269
vt 0.810641 0.691226
vt 0.752327 0.704628
vt 0.819354 0.692457
vt 0.760672 0.700140
vt 0.828289 0.694630
vt 0.769008 0.696689
vt 0.837501 0.697834
vt 0.821076 0.684823
vt 0.757466 0.694185
vt 0.830619 0.688017
vt 0.766075 0.689600
vt 0.840022 0.692667
vt 0.774866 0.686115
vt 0.849215 0.698872
vt 0.783856 0.683798
vt 0.857803 0.706733
vt 0.792965 0.682400
vt 0.733781 0.715747
vt 0.802217 0.682116
vt 0.741227 0.707173
vt 0.811593 0.682895
vt 0.749152 0.700007
vt 0.500713 0.812894
vt 0.518675 0.795185
vt 0.518675 0.812894
vt 0.520462 0.815290
vt 0.519248 0.833000
vt 0.519248 0.815290
vt 0.500139 0.856114
vt 0.500713 0.873824
vt 0.500139 0.873824
vt 0.539444 0.815290
vt 0.540082 0.833000
vt 0.539444 0.833000
vt 0.538807 0.815290
vt 0.539417 0.814754
vt 0.538807 0.814730
vt 0.539417 0.814169
vt 0.518675 0.794549
vt 0.519248 0.795185
vt 0.345901 0.650685
vt 0.345606 0.650136
vt 0.345752 0.650685
vt 0.518675 0.873824
vt 0.519224 0.874360
vt 0.518675 0.874384
vt 0.328806 0.650672
vt 0.328470 0.650136
vt 0.328635 0.650672
vt 0.540082 0.814754
vt 0.500139 0.795185
vt 0.500713 0.794549
vt 0.500713 0.795185
vt 0.499565 0.795185
vt 0.500164 0.794576
vt 0.480581 0.815290
vt 0.479971 0.814754
vt 0.480581 0.814730
vt 0.344864 0.650136
vt 0.344711 0.650672
vt 0.345013 0.650672
vt 0.500164 0.874360
vt 0.500713 0.874384
vt 0.500164 0.874945
vt 0.499565 0.794576
vt 0.500164 0.793910
vt 0.521099 0.815290
vt 0.520489 0.814754
vt 0.521099 0.814730
vt 0.519823 0.814754
vt 0.518675 0.815290
vt 0.519224 0.814754
vt 0.518675 0.814730
vt 0.519224 0.814169
vt 0.519248 0.812894
vt 0.518675 0.813530
vt 0.346494 0.650136
vt 0.346790 0.650746
vt 0.346644 0.650136
vt 0.347382 0.650802
vt 0.347382 0.650136
vt 0.347967 0.650802
vt 0.498289 0.815290
vt 0.498899 0.814754
vt 0.498926 0.815290
vt 0.348906 0.650187
vt 0.348560 0.650712
vt 0.348846 0.650812
vt 0.500713 0.813530
vt 0.500139 0.812894
vt 0.500713 0.814169
vt 0.500164 0.813503
vt 0.500713 0.815290
vt 0.500164 0.814754
vt 0.500713 0.814730
vt 0.499565 0.815290
vt 0.500139 0.815290
vt 0.348906 0.651538
vt 0.519248 0.873824
vt 0.518675 0.856114
vt 0.519248 0.856114
vt 0.521099 0.833000
vt 0.538807 0.833000
vt 0.480581 0.833000
vt 0.479944 0.815290
vt 0.500713 0.874945
vt 0.518675 0.874945
vt 0.498289 0.833000
vt 0.520462 0.833000
vt 0.327877 0.667846
vt 0.327302 0.650136
vt 0.327877 0.650136
vt 0.498926 0.833000
vt 0.500713 0.833000
vt 0.518675 0.833000
vt 0.500139 0.833000
vt 0.538807 0.814169
vt 0.498289 0.814730
vt 0.499565 0.812894
vt 0.483224 0.835775
vt 0.500612 0.833426
vt 0.520663 0.833429
vt 0.539431 0.833153
vt 0.538807 0.833153
vt 0.536072 0.836719
vt 0.537633 0.834379
vt 0.533509 0.839241
vt 0.536164 0.835775
vt 0.540070 0.833153
vt 0.539456 0.833153
vt 0.519630 0.855382
vt 0.539062 0.833732
vt 0.522098 0.852294
vt 0.519238 0.855961
vt 0.518675 0.855961
vt 0.519519 0.854621
vt 0.524149 0.849679
vt 0.479957 0.833153
vt 0.479944 0.833000
vt 0.480581 0.833153
vt 0.483316 0.836719
vt 0.481755 0.834379
vt 0.485879 0.839241
vt 0.500713 0.856114
vt 0.500150 0.855961
vt 0.500713 0.855961
vt 0.497289 0.852294
vt 0.499869 0.854621
vt 0.495239 0.849679
vt 0.498746 0.853121
vt 0.327313 0.667999
vt 0.327302 0.667846
vt 0.499758 0.855382
vt 0.520456 0.833153
vt 0.521099 0.833153
vt 0.520261 0.833363
vt 0.520881 0.833371
vt 0.520089 0.833414
vt 0.519255 0.833153
vt 0.518675 0.833153
vt 0.519305 0.833362
vt 0.518715 0.833369
vt 0.519347 0.833413
vt 0.518775 0.833426
vt 0.498932 0.833153
vt 0.498289 0.833153
vt 0.499127 0.833363
vt 0.498507 0.833371
vt 0.499299 0.833414
vt 0.498724 0.833429
vt 0.500133 0.833153
vt 0.500083 0.833362
vt 0.500713 0.833153
vt 0.500673 0.833369
vt 0.500041 0.833413
vt 0.520642 0.853121
vt 0.141253 0.659239
vt 0.187715 0.690255
vt 0.033702 0.820212
vt 0.685039 0.870997
vt 0.699238 0.887762
vt 0.349509 0.865277
vt 0.540082 0.815290
vt 0.519224 0.794576
vt 0.345901 0.650136
vt 0.328806 0.650136
vt 0.344711 0.650136
vt 0.519823 0.815290
vt 0.518675 0.814169
vt 0.519224 0.813503
vt 0.346494 0.650746
vt 0.348762 0.650136
vt 0.500164 0.814169
vt 0.499565 0.814754
vt 0.521099 0.814169
vt 0.327866 0.667999
vt 0.480326 0.833732
s 1
g off
g cuchara_metal
usemtl metal
f 255/1/1 11/2/2 256/3/3
f 257/4/4 256/3/3 11/2/2
f 252/5/5 5/6/6 253/7/7
f 253/7/7 6/8/8 254/9/9
f 254/9/9 7/10/10 1/11/11
f 2/12/12 7/10/10 8/13/13
f 3/14/14 8/13/13 9/15/15
f 3/14/14 10/16/16 255/1/1
f 9/15/15 18/17/17 10/16/16
f 10/16/16 19/18/18 11/2/2
f 257/4/4 11/2/2 19/18/18
f 4/19/19 13/20/20 5/6/6
f 6/8/8 13/20/20 14/21/21
f 7/10/10 14/21/21 15/22/22
f 7/10/10 16/23/23 8/13/13
f 8/13/13 17/24/24 9/15/15
f 15/22/22 22/25/25 23/26/26
f 15/22/22 24/27/27 16/23/23
f 17/24/24 24/27/27 25/28/28
f 17/24/24 26/29/29 18/17/17
f 19/18/18 26/29/29 27/30/30
f 257/4/4 19/18/18 27/30/30
f 12/31/31 21/32/32 13/20/20
f 14/21/21 21/32/32 22/25/25
f 27/30/30 34/33/33 35/34/34
f 257/4/4 27/30/30 35/34/34
f 20/35/35 29/36/36 21/32/32
f 22/25/25 29/36/36 30/37/37
f 22/25/25 31/38/38 23/26/26
f 23/26/26 32/39/39 24/27/27
f 24/27/27 33/40/40 25/28/28
f 25/28/28 34/33/33 26/29/29
f 31/38/38 38/41/41 39/42/42
f 31/38/38 40/43/43 32/39/39
f 33/40/40 40/43/43 41/44/44
f 34/33/33 41/44/44 42/45/45
f 35/34/34 42/45/45 43/46/46
f 257/4/4 35/34/34 43/46/46
f 28/47/47 37/48/48 29/36/36
f 30/37/37 37/48/48 38/41/41
f 43/46/46 50/49/49 51/50/50
f 257/4/4 43/46/46 51/50/50
f 36/51/51 45/52/52 37/48/48
f 38/41/41 45/52/52 46/53/53
f 39/42/42 46/53/53 47/54/54
f 39/42/42 48/55/55 40/43/43
f 40/43/43 49/56/56 41/44/44
f 42/45/45 49/56/56 50/49/49
f 47/54/54 56/57/57 48/55/55
f 48/55/55 57/58/58 49/56/56
f 50/49/49 57/58/58 58/59/59
f 50/49/49 59/60/60 51/50/50
f 257/4/4 51/50/50 59/60/60
f 44/61/61 53/62/62 45/52/52
f 46/53/53 53/62/62 54/63/63
f 46/53/53 55/64/64 47/54/54
f 257/4/4 59/60/60 67/65/65
f 52/66/66 61/67/67 53/62/62
f 54/63/63 61/67/67 62/68/68
f 54/63/63 63/69/69 55/64/64
f 55/64/64 64/70/70 56/57/57
f 56/57/57 65/71/71 57/58/58
f 57/58/58 66/72/72 58/59/59
f 59/60/60 66/72/72 67/65/65
f 64/70/70 73/73/73 65/71/71
f 66/72/72 73/73/73 74/74/74
f 66/72/72 75/75/75 67/65/65
f 257/4/4 67/65/65 75/75/75
f 60/76/76 69/77/77 61/67/67
f 62/68/68 69/77/77 70/78/78
f 62/68/68 71/79/79 63/69/69
f 63/69/69 72/80/80 64/70/70
f 68/81/81 77/82/82 69/77/77
f 70/78/78 77/82/82 78/83/83
f 71/79/79 78/83/83 79/84/84
f 72/80/80 79/84/84 80/85/85
f 73/73/73 80/85/85 81/86/86
f 74/74/74 81/86/86 82/87/87
f 75/75/75 82/87/87 83/88/88
f 257/4/4 75/75/75 83/88/88
f 80/85/85 89/89/89 81/86/86
f 81/86/86 90/90/90 82/87/87
f 83/88/88 90/90/90 91/91/91
f 257/4/4 83/88/88 91/91/91
f 76/92/92 85/93/93 77/82/82
f 77/82/82 86/94/94 78/83/83
f 78/83/83 87/95/95 79/84/84
f 79/84/84 88/96/96 80/85/85
f 86/94/94 93/97/97 94/98/98
f 87/95/95 94/98/98 95/99/99
f 88/96/96 95/99/99 96/100/100
f 88/96/96 97/101/101 89/89/89
f 89/89/89 98/102/102 90/90/90
f 90/90/90 99/103/103 91/91/91
f 257/4/4 91/91/91 99/103/103
f 84/104/104 93/97/97 85/93/93
f 98/102/102 105/105/105 106/106/106
f 99/103/103 106/106/106 107/107/107
f 257/4/4 99/103/103 107/107/107
f 93/97/97 100/108/108 101/109/109
f 93/97/97 102/110/110 94/98/98
f 94/98/98 103/111/111 95/99/99
f 96/100/100 103/111/111 104/112/112
f 97/101/101 104/112/112 105/105/105
f 102/110/110 109/113/113 110/114/114
f 102/110/110 111/115/115 103/111/111
f 103/111/111 112/116/116 104/112/112
f 105/105/105 112/116/116 113/117/117
f 105/105/105 114/118/118 106/106/106
f 107/107/107 114/118/118 115/119/119
f 257/4/4 107/107/107 115/119/119
f 100/108/108 109/113/113 101/109/109
f 113/117/117 122/120/120 114/118/118
f 114/118/118 123/121/121 115/119/119
f 257/4/4 115/119/119 123/121/121
f 108/122/122 117/123/123 109/113/113
f 109/113/113 118/124/124 110/114/114
f 110/114/114 119/125/125 111/115/115
f 111/115/115 120/126/126 112/116/116
f 113/117/117 120/126/126 121/127/127
f 118/124/124 127/128/128 119/125/125
f 119/125/125 128/129/129 120/126/126
f 121/127/127 128/129/129 129/130/130
f 122/120/120 129/130/130 130/131/131
f 123/121/121 130/131/131 131/132/132
f 257/4/4 123/121/121 131/132/132
f 116/133/133 125/134/134 117/123/123
f 118/124/124 125/134/134 126/135/135
f 130/136/131 139/137/136 131/138/132
f 257/4/4 131/138/132 139/137/136
f 124/139/137 133/140/138 125/141/134
f 126/142/135 133/140/138 134/143/139
f 127/144/128 134/143/139 135/145/140
f 128/146/129 135/145/140 136/147/141
f 128/146/129 137/148/142 129/149/130
f 129/149/130 138/150/143 130/136/131
f 135/145/140 144/151/144 136/147/141
f 137/148/142 144/151/144 145/152/145
f 138/150/143 145/152/145 146/153/146
f 139/137/136 146/153/146 147/154/147
f 257/4/4 139/137/136 147/154/147
f 132/155/148 141/156/149 133/140/138
f 134/143/139 141/156/149 142/157/150
f 134/143/139 143/158/151 135/145/140
f 257/4/4 147/154/147 155/159/152
f 140/160/153 149/161/154 141/156/149
f 141/156/149 150/162/155 142/157/150
f 142/157/150 151/163/156 143/158/151
f 143/158/151 152/164/157 144/151/144
f 144/151/144 153/165/158 145/152/145
f 145/152/145 154/166/159 146/153/146
f 146/153/146 155/159/152 147/154/147
f 151/163/156 160/167/160 152/164/157
f 153/165/158 160/167/160 161/168/161
f 153/165/158 162/169/162 154/166/159
f 154/166/159 163/170/163 155/159/152
f 257/4/4 155/159/152 163/170/163
f 148/171/164 157/172/165 149/161/154
f 150/162/155 157/172/165 158/173/166
f 150/162/155 159/174/167 151/163/156
f 257/4/4 163/170/163 171/175/168
f 156/176/169 165/177/170 157/172/165
f 158/173/166 165/177/170 166/178/171
f 158/173/166 167/179/172 159/174/167
f 159/174/167 168/180/173 160/167/160
f 161/168/161 168/180/173 169/181/174
f 162/169/162 169/181/174 170/182/175
f 163/170/163 170/182/175 171/175/168
f 169/181/174 176/183/176 177/184/177
f 169/181/174 178/185/178 170/182/175
f 171/175/168 178/185/178 179/186/179
f 257/4/4 171/175/168 179/186/179
f 164/187/180 173/188/181 165/177/170
f 166/178/171 173/188/181 174/189/182
f 166/178/171 175/190/183 167/179/172
f 168/180/173 175/190/183 176/183/176
f 172/191/184 181/192/185 173/188/181
f 173/188/181 182/193/186 174/189/182
f 174/189/182 183/194/187 175/190/183
f 175/190/183 184/195/188 176/183/176
f 177/184/177 184/195/188 185/196/189
f 177/184/177 186/197/190 178/185/178
f 179/186/179 186/197/190 187/198/191
f 257/4/4 179/186/179 187/198/191
f 185/196/189 192/199/192 193/200/193
f 185/196/189 194/201/194 186/197/190
f 187/198/191 194/201/194 195/202/195
f 257/4/4 187/198/191 195/202/195
f 180/203/196 189/204/197 181/192/185
f 181/192/185 190/205/198 182/193/186
f 183/194/187 190/205/198 191/206/199
f 184/195/188 191/206/199 192/199/192
f 189/204/197 198/207/200 190/205/198
f 191/206/199 198/207/200 199/208/201
f 191/206/199 200/209/202 192/199/192
f 192/199/192 201/210/203 193/200/193
f 194/201/194 201/210/203 202/211/204
f 195/202/195 202/211/204 203/212/205
f 257/4/4 195/202/195 203/212/205
f 188/213/206 197/214/207 189/204/197
f 201/210/203 210/215/208 202/211/204
f 203/212/205 210/215/208 211/216/209
f 257/4/4 203/212/205 211/216/209
f 196/217/210 205/218/211 197/214/207
f 197/214/207 206/219/212 198/207/200
f 198/207/200 207/220/213 199/208/201
f 199/208/201 208/221/214 200/209/202
f 201/210/203 208/221/214 209/222/215
f 206/219/212 215/223/216 207/220/213
f 208/221/214 215/223/216 216/224/217
f 208/221/214 217/225/218 209/222/215
f 209/222/215 218/226/219 210/215/208
f 210/215/208 219/227/220 211/216/209
f 257/4/4 211/216/209 219/227/220
f 205/218/211 212/228/221 213/229/222
f 205/218/211 214/230/223 206/219/212
f 219/227/220 226/231/224 227/232/225
f 257/4/4 219/227/220 227/232/225
f 212/228/221 221/233/226 213/229/222
f 213/229/222 222/234/227 214/230/223
f 214/230/223 223/235/228 215/223/216
f 216/224/217 223/235/228 224/236/229
f 217/225/218 224/236/229 225/237/230
f 217/225/218 226/231/224 218/226/219
f 222/234/227 231/238/231 223/235/228
f 224/236/229 231/238/231 232/239/232
f 225/237/230 232/239/232 233/240/233
f 226/231/224 233/240/233 234/241/234
f 227/232/225 234/241/234 235/242/235
f 257/4/4 227/232/225 235/242/235
f 220/243/236 229/244/237 221/233/226
f 221/233/226 230/245/238 222/234/227
f 234/241/234 243/246/239 235/242/235
f 257/4/4 235/242/235 243/246/239
f 228/247/240 237/248/241 229/244/237
f 229/244/237 238/249/242 230/245/238
f 230/245/238 239/250/243 231/238/231
f 232/239/232 239/250/243 240/251/244
f 232/239/232 241/252/245 233/240/233
f 233/240/233 242/253/246 234/241/234
f 240/251/244 247/254/247 248/255/248
f 241/252/245 248/255/248 249/256/249
f 242/253/246 249/256/249 250/257/250
f 242/253/246 251/258/251 243/246/239
f 257/4/4 243/246/239 251/258/251
f 236/259/252 245/260/253 237/248/241
f 237/248/241 246/261/254 238/249/242
f 238/249/242 247/254/247 239/250/243
f 257/4/4 251/258/251 256/3/3
f 244/262/255 253/7/7 245/260/253
f 246/261/254 253/7/7 254/9/9
f 246/261/254 1/11/11 247/254/247
f 247/254/247 2/12/12 248/255/248
f 248/255/248 3/14/14 249/256/249
f 249/256/249 255/1/1 250/257/250
f 250/257/250 256/3/3 251/258/251
f 268/263/256 512/264/257 513/265/258
f 514/266/259 268/263/256 513/265/258
f 262/267/260 509/268/261 510/269/262
f 511/270/263 262/267/260 510/269/262
f 264/271/264 511/270/263 258/272/265
f 259/273/266 264/271/264 258/272/265
f 266/274/267 259/273/266 260/275/268
f 267/276/269 260/275/268 512/264/257
f 267/276/269 274/277/270 266/274/267
f 276/278/271 267/276/269 268/263/256
f 514/266/259 276/278/271 268/263/256
f 270/279/272 261/280/273 262/267/260
f 271/281/274 262/267/260 263/282/275
f 272/283/276 263/282/275 264/271/264
f 273/284/277 264/271/264 265/285/278
f 274/277/270 265/285/278 266/274/267
f 280/286/279 271/281/274 272/283/276
f 273/284/277 280/286/279 272/283/276
f 282/287/280 273/284/277 274/277/270
f 275/288/281 282/287/280 274/277/270
f 276/278/271 283/289/282 275/288/281
f 514/266/259 284/290/283 276/278/271
f 270/279/272 277/291/284 269/292/285
f 271/281/274 278/293/286 270/279/272
f 284/290/283 291/294/287 283/289/282
f 514/266/259 292/295/288 284/290/283
f 278/293/286 285/296/289 277/291/284
f 279/297/290 286/298/291 278/293/286
f 288/299/292 279/297/290 280/286/279
f 289/300/293 280/286/279 281/301/294
f 290/302/295 281/301/294 282/287/280
f 283/289/282 290/302/295 282/287/280
f 288/299/292 295/303/296 287/304/297
f 289/300/293 296/305/298 288/299/292
f 290/302/295 297/306/299 289/300/293
f 299/307/300 290/302/295 291/294/287
f 300/308/301 291/294/287 292/295/288
f 514/266/259 300/308/301 292/295/288
f 294/309/302 285/296/289 286/298/291
f 295/303/296 286/298/291 287/304/297
f 308/310/303 299/307/300 300/308/301
f 514/266/259 308/310/303 300/308/301
f 294/309/302 301/311/304 293/312/305
f 303/313/306 294/309/302 295/303/296
f 296/305/298 303/313/306 295/303/296
f 305/314/307 296/305/298 297/306/299
f 298/315/308 305/314/307 297/306/299
f 307/316/309 298/315/308 299/307/300
f 305/314/307 312/317/310 304/318/311
f 306/319/312 313/320/313 305/314/307
f 315/321/314 306/319/312 307/316/309
f 308/310/303 315/321/314 307/316/309
f 514/266/259 316/322/315 308/310/303
f 302/323/316 309/324/317 301/311/304
f 311/325/318 302/323/316 303/313/306
f 304/318/311 311/325/318 303/313/306
f 514/266/259 324/326/319 316/322/315
f 310/327/320 317/328/321 309/324/317
f 319/329/322 310/327/320 311/325/318
f 312/317/310 319/329/322 311/325/318
f 321/330/323 312/317/310 313/320/313
f 314/331/324 321/330/323 313/320/313
f 315/321/314 322/332/325 314/331/324
f 316/322/315 323/333/326 315/321/314
f 330/334/327 321/330/323 322/332/325
f 331/335/328 322/332/325 323/333/326
f 332/336/329 323/333/326 324/326/319
f 514/266/259 332/336/329 324/326/319
f 326/337/330 317/328/321 318/338/331
f 319/329/322 326/337/330 318/338/331
f 328/339/332 319/329/322 320/340/333
f 321/330/323 328/339/332 320/340/333
f 334/341/334 325/342/335 326/337/330
f 327/343/336 334/341/334 326/337/330
f 328/339/332 335/344/337 327/343/336
f 337/345/338 328/339/332 329/346/339
f 338/347/340 329/346/339 330/334/327
f 331/335/328 338/347/340 330/334/327
f 340/348/341 331/335/328 332/336/329
f 514/266/259 340/348/341 332/336/329
f 346/349/342 337/345/338 338/347/340
f 339/350/343 346/349/342 338/347/340
f 340/348/341 347/351/344 339/350/343
f 514/266/259 348/352/345 340/348/341
f 334/341/334 341/353/346 333/354/347
f 343/355/348 334/341/334 335/344/337
f 336/356/349 343/355/348 335/344/337
f 337/345/338 344/357/350 336/356/349
f 343/355/348 350/358/351 342/359/352
f 352/360/353 343/355/348 344/357/350
f 353/361/354 344/357/350 345/362/355
f 354/363/356 345/362/355 346/349/342
f 347/351/344 354/363/356 346/349/342
f 348/352/345 355/364/357 347/351/344
f 514/266/259 356/365/358 348/352/345
f 342/359/352 349/366/359 341/353/346
f 363/367/360 354/363/356 355/364/357
f 364/368/361 355/364/357 356/365/358
f 514/266/259 364/368/361 356/365/358
f 358/369/362 349/366/359 350/358/351
f 359/370/363 350/358/351 351/371/364
f 352/360/353 359/370/363 351/371/364
f 353/361/354 360/372/365 352/360/353
f 354/363/356 361/373/366 353/361/354
f 367/374/367 358/369/362 359/370/363
f 360/372/365 367/374/367 359/370/363
f 369/375/368 360/372/365 361/373/366
f 362/376/369 369/375/368 361/373/366
f 371/377/370 362/376/369 363/367/360
f 372/378/371 363/367/360 364/368/361
f 514/266/259 372/378/371 364/368/361
f 358/369/362 365/379/372 357/380/373
f 379/381/374 370/382/375 371/377/370
f 372/378/371 379/381/374 371/377/370
f 514/266/259 380/383/376 372/378/371
f 366/384/377 373/385/378 365/379/372
f 375/386/379 366/384/377 367/374/367
f 368/387/380 375/386/379 367/374/367
f 369/375/368 376/388/381 368/387/380
f 370/382/375 377/389/382 369/375/368
f 376/388/381 383/390/383 375/386/379
f 385/391/384 376/388/381 377/389/382
f 378/392/385 385/391/384 377/389/382
f 379/381/374 386/393/386 378/392/385
f 380/383/376 387/394/387 379/381/374
f 514/266/259 388/395/388 380/383/376
f 374/396/389 381/397/390 373/385/378
f 383/390/383 374/396/389 375/386/379
f 396/398/391 387/399/387 388/400/388
f 514/266/259 396/398/391 388/400/388
f 390/401/392 381/402/390 382/403/393
f 383/404/383 390/401/392 382/403/393
f 392/405/394 383/404/383 384/406/395
f 385/407/384 392/405/394 384/406/395
f 394/408/396 385/407/384 386/409/386
f 395/410/397 386/409/386 387/399/387
f 401/411/398 392/405/394 393/412/399
f 402/413/400 393/412/399 394/408/396
f 395/410/397 402/413/400 394/408/396
f 404/414/401 395/410/397 396/398/391
f 514/266/259 404/414/401 396/398/391
f 390/401/392 397/415/402 389/416/403
f 391/417/404 398/418/405 390/401/392
f 392/405/394 399/419/406 391/417/404
f 514/266/259 412/420/407 404/414/401
f 398/418/405 405/421/408 397/415/402
f 407/422/409 398/418/405 399/419/406
f 400/423/410 407/422/409 399/419/406
f 401/411/398 408/424/411 400/423/410
f 410/425/412 401/411/398 402/413/400
f 403/426/413 410/425/412 402/413/400
f 404/414/401 411/427/414 403/426/413
f 417/428/415 408/424/411 409/429/416
f 418/430/417 409/429/416 410/425/412
f 411/427/414 418/430/417 410/425/412
f 412/420/407 419/431/418 411/427/414
f 514/266/259 420/432/419 412/420/407
f 406/433/420 413/434/421 405/421/408
f 407/422/409 414/435/422 406/433/420
f 416/436/423 407/422/409 408/424/411
f 514/266/259 428/437/424 420/432/419
f 422/438/425 413/434/421 414/435/422
f 415/439/426 422/438/425 414/435/422
f 416/436/423 423/440/427 415/439/426
f 417/428/415 424/441/428 416/436/423
f 418/430/417 425/442/429 417/428/415
f 427/443/430 418/430/417 419/431/418
f 428/437/424 419/431/418 420/432/419
f 426/444/431 433/445/432 425/442/429
f 435/446/433 426/444/431 427/443/430
f 436/447/434 427/443/430 428/437/424
f 514/266/259 436/447/434 428/437/424
f 422/438/425 429/448/435 421/449/436
f 431/450/437 422/438/425 423/440/427
f 424/441/428 431/450/437 423/440/427
f 433/445/432 424/441/428 425/442/429
f 430/451/438 437/452/439 429/448/435
f 439/453/440 430/451/438 431/450/437
f 432/454/441 439/453/440 431/450/437
f 433/445/432 440/455/442 432/454/441
f 434/456/443 441/457/444 433/445/432
f 443/458/445 434/456/443 435/446/433
f 436/447/434 443/458/445 435/446/433
f 514/266/259 444/459/446 436/447/434
f 442/460/447 449/461/448 441/457/444
f 443/458/445 450/462/449 442/460/447
f 444/459/446 451/463/450 443/458/445
f 514/266/259 452/464/451 444/459/446
f 438/465/452 445/466/453 437/452/439
f 447/467/454 438/465/452 439/453/440
f 440/455/442 447/467/454 439/453/440
f 449/461/448 440/455/442 441/457/444
f 447/467/454 454/468/455 446/469/456
f 456/470/457 447/467/454 448/471/458
f 449/461/448 456/470/457 448/471/458
f 458/472/459 449/461/448 450/462/449
f 459/473/460 450/462/449 451/463/450
f 460/474/461 451/463/450 452/464/451
f 514/266/259 460/474/461 452/464/451
f 454/468/455 445/466/453 446/469/456
f 459/473/460 466/475/462 458/472/459
f 468/476/463 459/473/460 460/474/461
f 514/266/259 468/476/463 460/474/461
f 454/468/455 461/477/464 453/478/465
f 455/479/466 462/480/467 454/468/455
f 456/470/457 463/481/468 455/479/466
f 465/482/469 456/470/457 457/483/470
f 466/475/462 457/483/470 458/472/459
f 464/484/471 471/485/472 463/481/468
f 465/482/469 472/486/473 464/484/471
f 474/487/474 465/482/469 466/475/462
f 467/488/475 474/487/474 466/475/462
f 468/476/463 475/489/476 467/488/475
f 514/266/259 476/490/477 468/476/463
f 462/480/467 469/491/478 461/477/464
f 471/485/472 462/480/467 463/481/468
f 476/490/477 483/492/479 475/489/476
f 514/266/259 484/493/480 476/490/477
f 470/494/481 477/495/482 469/491/478
f 471/485/472 478/496/483 470/494/481
f 480/497/484 471/485/472 472/486/473
f 481/498/485 472/486/473 473/499/486
f 482/500/487 473/499/486 474/487/474
f 475/489/476 482/500/487 474/487/474
f 480/497/484 487/501/488 479/502/489
f 481/498/485 488/503/490 480/497/484
f 482/500/487 489/504/491 481/498/485
f 491/505/492 482/500/487 483/492/479
f 492/506/493 483/492/479 484/493/480
f 514/266/259 492/506/493 484/493/480
f 486/507/494 477/495/482 478/496/483
f 479/502/489 486/507/494 478/496/483
f 500/508/495 491/505/492 492/506/493
f 514/266/259 500/508/495 492/506/493
f 486/507/494 493/509/496 485/510/497
f 495/511/498 486/507/494 487/501/488
f 488/503/490 495/511/498 487/501/488
f 497/512/499 488/503/490 489/504/491
f 490/513/500 497/512/499 489/504/491
f 499/514/501 490/513/500 491/505/492
f 497/512/499 504/515/502 496/516/503
f 498/517/504 505/518/505 497/512/499
f 507/519/506 498/517/504 499/514/501
f 500/508/495 507/519/506 499/514/501
f 514/266/259 508/520/507 500/508/495
f 494/521/508 501/522/509 493/509/496
f 503/523/510 494/521/508 495/511/498
f 496/516/503 503/523/510 495/511/498
f 514/266/259 513/265/258 508/520/507
f 502/524/511 509/268/261 501/522/509
f 511/270/263 502/524/511 503/523/510
f 504/515/502 511/270/263 503/523/510
f 259/273/266 504/515/502 505/518/505
f 506/525/512 259/273/266 505/518/505
f 507/519/506 260/275/268 506/525/512
f 508/520/507 512/264/257 507/519/506
f 4/526/513 269/527/514 12/528/514
f 20/529/515 269/527/514 277/530/515
f 28/531/516 277/530/515 285/532/516
f 36/533/517 285/532/516 293/534/517
f 44/535/518 293/534/517 301/536/518
f 52/537/519 301/536/518 309/538/519
f 60/539/520 309/538/519 317/540/520
f 68/541/521 317/540/520 325/542/521
f 76/543/522 325/542/521 333/544/522
f 84/545/523 333/544/522 341/546/523
f 92/547/524 341/546/523 349/548/524
f 100/549/525 349/548/524 357/550/525
f 108/551/526 357/550/525 365/552/526
f 116/553/527 365/552/526 373/554/527
f 124/555/528 373/554/527 381/556/528
f 132/557/529 381/558/528 389/559/529
f 140/560/530 389/559/529 397/561/530
f 140/560/530 405/562/531 148/563/531
f 148/563/531 413/564/532 156/565/532
f 156/565/532 421/566/533 164/567/533
f 164/567/533 429/568/534 172/569/534
f 172/569/534 437/570/535 180/571/535
f 180/571/535 445/572/536 188/573/536
f 188/573/536 453/574/537 196/575/537
f 196/575/537 461/576/538 204/577/538
f 204/577/538 469/578/539 212/579/539
f 212/579/539 477/580/540 220/581/540
f 220/581/540 485/582/541 228/583/541
f 228/583/541 493/584/542 236/585/542
f 236/585/542 501/586/543 244/587/543
f 244/587/543 509/588/544 252/589/544
f 252/589/544 261/590/513 4/526/513
f 521/591/545 530/592/546 531/593/547
f 994/594/1 539/595/2 995/596/3
f 991/597/548 531/593/547 532/598/549
f 515/599/550 840/600/259 525/601/551
f 996/602/4 995/596/3 539/595/2
f 991/597/548 533/603/6 992/604/7
f 516/605/552 525/601/551 526/606/553
f 992/604/7 534/607/8 993/608/9
f 516/605/552 527/609/554 517/610/555
f 993/608/9 535/611/10 522/612/11
f 517/610/555 528/613/556 518/614/557
f 522/612/11 536/615/13 523/616/12
f 518/614/557 529/617/558 519/618/559
f 523/616/12 537/619/15 524/620/14
f 519/618/559 530/592/546 520/621/560
f 994/594/1 537/619/15 538/622/16
f 530/592/546 544/623/561 545/624/562
f 537/619/15 553/625/17 538/622/16
f 531/593/547 545/624/562 546/626/563
f 538/622/16 554/627/18 539/595/2
f 532/598/549 546/626/563 547/628/564
f 525/601/551 840/600/259 540/629/565
f 996/602/4 539/595/2 554/627/18
f 532/598/549 548/630/20 533/603/6
f 526/606/553 540/629/565 541/631/566
f 534/607/8 548/630/20 549/632/21
f 526/606/553 542/633/567 527/609/554
f 535/611/10 549/632/21 550/634/22
f 527/609/554 543/635/568 528/613/556
f 535/611/10 551/636/23 536/615/13
f 529/617/558 543/635/568 544/623/561
f 537/619/15 551/636/23 552/637/24
f 548/638/20 564/639/25 549/640/21
f 542/641/567 556/642/569 557/643/570
f 550/644/22 564/639/25 565/645/26
f 543/646/568 557/643/570 558/647/571
f 551/648/23 565/645/26 566/649/27
f 543/646/568 559/650/572 544/651/561
f 551/648/23 567/652/28 552/653/24
f 544/651/561 560/654/573 545/655/562
f 553/656/17 567/652/28 568/657/29
f 545/655/562 561/658/574 546/659/563
f 554/660/18 568/657/29 569/661/30
f 546/659/563 562/662/575 547/663/564
f 540/664/565 840/665/259 555/666/576
f 996/667/4 554/660/18 569/661/30
f 547/663/564 563/668/32 548/638/20
f 540/664/565 556/642/569 541/669/566
f 567/652/28 583/670/33 568/657/29
f 560/654/573 576/671/577 561/658/574
f 569/661/30 583/670/33 584/672/34
f 562/662/575 576/671/577 577/673/578
f 555/666/576 840/665/259 570/674/579
f 996/667/4 569/661/30 584/672/34
f 562/662/575 578/675/36 563/668/32
f 555/666/576 571/676/580 556/642/569
f 564/639/25 578/675/36 579/677/37
f 556/642/569 572/678/581 557/643/570
f 564/639/25 580/679/38 565/645/26
f 557/643/570 573/680/582 558/647/571
f 565/645/26 581/681/39 566/649/27
f 559/650/572 573/680/582 574/682/583
f 566/649/27 582/683/40 567/652/28
f 560/654/573 574/682/583 575/684/584
f 571/676/580 587/685/585 572/678/581
f 580/679/38 594/686/41 595/687/42
f 572/678/581 588/688/586 573/680/582
f 580/679/38 596/689/43 581/681/39
f 573/680/582 589/690/587 574/682/583
f 582/683/40 596/689/43 597/691/44
f 575/684/584 589/690/587 590/692/588
f 583/670/33 597/691/44 598/693/45
f 575/684/584 591/694/589 576/671/577
f 583/670/33 599/695/46 584/672/34
f 577/673/578 591/694/589 592/696/590
f 570/674/579 840/665/259 585/697/591
f 996/667/4 584/672/34 599/695/46
f 577/673/578 593/698/48 578/675/36
f 571/676/580 585/697/591 586/699/592
f 579/677/37 593/698/48 594/686/41
f 590/692/588 606/700/593 591/694/589
f 598/693/45 614/701/50 599/695/46
f 592/696/590 606/700/593 607/702/594
f 585/697/591 840/665/259 600/703/595
f 996/667/4 599/695/46 614/701/50
f 592/696/590 608/704/52 593/698/48
f 586/699/592 600/703/595 601/705/596
f 594/686/41 608/704/52 609/706/53
f 587/685/585 601/705/596 602/707/597
f 594/686/41 610/708/54 595/687/42
f 588/688/586 602/707/597 603/709/598
f 595/687/42 611/710/55 596/689/43
f 588/688/586 604/711/599 589/690/587
f 597/691/44 611/710/55 612/712/56
f 590/692/588 604/711/599 605/713/600
f 598/693/45 612/712/56 613/714/49
f 609/706/53 625/715/64 610/708/54
f 602/707/597 618/716/601 603/709/598
f 611/710/55 625/715/64 626/717/57
f 603/709/598 619/718/602 604/711/599
f 611/710/55 627/719/58 612/712/56
f 604/711/599 620/720/603 605/713/600
f 613/714/49 627/719/58 628/721/59
f 606/700/593 620/720/603 621/722/604
f 614/701/50 628/721/59 629/723/60
f 606/700/593 622/724/605 607/702/594
f 600/703/595 840/665/259 615/725/606
f 996/667/4 614/701/50 629/723/60
f 607/702/594 623/726/62 608/704/52
f 601/705/596 615/725/606 616/727/607
f 609/706/53 623/726/62 624/728/63
f 601/705/596 617/729/608 602/707/597
f 629/723/60 643/730/72 644/731/65
f 621/722/604 637/732/609 622/724/605
f 615/725/606 840/665/259 630/733/610
f 996/667/4 629/723/60 644/731/65
f 623/726/62 637/732/609 638/734/67
f 616/727/607 630/733/610 631/735/611
f 623/726/62 639/736/68 624/728/63
f 617/729/608 631/735/611 632/737/612
f 624/728/63 640/738/613 625/715/64
f 618/716/601 632/737/612 633/739/614
f 626/717/57 640/738/613 641/740/70
f 618/716/601 634/741/615 619/718/602
f 626/717/57 642/742/71 627/719/58
f 620/720/603 634/741/615 635/743/616
f 628/721/59 642/742/71 643/730/72
f 621/722/604 635/743/616 636/744/617
f 641/740/70 655/745/79 656/746/80
f 633/739/614 649/747/618 634/741/615
f 641/740/70 657/748/73 642/742/71
f 635/743/616 649/747/618 650/749/619
f 643/730/72 657/748/73 658/750/74
f 635/743/616 651/751/620 636/744/617
f 644/731/65 658/750/74 659/752/75
f 637/732/609 651/751/620 652/753/621
f 630/733/610 840/665/259 645/754/622
f 996/667/4 644/731/65 659/752/75
f 638/734/67 652/753/621 653/755/77
f 631/735/611 645/754/622 646/756/623
f 638/734/67 654/757/78 639/736/68
f 631/735/611 647/758/624 632/737/612
f 639/736/68 655/745/79 640/738/613
f 633/739/614 647/758/624 648/759/625
f 645/754/622 840/665/259 660/760/626
f 996/667/4 659/752/75 674/761/88
f 653/755/77 667/762/627 668/763/82
f 646/756/623 660/760/626 661/764/628
f 654/757/78 668/763/82 669/765/83
f 646/756/623 662/766/629 647/758/624
f 654/757/78 670/767/84 655/745/79
f 647/758/624 663/768/630 648/759/625
f 656/746/80 670/767/84 671/769/85
f 648/759/625 664/770/631 649/747/618
f 656/746/80 672/771/86 657/748/73
f 650/749/619 664/770/631 665/772/632
f 658/750/74 672/771/86 673/773/87
f 650/749/619 666/774/633 651/751/620
f 658/750/74 674/761/88 659/752/75
f 652/753/621 666/774/633 667/762/627
f 663/768/630 679/775/634 664/770/631
f 671/769/85 687/776/89 672/771/86
f 664/770/631 680/777/635 665/772/632
f 672/771/86 688/778/90 673/773/87
f 665/772/632 681/779/636 666/774/633
f 673/773/87 689/780/91 674/761/88
f 667/762/627 681/779/636 682/781/637
f 660/760/626 840/665/259 675/782/638
f 996/667/4 674/761/88 689/780/91
f 667/762/627 683/783/93 668/763/82
f 660/760/626 676/784/639 661/764/628
f 668/763/82 684/785/94 669/765/83
f 661/764/628 677/786/640 662/766/629
f 669/765/83 685/787/95 670/767/84
f 662/766/629 678/788/641 663/768/630
f 671/769/85 685/787/95 686/789/96
f 682/781/637 698/790/97 683/783/93
f 676/784/639 690/791/642 691/792/643
f 684/785/94 698/790/97 699/793/98
f 677/786/640 691/792/643 692/794/644
f 685/787/95 699/793/98 700/795/99
f 677/786/640 693/796/645 678/788/641
f 686/789/96 700/795/99 701/797/100
f 678/788/641 694/798/646 679/775/634
f 687/776/89 701/797/100 702/799/101
f 679/775/634 695/800/647 680/777/635
f 688/778/90 702/799/101 703/801/102
f 681/779/636 695/800/647 696/802/648
f 688/778/90 704/803/103 689/780/91
f 682/781/637 696/802/648 697/804/649
f 675/782/638 840/665/259 690/791/642
f 996/667/4 689/780/91 704/803/103
f 701/797/100 717/805/105 702/799/101
f 694/798/646 710/806/650 695/800/647
f 702/799/101 718/807/106 703/801/102
f 695/800/647 711/808/651 696/802/648
f 703/801/102 719/809/107 704/803/103
f 697/804/649 711/808/651 712/810/652
f 690/791/642 840/665/259 705/811/653
f 996/667/4 704/803/103 719/809/107
f 697/804/649 713/812/109 698/790/97
f 690/791/642 706/813/654 691/792/643
f 698/790/97 714/814/110 699/793/98
f 691/792/643 707/815/655 692/794/644
f 700/795/99 714/814/110 715/816/111
f 693/796/645 707/815/655 708/817/656
f 701/797/100 715/816/111 716/818/112
f 693/796/645 709/819/657 694/798/646
f 705/811/653 721/820/658 706/813/654
f 713/812/109 729/821/114 714/814/110
f 706/813/654 722/822/659 707/815/655
f 714/814/110 730/823/115 715/816/111
f 707/815/655 723/824/660 708/817/656
f 716/818/112 730/823/115 731/825/116
f 708/817/656 724/826/661 709/819/657
f 717/805/105 731/825/116 732/827/662
f 710/806/650 724/826/661 725/828/663
f 718/807/106 732/827/662 733/829/118
f 710/806/650 726/830/664 711/808/651
f 718/807/106 734/831/119 719/809/107
f 712/810/652 726/830/664 727/832/665
f 705/811/653 840/665/259 720/833/666
f 996/667/4 719/809/107 734/831/119
f 712/810/652 728/834/113 713/812/109
f 725/828/663 739/835/667 740/836/668
f 732/827/662 748/837/120 733/829/118
f 726/830/664 740/836/668 741/838/669
f 733/829/118 749/839/121 734/831/119
f 727/832/665 741/838/669 742/840/670
f 720/833/666 840/665/259 735/841/671
f 996/667/4 734/831/119 749/839/121
f 727/832/665 743/842/123 728/834/113
f 721/820/658 735/841/671 736/843/672
f 728/834/113 744/844/673 729/821/114
f 722/822/659 736/843/672 737/845/674
f 729/821/114 745/846/125 730/823/115
f 723/824/660 737/845/674 738/847/675
f 730/823/115 746/848/126 731/825/116
f 724/826/661 738/847/675 739/835/667
f 732/827/662 746/848/126 747/849/127
f 743/842/123 759/850/135 744/844/673
f 737/845/674 751/851/676 752/852/677
f 744/844/673 760/853/128 745/846/125
f 738/847/675 752/852/677 753/854/678
f 745/846/125 761/855/129 746/848/126
f 739/835/667 753/854/678 754/856/679
f 747/849/127 761/855/129 762/857/130
f 739/835/667 755/858/680 740/836/668
f 748/837/120 762/857/130 763/859/131
f 740/836/668 756/860/681 741/838/669
f 749/839/121 763/859/131 764/861/132
f 742/840/670 756/860/681 757/862/682
f 735/841/671 840/665/259 750/863/683
f 996/667/4 749/839/121 764/861/132
f 742/840/670 758/864/134 743/842/123
f 736/843/672 750/863/683 751/851/676
f 762/857/130 778/865/143 763/859/131
f 756/860/681 770/866/684 771/867/685
f 763/859/131 779/868/136 764/861/132
f 757/862/682 771/867/685 772/869/686
f 750/863/683 840/665/259 765/870/687
f 996/667/4 764/861/132 779/868/136
f 757/862/682 773/871/138 758/864/134
f 751/851/676 765/870/687 766/872/688
f 759/850/135 773/871/138 774/873/139
f 751/851/676 767/874/689 752/852/677
f 760/853/128 774/873/139 775/875/140
f 752/852/677 768/876/690 753/854/678
f 761/855/129 775/875/140 776/877/141
f 753/854/678 769/878/691 754/856/679
f 761/855/129 777/879/142 762/857/130
f 754/856/679 770/866/684 755/858/680
f 774/873/139 790/880/151 775/875/140
f 767/874/689 783/881/692 768/876/690
f 775/875/140 791/882/144 776/877/141
f 768/876/690 784/883/693 769/878/691
f 777/879/142 791/882/144 792/884/694
f 769/878/691 785/885/695 770/866/684
f 778/865/143 792/884/694 793/886/146
f 770/866/684 786/887/696 771/867/685
f 778/865/143 794/888/147 779/868/136
f 772/869/686 786/887/696 787/889/697
f 765/870/687 840/665/259 780/890/698
f 996/667/4 779/868/136 794/888/147
f 772/869/686 788/891/149 773/871/138
f 765/870/687 781/892/699 766/872/688
f 774/873/139 788/891/149 789/893/150
f 766/872/688 782/894/700 767/874/689
f 794/895/147 808/896/159 809/897/152
f 786/898/696 802/899/701 787/900/697
f 780/901/698 840/600/259 795/902/702
f 996/602/4 794/895/147 809/897/152
f 788/903/149 802/899/701 803/904/154
f 781/905/699 795/902/702 796/906/703
f 789/907/150 803/904/154 804/908/155
f 782/909/700 796/906/703 797/910/704
f 789/907/150 805/911/156 790/912/151
f 783/913/692 797/910/704 798/914/705
f 790/912/151 806/915/157 791/916/144
f 784/917/693 798/914/705 799/918/706
f 791/916/144 807/919/158 792/920/694
f 784/917/693 800/921/707 785/922/695
f 792/920/694 808/896/159 793/923/146
f 786/898/696 800/921/707 801/924/708
f 797/910/704 813/925/709 798/914/705
f 805/911/156 821/926/160 806/915/157
f 798/914/705 814/927/710 799/918/706
f 807/919/158 821/926/160 822/928/161
f 800/921/707 814/927/710 815/929/711
f 807/919/158 823/930/162 808/896/159
f 801/924/708 815/929/711 816/931/712
f 809/897/152 823/930/162 824/932/163
f 802/899/701 816/931/712 817/933/713
f 795/902/702 840/600/259 810/934/714
f 996/602/4 809/897/152 824/932/163
f 802/899/701 818/935/165 803/904/154
f 796/906/703 810/934/714 811/936/715
f 804/908/155 818/935/165 819/937/166
f 797/910/704 811/936/715 812/938/716
f 804/908/155 820/939/167 805/911/156
f 817/933/713 831/940/717 832/941/718
f 810/934/714 840/600/259 825/942/719
f 996/602/4 824/932/163 839/943/168
f 817/933/713 833/944/170 818/935/165
f 810/934/714 826/945/720 811/936/715
f 818/935/165 834/946/171 819/937/166
f 811/936/715 827/947/721 812/938/716
f 819/937/166 835/948/172 820/939/167
f 812/938/716 828/949/722 813/925/709
f 820/939/167 836/950/173 821/926/160
f 814/927/710 828/949/722 829/951/723
f 822/928/161 836/950/173 837/952/174
f 815/929/711 829/951/723 830/953/724
f 822/928/161 838/954/175 823/930/162
f 816/931/712 830/953/724 831/940/717
f 823/930/162 839/943/168 824/932/163
f 835/948/172 852/955/176 836/950/173
f 828/949/722 845/956/725 829/951/723
f 837/952/174 852/955/176 853/957/177
f 829/951/723 846/958/726 830/953/724
f 837/952/174 854/959/178 838/954/175
f 831/940/717 846/958/726 847/960/727
f 839/943/168 854/959/178 855/961/179
f 832/941/718 847/960/727 848/962/728
f 825/942/719 840/600/259 841/963/729
f 996/602/4 839/943/168 855/961/179
f 833/944/170 848/962/728 849/964/181
f 826/945/720 841/963/729 842/965/730
f 833/944/170 850/966/182 834/946/171
f 826/945/720 843/967/731 827/947/721
f 835/948/172 850/966/182 851/968/183
f 827/947/721 844/969/732 828/949/722
f 841/963/729 840/600/259 856/970/733
f 996/602/4 855/961/179 870/971/191
f 848/962/728 864/972/185 849/964/181
f 842/965/730 856/970/733 857/973/734
f 850/966/182 864/972/185 865/974/186
f 843/967/731 857/973/734 858/975/735
f 851/968/183 865/974/186 866/976/187
f 844/969/732 858/975/735 859/977/736
f 851/968/183 867/978/188 852/955/176
f 845/956/725 859/977/736 860/979/737
f 853/957/177 867/978/188 868/980/189
f 845/956/725 861/981/738 846/958/726
f 853/957/177 869/982/190 854/959/178
f 847/960/727 861/981/738 862/983/739
f 854/959/178 870/971/191 855/961/179
f 848/962/728 862/983/739 863/984/740
f 860/979/737 874/985/741 875/986/742
f 868/980/189 882/987/192 883/988/193
f 861/981/738 875/986/742 876/989/743
f 869/982/190 883/988/193 884/990/194
f 862/983/739 876/989/743 877/991/744
f 870/971/191 884/990/194 885/992/195
f 863/984/740 877/991/744 878/993/745
f 856/970/733 840/600/259 871/994/746
f 996/602/4 870/971/191 885/992/195
f 863/984/740 879/995/197 864/972/185
f 856/970/733 872/996/747 857/973/734
f 865/974/186 879/995/197 880/997/198
f 858/975/735 872/996/747 873/998/748
f 866/976/187 880/997/198 881/999/199
f 858/975/735 874/985/741 859/977/736
f 866/976/187 882/987/192 867/978/188
f 878/993/745 894/1000/207 879/995/197
f 872/996/747 886/1001/749 887/1002/750
f 880/997/198 894/1000/207 895/1003/200
f 872/996/747 888/1004/751 873/998/748
f 881/999/199 895/1003/200 896/1005/201
f 873/998/748 889/1006/752 874/985/741
f 881/999/199 897/1007/202 882/987/192
f 874/985/741 890/1008/753 875/986/742
f 883/988/193 897/1007/202 898/1009/203
f 875/986/742 891/1010/754 876/989/743
f 883/988/193 899/1011/204 884/990/194
f 876/989/743 892/1012/755 877/991/744
f 884/990/194 900/1013/205 885/992/195
f 878/993/745 892/1012/755 893/1014/756
f 871/994/746 840/600/259 886/1001/749
f 996/602/4 885/992/195 900/1013/205
f 898/1009/203 912/1015/214 913/1016/215
f 891/1010/754 905/1017/757 906/1018/758
f 898/1009/203 914/1019/208 899/1011/204
f 892/1012/755 906/1018/758 907/1020/759
f 899/1011/204 915/1021/209 900/1013/205
f 893/1014/756 907/1020/759 908/1022/760
f 886/1001/749 840/600/259 901/1023/761
f 996/602/4 900/1013/205 915/1021/209
f 893/1014/756 909/1024/211 894/1000/207
f 886/1001/749 902/1025/762 887/1002/750
f 894/1000/207 910/1026/212 895/1003/200
f 887/1002/750 903/1027/763 888/1004/751
f 895/1003/200 911/1028/213 896/1005/201
f 889/1006/752 903/1027/763 904/1029/764
f 896/1005/201 912/1015/214 897/1007/202
f 890/1008/753 904/1029/764 905/1017/757
f 909/1024/211 925/1030/223 910/1026/212
f 902/1025/762 918/1031/765 903/1027/763
f 911/1028/213 925/1030/223 926/1032/216
f 903/1027/763 919/1033/766 904/1029/764
f 912/1015/214 926/1032/216 927/1034/217
f 905/1017/757 919/1033/766 920/1035/767
f 913/1016/215 927/1034/217 928/1036/218
f 905/1017/757 921/1037/768 906/1018/758
f 913/1016/215 929/1038/219 914/1019/208
f 907/1020/759 921/1037/768 922/1039/769
f 914/1019/208 930/1040/220 915/1021/209
f 907/1020/759 923/1041/770 908/1022/760
f 901/1023/761 840/600/259 916/1042/771
f 996/602/4 915/1021/209 930/1040/220
f 909/1024/211 923/1041/770 924/1043/222
f 902/1025/762 916/1042/771 917/1044/772
f 928/1036/218 944/1045/224 929/1038/219
f 922/1039/769 936/1046/773 937/1047/774
f 929/1038/219 945/1048/225 930/1040/220
f 923/1041/770 937/1047/774 938/1049/775
f 916/1042/771 840/600/259 931/1050/776
f 996/602/4 930/1040/220 945/1048/225
f 923/1041/770 939/1051/226 924/1043/222
f 916/1042/771 932/1052/777 917/1044/772
f 924/1043/222 940/1053/227 925/1030/223
f 917/1044/772 933/1054/778 918/1031/765
f 925/1030/223 941/1055/228 926/1032/216
f 918/1031/765 934/1056/779 919/1033/766
f 927/1034/217 941/1055/228 942/1057/229
f 920/1035/767 934/1056/779 935/1058/780
f 928/1036/218 942/1057/229 943/1059/230
f 920/1035/767 936/1046/773 921/1037/768
f 933/1054/778 947/1060/781 948/1061/782
f 940/1053/227 956/1062/231 941/1055/228
f 933/1054/778 949/1063/783 934/1056/779
f 941/1055/228 957/1064/232 942/1057/229
f 935/1058/780 949/1063/783 950/1065/784
f 943/1059/230 957/1064/232 958/1066/233
f 935/1058/780 951/1067/785 936/1046/773
f 944/1045/224 958/1066/233 959/1068/234
f 937/1047/774 951/1067/785 952/1069/786
f 945/1048/225 959/1068/234 960/1070/235
f 938/1049/775 952/1069/786 953/1071/787
f 931/1050/776 840/600/259 946/1072/788
f 996/602/4 945/1048/225 960/1070/235
f 938/1049/775 954/1073/237 939/1051/226
f 932/1052/777 946/1072/788 947/1060/781
f 940/1053/227 954/1073/237 955/1074/238
f 952/1069/786 966/1075/789 967/1076/790
f 960/1070/235 974/1077/246 975/1078/239
f 953/1071/787 967/1076/790 968/1079/791
f 946/1072/788 840/600/259 961/1080/792
f 996/602/4 960/1070/235 975/1078/239
f 953/1071/787 969/1081/241 954/1073/237
f 946/1072/788 962/1082/793 947/1060/781
f 955/1074/238 969/1081/241 970/1083/242
f 948/1061/782 962/1082/793 963/1084/794
f 956/1062/231 970/1083/242 971/1085/243
f 949/1063/783 963/1084/794 964/1086/795
f 956/1062/231 972/1087/244 957/1064/232
f 950/1065/784 964/1086/795 965/1088/796
f 957/1064/232 973/1089/245 958/1066/233
f 951/1067/785 965/1088/796 966/1075/789
f 958/1066/233 974/1077/246 959/1068/234
f 970/1083/242 986/1090/247 971/1085/243
f 963/1084/794 979/1091/797 964/1086/795
f 971/1085/243 987/1092/248 972/1087/244
f 964/1086/795 980/1093/798 965/1088/796
f 972/1087/244 988/1094/249 973/1089/245
f 965/1088/796 981/1095/799 966/1075/789
f 973/1089/245 989/1096/250 974/1077/246
f 966/1075/789 982/1097/800 967/1076/790
f 974/1077/246 990/1098/251 975/1078/239
f 968/1079/791 982/1097/800 983/1099/801
f 961/1080/792 840/600/259 976/1100/802
f 996/602/4 975/1078/239 990/1098/251
f 968/1079/791 984/1101/253 969/1081/241
f 961/1080/792 977/1102/803 962/1082/793
f 969/1081/241 985/1103/254 970/1083/242
f 963/1084/794 977/1102/803 978/1104/804
f 990/1098/251 994/594/1 995/596/3
f 983/1099/801 521/591/545 991/597/548
f 976/1100/802 840/600/259 515/599/550
f 996/602/4 990/1098/251 995/596/3
f 983/1099/801 992/604/7 984/1101/253
f 977/1102/803 515/599/550 516/605/552
f 985/1103/254 992/604/7 993/608/9
f 978/1104/804 516/605/552 517/610/555
f 986/1090/247 993/608/9 522/612/11
f 979/1091/797 517/610/555 518/614/557
f 987/1092/248 522/612/11 523/616/12
f 980/1093/798 518/614/557 519/618/559
f 987/1092/248 524/620/14 988/1094/249
f 981/1095/799 519/618/559 520/621/560
f 988/1094/249 994/594/1 989/1096/250
f 982/1097/800 520/621/560 521/591/545
s 0
f 1034/1105/805 998/1106/805 1023/1107/805
f 1024/1108/806 1089/1109/806 1028/1110/806
f 1073/1111/807 1011/1112/807 1019/1113/807
f 1001/1114/808 1057/1115/808 1053/1116/808
f 997/1117/809 1002/1118/809 1001/1114/809
f 1000/1119/810 1005/1120/810 1002/1118/810
f 1003/1121/811 1004/1122/811 998/1106/811
f 1007/1123/812 1005/1124/812 1003/1125/812
f 999/1126/813 1008/1127/813 1007/1128/813
f 1001/1129/814 1008/1130/814 1006/1131/814
f 1002/1118/815 1005/1120/815 1008/1132/815
f 1012/1133/816 1013/1134/816 1009/1135/816
f 1016/1136/817 1014/1137/817 1012/1133/817
f 1010/1138/818 1017/1139/818 1016/1140/818
f 1015/1141/819 1020/1142/819 1017/1143/819
f 1011/1112/820 1020/1144/820 1019/1113/820
f 1018/1145/821 1014/1146/821 1020/1144/821
f 1014/1137/822 1017/1147/822 1020/1148/822
f 1021/1149/823 1026/1150/823 1025/1151/823
f 1024/1108/824 1029/1152/824 1026/1150/824
f 1022/1153/825 1029/1154/825 1028/1110/825
f 1027/1155/826 1032/1156/826 1029/1154/826
f 1030/1157/827 1031/1158/827 1023/1107/827
f 1025/1159/828 1032/1160/828 1030/1161/828
f 1026/1162/829 1029/1163/829 1032/1164/829
f 1033/1165/830 1038/1166/830 1037/1167/830
f 1036/1168/831 1041/1169/831 1038/1170/831
f 1039/1171/832 1040/1172/832 1034/1105/832
f 1043/1173/833 1041/1174/833 1039/1171/833
f 1035/1175/834 1044/1176/834 1043/1177/834
f 1037/1178/835 1044/1176/835 1042/1179/835
f 1038/1170/836 1041/1169/836 1044/1180/836
f 1006/1181/837 1050/1182/837 1057/1183/837
f 1077/1184/838 997/1117/838 1046/1185/838
f 1062/1186/839 1015/1187/839 1010/1138/839
f 1011/1112/745 1050/1182/745 999/1126/745
f 998/1106/840 1013/1134/840 1003/1121/840
f 1013/1188/841 1007/1128/841 1003/1189/841
f 1018/1145/842 999/1126/842 1007/1128/842
f 1062/1186/843 1033/1165/843 1094/1190/843
f 1021/1149/844 1086/1191/844 1024/1108/844
f 1070/1192/845 1019/1193/845 1015/1194/845
f 1089/1109/846 1022/1153/846 1028/1110/846
f 1033/1165/847 1101/1195/847 1094/1190/847
f 1097/1196/609 1022/1153/609 1082/1197/609
f 1042/1179/848 1097/1196/848 1105/1198/848
f 1037/1167/849 1105/1198/849 1101/1195/849
f 1023/1107/850 1039/1171/850 1034/1105/850
f 1031/1158/851 1043/1177/851 1039/1171/851
f 1043/1177/852 1022/1153/852 1035/1175/852
f 1021/1149/853 1000/1119/853 997/1117/853
f 1025/1151/854 1004/1199/854 1000/1119/854
f 1030/1157/855 998/1106/855 1004/1122/855
f 1010/1138/856 1036/1200/856 1033/1165/856
f 1016/1136/857 1040/1172/857 1036/1201/857
f 1012/1133/858 1034/1105/858 1040/1172/858
f 1061/1202/859 1098/1203/859 1078/1204/859
f 1046/1185/860 1055/1205/860 1048/1206/860
f 1048/1206/861 1056/1207/861 1047/1208/861
f 1047/1208/862 1054/1209/862 1045/1210/862
f 1053/1116/863 1059/1211/863 1055/1212/863
f 1059/1213/864 1056/1207/864 1055/1214/864
f 1060/1215/865 1054/1209/865 1056/1207/865
f 1050/1182/866 1059/1216/866 1057/1183/866
f 1052/1217/867 1060/1215/867 1059/1216/867
f 1051/1218/868 1058/1219/868 1060/1215/868
f 1062/1186/869 1072/1220/869 1070/1221/869
f 1064/1222/870 1071/1223/870 1072/1220/870
f 1063/1224/871 1069/1225/871 1071/1223/871
f 1066/1226/872 1075/1227/872 1068/1228/872
f 1068/1228/873 1076/1229/873 1067/1230/873
f 1067/1230/874 1074/1231/874 1065/1232/874
f 1070/1192/875 1075/1233/875 1073/1234/875
f 1075/1235/876 1071/1223/876 1076/1229/876
f 1076/1229/877 1069/1225/877 1074/1231/877
f 1077/1184/878 1088/1236/878 1086/1191/878
f 1079/1237/879 1087/1238/879 1088/1236/879
f 1080/1239/880 1085/1240/880 1087/1238/880
f 1082/1197/881 1091/1241/881 1084/1242/881
f 1084/1242/882 1092/1243/882 1083/1244/882
f 1083/1244/883 1090/1245/883 1081/1246/883
f 1086/1191/884 1091/1241/884 1089/1109/884
f 1088/1236/885 1092/1243/885 1091/1241/885
f 1092/1243/886 1085/1240/886 1090/1245/886
f 1094/1190/887 1103/1247/887 1096/1248/887
f 1096/1248/888 1104/1249/888 1095/1250/888
f 1095/1250/889 1102/1251/889 1093/1252/889
f 1105/1198/890 1103/1247/890 1101/1195/890
f 1107/1253/891 1104/1249/891 1103/1247/891
f 1108/1254/892 1102/1251/892 1104/1249/892
f 1097/1196/893 1107/1253/893 1105/1198/893
f 1099/1255/894 1108/1254/894 1107/1253/894
f 1100/1256/895 1106/1257/895 1108/1254/895
f 1050/1182/896 1068/1228/896 1052/1217/896
f 1068/1228/897 1051/1218/897 1052/1217/897
f 1067/1230/898 1049/1258/898 1051/1218/898
f 1046/1185/899 1079/1237/899 1077/1184/899
f 1048/1206/900 1080/1239/900 1079/1237/900
f 1047/1208/901 1078/1204/901 1080/1239/901
f 1094/1190/902 1064/1222/902 1062/1186/902
f 1096/1248/903 1063/1224/903 1064/1222/903
f 1063/1224/904 1093/1252/904 1061/1202/904
f 1082/1197/905 1099/1255/905 1097/1196/905
f 1099/1255/906 1083/1244/906 1100/1256/906
f 1100/1256/907 1081/1246/907 1098/1203/907
f 997/1117/908 1053/1116/908 1046/1185/908
s 1
f 255/1/1 10/16/16 11/2/2
f 252/5/5 4/19/19 5/6/6
f 253/7/7 5/6/6 6/8/8
f 254/9/9 6/8/8 7/10/10
f 2/12/12 1/11/11 7/10/10
f 3/14/14 2/12/12 8/13/13
f 3/14/14 9/15/15 10/16/16
f 9/15/15 17/24/24 18/17/17
f 10/16/16 18/17/17 19/18/18
f 4/19/19 12/31/31 13/20/20
f 6/8/8 5/6/6 13/20/20
f 7/10/10 6/8/8 14/21/21
f 7/10/10 15/22/22 16/23/23
f 8/13/13 16/23/23 17/24/24
f 15/22/22 14/21/21 22/25/25
f 15/22/22 23/26/26 24/27/27
f 17/24/24 16/23/23 24/27/27
f 17/24/24 25/28/28 26/29/29
f 19/18/18 18/17/17 26/29/29
f 12/31/31 20/35/35 21/32/32
f 14/21/21 13/20/20 21/32/32
f 27/30/30 26/29/29 34/33/33
f 20/35/35 28/47/47 29/36/36
f 22/25/25 21/32/32 29/36/36
f 22/25/25 30/37/37 31/38/38
f 23/26/26 31/38/38 32/39/39
f 24/27/27 32/39/39 33/40/40
f 25/28/28 33/40/40 34/33/33
f 31/38/38 30/37/37 38/41/41
f 31/38/38 39/42/42 40/43/43
f 33/40/40 32/39/39 40/43/43
f 34/33/33 33/40/40 41/44/44
f 35/34/34 34/33/33 42/45/45
f 28/47/47 36/51/51 37/48/48
f 30/37/37 29/36/36 37/48/48
f 43/46/46 42/45/45 50/49/49
f 36/51/51 44/61/61 45/52/52
f 38/41/41 37/48/48 45/52/52
f 39/42/42 38/41/41 46/53/53
f 39/42/42 47/54/54 48/55/55
f 40/43/43 48/55/55 49/56/56
f 42/45/45 41/44/44 49/56/56
f 47/54/54 55/64/64 56/57/57
f 48/55/55 56/57/57 57/58/58
f 50/49/49 49/56/56 57/58/58
f 50/49/49 58/59/59 59/60/60
f 44/61/61 52/66/66 53/62/62
f 46/53/53 45/52/52 53/62/62
f 46/53/53 54/63/63 55/64/64
f 52/66/66 60/76/76 61/67/67
f 54/63/63 53/62/62 61/67/67
f 54/63/63 62/68/68 63/69/69
f 55/64/64 63/69/69 64/70/70
f 56/57/57 64/70/70 65/71/71
f 57/58/58 65/71/71 66/72/72
f 59/60/60 58/59/59 66/72/72
f 64/70/70 72/80/80 73/73/73
f 66/72/72 65/71/71 73/73/73
f 66/72/72 74/74/74 75/75/75
f 60/76/76 68/81/81 69/77/77
f 62/68/68 61/67/67 69/77/77
f 62/68/68 70/78/78 71/79/79
f 63/69/69 71/79/79 72/80/80
f 68/81/81 76/92/92 77/82/82
f 70/78/78 69/77/77 77/82/82
f 71/79/79 70/78/78 78/83/83
f 72/80/80 71/79/79 79/84/84
f 73/73/73 72/80/80 80/85/85
f 74/74/74 73/73/73 81/86/86
f 75/75/75 74/74/74 82/87/87
f 80/85/85 88/96/96 89/89/89
f 81/86/86 89/89/89 90/90/90
f 83/88/88 82/87/87 90/90/90
f 76/92/92 84/104/104 85/93/93
f 77/82/82 85/93/93 86/94/94
f 78/83/83 86/94/94 87/95/95
f 79/84/84 87/95/95 88/96/96
f 86/94/94 85/93/93 93/97/97
f 87/95/95 86/94/94 94/98/98
f 88/96/96 87/95/95 95/99/99
f 88/96/96 96/100/100 97/101/101
f 89/89/89 97/101/101 98/102/102
f 90/90/90 98/102/102 99/103/103
f 84/104/104 92/1259/909 93/97/97
f 98/102/102 97/101/101 105/105/105
f 99/103/103 98/102/102 106/106/106
f 93/97/97 92/1259/909 100/108/108
f 93/97/97 101/109/109 102/110/110
f 94/98/98 102/110/110 103/111/111
f 96/100/100 95/99/99 103/111/111
f 97/101/101 96/100/100 104/112/112
f 102/110/110 101/109/109 109/113/113
f 102/110/110 110/114/114 111/115/115
f 103/111/111 111/115/115 112/116/116
f 105/105/105 104/112/112 112/116/116
f 105/105/105 113/117/117 114/118/118
f 107/107/107 106/106/106 114/118/118
f 100/108/108 108/122/122 109/113/113
f 113/117/117 121/127/127 122/120/120
f 114/118/118 122/120/120 123/121/121
f 108/122/122 116/133/133 117/123/123
f 109/113/113 117/123/123 118/124/124
f 110/114/114 118/124/124 119/125/125
f 111/115/115 119/125/125 120/126/126
f 113/117/117 112/116/116 120/126/126
f 118/124/124 126/135/135 127/128/128
f 119/125/125 127/128/128 128/129/129
f 121/127/127 120/126/126 128/129/129
f 122/120/120 121/127/127 129/130/130
f 123/121/121 122/120/120 130/131/131
f 116/133/133 124/1260/137 125/134/134
f 118/124/124 117/123/123 125/134/134
f 130/136/131 138/150/143 139/137/136
f 124/139/137 132/155/148 133/140/138
f 126/142/135 125/141/134 133/140/138
f 127/144/128 126/142/135 134/143/139
f 128/146/129 127/144/128 135/145/140
f 128/146/129 136/147/141 137/148/142
f 129/149/130 137/148/142 138/150/143
f 135/145/140 143/158/151 144/151/144
f 137/148/142 136/147/141 144/151/144
f 138/150/143 137/148/142 145/152/145
f 139/137/136 138/150/143 146/153/146
f 132/155/148 140/160/153 141/156/149
f 134/143/139 133/140/138 141/156/149
f 134/143/139 142/157/150 143/158/151
f 140/160/153 148/171/164 149/161/154
f 141/156/149 149/161/154 150/162/155
f 142/157/150 150/162/155 151/163/156
f 143/158/151 151/163/156 152/164/157
f 144/151/144 152/164/157 153/165/158
f 145/152/145 153/165/158 154/166/159
f 146/153/146 154/166/159 155/159/152
f 151/163/156 159/174/167 160/167/160
f 153/165/158 152/164/157 160/167/160
f 153/165/158 161/168/161 162/169/162
f 154/166/159 162/169/162 163/170/163
f 148/171/164 156/176/169 157/172/165
f 150/162/155 149/161/154 157/172/165
f 150/162/155 158/173/166 159/174/167
f 156/176/169 164/187/180 165/177/170
f 158/173/166 157/172/165 165/177/170
f 158/173/166 166/178/171 167/179/172
f 159/174/167 167/179/172 168/180/173
f 161/168/161 160/167/160 168/180/173
f 162/169/162 161/168/161 169/181/174
f 163/170/163 162/169/162 170/182/175
f 169/181/174 168/180/173 176/183/176
f 169/181/174 177/184/177 178/185/178
f 171/175/168 170/182/175 178/185/178
f 164/187/180 172/191/184 173/188/181
f 166/178/171 165/177/170 173/188/181
f 166/178/171 174/189/182 175/190/183
f 168/180/173 167/179/172 175/190/183
f 172/191/184 180/203/196 181/192/185
f 173/188/181 181/192/185 182/193/186
f 174/189/182 182/193/186 183/194/187
f 175/190/183 183/194/187 184/195/188
f 177/184/177 176/183/176 184/195/188
f 177/184/177 185/196/189 186/197/190
f 179/186/179 178/185/178 186/197/190
f 185/196/189 184/195/188 192/199/192
f 185/196/189 193/200/193 194/201/194
f 187/198/191 186/197/190 194/201/194
f 180/203/196 188/213/206 189/204/197
f 181/192/185 189/204/197 190/205/198
f 183/194/187 182/193/186 190/205/198
f 184/195/188 183/194/187 191/206/199
f 189/204/197 197/214/207 198/207/200
f 191/206/199 190/205/198 198/207/200
f 191/206/199 199/208/201 200/209/202
f 192/199/192 200/209/202 201/210/203
f 194/201/194 193/200/193 201/210/203
f 195/202/195 194/201/194 202/211/204
f 188/213/206 196/217/210 197/214/207
f 201/210/203 209/222/215 210/215/208
f 203/212/205 202/211/204 210/215/208
f 196/217/210 204/1261/910 205/218/211
f 197/214/207 205/218/211 206/219/212
f 198/207/200 206/219/212 207/220/213
f 199/208/201 207/220/213 208/221/214
f 201/210/203 200/209/202 208/221/214
f 206/219/212 214/230/223 215/223/216
f 208/221/214 207/220/213 215/223/216
f 208/221/214 216/224/217 217/225/218
f 209/222/215 217/225/218 218/226/219
f 210/215/208 218/226/219 219/227/220
f 205/218/211 204/1261/910 212/228/221
f 205/218/211 213/229/222 214/230/223
f 219/227/220 218/226/219 226/231/224
f 212/228/221 220/243/236 221/233/226
f 213/229/222 221/233/226 222/234/227
f 214/230/223 222/234/227 223/235/228
f 216/224/217 215/223/216 223/235/228
f 217/225/218 216/224/217 224/236/229
f 217/225/218 225/237/230 226/231/224
f 222/234/227 230/245/238 231/238/231
f 224/236/229 223/235/228 231/238/231
f 225/237/230 224/236/229 232/239/232
f 226/231/224 225/237/230 233/240/233
f 227/232/225 226/231/224 234/241/234
f 220/243/236 228/247/240 229/244/237
f 221/233/226 229/244/237 230/245/238
f 234/241/234 242/253/246 243/246/239
f 228/247/240 236/259/252 237/248/241
f 229/244/237 237/248/241 238/249/242
f 230/245/238 238/249/242 239/250/243
f 232/239/232 231/238/231 239/250/243
f 232/239/232 240/251/244 241/252/245
f 233/240/233 241/252/245 242/253/246
f 240/251/244 239/250/243 247/254/247
f 241/252/245 240/251/244 248/255/248
f 242/253/246 241/252/245 249/256/249
f 242/253/246 250/257/250 251/258/251
f 236/259/252 244/262/255 245/260/253
f 237/248/241 245/260/253 246/261/254
f 238/249/242 246/261/254 247/254/247
f 244/262/255 252/5/5 253/7/7
f 246/261/254 245/260/253 253/7/7
f 246/261/254 254/9/9 1/11/11
f 247/254/247 1/11/11 2/12/12
f 248/255/248 2/12/12 3/14/14
f 249/256/249 3/14/14 255/1/1
f 250/257/250 255/1/1 256/3/3
f 268/263/256 267/276/269 512/264/257
f 262/267/260 261/280/273 509/268/261
f 511/270/263 263/282/275 262/267/260
f 264/271/264 263/282/275 511/270/263
f 259/273/266 265/285/278 264/271/264
f 266/274/267 265/285/278 259/273/266
f 267/276/269 266/274/267 260/275/268
f 267/276/269 275/288/281 274/277/270
f 276/278/271 275/288/281 267/276/269
f 270/279/272 269/292/285 261/280/273
f 271/281/274 270/279/272 262/267/260
f 272/283/276 271/281/274 263/282/275
f 273/284/277 272/283/276 264/271/264
f 274/277/270 273/284/277 265/285/278
f 280/286/279 279/297/290 271/281/274
f 273/284/277 281/301/294 280/286/279
f 282/287/280 281/301/294 273/284/277
f 275/288/281 283/289/282 282/287/280
f 276/278/271 284/290/283 283/289/282
f 270/279/272 278/293/286 277/291/284
f 271/281/274 279/297/290 278/293/286
f 284/290/283 292/295/288 291/294/287
f 278/293/286 286/298/291 285/296/289
f 279/297/290 287/304/297 286/298/291
f 288/299/292 287/304/297 279/297/290
f 289/300/293 288/299/292 280/286/279
f 290/302/295 289/300/293 281/301/294
f 283/289/282 291/294/287 290/302/295
f 288/299/292 296/305/298 295/303/296
f 289/300/293 297/306/299 296/305/298
f 290/302/295 298/315/308 297/306/299
f 299/307/300 298/315/308 290/302/295
f 300/308/301 299/307/300 291/294/287
f 294/309/302 293/312/305 285/296/289
f 295/303/296 294/309/302 286/298/291
f 308/310/303 307/316/309 299/307/300
f 294/309/302 302/323/316 301/311/304
f 303/313/306 302/323/316 294/309/302
f 296/305/298 304/318/311 303/313/306
f 305/314/307 304/318/311 296/305/298
f 298/315/308 306/319/312 305/314/307
f 307/316/309 306/319/312 298/315/308
f 305/314/307 313/320/313 312/317/310
f 306/319/312 314/331/324 313/320/313
f 315/321/314 314/331/324 306/319/312
f 308/310/303 316/322/315 315/321/314
f 302/323/316 310/327/320 309/324/317
f 311/325/318 310/327/320 302/323/316
f 304/318/311 312/317/310 311/325/318
f 310/327/320 318/338/331 317/328/321
f 319/329/322 318/338/331 310/327/320
f 312/317/310 320/340/333 319/329/322
f 321/330/323 320/340/333 312/317/310
f 314/331/324 322/332/325 321/330/323
f 315/321/314 323/333/326 322/332/325
f 316/322/315 324/326/319 323/333/326
f 330/334/327 329/346/339 321/330/323
f 331/335/328 330/334/327 322/332/325
f 332/336/329 331/335/328 323/333/326
f 326/337/330 325/342/335 317/328/321
f 319/329/322 327/343/336 326/337/330
f 328/339/332 327/343/336 319/329/322
f 321/330/323 329/346/339 328/339/332
f 334/341/334 333/354/347 325/342/335
f 327/343/336 335/344/337 334/341/334
f 328/339/332 336/356/349 335/344/337
f 337/345/338 336/356/349 328/339/332
f 338/347/340 337/345/338 329/346/339
f 331/335/328 339/350/343 338/347/340
f 340/348/341 339/350/343 331/335/328
f 346/349/342 345/362/355 337/345/338
f 339/350/343 347/351/344 346/349/342
f 340/348/341 348/352/345 347/351/344
f 334/341/334 342/359/352 341/353/346
f 343/355/348 342/359/352 334/341/334
f 336/356/349 344/357/350 343/355/348
f 337/345/338 345/362/355 344/357/350
f 343/355/348 351/371/364 350/358/351
f 352/360/353 351/371/364 343/355/348
f 353/361/354 352/360/353 344/357/350
f 354/363/356 353/361/354 345/362/355
f 347/351/344 355/364/357 354/363/356
f 348/352/345 356/365/358 355/364/357
f 342/359/352 350/358/351 349/366/359
f 363/367/360 362/376/369 354/363/356
f 364/368/361 363/367/360 355/364/357
f 358/369/362 357/380/373 349/366/359
f 359/370/363 358/369/362 350/358/351
f 352/360/353 360/372/365 359/370/363
f 353/361/354 361/373/366 360/372/365
f 354/363/356 362/376/369 361/373/366
f 367/374/367 366/384/377 358/369/362
f 360/372/365 368/387/380 367/374/367
f 369/375/368 368/387/380 360/372/365
f 362/376/369 370/382/375 369/375/368
f 371/377/370 370/382/375 362/376/369
f 372/378/371 371/377/370 363/367/360
f 358/369/362 366/384/377 365/379/372
f 379/381/374 378/392/385 370/382/375
f 372/378/371 380/383/376 379/381/374
f 366/384/377 374/396/389 373/385/378
f 375/386/379 374/396/389 366/384/377
f 368/387/380 376/388/381 375/386/379
f 369/375/368 377/389/382 376/388/381
f 370/382/375 378/392/385 377/389/382
f 376/388/381 384/1262/395 383/390/383
f 385/391/384 384/1262/395 376/388/381
f 378/392/385 386/393/386 385/391/384
f 379/381/374 387/394/387 386/393/386
f 380/383/376 388/395/388 387/394/387
f 374/396/389 382/1263/393 381/397/390
f 383/390/383 382/1263/393 374/396/389
f 396/398/391 395/410/397 387/399/387
f 390/401/392 389/416/403 381/402/390
f 383/404/383 391/417/404 390/401/392
f 392/405/394 391/417/404 383/404/383
f 385/407/384 393/412/399 392/405/394
f 394/408/396 393/412/399 385/407/384
f 395/410/397 394/408/396 386/409/386
f 401/411/398 400/423/410 392/405/394
f 402/413/400 401/411/398 393/412/399
f 395/410/397 403/426/413 402/413/400
f 404/414/401 403/426/413 395/410/397
f 390/401/392 398/418/405 397/415/402
f 391/417/404 399/419/406 398/418/405
f 392/405/394 400/423/410 399/419/406
f 398/418/405 406/433/420 405/421/408
f 407/422/409 406/433/420 398/418/405
f 400/423/410 408/424/411 407/422/409
f 401/411/398 409/429/416 408/424/411
f 410/425/412 409/429/416 401/411/398
f 403/426/413 411/427/414 410/425/412
f 404/414/401 412/420/407 411/427/414
f 417/428/415 416/436/423 408/424/411
f 418/430/417 417/428/415 409/429/416
f 411/427/414 419/431/418 418/430/417
f 412/420/407 420/432/419 419/431/418
f 406/433/420 414/435/422 413/434/421
f 407/422/409 415/439/426 414/435/422
f 416/436/423 415/439/426 407/422/409
f 422/438/425 421/449/436 413/434/421
f 415/439/426 423/440/427 422/438/425
f 416/436/423 424/441/428 423/440/427
f 417/428/415 425/442/429 424/441/428
f 418/430/417 426/444/431 425/442/429
f 427/443/430 426/444/431 418/430/417
f 428/437/424 427/443/430 419/431/418
f 426/444/431 434/456/443 433/445/432
f 435/446/433 434/456/443 426/444/431
f 436/447/434 435/446/433 427/443/430
f 422/438/425 430/451/438 429/448/435
f 431/450/437 430/451/438 422/438/425
f 424/441/428 432/454/441 431/450/437
f 433/445/432 432/454/441 424/441/428
f 430/451/438 438/465/452 437/452/439
f 439/453/440 438/465/452 430/451/438
f 432/454/441 440/455/442 439/453/440
f 433/445/432 441/457/444 440/455/442
f 434/456/443 442/460/447 441/457/444
f 443/458/445 442/460/447 434/456/443
f 436/447/434 444/459/446 443/458/445
f 442/460/447 450/462/449 449/461/448
f 443/458/445 451/463/450 450/462/449
f 444/459/446 452/464/451 451/463/450
f 438/465/452 446/469/456 445/466/453
f 447/467/454 446/469/456 438/465/452
f 440/455/442 448/471/458 447/467/454
f 449/461/448 448/471/458 440/455/442
f 447/467/454 455/479/466 454/468/455
f 456/470/457 455/479/466 447/467/454
f 449/461/448 457/483/470 456/470/457
f 458/472/459 457/483/470 449/461/448
f 459/473/460 458/472/459 450/462/449
f 460/474/461 459/473/460 451/463/450
f 454/468/455 453/478/465 445/466/453
f 459/473/460 467/488/475 466/475/462
f 468/476/463 467/488/475 459/473/460
f 454/468/455 462/480/467 461/477/464
f 455/479/466 463/481/468 462/480/467
f 456/470/457 464/484/471 463/481/468
f 465/482/469 464/484/471 456/470/457
f 466/475/462 465/482/469 457/483/470
f 464/484/471 472/486/473 471/485/472
f 465/482/469 473/499/486 472/486/473
f 474/487/474 473/499/486 465/482/469
f 467/488/475 475/489/476 474/487/474
f 468/476/463 476/490/477 475/489/476
f 462/480/467 470/494/481 469/491/478
f 471/485/472 470/494/481 462/480/467
f 476/490/477 484/493/480 483/492/479
f 470/494/481 478/496/483 477/495/482
f 471/485/472 479/502/489 478/496/483
f 480/497/484 479/502/489 471/485/472
f 481/498/485 480/497/484 472/486/473
f 482/500/487 481/498/485 473/499/486
f 475/489/476 483/492/479 482/500/487
f 480/497/484 488/503/490 487/501/488
f 481/498/485 489/504/491 488/503/490
f 482/500/487 490/513/500 489/504/491
f 491/505/492 490/513/500 482/500/487
f 492/506/493 491/505/492 483/492/479
f 486/507/494 485/510/497 477/495/482
f 479/502/489 487/501/488 486/507/494
f 500/508/495 499/514/501 491/505/492
f 486/507/494 494/521/508 493/509/496
f 495/511/498 494/521/508 486/507/494
f 488/503/490 496/516/503 495/511/498
f 497/512/499 496/516/503 488/503/490
f 490/513/500 498/517/504 497/512/499
f 499/514/501 498/517/504 490/513/500
f 497/512/499 505/518/505 504/515/502
f 498/517/504 506/525/512 505/518/505
f 507/519/506 506/525/512 498/517/504
f 500/508/495 508/520/507 507/519/506
f 494/521/508 502/524/511 501/522/509
f 503/523/510 502/524/511 494/521/508
f 496/516/503 504/515/502 503/523/510
f 502/524/511 510/269/262 509/268/261
f 511/270/263 510/269/262 502/524/511
f 504/515/502 258/272/265 511/270/263
f 259/273/266 258/272/265 504/515/502
f 506/525/512 260/275/268 259/273/266
f 507/519/506 512/264/257 260/275/268
f 508/520/507 513/265/258 512/264/257
f 4/526/513 261/590/513 269/527/514
f 20/529/515 12/528/514 269/527/514
f 28/531/516 20/529/515 277/530/515
f 36/533/517 28/531/516 285/532/516
f 44/535/518 36/533/517 293/534/517
f 52/537/519 44/535/518 301/536/518
f 60/539/520 52/537/519 309/538/519
f 68/541/521 60/539/520 317/540/520
f 76/543/522 68/541/521 325/542/521
f 84/545/523 76/543/522 333/544/522
f 92/547/524 84/545/523 341/546/523
f 100/549/525 92/547/524 349/548/524
f 108/551/526 100/549/525 357/550/525
f 116/553/527 108/551/526 365/552/526
f 124/555/528 116/553/527 373/554/527
f 132/557/529 124/1264/528 381/558/528
f 140/560/530 132/557/529 389/559/529
f 140/560/530 397/561/530 405/562/531
f 148/563/531 405/562/531 413/564/532
f 156/565/532 413/564/532 421/566/533
f 164/567/533 421/566/533 429/568/534
f 172/569/534 429/568/534 437/570/535
f 180/571/535 437/570/535 445/572/536
f 188/573/536 445/572/536 453/574/537
f 196/575/537 453/574/537 461/576/538
f 204/577/538 461/576/538 469/578/539
f 212/579/539 469/578/539 477/580/540
f 220/581/540 477/580/540 485/582/541
f 228/583/541 485/582/541 493/584/542
f 236/585/542 493/584/542 501/586/543
f 244/587/543 501/586/543 509/588/544
f 252/589/544 509/588/544 261/590/513
f 521/591/545 520/621/560 530/592/546
f 994/594/1 538/622/16 539/595/2
f 991/597/548 521/591/545 531/593/547
f 991/597/548 532/598/549 533/603/6
f 516/605/552 515/599/550 525/601/551
f 992/604/7 533/603/6 534/607/8
f 516/605/552 526/606/553 527/609/554
f 993/608/9 534/607/8 535/611/10
f 517/610/555 527/609/554 528/613/556
f 522/612/11 535/611/10 536/615/13
f 518/614/557 528/613/556 529/617/558
f 523/616/12 536/615/13 537/619/15
f 519/618/559 529/617/558 530/592/546
f 994/594/1 524/620/14 537/619/15
f 530/592/546 529/617/558 544/623/561
f 537/619/15 552/637/24 553/625/17
f 531/593/547 530/592/546 545/624/562
f 538/622/16 553/625/17 554/627/18
f 532/598/549 531/593/547 546/626/563
f 532/598/549 547/628/564 548/630/20
f 526/606/553 525/601/551 540/629/565
f 534/607/8 533/603/6 548/630/20
f 526/606/553 541/631/566 542/633/567
f 535/611/10 534/607/8 549/632/21
f 527/609/554 542/633/567 543/635/568
f 535/611/10 550/634/22 551/636/23
f 529/617/558 528/613/556 543/635/568
f 537/619/15 536/615/13 551/636/23
f 548/638/20 563/668/32 564/639/25
f 542/641/567 541/669/566 556/642/569
f 550/644/22 549/640/21 564/639/25
f 543/646/568 542/641/567 557/643/570
f 551/648/23 550/644/22 565/645/26
f 543/646/568 558/647/571 559/650/572
f 551/648/23 566/649/27 567/652/28
f 544/651/561 559/650/572 560/654/573
f 553/656/17 552/653/24 567/652/28
f 545/655/562 560/654/573 561/658/574
f 554/660/18 553/656/17 568/657/29
f 546/659/563 561/658/574 562/662/575
f 547/663/564 562/662/575 563/668/32
f 540/664/565 555/666/576 556/642/569
f 567/652/28 582/683/40 583/670/33
f 560/654/573 575/684/584 576/671/577
f 569/661/30 568/657/29 583/670/33
f 562/662/575 561/658/574 576/671/577
f 562/662/575 577/673/578 578/675/36
f 555/666/576 570/674/579 571/676/580
f 564/639/25 563/668/32 578/675/36
f 556/642/569 571/676/580 572/678/581
f 564/639/25 579/677/37 580/679/38
f 557/643/570 572/678/581 573/680/582
f 565/645/26 580/679/38 581/681/39
f 559/650/572 558/647/571 573/680/582
f 566/649/27 581/681/39 582/683/40
f 560/654/573 559/650/572 574/682/583
f 571/676/580 586/699/592 587/685/585
f 580/679/38 579/677/37 594/686/41
f 572/678/581 587/685/585 588/688/586
f 580/679/38 595/687/42 596/689/43
f 573/680/582 588/688/586 589/690/587
f 582/683/40 581/681/39 596/689/43
f 575/684/584 574/682/583 589/690/587
f 583/670/33 582/683/40 597/691/44
f 575/684/584 590/692/588 591/694/589
f 583/670/33 598/693/45 599/695/46
f 577/673/578 576/671/577 591/694/589
f 577/673/578 592/696/590 593/698/48
f 571/676/580 570/674/579 585/697/591
f 579/677/37 578/675/36 593/698/48
f 590/692/588 605/713/600 606/700/593
f 598/693/45 613/714/49 614/701/50
f 592/696/590 591/694/589 606/700/593
f 592/696/590 607/702/594 608/704/52
f 586/699/592 585/697/591 600/703/595
f 594/686/41 593/698/48 608/704/52
f 587/685/585 586/699/592 601/705/596
f 594/686/41 609/706/53 610/708/54
f 588/688/586 587/685/585 602/707/597
f 595/687/42 610/708/54 611/710/55
f 588/688/586 603/709/598 604/711/599
f 597/691/44 596/689/43 611/710/55
f 590/692/588 589/690/587 604/711/599
f 598/693/45 597/691/44 612/712/56
f 609/706/53 624/728/63 625/715/64
f 602/707/597 617/729/608 618/716/601
f 611/710/55 610/708/54 625/715/64
f 603/709/598 618/716/601 619/718/602
f 611/710/55 626/717/57 627/719/58
f 604/711/599 619/718/602 620/720/603
f 613/714/49 612/712/56 627/719/58
f 606/700/593 605/713/600 620/720/603
f 614/701/50 613/714/49 628/721/59
f 606/700/593 621/722/604 622/724/605
f 607/702/594 622/724/605 623/726/62
f 601/705/596 600/703/595 615/725/606
f 609/706/53 608/704/52 623/726/62
f 601/705/596 616/727/607 617/729/608
f 629/723/60 628/721/59 643/730/72
f 621/722/604 636/744/617 637/732/609
f 623/726/62 622/724/605 637/732/609
f 616/727/607 615/725/606 630/733/610
f 623/726/62 638/734/67 639/736/68
f 617/729/608 616/727/607 631/735/611
f 624/728/63 639/736/68 640/738/613
f 618/716/601 617/729/608 632/737/612
f 626/717/57 625/715/64 640/738/613
f 618/716/601 633/739/614 634/741/615
f 626/717/57 641/740/70 642/742/71
f 620/720/603 619/718/602 634/741/615
f 628/721/59 627/719/58 642/742/71
f 621/722/604 620/720/603 635/743/616
f 641/740/70 640/738/613 655/745/79
f 633/739/614 648/759/625 649/747/618
f 641/740/70 656/746/80 657/748/73
f 635/743/616 634/741/615 649/747/618
f 643/730/72 642/742/71 657/748/73
f 635/743/616 650/749/619 651/751/620
f 644/731/65 643/730/72 658/750/74
f 637/732/609 636/744/617 651/751/620
f 638/734/67 637/732/609 652/753/621
f 631/735/611 630/733/610 645/754/622
f 638/734/67 653/755/77 654/757/78
f 631/735/611 646/756/623 647/758/624
f 639/736/68 654/757/78 655/745/79
f 633/739/614 632/737/612 647/758/624
f 653/755/77 652/753/621 667/762/627
f 646/756/623 645/754/622 660/760/626
f 654/757/78 653/755/77 668/763/82
f 646/756/623 661/764/628 662/766/629
f 654/757/78 669/765/83 670/767/84
f 647/758/624 662/766/629 663/768/630
f 656/746/80 655/745/79 670/767/84
f 648/759/625 663/768/630 664/770/631
f 656/746/80 671/769/85 672/771/86
f 650/749/619 649/747/618 664/770/631
f 658/750/74 657/748/73 672/771/86
f 650/749/619 665/772/632 666/774/633
f 658/750/74 673/773/87 674/761/88
f 652/753/621 651/751/620 666/774/633
f 663/768/630 678/788/641 679/775/634
f 671/769/85 686/789/96 687/776/89
f 664/770/631 679/775/634 680/777/635
f 672/771/86 687/776/89 688/778/90
f 665/772/632 680/777/635 681/779/636
f 673/773/87 688/778/90 689/780/91
f 667/762/627 666/774/633 681/779/636
f 667/762/627 682/781/637 683/783/93
f 660/760/626 675/782/638 676/784/639
f 668/763/82 683/783/93 684/785/94
f 661/764/628 676/784/639 677/786/640
f 669/765/83 684/785/94 685/787/95
f 662/766/629 677/786/640 678/788/641
f 671/769/85 670/767/84 685/787/95
f 682/781/637 697/804/649 698/790/97
f 676/784/639 675/782/638 690/791/642
f 684/785/94 683/783/93 698/790/97
f 677/786/640 676/784/639 691/792/643
f 685/787/95 684/785/94 699/793/98
f 677/786/640 692/794/644 693/796/645
f 686/789/96 685/787/95 700/795/99
f 678/788/641 693/796/645 694/798/646
f 687/776/89 686/789/96 701/797/100
f 679/775/634 694/798/646 695/800/647
f 688/778/90 687/776/89 702/799/101
f 681/779/636 680/777/635 695/800/647
f 688/778/90 703/801/102 704/803/103
f 682/781/637 681/779/636 696/802/648
f 701/797/100 716/818/112 717/805/105
f 694/798/646 709/819/657 710/806/650
f 702/799/101 717/805/105 718/807/106
f 695/800/647 710/806/650 711/808/651
f 703/801/102 718/807/106 719/809/107
f 697/804/649 696/802/648 711/808/651
f 697/804/649 712/810/652 713/812/109
f 690/791/642 705/811/653 706/813/654
f 698/790/97 713/812/109 714/814/110
f 691/792/643 706/813/654 707/815/655
f 700/795/99 699/793/98 714/814/110
f 693/796/645 692/794/644 707/815/655
f 701/797/100 700/795/99 715/816/111
f 693/796/645 708/817/656 709/819/657
f 705/811/653 720/833/666 721/820/658
f 713/812/109 728/834/113 729/821/114
f 706/813/654 721/820/658 722/822/659
f 714/814/110 729/821/114 730/823/115
f 707/815/655 722/822/659 723/824/660
f 716/818/112 715/816/111 730/823/115
f 708/817/656 723/824/660 724/826/661
f 717/805/105 716/818/112 731/825/116
f 710/806/650 709/819/657 724/826/661
f 718/807/106 717/805/105 732/827/662
f 710/806/650 725/828/663 726/830/664
f 718/807/106 733/829/118 734/831/119
f 712/810/652 711/808/651 726/830/664
f 712/810/652 727/832/665 728/834/113
f 725/828/663 724/826/661 739/835/667
f 732/827/662 747/849/127 748/837/120
f 726/830/664 725/828/663 740/836/668
f 733/829/118 748/837/120 749/839/121
f 727/832/665 726/830/664 741/838/669
f 727/832/665 742/840/670 743/842/123
f 721/820/658 720/833/666 735/841/671
f 728/834/113 743/842/123 744/844/673
f 722/822/659 721/820/658 736/843/672
f 729/821/114 744/844/673 745/846/125
f 723/824/660 722/822/659 737/845/674
f 730/823/115 745/846/125 746/848/126
f 724/826/661 723/824/660 738/847/675
f 732/827/662 731/825/116 746/848/126
f 743/842/123 758/864/134 759/850/135
f 737/845/674 736/843/672 751/851/676
f 744/844/673 759/850/135 760/853/128
f 738/847/675 737/845/674 752/852/677
f 745/846/125 760/853/128 761/855/129
f 739/835/667 738/847/675 753/854/678
f 747/849/127 746/848/126 761/855/129
f 739/835/667 754/856/679 755/858/680
f 748/837/120 747/849/127 762/857/130
f 740/836/668 755/858/680 756/860/681
f 749/839/121 748/837/120 763/859/131
f 742/840/670 741/838/669 756/860/681
f 742/840/670 757/862/682 758/864/134
f 736/843/672 735/841/671 750/863/683
f 762/857/130 777/879/142 778/865/143
f 756/860/681 755/858/680 770/866/684
f 763/859/131 778/865/143 779/868/136
f 757/862/682 756/860/681 771/867/685
f 757/862/682 772/869/686 773/871/138
f 751/851/676 750/863/683 765/870/687
f 759/850/135 758/864/134 773/871/138
f 751/851/676 766/872/688 767/874/689
f 760/853/128 759/850/135 774/873/139
f 752/852/677 767/874/689 768/876/690
f 761/855/129 760/853/128 775/875/140
f 753/854/678 768/876/690 769/878/691
f 761/855/129 776/877/141 777/879/142
f 754/856/679 769/878/691 770/866/684
f 774/873/139 789/893/150 790/880/151
f 767/874/689 782/894/700 783/881/692
f 775/875/140 790/880/151 791/882/144
f 768/876/690 783/881/692 784/883/693
f 777/879/142 776/877/141 791/882/144
f 769/878/691 784/883/693 785/885/695
f 778/865/143 777/879/142 792/884/694
f 770/866/684 785/885/695 786/887/696
f 778/865/143 793/886/146 794/888/147
f 772/869/686 771/867/685 786/887/696
f 772/869/686 787/889/697 788/891/149
f 765/870/687 780/890/698 781/892/699
f 774/873/139 773/871/138 788/891/149
f 766/872/688 781/892/699 782/894/700
f 794/895/147 793/923/146 808/896/159
f 786/898/696 801/924/708 802/899/701
f 788/903/149 787/900/697 802/899/701
f 781/905/699 780/901/698 795/902/702
f 789/907/150 788/903/149 803/904/154
f 782/909/700 781/905/699 796/906/703
f 789/907/150 804/908/155 805/911/156
f 783/913/692 782/909/700 797/910/704
f 790/912/151 805/911/156 806/915/157
f 784/917/693 783/913/692 798/914/705
f 791/916/144 806/915/157 807/919/158
f 784/917/693 799/918/706 800/921/707
f 792/920/694 807/919/158 808/896/159
f 786/898/696 785/922/695 800/921/707
f 797/910/704 812/938/716 813/925/709
f 805/911/156 820/939/167 821/926/160
f 798/914/705 813/925/709 814/927/710
f 807/919/158 806/915/157 821/926/160
f 800/921/707 799/918/706 814/927/710
f 807/919/158 822/928/161 823/930/162
f 801/924/708 800/921/707 815/929/711
f 809/897/152 808/896/159 823/930/162
f 802/899/701 801/924/708 816/931/712
f 802/899/701 817/933/713 818/935/165
f 796/906/703 795/902/702 810/934/714
f 804/908/155 803/904/154 818/935/165
f 797/910/704 796/906/703 811/936/715
f 804/908/155 819/937/166 820/939/167
f 817/933/713 816/931/712 831/940/717
f 817/933/713 832/941/718 833/944/170
f 810/934/714 825/942/719 826/945/720
f 818/935/165 833/944/170 834/946/171
f 811/936/715 826/945/720 827/947/721
f 819/937/166 834/946/171 835/948/172
f 812/938/716 827/947/721 828/949/722
f 820/939/167 835/948/172 836/950/173
f 814/927/710 813/925/709 828/949/722
f 822/928/161 821/926/160 836/950/173
f 815/929/711 814/927/710 829/951/723
f 822/928/161 837/952/174 838/954/175
f 816/931/712 815/929/711 830/953/724
f 823/930/162 838/954/175 839/943/168
f 835/948/172 851/968/183 852/955/176
f 828/949/722 844/969/732 845/956/725
f 837/952/174 836/950/173 852/955/176
f 829/951/723 845/956/725 846/958/726
f 837/952/174 853/957/177 854/959/178
f 831/940/717 830/953/724 846/958/726
f 839/943/168 838/954/175 854/959/178
f 832/941/718 831/940/717 847/960/727
f 833/944/170 832/941/718 848/962/728
f 826/945/720 825/942/719 841/963/729
f 833/944/170 849/964/181 850/966/182
f 826/945/720 842/965/730 843/967/731
f 835/948/172 834/946/171 850/966/182
f 827/947/721 843/967/731 844/969/732
f 848/962/728 863/984/740 864/972/185
f 842/965/730 841/963/729 856/970/733
f 850/966/182 849/964/181 864/972/185
f 843/967/731 842/965/730 857/973/734
f 851/968/183 850/966/182 865/974/186
f 844/969/732 843/967/731 858/975/735
f 851/968/183 866/976/187 867/978/188
f 845/956/725 844/969/732 859/977/736
f 853/957/177 852/955/176 867/978/188
f 845/956/725 860/979/737 861/981/738
f 853/957/177 868/980/189 869/982/190
f 847/960/727 846/958/726 861/981/738
f 854/959/178 869/982/190 870/971/191
f 848/962/728 847/960/727 862/983/739
f 860/979/737 859/977/736 874/985/741
f 868/980/189 867/978/188 882/987/192
f 861/981/738 860/979/737 875/986/742
f 869/982/190 868/980/189 883/988/193
f 862/983/739 861/981/738 876/989/743
f 870/971/191 869/982/190 884/990/194
f 863/984/740 862/983/739 877/991/744
f 863/984/740 878/993/745 879/995/197
f 856/970/733 871/994/746 872/996/747
f 865/974/186 864/972/185 879/995/197
f 858/975/735 857/973/734 872/996/747
f 866/976/187 865/974/186 880/997/198
f 858/975/735 873/998/748 874/985/741
f 866/976/187 881/999/199 882/987/192
f 878/993/745 893/1014/756 894/1000/207
f 872/996/747 871/994/746 886/1001/749
f 880/997/198 879/995/197 894/1000/207
f 872/996/747 887/1002/750 888/1004/751
f 881/999/199 880/997/198 895/1003/200
f 873/998/748 888/1004/751 889/1006/752
f 881/999/199 896/1005/201 897/1007/202
f 874/985/741 889/1006/752 890/1008/753
f 883/988/193 882/987/192 897/1007/202
f 875/986/742 890/1008/753 891/1010/754
f 883/988/193 898/1009/203 899/1011/204
f 876/989/743 891/1010/754 892/1012/755
f 884/990/194 899/1011/204 900/1013/205
f 878/993/745 877/991/744 892/1012/755
f 898/1009/203 897/1007/202 912/1015/214
f 891/1010/754 890/1008/753 905/1017/757
f 898/1009/203 913/1016/215 914/1019/208
f 892/1012/755 891/1010/754 906/1018/758
f 899/1011/204 914/1019/208 915/1021/209
f 893/1014/756 892/1012/755 907/1020/759
f 893/1014/756 908/1022/760 909/1024/211
f 886/1001/749 901/1023/761 902/1025/762
f 894/1000/207 909/1024/211 910/1026/212
f 887/1002/750 902/1025/762 903/1027/763
f 895/1003/200 910/1026/212 911/1028/213
f 889/1006/752 888/1004/751 903/1027/763
f 896/1005/201 911/1028/213 912/1015/214
f 890/1008/753 889/1006/752 904/1029/764
f 909/1024/211 924/1043/222 925/1030/223
f 902/1025/762 917/1044/772 918/1031/765
f 911/1028/213 910/1026/212 925/1030/223
f 903/1027/763 918/1031/765 919/1033/766
f 912/1015/214 911/1028/213 926/1032/216
f 905/1017/757 904/1029/764 919/1033/766
f 913/1016/215 912/1015/214 927/1034/217
f 905/1017/757 920/1035/767 921/1037/768
f 913/1016/215 928/1036/218 929/1038/219
f 907/1020/759 906/1018/758 921/1037/768
f 914/1019/208 929/1038/219 930/1040/220
f 907/1020/759 922/1039/769 923/1041/770
f 909/1024/211 908/1022/760 923/1041/770
f 902/1025/762 901/1023/761 916/1042/771
f 928/1036/218 943/1059/230 944/1045/224
f 922/1039/769 921/1037/768 936/1046/773
f 929/1038/219 944/1045/224 945/1048/225
f 923/1041/770 922/1039/769 937/1047/774
f 923/1041/770 938/1049/775 939/1051/226
f 916/1042/771 931/1050/776 932/1052/777
f 924/1043/222 939/1051/226 940/1053/227
f 917/1044/772 932/1052/777 933/1054/778
f 925/1030/223 940/1053/227 941/1055/228
f 918/1031/765 933/1054/778 934/1056/779
f 927/1034/217 926/1032/216 941/1055/228
f 920/1035/767 919/1033/766 934/1056/779
f 928/1036/218 927/1034/217 942/1057/229
f 920/1035/767 935/1058/780 936/1046/773
f 933/1054/778 932/1052/777 947/1060/781
f 940/1053/227 955/1074/238 956/1062/231
f 933/1054/778 948/1061/782 949/1063/783
f 941/1055/228 956/1062/231 957/1064/232
f 935/1058/780 934/1056/779 949/1063/783
f 943/1059/230 942/1057/229 957/1064/232
f 935/1058/780 950/1065/784 951/1067/785
f 944/1045/224 943/1059/230 958/1066/233
f 937/1047/774 936/1046/773 951/1067/785
f 945/1048/225 944/1045/224 959/1068/234
f 938/1049/775 937/1047/774 952/1069/786
f 938/1049/775 953/1071/787 954/1073/237
f 932/1052/777 931/1050/776 946/1072/788
f 940/1053/227 939/1051/226 954/1073/237
f 952/1069/786 951/1067/785 966/1075/789
f 960/1070/235 959/1068/234 974/1077/246
f 953/1071/787 952/1069/786 967/1076/790
f 953/1071/787 968/1079/791 969/1081/241
f 946/1072/788 961/1080/792 962/1082/793
f 955/1074/238 954/1073/237 969/1081/241
f 948/1061/782 947/1060/781 962/1082/793
f 956/1062/231 955/1074/238 970/1083/242
f 949/1063/783 948/1061/782 963/1084/794
f 956/1062/231 971/1085/243 972/1087/244
f 950/1065/784 949/1063/783 964/1086/795
f 957/1064/232 972/1087/244 973/1089/245
f 951/1067/785 950/1065/784 965/1088/796
f 958/1066/233 973/1089/245 974/1077/246
f 970/1083/242 985/1103/254 986/1090/247
f 963/1084/794 978/1104/804 979/1091/797
f 971/1085/243 986/1090/247 987/1092/248
f 964/1086/795 979/1091/797 980/1093/798
f 972/1087/244 987/1092/248 988/1094/249
f 965/1088/796 980/1093/798 981/1095/799
f 973/1089/245 988/1094/249 989/1096/250
f 966/1075/789 981/1095/799 982/1097/800
f 974/1077/246 989/1096/250 990/1098/251
f 968/1079/791 967/1076/790 982/1097/800
f 968/1079/791 983/1099/801 984/1101/253
f 961/1080/792 976/1100/802 977/1102/803
f 969/1081/241 984/1101/253 985/1103/254
f 963/1084/794 962/1082/793 977/1102/803
f 990/1098/251 989/1096/250 994/594/1
f 983/1099/801 982/1097/800 521/591/545
f 983/1099/801 991/597/548 992/604/7
f 977/1102/803 976/1100/802 515/599/550
f 985/1103/254 984/1101/253 992/604/7
f 978/1104/804 977/1102/803 516/605/552
f 986/1090/247 985/1103/254 993/608/9
f 979/1091/797 978/1104/804 517/610/555
f 987/1092/248 986/1090/247 522/612/11
f 980/1093/798 979/1091/797 518/614/557
f 987/1092/248 523/616/12 524/620/14
f 981/1095/799 980/1093/798 519/618/559
f 988/1094/249 524/620/14 994/594/1
f 982/1097/800 981/1095/799 520/621/560
s 0
f 1034/1105/805 1009/1135/805 998/1106/805
f 1024/1108/806 1086/1191/806 1089/1109/806
f 1073/1111/807 1066/1226/807 1011/1112/807
f 1001/1114/808 1006/1265/808 1057/1115/808
f 997/1117/911 1000/1119/911 1002/1118/911
f 1000/1119/810 1004/1199/810 1005/1120/810
f 1003/1121/912 1005/1266/912 1004/1122/912
f 1007/1123/812 1008/1267/812 1005/1124/812
f 999/1126/913 1006/1181/913 1008/1127/913
f 1001/1129/814 1002/1268/814 1008/1130/814
f 1012/1133/914 1014/1137/914 1013/1134/914
f 1016/1136/817 1017/1147/817 1014/1137/817
f 1010/1138/915 1015/1187/915 1017/1139/915
f 1015/1141/819 1019/1269/819 1020/1142/819
f 1011/1112/916 1018/1145/916 1020/1144/916
f 1018/1145/821 1013/1188/821 1014/1146/821
f 1021/1149/917 1024/1108/917 1026/1150/917
f 1024/1108/824 1028/1270/824 1029/1152/824
f 1022/1153/918 1027/1155/918 1029/1154/918
f 1027/1155/826 1031/1271/826 1032/1156/826
f 1030/1157/919 1032/1272/919 1031/1158/919
f 1025/1159/828 1026/1273/828 1032/1160/828
f 1033/1165/920 1036/1200/920 1038/1166/920
f 1036/1168/831 1040/1274/831 1041/1169/831
f 1039/1171/921 1041/1174/921 1040/1172/921
f 1043/1173/833 1044/1275/833 1041/1174/833
f 1035/1175/922 1042/1179/922 1044/1176/922
f 1037/1178/835 1038/1276/835 1044/1176/835
f 1006/1181/837 999/1126/837 1050/1182/837
f 1077/1184/838 1021/1149/838 997/1117/838
f 1062/1186/923 1070/1221/923 1015/1187/923
f 1011/1112/745 1066/1226/745 1050/1182/745
f 998/1106/840 1009/1135/840 1013/1134/840
f 1013/1188/841 1018/1145/841 1007/1128/841
f 1018/1145/842 1011/1112/842 999/1126/842
f 1062/1186/843 1010/1138/843 1033/1165/843
f 1021/1149/844 1077/1184/844 1086/1191/844
f 1070/1192/845 1073/1234/845 1019/1193/845
f 1089/1109/846 1082/1197/846 1022/1153/846
f 1033/1165/847 1037/1167/847 1101/1195/847
f 1097/1196/609 1035/1175/609 1022/1153/609
f 1042/1179/848 1035/1175/848 1097/1196/848
f 1037/1167/849 1042/1179/849 1105/1198/849
f 1023/1107/850 1031/1158/850 1039/1171/850
f 1031/1158/851 1027/1155/851 1043/1177/851
f 1043/1177/852 1027/1155/852 1022/1153/852
f 1021/1149/853 1025/1151/853 1000/1119/853
f 1025/1151/854 1030/1277/854 1004/1199/854
f 1030/1157/855 1023/1107/855 998/1106/855
f 1010/1138/856 1016/1140/856 1036/1200/856
f 1016/1136/857 1012/1133/857 1040/1172/857
f 1012/1133/858 1009/1135/858 1034/1105/858
f 1078/1204/859 1045/1210/859 1054/1209/859
f 1054/1209/859 1058/1219/859 1049/1258/859
f 1049/1258/924 1065/1232/924 1074/1231/924
f 1074/1231/925 1069/1225/925 1061/1202/925
f 1061/1202/859 1093/1252/859 1102/1251/859
f 1102/1251/859 1106/1257/859 1098/1203/859
f 1098/1203/926 1081/1246/926 1090/1245/926
f 1090/1245/927 1085/1240/927 1078/1204/927
f 1078/1204/859 1054/1209/859 1049/1258/859
f 1049/1258/859 1074/1231/859 1061/1202/859
f 1061/1202/859 1102/1251/859 1098/1203/859
f 1098/1203/859 1090/1245/859 1078/1204/859
f 1078/1204/859 1049/1258/859 1061/1202/859
f 1046/1185/860 1053/1116/860 1055/1205/860
f 1048/1206/928 1055/1205/928 1056/1207/928
f 1047/1208/862 1056/1207/862 1054/1209/862
f 1053/1116/863 1057/1115/863 1059/1211/863
f 1059/1213/864 1060/1215/864 1056/1207/864
f 1060/1215/865 1058/1219/865 1054/1209/865
f 1050/1182/866 1052/1217/866 1059/1216/866
f 1052/1217/867 1051/1218/867 1060/1215/867
f 1051/1218/929 1049/1258/929 1058/1219/929
f 1062/1186/869 1064/1222/869 1072/1220/869
f 1064/1222/870 1063/1224/870 1071/1223/870
f 1063/1224/871 1061/1202/871 1069/1225/871
f 1066/1226/872 1073/1111/872 1075/1227/872
f 1068/1228/873 1075/1227/873 1076/1229/873
f 1067/1230/930 1076/1229/930 1074/1231/930
f 1070/1192/875 1072/1278/875 1075/1233/875
f 1075/1235/876 1072/1279/876 1071/1223/876
f 1076/1229/877 1071/1223/877 1069/1225/877
f 1077/1184/878 1079/1237/878 1088/1236/878
f 1079/1237/879 1080/1239/879 1087/1238/879
f 1080/1239/880 1078/1204/880 1085/1240/880
f 1082/1197/881 1089/1109/881 1091/1241/881
f 1084/1242/882 1091/1241/882 1092/1243/882
f 1083/1244/883 1092/1243/883 1090/1245/883
f 1086/1191/884 1088/1236/884 1091/1241/884
f 1088/1236/885 1087/1238/885 1092/1243/885
f 1092/1243/886 1087/1238/886 1085/1240/886
f 1094/1190/887 1101/1195/887 1103/1247/887
f 1096/1248/888 1103/1247/888 1104/1249/888
f 1095/1250/889 1104/1249/889 1102/1251/889
f 1105/1198/890 1107/1253/890 1103/1247/890
f 1107/1253/891 1108/1254/891 1104/1249/891
f 1108/1254/892 1106/1257/892 1102/1251/892
f 1097/1196/893 1099/1255/893 1107/1253/893
f 1099/1255/894 1100/1256/894 1108/1254/894
f 1100/1256/895 1098/1203/895 1106/1257/895
f 1050/1182/896 1066/1226/896 1068/1228/896
f 1068/1228/897 1067/1230/897 1051/1218/897
f 1067/1230/931 1065/1232/931 1049/1258/931
f 1046/1185/899 1048/1206/899 1079/1237/899
f 1048/1206/900 1047/1208/900 1080/1239/900
f 1047/1208/901 1045/1210/901 1078/1204/901
f 1094/1190/902 1096/1248/902 1064/1222/902
f 1096/1248/903 1095/1250/903 1063/1224/903
f 1063/1224/904 1095/1250/904 1093/1252/904
f 1082/1197/905 1084/1242/905 1099/1255/905
f 1099/1255/906 1084/1242/906 1083/1244/906
f 1100/1256/907 1083/1244/907 1081/1246/907
f 997/1117/932 1001/1114/932 1053/1116/932
