# Blender 4.0.2
# www.blender.org
mtllib goddard_pata_tra_der.mtl
o C_rculo_004
v -0.071272 -0.027375 -0.458368
v -0.068672 -0.028875 -0.446068
v -0.049972 -0.020875 -0.448568
v -0.051972 -0.019175 -0.460868
v -0.031072 -0.012875 -0.450068
v -0.032572 -0.010875 -0.462468
v -0.052172 -0.021775 -0.473268
v -0.072072 -0.030275 -0.470668
v -0.032272 -0.013275 -0.474868
v -0.087272 -0.036775 -0.442468
v -0.082672 -0.042475 -0.432368
v -0.064472 -0.034775 -0.435868
v -0.046272 -0.026975 -0.438268
v -0.027872 -0.019175 -0.439768
v -0.009472 -0.011275 -0.440268
v -0.012272 -0.004775 -0.450568
v -0.013172 -0.002575 -0.462968
v -0.012272 -0.004775 -0.475368
v -0.029872 -0.019975 -0.485168
v -0.009472 -0.011275 -0.485768
v -0.050372 -0.028675 -0.483568
v -0.070672 -0.037375 -0.480768
v -0.090872 -0.045975 -0.476968
v -0.091772 -0.038675 -0.466868
v -0.090472 -0.035575 -0.454668
v -0.044172 -0.090975 -0.458368
v -0.024872 -0.082775 -0.460868
v -0.024672 -0.080075 -0.448568
v -0.043472 -0.088075 -0.446068
v -0.046772 -0.089475 -0.470668
v -0.026972 -0.081075 -0.473268
v -0.005472 -0.074475 -0.462468
v -0.005872 -0.072075 -0.450068
v -0.006972 -0.072575 -0.474868
v -0.062072 -0.095975 -0.442468
v -0.044772 -0.080975 -0.435868
v -0.062972 -0.088775 -0.432368
v -0.063372 -0.099175 -0.454668
v -0.066472 -0.097875 -0.466868
v -0.071072 -0.092175 -0.476968
v -0.050972 -0.083575 -0.480768
v -0.030672 -0.074975 -0.483568
v -0.010172 -0.066275 -0.485168
v 0.013028 -0.063975 -0.475368
v 0.010228 -0.057475 -0.485768
v 0.013928 -0.066175 -0.462968
v 0.013028 -0.063975 -0.450568
v -0.008172 -0.065375 -0.439768
v 0.010228 -0.057475 -0.440268
v -0.026572 -0.073175 -0.438268
v -0.119472 -0.123075 -0.437768
v -0.101072 -0.115175 -0.444468
v -0.098672 -0.111675 -0.432568
v -0.116572 -0.119275 -0.426068
v -0.124272 -0.122575 -0.449468
v -0.105272 -0.114475 -0.456368
v -0.082272 -0.107275 -0.450068
v -0.080472 -0.103875 -0.437968
v -0.085972 -0.106275 -0.462168
v -0.116172 -0.111375 -0.416368
v -0.133372 -0.118775 -0.409168
v -0.134172 -0.126775 -0.418668
v -0.137672 -0.130875 -0.430168
v -0.142972 -0.130575 -0.441668
v -0.149372 -0.125575 -0.451168
v -0.130272 -0.117475 -0.459168
v -0.110772 -0.109175 -0.466168
v -0.091072 -0.100775 -0.472168
v -0.080972 -0.096375 -0.428068
v -0.098672 -0.103975 -0.422668
v -0.189772 -0.153075 -0.401668
v -0.172772 -0.145775 -0.412168
v -0.168372 -0.141375 -0.401168
v -0.184772 -0.148375 -0.391068
v -0.196572 -0.153375 -0.412368
v -0.179172 -0.145975 -0.423068
v -0.155472 -0.138375 -0.421668
v -0.151472 -0.134175 -0.410368
v -0.161272 -0.138375 -0.432868
v -0.182672 -0.139775 -0.382168
v -0.198272 -0.146375 -0.371468
v -0.200772 -0.155175 -0.380068
v -0.206172 -0.160075 -0.390368
v -0.213472 -0.160575 -0.400768
v -0.221472 -0.156275 -0.409268
v -0.204172 -0.148975 -0.421168
v -0.186372 -0.141375 -0.432168
v -0.168072 -0.133575 -0.442168
v -0.150172 -0.125975 -0.401068
v -0.166672 -0.132975 -0.392068
v -0.252072 -0.179675 -0.351368
v -0.237372 -0.173375 -0.365168
v -0.231072 -0.168075 -0.355568
v -0.245372 -0.174175 -0.342168
v -0.260672 -0.180775 -0.360668
v -0.245572 -0.174275 -0.374868
v -0.222072 -0.166775 -0.378268
v -0.216172 -0.161775 -0.368268
v -0.229772 -0.167575 -0.388168
v -0.241772 -0.164975 -0.334568
v -0.255072 -0.170675 -0.320768
v -0.259072 -0.179975 -0.328068
v -0.266172 -0.185675 -0.336868
v -0.275172 -0.186875 -0.345668
v -0.269872 -0.176975 -0.368268
v -0.284672 -0.183275 -0.352868
v -0.254372 -0.170375 -0.382768
v -0.238172 -0.163475 -0.396468
v -0.213272 -0.152875 -0.359968
v -0.227772 -0.158975 -0.347668
v -0.304272 -0.201875 -0.288868
v -0.292272 -0.196775 -0.305468
v -0.284372 -0.190875 -0.297668
v -0.295972 -0.195775 -0.281468
v -0.314372 -0.203575 -0.296268
v -0.302072 -0.198375 -0.313368
v -0.279572 -0.191375 -0.321568
v -0.272072 -0.185575 -0.313168
v -0.288972 -0.192775 -0.329868
v -0.291172 -0.186075 -0.275268
v -0.301772 -0.190575 -0.258968
v -0.306872 -0.200375 -0.264668
v -0.315472 -0.206675 -0.271568
v -0.325872 -0.208575 -0.278468
v -0.336572 -0.205375 -0.284168
v -0.324772 -0.200375 -0.302368
v -0.312172 -0.194975 -0.319968
v -0.298772 -0.189275 -0.336768
v -0.267772 -0.176075 -0.306268
v -0.279872 -0.181175 -0.291068
v -0.344172 -0.218875 -0.216468
v -0.335472 -0.215175 -0.235268
v -0.326272 -0.208675 -0.229468
v -0.334772 -0.212275 -0.211068
v -0.355472 -0.221175 -0.221768
v -0.346472 -0.217275 -0.241168
v -0.325872 -0.211075 -0.253668
v -0.316972 -0.204775 -0.247268
v -0.336572 -0.213075 -0.260068
v -0.328972 -0.202175 -0.206668
v -0.336472 -0.205375 -0.188368
v -0.342472 -0.215575 -0.192368
v -0.352072 -0.222275 -0.197068
v -0.363572 -0.224575 -0.201868
v -0.375072 -0.221775 -0.205768
v -0.366772 -0.218275 -0.226168
v -0.357572 -0.214375 -0.246068
v -0.347472 -0.210075 -0.265368
v -0.311672 -0.194775 -0.241968
v -0.320672 -0.198675 -0.224568
v -0.370372 -0.230075 -0.136968
v -0.365172 -0.227875 -0.157268
v -0.355172 -0.220975 -0.153668
v -0.360172 -0.223175 -0.133868
v -0.382372 -0.232575 -0.139968
v -0.377072 -0.230375 -0.160868
v -0.359072 -0.225275 -0.177368
v -0.349272 -0.218475 -0.173168
v -0.370772 -0.227675 -0.181568
v -0.353772 -0.212775 -0.131368
v -0.357772 -0.214475 -0.111868
v -0.364372 -0.224875 -0.113868
v -0.374672 -0.231875 -0.116268
v -0.386772 -0.234475 -0.118768
v -0.398872 -0.231975 -0.120768
v -0.394372 -0.230075 -0.142468
v -0.388872 -0.227675 -0.163868
v -0.382472 -0.224975 -0.185068
v -0.343072 -0.208175 -0.169668
v -0.348872 -0.210675 -0.150668
v -0.381772 -0.234875 -0.053368
v -0.380372 -0.234275 -0.074468
v -0.369872 -0.227275 -0.073268
v -0.371272 -0.227875 -0.052768
v -0.394072 -0.237575 -0.054068
v -0.392672 -0.236975 -0.075668
v -0.377972 -0.233275 -0.095468
v -0.367572 -0.226275 -0.093668
v -0.390172 -0.235975 -0.097268
v -0.364572 -0.217375 -0.052268
v -0.365072 -0.217575 -0.032268
v -0.371772 -0.228075 -0.032268
v -0.382272 -0.235075 -0.032268
v -0.394572 -0.237775 -0.032268
v -0.406372 -0.235175 -0.054568
v -0.406872 -0.235375 -0.032268
v -0.404872 -0.234475 -0.076768
v -0.402372 -0.233475 -0.098768
v -0.360972 -0.215775 -0.092168
v -0.363172 -0.216775 -0.072268
v -0.377972 -0.233275 0.030932
v -0.380372 -0.234275 0.009932
v -0.369872 -0.227275 0.008732
v -0.367572 -0.226275 0.029132
v -0.390172 -0.235975 0.032732
v -0.392672 -0.236975 0.011132
v -0.381772 -0.234875 -0.011168
v -0.371272 -0.227875 -0.011768
v -0.394072 -0.237575 -0.010568
v -0.360972 -0.215775 0.027632
v -0.357772 -0.214475 0.047332
v -0.364372 -0.224875 0.049332
v -0.374672 -0.231875 0.051732
v -0.386772 -0.234475 0.054132
v -0.402372 -0.233475 0.034232
v -0.398872 -0.231975 0.056232
v -0.404872 -0.234475 0.012132
v -0.406372 -0.235175 -0.010068
v -0.364572 -0.217375 -0.012268
v -0.363172 -0.216775 0.007732
v -0.359072 -0.225275 0.112832
v -0.365172 -0.227875 0.092732
v -0.355172 -0.220975 0.089132
v -0.349272 -0.218475 0.108632
v -0.370772 -0.227675 0.117032
v -0.377072 -0.230375 0.096332
v -0.370372 -0.230075 0.072332
v -0.360172 -0.223175 0.069332
v -0.382372 -0.232575 0.075432
v -0.343072 -0.208175 0.105132
v -0.336472 -0.205375 0.123832
v -0.342472 -0.215575 0.127832
v -0.352072 -0.222275 0.132532
v -0.363572 -0.224575 0.137332
v -0.382472 -0.224975 0.120532
v -0.375072 -0.221775 0.141232
v -0.388872 -0.227675 0.099332
v -0.394372 -0.230075 0.077932
v -0.353772 -0.212775 0.066832
v -0.348872 -0.210675 0.086132
v -0.325872 -0.211075 0.189132
v -0.335472 -0.215175 0.170732
v -0.326272 -0.208675 0.164932
v -0.316972 -0.204775 0.182732
v -0.336572 -0.213075 0.195532
v -0.346472 -0.217275 0.176632
v -0.344172 -0.218875 0.151832
v -0.334772 -0.212275 0.146532
v -0.355472 -0.221175 0.157232
v -0.311672 -0.194775 0.177432
v -0.301772 -0.190575 0.194332
v -0.306872 -0.200375 0.200132
v -0.315472 -0.206675 0.207032
v -0.325872 -0.208575 0.213932
v -0.347472 -0.210075 0.200832
v -0.336572 -0.205375 0.219632
v -0.357572 -0.214375 0.181432
v -0.366772 -0.218275 0.161632
v -0.328972 -0.202175 0.142132
v -0.320672 -0.198675 0.160032
v -0.279572 -0.191375 0.256932
v -0.292272 -0.196775 0.240932
v -0.284372 -0.190875 0.233032
v -0.272072 -0.185575 0.248632
v -0.288972 -0.192775 0.265332
v -0.302072 -0.198375 0.248832
v -0.304272 -0.201875 0.224332
v -0.295972 -0.195775 0.216932
v -0.314372 -0.203575 0.231732
v -0.267772 -0.176075 0.241732
v -0.255072 -0.170675 0.256232
v -0.259072 -0.179975 0.263532
v -0.266172 -0.185675 0.272232
v -0.275172 -0.186875 0.281032
v -0.298772 -0.189275 0.272232
v -0.284672 -0.183275 0.288332
v -0.312172 -0.194975 0.255432
v -0.324772 -0.200375 0.237832
v -0.291172 -0.186075 0.210732
v -0.279872 -0.181175 0.226532
v -0.222072 -0.166775 0.313632
v -0.237372 -0.173375 0.300632
v -0.231072 -0.168075 0.291032
v -0.216172 -0.161775 0.303732
v -0.229772 -0.167575 0.323632
v -0.245572 -0.174275 0.310232
v -0.252072 -0.179675 0.286832
v -0.245372 -0.174175 0.277632
v -0.260672 -0.180775 0.296032
v -0.213272 -0.152875 0.295432
v -0.198272 -0.146375 0.306932
v -0.200772 -0.155175 0.315532
v -0.206172 -0.160075 0.325832
v -0.213472 -0.160575 0.336232
v -0.238172 -0.163475 0.331932
v -0.221472 -0.156275 0.344732
v -0.254372 -0.170375 0.318232
v -0.269872 -0.176975 0.303732
v -0.241772 -0.164975 0.270032
v -0.227772 -0.158975 0.283132
v -0.155472 -0.138375 0.357032
v -0.172772 -0.145775 0.347532
v -0.168372 -0.141375 0.336632
v -0.151472 -0.134175 0.345832
v -0.161272 -0.138375 0.368332
v -0.179172 -0.145975 0.358532
v -0.189772 -0.153075 0.337132
v -0.184772 -0.148375 0.326532
v -0.196572 -0.153375 0.347832
v -0.150172 -0.125975 0.336532
v -0.133372 -0.118775 0.344632
v -0.134172 -0.126775 0.354132
v -0.137672 -0.130875 0.365632
v -0.142972 -0.130575 0.377132
v -0.168072 -0.133575 0.377632
v -0.149372 -0.125575 0.386632
v -0.186372 -0.141375 0.367632
v -0.204172 -0.148975 0.356632
v -0.182672 -0.139775 0.317632
v -0.166672 -0.132975 0.327532
v -0.082272 -0.107275 0.385532
v -0.101072 -0.115175 0.379932
v -0.098672 -0.111675 0.368032
v -0.080472 -0.103875 0.373432
v -0.085972 -0.106275 0.397632
v -0.105272 -0.114475 0.391832
v -0.119472 -0.123075 0.373232
v -0.116572 -0.119275 0.361532
v -0.124272 -0.122575 0.384932
v -0.080972 -0.096375 0.363432
v -0.062972 -0.088775 0.367832
v -0.062072 -0.095975 0.377932
v -0.063372 -0.099175 0.390132
v -0.066472 -0.097875 0.402332
v -0.091072 -0.100775 0.407532
v -0.071072 -0.092175 0.412432
v -0.110772 -0.109175 0.401632
v -0.130272 -0.117475 0.394632
v -0.116172 -0.111375 0.351832
v -0.098672 -0.103975 0.358132
v -0.005472 -0.074475 0.397932
v -0.024872 -0.082775 0.396332
v -0.024672 -0.080075 0.384032
v -0.005872 -0.072075 0.385532
v -0.006972 -0.072575 0.410332
v -0.026972 -0.081075 0.408732
v -0.044172 -0.090975 0.393732
v -0.043472 -0.088075 0.381432
v -0.046772 -0.089475 0.406032
v -0.008172 -0.065375 0.375232
v 0.010228 -0.057475 0.375732
v 0.013028 -0.063975 0.386032
v 0.013928 -0.066175 0.398432
v 0.013028 -0.063975 0.410832
v -0.010172 -0.066275 0.420632
v 0.010228 -0.057475 0.421132
v -0.030672 -0.074975 0.419032
v -0.050972 -0.083575 0.416232
v -0.044772 -0.080975 0.371232
v -0.026572 -0.073175 0.373732
v 0.072128 -0.041375 0.393732
v 0.052828 -0.049575 0.396332
v 0.050728 -0.047975 0.384032
v 0.069528 -0.039975 0.381432
v 0.072828 -0.038475 0.406032
v 0.053028 -0.046975 0.408732
v 0.033428 -0.057875 0.397932
v 0.031928 -0.055975 0.385532
v 0.033028 -0.055475 0.410332
v 0.065328 -0.034075 0.371232
v 0.083428 -0.026275 0.367832
v 0.088128 -0.031975 0.377932
v 0.091228 -0.033275 0.390132
v 0.092528 -0.030075 0.402332
v 0.071428 -0.031375 0.416232
v 0.091628 -0.022775 0.412432
v 0.051128 -0.040075 0.419032
v 0.030728 -0.048775 0.420632
v 0.028628 -0.049675 0.375232
v 0.047028 -0.041875 0.373732
v 0.147428 -0.009275 0.373232
v 0.128928 -0.017175 0.379932
v 0.124728 -0.016375 0.368032
v 0.142628 -0.008775 0.361532
v 0.150328 -0.005475 0.384932
v 0.131328 -0.013575 0.391832
v 0.110228 -0.025175 0.385532
v 0.106528 -0.024175 0.373432
v 0.112128 -0.021775 0.397632
v 0.136728 -0.003575 0.351832
v 0.153828 0.003725 0.344632
v 0.160228 -0.001275 0.354132
v 0.165528 -0.001575 0.365632
v 0.169028 0.002525 0.377132
v 0.150828 0.002425 0.394632
v 0.169928 0.010525 0.386632
v 0.131328 -0.005875 0.401632
v 0.111628 -0.014275 0.407532
v 0.101428 -0.018675 0.363432
v 0.119228 -0.011075 0.358132
v 0.217628 0.020625 0.337132
v 0.200728 0.013425 0.347532
v 0.194428 0.013325 0.336632
v 0.210828 0.020325 0.326532
v 0.222628 0.025325 0.347832
v 0.205228 0.017925 0.358532
v 0.183328 0.006025 0.357032
v 0.177528 0.006125 0.345832
v 0.187328 0.010325 0.368332
v 0.203228 0.024725 0.317632
v 0.218728 0.031425 0.306932
v 0.226828 0.027125 0.315532
v 0.234028 0.027625 0.325832
v 0.239528 0.032525 0.336232
v 0.224728 0.033925 0.356632
v 0.242028 0.041325 0.344732
v 0.206928 0.026325 0.367632
v 0.188628 0.018525 0.377632
v 0.170728 0.010925 0.336532
v 0.187128 0.017925 0.327532
v 0.280028 0.047225 0.286832
v 0.265328 0.041025 0.300632
v 0.257128 0.040025 0.291032
v 0.271428 0.046125 0.277632
v 0.286828 0.052725 0.296032
v 0.271628 0.046225 0.310232
v 0.249928 0.034425 0.313632
v 0.242228 0.033725 0.303732
v 0.255828 0.039525 0.323632
v 0.262328 0.049925 0.270032
v 0.275628 0.055625 0.256232
v 0.285128 0.052025 0.263532
v 0.294128 0.053225 0.272232
v 0.301228 0.058925 0.281032
v 0.290328 0.061925 0.303732
v 0.305228 0.068225 0.288332
v 0.274828 0.055325 0.318232
v 0.258728 0.048425 0.331932
v 0.233828 0.037825 0.295432
v 0.248328 0.044025 0.283132
v 0.332228 0.069525 0.224332
v 0.320228 0.064425 0.240932
v 0.310428 0.062825 0.233032
v 0.322028 0.067725 0.216932
v 0.340428 0.075625 0.231732
v 0.328128 0.070325 0.248832
v 0.307528 0.059025 0.256932
v 0.298128 0.057525 0.248632
v 0.315028 0.064725 0.265332
v 0.311728 0.071025 0.210732
v 0.322328 0.075525 0.194332
v 0.332928 0.072425 0.200132
v 0.343428 0.074325 0.207032
v 0.351928 0.080525 0.213932
v 0.345328 0.085325 0.237832
v 0.357028 0.090325 0.219632
v 0.332728 0.079925 0.255432
v 0.319328 0.074225 0.272232
v 0.288328 0.061025 0.241732
v 0.300328 0.066225 0.226532
v 0.372128 0.086525 0.151832
v 0.363328 0.082825 0.170732
v 0.352328 0.080625 0.164932
v 0.360828 0.084325 0.146532
v 0.381528 0.093125 0.157232
v 0.372528 0.089225 0.176632
v 0.353828 0.078725 0.189132
v 0.343028 0.076725 0.182732
v 0.362628 0.085025 0.195532
v 0.349528 0.087125 0.142132
v 0.357028 0.090325 0.123832
v 0.368528 0.087525 0.127832
v 0.380028 0.089925 0.132532
v 0.389628 0.096525 0.137332
v 0.387328 0.103225 0.161632
v 0.395628 0.106825 0.141232
v 0.378128 0.099325 0.181432
v 0.368028 0.095025 0.200832
v 0.332128 0.079725 0.177432
v 0.341228 0.083625 0.160032
v 0.398328 0.097725 0.072332
v 0.393128 0.095425 0.092732
v 0.381228 0.092925 0.089132
v 0.386228 0.095125 0.069332
v 0.408428 0.104625 0.075432
v 0.403128 0.102325 0.096332
v 0.387028 0.092825 0.112832
v 0.375328 0.090425 0.108632
v 0.396828 0.099625 0.117032
v 0.374328 0.097725 0.066832
v 0.378328 0.099425 0.047332
v 0.390428 0.096925 0.049332
v 0.402528 0.099525 0.051732
v 0.412828 0.106425 0.054132
v 0.414828 0.115025 0.077932
v 0.419328 0.116925 0.056232
v 0.409428 0.112625 0.099332
v 0.403028 0.109925 0.120532
v 0.363628 0.093125 0.105132
v 0.369428 0.095625 0.086132
v 0.409628 0.102525 -0.011168
v 0.408228 0.101925 0.009932
v 0.395928 0.099225 0.008732
v 0.397328 0.099825 -0.011768
v 0.420128 0.109625 -0.010568
v 0.418728 0.108925 0.011132
v 0.405828 0.100925 0.030932
v 0.393628 0.098225 0.029132
v 0.416228 0.107925 0.032732
v 0.385128 0.102325 -0.012268
v 0.385528 0.102525 -0.032268
v 0.397828 0.100025 -0.032268
v 0.410128 0.102725 -0.032268
v 0.420628 0.109825 -0.032268
v 0.426828 0.120125 -0.010068
v 0.427328 0.120325 -0.032268
v 0.425328 0.119425 0.012132
v 0.422828 0.118425 0.034232
v 0.381528 0.100725 0.027632
v 0.383728 0.101725 0.007732
v 0.405828 0.100925 -0.095468
v 0.408228 0.101925 -0.074468
v 0.395928 0.099225 -0.073268
v 0.393628 0.098225 -0.093668
v 0.416228 0.107925 -0.097268
v 0.418728 0.108925 -0.075668
v 0.409628 0.102525 -0.053368
v 0.397328 0.099825 -0.052768
v 0.420128 0.109625 -0.054068
v 0.381528 0.100725 -0.092168
v 0.378328 0.099425 -0.111868
v 0.390428 0.096925 -0.113868
v 0.402528 0.099525 -0.116268
v 0.412828 0.106425 -0.118768
v 0.422828 0.118425 -0.098768
v 0.419328 0.116925 -0.120768
v 0.425328 0.119425 -0.076768
v 0.426828 0.120125 -0.054568
v 0.385128 0.102325 -0.052268
v 0.383728 0.101725 -0.072268
v 0.387028 0.092825 -0.177368
v 0.393128 0.095425 -0.157268
v 0.381228 0.092925 -0.153668
v 0.375328 0.090425 -0.173168
v 0.396828 0.099625 -0.181568
v 0.403128 0.102325 -0.160868
v 0.398328 0.097725 -0.136968
v 0.386228 0.095125 -0.133868
v 0.408428 0.104625 -0.139968
v 0.363628 0.093125 -0.169668
v 0.357028 0.090325 -0.188368
v 0.368528 0.087525 -0.192368
v 0.380028 0.089925 -0.197068
v 0.389628 0.096525 -0.201868
v 0.403028 0.109925 -0.185068
v 0.395628 0.106825 -0.205768
v 0.409428 0.112625 -0.163868
v 0.414828 0.115025 -0.142468
v 0.374328 0.097725 -0.131368
v 0.369428 0.095625 -0.150668
v 0.353828 0.078725 -0.253668
v 0.363328 0.082825 -0.235268
v 0.352328 0.080625 -0.229468
v 0.343028 0.076725 -0.247268
v 0.362628 0.085025 -0.260068
v 0.372528 0.089225 -0.241168
v 0.372128 0.086525 -0.216468
v 0.360828 0.084325 -0.211068
v 0.381528 0.093125 -0.221768
v 0.332128 0.079725 -0.241968
v 0.322328 0.075525 -0.258968
v 0.332928 0.072425 -0.264668
v 0.343428 0.074325 -0.271568
v 0.351928 0.080525 -0.278468
v 0.368028 0.095025 -0.265368
v 0.357028 0.090325 -0.284168
v 0.378128 0.099325 -0.246068
v 0.387328 0.103225 -0.226168
v 0.349528 0.087125 -0.206668
v 0.341228 0.083625 -0.224568
v 0.307528 0.059025 -0.321568
v 0.320228 0.064425 -0.305468
v 0.310428 0.062825 -0.297668
v 0.298128 0.057525 -0.313168
v 0.315028 0.064725 -0.329868
v 0.328128 0.070325 -0.313368
v 0.332228 0.069525 -0.288868
v 0.322028 0.067725 -0.281468
v 0.340428 0.075625 -0.296268
v 0.288328 0.061025 -0.306268
v 0.275628 0.055625 -0.320768
v 0.285128 0.052025 -0.328068
v 0.294128 0.053225 -0.336868
v 0.301228 0.058925 -0.345668
v 0.319328 0.074225 -0.336768
v 0.305228 0.068225 -0.352868
v 0.332728 0.079925 -0.319968
v 0.345328 0.085325 -0.302368
v 0.311728 0.071025 -0.275268
v 0.300328 0.066225 -0.291068
v 0.249928 0.034425 -0.378268
v 0.265328 0.041025 -0.365168
v 0.257128 0.040025 -0.355568
v 0.242228 0.033725 -0.368268
v 0.255828 0.039525 -0.388168
v 0.271628 0.046225 -0.374868
v 0.280028 0.047225 -0.351368
v 0.271428 0.046125 -0.342168
v 0.286828 0.052725 -0.360668
v 0.233828 0.037825 -0.359968
v 0.218728 0.031425 -0.371468
v 0.226828 0.027125 -0.380068
v 0.234028 0.027625 -0.390368
v 0.239528 0.032525 -0.400768
v 0.258728 0.048425 -0.396468
v 0.242028 0.041325 -0.409268
v 0.274828 0.055325 -0.382768
v 0.290328 0.061925 -0.368268
v 0.262328 0.049925 -0.334568
v 0.248328 0.044025 -0.347668
v 0.183328 0.006025 -0.421668
v 0.200728 0.013425 -0.412168
v 0.194428 0.013325 -0.401168
v 0.177528 0.006125 -0.410368
v 0.187328 0.010325 -0.432868
v 0.205228 0.017925 -0.423068
v 0.217628 0.020625 -0.401668
v 0.210828 0.020325 -0.391068
v 0.222628 0.025325 -0.412368
v 0.170728 0.010925 -0.401068
v 0.153828 0.003725 -0.409168
v 0.160228 -0.001275 -0.418668
v 0.165528 -0.001575 -0.430168
v 0.169028 0.002525 -0.441668
v 0.188628 0.018525 -0.442168
v 0.169928 0.010525 -0.451168
v 0.206928 0.026325 -0.432168
v 0.224728 0.033925 -0.421168
v 0.203228 0.024725 -0.382168
v 0.187128 0.017925 -0.392068
v 0.110228 -0.025175 -0.450068
v 0.128928 -0.017175 -0.444468
v 0.124728 -0.016375 -0.432568
v 0.106528 -0.024175 -0.437968
v 0.112128 -0.021775 -0.462168
v 0.131328 -0.013575 -0.456368
v 0.147428 -0.009275 -0.437768
v 0.142628 -0.008775 -0.426068
v 0.150328 -0.005475 -0.449468
v 0.101428 -0.018675 -0.428068
v 0.083428 -0.026275 -0.432368
v 0.088128 -0.031975 -0.442468
v 0.091228 -0.033275 -0.454668
v 0.092528 -0.030075 -0.466868
v 0.111628 -0.014275 -0.472168
v 0.091628 -0.022775 -0.476968
v 0.131328 -0.005875 -0.466168
v 0.150828 0.002425 -0.459168
v 0.136728 -0.003575 -0.416368
v 0.119228 -0.011075 -0.422668
v 0.033428 -0.057875 -0.462468
v 0.052828 -0.049575 -0.460868
v 0.050728 -0.047975 -0.448568
v 0.031928 -0.055975 -0.450068
v 0.033028 -0.055475 -0.474868
v 0.053028 -0.046975 -0.473268
v 0.072128 -0.041375 -0.458368
v 0.069528 -0.039975 -0.446068
v 0.072828 -0.038475 -0.470668
v 0.028628 -0.049675 -0.439768
v 0.030728 -0.048775 -0.485168
v 0.051128 -0.040075 -0.483568
v 0.071428 -0.031375 -0.480768
v 0.065328 -0.034075 -0.435868
v 0.047028 -0.041875 -0.438268
v -0.123872 -0.052375 -0.432568
v -0.128172 -0.051675 -0.444468
v -0.146672 -0.059475 -0.437768
v -0.141872 -0.060075 -0.426068
v -0.105672 -0.044675 -0.437968
v -0.109372 -0.043675 -0.450068
v -0.130572 -0.055275 -0.456368
v -0.149572 -0.063375 -0.449468
v -0.111272 -0.046975 -0.462168
v -0.135872 -0.065175 -0.416368
v -0.159472 -0.067575 -0.418668
v -0.153072 -0.072475 -0.409168
v -0.118372 -0.057775 -0.422668
v -0.100672 -0.050175 -0.428068
v -0.110772 -0.054475 -0.472168
v -0.130572 -0.062875 -0.466168
v -0.149972 -0.071175 -0.459168
v -0.169072 -0.079375 -0.451168
v -0.168172 -0.071275 -0.441668
v -0.164772 -0.067275 -0.430168
v -0.193572 -0.082075 -0.401168
v -0.199872 -0.082275 -0.412168
v -0.216872 -0.089475 -0.401668
v -0.210072 -0.089075 -0.391068
v -0.176772 -0.074875 -0.410368
v -0.182572 -0.074875 -0.421668
v -0.204372 -0.086675 -0.423068
v -0.221772 -0.094175 -0.412368
v -0.186472 -0.079075 -0.432868
v -0.225972 -0.095875 -0.380068
v -0.217972 -0.100175 -0.371468
v -0.202372 -0.093575 -0.382168
v -0.186372 -0.086675 -0.392068
v -0.169872 -0.079675 -0.401068
v -0.187772 -0.087275 -0.442168
v -0.206072 -0.095075 -0.432168
v -0.223872 -0.102675 -0.421168
v -0.241172 -0.110075 -0.409268
v -0.238672 -0.101375 -0.400768
v -0.233272 -0.096475 -0.390368
v -0.256272 -0.108875 -0.355568
v -0.264472 -0.109775 -0.365168
v -0.279172 -0.116075 -0.351368
v -0.270572 -0.114975 -0.342168
v -0.241472 -0.102475 -0.368268
v -0.249172 -0.103275 -0.378268
v -0.270872 -0.115075 -0.374868
v -0.285972 -0.121475 -0.360668
v -0.255072 -0.108275 -0.388168
v -0.284272 -0.120775 -0.328068
v -0.274772 -0.124375 -0.320768
v -0.261472 -0.118775 -0.334568
v -0.247572 -0.112775 -0.347668
v -0.232972 -0.106575 -0.359968
v -0.257972 -0.117175 -0.396468
v -0.274072 -0.124075 -0.382768
v -0.289572 -0.130675 -0.368268
v -0.304372 -0.137075 -0.352868
v -0.300472 -0.127675 -0.345668
v -0.293272 -0.122075 -0.336868
v -0.309672 -0.131575 -0.297668
v -0.319372 -0.133175 -0.305468
v -0.331372 -0.138275 -0.288868
v -0.321272 -0.136575 -0.281468
v -0.297272 -0.126375 -0.313168
v -0.306672 -0.127775 -0.321568
v -0.327372 -0.139175 -0.313368
v -0.339672 -0.144375 -0.296268
v -0.314272 -0.133575 -0.329868
v -0.332172 -0.141175 -0.264668
v -0.321472 -0.144275 -0.258968
v -0.310872 -0.139775 -0.275268
v -0.299572 -0.134975 -0.291068
v -0.287472 -0.129875 -0.306268
v -0.318472 -0.143075 -0.336768
v -0.331872 -0.148775 -0.319968
v -0.344472 -0.154175 -0.302368
v -0.356272 -0.159175 -0.284168
v -0.351172 -0.149275 -0.278468
v -0.342572 -0.143075 -0.271568
v -0.351572 -0.149475 -0.229468
v -0.362572 -0.151575 -0.235268
v -0.371272 -0.155275 -0.216468
v -0.360072 -0.153075 -0.211068
v -0.342272 -0.145475 -0.247268
v -0.352972 -0.147475 -0.253668
v -0.371772 -0.158075 -0.241168
v -0.380672 -0.161875 -0.221768
v -0.361872 -0.153875 -0.260068
v -0.367672 -0.156375 -0.192368
v -0.356172 -0.159075 -0.188368
v -0.348672 -0.155975 -0.206668
v -0.340372 -0.152375 -0.224568
v -0.331372 -0.148575 -0.241968
v -0.367172 -0.163775 -0.265368
v -0.377272 -0.168175 -0.246068
v -0.386472 -0.172075 -0.226168
v -0.394772 -0.175575 -0.205768
v -0.388872 -0.165375 -0.201868
v -0.379172 -0.158675 -0.197068
v -0.380372 -0.161775 -0.153668
v -0.392272 -0.164275 -0.157268
v -0.397472 -0.166475 -0.136968
v -0.385472 -0.163875 -0.133868
v -0.374472 -0.159275 -0.173168
v -0.386172 -0.161675 -0.177368
v -0.402272 -0.171075 -0.160868
v -0.407672 -0.173375 -0.139968
v -0.396072 -0.168375 -0.181568
v -0.389572 -0.165675 -0.113868
v -0.377572 -0.168175 -0.111868
v -0.373472 -0.166475 -0.131368
v -0.368572 -0.164375 -0.150668
v -0.362772 -0.161975 -0.169668
v -0.402172 -0.178775 -0.185068
v -0.408572 -0.181475 -0.163868
v -0.414072 -0.183775 -0.142468
v -0.418572 -0.185675 -0.120768
v -0.412072 -0.175275 -0.118768
v -0.401772 -0.168275 -0.116268
v -0.395172 -0.168075 -0.073268
v -0.407472 -0.170775 -0.074468
v -0.408872 -0.171375 -0.053368
v -0.396472 -0.168675 -0.052768
v -0.392772 -0.167075 -0.093668
v -0.405072 -0.169675 -0.095468
v -0.417872 -0.177775 -0.075668
v -0.419372 -0.178375 -0.054068
v -0.415472 -0.176675 -0.097268
v -0.396972 -0.168875 -0.032268
v -0.384772 -0.171275 -0.032268
v -0.384272 -0.171075 -0.052268
v -0.382972 -0.170475 -0.072268
v -0.380672 -0.169575 -0.092168
v -0.422072 -0.187175 -0.098768
v -0.424572 -0.188275 -0.076768
v -0.426072 -0.188875 -0.054568
v -0.426572 -0.189175 -0.032268
v -0.419872 -0.178575 -0.032268
v -0.409372 -0.171575 -0.032268
v -0.395172 -0.168075 0.008732
v -0.407472 -0.170775 0.009932
v -0.405072 -0.169675 0.030932
v -0.392772 -0.167075 0.029132
v -0.396472 -0.168675 -0.011768
v -0.408872 -0.171375 -0.011168
v -0.417872 -0.177775 0.011132
v -0.415472 -0.176675 0.032732
v -0.419372 -0.178375 -0.010568
v -0.389572 -0.165675 0.049332
v -0.377572 -0.168175 0.047332
v -0.380672 -0.169575 0.027632
v -0.382972 -0.170475 0.007732
v -0.384272 -0.171075 -0.012268
v -0.426072 -0.188875 -0.010068
v -0.424572 -0.188275 0.012132
v -0.422072 -0.187175 0.034232
v -0.418572 -0.185675 0.056232
v -0.412072 -0.175275 0.054132
v -0.401772 -0.168275 0.051732
v -0.380372 -0.161775 0.089132
v -0.392272 -0.164275 0.092732
v -0.386172 -0.161675 0.112832
v -0.374472 -0.159275 0.108632
v -0.385472 -0.163875 0.069332
v -0.397472 -0.166475 0.072332
v -0.402272 -0.171075 0.096332
v -0.396072 -0.168375 0.117032
v -0.407672 -0.173375 0.075432
v -0.367672 -0.156375 0.127832
v -0.356172 -0.159075 0.123832
v -0.362772 -0.161975 0.105132
v -0.368572 -0.164375 0.086132
v -0.373472 -0.166475 0.066832
v -0.414072 -0.183775 0.077932
v -0.408572 -0.181475 0.099332
v -0.402172 -0.178775 0.120532
v -0.394772 -0.175575 0.141232
v -0.388872 -0.165375 0.137332
v -0.379172 -0.158675 0.132532
v -0.351572 -0.149475 0.164932
v -0.362572 -0.151575 0.170732
v -0.352972 -0.147475 0.189132
v -0.342272 -0.145475 0.182732
v -0.360072 -0.153075 0.146532
v -0.371272 -0.155275 0.151832
v -0.371772 -0.158075 0.176632
v -0.361872 -0.153875 0.195532
v -0.380672 -0.161875 0.157232
v -0.332172 -0.141175 0.200132
v -0.321472 -0.144275 0.194332
v -0.331372 -0.148575 0.177432
v -0.340372 -0.152375 0.160032
v -0.348672 -0.155975 0.142132
v -0.386472 -0.172075 0.161632
v -0.377272 -0.168175 0.181432
v -0.367172 -0.163775 0.200832
v -0.356272 -0.159175 0.219632
v -0.351172 -0.149275 0.213932
v -0.342572 -0.143075 0.207032
v -0.309672 -0.131575 0.233032
v -0.319372 -0.133175 0.240932
v -0.306672 -0.127775 0.256932
v -0.297272 -0.126375 0.248632
v -0.321272 -0.136575 0.216932
v -0.331372 -0.138275 0.224332
v -0.327372 -0.139175 0.248832
v -0.314272 -0.133575 0.265332
v -0.339672 -0.144375 0.231732
v -0.284272 -0.120775 0.263532
v -0.274772 -0.124375 0.256232
v -0.287472 -0.129875 0.241732
v -0.299572 -0.134975 0.226532
v -0.310872 -0.139775 0.210732
v -0.344472 -0.154175 0.237832
v -0.331872 -0.148775 0.255432
v -0.318472 -0.143075 0.272232
v -0.304372 -0.137075 0.288332
v -0.300472 -0.127675 0.281032
v -0.293272 -0.122075 0.272232
v -0.256272 -0.108875 0.291032
v -0.264472 -0.109775 0.300632
v -0.249172 -0.103275 0.313632
v -0.241472 -0.102475 0.303732
v -0.270572 -0.114975 0.277632
v -0.279172 -0.116075 0.286832
v -0.270872 -0.115075 0.310232
v -0.255072 -0.108275 0.323632
v -0.285972 -0.121475 0.296032
v -0.225972 -0.095875 0.315532
v -0.217972 -0.100175 0.306932
v -0.232972 -0.106575 0.295432
v -0.247572 -0.112775 0.283132
v -0.261472 -0.118775 0.270032
v -0.289572 -0.130675 0.303732
v -0.274072 -0.124075 0.318232
v -0.257972 -0.117175 0.331932
v -0.241172 -0.110075 0.344732
v -0.238672 -0.101375 0.336232
v -0.233272 -0.096475 0.325832
v -0.193572 -0.082075 0.336632
v -0.199872 -0.082275 0.347532
v -0.182572 -0.074875 0.357032
v -0.176772 -0.074875 0.345832
v -0.210072 -0.089075 0.326532
v -0.216872 -0.089475 0.337132
v -0.204372 -0.086675 0.358532
v -0.186472 -0.079075 0.368332
v -0.221772 -0.094175 0.347832
v -0.159472 -0.067575 0.354132
v -0.153072 -0.072475 0.344632
v -0.169872 -0.079675 0.336532
v -0.186372 -0.086675 0.327532
v -0.202372 -0.093575 0.317632
v -0.223872 -0.102675 0.356632
v -0.206072 -0.095075 0.367632
v -0.187772 -0.087275 0.377632
v -0.169072 -0.079375 0.386632
v -0.168172 -0.071275 0.377132
v -0.164772 -0.067275 0.365632
v -0.123872 -0.052375 0.368032
v -0.128172 -0.051675 0.379932
v -0.109372 -0.043675 0.385532
v -0.105672 -0.044675 0.373432
v -0.141872 -0.060075 0.361532
v -0.146672 -0.059475 0.373232
v -0.130572 -0.055275 0.391832
v -0.111272 -0.046975 0.397632
v -0.149572 -0.063375 0.384932
v -0.087272 -0.036775 0.377932
v -0.082672 -0.042475 0.367832
v -0.100672 -0.050175 0.363432
v -0.118372 -0.057775 0.358132
v -0.135872 -0.065175 0.351832
v -0.149972 -0.071175 0.394632
v -0.130572 -0.062875 0.401632
v -0.110772 -0.054475 0.407532
v -0.090872 -0.045975 0.412432
v -0.091772 -0.038675 0.402332
v -0.090472 -0.035575 0.390132
v -0.049972 -0.020875 0.384032
v -0.051972 -0.019175 0.396332
v -0.032572 -0.010875 0.397932
v -0.031072 -0.012875 0.385532
v -0.068672 -0.028875 0.381432
v -0.071272 -0.027375 0.393732
v -0.052172 -0.021775 0.408732
v -0.032272 -0.013275 0.410332
v -0.072072 -0.030275 0.406032
v -0.012272 -0.004775 0.386032
v -0.009472 -0.011275 0.375732
v -0.027872 -0.019175 0.375232
v -0.046272 -0.026975 0.373732
v -0.064472 -0.034775 0.371232
v -0.070672 -0.037375 0.416232
v -0.050372 -0.028675 0.419032
v -0.029872 -0.019975 0.420632
v -0.009472 -0.011275 0.421132
v -0.012272 -0.004775 0.410832
v -0.013172 -0.002575 0.398432
v 0.025528 0.011325 0.384032
v 0.025728 0.013925 0.396332
v 0.045028 0.022225 0.393732
v 0.044228 0.019325 0.381432
v 0.006628 0.003225 0.385532
v 0.006328 0.005725 0.397932
v 0.027728 0.012225 0.408732
v 0.047628 0.020725 0.406032
v 0.007728 0.003725 0.410332
v 0.062828 0.027225 0.377932
v 0.063728 0.019925 0.367832
v 0.045628 0.012225 0.371232
v 0.027328 0.004425 0.373732
v 0.008928 -0.003475 0.375232
v 0.011028 -0.002575 0.420632
v 0.031428 0.006125 0.419032
v 0.051728 0.014825 0.416232
v 0.071928 0.023425 0.412432
v 0.067328 0.029125 0.402332
v 0.064128 0.030325 0.390132
v 0.099428 0.042825 0.368032
v 0.101828 0.046425 0.379932
v 0.120328 0.054325 0.373232
v 0.117428 0.050525 0.361532
v 0.081228 0.035125 0.373432
v 0.083128 0.038425 0.385532
v 0.106128 0.045625 0.391832
v 0.125128 0.053725 0.384932
v 0.086828 0.037425 0.397632
v 0.135028 0.058025 0.354132
v 0.134128 0.049925 0.344632
v 0.116928 0.042625 0.351832
v 0.099528 0.035125 0.358132
v 0.081728 0.027625 0.363432
v 0.091928 0.031925 0.407532
v 0.111628 0.040325 0.401632
v 0.131028 0.048625 0.394632
v 0.150128 0.056825 0.386632
v 0.143728 0.061725 0.377132
v 0.138428 0.062025 0.365632
v 0.169128 0.072525 0.336632
v 0.173628 0.077025 0.347532
v 0.190528 0.084225 0.337132
v 0.185628 0.079525 0.326532
v 0.152328 0.065325 0.345832
v 0.156228 0.069625 0.357032
v 0.179928 0.077125 0.358532
v 0.197328 0.084625 0.347832
v 0.162028 0.069525 0.368332
v 0.201528 0.086325 0.315532
v 0.199028 0.077625 0.306932
v 0.183528 0.071025 0.317632
v 0.167428 0.064125 0.327532
v 0.151028 0.057125 0.336532
v 0.168928 0.064725 0.377632
v 0.187128 0.072525 0.367632
v 0.205028 0.080125 0.356632
v 0.222328 0.087525 0.344732
v 0.214228 0.091825 0.336232
v 0.206928 0.091225 0.325832
v 0.231828 0.099325 0.291032
v 0.238228 0.104525 0.300632
v 0.252928 0.110825 0.286832
v 0.246128 0.105425 0.277632
v 0.216928 0.092925 0.303732
v 0.222828 0.098025 0.313632
v 0.246328 0.105525 0.310232
v 0.261528 0.111925 0.296032
v 0.230628 0.098725 0.323632
v 0.259828 0.111225 0.263532
v 0.255928 0.101825 0.256232
v 0.242528 0.096225 0.270032
v 0.228628 0.090225 0.283132
v 0.214128 0.084025 0.295432
v 0.239028 0.094625 0.331932
v 0.255128 0.101525 0.318232
v 0.270628 0.108125 0.303732
v 0.285528 0.114425 0.288332
v 0.276028 0.118125 0.281032
v 0.267028 0.116825 0.272232
v 0.285228 0.122025 0.233032
v 0.293128 0.127925 0.240932
v 0.305128 0.133025 0.224332
v 0.296828 0.127025 0.216932
v 0.272828 0.116725 0.248632
v 0.280428 0.122525 0.256932
v 0.302928 0.129525 0.248832
v 0.315228 0.134825 0.231732
v 0.289828 0.124025 0.265332
v 0.307728 0.131625 0.200132
v 0.302628 0.121725 0.194332
v 0.292028 0.117225 0.210732
v 0.280628 0.112425 0.226532
v 0.268628 0.107325 0.241732
v 0.299628 0.120525 0.272232
v 0.313028 0.126225 0.255432
v 0.325528 0.131525 0.237832
v 0.337328 0.136625 0.219632
v 0.326728 0.139725 0.213932
v 0.316328 0.137825 0.207032
v 0.327128 0.139925 0.164932
v 0.336228 0.146325 0.170732
v 0.345028 0.150125 0.151832
v 0.335628 0.143525 0.146532
v 0.317828 0.135925 0.182732
v 0.326728 0.142325 0.189132
v 0.347228 0.148525 0.176632
v 0.356228 0.152325 0.157232
v 0.337428 0.144325 0.195532
v 0.343228 0.146825 0.127832
v 0.337228 0.136525 0.123832
v 0.329828 0.133325 0.142132
v 0.321528 0.129825 0.160032
v 0.312428 0.125925 0.177432
v 0.348328 0.141225 0.200832
v 0.358428 0.145525 0.181432
v 0.367628 0.149525 0.161632
v 0.375928 0.153025 0.141232
v 0.364428 0.155825 0.137332
v 0.352928 0.153425 0.132532
v 0.355928 0.152225 0.089132
v 0.366028 0.159025 0.092732
v 0.371128 0.161225 0.072332
v 0.361028 0.154325 0.069332
v 0.350028 0.149725 0.108632
v 0.359928 0.156425 0.112832
v 0.377828 0.161525 0.096332
v 0.383228 0.163825 0.075432
v 0.371628 0.158825 0.117032
v 0.365128 0.156125 0.049332
v 0.358628 0.145625 0.047332
v 0.354628 0.143925 0.066832
v 0.349628 0.141825 0.086132
v 0.343928 0.139425 0.105132
v 0.383228 0.156125 0.120532
v 0.389728 0.158925 0.099332
v 0.395128 0.161225 0.077932
v 0.399628 0.163125 0.056232
v 0.387628 0.165725 0.054132
v 0.375428 0.163025 0.051732
v 0.370728 0.158525 0.008732
v 0.381128 0.165525 0.009932
v 0.382528 0.166125 -0.011168
v 0.372028 0.159025 -0.011768
v 0.368328 0.157525 0.029132
v 0.378728 0.164525 0.030932
v 0.393428 0.168225 0.011132
v 0.394928 0.168825 -0.010568
v 0.391028 0.167125 0.032732
v 0.372528 0.159225 -0.032268
v 0.365828 0.148725 -0.032268
v 0.365428 0.148525 -0.012268
v 0.364028 0.147925 0.007732
v 0.361728 0.147025 0.027632
v 0.403128 0.164625 0.034232
v 0.405628 0.165725 0.012132
v 0.407128 0.166325 -0.010068
v 0.407628 0.166525 -0.032268
v 0.395428 0.169025 -0.032268
v 0.383028 0.166325 -0.032268
v 0.370728 0.158525 -0.073268
v 0.381128 0.165525 -0.074468
v 0.378728 0.164525 -0.095468
v 0.368328 0.157525 -0.093668
v 0.372028 0.159025 -0.052768
v 0.382528 0.166125 -0.053368
v 0.393428 0.168225 -0.075668
v 0.391028 0.167125 -0.097268
v 0.394928 0.168825 -0.054068
v 0.365128 0.156125 -0.113868
v 0.358628 0.145625 -0.111868
v 0.361728 0.147025 -0.092168
v 0.364028 0.147925 -0.072268
v 0.365428 0.148525 -0.052268
v 0.407128 0.166325 -0.054568
v 0.405628 0.165725 -0.076768
v 0.403128 0.164625 -0.098768
v 0.399628 0.163125 -0.120768
v 0.387628 0.165725 -0.118768
v 0.375428 0.163025 -0.116268
v 0.355928 0.152225 -0.153668
v 0.366028 0.159025 -0.157268
v 0.359928 0.156425 -0.177368
v 0.350028 0.149725 -0.173168
v 0.361028 0.154325 -0.133868
v 0.371128 0.161225 -0.136968
v 0.377828 0.161525 -0.160868
v 0.371628 0.158825 -0.181568
v 0.383228 0.163825 -0.139968
v 0.343228 0.146825 -0.192368
v 0.337228 0.136525 -0.188368
v 0.343928 0.139425 -0.169668
v 0.349628 0.141825 -0.150668
v 0.354628 0.143925 -0.131368
v 0.395128 0.161225 -0.142468
v 0.389728 0.158925 -0.163868
v 0.383228 0.156125 -0.185068
v 0.375928 0.153025 -0.205768
v 0.364428 0.155825 -0.201868
v 0.352928 0.153425 -0.197068
v 0.327128 0.139925 -0.229468
v 0.336228 0.146325 -0.235268
v 0.326728 0.142325 -0.253668
v 0.317828 0.135925 -0.247268
v 0.335628 0.143525 -0.211068
v 0.345028 0.150125 -0.216468
v 0.347228 0.148525 -0.241168
v 0.337428 0.144325 -0.260068
v 0.356228 0.152325 -0.221768
v 0.307728 0.131625 -0.264668
v 0.302628 0.121725 -0.258968
v 0.312428 0.125925 -0.241968
v 0.321528 0.129825 -0.224568
v 0.329828 0.133325 -0.206668
v 0.367628 0.149525 -0.226168
v 0.358428 0.145525 -0.246068
v 0.348328 0.141225 -0.265368
v 0.337328 0.136625 -0.284168
v 0.326728 0.139725 -0.278468
v 0.316328 0.137825 -0.271568
v 0.285228 0.122025 -0.297668
v 0.293128 0.127925 -0.305468
v 0.280428 0.122525 -0.321568
v 0.272828 0.116725 -0.313168
v 0.296828 0.127025 -0.281468
v 0.305128 0.133025 -0.288868
v 0.302928 0.129525 -0.313368
v 0.289828 0.124025 -0.329868
v 0.315228 0.134825 -0.296268
v 0.259828 0.111225 -0.328068
v 0.255928 0.101825 -0.320768
v 0.268628 0.107325 -0.306268
v 0.280628 0.112425 -0.291068
v 0.292028 0.117225 -0.275268
v 0.325528 0.131525 -0.302368
v 0.313028 0.126225 -0.319968
v 0.299628 0.120525 -0.336768
v 0.285528 0.114425 -0.352868
v 0.276028 0.118125 -0.345668
v 0.267028 0.116825 -0.336868
v 0.231828 0.099325 -0.355568
v 0.238228 0.104525 -0.365168
v 0.222828 0.098025 -0.378268
v 0.216928 0.092925 -0.368268
v 0.246128 0.105425 -0.342168
v 0.252928 0.110825 -0.351368
v 0.246328 0.105525 -0.374868
v 0.230628 0.098725 -0.388168
v 0.261528 0.111925 -0.360668
v 0.201528 0.086325 -0.380068
v 0.199028 0.077625 -0.371468
v 0.214128 0.084025 -0.359968
v 0.228628 0.090225 -0.347668
v 0.242528 0.096225 -0.334568
v 0.270628 0.108125 -0.368268
v 0.255128 0.101525 -0.382768
v 0.239028 0.094625 -0.396468
v 0.222328 0.087525 -0.409268
v 0.214228 0.091825 -0.400768
v 0.206928 0.091225 -0.390368
v 0.169128 0.072525 -0.401168
v 0.173628 0.077025 -0.412168
v 0.156228 0.069625 -0.421668
v 0.152328 0.065325 -0.410368
v 0.185628 0.079525 -0.391068
v 0.190528 0.084225 -0.401668
v 0.179928 0.077125 -0.423068
v 0.162028 0.069525 -0.432868
v 0.197328 0.084625 -0.412368
v 0.135028 0.058025 -0.418668
v 0.134128 0.049925 -0.409168
v 0.151028 0.057125 -0.401068
v 0.167428 0.064125 -0.392068
v 0.183528 0.071025 -0.382168
v 0.205028 0.080125 -0.421168
v 0.187128 0.072525 -0.432168
v 0.168928 0.064725 -0.442168
v 0.150128 0.056825 -0.451168
v 0.143728 0.061725 -0.441668
v 0.138428 0.062025 -0.430168
v 0.099428 0.042825 -0.432568
v 0.101828 0.046425 -0.444468
v 0.083128 0.038425 -0.450068
v 0.081228 0.035125 -0.437968
v 0.117428 0.050525 -0.426068
v 0.120328 0.054325 -0.437768
v 0.106128 0.045625 -0.456368
v 0.086828 0.037425 -0.462168
v 0.125128 0.053725 -0.449468
v 0.062828 0.027225 -0.442468
v 0.063728 0.019925 -0.432368
v 0.081728 0.027625 -0.428068
v 0.099528 0.035125 -0.422668
v 0.116928 0.042625 -0.416368
v 0.131028 0.048625 -0.459168
v 0.111628 0.040325 -0.466168
v 0.091928 0.031925 -0.472168
v 0.071928 0.023425 -0.476968
v 0.067328 0.029125 -0.466868
v 0.064128 0.030325 -0.454668
v 0.025528 0.011325 -0.448568
v 0.025728 0.013925 -0.460868
v 0.006328 0.005725 -0.462468
v 0.006628 0.003225 -0.450068
v 0.044228 0.019325 -0.446068
v 0.045028 0.022225 -0.458368
v 0.027728 0.012225 -0.473268
v 0.007728 0.003725 -0.474868
v 0.047628 0.020725 -0.470668
v 0.008928 -0.003475 -0.439768
v 0.027328 0.004425 -0.438268
v 0.045628 0.012225 -0.435868
v 0.051728 0.014825 -0.480768
v 0.031428 0.006125 -0.483568
v 0.011028 -0.002575 -0.485168
v 0.410528 0.125525 -0.165768
v 0.407028 0.139025 -0.166368
v 0.412628 0.141325 -0.144568
v 0.416128 0.127925 -0.143968
v 0.404028 0.122725 -0.187168
v 0.400528 0.136225 -0.187868
v 0.399828 0.150825 -0.165768
v 0.405328 0.153225 -0.143968
v 0.393328 0.148025 -0.187168
v 0.420628 0.129825 -0.121968
v 0.396628 0.119625 -0.208268
v 0.393028 0.133025 -0.209068
v 0.385828 0.144825 -0.208268
v 0.409928 0.155125 -0.121968
v 0.417228 0.143325 -0.122368
v 0.042028 -0.031575 -0.431968
v 0.036428 -0.019075 -0.429768
v 0.018428 -0.026675 -0.431268
v 0.023928 -0.039275 -0.433368
v 0.060028 -0.023975 -0.429468
v 0.054328 -0.011375 -0.427368
v 0.031228 -0.006275 -0.431968
v 0.013128 -0.014075 -0.433368
v 0.049228 0.001325 -0.429468
v 0.005828 -0.047075 -0.433868
v 0.077828 -0.016275 -0.426168
v 0.072128 -0.003875 -0.424068
v 0.067128 0.008925 -0.426168
v -0.004972 -0.021775 -0.433868
v 0.000428 -0.034375 -0.431768
v -0.319972 -0.185975 -0.221568
v -0.323672 -0.172575 -0.220568
v -0.331772 -0.175975 -0.203068
v -0.328172 -0.189375 -0.203968
v -0.311072 -0.182175 -0.238768
v -0.314772 -0.168775 -0.237668
v -0.330772 -0.160675 -0.221568
v -0.338872 -0.164175 -0.203968
v -0.321872 -0.156875 -0.238768
v -0.335472 -0.192575 -0.185968
v -0.301372 -0.177975 -0.255368
v -0.305072 -0.164675 -0.254168
v -0.312172 -0.152675 -0.255368
v -0.346272 -0.167275 -0.185968
v -0.339072 -0.179175 -0.185168
v 0.378828 0.112025 -0.249068
v 0.375228 0.125425 -0.250068
v 0.384528 0.129425 -0.229768
v 0.388128 0.116025 -0.228868
v 0.368628 0.107625 -0.268668
v 0.364928 0.121025 -0.269768
v 0.368028 0.137325 -0.249068
v 0.377428 0.141325 -0.228868
v 0.357828 0.132925 -0.268668
v 0.357528 0.102925 -0.287768
v 0.353728 0.116225 -0.288968
v 0.346728 0.128225 -0.287768
v -0.035672 -0.064675 -0.489868
v -0.041272 -0.052175 -0.492068
v -0.020472 -0.043275 -0.493668
v -0.014972 -0.055875 -0.491568
v -0.056272 -0.073475 -0.487168
v -0.061972 -0.060975 -0.489268
v -0.046472 -0.039475 -0.489868
v -0.025772 -0.030575 -0.491568
v -0.067072 -0.048175 -0.487168
v 0.005828 -0.047075 -0.492068
v -0.076772 -0.082275 -0.483268
v -0.082472 -0.069775 -0.485368
v -0.087472 -0.056975 -0.483268
v -0.004972 -0.021775 -0.492068
v 0.000428 -0.034375 -0.494268
v -0.347672 -0.197775 -0.148868
v -0.351172 -0.184275 -0.148268
v -0.356072 -0.186375 -0.129368
v -0.352572 -0.199775 -0.129868
v -0.341972 -0.195375 -0.167568
v -0.345572 -0.181875 -0.166868
v -0.358472 -0.172475 -0.148868
v -0.363272 -0.174575 -0.129868
v -0.352772 -0.170075 -0.167568
v -0.356472 -0.201475 -0.110668
v -0.367272 -0.176275 -0.110668
v -0.359972 -0.188075 -0.110168
v 0.332728 0.092325 -0.323968
v 0.328928 0.105625 -0.325368
v 0.341728 0.111125 -0.307468
v 0.345528 0.097825 -0.306168
v 0.319228 0.086625 -0.341068
v 0.315228 0.099825 -0.342468
v 0.322028 0.117625 -0.323968
v 0.334728 0.123125 -0.306168
v 0.308428 0.111925 -0.341068
v 0.304928 0.080525 -0.357468
v 0.300928 0.093725 -0.358968
v 0.294128 0.105725 -0.357468
v -0.116972 -0.099375 -0.472268
v -0.122972 -0.086975 -0.474368
v -0.102872 -0.078375 -0.480368
v -0.096972 -0.090875 -0.478368
v -0.136672 -0.107775 -0.465268
v -0.142772 -0.095475 -0.467268
v -0.127772 -0.074075 -0.472268
v -0.107772 -0.065575 -0.478368
v -0.147472 -0.082475 -0.465268
v -0.156072 -0.116075 -0.457068
v -0.162172 -0.103775 -0.459068
v -0.166872 -0.090775 -0.457068
v -0.361872 -0.203775 -0.071668
v -0.365272 -0.190275 -0.071468
v -0.366572 -0.190875 -0.051868
v -0.363172 -0.204375 -0.051968
v -0.359572 -0.202875 -0.091168
v -0.363072 -0.189375 -0.090868
v -0.372572 -0.178475 -0.071668
v -0.373972 -0.179075 -0.051968
v -0.370372 -0.177575 -0.091168
v -0.363572 -0.204575 -0.032268
v -0.374372 -0.179275 -0.032268
v -0.367072 -0.191075 -0.032268
v 0.274128 0.067425 -0.387768
v 0.270028 0.080525 -0.389368
v 0.285828 0.087325 -0.374568
v 0.289828 0.074125 -0.372968
v 0.257728 0.060425 -0.401668
v 0.253528 0.073525 -0.403368
v 0.263328 0.092625 -0.387768
v 0.279128 0.099325 -0.372968
v 0.247028 0.085725 -0.401668
v 0.240828 0.053125 -0.414568
v 0.236528 0.066225 -0.416368
v 0.230028 0.078425 -0.414568
v -0.193572 -0.132075 -0.437768
v -0.199872 -0.119775 -0.439668
v -0.181272 -0.111875 -0.449868
v -0.175072 -0.124175 -0.447968
v -0.211672 -0.139775 -0.426668
v -0.218072 -0.127575 -0.428568
v -0.204372 -0.106775 -0.437768
v -0.185872 -0.098875 -0.447968
v -0.222472 -0.114475 -0.426668
v -0.229172 -0.147275 -0.414568
v -0.235672 -0.135075 -0.416368
v -0.239972 -0.121975 -0.414568
v -0.361872 -0.203775 0.007132
v -0.365272 -0.190275 0.006832
v -0.363072 -0.189375 0.026332
v -0.359572 -0.202875 0.026632
v -0.363172 -0.204375 -0.012568
v -0.366572 -0.190875 -0.012668
v -0.372572 -0.178475 0.007132
v -0.370372 -0.177575 0.026632
v -0.373972 -0.179075 -0.012568
v -0.356472 -0.201475 0.046032
v -0.367272 -0.176275 0.046032
v -0.359972 -0.188075 0.045632
v 0.205228 0.038025 -0.437768
v 0.200728 0.051025 -0.439668
v 0.218828 0.058725 -0.428568
v 0.223228 0.045725 -0.426668
v 0.186628 0.030025 -0.447968
v 0.182128 0.043025 -0.449868
v 0.194428 0.063225 -0.437768
v 0.212428 0.070925 -0.426668
v 0.175828 0.055325 -0.447968
v 0.167628 0.022025 -0.457068
v 0.163028 0.034925 -0.459068
v 0.156928 0.047225 -0.457068
v -0.262572 -0.161475 -0.387768
v -0.269172 -0.149375 -0.389368
v -0.252772 -0.142375 -0.403368
v -0.246172 -0.154475 -0.401668
v -0.278272 -0.168175 -0.372968
v -0.284972 -0.156075 -0.374568
v -0.273372 -0.136175 -0.387768
v -0.256972 -0.129175 -0.401668
v -0.289072 -0.142875 -0.372968
v -0.293272 -0.174575 -0.357468
v -0.300072 -0.162475 -0.358968
v -0.304072 -0.149275 -0.357468
v -0.347672 -0.197775 0.084332
v -0.351172 -0.184275 0.083632
v -0.345572 -0.181875 0.102332
v -0.341972 -0.195375 0.103032
v -0.352572 -0.199775 0.065332
v -0.356072 -0.186375 0.064732
v -0.358472 -0.172475 0.084332
v -0.352772 -0.170075 0.103032
v -0.363272 -0.174575 0.065332
v -0.335472 -0.192575 0.121432
v -0.346272 -0.167275 0.121432
v -0.339072 -0.179175 0.120632
v 0.128628 0.005325 -0.472268
v 0.123728 0.018225 -0.474368
v 0.143528 0.026625 -0.467268
v 0.148328 0.013725 -0.465268
v 0.108528 -0.003175 -0.478368
v 0.103628 0.009625 -0.480368
v 0.117828 0.030625 -0.472268
v 0.137528 0.039025 -0.465268
v 0.097828 0.022025 -0.478368
v 0.088328 -0.011875 -0.483268
v 0.083328 0.000925 -0.485368
v 0.077528 0.013425 -0.483268
v -0.321172 -0.186475 -0.323968
v -0.328072 -0.174475 -0.325368
v -0.314472 -0.168675 -0.342468
v -0.307672 -0.180675 -0.341068
v -0.333972 -0.191875 -0.306168
v -0.340872 -0.179975 -0.307468
v -0.331972 -0.161175 -0.323968
v -0.318372 -0.155375 -0.341068
v -0.344772 -0.166575 -0.306168
v -0.345872 -0.196975 -0.287768
v -0.352972 -0.185075 -0.288968
v -0.356672 -0.171675 -0.287768
v -0.319972 -0.185975 0.157032
v -0.323672 -0.172575 0.156032
v -0.314772 -0.168775 0.173032
v -0.311072 -0.182175 0.174132
v -0.328172 -0.189375 0.139432
v -0.331772 -0.175975 0.138532
v -0.330772 -0.160675 0.157032
v -0.321872 -0.156875 0.174132
v -0.338872 -0.164175 0.139432
v -0.301372 -0.177975 0.190832
v -0.312172 -0.152675 0.190832
v -0.305072 -0.164675 0.189632
v 0.047228 -0.029375 -0.489868
v 0.042028 -0.016675 -0.492068
v 0.062728 -0.007775 -0.489268
v 0.067828 -0.020575 -0.487168
v 0.026528 -0.038175 -0.491568
v 0.021228 -0.025475 -0.493668
v 0.036428 -0.004075 -0.489868
v 0.057128 0.004725 -0.487168
v 0.015728 -0.012875 -0.491568
v -0.367272 -0.206075 -0.249068
v -0.374372 -0.194175 -0.250068
v -0.364072 -0.189775 -0.269768
v -0.356972 -0.201775 -0.268668
v -0.376572 -0.210075 -0.228868
v -0.383772 -0.198175 -0.229768
v -0.378072 -0.180775 -0.249068
v -0.367772 -0.176475 -0.268668
v -0.387372 -0.184775 -0.228868
v -0.384972 -0.213675 -0.208268
v -0.392172 -0.201775 -0.209068
v -0.395772 -0.188375 -0.208268
v -0.279772 -0.168775 0.222432
v -0.283672 -0.155475 0.221132
v -0.271872 -0.150475 0.235932
v -0.267872 -0.163775 0.237432
v -0.290872 -0.173575 0.206932
v -0.294772 -0.160275 0.205632
v -0.290572 -0.143475 0.222432
v -0.278672 -0.138475 0.237432
v -0.301672 -0.148275 0.206932
v -0.255372 -0.158375 0.251732
v -0.266172 -0.133175 0.251732
v -0.259372 -0.145175 0.250132
v -0.398972 -0.219675 -0.165768
v -0.406272 -0.207775 -0.166368
v -0.399672 -0.204975 -0.187868
v -0.392472 -0.216875 -0.187168
v -0.404572 -0.221975 -0.143968
v -0.411772 -0.210175 -0.144568
v -0.409772 -0.194375 -0.165768
v -0.403272 -0.191575 -0.187168
v -0.415272 -0.196675 -0.143968
v -0.409072 -0.223975 -0.121968
v -0.416372 -0.212075 -0.122368
v -0.419872 -0.198675 -0.121968
v -0.228572 -0.146975 0.278132
v -0.232672 -0.133775 0.276532
v -0.218472 -0.127675 0.288532
v -0.214272 -0.140875 0.290232
v -0.242272 -0.152775 0.265232
v -0.246372 -0.139575 0.263732
v -0.239372 -0.121675 0.278132
v -0.225072 -0.115575 0.290232
v -0.253072 -0.127575 0.265232
v -0.199472 -0.134575 0.301632
v -0.210172 -0.109275 0.301632
v -0.203772 -0.121475 0.299832
v -0.415172 -0.226475 -0.077368
v -0.422472 -0.214675 -0.077568
v -0.419972 -0.213675 -0.100068
v -0.412572 -0.225475 -0.099768
v -0.416672 -0.227175 -0.054868
v -0.424072 -0.215375 -0.054968
v -0.425972 -0.201275 -0.077368
v -0.423372 -0.200175 -0.099768
v -0.427472 -0.201875 -0.054868
v -0.417172 -0.227375 -0.032268
v -0.424572 -0.215575 -0.032268
v -0.427972 -0.202075 -0.032268
v -0.168372 -0.121275 0.321932
v -0.172772 -0.108275 0.320032
v -0.156672 -0.101375 0.328832
v -0.152172 -0.114375 0.330732
v -0.184072 -0.127975 0.312132
v -0.188472 -0.114975 0.310332
v -0.179072 -0.095975 0.321932
v -0.162972 -0.089075 0.330732
v -0.194872 -0.102775 0.312132
v -0.135572 -0.107275 0.338732
v -0.146372 -0.082075 0.338732
v -0.140172 -0.094375 0.336732
v -0.415172 -0.226475 0.012832
v -0.422472 -0.214675 0.013032
v -0.424072 -0.215375 -0.009568
v -0.416672 -0.227175 -0.009668
v -0.412572 -0.225475 0.035232
v -0.419972 -0.213675 0.035532
v -0.425972 -0.201275 0.012832
v -0.427472 -0.201875 -0.009668
v -0.423372 -0.200175 0.035232
v -0.409072 -0.223975 0.057432
v -0.416372 -0.212075 0.057832
v -0.419872 -0.198675 0.057432
v -0.101472 -0.092775 0.352032
v -0.106272 -0.079875 0.349932
v -0.088872 -0.072475 0.355232
v -0.083972 -0.085275 0.357232
v -0.118672 -0.100075 0.345832
v -0.123372 -0.087175 0.343832
v -0.112172 -0.067475 0.352032
v -0.094772 -0.060075 0.357232
v -0.129472 -0.074775 0.345832
v -0.066272 -0.077775 0.361632
v -0.077072 -0.052475 0.361632
v -0.071272 -0.064975 0.359532
v -0.398972 -0.219675 0.101232
v -0.406272 -0.207775 0.101832
v -0.411772 -0.210175 0.079932
v -0.404572 -0.221975 0.079432
v -0.392472 -0.216875 0.122632
v -0.399672 -0.204975 0.123332
v -0.409772 -0.194375 0.101232
v -0.415272 -0.196675 0.079432
v -0.403272 -0.191575 0.122632
v -0.384972 -0.213675 0.143732
v -0.392172 -0.201775 0.144532
v -0.395772 -0.188375 0.143732
v -0.030372 -0.062475 0.367332
v -0.035572 -0.049775 0.365232
v -0.017672 -0.042075 0.366732
v -0.012372 -0.054775 0.368832
v -0.048372 -0.070175 0.364932
v -0.053472 -0.057375 0.362832
v -0.041172 -0.037175 0.367332
v -0.023072 -0.029475 0.368832
v -0.059172 -0.044875 0.364932
v 0.005828 -0.047075 0.369332
v -0.004972 -0.021775 0.369332
v 0.000428 -0.034375 0.367132
v -0.367272 -0.206075 0.184532
v -0.374372 -0.194175 0.185532
v -0.383772 -0.198175 0.165232
v -0.376572 -0.210075 0.164332
v -0.356972 -0.201775 0.204132
v -0.364072 -0.189775 0.205232
v -0.378072 -0.180775 0.184532
v -0.387372 -0.184775 0.164332
v -0.367772 -0.176475 0.204132
v -0.345872 -0.196975 0.223232
v -0.352972 -0.185075 0.224332
v -0.356672 -0.171675 0.223232
v 0.042028 -0.031575 0.367332
v 0.036428 -0.019075 0.365232
v 0.054328 -0.011375 0.362832
v 0.060028 -0.023975 0.364932
v 0.023928 -0.039275 0.368832
v 0.018428 -0.026675 0.366732
v 0.031228 -0.006275 0.367332
v 0.049228 0.001325 0.364932
v 0.013128 -0.014075 0.368832
v 0.077828 -0.016275 0.361632
v 0.067128 0.008925 0.361632
v 0.072128 -0.003875 0.359532
v -0.321172 -0.186475 0.259432
v -0.328072 -0.174475 0.260832
v -0.340872 -0.179975 0.242932
v -0.333972 -0.191875 0.241632
v -0.307672 -0.180675 0.276532
v -0.314472 -0.168675 0.277932
v -0.331972 -0.161175 0.259432
v -0.344772 -0.166575 0.241632
v -0.318372 -0.155375 0.276532
v -0.293272 -0.174575 0.292832
v -0.300072 -0.162475 0.294432
v -0.304072 -0.149275 0.292832
v 0.113028 -0.001275 0.352032
v 0.107028 0.011125 0.349932
v 0.124228 0.018425 0.343832
v 0.130228 0.006025 0.345832
v 0.095528 -0.008775 0.357232
v 0.089728 0.003625 0.355232
v 0.102228 0.023925 0.352032
v 0.119428 0.031325 0.345832
v 0.084728 0.016525 0.357232
v 0.147128 0.013225 0.338732
v 0.136428 0.038525 0.338732
v 0.141028 0.025525 0.336732
v -0.262572 -0.161475 0.323232
v -0.269172 -0.149375 0.324832
v -0.284972 -0.156075 0.310032
v -0.278272 -0.168175 0.308432
v -0.246172 -0.154475 0.337032
v -0.252772 -0.142375 0.338732
v -0.273372 -0.136175 0.323232
v -0.289072 -0.142875 0.308432
v -0.256972 -0.129175 0.337032
v -0.229172 -0.147275 0.350032
v -0.235672 -0.135075 0.351832
v -0.239972 -0.121975 0.350032
v 0.179928 0.027225 0.321932
v 0.173628 0.039425 0.320032
v 0.189328 0.046125 0.310332
v 0.195728 0.033925 0.312132
v 0.163728 0.020325 0.330732
v 0.157528 0.032625 0.328832
v 0.169128 0.052525 0.321932
v 0.184928 0.059225 0.312132
v 0.152928 0.045625 0.330732
v 0.211028 0.040425 0.301632
v 0.200228 0.065725 0.301632
v 0.204528 0.052625 0.299832
v -0.193572 -0.132075 0.373232
v -0.199872 -0.119775 0.375132
v -0.218072 -0.127575 0.363932
v -0.211672 -0.139775 0.362132
v -0.175072 -0.124175 0.383432
v -0.181272 -0.111875 0.385332
v -0.204372 -0.106775 0.373232
v -0.222472 -0.114475 0.362132
v -0.185872 -0.098875 0.383432
v -0.156072 -0.116075 0.392532
v -0.162172 -0.103775 0.394532
v -0.166872 -0.090775 0.392532
v 0.240128 0.052925 0.278132
v 0.233528 0.065025 0.276532
v 0.247128 0.070825 0.263732
v 0.253828 0.058725 0.265232
v 0.225828 0.046825 0.290232
v 0.219328 0.058925 0.288532
v 0.229328 0.078125 0.278132
v 0.243128 0.084025 0.265232
v 0.215028 0.072025 0.290232
v 0.267028 0.064325 0.251732
v 0.256228 0.089625 0.251732
v 0.260228 0.076425 0.250132
v -0.116972 -0.099375 0.407732
v -0.122972 -0.086975 0.409832
v -0.142772 -0.095475 0.402732
v -0.136672 -0.107775 0.400632
v -0.096972 -0.090875 0.413732
v -0.102872 -0.078375 0.415832
v -0.127772 -0.074075 0.407732
v -0.147472 -0.082475 0.400632
v -0.107772 -0.065575 0.413732
v -0.076772 -0.082275 0.418732
v -0.082472 -0.069775 0.420832
v -0.087472 -0.056975 0.418732
v 0.291328 0.074725 0.222432
v 0.284428 0.086725 0.221132
v 0.295528 0.091425 0.205632
v 0.302528 0.079425 0.206932
v 0.279528 0.069625 0.237432
v 0.272628 0.081725 0.235932
v 0.280528 0.100025 0.222432
v 0.291728 0.104725 0.206932
v 0.268728 0.094925 0.237432
v 0.312928 0.083925 0.190832
v 0.302128 0.109225 0.190832
v 0.305928 0.095825 0.189632
v -0.035672 -0.064675 0.425332
v -0.041272 -0.052175 0.427432
v -0.061972 -0.060975 0.424732
v -0.056272 -0.073475 0.422632
v -0.014972 -0.055875 0.427032
v -0.020472 -0.043275 0.429132
v -0.046472 -0.039475 0.425332
v -0.067072 -0.048175 0.422632
v -0.025772 -0.030575 0.427032
v 0.005828 -0.047075 0.427532
v 0.000428 -0.034375 0.429732
v -0.004972 -0.021775 0.427532
v 0.331528 0.091825 0.157032
v 0.324428 0.103725 0.156032
v 0.332528 0.107225 0.138532
v 0.339728 0.095325 0.139432
v 0.322628 0.088025 0.174132
v 0.315528 0.100025 0.173032
v 0.320828 0.117125 0.157032
v 0.328928 0.120625 0.139432
v 0.311828 0.113325 0.174132
v 0.347028 0.098525 0.121432
v 0.336328 0.123725 0.121432
v 0.339828 0.110325 0.120632
v 0.047228 -0.029375 0.425332
v 0.042028 -0.016675 0.427432
v 0.021228 -0.025475 0.429132
v 0.026528 -0.038175 0.427032
v 0.067828 -0.020575 0.422632
v 0.062728 -0.007775 0.424732
v 0.036428 -0.004075 0.425332
v 0.015728 -0.012875 0.427032
v 0.057128 0.004725 0.422632
v 0.088328 -0.011875 0.418732
v 0.083328 0.000925 0.420832
v 0.077528 0.013425 0.418732
v 0.359328 0.103725 0.084332
v 0.352028 0.115525 0.083632
v 0.356828 0.117525 0.064732
v 0.364128 0.105725 0.065332
v 0.353628 0.101225 0.103032
v 0.346328 0.113125 0.102332
v 0.348528 0.128925 0.084332
v 0.353328 0.131025 0.065332
v 0.342828 0.126525 0.103032
v 0.368128 0.107425 0.046032
v 0.357328 0.132725 0.046032
v 0.360828 0.119225 0.045632
v 0.128628 0.005325 0.407732
v 0.123728 0.018225 0.409832
v 0.103628 0.009625 0.415832
v 0.108528 -0.003175 0.413732
v 0.148328 0.013725 0.400632
v 0.143528 0.026625 0.402732
v 0.117828 0.030625 0.407732
v 0.097828 0.022025 0.413732
v 0.137528 0.039025 0.400632
v 0.167628 0.022025 0.392532
v 0.163028 0.034925 0.394532
v 0.156928 0.047225 0.392532
v 0.373428 0.109725 0.007132
v 0.366028 0.121525 0.006832
v 0.367428 0.122125 -0.012668
v 0.374728 0.110225 -0.012568
v 0.371228 0.108725 0.026632
v 0.363828 0.120525 0.026332
v 0.362628 0.135025 0.007132
v 0.363928 0.135525 -0.012568
v 0.360428 0.134025 0.026632
v 0.375228 0.110425 -0.032268
v 0.364428 0.135725 -0.032268
v 0.367828 0.122225 -0.032268
v 0.205228 0.038025 0.373232
v 0.200728 0.051025 0.375132
v 0.182128 0.043025 0.385332
v 0.186628 0.030025 0.383432
v 0.223228 0.045725 0.362132
v 0.218828 0.058725 0.363932
v 0.194428 0.063225 0.373232
v 0.175828 0.055325 0.383432
v 0.212428 0.070925 0.362132
v 0.240828 0.053125 0.350032
v 0.236528 0.066225 0.351832
v 0.230028 0.078425 0.350032
v 0.373428 0.109725 -0.071668
v 0.366028 0.121525 -0.071468
v 0.363828 0.120525 -0.090868
v 0.371228 0.108725 -0.091168
v 0.374728 0.110225 -0.051968
v 0.367428 0.122125 -0.051868
v 0.362628 0.135025 -0.071668
v 0.360428 0.134025 -0.091168
v 0.363928 0.135525 -0.051968
v 0.368128 0.107425 -0.110668
v 0.357328 0.132725 -0.110668
v 0.360828 0.119225 -0.110168
v 0.274128 0.067425 0.323232
v 0.270028 0.080525 0.324832
v 0.253528 0.073525 0.338732
v 0.257728 0.060425 0.337032
v 0.289828 0.074125 0.308432
v 0.285828 0.087325 0.310032
v 0.263328 0.092625 0.323232
v 0.247028 0.085725 0.337032
v 0.279128 0.099325 0.308432
v 0.304928 0.080525 0.292832
v 0.300928 0.093725 0.294432
v 0.294128 0.105725 0.292832
v 0.359328 0.103725 -0.148868
v 0.352028 0.115525 -0.148268
v 0.346328 0.113125 -0.166868
v 0.353628 0.101225 -0.167568
v 0.364128 0.105725 -0.129868
v 0.356828 0.117525 -0.129368
v 0.348528 0.128925 -0.148868
v 0.342828 0.126525 -0.167568
v 0.353328 0.131025 -0.129868
v 0.347028 0.098525 -0.185968
v 0.336328 0.123725 -0.185968
v 0.339828 0.110325 -0.185168
v 0.332728 0.092325 0.259432
v 0.328928 0.105625 0.260832
v 0.315228 0.099825 0.277932
v 0.319228 0.086625 0.276532
v 0.345528 0.097825 0.241632
v 0.341728 0.111125 0.242932
v 0.322028 0.117625 0.259432
v 0.308428 0.111925 0.276532
v 0.334728 0.123125 0.241632
v 0.357528 0.102925 0.223232
v 0.353728 0.116225 0.224332
v 0.346728 0.128225 0.223232
v 0.331528 0.091825 -0.221568
v 0.324428 0.103725 -0.220568
v 0.315528 0.100025 -0.237668
v 0.322628 0.088025 -0.238768
v 0.339728 0.095325 -0.203968
v 0.332528 0.107225 -0.203068
v 0.320828 0.117125 -0.221568
v 0.311828 0.113325 -0.238768
v 0.328928 0.120625 -0.203968
v 0.312928 0.083925 -0.255368
v 0.302128 0.109225 -0.255368
v 0.305928 0.095825 -0.254168
v -0.030372 -0.062475 -0.431968
v -0.035572 -0.049775 -0.429768
v -0.053472 -0.057375 -0.427368
v -0.048372 -0.070175 -0.429468
v -0.012372 -0.054775 -0.433368
v -0.017672 -0.042075 -0.431268
v -0.041172 -0.037175 -0.431968
v -0.059172 -0.044875 -0.429468
v -0.023072 -0.029475 -0.433368
v -0.066272 -0.077775 -0.426168
v -0.077072 -0.052475 -0.426168
v -0.071272 -0.064975 -0.424068
v 0.378828 0.112025 0.184532
v 0.375228 0.125425 0.185532
v 0.364928 0.121025 0.205232
v 0.368628 0.107625 0.204132
v 0.388128 0.116025 0.164332
v 0.384528 0.129425 0.165232
v 0.368028 0.137325 0.184532
v 0.357828 0.132925 0.204132
v 0.377428 0.141325 0.164332
v 0.396628 0.119625 0.143732
v 0.393028 0.133025 0.144532
v 0.385828 0.144825 0.143732
v 0.291328 0.074725 -0.287068
v 0.284428 0.086725 -0.285668
v 0.272628 0.081725 -0.300568
v 0.279528 0.069625 -0.301968
v 0.302528 0.079425 -0.271468
v 0.295528 0.091425 -0.270268
v 0.280528 0.100025 -0.287068
v 0.268728 0.094925 -0.301968
v 0.291728 0.104725 -0.271468
v 0.267028 0.064325 -0.316268
v 0.256228 0.089625 -0.316268
v 0.260228 0.076425 -0.314768
v -0.101472 -0.092775 -0.416568
v -0.106272 -0.079875 -0.414568
v -0.123372 -0.087175 -0.408368
v -0.118672 -0.100075 -0.410368
v -0.083972 -0.085275 -0.421868
v -0.088872 -0.072475 -0.419768
v -0.112172 -0.067475 -0.416568
v -0.129472 -0.074775 -0.410368
v -0.094772 -0.060075 -0.421868
v -0.135572 -0.107275 -0.403268
v -0.146372 -0.082075 -0.403268
v -0.140172 -0.094375 -0.401268
v 0.410528 0.125525 0.101232
v 0.407028 0.139025 0.101832
v 0.400528 0.136225 0.123332
v 0.404028 0.122725 0.122632
v 0.416128 0.127925 0.079432
v 0.412628 0.141325 0.079932
v 0.399828 0.150825 0.101232
v 0.393328 0.148025 0.122632
v 0.405328 0.153225 0.079432
v 0.420628 0.129825 0.057432
v 0.417228 0.143325 0.057832
v 0.409928 0.155125 0.057432
v 0.240128 0.052925 -0.342668
v 0.233528 0.065025 -0.341068
v 0.219328 0.058925 -0.353068
v 0.225828 0.046825 -0.354868
v 0.253828 0.058725 -0.329868
v 0.247128 0.070825 -0.328268
v 0.229328 0.078125 -0.342668
v 0.215028 0.072025 -0.354868
v 0.243128 0.084025 -0.329868
v 0.211028 0.040425 -0.366168
v 0.200228 0.065725 -0.366168
v 0.204528 0.052625 -0.364368
v -0.168372 -0.121275 -0.386468
v -0.172772 -0.108275 -0.384568
v -0.188472 -0.114975 -0.374868
v -0.184072 -0.127975 -0.376768
v -0.152172 -0.114375 -0.395268
v -0.156672 -0.101375 -0.393368
v -0.179072 -0.095975 -0.386468
v -0.194872 -0.102775 -0.376768
v -0.162972 -0.089075 -0.395268
v -0.199472 -0.134575 -0.366168
v -0.210172 -0.109275 -0.366168
v -0.203772 -0.121475 -0.364368
v 0.426728 0.132425 0.012832
v 0.423328 0.145925 0.013032
v 0.420728 0.144825 0.035532
v 0.424228 0.131325 0.035232
v 0.428328 0.133125 -0.009668
v 0.424828 0.146525 -0.009568
v 0.415928 0.157725 0.012832
v 0.413428 0.156625 0.035232
v 0.417528 0.158425 -0.009668
v 0.428828 0.133325 -0.032268
v 0.425328 0.146825 -0.032268
v 0.418028 0.158625 -0.032268
v 0.179928 0.027225 -0.386468
v 0.173628 0.039425 -0.384568
v 0.157528 0.032625 -0.393368
v 0.163728 0.020325 -0.395268
v 0.195728 0.033925 -0.376768
v 0.189328 0.046125 -0.374868
v 0.169128 0.052525 -0.386468
v 0.152928 0.045625 -0.395268
v 0.184928 0.059225 -0.376768
v 0.147128 0.013225 -0.403268
v 0.136428 0.038525 -0.403268
v 0.141028 0.025525 -0.401268
v -0.228572 -0.146975 -0.342668
v -0.232672 -0.133775 -0.341068
v -0.246372 -0.139575 -0.328268
v -0.242272 -0.152775 -0.329868
v -0.214272 -0.140875 -0.354868
v -0.218472 -0.127675 -0.353068
v -0.239372 -0.121675 -0.342668
v -0.253072 -0.127575 -0.329868
v -0.225072 -0.115575 -0.354868
v -0.255372 -0.158375 -0.316268
v -0.266172 -0.133175 -0.316268
v -0.259372 -0.145175 -0.314768
v 0.426728 0.132425 -0.077368
v 0.423328 0.145925 -0.077568
v 0.424828 0.146525 -0.054968
v 0.428328 0.133125 -0.054868
v 0.424228 0.131325 -0.099768
v 0.420728 0.144825 -0.100068
v 0.415928 0.157725 -0.077368
v 0.417528 0.158425 -0.054868
v 0.413428 0.156625 -0.099768
v 0.113028 -0.001275 -0.416568
v 0.107028 0.011125 -0.414568
v 0.089728 0.003625 -0.419768
v 0.095528 -0.008775 -0.421868
v 0.130228 0.006025 -0.410368
v 0.124228 0.018425 -0.408368
v 0.102228 0.023925 -0.416568
v 0.084728 0.016525 -0.421868
v 0.119428 0.031325 -0.410368
v -0.279772 -0.168775 -0.287068
v -0.283672 -0.155475 -0.285668
v -0.294772 -0.160275 -0.270268
v -0.290872 -0.173575 -0.271468
v -0.267872 -0.163775 -0.301968
v -0.271872 -0.150475 -0.300568
v -0.290572 -0.143475 -0.287068
v -0.301672 -0.148275 -0.271468
v -0.278672 -0.138475 -0.301968
vn -0.3644 0.9127 0.1848
vn -0.3643 0.9127 0.1850
vn -0.3727 0.9092 0.1857
vn -0.3727 0.9092 0.1858
vn -0.4063 0.8949 -0.1848
vn -0.4063 0.8948 -0.1848
vn -0.3980 0.8984 -0.1857
vn -0.2344 0.7964 0.5575
vn -0.2597 0.7857 0.5615
vn -0.2597 0.7856 0.5616
vn -0.2851 0.7748 0.5643
vn -0.3106 0.7639 0.5657
vn -0.3811 0.9056 0.1862
vn -0.3896 0.9020 -0.1862
vn -0.3362 0.7530 -0.5657
vn -0.3362 0.7530 -0.5656
vn -0.3617 0.7421 -0.5643
vn -0.3871 0.7313 -0.5616
vn -0.3871 0.7313 -0.5615
vn -0.4121 0.7206 -0.5576
vn -0.4123 0.7205 -0.5575
vn -0.4146 0.8913 -0.1835
vn -0.3561 0.9163 0.1835
vn -0.3560 0.9163 0.1835
vn 0.4063 -0.8948 0.1848
vn 0.3644 -0.9127 -0.1849
vn 0.3980 -0.8984 0.1857
vn 0.3727 -0.9092 -0.1857
vn 0.4123 -0.7205 0.5575
vn 0.4146 -0.8913 0.1835
vn 0.3561 -0.9163 -0.1835
vn 0.2344 -0.7964 -0.5575
vn 0.2597 -0.7857 -0.5615
vn 0.2597 -0.7856 -0.5616
vn 0.2851 -0.7748 -0.5643
vn 0.3106 -0.7639 -0.5657
vn 0.3811 -0.9056 -0.1862
vn 0.3896 -0.9020 0.1862
vn 0.3362 -0.7530 0.5657
vn 0.3617 -0.7421 0.5643
vn 0.3871 -0.7313 0.5616
vn 0.4391 -0.8809 0.1768
vn 0.3316 -0.9267 -0.1768
vn 0.3317 -0.9267 -0.1768
vn 0.4310 -0.8843 0.1795
vn 0.3397 -0.9233 -0.1795
vn 0.5107 -0.6786 0.5279
vn 0.5110 -0.6782 0.5281
vn 0.4470 -0.8775 0.1738
vn 0.3237 -0.9301 -0.1738
vn 0.3236 -0.9301 -0.1738
vn 0.1361 -0.8383 -0.5279
vn 0.1601 -0.8281 -0.5373
vn 0.1845 -0.8177 -0.5453
vn 0.2093 -0.8071 -0.5521
vn 0.3478 -0.9198 -0.1817
vn 0.4229 -0.8878 0.1817
vn 0.4375 -0.7098 0.5521
vn 0.4622 -0.6993 0.5453
vn 0.4866 -0.6888 0.5373
vn 0.4866 -0.6888 0.5374
vn 0.4698 -0.8678 0.1620
vn 0.4697 -0.8679 0.1618
vn 0.3009 -0.9398 -0.1620
vn 0.4624 -0.8709 0.1663
vn 0.4624 -0.8710 0.1663
vn 0.3083 -0.9366 -0.1663
vn 0.6018 -0.6397 0.4781
vn 0.4770 -0.8647 0.1575
vn 0.4770 -0.8647 0.1573
vn 0.2937 -0.9429 -0.1573
vn 0.0449 -0.8772 -0.4781
vn 0.0450 -0.8772 -0.4781
vn 0.0668 -0.8682 -0.4917
vn 0.0668 -0.8679 -0.4922
vn 0.0893 -0.8582 -0.5054
vn 0.0893 -0.8583 -0.5054
vn 0.1124 -0.8484 -0.5173
vn 0.3159 -0.9334 -0.1702
vn 0.3161 -0.9334 -0.1700
vn 0.4548 -0.8742 0.1702
vn 0.5343 -0.6685 0.5173
vn 0.5574 -0.6587 0.5054
vn 0.5799 -0.6491 0.4923
vn 0.4972 -0.8561 0.1410
vn 0.4972 -0.8561 0.1411
vn 0.2735 -0.9515 -0.1410
vn 0.2734 -0.9515 -0.1410
vn 0.4907 -0.8589 0.1468
vn 0.2800 -0.9487 -0.1468
vn 0.6823 -0.6054 0.4098
vn 0.5035 -0.8534 0.1349
vn 0.2672 -0.9541 -0.1349
vn 0.2673 -0.9541 -0.1348
vn -0.0355 -0.9115 -0.4098
vn -0.0166 -0.9034 -0.4286
vn -0.0165 -0.9034 -0.4285
vn 0.0031 -0.8950 -0.4461
vn 0.0030 -0.8950 -0.4461
vn 0.0237 -0.8862 -0.4626
vn 0.2867 -0.9459 -0.1522
vn 0.2867 -0.9458 -0.1522
vn 0.4840 -0.8617 0.1522
vn 0.6231 -0.6307 0.4626
vn 0.6436 -0.6219 0.4461
vn 0.6436 -0.6218 0.4463
vn 0.6633 -0.6135 0.4285
vn 0.5203 -0.8463 0.1146
vn 0.5204 -0.8462 0.1146
vn 0.2503 -0.9614 -0.1146
vn 0.5151 -0.8485 0.1216
vn 0.2556 -0.9591 -0.1216
vn 0.7489 -0.5771 0.3258
vn 0.7489 -0.5770 0.3258
vn 0.5254 -0.8441 0.1072
vn 0.2453 -0.9635 -0.1072
vn -0.1022 -0.9399 -0.3258
vn -0.0869 -0.9334 -0.3481
vn -0.0866 -0.9334 -0.3484
vn -0.0708 -0.9265 -0.3696
vn -0.0707 -0.9265 -0.3696
vn -0.0536 -0.9192 -0.3901
vn 0.2613 -0.9567 -0.1284
vn 0.5094 -0.8509 0.1284
vn 0.7004 -0.5977 0.3902
vn 0.7175 -0.5904 0.3696
vn 0.7337 -0.5835 0.3481
vn 0.5385 -0.8385 0.0838
vn 0.5384 -0.8385 0.0837
vn 0.2323 -0.9690 -0.0837
vn 0.5344 -0.8402 0.0918
vn 0.2363 -0.9673 -0.0918
vn 0.2363 -0.9673 -0.0920
vn 0.7992 -0.5556 0.2293
vn 0.5420 -0.8370 0.0755
vn 0.2287 -0.9706 -0.0755
vn -0.1525 -0.9613 -0.2293
vn -0.1415 -0.9567 -0.2544
vn -0.1295 -0.9516 -0.2789
vn -0.1164 -0.9459 -0.3027
vn -0.1164 -0.9460 -0.3026
vn 0.2406 -0.9655 -0.0996
vn 0.5301 -0.8421 0.0996
vn 0.7631 -0.5711 0.3027
vn 0.7631 -0.5710 0.3027
vn 0.7763 -0.5654 0.2789
vn 0.7883 -0.5602 0.2544
vn 0.5504 -0.8334 0.0497
vn 0.5504 -0.8334 0.0496
vn 0.2202 -0.9742 -0.0497
vn 0.5480 -0.8344 0.0584
vn 0.2227 -0.9731 -0.0584
vn 0.8315 -0.5416 0.1236
vn 0.8312 -0.5419 0.1240
vn 0.5525 -0.8325 0.0408
vn 0.2182 -0.9751 -0.0408
vn 0.2182 -0.9750 -0.0408
vn -0.1845 -0.9750 -0.1240
vn -0.1783 -0.9723 -0.1509
vn -0.1708 -0.9692 -0.1773
vn -0.1708 -0.9692 -0.1775
vn -0.1622 -0.9655 -0.2038
vn -0.1622 -0.9655 -0.2036
vn 0.2255 -0.9719 -0.0670
vn 0.2255 -0.9719 -0.0671
vn 0.5453 -0.8356 0.0670
vn 0.5452 -0.8356 0.0670
vn 0.8090 -0.5514 0.2036
vn 0.8176 -0.5477 0.1775
vn 0.8176 -0.5478 0.1775
vn 0.8250 -0.5446 0.1509
vn 0.5562 -0.8309 0.0137
vn 0.2147 -0.9766 -0.0136
vn 0.2151 -0.9765 -0.0135
vn 0.5554 -0.8313 0.0228
vn 0.2153 -0.9763 -0.0228
vn 0.8437 -0.5366 0.0139
vn 0.5566 -0.8308 0.0046
vn 0.2141 -0.9768 -0.0046
vn 0.2143 -0.9768 -0.0043
vn -0.1970 -0.9803 -0.0139
vn -0.1957 -0.9798 -0.0416
vn -0.1932 -0.9787 -0.0692
vn -0.1893 -0.9771 -0.0969
vn -0.1895 -0.9771 -0.0967
vn 0.2166 -0.9757 -0.0318
vn 0.5541 -0.8318 0.0318
vn 0.5541 -0.8318 0.0317
vn 0.8362 -0.5398 0.0967
vn 0.8400 -0.5382 0.0692
vn 0.8425 -0.5371 0.0416
vn 0.5554 -0.8313 -0.0228
vn 0.5554 -0.8313 -0.0225
vn 0.2153 -0.9763 0.0228
vn 0.5562 -0.8309 -0.0137
vn 0.2145 -0.9766 0.0137
vn 0.8362 -0.5398 -0.0967
vn 0.5541 -0.8318 -0.0318
vn 0.5543 -0.8317 -0.0320
vn 0.2166 -0.9757 0.0318
vn -0.1895 -0.9771 0.0967
vn -0.1894 -0.9771 0.0967
vn -0.1932 -0.9787 0.0692
vn -0.1957 -0.9798 0.0416
vn -0.1970 -0.9803 0.0139
vn 0.2143 -0.9767 0.0044
vn 0.2142 -0.9768 0.0045
vn 0.5566 -0.8308 -0.0046
vn 0.8437 -0.5366 -0.0139
vn 0.8425 -0.5371 -0.0416
vn 0.8400 -0.5382 -0.0692
vn 0.5480 -0.8344 -0.0584
vn 0.5481 -0.8344 -0.0584
vn 0.2227 -0.9731 0.0584
vn 0.5504 -0.8334 -0.0497
vn 0.2203 -0.9742 0.0497
vn 0.8090 -0.5514 -0.2036
vn 0.5452 -0.8356 -0.0670
vn 0.2255 -0.9719 0.0670
vn -0.1622 -0.9655 0.2037
vn -0.1622 -0.9655 0.2036
vn -0.1709 -0.9692 0.1775
vn -0.1783 -0.9723 0.1509
vn -0.1845 -0.9750 0.1240
vn 0.2182 -0.9750 0.0408
vn 0.2181 -0.9751 0.0411
vn 0.5525 -0.8325 -0.0408
vn 0.8312 -0.5419 -0.1240
vn 0.8251 -0.5444 -0.1507
vn 0.8250 -0.5446 -0.1509
vn 0.8176 -0.5477 -0.1775
vn 0.5347 -0.8401 -0.0919
vn 0.5344 -0.8402 -0.0918
vn 0.2363 -0.9673 0.0918
vn 0.2362 -0.9673 0.0921
vn 0.5384 -0.8385 -0.0837
vn 0.5385 -0.8384 -0.0840
vn 0.2323 -0.9690 0.0837
vn 0.7631 -0.5709 -0.3027
vn 0.5301 -0.8421 -0.0996
vn 0.2406 -0.9655 0.0996
vn -0.1164 -0.9459 0.3027
vn -0.1164 -0.9460 0.3027
vn -0.1295 -0.9516 0.2789
vn -0.1415 -0.9567 0.2544
vn -0.1525 -0.9613 0.2293
vn 0.2287 -0.9706 0.0755
vn 0.5420 -0.8370 -0.0755
vn 0.7992 -0.5556 -0.2293
vn 0.7883 -0.5602 -0.2544
vn 0.7763 -0.5653 -0.2789
vn 0.7763 -0.5654 -0.2789
vn 0.5149 -0.8486 -0.1216
vn 0.5151 -0.8485 -0.1216
vn 0.2556 -0.9591 0.1216
vn 0.5204 -0.8462 -0.1146
vn 0.2501 -0.9614 0.1146
vn 0.2503 -0.9614 0.1146
vn 0.7004 -0.5977 -0.3901
vn 0.5094 -0.8509 -0.1284
vn 0.2613 -0.9567 0.1284
vn -0.0536 -0.9192 0.3901
vn -0.0706 -0.9264 0.3698
vn -0.0706 -0.9265 0.3697
vn -0.0869 -0.9334 0.3481
vn -0.1022 -0.9399 0.3258
vn 0.2453 -0.9635 0.1072
vn 0.5254 -0.8441 -0.1072
vn 0.7489 -0.5770 -0.3258
vn 0.7337 -0.5835 -0.3481
vn 0.7175 -0.5904 -0.3696
vn 0.4908 -0.8588 -0.1468
vn 0.4907 -0.8589 -0.1468
vn 0.2801 -0.9487 0.1468
vn 0.2800 -0.9487 0.1468
vn 0.4972 -0.8561 -0.1410
vn 0.2735 -0.9515 0.1410
vn 0.6231 -0.6307 -0.4626
vn 0.4840 -0.8617 -0.1522
vn 0.2867 -0.9458 0.1523
vn 0.2867 -0.9458 0.1524
vn 0.0237 -0.8862 0.4628
vn 0.0237 -0.8863 0.4626
vn 0.0031 -0.8950 0.4461
vn -0.0166 -0.9034 0.4285
vn -0.0355 -0.9115 0.4098
vn 0.2670 -0.9542 0.1349
vn 0.2672 -0.9542 0.1349
vn 0.5035 -0.8534 -0.1349
vn 0.6823 -0.6054 -0.4098
vn 0.6636 -0.6134 -0.4282
vn 0.6634 -0.6133 -0.4286
vn 0.6436 -0.6219 -0.4461
vn 0.4624 -0.8709 -0.1663
vn 0.3083 -0.9366 0.1663
vn 0.4698 -0.8678 -0.1620
vn 0.4698 -0.8678 -0.1618
vn 0.3009 -0.9398 0.1620
vn 0.5343 -0.6685 -0.5173
vn 0.4548 -0.8742 -0.1702
vn 0.3159 -0.9334 0.1702
vn 0.3161 -0.9334 0.1700
vn 0.1124 -0.8484 0.5173
vn 0.0893 -0.8582 0.5054
vn 0.0895 -0.8583 0.5053
vn 0.0668 -0.8682 0.4918
vn 0.0668 -0.8682 0.4917
vn 0.0449 -0.8772 0.4781
vn 0.2937 -0.9429 0.1573
vn 0.4770 -0.8647 -0.1573
vn 0.4772 -0.8646 -0.1575
vn 0.6018 -0.6397 -0.4781
vn 0.5799 -0.6491 -0.4923
vn 0.5799 -0.6492 -0.4922
vn 0.5574 -0.6587 -0.5054
vn 0.4310 -0.8843 -0.1795
vn 0.3397 -0.9233 0.1795
vn 0.4390 -0.8809 -0.1768
vn 0.4391 -0.8809 -0.1768
vn 0.3316 -0.9267 0.1768
vn 0.3317 -0.9267 0.1768
vn 0.4374 -0.7098 -0.5521
vn 0.4229 -0.8878 -0.1817
vn 0.3478 -0.9198 0.1817
vn 0.2093 -0.8071 0.5521
vn 0.1845 -0.8177 0.5453
vn 0.1601 -0.8281 0.5373
vn 0.1600 -0.8281 0.5373
vn 0.1361 -0.8383 0.5279
vn 0.3237 -0.9301 0.1738
vn 0.4470 -0.8775 -0.1737
vn 0.5108 -0.6785 -0.5279
vn 0.5107 -0.6786 -0.5279
vn 0.4866 -0.6888 -0.5374
vn 0.4867 -0.6889 -0.5372
vn 0.4622 -0.6993 -0.5453
vn 0.3980 -0.8984 -0.1857
vn 0.3980 -0.8984 -0.1858
vn 0.3727 -0.9092 0.1857
vn 0.4063 -0.8948 -0.1848
vn 0.4063 -0.8949 -0.1848
vn 0.3644 -0.9127 0.1848
vn 0.3362 -0.7530 -0.5657
vn 0.3362 -0.7529 -0.5657
vn 0.3896 -0.9020 -0.1862
vn 0.3897 -0.9019 -0.1863
vn 0.3811 -0.9056 0.1862
vn 0.3106 -0.7639 0.5657
vn 0.2851 -0.7748 0.5643
vn 0.2597 -0.7856 0.5616
vn 0.2344 -0.7964 0.5575
vn 0.3561 -0.9163 0.1835
vn 0.4146 -0.8913 -0.1835
vn 0.4123 -0.7205 -0.5575
vn 0.3871 -0.7313 -0.5616
vn 0.3872 -0.7312 -0.5616
vn 0.3617 -0.7421 -0.5643
vn 0.3618 -0.7421 -0.5643
vn 0.3644 -0.9127 -0.1848
vn 0.4124 -0.7205 0.5575
vn 0.3811 -0.9056 -0.1863
vn 0.3315 -0.9268 -0.1767
vn 0.3398 -0.9232 -0.1796
vn 0.3397 -0.9232 -0.1796
vn 0.4311 -0.8843 0.1796
vn 0.3235 -0.9302 -0.1734
vn 0.3237 -0.9301 -0.1737
vn 0.4470 -0.8775 0.1737
vn 0.4374 -0.7098 0.5521
vn 0.4229 -0.8878 0.1816
vn 0.3478 -0.9197 -0.1819
vn 0.2094 -0.8071 -0.5521
vn 0.1845 -0.8176 -0.5454
vn 0.4698 -0.8678 0.1618
vn 0.4699 -0.8677 0.1620
vn 0.3083 -0.9366 -0.1664
vn 0.4624 -0.8709 0.1664
vn 0.4624 -0.8709 0.1665
vn 0.2937 -0.9429 -0.1572
vn 0.4772 -0.8647 0.1569
vn 0.5800 -0.6491 0.4921
vn 0.3159 -0.9334 -0.1703
vn 0.0894 -0.8582 -0.5055
vn 0.0668 -0.8679 -0.4923
vn -0.0355 -0.9115 -0.4099
vn 0.2671 -0.9542 -0.1349
vn 0.4842 -0.8616 0.1523
vn 0.4840 -0.8617 0.1523
vn 0.0237 -0.8863 -0.4626
vn -0.0166 -0.9034 -0.4285
vn 0.2496 -0.9615 -0.1149
vn 0.5204 -0.8462 0.1145
vn 0.5150 -0.8485 0.1215
vn -0.0536 -0.9192 -0.3902
vn -0.1527 -0.9613 -0.2293
vn 0.5419 -0.8370 0.0755
vn 0.5301 -0.8421 0.0997
vn -0.1164 -0.9460 -0.3027
vn -0.1295 -0.9515 -0.2789
vn 0.2181 -0.9751 -0.0408
vn 0.8250 -0.5446 0.1508
vn -0.1623 -0.9655 -0.2036
vn -0.1709 -0.9692 -0.1775
vn 0.2145 -0.9766 -0.0137
vn 0.2150 -0.9765 -0.0139
vn 0.5554 -0.8313 0.0230
vn 0.2144 -0.9767 -0.0043
vn 0.2143 -0.9768 -0.0044
vn 0.8436 -0.5367 0.0139
vn 0.8364 -0.5395 0.0963
vn 0.5543 -0.8317 0.0320
vn -0.1932 -0.9787 -0.0693
vn 0.2150 -0.9765 0.0135
vn 0.8437 -0.5367 -0.0139
vn 0.2144 -0.9767 0.0043
vn -0.1957 -0.9798 0.0417
vn -0.1932 -0.9787 0.0693
vn 0.2229 -0.9731 0.0584
vn 0.2202 -0.9742 0.0497
vn -0.1622 -0.9655 0.2035
vn -0.1623 -0.9655 0.2036
vn 0.8176 -0.5478 -0.1775
vn 0.8250 -0.5446 -0.1508
vn 0.8312 -0.5418 -0.1243
vn 0.2181 -0.9751 0.0408
vn 0.5301 -0.8421 -0.0997
vn 0.7631 -0.5710 -0.3027
vn 0.7630 -0.5712 -0.3027
vn 0.7762 -0.5654 -0.2789
vn -0.1525 -0.9613 0.2294
vn -0.1295 -0.9516 0.2787
vn -0.1295 -0.9515 0.2790
vn 0.2554 -0.9592 0.1216
vn 0.2504 -0.9613 0.1145
vn 0.2502 -0.9614 0.1146
vn 0.5204 -0.8462 -0.1145
vn -0.0538 -0.9193 0.3899
vn 0.7004 -0.5977 -0.3902
vn -0.0708 -0.9265 0.3696
vn 0.0237 -0.8862 0.4627
vn 0.0237 -0.8862 0.4626
vn 0.2867 -0.9459 0.1522
vn 0.2867 -0.9458 0.1522
vn 0.6633 -0.6135 -0.4285
vn 0.2672 -0.9541 0.1350
vn 0.2671 -0.9542 0.1350
vn 0.3083 -0.9366 0.1666
vn 0.1124 -0.8484 0.5174
vn 0.3159 -0.9334 0.1703
vn 0.4772 -0.8647 -0.1569
vn 0.2937 -0.9429 0.1572
vn 0.0449 -0.8771 0.4782
vn 0.0668 -0.8678 0.4923
vn 0.0671 -0.8677 0.4925
vn 0.0893 -0.8583 0.5054
vn 0.0893 -0.8582 0.5055
vn 0.3397 -0.9232 0.1796
vn 0.3398 -0.9232 0.1795
vn 0.3316 -0.9267 0.1766
vn 0.4867 -0.6888 -0.5373
vn 0.4866 -0.6888 -0.5373
vn 0.4469 -0.8775 -0.1738
vn 0.4470 -0.8775 -0.1738
vn 0.3235 -0.9302 0.1734
vn 0.3237 -0.9301 0.1737
vn 0.1601 -0.8281 0.5372
vn 0.3727 -0.9092 0.1855
vn 0.3105 -0.7639 0.5657
vn 0.3894 -0.9020 -0.1863
vn 0.3362 -0.7530 -0.5656
vn 0.3360 -0.7530 -0.5657
vn 0.3870 -0.7313 -0.5616
vn 0.2347 -0.7964 0.5573
vn 0.2849 -0.7747 0.5646
vn -0.3316 0.9267 0.1768
vn -0.3393 0.9233 0.1800
vn -0.3397 0.9233 0.1795
vn -0.4391 0.8809 -0.1768
vn -0.4310 0.8843 -0.1795
vn -0.1361 0.8383 0.5280
vn -0.1361 0.8383 0.5279
vn -0.1601 0.8281 0.5373
vn -0.1845 0.8177 0.5453
vn -0.2093 0.8070 0.5522
vn -0.2093 0.8071 0.5521
vn -0.3478 0.9198 0.1817
vn -0.4229 0.8878 -0.1817
vn -0.4228 0.8878 -0.1817
vn -0.4374 0.7098 -0.5521
vn -0.4622 0.6993 -0.5453
vn -0.4866 0.6888 -0.5373
vn -0.5107 0.6786 -0.5279
vn -0.5107 0.6787 -0.5279
vn -0.4471 0.8774 -0.1738
vn -0.4470 0.8775 -0.1738
vn -0.3237 0.9301 0.1738
vn -0.3009 0.9398 0.1620
vn -0.3083 0.9366 0.1663
vn -0.4698 0.8678 -0.1620
vn -0.4625 0.8709 -0.1662
vn -0.4624 0.8709 -0.1663
vn -0.0449 0.8772 0.4781
vn -0.0670 0.8678 0.4923
vn -0.0668 0.8678 0.4923
vn -0.0893 0.8583 0.5054
vn -0.0893 0.8582 0.5055
vn -0.1124 0.8484 0.5173
vn -0.3159 0.9334 0.1703
vn -0.4546 0.8743 -0.1700
vn -0.4548 0.8742 -0.1702
vn -0.5343 0.6685 -0.5173
vn -0.5574 0.6587 -0.5054
vn -0.5799 0.6491 -0.4923
vn -0.5801 0.6491 -0.4921
vn -0.6018 0.6397 -0.4782
vn -0.6018 0.6397 -0.4781
vn -0.4770 0.8647 -0.1573
vn -0.2937 0.9429 0.1573
vn -0.2735 0.9515 0.1410
vn -0.2734 0.9515 0.1411
vn -0.2800 0.9487 0.1468
vn -0.4972 0.8561 -0.1410
vn -0.4907 0.8588 -0.1468
vn -0.4907 0.8589 -0.1468
vn 0.0355 0.9116 0.4097
vn 0.0355 0.9115 0.4098
vn 0.0166 0.9034 0.4285
vn 0.0164 0.9034 0.4285
vn -0.0032 0.8950 0.4461
vn -0.0030 0.8950 0.4461
vn -0.0237 0.8863 0.4626
vn -0.0237 0.8862 0.4626
vn -0.2867 0.9458 0.1523
vn -0.4840 0.8617 -0.1522
vn -0.6231 0.6307 -0.4626
vn -0.6436 0.6219 -0.4461
vn -0.6634 0.6135 -0.4285
vn -0.6823 0.6054 -0.4098
vn -0.6822 0.6054 -0.4100
vn -0.5035 0.8534 -0.1349
vn -0.2672 0.9541 0.1349
vn -0.2672 0.9542 0.1349
vn -0.2503 0.9614 0.1146
vn -0.2503 0.9614 0.1147
vn -0.2556 0.9591 0.1216
vn -0.5204 0.8462 -0.1147
vn -0.5204 0.8462 -0.1146
vn -0.5149 0.8486 -0.1215
vn -0.5153 0.8483 -0.1216
vn 0.1022 0.9399 0.3258
vn 0.0869 0.9334 0.3481
vn 0.0708 0.9265 0.3696
vn 0.0536 0.9192 0.3901
vn -0.2613 0.9567 0.1284
vn -0.5094 0.8509 -0.1284
vn -0.7004 0.5977 -0.3902
vn -0.7175 0.5904 -0.3696
vn -0.7337 0.5835 -0.3481
vn -0.7337 0.5835 -0.3482
vn -0.7489 0.5770 -0.3258
vn -0.5254 0.8440 -0.1072
vn -0.5254 0.8441 -0.1070
vn -0.2454 0.9635 0.1072
vn -0.2453 0.9635 0.1072
vn -0.2323 0.9690 0.0837
vn -0.2362 0.9673 0.0921
vn -0.2363 0.9673 0.0919
vn -0.5386 0.8384 -0.0835
vn -0.5385 0.8384 -0.0837
vn -0.5344 0.8402 -0.0918
vn 0.1524 0.9613 0.2293
vn 0.1524 0.9614 0.2293
vn 0.1415 0.9567 0.2544
vn 0.1295 0.9516 0.2789
vn 0.1295 0.9515 0.2789
vn 0.1164 0.9460 0.3027
vn -0.2406 0.9655 0.0996
vn -0.5301 0.8421 -0.0996
vn -0.7631 0.5710 -0.3027
vn -0.7632 0.5707 -0.3029
vn -0.7763 0.5654 -0.2789
vn -0.7762 0.5654 -0.2789
vn -0.7883 0.5602 -0.2544
vn -0.7992 0.5556 -0.2293
vn -0.5420 0.8370 -0.0755
vn -0.2287 0.9706 0.0755
vn -0.2203 0.9742 0.0497
vn -0.2227 0.9731 0.0584
vn -0.5504 0.8334 -0.0497
vn -0.5503 0.8335 -0.0497
vn -0.5480 0.8344 -0.0584
vn 0.1845 0.9750 0.1240
vn 0.1783 0.9723 0.1509
vn 0.1709 0.9692 0.1775
vn 0.1620 0.9656 0.2032
vn 0.1622 0.9655 0.2036
vn -0.2255 0.9719 0.0670
vn -0.5452 0.8356 -0.0670
vn -0.8090 0.5514 -0.2036
vn -0.8177 0.5475 -0.1775
vn -0.8176 0.5477 -0.1775
vn -0.8250 0.5446 -0.1510
vn -0.8250 0.5446 -0.1509
vn -0.8312 0.5419 -0.1240
vn -0.8315 0.5415 -0.1240
vn -0.5524 0.8326 -0.0406
vn -0.5525 0.8325 -0.0408
vn -0.2181 0.9751 0.0408
vn -0.2182 0.9751 0.0408
vn -0.2145 0.9766 0.0137
vn -0.2153 0.9763 0.0228
vn -0.5562 0.8309 -0.0138
vn -0.5562 0.8309 -0.0137
vn -0.5554 0.8313 -0.0228
vn 0.1970 0.9803 0.0139
vn 0.1957 0.9798 0.0416
vn 0.1932 0.9787 0.0692
vn 0.1895 0.9771 0.0967
vn -0.2166 0.9757 0.0318
vn -0.5541 0.8318 -0.0318
vn -0.8361 0.5399 -0.0967
vn -0.8364 0.5395 -0.0963
vn -0.8400 0.5382 -0.0692
vn -0.8425 0.5371 -0.0416
vn -0.8437 0.5366 -0.0139
vn -0.8436 0.5368 -0.0139
vn -0.5566 0.8308 -0.0046
vn -0.2141 0.9768 0.0046
vn -0.2140 0.9768 0.0046
vn -0.2153 0.9763 -0.0228
vn -0.2144 0.9767 -0.0137
vn -0.2145 0.9766 -0.0137
vn -0.5554 0.8313 0.0228
vn -0.5562 0.8309 0.0137
vn -0.5562 0.8309 0.0138
vn 0.1895 0.9771 -0.0967
vn 0.1895 0.9771 -0.0969
vn 0.1932 0.9787 -0.0692
vn 0.1957 0.9798 -0.0416
vn 0.1970 0.9803 -0.0139
vn -0.2140 0.9768 -0.0046
vn -0.2141 0.9768 -0.0046
vn -0.5566 0.8308 0.0046
vn -0.8436 0.5368 0.0139
vn -0.8437 0.5366 0.0139
vn -0.8425 0.5371 0.0416
vn -0.8399 0.5382 0.0694
vn -0.8400 0.5382 0.0694
vn -0.8400 0.5382 0.0692
vn -0.8362 0.5398 0.0967
vn -0.5541 0.8318 0.0320
vn -0.5541 0.8318 0.0318
vn -0.2166 0.9757 -0.0318
vn -0.2230 0.9731 -0.0584
vn -0.2227 0.9731 -0.0584
vn -0.2203 0.9742 -0.0497
vn -0.2203 0.9742 -0.0496
vn -0.5480 0.8344 0.0584
vn -0.5504 0.8334 0.0497
vn -0.5503 0.8335 0.0497
vn 0.1622 0.9655 -0.2036
vn 0.1620 0.9656 -0.2032
vn 0.1709 0.9692 -0.1775
vn 0.1783 0.9723 -0.1509
vn 0.1845 0.9750 -0.1241
vn 0.1845 0.9750 -0.1240
vn -0.2182 0.9750 -0.0408
vn -0.5525 0.8325 0.0408
vn -0.8312 0.5419 0.1240
vn -0.8312 0.5419 0.1242
vn -0.8250 0.5446 0.1510
vn -0.8176 0.5477 0.1775
vn -0.8090 0.5514 0.2036
vn -0.5452 0.8356 0.0670
vn -0.5451 0.8357 0.0668
vn -0.2255 0.9719 -0.0670
vn -0.2363 0.9673 -0.0918
vn -0.2323 0.9690 -0.0837
vn -0.5344 0.8402 0.0918
vn -0.5384 0.8385 0.0837
vn 0.1164 0.9460 -0.3027
vn 0.1295 0.9516 -0.2789
vn 0.1295 0.9515 -0.2789
vn 0.1415 0.9567 -0.2544
vn 0.1416 0.9567 -0.2544
vn 0.1525 0.9613 -0.2293
vn -0.2287 0.9706 -0.0755
vn -0.2287 0.9706 -0.0756
vn -0.5420 0.8370 0.0755
vn -0.7992 0.5556 0.2293
vn -0.7992 0.5557 0.2293
vn -0.7883 0.5602 0.2544
vn -0.7763 0.5654 0.2789
vn -0.7631 0.5710 0.3027
vn -0.7632 0.5710 0.3026
vn -0.5301 0.8421 0.0996
vn -0.5300 0.8421 0.0996
vn -0.2406 0.9655 -0.0997
vn -0.2406 0.9655 -0.0996
vn -0.2556 0.9591 -0.1214
vn -0.2556 0.9591 -0.1216
vn -0.2503 0.9614 -0.1146
vn -0.2505 0.9613 -0.1146
vn -0.5154 0.8483 0.1216
vn -0.5149 0.8486 0.1216
vn -0.5204 0.8462 0.1146
vn 0.0536 0.9192 -0.3901
vn 0.0708 0.9265 -0.3696
vn 0.0869 0.9334 -0.3481
vn 0.1022 0.9399 -0.3258
vn -0.2453 0.9635 -0.1072
vn -0.5252 0.8443 0.1069
vn -0.5254 0.8441 0.1072
vn -0.7489 0.5770 0.3258
vn -0.7337 0.5835 0.3481
vn -0.7175 0.5904 0.3696
vn -0.7176 0.5904 0.3694
vn -0.7004 0.5977 0.3902
vn -0.5094 0.8509 0.1284
vn -0.2613 0.9567 -0.1284
vn -0.2800 0.9487 -0.1468
vn -0.2735 0.9515 -0.1410
vn -0.4908 0.8588 0.1468
vn -0.4909 0.8588 0.1468
vn -0.4907 0.8589 0.1468
vn -0.4972 0.8561 0.1410
vn -0.4972 0.8561 0.1411
vn -0.0237 0.8862 -0.4626
vn -0.0237 0.8863 -0.4626
vn -0.0029 0.8950 -0.4461
vn -0.0031 0.8950 -0.4461
vn 0.0164 0.9034 -0.4285
vn 0.0166 0.9034 -0.4285
vn 0.0355 0.9115 -0.4098
vn -0.2672 0.9542 -0.1348
vn -0.2671 0.9542 -0.1349
vn -0.5035 0.8534 0.1349
vn -0.6823 0.6054 0.4098
vn -0.6634 0.6135 0.4285
vn -0.6436 0.6219 0.4461
vn -0.6231 0.6307 0.4626
vn -0.4840 0.8617 0.1522
vn -0.2867 0.9458 -0.1522
vn -0.3083 0.9366 -0.1663
vn -0.3009 0.9398 -0.1620
vn -0.4624 0.8709 0.1663
vn -0.4698 0.8678 0.1619
vn -0.4698 0.8678 0.1620
vn -0.1124 0.8484 -0.5173
vn -0.0893 0.8582 -0.5055
vn -0.0893 0.8583 -0.5054
vn -0.0668 0.8678 -0.4923
vn -0.0668 0.8678 -0.4924
vn -0.0449 0.8772 -0.4781
vn -0.0447 0.8772 -0.4781
vn -0.2937 0.9429 -0.1573
vn -0.4770 0.8647 0.1573
vn -0.6018 0.6397 0.4781
vn -0.5799 0.6491 0.4923
vn -0.5574 0.6587 0.5054
vn -0.5343 0.6685 0.5174
vn -0.5343 0.6685 0.5173
vn -0.4548 0.8742 0.1702
vn -0.4548 0.8742 0.1703
vn -0.3163 0.9333 -0.1701
vn -0.3159 0.9334 -0.1703
vn -0.3397 0.9233 -0.1793
vn -0.3396 0.9233 -0.1795
vn -0.3316 0.9267 -0.1768
vn -0.4311 0.8843 0.1795
vn -0.4310 0.8843 0.1795
vn -0.4391 0.8809 0.1768
vn -0.4390 0.8810 0.1767
vn -0.2093 0.8071 -0.5521
vn -0.2092 0.8071 -0.5521
vn -0.1845 0.8177 -0.5453
vn -0.1601 0.8281 -0.5373
vn -0.1361 0.8383 -0.5280
vn -0.1361 0.8383 -0.5279
vn -0.3237 0.9301 -0.1736
vn -0.3237 0.9301 -0.1737
vn -0.4470 0.8775 0.1737
vn -0.5107 0.6786 0.5279
vn -0.5107 0.6787 0.5278
vn -0.4866 0.6888 0.5373
vn -0.4622 0.6993 0.5453
vn -0.4374 0.7098 0.5521
vn -0.4229 0.8878 0.1818
vn -0.4229 0.8878 0.1817
vn -0.3477 0.9198 -0.1817
vn -0.3478 0.9198 -0.1817
vn -0.3727 0.9092 -0.1857
vn -0.3644 0.9127 -0.1848
vn -0.3646 0.9125 -0.1854
vn -0.3980 0.8984 0.1858
vn -0.3980 0.8984 0.1857
vn -0.4061 0.8949 0.1848
vn -0.4063 0.8948 0.1848
vn -0.3106 0.7639 -0.5657
vn -0.2851 0.7748 -0.5643
vn -0.2597 0.7856 -0.5616
vn -0.2345 0.7964 -0.5575
vn -0.2344 0.7964 -0.5575
vn -0.3562 0.9162 -0.1835
vn -0.3561 0.9163 -0.1835
vn -0.4146 0.8913 0.1835
vn -0.4124 0.7205 0.5575
vn -0.3871 0.7313 0.5616
vn -0.3870 0.7313 0.5616
vn -0.3617 0.7421 0.5643
vn -0.3360 0.7530 0.5658
vn -0.3362 0.7530 0.5657
vn -0.3896 0.9020 0.1862
vn -0.3811 0.9056 -0.1862
vn -0.3646 0.9127 0.1846
vn -0.4122 0.7206 -0.5575
vn -0.4122 0.7206 -0.5576
vn -0.4124 0.7205 -0.5575
vn -0.3360 0.7530 -0.5657
vn -0.3105 0.7638 0.5658
vn -0.2849 0.7748 0.5644
vn -0.4147 0.8913 -0.1835
vn -0.4390 0.8809 -0.1768
vn -0.3398 0.9232 0.1796
vn -0.4867 0.6888 -0.5373
vn -0.4375 0.7098 -0.5521
vn -0.3476 0.9198 0.1823
vn -0.3236 0.9301 0.1738
vn -0.4470 0.8775 -0.1737
vn -0.4698 0.8678 -0.1619
vn -0.5800 0.6492 -0.4921
vn -0.4548 0.8742 -0.1703
vn -0.3159 0.9334 0.1704
vn -0.3160 0.9334 0.1703
vn -0.0894 0.8582 0.5054
vn -0.0893 0.8582 0.5054
vn -0.2735 0.9515 0.1409
vn -0.6633 0.6135 -0.4285
vn -0.2867 0.9459 0.1522
vn -0.0031 0.8950 0.4461
vn 0.0354 0.9115 0.4098
vn -0.2672 0.9541 0.1351
vn -0.2672 0.9541 0.1348
vn -0.5145 0.8488 -0.1220
vn -0.5151 0.8485 -0.1215
vn -0.7491 0.5768 -0.3259
vn -0.7175 0.5903 -0.3696
vn -0.7004 0.5976 -0.3902
vn -0.5093 0.8509 -0.1284
vn 0.1021 0.9399 0.3258
vn -0.5254 0.8441 -0.1072
vn -0.5384 0.8385 -0.0836
vn -0.5384 0.8385 -0.0837
vn -0.2363 0.9673 0.0918
vn -0.7760 0.5656 -0.2791
vn -0.7631 0.5711 -0.3026
vn 0.1525 0.9613 0.2293
vn -0.2204 0.9741 0.0497
vn -0.8313 0.5419 -0.1240
vn -0.8177 0.5477 -0.1775
vn -0.8090 0.5514 -0.2037
vn 0.1623 0.9655 0.2036
vn -0.2183 0.9750 0.0408
vn -0.2182 0.9750 0.0408
vn -0.2143 0.9767 0.0137
vn -0.8425 0.5371 -0.0417
vn -0.8362 0.5398 -0.0967
vn 0.1899 0.9770 0.0968
vn -0.5555 0.8312 0.0229
vn -0.5563 0.8308 0.0137
vn -0.8425 0.5371 0.0417
vn -0.2139 0.9768 -0.0045
vn 0.1895 0.9771 -0.0966
vn -0.5541 0.8318 0.0316
vn -0.2204 0.9742 -0.0497
vn -0.8090 0.5514 0.2037
vn -0.8177 0.5477 0.1775
vn -0.8177 0.5476 0.1774
vn -0.8250 0.5446 0.1509
vn -0.8313 0.5419 0.1240
vn 0.1623 0.9655 -0.2036
vn -0.2256 0.9719 -0.0670
vn -0.5385 0.8385 0.0837
vn -0.7632 0.5709 0.3027
vn -0.7762 0.5655 0.2788
vn -0.7760 0.5656 0.2791
vn 0.1164 0.9459 -0.3027
vn -0.5149 0.8486 0.1215
vn -0.5204 0.8462 0.1144
vn -0.2503 0.9614 -0.1147
vn -0.7004 0.5976 0.3902
vn -0.5253 0.8442 0.1072
vn -0.2454 0.9635 -0.1072
vn 0.0536 0.9192 -0.3902
vn -0.4971 0.8561 0.1410
vn -0.6633 0.6135 0.4285
vn -0.2674 0.9541 -0.1349
vn -0.2674 0.9541 -0.1347
vn -0.0034 0.8950 -0.4461
vn -0.2867 0.9459 -0.1522
vn -0.4624 0.8709 0.1664
vn -0.5799 0.6491 0.4922
vn -0.0667 0.8680 -0.4920
vn -0.0893 0.8582 -0.5054
vn -0.3158 0.9334 -0.1705
vn -0.3161 0.9333 -0.1703
vn -0.4544 0.8744 0.1698
vn -0.4390 0.8809 0.1768
vn -0.3397 0.9233 -0.1795
vn -0.3399 0.9232 -0.1797
vn -0.4470 0.8775 0.1738
vn -0.3237 0.9301 -0.1738
vn -0.3239 0.9300 -0.1739
vn -0.1602 0.8278 -0.5376
vn -0.3476 0.9198 -0.1823
vn -0.3481 0.9197 -0.1818
vn -0.3726 0.9093 -0.1855
vn -0.3869 0.7314 0.5615
vn -0.4123 0.7205 0.5575
vn -0.4145 0.8913 0.1835
vn -0.3107 0.7640 -0.5655
vn -0.3811 0.9056 -0.1861
vn 0.9362 0.2326 -0.2636
vn 0.9232 0.2271 -0.3099
vn 0.8160 0.5145 -0.2636
vn 0.8031 0.5090 -0.3099
vn 0.8033 0.5088 -0.3095
vn 0.9746 -0.1167 -0.1910
vn 0.9746 -0.1166 -0.1911
vn 0.9651 -0.1207 -0.2326
vn 0.9536 -0.1255 -0.2735
vn 0.9404 -0.1312 -0.3138
vn 0.9082 0.2207 -0.3556
vn 0.7880 0.5026 -0.3556
vn 0.7880 0.5027 -0.3556
vn 0.5564 0.7693 -0.3138
vn 0.5564 0.7694 -0.3138
vn 0.5697 0.7750 -0.2735
vn 0.5811 0.7799 -0.2326
vn 0.5906 0.7840 -0.1911
vn 0.8268 0.5191 -0.2166
vn 0.9470 0.2372 -0.2166
vn 0.9470 0.2372 -0.2165
vn -0.0068 -0.1695 0.9855
vn -0.0512 -0.1884 0.9808
vn -0.1270 0.1124 0.9855
vn -0.1713 0.0935 0.9808
vn 0.1721 -0.4588 0.8717
vn 0.1723 -0.4587 0.8717
vn 0.1330 -0.4755 0.8696
vn 0.0938 -0.4922 0.8654
vn 0.0549 -0.5087 0.8592
vn -0.0953 -0.2072 0.9736
vn -0.2155 0.0747 0.9736
vn -0.3291 0.3918 0.8592
vn -0.2902 0.4084 0.8654
vn -0.2510 0.4251 0.8696
vn -0.2117 0.4419 0.8717
vn -0.2122 0.4421 0.8715
vn -0.0824 0.1314 0.9879
vn 0.0377 -0.1505 0.9879
vn 0.8720 0.2052 0.4443
vn 0.8720 0.2052 0.4444
vn 0.8511 0.1963 0.4870
vn 0.8510 0.1963 0.4870
vn 0.7519 0.4871 0.4443
vn 0.7518 0.4871 0.4443
vn 0.7308 0.4782 0.4871
vn 0.9253 -0.1376 0.3534
vn 0.9085 -0.1448 0.3921
vn 0.8899 -0.1527 0.4298
vn 0.8697 -0.1609 0.4667
vn 0.8697 -0.1613 0.4665
vn 0.8281 0.1865 0.5286
vn 0.7079 0.4684 0.5286
vn 0.4857 0.7392 0.4665
vn 0.5059 0.7479 0.4298
vn 0.5245 0.7558 0.3921
vn 0.5413 0.7630 0.3534
vn 0.7709 0.4953 0.4005
vn 0.8911 0.2133 0.4005
vn 0.8911 0.2134 0.4006
vn 0.8720 0.2052 -0.4443
vn 0.8722 0.2052 -0.4441
vn 0.8510 0.1963 -0.4870
vn 0.7518 0.4871 -0.4443
vn 0.7519 0.4871 -0.4443
vn 0.7308 0.4782 -0.4870
vn 0.9253 -0.1376 -0.3534
vn 0.9085 -0.1448 -0.3921
vn 0.8899 -0.1527 -0.4298
vn 0.8697 -0.1614 -0.4665
vn 0.8697 -0.1613 -0.4665
vn 0.8281 0.1865 -0.5286
vn 0.7079 0.4684 -0.5286
vn 0.4857 0.7392 -0.4665
vn 0.5059 0.7479 -0.4298
vn 0.5245 0.7558 -0.3921
vn 0.5413 0.7629 -0.3534
vn 0.7709 0.4953 -0.4005
vn 0.8911 0.2134 -0.4005
vn -0.0068 -0.1695 -0.9855
vn -0.0512 -0.1884 -0.9808
vn -0.1270 0.1124 -0.9855
vn -0.1713 0.0935 -0.9808
vn 0.1723 -0.4587 -0.8717
vn 0.1330 -0.4755 -0.8696
vn 0.0938 -0.4921 -0.8654
vn 0.0938 -0.4921 -0.8655
vn 0.0549 -0.5088 -0.8591
vn 0.0549 -0.5088 -0.8592
vn -0.0952 -0.2072 -0.9737
vn -0.0953 -0.2072 -0.9736
vn -0.2155 0.0747 -0.9736
vn -0.2156 0.0747 -0.9736
vn -0.3291 0.3918 -0.8592
vn -0.2902 0.4084 -0.8654
vn -0.2510 0.4251 -0.8696
vn -0.2117 0.4419 -0.8717
vn -0.0824 0.1314 -0.9879
vn 0.0377 -0.1505 -0.9879
vn 0.9362 0.2326 0.2636
vn 0.9232 0.2271 0.3099
vn 0.9233 0.2269 0.3100
vn 0.8160 0.5145 0.2636
vn 0.8031 0.5088 0.3100
vn 0.8031 0.5090 0.3099
vn 0.9746 -0.1166 0.1911
vn 0.9651 -0.1207 0.2326
vn 0.9536 -0.1255 0.2735
vn 0.9404 -0.1312 0.3136
vn 0.9404 -0.1312 0.3137
vn 0.9082 0.2207 0.3556
vn 0.7880 0.5026 0.3556
vn 0.5564 0.7694 0.3138
vn 0.5697 0.7750 0.2735
vn 0.5811 0.7799 0.2326
vn 0.5906 0.7840 0.1911
vn 0.8268 0.5191 0.2166
vn 0.9470 0.2372 0.2166
vn 0.7767 0.1646 -0.6080
vn 0.7767 0.1645 -0.6080
vn 0.7484 0.1525 -0.6454
vn 0.7485 0.1525 -0.6454
vn 0.6565 0.4465 -0.6080
vn 0.6282 0.4344 -0.6454
vn 0.8478 -0.1707 -0.5021
vn 0.8243 -0.1807 -0.5365
vn 0.7994 -0.1913 -0.5695
vn 0.7730 -0.2026 -0.6012
vn 0.7185 0.1398 -0.6814
vn 0.5983 0.4217 -0.6814
vn 0.5983 0.4217 -0.6813
vn 0.3890 0.6980 -0.6012
vn 0.4152 0.7093 -0.5697
vn 0.4154 0.7093 -0.5695
vn 0.4403 0.7199 -0.5365
vn 0.4638 0.7299 -0.5021
vn 0.6831 0.4578 -0.5690
vn 0.8033 0.1759 -0.5690
vn -0.1824 -0.2443 -0.9524
vn -0.2250 -0.2625 -0.9383
vn -0.3026 0.0376 -0.9524
vn -0.3452 0.0194 -0.9383
vn 0.0162 -0.5252 -0.8508
vn -0.0220 -0.5415 -0.8404
vn -0.0596 -0.5576 -0.8280
vn -0.0966 -0.5733 -0.8136
vn -0.0967 -0.5735 -0.8135
vn -0.2670 -0.2804 -0.9220
vn -0.3872 0.0015 -0.9220
vn -0.4806 0.3272 -0.8136
vn -0.4436 0.3430 -0.8280
vn -0.4060 0.3591 -0.8404
vn -0.4060 0.3591 -0.8403
vn -0.3678 0.3753 -0.8508
vn -0.2593 0.0560 -0.9642
vn -0.1391 -0.2259 -0.9642
vn 0.9667 0.2456 0.0727
vn 0.9623 0.2437 0.1209
vn 0.8465 0.5275 0.0727
vn 0.8421 0.5256 0.1209
vn 0.9939 -0.1084 0.0214
vn 0.9919 -0.1092 0.0642
vn 0.9919 -0.1092 0.0644
vn 0.9881 -0.1109 0.1067
vn 0.9823 -0.1133 0.1490
vn 0.9557 0.2409 0.1689
vn 0.8356 0.5227 0.1689
vn 0.8355 0.5229 0.1689
vn 0.5983 0.7873 0.1490
vn 0.6041 0.7897 0.1067
vn 0.6080 0.7914 0.0642
vn 0.6099 0.7922 0.0214
vn 0.8486 0.5284 0.0243
vn 0.9688 0.2465 0.0243
vn 0.6538 0.1122 -0.7483
vn 0.6195 0.0975 -0.7789
vn 0.6194 0.0976 -0.7790
vn 0.5336 0.3944 -0.7482
vn 0.5336 0.3941 -0.7483
vn 0.4992 0.3794 -0.7790
vn 0.7451 -0.2145 -0.6316
vn 0.7450 -0.2145 -0.6316
vn 0.7159 -0.2269 -0.6603
vn 0.6855 -0.2399 -0.6874
vn 0.6539 -0.2535 -0.7129
vn 0.6541 -0.2536 -0.7127
vn 0.5835 0.0822 -0.8079
vn 0.4634 0.3641 -0.8079
vn 0.2699 0.6472 -0.7129
vn 0.3015 0.6607 -0.6874
vn 0.3319 0.6737 -0.6603
vn 0.3611 0.6861 -0.6316
vn 0.3612 0.6861 -0.6315
vn 0.5667 0.4082 -0.7157
vn 0.6869 0.1263 -0.7157
vn -0.3488 -0.3152 -0.8826
vn -0.3486 -0.3152 -0.8827
vn -0.3879 -0.3320 -0.8598
vn -0.4689 -0.0333 -0.8826
vn -0.4688 -0.0334 -0.8827
vn -0.5081 -0.0501 -0.8598
vn -0.1331 -0.5889 -0.7972
vn -0.1687 -0.6041 -0.7789
vn -0.2034 -0.6189 -0.7587
vn -0.2033 -0.6189 -0.7587
vn -0.2371 -0.6333 -0.7367
vn -0.4262 -0.3483 -0.8349
vn -0.5464 -0.0664 -0.8349
vn -0.6211 0.2673 -0.7367
vn -0.5873 0.2817 -0.7587
vn -0.5527 0.2965 -0.7789
vn -0.5169 0.3119 -0.7972
vn -0.5171 0.3117 -0.7972
vn -0.4285 -0.0161 -0.9034
vn -0.3083 -0.2980 -0.9034
vn 0.9623 0.2437 -0.1209
vn 0.9666 0.2456 -0.0727
vn 0.8421 0.5256 -0.1209
vn 0.8465 0.5275 -0.0727
vn 0.9823 -0.1133 -0.1490
vn 0.9824 -0.1131 -0.1488
vn 0.9881 -0.1109 -0.1067
vn 0.9919 -0.1092 -0.0643
vn 0.9919 -0.1092 -0.0642
vn 0.9939 -0.1084 -0.0214
vn 0.9688 0.2465 -0.0243
vn 0.8486 0.5284 -0.0243
vn 0.6099 0.7922 -0.0214
vn 0.6099 0.7922 -0.0212
vn 0.6079 0.7914 -0.0642
vn 0.6080 0.7913 -0.0642
vn 0.6041 0.7897 -0.1067
vn 0.5983 0.7873 -0.1490
vn 0.8356 0.5228 -0.1689
vn 0.8355 0.5228 -0.1689
vn 0.9557 0.2410 -0.1689
vn 0.5079 0.0501 -0.8599
vn 0.5081 0.0501 -0.8598
vn 0.4690 0.0333 -0.8826
vn 0.4689 0.0334 -0.8826
vn 0.3879 0.3320 -0.8598
vn 0.3486 0.3152 -0.8827
vn 0.3486 0.3149 -0.8828
vn 0.6211 -0.2677 -0.7366
vn 0.6211 -0.2673 -0.7367
vn 0.5873 -0.2817 -0.7587
vn 0.5527 -0.2965 -0.7789
vn 0.5527 -0.2964 -0.7789
vn 0.5171 -0.3117 -0.7972
vn 0.4285 0.0161 -0.9034
vn 0.3083 0.2980 -0.9034
vn 0.1331 0.5889 -0.7972
vn 0.1331 0.5888 -0.7972
vn 0.1688 0.6043 -0.7786
vn 0.1687 0.6041 -0.7789
vn 0.2034 0.6188 -0.7588
vn 0.2034 0.6189 -0.7587
vn 0.2371 0.6333 -0.7367
vn 0.4262 0.3483 -0.8349
vn 0.5464 0.0664 -0.8349
vn 0.5464 0.0663 -0.8349
vn -0.4992 -0.3794 -0.7790
vn -0.5336 -0.3944 -0.7482
vn -0.5336 -0.3941 -0.7483
vn -0.6194 -0.0975 -0.7790
vn -0.6538 -0.1122 -0.7483
vn -0.2699 -0.6472 -0.7129
vn -0.3015 -0.6608 -0.6874
vn -0.3015 -0.6607 -0.6874
vn -0.3319 -0.6737 -0.6603
vn -0.3611 -0.6861 -0.6316
vn -0.5667 -0.4082 -0.7157
vn -0.6871 -0.1263 -0.7155
vn -0.6869 -0.1263 -0.7157
vn -0.7451 0.2145 -0.6316
vn -0.7450 0.2145 -0.6316
vn -0.7159 0.2269 -0.6603
vn -0.6855 0.2399 -0.6874
vn -0.6539 0.2534 -0.7129
vn -0.5835 -0.0822 -0.8079
vn -0.4634 -0.3641 -0.8079
vn 0.9537 -0.1255 -0.2735
vn 0.9746 -0.1166 -0.1912
vn 0.5570 0.7690 -0.3138
vn 0.7880 0.5025 -0.3556
vn 0.3452 -0.0194 -0.9383
vn 0.3026 -0.0376 -0.9524
vn 0.2250 0.2625 -0.9383
vn 0.1824 0.2443 -0.9524
vn 0.4806 -0.3272 -0.8136
vn 0.4436 -0.3430 -0.8280
vn 0.4060 -0.3591 -0.8404
vn 0.3678 -0.3753 -0.8508
vn 0.2593 -0.0560 -0.9642
vn 0.1391 0.2259 -0.9642
vn -0.0161 0.5252 -0.8508
vn -0.0162 0.5253 -0.8508
vn 0.0220 0.5415 -0.8404
vn 0.0596 0.5576 -0.8280
vn 0.0967 0.5734 -0.8136
vn 0.2670 0.2804 -0.9220
vn 0.3872 -0.0015 -0.9220
vn -0.6282 -0.4345 -0.6455
vn -0.6283 -0.4344 -0.6454
vn -0.6566 -0.4466 -0.6078
vn -0.6566 -0.4463 -0.6080
vn -0.7484 -0.1525 -0.6454
vn -0.7767 -0.1646 -0.6080
vn -0.3890 -0.6980 -0.6012
vn -0.4155 -0.7093 -0.5695
vn -0.4154 -0.7093 -0.5695
vn -0.4403 -0.7199 -0.5365
vn -0.4638 -0.7299 -0.5021
vn -0.4639 -0.7299 -0.5021
vn -0.6831 -0.4578 -0.5690
vn -0.6831 -0.4582 -0.5688
vn -0.8033 -0.1759 -0.5690
vn -0.8478 0.1707 -0.5021
vn -0.8243 0.1807 -0.5365
vn -0.7993 0.1912 -0.5696
vn -0.7994 0.1913 -0.5695
vn -0.7730 0.2026 -0.6012
vn -0.7185 -0.1398 -0.6813
vn -0.7184 -0.1398 -0.6815
vn -0.5983 -0.4217 -0.6814
vn -0.5983 -0.4215 -0.6814
vn 0.8720 0.2053 -0.4443
vn 0.7310 0.4781 -0.4870
vn 0.7308 0.4782 -0.4871
vn 0.7519 0.4871 -0.4442
vn 0.8899 -0.1525 -0.4298
vn 0.5410 0.7630 -0.3538
vn 0.5413 0.7630 -0.3534
vn 0.5245 0.7558 -0.3919
vn 0.7079 0.4685 -0.5286
vn 0.1713 -0.0935 -0.9808
vn 0.1270 -0.1124 -0.9855
vn 0.0511 0.1884 -0.9808
vn 0.0068 0.1695 -0.9855
vn 0.3291 -0.3918 -0.8592
vn 0.2902 -0.4084 -0.8654
vn 0.2510 -0.4251 -0.8696
vn 0.2511 -0.4251 -0.8696
vn 0.2115 -0.4421 -0.8717
vn 0.2117 -0.4419 -0.8717
vn 0.0824 -0.1314 -0.9879
vn -0.0377 0.1505 -0.9879
vn -0.1723 0.4587 -0.8717
vn -0.1330 0.4755 -0.8696
vn -0.0938 0.4921 -0.8655
vn -0.0549 0.5089 -0.8591
vn -0.0549 0.5087 -0.8592
vn 0.0953 0.2072 -0.9736
vn 0.2155 -0.0747 -0.9736
vn 0.2156 -0.0747 -0.9736
vn -0.7308 -0.4782 -0.4871
vn -0.7308 -0.4782 -0.4870
vn -0.7519 -0.4871 -0.4443
vn -0.8511 -0.1963 -0.4870
vn -0.8510 -0.1963 -0.4870
vn -0.8720 -0.2053 -0.4443
vn -0.8720 -0.2055 -0.4443
vn -0.4858 -0.7392 -0.4665
vn -0.4856 -0.7392 -0.4665
vn -0.5059 -0.7479 -0.4298
vn -0.5245 -0.7557 -0.3923
vn -0.5245 -0.7558 -0.3921
vn -0.5413 -0.7630 -0.3534
vn -0.5412 -0.7630 -0.3535
vn -0.7709 -0.4953 -0.4005
vn -0.8911 -0.2134 -0.4005
vn -0.9253 0.1376 -0.3534
vn -0.9085 0.1448 -0.3921
vn -0.8899 0.1527 -0.4298
vn -0.8898 0.1529 -0.4299
vn -0.8698 0.1613 -0.4663
vn -0.8697 0.1613 -0.4665
vn -0.8281 -0.1865 -0.5286
vn -0.7079 -0.4684 -0.5286
vn 0.7486 0.1525 -0.6453
vn 0.6283 0.4344 -0.6454
vn 0.7730 -0.2025 -0.6012
vn 0.6831 0.4579 -0.5690
vn 0.7186 0.1397 -0.6813
vn -0.8030 -0.5090 -0.3100
vn -0.8031 -0.5089 -0.3099
vn -0.8160 -0.5145 -0.2636
vn -0.9231 -0.2272 -0.3101
vn -0.9232 -0.2271 -0.3099
vn -0.9362 -0.2326 -0.2636
vn -0.5564 -0.7694 -0.3138
vn -0.5697 -0.7750 -0.2735
vn -0.5811 -0.7799 -0.2326
vn -0.5906 -0.7840 -0.1911
vn -0.8268 -0.5191 -0.2166
vn -0.9471 -0.2370 -0.2166
vn -0.9470 -0.2372 -0.2166
vn -0.9746 0.1166 -0.1911
vn -0.9651 0.1207 -0.2326
vn -0.9536 0.1256 -0.2735
vn -0.9536 0.1257 -0.2735
vn -0.9404 0.1312 -0.3138
vn -0.9082 -0.2207 -0.3556
vn -0.7880 -0.5026 -0.3556
vn 0.6194 0.0975 -0.7790
vn 0.6539 -0.2534 -0.7129
vn 0.6855 -0.2400 -0.6874
vn 0.6855 -0.2401 -0.6874
vn 0.7161 -0.2269 -0.6601
vn 0.2699 0.6473 -0.7129
vn 0.5836 0.0822 -0.8079
vn -0.8421 -0.5256 -0.1209
vn -0.8464 -0.5275 -0.0727
vn -0.8466 -0.5273 -0.0727
vn -0.9623 -0.2437 -0.1209
vn -0.9666 -0.2456 -0.0727
vn -0.5982 -0.7874 -0.1490
vn -0.5983 -0.7873 -0.1490
vn -0.6041 -0.7897 -0.1067
vn -0.6042 -0.7896 -0.1067
vn -0.6079 -0.7914 -0.0642
vn -0.6080 -0.7914 -0.0642
vn -0.6099 -0.7922 -0.0214
vn -0.8486 -0.5284 -0.0243
vn -0.9689 -0.2464 -0.0243
vn -0.9688 -0.2465 -0.0243
vn -0.9939 0.1085 -0.0215
vn -0.9939 0.1084 -0.0214
vn -0.9920 0.1091 -0.0642
vn -0.9919 0.1092 -0.0642
vn -0.9881 0.1109 -0.1067
vn -0.9823 0.1133 -0.1490
vn -0.9557 -0.2409 -0.1689
vn -0.8355 -0.5228 -0.1689
vn 0.4688 0.0333 -0.8827
vn 0.3485 0.3152 -0.8827
vn 0.5171 -0.3116 -0.7972
vn 0.5527 -0.2965 -0.7788
vn 0.2030 0.6189 -0.7588
vn 0.3084 0.2980 -0.9034
vn 0.4284 0.0163 -0.9034
vn -0.8465 -0.5275 0.0727
vn -0.8465 -0.5274 0.0727
vn -0.8421 -0.5256 0.1209
vn -0.9666 -0.2456 0.0727
vn -0.9623 -0.2437 0.1209
vn -0.6099 -0.7922 0.0214
vn -0.6080 -0.7914 0.0642
vn -0.6041 -0.7897 0.1067
vn -0.5983 -0.7873 0.1490
vn -0.8355 -0.5228 0.1689
vn -0.8355 -0.5229 0.1689
vn -0.9557 -0.2409 0.1689
vn -0.9823 0.1133 0.1490
vn -0.9881 0.1109 0.1067
vn -0.9919 0.1092 0.0643
vn -0.9919 0.1092 0.0642
vn -0.9939 0.1085 0.0215
vn -0.9939 0.1086 0.0214
vn -0.9688 -0.2465 0.0243
vn -0.8486 -0.5284 0.0243
vn 0.2256 0.2623 -0.9383
vn 0.3875 -0.0015 -0.9219
vn 0.0966 0.5734 -0.8136
vn 0.0967 0.5734 -0.8135
vn 0.0220 0.5414 -0.8405
vn -0.0162 0.5251 -0.8509
vn -0.0162 0.5252 -0.8508
vn -0.8160 -0.5145 0.2636
vn -0.8031 -0.5090 0.3099
vn -0.8031 -0.5088 0.3100
vn -0.9362 -0.2326 0.2636
vn -0.9233 -0.2270 0.3097
vn -0.9232 -0.2271 0.3099
vn -0.5906 -0.7840 0.1911
vn -0.5811 -0.7799 0.2326
vn -0.5697 -0.7750 0.2735
vn -0.5564 -0.7694 0.3138
vn -0.7880 -0.5026 0.3556
vn -0.9082 -0.2207 0.3556
vn -0.9404 0.1312 0.3138
vn -0.9537 0.1255 0.2735
vn -0.9536 0.1255 0.2735
vn -0.9651 0.1207 0.2326
vn -0.9746 0.1166 0.1911
vn -0.9470 -0.2372 0.2166
vn -0.8268 -0.5191 0.2166
vn 0.1713 -0.0936 -0.9808
vn 0.2509 -0.4251 -0.8697
vn 0.0953 0.2072 -0.9737
vn -0.0937 0.4921 -0.8655
vn -0.0938 0.4922 -0.8654
vn -0.7518 -0.4871 0.4443
vn -0.7518 -0.4872 0.4443
vn -0.7308 -0.4782 0.4871
vn -0.8720 -0.2053 0.4443
vn -0.8721 -0.2050 0.4443
vn -0.8510 -0.1963 0.4871
vn -0.8511 -0.1963 0.4870
vn -0.5413 -0.7630 0.3534
vn -0.5412 -0.7630 0.3535
vn -0.5245 -0.7558 0.3920
vn -0.5245 -0.7558 0.3921
vn -0.5059 -0.7479 0.4298
vn -0.4857 -0.7392 0.4665
vn -0.7079 -0.4684 0.5286
vn -0.8281 -0.1865 0.5286
vn -0.8697 0.1613 0.4664
vn -0.8697 0.1613 0.4665
vn -0.8899 0.1527 0.4298
vn -0.9085 0.1448 0.3921
vn -0.9253 0.1376 0.3534
vn -0.9253 0.1377 0.3534
vn -0.8911 -0.2134 0.4005
vn -0.7709 -0.4953 0.4005
vn -0.1714 0.0935 -0.9808
vn -0.1270 0.1123 -0.9855
vn 0.0549 -0.5087 -0.8592
vn 0.0937 -0.4922 -0.8654
vn 0.0938 -0.4922 -0.8654
vn 0.1724 -0.4587 -0.8717
vn -0.2116 0.4419 -0.8718
vn -0.2118 0.4419 -0.8717
vn -0.2155 0.0747 -0.9737
vn -0.6565 -0.4465 0.6080
vn -0.6565 -0.4467 0.6078
vn -0.6282 -0.4344 0.6455
vn -0.7767 -0.1644 0.6080
vn -0.7767 -0.1646 0.6080
vn -0.7484 -0.1525 0.6454
vn -0.4640 -0.7298 0.5020
vn -0.4638 -0.7299 0.5021
vn -0.4403 -0.7199 0.5365
vn -0.4403 -0.7199 0.5366
vn -0.4155 -0.7093 0.5695
vn -0.4154 -0.7093 0.5695
vn -0.3890 -0.6980 0.6012
vn -0.3890 -0.6980 0.6013
vn -0.5983 -0.4217 0.6814
vn -0.7185 -0.1398 0.6814
vn -0.7185 -0.1397 0.6814
vn -0.7730 0.2026 0.6012
vn -0.7993 0.1914 0.5696
vn -0.7994 0.1913 0.5696
vn -0.8243 0.1807 0.5365
vn -0.8242 0.1807 0.5367
vn -0.8478 0.1709 0.5021
vn -0.8478 0.1707 0.5021
vn -0.8033 -0.1759 0.5690
vn -0.6831 -0.4578 0.5690
vn -0.1823 -0.2443 -0.9524
vn -0.0965 -0.5733 -0.8137
vn -0.0966 -0.5734 -0.8136
vn -0.0591 -0.5576 -0.8280
vn -0.2594 0.0562 -0.9641
vn -0.3872 0.0017 -0.9220
vn -0.5336 -0.3941 0.7483
vn -0.4992 -0.3794 0.7790
vn -0.6538 -0.1122 0.7483
vn -0.6535 -0.1123 0.7485
vn -0.6194 -0.0975 0.7790
vn -0.6194 -0.0972 0.7791
vn -0.3611 -0.6861 0.6316
vn -0.3319 -0.6737 0.6603
vn -0.3015 -0.6607 0.6874
vn -0.3015 -0.6607 0.6875
vn -0.2699 -0.6472 0.7129
vn -0.4634 -0.3642 0.8079
vn -0.4634 -0.3641 0.8079
vn -0.5836 -0.0821 0.8079
vn -0.5835 -0.0822 0.8079
vn -0.6539 0.2534 0.7129
vn -0.6855 0.2399 0.6874
vn -0.7159 0.2269 0.6603
vn -0.7450 0.2145 0.6316
vn -0.7451 0.2145 0.6316
vn -0.6869 -0.1263 0.7157
vn -0.5667 -0.4082 0.7157
vn -0.3485 -0.3152 -0.8827
vn -0.4688 -0.0333 -0.8827
vn -0.2371 -0.6332 -0.7367
vn -0.2371 -0.6332 -0.7368
vn -0.1687 -0.6040 -0.7789
vn -0.5873 0.2817 -0.7588
vn -0.3878 -0.3319 0.8599
vn -0.3879 -0.3320 0.8598
vn -0.3486 -0.3152 0.8827
vn -0.5081 -0.0501 0.8598
vn -0.4688 -0.0333 0.8827
vn -0.2371 -0.6333 0.7367
vn -0.2033 -0.6189 0.7587
vn -0.1687 -0.6041 0.7789
vn -0.1331 -0.5889 0.7972
vn -0.3083 -0.2980 0.9034
vn -0.4285 -0.0161 0.9034
vn -0.5171 0.3117 0.7972
vn -0.5170 0.3117 0.7972
vn -0.5527 0.2965 0.7789
vn -0.5873 0.2817 0.7587
vn -0.6211 0.2673 0.7367
vn -0.5464 -0.0665 0.8349
vn -0.5464 -0.0664 0.8349
vn -0.4262 -0.3483 0.8349
vn -0.3612 -0.6861 -0.6315
vn -0.3014 -0.6608 -0.6874
vn -0.6855 0.2400 -0.6874
vn -0.7450 0.2145 -0.6317
vn -0.2250 -0.2625 0.9383
vn -0.1824 -0.2443 0.9524
vn -0.3452 0.0194 0.9383
vn -0.3452 0.0195 0.9383
vn -0.3026 0.0376 0.9524
vn -0.0966 -0.5734 0.8136
vn -0.0596 -0.5576 0.8280
vn -0.0220 -0.5415 0.8404
vn 0.0162 -0.5252 0.8508
vn 0.0162 -0.5253 0.8508
vn -0.1390 -0.2259 0.9642
vn -0.1391 -0.2259 0.9642
vn -0.2593 0.0560 0.9642
vn -0.3678 0.3753 0.8508
vn -0.3678 0.3752 0.8508
vn -0.4060 0.3591 0.8404
vn -0.4436 0.3430 0.8280
vn -0.4806 0.3272 0.8136
vn -0.3872 0.0015 0.9220
vn -0.3871 0.0015 0.9220
vn -0.2670 -0.2804 0.9220
vn -0.6565 -0.4465 -0.6080
vn -0.6282 -0.4345 -0.6454
vn -0.6282 -0.4344 -0.6454
vn -0.3890 -0.6979 -0.6013
vn -0.7185 -0.1398 -0.6814
vn -0.7995 0.1913 -0.5695
vn -0.8033 -0.1759 -0.5691
vn -0.6829 -0.4580 -0.5691
vn -0.0511 -0.1884 0.9808
vn -0.1270 0.1122 0.9855
vn 0.0549 -0.5088 0.8592
vn -0.2156 0.0746 0.9736
vn -0.7519 -0.4870 -0.4444
vn -0.7518 -0.4871 -0.4444
vn -0.7307 -0.4783 -0.4871
vn -0.5245 -0.7558 -0.3920
vn -0.4857 -0.7392 -0.4665
vn -0.8282 -0.1865 -0.5286
vn -0.8697 0.1615 -0.4664
vn -0.8911 -0.2136 -0.4005
vn 0.1270 -0.1124 0.9855
vn 0.1270 -0.1123 0.9855
vn 0.1713 -0.0935 0.9808
vn 0.0068 0.1695 0.9855
vn 0.0511 0.1884 0.9808
vn 0.2117 -0.4419 0.8717
vn 0.2113 -0.4425 0.8715
vn 0.2510 -0.4251 0.8696
vn 0.2902 -0.4085 0.8654
vn 0.3291 -0.3918 0.8592
vn 0.2156 -0.0748 0.9736
vn 0.2156 -0.0747 0.9736
vn 0.0953 0.2072 0.9736
vn 0.0953 0.2072 0.9737
vn -0.0549 0.5088 0.8592
vn -0.0549 0.5088 0.8591
vn -0.0938 0.4921 0.8655
vn -0.0938 0.4922 0.8654
vn -0.1330 0.4755 0.8696
vn -0.1723 0.4587 0.8717
vn -0.0377 0.1505 0.9879
vn 0.0824 -0.1314 0.9879
vn -0.8030 -0.5091 -0.3099
vn -0.8031 -0.5090 -0.3099
vn -0.9233 -0.2269 -0.3099
vn -0.5906 -0.7840 -0.1909
vn -0.5697 -0.7750 -0.2736
vn -0.9536 0.1255 -0.2735
vn -0.9746 0.1165 -0.1911
vn 0.3026 -0.0376 0.9524
vn 0.3452 -0.0195 0.9383
vn 0.3453 -0.0194 0.9383
vn 0.1824 0.2443 0.9524
vn 0.2250 0.2625 0.9383
vn 0.3678 -0.3753 0.8508
vn 0.4060 -0.3591 0.8404
vn 0.4437 -0.3430 0.8279
vn 0.4436 -0.3430 0.8280
vn 0.4806 -0.3272 0.8136
vn 0.3872 -0.0015 0.9220
vn 0.2670 0.2804 0.9220
vn 0.0966 0.5734 0.8136
vn 0.0597 0.5576 0.8280
vn 0.0596 0.5576 0.8280
vn 0.0220 0.5416 0.8403
vn 0.0220 0.5415 0.8404
vn -0.0162 0.5252 0.8508
vn 0.1391 0.2259 0.9642
vn 0.2593 -0.0560 0.9642
vn -0.8465 -0.5275 -0.0727
vn -0.5984 -0.7872 -0.1491
vn -0.8355 -0.5229 -0.1689
vn -0.9558 -0.2409 -0.1689
vn -0.9557 -0.2409 -0.1688
vn -0.9919 0.1093 -0.0643
vn 0.4690 0.0333 0.8826
vn 0.4689 0.0334 0.8826
vn 0.5081 0.0501 0.8598
vn 0.5082 0.0501 0.8598
vn 0.3486 0.3152 0.8827
vn 0.3486 0.3149 0.8828
vn 0.3879 0.3320 0.8598
vn 0.5171 -0.3117 0.7972
vn 0.5527 -0.2964 0.7789
vn 0.5527 -0.2965 0.7789
vn 0.5873 -0.2817 0.7587
vn 0.6211 -0.2673 0.7367
vn 0.5464 0.0664 0.8349
vn 0.4262 0.3483 0.8349
vn 0.2371 0.6333 0.7367
vn 0.2033 0.6189 0.7587
vn 0.1686 0.6039 0.7791
vn 0.1687 0.6041 0.7789
vn 0.1331 0.5889 0.7972
vn 0.3082 0.2980 0.9034
vn 0.3083 0.2980 0.9034
vn 0.4285 0.0161 0.9034
vn -0.5984 -0.7872 0.1490
vn -0.6039 -0.7899 0.1067
vn -0.9939 0.1084 0.0214
vn -0.9824 0.1128 0.1487
vn -0.9557 -0.2410 0.1688
vn 0.6194 0.0975 0.7790
vn 0.6538 0.1122 0.7483
vn 0.4990 0.3794 0.7791
vn 0.4992 0.3794 0.7790
vn 0.5336 0.3941 0.7483
vn 0.6541 -0.2536 0.7127
vn 0.6539 -0.2534 0.7129
vn 0.6855 -0.2399 0.6874
vn 0.7159 -0.2269 0.6603
vn 0.7450 -0.2144 0.6316
vn 0.7450 -0.2145 0.6317
vn 0.6869 0.1263 0.7157
vn 0.5667 0.4082 0.7157
vn 0.3611 0.6861 0.6316
vn 0.3317 0.6735 0.6605
vn 0.3319 0.6737 0.6603
vn 0.3015 0.6608 0.6874
vn 0.2699 0.6472 0.7129
vn 0.4634 0.3641 0.8079
vn 0.5835 0.0822 0.8079
vn -0.8030 -0.5090 0.3099
vn -0.9230 -0.2272 0.3105
vn -0.9362 -0.2326 0.2634
vn -0.5697 -0.7750 0.2736
vn -0.9470 -0.2372 0.2167
vn -0.9536 0.1256 0.2735
vn -0.9537 0.1256 0.2734
vn 0.7484 0.1525 0.6454
vn 0.7767 0.1646 0.6080
vn 0.6282 0.4344 0.6454
vn 0.6565 0.4465 0.6080
vn 0.7730 -0.2026 0.6012
vn 0.7994 -0.1913 0.5695
vn 0.8243 -0.1807 0.5365
vn 0.8478 -0.1707 0.5021
vn 0.8033 0.1759 0.5690
vn 0.6831 0.4578 0.5690
vn 0.4638 0.7299 0.5021
vn 0.4403 0.7199 0.5365
vn 0.4154 0.7093 0.5695
vn 0.3890 0.6980 0.6012
vn 0.5983 0.4217 0.6814
vn 0.7184 0.1398 0.6814
vn 0.7185 0.1398 0.6814
vn -0.7518 -0.4872 0.4444
vn -0.7518 -0.4871 0.4445
vn -0.8510 -0.1963 0.4870
vn -0.8721 -0.2053 0.4443
vn -0.4858 -0.7392 0.4665
vn -0.5411 -0.7630 0.3536
vn -0.7707 -0.4955 0.4005
vn -0.8278 -0.1865 0.5291
vn 0.2902 -0.4084 0.8654
vn 0.2115 -0.4422 0.8716
vn -0.0938 0.4921 0.8654
vn -0.0549 0.5087 0.8592
vn 0.2155 -0.0747 0.9736
vn 0.8721 0.2052 0.4443
vn 0.8911 0.2134 0.4005
vn 0.7709 0.4953 0.4004
vn 0.5413 0.7630 0.3532
vn 0.5245 0.7557 0.3921
vn 0.4857 0.7393 0.4665
vn -0.6282 -0.4345 0.6454
vn -0.7485 -0.1525 0.6454
vn -0.3890 -0.6982 0.6010
vn -0.6831 -0.4578 0.5691
vn -0.8243 0.1807 0.5366
vn -0.7994 0.1913 0.5695
vn -0.7995 0.1913 0.5695
vn -0.7733 0.2022 0.6010
vn 0.3452 -0.0193 0.9383
vn 0.3452 -0.0194 0.9383
vn 0.0967 0.5734 0.8136
vn 0.2671 0.2806 0.9219
vn 0.3874 -0.0015 0.9219
vn 0.9232 0.2271 0.3100
vn 0.8033 0.5088 0.3096
vn 0.9404 -0.1312 0.3138
vn 0.5815 0.7796 0.2325
vn -0.3015 -0.6608 0.6873
vn -0.5667 -0.4083 0.7156
vn -0.5835 -0.0823 0.8079
vn 0.5082 0.0500 0.8598
vn 0.4684 0.0331 0.8829
vn 0.4688 0.0333 0.8827
vn 0.3485 0.3152 0.8827
vn 0.3484 0.3150 0.8828
vn 0.6215 -0.2675 0.7363
vn 0.5171 -0.3115 0.7972
vn 0.1689 0.6040 0.7789
vn 0.9623 0.2438 0.1209
vn 0.9666 0.2456 0.0727
vn 0.8464 0.5275 0.0727
vn 0.9824 -0.1128 0.1486
vn 0.9919 -0.1092 0.0643
vn 0.9939 -0.1084 0.0213
vn 0.6042 0.7896 0.1067
vn 0.8356 0.5228 0.1688
vn 0.8355 0.5228 0.1689
vn -0.4687 -0.0333 0.8827
vn -0.1333 -0.5889 0.7971
vn -0.1687 -0.6040 0.7789
vn -0.5527 0.2964 0.7789
vn -0.5171 0.3117 0.7971
vn 0.7451 -0.2143 0.6316
vn 0.7451 -0.2144 0.6316
vn 0.2705 0.6470 0.7129
vn 0.3015 0.6607 0.6874
vn 0.6868 0.1263 0.7158
vn 0.9557 0.2409 -0.1689
vn 0.5984 0.7872 -0.1490
vn 0.6042 0.7896 -0.1067
vn 0.6080 0.7914 -0.0642
vn -0.3026 0.0373 0.9524
vn -0.3452 0.0192 0.9383
vn -0.3452 0.0193 0.9383
vn -0.0591 -0.5576 0.8280
vn -0.0967 -0.5734 0.8136
vn -0.0967 -0.5733 0.8137
vn -0.2670 -0.2806 0.9219
vn -0.4061 0.3593 0.8403
vn -0.4064 0.3594 0.8401
vn -0.3679 0.3753 0.8508
vn -0.2596 0.0563 0.9641
vn 0.6283 0.4344 0.6454
vn 0.7185 0.1397 0.6814
vn 0.5982 0.4217 0.6814
vn 0.4155 0.7095 0.5692
vn 0.4155 0.7092 0.5696
vt 0.000000 0.000000
s 0
usemtl Goddard_None
f 1/1/1 2/1/1 3/1/1
f 3/1/2 4/1/2 1/1/2
f 4/1/3 3/1/3 5/1/3
f 5/1/4 6/1/4 4/1/4
f 4/1/5 7/1/6 8/1/6
f 8/1/6 1/1/6 4/1/6
f 9/1/7 7/1/7 4/1/7
f 4/1/7 6/1/7 9/1/7
f 10/1/8 11/1/8 12/1/8
f 12/1/8 2/1/8 10/1/8
f 13/1/9 3/1/9 2/1/9
f 2/1/10 12/1/10 13/1/10
f 13/1/11 14/1/11 5/1/11
f 5/1/11 3/1/11 13/1/11
f 5/1/12 14/1/12 15/1/12
f 15/1/12 16/1/12 5/1/12
f 17/1/13 6/1/13 5/1/13
f 5/1/13 16/1/13 17/1/13
f 17/1/14 18/1/14 9/1/14
f 9/1/14 6/1/14 17/1/14
f 19/1/15 9/1/15 18/1/15
f 18/1/16 20/1/16 19/1/16
f 9/1/17 19/1/17 21/1/17
f 21/1/17 7/1/17 9/1/17
f 7/1/18 21/1/18 22/1/18
f 22/1/19 8/1/19 7/1/19
f 22/1/20 23/1/20 24/1/20
f 24/1/21 8/1/21 22/1/21
f 1/1/22 8/1/22 24/1/22
f 24/1/22 25/1/22 1/1/22
f 10/1/23 2/1/23 1/1/23
f 1/1/24 25/1/24 10/1/24
f 26/1/25 27/1/25 28/1/25
f 28/1/25 29/1/25 26/1/25
f 30/1/26 31/1/26 27/1/26
f 27/1/26 26/1/26 30/1/26
f 27/1/27 32/1/27 33/1/27
f 33/1/27 28/1/27 27/1/27
f 27/1/28 31/1/28 34/1/28
f 34/1/28 32/1/28 27/1/28
f 35/1/29 29/1/29 36/1/29
f 36/1/29 37/1/29 35/1/29
f 26/1/30 29/1/30 35/1/30
f 35/1/30 38/1/30 26/1/30
f 39/1/31 30/1/31 26/1/31
f 26/1/31 38/1/31 39/1/31
f 30/1/32 39/1/32 40/1/32
f 40/1/32 41/1/32 30/1/32
f 42/1/33 31/1/33 30/1/33
f 30/1/34 41/1/34 42/1/34
f 43/1/35 34/1/35 31/1/35
f 31/1/35 42/1/35 43/1/35
f 44/1/36 34/1/36 43/1/36
f 43/1/36 45/1/36 44/1/36
f 44/1/37 46/1/37 32/1/37
f 32/1/37 34/1/37 44/1/37
f 32/1/38 46/1/38 47/1/38
f 47/1/38 33/1/38 32/1/38
f 48/1/39 33/1/39 47/1/39
f 47/1/39 49/1/39 48/1/39
f 28/1/40 33/1/40 48/1/40
f 48/1/40 50/1/40 28/1/40
f 29/1/41 28/1/41 50/1/41
f 50/1/41 36/1/41 29/1/41
f 51/1/42 52/1/42 53/1/42
f 53/1/42 54/1/42 51/1/42
f 55/1/43 56/1/43 52/1/43
f 52/1/44 51/1/44 55/1/44
f 52/1/45 57/1/45 58/1/45
f 58/1/45 53/1/45 52/1/45
f 52/1/46 56/1/46 59/1/46
f 59/1/46 57/1/46 52/1/46
f 54/1/47 60/1/47 61/1/47
f 61/1/48 62/1/48 54/1/48
f 62/1/49 63/1/49 51/1/49
f 51/1/49 54/1/49 62/1/49
f 55/1/50 51/1/50 63/1/50
f 63/1/51 64/1/51 55/1/51
f 64/1/52 65/1/52 66/1/52
f 66/1/52 55/1/52 64/1/52
f 67/1/53 56/1/53 55/1/53
f 55/1/53 66/1/53 67/1/53
f 68/1/54 59/1/54 56/1/54
f 56/1/54 67/1/54 68/1/54
f 39/1/55 59/1/55 68/1/55
f 68/1/55 40/1/55 39/1/55
f 38/1/56 57/1/56 59/1/56
f 59/1/56 39/1/56 38/1/56
f 38/1/57 35/1/57 58/1/57
f 58/1/57 57/1/57 38/1/57
f 35/1/58 37/1/58 69/1/58
f 69/1/58 58/1/58 35/1/58
f 53/1/59 58/1/59 69/1/59
f 69/1/59 70/1/59 53/1/59
f 54/1/60 53/1/60 70/1/60
f 70/1/61 60/1/61 54/1/61
f 71/1/62 72/1/62 73/1/62
f 73/1/63 74/1/63 71/1/63
f 75/1/64 76/1/64 72/1/64
f 72/1/64 71/1/64 75/1/64
f 72/1/65 77/1/65 78/1/65
f 78/1/66 73/1/66 72/1/66
f 72/1/67 76/1/67 79/1/67
f 79/1/67 77/1/67 72/1/67
f 80/1/68 81/1/68 82/1/68
f 82/1/68 74/1/68 80/1/68
f 71/1/69 74/1/69 82/1/69
f 82/1/70 83/1/70 71/1/70
f 75/1/71 71/1/71 83/1/71
f 83/1/71 84/1/71 75/1/71
f 84/1/72 85/1/72 86/1/72
f 86/1/73 75/1/73 84/1/73
f 87/1/74 76/1/74 75/1/74
f 75/1/75 86/1/75 87/1/75
f 88/1/76 79/1/76 76/1/76
f 76/1/77 87/1/77 88/1/77
f 65/1/78 64/1/78 79/1/78
f 79/1/78 88/1/78 65/1/78
f 63/1/79 77/1/79 79/1/79
f 79/1/80 64/1/80 63/1/80
f 63/1/81 62/1/81 78/1/81
f 78/1/81 77/1/81 63/1/81
f 62/1/82 61/1/82 89/1/82
f 89/1/82 78/1/82 62/1/82
f 78/1/83 89/1/83 90/1/83
f 90/1/83 73/1/83 78/1/83
f 74/1/84 73/1/84 90/1/84
f 90/1/84 80/1/84 74/1/84
f 91/1/85 92/1/85 93/1/85
f 93/1/85 94/1/86 91/1/85
f 95/1/87 96/1/87 92/1/87
f 92/1/88 91/1/88 95/1/88
f 92/1/89 97/1/89 98/1/89
f 98/1/89 93/1/89 92/1/89
f 92/1/90 96/1/90 99/1/90
f 99/1/90 97/1/90 92/1/90
f 94/1/91 100/1/91 101/1/91
f 101/1/91 102/1/91 94/1/91
f 94/1/92 102/1/92 103/1/92
f 103/1/92 91/1/92 94/1/92
f 103/1/93 104/1/93 95/1/93
f 95/1/94 91/1/94 103/1/94
f 105/1/95 95/1/95 104/1/95
f 104/1/95 106/1/95 105/1/95
f 96/1/96 95/1/96 105/1/96
f 105/1/97 107/1/97 96/1/97
f 108/1/98 99/1/98 96/1/98
f 96/1/99 107/1/99 108/1/99
f 85/1/100 84/1/100 99/1/100
f 99/1/100 108/1/100 85/1/100
f 83/1/101 97/1/101 99/1/101
f 99/1/102 84/1/102 83/1/102
f 83/1/103 82/1/103 98/1/103
f 98/1/103 97/1/103 83/1/103
f 82/1/104 81/1/104 109/1/104
f 109/1/104 98/1/104 82/1/104
f 98/1/105 109/1/105 110/1/105
f 110/1/106 93/1/106 98/1/106
f 100/1/107 94/1/107 93/1/107
f 93/1/107 110/1/107 100/1/107
f 111/1/108 112/1/108 113/1/108
f 113/1/109 114/1/109 111/1/109
f 115/1/110 116/1/110 112/1/110
f 112/1/110 111/1/110 115/1/110
f 112/1/111 117/1/111 118/1/111
f 118/1/111 113/1/111 112/1/111
f 112/1/112 116/1/112 119/1/112
f 119/1/112 117/1/112 112/1/112
f 114/1/113 120/1/113 121/1/113
f 121/1/114 122/1/114 114/1/114
f 114/1/115 122/1/115 123/1/115
f 123/1/115 111/1/115 114/1/115
f 115/1/116 111/1/116 123/1/116
f 123/1/116 124/1/116 115/1/116
f 124/1/117 125/1/117 126/1/117
f 126/1/117 115/1/117 124/1/117
f 116/1/118 115/1/118 126/1/118
f 126/1/119 127/1/119 116/1/119
f 128/1/120 119/1/120 116/1/120
f 116/1/121 127/1/121 128/1/121
f 104/1/122 119/1/122 128/1/122
f 128/1/122 106/1/122 104/1/122
f 117/1/123 119/1/123 104/1/123
f 104/1/123 103/1/123 117/1/123
f 103/1/124 102/1/124 118/1/124
f 118/1/124 117/1/124 103/1/124
f 102/1/125 101/1/125 129/1/125
f 129/1/125 118/1/125 102/1/125
f 118/1/126 129/1/126 130/1/126
f 130/1/126 113/1/126 118/1/126
f 120/1/127 114/1/127 113/1/127
f 113/1/127 130/1/127 120/1/127
f 131/1/128 132/1/128 133/1/128
f 133/1/129 134/1/129 131/1/129
f 135/1/130 136/1/130 132/1/130
f 132/1/130 131/1/130 135/1/130
f 132/1/131 137/1/131 138/1/131
f 138/1/131 133/1/131 132/1/131
f 132/1/132 136/1/132 139/1/132
f 139/1/133 137/1/133 132/1/133
f 134/1/134 140/1/134 141/1/134
f 141/1/134 142/1/134 134/1/134
f 134/1/135 142/1/135 143/1/135
f 143/1/135 131/1/135 134/1/135
f 135/1/136 131/1/136 143/1/136
f 143/1/136 144/1/136 135/1/136
f 144/1/137 145/1/137 146/1/137
f 146/1/137 135/1/137 144/1/137
f 136/1/138 135/1/138 146/1/138
f 146/1/138 147/1/138 136/1/138
f 148/1/139 139/1/139 136/1/139
f 136/1/139 147/1/139 148/1/139
f 124/1/140 139/1/140 148/1/140
f 148/1/141 125/1/141 124/1/141
f 123/1/142 137/1/142 139/1/142
f 139/1/142 124/1/142 123/1/142
f 123/1/143 122/1/143 138/1/143
f 138/1/143 137/1/143 123/1/143
f 122/1/144 121/1/144 149/1/144
f 149/1/145 138/1/145 122/1/145
f 138/1/146 149/1/146 150/1/146
f 150/1/146 133/1/146 138/1/146
f 140/1/147 134/1/147 133/1/147
f 133/1/147 150/1/147 140/1/147
f 151/1/148 152/1/148 153/1/148
f 153/1/149 154/1/149 151/1/149
f 155/1/150 156/1/150 152/1/150
f 152/1/150 151/1/150 155/1/150
f 152/1/151 157/1/151 158/1/151
f 158/1/151 153/1/151 152/1/151
f 152/1/152 156/1/152 159/1/152
f 159/1/152 157/1/152 152/1/152
f 154/1/153 160/1/153 161/1/153
f 161/1/154 162/1/154 154/1/154
f 154/1/155 162/1/155 163/1/155
f 163/1/155 151/1/155 154/1/155
f 155/1/156 151/1/156 163/1/156
f 163/1/157 164/1/157 155/1/157
f 164/1/158 165/1/158 166/1/158
f 166/1/158 155/1/158 164/1/158
f 156/1/159 155/1/159 166/1/159
f 166/1/159 167/1/159 156/1/159
f 168/1/160 159/1/160 156/1/160
f 156/1/161 167/1/161 168/1/161
f 144/1/162 159/1/162 168/1/162
f 168/1/163 145/1/163 144/1/163
f 143/1/164 157/1/164 159/1/164
f 159/1/165 144/1/165 143/1/165
f 143/1/166 142/1/166 158/1/166
f 158/1/167 157/1/167 143/1/167
f 142/1/168 141/1/168 169/1/168
f 169/1/168 158/1/168 142/1/168
f 158/1/169 169/1/169 170/1/169
f 170/1/170 153/1/170 158/1/170
f 160/1/171 154/1/171 153/1/171
f 153/1/171 170/1/171 160/1/171
f 171/1/172 172/1/172 173/1/172
f 173/1/172 174/1/172 171/1/172
f 175/1/173 176/1/173 172/1/173
f 172/1/174 171/1/174 175/1/174
f 172/1/175 177/1/175 178/1/175
f 178/1/175 173/1/175 172/1/175
f 172/1/176 176/1/176 179/1/176
f 179/1/176 177/1/176 172/1/176
f 174/1/177 180/1/177 181/1/177
f 181/1/177 182/1/177 174/1/177
f 174/1/178 182/1/178 183/1/178
f 183/1/178 171/1/178 174/1/178
f 175/1/179 171/1/179 183/1/179
f 183/1/180 184/1/180 175/1/180
f 185/1/181 175/1/181 184/1/181
f 184/1/181 186/1/181 185/1/181
f 176/1/182 175/1/182 185/1/182
f 185/1/182 187/1/182 176/1/182
f 188/1/183 179/1/183 176/1/183
f 176/1/183 187/1/183 188/1/183
f 164/1/184 179/1/184 188/1/184
f 188/1/185 165/1/185 164/1/185
f 163/1/186 177/1/186 179/1/186
f 179/1/186 164/1/186 163/1/186
f 163/1/187 162/1/187 178/1/187
f 178/1/188 177/1/188 163/1/188
f 162/1/189 161/1/189 189/1/189
f 189/1/189 178/1/189 162/1/189
f 178/1/190 189/1/190 190/1/190
f 190/1/190 173/1/190 178/1/190
f 180/1/191 174/1/191 173/1/191
f 173/1/191 190/1/191 180/1/191
f 191/1/192 192/1/192 193/1/192
f 193/1/193 194/1/193 191/1/193
f 195/1/194 196/1/194 192/1/194
f 192/1/194 191/1/194 195/1/194
f 192/1/195 197/1/195 198/1/195
f 198/1/195 193/1/195 192/1/195
f 192/1/196 196/1/196 199/1/196
f 199/1/196 197/1/196 192/1/196
f 194/1/197 200/1/197 201/1/197
f 201/1/197 202/1/197 194/1/197
f 194/1/198 202/1/198 203/1/198
f 203/1/199 191/1/199 194/1/199
f 195/1/200 191/1/200 203/1/200
f 203/1/200 204/1/200 195/1/200
f 205/1/201 195/1/201 204/1/202
f 204/1/201 206/1/201 205/1/201
f 196/1/203 195/1/203 205/1/203
f 205/1/203 207/1/203 196/1/203
f 208/1/204 199/1/204 196/1/204
f 196/1/204 207/1/204 208/1/204
f 186/1/205 184/1/205 199/1/205
f 199/1/205 208/1/205 186/1/205
f 183/1/206 197/1/206 199/1/206
f 199/1/207 184/1/207 183/1/207
f 183/1/208 182/1/208 198/1/208
f 198/1/208 197/1/208 183/1/208
f 182/1/209 181/1/209 209/1/209
f 209/1/209 198/1/209 182/1/209
f 198/1/210 209/1/210 210/1/210
f 210/1/210 193/1/210 198/1/210
f 200/1/211 194/1/211 193/1/211
f 193/1/211 210/1/211 200/1/211
f 211/1/212 212/1/212 213/1/212
f 213/1/213 214/1/213 211/1/213
f 215/1/214 216/1/214 212/1/214
f 212/1/214 211/1/214 215/1/214
f 212/1/215 217/1/215 218/1/215
f 218/1/215 213/1/215 212/1/215
f 212/1/216 216/1/216 219/1/216
f 219/1/216 217/1/216 212/1/216
f 214/1/217 220/1/217 221/1/217
f 221/1/217 222/1/217 214/1/217
f 214/1/218 222/1/218 223/1/218
f 223/1/218 211/1/218 214/1/218
f 215/1/219 211/1/219 223/1/219
f 223/1/219 224/1/219 215/1/219
f 225/1/220 215/1/220 224/1/220
f 224/1/221 226/1/221 225/1/221
f 216/1/222 215/1/222 225/1/222
f 225/1/222 227/1/222 216/1/222
f 228/1/223 219/1/223 216/1/223
f 216/1/223 227/1/223 228/1/223
f 206/1/224 204/1/224 219/1/224
f 219/1/224 228/1/224 206/1/224
f 203/1/225 217/1/225 219/1/225
f 219/1/226 204/1/226 203/1/226
f 203/1/227 202/1/227 218/1/227
f 218/1/227 217/1/227 203/1/227
f 202/1/228 201/1/228 229/1/228
f 229/1/228 218/1/228 202/1/228
f 218/1/229 229/1/229 230/1/229
f 230/1/230 213/1/230 218/1/230
f 220/1/231 214/1/231 213/1/231
f 213/1/231 230/1/231 220/1/231
f 231/1/232 232/1/232 233/1/232
f 233/1/233 234/1/233 231/1/233
f 235/1/234 236/1/234 232/1/234
f 232/1/235 231/1/235 235/1/235
f 232/1/236 237/1/236 238/1/236
f 238/1/237 233/1/237 232/1/237
f 232/1/238 236/1/238 239/1/238
f 239/1/238 237/1/238 232/1/238
f 234/1/239 240/1/239 241/1/239
f 241/1/239 242/1/239 234/1/239
f 234/1/240 242/1/240 243/1/240
f 243/1/240 231/1/240 234/1/240
f 235/1/241 231/1/241 243/1/241
f 243/1/241 244/1/241 235/1/241
f 245/1/242 235/1/242 244/1/242
f 244/1/243 246/1/243 245/1/243
f 236/1/244 235/1/244 245/1/244
f 245/1/244 247/1/244 236/1/244
f 248/1/245 239/1/245 236/1/245
f 236/1/245 247/1/245 248/1/245
f 226/1/246 224/1/246 239/1/246
f 239/1/246 248/1/246 226/1/246
f 223/1/247 237/1/247 239/1/247
f 239/1/247 224/1/247 223/1/247
f 223/1/248 222/1/248 238/1/248
f 238/1/248 237/1/248 223/1/248
f 222/1/249 221/1/249 249/1/249
f 249/1/249 238/1/249 222/1/249
f 238/1/250 249/1/250 250/1/250
f 250/1/250 233/1/250 238/1/250
f 240/1/251 234/1/251 233/1/251
f 233/1/252 250/1/252 240/1/252
f 251/1/253 252/1/253 253/1/253
f 253/1/254 254/1/254 251/1/254
f 255/1/255 256/1/255 252/1/255
f 252/1/255 251/1/255 255/1/255
f 252/1/256 257/1/256 258/1/256
f 258/1/256 253/1/256 252/1/256
f 252/1/257 256/1/257 259/1/257
f 259/1/258 257/1/258 252/1/258
f 254/1/259 260/1/259 261/1/259
f 261/1/259 262/1/259 254/1/259
f 254/1/260 262/1/260 263/1/260
f 263/1/260 251/1/260 254/1/260
f 255/1/261 251/1/261 263/1/261
f 263/1/261 264/1/261 255/1/261
f 265/1/262 255/1/262 264/1/262
f 264/1/262 266/1/262 265/1/262
f 256/1/263 255/1/263 265/1/263
f 265/1/264 267/1/264 256/1/264
f 268/1/265 259/1/265 256/1/265
f 256/1/265 267/1/265 268/1/265
f 246/1/266 244/1/266 259/1/266
f 259/1/266 268/1/266 246/1/266
f 243/1/267 257/1/267 259/1/267
f 259/1/267 244/1/267 243/1/267
f 243/1/268 242/1/268 258/1/268
f 258/1/268 257/1/268 243/1/268
f 242/1/269 241/1/269 269/1/269
f 269/1/269 258/1/269 242/1/269
f 258/1/270 269/1/270 270/1/270
f 270/1/270 253/1/270 258/1/270
f 260/1/271 254/1/271 253/1/271
f 253/1/271 270/1/271 260/1/271
f 271/1/272 272/1/272 273/1/272
f 273/1/273 274/1/273 271/1/273
f 275/1/274 276/1/274 272/1/274
f 272/1/275 271/1/275 275/1/275
f 272/1/276 277/1/276 278/1/276
f 278/1/276 273/1/276 272/1/276
f 272/1/277 276/1/277 279/1/277
f 279/1/277 277/1/277 272/1/277
f 274/1/278 280/1/278 281/1/278
f 281/1/278 282/1/278 274/1/278
f 274/1/279 282/1/279 283/1/279
f 283/1/279 271/1/279 274/1/279
f 275/1/280 271/1/280 283/1/280
f 283/1/281 284/1/281 275/1/281
f 285/1/282 275/1/282 284/1/282
f 284/1/283 286/1/283 285/1/283
f 276/1/284 275/1/284 285/1/284
f 285/1/284 287/1/284 276/1/284
f 288/1/285 279/1/285 276/1/285
f 276/1/285 287/1/285 288/1/285
f 266/1/286 264/1/286 279/1/286
f 279/1/286 288/1/286 266/1/286
f 263/1/287 277/1/287 279/1/287
f 279/1/288 264/1/288 263/1/288
f 263/1/289 262/1/289 278/1/289
f 278/1/289 277/1/289 263/1/289
f 262/1/290 261/1/290 289/1/290
f 289/1/290 278/1/290 262/1/290
f 278/1/291 289/1/291 290/1/291
f 290/1/292 273/1/292 278/1/292
f 280/1/293 274/1/293 273/1/293
f 273/1/293 290/1/293 280/1/293
f 291/1/294 292/1/294 293/1/294
f 293/1/294 294/1/294 291/1/294
f 295/1/295 296/1/295 292/1/295
f 292/1/295 291/1/295 295/1/295
f 292/1/296 297/1/296 298/1/296
f 298/1/297 293/1/297 292/1/297
f 292/1/298 296/1/298 299/1/298
f 299/1/298 297/1/298 292/1/298
f 294/1/299 300/1/299 301/1/299
f 301/1/299 302/1/299 294/1/299
f 294/1/300 302/1/300 303/1/300
f 303/1/300 291/1/300 294/1/300
f 295/1/301 291/1/301 303/1/301
f 303/1/302 304/1/302 295/1/302
f 305/1/303 295/1/303 304/1/303
f 304/1/303 306/1/303 305/1/303
f 296/1/304 295/1/304 305/1/304
f 305/1/305 307/1/305 296/1/305
f 308/1/306 299/1/306 296/1/306
f 296/1/307 307/1/307 308/1/307
f 286/1/308 284/1/308 299/1/308
f 299/1/308 308/1/308 286/1/308
f 283/1/309 297/1/309 299/1/309
f 299/1/309 284/1/309 283/1/309
f 283/1/310 282/1/310 298/1/310
f 298/1/311 297/1/311 283/1/311
f 282/1/312 281/1/312 309/1/312
f 309/1/312 298/1/312 282/1/312
f 298/1/313 309/1/313 310/1/313
f 310/1/314 293/1/314 298/1/314
f 300/1/315 294/1/315 293/1/315
f 293/1/315 310/1/315 300/1/315
f 311/1/316 312/1/316 313/1/316
f 313/1/316 314/1/316 311/1/316
f 315/1/317 316/1/317 312/1/317
f 312/1/317 311/1/317 315/1/317
f 312/1/318 317/1/318 318/1/318
f 318/1/319 313/1/319 312/1/319
f 312/1/320 316/1/320 319/1/320
f 319/1/321 317/1/321 312/1/321
f 314/1/322 320/1/322 321/1/322
f 321/1/322 322/1/322 314/1/322
f 314/1/323 322/1/323 323/1/323
f 323/1/323 311/1/323 314/1/323
f 315/1/324 311/1/324 323/1/324
f 323/1/324 324/1/324 315/1/324
f 325/1/325 315/1/325 324/1/325
f 324/1/325 326/1/325 325/1/325
f 316/1/326 315/1/326 325/1/326
f 325/1/326 327/1/326 316/1/326
f 328/1/327 319/1/327 316/1/327
f 316/1/328 327/1/328 328/1/328
f 306/1/329 304/1/329 319/1/329
f 319/1/329 328/1/329 306/1/329
f 303/1/330 317/1/330 319/1/330
f 319/1/330 304/1/330 303/1/330
f 303/1/331 302/1/331 318/1/331
f 318/1/331 317/1/331 303/1/331
f 302/1/332 301/1/332 329/1/332
f 329/1/333 318/1/333 302/1/333
f 318/1/334 329/1/334 330/1/334
f 330/1/335 313/1/335 318/1/335
f 320/1/336 314/1/336 313/1/336
f 313/1/336 330/1/336 320/1/336
f 331/1/337 332/1/337 333/1/337
f 333/1/338 334/1/338 331/1/338
f 335/1/339 336/1/339 332/1/339
f 332/1/339 331/1/339 335/1/339
f 332/1/340 337/1/340 338/1/340
f 338/1/341 333/1/341 332/1/341
f 332/1/342 336/1/342 339/1/342
f 339/1/342 337/1/342 332/1/342
f 334/1/343 340/1/343 341/1/343
f 341/1/344 342/1/344 334/1/344
f 334/1/345 342/1/345 343/1/345
f 343/1/346 331/1/346 334/1/346
f 335/1/347 331/1/347 343/1/347
f 343/1/347 344/1/347 335/1/347
f 345/1/348 335/1/348 344/1/348
f 344/1/348 346/1/348 345/1/348
f 336/1/349 335/1/349 345/1/349
f 345/1/349 347/1/349 336/1/349
f 348/1/350 339/1/350 336/1/350
f 336/1/350 347/1/350 348/1/350
f 326/1/351 324/1/351 339/1/351
f 339/1/351 348/1/351 326/1/351
f 323/1/352 337/1/352 339/1/352
f 339/1/352 324/1/352 323/1/352
f 323/1/353 322/1/353 338/1/353
f 338/1/353 337/1/353 323/1/353
f 322/1/354 321/1/354 349/1/354
f 349/1/354 338/1/354 322/1/354
f 338/1/355 349/1/355 350/1/355
f 350/1/356 333/1/356 338/1/356
f 340/1/357 334/1/357 333/1/357
f 333/1/358 350/1/358 340/1/358
f 351/1/359 352/1/359 353/1/359
f 353/1/359 354/1/359 351/1/359
f 355/1/25 356/1/25 352/1/25
f 352/1/25 351/1/25 355/1/25
f 352/1/28 357/1/28 358/1/28
f 358/1/28 353/1/28 352/1/28
f 352/1/27 356/1/27 359/1/27
f 359/1/27 357/1/27 352/1/27
f 354/1/32 360/1/32 361/1/32
f 361/1/32 362/1/32 354/1/32
f 354/1/31 362/1/31 363/1/31
f 363/1/31 351/1/31 354/1/31
f 355/1/30 351/1/30 363/1/30
f 363/1/30 364/1/30 355/1/30
f 365/1/360 355/1/360 364/1/360
f 364/1/29 366/1/29 365/1/29
f 356/1/41 355/1/41 365/1/41
f 365/1/41 367/1/41 356/1/41
f 368/1/40 359/1/40 356/1/40
f 356/1/40 367/1/40 368/1/40
f 346/1/39 344/1/39 359/1/39
f 359/1/39 368/1/39 346/1/39
f 343/1/38 357/1/38 359/1/38
f 359/1/38 344/1/38 343/1/38
f 343/1/37 342/1/37 358/1/37
f 358/1/361 357/1/361 343/1/361
f 342/1/36 341/1/36 369/1/36
f 369/1/36 358/1/36 342/1/36
f 358/1/35 369/1/35 370/1/35
f 370/1/35 353/1/35 358/1/35
f 360/1/34 354/1/34 353/1/34
f 353/1/34 370/1/34 360/1/34
f 371/1/43 372/1/43 373/1/43
f 373/1/362 374/1/362 371/1/362
f 375/1/42 376/1/42 372/1/42
f 372/1/42 371/1/42 375/1/42
f 372/1/363 377/1/363 378/1/363
f 378/1/364 373/1/364 372/1/364
f 372/1/365 376/1/365 379/1/365
f 379/1/365 377/1/365 372/1/365
f 374/1/52 380/1/52 381/1/52
f 381/1/52 382/1/52 374/1/52
f 374/1/366 382/1/366 383/1/366
f 383/1/367 371/1/367 374/1/367
f 375/1/368 371/1/368 383/1/368
f 383/1/49 384/1/49 375/1/49
f 385/1/47 375/1/47 384/1/47
f 384/1/47 386/1/47 385/1/47
f 376/1/60 375/1/60 385/1/60
f 385/1/60 387/1/60 376/1/60
f 388/1/59 379/1/59 376/1/59
f 376/1/59 387/1/59 388/1/59
f 366/1/369 364/1/369 379/1/369
f 379/1/369 388/1/369 366/1/369
f 363/1/370 377/1/370 379/1/370
f 379/1/57 364/1/57 363/1/57
f 363/1/56 362/1/56 378/1/56
f 378/1/371 377/1/371 363/1/371
f 362/1/372 361/1/372 389/1/372
f 389/1/55 378/1/55 362/1/55
f 378/1/54 389/1/54 390/1/54
f 390/1/373 373/1/373 378/1/373
f 380/1/53 374/1/53 373/1/53
f 373/1/53 390/1/53 380/1/53
f 391/1/64 392/1/64 393/1/64
f 393/1/64 394/1/64 391/1/64
f 395/1/374 396/1/374 392/1/374
f 392/1/375 391/1/375 395/1/375
f 392/1/67 397/1/67 398/1/67
f 398/1/376 393/1/376 392/1/376
f 392/1/377 396/1/377 399/1/377
f 399/1/378 397/1/378 392/1/378
f 394/1/72 400/1/72 401/1/72
f 401/1/72 402/1/72 394/1/72
f 394/1/379 402/1/379 403/1/379
f 403/1/71 391/1/71 394/1/71
f 395/1/380 391/1/380 403/1/380
f 403/1/70 404/1/70 395/1/70
f 405/1/68 395/1/68 404/1/68
f 404/1/68 406/1/68 405/1/68
f 396/1/84 395/1/84 405/1/84
f 405/1/381 407/1/381 396/1/381
f 408/1/83 399/1/83 396/1/83
f 396/1/83 407/1/83 408/1/83
f 386/1/82 384/1/82 399/1/82
f 399/1/82 408/1/82 386/1/82
f 383/1/81 397/1/81 399/1/81
f 399/1/81 384/1/81 383/1/81
f 383/1/382 382/1/382 398/1/382
f 398/1/382 397/1/382 383/1/382
f 382/1/78 381/1/78 409/1/78
f 409/1/78 398/1/78 382/1/78
f 398/1/76 409/1/76 410/1/76
f 410/1/383 393/1/383 398/1/383
f 400/1/384 394/1/384 393/1/384
f 393/1/384 410/1/384 400/1/384
f 411/1/87 412/1/87 413/1/87
f 413/1/87 414/1/87 411/1/87
f 415/1/85 416/1/85 412/1/85
f 412/1/85 411/1/85 415/1/85
f 412/1/90 417/1/90 418/1/90
f 418/1/90 413/1/90 412/1/90
f 412/1/89 416/1/89 419/1/89
f 419/1/89 417/1/89 412/1/89
f 414/1/385 420/1/385 421/1/385
f 421/1/95 422/1/95 414/1/95
f 414/1/93 422/1/93 423/1/93
f 423/1/386 411/1/386 414/1/386
f 415/1/92 411/1/92 423/1/92
f 423/1/92 424/1/92 415/1/92
f 425/1/91 415/1/91 424/1/91
f 424/1/91 426/1/91 425/1/91
f 416/1/107 415/1/107 425/1/107
f 425/1/107 427/1/107 416/1/107
f 428/1/105 419/1/105 416/1/105
f 416/1/105 427/1/105 428/1/105
f 406/1/104 404/1/104 419/1/104
f 419/1/104 428/1/104 406/1/104
f 403/1/387 417/1/387 419/1/387
f 419/1/388 404/1/388 403/1/388
f 403/1/102 402/1/102 418/1/102
f 418/1/101 417/1/101 403/1/101
f 402/1/389 401/1/389 429/1/389
f 429/1/389 418/1/389 402/1/389
f 418/1/98 429/1/98 430/1/98
f 430/1/98 413/1/98 418/1/98
f 420/1/390 414/1/390 413/1/390
f 413/1/390 430/1/390 420/1/390
f 431/1/391 432/1/391 433/1/391
f 433/1/110 434/1/110 431/1/110
f 435/1/392 436/1/392 432/1/392
f 432/1/109 431/1/109 435/1/109
f 432/1/112 437/1/112 438/1/112
f 438/1/112 433/1/112 432/1/112
f 432/1/393 436/1/393 439/1/393
f 439/1/111 437/1/111 432/1/111
f 434/1/117 440/1/117 441/1/117
f 441/1/117 442/1/117 434/1/117
f 434/1/116 442/1/116 443/1/116
f 443/1/116 431/1/116 434/1/116
f 435/1/115 431/1/115 443/1/115
f 443/1/115 444/1/115 435/1/115
f 445/1/114 435/1/114 444/1/114
f 444/1/114 446/1/114 445/1/114
f 436/1/127 435/1/127 445/1/127
f 445/1/127 447/1/127 436/1/127
f 448/1/126 439/1/126 436/1/126
f 436/1/126 447/1/126 448/1/126
f 426/1/125 424/1/125 439/1/125
f 439/1/125 448/1/125 426/1/125
f 423/1/124 437/1/124 439/1/124
f 439/1/124 424/1/124 423/1/124
f 423/1/123 422/1/123 438/1/123
f 438/1/123 437/1/123 423/1/123
f 422/1/394 421/1/394 449/1/394
f 449/1/394 438/1/394 422/1/394
f 438/1/120 449/1/120 450/1/120
f 450/1/120 433/1/120 438/1/120
f 440/1/118 434/1/118 433/1/118
f 433/1/118 450/1/118 440/1/118
f 451/1/130 452/1/130 453/1/130
f 453/1/130 454/1/130 451/1/130
f 455/1/129 456/1/129 452/1/129
f 452/1/129 451/1/129 455/1/129
f 452/1/132 457/1/132 458/1/132
f 458/1/132 453/1/132 452/1/132
f 452/1/131 456/1/131 459/1/131
f 459/1/131 457/1/131 452/1/131
f 454/1/137 460/1/137 461/1/137
f 461/1/395 462/1/395 454/1/395
f 454/1/136 462/1/136 463/1/136
f 463/1/136 451/1/136 454/1/136
f 455/1/396 451/1/396 463/1/396
f 463/1/135 464/1/135 455/1/135
f 465/1/134 455/1/134 464/1/134
f 464/1/134 466/1/134 465/1/134
f 456/1/147 455/1/147 465/1/147
f 465/1/147 467/1/147 456/1/147
f 468/1/146 459/1/146 456/1/146
f 456/1/146 467/1/146 468/1/146
f 446/1/145 444/1/145 459/1/145
f 459/1/145 468/1/145 446/1/145
f 443/1/397 457/1/397 459/1/397
f 459/1/143 444/1/143 443/1/143
f 443/1/142 442/1/142 458/1/142
f 458/1/142 457/1/142 443/1/142
f 442/1/140 441/1/398 469/1/398
f 469/1/398 458/1/398 442/1/398
f 458/1/399 469/1/399 470/1/399
f 470/1/399 453/1/399 458/1/399
f 460/1/138 454/1/138 453/1/138
f 453/1/138 470/1/138 460/1/138
f 471/1/150 472/1/150 473/1/150
f 473/1/150 474/1/150 471/1/150
f 475/1/148 476/1/148 472/1/148
f 472/1/148 471/1/148 475/1/148
f 472/1/152 477/1/152 478/1/152
f 478/1/152 473/1/152 472/1/152
f 472/1/151 476/1/151 479/1/151
f 479/1/151 477/1/151 472/1/151
f 474/1/158 480/1/158 481/1/158
f 481/1/158 482/1/158 474/1/158
f 474/1/157 482/1/157 483/1/157
f 483/1/400 471/1/400 474/1/400
f 475/1/155 471/1/155 483/1/155
f 483/1/155 484/1/155 475/1/155
f 485/1/154 475/1/154 484/1/154
f 484/1/154 486/1/154 485/1/154
f 476/1/401 475/1/401 485/1/401
f 485/1/171 487/1/171 476/1/171
f 488/1/169 479/1/169 476/1/169
f 476/1/170 487/1/170 488/1/170
f 466/1/168 464/1/168 479/1/168
f 479/1/168 488/1/168 466/1/168
f 463/1/167 477/1/167 479/1/167
f 479/1/167 464/1/167 463/1/167
f 463/1/164 462/1/164 478/1/164
f 478/1/164 477/1/164 463/1/164
f 462/1/402 461/1/402 489/1/402
f 489/1/402 478/1/402 462/1/402
f 478/1/403 489/1/403 490/1/403
f 490/1/403 473/1/403 478/1/403
f 480/1/159 474/1/159 473/1/159
f 473/1/159 490/1/159 480/1/159
f 491/1/404 492/1/404 493/1/404
f 493/1/405 494/1/405 491/1/405
f 495/1/172 496/1/172 492/1/172
f 492/1/172 491/1/172 495/1/172
f 492/1/176 497/1/176 498/1/176
f 498/1/176 493/1/176 492/1/176
f 492/1/175 496/1/175 499/1/175
f 499/1/406 497/1/406 492/1/406
f 494/1/181 500/1/181 501/1/181
f 501/1/181 502/1/181 494/1/181
f 494/1/407 502/1/407 503/1/407
f 503/1/408 491/1/408 494/1/408
f 495/1/178 491/1/178 503/1/178
f 503/1/178 504/1/178 495/1/178
f 505/1/177 495/1/177 504/1/177
f 504/1/409 506/1/409 505/1/409
f 496/1/191 495/1/191 505/1/191
f 505/1/191 507/1/191 496/1/191
f 508/1/190 499/1/190 496/1/190
f 496/1/190 507/1/190 508/1/190
f 486/1/189 484/1/189 499/1/189
f 499/1/410 508/1/410 486/1/410
f 483/1/411 497/1/411 499/1/411
f 499/1/187 484/1/187 483/1/187
f 483/1/186 482/1/186 498/1/186
f 498/1/186 497/1/186 483/1/186
f 482/1/185 481/1/185 509/1/185
f 509/1/185 498/1/185 482/1/185
f 498/1/412 509/1/412 510/1/412
f 510/1/412 493/1/412 498/1/412
f 500/1/182 494/1/182 493/1/182
f 493/1/182 510/1/182 500/1/182
f 511/1/194 512/1/194 513/1/194
f 513/1/194 514/1/194 511/1/194
f 515/1/192 516/1/192 512/1/192
f 512/1/192 511/1/192 515/1/192
f 512/1/413 517/1/413 518/1/413
f 518/1/196 513/1/196 512/1/196
f 512/1/195 516/1/195 519/1/195
f 519/1/195 517/1/195 512/1/195
f 514/1/201 520/1/201 521/1/201
f 521/1/201 522/1/201 514/1/201
f 514/1/200 522/1/200 523/1/200
f 523/1/200 511/1/200 514/1/200
f 515/1/199 511/1/199 523/1/199
f 523/1/198 524/1/198 515/1/198
f 525/1/197 515/1/197 524/1/197
f 524/1/197 526/1/197 525/1/197
f 516/1/211 515/1/211 525/1/211
f 525/1/211 527/1/211 516/1/211
f 528/1/210 519/1/210 516/1/210
f 516/1/210 527/1/210 528/1/210
f 506/1/414 504/1/414 519/1/414
f 519/1/209 528/1/209 506/1/209
f 503/1/208 517/1/208 519/1/208
f 519/1/208 504/1/208 503/1/208
f 503/1/415 502/1/415 518/1/415
f 518/1/207 517/1/207 503/1/207
f 502/1/205 501/1/205 529/1/205
f 529/1/205 518/1/205 502/1/205
f 518/1/416 529/1/416 530/1/416
f 530/1/416 513/1/416 518/1/416
f 520/1/203 514/1/203 513/1/203
f 513/1/417 530/1/417 520/1/417
f 531/1/418 532/1/418 533/1/418
f 533/1/214 534/1/214 531/1/214
f 535/1/212 536/1/212 532/1/212
f 532/1/212 531/1/212 535/1/212
f 532/1/419 537/1/419 538/1/419
f 538/1/419 533/1/419 532/1/419
f 532/1/215 536/1/215 539/1/215
f 539/1/215 537/1/215 532/1/215
f 534/1/420 540/1/420 541/1/420
f 541/1/421 542/1/421 534/1/421
f 534/1/219 542/1/219 543/1/219
f 543/1/219 531/1/219 534/1/219
f 535/1/218 531/1/218 543/1/218
f 543/1/218 544/1/218 535/1/218
f 545/1/217 535/1/217 544/1/217
f 544/1/217 546/1/217 545/1/217
f 536/1/422 535/1/231 545/1/422
f 545/1/231 547/1/231 536/1/231
f 548/1/423 539/1/423 536/1/423
f 536/1/230 547/1/230 548/1/230
f 526/1/228 524/1/228 539/1/228
f 539/1/424 548/1/424 526/1/424
f 523/1/227 537/1/227 539/1/227
f 539/1/227 524/1/227 523/1/227
f 523/1/225 522/1/225 538/1/225
f 538/1/425 537/1/425 523/1/425
f 522/1/224 521/1/224 549/1/224
f 549/1/224 538/1/224 522/1/224
f 538/1/223 549/1/223 550/1/223
f 550/1/223 533/1/223 538/1/223
f 540/1/222 534/1/222 533/1/222
f 533/1/222 550/1/222 540/1/222
f 551/1/234 552/1/234 553/1/234
f 553/1/234 554/1/234 551/1/234
f 555/1/233 556/1/233 552/1/233
f 552/1/233 551/1/233 555/1/233
f 552/1/238 557/1/238 558/1/238
f 558/1/238 553/1/238 552/1/238
f 552/1/236 556/1/236 559/1/236
f 559/1/236 557/1/236 552/1/236
f 554/1/243 560/1/243 561/1/243
f 561/1/243 562/1/243 554/1/243
f 554/1/241 562/1/241 563/1/241
f 563/1/241 551/1/241 554/1/241
f 555/1/426 551/1/426 563/1/426
f 563/1/240 564/1/240 555/1/240
f 565/1/427 555/1/427 564/1/427
f 564/1/428 566/1/428 565/1/428
f 556/1/252 555/1/252 565/1/252
f 565/1/429 567/1/429 556/1/429
f 568/1/250 559/1/250 556/1/250
f 556/1/250 567/1/250 568/1/250
f 546/1/249 544/1/249 559/1/249
f 559/1/249 568/1/249 546/1/249
f 543/1/248 557/1/248 559/1/248
f 559/1/248 544/1/248 543/1/248
f 543/1/247 542/1/247 558/1/247
f 558/1/247 557/1/247 543/1/247
f 542/1/430 541/1/430 569/1/430
f 569/1/246 558/1/246 542/1/246
f 558/1/245 569/1/245 570/1/245
f 570/1/245 553/1/245 558/1/245
f 560/1/431 554/1/431 553/1/431
f 553/1/432 570/1/432 560/1/432
f 571/1/433 572/1/433 573/1/433
f 573/1/255 574/1/255 571/1/255
f 575/1/254 576/1/254 572/1/254
f 572/1/254 571/1/254 575/1/254
f 572/1/434 577/1/434 578/1/434
f 578/1/435 573/1/435 572/1/435
f 572/1/436 576/1/436 579/1/436
f 579/1/256 577/1/256 572/1/256
f 574/1/437 580/1/437 581/1/437
f 581/1/262 582/1/262 574/1/262
f 574/1/261 582/1/261 583/1/261
f 583/1/261 571/1/261 574/1/261
f 575/1/260 571/1/260 583/1/260
f 583/1/260 584/1/260 575/1/260
f 585/1/438 575/1/438 584/1/438
f 584/1/438 586/1/438 585/1/438
f 576/1/271 575/1/271 585/1/271
f 585/1/271 587/1/271 576/1/271
f 588/1/270 579/1/270 576/1/270
f 576/1/270 587/1/270 588/1/270
f 566/1/269 564/1/269 579/1/269
f 579/1/269 588/1/269 566/1/269
f 563/1/268 577/1/268 579/1/268
f 579/1/268 564/1/268 563/1/268
f 563/1/267 562/1/267 578/1/267
f 578/1/267 577/1/267 563/1/267
f 562/1/266 561/1/266 589/1/266
f 589/1/266 578/1/266 562/1/266
f 578/1/265 589/1/265 590/1/265
f 590/1/265 573/1/265 578/1/265
f 580/1/439 574/1/439 573/1/439
f 573/1/439 590/1/439 580/1/439
f 591/1/275 592/1/275 593/1/275
f 593/1/275 594/1/275 591/1/275
f 595/1/273 596/1/273 592/1/273
f 592/1/273 591/1/273 595/1/273
f 592/1/277 597/1/277 598/1/277
f 598/1/277 593/1/277 592/1/277
f 592/1/276 596/1/276 599/1/276
f 599/1/276 597/1/276 592/1/276
f 594/1/440 600/1/440 601/1/440
f 601/1/441 602/1/441 594/1/441
f 594/1/442 602/1/442 603/1/442
f 603/1/443 591/1/443 594/1/443
f 595/1/279 591/1/279 603/1/279
f 603/1/279 604/1/279 595/1/279
f 605/1/278 595/1/278 604/1/278
f 604/1/278 606/1/278 605/1/278
f 596/1/293 595/1/293 605/1/293
f 605/1/293 607/1/293 596/1/293
f 608/1/444 599/1/444 596/1/444
f 596/1/444 607/1/444 608/1/444
f 586/1/290 584/1/290 599/1/290
f 599/1/290 608/1/290 586/1/290
f 583/1/289 597/1/289 599/1/289
f 599/1/289 584/1/289 583/1/289
f 583/1/445 582/1/445 598/1/445
f 598/1/446 597/1/446 583/1/446
f 582/1/286 581/1/286 609/1/286
f 609/1/286 598/1/286 582/1/286
f 598/1/285 609/1/285 610/1/285
f 610/1/285 593/1/285 598/1/285
f 600/1/284 594/1/284 593/1/284
f 593/1/284 610/1/284 600/1/284
f 611/1/295 612/1/295 613/1/295
f 613/1/447 614/1/447 611/1/447
f 615/1/294 616/1/294 612/1/294
f 612/1/294 611/1/294 615/1/294
f 612/1/298 617/1/298 618/1/298
f 618/1/298 613/1/298 612/1/298
f 612/1/296 616/1/296 619/1/296
f 619/1/296 617/1/296 612/1/296
f 614/1/448 620/1/448 621/1/448
f 621/1/303 622/1/303 614/1/303
f 614/1/449 622/1/449 623/1/449
f 623/1/449 611/1/449 614/1/449
f 615/1/300 611/1/300 623/1/300
f 623/1/300 624/1/300 615/1/300
f 625/1/299 615/1/299 624/1/299
f 624/1/299 626/1/299 625/1/299
f 616/1/315 615/1/315 625/1/315
f 625/1/315 627/1/315 616/1/315
f 628/1/313 619/1/313 616/1/313
f 616/1/313 627/1/313 628/1/313
f 606/1/312 604/1/312 619/1/312
f 619/1/312 628/1/312 606/1/312
f 603/1/450 617/1/450 619/1/450
f 619/1/310 604/1/310 603/1/310
f 603/1/309 602/1/309 618/1/309
f 618/1/451 617/1/451 603/1/451
f 602/1/452 601/1/452 629/1/452
f 629/1/308 618/1/308 602/1/308
f 618/1/453 629/1/453 630/1/453
f 630/1/454 613/1/454 618/1/454
f 620/1/455 614/1/455 613/1/455
f 613/1/456 630/1/456 620/1/456
f 631/1/457 632/1/457 633/1/457
f 633/1/458 634/1/458 631/1/458
f 635/1/316 636/1/316 632/1/316
f 632/1/316 631/1/316 635/1/316
f 632/1/459 637/1/459 638/1/459
f 638/1/320 633/1/320 632/1/320
f 632/1/319 636/1/319 639/1/319
f 639/1/318 637/1/318 632/1/318
f 634/1/325 640/1/325 641/1/325
f 641/1/325 642/1/325 634/1/325
f 634/1/324 642/1/324 643/1/324
f 643/1/324 631/1/324 634/1/324
f 635/1/323 631/1/323 643/1/323
f 643/1/323 644/1/323 635/1/323
f 645/1/322 635/1/322 644/1/322
f 644/1/322 646/1/322 645/1/322
f 636/1/336 635/1/336 645/1/336
f 645/1/336 647/1/336 636/1/336
f 648/1/460 639/1/460 636/1/460
f 636/1/461 647/1/461 648/1/461
f 626/1/333 624/1/333 639/1/333
f 639/1/333 648/1/333 626/1/333
f 623/1/462 637/1/462 639/1/462
f 639/1/463 624/1/463 623/1/463
f 623/1/464 622/1/464 638/1/464
f 638/1/465 637/1/465 623/1/465
f 622/1/329 621/1/329 649/1/329
f 649/1/329 638/1/329 622/1/329
f 638/1/466 649/1/466 650/1/466
f 650/1/327 633/1/327 638/1/327
f 640/1/326 634/1/326 633/1/326
f 633/1/326 650/1/326 640/1/326
f 651/1/339 652/1/339 653/1/339
f 653/1/467 654/1/467 651/1/467
f 655/1/337 656/1/337 652/1/337
f 652/1/337 651/1/337 655/1/337
f 652/1/342 657/1/342 658/1/342
f 658/1/342 653/1/342 652/1/342
f 652/1/340 656/1/340 659/1/340
f 659/1/340 657/1/340 652/1/340
f 654/1/348 660/1/348 49/1/348
f 49/1/468 47/1/468 654/1/468
f 651/1/347 654/1/347 47/1/347
f 47/1/347 46/1/347 651/1/347
f 651/1/345 46/1/345 44/1/345
f 44/1/469 655/1/469 651/1/469
f 44/1/470 45/1/470 661/1/470
f 661/1/471 655/1/471 44/1/471
f 656/1/357 655/1/357 661/1/357
f 661/1/357 662/1/357 656/1/357
f 663/1/355 659/1/355 656/1/355
f 656/1/472 662/1/472 663/1/472
f 646/1/354 644/1/354 659/1/354
f 659/1/354 663/1/354 646/1/354
f 643/1/353 657/1/353 659/1/353
f 659/1/353 644/1/353 643/1/353
f 643/1/352 642/1/352 658/1/352
f 658/1/352 657/1/352 643/1/352
f 642/1/351 641/1/351 664/1/351
f 664/1/473 658/1/473 642/1/473
f 658/1/350 664/1/350 665/1/350
f 665/1/350 653/1/350 658/1/350
f 660/1/474 654/1/474 653/1/474
f 653/1/349 665/1/349 660/1/349
f 666/1/475 667/1/475 668/1/475
f 668/1/475 669/1/475 666/1/475
f 670/1/476 671/1/476 667/1/476
f 667/1/477 666/1/477 670/1/477
f 667/1/478 672/1/478 673/1/478
f 673/1/478 668/1/478 667/1/478
f 667/1/479 671/1/479 674/1/479
f 674/1/479 672/1/479 667/1/479
f 675/1/480 669/1/480 676/1/480
f 676/1/481 677/1/481 675/1/481
f 678/1/482 666/1/482 669/1/482
f 669/1/482 675/1/482 678/1/482
f 666/1/483 678/1/483 679/1/483
f 679/1/483 670/1/483 666/1/483
f 10/1/484 670/1/484 679/1/484
f 679/1/485 11/1/485 10/1/485
f 10/1/486 25/1/486 671/1/486
f 671/1/486 670/1/486 10/1/486
f 24/1/487 674/1/487 671/1/487
f 671/1/488 25/1/488 24/1/488
f 674/1/489 24/1/489 23/1/489
f 23/1/489 680/1/489 674/1/489
f 680/1/490 681/1/490 672/1/490
f 672/1/490 674/1/490 680/1/490
f 672/1/491 681/1/491 682/1/491
f 682/1/491 673/1/491 672/1/491
f 682/1/492 683/1/492 684/1/492
f 684/1/493 673/1/493 682/1/493
f 673/1/494 684/1/494 685/1/494
f 685/1/495 668/1/495 673/1/495
f 669/1/496 668/1/496 685/1/496
f 685/1/496 676/1/496 669/1/496
f 686/1/497 687/1/497 688/1/497
f 688/1/497 689/1/497 686/1/497
f 690/1/498 691/1/498 687/1/498
f 687/1/498 686/1/498 690/1/498
f 687/1/499 692/1/499 693/1/499
f 693/1/499 688/1/499 687/1/499
f 687/1/500 691/1/500 694/1/500
f 694/1/501 692/1/501 687/1/501
f 695/1/502 696/1/502 697/1/502
f 697/1/502 689/1/502 695/1/502
f 697/1/503 698/1/503 686/1/503
f 686/1/504 689/1/504 697/1/504
f 686/1/505 698/1/505 699/1/505
f 699/1/506 690/1/506 686/1/506
f 676/1/507 690/1/507 699/1/507
f 699/1/507 677/1/507 676/1/507
f 690/1/508 676/1/508 685/1/508
f 685/1/508 691/1/508 690/1/508
f 684/1/509 694/1/509 691/1/509
f 691/1/510 685/1/510 684/1/510
f 694/1/511 684/1/511 683/1/511
f 683/1/511 700/1/511 694/1/511
f 700/1/512 701/1/512 692/1/512
f 692/1/512 694/1/512 700/1/512
f 702/1/513 693/1/513 692/1/513
f 692/1/514 701/1/514 702/1/514
f 702/1/515 703/1/515 704/1/515
f 704/1/516 693/1/516 702/1/516
f 688/1/517 693/1/517 704/1/517
f 704/1/517 705/1/517 688/1/517
f 705/1/518 695/1/518 689/1/518
f 689/1/518 688/1/518 705/1/518
f 706/1/519 707/1/519 708/1/519
f 708/1/520 709/1/520 706/1/520
f 710/1/521 711/1/521 707/1/521
f 707/1/521 706/1/521 710/1/521
f 707/1/522 712/1/522 713/1/522
f 713/1/522 708/1/522 707/1/522
f 707/1/523 711/1/523 714/1/523
f 714/1/524 712/1/524 707/1/523
f 715/1/525 716/1/525 717/1/525
f 717/1/526 709/1/526 715/1/526
f 706/1/527 709/1/527 717/1/527
f 717/1/528 718/1/528 706/1/528
f 706/1/529 718/1/529 719/1/529
f 719/1/530 710/1/530 706/1/530
f 695/1/531 710/1/531 719/1/531
f 719/1/532 696/1/532 695/1/532
f 710/1/533 695/1/533 705/1/533
f 705/1/533 711/1/533 710/1/533
f 704/1/534 714/1/534 711/1/534
f 711/1/534 705/1/534 704/1/534
f 714/1/535 704/1/535 703/1/535
f 703/1/535 720/1/535 714/1/535
f 720/1/536 721/1/536 712/1/536
f 712/1/536 714/1/536 720/1/536
f 721/1/537 722/1/537 713/1/537
f 713/1/537 712/1/537 721/1/537
f 722/1/538 723/1/538 724/1/538
f 724/1/539 713/1/539 722/1/539
f 713/1/540 724/1/540 725/1/540
f 725/1/540 708/1/540 713/1/540
f 708/1/541 725/1/541 715/1/541
f 715/1/542 709/1/542 708/1/542
f 726/1/543 727/1/543 728/1/543
f 728/1/544 729/1/544 726/1/544
f 730/1/545 731/1/545 727/1/545
f 727/1/545 726/1/545 730/1/545
f 727/1/546 732/1/546 733/1/546
f 733/1/547 728/1/547 727/1/547
f 727/1/548 731/1/548 734/1/548
f 734/1/549 732/1/549 727/1/549
f 735/1/550 736/1/550 737/1/550
f 737/1/550 729/1/550 735/1/550
f 726/1/551 729/1/551 737/1/551
f 737/1/551 738/1/551 726/1/551
f 726/1/552 738/1/552 739/1/552
f 739/1/552 730/1/552 726/1/552
f 715/1/553 730/1/553 739/1/553
f 739/1/553 716/1/553 715/1/553
f 730/1/554 715/1/554 725/1/554
f 725/1/554 731/1/554 730/1/554
f 731/1/555 725/1/555 724/1/555
f 724/1/555 734/1/555 731/1/555
f 734/1/556 724/1/556 723/1/556
f 723/1/556 740/1/556 734/1/556
f 740/1/557 741/1/557 732/1/557
f 732/1/557 734/1/557 740/1/557
f 741/1/558 742/1/558 733/1/558
f 733/1/559 732/1/559 741/1/559
f 742/1/560 743/1/560 744/1/560
f 744/1/560 733/1/560 742/1/560
f 728/1/561 733/1/561 744/1/561
f 744/1/562 745/1/562 728/1/562
f 728/1/563 745/1/563 735/1/563
f 735/1/564 729/1/564 728/1/564
f 746/1/565 747/1/565 748/1/565
f 748/1/565 749/1/565 746/1/565
f 750/1/566 751/1/566 747/1/566
f 747/1/567 746/1/567 750/1/567
f 747/1/568 752/1/568 753/1/568
f 753/1/569 748/1/569 747/1/569
f 747/1/570 751/1/570 754/1/570
f 754/1/570 752/1/570 747/1/570
f 755/1/571 756/1/571 757/1/571
f 757/1/572 749/1/572 755/1/572
f 746/1/573 749/1/573 757/1/573
f 757/1/573 758/1/573 746/1/573
f 746/1/574 758/1/574 759/1/574
f 759/1/575 750/1/575 746/1/575
f 735/1/576 750/1/576 759/1/576
f 759/1/576 736/1/576 735/1/576
f 750/1/577 735/1/577 745/1/577
f 745/1/577 751/1/577 750/1/577
f 744/1/578 754/1/578 751/1/578
f 751/1/578 745/1/578 744/1/578
f 754/1/579 744/1/579 743/1/579
f 743/1/580 760/1/580 754/1/580
f 760/1/581 761/1/581 752/1/581
f 752/1/582 754/1/582 760/1/582
f 761/1/583 762/1/583 753/1/583
f 753/1/583 752/1/583 761/1/583
f 762/1/584 763/1/584 764/1/584
f 764/1/584 753/1/584 762/1/584
f 748/1/585 753/1/585 764/1/585
f 764/1/585 765/1/585 748/1/585
f 748/1/586 765/1/586 755/1/586
f 755/1/586 749/1/586 748/1/586
f 766/1/587 767/1/587 768/1/587
f 768/1/587 769/1/587 766/1/587
f 770/1/588 771/1/588 767/1/588
f 767/1/588 766/1/588 770/1/588
f 767/1/589 772/1/589 773/1/589
f 773/1/590 768/1/590 767/1/590
f 767/1/591 771/1/591 774/1/591
f 774/1/591 772/1/591 767/1/591
f 775/1/592 776/1/592 777/1/592
f 777/1/592 769/1/592 775/1/592
f 766/1/593 769/1/593 777/1/593
f 777/1/593 778/1/593 766/1/593
f 766/1/594 778/1/594 779/1/594
f 779/1/594 770/1/594 766/1/594
f 755/1/595 770/1/595 779/1/595
f 779/1/596 756/1/596 755/1/596
f 770/1/597 755/1/597 765/1/597
f 765/1/597 771/1/597 770/1/597
f 764/1/598 774/1/598 771/1/598
f 771/1/598 765/1/598 764/1/598
f 774/1/599 764/1/599 763/1/599
f 763/1/599 780/1/599 774/1/599
f 780/1/600 781/1/600 772/1/600
f 772/1/601 774/1/601 780/1/601
f 781/1/602 782/1/602 773/1/602
f 773/1/603 772/1/603 781/1/603
f 782/1/604 783/1/604 784/1/604
f 784/1/605 773/1/605 782/1/605
f 768/1/606 773/1/606 784/1/606
f 784/1/607 785/1/607 768/1/607
f 768/1/608 785/1/608 775/1/608
f 775/1/609 769/1/609 768/1/609
f 786/1/610 787/1/610 788/1/610
f 788/1/610 789/1/610 786/1/610
f 790/1/611 791/1/611 787/1/611
f 787/1/611 786/1/611 790/1/611
f 787/1/612 792/1/612 793/1/612
f 793/1/613 788/1/613 787/1/613
f 787/1/614 791/1/614 794/1/614
f 794/1/614 792/1/614 787/1/614
f 795/1/615 796/1/615 797/1/615
f 797/1/615 789/1/615 795/1/615
f 786/1/616 789/1/616 797/1/616
f 797/1/616 798/1/616 786/1/616
f 786/1/617 798/1/617 799/1/617
f 799/1/617 790/1/617 786/1/617
f 775/1/618 790/1/618 799/1/618
f 799/1/618 776/1/618 775/1/618
f 790/1/619 775/1/619 785/1/619
f 785/1/619 791/1/619 790/1/619
f 784/1/620 794/1/620 791/1/620
f 791/1/620 785/1/620 784/1/620
f 794/1/621 784/1/621 783/1/621
f 783/1/622 800/1/622 794/1/622
f 800/1/623 801/1/623 792/1/623
f 792/1/623 794/1/623 800/1/623
f 801/1/624 802/1/624 793/1/624
f 793/1/624 792/1/624 801/1/624
f 802/1/625 803/1/625 804/1/625
f 804/1/626 793/1/626 802/1/626
f 788/1/627 793/1/627 804/1/627
f 804/1/627 805/1/627 788/1/627
f 788/1/628 805/1/628 795/1/628
f 795/1/629 789/1/629 788/1/629
f 806/1/630 807/1/630 808/1/630
f 808/1/630 809/1/630 806/1/630
f 810/1/631 811/1/631 807/1/631
f 807/1/632 806/1/632 810/1/632
f 807/1/633 812/1/633 813/1/633
f 813/1/633 808/1/633 807/1/633
f 807/1/634 811/1/634 814/1/634
f 814/1/635 812/1/635 807/1/635
f 815/1/636 816/1/636 817/1/636
f 817/1/637 809/1/637 815/1/637
f 806/1/638 809/1/638 817/1/638
f 817/1/638 818/1/638 806/1/638
f 806/1/639 818/1/639 819/1/639
f 819/1/639 810/1/639 806/1/639
f 795/1/640 810/1/640 819/1/640
f 819/1/640 796/1/640 795/1/640
f 810/1/641 795/1/641 805/1/641
f 805/1/642 811/1/642 810/1/642
f 804/1/643 814/1/643 811/1/643
f 811/1/643 805/1/643 804/1/643
f 820/1/644 814/1/644 804/1/644
f 804/1/645 803/1/645 820/1/645
f 820/1/646 821/1/646 812/1/646
f 812/1/646 814/1/646 820/1/646
f 821/1/647 822/1/647 813/1/648
f 813/1/649 812/1/649 821/1/649
f 822/1/650 823/1/650 824/1/650
f 824/1/650 813/1/650 822/1/650
f 808/1/651 813/1/651 824/1/651
f 824/1/652 825/1/652 808/1/652
f 808/1/653 825/1/653 815/1/653
f 815/1/653 809/1/653 808/1/653
f 826/1/654 827/1/654 828/1/654
f 828/1/655 829/1/655 826/1/655
f 830/1/656 831/1/656 827/1/656
f 827/1/657 826/1/657 830/1/657
f 827/1/658 832/1/658 833/1/658
f 833/1/658 828/1/658 827/1/658
f 827/1/659 831/1/659 834/1/659
f 834/1/660 832/1/660 827/1/660
f 835/1/661 836/1/661 837/1/661
f 837/1/662 829/1/662 835/1/662
f 826/1/663 829/1/663 837/1/663
f 837/1/663 838/1/663 826/1/663
f 826/1/664 838/1/664 839/1/664
f 839/1/664 830/1/664 826/1/664
f 815/1/665 830/1/665 839/1/665
f 839/1/666 816/1/666 815/1/666
f 830/1/667 815/1/667 825/1/667
f 825/1/667 831/1/667 830/1/667
f 824/1/668 834/1/668 831/1/668
f 831/1/668 825/1/668 824/1/668
f 834/1/669 824/1/669 823/1/669
f 823/1/670 840/1/670 834/1/670
f 840/1/671 841/1/671 832/1/671
f 832/1/671 834/1/671 840/1/671
f 841/1/672 842/1/672 833/1/672
f 833/1/672 832/1/672 841/1/672
f 842/1/673 843/1/673 844/1/673
f 844/1/673 833/1/673 842/1/673
f 828/1/674 833/1/674 844/1/674
f 844/1/675 845/1/675 828/1/675
f 828/1/676 845/1/676 835/1/676
f 835/1/676 829/1/676 828/1/676
f 846/1/677 847/1/677 848/1/677
f 848/1/677 849/1/677 846/1/677
f 850/1/678 851/1/678 847/1/678
f 847/1/678 846/1/678 850/1/678
f 847/1/679 852/1/679 853/1/679
f 853/1/679 848/1/679 847/1/679
f 847/1/680 851/1/680 854/1/680
f 854/1/680 852/1/680 847/1/680
f 855/1/681 856/1/681 857/1/681
f 857/1/681 849/1/681 855/1/681
f 846/1/682 849/1/682 857/1/682
f 857/1/683 858/1/683 846/1/683
f 846/1/684 858/1/684 859/1/684
f 859/1/685 850/1/685 846/1/685
f 835/1/686 850/1/686 859/1/686
f 859/1/686 836/1/686 835/1/686
f 850/1/687 835/1/687 845/1/687
f 845/1/688 851/1/688 850/1/688
f 844/1/689 854/1/689 851/1/689
f 851/1/689 845/1/689 844/1/689
f 854/1/690 844/1/690 843/1/690
f 843/1/691 860/1/691 854/1/691
f 860/1/692 861/1/692 852/1/692
f 852/1/692 854/1/692 860/1/692
f 861/1/693 862/1/693 853/1/693
f 853/1/693 852/1/693 861/1/693
f 862/1/694 863/1/694 864/1/694
f 864/1/695 853/1/695 862/1/695
f 848/1/696 853/1/696 864/1/696
f 864/1/697 865/1/697 848/1/697
f 848/1/698 865/1/698 855/1/698
f 855/1/699 849/1/699 848/1/699
f 866/1/700 867/1/700 868/1/700
f 868/1/701 869/1/701 866/1/701
f 870/1/702 871/1/702 867/1/702
f 867/1/703 866/1/703 870/1/703
f 867/1/704 872/1/704 873/1/704
f 873/1/705 868/1/705 867/1/705
f 867/1/706 871/1/706 874/1/706
f 874/1/706 872/1/706 867/1/706
f 875/1/707 876/1/707 877/1/707
f 877/1/707 869/1/707 875/1/707
f 866/1/708 869/1/708 877/1/708
f 877/1/708 878/1/708 866/1/708
f 866/1/709 878/1/709 879/1/709
f 879/1/709 870/1/709 866/1/709
f 855/1/710 870/1/710 879/1/710
f 879/1/710 856/1/710 855/1/710
f 870/1/711 855/1/711 865/1/711
f 865/1/711 871/1/711 870/1/711
f 864/1/712 874/1/712 871/1/712
f 871/1/713 865/1/713 864/1/713
f 874/1/714 864/1/714 863/1/714
f 863/1/714 880/1/714 874/1/714
f 880/1/715 881/1/715 872/1/715
f 872/1/715 874/1/715 880/1/715
f 881/1/716 882/1/716 873/1/716
f 873/1/717 872/1/717 881/1/717
f 882/1/718 883/1/718 884/1/718
f 884/1/718 873/1/718 882/1/718
f 868/1/719 873/1/719 884/1/719
f 884/1/719 885/1/719 868/1/719
f 868/1/720 885/1/720 875/1/720
f 875/1/720 869/1/720 868/1/720
f 886/1/721 887/1/721 888/1/721
f 888/1/721 889/1/721 886/1/721
f 890/1/722 891/1/722 887/1/722
f 887/1/722 886/1/722 890/1/722
f 887/1/723 892/1/724 893/1/723
f 893/1/725 888/1/725 887/1/725
f 887/1/726 891/1/726 894/1/726
f 894/1/727 892/1/727 887/1/727
f 895/1/728 896/1/728 897/1/728
f 897/1/729 889/1/729 895/1/729
f 886/1/730 889/1/730 897/1/730
f 897/1/731 898/1/731 886/1/731
f 886/1/732 898/1/732 899/1/732
f 899/1/733 890/1/733 886/1/733
f 875/1/734 890/1/734 899/1/734
f 899/1/734 876/1/734 875/1/734
f 890/1/735 875/1/735 885/1/735
f 885/1/736 891/1/736 890/1/736
f 884/1/737 894/1/737 891/1/737
f 891/1/737 885/1/737 884/1/737
f 894/1/738 884/1/738 883/1/738
f 883/1/738 900/1/738 894/1/738
f 900/1/739 901/1/739 892/1/739
f 892/1/739 894/1/739 900/1/739
f 901/1/740 902/1/740 893/1/740
f 893/1/740 892/1/740 901/1/740
f 902/1/741 903/1/741 904/1/741
f 904/1/741 893/1/741 902/1/741
f 888/1/742 893/1/742 904/1/742
f 904/1/742 905/1/742 888/1/742
f 888/1/743 905/1/743 895/1/743
f 895/1/743 889/1/743 888/1/743
f 906/1/744 907/1/744 908/1/744
f 908/1/744 909/1/744 906/1/744
f 910/1/745 911/1/745 907/1/745
f 907/1/745 906/1/745 910/1/745
f 907/1/746 912/1/746 913/1/746
f 913/1/746 908/1/746 907/1/746
f 907/1/747 911/1/747 914/1/747
f 914/1/748 912/1/748 907/1/748
f 915/1/749 916/1/749 917/1/749
f 917/1/749 909/1/749 915/1/749
f 906/1/750 909/1/750 917/1/750
f 917/1/751 918/1/751 906/1/751
f 906/1/752 918/1/752 919/1/752
f 919/1/753 910/1/753 906/1/753
f 895/1/754 910/1/754 919/1/754
f 919/1/755 896/1/755 895/1/755
f 910/1/756 895/1/756 905/1/756
f 905/1/756 911/1/756 910/1/756
f 904/1/757 914/1/757 911/1/757
f 911/1/757 905/1/757 904/1/757
f 914/1/758 904/1/758 903/1/758
f 903/1/758 920/1/758 914/1/758
f 920/1/759 921/1/759 912/1/759
f 912/1/759 914/1/759 920/1/759
f 921/1/760 922/1/760 913/1/760
f 913/1/760 912/1/760 921/1/760
f 922/1/761 923/1/761 924/1/761
f 924/1/762 913/1/762 922/1/762
f 908/1/763 913/1/763 924/1/763
f 924/1/764 925/1/764 908/1/764
f 908/1/765 925/1/765 915/1/765
f 915/1/766 909/1/766 908/1/766
f 926/1/767 927/1/767 928/1/767
f 928/1/768 929/1/768 926/1/768
f 930/1/769 931/1/769 927/1/769
f 927/1/769 926/1/769 930/1/769
f 927/1/770 932/1/770 933/1/770
f 933/1/771 928/1/771 927/1/771
f 927/1/772 931/1/772 934/1/772
f 934/1/773 932/1/773 927/1/773
f 935/1/774 936/1/774 937/1/774
f 937/1/775 929/1/775 935/1/775
f 926/1/776 929/1/776 937/1/776
f 937/1/776 938/1/776 926/1/776
f 926/1/777 938/1/777 939/1/777
f 939/1/777 930/1/777 926/1/777
f 915/1/778 930/1/778 939/1/778
f 939/1/779 916/1/779 915/1/779
f 930/1/780 915/1/780 925/1/780
f 925/1/781 931/1/781 930/1/781
f 924/1/782 934/1/782 931/1/782
f 931/1/782 925/1/782 924/1/782
f 934/1/783 924/1/783 923/1/783
f 923/1/784 940/1/784 934/1/784
f 940/1/785 941/1/785 932/1/785
f 932/1/785 934/1/785 940/1/785
f 941/1/786 942/1/786 933/1/786
f 933/1/786 932/1/786 941/1/786
f 942/1/787 943/1/787 944/1/787
f 944/1/787 933/1/787 942/1/787
f 928/1/788 933/1/788 944/1/788
f 944/1/789 945/1/789 928/1/789
f 928/1/790 945/1/790 935/1/790
f 935/1/791 929/1/791 928/1/791
f 946/1/792 947/1/792 948/1/792
f 948/1/792 949/1/792 946/1/792
f 950/1/793 951/1/793 947/1/793
f 947/1/794 946/1/794 950/1/794
f 947/1/795 952/1/795 953/1/795
f 953/1/796 948/1/796 947/1/796
f 947/1/797 951/1/797 954/1/797
f 954/1/798 952/1/798 947/1/798
f 955/1/799 956/1/799 957/1/799
f 957/1/799 949/1/799 955/1/799
f 946/1/800 949/1/800 957/1/800
f 957/1/800 958/1/800 946/1/800
f 946/1/801 958/1/801 959/1/801
f 959/1/801 950/1/801 946/1/801
f 935/1/802 950/1/802 959/1/802
f 959/1/803 936/1/803 935/1/803
f 950/1/804 935/1/804 945/1/804
f 945/1/805 951/1/805 950/1/805
f 944/1/806 954/1/806 951/1/806
f 951/1/806 945/1/806 944/1/806
f 954/1/807 944/1/807 943/1/807
f 943/1/807 960/1/807 954/1/807
f 960/1/808 961/1/808 952/1/808
f 952/1/809 954/1/809 960/1/809
f 961/1/810 962/1/810 953/1/810
f 953/1/810 952/1/810 961/1/810
f 962/1/811 963/1/811 964/1/811
f 964/1/812 953/1/812 962/1/812
f 948/1/813 953/1/813 964/1/813
f 964/1/813 965/1/813 948/1/813
f 948/1/814 965/1/814 955/1/814
f 955/1/814 949/1/814 948/1/814
f 966/1/6 967/1/6 968/1/6
f 968/1/6 969/1/6 966/1/6
f 970/1/7 971/1/7 967/1/7
f 967/1/7 966/1/7 970/1/7
f 967/1/815 972/1/815 973/1/815
f 973/1/1 968/1/1 967/1/1
f 967/1/3 971/1/3 974/1/3
f 974/1/3 972/1/3 967/1/3
f 975/1/816 976/1/817 977/1/816
f 977/1/818 969/1/818 975/1/818
f 966/1/18 969/1/18 977/1/18
f 977/1/18 978/1/18 966/1/18
f 966/1/17 978/1/17 979/1/17
f 979/1/17 970/1/17 966/1/17
f 955/1/15 970/1/15 979/1/15
f 979/1/819 956/1/819 955/1/819
f 970/1/14 955/1/14 965/1/14
f 965/1/14 971/1/14 970/1/14
f 964/1/13 974/1/13 971/1/13
f 971/1/13 965/1/13 964/1/13
f 974/1/820 964/1/820 963/1/820
f 963/1/12 980/1/12 974/1/12
f 980/1/11 981/1/11 972/1/11
f 972/1/821 974/1/821 980/1/821
f 981/1/10 982/1/10 973/1/10
f 973/1/10 972/1/10 981/1/10
f 982/1/8 983/1/8 984/1/8
f 984/1/8 973/1/8 982/1/8
f 968/1/23 973/1/23 984/1/23
f 984/1/23 985/1/23 968/1/23
f 968/1/22 985/1/22 975/1/22
f 975/1/822 969/1/822 968/1/822
f 986/1/478 987/1/478 988/1/478
f 988/1/823 989/1/823 986/1/823
f 990/1/479 991/1/479 987/1/479
f 987/1/479 986/1/479 990/1/479
f 987/1/475 992/1/475 993/1/475
f 993/1/475 988/1/475 987/1/475
f 987/1/824 991/1/824 994/1/824
f 994/1/477 992/1/477 987/1/477
f 995/1/492 996/1/492 997/1/492
f 997/1/492 989/1/492 995/1/492
f 986/1/825 989/1/825 997/1/825
f 997/1/491 998/1/491 986/1/491
f 986/1/490 998/1/490 999/1/490
f 999/1/490 990/1/490 986/1/490
f 975/1/826 990/1/826 999/1/826
f 999/1/489 976/1/489 975/1/489
f 990/1/488 975/1/488 985/1/488
f 985/1/487 991/1/487 990/1/487
f 984/1/827 994/1/827 991/1/827
f 991/1/486 985/1/486 984/1/486
f 994/1/485 984/1/485 983/1/485
f 983/1/485 1000/1/485 994/1/485
f 1000/1/483 1001/1/483 992/1/483
f 992/1/483 994/1/483 1000/1/483
f 1001/1/482 1002/1/482 993/1/482
f 993/1/482 992/1/482 1001/1/482
f 1002/1/481 1003/1/481 1004/1/481
f 1004/1/481 993/1/481 1002/1/481
f 988/1/496 993/1/496 1004/1/496
f 1004/1/828 1005/1/828 988/1/828
f 988/1/495 1005/1/495 995/1/495
f 995/1/829 989/1/829 988/1/829
f 1006/1/830 1007/1/830 1008/1/830
f 1008/1/830 1009/1/830 1006/1/830
f 1010/1/501 1011/1/501 1007/1/501
f 1007/1/501 1006/1/501 1010/1/501
f 1007/1/497 1012/1/497 1013/1/497
f 1013/1/497 1008/1/497 1007/1/497
f 1007/1/498 1011/1/498 1014/1/498
f 1014/1/498 1012/1/498 1007/1/498
f 1015/1/516 1016/1/516 1017/1/516
f 1017/1/516 1009/1/516 1015/1/516
f 1006/1/513 1009/1/513 1017/1/513
f 1017/1/831 1018/1/831 1006/1/831
f 1006/1/512 1018/1/512 1019/1/512
f 1019/1/512 1010/1/512 1006/1/512
f 995/1/511 1010/1/511 1019/1/511
f 1019/1/511 996/1/511 995/1/511
f 1010/1/832 995/1/832 1005/1/832
f 1005/1/832 1011/1/832 1010/1/832
f 1004/1/833 1014/1/833 1011/1/833
f 1011/1/834 1005/1/834 1004/1/834
f 1014/1/507 1004/1/507 1003/1/507
f 1003/1/507 1020/1/507 1014/1/507
f 1020/1/835 1021/1/835 1012/1/835
f 1012/1/836 1014/1/836 1020/1/836
f 1021/1/504 1022/1/504 1013/1/504
f 1013/1/504 1012/1/504 1021/1/504
f 1022/1/502 1023/1/502 1024/1/502
f 1024/1/502 1013/1/502 1022/1/502
f 1008/1/518 1013/1/518 1024/1/518
f 1024/1/518 1025/1/518 1008/1/518
f 1008/1/517 1025/1/517 1015/1/517
f 1015/1/517 1009/1/517 1008/1/517
f 1026/1/522 1027/1/522 1028/1/522
f 1028/1/522 1029/1/522 1026/1/522
f 1030/1/524 1031/1/524 1027/1/524
f 1027/1/524 1026/1/524 1030/1/524
f 1027/1/519 1032/1/519 1033/1/519
f 1033/1/837 1028/1/837 1027/1/837
f 1027/1/521 1031/1/521 1034/1/521
f 1034/1/521 1032/1/521 1027/1/521
f 1035/1/538 1036/1/538 1037/1/538
f 1037/1/538 1029/1/538 1035/1/538
f 1026/1/838 1029/1/838 1037/1/838
f 1037/1/537 1038/1/537 1026/1/537
f 1026/1/536 1038/1/536 1039/1/536
f 1039/1/536 1030/1/536 1026/1/536
f 1015/1/535 1030/1/535 1039/1/535
f 1039/1/535 1016/1/535 1015/1/535
f 1030/1/534 1015/1/534 1025/1/534
f 1025/1/534 1031/1/534 1030/1/534
f 1024/1/839 1034/1/839 1031/1/839
f 1031/1/839 1025/1/839 1024/1/839
f 1034/1/532 1024/1/532 1023/1/532
f 1023/1/531 1040/1/531 1034/1/531
f 1040/1/840 1041/1/840 1032/1/840
f 1032/1/840 1034/1/840 1040/1/840
f 1041/1/527 1042/1/527 1033/1/527
f 1033/1/527 1032/1/527 1041/1/527
f 1042/1/526 1043/1/526 1044/1/526
f 1044/1/841 1033/1/841 1042/1/841
f 1028/1/842 1033/1/842 1044/1/842
f 1044/1/843 1045/1/843 1028/1/843
f 1028/1/540 1045/1/540 1035/1/540
f 1035/1/540 1029/1/540 1028/1/540
f 1046/1/547 1047/1/547 1048/1/547
f 1048/1/547 1049/1/547 1046/1/547
f 1050/1/844 1051/1/844 1047/1/844
f 1047/1/845 1046/1/845 1050/1/845
f 1047/1/543 1052/1/543 1053/1/543
f 1053/1/543 1048/1/543 1047/1/543
f 1047/1/545 1051/1/545 1054/1/545
f 1054/1/545 1052/1/545 1047/1/545
f 1055/1/846 1056/1/846 1057/1/846
f 1057/1/560 1049/1/560 1055/1/560
f 1046/1/558 1049/1/558 1057/1/558
f 1057/1/558 1058/1/558 1046/1/558
f 1046/1/557 1058/1/557 1059/1/557
f 1059/1/847 1050/1/847 1046/1/847
f 1035/1/848 1050/1/848 1059/1/848
f 1059/1/556 1036/1/556 1035/1/556
f 1050/1/555 1035/1/555 1045/1/555
f 1045/1/849 1051/1/849 1050/1/849
f 1044/1/554 1054/1/554 1051/1/554
f 1051/1/554 1045/1/554 1044/1/554
f 1054/1/553 1044/1/553 1043/1/553
f 1043/1/553 1060/1/553 1054/1/553
f 1060/1/552 1061/1/552 1052/1/552
f 1052/1/552 1054/1/552 1060/1/552
f 1061/1/551 1062/1/551 1053/1/551
f 1053/1/551 1052/1/551 1061/1/551
f 1062/1/850 1063/1/850 1064/1/850
f 1064/1/850 1053/1/850 1062/1/850
f 1048/1/564 1053/1/564 1064/1/564
f 1064/1/564 1065/1/564 1048/1/564
f 1048/1/562 1065/1/562 1055/1/562
f 1055/1/851 1049/1/851 1048/1/851
f 1066/1/852 1067/1/852 1068/1/852
f 1068/1/853 1069/1/853 1066/1/853
f 1070/1/570 1071/1/570 1067/1/570
f 1067/1/570 1066/1/570 1070/1/570
f 1067/1/565 1072/1/565 1073/1/565
f 1073/1/565 1068/1/565 1067/1/565
f 1067/1/854 1071/1/854 1074/1/854
f 1074/1/854 1072/1/854 1067/1/854
f 1075/1/584 1076/1/584 1077/1/584
f 1077/1/584 1069/1/584 1075/1/584
f 1066/1/583 1069/1/583 1077/1/583
f 1077/1/583 1078/1/583 1066/1/583
f 1066/1/855 1078/1/855 1079/1/855
f 1079/1/581 1070/1/581 1066/1/581
f 1055/1/856 1070/1/856 1079/1/856
f 1079/1/579 1056/1/579 1055/1/579
f 1070/1/578 1055/1/578 1065/1/578
f 1065/1/578 1071/1/578 1070/1/578
f 1064/1/577 1074/1/577 1071/1/577
f 1071/1/577 1065/1/577 1064/1/577
f 1074/1/576 1064/1/576 1063/1/576
f 1063/1/576 1080/1/576 1074/1/576
f 1080/1/575 1081/1/575 1072/1/575
f 1072/1/575 1074/1/575 1080/1/575
f 1081/1/573 1082/1/573 1073/1/573
f 1073/1/573 1072/1/573 1081/1/573
f 1082/1/857 1083/1/857 1084/1/857
f 1084/1/857 1073/1/857 1082/1/857
f 1068/1/586 1073/1/586 1084/1/586
f 1084/1/586 1085/1/586 1068/1/586
f 1068/1/585 1085/1/585 1075/1/585
f 1075/1/585 1069/1/585 1068/1/585
f 1086/1/589 1087/1/589 1088/1/589
f 1088/1/589 1089/1/589 1086/1/589
f 1090/1/591 1091/1/591 1087/1/591
f 1087/1/591 1086/1/591 1090/1/591
f 1087/1/858 1092/1/858 1093/1/858
f 1093/1/587 1088/1/587 1087/1/587
f 1087/1/588 1091/1/588 1094/1/588
f 1094/1/588 1092/1/588 1087/1/588
f 1095/1/859 1096/1/859 1097/1/859
f 1097/1/604 1089/1/604 1095/1/604
f 1086/1/603 1089/1/603 1097/1/603
f 1097/1/602 1098/1/602 1086/1/602
f 1086/1/601 1098/1/601 1099/1/601
f 1099/1/860 1090/1/860 1086/1/860
f 1075/1/599 1090/1/599 1099/1/599
f 1099/1/861 1076/1/861 1075/1/861
f 1090/1/598 1075/1/598 1085/1/598
f 1085/1/598 1091/1/598 1090/1/598
f 1084/1/597 1094/1/597 1091/1/597
f 1091/1/597 1085/1/597 1084/1/597
f 1094/1/596 1084/1/596 1083/1/596
f 1083/1/862 1100/1/862 1094/1/862
f 1100/1/594 1101/1/594 1092/1/594
f 1092/1/594 1094/1/594 1100/1/594
f 1101/1/593 1102/1/593 1093/1/593
f 1093/1/593 1092/1/593 1101/1/593
f 1102/1/592 1103/1/592 1104/1/592
f 1104/1/592 1093/1/592 1102/1/592
f 1088/1/863 1093/1/863 1104/1/863
f 1104/1/864 1105/1/864 1088/1/864
f 1088/1/607 1105/1/607 1095/1/607
f 1095/1/607 1089/1/607 1088/1/607
f 1106/1/613 1107/1/613 1108/1/613
f 1108/1/613 1109/1/613 1106/1/613
f 1110/1/614 1111/1/614 1107/1/614
f 1107/1/614 1106/1/614 1110/1/614
f 1107/1/610 1112/1/610 1113/1/610
f 1113/1/865 1108/1/865 1107/1/865
f 1107/1/611 1111/1/611 1114/1/611
f 1114/1/611 1112/1/611 1107/1/611
f 1115/1/625 1116/1/625 1117/1/625
f 1117/1/625 1109/1/625 1115/1/625
f 1106/1/624 1109/1/624 1117/1/624
f 1117/1/866 1118/1/866 1106/1/866
f 1106/1/623 1118/1/623 1119/1/623
f 1119/1/623 1110/1/623 1106/1/623
f 1095/1/867 1110/1/867 1119/1/867
f 1119/1/867 1096/1/867 1095/1/867
f 1110/1/620 1095/1/620 1105/1/620
f 1105/1/620 1111/1/620 1110/1/620
f 1104/1/619 1114/1/619 1111/1/619
f 1111/1/619 1105/1/619 1104/1/619
f 1114/1/618 1104/1/618 1103/1/618
f 1103/1/868 1120/1/868 1114/1/868
f 1120/1/617 1121/1/617 1112/1/617
f 1112/1/617 1114/1/617 1120/1/617
f 1121/1/616 1122/1/616 1113/1/616
f 1113/1/616 1112/1/616 1121/1/616
f 1122/1/615 1123/1/615 1124/1/615
f 1124/1/615 1113/1/615 1122/1/615
f 1108/1/629 1113/1/629 1124/1/629
f 1124/1/629 1125/1/629 1108/1/629
f 1108/1/627 1125/1/627 1115/1/627
f 1115/1/627 1109/1/627 1108/1/627
f 1126/1/869 1127/1/869 1128/1/869
f 1128/1/633 1129/1/633 1126/1/633
f 1130/1/870 1131/1/870 1127/1/870
f 1127/1/634 1126/1/634 1130/1/634
f 1127/1/630 1132/1/630 1133/1/630
f 1133/1/630 1128/1/630 1127/1/630
f 1127/1/632 1131/1/632 1134/1/632
f 1134/1/632 1132/1/632 1127/1/632
f 1135/1/650 1136/1/650 1137/1/650
f 1137/1/650 1129/1/650 1135/1/650
f 1126/1/649 1129/1/649 1137/1/649
f 1137/1/649 1138/1/649 1126/1/649
f 1126/1/871 1138/1/871 1139/1/871
f 1139/1/646 1130/1/646 1126/1/646
f 1115/1/645 1130/1/645 1139/1/645
f 1139/1/645 1116/1/645 1115/1/645
f 1130/1/643 1115/1/643 1125/1/643
f 1125/1/643 1131/1/643 1130/1/643
f 1124/1/872 1134/1/872 1131/1/872
f 1131/1/642 1125/1/642 1124/1/642
f 1134/1/640 1124/1/640 1123/1/640
f 1123/1/640 1140/1/640 1134/1/640
f 1140/1/639 1141/1/639 1132/1/639
f 1132/1/639 1134/1/639 1140/1/639
f 1141/1/638 1142/1/638 1133/1/638
f 1133/1/638 1132/1/638 1141/1/638
f 1142/1/636 1143/1/873 1144/1/636
f 1144/1/636 1133/1/636 1142/1/636
f 1128/1/653 1133/1/653 1144/1/653
f 1144/1/653 1145/1/653 1128/1/653
f 1128/1/652 1145/1/652 1135/1/652
f 1135/1/874 1129/1/874 1128/1/874
f 1146/1/658 1147/1/658 1148/1/658
f 1148/1/658 1149/1/658 1146/1/658
f 1150/1/659 1151/1/659 1147/1/659
f 1147/1/659 1146/1/659 1150/1/659
f 1147/1/655 1152/1/655 1153/1/655
f 1153/1/655 1148/1/655 1147/1/655
f 1147/1/875 1151/1/875 1154/1/875
f 1154/1/656 1152/1/656 1147/1/656
f 1155/1/876 1156/1/876 1157/1/876
f 1157/1/673 1149/1/673 1155/1/673
f 1146/1/877 1149/1/877 1157/1/877
f 1157/1/878 1158/1/878 1146/1/878
f 1146/1/671 1158/1/671 1159/1/671
f 1159/1/879 1150/1/879 1146/1/879
f 1135/1/669 1150/1/669 1159/1/669
f 1159/1/880 1136/1/880 1135/1/880
f 1150/1/668 1135/1/668 1145/1/668
f 1145/1/668 1151/1/668 1150/1/668
f 1144/1/667 1154/1/667 1151/1/667
f 1151/1/667 1145/1/667 1144/1/667
f 1154/1/666 1144/1/666 1143/1/666
f 1143/1/666 1160/1/666 1154/1/666
f 1160/1/664 1161/1/664 1152/1/664
f 1152/1/664 1154/1/664 1160/1/664
f 1161/1/663 1162/1/663 1153/1/663
f 1153/1/663 1152/1/663 1161/1/663
f 1162/1/881 1163/1/881 1164/1/881
f 1164/1/661 1153/1/661 1162/1/661
f 1148/1/676 1153/1/676 1164/1/676
f 1164/1/882 1165/1/882 1148/1/882
f 1148/1/674 1165/1/674 1155/1/674
f 1155/1/674 1149/1/674 1148/1/674
f 1166/1/679 1167/1/679 1168/1/679
f 1168/1/679 1169/1/679 1166/1/679
f 1170/1/883 1171/1/883 1167/1/883
f 1167/1/680 1166/1/680 1170/1/680
f 1167/1/677 1172/1/677 1173/1/677
f 1173/1/677 1168/1/677 1167/1/677
f 1167/1/678 1171/1/678 1174/1/678
f 1174/1/678 1172/1/678 1167/1/678
f 1175/1/884 1176/1/884 1177/1/884
f 1177/1/884 1169/1/884 1175/1/884
f 1166/1/885 1169/1/885 1177/1/885
f 1177/1/886 1178/1/886 1166/1/886
f 1166/1/692 1178/1/692 1179/1/692
f 1179/1/692 1170/1/692 1166/1/692
f 1155/1/690 1170/1/690 1179/1/690
f 1179/1/690 1156/1/690 1155/1/690
f 1170/1/689 1155/1/689 1165/1/689
f 1165/1/689 1171/1/689 1170/1/689
f 1164/1/687 1174/1/687 1171/1/687
f 1171/1/687 1165/1/687 1164/1/687
f 1174/1/686 1164/1/686 1163/1/686
f 1163/1/686 1180/1/686 1174/1/686
f 1180/1/684 1181/1/684 1172/1/684
f 1172/1/684 1174/1/684 1180/1/684
f 1181/1/683 1182/1/683 1173/1/683
f 1173/1/682 1172/1/682 1181/1/682
f 1182/1/887 1183/1/887 1184/1/887
f 1184/1/681 1173/1/681 1182/1/681
f 1168/1/699 1173/1/699 1184/1/699
f 1184/1/699 1185/1/699 1168/1/699
f 1168/1/696 1185/1/696 1175/1/696
f 1175/1/696 1169/1/696 1168/1/696
f 1186/1/888 1187/1/888 1188/1/888
f 1188/1/705 1189/1/705 1186/1/705
f 1190/1/706 1191/1/706 1187/1/706
f 1187/1/889 1186/1/889 1190/1/889
f 1187/1/701 1192/1/701 1193/1/701
f 1193/1/701 1188/1/701 1187/1/701
f 1187/1/702 1191/1/702 1194/1/702
f 1194/1/890 1192/1/890 1187/1/890
f 1195/1/718 1196/1/718 1197/1/718
f 1197/1/891 1189/1/891 1195/1/891
f 1186/1/716 1189/1/716 1197/1/716
f 1197/1/716 1198/1/716 1186/1/716
f 1186/1/715 1198/1/715 1199/1/715
f 1199/1/715 1190/1/715 1186/1/715
f 1175/1/714 1190/1/714 1199/1/714
f 1199/1/714 1176/1/714 1175/1/714
f 1190/1/892 1175/1/892 1185/1/892
f 1185/1/713 1191/1/713 1190/1/713
f 1184/1/711 1194/1/711 1191/1/711
f 1191/1/893 1185/1/893 1184/1/893
f 1194/1/710 1184/1/710 1183/1/710
f 1183/1/710 1200/1/710 1194/1/710
f 1200/1/709 1201/1/709 1192/1/709
f 1192/1/709 1194/1/709 1200/1/709
f 1201/1/708 1202/1/708 1193/1/708
f 1193/1/708 1192/1/708 1201/1/708
f 1202/1/894 1203/1/894 1204/1/894
f 1204/1/707 1193/1/707 1202/1/707
f 1188/1/720 1193/1/720 1204/1/720
f 1204/1/720 1205/1/720 1188/1/720
f 1188/1/719 1205/1/719 1195/1/719
f 1195/1/719 1189/1/719 1188/1/719
f 1206/1/725 1207/1/725 1208/1/725
f 1208/1/724 1209/1/724 1206/1/724
f 1210/1/726 1211/1/726 1207/1/726
f 1207/1/895 1206/1/726 1210/1/726
f 1207/1/721 1212/1/721 1213/1/721
f 1213/1/721 1208/1/721 1207/1/721
f 1207/1/722 1211/1/722 1214/1/722
f 1214/1/722 1212/1/722 1207/1/722
f 1215/1/741 1216/1/741 1217/1/741
f 1217/1/741 1209/1/741 1215/1/741
f 1206/1/740 1209/1/740 1217/1/740
f 1217/1/740 1218/1/740 1206/1/740
f 1206/1/896 1218/1/896 1219/1/896
f 1219/1/896 1210/1/896 1206/1/896
f 1195/1/738 1210/1/738 1219/1/738
f 1219/1/738 1196/1/738 1195/1/738
f 1210/1/737 1195/1/737 1205/1/737
f 1205/1/737 1211/1/737 1210/1/737
f 1204/1/897 1214/1/897 1211/1/897
f 1211/1/898 1205/1/898 1204/1/898
f 1214/1/734 1204/1/734 1203/1/734
f 1203/1/734 1220/1/734 1214/1/734
f 1220/1/733 1221/1/733 1212/1/733
f 1212/1/733 1214/1/733 1220/1/733
f 1221/1/899 1222/1/899 1213/1/899
f 1213/1/731 1212/1/731 1221/1/731
f 1222/1/728 1223/1/728 1224/1/728
f 1224/1/728 1213/1/728 1222/1/728
f 1208/1/743 1213/1/743 1224/1/743
f 1224/1/900 1225/1/900 1208/1/900
f 1208/1/742 1225/1/742 1215/1/742
f 1215/1/742 1209/1/742 1208/1/742
f 1226/1/901 1227/1/901 1228/1/901
f 1228/1/746 1229/1/746 1226/1/746
f 1230/1/748 1231/1/748 1227/1/748
f 1227/1/748 1226/1/748 1230/1/748
f 1227/1/744 1232/1/744 1233/1/744
f 1233/1/744 1228/1/744 1227/1/744
f 1227/1/745 1231/1/745 1234/1/745
f 1234/1/745 1232/1/745 1227/1/745
f 1235/1/762 1236/1/762 1237/1/762
f 1237/1/762 1229/1/762 1235/1/762
f 1226/1/760 1229/1/760 1237/1/760
f 1237/1/760 1238/1/760 1226/1/760
f 1226/1/902 1238/1/902 1239/1/902
f 1239/1/759 1230/1/759 1226/1/759
f 1215/1/758 1230/1/758 1239/1/758
f 1239/1/758 1216/1/758 1215/1/758
f 1230/1/757 1215/1/757 1225/1/757
f 1225/1/757 1231/1/757 1230/1/757
f 1224/1/756 1234/1/756 1231/1/756
f 1231/1/756 1225/1/756 1224/1/756
f 1234/1/754 1224/1/754 1223/1/754
f 1223/1/754 1240/1/754 1234/1/754
f 1240/1/903 1241/1/903 1232/1/903
f 1232/1/752 1234/1/752 1240/1/752
f 1241/1/904 1242/1/904 1233/1/904
f 1233/1/751 1232/1/751 1241/1/751
f 1242/1/749 1243/1/749 1244/1/749
f 1244/1/749 1233/1/749 1242/1/749
f 1228/1/905 1233/1/905 1244/1/905
f 1244/1/906 1245/1/906 1228/1/906
f 1228/1/907 1245/1/907 1235/1/907
f 1235/1/763 1229/1/763 1228/1/763
f 1246/1/771 1247/1/771 1248/1/771
f 1248/1/771 1249/1/771 1246/1/771
f 1250/1/908 1251/1/908 1247/1/908
f 1247/1/908 1246/1/908 1250/1/908
f 1247/1/909 1252/1/909 1253/1/909
f 1253/1/910 1248/1/910 1247/1/910
f 1247/1/769 1251/1/769 1254/1/769
f 1254/1/769 1252/1/769 1247/1/769
f 1255/1/787 1256/1/787 1257/1/787
f 1257/1/787 1249/1/787 1255/1/787
f 1246/1/786 1249/1/786 1257/1/786
f 1257/1/786 1258/1/786 1246/1/786
f 1246/1/785 1258/1/785 1259/1/785
f 1259/1/785 1250/1/785 1246/1/785
f 1235/1/783 1250/1/783 1259/1/783
f 1259/1/783 1236/1/783 1235/1/783
f 1250/1/911 1235/1/911 1245/1/911
f 1245/1/911 1251/1/911 1250/1/911
f 1244/1/912 1254/1/912 1251/1/912
f 1251/1/913 1245/1/913 1244/1/913
f 1254/1/779 1244/1/779 1243/1/779
f 1243/1/779 1260/1/779 1254/1/779
f 1260/1/914 1261/1/914 1252/1/914
f 1252/1/777 1254/1/777 1260/1/777
f 1261/1/776 1262/1/776 1253/1/776
f 1253/1/776 1252/1/776 1261/1/776
f 1262/1/774 1263/1/774 1264/1/774
f 1264/1/774 1253/1/774 1262/1/774
f 1248/1/915 1253/1/915 1264/1/915
f 1264/1/916 1265/1/916 1248/1/916
f 1248/1/789 1265/1/789 1255/1/789
f 1255/1/789 1249/1/789 1248/1/789
f 1266/1/796 1267/1/796 1268/1/796
f 1268/1/796 1269/1/796 1266/1/796
f 1270/1/798 1271/1/798 1267/1/798
f 1267/1/798 1266/1/798 1270/1/798
f 1267/1/917 1272/1/917 1273/1/917
f 1273/1/792 1268/1/792 1267/1/792
f 1267/1/793 1271/1/793 1274/1/793
f 1274/1/793 1272/1/793 1267/1/793
f 16/1/812 15/1/812 1275/1/812
f 1275/1/812 1269/1/812 16/1/812
f 1266/1/810 1269/1/810 1275/1/810
f 1275/1/810 1276/1/810 1266/1/810
f 1266/1/808 1276/1/808 1277/1/808
f 1277/1/918 1270/1/918 1266/1/918
f 1255/1/919 1270/1/919 1277/1/919
f 1277/1/919 1256/1/919 1255/1/919
f 1270/1/806 1255/1/806 1265/1/806
f 1265/1/920 1271/1/920 1270/1/920
f 1264/1/805 1274/1/805 1271/1/805
f 1271/1/805 1265/1/805 1264/1/805
f 1274/1/803 1264/1/803 1263/1/803
f 1263/1/803 1278/1/803 1274/1/803
f 1278/1/801 1279/1/801 1272/1/801
f 1272/1/801 1274/1/801 1278/1/801
f 1279/1/800 1280/1/800 1273/1/800
f 1273/1/800 1272/1/800 1279/1/800
f 18/1/921 1273/1/921 1280/1/921
f 1280/1/799 20/1/799 18/1/799
f 1273/1/922 18/1/922 17/1/922
f 17/1/814 1268/1/814 1273/1/814
f 1268/1/813 17/1/813 16/1/813
f 16/1/813 1269/1/813 1268/1/813
f 1281/1/923 1282/1/923 1283/1/923
f 1283/1/923 1284/1/923 1281/1/923
f 1285/1/924 1286/1/924 1282/1/924
f 1282/1/924 1281/1/924 1285/1/924
f 1282/1/925 1287/1/925 1288/1/925
f 1288/1/925 1283/1/925 1282/1/925
f 1289/1/926 1287/1/926 1282/1/926
f 1282/1/927 1286/1/927 1289/1/927
f 1290/1/928 526/1/928 548/1/928
f 548/1/929 1284/1/929 1290/1/929
f 1284/1/930 548/1/930 547/1/930
f 547/1/930 1281/1/930 1284/1/930
f 1285/1/931 1281/1/931 547/1/931
f 547/1/931 545/1/931 1285/1/931
f 1285/1/932 545/1/932 546/1/932
f 546/1/932 1291/1/932 1285/1/932
f 1285/1/933 1291/1/933 1292/1/933
f 1292/1/933 1286/1/933 1285/1/933
f 1293/1/934 1289/1/934 1286/1/934
f 1286/1/935 1292/1/935 1293/1/935
f 1289/1/936 1293/1/936 1163/1/936
f 1163/1/937 1162/1/937 1289/1/937
f 1289/1/938 1162/1/938 1161/1/938
f 1161/1/938 1287/1/938 1289/1/938
f 1161/1/939 1160/1/939 1288/1/939
f 1288/1/939 1287/1/939 1161/1/939
f 1160/1/940 1143/1/940 1294/1/940
f 1294/1/940 1288/1/940 1160/1/940
f 1283/1/941 1288/1/941 1294/1/941
f 1294/1/941 1295/1/941 1283/1/941
f 1283/1/942 1295/1/942 1290/1/942
f 1290/1/943 1284/1/943 1283/1/943
f 1296/1/944 1297/1/944 1298/1/944
f 1298/1/944 1299/1/944 1296/1/944
f 1300/1/945 1301/1/945 1297/1/945
f 1297/1/945 1296/1/945 1300/1/945
f 1297/1/946 1302/1/946 1303/1/946
f 1303/1/946 1298/1/946 1297/1/946
f 1301/1/947 1304/1/947 1302/1/947
f 1302/1/947 1297/1/947 1301/1/947
f 49/1/948 660/1/948 1299/1/948
f 1299/1/949 1305/1/949 49/1/949
f 665/1/950 1296/1/950 1299/1/950
f 1299/1/950 660/1/950 665/1/950
f 665/1/951 664/1/951 1300/1/951
f 1300/1/951 1296/1/951 665/1/951
f 664/1/952 641/1/952 1306/1/952
f 1306/1/952 1300/1/952 664/1/952
f 1300/1/953 1306/1/953 1307/1/953
f 1307/1/953 1301/1/953 1300/1/953
f 1308/1/954 1304/1/954 1301/1/954
f 1301/1/954 1307/1/954 1308/1/954
f 1304/1/955 1308/1/955 1256/1/955
f 1256/1/955 1277/1/955 1304/1/955
f 1304/1/956 1277/1/956 1276/1/956
f 1276/1/956 1302/1/956 1304/1/956
f 1302/1/957 1276/1/957 1275/1/957
f 1275/1/957 1303/1/957 1302/1/957
f 1275/1/958 15/1/958 1309/1/958
f 1309/1/959 1303/1/959 1275/1/959
f 1303/1/960 1309/1/960 1310/1/960
f 1310/1/960 1298/1/960 1303/1/960
f 1298/1/961 1310/1/961 1305/1/961
f 1305/1/961 1299/1/961 1298/1/961
f 1311/1/962 1312/1/962 1313/1/962
f 1313/1/963 1314/1/963 1311/1/963
f 1315/1/964 1316/1/964 1312/1/964
f 1312/1/965 1311/1/965 1315/1/965
f 1312/1/966 1317/1/966 1318/1/966
f 1318/1/967 1313/1/967 1312/1/967
f 1312/1/968 1316/1/968 1319/1/968
f 1319/1/968 1317/1/968 1312/1/968
f 1314/1/969 1320/1/969 141/1/969
f 141/1/969 140/1/969 1314/1/969
f 1314/1/970 140/1/970 150/1/970
f 150/1/970 1311/1/970 1314/1/970
f 1315/1/971 1311/1/971 150/1/971
f 150/1/971 149/1/971 1315/1/971
f 149/1/972 121/1/972 1321/1/972
f 1321/1/973 1315/1/973 149/1/973
f 1315/1/974 1321/1/974 1322/1/974
f 1322/1/974 1316/1/974 1315/1/974
f 1323/1/975 1319/1/975 1316/1/975
f 1316/1/975 1322/1/975 1323/1/975
f 736/1/976 759/1/976 1319/1/976
f 1319/1/976 1323/1/976 736/1/976
f 1319/1/977 759/1/977 758/1/977
f 758/1/977 1317/1/977 1319/1/977
f 758/1/978 757/1/978 1318/1/978
f 1318/1/978 1317/1/978 758/1/978
f 757/1/979 756/1/979 1324/1/979
f 1324/1/979 1318/1/979 757/1/979
f 1325/1/980 1313/1/980 1318/1/980
f 1318/1/980 1324/1/980 1325/1/980
f 1313/1/981 1325/1/981 1320/1/981
f 1320/1/982 1314/1/982 1313/1/982
f 1326/1/983 1327/1/983 1328/1/983
f 1328/1/984 1329/1/984 1326/1/984
f 1330/1/985 1331/1/985 1327/1/985
f 1327/1/985 1326/1/985 1330/1/985
f 1327/1/986 1332/1/986 1333/1/986
f 1333/1/987 1328/1/987 1327/1/987
f 1334/1/988 1332/1/988 1327/1/988
f 1327/1/988 1331/1/988 1334/1/988
f 1329/1/989 1291/1/989 546/1/989
f 546/1/989 568/1/989 1329/1/989
f 1329/1/990 568/1/990 567/1/990
f 567/1/990 1326/1/990 1329/1/990
f 1330/1/991 1326/1/991 567/1/991
f 567/1/991 565/1/991 1330/1/991
f 1335/1/992 1330/1/992 565/1/992
f 565/1/993 566/1/993 1335/1/993
f 1335/1/994 1336/1/994 1331/1/994
f 1331/1/994 1330/1/994 1335/1/994
f 1337/1/995 1334/1/995 1331/1/995
f 1331/1/995 1336/1/995 1337/1/995
f 1334/1/996 1337/1/996 1183/1/996
f 1183/1/996 1182/1/996 1334/1/996
f 1334/1/997 1182/1/997 1181/1/997
f 1181/1/997 1332/1/997 1334/1/997
f 1181/1/998 1180/1/998 1333/1/998
f 1333/1/998 1332/1/998 1181/1/998
f 1163/1/999 1293/1/999 1333/1/999
f 1333/1/999 1180/1/999 1163/1/999
f 1328/1/1000 1333/1/1000 1293/1/1000
f 1293/1/1000 1292/1/1000 1328/1/1000
f 1329/1/1001 1328/1/1001 1292/1/1001
f 1292/1/1001 1291/1/1001 1329/1/1001
f 1338/1/1002 1339/1/1002 1340/1/1002
f 1340/1/1002 1341/1/1002 1338/1/1002
f 1342/1/1003 1343/1/1003 1339/1/1003
f 1339/1/1003 1338/1/1003 1342/1/1003
f 1339/1/1004 1344/1/1004 1345/1/1004
f 1345/1/1004 1340/1/1004 1339/1/1004
f 1343/1/1005 1346/1/1005 1344/1/1005
f 1344/1/1005 1339/1/1005 1343/1/1005
f 1347/1/1006 45/1/1006 43/1/1006
f 43/1/1006 1341/1/1006 1347/1/1006
f 42/1/1007 1338/1/1007 1341/1/1007
f 1341/1/1007 43/1/1007 42/1/1007
f 41/1/1008 1342/1/1008 1338/1/1008
f 1338/1/1009 42/1/1009 41/1/1009
f 1348/1/1010 1342/1/1010 41/1/1010
f 41/1/1011 40/1/1011 1348/1/1011
f 1348/1/1012 1349/1/1012 1343/1/1012
f 1343/1/1013 1342/1/1013 1348/1/1013
f 1350/1/1014 1346/1/1014 1343/1/1014
f 1343/1/1015 1349/1/1015 1350/1/1015
f 1350/1/1016 23/1/1016 22/1/1016
f 22/1/1016 1346/1/1016 1350/1/1016
f 1344/1/1017 1346/1/1017 22/1/1017
f 22/1/1017 21/1/1017 1344/1/1017
f 1345/1/1018 1344/1/1018 21/1/1018
f 21/1/1018 19/1/1018 1345/1/1018
f 19/1/1019 20/1/1019 1351/1/1019
f 1351/1/1019 1345/1/1019 19/1/1019
f 1340/1/1020 1345/1/1020 1351/1/1020
f 1351/1/1020 1352/1/1020 1340/1/1020
f 1352/1/1021 1347/1/1021 1341/1/1021
f 1341/1/1021 1340/1/1021 1352/1/1021
f 1353/1/1022 1354/1/1022 1355/1/1022
f 1355/1/1022 1356/1/1022 1353/1/1022
f 1357/1/1023 1358/1/1023 1354/1/1023
f 1354/1/1024 1353/1/1024 1357/1/1024
f 1354/1/1025 1359/1/1025 1360/1/1025
f 1360/1/1025 1355/1/1025 1354/1/1025
f 1358/1/1026 1361/1/1026 1359/1/1026
f 1359/1/1027 1354/1/1027 1358/1/1027
f 1362/1/1028 161/1/1028 160/1/1028
f 160/1/1028 1356/1/1028 1362/1/1028
f 170/1/1029 1353/1/1029 1356/1/1029
f 1356/1/1029 160/1/1029 170/1/1029
f 170/1/1030 169/1/1030 1357/1/1030
f 1357/1/1030 1353/1/1030 170/1/1030
f 1320/1/1031 1357/1/1031 169/1/1031
f 169/1/1032 141/1/1032 1320/1/1032
f 1358/1/1033 1357/1/1033 1320/1/1033
f 1320/1/1033 1325/1/1033 1358/1/1033
f 1358/1/1034 1325/1/1034 1324/1/1034
f 1324/1/1034 1361/1/1034 1358/1/1034
f 756/1/1035 779/1/1035 1361/1/1035
f 1361/1/1035 1324/1/1035 756/1/1035
f 1361/1/1036 779/1/1036 778/1/1036
f 778/1/1036 1359/1/1036 1361/1/1036
f 1359/1/1037 778/1/1037 777/1/1037
f 777/1/1037 1360/1/1037 1359/1/1037
f 776/1/1038 1363/1/1038 1360/1/1038
f 1360/1/1038 777/1/1038 776/1/1038
f 1364/1/1039 1355/1/1039 1360/1/1039
f 1360/1/1039 1363/1/1039 1364/1/1039
f 1364/1/1040 1362/1/1040 1356/1/1040
f 1356/1/1040 1355/1/1040 1364/1/1040
f 1365/1/1041 1366/1/1041 1367/1/1041
f 1367/1/1042 1368/1/1042 1365/1/1042
f 1369/1/1043 1370/1/1043 1366/1/1043
f 1366/1/1044 1365/1/1044 1369/1/1044
f 1366/1/1045 1371/1/1045 1372/1/1045
f 1372/1/1045 1367/1/1045 1366/1/1045
f 1373/1/1046 1371/1/1046 1366/1/1046
f 1366/1/1046 1370/1/1046 1373/1/1046
f 1335/1/1047 566/1/1047 588/1/1047
f 588/1/1047 1368/1/1047 1335/1/1047
f 1368/1/1048 588/1/1048 587/1/1048
f 587/1/1048 1365/1/1048 1368/1/1048
f 1369/1/1049 1365/1/1049 587/1/1049
f 587/1/1049 585/1/1049 1369/1/1049
f 1374/1/1050 1369/1/1050 585/1/1050
f 585/1/1050 586/1/1050 1374/1/1050
f 1374/1/1051 1375/1/1051 1370/1/1051
f 1370/1/1051 1369/1/1051 1374/1/1051
f 1375/1/1052 1376/1/1052 1373/1/1052
f 1373/1/1053 1370/1/1053 1375/1/1053
f 1373/1/1054 1376/1/1054 1203/1/1054
f 1203/1/1054 1202/1/1054 1373/1/1054
f 1373/1/1055 1202/1/1055 1201/1/1055
f 1201/1/1056 1371/1/1056 1373/1/1056
f 1201/1/1057 1200/1/1057 1372/1/1057
f 1372/1/1057 1371/1/1057 1201/1/1057
f 1200/1/1058 1183/1/1058 1337/1/1058
f 1337/1/1058 1372/1/1058 1200/1/1058
f 1337/1/1059 1336/1/1059 1367/1/1059
f 1367/1/1059 1372/1/1059 1337/1/1059
f 1335/1/1060 1368/1/1060 1367/1/1060
f 1367/1/1060 1336/1/1060 1335/1/1060
f 1377/1/1061 1378/1/1061 1379/1/1061
f 1379/1/1061 1380/1/1061 1377/1/1061
f 1381/1/1062 1382/1/1062 1378/1/1062
f 1378/1/1062 1377/1/1062 1381/1/1062
f 1378/1/1063 1383/1/1063 1384/1/1063
f 1384/1/1063 1379/1/1063 1378/1/1063
f 1382/1/1064 1385/1/1064 1383/1/1064
f 1383/1/1064 1378/1/1064 1382/1/1064
f 1348/1/1065 40/1/1065 68/1/1065
f 68/1/1065 1380/1/1065 1348/1/1065
f 67/1/1066 1377/1/1066 1380/1/1066
f 1380/1/1066 68/1/1066 67/1/1066
f 66/1/1067 1381/1/1067 1377/1/1067
f 1377/1/1067 67/1/1067 66/1/1067
f 66/1/1068 65/1/1068 1386/1/1068
f 1386/1/1069 1381/1/1069 66/1/1069
f 1386/1/1070 1387/1/1070 1382/1/1070
f 1382/1/1070 1381/1/1070 1386/1/1070
f 1388/1/1071 1385/1/1071 1382/1/1071
f 1382/1/1071 1387/1/1071 1388/1/1071
f 1385/1/1072 1388/1/1072 683/1/1072
f 683/1/1072 682/1/1072 1385/1/1072
f 1383/1/1073 1385/1/1073 682/1/1073
f 682/1/1073 681/1/1073 1383/1/1073
f 1384/1/1074 1383/1/1074 681/1/1074
f 681/1/1075 680/1/1075 1384/1/1075
f 680/1/1076 23/1/1076 1350/1/1076
f 1350/1/1076 1384/1/1076 680/1/1076
f 1349/1/1077 1379/1/1077 1384/1/1077
f 1384/1/1077 1350/1/1077 1349/1/1077
f 1380/1/1078 1379/1/1078 1349/1/1078
f 1349/1/1078 1348/1/1078 1380/1/1078
f 1389/1/1079 1390/1/1079 1391/1/1079
f 1391/1/1079 1392/1/1079 1389/1/1079
f 1393/1/1080 1394/1/1080 1390/1/1080
f 1390/1/1080 1389/1/1080 1393/1/1080
f 1390/1/1081 1395/1/1081 1396/1/1081
f 1396/1/1081 1391/1/1081 1390/1/1081
f 1394/1/1082 1397/1/1082 1395/1/1082
f 1395/1/1082 1390/1/1082 1394/1/1082
f 1392/1/1083 1398/1/1083 181/1/1083
f 181/1/1083 180/1/1083 1392/1/1083
f 190/1/1084 1389/1/1084 1392/1/1084
f 1392/1/1085 180/1/1085 190/1/1085
f 190/1/1086 189/1/1086 1393/1/1086
f 1393/1/1086 1389/1/1086 190/1/1086
f 161/1/1087 1362/1/1087 1393/1/1087
f 1393/1/1087 189/1/1087 161/1/1087
f 1362/1/1088 1364/1/1088 1394/1/1088
f 1394/1/1088 1393/1/1088 1362/1/1088
f 1397/1/1089 1394/1/1089 1364/1/1089
f 1364/1/1090 1363/1/1090 1397/1/1090
f 1397/1/1091 1363/1/1091 776/1/1091
f 776/1/1091 799/1/1091 1397/1/1091
f 1397/1/1092 799/1/1092 798/1/1092
f 798/1/1092 1395/1/1092 1397/1/1092
f 1395/1/1093 798/1/1093 797/1/1093
f 797/1/1093 1396/1/1093 1395/1/1093
f 797/1/1094 796/1/1094 1399/1/1094
f 1399/1/1094 1396/1/1094 797/1/1094
f 1391/1/1095 1396/1/1095 1399/1/1095
f 1399/1/1095 1400/1/1095 1391/1/1095
f 1400/1/1096 1398/1/1096 1392/1/1096
f 1392/1/1096 1391/1/1096 1400/1/1096
f 1401/1/1097 1402/1/1097 1403/1/1097
f 1403/1/1097 1404/1/1097 1401/1/1097
f 1405/1/1098 1406/1/1098 1402/1/1098
f 1402/1/1099 1401/1/1099 1405/1/1099
f 1402/1/1100 1407/1/1100 1408/1/1100
f 1408/1/1101 1403/1/1101 1402/1/1101
f 1409/1/1102 1407/1/1102 1402/1/1102
f 1402/1/1102 1406/1/1102 1409/1/1102
f 1374/1/1103 586/1/1103 608/1/1103
f 608/1/1104 1404/1/1104 1374/1/1104
f 1404/1/1105 608/1/1105 607/1/1105
f 607/1/1105 1401/1/1105 1404/1/1105
f 1405/1/1106 1401/1/1106 607/1/1106
f 607/1/1106 605/1/1106 1405/1/1106
f 1410/1/1107 1405/1/1107 605/1/1107
f 605/1/1108 606/1/1108 1410/1/1108
f 1410/1/1109 1411/1/1109 1406/1/1109
f 1406/1/1109 1405/1/1109 1410/1/1109
f 1409/1/1110 1406/1/1110 1411/1/1110
f 1411/1/1110 1412/1/1110 1409/1/1110
f 1409/1/1111 1412/1/1111 1223/1/1111
f 1223/1/1111 1222/1/1111 1409/1/1111
f 1409/1/1112 1222/1/1112 1221/1/1112
f 1221/1/1112 1407/1/1112 1409/1/1112
f 1221/1/1113 1220/1/1113 1408/1/1113
f 1408/1/1113 1407/1/1113 1221/1/1113
f 1203/1/1114 1376/1/1114 1408/1/1114
f 1408/1/1115 1220/1/1115 1203/1/1115
f 1375/1/1116 1403/1/1116 1408/1/1116
f 1408/1/1116 1376/1/1116 1375/1/1116
f 1404/1/1117 1403/1/1117 1375/1/1117
f 1375/1/1117 1374/1/1117 1404/1/1117
f 1413/1/1118 1414/1/1118 1415/1/1118
f 1415/1/1119 1416/1/1119 1413/1/1119
f 1417/1/1120 1418/1/1120 1414/1/1120
f 1414/1/1120 1413/1/1120 1417/1/1120
f 1414/1/1121 1419/1/1121 1420/1/1121
f 1420/1/1122 1415/1/1122 1414/1/1122
f 1418/1/1123 1421/1/1123 1419/1/1123
f 1419/1/1123 1414/1/1123 1418/1/1123
f 1386/1/1124 65/1/1124 88/1/1124
f 88/1/1124 1416/1/1124 1386/1/1124
f 1416/1/1125 88/1/1125 87/1/1125
f 87/1/1125 1413/1/1125 1416/1/1125
f 86/1/1126 1417/1/1126 1413/1/1126
f 1413/1/1127 87/1/1127 86/1/1127
f 86/1/1128 85/1/1128 1422/1/1128
f 1422/1/1128 1417/1/1128 86/1/1128
f 1422/1/1129 1423/1/1129 1418/1/1129
f 1418/1/1129 1417/1/1129 1422/1/1129
f 1421/1/1130 1418/1/1130 1423/1/1130
f 1423/1/1130 1424/1/1130 1421/1/1130
f 1421/1/1131 1424/1/1131 703/1/1131
f 703/1/1131 702/1/1131 1421/1/1131
f 1419/1/1132 1421/1/1132 702/1/1132
f 702/1/1132 701/1/1132 1419/1/1132
f 701/1/1133 700/1/1133 1420/1/1133
f 1420/1/1133 1419/1/1133 701/1/1133
f 700/1/1134 683/1/1134 1388/1/1134
f 1388/1/1135 1420/1/1135 700/1/1135
f 1387/1/1136 1415/1/1136 1420/1/1136
f 1420/1/1136 1388/1/1136 1387/1/1136
f 1415/1/1137 1387/1/1137 1386/1/1137
f 1386/1/1137 1416/1/1137 1415/1/1137
f 1425/1/1138 1426/1/1138 1427/1/1138
f 1427/1/1138 1428/1/1138 1425/1/1138
f 1429/1/1139 1430/1/1139 1426/1/1139
f 1426/1/1139 1425/1/1139 1429/1/1139
f 1426/1/1140 1431/1/1140 1432/1/1140
f 1432/1/1140 1427/1/1140 1426/1/1140
f 1430/1/1141 1433/1/1141 1431/1/1141
f 1431/1/1141 1426/1/1141 1430/1/1141
f 201/1/1142 200/1/1142 1428/1/1142
f 1428/1/1143 1434/1/1143 201/1/1143
f 210/1/1144 1425/1/1144 1428/1/1144
f 1428/1/1144 200/1/1144 210/1/1144
f 210/1/1145 209/1/1145 1429/1/1145
f 1429/1/1146 1425/1/1146 210/1/1146
f 1429/1/1147 209/1/1147 181/1/1147
f 181/1/1147 1398/1/1147 1429/1/1147
f 1430/1/1148 1429/1/1148 1398/1/1148
f 1398/1/1148 1400/1/1148 1430/1/1148
f 1399/1/1149 1433/1/1149 1430/1/1149
f 1430/1/1149 1400/1/1149 1399/1/1149
f 819/1/1150 1433/1/1150 1399/1/1150
f 1399/1/1151 796/1/1151 819/1/1151
f 1433/1/1152 819/1/1152 818/1/1152
f 818/1/1153 1431/1/1153 1433/1/1153
f 1431/1/1154 818/1/1154 817/1/1154
f 817/1/1154 1432/1/1154 1431/1/1154
f 817/1/1155 816/1/1155 1435/1/1155
f 1435/1/1155 1432/1/1155 817/1/1155
f 1427/1/1156 1432/1/1156 1435/1/1156
f 1435/1/1157 1436/1/1157 1427/1/1157
f 1436/1/1158 1434/1/1158 1428/1/1158
f 1428/1/1158 1427/1/1158 1436/1/1158
f 1437/1/1159 1438/1/1159 1439/1/1159
f 1439/1/1160 1440/1/1160 1437/1/1160
f 1441/1/1161 1442/1/1161 1438/1/1161
f 1438/1/1162 1437/1/1162 1441/1/1162
f 1438/1/1163 1443/1/1163 1444/1/1163
f 1444/1/1163 1439/1/1163 1438/1/1163
f 1445/1/1164 1443/1/1164 1438/1/1164
f 1438/1/1165 1442/1/1165 1445/1/1165
f 1410/1/1166 606/1/1166 628/1/1166
f 628/1/1167 1440/1/1167 1410/1/1167
f 1440/1/1168 628/1/1168 627/1/1168
f 627/1/1168 1437/1/1168 1440/1/1168
f 1441/1/1169 1437/1/1169 627/1/1169
f 627/1/1170 625/1/1170 1441/1/1170
f 1446/1/1171 1441/1/1171 625/1/1171
f 625/1/1171 626/1/1171 1446/1/1171
f 1446/1/1172 1447/1/1172 1442/1/1172
f 1442/1/1172 1441/1/1172 1446/1/1172
f 1445/1/1173 1442/1/1173 1447/1/1173
f 1447/1/1173 1448/1/1173 1445/1/1173
f 1445/1/1174 1448/1/1174 1243/1/1174
f 1243/1/1175 1242/1/1175 1445/1/1175
f 1445/1/1176 1242/1/1176 1241/1/1176
f 1241/1/1177 1443/1/1177 1445/1/1177
f 1241/1/1178 1240/1/1178 1444/1/1178
f 1444/1/1179 1443/1/1179 1241/1/1179
f 1240/1/1180 1223/1/1180 1412/1/1180
f 1412/1/1180 1444/1/1180 1240/1/1180
f 1439/1/1181 1444/1/1181 1412/1/1181
f 1412/1/1181 1411/1/1181 1439/1/1181
f 1440/1/1182 1439/1/1182 1411/1/1182
f 1411/1/1183 1410/1/1183 1440/1/1183
f 1449/1/1184 1450/1/1184 1451/1/1184
f 1451/1/1184 1452/1/1184 1449/1/1184
f 1453/1/1185 1454/1/1185 1450/1/1185
f 1450/1/1186 1449/1/1186 1453/1/1186
f 1450/1/1187 1455/1/1187 1456/1/1187
f 1456/1/1187 1451/1/1187 1450/1/1187
f 1454/1/1188 1457/1/1188 1455/1/1188
f 1455/1/1188 1450/1/1188 1454/1/1188
f 1452/1/1189 1422/1/1189 85/1/1189
f 85/1/1189 108/1/1189 1452/1/1189
f 107/1/1190 1449/1/1190 1452/1/1190
f 1452/1/1191 108/1/1191 107/1/1191
f 105/1/1192 1453/1/1192 1449/1/1192
f 1449/1/1192 107/1/1192 105/1/1192
f 1458/1/1193 1453/1/1193 105/1/1193
f 105/1/1193 106/1/1193 1458/1/1193
f 1458/1/1194 1459/1/1194 1454/1/1194
f 1454/1/1194 1453/1/1194 1458/1/1194
f 1457/1/1195 1454/1/1195 1459/1/1195
f 1459/1/1196 1460/1/1196 1457/1/1196
f 1457/1/1197 1460/1/1197 723/1/1197
f 723/1/1198 722/1/1198 1457/1/1198
f 1455/1/1199 1457/1/1199 722/1/1199
f 722/1/1199 721/1/1199 1455/1/1199
f 1456/1/1200 1455/1/1200 721/1/1200
f 721/1/1200 720/1/1200 1456/1/1200
f 720/1/1201 703/1/1201 1424/1/1201
f 1424/1/1201 1456/1/1201 720/1/1201
f 1423/1/1202 1451/1/1202 1456/1/1202
f 1456/1/1202 1424/1/1202 1423/1/1202
f 1452/1/1203 1451/1/1203 1423/1/1203
f 1423/1/1203 1422/1/1203 1452/1/1203
f 1461/1/924 1462/1/924 1463/1/924
f 1463/1/924 1464/1/924 1461/1/924
f 1465/1/923 1466/1/923 1462/1/923
f 1462/1/923 1461/1/923 1465/1/923
f 1462/1/926 1467/1/926 1468/1/926
f 1468/1/926 1463/1/926 1462/1/926
f 1466/1/925 1469/1/925 1467/1/925
f 1467/1/925 1462/1/925 1466/1/925
f 1464/1/932 1470/1/932 221/1/932
f 221/1/932 220/1/932 1464/1/932
f 230/1/931 1461/1/931 1464/1/931
f 1464/1/1204 220/1/1204 230/1/1204
f 230/1/930 229/1/930 1465/1/930
f 1465/1/930 1461/1/930 230/1/930
f 1434/1/929 1465/1/929 229/1/929
f 229/1/1205 201/1/1205 1434/1/1205
f 1466/1/942 1465/1/942 1434/1/942
f 1434/1/942 1436/1/942 1466/1/942
f 1435/1/941 1469/1/941 1466/1/941
f 1466/1/941 1436/1/941 1435/1/941
f 839/1/940 1469/1/940 1435/1/940
f 1435/1/940 816/1/940 839/1/940
f 1469/1/939 839/1/939 838/1/939
f 838/1/939 1467/1/939 1469/1/939
f 1467/1/938 838/1/938 837/1/938
f 837/1/938 1468/1/938 1467/1/938
f 837/1/937 836/1/937 1471/1/937
f 1471/1/1206 1468/1/1206 837/1/1206
f 1463/1/934 1468/1/934 1471/1/934
f 1471/1/1207 1472/1/1207 1463/1/1207
f 1472/1/933 1470/1/933 1464/1/933
f 1464/1/933 1463/1/933 1472/1/933
f 1473/1/1208 1474/1/1208 1475/1/1208
f 1475/1/1208 1476/1/1208 1473/1/1208
f 1477/1/1209 1478/1/1209 1474/1/1209
f 1474/1/1209 1473/1/1209 1477/1/1209
f 1474/1/1210 1479/1/1210 1480/1/1210
f 1480/1/1210 1475/1/1210 1474/1/1210
f 1481/1/1211 1479/1/1211 1474/1/1211
f 1474/1/1211 1478/1/1211 1481/1/1211
f 1446/1/1212 626/1/1212 648/1/1212
f 648/1/1212 1476/1/1212 1446/1/1212
f 1476/1/1213 648/1/1213 647/1/1213
f 647/1/1213 1473/1/1213 1476/1/1213
f 1477/1/1214 1473/1/1214 647/1/1214
f 647/1/1214 645/1/1214 1477/1/1214
f 1482/1/1215 1477/1/1215 645/1/1215
f 645/1/1215 646/1/1215 1482/1/1215
f 1482/1/1216 1483/1/1216 1478/1/1216
f 1478/1/1216 1477/1/1216 1482/1/1216
f 1481/1/1217 1478/1/1217 1483/1/1217
f 1483/1/1217 1484/1/1217 1481/1/1217
f 1481/1/1218 1484/1/1218 1263/1/1218
f 1263/1/1219 1262/1/1219 1481/1/1219
f 1481/1/1220 1262/1/1220 1261/1/1220
f 1261/1/1220 1479/1/1220 1481/1/1220
f 1261/1/1221 1260/1/1221 1480/1/1221
f 1480/1/1221 1479/1/1221 1261/1/1221
f 1260/1/1222 1243/1/1222 1448/1/1222
f 1448/1/1222 1480/1/1222 1260/1/1222
f 1475/1/1223 1480/1/1223 1448/1/1223
f 1448/1/1223 1447/1/1223 1475/1/1223
f 1476/1/1224 1475/1/1224 1447/1/1224
f 1447/1/1224 1446/1/1224 1476/1/1224
f 1485/1/1225 1486/1/1225 1487/1/1225
f 1487/1/1226 1488/1/1226 1485/1/1226
f 1489/1/1227 1490/1/1227 1486/1/1227
f 1486/1/1228 1485/1/1228 1489/1/1228
f 1486/1/1229 1491/1/1229 1492/1/1229
f 1492/1/1229 1487/1/1229 1486/1/1229
f 1490/1/1230 1493/1/1230 1491/1/1230
f 1491/1/1230 1486/1/1230 1490/1/1230
f 1458/1/1231 106/1/1231 128/1/1231
f 128/1/1231 1488/1/1231 1458/1/1231
f 127/1/1232 1485/1/1232 1488/1/1232
f 1488/1/1233 128/1/1233 127/1/1233
f 126/1/1234 1489/1/1234 1485/1/1234
f 1485/1/1234 127/1/1234 126/1/1234
f 1494/1/1235 1489/1/1235 126/1/1235
f 126/1/1236 125/1/1236 1494/1/1236
f 1494/1/1237 1495/1/1237 1490/1/1237
f 1490/1/1238 1489/1/1238 1494/1/1238
f 1493/1/1239 1490/1/1239 1495/1/1239
f 1495/1/1239 1496/1/1239 1493/1/1239
f 1493/1/1240 1496/1/1240 743/1/1240
f 743/1/1240 742/1/1240 1493/1/1240
f 1491/1/1241 1493/1/1241 742/1/1241
f 742/1/1241 741/1/1241 1491/1/1241
f 1492/1/1242 1491/1/1242 741/1/1242
f 741/1/1243 740/1/1243 1492/1/1243
f 740/1/1244 723/1/1244 1460/1/1244
f 1460/1/1244 1492/1/1244 740/1/1244
f 1459/1/1245 1487/1/1245 1492/1/1245
f 1492/1/1246 1460/1/1246 1459/1/1246
f 1488/1/1247 1487/1/1247 1459/1/1247
f 1459/1/1248 1458/1/1248 1488/1/1248
f 1497/1/985 1498/1/985 1499/1/985
f 1499/1/985 1500/1/985 1497/1/985
f 1501/1/1249 1502/1/1249 1498/1/1249
f 1498/1/1249 1497/1/1249 1501/1/1249
f 1498/1/1250 1503/1/1250 1504/1/1250
f 1504/1/1251 1499/1/1251 1498/1/1251
f 1502/1/986 1505/1/986 1503/1/986
f 1503/1/1252 1498/1/1252 1502/1/1252
f 1500/1/993 1506/1/993 241/1/993
f 241/1/993 240/1/993 1500/1/993
f 250/1/1253 1497/1/1253 1500/1/1253
f 1500/1/991 240/1/991 250/1/991
f 250/1/990 249/1/990 1501/1/990
f 1501/1/990 1497/1/990 250/1/990
f 1470/1/989 1501/1/989 249/1/989
f 249/1/989 221/1/989 1470/1/989
f 1502/1/1001 1501/1/1001 1470/1/1001
f 1470/1/1001 1472/1/1001 1502/1/1001
f 1471/1/1000 1505/1/1000 1502/1/1000
f 1502/1/1000 1472/1/1000 1471/1/1000
f 859/1/1254 1505/1/1254 1471/1/1254
f 1471/1/1255 836/1/1255 859/1/1255
f 1505/1/1256 859/1/1256 858/1/1256
f 858/1/998 1503/1/998 1505/1/998
f 1503/1/997 858/1/997 857/1/997
f 857/1/997 1504/1/997 1503/1/997
f 857/1/996 856/1/996 1507/1/996
f 1507/1/996 1504/1/996 857/1/996
f 1499/1/1257 1504/1/1257 1507/1/1257
f 1507/1/995 1508/1/995 1499/1/995
f 1508/1/994 1506/1/994 1500/1/994
f 1500/1/994 1499/1/994 1508/1/994
f 1509/1/1258 1510/1/1258 1511/1/1258
f 1511/1/1258 1512/1/1258 1509/1/1258
f 1513/1/1259 1514/1/1259 1510/1/1259
f 1510/1/1259 1509/1/1259 1513/1/1259
f 1510/1/1260 1515/1/1260 1516/1/1260
f 1516/1/1260 1511/1/1260 1510/1/1260
f 1517/1/1261 1515/1/1261 1510/1/1261
f 1510/1/1261 1514/1/1261 1517/1/1261
f 1482/1/1262 646/1/1262 663/1/1262
f 663/1/1262 1512/1/1262 1482/1/1262
f 1512/1/1263 663/1/1263 662/1/1263
f 662/1/1263 1509/1/1263 1512/1/1263
f 1513/1/1264 1509/1/1264 662/1/1264
f 662/1/1265 661/1/1265 1513/1/1264
f 1347/1/1266 1513/1/1266 661/1/1266
f 661/1/1267 45/1/1267 1347/1/1267
f 1352/1/1268 1514/1/1268 1513/1/1268
f 1513/1/1268 1347/1/1268 1352/1/1268
f 1351/1/1269 1517/1/1269 1514/1/1269
f 1514/1/1269 1352/1/1269 1351/1/1269
f 1517/1/1270 1351/1/1270 20/1/1270
f 20/1/1270 1280/1/1270 1517/1/1270
f 1517/1/1271 1280/1/1271 1279/1/1271
f 1279/1/1271 1515/1/1271 1517/1/1271
f 1279/1/1272 1278/1/1272 1516/1/1272
f 1516/1/1272 1515/1/1272 1279/1/1272
f 1278/1/1273 1263/1/1273 1484/1/1273
f 1484/1/1274 1516/1/1274 1278/1/1274
f 1511/1/1275 1516/1/1275 1484/1/1275
f 1484/1/1275 1483/1/1275 1511/1/1275
f 1512/1/1276 1511/1/1276 1483/1/1276
f 1483/1/1277 1482/1/1277 1512/1/1277
f 1518/1/1278 1519/1/1278 1520/1/1278
f 1520/1/1279 1521/1/1279 1518/1/1279
f 1522/1/1280 1523/1/1280 1519/1/1280
f 1519/1/1280 1518/1/1280 1522/1/1280
f 1519/1/1281 1524/1/1281 1525/1/1281
f 1525/1/1282 1520/1/1282 1519/1/1282
f 1523/1/1283 1526/1/1283 1524/1/1283
f 1524/1/1284 1519/1/1284 1523/1/1284
f 1494/1/1285 125/1/1285 148/1/1285
f 148/1/1286 1521/1/1286 1494/1/1286
f 147/1/1287 1518/1/1287 1521/1/1287
f 1521/1/1287 148/1/1287 147/1/1287
f 146/1/1288 1522/1/1288 1518/1/1288
f 1518/1/1289 147/1/1289 146/1/1289
f 146/1/1290 145/1/1290 1527/1/1290
f 1527/1/1291 1522/1/1291 146/1/1291
f 1527/1/1292 1528/1/1292 1523/1/1292
f 1523/1/1292 1522/1/1292 1527/1/1292
f 1523/1/1293 1528/1/1293 1529/1/1293
f 1529/1/1293 1526/1/1293 1523/1/1293
f 763/1/1294 762/1/1294 1526/1/1294
f 1526/1/1294 1529/1/1294 763/1/1294
f 1524/1/1295 1526/1/1295 762/1/1295
f 762/1/1295 761/1/1295 1524/1/1295
f 1525/1/1296 1524/1/1296 761/1/1296
f 761/1/1297 760/1/1297 1525/1/1297
f 760/1/1298 743/1/1298 1496/1/1298
f 1496/1/1299 1525/1/1299 760/1/1299
f 1495/1/1300 1520/1/1300 1525/1/1300
f 1525/1/1300 1496/1/1300 1495/1/1300
f 1521/1/1301 1520/1/1301 1495/1/1301
f 1495/1/1301 1494/1/1301 1521/1/1301
f 1530/1/1043 1531/1/1043 1532/1/1043
f 1532/1/1302 1533/1/1302 1530/1/1302
f 1534/1/1041 1535/1/1041 1531/1/1041
f 1531/1/1041 1530/1/1041 1534/1/1041
f 1531/1/1303 1536/1/1046 1537/1/1046
f 1537/1/1046 1532/1/1046 1531/1/1046
f 1535/1/1045 1538/1/1045 1536/1/1045
f 1536/1/1045 1531/1/1045 1535/1/1045
f 1533/1/1304 1539/1/1304 261/1/1304
f 261/1/1050 260/1/1050 1533/1/1050
f 270/1/1049 1530/1/1049 1533/1/1049
f 1533/1/1049 260/1/1049 270/1/1049
f 270/1/1048 269/1/1048 1534/1/1048
f 1534/1/1048 1530/1/1048 270/1/1048
f 1506/1/1047 1534/1/1047 269/1/1047
f 269/1/1047 241/1/1047 1506/1/1047
f 1535/1/1060 1534/1/1060 1506/1/1060
f 1506/1/1060 1508/1/1060 1535/1/1060
f 1507/1/1059 1538/1/1059 1535/1/1059
f 1535/1/1305 1508/1/1305 1507/1/1305
f 879/1/1058 1538/1/1058 1507/1/1058
f 1507/1/1058 856/1/1058 879/1/1058
f 1538/1/1057 879/1/1057 878/1/1057
f 878/1/1057 1536/1/1057 1538/1/1057
f 1536/1/1056 878/1/1056 877/1/1056
f 877/1/1056 1537/1/1056 1536/1/1056
f 1537/1/1054 877/1/1054 876/1/1054
f 876/1/1054 1540/1/1054 1537/1/1054
f 1537/1/1052 1540/1/1052 1541/1/1052
f 1541/1/1052 1532/1/1052 1537/1/1052
f 1532/1/1051 1541/1/1051 1539/1/1051
f 1539/1/1306 1533/1/1306 1532/1/1306
f 1542/1/1307 1543/1/1307 1544/1/1307
f 1544/1/1308 1545/1/1308 1542/1/1308
f 1546/1/1309 1547/1/1309 1543/1/1309
f 1543/1/1309 1542/1/1309 1546/1/1309
f 1543/1/1310 1548/1/1310 1549/1/1310
f 1549/1/1311 1544/1/1311 1543/1/1311
f 1550/1/1312 1548/1/1312 1543/1/1312
f 1543/1/1312 1547/1/1312 1550/1/1312
f 1527/1/1313 145/1/1313 168/1/1313
f 168/1/1313 1545/1/1313 1527/1/1313
f 1545/1/1314 168/1/1314 167/1/1314
f 167/1/1314 1542/1/1314 1545/1/1314
f 1546/1/1315 1542/1/1315 167/1/1315
f 167/1/1315 166/1/1315 1546/1/1315
f 1551/1/1316 1546/1/1316 166/1/1316
f 166/1/1316 165/1/1316 1551/1/1316
f 1551/1/1317 1552/1/1317 1547/1/1317
f 1547/1/1317 1546/1/1317 1551/1/1317
f 1550/1/1318 1547/1/1318 1552/1/1318
f 1552/1/1319 1553/1/1319 1550/1/1319
f 783/1/1320 782/1/1320 1550/1/1320
f 1550/1/1320 1553/1/1320 783/1/1320
f 1550/1/1321 782/1/1321 781/1/1321
f 781/1/1321 1548/1/1321 1550/1/1321
f 781/1/1322 780/1/1322 1549/1/1322
f 1549/1/1323 1548/1/1323 781/1/1323
f 780/1/1324 763/1/1324 1529/1/1324
f 1529/1/1324 1549/1/1324 780/1/1324
f 1544/1/1325 1549/1/1325 1529/1/1325
f 1529/1/1325 1528/1/1325 1544/1/1325
f 1545/1/1326 1544/1/1326 1528/1/1326
f 1528/1/1326 1527/1/1326 1545/1/1326
f 1554/1/1327 1555/1/1327 1556/1/1327
f 1556/1/1327 1557/1/1327 1554/1/1327
f 1558/1/1097 1559/1/1097 1555/1/1097
f 1555/1/1097 1554/1/1097 1558/1/1097
f 1555/1/1102 1560/1/1102 1561/1/1102
f 1561/1/1102 1556/1/1102 1555/1/1102
f 1559/1/1101 1562/1/1101 1560/1/1101
f 1560/1/1101 1555/1/1101 1559/1/1101
f 1557/1/1328 1563/1/1328 281/1/1328
f 281/1/1328 280/1/1328 1557/1/1328
f 290/1/1106 1554/1/1106 1557/1/1106
f 1557/1/1329 280/1/1329 290/1/1330
f 290/1/1105 289/1/1105 1558/1/1105
f 1558/1/1331 1554/1/1331 290/1/1331
f 289/1/1103 261/1/1103 1539/1/1103
f 1539/1/1104 1558/1/1104 289/1/1104
f 1559/1/1117 1558/1/1117 1539/1/1117
f 1539/1/1117 1541/1/1117 1559/1/1117
f 1540/1/1116 1562/1/1116 1559/1/1116
f 1559/1/1116 1541/1/1116 1540/1/1116
f 1540/1/1114 876/1/1114 899/1/1114
f 899/1/1114 1562/1/1114 1540/1/1114
f 1562/1/1113 899/1/1113 898/1/1113
f 898/1/1113 1560/1/1113 1562/1/1113
f 1560/1/1112 898/1/1112 897/1/1112
f 897/1/1112 1561/1/1112 1560/1/1112
f 1561/1/1332 897/1/1332 896/1/1332
f 896/1/1111 1564/1/1111 1561/1/1111
f 1565/1/1110 1556/1/1110 1561/1/1110
f 1561/1/1110 1564/1/1110 1565/1/1110
f 1556/1/1109 1565/1/1109 1563/1/1109
f 1563/1/1333 1557/1/1333 1556/1/1333
f 1566/1/1334 1567/1/1334 1568/1/1334
f 1568/1/1334 1569/1/1334 1566/1/1334
f 1570/1/1335 1571/1/1335 1567/1/1335
f 1567/1/1336 1566/1/1336 1570/1/1336
f 1567/1/1337 1572/1/1337 1573/1/1337
f 1573/1/1337 1568/1/1337 1567/1/1337
f 1574/1/1338 1572/1/1338 1567/1/1338
f 1567/1/1338 1571/1/1338 1574/1/1338
f 1551/1/1339 165/1/1339 188/1/1339
f 188/1/1340 1569/1/1340 1551/1/1340
f 1569/1/1341 188/1/1341 187/1/1341
f 187/1/1342 1566/1/1342 1569/1/1342
f 1570/1/1343 1566/1/1343 187/1/1343
f 187/1/1344 185/1/1344 1570/1/1344
f 1570/1/1345 185/1/1345 186/1/1345
f 186/1/1345 1575/1/1345 1570/1/1345
f 1575/1/1346 1576/1/1346 1571/1/1346
f 1571/1/1346 1570/1/1346 1575/1/1346
f 1574/1/1347 1571/1/1347 1576/1/1347
f 1576/1/1348 1577/1/1348 1574/1/1348
f 803/1/1349 802/1/1349 1574/1/1349
f 1574/1/1350 1577/1/1350 803/1/1350
f 1574/1/1351 802/1/1351 801/1/1351
f 801/1/1352 1572/1/1352 1574/1/1352
f 801/1/1353 800/1/1353 1573/1/1353
f 1573/1/1353 1572/1/1353 801/1/1353
f 800/1/1354 783/1/1354 1553/1/1354
f 1553/1/1354 1573/1/1354 800/1/1354
f 1552/1/1355 1568/1/1355 1573/1/1355
f 1573/1/1355 1553/1/1355 1552/1/1355
f 1568/1/1356 1552/1/1356 1551/1/1356
f 1551/1/1356 1569/1/1356 1568/1/1356
f 1578/1/1357 1579/1/1357 1580/1/1357
f 1580/1/1357 1581/1/1357 1578/1/1357
f 1582/1/1160 1583/1/1160 1579/1/1160
f 1579/1/1160 1578/1/1160 1582/1/1160
f 1579/1/1358 1584/1/1358 1585/1/1358
f 1585/1/1358 1580/1/1358 1579/1/1358
f 1583/1/1163 1586/1/1163 1584/1/1163
f 1584/1/1163 1579/1/1163 1583/1/1163
f 1581/1/1171 1587/1/1171 301/1/1171
f 301/1/1359 300/1/1359 1581/1/1359
f 310/1/1169 1578/1/1169 1581/1/1169
f 1581/1/1360 300/1/1360 310/1/1360
f 310/1/1168 309/1/1168 1582/1/1168
f 1582/1/1168 1578/1/1168 310/1/1168
f 309/1/1167 281/1/1167 1563/1/1167
f 1563/1/1167 1582/1/1167 309/1/1167
f 1583/1/1182 1582/1/1182 1563/1/1182
f 1563/1/1182 1565/1/1182 1583/1/1182
f 1564/1/1181 1586/1/1181 1583/1/1181
f 1583/1/1181 1565/1/1181 1564/1/1181
f 1564/1/1180 896/1/1180 919/1/1180
f 919/1/1180 1586/1/1180 1564/1/1180
f 1586/1/1361 919/1/1361 918/1/1361
f 918/1/1179 1584/1/1179 1586/1/1179
f 1584/1/1177 918/1/1177 917/1/1177
f 917/1/1177 1585/1/1177 1584/1/1177
f 1585/1/1174 917/1/1174 916/1/1174
f 916/1/1174 1588/1/1174 1585/1/1174
f 1589/1/1362 1580/1/1362 1585/1/1362
f 1585/1/1173 1588/1/1173 1589/1/1173
f 1580/1/1172 1589/1/1172 1587/1/1172
f 1587/1/1363 1581/1/1363 1580/1/1363
f 1590/1/1364 1591/1/1364 1592/1/1364
f 1592/1/1365 1593/1/1365 1590/1/1365
f 1594/1/1366 1595/1/1366 1591/1/1366
f 1591/1/1366 1590/1/1366 1594/1/1366
f 1591/1/1367 1596/1/1367 1597/1/1367
f 1597/1/1367 1592/1/1367 1591/1/1367
f 1598/1/1368 1596/1/1368 1591/1/1368
f 1591/1/1368 1595/1/1368 1598/1/1368
f 1575/1/1369 186/1/1369 208/1/1369
f 208/1/1369 1593/1/1369 1575/1/1369
f 1593/1/1370 208/1/1370 207/1/1370
f 207/1/1370 1590/1/1370 1593/1/1370
f 1594/1/1371 1590/1/1371 207/1/1371
f 207/1/1371 205/1/1371 1594/1/1371
f 1594/1/1372 205/1/1372 206/1/1372
f 206/1/1372 1599/1/1372 1594/1/1372
f 1599/1/1373 1600/1/1373 1595/1/1373
f 1595/1/1374 1594/1/1374 1599/1/1374
f 1598/1/1375 1595/1/1375 1600/1/1375
f 1600/1/1375 1601/1/1375 1598/1/1375
f 823/1/1376 822/1/1376 1598/1/1376
f 1598/1/1376 1601/1/1376 823/1/1376
f 1598/1/1377 822/1/1377 821/1/1377
f 821/1/1377 1596/1/1377 1598/1/1377
f 821/1/1378 820/1/1378 1597/1/1378
f 1597/1/1379 1596/1/1379 821/1/1379
f 820/1/1380 803/1/1380 1577/1/1380
f 1577/1/1381 1597/1/1381 820/1/1381
f 1576/1/1382 1592/1/1382 1597/1/1382
f 1597/1/1382 1577/1/1382 1576/1/1382
f 1575/1/1383 1593/1/1383 1592/1/1383
f 1592/1/1383 1576/1/1383 1575/1/1383
f 1602/1/1209 1603/1/1209 1604/1/1209
f 1604/1/1209 1605/1/1209 1602/1/1209
f 1606/1/1208 1607/1/1208 1603/1/1208
f 1603/1/1208 1602/1/1208 1606/1/1208
f 1603/1/1211 1608/1/1211 1609/1/1211
f 1609/1/1211 1604/1/1211 1603/1/1211
f 1607/1/1384 1610/1/1384 1608/1/1384
f 1608/1/1210 1603/1/1210 1607/1/1210
f 1605/1/1215 1611/1/1215 321/1/1215
f 321/1/1215 320/1/1215 1605/1/1215
f 330/1/1214 1602/1/1214 1605/1/1214
f 1605/1/1214 320/1/1214 330/1/1214
f 330/1/1213 329/1/1213 1606/1/1213
f 1606/1/1213 1602/1/1213 330/1/1213
f 329/1/1212 301/1/1212 1587/1/1212
f 1587/1/1212 1606/1/1212 329/1/1212
f 1607/1/1385 1606/1/1385 1587/1/1385
f 1587/1/1224 1589/1/1224 1607/1/1224
f 1588/1/1223 1610/1/1223 1607/1/1223
f 1607/1/1223 1589/1/1223 1588/1/1223
f 1588/1/1386 916/1/1386 939/1/1386
f 939/1/1387 1610/1/1387 1588/1/1387
f 1610/1/1221 939/1/1221 938/1/1221
f 938/1/1221 1608/1/1221 1610/1/1221
f 1608/1/1220 938/1/1220 937/1/1220
f 937/1/1388 1609/1/1388 1608/1/1388
f 1609/1/1389 937/1/1389 936/1/1389
f 936/1/1390 1612/1/1390 1609/1/1390
f 1609/1/1217 1612/1/1217 1613/1/1217
f 1613/1/1217 1604/1/1217 1609/1/1217
f 1604/1/1216 1613/1/1216 1611/1/1216
f 1611/1/1216 1605/1/1216 1604/1/1216
f 1614/1/1391 1615/1/1391 1616/1/1391
f 1616/1/1391 1617/1/1391 1614/1/1391
f 1618/1/1392 1619/1/1392 1615/1/1392
f 1615/1/1393 1614/1/1393 1618/1/1393
f 1615/1/1394 1620/1/1394 1621/1/1394
f 1621/1/1394 1616/1/1394 1615/1/1394
f 1622/1/1395 1620/1/1395 1615/1/1395
f 1615/1/1396 1619/1/1396 1622/1/1396
f 1599/1/1397 206/1/1397 228/1/1397
f 228/1/1397 1617/1/1397 1599/1/1397
f 1617/1/1398 228/1/1398 227/1/1398
f 227/1/1398 1614/1/1398 1617/1/1398
f 1618/1/1399 1614/1/1399 227/1/1399
f 227/1/1399 225/1/1399 1618/1/1399
f 1618/1/1400 225/1/1400 226/1/1400
f 226/1/1400 1623/1/1400 1618/1/1400
f 1623/1/1401 1624/1/1401 1619/1/1401
f 1619/1/1401 1618/1/1401 1623/1/1401
f 1622/1/1402 1619/1/1402 1624/1/1402
f 1624/1/1402 1625/1/1402 1622/1/1402
f 843/1/1403 842/1/1403 1622/1/1403
f 1622/1/1403 1625/1/1403 843/1/1403
f 1622/1/1404 842/1/1404 841/1/1404
f 841/1/1405 1620/1/1405 1622/1/1405
f 841/1/1406 840/1/1406 1621/1/1406
f 1621/1/1406 1620/1/1406 841/1/1406
f 840/1/1407 823/1/1407 1601/1/1407
f 1601/1/1407 1621/1/1407 840/1/1407
f 1600/1/1408 1616/1/1408 1621/1/1408
f 1621/1/1408 1601/1/1408 1600/1/1408
f 1616/1/1409 1600/1/1409 1599/1/1409
f 1599/1/1409 1617/1/1409 1616/1/1409
f 1626/1/1259 1627/1/1259 1628/1/1259
f 1628/1/1259 1629/1/1259 1626/1/1259
f 1630/1/1410 1631/1/1410 1627/1/1410
f 1627/1/1410 1626/1/1410 1630/1/1410
f 1627/1/1261 1632/1/1261 1633/1/1261
f 1633/1/1261 1628/1/1261 1627/1/1261
f 1631/1/1260 1634/1/1260 1632/1/1260
f 1632/1/1260 1627/1/1260 1631/1/1260
f 1629/1/1267 1635/1/1267 341/1/1267
f 341/1/1267 340/1/1267 1629/1/1267
f 350/1/1264 1626/1/1264 1629/1/1264
f 1629/1/1411 340/1/1411 350/1/1411
f 350/1/1263 349/1/1263 1630/1/1263
f 1630/1/1263 1626/1/1263 350/1/1263
f 349/1/1262 321/1/1262 1611/1/1262
f 1611/1/1262 1630/1/1262 349/1/1262
f 1631/1/1276 1630/1/1276 1611/1/1276
f 1611/1/1276 1613/1/1276 1631/1/1276
f 1612/1/1275 1634/1/1275 1631/1/1275
f 1631/1/1412 1613/1/1412 1612/1/1412
f 1612/1/1274 936/1/1274 959/1/1274
f 959/1/1274 1634/1/1274 1612/1/1274
f 1634/1/1413 959/1/1413 958/1/1413
f 958/1/1414 1632/1/1414 1634/1/1414
f 1632/1/1271 958/1/1271 957/1/1271
f 957/1/1271 1633/1/1271 1632/1/1271
f 1633/1/1270 957/1/1270 956/1/1270
f 956/1/1270 1636/1/1270 1633/1/1270
f 1637/1/1269 1628/1/1269 1633/1/1269
f 1633/1/1269 1636/1/1269 1637/1/1269
f 1628/1/1268 1637/1/1268 1635/1/1268
f 1635/1/1268 1629/1/1268 1628/1/1268
f 1638/1/1415 1639/1/1415 1640/1/1415
f 1640/1/1416 1641/1/1416 1638/1/1416
f 1642/1/1417 1643/1/1417 1639/1/1417
f 1639/1/1417 1638/1/1417 1642/1/1417
f 1639/1/1418 1644/1/1418 1645/1/1418
f 1645/1/1419 1640/1/1419 1639/1/1419
f 1646/1/1420 1644/1/1420 1639/1/1420
f 1639/1/1421 1643/1/1421 1646/1/1421
f 1623/1/1422 226/1/1422 248/1/1422
f 248/1/1423 1641/1/1423 1623/1/1423
f 1641/1/1424 248/1/1424 247/1/1424
f 247/1/1425 1638/1/1425 1641/1/1425
f 1642/1/1426 1638/1/1426 247/1/1426
f 247/1/1426 245/1/1426 1642/1/1426
f 1642/1/1427 245/1/1427 246/1/1427
f 246/1/1427 1647/1/1427 1642/1/1427
f 1647/1/1428 1648/1/1428 1643/1/1428
f 1643/1/1428 1642/1/1428 1647/1/1428
f 1646/1/1429 1643/1/1429 1648/1/1429
f 1648/1/1429 1649/1/1429 1646/1/1429
f 863/1/1430 862/1/1430 1646/1/1430
f 1646/1/1431 1649/1/1431 863/1/1431
f 1646/1/1432 862/1/1432 861/1/1432
f 861/1/1432 1644/1/1432 1646/1/1432
f 861/1/1433 860/1/1433 1645/1/1433
f 1645/1/1433 1644/1/1433 861/1/1433
f 860/1/1434 843/1/1434 1625/1/1434
f 1625/1/1435 1645/1/1435 860/1/1435
f 1624/1/1436 1640/1/1436 1645/1/1436
f 1645/1/1436 1625/1/1436 1624/1/1436
f 1640/1/1437 1624/1/1437 1623/1/1437
f 1623/1/1437 1641/1/1437 1640/1/1437
f 1650/1/1003 1651/1/1003 1652/1/1003
f 1652/1/1003 1653/1/1003 1650/1/1003
f 1654/1/1002 1655/1/1002 1651/1/1002
f 1651/1/1002 1650/1/1002 1654/1/1002
f 1651/1/1005 1656/1/1005 1657/1/1005
f 1657/1/1438 1652/1/1438 1651/1/1438
f 1655/1/1004 1658/1/1004 1656/1/1004
f 1656/1/1439 1651/1/1439 1655/1/1439
f 1653/1/1440 1659/1/1440 361/1/1440
f 361/1/1440 360/1/1440 1653/1/1440
f 370/1/1441 1650/1/1441 1653/1/1441
f 1653/1/1442 360/1/1442 370/1/1442
f 370/1/1007 369/1/1007 1654/1/1007
f 1654/1/1007 1650/1/1007 370/1/1007
f 369/1/1006 341/1/1006 1635/1/1006
f 1635/1/1443 1654/1/1443 369/1/1443
f 1655/1/1021 1654/1/1021 1635/1/1021
f 1635/1/1021 1637/1/1021 1655/1/1021
f 1636/1/1020 1658/1/1020 1655/1/1020
f 1655/1/1020 1637/1/1020 1636/1/1020
f 1636/1/1444 956/1/1444 979/1/1444
f 979/1/1445 1658/1/1445 1636/1/1445
f 1658/1/1018 979/1/1018 978/1/1018
f 978/1/1018 1656/1/1018 1658/1/1018
f 1656/1/1017 978/1/1017 977/1/1017
f 977/1/1017 1657/1/1017 1656/1/1017
f 1657/1/1016 977/1/1016 976/1/1016
f 976/1/1016 1660/1/1016 1657/1/1016
f 1661/1/1446 1652/1/1446 1657/1/1446
f 1657/1/1014 1660/1/1014 1661/1/1014
f 1652/1/1013 1661/1/1013 1659/1/1013
f 1659/1/1013 1653/1/1013 1652/1/1013
f 1662/1/1447 1663/1/1447 1664/1/1447
f 1664/1/1448 1665/1/1448 1662/1/1448
f 1666/1/1449 1667/1/1449 1663/1/1449
f 1663/1/1449 1662/1/1449 1666/1/1449
f 1663/1/1450 1668/1/1450 1669/1/1450
f 1669/1/1451 1664/1/1451 1663/1/1451
f 1670/1/1452 1668/1/1452 1663/1/1452
f 1663/1/1452 1667/1/1452 1670/1/1452
f 1647/1/1453 246/1/1453 268/1/1453
f 268/1/1454 1665/1/1454 1647/1/1454
f 1665/1/1455 268/1/1455 267/1/1455
f 267/1/1456 1662/1/1456 1665/1/1456
f 1666/1/1457 1662/1/1457 267/1/1457
f 267/1/1458 265/1/1458 1666/1/1458
f 1666/1/1459 265/1/1459 266/1/1459
f 266/1/1460 1671/1/1460 1666/1/1460
f 1671/1/1461 1672/1/1461 1667/1/1461
f 1667/1/1461 1666/1/1461 1671/1/1461
f 1670/1/1462 1667/1/1462 1672/1/1462
f 1672/1/1463 1673/1/1463 1670/1/1463
f 883/1/1464 882/1/1464 1670/1/1464
f 1670/1/1464 1673/1/1464 883/1/1464
f 1670/1/1465 882/1/1465 881/1/1465
f 881/1/1466 1668/1/1466 1670/1/1466
f 881/1/1467 880/1/1467 1669/1/1467
f 1669/1/1468 1668/1/1468 881/1/1468
f 880/1/1469 863/1/1469 1649/1/1469
f 1649/1/1470 1669/1/1470 880/1/1470
f 1648/1/1471 1664/1/1471 1669/1/1471
f 1669/1/1471 1649/1/1471 1648/1/1471
f 1647/1/1472 1665/1/1472 1664/1/1472
f 1664/1/1472 1648/1/1472 1647/1/1472
f 1674/1/1062 1675/1/1062 1676/1/1062
f 1676/1/1062 1677/1/1062 1674/1/1062
f 1678/1/1061 1679/1/1061 1675/1/1061
f 1675/1/1473 1674/1/1473 1678/1/1473
f 1675/1/1064 1680/1/1064 1681/1/1064
f 1681/1/1064 1676/1/1064 1675/1/1064
f 1679/1/1063 1682/1/1063 1680/1/1063
f 1680/1/1063 1675/1/1063 1679/1/1063
f 1677/1/1474 1683/1/1474 381/1/1474
f 381/1/1475 380/1/1475 1677/1/1475
f 390/1/1067 1674/1/1067 1677/1/1067
f 1677/1/1476 380/1/1476 390/1/1476
f 390/1/1066 389/1/1066 1678/1/1066
f 1678/1/1066 1674/1/1066 390/1/1066
f 389/1/1065 361/1/1065 1659/1/1065
f 1659/1/1065 1678/1/1065 389/1/1065
f 1679/1/1078 1678/1/1078 1659/1/1078
f 1659/1/1078 1661/1/1078 1679/1/1078
f 1660/1/1077 1682/1/1077 1679/1/1077
f 1679/1/1477 1661/1/1477 1660/1/1477
f 1660/1/1076 976/1/1076 999/1/1076
f 999/1/1076 1682/1/1076 1660/1/1076
f 1682/1/1074 999/1/1074 998/1/1074
f 998/1/1074 1680/1/1074 1682/1/1074
f 1680/1/1073 998/1/1073 997/1/1073
f 997/1/1073 1681/1/1073 1680/1/1073
f 1681/1/1072 997/1/1072 996/1/1072
f 996/1/1072 1684/1/1072 1681/1/1072
f 1685/1/1071 1676/1/1071 1681/1/1071
f 1681/1/1478 1684/1/1478 1685/1/1478
f 1676/1/1070 1685/1/1070 1683/1/1070
f 1683/1/1070 1677/1/1070 1676/1/1070
f 1686/1/1479 1687/1/1479 1688/1/1479
f 1688/1/1479 1689/1/1479 1686/1/1479
f 1690/1/1480 1691/1/1480 1687/1/1480
f 1687/1/1480 1686/1/1480 1690/1/1480
f 1687/1/1481 1692/1/1481 1693/1/1481
f 1693/1/1482 1688/1/1482 1687/1/1482
f 1694/1/1483 1692/1/1483 1687/1/1483
f 1687/1/1484 1691/1/1484 1694/1/1484
f 1671/1/1485 266/1/1485 288/1/1485
f 288/1/1485 1689/1/1485 1671/1/1485
f 1689/1/1486 288/1/1486 287/1/1486
f 287/1/1486 1686/1/1486 1689/1/1486
f 1690/1/1487 1686/1/1487 287/1/1487
f 287/1/1488 285/1/1488 1690/1/1488
f 1690/1/1489 285/1/1489 286/1/1489
f 286/1/1489 1695/1/1489 1690/1/1489
f 1695/1/1490 1696/1/1490 1691/1/1490
f 1691/1/1491 1690/1/1491 1695/1/1491
f 1694/1/1492 1691/1/1492 1696/1/1492
f 1696/1/1493 1697/1/1493 1694/1/1493
f 903/1/1494 902/1/1494 1694/1/1494
f 1694/1/1494 1697/1/1494 903/1/1494
f 1694/1/1495 902/1/1495 901/1/1495
f 901/1/1495 1692/1/1495 1694/1/1495
f 901/1/1496 900/1/1496 1693/1/1496
f 1693/1/1496 1692/1/1496 901/1/1496
f 900/1/1497 883/1/1497 1673/1/1497
f 1673/1/1498 1693/1/1498 900/1/1498
f 1672/1/1499 1688/1/1499 1693/1/1499
f 1693/1/1499 1673/1/1499 1672/1/1499
f 1671/1/1500 1689/1/1500 1688/1/1500
f 1688/1/1500 1672/1/1500 1671/1/1500
f 1698/1/1120 1699/1/1120 1700/1/1120
f 1700/1/1120 1701/1/1120 1698/1/1120
f 1702/1/1119 1703/1/1119 1699/1/1119
f 1699/1/1501 1698/1/1501 1702/1/1501
f 1699/1/1123 1704/1/1123 1705/1/1123
f 1705/1/1123 1700/1/1123 1699/1/1123
f 1703/1/1502 1706/1/1502 1704/1/1502
f 1704/1/1121 1699/1/1121 1703/1/1121
f 1701/1/1503 1707/1/1503 401/1/1503
f 401/1/1504 400/1/1504 1701/1/1504
f 410/1/1127 1698/1/1127 1701/1/1127
f 1701/1/1127 400/1/1127 410/1/1127
f 410/1/1125 409/1/1125 1702/1/1125
f 1702/1/1505 1698/1/1505 410/1/1505
f 409/1/1124 381/1/1124 1683/1/1124
f 1683/1/1124 1702/1/1124 409/1/1124
f 1703/1/1137 1702/1/1137 1683/1/1137
f 1683/1/1137 1685/1/1137 1703/1/1137
f 1684/1/1136 1706/1/1136 1703/1/1136
f 1703/1/1136 1685/1/1136 1684/1/1136
f 1684/1/1135 996/1/1135 1019/1/1135
f 1019/1/1135 1706/1/1135 1684/1/1135
f 1706/1/1133 1019/1/1133 1018/1/1133
f 1018/1/1133 1704/1/1133 1706/1/1133
f 1704/1/1132 1018/1/1132 1017/1/1132
f 1017/1/1506 1705/1/1506 1704/1/1506
f 1705/1/1131 1017/1/1131 1016/1/1131
f 1016/1/1131 1708/1/1131 1705/1/1131
f 1709/1/1130 1700/1/1130 1705/1/1130
f 1705/1/1130 1708/1/1130 1709/1/1130
f 1700/1/1129 1709/1/1129 1707/1/1129
f 1707/1/1129 1701/1/1129 1700/1/1129
f 1710/1/1507 1711/1/1507 1712/1/1507
f 1712/1/1508 1713/1/1508 1710/1/1508
f 1714/1/1509 1715/1/1509 1711/1/1509
f 1711/1/1509 1710/1/1509 1714/1/1509
f 1711/1/1510 1716/1/1510 1717/1/1510
f 1717/1/1510 1712/1/1510 1711/1/1510
f 1718/1/1511 1716/1/1511 1711/1/1511
f 1711/1/1511 1715/1/1511 1718/1/1511
f 1695/1/1512 286/1/1512 308/1/1512
f 308/1/1512 1713/1/1512 1695/1/1512
f 1713/1/1513 308/1/1513 307/1/1513
f 307/1/1513 1710/1/1513 1713/1/1513
f 1714/1/1514 1710/1/1514 307/1/1514
f 307/1/1514 305/1/1514 1714/1/1514
f 1714/1/1515 305/1/1515 306/1/1515
f 306/1/1515 1719/1/1515 1714/1/1515
f 1719/1/1516 1720/1/1516 1715/1/1516
f 1715/1/1516 1714/1/1516 1719/1/1516
f 1718/1/1517 1715/1/1517 1720/1/1517
f 1720/1/1517 1721/1/1517 1718/1/1517
f 923/1/1518 922/1/1518 1718/1/1518
f 1718/1/1519 1721/1/1519 923/1/1519
f 1718/1/1520 922/1/1520 921/1/1520
f 921/1/1520 1716/1/1520 1718/1/1520
f 921/1/1521 920/1/1521 1717/1/1521
f 1717/1/1521 1716/1/1521 921/1/1521
f 920/1/1522 903/1/1522 1697/1/1522
f 1697/1/1522 1717/1/1522 920/1/1522
f 1696/1/1523 1712/1/1523 1717/1/1523
f 1717/1/1524 1697/1/1524 1696/1/1524
f 1712/1/1525 1696/1/1525 1695/1/1525
f 1695/1/1525 1713/1/1525 1712/1/1525
f 1722/1/1186 1723/1/1186 1724/1/1186
f 1724/1/1186 1725/1/1186 1722/1/1186
f 1726/1/1184 1727/1/1184 1723/1/1184
f 1723/1/1184 1722/1/1184 1726/1/1184
f 1723/1/1188 1728/1/1188 1729/1/1188
f 1729/1/1188 1724/1/1188 1723/1/1188
f 1727/1/1187 1730/1/1187 1728/1/1187
f 1728/1/1187 1723/1/1187 1727/1/1187
f 1725/1/1193 1731/1/1193 421/1/1193
f 421/1/1193 420/1/1526 1725/1/1193
f 430/1/1192 1722/1/1192 1725/1/1192
f 1725/1/1192 420/1/1192 430/1/1192
f 430/1/1191 429/1/1191 1726/1/1191
f 1726/1/1527 1722/1/1527 430/1/1527
f 429/1/1189 401/1/1189 1707/1/1189
f 1707/1/1189 1726/1/1189 429/1/1189
f 1727/1/1203 1726/1/1203 1707/1/1203
f 1707/1/1203 1709/1/1203 1727/1/1203
f 1708/1/1202 1730/1/1202 1727/1/1202
f 1727/1/1202 1709/1/1202 1708/1/1202
f 1708/1/1201 1016/1/1201 1039/1/1201
f 1039/1/1201 1730/1/1201 1708/1/1201
f 1730/1/1200 1039/1/1200 1038/1/1200
f 1038/1/1528 1728/1/1528 1730/1/1528
f 1728/1/1199 1038/1/1199 1037/1/1199
f 1037/1/1199 1729/1/1199 1728/1/1199
f 1729/1/1197 1037/1/1197 1036/1/1197
f 1036/1/1529 1732/1/1529 1729/1/1529
f 1733/1/1196 1724/1/1196 1729/1/1196
f 1729/1/1196 1732/1/1196 1733/1/1196
f 1724/1/1194 1733/1/1194 1731/1/1194
f 1731/1/1194 1725/1/1194 1724/1/1194
f 1734/1/1530 1735/1/1530 1736/1/1530
f 1736/1/1530 1737/1/1530 1734/1/1530
f 1738/1/1531 1739/1/1531 1735/1/1531
f 1735/1/1531 1734/1/1531 1738/1/1531
f 1735/1/1532 1740/1/1532 1741/1/1532
f 1741/1/1533 1736/1/1533 1735/1/1533
f 1742/1/1534 1740/1/1534 1735/1/1534
f 1735/1/1534 1739/1/1534 1742/1/1534
f 1719/1/1535 306/1/1535 328/1/1535
f 328/1/1535 1737/1/1535 1719/1/1535
f 1737/1/1536 328/1/1536 327/1/1536
f 327/1/1536 1734/1/1536 1737/1/1536
f 1738/1/1537 1734/1/1537 327/1/1537
f 327/1/1537 325/1/1537 1738/1/1537
f 1738/1/1538 325/1/1538 326/1/1538
f 326/1/1539 1743/1/1539 1738/1/1539
f 1743/1/1540 1744/1/1540 1739/1/1540
f 1739/1/1541 1738/1/1541 1743/1/1541
f 1742/1/1542 1739/1/1542 1744/1/1542
f 1744/1/1542 1745/1/1542 1742/1/1542
f 943/1/1543 942/1/1543 1742/1/1543
f 1742/1/1544 1745/1/1544 943/1/1544
f 1742/1/1545 942/1/1545 941/1/1545
f 941/1/1545 1740/1/1545 1742/1/1545
f 941/1/1546 940/1/1546 1741/1/1546
f 1741/1/1546 1740/1/1546 941/1/1546
f 940/1/1547 923/1/1547 1721/1/1547
f 1721/1/1547 1741/1/1547 940/1/1547
f 1720/1/1548 1736/1/1548 1741/1/1548
f 1741/1/1549 1721/1/1549 1720/1/1549
f 1736/1/1550 1720/1/1550 1719/1/1550
f 1719/1/1550 1737/1/1550 1736/1/1550
f 1746/1/1551 1747/1/1551 1748/1/1551
f 1748/1/1551 1749/1/1551 1746/1/1551
f 1750/1/1552 1751/1/1552 1747/1/1552
f 1747/1/1553 1746/1/1553 1750/1/1553
f 1747/1/1230 1752/1/1230 1753/1/1230
f 1753/1/1230 1748/1/1230 1747/1/1230
f 1751/1/1229 1754/1/1229 1752/1/1229
f 1752/1/1229 1747/1/1229 1751/1/1229
f 1749/1/1235 1755/1/1235 441/1/1235
f 441/1/1235 440/1/1235 1749/1/1235
f 450/1/1234 1746/1/1234 1749/1/1234
f 1749/1/1234 440/1/1234 450/1/1234
f 450/1/1233 449/1/1233 1750/1/1233
f 1750/1/1233 1746/1/1233 450/1/1233
f 449/1/1554 421/1/1554 1731/1/1554
f 1731/1/1231 1750/1/1231 449/1/1231
f 1751/1/1247 1750/1/1247 1731/1/1247
f 1731/1/1247 1733/1/1247 1751/1/1247
f 1732/1/1555 1754/1/1555 1751/1/1555
f 1751/1/1555 1733/1/1555 1732/1/1555
f 1732/1/1244 1036/1/1244 1059/1/1244
f 1059/1/1244 1754/1/1244 1732/1/1244
f 1754/1/1556 1059/1/1556 1058/1/1556
f 1058/1/1243 1752/1/1243 1754/1/1243
f 1752/1/1241 1058/1/1241 1057/1/1241
f 1057/1/1241 1753/1/1241 1752/1/1241
f 1753/1/1240 1057/1/1240 1056/1/1240
f 1056/1/1240 1756/1/1240 1753/1/1240
f 1757/1/1557 1748/1/1557 1753/1/1557
f 1753/1/1557 1756/1/1557 1757/1/1557
f 1748/1/1558 1757/1/1558 1755/1/1558
f 1755/1/1237 1749/1/1237 1748/1/1237
f 1758/1/1559 1759/1/1559 1760/1/1559
f 1760/1/1559 1761/1/1559 1758/1/1559
f 1762/1/944 1763/1/944 1759/1/944
f 1759/1/944 1758/1/944 1762/1/944
f 1759/1/947 1764/1/947 1765/1/947
f 1765/1/947 1760/1/947 1759/1/947
f 1766/1/946 1764/1/946 1759/1/946
f 1759/1/1560 1763/1/1560 1766/1/1560
f 1743/1/1561 326/1/1561 348/1/1561
f 348/1/952 1761/1/952 1743/1/952
f 1761/1/951 348/1/951 347/1/951
f 347/1/951 1758/1/951 1761/1/951
f 1762/1/950 1758/1/950 347/1/950
f 347/1/950 345/1/950 1762/1/950
f 1762/1/949 345/1/949 346/1/949
f 346/1/949 1767/1/949 1762/1/949
f 1767/1/961 1768/1/961 1763/1/961
f 1763/1/961 1762/1/961 1767/1/961
f 1766/1/960 1763/1/960 1768/1/960
f 1768/1/960 1769/1/960 1766/1/960
f 963/1/958 962/1/958 1766/1/958
f 1766/1/958 1769/1/958 963/1/958
f 1766/1/957 962/1/957 961/1/957
f 961/1/957 1764/1/957 1766/1/957
f 961/1/956 960/1/956 1765/1/956
f 1765/1/956 1764/1/956 961/1/956
f 960/1/955 943/1/955 1745/1/955
f 1745/1/955 1765/1/955 960/1/955
f 1744/1/1562 1760/1/1562 1765/1/1562
f 1765/1/954 1745/1/954 1744/1/954
f 1743/1/953 1761/1/953 1760/1/953
f 1760/1/953 1744/1/953 1743/1/953
f 1770/1/1563 1771/1/1563 1772/1/1563
f 1772/1/1564 1773/1/1564 1770/1/1564
f 1774/1/1565 1775/1/1565 1771/1/1565
f 1771/1/1278 1770/1/1278 1774/1/1278
f 1771/1/1283 1776/1/1283 1777/1/1283
f 1777/1/1283 1772/1/1283 1771/1/1283
f 1775/1/1282 1778/1/1282 1776/1/1282
f 1776/1/1282 1771/1/1282 1775/1/1282
f 1773/1/1291 1779/1/1291 461/1/1291
f 461/1/1291 460/1/1291 1773/1/1291
f 470/1/1289 1770/1/1289 1773/1/1289
f 1773/1/1566 460/1/1566 470/1/1566
f 470/1/1287 469/1/1287 1774/1/1287
f 1774/1/1287 1770/1/1287 470/1/1287
f 469/1/1567 441/1/1567 1755/1/1567
f 1755/1/1567 1774/1/1567 469/1/1567
f 1775/1/1301 1774/1/1301 1755/1/1301
f 1755/1/1301 1757/1/1301 1775/1/1301
f 1756/1/1568 1778/1/1568 1775/1/1568
f 1775/1/1300 1757/1/1300 1756/1/1300
f 1756/1/1299 1056/1/1299 1079/1/1299
f 1079/1/1569 1778/1/1569 1756/1/1569
f 1778/1/1296 1079/1/1296 1078/1/1296
f 1078/1/1296 1776/1/1296 1778/1/1296
f 1776/1/1295 1078/1/1295 1077/1/1295
f 1077/1/1295 1777/1/1295 1776/1/1295
f 1777/1/1294 1077/1/1294 1076/1/1294
f 1076/1/1294 1780/1/1294 1777/1/1294
f 1781/1/1570 1772/1/1570 1777/1/1570
f 1777/1/1293 1780/1/1293 1781/1/1293
f 1772/1/1292 1781/1/1292 1779/1/1292
f 1779/1/1292 1773/1/1292 1772/1/1292
f 1782/1/1571 1783/1/1571 1784/1/1571
f 1784/1/1572 1785/1/1572 1782/1/1572
f 1786/1/1573 1787/1/1573 1783/1/1573
f 1783/1/1573 1782/1/1573 1786/1/1573
f 1783/1/1574 1788/1/1574 1789/1/1574
f 1789/1/1574 1784/1/1574 1783/1/1574
f 1790/1/1575 1788/1/1575 1783/1/1575
f 1783/1/1575 1787/1/1575 1790/1/1575
f 1767/1/1576 346/1/1576 368/1/1576
f 368/1/1577 1785/1/1577 1767/1/1577
f 1785/1/1578 368/1/1578 367/1/1578
f 367/1/1578 1782/1/1578 1785/1/1578
f 1786/1/1579 1782/1/1579 367/1/1579
f 367/1/1579 365/1/1579 1786/1/1579
f 1786/1/1580 365/1/1580 366/1/1580
f 366/1/1580 1791/1/1580 1786/1/1580
f 1791/1/1581 1792/1/1581 1787/1/1581
f 1787/1/1582 1786/1/1582 1791/1/1582
f 1790/1/1583 1787/1/1583 1792/1/1583
f 1792/1/1584 1793/1/1584 1790/1/1584
f 983/1/1585 982/1/1585 1790/1/1585
f 1790/1/1586 1793/1/1586 983/1/1586
f 1790/1/1587 982/1/1587 981/1/1587
f 981/1/1588 1788/1/1588 1790/1/1588
f 981/1/1589 980/1/1589 1789/1/1589
f 1789/1/1589 1788/1/1589 981/1/1589
f 980/1/1590 963/1/1590 1769/1/1590
f 1769/1/1590 1789/1/1590 980/1/1590
f 1768/1/1591 1784/1/1591 1789/1/1591
f 1789/1/1591 1769/1/1591 1768/1/1591
f 1767/1/1592 1785/1/1592 1784/1/1592
f 1784/1/1592 1768/1/1592 1767/1/1592
f 1794/1/1309 1795/1/1309 1796/1/1309
f 1796/1/1309 1797/1/1309 1794/1/1309
f 1798/1/1593 1799/1/1593 1795/1/1593
f 1795/1/1594 1794/1/1594 1798/1/1594
f 1795/1/1312 1800/1/1312 1801/1/1312
f 1801/1/1312 1796/1/1312 1795/1/1312
f 1799/1/1311 1802/1/1311 1800/1/1311
f 1800/1/1595 1795/1/1595 1799/1/1595
f 1797/1/1596 1803/1/1596 481/1/1596
f 481/1/1316 480/1/1316 1797/1/1316
f 490/1/1315 1794/1/1315 1797/1/1315
f 1797/1/1315 480/1/1315 490/1/1315
f 490/1/1597 489/1/1597 1798/1/1597
f 1798/1/1314 1794/1/1314 490/1/1314
f 489/1/1313 461/1/1313 1779/1/1313
f 1779/1/1313 1798/1/1313 489/1/1313
f 1799/1/1326 1798/1/1326 1779/1/1326
f 1779/1/1326 1781/1/1326 1799/1/1326
f 1780/1/1325 1802/1/1325 1799/1/1325
f 1799/1/1325 1781/1/1325 1780/1/1325
f 1780/1/1324 1076/1/1324 1099/1/1324
f 1099/1/1324 1802/1/1324 1780/1/1324
f 1802/1/1598 1099/1/1598 1098/1/1598
f 1098/1/1598 1800/1/1598 1802/1/1598
f 1800/1/1321 1098/1/1321 1097/1/1321
f 1097/1/1321 1801/1/1321 1800/1/1321
f 1801/1/1320 1097/1/1320 1096/1/1320
f 1096/1/1599 1804/1/1599 1801/1/1599
f 1801/1/1319 1804/1/1319 1805/1/1319
f 1805/1/1319 1796/1/1319 1801/1/1319
f 1796/1/1317 1805/1/1317 1803/1/1317
f 1803/1/1317 1797/1/1317 1796/1/1317
f 1806/1/1600 1807/1/1600 1808/1/1600
f 1808/1/1600 1809/1/1600 1806/1/1600
f 1810/1/1601 1811/1/1601 1807/1/1601
f 1807/1/1602 1806/1/1602 1810/1/1602
f 1807/1/1603 1812/1/1603 1813/1/1603
f 1813/1/1603 1808/1/1603 1807/1/1603
f 1814/1/1604 1812/1/1604 1807/1/1604
f 1807/1/1604 1811/1/1604 1814/1/1604
f 1791/1/1605 366/1/1605 388/1/1605
f 388/1/1605 1809/1/1605 1791/1/1605
f 1809/1/1606 388/1/1606 387/1/1606
f 387/1/1606 1806/1/1606 1809/1/1606
f 1810/1/1607 1806/1/1607 387/1/1607
f 387/1/1608 385/1/1608 1810/1/1608
f 1810/1/1609 385/1/1609 386/1/1609
f 386/1/1609 1815/1/1609 1810/1/1609
f 1815/1/1610 1816/1/1610 1811/1/1610
f 1811/1/1610 1810/1/1610 1815/1/1610
f 1814/1/1611 1811/1/1611 1816/1/1611
f 1816/1/1611 1817/1/1611 1814/1/1611
f 1003/1/1612 1002/1/1612 1814/1/1612
f 1814/1/1612 1817/1/1612 1003/1/1612
f 1814/1/1613 1002/1/1613 1001/1/1613
f 1001/1/1614 1812/1/1614 1814/1/1614
f 1001/1/1615 1000/1/1615 1813/1/1615
f 1813/1/1616 1812/1/1616 1001/1/1616
f 1000/1/1617 983/1/1617 1793/1/1617
f 1793/1/1617 1813/1/1617 1000/1/1617
f 1792/1/1618 1808/1/1618 1813/1/1618
f 1813/1/1618 1793/1/1618 1792/1/1618
f 1808/1/1619 1792/1/1619 1791/1/1619
f 1791/1/1619 1809/1/1619 1808/1/1619
f 1818/1/1620 1819/1/1620 1820/1/1620
f 1820/1/1335 1821/1/1335 1818/1/1335
f 1822/1/1334 1823/1/1334 1819/1/1334
f 1819/1/1334 1818/1/1334 1822/1/1334
f 1819/1/1338 1824/1/1338 1825/1/1338
f 1825/1/1338 1820/1/1338 1819/1/1338
f 1823/1/1337 1826/1/1337 1824/1/1337
f 1824/1/1337 1819/1/1337 1823/1/1337
f 1821/1/1345 1827/1/1345 501/1/1345
f 501/1/1345 500/1/1345 1821/1/1345
f 510/1/1344 1818/1/1344 1821/1/1344
f 1821/1/1344 500/1/1344 510/1/1344
f 510/1/1342 509/1/1342 1822/1/1342
f 1822/1/1341 1818/1/1341 510/1/1341
f 509/1/1621 481/1/1621 1803/1/1621
f 1803/1/1340 1822/1/1340 509/1/1340
f 1823/1/1622 1822/1/1622 1803/1/1622
f 1803/1/1356 1805/1/1356 1823/1/1356
f 1804/1/1623 1826/1/1624 1823/1/1623
f 1823/1/1355 1805/1/1355 1804/1/1355
f 1804/1/1354 1096/1/1354 1119/1/1354
f 1119/1/1354 1826/1/1354 1804/1/1354
f 1826/1/1353 1119/1/1353 1118/1/1353
f 1118/1/1353 1824/1/1353 1826/1/1353
f 1824/1/1625 1118/1/1625 1117/1/1625
f 1117/1/1352 1825/1/1352 1824/1/1352
f 1825/1/1350 1117/1/1350 1116/1/1350
f 1116/1/1350 1828/1/1350 1825/1/1350
f 1825/1/1348 1828/1/1348 1829/1/1348
f 1829/1/1348 1820/1/1348 1825/1/1348
f 1820/1/1346 1829/1/1346 1827/1/1346
f 1827/1/1346 1821/1/1346 1820/1/1346
f 1830/1/1626 1831/1/1626 1832/1/1626
f 1832/1/1627 1833/1/1627 1830/1/1627
f 1834/1/1628 1835/1/1628 1831/1/1628
f 1831/1/1629 1830/1/1629 1834/1/1629
f 1831/1/1630 1836/1/1630 1837/1/1630
f 1837/1/1631 1832/1/1631 1831/1/1631
f 1838/1/1632 1836/1/1632 1831/1/1632
f 1831/1/1632 1835/1/1632 1838/1/1632
f 1815/1/1633 386/1/1633 408/1/1633
f 408/1/1633 1833/1/1633 1815/1/1633
f 1833/1/1634 408/1/1634 407/1/1634
f 407/1/1635 1830/1/1635 1833/1/1635
f 1834/1/1636 1830/1/1636 407/1/1636
f 407/1/1636 405/1/1636 1834/1/1636
f 1834/1/1637 405/1/1637 406/1/1637
f 406/1/1637 1839/1/1637 1834/1/1637
f 1839/1/1638 1840/1/1638 1835/1/1638
f 1835/1/1638 1834/1/1638 1839/1/1638
f 1838/1/1639 1835/1/1639 1840/1/1639
f 1840/1/1639 1841/1/1639 1838/1/1639
f 1023/1/1640 1022/1/1640 1838/1/1640
f 1838/1/1640 1841/1/1640 1023/1/1640
f 1838/1/1641 1022/1/1641 1021/1/1641
f 1021/1/1641 1836/1/1641 1838/1/1641
f 1021/1/1642 1020/1/1642 1837/1/1642
f 1837/1/1643 1836/1/1643 1021/1/1643
f 1020/1/1644 1003/1/1644 1817/1/1644
f 1817/1/1644 1837/1/1644 1020/1/1644
f 1816/1/1645 1832/1/1645 1837/1/1645
f 1837/1/1646 1817/1/1646 1816/1/1646
f 1815/1/1647 1833/1/1647 1832/1/1647
f 1832/1/1647 1816/1/1647 1815/1/1647
f 1842/1/1366 1843/1/1366 1844/1/1366
f 1844/1/1366 1845/1/1366 1842/1/1366
f 1846/1/1364 1847/1/1364 1843/1/1364
f 1843/1/1364 1842/1/1364 1846/1/1364
f 1843/1/1368 1848/1/1368 1849/1/1368
f 1849/1/1368 1844/1/1368 1843/1/1368
f 1847/1/1367 1850/1/1367 1848/1/1367
f 1848/1/1367 1843/1/1367 1847/1/1367
f 1845/1/1372 1851/1/1372 521/1/1372
f 521/1/1648 520/1/1648 1845/1/1648
f 530/1/1371 1842/1/1371 1845/1/1371
f 1845/1/1649 520/1/1649 530/1/1649
f 530/1/1370 529/1/1370 1846/1/1370
f 1846/1/1370 1842/1/1370 530/1/1370
f 529/1/1369 501/1/1369 1827/1/1369
f 1827/1/1369 1846/1/1369 529/1/1369
f 1847/1/1383 1846/1/1383 1827/1/1383
f 1827/1/1383 1829/1/1383 1847/1/1383
f 1828/1/1382 1850/1/1382 1847/1/1382
f 1847/1/1382 1829/1/1382 1828/1/1382
f 1828/1/1650 1116/1/1650 1139/1/1650
f 1139/1/1650 1850/1/1650 1828/1/1650
f 1850/1/1379 1139/1/1379 1138/1/1379
f 1138/1/1379 1848/1/1379 1850/1/1379
f 1848/1/1377 1138/1/1377 1137/1/1377
f 1137/1/1377 1849/1/1377 1848/1/1377
f 1849/1/1376 1137/1/1376 1136/1/1376
f 1136/1/1651 1852/1/1651 1849/1/1651
f 1853/1/1375 1844/1/1375 1849/1/1375
f 1849/1/1652 1852/1/1652 1853/1/1652
f 1844/1/1373 1853/1/1373 1851/1/1373
f 1851/1/1373 1845/1/1373 1844/1/1373
f 1854/1/1653 1855/1/1653 1856/1/1653
f 1856/1/1653 1857/1/1653 1854/1/1653
f 1858/1/1654 1859/1/1654 1855/1/1654
f 1855/1/1654 1854/1/1654 1858/1/1654
f 1855/1/1655 1860/1/1655 1861/1/1655
f 1861/1/1656 1856/1/1656 1855/1/1656
f 1862/1/1657 1860/1/1657 1855/1/1657
f 1855/1/1657 1859/1/1657 1862/1/1657
f 1839/1/1658 406/1/1658 428/1/1658
f 428/1/1659 1857/1/1659 1839/1/1659
f 1857/1/1660 428/1/1660 427/1/1660
f 427/1/1660 1854/1/1660 1857/1/1660
f 1858/1/1661 1854/1/1661 427/1/1661
f 427/1/1661 425/1/1661 1858/1/1661
f 1858/1/1662 425/1/1662 426/1/1662
f 426/1/1663 1863/1/1663 1858/1/1663
f 1863/1/1664 1864/1/1664 1859/1/1664
f 1859/1/1664 1858/1/1664 1863/1/1664
f 1862/1/1665 1859/1/1665 1864/1/1665
f 1864/1/1665 1865/1/1665 1862/1/1665
f 1043/1/1666 1042/1/1666 1862/1/1666
f 1862/1/1666 1865/1/1666 1043/1/1666
f 1862/1/1667 1042/1/1667 1041/1/1667
f 1041/1/1668 1860/1/1668 1862/1/1668
f 1041/1/1669 1040/1/1669 1861/1/1669
f 1861/1/1669 1860/1/1669 1041/1/1669
f 1040/1/1670 1023/1/1670 1841/1/1670
f 1841/1/1670 1861/1/1670 1040/1/1670
f 1840/1/1671 1856/1/1671 1861/1/1671
f 1861/1/1671 1841/1/1671 1840/1/1671
f 1839/1/1672 1857/1/1672 1856/1/1672
f 1856/1/1672 1840/1/1672 1839/1/1672
f 1866/1/1673 1867/1/1673 1868/1/1673
f 1868/1/1392 1869/1/1392 1866/1/1392
f 1870/1/1391 1871/1/1391 1867/1/1391
f 1867/1/1391 1866/1/1391 1870/1/1391
f 1867/1/1674 1872/1/1674 1873/1/1674
f 1873/1/1396 1868/1/1396 1867/1/1396
f 1871/1/1675 1874/1/1675 1872/1/1675
f 1872/1/1394 1867/1/1394 1871/1/1394
f 1869/1/1400 1875/1/1400 541/1/1400
f 541/1/1400 540/1/1400 1869/1/1400
f 550/1/1399 1866/1/1399 1869/1/1399
f 1869/1/1676 540/1/1676 550/1/1676
f 550/1/1398 549/1/1398 1870/1/1398
f 1870/1/1398 1866/1/1398 550/1/1398
f 549/1/1397 521/1/1397 1851/1/1397
f 1851/1/1397 1870/1/1397 549/1/1397
f 1871/1/1409 1870/1/1409 1851/1/1409
f 1851/1/1409 1853/1/1409 1871/1/1409
f 1852/1/1677 1874/1/1677 1871/1/1677
f 1871/1/1408 1853/1/1408 1852/1/1408
f 1852/1/1407 1136/1/1407 1159/1/1407
f 1159/1/1407 1874/1/1407 1852/1/1407
f 1874/1/1406 1159/1/1406 1158/1/1406
f 1158/1/1406 1872/1/1406 1874/1/1406
f 1872/1/1678 1158/1/1678 1157/1/1678
f 1157/1/1679 1873/1/1679 1872/1/1679
f 1873/1/1403 1157/1/1403 1156/1/1403
f 1156/1/1403 1876/1/1403 1873/1/1403
f 1877/1/1402 1868/1/1402 1873/1/1402
f 1873/1/1402 1876/1/1402 1877/1/1402
f 1868/1/1401 1877/1/1401 1875/1/1401
f 1875/1/1401 1869/1/1401 1868/1/1401
f 1878/1/1680 1879/1/1680 1880/1/1680
f 1880/1/1680 1881/1/1680 1878/1/1680
f 1882/1/1681 1883/1/1681 1879/1/1681
f 1879/1/1681 1878/1/1681 1882/1/1681
f 1879/1/1682 1884/1/1682 1885/1/1682
f 1885/1/1682 1880/1/1682 1879/1/1682
f 1886/1/1683 1884/1/1683 1879/1/1683
f 1879/1/1683 1883/1/1683 1886/1/1683
f 1863/1/1684 426/1/1684 448/1/1684
f 448/1/1684 1881/1/1684 1863/1/1684
f 1881/1/1685 448/1/1685 447/1/1685
f 447/1/1685 1878/1/1685 1881/1/1685
f 1882/1/1686 1878/1/1686 447/1/1686
f 447/1/1686 445/1/1686 1882/1/1686
f 1882/1/1687 445/1/1687 446/1/1687
f 446/1/1687 1887/1/1687 1882/1/1687
f 1887/1/1688 1888/1/1688 1883/1/1688
f 1883/1/1688 1882/1/1688 1887/1/1688
f 1886/1/1689 1883/1/1689 1888/1/1689
f 1888/1/1689 1889/1/1689 1886/1/1689
f 1063/1/1690 1062/1/1690 1886/1/1690
f 1886/1/1690 1889/1/1690 1063/1/1690
f 1886/1/1691 1062/1/1691 1061/1/1691
f 1061/1/1691 1884/1/1691 1886/1/1691
f 1061/1/1692 1060/1/1692 1885/1/1692
f 1885/1/1692 1884/1/1692 1061/1/1692
f 1060/1/1693 1043/1/1693 1865/1/1693
f 1865/1/1693 1885/1/1693 1060/1/1693
f 1864/1/1694 1880/1/1694 1885/1/1694
f 1885/1/1694 1865/1/1694 1864/1/1694
f 1880/1/1695 1864/1/1695 1863/1/1695
f 1863/1/1696 1881/1/1696 1880/1/1696
f 1890/1/1417 1891/1/1417 1892/1/1417
f 1892/1/1417 1893/1/1417 1890/1/1417
f 1894/1/1697 1895/1/1697 1891/1/1697
f 1891/1/1698 1890/1/1698 1894/1/1698
f 1891/1/1699 1896/1/1699 1897/1/1699
f 1897/1/1421 1892/1/1421 1891/1/1421
f 1895/1/1700 1898/1/1700 1896/1/1700
f 1896/1/1418 1891/1/1418 1895/1/1418
f 1893/1/1427 1899/1/1427 561/1/1427
f 561/1/1701 560/1/1701 1893/1/1701
f 570/1/1426 1890/1/1426 1893/1/1426
f 1893/1/1426 560/1/1426 570/1/1426
f 570/1/1425 569/1/1425 1894/1/1425
f 1894/1/1425 1890/1/1425 570/1/1425
f 569/1/1422 541/1/1422 1875/1/1422
f 1875/1/1702 1894/1/1702 569/1/1702
f 1895/1/1703 1894/1/1703 1875/1/1703
f 1875/1/1437 1877/1/1437 1895/1/1437
f 1876/1/1436 1898/1/1436 1895/1/1436
f 1895/1/1436 1877/1/1436 1876/1/1436
f 1876/1/1434 1156/1/1434 1179/1/1434
f 1179/1/1434 1898/1/1434 1876/1/1434
f 1898/1/1433 1179/1/1433 1178/1/1433
f 1178/1/1433 1896/1/1433 1898/1/1433
f 1896/1/1432 1178/1/1432 1177/1/1432
f 1177/1/1432 1897/1/1432 1896/1/1432
f 1897/1/1431 1177/1/1431 1176/1/1431
f 1176/1/1431 1900/1/1431 1897/1/1431
f 1897/1/1429 1900/1/1429 1901/1/1429
f 1901/1/1704 1892/1/1704 1897/1/1704
f 1892/1/1428 1901/1/1428 1899/1/1428
f 1899/1/1428 1893/1/1428 1892/1/1428
f 1902/1/1573 1903/1/1573 1904/1/1573
f 1904/1/1573 1905/1/1573 1902/1/1573
f 1906/1/1571 1907/1/1571 1903/1/1571
f 1903/1/1571 1902/1/1571 1906/1/1571
f 1903/1/1575 1908/1/1575 1909/1/1575
f 1909/1/1575 1904/1/1575 1903/1/1575
f 1903/1/1574 1907/1/1574 1910/1/1574
f 1910/1/1574 1908/1/1574 1903/1/1574
f 1905/1/1580 1911/1/1580 37/1/1580
f 37/1/1580 36/1/1580 1905/1/1580
f 1905/1/1705 36/1/1705 50/1/1705
f 50/1/1705 1902/1/1705 1905/1/1705
f 48/1/1578 1906/1/1578 1902/1/1578
f 1902/1/1578 50/1/1578 48/1/1578
f 1305/1/1706 1906/1/1706 48/1/1706
f 48/1/1576 49/1/1576 1305/1/1576
f 1906/1/1592 1305/1/1592 1310/1/1592
f 1310/1/1592 1907/1/1592 1906/1/1592
f 1907/1/1591 1310/1/1591 1309/1/1591
f 1309/1/1591 1910/1/1591 1907/1/1591
f 15/1/1590 14/1/1590 1910/1/1590
f 1910/1/1590 1309/1/1590 15/1/1590
f 1910/1/1589 14/1/1589 13/1/1589
f 13/1/1589 1908/1/1589 1910/1/1589
f 1909/1/1587 1908/1/1587 13/1/1587
f 13/1/1707 12/1/1707 1909/1/1707
f 12/1/1708 11/1/1708 1912/1/1708
f 1912/1/1708 1909/1/1708 12/1/1708
f 1904/1/1583 1909/1/1583 1912/1/1583
f 1912/1/1584 1913/1/1584 1904/1/1584
f 1904/1/1709 1913/1/1709 1911/1/1709
f 1911/1/1709 1905/1/1709 1904/1/1709
f 1914/1/965 1915/1/965 1916/1/965
f 1916/1/965 1917/1/965 1914/1/965
f 1918/1/1710 1919/1/1710 1915/1/1710
f 1915/1/1710 1914/1/1710 1918/1/1710
f 1915/1/968 1920/1/968 1921/1/968
f 1921/1/968 1916/1/968 1915/1/968
f 1922/1/967 1920/1/967 1915/1/967
f 1915/1/966 1919/1/966 1922/1/966
f 1887/1/973 446/1/973 468/1/973
f 468/1/973 1917/1/973 1887/1/973
f 1917/1/971 468/1/971 467/1/971
f 467/1/971 1914/1/971 1917/1/971
f 1918/1/970 1914/1/970 467/1/970
f 467/1/970 465/1/970 1918/1/970
f 1923/1/969 1918/1/969 465/1/969
f 465/1/969 466/1/969 1923/1/969
f 1923/1/1711 1924/1/1711 1919/1/1711
f 1919/1/1711 1918/1/1711 1923/1/1711
f 1922/1/980 1919/1/980 1924/1/980
f 1924/1/1712 1925/1/1712 1922/1/1712
f 1922/1/979 1925/1/979 1083/1/979
f 1083/1/1713 1082/1/1713 1922/1/1713
f 1922/1/978 1082/1/978 1081/1/978
f 1081/1/1714 1920/1/1714 1922/1/1714
f 1081/1/977 1080/1/977 1921/1/977
f 1921/1/977 1920/1/977 1081/1/977
f 1080/1/1715 1063/1/1715 1889/1/1715
f 1889/1/976 1921/1/976 1080/1/976
f 1889/1/975 1888/1/975 1916/1/975
f 1916/1/975 1921/1/975 1889/1/975
f 1887/1/974 1917/1/974 1916/1/974
f 1916/1/974 1888/1/974 1887/1/974
f 1926/1/1716 1927/1/1716 1928/1/1716
f 1928/1/1449 1929/1/1449 1926/1/1449
f 1930/1/1447 1931/1/1447 1927/1/1447
f 1927/1/1447 1926/1/1447 1930/1/1447
f 1927/1/1717 1932/1/1717 1933/1/1717
f 1933/1/1717 1928/1/1717 1927/1/1717
f 1931/1/1451 1934/1/1451 1932/1/1451
f 1932/1/1451 1927/1/1451 1931/1/1451
f 1929/1/1459 1935/1/1459 581/1/1459
f 581/1/1718 580/1/1718 1929/1/1718
f 590/1/1458 1926/1/1458 1929/1/1458
f 1929/1/1458 580/1/1458 590/1/1458
f 590/1/1455 589/1/1455 1930/1/1455
f 1930/1/1455 1926/1/1455 590/1/1455
f 589/1/1454 561/1/1454 1899/1/1454
f 1899/1/1454 1930/1/1454 589/1/1454
f 1931/1/1719 1930/1/1719 1899/1/1719
f 1899/1/1719 1901/1/1719 1931/1/1719
f 1900/1/1471 1934/1/1471 1931/1/1471
f 1931/1/1471 1901/1/1471 1900/1/1471
f 1900/1/1470 1176/1/1470 1199/1/1470
f 1199/1/1470 1934/1/1470 1900/1/1470
f 1934/1/1467 1199/1/1467 1198/1/1467
f 1198/1/1720 1932/1/1720 1934/1/1720
f 1932/1/1721 1198/1/1721 1197/1/1721
f 1197/1/1722 1933/1/1722 1932/1/1722
f 1197/1/1464 1196/1/1464 1936/1/1464
f 1936/1/1723 1933/1/1723 1197/1/1723
f 1928/1/1462 1933/1/1462 1936/1/1462
f 1936/1/1462 1937/1/1462 1928/1/1462
f 1929/1/1461 1928/1/1461 1937/1/1461
f 1937/1/1461 1935/1/1461 1929/1/1461
f 1938/1/1724 1939/1/1724 1940/1/1724
f 1940/1/1725 1941/1/1725 1938/1/1725
f 1942/1/1600 1943/1/1600 1939/1/1600
f 1939/1/1600 1938/1/1600 1942/1/1600
f 1939/1/1604 1944/1/1604 1945/1/1604
f 1945/1/1604 1940/1/1604 1939/1/1604
f 1939/1/1603 1943/1/1603 1946/1/1603
f 1946/1/1603 1944/1/1603 1939/1/1603
f 61/1/1609 60/1/1609 1941/1/1609
f 1941/1/1609 1947/1/1609 61/1/1609
f 1941/1/1608 60/1/1608 70/1/1608
f 70/1/1608 1938/1/1608 1941/1/1608
f 70/1/1606 69/1/1606 1942/1/1606
f 1942/1/1606 1938/1/1606 70/1/1606
f 1942/1/1605 69/1/1605 37/1/1605
f 37/1/1605 1911/1/1605 1942/1/1605
f 1913/1/1619 1943/1/1619 1942/1/1619
f 1942/1/1619 1911/1/1619 1913/1/1619
f 1912/1/1618 1946/1/1618 1943/1/1618
f 1943/1/1618 1913/1/1618 1912/1/1618
f 11/1/1617 679/1/1617 1946/1/1617
f 1946/1/1617 1912/1/1617 11/1/1617
f 1946/1/1616 679/1/1616 678/1/1616
f 678/1/1616 1944/1/1616 1946/1/1616
f 1945/1/1614 1944/1/1614 678/1/1614
f 678/1/1614 675/1/1614 1945/1/1614
f 675/1/1726 677/1/1726 1948/1/1726
f 1948/1/1726 1945/1/1726 675/1/1726
f 1940/1/1727 1945/1/1727 1948/1/1727
f 1948/1/1611 1949/1/1611 1940/1/1611
f 1940/1/1610 1949/1/1610 1947/1/1610
f 1947/1/1728 1941/1/1728 1940/1/1728
f 1950/1/1729 1951/1/1729 1952/1/1729
f 1952/1/1729 1953/1/1729 1950/1/1729
f 1954/1/1022 1955/1/1022 1951/1/1022
f 1951/1/1022 1950/1/1022 1954/1/1022
f 1951/1/1027 1956/1/1027 1957/1/1027
f 1957/1/1730 1952/1/1730 1951/1/1730
f 1958/1/1025 1956/1/1025 1951/1/1025
f 1951/1/1025 1955/1/1025 1958/1/1025
f 1923/1/1731 466/1/1731 488/1/1731
f 488/1/1731 1953/1/1731 1923/1/1731
f 1953/1/1030 488/1/1030 487/1/1030
f 487/1/1030 1950/1/1030 1953/1/1030
f 1954/1/1029 1950/1/1029 487/1/1029
f 487/1/1029 485/1/1029 1954/1/1029
f 1959/1/1028 1954/1/1028 485/1/1028
f 485/1/1028 486/1/1028 1959/1/1028
f 1959/1/1040 1960/1/1040 1955/1/1040
f 1955/1/1040 1954/1/1040 1959/1/1040
f 1958/1/1039 1955/1/1039 1960/1/1039
f 1960/1/1039 1961/1/1039 1958/1/1039
f 1958/1/1038 1961/1/1038 1103/1/1038
f 1103/1/1038 1102/1/1038 1958/1/1038
f 1958/1/1037 1102/1/1037 1101/1/1037
f 1101/1/1732 1956/1/1732 1958/1/1732
f 1101/1/1036 1100/1/1036 1957/1/1036
f 1957/1/1036 1956/1/1036 1101/1/1036
f 1100/1/1035 1083/1/1035 1925/1/1035
f 1925/1/1035 1957/1/1035 1100/1/1035
f 1952/1/1034 1957/1/1034 1925/1/1034
f 1925/1/1034 1924/1/1034 1952/1/1034
f 1953/1/1033 1952/1/1033 1924/1/1033
f 1924/1/1033 1923/1/1033 1953/1/1033
f 1962/1/1480 1963/1/1480 1964/1/1480
f 1964/1/1480 1965/1/1480 1962/1/1480
f 1966/1/1479 1967/1/1479 1963/1/1479
f 1963/1/1479 1962/1/1479 1966/1/1479
f 1963/1/1483 1968/1/1483 1969/1/1483
f 1969/1/1483 1964/1/1483 1963/1/1483
f 1967/1/1481 1970/1/1481 1968/1/1481
f 1968/1/1481 1963/1/1481 1967/1/1481
f 1965/1/1489 1971/1/1489 601/1/1489
f 601/1/1489 600/1/1489 1965/1/1489
f 610/1/1733 1962/1/1733 1965/1/1733
f 1965/1/1487 600/1/1487 610/1/1487
f 610/1/1486 609/1/1486 1966/1/1486
f 1966/1/1486 1962/1/1486 610/1/1486
f 609/1/1485 581/1/1485 1935/1/1485
f 1935/1/1485 1966/1/1485 609/1/1485
f 1966/1/1734 1935/1/1734 1937/1/1734
f 1937/1/1500 1967/1/1500 1966/1/1500
f 1936/1/1499 1970/1/1499 1967/1/1499
f 1967/1/1499 1937/1/1499 1936/1/1499
f 1219/1/1498 1970/1/1498 1936/1/1498
f 1936/1/1497 1196/1/1497 1219/1/1497
f 1970/1/1496 1219/1/1496 1218/1/1496
f 1218/1/1496 1968/1/1496 1970/1/1496
f 1968/1/1495 1218/1/1495 1217/1/1495
f 1217/1/1495 1969/1/1495 1968/1/1495
f 1217/1/1494 1216/1/1494 1972/1/1494
f 1972/1/1494 1969/1/1494 1217/1/1494
f 1964/1/1735 1969/1/1735 1972/1/1735
f 1972/1/1493 1973/1/1493 1964/1/1493
f 1965/1/1491 1964/1/1491 1973/1/1491
f 1973/1/1491 1971/1/1491 1965/1/1491
f 1974/1/1628 1975/1/1628 1976/1/1628
f 1976/1/1736 1977/1/1736 1974/1/1736
f 1978/1/1737 1979/1/1737 1975/1/1737
f 1975/1/1738 1974/1/1738 1978/1/1738
f 1975/1/1632 1980/1/1632 1981/1/1632
f 1981/1/1632 1976/1/1632 1975/1/1632
f 1975/1/1739 1979/1/1739 1982/1/1739
f 1982/1/1740 1980/1/1740 1975/1/1740
f 1977/1/1741 1983/1/1741 81/1/1741
f 81/1/1637 80/1/1637 1977/1/1637
f 1977/1/1636 80/1/1636 90/1/1636
f 90/1/1636 1974/1/1636 1977/1/1636
f 1974/1/1635 90/1/1635 89/1/1635
f 89/1/1635 1978/1/1635 1974/1/1635
f 89/1/1742 61/1/1742 1947/1/1742
f 1947/1/1742 1978/1/1742 89/1/1742
f 1949/1/1647 1979/1/1647 1978/1/1647
f 1978/1/1647 1947/1/1647 1949/1/1647
f 1948/1/1646 1982/1/1646 1979/1/1646
f 1979/1/1646 1949/1/1646 1948/1/1646
f 699/1/1644 1982/1/1644 1948/1/1644
f 1948/1/1644 677/1/1644 699/1/1644
f 1982/1/1743 699/1/1743 698/1/1743
f 698/1/1643 1980/1/1643 1982/1/1643
f 1981/1/1641 1980/1/1641 698/1/1641
f 698/1/1641 697/1/1641 1981/1/1641
f 697/1/1640 696/1/1640 1984/1/1640
f 1984/1/1640 1981/1/1640 697/1/1640
f 1976/1/1639 1981/1/1639 1984/1/1639
f 1984/1/1639 1985/1/1639 1976/1/1639
f 1976/1/1638 1985/1/1638 1983/1/1638
f 1983/1/1638 1977/1/1638 1976/1/1638
f 1986/1/1080 1987/1/1080 1988/1/1080
f 1988/1/1744 1989/1/1744 1986/1/1744
f 1990/1/1745 1991/1/1745 1987/1/1745
f 1987/1/1745 1986/1/1745 1990/1/1745
f 1987/1/1082 1992/1/1082 1993/1/1082
f 1993/1/1082 1988/1/1082 1987/1/1082
f 1994/1/1081 1992/1/1081 1987/1/1081
f 1987/1/1746 1991/1/1746 1994/1/1746
f 1959/1/1747 486/1/1747 508/1/1747
f 508/1/1087 1989/1/1087 1959/1/1087
f 1989/1/1086 508/1/1086 507/1/1086
f 507/1/1086 1986/1/1086 1989/1/1086
f 1990/1/1748 1986/1/1748 507/1/1748
f 507/1/1084 505/1/1084 1990/1/1084
f 1995/1/1083 1990/1/1083 505/1/1083
f 505/1/1083 506/1/1749 1995/1/1083
f 1995/1/1096 1996/1/1096 1991/1/1096
f 1991/1/1096 1990/1/1096 1995/1/1096
f 1994/1/1095 1991/1/1095 1996/1/1095
f 1996/1/1095 1997/1/1095 1994/1/1095
f 1994/1/1094 1997/1/1094 1123/1/1094
f 1123/1/1094 1122/1/1094 1994/1/1094
f 1994/1/1093 1122/1/1093 1121/1/1093
f 1121/1/1093 1992/1/1093 1994/1/1093
f 1121/1/1092 1120/1/1092 1993/1/1092
f 1993/1/1750 1992/1/1750 1121/1/1750
f 1120/1/1091 1103/1/1091 1961/1/1091
f 1961/1/1091 1993/1/1091 1120/1/1091
f 1988/1/1751 1993/1/1751 1961/1/1751
f 1961/1/1752 1960/1/1752 1988/1/1752
f 1989/1/1088 1988/1/1088 1960/1/1088
f 1960/1/1088 1959/1/1088 1989/1/1088
f 1998/1/1509 1999/1/1509 2000/1/1509
f 2000/1/1509 2001/1/1509 1998/1/1509
f 2002/1/1508 2003/1/1508 1999/1/1508
f 1999/1/1508 1998/1/1508 2002/1/1508
f 1999/1/1753 2004/1/1753 2005/1/1753
f 2005/1/1511 2000/1/1511 1999/1/1511
f 2003/1/1510 2006/1/1510 2004/1/1510
f 2004/1/1510 1999/1/1510 2003/1/1510
f 2001/1/1754 2007/1/1754 621/1/1754
f 621/1/1515 620/1/1515 2001/1/1515
f 630/1/1755 1998/1/1755 2001/1/1755
f 2001/1/1514 620/1/1514 630/1/1514
f 630/1/1513 629/1/1513 2002/1/1513
f 2002/1/1513 1998/1/1513 630/1/1513
f 629/1/1512 601/1/1512 1971/1/1512
f 1971/1/1512 2002/1/1512 629/1/1512
f 2002/1/1525 1971/1/1525 1973/1/1525
f 1973/1/1525 2003/1/1525 2002/1/1525
f 1972/1/1524 2006/1/1524 2003/1/1524
f 2003/1/1524 1973/1/1524 1972/1/1524
f 1239/1/1522 2006/1/1522 1972/1/1522
f 1972/1/1522 1216/1/1522 1239/1/1522
f 2006/1/1521 1239/1/1521 1238/1/1521
f 1238/1/1521 2004/1/1521 2006/1/1521
f 2004/1/1520 1238/1/1520 1237/1/1520
f 1237/1/1756 2005/1/1756 2004/1/1756
f 1237/1/1518 1236/1/1518 2008/1/1518
f 2008/1/1757 2005/1/1757 1237/1/1757
f 2000/1/1517 2005/1/1517 2008/1/1517
f 2008/1/1517 2009/1/1517 2000/1/1517
f 2001/1/1516 2000/1/1516 2009/1/1516
f 2009/1/1516 2007/1/1516 2001/1/1516
f 2010/1/1654 2011/1/1654 2012/1/1654
f 2012/1/1654 2013/1/1654 2010/1/1654
f 2014/1/1653 2015/1/1653 2011/1/1653
f 2011/1/1653 2010/1/1653 2014/1/1653
f 2011/1/1657 2016/1/1657 2017/1/1657
f 2017/1/1657 2012/1/1657 2011/1/1657
f 2011/1/1656 2015/1/1656 2018/1/1656
f 2018/1/1656 2016/1/1656 2011/1/1656
f 2013/1/1758 2019/1/1758 101/1/1758
f 101/1/1759 100/1/1759 2013/1/1759
f 2013/1/1661 100/1/1661 110/1/1661
f 110/1/1661 2010/1/1661 2013/1/1661
f 2014/1/1660 2010/1/1660 110/1/1660
f 110/1/1660 109/1/1660 2014/1/1660
f 109/1/1659 81/1/1659 1983/1/1659
f 1983/1/1659 2014/1/1659 109/1/1659
f 1985/1/1672 2015/1/1672 2014/1/1672
f 2014/1/1672 1983/1/1672 1985/1/1672
f 1984/1/1671 2018/1/1671 2015/1/1671
f 2015/1/1671 1985/1/1671 1984/1/1671
f 719/1/1670 2018/1/1670 1984/1/1670
f 1984/1/1760 696/1/1760 719/1/1760
f 2018/1/1761 719/1/1761 718/1/1761
f 718/1/1761 2016/1/1761 2018/1/1761
f 718/1/1668 717/1/1668 2017/1/1668
f 2017/1/1668 2016/1/1668 718/1/1668
f 717/1/1666 716/1/1666 2020/1/1666
f 2020/1/1666 2017/1/1666 717/1/1666
f 2012/1/1665 2017/1/1665 2020/1/1665
f 2020/1/1665 2021/1/1665 2012/1/1665
f 2012/1/1664 2021/1/1664 2019/1/1664
f 2019/1/1762 2013/1/1762 2012/1/1762
f 2022/1/1139 2023/1/1139 2024/1/1139
f 2024/1/1139 2025/1/1139 2022/1/1139
f 2026/1/1138 2027/1/1138 2023/1/1138
f 2023/1/1138 2022/1/1138 2026/1/1138
f 2023/1/1141 2028/1/1141 2029/1/1141
f 2029/1/1141 2024/1/1141 2023/1/1141
f 2030/1/1140 2028/1/1140 2023/1/1140
f 2023/1/1140 2027/1/1140 2030/1/1140
f 1995/1/1147 506/1/1147 528/1/1147
f 528/1/1147 2025/1/1147 1995/1/1147
f 2025/1/1146 528/1/1146 527/1/1146
f 527/1/1146 2022/1/1146 2025/1/1146
f 2026/1/1144 2022/1/1144 527/1/1144
f 527/1/1144 525/1/1144 2026/1/1144
f 525/1/1142 526/1/1142 1290/1/1142
f 1290/1/1142 2026/1/1142 525/1/1142
f 1295/1/1763 2027/1/1763 2026/1/1763
f 2026/1/1763 1290/1/1763 1295/1/1763
f 2030/1/1157 2027/1/1157 1295/1/1157
f 1295/1/1156 1294/1/1156 2030/1/1156
f 2030/1/1155 1294/1/1155 1143/1/1155
f 1143/1/1764 1142/1/1764 2030/1/1764
f 2030/1/1154 1142/1/1154 1141/1/1154
f 1141/1/1765 2028/1/1765 2030/1/1765
f 1141/1/1766 1140/1/1766 2029/1/1766
f 2029/1/1766 2028/1/1766 1141/1/1766
f 1140/1/1150 1123/1/1150 1997/1/1150
f 1997/1/1150 2029/1/1150 1140/1/1150
f 2024/1/1149 2029/1/1149 1997/1/1149
f 1997/1/1149 1996/1/1149 2024/1/1149
f 2025/1/1148 2024/1/1148 1996/1/1148
f 1996/1/1148 1995/1/1148 2025/1/1148
f 2031/1/1531 2032/1/1531 2033/1/1531
f 2033/1/1531 2034/1/1531 2031/1/1531
f 2035/1/1530 2036/1/1530 2032/1/1530
f 2032/1/1530 2031/1/1530 2035/1/1530
f 2032/1/1534 2037/1/1534 2038/1/1534
f 2038/1/1767 2033/1/1767 2032/1/1767
f 2036/1/1768 2039/1/1768 2037/1/1768
f 2037/1/1769 2032/1/1769 2036/1/1769
f 2034/1/1538 1306/1/1538 641/1/1538
f 641/1/1538 640/1/1538 2034/1/1538
f 650/1/1537 2031/1/1537 2034/1/1537
f 2034/1/1537 640/1/1537 650/1/1537
f 650/1/1770 649/1/1770 2035/1/1770
f 2035/1/1536 2031/1/1536 650/1/1536
f 649/1/1771 621/1/1771 2007/1/1771
f 2007/1/1772 2035/1/1772 649/1/1772
f 2035/1/1773 2007/1/1773 2009/1/1773
f 2009/1/1550 2036/1/1550 2035/1/1550
f 2008/1/1548 2039/1/1548 2036/1/1548
f 2036/1/1548 2009/1/1548 2008/1/1548
f 1259/1/1547 2039/1/1547 2008/1/1547
f 2008/1/1547 1236/1/1547 1259/1/1547
f 2039/1/1546 1259/1/1546 1258/1/1546
f 1258/1/1546 2037/1/1546 2039/1/1546
f 2037/1/1774 1258/1/1774 1257/1/1774
f 1257/1/1775 2038/1/1775 2037/1/1775
f 1257/1/1543 1256/1/1543 1308/1/1543
f 1308/1/1776 2038/1/1776 1257/1/1776
f 2038/1/1542 1308/1/1542 1307/1/1542
f 1307/1/1777 2033/1/1777 2038/1/1777
f 2034/1/1541 2033/1/1541 1307/1/1541
f 1307/1/1541 1306/1/1541 2034/1/1541
f 2040/1/1681 2041/1/1681 2042/1/1681
f 2042/1/1681 2043/1/1681 2040/1/1681
f 2044/1/1680 2045/1/1680 2041/1/1680
f 2041/1/1680 2040/1/1680 2044/1/1680
f 2041/1/1683 2046/1/1683 2047/1/1683
f 2047/1/1683 2042/1/1683 2041/1/1683
f 2041/1/1778 2045/1/1778 2048/1/1778
f 2048/1/1682 2046/1/1682 2041/1/1682
f 2043/1/1687 1321/1/1687 121/1/1687
f 121/1/1687 120/1/1687 2043/1/1687
f 2043/1/1686 120/1/1686 130/1/1686
f 130/1/1686 2040/1/1686 2043/1/1686
f 2044/1/1685 2040/1/1685 130/1/1685
f 130/1/1685 129/1/1685 2044/1/1685
f 129/1/1684 101/1/1684 2019/1/1684
f 2019/1/1684 2044/1/1684 129/1/1684
f 2021/1/1696 2045/1/1696 2044/1/1696
f 2044/1/1779 2019/1/1779 2021/1/1779
f 2020/1/1694 2048/1/1694 2045/1/1694
f 2045/1/1780 2021/1/1780 2020/1/1780
f 739/1/1693 2048/1/1693 2020/1/1693
f 2020/1/1693 716/1/1693 739/1/1693
f 2048/1/1781 739/1/1781 738/1/1781
f 738/1/1782 2046/1/1782 2048/1/1782
f 738/1/1691 737/1/1691 2047/1/1691
f 2047/1/1691 2046/1/1691 738/1/1691
f 737/1/1690 736/1/1690 1323/1/1690
f 1323/1/1690 2047/1/1690 737/1/1690
f 1323/1/1689 1322/1/1689 2042/1/1689
f 2042/1/1689 2047/1/1689 1323/1/1689
f 2043/1/1688 2042/1/1688 1322/1/1688
f 1322/1/1688 1321/1/1688 2043/1/1688
o C_rculo_007_C_rculo_008
v 0.011328 -0.043975 -0.417568
v 0.078428 -0.015175 -0.409868
v 0.143028 0.012425 -0.387068
v 0.202428 0.037825 -0.350068
v 0.254528 0.060125 -0.300168
v 0.297328 0.078425 -0.239468
v 0.329128 0.092025 -0.170168
v 0.348628 0.100425 -0.094968
v 0.355328 0.103225 -0.016768
v 0.348628 0.100425 0.061432
v 0.329128 0.092025 0.136632
v 0.297328 0.078425 0.205932
v 0.254528 0.060125 0.266732
v 0.202428 0.037825 0.316532
v 0.143028 0.012425 0.353632
v 0.078428 -0.015175 0.376432
v 0.011328 -0.043975 0.384132
v -0.055672 -0.072675 0.376432
v -0.120272 -0.100275 0.353632
v -0.179672 -0.125675 0.316532
v -0.231772 -0.147975 0.266732
v -0.274572 -0.166275 0.205932
v -0.306372 -0.179875 0.136632
v -0.325972 -0.188275 0.061432
v -0.332572 -0.191075 -0.016768
v -0.325972 -0.188275 -0.094968
v -0.306372 -0.179875 -0.170168
v -0.274572 -0.166275 -0.239468
v -0.231772 -0.147975 -0.300168
v -0.055672 -0.072675 -0.409868
v -0.179672 -0.125675 -0.350068
v -0.120272 -0.100275 -0.387068
v -0.297872 -0.253775 0.061432
v -0.259972 -0.258775 0.054432
v -0.265972 -0.261275 -0.016768
v -0.304472 -0.256575 -0.016768
v -0.092172 -0.165775 0.353632
v -0.151672 -0.191175 0.316532
v 0.039428 -0.109475 -0.417568
v -0.027672 -0.138175 -0.409868
v 0.282628 -0.005375 -0.300168
v 0.325328 0.012925 -0.239468
v -0.027672 -0.138175 0.376432
v -0.092172 -0.165775 -0.387068
v 0.230428 -0.027675 -0.350068
v 0.039428 -0.109475 0.384132
v -0.151672 -0.191175 -0.350068
v 0.171028 -0.053175 -0.387068
v 0.106528 -0.080775 0.376432
v -0.203772 -0.213475 -0.300168
v 0.106528 -0.080775 -0.409868
v 0.171028 -0.053175 0.353632
v -0.246572 -0.231775 -0.239468
v 0.230428 -0.027675 0.316532
v -0.278272 -0.245375 -0.170168
v 0.282628 -0.005375 0.266732
v -0.297872 -0.253775 -0.094968
v 0.325328 0.012925 0.205932
v 0.357128 0.026525 0.136632
v 0.376728 0.034825 0.061432
v -0.278272 -0.245375 0.136632
v 0.383328 0.037625 -0.016768
v -0.246572 -0.231775 0.205932
v 0.376728 0.034825 -0.094968
v -0.203772 -0.213475 0.266732
v 0.357128 0.026525 -0.170168
v -0.174272 -0.222075 0.241332
v -0.188072 -0.239375 0.262232
v -0.230172 -0.257475 0.202432
v -0.213172 -0.238775 0.186032
v 0.354128 0.004025 0.054432
v 0.336328 -0.003675 0.122932
v -0.242172 -0.251175 0.122932
v 0.360128 0.006525 -0.016768
v 0.354128 0.004025 -0.087968
v 0.336328 -0.003675 -0.156368
v -0.126872 -0.201775 0.286632
v 0.307428 -0.015975 -0.219468
v -0.072772 -0.178675 0.320432
v -0.013972 -0.153475 -0.374668
v 0.047128 -0.127375 -0.381668
v 0.268428 -0.032675 -0.274768
v -0.013972 -0.153475 0.341132
v -0.072772 -0.178675 -0.353868
v 0.221028 -0.052975 -0.320168
v 0.047128 -0.127375 0.348132
v -0.126872 -0.201775 -0.320168
v 0.166928 -0.076175 -0.353868
v 0.108128 -0.101275 0.341132
v -0.174272 -0.222075 -0.274768
v 0.108128 -0.101275 -0.374668
v 0.166928 -0.076175 0.320432
v -0.213172 -0.238775 -0.219468
v 0.221028 -0.052975 0.286632
v -0.242172 -0.251175 -0.156368
v 0.268428 -0.032675 0.241332
v -0.259972 -0.258775 -0.087968
v 0.307428 -0.015975 0.186032
v -0.078272 -0.192475 0.347732
v -0.014772 -0.165275 0.370132
v 0.017528 -0.240875 0.370132
v -0.045972 -0.267975 0.347732
v 0.363828 -0.003275 -0.167668
v 0.383128 0.004925 -0.093668
v -0.136772 -0.217475 0.311232
v 0.332628 -0.016675 -0.235868
v -0.014772 -0.165275 -0.403568
v 0.051228 -0.137075 -0.411168
v 0.290528 -0.034675 -0.295668
v -0.078272 -0.192475 -0.381168
v 0.239228 -0.056575 -0.344668
v 0.051228 -0.137075 0.377732
v -0.136772 -0.217475 -0.344668
v 0.180728 -0.081675 -0.381168
v 0.117228 -0.108775 0.370132
v -0.188072 -0.239375 -0.295668
v 0.117228 -0.108775 -0.403568
v 0.180728 -0.081675 0.347732
v -0.230172 -0.257475 -0.235868
v 0.239228 -0.056575 0.311232
v -0.261472 -0.270775 -0.167668
v 0.290528 -0.034675 0.262232
v -0.280672 -0.279075 -0.093668
v 0.332628 -0.016675 0.202432
v -0.287172 -0.281875 -0.016768
v 0.363828 -0.003275 0.134232
v -0.280672 -0.279075 0.060232
v 0.383128 0.004925 0.060232
v -0.261472 -0.270775 0.134232
v 0.389628 0.007725 -0.016768
v 0.213028 -0.157175 0.347732
v 0.208128 -0.183875 0.308732
v 0.151428 -0.208175 0.328732
v 0.149528 -0.184375 0.370132
v -0.045972 -0.267975 -0.381168
v 0.017528 -0.240875 -0.403568
v 0.271528 -0.132175 -0.344668
v 0.322828 -0.110275 -0.295668
v 0.083528 -0.212575 0.377732
v -0.104472 -0.293075 -0.344668
v 0.213028 -0.157175 -0.381168
v -0.155772 -0.314975 -0.295668
v 0.149528 -0.184375 -0.403568
v -0.197872 -0.332975 -0.235868
v 0.083528 -0.212575 -0.411168
v 0.271528 -0.132175 0.311232
v -0.229072 -0.346375 -0.167668
v 0.322828 -0.110275 0.262232
v -0.248372 -0.354575 -0.093668
v 0.364928 -0.092175 0.202432
v -0.254872 -0.357375 -0.016768
v 0.396228 -0.078875 0.134232
v -0.248372 -0.354575 0.060232
v 0.415428 -0.070575 0.060232
v -0.229072 -0.346375 0.134232
v 0.421928 -0.067775 -0.016768
v -0.197872 -0.332975 0.202432
v 0.415428 -0.070575 -0.093668
v -0.155772 -0.314975 0.262232
v 0.396228 -0.078875 -0.167668
v -0.104472 -0.293075 0.311232
v 0.364928 -0.092175 -0.235868
v 0.343728 -0.125875 0.178932
v 0.383528 -0.137775 0.201832
v 0.341628 -0.155775 0.261432
v 0.306128 -0.141975 0.232332
v -0.158872 -0.340875 -0.212468
v -0.121272 -0.324775 -0.265868
v 0.151428 -0.208175 -0.362268
v 0.092428 -0.233375 -0.368968
v 0.260328 -0.161575 0.276132
v -0.186772 -0.352875 -0.151568
v -0.203972 -0.360175 -0.085468
v -0.209772 -0.362675 -0.016768
v 0.371628 -0.113975 0.118032
v -0.203972 -0.360175 0.052032
v 0.388828 -0.106575 0.052032
v -0.186772 -0.352875 0.118032
v 0.394628 -0.104075 -0.016768
v -0.158872 -0.340875 0.178932
v 0.388828 -0.106575 -0.085468
v -0.121272 -0.324775 0.232332
v 0.371628 -0.113975 -0.151568
v -0.075472 -0.305175 0.276132
v 0.343728 -0.125875 -0.212468
v -0.023172 -0.282875 0.308732
v 0.033428 -0.258575 -0.362268
v 0.306128 -0.141975 -0.265868
v 0.033428 -0.258575 0.328732
v -0.023172 -0.282875 -0.342168
v 0.260328 -0.161575 -0.309668
v 0.092428 -0.233375 0.335532
v -0.075472 -0.305175 -0.309668
v 0.208128 -0.183875 -0.342168
v 0.472428 -0.188175 -0.016768
v 0.465928 -0.190875 0.060032
v 0.433928 -0.116275 0.060032
v 0.440428 -0.113475 -0.016768
v -0.228172 -0.399475 -0.093468
v -0.234672 -0.402275 -0.016768
v 0.414728 -0.124475 0.133832
v -0.228172 -0.399475 0.060032
v -0.208972 -0.391275 0.133832
v -0.177772 -0.377975 0.201832
v 0.433928 -0.116275 -0.093468
v -0.135772 -0.359975 0.261432
v 0.414728 -0.124475 -0.167268
v -0.084572 -0.338075 0.310432
v 0.383528 -0.137775 -0.235268
v -0.026272 -0.313175 0.346732
v 0.037028 -0.286075 -0.402568
v 0.102928 -0.257875 -0.410168
v 0.341628 -0.155775 -0.294968
v 0.037028 -0.286075 0.369132
v -0.026272 -0.313175 -0.380168
v 0.290428 -0.177675 -0.343868
v 0.102928 -0.257875 0.376732
v -0.084572 -0.338075 -0.343868
v 0.232028 -0.202575 -0.380168
v 0.168728 -0.229675 0.369132
v -0.135772 -0.359975 -0.294968
v 0.168728 -0.229675 -0.402568
v 0.232028 -0.202575 0.346732
v -0.177772 -0.377975 -0.235268
v 0.290428 -0.177675 0.310432
v -0.208972 -0.391275 -0.167268
v 0.415528 -0.212475 -0.235268
v 0.390228 -0.262875 -0.204668
v 0.417328 -0.252275 -0.146168
v 0.446728 -0.199075 -0.167268
v -0.145772 -0.452575 0.201832
v -0.176972 -0.465975 0.133832
v 0.465928 -0.190875 -0.093468
v -0.103872 -0.434675 0.261432
v -0.052672 -0.412775 0.310432
v 0.005728 -0.387775 0.346732
v 0.069028 -0.360675 -0.402568
v 0.134828 -0.332575 -0.410168
v 0.373528 -0.230375 -0.294968
v 0.069028 -0.360675 0.369132
v 0.005728 -0.387775 -0.380168
v 0.322328 -0.252275 -0.343868
v 0.134828 -0.332575 0.376732
v -0.052672 -0.412775 -0.343868
v 0.264028 -0.277275 -0.380168
v 0.200728 -0.304375 0.369132
v -0.103872 -0.434675 -0.294968
v 0.200728 -0.304375 -0.402568
v 0.264028 -0.277275 0.346732
v -0.145772 -0.452575 -0.235268
v 0.322328 -0.252275 0.310432
v -0.176972 -0.465975 -0.167268
v 0.373528 -0.230375 0.261432
v -0.196172 -0.474175 -0.093468
v 0.415528 -0.212475 0.201832
v -0.202672 -0.476975 -0.016768
v 0.446728 -0.199075 0.133832
v -0.196172 -0.474175 0.060032
v 0.484528 -0.249975 0.059232
v 0.465228 -0.257575 0.132332
v 0.417328 -0.252275 0.112732
v 0.434028 -0.245775 0.049232
v 0.033628 -0.402675 0.295832
v -0.017172 -0.422575 0.264632
v 0.088728 -0.381075 -0.348568
v 0.146028 -0.358575 -0.355068
v 0.353628 -0.277275 -0.255968
v 0.088728 -0.381075 0.315132
v 0.033628 -0.402675 -0.329368
v 0.309128 -0.294675 -0.298068
v 0.146028 -0.358575 0.321632
v -0.017172 -0.422575 -0.298068
v 0.258428 -0.314575 -0.329368
v 0.203328 -0.336175 0.315132
v -0.061672 -0.439975 -0.255968
v 0.203328 -0.336175 -0.348568
v 0.258428 -0.314575 0.295832
v -0.098172 -0.454375 -0.204668
v 0.309128 -0.294675 0.264632
v -0.125372 -0.464975 -0.146168
v 0.353628 -0.277275 0.222532
v -0.142072 -0.471475 -0.082768
v 0.390228 -0.262875 0.171232
v -0.147672 -0.473675 -0.016768
v -0.142072 -0.471475 0.049232
v -0.125372 -0.464975 0.112732
v 0.439728 -0.243475 -0.016768
v -0.098172 -0.454375 0.171232
v 0.434028 -0.245775 -0.082768
v -0.061672 -0.439975 0.222532
v 0.465228 -0.257575 -0.165768
v 0.488828 -0.330175 -0.165768
v 0.508028 -0.322675 -0.092668
v 0.484528 -0.249975 -0.092668
v -0.159372 -0.502375 0.132332
v -0.178672 -0.509875 0.059232
v 0.491028 -0.247475 -0.016768
v -0.128172 -0.490075 0.199632
v -0.086172 -0.473675 0.258632
v -0.034872 -0.453575 0.307132
v 0.434028 -0.269775 -0.233068
v 0.023528 -0.430675 0.343132
v 0.086928 -0.405775 -0.398768
v 0.152928 -0.379975 -0.406168
v 0.391928 -0.286275 -0.292168
v 0.086928 -0.405775 0.365232
v 0.023528 -0.430675 -0.376568
v 0.340728 -0.306375 -0.340568
v 0.152928 -0.379975 0.372732
v -0.034872 -0.453575 -0.340568
v 0.282328 -0.329275 -0.376568
v 0.218828 -0.354075 0.365232
v -0.086172 -0.473675 -0.292168
v 0.218828 -0.354075 -0.398768
v 0.282328 -0.329275 0.343132
v -0.128172 -0.490075 -0.233068
v 0.340728 -0.306375 0.307132
v -0.159372 -0.502375 -0.165768
v 0.391928 -0.286275 0.258632
v -0.178672 -0.509875 -0.092668
v 0.434028 -0.269775 0.199632
v -0.185172 -0.512475 -0.016768
v 0.393028 -0.410375 -0.252568
v 0.415528 -0.358875 -0.292168
v 0.364328 -0.378975 -0.340568
v 0.348728 -0.425975 -0.293968
v -0.011372 -0.526175 0.307132
v -0.062572 -0.546275 0.258632
v 0.457528 -0.342475 -0.233068
v 0.047128 -0.503275 0.343132
v 0.110528 -0.478475 -0.398768
v 0.176428 -0.452575 -0.406168
v 0.110528 -0.478475 0.365232
v 0.047128 -0.503275 -0.376568
v 0.176428 -0.452575 0.372732
v -0.011372 -0.526175 -0.340568
v 0.305828 -0.401875 -0.376568
v 0.242428 -0.426775 0.365232
v -0.062572 -0.546275 -0.292168
v 0.242428 -0.426775 -0.398768
v 0.305828 -0.401875 0.343132
v -0.104572 -0.562775 -0.233068
v 0.364328 -0.378975 0.307132
v -0.135872 -0.574975 -0.165768
v 0.415528 -0.358875 0.258632
v -0.155072 -0.582575 -0.092668
v 0.457528 -0.342475 0.199632
v -0.161572 -0.585075 -0.016768
v 0.488828 -0.330175 0.132332
v -0.155072 -0.582575 0.059232
v 0.508028 -0.322675 0.059232
v -0.135872 -0.574975 0.132332
v 0.514528 -0.320075 -0.016768
v -0.104572 -0.562775 0.199632
v 0.191028 -0.504475 -0.393868
v 0.255528 -0.481775 -0.386668
v 0.243428 -0.463175 -0.343768
v 0.186428 -0.483275 -0.350168
v 0.186428 -0.483275 0.316732
v 0.129428 -0.503475 0.310332
v 0.024028 -0.540575 -0.293968
v 0.074628 -0.522775 -0.324768
v 0.298228 -0.443875 -0.324768
v 0.243428 -0.463175 0.310332
v -0.020172 -0.556275 -0.252568
v 0.298228 -0.443875 0.291332
v -0.056572 -0.569075 -0.201968
v 0.348728 -0.425975 0.260532
v -0.083572 -0.578575 -0.144368
v 0.393028 -0.410375 0.219032
v -0.100172 -0.584475 -0.081768
v 0.429428 -0.397575 0.168532
v -0.105772 -0.586475 -0.016768
v 0.456428 -0.387975 0.110832
v -0.100172 -0.584475 0.048332
v 0.473028 -0.382175 0.048332
v -0.083572 -0.578575 0.110832
v 0.478628 -0.380175 -0.016768
v -0.056572 -0.569075 0.168532
v 0.473028 -0.382175 -0.081768
v -0.020172 -0.556275 0.219032
v 0.456428 -0.387975 -0.144368
v 0.024028 -0.540575 0.260532
v 0.429428 -0.397575 -0.201968
v 0.074628 -0.522775 0.291332
v 0.129428 -0.503475 -0.343768
v 0.496328 -0.396675 0.127632
v 0.511428 -0.465975 0.127632
v 0.480828 -0.476775 0.192832
v 0.465828 -0.407475 0.192832
v 0.374628 -0.439675 0.296832
v 0.317528 -0.459875 0.331732
v -0.083772 -0.601475 -0.226268
v -0.114272 -0.612275 -0.161068
v 0.424728 -0.421975 0.249932
v -0.133172 -0.618875 -0.090268
v -0.139472 -0.621175 -0.016768
v -0.133172 -0.618875 0.056832
v 0.515128 -0.390075 0.056832
v -0.114272 -0.612275 0.127632
v 0.521528 -0.387875 -0.016768
v -0.083772 -0.601475 0.192832
v 0.515128 -0.390075 -0.090268
v -0.042672 -0.586975 0.249932
v 0.496328 -0.396675 -0.161068
v 0.007428 -0.569275 0.296832
v 0.465828 -0.407475 -0.226268
v 0.064528 -0.549075 0.331732
v 0.126528 -0.527275 -0.386668
v 0.424728 -0.421975 -0.283368
v 0.126528 -0.527275 0.353132
v 0.064528 -0.549075 -0.365168
v 0.374628 -0.439675 -0.330268
v 0.191028 -0.504475 0.360432
v 0.007428 -0.569275 -0.330268
v 0.317528 -0.459875 -0.365168
v 0.255528 -0.481775 0.353132
v -0.042672 -0.586975 -0.283368
v 0.490228 -0.515475 -0.016768
v 0.536528 -0.457075 -0.016768
v 0.530228 -0.459375 -0.090268
v 0.484828 -0.517075 -0.078268
v -0.118072 -0.688175 0.056832
v -0.124472 -0.690375 -0.016768
v 0.530228 -0.459375 0.056832
v -0.099272 -0.681475 0.127632
v -0.068772 -0.670775 0.192832
v -0.027672 -0.656175 0.249932
v 0.511428 -0.465975 -0.161068
v 0.022428 -0.638575 0.296832
v 0.480828 -0.476775 -0.226268
v 0.079628 -0.618375 0.331732
v 0.206028 -0.573775 -0.393868
v 0.141628 -0.596475 -0.386668
v 0.439728 -0.491275 -0.283368
v 0.141628 -0.596475 0.353132
v 0.079628 -0.618375 -0.365168
v 0.389628 -0.508975 -0.330268
v 0.206028 -0.573775 0.360432
v 0.022428 -0.638575 -0.330268
v 0.332528 -0.529075 -0.365168
v 0.270528 -0.550975 0.353132
v -0.027672 -0.656175 -0.283368
v 0.270528 -0.550975 -0.386668
v 0.332528 -0.529075 0.331732
v -0.068772 -0.670775 -0.226268
v 0.389628 -0.508975 0.296832
v -0.099272 -0.681475 -0.161068
v 0.439728 -0.491275 0.249932
v -0.118072 -0.688175 -0.090268
v 0.211528 -0.599175 -0.332368
v 0.157228 -0.615475 -0.326268
v 0.151428 -0.650975 -0.374368
v 0.214228 -0.632075 -0.381468
v 0.014528 -0.658375 0.206432
v -0.020072 -0.668775 0.158632
v 0.469028 -0.521775 -0.137468
v 0.056728 -0.645675 0.245732
v 0.443228 -0.529575 -0.192068
v 0.104928 -0.631175 0.274832
v 0.408628 -0.539975 -0.239868
v 0.157228 -0.615475 0.292832
v 0.104928 -0.631175 -0.308268
v 0.366328 -0.552675 -0.279168
v 0.211528 -0.599175 0.298832
v 0.056728 -0.645675 -0.279168
v 0.318228 -0.567075 -0.308268
v 0.265928 -0.582775 0.292832
v 0.014528 -0.658375 -0.239868
v 0.265928 -0.582775 -0.326268
v 0.318228 -0.567075 0.274832
v -0.020072 -0.668775 -0.192068
v 0.366328 -0.552675 0.245732
v -0.045872 -0.676475 -0.137468
v 0.408628 -0.539975 0.206432
v -0.061672 -0.681275 -0.078268
v 0.443228 -0.529575 0.158632
v -0.067072 -0.682875 -0.016768
v 0.469028 -0.521775 0.104032
v -0.061672 -0.681275 0.044832
v 0.484828 -0.517075 0.044832
v -0.045872 -0.676475 0.104032
v -0.013372 -0.700475 -0.274568
v -0.007472 -0.772575 -0.274568
v 0.041328 -0.757875 -0.319968
v 0.035428 -0.685875 -0.319968
v 0.441928 -0.563675 -0.274568
v 0.481928 -0.551675 -0.219368
v 0.151428 -0.650975 0.340932
v 0.091028 -0.669075 0.320232
v 0.091028 -0.669075 -0.353668
v 0.393128 -0.578375 -0.319968
v 0.214228 -0.632075 0.347932
v 0.337428 -0.595075 -0.353668
v 0.277028 -0.613175 0.340932
v 0.277028 -0.613175 -0.374368
v 0.337428 -0.595075 0.320232
v -0.053472 -0.712475 -0.219368
v 0.393128 -0.578375 0.286532
v -0.083172 -0.721475 -0.156268
v 0.441928 -0.563675 0.241132
v -0.101472 -0.726975 -0.087868
v 0.481928 -0.551675 0.185832
v -0.107672 -0.728775 -0.016768
v 0.511728 -0.542675 0.122832
v -0.101472 -0.726975 0.054432
v 0.530028 -0.537175 0.054432
v -0.083172 -0.721475 0.122832
v 0.536228 -0.535375 -0.016768
v -0.053472 -0.712475 0.185832
v 0.530028 -0.537175 -0.087868
v -0.013372 -0.700475 0.241132
v 0.511728 -0.542675 -0.156268
v 0.035428 -0.685875 0.286532
v -0.043672 -0.791575 -0.076368
v -0.028272 -0.787375 -0.133668
v -0.077272 -0.793475 -0.156268
v -0.095672 -0.798975 -0.087868
v 0.282928 -0.685275 -0.374368
v 0.343328 -0.667175 -0.353668
v 0.343328 -0.667175 0.320232
v 0.282928 -0.685275 0.340932
v -0.047572 -0.784575 -0.219368
v 0.220128 -0.704175 -0.381468
v 0.399028 -0.650375 0.286532
v 0.447828 -0.635775 0.241132
v 0.487828 -0.623675 0.185832
v -0.101772 -0.800875 -0.016768
v 0.517628 -0.614775 0.122832
v -0.095672 -0.798975 0.054432
v 0.535928 -0.609275 0.054432
v -0.077272 -0.793475 0.122832
v 0.542128 -0.607375 -0.016768
v -0.047572 -0.784575 0.185832
v 0.535928 -0.609275 -0.087868
v -0.007472 -0.772575 0.241132
v 0.517628 -0.614775 -0.156268
v 0.041328 -0.757875 0.286532
v 0.487828 -0.623675 -0.219368
v 0.096928 -0.741175 0.320232
v 0.157328 -0.722975 -0.374368
v 0.447828 -0.635775 -0.274568
v 0.157328 -0.722975 0.340932
v 0.096928 -0.741175 -0.353668
v 0.399028 -0.650375 -0.319968
v 0.220128 -0.704175 0.347932
v -0.028272 -0.787375 0.100232
v -0.068872 -0.817675 0.119432
v -0.086772 -0.822575 0.052632
v -0.043672 -0.791575 0.042932
v 0.446028 -0.657275 0.153132
v 0.412428 -0.666575 0.199432
v -0.048872 -0.792975 -0.016768
v 0.471028 -0.650475 0.100232
v 0.486428 -0.646275 0.042932
v 0.491528 -0.644875 -0.016768
v -0.003272 -0.780475 0.153132
v 0.486428 -0.646275 -0.076368
v 0.030328 -0.771275 0.199432
v 0.471028 -0.650475 -0.133668
v 0.071228 -0.760075 0.237432
v 0.446028 -0.657275 -0.186568
v 0.117928 -0.747275 0.265732
v 0.168628 -0.733375 -0.316568
v 0.221328 -0.718875 -0.322468
v 0.412428 -0.666575 -0.232868
v 0.168628 -0.733375 0.283032
v 0.117928 -0.747275 -0.299168
v 0.371528 -0.677775 -0.270868
v 0.221328 -0.718875 0.288932
v 0.071228 -0.760075 -0.270868
v 0.324728 -0.690575 -0.299168
v 0.274028 -0.704475 0.283032
v 0.030328 -0.771275 -0.232868
v 0.274028 -0.704475 -0.316568
v 0.324728 -0.690575 0.265732
v -0.003272 -0.780475 -0.186568
v 0.371528 -0.677775 0.237432
v 0.046928 -0.785875 0.279132
v 0.048228 -0.858075 0.279132
v 0.000528 -0.871175 0.234832
v -0.000672 -0.798975 0.234832
v 0.536228 -0.651775 -0.016768
v 0.530128 -0.653475 0.052632
v -0.039872 -0.809675 0.180932
v 0.530128 -0.653475 -0.086168
v 0.512228 -0.658375 -0.152868
v 0.483228 -0.666275 -0.214368
v 0.101328 -0.770975 0.312032
v 0.160328 -0.754775 -0.365668
v 0.221728 -0.737975 -0.372568
v 0.444128 -0.677075 -0.268368
v 0.160328 -0.754775 0.332232
v 0.101328 -0.770975 -0.345468
v 0.396428 -0.690075 -0.312568
v 0.221728 -0.737975 0.339032
v 0.046928 -0.785875 -0.312568
v 0.342028 -0.704975 -0.345468
v 0.283028 -0.721175 0.332232
v -0.000672 -0.798975 -0.268368
v 0.283028 -0.721175 -0.365668
v 0.342028 -0.704975 0.312032
v -0.039872 -0.809675 -0.214368
v 0.396428 -0.690075 0.279132
v -0.068872 -0.817675 -0.152868
v 0.444128 -0.677075 0.234832
v -0.086772 -0.822575 -0.086168
v 0.483228 -0.666275 0.180932
v -0.092872 -0.824175 -0.016768
v 0.512228 -0.658375 0.119432
v 0.222928 -0.810175 0.339032
v 0.223428 -0.838375 0.293332
v 0.170228 -0.848975 0.287332
v 0.161528 -0.827075 0.332232
v 0.484428 -0.738575 -0.214368
v 0.513528 -0.730575 -0.152868
v 0.102528 -0.843175 0.312032
v 0.161528 -0.827075 -0.365668
v 0.222928 -0.810175 -0.372568
v 0.445328 -0.749275 -0.268368
v 0.102528 -0.843175 -0.345468
v 0.397628 -0.762275 -0.312568
v 0.048228 -0.858075 -0.312568
v 0.343328 -0.777175 -0.345468
v 0.284328 -0.793375 0.332232
v 0.000528 -0.871175 -0.268368
v 0.284328 -0.793375 -0.365668
v 0.343328 -0.777175 0.312032
v -0.038572 -0.881875 -0.214368
v 0.397628 -0.762275 0.279132
v -0.067672 -0.889875 -0.152868
v 0.445328 -0.749275 0.234832
v -0.085572 -0.894775 -0.086168
v 0.484428 -0.738575 0.180932
v -0.091572 -0.896375 -0.016768
v 0.513528 -0.730575 0.119432
v -0.085572 -0.894775 0.052632
v 0.531428 -0.725675 0.052632
v -0.067672 -0.889875 0.119432
v 0.537428 -0.723975 -0.016768
v -0.038572 -0.881875 0.180932
v 0.531428 -0.725675 -0.086168
v 0.374828 -0.808175 0.241032
v 0.392728 -0.818275 0.275132
v 0.339328 -0.828875 0.307532
v 0.327728 -0.817575 0.269732
v 0.071928 -0.868575 -0.274568
v 0.119028 -0.859175 -0.303168
v 0.327728 -0.817575 -0.303168
v 0.374828 -0.808175 -0.274568
v 0.276628 -0.827775 0.287332
v 0.030628 -0.876875 -0.235968
v 0.276628 -0.827775 -0.320868
v -0.003272 -0.883675 -0.188968
v 0.223428 -0.838375 -0.326768
v -0.028472 -0.888675 -0.135368
v 0.416228 -0.799975 0.202532
v -0.043972 -0.891775 -0.077268
v 0.450128 -0.793175 0.155532
v -0.049172 -0.892775 -0.016768
v 0.475328 -0.788175 0.101932
v -0.043972 -0.891775 0.043732
v 0.490828 -0.785075 0.043732
v -0.028472 -0.888675 0.101932
v 0.496028 -0.783975 -0.016768
v -0.003272 -0.883675 0.155532
v 0.490828 -0.785075 -0.077268
v 0.030628 -0.876875 0.202532
v 0.475328 -0.788175 -0.135368
v 0.071928 -0.868575 0.241032
v 0.450128 -0.793175 -0.188968
v 0.119028 -0.859175 0.269732
v 0.170228 -0.848975 -0.320868
v 0.416228 -0.799975 -0.235968
v 0.506428 -0.795575 0.117632
v 0.495128 -0.868675 0.117632
v 0.466628 -0.874375 0.178332
v 0.477828 -0.801275 0.178332
v -0.035372 -0.903675 -0.211768
v -0.063872 -0.909375 -0.151068
v 0.439528 -0.808875 0.231432
v -0.081472 -0.912875 -0.085168
v -0.087372 -0.914075 -0.016768
v -0.081472 -0.912875 0.051732
v 0.523928 -0.792075 0.051732
v -0.063872 -0.909375 0.117632
v 0.529928 -0.790875 -0.016768
v -0.035372 -0.903675 0.178332
v 0.523928 -0.792075 -0.085168
v 0.003028 -0.895975 0.231432
v 0.506428 -0.795575 -0.151068
v 0.049728 -0.886675 0.275132
v 0.477828 -0.801275 -0.211768
v 0.103128 -0.875975 0.307532
v 0.161028 -0.864475 -0.360968
v 0.221228 -0.852475 -0.367768
v 0.439528 -0.808875 -0.264968
v 0.161028 -0.864475 0.327532
v 0.103128 -0.875975 -0.341068
v 0.392728 -0.818275 -0.308568
v 0.221228 -0.852475 0.334332
v 0.049728 -0.886675 -0.308568
v 0.339328 -0.828875 -0.341068
v 0.281428 -0.840475 0.327532
v 0.003028 -0.895975 -0.264968
v 0.281428 -0.840475 -0.360968
v 0.512628 -0.865175 -0.085168
v 0.473928 -0.903375 -0.077668
v 0.479128 -0.902475 -0.016768
v 0.518628 -0.863975 -0.016768
v -0.092772 -0.985975 0.051732
v -0.098672 -0.987175 -0.016768
v 0.512628 -0.865175 0.051732
v -0.075172 -0.982475 0.117632
v -0.046672 -0.976775 0.178332
v -0.008272 -0.969175 0.231432
v 0.495128 -0.868675 -0.151068
v 0.038528 -0.959775 0.275132
v 0.466628 -0.874375 -0.211768
v 0.091828 -0.949175 0.307532
v 0.209928 -0.925575 -0.367768
v 0.149728 -0.937575 -0.360968
v 0.428228 -0.882075 -0.264968
v 0.149728 -0.937575 0.327532
v 0.091828 -0.949175 -0.341068
v 0.381428 -0.891375 -0.308568
v 0.209928 -0.925575 0.334332
v 0.038528 -0.959775 -0.308568
v 0.328028 -0.901975 -0.341068
v 0.270128 -0.913575 0.327532
v -0.008272 -0.969175 -0.264968
v 0.270128 -0.913575 -0.360968
v 0.328028 -0.901975 0.307532
v -0.046672 -0.976775 -0.211768
v 0.381428 -0.891375 0.275132
v -0.075172 -0.982475 -0.151068
v 0.428228 -0.882075 0.231432
v -0.092772 -0.985975 -0.085168
v 0.270128 -0.959675 0.327632
v 0.259828 -0.938375 0.289432
v 0.310928 -0.930075 0.271632
v 0.327628 -0.950275 0.307632
v 0.013928 -0.978675 0.204032
v -0.019972 -0.984175 0.156732
v 0.458428 -0.905875 -0.136168
v 0.055228 -0.971875 0.242832
v 0.433228 -0.909975 -0.190168
v 0.102328 -0.964175 0.271632
v 0.153428 -0.955875 -0.322868
v 0.206628 -0.947075 -0.328868
v 0.399328 -0.915575 -0.237468
v 0.153428 -0.955875 0.289432
v 0.102328 -0.964175 -0.305168
v 0.358028 -0.922375 -0.276268
v 0.206628 -0.947075 0.295432
v 0.055228 -0.971875 -0.276268
v 0.310928 -0.930075 -0.305168
v 0.013928 -0.978675 -0.237468
v 0.259828 -0.938375 -0.322868
v -0.019972 -0.984175 -0.190168
v 0.358028 -0.922375 0.242832
v -0.045172 -0.988375 -0.136168
v 0.399328 -0.915575 0.204032
v -0.060672 -0.990875 -0.077668
v 0.433228 -0.909975 0.156732
v -0.065872 -0.991775 -0.016768
v 0.458428 -0.905875 0.102732
v -0.060672 -0.990875 0.044132
v 0.473928 -0.903375 0.044132
v -0.045172 -0.988375 0.102732
v 0.435528 -0.985775 0.231532
v 0.427028 -0.933975 0.231532
v 0.465228 -0.927675 0.178332
v 0.473628 -0.979575 0.178332
v -0.044572 -1.011175 -0.211768
v -0.006472 -1.004975 -0.265068
v 0.210328 -0.969475 -0.367868
v 0.270128 -0.959675 -0.361168
v 0.380628 -0.941575 0.275232
v -0.072872 -1.015875 -0.151068
v -0.090372 -1.018675 -0.085268
v -0.096272 -1.019675 -0.016768
v 0.493528 -0.923075 0.117632
v -0.090372 -1.018675 0.051732
v 0.510928 -0.920175 0.051732
v -0.072872 -1.015875 0.117632
v 0.516828 -0.919275 -0.016768
v -0.044572 -1.011175 0.178332
v 0.510928 -0.920175 -0.085268
v -0.006472 -1.004975 0.231532
v 0.493528 -0.923075 -0.151068
v 0.040028 -0.997375 0.275232
v 0.465228 -0.927675 -0.211768
v 0.093028 -0.988675 0.307632
v 0.150528 -0.979275 -0.361168
v 0.427028 -0.933975 -0.265068
v 0.150528 -0.979275 0.327632
v 0.093028 -0.988675 -0.341168
v 0.380628 -0.941575 -0.308668
v 0.210328 -0.969475 0.334432
v 0.040028 -0.997375 -0.308668
v 0.327628 -0.950275 -0.341168
v 0.497428 -1.044175 0.044832
v 0.519428 -0.972075 0.051732
v 0.525328 -0.971075 -0.016768
v 0.502728 -1.043975 -0.016768
v -0.081872 -1.070575 -0.085268
v -0.087772 -1.071475 -0.016768
v 0.502028 -0.974875 0.117632
v -0.081872 -1.070575 0.051732
v -0.064472 -1.067675 0.117632
v -0.036072 -1.063075 0.178332
v 0.519428 -0.972075 -0.085268
v 0.002028 -1.056775 0.231532
v 0.502028 -0.974875 -0.151068
v 0.048428 -1.049175 0.275232
v 0.473628 -0.979575 -0.211768
v 0.101428 -1.040475 0.307632
v 0.159028 -1.031075 -0.361168
v 0.218828 -1.021275 -0.367868
v 0.435528 -0.985775 -0.265068
v 0.159028 -1.031075 0.327632
v 0.101428 -1.040475 -0.341168
v 0.389128 -0.993375 -0.308668
v 0.218828 -1.021275 0.334432
v 0.048428 -1.049175 -0.308668
v 0.336128 -1.002075 -0.341168
v 0.278628 -1.011475 0.327632
v 0.002028 -1.056775 -0.265068
v 0.278628 -1.011475 -0.361168
v 0.336128 -1.002075 0.307632
v -0.036072 -1.063075 -0.211768
v 0.389128 -0.993375 0.275232
v -0.064472 -1.067675 -0.151068
v 0.169228 -1.052375 -0.326268
v 0.116828 -1.053775 -0.308368
v 0.068628 -1.054975 -0.279168
v 0.026328 -1.055975 -0.239868
v -0.008472 -1.056875 -0.192068
v -0.034172 -1.057575 -0.137468
v -0.050072 -1.057975 -0.078268
v -0.055472 -1.058075 -0.016768
v -0.050072 -1.057975 0.044832
v -0.034172 -1.057575 0.104032
v -0.008472 -1.056875 0.158632
v 0.026328 -1.055975 0.206432
v 0.068628 -1.054975 0.245732
v 0.116828 -1.053775 0.274832
v 0.169228 -1.052375 0.292832
v 0.223628 -1.051075 0.298932
v 0.278128 -1.049675 0.292832
v 0.330428 -1.048375 0.274832
v 0.378728 -1.047175 0.245732
v 0.421028 -1.046075 0.206432
v 0.455728 -1.045175 0.158632
v 0.481528 -1.044575 0.104032
v 0.497428 -1.044175 -0.078268
v 0.481528 -1.044575 -0.137468
v 0.455728 -1.045175 -0.192068
v 0.421028 -1.046075 -0.239868
v 0.378728 -1.047175 -0.279168
v 0.330428 -1.048375 -0.308368
v 0.278128 -1.049675 -0.326268
v 0.223628 -1.051075 -0.332368
vn 0.3933 -0.9194 -0.0000
vn 0.3930 -0.9195 0.0001
vn 0.3932 -0.9194 -0.0000
vn 0.3931 -0.9195 0.0002
vn 0.3930 -0.9195 -0.0001
vn 0.3929 -0.9196 -0.0004
vn 0.3934 -0.9194 -0.0001
vn 0.3933 -0.9194 -0.0001
vn 0.3933 -0.9194 0.0001
vn 0.3934 -0.9194 -0.0000
vn 0.3934 -0.9194 0.0001
vn 0.1218 0.9915 -0.0461
vn 0.4572 0.1961 -0.8675
vn 0.4573 0.1956 -0.8676
vn 0.0964 0.0411 0.9945
vn 0.0965 0.0412 0.9945
vn -0.7299 -0.3123 0.6080
vn -0.7297 -0.3119 0.6085
vn 0.2842 0.1215 -0.9510
vn 0.2837 0.1217 -0.9512
vn 0.2839 0.1213 0.9512
vn 0.2840 0.1219 0.9510
vn -0.6071 -0.2595 0.7511
vn -0.6072 -0.2601 0.7507
vn 0.0964 0.0414 -0.9945
vn 0.0966 0.0413 -0.9945
vn 0.4570 0.1955 0.8677
vn 0.4568 0.1954 0.8678
vn -0.4570 -0.1955 0.8677
vn -0.4570 -0.1954 0.8678
vn -0.0965 -0.0413 -0.9945
vn -0.0964 -0.0413 -0.9945
vn 0.6074 0.2598 0.7507
vn 0.6073 0.2598 0.7508
vn -0.2841 -0.1217 0.9510
vn -0.2842 -0.1216 0.9510
vn -0.2843 -0.1213 -0.9510
vn -0.2838 -0.1216 -0.9512
vn 0.7299 0.3123 0.6080
vn -0.0964 -0.0413 0.9945
vn -0.0965 -0.0413 0.9945
vn -0.4570 -0.1955 -0.8677
vn 0.8229 0.3520 0.4460
vn 0.8227 0.3520 0.4463
vn -0.6072 -0.2598 -0.7509
vn 0.8846 0.3785 0.2724
vn 0.8845 0.3787 0.2725
vn -0.7299 -0.3123 -0.6080
vn -0.7299 -0.3124 -0.6080
vn 0.9156 0.3917 0.0915
vn 0.9155 0.3917 0.0915
vn -0.8227 -0.3521 -0.4463
vn 0.9156 0.3915 -0.0915
vn 0.9155 0.3917 -0.0915
vn -0.8846 -0.3786 -0.2724
vn -0.8846 -0.3785 -0.2724
vn 0.8846 0.3785 -0.2724
vn -0.9155 -0.3917 -0.0915
vn -0.9155 -0.3917 -0.0916
vn 0.8229 0.3520 -0.4461
vn 0.8227 0.3520 -0.4463
vn -0.9157 -0.3914 0.0917
vn -0.9155 -0.3917 0.0915
vn 0.7301 0.3121 -0.6079
vn -0.8848 -0.3782 0.2723
vn -0.8846 -0.3783 0.2726
vn 0.6072 0.2598 -0.7509
vn -0.8227 -0.3521 0.4463
vn -0.8227 -0.3520 0.4463
vn 0.6235 -0.7524 -0.2124
vn 0.6235 -0.7524 -0.2122
vn -0.7844 0.6050 -0.1367
vn -0.7845 0.6049 -0.1368
vn -0.7845 0.6048 -0.1368
vn 0.1042 0.9851 -0.1368
vn -0.8012 0.5966 -0.0461
vn -0.8011 0.5967 -0.0461
vn 0.0695 0.9724 -0.2226
vn -0.8012 0.5966 0.0461
vn -0.8011 0.5968 0.0461
vn 0.0188 0.9535 -0.3008
vn 0.0190 0.9536 -0.3005
vn -0.7845 0.6048 0.1368
vn -0.7844 0.6049 0.1368
vn -0.0460 0.9289 -0.3674
vn -0.0460 0.9290 -0.3672
vn -0.7513 0.6213 0.2226
vn -0.7513 0.6212 0.2226
vn -0.1227 0.8990 -0.4204
vn -0.2991 0.8269 0.4761
vn -0.2990 0.8268 0.4764
vn -0.7025 0.6451 0.3006
vn -0.7027 0.6449 0.3005
vn -0.2083 0.8646 -0.4572
vn -0.2082 0.8645 -0.4575
vn -0.2083 0.8646 0.4573
vn -0.2085 0.8647 0.4570
vn -0.6401 0.6747 0.3674
vn -0.6403 0.6747 0.3672
vn -0.2991 0.8269 -0.4763
vn -0.1222 0.8992 0.4201
vn -0.1226 0.8990 0.4205
vn -0.5656 0.7094 0.4205
vn -0.5656 0.7095 0.4205
vn -0.3915 0.7875 -0.4761
vn -0.3915 0.7876 -0.4759
vn -0.0457 0.9289 0.3676
vn -0.0462 0.9289 0.3676
vn -0.4814 0.7478 0.4573
vn -0.4816 0.7477 0.4572
vn -0.4816 0.7477 -0.4572
vn 0.0189 0.9536 0.3005
vn 0.0190 0.9535 0.3008
vn -0.3914 0.7873 0.4765
vn -0.3915 0.7873 0.4763
vn -0.5655 0.7096 -0.4204
vn -0.5656 0.7095 -0.4204
vn 0.0695 0.9724 0.2226
vn 0.0697 0.9724 0.2226
vn -0.6401 0.6748 -0.3674
vn -0.6401 0.6747 -0.3674
vn 0.1044 0.9851 0.1368
vn 0.1042 0.9851 0.1368
vn -0.7027 0.6449 -0.3005
vn 0.1218 0.9915 0.0461
vn -0.7513 0.6213 -0.2226
vn 0.2840 0.1214 -0.9511
vn 0.2841 0.1216 -0.9510
vn 0.0528 -0.9939 0.0969
vn 0.5787 -0.7732 -0.2592
vn 0.0775 -0.9844 0.1576
vn 0.0776 -0.9845 0.1576
vn 0.5257 -0.7974 -0.2963
vn 0.5257 -0.7975 -0.2962
vn 0.4029 -0.8518 0.3348
vn 0.4029 -0.8518 0.3350
vn 0.1134 -0.9706 0.2124
vn 0.1136 -0.9706 0.2124
vn 0.4663 -0.8240 -0.3217
vn 0.4663 -0.8240 0.3217
vn 0.1596 -0.9526 0.2592
vn 0.1596 -0.9525 0.2592
vn 0.4029 -0.8518 -0.3348
vn 0.4028 -0.8518 -0.3350
vn 0.5257 -0.7974 0.2963
vn 0.5257 -0.7974 0.2964
vn 0.2138 -0.9309 0.2962
vn 0.2139 -0.9309 0.2962
vn 0.3379 -0.8796 -0.3348
vn 0.3379 -0.8795 -0.3350
vn 0.5788 -0.7732 0.2592
vn 0.5787 -0.7732 0.2592
vn 0.2740 -0.9063 0.3217
vn 0.2740 -0.9064 -0.3217
vn 0.2740 -0.9063 -0.3219
vn 0.6235 -0.7524 0.2124
vn 0.3379 -0.8796 0.3348
vn 0.3381 -0.8796 0.3348
vn 0.2138 -0.9309 -0.2962
vn 0.6585 -0.7359 0.1576
vn 0.1593 -0.9526 -0.2592
vn 0.1596 -0.9525 -0.2592
vn 0.6824 -0.7245 0.0969
vn 0.1136 -0.9706 -0.2124
vn 0.1136 -0.9706 -0.2123
vn 0.6945 -0.7187 0.0327
vn 0.0776 -0.9844 -0.1576
vn 0.0774 -0.9845 -0.1576
vn 0.6948 -0.7185 -0.0327
vn 0.6946 -0.7187 -0.0327
vn 0.0528 -0.9939 -0.0969
vn 0.6824 -0.7245 -0.0969
vn 0.6825 -0.7244 -0.0969
vn 0.0402 -0.9987 -0.0327
vn 0.6585 -0.7359 -0.1576
vn 0.0402 -0.9987 0.0327
vn -0.4814 0.7503 -0.4532
vn -0.4813 0.7502 -0.4534
vn 0.2841 0.1216 0.9510
vn 0.2840 0.1214 0.9511
vn -0.6072 -0.2598 0.7509
vn -0.6072 -0.2598 0.7508
vn 0.0965 0.0413 -0.9945
vn 0.0968 0.0413 -0.9944
vn 0.4575 0.1957 0.8674
vn -0.4573 -0.1956 0.8675
vn -0.4573 -0.1955 0.8675
vn -0.0962 -0.0413 -0.9945
vn -0.0964 -0.0412 -0.9945
vn 0.6072 0.2598 0.7509
vn 0.6069 0.2593 0.7513
vn -0.2841 -0.1216 -0.9510
vn -0.2842 -0.1216 -0.9510
vn 0.7300 0.3123 0.6079
vn 0.7299 0.3119 0.6083
vn -0.0960 -0.0412 0.9945
vn -0.4571 -0.1955 -0.8677
vn 0.8228 0.3520 0.4463
vn -0.6071 -0.2597 -0.7510
vn 0.8846 0.3784 0.2726
vn 0.8847 0.3784 0.2725
vn -0.7300 -0.3123 -0.6079
vn -0.7299 -0.3125 -0.6080
vn 0.9155 0.3917 0.0916
vn -0.8227 -0.3520 -0.4463
vn -0.8228 -0.3520 -0.4463
vn -0.8846 -0.3787 -0.2723
vn -0.8846 -0.3784 -0.2726
vn 0.8847 0.3785 -0.2720
vn 0.8228 0.3520 -0.4463
vn 0.8228 0.3526 -0.4457
vn -0.9155 -0.3917 0.0916
vn -0.9155 -0.3918 0.0913
vn 0.7298 0.3122 -0.6083
vn 0.7299 0.3123 -0.6080
vn -0.8847 -0.3785 0.2720
vn -0.8843 -0.3790 0.2726
vn 0.6071 0.2597 -0.7510
vn -0.8226 -0.3525 0.4463
vn 0.4570 0.1955 -0.8677
vn 0.4571 0.1955 -0.8677
vn 0.0968 0.0413 0.9944
vn 0.0965 0.0413 0.9945
vn -0.7299 -0.3124 0.6080
vn -0.7298 -0.3122 0.6083
vn -0.0843 -0.9362 -0.3413
vn -0.0840 -0.9361 -0.3414
vn 0.0148 0.9546 0.2974
vn 0.0146 0.9545 0.2978
vn -0.3921 0.7897 0.4719
vn -0.3919 0.7899 0.4717
vn -0.5644 0.7127 -0.4165
vn -0.5646 0.7125 -0.4166
vn 0.0648 0.9732 0.2205
vn 0.0650 0.9732 0.2208
vn -0.6384 0.6782 -0.3640
vn -0.6383 0.6782 -0.3642
vn 0.0992 0.9858 0.1354
vn 0.0993 0.9858 0.1355
vn -0.7006 0.6484 -0.2978
vn -0.7004 0.6486 -0.2978
vn 0.1166 0.9921 0.0459
vn 0.1166 0.9921 0.0456
vn -0.7486 0.6252 -0.2206
vn 0.1167 0.9921 -0.0459
vn 0.1166 0.9921 -0.0459
vn -0.7818 0.6086 -0.1355
vn -0.7814 0.6091 -0.1354
vn 0.0991 0.9858 -0.1356
vn -0.7981 0.6008 -0.0457
vn -0.7982 0.6006 -0.0457
vn 0.0648 0.9732 -0.2206
vn 0.0649 0.9731 -0.2209
vn -0.7981 0.6008 0.0457
vn -0.7984 0.6003 0.0456
vn 0.0146 0.9545 -0.2978
vn -0.7814 0.6091 0.1355
vn -0.7815 0.6090 0.1355
vn -0.0497 0.9301 -0.3640
vn -0.7486 0.6253 0.2206
vn -0.7485 0.6253 0.2208
vn -0.1257 0.9004 -0.4165
vn -0.1258 0.9004 -0.4165
vn -0.3005 0.8290 0.4717
vn -0.7004 0.6486 0.2978
vn -0.7004 0.6487 0.2976
vn -0.2105 0.8663 -0.4530
vn -0.2103 0.8663 -0.4532
vn -0.2105 0.8662 0.4533
vn -0.2104 0.8664 0.4528
vn -0.6384 0.6781 0.3641
vn -0.6384 0.6782 0.3640
vn -0.3005 0.8290 -0.4717
vn -0.1257 0.9004 0.4165
vn -0.5644 0.7127 0.4165
vn -0.5645 0.7125 0.4167
vn -0.3917 0.7898 -0.4720
vn -0.3918 0.7898 -0.4719
vn -0.0501 0.9301 0.3639
vn -0.0497 0.9301 0.3640
vn -0.4812 0.7505 0.4530
vn -0.9155 -0.3918 -0.0915
vn -0.9156 -0.3917 -0.0915
vn 0.8458 -0.5309 0.0522
vn 0.8458 -0.5309 0.0523
vn -0.1415 -0.9572 -0.2526
vn -0.1415 -0.9571 -0.2527
vn 0.8459 -0.5308 -0.0523
vn 0.8460 -0.5307 -0.0523
vn -0.1804 -0.9713 -0.1551
vn -0.1805 -0.9713 -0.1551
vn 0.8272 -0.5401 -0.1551
vn -0.2004 -0.9783 -0.0523
vn 0.7900 -0.5587 -0.2527
vn 0.7899 -0.5587 -0.2527
vn -0.2006 -0.9783 0.0524
vn -0.2008 -0.9782 0.0525
vn 0.7353 -0.5855 -0.3413
vn 0.7351 -0.5859 -0.3411
vn -0.1805 -0.9713 0.1551
vn 0.6645 -0.6196 -0.4177
vn 0.6645 -0.6198 -0.4175
vn -0.1415 -0.9572 0.2527
vn -0.1415 -0.9572 0.2525
vn 0.5801 -0.6593 -0.4784
vn 0.3823 -0.7481 0.5424
vn 0.3821 -0.7483 0.5423
vn -0.0841 -0.9362 0.3413
vn -0.0842 -0.9361 0.3415
vn 0.4848 -0.7028 -0.5206
vn 0.4847 -0.7028 -0.5207
vn 0.4850 -0.7026 0.5207
vn 0.4848 -0.7028 0.5207
vn -0.0106 -0.9084 0.4179
vn -0.0108 -0.9085 0.4177
vn 0.3826 -0.7480 -0.5423
vn 0.3823 -0.7482 -0.5423
vn 0.5801 -0.6593 0.4784
vn 0.0762 -0.8748 0.4784
vn 0.0763 -0.8748 0.4784
vn 0.2770 -0.7932 -0.5423
vn 0.2771 -0.7932 -0.5422
vn 0.6644 -0.6194 0.4182
vn 0.6646 -0.6196 0.4177
vn 0.1737 -0.8360 0.5206
vn 0.1737 -0.8359 0.5206
vn 0.1737 -0.8360 -0.5206
vn 0.1737 -0.8359 -0.5206
vn 0.7353 -0.5855 0.3413
vn 0.2773 -0.7932 0.5422
vn 0.2772 -0.7931 0.5423
vn 0.0762 -0.8748 -0.4784
vn 0.7898 -0.5588 0.2527
vn 0.7900 -0.5587 0.2527
vn -0.0103 -0.9087 -0.4174
vn -0.0109 -0.9086 -0.4175
vn 0.8272 -0.5401 0.1551
vn -0.7937 0.5491 0.2618
vn 0.8228 0.3519 -0.4463
vn -0.9156 -0.3915 0.0915
vn 0.7299 0.3122 -0.6081
vn -0.8846 -0.3784 0.2724
vn -0.8846 -0.3785 0.2724
vn -0.8227 -0.3521 0.4464
vn -0.8228 -0.3518 0.4463
vn 0.4569 0.1955 -0.8678
vn 0.4570 0.1952 -0.8678
vn -0.7301 -0.3123 0.6078
vn -0.7300 -0.3124 0.6078
vn 0.2842 0.1214 -0.9511
vn 0.2842 0.1216 -0.9510
vn 0.2842 0.1216 0.9510
vn -0.6071 -0.2597 0.7510
vn 0.0964 0.0413 -0.9945
vn 0.4567 0.1959 0.8678
vn -0.4569 -0.1955 0.8678
vn -0.0963 -0.0413 -0.9945
vn -0.2844 -0.1218 0.9509
vn -0.2844 -0.1218 -0.9509
vn -0.0965 -0.0414 0.9945
vn -0.0963 -0.0413 0.9945
vn 0.8227 0.3520 0.4464
vn -0.6074 -0.2597 -0.7507
vn 0.8846 0.3783 0.2725
vn -0.7299 -0.3121 -0.6081
vn 0.9156 0.3915 0.0913
vn 0.9156 0.3915 -0.0914
vn 0.8845 0.3789 -0.2722
vn -0.0605 -0.9911 -0.1182
vn -0.1661 0.9238 -0.3449
vn -0.2969 0.8454 0.4440
vn -0.7313 0.5873 0.3468
vn -0.2244 0.8884 -0.4004
vn -0.2244 0.8884 0.4004
vn -0.6536 0.6344 0.4128
vn -0.2969 0.8454 -0.4440
vn -0.1661 0.9238 0.3449
vn -0.5653 0.6872 0.4563
vn -0.3810 0.7960 -0.4704
vn -0.1223 0.9514 0.2825
vn -0.4723 0.7422 0.4754
vn -0.4723 0.7422 -0.4754
vn -0.0919 0.9717 0.2177
vn -0.3810 0.7960 0.4704
vn -0.5653 0.6872 -0.4563
vn -0.0725 0.9855 0.1534
vn -0.6536 0.6344 -0.4128
vn -0.0615 0.9940 0.0908
vn -0.7313 0.5873 -0.3468
vn -0.0566 0.9979 0.0300
vn -0.7937 0.5491 -0.2618
vn -0.0566 0.9979 -0.0300
vn -0.8371 0.5223 -0.1628
vn -0.0615 0.9940 -0.0908
vn -0.8593 0.5085 -0.0554
vn -0.8593 0.5085 -0.0552
vn -0.0725 0.9855 -0.1534
vn -0.8595 0.5082 0.0549
vn -0.8593 0.5085 0.0552
vn -0.0919 0.9717 -0.2177
vn -0.8371 0.5223 0.1628
vn -0.1223 0.9514 -0.2825
vn -0.9155 -0.2967 0.2717
vn 0.7042 -0.7010 -0.1131
vn 0.7043 -0.7008 -0.1135
vn -0.0763 -0.9963 -0.0399
vn -0.0764 -0.9963 -0.0399
vn 0.6766 -0.7129 -0.1842
vn 0.6765 -0.7130 -0.1842
vn -0.0764 -0.9963 0.0399
vn 0.6359 -0.7303 -0.2494
vn 0.6359 -0.7305 -0.2491
vn -0.0604 -0.9912 0.1181
vn -0.0605 -0.9911 0.1182
vn 0.5835 -0.7525 -0.3053
vn 0.5835 -0.7526 -0.3051
vn -0.0293 -0.9810 0.1920
vn 0.5208 -0.7785 -0.3502
vn 0.5208 -0.7785 -0.3503
vn 0.3735 -0.8372 0.3995
vn 0.3734 -0.8371 0.3997
vn 0.0161 -0.9659 0.2583
vn 0.0160 -0.9659 0.2584
vn 0.4501 -0.8072 -0.3818
vn 0.4502 -0.8072 -0.3817
vn 0.4501 -0.8070 0.3823
vn 0.4499 -0.8072 0.3822
vn 0.0737 -0.9464 0.3144
vn 0.0735 -0.9464 0.3144
vn 0.3734 -0.8371 -0.3998
vn 0.3735 -0.8371 -0.3997
vn 0.5212 -0.7781 0.3505
vn 0.5208 -0.7785 0.3504
vn 0.1412 -0.9229 0.3581
vn 0.1414 -0.9230 0.3579
vn 0.2943 -0.8672 -0.4016
vn 0.5835 -0.7526 0.3053
vn 0.5835 -0.7525 0.3053
vn 0.2158 -0.8962 0.3876
vn 0.2158 -0.8960 0.3880
vn 0.2157 -0.8963 -0.3876
vn 0.2158 -0.8963 -0.3874
vn 0.6359 -0.7305 0.2491
vn 0.2943 -0.8672 0.4016
vn 0.1411 -0.9229 -0.3583
vn 0.1414 -0.9229 -0.3582
vn 0.6766 -0.7130 0.1842
vn 0.6765 -0.7130 0.1842
vn 0.0737 -0.9464 -0.3144
vn 0.0738 -0.9465 -0.3143
vn 0.7042 -0.7009 0.1132
vn 0.7042 -0.7010 0.1131
vn 0.0157 -0.9658 -0.2589
vn 0.0161 -0.9659 -0.2584
vn 0.7180 -0.6950 0.0382
vn 0.7181 -0.6949 0.0381
vn -0.0293 -0.9810 -0.1920
vn -0.0294 -0.9810 -0.1920
vn 0.7181 -0.6949 -0.0381
vn 0.7180 -0.6950 -0.0381
vn -0.6444 0.6291 0.4347
vn 0.6292 0.2039 -0.7500
vn -0.8518 -0.2759 0.4453
vn -0.8517 -0.2760 0.4454
vn 0.4737 0.1537 -0.8672
vn 0.4738 0.1536 -0.8671
vn 0.1000 0.0324 0.9945
vn 0.1001 0.0324 0.9944
vn -0.7560 -0.2449 0.6070
vn -0.7560 -0.2450 0.6070
vn 0.2947 0.0956 -0.9508
vn 0.2946 0.0956 -0.9508
vn 0.2948 0.0956 0.9508
vn -0.6289 -0.2044 0.7502
vn 0.1003 0.0326 -0.9944
vn 0.1004 0.0325 -0.9944
vn 0.4740 0.1541 0.8669
vn 0.4739 0.1537 0.8671
vn -0.4738 -0.1536 0.8671
vn -0.1003 -0.0326 -0.9944
vn -0.1004 -0.0325 -0.9944
vn 0.6292 0.2039 0.7500
vn -0.2951 -0.0955 0.9507
vn -0.2946 -0.0955 0.9508
vn -0.2948 -0.0956 -0.9508
vn -0.2947 -0.0956 -0.9508
vn 0.7560 0.2450 0.6070
vn -0.1001 -0.0324 0.9944
vn -0.4738 -0.1536 -0.8671
vn 0.8516 0.2765 0.4453
vn 0.8516 0.2759 0.4456
vn -0.6292 -0.2039 -0.7500
vn 0.9155 0.2967 0.2717
vn 0.9155 0.2966 0.2719
vn -0.7560 -0.2450 -0.6070
vn 0.9473 0.3070 0.0913
vn 0.9471 0.3075 0.0916
vn -0.8517 -0.2760 -0.4454
vn 0.9471 0.3075 -0.0915
vn 0.9473 0.3070 -0.0913
vn -0.9155 -0.2967 -0.2717
vn -0.9154 -0.2969 -0.2719
vn 0.9155 0.2967 -0.2717
vn 0.9157 0.2964 -0.2713
vn -0.9473 -0.3072 -0.0913
vn -0.9474 -0.3069 -0.0913
vn 0.8515 0.2756 -0.4460
vn 0.8517 0.2760 -0.4454
vn -0.9474 -0.3067 0.0912
vn -0.9474 -0.3068 0.0914
vn 0.7560 0.2452 -0.6069
vn 0.7560 0.2452 -0.6070
vn 0.2535 -0.8596 0.4436
vn 0.2533 -0.8596 0.4437
vn -0.2574 0.8353 -0.4859
vn -0.1073 0.9170 0.3842
vn -0.5511 0.6792 0.4847
vn -0.3512 0.7854 -0.5097
vn -0.0554 0.9468 0.3171
vn -0.4512 0.7324 0.5099
vn -0.4512 0.7324 -0.5099
vn -0.0186 0.9691 0.2459
vn -0.3512 0.7854 0.5097
vn -0.5511 0.6792 -0.4847
vn 0.0055 0.9847 0.1741
vn -0.6444 0.6291 -0.4347
vn 0.0195 0.9944 0.1035
vn -0.7254 0.5852 -0.3624
vn -0.7254 0.5853 -0.3624
vn 0.0258 0.9991 0.0343
vn -0.7895 0.5501 -0.2721
vn 0.0258 0.9991 -0.0343
vn -0.8338 0.5257 -0.1685
vn 0.0195 0.9944 -0.1035
vn -0.8564 0.5132 -0.0571
vn -0.8564 0.5132 -0.0570
vn 0.0055 0.9847 -0.1741
vn -0.8564 0.5132 0.0571
vn -0.0186 0.9691 -0.2459
vn -0.8338 0.5257 0.1685
vn -0.0554 0.9468 -0.3171
vn -0.7895 0.5501 0.2721
vn -0.1073 0.9170 -0.3842
vn -0.2574 0.8353 0.4859
vn -0.7254 0.5852 0.3624
vn -0.1749 0.8796 -0.4423
vn -0.1749 0.8796 0.4423
vn -0.8766 -0.1903 -0.4420
vn -0.8766 -0.1902 -0.4421
vn 0.0785 -0.9133 -0.3997
vn 0.6729 -0.7130 0.1973
vn 0.6730 -0.7129 0.1973
vn 0.0002 -0.9358 -0.3526
vn 0.0002 -0.9358 -0.3525
vn 0.7022 -0.7017 0.1208
vn 0.7021 -0.7017 0.1208
vn -0.0669 -0.9546 -0.2903
vn -0.0670 -0.9545 -0.2905
vn 0.7169 -0.6960 0.0407
vn -0.1200 -0.9688 -0.2166
vn -0.1203 -0.9688 -0.2165
vn 0.7169 -0.6960 -0.0407
vn -0.1571 -0.9785 -0.1337
vn -0.1571 -0.9785 -0.1338
vn 0.7021 -0.7017 -0.1208
vn -0.1754 -0.9835 -0.0453
vn -0.1761 -0.9834 -0.0450
vn 0.6730 -0.7129 -0.1971
vn 0.6729 -0.7129 -0.1973
vn -0.1759 -0.9834 0.0451
vn 0.6296 -0.7293 -0.2678
vn 0.6296 -0.7294 -0.2677
vn -0.1574 -0.9785 0.1333
vn -0.1571 -0.9785 0.1336
vn 0.5733 -0.7502 -0.3294
vn -0.1203 -0.9688 0.2165
vn -0.1204 -0.9688 0.2165
vn 0.5053 -0.7747 -0.3801
vn 0.5053 -0.7748 -0.3801
vn 0.3425 -0.8307 0.4389
vn 0.3426 -0.8306 0.4390
vn -0.0670 -0.9545 0.2906
vn -0.0671 -0.9545 0.2905
vn 0.4275 -0.8021 -0.4170
vn 0.4274 -0.8020 -0.4172
vn 0.4275 -0.8020 0.4172
vn 0.0002 -0.9358 0.3525
vn 0.0001 -0.9358 0.3525
vn 0.3427 -0.8306 -0.4389
vn 0.3425 -0.8307 -0.4389
vn 0.5053 -0.7747 0.3801
vn 0.0785 -0.9133 0.3996
vn 0.0785 -0.9133 0.3997
vn 0.2535 -0.8596 -0.4436
vn 0.2533 -0.8596 -0.4437
vn 0.5732 -0.7504 0.3292
vn 0.5733 -0.7502 0.3294
vn 0.1643 -0.8875 0.4305
vn 0.1641 -0.8877 0.4303
vn 0.1642 -0.8875 -0.4306
vn 0.1643 -0.8875 -0.4304
vn 0.6295 -0.7294 0.2679
vn 0.6295 -0.7294 0.2677
vn -0.7811 0.6224 0.0499
vn 0.9732 0.2112 -0.0905
vn 0.9732 0.2113 -0.0904
vn -0.9411 -0.2044 -0.2693
vn -0.9411 -0.2051 -0.2690
vn 0.9411 0.2043 -0.2693
vn 0.9411 0.2044 -0.2694
vn -0.9732 -0.2113 -0.0904
vn -0.9732 -0.2113 -0.0906
vn 0.8766 0.1903 -0.4420
vn -0.9732 -0.2114 0.0903
vn -0.9732 -0.2113 0.0906
vn 0.7793 0.1693 -0.6033
vn 0.7791 0.1689 -0.6037
vn -0.9411 -0.2046 0.2692
vn -0.9411 -0.2044 0.2694
vn 0.6497 0.1410 -0.7470
vn 0.6496 0.1408 -0.7471
vn -0.8766 -0.1903 0.4420
vn -0.8765 -0.1904 0.4422
vn 0.4901 0.1068 -0.8651
vn 0.4902 0.1064 -0.8651
vn 0.1040 0.0225 0.9943
vn 0.1038 0.0225 0.9943
vn -0.7792 -0.1687 0.6037
vn -0.7793 -0.1692 0.6034
vn 0.3053 0.0663 -0.9500
vn 0.3054 0.0663 -0.9499
vn 0.3054 0.0663 0.9499
vn 0.3058 0.0666 0.9498
vn -0.6497 -0.1411 0.7470
vn -0.6497 -0.1406 0.7471
vn 0.1038 0.0225 -0.9943
vn 0.4903 0.1061 0.8651
vn 0.4901 0.1064 0.8651
vn -0.4901 -0.1064 0.8651
vn -0.1038 -0.0225 -0.9943
vn -0.1040 -0.0225 -0.9943
vn 0.6497 0.1406 0.7471
vn 0.6498 0.1408 0.7470
vn -0.3059 -0.0663 0.9497
vn -0.3056 -0.0663 0.9498
vn -0.3046 -0.0660 -0.9502
vn -0.3052 -0.0663 -0.9500
vn 0.7793 0.1693 0.6033
vn 0.7791 0.1689 0.6037
vn -0.1039 -0.0225 0.9943
vn -0.1038 -0.0225 0.9943
vn -0.4901 -0.1064 -0.8652
vn -0.4901 -0.1064 -0.8651
vn 0.8765 0.1903 0.4421
vn 0.8766 0.1902 0.4421
vn -0.6497 -0.1406 -0.7471
vn 0.9411 0.2044 0.2693
vn 0.9410 0.2050 0.2693
vn -0.7793 -0.1692 -0.6034
vn -0.7792 -0.1687 -0.6037
vn 0.9732 0.2111 0.0908
vn 0.9732 0.2115 0.0903
vn 0.2966 -0.7854 0.5433
vn -0.1223 0.9819 -0.1448
vn -0.7598 0.6332 0.1471
vn -0.7599 0.6332 0.1471
vn -0.1316 0.9707 -0.2011
vn -0.7182 0.6545 0.2363
vn -0.1546 0.9528 -0.2612
vn -0.2527 0.8942 0.3696
vn -0.6582 0.6850 0.3123
vn -0.1947 0.9273 -0.3197
vn -0.1947 0.9273 0.3197
vn -0.5833 0.7230 0.3702
vn -0.2527 0.8942 -0.3696
vn -0.1546 0.9528 0.2612
vn -0.4986 0.7660 0.4058
vn -0.3263 0.8546 -0.4039
vn -0.1316 0.9707 0.2011
vn -0.4106 0.8109 0.4170
vn -0.4106 0.8109 -0.4170
vn -0.1223 0.9819 0.1448
vn -0.3263 0.8546 0.4039
vn -0.4986 0.7660 -0.4058
vn -0.1217 0.9880 0.0955
vn -0.5833 0.7230 -0.3702
vn -0.1248 0.9907 0.0536
vn -0.6582 0.6850 -0.3123
vn -0.1275 0.9917 0.0172
vn -0.7182 0.6545 -0.2363
vn -0.1275 0.9917 -0.0172
vn -0.7599 0.6332 -0.1471
vn -0.1248 0.9907 -0.0536
vn -0.7811 0.6224 -0.0499
vn -0.1217 0.9880 -0.0955
vn 0.6712 0.0549 0.7392
vn 0.6709 0.0548 0.7395
vn -0.2473 -0.8939 0.3740
vn -0.2473 -0.8939 0.3738
vn 0.4033 -0.7589 -0.5112
vn 0.4036 -0.7588 -0.5112
vn 0.4036 -0.7590 0.5110
vn 0.4037 -0.7587 0.5113
vn -0.1556 -0.8787 0.4514
vn -0.1555 -0.8787 0.4513
vn 0.2966 -0.7854 -0.5433
vn 0.2967 -0.7854 -0.5432
vn 0.4994 -0.7338 0.4607
vn -0.0502 -0.8594 0.5088
vn -0.0498 -0.8595 0.5087
vn 0.1820 -0.8118 -0.5548
vn 0.1824 -0.8116 -0.5550
vn 0.5812 -0.7112 0.3955
vn 0.5811 -0.7112 0.3955
vn 0.0647 -0.8369 0.5435
vn 0.0649 -0.8369 0.5435
vn 0.0645 -0.8369 -0.5435
vn 0.0647 -0.8369 -0.5435
vn 0.6476 -0.6921 0.3188
vn 0.6477 -0.6920 0.3187
vn 0.1824 -0.8116 0.5550
vn 0.1820 -0.8120 0.5546
vn -0.0496 -0.8594 -0.5088
vn -0.0500 -0.8595 -0.5087
vn 0.6979 -0.6771 0.2334
vn 0.6977 -0.6773 0.2334
vn -0.1553 -0.8787 -0.4515
vn -0.1556 -0.8787 -0.4514
vn 0.7315 -0.6669 0.1421
vn 0.7315 -0.6669 0.1422
vn -0.2472 -0.8939 -0.3738
vn -0.2473 -0.8939 -0.3740
vn 0.7482 -0.6617 0.0476
vn 0.7481 -0.6618 0.0485
vn -0.3200 -0.9052 -0.2796
vn -0.3200 -0.9052 -0.2798
vn 0.7482 -0.6617 -0.0484
vn 0.7482 -0.6617 -0.0481
vn -0.3707 -0.9125 -0.1727
vn -0.3706 -0.9126 -0.1727
vn 0.7315 -0.6668 -0.1422
vn 0.7315 -0.6669 -0.1421
vn -0.3965 -0.9162 -0.0583
vn -0.3964 -0.9162 -0.0584
vn 0.6979 -0.6771 -0.2334
vn 0.6978 -0.6772 -0.2334
vn -0.3965 -0.9162 0.0584
vn -0.3964 -0.9162 0.0586
vn 0.6477 -0.6920 -0.3187
vn -0.3707 -0.9125 0.1727
vn -0.3708 -0.9125 0.1726
vn 0.5813 -0.7110 -0.3956
vn 0.5812 -0.7112 -0.3955
vn -0.3200 -0.9052 0.2796
vn -0.3201 -0.9052 0.2796
vn 0.4994 -0.7338 -0.4607
vn -0.1463 0.9885 0.0372
vn -0.3176 -0.0260 0.9479
vn -0.3178 -0.0260 -0.9478
vn 0.8012 0.0654 0.5948
vn 0.8012 0.0654 0.5949
vn -0.1082 -0.0088 0.9941
vn -0.5083 -0.0415 -0.8602
vn -0.5081 -0.0416 -0.8603
vn 0.8979 0.0733 0.4341
vn 0.8980 0.0733 0.4339
vn -0.6713 -0.0549 -0.7392
vn -0.6709 -0.0548 -0.7395
vn 0.9614 0.0785 0.2638
vn 0.9614 0.0788 0.2636
vn -0.8013 -0.0654 -0.5947
vn -0.8014 -0.0655 -0.5945
vn 0.9928 0.0811 0.0884
vn -0.8979 -0.0733 -0.4341
vn -0.8979 -0.0733 -0.4340
vn 0.9928 0.0811 -0.0886
vn 0.9928 0.0811 -0.0884
vn -0.9614 -0.0787 -0.2636
vn 0.9614 0.0785 -0.2639
vn 0.9615 0.0780 -0.2636
vn -0.9927 -0.0812 -0.0886
vn -0.9928 -0.0810 -0.0884
vn 0.8979 0.0733 -0.4340
vn 0.8980 0.0736 -0.4338
vn -0.9928 -0.0811 0.0883
vn -0.9927 -0.0813 0.0886
vn 0.8010 0.0655 -0.5951
vn -0.9614 -0.0787 0.2636
vn 0.6712 0.0550 -0.7393
vn 0.6709 0.0548 -0.7395
vn -0.8977 -0.0735 0.4343
vn -0.8977 -0.0736 0.4344
vn 0.5083 0.0415 -0.8602
vn 0.5086 0.0417 -0.8600
vn 0.1082 0.0088 0.9941
vn -0.8011 -0.0656 0.5949
vn -0.8012 -0.0657 0.5948
vn 0.3176 0.0260 -0.9479
vn 0.3178 0.0260 -0.9478
vn 0.3174 0.0260 0.9479
vn 0.3178 0.0260 0.9478
vn -0.6709 -0.0548 0.7395
vn -0.6712 -0.0549 0.7392
vn 0.1082 0.0089 -0.9941
vn 0.1081 0.0089 -0.9941
vn 0.5087 0.0416 0.8599
vn 0.5086 0.0417 0.8600
vn -0.5080 -0.0416 0.8604
vn -0.5081 -0.0416 0.8603
vn -0.1081 -0.0088 -0.9941
vn 0.5673 -0.8184 -0.0920
vn 0.5674 -0.8183 -0.0920
vn -0.5104 0.8376 -0.1949
vn -0.1464 0.9891 0.0121
vn -0.1464 0.9892 0.0121
vn -0.5509 0.8213 -0.1483
vn -0.1464 0.9892 -0.0121
vn -0.1464 0.9891 -0.0121
vn -0.5793 0.8098 -0.0927
vn -0.1463 0.9885 -0.0372
vn -0.5940 0.8039 -0.0315
vn -0.1473 0.9870 -0.0649
vn -0.5940 0.8039 0.0315
vn -0.1514 0.9838 -0.0959
vn -0.5793 0.8098 0.0927
vn -0.1613 0.9783 -0.1300
vn -0.5509 0.8213 0.1483
vn -0.1795 0.9697 -0.1655
vn -0.2462 0.9419 0.2285
vn -0.5104 0.8376 0.1949
vn -0.2077 0.9576 -0.1996
vn -0.2077 0.9576 0.1996
vn -0.4607 0.8573 0.2297
vn -0.2462 0.9419 -0.2285
vn -0.1795 0.9697 0.1655
vn -0.4052 0.8792 0.2506
vn -0.2939 0.9229 -0.2486
vn -0.1613 0.9783 0.1300
vn -0.3482 0.9016 0.2567
vn -0.3482 0.9016 -0.2567
vn -0.1514 0.9838 0.0959
vn -0.2939 0.9229 0.2486
vn -0.4052 0.8792 -0.2506
vn -0.1473 0.9870 0.0649
vn -0.4607 0.8573 -0.2297
vn 0.6787 0.0122 -0.7344
vn 0.6786 0.0116 -0.7344
vn -0.1537 -0.9874 -0.0369
vn -0.1538 -0.9874 -0.0369
vn 0.5447 -0.8250 -0.1505
vn 0.5447 -0.8250 -0.1506
vn -0.1537 -0.9874 0.0368
vn -0.1537 -0.9874 0.0369
vn 0.5111 -0.8347 -0.2049
vn 0.5107 -0.8350 -0.2047
vn -0.1371 -0.9845 0.1091
vn -0.1369 -0.9846 0.1091
vn 0.4671 -0.8472 -0.2530
vn 0.4674 -0.8469 -0.2534
vn -0.1048 -0.9787 0.1763
vn 0.4136 -0.8619 -0.2933
vn 0.4137 -0.8618 -0.2934
vn 0.2837 -0.8955 0.3430
vn 0.2837 -0.8954 0.3431
vn -0.0585 -0.9702 0.2353
vn 0.3519 -0.8782 -0.3239
vn 0.3516 -0.8784 -0.3238
vn 0.3519 -0.8784 0.3234
vn 0.3519 -0.8783 0.3237
vn -0.0007 -0.9590 0.2834
vn -0.0006 -0.9589 0.2838
vn 0.2837 -0.8955 -0.3430
vn 0.4136 -0.8619 0.2933
vn 0.4138 -0.8620 0.2929
vn 0.0659 -0.9453 0.3195
vn 0.0659 -0.9454 0.3193
vn 0.2113 -0.9130 -0.3489
vn 0.2114 -0.9129 -0.3491
vn 0.4670 -0.8473 0.2531
vn 0.4671 -0.8472 0.2530
vn 0.1379 -0.9297 0.3414
vn 0.1378 -0.9298 0.3412
vn 0.1378 -0.9298 -0.3414
vn 0.5111 -0.8347 0.2050
vn 0.5111 -0.8348 0.2048
vn 0.2112 -0.9130 0.3491
vn 0.2113 -0.9129 0.3491
vn 0.0659 -0.9453 -0.3195
vn 0.0659 -0.9454 -0.3192
vn 0.5447 -0.8250 0.1505
vn -0.0006 -0.9589 -0.2837
vn -0.0009 -0.9589 -0.2836
vn 0.5673 -0.8184 0.0918
vn 0.5674 -0.8183 0.0920
vn -0.0585 -0.9701 -0.2354
vn -0.0585 -0.9702 -0.2353
vn 0.5788 -0.8149 0.0308
vn 0.5788 -0.8149 0.0309
vn -0.1048 -0.9787 -0.1763
vn 0.5788 -0.8149 -0.0311
vn 0.5787 -0.8149 -0.0309
vn -0.1370 -0.9845 -0.1091
vn -0.1375 -0.9845 -0.1091
vn -0.1508 0.8584 -0.4904
vn -0.9032 -0.0155 0.4289
vn -0.9033 -0.0154 0.4287
vn 0.5155 0.0088 -0.8568
vn 0.5156 0.0088 -0.8568
vn 0.1103 0.0019 0.9939
vn 0.1102 0.0019 0.9939
vn -0.8079 -0.0139 0.5892
vn -0.8079 -0.0139 0.5891
vn 0.3232 0.0055 -0.9463
vn 0.3230 0.0055 -0.9464
vn 0.3230 0.0055 0.9464
vn -0.6786 -0.0116 0.7344
vn 0.1101 0.0019 -0.9939
vn 0.5155 0.0088 0.8568
vn 0.5156 0.0084 0.8568
vn -0.5156 -0.0088 0.8568
vn -0.5155 -0.0088 0.8569
vn -0.1101 -0.0019 -0.9939
vn 0.6786 0.0116 0.7344
vn 0.6786 0.0119 0.7344
vn -0.3232 -0.0055 0.9463
vn -0.3232 -0.0055 -0.9463
vn -0.3229 -0.0057 -0.9464
vn 0.8080 0.0139 0.5890
vn -0.1103 -0.0019 0.9939
vn -0.1102 -0.0019 0.9939
vn -0.5156 -0.0086 -0.8568
vn -0.5156 -0.0088 -0.8568
vn 0.9033 0.0154 0.4287
vn 0.9033 0.0155 0.4288
vn -0.6788 -0.0113 -0.7342
vn 0.9654 0.0160 0.2603
vn 0.9654 0.0166 0.2601
vn -0.8080 -0.0139 -0.5890
vn 0.9961 0.0171 0.0871
vn 0.9960 0.0169 0.0874
vn -0.9032 -0.0155 -0.4289
vn -0.9033 -0.0155 -0.4288
vn 0.9960 0.0169 -0.0874
vn 0.9961 0.0174 -0.0869
vn -0.9654 -0.0165 -0.2601
vn -0.9654 -0.0169 -0.2601
vn 0.9654 0.0166 -0.2601
vn -0.9961 -0.0171 -0.0871
vn 0.9033 0.0155 -0.4287
vn 0.9033 0.0155 -0.4288
vn -0.9960 -0.0170 0.0872
vn -0.9961 -0.0171 0.0871
vn 0.8080 0.0139 -0.5890
vn -0.9654 -0.0168 0.2601
vn -0.9654 -0.0168 0.2602
vn 0.0147 -0.9569 -0.2901
vn 0.0146 -0.9569 -0.2901
vn -0.0284 0.9448 0.3263
vn -0.4846 0.7019 0.5221
vn -0.2528 0.8054 -0.5361
vn -0.0143 0.9720 0.2347
vn -0.3682 0.7520 0.5468
vn -0.3682 0.7520 -0.5468
vn -0.0238 0.9878 0.1540
vn -0.2528 0.8054 0.5361
vn -0.4846 0.7019 -0.5221
vn -0.0453 0.9948 0.0909
vn -0.5914 0.6581 -0.4661
vn -0.0671 0.9967 0.0459
vn -0.6814 0.6222 -0.3853
vn -0.0803 0.9967 0.0138
vn -0.7507 0.5952 -0.2866
vn -0.0803 0.9967 -0.0138
vn -0.7973 0.5773 -0.1763
vn -0.0671 0.9967 -0.0459
vn -0.8207 0.5682 -0.0595
vn -0.8207 0.5683 -0.0595
vn -0.0453 0.9948 -0.0909
vn -0.8206 0.5684 0.0595
vn -0.8206 0.5683 0.0595
vn -0.0238 0.9878 -0.1540
vn -0.7973 0.5773 0.1763
vn -0.0143 0.9720 -0.2347
vn -0.7507 0.5952 0.2866
vn -0.0284 0.9448 -0.3263
vn -0.1508 0.8584 0.4904
vn -0.6814 0.6222 0.3853
vn -0.6815 0.6222 0.3853
vn -0.0738 0.9062 -0.4164
vn -0.0738 0.9062 0.4164
vn -0.5914 0.6581 0.4661
vn -0.9012 0.1390 -0.4105
vn 0.4556 -0.8804 0.1316
vn -0.0492 -0.9647 -0.2589
vn -0.0493 -0.9646 -0.2590
vn 0.4758 -0.8758 0.0806
vn 0.4763 -0.8756 0.0804
vn -0.1053 -0.9708 -0.2157
vn -0.1052 -0.9708 -0.2157
vn 0.4858 -0.8737 0.0270
vn 0.4858 -0.8736 0.0273
vn -0.1504 -0.9752 -0.1622
vn -0.1506 -0.9752 -0.1622
vn 0.4859 -0.8736 -0.0270
vn 0.4859 -0.8736 -0.0265
vn -0.1821 -0.9781 -0.1006
vn -0.1820 -0.9781 -0.1006
vn 0.4762 -0.8756 -0.0807
vn 0.4758 -0.8759 -0.0801
vn -0.1985 -0.9795 -0.0340
vn -0.1987 -0.9795 -0.0342
vn 0.4556 -0.8804 -0.1316
vn -0.1983 -0.9795 0.0339
vn -0.1987 -0.9795 0.0343
vn 0.4257 -0.8869 -0.1796
vn 0.4259 -0.8868 -0.1794
vn -0.1821 -0.9781 0.1006
vn -0.1823 -0.9781 0.1007
vn 0.3864 -0.8950 -0.2226
vn 0.3863 -0.8951 -0.2225
vn -0.1504 -0.9752 0.1622
vn 0.3384 -0.9046 -0.2593
vn 0.3380 -0.9048 -0.2591
vn 0.2191 -0.9264 0.3061
vn 0.2191 -0.9264 0.3062
vn -0.1053 -0.9708 0.2157
vn 0.2817 -0.9153 -0.2878
vn 0.2818 -0.9154 -0.2875
vn 0.2815 -0.9154 0.2877
vn 0.2818 -0.9154 0.2875
vn -0.0492 -0.9646 0.2590
vn -0.0492 -0.9647 0.2589
vn 0.2191 -0.9264 -0.3061
vn 0.3380 -0.9047 0.2593
vn 0.3380 -0.9048 0.2591
vn 0.0146 -0.9569 0.2901
vn 0.0144 -0.9569 0.2900
vn 0.1520 -0.9374 -0.3133
vn 0.1519 -0.9374 -0.3134
vn 0.3863 -0.8951 0.2225
vn 0.0827 -0.9477 0.3082
vn 0.0827 -0.9477 -0.3081
vn 0.0826 -0.9478 -0.3081
vn 0.4257 -0.8869 0.1796
vn 0.4257 -0.8869 0.1795
vn 0.1519 -0.9374 0.3134
vn 0.1519 -0.9374 0.3133
vn -0.6968 0.7156 0.0489
vn -0.6966 0.7158 0.0488
vn 0.9849 -0.1520 -0.0825
vn 0.9849 -0.1520 -0.0824
vn -0.9576 0.1477 -0.2474
vn -0.9576 0.1477 -0.2475
vn 0.9574 -0.1480 -0.2478
vn -0.9849 0.1520 -0.0831
vn -0.9849 0.1519 -0.0829
vn 0.9013 -0.1393 -0.4101
vn 0.9012 -0.1390 -0.4105
vn -0.9849 0.1521 0.0832
vn -0.9849 0.1519 0.0827
vn 0.8129 -0.1254 -0.5687
vn 0.8129 -0.1255 -0.5688
vn -0.9576 0.1477 0.2474
vn -0.9576 0.1477 0.2475
vn 0.6897 -0.1064 -0.7162
vn 0.6898 -0.1064 -0.7162
vn -0.9013 0.1393 0.4101
vn -0.9012 0.1390 0.4105
vn 0.5295 -0.0817 -0.8444
vn 0.5296 -0.0817 -0.8443
vn 0.1152 -0.0178 0.9932
vn 0.1151 -0.0177 0.9932
vn -0.8130 0.1252 0.5686
vn -0.8131 0.1254 0.5685
vn 0.3353 -0.0518 -0.9407
vn 0.3352 -0.0517 -0.9407
vn 0.3348 -0.0517 0.9409
vn 0.3347 -0.0517 0.9409
vn -0.6897 0.1064 0.7162
vn -0.6895 0.1064 0.7164
vn 0.1148 -0.0177 -0.9932
vn 0.5296 -0.0817 0.8443
vn 0.5294 -0.0817 0.8445
vn -0.5296 0.0817 0.8443
vn -0.1148 0.0177 -0.9932
vn -0.1151 0.0177 -0.9932
vn 0.6897 -0.1063 0.7162
vn 0.6898 -0.1064 0.7161
vn -0.3349 0.0517 0.9408
vn -0.3346 0.0517 0.9410
vn -0.3353 0.0518 -0.9407
vn 0.8128 -0.1257 0.5688
vn 0.8130 -0.1255 0.5686
vn -0.1146 0.0177 0.9933
vn -0.1148 0.0177 0.9932
vn -0.5296 0.0817 -0.8443
vn 0.9012 -0.1390 0.4105
vn -0.6898 0.1065 -0.7161
vn -0.6900 0.1067 -0.7160
vn 0.9574 -0.1480 0.2478
vn 0.9576 -0.1477 0.2475
vn -0.8130 0.1254 -0.5686
vn -0.8131 0.1255 -0.5685
vn 0.9849 -0.1519 0.0827
vn -0.0235 -0.8766 -0.4807
vn -0.0239 -0.8765 -0.4807
vn 0.1211 0.9692 -0.2145
vn -0.6772 0.7213 0.1450
vn -0.6772 0.7214 0.1450
vn 0.0927 0.9540 -0.2851
vn -0.6384 0.7325 0.2363
vn 0.0451 0.9342 -0.3539
vn -0.1100 0.8829 0.4565
vn -0.5806 0.7490 0.3191
vn -0.0232 0.9102 -0.4135
vn -0.0232 0.9102 0.4135
vn -0.5052 0.7703 0.3891
vn -0.1100 0.8829 -0.4565
vn 0.0451 0.9342 0.3539
vn -0.4147 0.7957 0.4414
vn -0.2096 0.8536 -0.4769
vn 0.0927 0.9540 0.2851
vn -0.3139 0.8240 0.4717
vn -0.3139 0.8240 -0.4717
vn 0.1211 0.9692 0.2145
vn -0.2096 0.8536 0.4769
vn -0.4147 0.7957 -0.4414
vn 0.1351 0.9798 0.1471
vn 0.1351 0.9799 0.1471
vn -0.5052 0.7703 -0.3891
vn 0.1401 0.9865 0.0852
vn -0.5806 0.7490 -0.3191
vn 0.1413 0.9896 0.0278
vn -0.6384 0.7325 -0.2363
vn 0.1413 0.9896 -0.0278
vn -0.6772 0.7213 -0.1450
vn 0.1401 0.9865 -0.0852
vn -0.6967 0.7157 -0.0488
vn 0.1351 0.9798 -0.1471
vn 0.1351 0.9799 -0.1471
vn -0.7986 -0.1308 -0.5875
vn -0.7986 -0.1307 -0.5875
vn 0.5623 -0.7654 0.3131
vn 0.5622 -0.7654 0.3132
vn 0.0845 -0.8612 0.5012
vn -0.1241 -0.8889 -0.4411
vn -0.1243 -0.8890 -0.4408
vn 0.6185 -0.7510 0.2312
vn -0.2139 -0.8982 -0.3840
vn 0.6565 -0.7409 0.1417
vn -0.2888 -0.9048 -0.3130
vn -0.2888 -0.9048 -0.3131
vn 0.6757 -0.7356 0.0477
vn 0.6758 -0.7356 0.0476
vn -0.3467 -0.9090 -0.2312
vn -0.3469 -0.9090 -0.2311
vn 0.6757 -0.7356 -0.0477
vn 0.6757 -0.7357 -0.0476
vn -0.3859 -0.9116 -0.1417
vn 0.6565 -0.7409 -0.1417
vn 0.6565 -0.7409 -0.1418
vn -0.4058 -0.9127 -0.0477
vn 0.6185 -0.7510 -0.2312
vn -0.4057 -0.9128 0.0478
vn -0.4058 -0.9127 0.0477
vn 0.5623 -0.7654 -0.3131
vn -0.3859 -0.9116 0.1417
vn -0.3862 -0.9114 0.1423
vn 0.4892 -0.7831 -0.3840
vn -0.3468 -0.9090 0.2311
vn -0.3467 -0.9090 0.2312
vn 0.4014 -0.8028 -0.4409
vn 0.1946 -0.8432 0.5012
vn -0.2888 -0.9048 0.3130
vn -0.2888 -0.9048 0.3129
vn 0.3018 -0.8232 -0.4808
vn 0.3019 -0.8230 -0.4812
vn 0.3018 -0.8233 0.4807
vn -0.2136 -0.8984 0.3838
vn -0.2138 -0.8982 0.3842
vn -0.2137 -0.8982 0.3842
vn 0.1946 -0.8432 -0.5012
vn 0.1947 -0.8431 -0.5013
vn 0.4014 -0.8028 0.4409
vn -0.1244 -0.8889 0.4409
vn -0.1248 -0.8889 0.4408
vn 0.0845 -0.8612 -0.5012
vn 0.4892 -0.7831 0.3840
vn -0.0236 -0.8766 0.4807
vn -0.9517 0.2964 -0.0798
vn 0.9831 0.1610 0.0870
vn 0.9831 0.1613 0.0868
vn -0.8923 -0.1464 -0.4271
vn -0.8921 -0.1461 -0.4275
vn 0.9831 0.1610 -0.0868
vn 0.9831 0.1610 -0.0870
vn -0.9531 -0.1561 -0.2591
vn -0.9532 -0.1561 -0.2590
vn 0.9531 0.1561 -0.2592
vn 0.9532 0.1561 -0.2590
vn -0.9832 -0.1608 -0.0868
vn -0.9831 -0.1610 -0.0868
vn 0.8921 0.1461 -0.4275
vn 0.8922 0.1461 -0.4273
vn -0.9831 -0.1610 0.0870
vn -0.9831 -0.1610 0.0868
vn 0.7986 0.1310 -0.5874
vn 0.7987 0.1308 -0.5873
vn -0.9532 -0.1561 0.2589
vn -0.9532 -0.1564 0.2587
vn 0.6712 0.1099 -0.7331
vn 0.6710 0.1101 -0.7332
vn -0.8923 -0.1464 0.4271
vn -0.8921 -0.1461 0.4275
vn 0.5103 0.0836 -0.8559
vn 0.1092 0.0179 0.9939
vn 0.1093 0.0179 0.9938
vn -0.7984 -0.1310 0.5877
vn -0.7986 -0.1308 0.5875
vn 0.3201 0.0524 -0.9459
vn 0.3199 0.0525 0.9460
vn 0.3201 0.0524 0.9459
vn -0.6712 -0.1099 0.7331
vn -0.6710 -0.1101 0.7333
vn 0.1092 0.0179 -0.9939
vn 0.5103 0.0837 0.8559
vn 0.5104 0.0836 0.8559
vn -0.5104 -0.0836 0.8559
vn -0.5103 -0.0836 0.8559
vn -0.1092 -0.0179 -0.9939
vn 0.6712 0.1099 0.7331
vn -0.3201 -0.0524 0.9459
vn -0.3199 -0.0522 0.9460
vn -0.3201 -0.0524 -0.9459
vn 0.7986 0.1308 0.5875
vn 0.7986 0.1308 0.5874
vn -0.1092 -0.0179 0.9939
vn -0.5105 -0.0836 -0.8558
vn 0.8921 0.1461 0.4275
vn 0.8922 0.1461 0.4273
vn -0.6712 -0.1099 -0.7330
vn -0.6712 -0.1099 -0.7331
vn 0.9532 0.1561 0.2589
vn 0.9531 0.1560 0.2593
vn -0.0252 0.9997 -0.0000
vn -0.0253 0.9997 -0.0000
vn -0.0251 0.9997 0.0001
vn -0.0251 0.9997 -0.0000
vn -0.0255 0.9997 0.0001
vn -0.0249 0.9997 -0.0001
vn -0.0252 0.9997 -0.0002
vn -0.0255 0.9997 -0.0000
vn -0.0254 0.9997 -0.0001
vn -0.0250 0.9997 -0.0000
vn -0.0250 0.9997 -0.0002
vn -0.0253 0.9997 0.0002
vn -0.2350 0.9698 0.0659
vn -0.9517 0.2964 0.0798
vn -0.1189 0.9928 0.0158
vn -0.9205 0.3104 0.2372
vn -0.0071 0.9953 -0.0964
vn -0.8575 0.3388 0.3871
vn 0.0627 0.9641 -0.2579
vn -0.0129 0.8079 0.5892
vn -0.7621 0.3825 0.5224
vn 0.0625 0.8982 -0.4351
vn 0.0625 0.8982 0.4351
vn -0.6350 0.4423 0.6334
vn -0.0129 0.8079 -0.5892
vn 0.0627 0.9641 0.2579
vn -0.4810 0.5180 0.7073
vn -0.1467 0.7071 -0.6917
vn -0.0071 0.9953 0.0964
vn -0.3116 0.6078 0.7304
vn -0.3116 0.6078 -0.7304
vn -0.1189 0.9928 -0.0158
vn -0.1467 0.7071 0.6917
vn -0.4810 0.5180 -0.7073
vn -0.2350 0.9698 -0.0659
vn -0.6350 0.4423 -0.6334
vn -0.3255 0.9435 -0.0622
vn -0.7621 0.3825 -0.5224
vn -0.3739 0.9271 -0.0245
vn -0.8575 0.3388 -0.3871
vn -0.3739 0.9271 0.0245
vn -0.3739 0.9272 0.0245
vn -0.9205 0.3104 -0.2372
vn -0.3255 0.9435 0.0622
vt 0.000000 0.000000
s 0
usemtl Goddard_None
f 2049/2/1783 2050/2/1783 2051/2/1783
f 2051/2/1783 2052/2/1783 2053/2/1783
f 2049/2/1783 2051/2/1783 2053/2/1783
f 2053/2/1784 2054/2/1784 2055/2/1784
f 2055/2/1783 2056/2/1783 2057/2/1783
f 2053/2/1785 2055/2/1785 2057/2/1785
f 2049/2/1786 2053/2/1786 2057/2/1786
f 2057/2/1783 2058/2/1783 2059/2/1783
f 2059/2/1787 2060/2/1787 2061/2/1787
f 2057/2/1785 2059/2/1785 2061/2/1785
f 2061/2/1783 2062/2/1783 2063/2/1783
f 2063/2/1783 2064/2/1783 2065/2/1783
f 2061/2/1783 2063/2/1783 2065/2/1783
f 2057/2/1788 2061/2/1788 2065/2/1788
f 2065/2/1783 2066/2/1783 2067/2/1783
f 2067/2/1783 2068/2/1783 2069/2/1783
f 2065/2/1783 2067/2/1783 2069/2/1783
f 2069/2/1784 2070/2/1784 2071/2/1784
f 2071/2/1783 2072/2/1783 2073/2/1783
f 2069/2/1785 2071/2/1785 2073/2/1785
f 2065/2/1789 2069/2/1789 2073/2/1789
f 2057/2/1790 2065/2/1790 2073/2/1790
f 2049/2/1791 2057/2/1791 2073/2/1791
f 2074/2/1783 2075/2/1783 2076/2/1783
f 2073/2/1783 2074/2/1783 2076/2/1783
f 2073/2/1792 2076/2/1792 2077/2/1792
f 2049/2/1793 2073/2/1793 2077/2/1793
f 2078/2/1783 2049/2/1783 2077/2/1783
f 2078/2/1783 2077/2/1783 2079/2/1783
f 2078/2/1783 2079/2/1783 2080/2/1783
f 2081/2/1794 2082/2/1794 2083/2/1794
f 2083/2/1794 2084/2/1794 2081/2/1794
f 2067/2/1795 2085/2/1795 2086/2/1795
f 2086/2/1796 2068/2/1796 2067/2/1796
f 2087/2/1797 2049/2/1797 2078/2/1797
f 2078/2/1798 2088/2/1798 2087/2/1798
f 2053/2/1799 2089/2/1799 2090/2/1799
f 2090/2/1800 2054/2/1800 2053/2/1800
f 2066/2/1801 2091/2/1801 2085/2/1801
f 2085/2/1802 2067/2/1802 2066/2/1802
f 2088/2/1803 2078/2/1803 2080/2/1803
f 2080/2/1804 2092/2/1804 2088/2/1804
f 2052/2/1805 2093/2/1805 2089/2/1805
f 2089/2/1806 2053/2/1806 2052/2/1806
f 2065/2/1807 2094/2/1807 2091/2/1807
f 2091/2/1808 2066/2/1808 2065/2/1808
f 2092/2/1809 2080/2/1809 2079/2/1809
f 2079/2/1810 2095/2/1810 2092/2/1810
f 2051/2/1811 2096/2/1811 2093/2/1811
f 2093/2/1812 2052/2/1812 2051/2/1812
f 2064/2/1813 2097/2/1813 2094/2/1813
f 2094/2/1814 2065/2/1814 2064/2/1814
f 2079/2/1815 2077/2/1815 2098/2/1815
f 2098/2/1816 2095/2/1816 2079/2/1816
f 2050/2/1817 2099/2/1817 2096/2/1817
f 2096/2/1818 2051/2/1818 2050/2/1818
f 2063/2/1819 2100/2/1819 2097/2/1819
f 2097/2/1820 2064/2/1820 2063/2/1820
f 2076/2/1821 2101/2/1821 2098/2/1821
f 2098/2/1821 2077/2/1821 2076/2/1821
f 2050/2/1822 2049/2/1822 2087/2/1822
f 2087/2/1823 2099/2/1823 2050/2/1823
f 2062/2/1824 2102/2/1824 2100/2/1824
f 2100/2/1824 2063/2/1824 2062/2/1824
f 2103/2/1825 2101/2/1825 2076/2/1825
f 2076/2/1826 2075/2/1826 2103/2/1826
f 2061/2/1827 2104/2/1827 2102/2/1827
f 2102/2/1827 2062/2/1827 2061/2/1827
f 2074/2/1828 2105/2/1828 2103/2/1828
f 2103/2/1829 2075/2/1829 2074/2/1829
f 2060/2/1830 2106/2/1830 2104/2/1830
f 2104/2/1831 2061/2/1831 2060/2/1831
f 2084/2/1832 2105/2/1832 2074/2/1832
f 2074/2/1833 2073/2/1833 2084/2/1833
f 2059/2/1834 2107/2/1834 2106/2/1834
f 2106/2/1834 2060/2/1834 2059/2/1834
f 2084/2/1835 2073/2/1835 2072/2/1835
f 2072/2/1836 2081/2/1836 2084/2/1836
f 2058/2/1837 2108/2/1837 2107/2/1837
f 2107/2/1838 2059/2/1838 2058/2/1838
f 2072/2/1839 2071/2/1839 2109/2/1839
f 2109/2/1839 2081/2/1839 2072/2/1839
f 2057/2/1840 2110/2/1840 2108/2/1840
f 2108/2/1841 2058/2/1841 2057/2/1841
f 2070/2/1842 2111/2/1842 2109/2/1842
f 2109/2/1843 2071/2/1843 2070/2/1843
f 2056/2/1844 2112/2/1844 2110/2/1844
f 2110/2/1845 2057/2/1845 2056/2/1845
f 2069/2/1846 2113/2/1846 2111/2/1846
f 2111/2/1846 2070/2/1846 2069/2/1846
f 2055/2/1847 2114/2/1847 2112/2/1847
f 2112/2/1848 2056/2/1848 2055/2/1848
f 2068/2/1849 2086/2/1849 2113/2/1849
f 2113/2/1849 2069/2/1849 2068/2/1849
f 2054/2/1850 2090/2/1850 2114/2/1850
f 2114/2/1851 2055/2/1851 2054/2/1851
f 2115/2/1852 2116/2/1852 2117/2/1852
f 2117/2/1853 2118/2/1853 2115/2/1853
f 2108/2/1854 2119/2/1854 2120/2/1854
f 2120/2/1855 2107/2/1856 2108/2/1856
f 2109/2/1857 2121/2/1857 2082/2/1857
f 2082/2/1857 2081/2/1857 2109/2/1857
f 2110/2/1858 2122/2/1858 2119/2/1858
f 2119/2/1859 2108/2/1859 2110/2/1859
f 2111/2/1860 2118/2/1860 2121/2/1860
f 2121/2/1860 2109/2/1860 2111/2/1860
f 2112/2/1861 2123/2/1861 2122/2/1861
f 2122/2/1862 2110/2/1862 2112/2/1862
f 2113/2/1863 2115/2/1863 2118/2/1863
f 2118/2/1864 2111/2/1864 2113/2/1864
f 2114/2/1865 2124/2/1865 2123/2/1865
f 2123/2/1866 2112/2/1866 2114/2/1866
f 2086/2/1867 2125/2/1867 2115/2/1867
f 2115/2/1868 2113/2/1868 2086/2/1868
f 2090/2/1869 2126/2/1869 2124/2/1869
f 2124/2/1870 2114/2/1870 2090/2/1870
f 2085/2/1871 2127/2/1871 2125/2/1871
f 2125/2/1871 2086/2/1871 2085/2/1871
f 2088/2/1872 2128/2/1872 2129/2/1872
f 2129/2/1873 2087/2/1873 2088/2/1873
f 2089/2/1874 2130/2/1874 2126/2/1874
f 2126/2/1875 2090/2/1875 2089/2/1875
f 2091/2/1876 2131/2/1876 2127/2/1876
f 2127/2/1877 2085/2/1877 2091/2/1877
f 2092/2/1878 2132/2/1878 2128/2/1878
f 2128/2/1879 2088/2/1879 2092/2/1879
f 2093/2/1880 2133/2/1880 2130/2/1880
f 2130/2/1881 2089/2/1881 2093/2/1881
f 2094/2/1882 2134/2/1882 2131/2/1882
f 2131/2/1882 2091/2/1882 2094/2/1882
f 2095/2/1883 2135/2/1883 2132/2/1883
f 2132/2/1884 2092/2/1884 2095/2/1884
f 2096/2/1885 2136/2/1885 2133/2/1885
f 2133/2/1886 2093/2/1886 2096/2/1886
f 2097/2/1887 2137/2/1887 2134/2/1887
f 2134/2/1888 2094/2/1888 2097/2/1888
f 2098/2/1889 2138/2/1889 2135/2/1889
f 2135/2/1890 2095/2/1890 2098/2/1890
f 2099/2/1891 2139/2/1891 2136/2/1891
f 2136/2/1892 2096/2/1892 2099/2/1892
f 2100/2/1893 2140/2/1893 2137/2/1893
f 2137/2/1893 2097/2/1893 2100/2/1893
f 2101/2/1894 2141/2/1894 2138/2/1894
f 2138/2/1895 2098/2/1895 2101/2/1895
f 2099/2/1896 2087/2/1896 2129/2/1896
f 2129/2/1897 2139/2/1897 2099/2/1897
f 2102/2/1898 2142/2/1898 2140/2/1898
f 2140/2/1899 2100/2/1899 2102/2/1899
f 2103/2/1900 2143/2/1900 2141/2/1900
f 2141/2/1901 2101/2/1901 2103/2/1901
f 2104/2/1902 2144/2/1902 2142/2/1902
f 2142/2/1903 2102/2/1903 2104/2/1903
f 2105/2/1904 2145/2/1904 2143/2/1904
f 2143/2/1905 2103/2/1905 2105/2/1905
f 2106/2/1906 2146/2/1906 2144/2/1906
f 2144/2/1906 2104/2/1906 2106/2/1906
f 2084/2/1907 2083/2/1907 2145/2/1907
f 2145/2/1907 2105/2/1907 2084/2/1907
f 2107/2/1908 2120/2/1908 2146/2/1908
f 2146/2/1908 2106/2/1908 2107/2/1908
f 2147/2/1909 2148/2/1909 2149/2/1909
f 2149/2/1910 2150/2/1910 2147/2/1910
f 2124/2/1911 2151/2/1911 2152/2/1911
f 2152/2/1911 2123/2/1911 2124/2/1911
f 2125/2/1912 2153/2/1912 2116/2/1912
f 2116/2/1912 2115/2/1912 2125/2/1912
f 2126/2/1913 2154/2/1914 2151/2/1914
f 2151/2/1914 2124/2/1914 2126/2/1914
f 2127/2/1915 2147/2/1915 2153/2/1915
f 2153/2/1916 2125/2/1916 2127/2/1916
f 2128/2/1917 2155/2/1917 2156/2/1917
f 2156/2/1918 2129/2/1918 2128/2/1918
f 2130/2/1919 2157/2/1919 2154/2/1919
f 2154/2/1920 2126/2/1920 2130/2/1920
f 2131/2/1921 2148/2/1921 2147/2/1921
f 2147/2/1921 2127/2/1921 2131/2/1921
f 2132/2/1922 2158/2/1922 2155/2/1922
f 2155/2/1922 2128/2/1922 2132/2/1922
f 2133/2/1923 2159/2/1923 2157/2/1923
f 2157/2/1924 2130/2/1924 2133/2/1924
f 2134/2/1925 2160/2/1925 2148/2/1925
f 2148/2/1926 2131/2/1926 2134/2/1926
f 2135/2/1927 2161/2/1927 2158/2/1927
f 2158/2/1928 2132/2/1928 2135/2/1928
f 2136/2/1929 2162/2/1929 2159/2/1929
f 2159/2/1930 2133/2/1930 2136/2/1930
f 2137/2/1931 2163/2/1931 2160/2/1931
f 2160/2/1932 2134/2/1932 2137/2/1932
f 2138/2/1933 2164/2/1933 2161/2/1933
f 2161/2/1934 2135/2/1934 2138/2/1934
f 2139/2/1935 2165/2/1935 2162/2/1935
f 2162/2/1935 2136/2/1935 2139/2/1935
f 2140/2/1936 2166/2/1936 2163/2/1936
f 2163/2/1937 2137/2/1937 2140/2/1937
f 2141/2/1938 2167/2/1938 2164/2/1938
f 2164/2/1938 2138/2/1938 2141/2/1938
f 2139/2/1939 2129/2/1939 2156/2/1939
f 2156/2/1940 2165/2/1940 2139/2/1940
f 2142/2/1941 2168/2/1941 2166/2/1941
f 2166/2/1941 2140/2/1941 2142/2/1941
f 2143/2/1942 2169/2/1942 2167/2/1942
f 2167/2/1942 2141/2/1942 2143/2/1942
f 2144/2/1943 2170/2/1943 2168/2/1943
f 2168/2/1944 2142/2/1944 2144/2/1944
f 2145/2/1945 2171/2/1945 2169/2/1945
f 2169/2/1945 2143/2/1945 2145/2/1945
f 2146/2/1946 2172/2/1946 2170/2/1946
f 2170/2/1947 2144/2/1947 2146/2/1947
f 2083/2/1948 2173/2/1948 2171/2/1948
f 2171/2/1948 2145/2/1948 2083/2/1948
f 2120/2/1949 2174/2/1949 2172/2/1949
f 2172/2/1950 2146/2/1950 2120/2/1950
f 2082/2/1951 2175/2/1951 2173/2/1951
f 2173/2/1952 2083/2/1952 2082/2/1952
f 2119/2/1953 2176/2/1953 2174/2/1953
f 2174/2/1953 2120/2/1953 2119/2/1953
f 2121/2/1954 2177/2/1954 2175/2/1954
f 2175/2/1955 2082/2/1955 2121/2/1955
f 2122/2/1956 2178/2/1956 2176/2/1956
f 2176/2/1956 2119/2/1956 2122/2/1956
f 2118/2/1957 2117/2/1957 2177/2/1957
f 2177/2/1957 2121/2/1957 2118/2/1957
f 2123/2/1958 2152/2/1958 2178/2/1958
f 2178/2/1958 2122/2/1958 2123/2/1958
f 2179/2/1959 2180/2/1959 2181/2/1959
f 2181/2/1960 2182/2/1960 2179/2/1960
f 2158/2/1961 2183/2/1961 2184/2/1961
f 2184/2/1962 2155/2/1962 2158/2/1962
f 2185/2/1963 2186/2/1963 2157/2/1963
f 2157/2/1964 2159/2/1964 2185/2/1964
f 2148/2/1965 2160/2/1965 2187/2/1965
f 2187/2/1966 2149/2/1966 2148/2/1966
f 2161/2/1809 2188/2/1809 2183/2/1809
f 2183/2/1967 2158/2/1967 2161/2/1967
f 2159/2/1968 2162/2/1968 2189/2/1968
f 2189/2/1969 2185/2/1969 2159/2/1969
f 2160/2/1970 2163/2/1970 2182/2/1970
f 2182/2/1971 2187/2/1971 2160/2/1971
f 2164/2/1972 2190/2/1972 2188/2/1972
f 2188/2/1973 2161/2/1973 2164/2/1973
f 2162/2/1818 2165/2/1818 2191/2/1818
f 2191/2/1818 2189/2/1818 2162/2/1818
f 2163/2/1974 2166/2/1974 2179/2/1974
f 2179/2/1975 2182/2/1975 2163/2/1975
f 2167/2/1976 2192/2/1976 2190/2/1976
f 2190/2/1977 2164/2/1977 2167/2/1977
f 2191/2/1978 2165/2/1978 2156/2/1978
f 2156/2/1823 2193/2/1823 2191/2/1823
f 2166/2/1824 2168/2/1824 2194/2/1824
f 2194/2/1979 2179/2/1979 2166/2/1979
f 2169/2/1826 2195/2/1826 2192/2/1826
f 2192/2/1980 2167/2/1980 2169/2/1980
f 2196/2/1827 2194/2/1827 2168/2/1827
f 2168/2/1981 2170/2/1981 2196/2/1981
f 2171/2/1982 2197/2/1982 2195/2/1982
f 2195/2/1983 2169/2/1983 2171/2/1983
f 2170/2/1984 2172/2/1984 2198/2/1984
f 2198/2/1985 2196/2/1985 2170/2/1985
f 2171/2/1986 2173/2/1986 2199/2/1986
f 2199/2/1986 2197/2/1986 2171/2/1986
f 2172/2/1987 2174/2/1987 2200/2/1987
f 2200/2/1988 2198/2/1988 2172/2/1988
f 2173/2/1836 2175/2/1836 2201/2/1836
f 2201/2/1836 2199/2/1836 2173/2/1836
f 2202/2/1989 2200/2/1989 2174/2/1989
f 2174/2/1990 2176/2/1990 2202/2/1990
f 2201/2/1991 2175/2/1991 2177/2/1991
f 2177/2/1839 2203/2/1839 2201/2/1839
f 2176/2/1840 2178/2/1840 2204/2/1840
f 2204/2/1840 2202/2/1840 2176/2/1840
f 2177/2/1992 2117/2/1992 2205/2/1992
f 2205/2/1993 2203/2/1993 2177/2/1993
f 2178/2/1994 2152/2/1994 2206/2/1994
f 2206/2/1995 2204/2/1995 2178/2/1995
f 2205/2/1996 2117/2/1996 2116/2/1996
f 2116/2/1997 2207/2/1997 2205/2/1997
f 2208/2/1998 2206/2/1998 2152/2/1998
f 2152/2/1999 2151/2/1999 2208/2/1999
f 2207/2/2000 2116/2/2000 2153/2/2000
f 2153/2/2000 2209/2/2000 2207/2/2000
f 2151/2/1851 2154/2/1851 2210/2/1851
f 2210/2/2001 2208/2/2001 2151/2/2001
f 2150/2/2002 2209/2/2002 2153/2/2002
f 2153/2/2003 2147/2/2003 2150/2/2003
f 2155/2/2004 2184/2/2004 2193/2/2004
f 2193/2/2005 2156/2/2005 2155/2/2005
f 2154/2/2006 2157/2/2006 2186/2/2006
f 2186/2/2007 2210/2/2007 2154/2/2007
f 2211/2/2008 2212/2/2008 2213/2/2008
f 2213/2/2009 2214/2/2009 2211/2/2009
f 2192/2/2010 2215/2/2010 2216/2/2010
f 2216/2/2011 2190/2/2011 2192/2/2011
f 2217/2/2012 2191/2/2012 2193/2/2012
f 2193/2/2013 2218/2/2013 2217/2/2013
f 2180/2/2014 2179/2/2014 2194/2/2014
f 2194/2/2015 2219/2/2015 2180/2/2015
f 2220/2/2016 2215/2/2016 2192/2/2016
f 2192/2/2017 2195/2/2017 2220/2/2017
f 2196/2/2018 2214/2/2018 2219/2/2018
f 2219/2/2019 2194/2/2019 2196/2/2019
f 2197/2/2020 2221/2/2020 2220/2/2020
f 2220/2/2021 2195/2/2021 2197/2/2021
f 2198/2/2022 2211/2/2022 2214/2/2022
f 2214/2/2023 2196/2/2023 2198/2/2023
f 2199/2/2024 2222/2/2024 2221/2/2024
f 2221/2/2025 2197/2/2025 2199/2/2025
f 2223/2/2026 2211/2/2026 2198/2/2026
f 2198/2/2026 2200/2/2026 2223/2/2026
f 2201/2/2027 2224/2/2027 2222/2/2027
f 2222/2/2028 2199/2/2028 2201/2/2028
f 2202/2/2029 2225/2/2029 2223/2/2029
f 2223/2/2030 2200/2/2030 2202/2/2030
f 2226/2/2031 2224/2/2031 2201/2/2031
f 2201/2/2031 2203/2/2031 2226/2/2031
f 2204/2/2032 2227/2/2032 2225/2/2032
f 2225/2/2033 2202/2/2033 2204/2/2033
f 2205/2/2034 2228/2/2034 2226/2/2034
f 2226/2/2035 2203/2/2035 2205/2/2035
f 2229/2/2036 2227/2/2036 2204/2/2036
f 2204/2/2037 2206/2/2037 2229/2/2037
f 2207/2/2038 2230/2/2038 2228/2/2038
f 2228/2/2038 2205/2/2038 2207/2/2038
f 2208/2/2039 2231/2/2039 2229/2/2039
f 2229/2/2040 2206/2/2040 2208/2/2040
f 2232/2/2041 2230/2/2041 2207/2/2041
f 2207/2/2041 2209/2/2041 2232/2/2041
f 2210/2/2042 2233/2/2042 2231/2/2042
f 2231/2/2043 2208/2/2043 2210/2/2043
f 2150/2/2044 2234/2/2044 2232/2/2044
f 2232/2/2045 2209/2/2045 2150/2/2045
f 2184/2/2046 2235/2/2046 2218/2/2046
f 2218/2/2046 2193/2/2046 2184/2/2046
f 2233/2/2047 2210/2/2047 2186/2/2047
f 2186/2/2048 2236/2/2048 2233/2/2048
f 2149/2/2049 2237/2/2049 2234/2/2049
f 2234/2/2050 2150/2/2050 2149/2/2050
f 2183/2/2051 2238/2/2051 2235/2/2051
f 2235/2/2052 2184/2/2052 2183/2/2052
f 2185/2/2053 2239/2/2053 2236/2/2053
f 2236/2/2054 2186/2/2054 2185/2/2054
f 2240/2/2055 2237/2/2055 2149/2/2055
f 2149/2/2055 2187/2/2055 2240/2/2055
f 2241/2/2056 2238/2/2056 2183/2/2056
f 2183/2/2056 2188/2/2056 2241/2/2056
f 2189/2/2057 2242/2/2057 2239/2/2057
f 2239/2/2058 2185/2/2058 2189/2/2058
f 2182/2/2059 2181/2/2059 2240/2/2059
f 2240/2/2060 2187/2/2060 2182/2/2060
f 2190/2/2061 2216/2/2061 2241/2/2061
f 2241/2/2062 2188/2/2062 2190/2/2062
f 2217/2/2063 2242/2/2063 2189/2/2063
f 2189/2/2063 2191/2/2063 2217/2/2063
f 2243/2/2064 2244/2/2064 2245/2/2064
f 2245/2/2065 2246/2/2065 2243/2/2065
f 2247/2/2066 2221/2/2066 2222/2/2066
f 2222/2/2067 2248/2/2067 2247/2/2067
f 2223/2/2068 2249/2/2068 2212/2/2068
f 2212/2/2069 2211/2/2069 2223/2/2069
f 2224/2/2070 2250/2/2070 2248/2/2070
f 2248/2/2071 2222/2/2071 2224/2/2071
f 2249/2/2072 2223/2/2072 2225/2/2072
f 2225/2/2073 2245/2/2073 2249/2/2073
f 2226/2/2074 2251/2/2074 2250/2/2074
f 2250/2/2074 2224/2/2074 2226/2/2074
f 2227/2/2075 2246/2/2075 2245/2/2075
f 2245/2/2075 2225/2/2075 2227/2/2075
f 2252/2/2076 2251/2/2076 2226/2/2076
f 2226/2/2077 2228/2/2077 2252/2/2077
f 2229/2/2078 2253/2/2078 2246/2/2078
f 2246/2/2079 2227/2/2079 2229/2/2079
f 2230/2/2080 2254/2/2080 2252/2/2080
f 2252/2/2081 2228/2/2081 2230/2/2081
f 2253/2/2082 2229/2/2082 2231/2/2082
f 2231/2/2082 2255/2/2082 2253/2/2082
f 2232/2/2083 2256/2/2083 2254/2/2083
f 2254/2/2084 2230/2/2084 2232/2/2084
f 2233/2/2085 2257/2/2085 2255/2/2085
f 2255/2/2086 2231/2/2086 2233/2/2086
f 2258/2/2087 2256/2/2087 2232/2/2087
f 2232/2/2087 2234/2/2087 2258/2/2087
f 2218/2/2088 2235/2/2088 2259/2/2088
f 2259/2/2089 2260/2/2089 2218/2/2089
f 2236/2/2090 2261/2/2090 2257/2/2090
f 2257/2/2091 2233/2/2091 2236/2/2091
f 2237/2/2092 2262/2/2092 2258/2/2092
f 2258/2/2093 2234/2/2093 2237/2/2093
f 2238/2/2094 2263/2/2094 2259/2/2094
f 2259/2/2095 2235/2/2095 2238/2/2095
f 2264/2/2096 2261/2/2096 2236/2/2096
f 2236/2/2097 2239/2/2097 2264/2/2097
f 2240/2/2098 2265/2/2098 2262/2/2098
f 2262/2/2099 2237/2/2099 2240/2/2099
f 2241/2/2100 2266/2/2100 2263/2/2100
f 2263/2/2100 2238/2/2100 2241/2/2100
f 2242/2/2101 2267/2/2101 2264/2/2101
f 2264/2/2102 2239/2/2102 2242/2/2102
f 2265/2/2103 2240/2/2103 2181/2/2103
f 2181/2/2104 2268/2/2104 2265/2/2104
f 2216/2/2105 2269/2/2105 2266/2/2105
f 2266/2/2106 2241/2/2106 2216/2/2106
f 2217/2/2107 2270/2/2107 2267/2/2107
f 2267/2/2108 2242/2/2108 2217/2/2108
f 2180/2/2109 2271/2/2109 2268/2/2109
f 2268/2/2110 2181/2/2110 2180/2/2110
f 2269/2/2111 2216/2/2111 2215/2/2111
f 2215/2/2111 2272/2/2111 2269/2/2111
f 2260/2/2112 2270/2/2112 2217/2/2112
f 2217/2/2113 2218/2/2113 2260/2/2113
f 2219/2/2114 2273/2/2114 2271/2/2114
f 2271/2/2114 2180/2/2114 2219/2/2114
f 2220/2/2115 2274/2/2115 2272/2/2115
f 2272/2/2116 2215/2/2116 2220/2/2116
f 2273/2/2117 2219/2/2117 2214/2/2117
f 2214/2/2118 2213/2/2118 2273/2/2118
f 2221/2/2119 2247/2/2119 2274/2/2119
f 2274/2/2119 2220/2/2119 2221/2/2119
f 2275/2/2120 2276/2/2120 2277/2/2120
f 2277/2/2120 2278/2/2120 2275/2/2120
f 2252/2/1843 2279/2/1843 2280/2/1843
f 2280/2/2121 2251/2/2121 2252/2/2121
f 2253/2/2122 2281/2/2122 2243/2/2122
f 2243/2/1845 2246/2/1845 2253/2/1845
f 2282/2/1997 2279/2/1997 2252/2/1997
f 2252/2/2123 2254/2/2123 2282/2/2123
f 2255/2/2124 2278/2/2124 2281/2/2124
f 2281/2/2125 2253/2/2125 2255/2/2125
f 2256/2/1849 2283/2/1849 2282/2/1849
f 2282/2/1849 2254/2/1849 2256/2/1849
f 2275/2/2126 2278/2/2126 2255/2/2126
f 2255/2/2127 2257/2/2127 2275/2/2127
f 2258/2/2128 2284/2/2128 2283/2/2128
f 2283/2/2129 2256/2/2129 2258/2/2129
f 2260/2/2005 2259/2/2005 2285/2/2005
f 2285/2/2005 2286/2/2005 2260/2/2005
f 2261/2/2130 2287/2/2130 2275/2/2130
f 2275/2/2131 2257/2/2131 2261/2/2131
f 2288/2/2132 2284/2/2132 2258/2/2132
f 2258/2/2133 2262/2/2133 2288/2/2133
f 2285/2/2134 2259/2/2134 2263/2/2134
f 2263/2/2134 2289/2/2134 2285/2/2134
f 2264/2/1963 2290/2/1963 2287/2/1963
f 2287/2/2135 2261/2/2135 2264/2/2135
f 2265/2/2136 2291/2/2136 2288/2/2136
f 2288/2/1965 2262/2/1965 2265/2/1965
f 2289/2/2137 2263/2/2137 2266/2/2137
f 2266/2/1809 2292/2/1809 2289/2/1809
f 2293/2/1811 2290/2/1811 2264/2/1811
f 2264/2/2138 2267/2/2138 2293/2/2138
f 2268/2/1813 2294/2/1813 2291/2/1813
f 2291/2/2139 2265/2/2139 2268/2/2139
f 2269/2/1972 2295/2/1972 2292/2/1972
f 2292/2/1972 2266/2/1972 2269/2/1972
f 2270/2/1818 2296/2/1818 2293/2/1818
f 2293/2/2140 2267/2/2140 2270/2/2140
f 2297/2/1975 2294/2/1975 2268/2/1975
f 2268/2/2141 2271/2/2141 2297/2/2141
f 2272/2/1821 2298/2/1821 2295/2/1821
f 2295/2/1821 2269/2/1821 2272/2/1821
f 2286/2/2142 2296/2/2142 2270/2/2142
f 2270/2/2143 2260/2/2143 2286/2/2143
f 2273/2/1824 2299/2/1824 2297/2/1824
f 2297/2/1824 2271/2/1824 2273/2/1824
f 2298/2/1826 2272/2/1826 2274/2/1826
f 2274/2/2144 2300/2/2144 2298/2/2144
f 2213/2/2145 2301/2/2145 2299/2/2145
f 2299/2/2145 2273/2/2145 2213/2/2145
f 2247/2/1828 2302/2/1828 2300/2/1828
f 2300/2/2146 2274/2/2146 2247/2/2146
f 2303/2/2147 2301/2/2147 2213/2/2147
f 2213/2/1830 2212/2/1830 2303/2/1830
f 2248/2/1833 2304/2/1833 2302/2/1833
f 2302/2/2148 2247/2/2148 2248/2/2148
f 2249/2/1987 2305/2/1987 2303/2/1987
f 2303/2/1834 2212/2/1834 2249/2/1834
f 2306/2/1836 2304/2/1836 2248/2/1836
f 2248/2/2149 2250/2/2149 2306/2/2149
f 2245/2/1838 2244/2/1838 2305/2/1838
f 2305/2/1838 2249/2/1838 2245/2/1838
f 2251/2/2150 2280/2/2150 2306/2/2150
f 2306/2/1839 2250/2/1839 2251/2/1839
f 2307/2/2151 2308/2/2151 2309/2/2151
f 2309/2/2151 2310/2/2151 2307/2/2151
f 2284/2/2152 2311/2/2152 2312/2/2152
f 2312/2/2152 2283/2/2152 2284/2/2152
f 2313/2/2153 2314/2/2153 2286/2/2153
f 2286/2/2153 2285/2/2153 2313/2/2153
f 2315/2/2154 2276/2/2154 2275/2/2154
f 2275/2/2154 2287/2/2154 2315/2/2154
f 2288/2/2155 2316/2/2155 2311/2/2155
f 2311/2/2155 2284/2/2155 2288/2/2155
f 2289/2/2156 2317/2/2156 2313/2/2156
f 2313/2/2156 2285/2/2156 2289/2/2156
f 2290/2/2157 2318/2/2157 2315/2/2157
f 2315/2/2157 2287/2/2157 2290/2/2157
f 2319/2/2158 2316/2/2158 2288/2/2158
f 2288/2/2158 2291/2/2158 2319/2/2158
f 2292/2/2159 2320/2/2159 2317/2/2159
f 2317/2/2159 2289/2/2159 2292/2/2159
f 2293/2/2160 2321/2/2160 2318/2/2160
f 2318/2/2160 2290/2/2160 2293/2/2160
f 2294/2/2161 2322/2/2161 2319/2/2161
f 2319/2/2161 2291/2/2161 2294/2/2161
f 2323/2/2162 2320/2/2162 2292/2/2162
f 2292/2/2162 2295/2/2162 2323/2/2162
f 2321/2/2163 2293/2/2163 2296/2/2163
f 2296/2/2163 2324/2/2163 2321/2/2163
f 2297/2/2164 2325/2/2164 2322/2/2164
f 2322/2/2164 2294/2/2164 2297/2/2164
f 2298/2/2165 2326/2/2165 2323/2/2165
f 2323/2/2165 2295/2/2165 2298/2/2165
f 2314/2/2166 2324/2/2166 2296/2/2166
f 2296/2/2166 2286/2/2166 2314/2/2166
f 2325/2/2167 2297/2/2167 2299/2/2167
f 2299/2/2167 2327/2/2167 2325/2/2167
f 2300/2/2168 2328/2/2168 2326/2/2168
f 2326/2/2168 2298/2/2168 2300/2/2168
f 2301/2/2169 2329/2/2169 2327/2/2169
f 2327/2/2169 2299/2/2169 2301/2/2169
f 2330/2/2170 2328/2/2170 2300/2/2170
f 2300/2/2170 2302/2/2170 2330/2/2170
f 2303/2/2171 2331/2/2171 2329/2/2171
f 2329/2/2171 2301/2/2171 2303/2/2171
f 2304/2/2172 2332/2/2172 2330/2/2172
f 2330/2/2172 2302/2/2172 2304/2/2172
f 2309/2/2173 2331/2/2173 2303/2/2173
f 2303/2/2173 2305/2/2173 2309/2/2173
f 2306/2/2174 2333/2/2174 2332/2/2174
f 2332/2/2174 2304/2/2174 2306/2/2174
f 2244/2/2175 2310/2/2175 2309/2/2175
f 2309/2/2175 2305/2/2175 2244/2/2175
f 2333/2/2176 2306/2/2176 2280/2/2176
f 2280/2/2176 2334/2/2176 2333/2/2176
f 2243/2/2177 2335/2/2177 2310/2/2177
f 2310/2/2178 2244/2/2178 2243/2/2178
f 2279/2/2179 2336/2/2179 2334/2/2179
f 2334/2/2179 2280/2/2179 2279/2/2179
f 2335/2/2180 2243/2/2180 2281/2/2180
f 2281/2/2181 2337/2/2181 2335/2/2181
f 2282/2/2182 2338/2/2182 2336/2/2182
f 2336/2/2182 2279/2/2182 2282/2/2182
f 2278/2/2183 2277/2/2183 2337/2/2183
f 2337/2/2183 2281/2/2183 2278/2/2183
f 2312/2/2184 2338/2/2184 2282/2/2184
f 2282/2/2184 2283/2/2184 2312/2/2184
f 2339/2/2185 2340/2/2185 2341/2/2185
f 2341/2/2185 2342/2/2185 2339/2/2185
f 2334/2/2186 2343/2/2186 2344/2/2186
f 2344/2/2187 2333/2/2187 2334/2/2187
f 2335/2/2188 2345/2/2188 2307/2/2188
f 2307/2/2189 2310/2/2189 2335/2/2189
f 2346/2/2190 2343/2/2190 2334/2/2190
f 2334/2/2191 2336/2/2191 2346/2/2191
f 2337/2/2192 2342/2/2192 2345/2/2192
f 2345/2/2192 2335/2/2192 2337/2/2192
f 2338/2/2193 2347/2/2193 2346/2/2193
f 2346/2/2194 2336/2/2194 2338/2/2194
f 2342/2/2195 2337/2/2195 2277/2/2195
f 2277/2/2196 2339/2/2196 2342/2/2196
f 2312/2/2197 2348/2/2197 2347/2/2197
f 2347/2/2198 2338/2/2198 2312/2/2198
f 2276/2/2199 2349/2/2199 2339/2/2199
f 2339/2/2199 2277/2/2199 2276/2/2199
f 2348/2/2200 2312/2/2200 2311/2/2200
f 2311/2/2201 2350/2/2201 2348/2/2201
f 2314/2/2202 2313/2/2202 2351/2/2202
f 2351/2/2203 2352/2/2203 2314/2/2203
f 2315/2/2204 2353/2/2204 2349/2/2204
f 2349/2/2205 2276/2/2205 2315/2/2205
f 2316/2/2206 2354/2/2206 2350/2/2206
f 2350/2/2207 2311/2/2207 2316/2/2207
f 2317/2/2208 2355/2/2208 2351/2/2208
f 2351/2/2209 2313/2/2209 2317/2/2209
f 2356/2/2210 2353/2/2210 2315/2/2210
f 2315/2/2211 2318/2/2211 2356/2/2211
f 2319/2/2212 2357/2/2212 2354/2/2212
f 2354/2/2213 2316/2/2213 2319/2/2213
f 2320/2/2214 2358/2/2214 2355/2/2214
f 2355/2/2215 2317/2/2215 2320/2/2215
f 2321/2/2216 2359/2/2216 2356/2/2216
f 2356/2/2217 2318/2/2217 2321/2/2217
f 2360/2/2218 2357/2/2218 2319/2/2218
f 2319/2/2218 2322/2/2218 2360/2/2218
f 2323/2/2219 2361/2/2219 2358/2/2219
f 2358/2/2220 2320/2/2220 2323/2/2220
f 2324/2/2221 2362/2/2221 2359/2/2221
f 2359/2/2222 2321/2/2222 2324/2/2222
f 2325/2/2223 2363/2/2223 2360/2/2223
f 2360/2/2224 2322/2/2224 2325/2/2224
f 2361/2/2225 2323/2/2225 2326/2/2225
f 2326/2/2225 2364/2/2225 2361/2/2225
f 2352/2/2226 2362/2/2226 2324/2/2226
f 2324/2/2226 2314/2/2226 2352/2/2226
f 2327/2/2227 2365/2/2227 2363/2/2227
f 2363/2/2228 2325/2/2228 2327/2/2228
f 2328/2/2229 2366/2/2229 2364/2/2229
f 2364/2/2230 2326/2/2230 2328/2/2230
f 2365/2/2231 2327/2/2231 2329/2/2231
f 2329/2/2232 2367/2/2232 2365/2/2232
f 2330/2/2233 2368/2/2233 2366/2/2233
f 2366/2/2234 2328/2/2234 2330/2/2234
f 2331/2/2235 2369/2/2235 2367/2/2235
f 2367/2/2236 2329/2/2236 2331/2/2236
f 2370/2/2237 2368/2/2237 2330/2/2237
f 2330/2/2238 2332/2/2238 2370/2/2238
f 2309/2/2239 2308/2/2239 2369/2/2239
f 2369/2/2240 2331/2/2240 2309/2/2240
f 2333/2/2241 2344/2/2241 2370/2/2241
f 2370/2/2242 2332/2/2242 2333/2/2242
f 2371/2/2243 2372/2/2243 2373/2/2243
f 2373/2/2243 2374/2/2243 2371/2/2243
f 2348/2/2244 2375/2/2244 2376/2/2244
f 2376/2/2244 2347/2/2244 2348/2/2244
f 2339/2/2245 2349/2/2245 2377/2/2245
f 2377/2/2246 2340/2/2246 2339/2/2246
f 2350/2/2247 2378/2/2247 2375/2/2247
f 2375/2/2248 2348/2/2248 2350/2/2248
f 2352/2/2249 2351/2/2249 2379/2/2249
f 2379/2/2250 2380/2/2250 2352/2/2250
f 2377/2/2251 2349/2/2251 2353/2/2251
f 2353/2/2252 2372/2/2252 2377/2/2252
f 2350/2/2253 2354/2/2253 2381/2/2253
f 2381/2/2254 2378/2/2254 2350/2/2254
f 2379/2/2255 2351/2/2255 2355/2/2255
f 2355/2/2255 2382/2/2255 2379/2/2255
f 2356/2/2256 2373/2/2256 2372/2/2256
f 2372/2/2256 2353/2/2256 2356/2/2256
f 2381/2/2257 2354/2/2257 2357/2/2257
f 2357/2/2258 2383/2/2258 2381/2/2258
f 2382/2/2259 2355/2/2259 2358/2/2259
f 2358/2/2260 2384/2/2260 2382/2/2260
f 2356/2/2261 2359/2/2261 2385/2/2261
f 2385/2/2261 2373/2/2261 2356/2/2261
f 2360/2/2262 2386/2/2262 2383/2/2262
f 2383/2/2263 2357/2/2263 2360/2/2263
f 2361/2/2264 2387/2/2264 2384/2/2264
f 2384/2/2264 2358/2/2264 2361/2/2264
f 2385/2/2265 2359/2/2265 2362/2/2265
f 2362/2/2266 2388/2/2266 2385/2/2266
f 2360/2/2267 2363/2/2267 2389/2/2267
f 2389/2/2268 2386/2/2268 2360/2/2268
f 2364/2/2269 2390/2/2269 2387/2/2269
f 2387/2/2269 2361/2/2269 2364/2/2269
f 2362/2/2270 2352/2/2270 2380/2/2270
f 2380/2/2270 2388/2/2270 2362/2/2270
f 2389/2/2271 2363/2/2271 2365/2/2271
f 2365/2/2271 2391/2/2271 2389/2/2271
f 2390/2/2272 2364/2/2272 2366/2/2272
f 2366/2/2273 2392/2/2273 2390/2/2273
f 2367/2/2274 2393/2/2274 2391/2/2274
f 2391/2/2274 2365/2/2274 2367/2/2274
f 2368/2/2275 2394/2/2275 2392/2/2275
f 2392/2/2276 2366/2/2276 2368/2/2276
f 2367/2/2277 2369/2/2277 2395/2/2277
f 2395/2/2277 2393/2/2277 2367/2/2277
f 2370/2/2278 2396/2/2278 2394/2/2278
f 2394/2/2279 2368/2/2279 2370/2/2279
f 2395/2/2280 2369/2/2280 2308/2/2280
f 2308/2/2280 2397/2/2280 2395/2/2280
f 2370/2/2281 2344/2/2281 2398/2/2281
f 2398/2/2282 2396/2/2282 2370/2/2282
f 2307/2/2283 2399/2/2283 2397/2/2283
f 2397/2/2284 2308/2/2284 2307/2/2284
f 2398/2/2285 2344/2/2285 2343/2/2285
f 2343/2/2286 2400/2/2286 2398/2/2286
f 2307/2/2287 2345/2/2287 2401/2/2287
f 2401/2/2288 2399/2/2288 2307/2/2288
f 2402/2/2289 2400/2/2289 2343/2/2289
f 2343/2/2290 2346/2/2290 2402/2/2290
f 2401/2/2291 2345/2/2291 2342/2/2291
f 2342/2/2292 2341/2/2292 2401/2/2292
f 2402/2/2293 2346/2/2293 2347/2/2293
f 2347/2/2294 2376/2/2294 2402/2/2294
f 2403/2/2295 2404/2/2295 2405/2/2295
f 2405/2/2296 2406/2/2296 2403/2/2296
f 2383/2/2297 2407/2/2297 2408/2/2297
f 2408/2/2297 2381/2/2297 2383/2/2297
f 2384/2/2298 2409/2/2298 2410/2/2298
f 2410/2/2298 2382/2/2298 2384/2/2298
f 2385/2/2299 2411/2/2299 2374/2/2299
f 2374/2/2299 2373/2/2299 2385/2/2299
f 2407/2/2300 2383/2/2300 2386/2/2300
f 2386/2/2300 2412/2/2300 2407/2/2300
f 2384/2/2301 2387/2/2301 2413/2/2301
f 2413/2/2301 2409/2/2301 2384/2/2301
f 2388/2/2302 2405/2/2302 2411/2/2302
f 2411/2/2302 2385/2/2302 2388/2/2302
f 2389/2/2303 2414/2/2303 2412/2/2303
f 2412/2/2303 2386/2/2303 2389/2/2303
f 2413/2/2304 2387/2/2304 2390/2/2304
f 2390/2/2304 2415/2/2304 2413/2/2304
f 2406/2/2305 2405/2/2305 2388/2/2305
f 2388/2/2305 2380/2/2305 2406/2/2305
f 2391/2/2306 2416/2/2306 2414/2/2306
f 2414/2/2306 2389/2/2306 2391/2/2306
f 2392/2/2307 2417/2/2307 2415/2/2307
f 2415/2/2307 2390/2/2307 2392/2/2307
f 2416/2/2308 2391/2/2308 2393/2/2308
f 2393/2/2308 2418/2/2308 2416/2/2308
f 2392/2/2309 2394/2/2309 2419/2/2309
f 2419/2/2309 2417/2/2309 2392/2/2309
f 2395/2/2310 2420/2/2310 2418/2/2310
f 2418/2/2311 2393/2/2311 2395/2/2311
f 2419/2/2312 2394/2/2312 2396/2/2312
f 2396/2/2312 2421/2/2312 2419/2/2312
f 2397/2/2313 2422/2/2313 2420/2/2313
f 2420/2/2313 2395/2/2313 2397/2/2313
f 2398/2/2314 2423/2/2314 2421/2/2314
f 2421/2/2314 2396/2/2314 2398/2/2314
f 2422/2/2315 2397/2/2315 2399/2/2315
f 2399/2/2315 2424/2/2315 2422/2/2315
f 2400/2/2316 2425/2/2316 2423/2/2316
f 2423/2/2316 2398/2/2316 2400/2/2316
f 2401/2/2317 2426/2/2317 2424/2/2317
f 2424/2/2318 2399/2/2318 2401/2/2318
f 2400/2/2319 2402/2/2319 2427/2/2319
f 2427/2/2319 2425/2/2319 2400/2/2319
f 2341/2/2320 2428/2/2320 2426/2/2320
f 2426/2/2320 2401/2/2320 2341/2/2320
f 2429/2/2321 2427/2/2321 2402/2/2321
f 2402/2/2321 2376/2/2321 2429/2/2321
f 2428/2/2322 2341/2/2322 2340/2/2322
f 2340/2/2322 2430/2/2322 2428/2/2322
f 2429/2/2323 2376/2/2323 2375/2/2323
f 2375/2/2323 2431/2/2323 2429/2/2323
f 2377/2/2324 2432/2/2324 2430/2/2324
f 2430/2/2324 2340/2/2324 2377/2/2324
f 2431/2/2325 2375/2/2325 2378/2/2325
f 2378/2/2325 2433/2/2325 2431/2/2325
f 2379/2/2326 2434/2/2326 2406/2/2326
f 2406/2/2326 2380/2/2326 2379/2/2326
f 2372/2/2327 2371/2/2327 2432/2/2327
f 2432/2/2327 2377/2/2327 2372/2/2327
f 2381/2/2328 2408/2/2328 2433/2/2328
f 2433/2/2328 2378/2/2328 2381/2/2328
f 2434/2/2329 2379/2/2329 2382/2/2329
f 2382/2/2329 2410/2/2329 2434/2/2329
f 2435/2/2330 2436/2/2330 2437/2/2330
f 2437/2/2331 2438/2/2331 2435/2/2331
f 2416/2/2332 2439/2/2332 2440/2/2332
f 2440/2/2332 2414/2/2332 2416/2/2332
f 2441/2/2333 2415/2/2333 2417/2/2333
f 2417/2/2334 2442/2/2334 2441/2/2334
f 2418/2/2335 2443/2/2335 2439/2/2335
f 2439/2/2336 2416/2/2336 2418/2/2336
f 2419/2/2337 2444/2/2337 2442/2/2337
f 2442/2/2338 2417/2/2338 2419/2/2338
f 2443/2/2339 2418/2/2339 2420/2/2339
f 2420/2/2340 2438/2/2340 2443/2/2340
f 2421/2/2341 2445/2/2341 2444/2/2341
f 2444/2/2341 2419/2/2341 2421/2/2341
f 2422/2/2342 2435/2/2342 2438/2/2342
f 2438/2/2343 2420/2/2343 2422/2/2343
f 2445/2/2344 2421/2/2344 2423/2/2344
f 2423/2/2344 2446/2/2344 2445/2/2344
f 2424/2/2345 2447/2/2345 2435/2/2345
f 2435/2/2346 2422/2/2346 2424/2/2346
f 2425/2/2347 2448/2/2347 2446/2/2347
f 2446/2/2347 2423/2/2347 2425/2/2347
f 2447/2/2348 2424/2/2348 2426/2/2348
f 2426/2/2349 2449/2/2349 2447/2/2349
f 2427/2/2350 2450/2/2350 2448/2/2350
f 2448/2/2351 2425/2/2351 2427/2/2351
f 2428/2/2352 2451/2/2352 2449/2/2352
f 2449/2/2352 2426/2/2352 2428/2/2352
f 2450/2/2353 2427/2/2353 2429/2/2353
f 2429/2/2354 2452/2/2354 2450/2/2354
f 2430/2/2355 2453/2/2355 2451/2/2355
f 2451/2/2356 2428/2/2356 2430/2/2356
f 2431/2/2357 2454/2/2357 2452/2/2357
f 2452/2/2357 2429/2/2357 2431/2/2357
f 2453/2/2358 2430/2/2358 2432/2/2358
f 2432/2/2359 2455/2/2359 2453/2/2359
f 2433/2/2360 2456/2/2360 2454/2/2360
f 2454/2/2361 2431/2/2361 2433/2/2361
f 2406/2/2362 2434/2/2362 2457/2/2362
f 2457/2/2363 2403/2/2363 2406/2/2363
f 2371/2/2364 2458/2/2364 2455/2/2364
f 2455/2/2365 2432/2/2365 2371/2/2365
f 2456/2/2366 2433/2/2366 2408/2/2366
f 2408/2/2367 2459/2/2367 2456/2/2367
f 2410/2/2368 2460/2/2368 2457/2/2368
f 2457/2/2368 2434/2/2368 2410/2/2368
f 2374/2/2369 2461/2/2369 2458/2/2369
f 2458/2/2370 2371/2/2370 2374/2/2370
f 2407/2/2371 2462/2/2371 2459/2/2371
f 2459/2/2372 2408/2/2372 2407/2/2372
f 2460/2/2373 2410/2/2373 2409/2/2373
f 2409/2/2373 2463/2/2373 2460/2/2373
f 2461/2/2374 2374/2/2374 2411/2/2374
f 2411/2/2375 2464/2/2375 2461/2/2375
f 2412/2/2376 2465/2/2376 2462/2/2376
f 2462/2/2377 2407/2/2377 2412/2/2377
f 2413/2/2378 2466/2/2378 2463/2/2378
f 2463/2/2379 2409/2/2379 2413/2/2379
f 2405/2/2380 2404/2/2380 2464/2/2380
f 2464/2/2381 2411/2/2381 2405/2/2381
f 2465/2/2382 2412/2/2382 2414/2/2382
f 2414/2/2383 2440/2/2383 2465/2/2383
f 2415/2/2384 2441/2/2384 2466/2/2384
f 2466/2/2385 2413/2/2385 2415/2/2385
f 2467/2/2386 2468/2/2386 2469/2/2386
f 2469/2/2386 2470/2/2386 2467/2/2386
f 2471/2/2387 2472/2/2387 2445/2/2387
f 2445/2/2388 2446/2/2388 2471/2/2388
f 2447/2/2389 2473/2/2389 2436/2/2389
f 2436/2/2390 2435/2/2390 2447/2/2390
f 2448/2/2391 2474/2/2391 2471/2/2391
f 2471/2/2392 2446/2/2392 2448/2/2392
f 2468/2/2393 2473/2/2393 2447/2/2393
f 2447/2/2394 2449/2/2394 2468/2/2394
f 2450/2/2395 2475/2/2395 2474/2/2395
f 2474/2/2395 2448/2/2395 2450/2/2395
f 2451/2/2396 2469/2/2396 2468/2/2396
f 2468/2/2397 2449/2/2397 2451/2/2397
f 2476/2/2398 2475/2/2398 2450/2/2398
f 2450/2/2399 2452/2/2399 2476/2/2399
f 2453/2/2400 2477/2/2400 2469/2/2400
f 2469/2/2401 2451/2/2401 2453/2/2401
f 2454/2/2402 2478/2/2402 2476/2/2402
f 2476/2/2403 2452/2/2403 2454/2/2403
f 2479/2/2404 2477/2/2404 2453/2/2404
f 2453/2/2405 2455/2/2405 2479/2/2405
f 2456/2/2406 2480/2/2406 2478/2/2406
f 2478/2/2407 2454/2/2407 2456/2/2407
f 2481/2/2408 2403/2/2408 2457/2/2408
f 2457/2/2409 2482/2/2409 2481/2/2409
f 2458/2/2410 2483/2/2410 2479/2/2410
f 2479/2/2411 2455/2/2411 2458/2/2411
f 2484/2/2412 2480/2/2412 2456/2/2412
f 2456/2/2413 2459/2/2413 2484/2/2413
f 2482/2/2414 2457/2/2414 2460/2/2414
f 2460/2/2415 2485/2/2415 2482/2/2415
f 2461/2/2416 2486/2/2416 2483/2/2416
f 2483/2/2417 2458/2/2417 2461/2/2417
f 2462/2/2418 2487/2/2418 2484/2/2418
f 2484/2/2418 2459/2/2418 2462/2/2418
f 2463/2/2419 2488/2/2419 2485/2/2419
f 2485/2/2420 2460/2/2420 2463/2/2420
f 2489/2/2421 2486/2/2421 2461/2/2421
f 2461/2/2421 2464/2/2421 2489/2/2421
f 2465/2/2422 2490/2/2422 2487/2/2422
f 2487/2/2423 2462/2/2423 2465/2/2423
f 2488/2/2424 2463/2/2424 2466/2/2424
f 2466/2/2425 2491/2/2425 2488/2/2425
f 2404/2/2426 2492/2/2426 2489/2/2426
f 2489/2/2427 2464/2/2427 2404/2/2427
f 2493/2/2428 2490/2/2428 2465/2/2428
f 2465/2/2429 2440/2/2429 2493/2/2429
f 2441/2/2430 2494/2/2430 2491/2/2430
f 2491/2/2431 2466/2/2431 2441/2/2431
f 2481/2/2432 2492/2/2432 2404/2/2432
f 2404/2/2433 2403/2/2433 2481/2/2433
f 2439/2/2434 2495/2/2434 2493/2/2434
f 2493/2/2435 2440/2/2435 2439/2/2435
f 2442/2/2436 2496/2/2436 2494/2/2436
f 2494/2/2437 2441/2/2437 2442/2/2437
f 2443/2/2438 2497/2/2438 2495/2/2438
f 2495/2/2438 2439/2/2438 2443/2/2438
f 2496/2/2439 2442/2/2439 2444/2/2439
f 2444/2/2440 2498/2/2440 2496/2/2440
f 2437/2/2441 2497/2/2441 2443/2/2441
f 2443/2/2442 2438/2/2442 2437/2/2442
f 2445/2/2443 2472/2/2443 2498/2/2443
f 2498/2/2444 2444/2/2444 2445/2/2444
f 2499/2/2445 2500/2/2445 2501/2/2445
f 2501/2/2445 2502/2/2445 2499/2/2445
f 2476/2/2446 2503/2/2446 2504/2/2446
f 2504/2/2446 2475/2/2446 2476/2/2446
f 2477/2/2447 2505/2/2447 2470/2/2447
f 2470/2/2448 2469/2/2448 2477/2/2448
f 2506/2/2449 2503/2/2449 2476/2/2449
f 2476/2/2449 2478/2/2449 2506/2/2449
f 2479/2/2450 2507/2/2450 2505/2/2450
f 2505/2/2450 2477/2/2450 2479/2/2450
f 2480/2/2451 2508/2/2451 2506/2/2451
f 2506/2/2451 2478/2/2451 2480/2/2451
f 2500/2/2452 2499/2/2452 2481/2/2452
f 2481/2/2452 2482/2/2452 2500/2/2452
f 2509/2/2453 2507/2/2453 2479/2/2453
f 2479/2/2453 2483/2/2453 2509/2/2453
f 2484/2/2454 2510/2/2454 2508/2/2454
f 2508/2/2454 2480/2/2454 2484/2/2454
f 2485/2/2455 2511/2/2455 2500/2/2455
f 2500/2/2455 2482/2/2455 2485/2/2455
f 2486/2/2456 2512/2/2456 2509/2/2456
f 2509/2/2456 2483/2/2456 2486/2/2456
f 2513/2/2457 2510/2/2457 2484/2/2457
f 2484/2/2457 2487/2/2457 2513/2/2457
f 2488/2/2458 2514/2/2458 2511/2/2458
f 2511/2/2458 2485/2/2458 2488/2/2458
f 2489/2/2459 2515/2/2459 2512/2/2459
f 2512/2/2459 2486/2/2459 2489/2/2459
f 2490/2/2460 2516/2/2460 2513/2/2460
f 2513/2/2460 2487/2/2460 2490/2/2460
f 2517/2/2461 2514/2/2461 2488/2/2461
f 2488/2/2461 2491/2/2461 2517/2/2461
f 2518/2/2462 2515/2/2462 2489/2/2462
f 2489/2/2462 2492/2/2462 2518/2/2462
f 2493/2/2463 2519/2/2463 2516/2/2463
f 2516/2/2463 2490/2/2463 2493/2/2463
f 2494/2/2464 2520/2/2464 2517/2/2464
f 2517/2/2464 2491/2/2464 2494/2/2464
f 2518/2/2465 2492/2/2465 2481/2/2465
f 2481/2/2465 2499/2/2465 2518/2/2465
f 2519/2/2466 2493/2/2466 2495/2/2466
f 2495/2/2466 2521/2/2466 2519/2/2466
f 2496/2/2467 2522/2/2467 2520/2/2467
f 2520/2/2467 2494/2/2467 2496/2/2467
f 2497/2/2468 2523/2/2468 2521/2/2468
f 2521/2/2468 2495/2/2468 2497/2/2468
f 2524/2/2469 2522/2/2469 2496/2/2469
f 2496/2/2469 2498/2/2469 2524/2/2469
f 2437/2/2470 2525/2/2470 2523/2/2470
f 2523/2/2470 2497/2/2470 2437/2/2470
f 2472/2/2471 2526/2/2471 2524/2/2471
f 2524/2/2471 2498/2/2471 2472/2/2471
f 2525/2/2472 2437/2/2472 2436/2/2472
f 2436/2/2472 2527/2/2472 2525/2/2472
f 2471/2/2473 2528/2/2473 2526/2/2473
f 2526/2/2473 2472/2/2473 2471/2/2473
f 2473/2/2474 2529/2/2474 2527/2/2474
f 2527/2/2474 2436/2/2474 2473/2/2474
f 2530/2/2475 2528/2/2475 2471/2/2475
f 2471/2/2475 2474/2/2475 2530/2/2475
f 2468/2/2476 2467/2/2476 2529/2/2476
f 2529/2/2476 2473/2/2476 2468/2/2476
f 2475/2/2477 2504/2/2477 2530/2/2477
f 2530/2/2477 2474/2/2477 2475/2/2477
f 2531/2/2478 2532/2/2478 2533/2/2478
f 2533/2/2479 2534/2/2479 2531/2/2479
f 2509/2/2480 2535/2/2480 2536/2/2480
f 2536/2/2481 2507/2/2481 2509/2/2481
f 2510/2/2482 2537/2/2482 2538/2/2482
f 2538/2/2483 2508/2/2483 2510/2/2483
f 2511/2/2484 2539/2/2484 2501/2/2484
f 2501/2/2485 2500/2/2485 2511/2/2485
f 2540/2/2486 2535/2/2486 2509/2/2486
f 2509/2/2487 2512/2/2487 2540/2/2487
f 2513/2/2488 2541/2/2488 2537/2/2488
f 2537/2/2489 2510/2/2489 2513/2/2489
f 2514/2/2490 2534/2/2490 2539/2/2490
f 2539/2/2490 2511/2/2490 2514/2/2490
f 2515/2/2491 2542/2/2491 2540/2/2491
f 2540/2/2492 2512/2/2492 2515/2/2492
f 2541/2/2493 2513/2/2493 2516/2/2493
f 2516/2/2494 2543/2/2494 2541/2/2494
f 2517/2/2495 2531/2/2495 2534/2/2495
f 2534/2/2496 2514/2/2496 2517/2/2496
f 2518/2/2497 2544/2/2497 2542/2/2497
f 2542/2/2498 2515/2/2498 2518/2/2498
f 2519/2/2499 2545/2/2499 2543/2/2499
f 2543/2/2500 2516/2/2500 2519/2/2500
f 2531/2/2501 2517/2/2501 2520/2/2501
f 2520/2/2502 2546/2/2502 2531/2/2502
f 2544/2/2503 2518/2/2503 2499/2/2503
f 2499/2/2504 2502/2/2504 2544/2/2504
f 2521/2/2505 2547/2/2505 2545/2/2505
f 2545/2/2506 2519/2/2506 2521/2/2506
f 2522/2/2507 2548/2/2507 2546/2/2507
f 2546/2/2508 2520/2/2508 2522/2/2508
f 2549/2/2509 2547/2/2509 2521/2/2509
f 2521/2/2510 2523/2/2510 2549/2/2510
f 2524/2/2511 2550/2/2511 2548/2/2511
f 2548/2/2512 2522/2/2512 2524/2/2512
f 2525/2/2513 2551/2/2513 2549/2/2513
f 2549/2/2514 2523/2/2514 2525/2/2514
f 2552/2/2515 2550/2/2515 2524/2/2515
f 2524/2/2516 2526/2/2516 2552/2/2516
f 2527/2/2517 2553/2/2517 2551/2/2517
f 2551/2/2518 2525/2/2518 2527/2/2518
f 2528/2/2519 2554/2/2519 2552/2/2519
f 2552/2/2520 2526/2/2520 2528/2/2520
f 2553/2/2521 2527/2/2521 2529/2/2521
f 2529/2/2522 2555/2/2522 2553/2/2522
f 2530/2/2523 2556/2/2523 2554/2/2523
f 2554/2/2524 2528/2/2524 2530/2/2524
f 2467/2/2525 2557/2/2525 2555/2/2525
f 2555/2/2526 2529/2/2526 2467/2/2526
f 2558/2/2527 2556/2/2527 2530/2/2527
f 2530/2/2528 2504/2/2528 2558/2/2528
f 2470/2/2529 2559/2/2529 2557/2/2529
f 2557/2/2530 2467/2/2530 2470/2/2530
f 2503/2/2531 2560/2/2531 2558/2/2531
f 2558/2/2531 2504/2/2531 2503/2/2531
f 2561/2/2532 2559/2/2532 2470/2/2532
f 2470/2/2533 2505/2/2533 2561/2/2533
f 2506/2/2534 2562/2/2534 2560/2/2534
f 2560/2/2535 2503/2/2535 2506/2/2535
f 2507/2/2536 2536/2/2536 2561/2/2536
f 2561/2/2537 2505/2/2537 2507/2/2537
f 2562/2/2538 2506/2/2538 2508/2/2538
f 2508/2/2538 2538/2/2538 2562/2/2538
f 2563/2/2539 2564/2/2539 2565/2/2539
f 2565/2/2539 2566/2/2539 2563/2/2539
f 2544/2/2540 2567/2/2540 2568/2/2540
f 2568/2/2540 2542/2/2540 2544/2/2540
f 2569/2/2541 2570/2/2541 2543/2/2541
f 2543/2/2541 2545/2/2541 2569/2/2541
f 2546/2/2542 2571/2/2542 2532/2/2542
f 2532/2/2543 2531/2/2543 2546/2/2543
f 2572/2/2544 2567/2/2544 2544/2/2544
f 2544/2/2544 2502/2/2544 2572/2/2544
f 2547/2/2545 2573/2/2545 2569/2/2545
f 2569/2/2546 2545/2/2546 2547/2/2546
f 2571/2/2547 2546/2/2547 2548/2/2547
f 2548/2/2548 2565/2/2548 2571/2/2548
f 2549/2/2549 2574/2/2549 2573/2/2549
f 2573/2/2550 2547/2/2550 2549/2/2550
f 2550/2/2551 2566/2/2551 2565/2/2551
f 2565/2/2552 2548/2/2552 2550/2/2552
f 2575/2/2553 2574/2/2553 2549/2/2553
f 2549/2/2554 2551/2/2554 2575/2/2554
f 2552/2/2555 2576/2/2555 2566/2/2555
f 2566/2/2555 2550/2/2555 2552/2/2555
f 2553/2/2556 2577/2/2556 2575/2/2556
f 2575/2/2557 2551/2/2557 2553/2/2557
f 2578/2/2558 2576/2/2558 2552/2/2558
f 2552/2/2559 2554/2/2559 2578/2/2559
f 2555/2/2560 2579/2/2560 2577/2/2560
f 2577/2/2560 2553/2/2560 2555/2/2560
f 2556/2/2561 2580/2/2561 2578/2/2561
f 2578/2/2562 2554/2/2562 2556/2/2562
f 2581/2/2563 2579/2/2563 2555/2/2563
f 2555/2/2564 2557/2/2564 2581/2/2564
f 2558/2/2565 2582/2/2565 2580/2/2565
f 2580/2/2566 2556/2/2566 2558/2/2566
f 2559/2/2567 2583/2/2567 2581/2/2567
f 2581/2/2568 2557/2/2568 2559/2/2568
f 2584/2/2569 2582/2/2569 2558/2/2569
f 2558/2/2569 2560/2/2569 2584/2/2569
f 2561/2/2570 2585/2/2570 2583/2/2570
f 2583/2/2570 2559/2/2570 2561/2/2570
f 2562/2/2571 2586/2/2571 2584/2/2571
f 2584/2/2572 2560/2/2572 2562/2/2572
f 2587/2/2573 2585/2/2573 2561/2/2573
f 2561/2/2574 2536/2/2574 2587/2/2574
f 2538/2/2575 2588/2/2575 2586/2/2575
f 2586/2/2576 2562/2/2576 2538/2/2576
f 2502/2/2577 2501/2/2577 2589/2/2577
f 2589/2/2577 2572/2/2577 2502/2/2577
f 2535/2/2578 2590/2/2578 2587/2/2578
f 2587/2/2579 2536/2/2579 2535/2/2579
f 2591/2/2580 2588/2/2580 2538/2/2580
f 2538/2/2581 2537/2/2581 2591/2/2581
f 2592/2/2582 2589/2/2582 2501/2/2582
f 2501/2/2583 2539/2/2583 2592/2/2583
f 2540/2/2584 2593/2/2584 2590/2/2584
f 2590/2/2585 2535/2/2585 2540/2/2585
f 2541/2/2586 2594/2/2586 2591/2/2586
f 2591/2/2587 2537/2/2587 2541/2/2587
f 2533/2/2588 2592/2/2588 2539/2/2588
f 2539/2/2589 2534/2/2589 2533/2/2589
f 2568/2/2590 2593/2/2590 2540/2/2590
f 2540/2/2591 2542/2/2591 2568/2/2591
f 2543/2/2592 2570/2/2592 2594/2/2592
f 2594/2/2592 2541/2/2592 2543/2/2592
f 2595/2/2593 2596/2/2593 2597/2/2593
f 2597/2/2594 2598/2/2594 2595/2/2594
f 2575/2/2595 2599/2/2595 2600/2/2595
f 2600/2/2595 2574/2/2595 2575/2/2595
f 2576/2/2596 2601/2/2596 2563/2/2596
f 2563/2/2597 2566/2/2597 2576/2/2597
f 2599/2/2598 2575/2/2598 2577/2/2598
f 2577/2/2598 2602/2/2598 2599/2/2598
f 2578/2/2599 2598/2/2599 2601/2/2599
f 2601/2/2600 2576/2/2600 2578/2/2600
f 2579/2/2601 2603/2/2601 2602/2/2601
f 2602/2/2601 2577/2/2601 2579/2/2601
f 2595/2/2602 2598/2/2602 2578/2/2602
f 2578/2/2602 2580/2/2602 2595/2/2602
f 2581/2/2603 2604/2/2603 2603/2/2603
f 2603/2/2603 2579/2/2603 2581/2/2603
f 2582/2/2604 2605/2/2604 2595/2/2604
f 2595/2/2604 2580/2/2604 2582/2/2604
f 2606/2/2605 2604/2/2605 2581/2/2605
f 2581/2/2605 2583/2/2605 2606/2/2605
f 2584/2/2606 2607/2/2606 2605/2/2606
f 2605/2/2606 2582/2/2606 2584/2/2606
f 2585/2/2607 2608/2/2607 2606/2/2607
f 2606/2/2607 2583/2/2607 2585/2/2607
f 2609/2/2608 2607/2/2608 2584/2/2608
f 2584/2/2608 2586/2/2608 2609/2/2608
f 2587/2/2609 2610/2/2609 2608/2/2609
f 2608/2/2609 2585/2/2609 2587/2/2609
f 2588/2/2610 2611/2/2610 2609/2/2610
f 2609/2/2610 2586/2/2610 2588/2/2610
f 2612/2/2611 2613/2/2611 2572/2/2611
f 2572/2/2611 2589/2/2611 2612/2/2611
f 2614/2/2612 2610/2/2612 2587/2/2612
f 2587/2/2612 2590/2/2612 2614/2/2612
f 2591/2/2613 2615/2/2613 2611/2/2613
f 2611/2/2613 2588/2/2613 2591/2/2613
f 2592/2/2614 2616/2/2614 2612/2/2614
f 2612/2/2614 2589/2/2614 2592/2/2614
f 2593/2/2615 2617/2/2615 2614/2/2615
f 2614/2/2615 2590/2/2615 2593/2/2615
f 2615/2/2616 2591/2/2616 2594/2/2616
f 2594/2/2616 2618/2/2616 2615/2/2616
f 2533/2/2617 2619/2/2617 2616/2/2617
f 2616/2/2617 2592/2/2617 2533/2/2617
f 2568/2/2618 2620/2/2618 2617/2/2618
f 2617/2/2618 2593/2/2618 2568/2/2618
f 2570/2/2619 2621/2/2619 2618/2/2619
f 2618/2/2619 2594/2/2619 2570/2/2619
f 2622/2/2620 2619/2/2620 2533/2/2620
f 2533/2/2620 2532/2/2620 2622/2/2620
f 2623/2/2621 2620/2/2621 2568/2/2621
f 2568/2/2621 2567/2/2621 2623/2/2621
f 2569/2/2622 2624/2/2622 2621/2/2622
f 2621/2/2622 2570/2/2622 2569/2/2622
f 2571/2/2623 2625/2/2623 2622/2/2623
f 2622/2/2623 2532/2/2623 2571/2/2623
f 2613/2/2624 2623/2/2624 2567/2/2624
f 2567/2/2624 2572/2/2624 2613/2/2624
f 2624/2/2625 2569/2/2625 2573/2/2625
f 2573/2/2625 2626/2/2625 2624/2/2625
f 2565/2/2626 2564/2/2626 2625/2/2626
f 2625/2/2626 2571/2/2626 2565/2/2626
f 2574/2/2627 2600/2/2627 2626/2/2627
f 2626/2/2627 2573/2/2627 2574/2/2627
f 2627/2/2628 2628/2/2628 2629/2/2628
f 2629/2/2629 2630/2/2629 2627/2/2629
f 2604/2/2630 2631/2/2630 2632/2/2630
f 2632/2/2631 2603/2/2631 2604/2/2631
f 2633/2/2632 2596/2/2632 2595/2/2632
f 2595/2/2633 2605/2/2633 2633/2/2633
f 2606/2/2634 2634/2/2634 2631/2/2634
f 2631/2/2635 2604/2/2635 2606/2/2635
f 2607/2/2636 2630/2/2636 2633/2/2636
f 2633/2/2637 2605/2/2637 2607/2/2637
f 2634/2/2638 2606/2/2638 2608/2/2638
f 2608/2/2639 2635/2/2639 2634/2/2639
f 2609/2/2640 2627/2/2640 2630/2/2640
f 2630/2/2641 2607/2/2641 2609/2/2641
f 2610/2/2642 2636/2/2642 2635/2/2642
f 2635/2/2642 2608/2/2642 2610/2/2642
f 2627/2/2643 2609/2/2643 2611/2/2643
f 2611/2/2644 2637/2/2644 2627/2/2644
f 2613/2/2645 2612/2/2645 2638/2/2645
f 2638/2/2646 2639/2/2646 2613/2/2646
f 2614/2/2647 2640/2/2647 2636/2/2647
f 2636/2/2647 2610/2/2647 2614/2/2647
f 2615/2/2648 2641/2/2648 2637/2/2648
f 2637/2/2649 2611/2/2649 2615/2/2649
f 2616/2/2650 2642/2/2650 2638/2/2650
f 2638/2/2651 2612/2/2651 2616/2/2651
f 2643/2/2652 2640/2/2652 2614/2/2652
f 2614/2/2653 2617/2/2653 2643/2/2653
f 2618/2/2654 2644/2/2654 2641/2/2654
f 2641/2/2654 2615/2/2654 2618/2/2654
f 2619/2/2655 2645/2/2655 2642/2/2655
f 2642/2/2656 2616/2/2656 2619/2/2656
f 2620/2/2657 2646/2/2657 2643/2/2657
f 2643/2/2658 2617/2/2658 2620/2/2658
f 2647/2/2659 2644/2/2659 2618/2/2659
f 2618/2/2660 2621/2/2660 2647/2/2660
f 2622/2/2661 2648/2/2661 2645/2/2661
f 2645/2/2662 2619/2/2662 2622/2/2662
f 2623/2/2663 2649/2/2663 2646/2/2663
f 2646/2/2664 2620/2/2664 2623/2/2664
f 2624/2/2665 2650/2/2665 2647/2/2665
f 2647/2/2665 2621/2/2665 2624/2/2665
f 2648/2/2666 2622/2/2666 2625/2/2666
f 2625/2/2667 2651/2/2667 2648/2/2667
f 2639/2/2668 2649/2/2668 2623/2/2668
f 2623/2/2669 2613/2/2669 2639/2/2669
f 2626/2/2670 2652/2/2670 2650/2/2670
f 2650/2/2671 2624/2/2671 2626/2/2671
f 2564/2/2672 2653/2/2672 2651/2/2672
f 2651/2/2672 2625/2/2672 2564/2/2672
f 2654/2/2673 2652/2/2673 2626/2/2673
f 2626/2/2674 2600/2/2674 2654/2/2674
f 2563/2/2675 2655/2/2675 2653/2/2675
f 2653/2/2676 2564/2/2676 2563/2/2676
f 2599/2/2677 2656/2/2677 2654/2/2677
f 2654/2/2678 2600/2/2678 2599/2/2678
f 2657/2/2679 2655/2/2679 2563/2/2679
f 2563/2/2680 2601/2/2680 2657/2/2680
f 2602/2/2681 2658/2/2681 2656/2/2681
f 2656/2/2681 2599/2/2681 2602/2/2681
f 2598/2/2682 2597/2/2682 2657/2/2682
f 2657/2/2683 2601/2/2683 2598/2/2683
f 2658/2/2684 2602/2/2684 2603/2/2684
f 2603/2/2685 2632/2/2685 2658/2/2685
f 2659/2/2686 2660/2/2686 2661/2/2686
f 2661/2/2686 2662/2/2686 2659/2/2686
f 2635/2/2687 2636/2/2687 2663/2/2687
f 2663/2/2688 2664/2/2688 2635/2/2688
f 2637/2/2689 2665/2/2689 2628/2/2689
f 2628/2/2690 2627/2/2690 2637/2/2690
f 2639/2/2691 2638/2/2691 2666/2/2691
f 2666/2/2692 2667/2/2692 2639/2/2692
f 2663/2/2693 2636/2/2693 2640/2/2693
f 2640/2/2694 2668/2/2694 2663/2/2694
f 2637/2/2695 2641/2/2695 2662/2/2695
f 2662/2/2696 2665/2/2696 2637/2/2696
f 2666/2/2697 2638/2/2697 2642/2/2697
f 2642/2/2697 2669/2/2697 2666/2/2697
f 2643/2/2698 2670/2/2698 2668/2/2698
f 2668/2/2698 2640/2/2698 2643/2/2698
f 2662/2/2699 2641/2/2699 2644/2/2699
f 2644/2/2699 2659/2/2699 2662/2/2699
f 2671/2/2700 2669/2/2700 2642/2/2700
f 2642/2/2701 2645/2/2701 2671/2/2701
f 2643/2/2702 2646/2/2702 2672/2/2702
f 2672/2/2703 2670/2/2703 2643/2/2703
f 2647/2/2704 2673/2/2704 2659/2/2704
f 2659/2/2704 2644/2/2704 2647/2/2704
f 2648/2/2705 2674/2/2705 2671/2/2705
f 2671/2/2706 2645/2/2706 2648/2/2706
f 2672/2/2707 2646/2/2707 2649/2/2707
f 2649/2/2707 2675/2/2707 2672/2/2707
f 2647/2/2708 2650/2/2708 2676/2/2708
f 2676/2/2709 2673/2/2709 2647/2/2709
f 2651/2/2710 2677/2/2710 2674/2/2710
f 2674/2/2710 2648/2/2710 2651/2/2710
f 2649/2/2711 2639/2/2711 2667/2/2711
f 2667/2/2712 2675/2/2712 2649/2/2712
f 2676/2/2713 2650/2/2713 2652/2/2713
f 2652/2/2714 2678/2/2714 2676/2/2714
f 2679/2/2715 2677/2/2715 2651/2/2715
f 2651/2/2716 2653/2/2716 2679/2/2716
f 2654/2/2717 2680/2/2717 2678/2/2717
f 2678/2/2717 2652/2/2717 2654/2/2717
f 2655/2/2718 2681/2/2718 2679/2/2718
f 2679/2/2719 2653/2/2719 2655/2/2719
f 2654/2/2720 2656/2/2720 2682/2/2720
f 2682/2/2720 2680/2/2720 2654/2/2720
f 2657/2/2721 2683/2/2721 2681/2/2721
f 2681/2/2722 2655/2/2722 2657/2/2722
f 2682/2/2723 2656/2/2723 2658/2/2723
f 2658/2/2724 2684/2/2724 2682/2/2724
f 2657/2/2725 2597/2/2725 2685/2/2725
f 2685/2/2726 2683/2/2726 2657/2/2726
f 2632/2/2727 2686/2/2727 2684/2/2727
f 2684/2/2728 2658/2/2728 2632/2/2728
f 2685/2/2729 2597/2/2729 2596/2/2729
f 2596/2/2729 2687/2/2729 2685/2/2729
f 2632/2/2730 2631/2/2730 2688/2/2730
f 2688/2/2730 2686/2/2730 2632/2/2730
f 2689/2/2731 2687/2/2731 2596/2/2731
f 2596/2/2732 2633/2/2732 2689/2/2732
f 2688/2/2733 2631/2/2733 2634/2/2733
f 2634/2/2734 2690/2/2734 2688/2/2734
f 2689/2/2735 2633/2/2735 2630/2/2735
f 2630/2/2735 2629/2/2735 2689/2/2735
f 2635/2/2736 2664/2/2736 2690/2/2736
f 2690/2/2737 2634/2/2737 2635/2/2737
f 2691/2/2738 2692/2/2738 2693/2/2738
f 2693/2/2739 2694/2/2739 2691/2/2739
f 2671/2/2740 2695/2/2740 2696/2/2740
f 2696/2/2740 2669/2/2740 2671/2/2740
f 2672/2/2741 2697/2/2741 2698/2/2741
f 2698/2/2741 2670/2/2741 2672/2/2741
f 2660/2/2742 2659/2/2742 2673/2/2742
f 2673/2/2742 2699/2/2742 2660/2/2742
f 2671/2/2743 2674/2/2743 2700/2/2743
f 2700/2/2743 2695/2/2743 2671/2/2743
f 2675/2/2744 2701/2/2744 2697/2/2744
f 2697/2/2744 2672/2/2744 2675/2/2744
f 2676/2/2745 2694/2/2745 2699/2/2745
f 2699/2/2745 2673/2/2745 2676/2/2745
f 2700/2/2746 2674/2/2746 2677/2/2746
f 2677/2/2746 2702/2/2746 2700/2/2746
f 2703/2/2747 2701/2/2747 2675/2/2747
f 2675/2/2747 2667/2/2747 2703/2/2747
f 2678/2/2748 2691/2/2748 2694/2/2748
f 2694/2/2748 2676/2/2748 2678/2/2748
f 2679/2/2749 2704/2/2749 2702/2/2749
f 2702/2/2749 2677/2/2749 2679/2/2749
f 2691/2/2750 2678/2/2750 2680/2/2750
f 2680/2/2750 2705/2/2750 2691/2/2750
f 2679/2/2751 2681/2/2751 2706/2/2751
f 2706/2/2751 2704/2/2751 2679/2/2751
f 2682/2/2752 2707/2/2752 2705/2/2752
f 2705/2/2752 2680/2/2752 2682/2/2752
f 2706/2/2753 2681/2/2753 2683/2/2753
f 2683/2/2753 2708/2/2753 2706/2/2753
f 2684/2/2754 2709/2/2754 2707/2/2754
f 2707/2/2754 2682/2/2754 2684/2/2754
f 2685/2/2755 2710/2/2755 2708/2/2755
f 2708/2/2755 2683/2/2755 2685/2/2755
f 2709/2/2756 2684/2/2756 2686/2/2756
f 2686/2/2756 2711/2/2756 2709/2/2756
f 2687/2/2757 2712/2/2757 2710/2/2757
f 2710/2/2757 2685/2/2757 2687/2/2757
f 2688/2/2758 2713/2/2758 2711/2/2758
f 2711/2/2759 2686/2/2759 2688/2/2759
f 2687/2/2760 2689/2/2760 2714/2/2760
f 2714/2/2760 2712/2/2760 2687/2/2760
f 2690/2/2761 2715/2/2761 2713/2/2761
f 2713/2/2762 2688/2/2762 2690/2/2762
f 2716/2/2763 2714/2/2763 2689/2/2763
f 2689/2/2763 2629/2/2763 2716/2/2763
f 2715/2/2764 2690/2/2764 2664/2/2764
f 2664/2/2764 2717/2/2764 2715/2/2764
f 2716/2/2765 2629/2/2765 2628/2/2765
f 2628/2/2765 2718/2/2765 2716/2/2765
f 2663/2/2766 2719/2/2766 2717/2/2766
f 2717/2/2766 2664/2/2766 2663/2/2766
f 2718/2/2767 2628/2/2767 2665/2/2767
f 2665/2/2767 2720/2/2767 2718/2/2767
f 2666/2/2768 2721/2/2768 2703/2/2768
f 2703/2/2768 2667/2/2768 2666/2/2768
f 2668/2/2769 2722/2/2769 2719/2/2769
f 2719/2/2770 2663/2/2770 2668/2/2770
f 2662/2/2771 2661/2/2771 2720/2/2771
f 2720/2/2771 2665/2/2771 2662/2/2771
f 2721/2/2772 2666/2/2772 2669/2/2772
f 2669/2/2772 2696/2/2772 2721/2/2772
f 2722/2/2773 2668/2/2773 2670/2/2773
f 2670/2/2773 2698/2/2773 2722/2/2773
f 2723/2/2774 2724/2/2774 2725/2/2774
f 2725/2/2774 2726/2/2774 2723/2/2774
f 2727/2/2775 2702/2/2775 2704/2/2775
f 2704/2/2775 2728/2/2775 2727/2/2775
f 2705/2/2776 2729/2/2776 2692/2/2776
f 2692/2/2777 2691/2/2777 2705/2/2777
f 2706/2/2778 2730/2/2778 2728/2/2778
f 2728/2/2779 2704/2/2779 2706/2/2779
f 2729/2/2780 2705/2/2780 2707/2/2780
f 2707/2/2781 2726/2/2781 2729/2/2781
f 2708/2/2782 2731/2/2782 2730/2/2782
f 2730/2/2783 2706/2/2783 2708/2/2783
f 2709/2/2784 2723/2/2784 2726/2/2784
f 2726/2/2785 2707/2/2785 2709/2/2785
f 2731/2/2786 2708/2/2786 2710/2/2786
f 2710/2/2787 2732/2/2787 2731/2/2787
f 2711/2/2788 2733/2/2788 2723/2/2788
f 2723/2/2789 2709/2/2789 2711/2/2789
f 2712/2/2790 2734/2/2790 2732/2/2790
f 2732/2/2791 2710/2/2791 2712/2/2791
f 2733/2/2792 2711/2/2792 2713/2/2792
f 2713/2/2793 2735/2/2793 2733/2/2793
f 2714/2/2794 2736/2/2794 2734/2/2794
f 2734/2/2794 2712/2/2794 2714/2/2794
f 2715/2/2795 2737/2/2795 2735/2/2795
f 2735/2/2796 2713/2/2796 2715/2/2796
f 2736/2/2797 2714/2/2797 2716/2/2797
f 2716/2/2798 2738/2/2798 2736/2/2798
f 2717/2/2799 2739/2/2799 2737/2/2799
f 2737/2/2800 2715/2/2800 2717/2/2800
f 2718/2/2801 2740/2/2801 2738/2/2801
f 2738/2/2802 2716/2/2802 2718/2/2802
f 2739/2/2803 2717/2/2803 2719/2/2803
f 2719/2/2803 2741/2/2803 2739/2/2803
f 2720/2/2804 2742/2/2804 2740/2/2804
f 2740/2/2805 2718/2/2805 2720/2/2805
f 2703/2/2806 2721/2/2806 2743/2/2806
f 2743/2/2807 2744/2/2807 2703/2/2807
f 2722/2/2808 2745/2/2808 2741/2/2808
f 2741/2/2808 2719/2/2808 2722/2/2808
f 2742/2/2809 2720/2/2809 2661/2/2809
f 2661/2/2810 2746/2/2810 2742/2/2810
f 2696/2/2811 2747/2/2811 2743/2/2811
f 2743/2/2812 2721/2/2812 2696/2/2812
f 2698/2/2813 2748/2/2813 2745/2/2813
f 2745/2/2814 2722/2/2814 2698/2/2814
f 2660/2/2815 2749/2/2815 2746/2/2815
f 2746/2/2815 2661/2/2815 2660/2/2815
f 2747/2/2816 2696/2/2816 2695/2/2816
f 2695/2/2817 2750/2/2817 2747/2/2817
f 2748/2/2818 2698/2/2818 2697/2/2818
f 2697/2/2819 2751/2/2819 2748/2/2819
f 2699/2/2820 2752/2/2820 2749/2/2820
f 2749/2/2821 2660/2/2821 2699/2/2821
f 2700/2/2822 2753/2/2822 2750/2/2822
f 2750/2/2822 2695/2/2822 2700/2/2822
f 2701/2/2823 2754/2/2823 2751/2/2823
f 2751/2/2823 2697/2/2823 2701/2/2823
f 2752/2/2824 2699/2/2824 2694/2/2824
f 2694/2/2825 2693/2/2825 2752/2/2825
f 2702/2/2826 2727/2/2826 2753/2/2826
f 2753/2/2827 2700/2/2827 2702/2/2827
f 2744/2/2828 2754/2/2828 2701/2/2828
f 2701/2/2829 2703/2/2829 2744/2/2829
f 2755/2/2830 2756/2/2830 2757/2/2830
f 2757/2/2831 2758/2/2831 2755/2/2831
f 2732/2/2832 2759/2/2832 2760/2/2832
f 2760/2/2833 2731/2/2833 2732/2/2833
f 2733/2/2834 2761/2/2834 2724/2/2834
f 2724/2/2835 2723/2/2835 2733/2/2835
f 2734/2/2836 2762/2/2836 2759/2/2836
f 2759/2/2836 2732/2/2836 2734/2/2836
f 2735/2/2837 2758/2/2837 2761/2/2837
f 2761/2/2838 2733/2/2838 2735/2/2838
f 2763/2/2839 2762/2/2839 2734/2/2839
f 2734/2/2840 2736/2/2840 2763/2/2840
f 2737/2/2841 2755/2/2841 2758/2/2841
f 2758/2/2842 2735/2/2842 2737/2/2842
f 2738/2/2843 2764/2/2843 2763/2/2843
f 2763/2/2844 2736/2/2844 2738/2/2844
f 2765/2/2845 2755/2/2845 2737/2/2845
f 2737/2/2846 2739/2/2846 2765/2/2846
f 2764/2/2847 2738/2/2847 2740/2/2847
f 2740/2/2848 2766/2/2848 2764/2/2848
f 2767/2/2849 2765/2/2849 2739/2/2849
f 2739/2/2850 2741/2/2850 2767/2/2850
f 2742/2/2851 2768/2/2851 2766/2/2851
f 2766/2/2852 2740/2/2852 2742/2/2852
f 2769/2/2853 2744/2/2853 2743/2/2853
f 2743/2/2854 2770/2/2854 2769/2/2854
f 2771/2/2855 2767/2/2855 2741/2/2855
f 2741/2/2856 2745/2/2856 2771/2/2856
f 2746/2/2857 2772/2/2857 2768/2/2857
f 2768/2/2858 2742/2/2858 2746/2/2858
f 2770/2/2859 2743/2/2859 2747/2/2859
f 2747/2/2860 2773/2/2860 2770/2/2860
f 2771/2/2861 2745/2/2861 2748/2/2861
f 2748/2/2862 2774/2/2862 2771/2/2862
f 2749/2/2863 2775/2/2863 2772/2/2863
f 2772/2/2863 2746/2/2863 2749/2/2863
f 2750/2/2864 2776/2/2864 2773/2/2864
f 2773/2/2865 2747/2/2865 2750/2/2865
f 2751/2/2866 2777/2/2866 2774/2/2866
f 2774/2/2866 2748/2/2866 2751/2/2866
f 2752/2/2867 2778/2/2867 2775/2/2867
f 2775/2/2868 2749/2/2868 2752/2/2868
f 2776/2/2869 2750/2/2869 2753/2/2869
f 2753/2/2870 2779/2/2870 2776/2/2870
f 2754/2/2871 2780/2/2871 2777/2/2871
f 2777/2/2872 2751/2/2872 2754/2/2872
f 2693/2/2873 2781/2/2873 2778/2/2873
f 2778/2/2873 2752/2/2873 2693/2/2873
f 2727/2/2874 2782/2/2874 2779/2/2874
f 2779/2/2875 2753/2/2875 2727/2/2875
f 2769/2/2876 2780/2/2876 2754/2/2876
f 2754/2/2877 2744/2/2877 2769/2/2877
f 2692/2/2878 2783/2/2878 2781/2/2878
f 2781/2/2878 2693/2/2878 2692/2/2878
f 2728/2/2879 2784/2/2879 2782/2/2879
f 2782/2/2879 2727/2/2879 2728/2/2879
f 2729/2/2880 2785/2/2880 2783/2/2880
f 2783/2/2881 2692/2/2881 2729/2/2881
f 2784/2/2882 2728/2/2882 2730/2/2882
f 2730/2/2883 2786/2/2883 2784/2/2883
f 2726/2/2884 2725/2/2884 2785/2/2884
f 2785/2/2885 2729/2/2885 2726/2/2885
f 2760/2/2886 2786/2/2886 2730/2/2886
f 2730/2/2886 2731/2/2886 2760/2/2886
f 2787/2/2887 2788/2/2887 2789/2/2887
f 2789/2/2888 2790/2/2888 2787/2/2888
f 2791/2/2889 2792/2/2889 2763/2/2889
f 2763/2/2889 2764/2/2889 2791/2/2889
f 2793/2/2890 2756/2/2890 2755/2/2890
f 2755/2/2891 2765/2/2891 2793/2/2891
f 2766/2/2892 2794/2/2892 2791/2/2892
f 2791/2/2892 2764/2/2892 2766/2/2892
f 2795/2/2893 2793/2/2893 2765/2/2893
f 2765/2/2893 2767/2/2893 2795/2/2893
f 2768/2/2894 2796/2/2894 2794/2/2894
f 2794/2/2894 2766/2/2894 2768/2/2894
f 2769/2/2895 2770/2/2895 2797/2/2895
f 2797/2/2895 2798/2/2895 2769/2/2895
f 2771/2/2896 2799/2/2896 2795/2/2896
f 2795/2/2896 2767/2/2896 2771/2/2896
f 2796/2/2897 2768/2/2897 2772/2/2897
f 2772/2/2897 2800/2/2897 2796/2/2897
f 2773/2/2898 2801/2/2898 2797/2/2898
f 2797/2/2898 2770/2/2898 2773/2/2898
f 2799/2/2899 2771/2/2899 2774/2/2899
f 2774/2/2899 2802/2/2899 2799/2/2899
f 2775/2/2900 2803/2/2900 2800/2/2900
f 2800/2/2900 2772/2/2900 2775/2/2900
f 2776/2/2901 2804/2/2901 2801/2/2901
f 2801/2/2901 2773/2/2901 2776/2/2901
f 2805/2/2902 2802/2/2902 2774/2/2902
f 2774/2/2902 2777/2/2902 2805/2/2902
f 2788/2/2903 2803/2/2903 2775/2/2903
f 2775/2/2903 2778/2/2903 2788/2/2903
f 2779/2/2904 2806/2/2904 2804/2/2904
f 2804/2/2904 2776/2/2904 2779/2/2904
f 2780/2/2905 2807/2/2905 2805/2/2905
f 2805/2/2905 2777/2/2905 2780/2/2905
f 2788/2/2906 2778/2/2906 2781/2/2906
f 2781/2/2906 2789/2/2906 2788/2/2906
f 2782/2/2907 2808/2/2907 2806/2/2907
f 2806/2/2907 2779/2/2907 2782/2/2907
f 2798/2/2908 2807/2/2908 2780/2/2908
f 2780/2/2908 2769/2/2908 2798/2/2908
f 2783/2/2909 2809/2/2909 2789/2/2909
f 2789/2/2909 2781/2/2909 2783/2/2909
f 2808/2/2910 2782/2/2910 2784/2/2910
f 2784/2/2911 2810/2/2911 2808/2/2911
f 2809/2/2912 2783/2/2912 2785/2/2912
f 2785/2/2912 2811/2/2912 2809/2/2912
f 2786/2/2913 2812/2/2913 2810/2/2913
f 2810/2/2913 2784/2/2913 2786/2/2913
f 2811/2/2914 2785/2/2914 2725/2/2914
f 2725/2/2914 2813/2/2914 2811/2/2914
f 2814/2/2915 2812/2/2915 2786/2/2915
f 2786/2/2915 2760/2/2915 2814/2/2915
f 2815/2/2916 2813/2/2916 2725/2/2916
f 2725/2/2916 2724/2/2916 2815/2/2916
f 2816/2/2917 2814/2/2917 2760/2/2917
f 2760/2/2917 2759/2/2917 2816/2/2917
f 2761/2/2918 2817/2/2918 2815/2/2918
f 2815/2/2918 2724/2/2918 2761/2/2918
f 2762/2/2919 2818/2/2919 2816/2/2919
f 2816/2/2919 2759/2/2919 2762/2/2919
f 2817/2/2920 2761/2/2920 2758/2/2920
f 2758/2/2920 2757/2/2920 2817/2/2920
f 2762/2/2921 2763/2/2921 2792/2/2921
f 2792/2/2922 2818/2/2922 2762/2/2922
f 2819/2/2923 2820/2/2923 2821/2/2923
f 2821/2/2924 2822/2/2924 2819/2/2924
f 2808/2/2925 2823/2/2925 2824/2/2925
f 2824/2/2926 2806/2/2926 2808/2/2926
f 2807/2/2927 2798/2/2927 2825/2/2927
f 2825/2/2927 2826/2/2927 2807/2/2927
f 2827/2/2928 2790/2/2928 2789/2/2928
f 2789/2/2929 2809/2/2929 2827/2/2929
f 2808/2/2930 2810/2/2930 2828/2/2930
f 2828/2/2930 2823/2/2930 2808/2/2930
f 2811/2/2931 2820/2/2931 2827/2/2931
f 2827/2/2931 2809/2/2931 2811/2/2931
f 2829/2/2932 2828/2/2932 2810/2/2932
f 2810/2/2932 2812/2/2932 2829/2/2932
f 2813/2/2933 2821/2/2933 2820/2/2933
f 2820/2/2934 2811/2/2934 2813/2/2934
f 2814/2/2935 2830/2/2935 2829/2/2935
f 2829/2/2936 2812/2/2936 2814/2/2936
f 2821/2/2937 2813/2/2937 2815/2/2937
f 2815/2/2938 2831/2/2938 2821/2/2938
f 2816/2/2939 2832/2/2939 2830/2/2939
f 2830/2/2940 2814/2/2940 2816/2/2940
f 2817/2/2941 2833/2/2941 2831/2/2941
f 2831/2/2941 2815/2/2941 2817/2/2941
f 2816/2/2942 2818/2/2942 2834/2/2942
f 2834/2/2943 2832/2/2943 2816/2/2943
f 2817/2/2944 2757/2/2944 2835/2/2944
f 2835/2/2944 2833/2/2944 2817/2/2944
f 2792/2/2945 2836/2/2945 2834/2/2945
f 2834/2/2945 2818/2/2945 2792/2/2945
f 2837/2/2946 2835/2/2946 2757/2/2946
f 2757/2/2947 2756/2/2947 2837/2/2947
f 2838/2/2948 2836/2/2948 2792/2/2948
f 2792/2/2948 2791/2/2948 2838/2/2948
f 2837/2/2949 2756/2/2949 2793/2/2949
f 2793/2/2950 2839/2/2950 2837/2/2950
f 2840/2/2951 2838/2/2951 2791/2/2951
f 2791/2/2951 2794/2/2951 2840/2/2951
f 2795/2/2952 2841/2/2952 2839/2/2952
f 2839/2/2953 2793/2/2953 2795/2/2953
f 2794/2/2954 2796/2/2954 2842/2/2954
f 2842/2/2954 2840/2/2954 2794/2/2954
f 2843/2/2955 2825/2/2955 2798/2/2955
f 2798/2/2955 2797/2/2955 2843/2/2955
f 2795/2/2956 2799/2/2956 2844/2/2956
f 2844/2/2957 2841/2/2957 2795/2/2957
f 2842/2/2958 2796/2/2958 2800/2/2958
f 2800/2/2959 2845/2/2959 2842/2/2959
f 2843/2/2960 2797/2/2960 2801/2/2960
f 2801/2/2960 2846/2/2960 2843/2/2960
f 2802/2/2961 2847/2/2961 2844/2/2961
f 2844/2/2962 2799/2/2963 2802/2/2962
f 2800/2/2964 2803/2/2964 2848/2/2964
f 2848/2/2965 2845/2/2965 2800/2/2965
f 2801/2/2966 2804/2/2966 2849/2/2966
f 2849/2/2966 2846/2/2966 2801/2/2966
f 2850/2/2967 2847/2/2967 2802/2/2967
f 2802/2/2968 2805/2/2968 2850/2/2968
f 2788/2/2969 2787/2/2969 2848/2/2969
f 2848/2/2969 2803/2/2969 2788/2/2969
f 2824/2/2970 2849/2/2970 2804/2/2970
f 2804/2/2970 2806/2/2970 2824/2/2970
f 2826/2/2971 2850/2/2971 2805/2/2971
f 2805/2/2971 2807/2/2971 2826/2/2971
f 2851/2/2972 2852/2/2972 2853/2/2972
f 2853/2/2972 2854/2/2972 2851/2/2972
f 2855/2/2973 2829/2/2973 2830/2/2973
f 2830/2/2974 2856/2/2974 2855/2/2974
f 2821/2/2975 2831/2/2975 2857/2/2975
f 2857/2/2976 2822/2/2976 2821/2/2976
f 2858/2/2977 2856/2/2977 2830/2/2977
f 2830/2/2978 2832/2/2978 2858/2/2978
f 2852/2/2979 2857/2/2979 2831/2/2979
f 2831/2/2980 2833/2/2980 2852/2/2980
f 2832/2/2981 2834/2/2981 2859/2/2981
f 2859/2/2982 2858/2/2982 2832/2/2982
f 2835/2/2983 2853/2/2983 2852/2/2983
f 2852/2/2984 2833/2/2984 2835/2/2984
f 2860/2/2985 2859/2/2985 2834/2/2985
f 2834/2/2986 2836/2/2986 2860/2/2986
f 2837/2/2987 2861/2/2987 2853/2/2987
f 2853/2/2988 2835/2/2988 2837/2/2988
f 2838/2/2989 2862/2/2989 2860/2/2989
f 2860/2/2990 2836/2/2990 2838/2/2990
f 2861/2/2991 2837/2/2991 2839/2/2991
f 2839/2/2992 2863/2/2992 2861/2/2992
f 2840/2/2993 2864/2/2993 2862/2/2993
f 2862/2/2994 2838/2/2994 2840/2/2994
f 2863/2/2995 2839/2/2995 2841/2/2995
f 2841/2/2996 2865/2/2996 2863/2/2996
f 2864/2/2997 2840/2/2997 2842/2/2997
f 2842/2/2997 2866/2/2997 2864/2/2997
f 2867/2/2998 2868/2/2998 2825/2/2998
f 2825/2/2999 2843/2/2999 2867/2/2999
f 2841/2/3000 2844/2/3000 2869/2/3000
f 2869/2/3001 2865/2/3001 2841/2/3001
f 2870/2/3002 2866/2/3002 2842/2/3002
f 2842/2/3002 2845/2/3002 2870/2/3002
f 2871/2/3003 2867/2/3003 2843/2/3003
f 2843/2/3004 2846/2/3004 2871/2/3004
f 2872/2/3005 2869/2/3005 2844/2/3005
f 2844/2/3006 2847/2/3006 2872/2/3006
f 2845/2/3007 2848/2/3007 2873/2/3007
f 2873/2/3007 2870/2/3007 2845/2/3007
f 2849/2/3008 2874/2/3008 2871/2/3008
f 2871/2/3009 2846/2/3009 2849/2/3009
f 2850/2/3010 2875/2/3010 2872/2/3010
f 2872/2/3011 2847/2/3011 2850/2/3011
f 2876/2/3012 2873/2/3012 2848/2/3012
f 2848/2/3012 2787/2/3012 2876/2/3012
f 2874/2/3013 2849/2/3013 2824/2/3013
f 2824/2/3013 2877/2/3013 2874/2/3013
f 2826/2/3014 2878/2/3014 2875/2/3014
f 2875/2/3015 2850/2/3015 2826/2/3015
f 2790/2/3016 2879/2/3016 2876/2/3016
f 2876/2/3016 2787/2/3016 2790/2/3016
f 2880/2/3017 2877/2/3017 2824/2/3017
f 2824/2/3018 2823/2/3018 2880/2/3018
f 2878/2/3019 2826/2/3019 2825/2/3019
f 2825/2/3019 2868/2/3019 2878/2/3019
f 2827/2/3020 2881/2/3020 2879/2/3020
f 2879/2/3020 2790/2/3020 2827/2/3020
f 2828/2/3021 2882/2/3021 2880/2/3021
f 2880/2/3022 2823/2/3022 2828/2/3022
f 2881/2/3023 2827/2/3023 2820/2/3023
f 2820/2/3024 2819/2/3024 2881/2/3024
f 2829/2/3025 2855/2/3025 2882/2/3025
f 2882/2/3026 2828/2/3026 2829/2/3026
f 2883/2/3027 2884/2/3027 2885/2/3027
f 2883/2/3027 2885/2/3027 2886/2/3027
f 2886/2/3027 2887/2/3027 2888/2/3027
f 2886/2/3028 2888/2/3028 2889/2/3028
f 2883/2/3029 2886/2/3029 2889/2/3029
f 2889/2/3027 2890/2/3027 2891/2/3027
f 2889/2/3030 2891/2/3030 2892/2/3030
f 2893/2/3027 2894/2/3027 2895/2/3027
f 2892/2/3027 2893/2/3027 2895/2/3027
f 2889/2/3028 2892/2/3028 2895/2/3028
f 2883/2/3031 2889/2/3031 2895/2/3031
f 2895/2/3027 2896/2/3027 2897/2/3027
f 2895/2/3027 2897/2/3027 2898/2/3027
f 2899/2/3032 2900/2/3032 2901/2/3032
f 2898/2/3033 2899/2/3033 2901/2/3033
f 2895/2/3030 2898/2/3030 2901/2/3030
f 2883/2/3029 2895/2/3029 2901/2/3029
f 2901/2/3034 2902/2/3034 2903/2/3034
f 2901/2/3027 2903/2/3027 2904/2/3027
f 2901/2/3035 2904/2/3035 2851/2/3035
f 2883/2/3029 2901/2/3029 2851/2/3029
f 2905/2/3027 2906/2/3027 2907/2/3027
f 2854/2/3027 2905/2/3027 2907/2/3027
f 2851/2/3027 2854/2/3027 2907/2/3027
f 2851/2/3027 2907/2/3027 2908/2/3027
f 2883/2/3036 2851/2/3036 2908/2/3036
f 2908/2/3027 2909/2/3027 2910/2/3027
f 2908/2/3037 2910/2/3037 2911/2/3037
f 2908/2/3038 2911/2/3038 2912/2/3038
f 2883/2/3027 2908/2/3027 2912/2/3027
f 2860/2/3039 2893/2/3039 2892/2/3039
f 2892/2/3039 2859/2/3039 2860/2/3039
f 2905/2/3040 2854/2/3040 2853/2/3040
f 2853/2/3040 2861/2/3040 2905/2/3040
f 2893/2/3041 2860/2/3041 2862/2/3041
f 2862/2/3041 2894/2/3041 2893/2/3041
f 2861/2/3042 2863/2/3042 2906/2/3042
f 2906/2/3042 2905/2/3042 2861/2/3042
f 2895/2/3043 2894/2/3043 2862/2/3043
f 2862/2/3043 2864/2/3043 2895/2/3043
f 2907/2/3044 2906/2/3044 2863/2/3044
f 2863/2/3044 2865/2/3044 2907/2/3044
f 2864/2/3045 2866/2/3045 2896/2/3045
f 2896/2/3045 2895/2/3045 2864/2/3045
f 2883/2/3046 2912/2/3046 2868/2/3046
f 2868/2/3046 2867/2/3046 2883/2/3046
f 2869/2/3047 2908/2/3047 2907/2/3047
f 2907/2/3047 2865/2/3047 2869/2/3047
f 2897/2/3048 2896/2/3048 2866/2/3048
f 2866/2/3048 2870/2/3048 2897/2/3048
f 2867/2/3049 2871/2/3049 2884/2/3049
f 2884/2/3049 2883/2/3049 2867/2/3049
f 2872/2/3050 2909/2/3050 2908/2/3050
f 2908/2/3050 2869/2/3050 2872/2/3050
f 2873/2/3051 2898/2/3051 2897/2/3051
f 2897/2/3051 2870/2/3051 2873/2/3051
f 2885/2/3052 2884/2/3052 2871/2/3052
f 2871/2/3052 2874/2/3052 2885/2/3052
f 2909/2/3053 2872/2/3053 2875/2/3053
f 2875/2/3053 2910/2/3053 2909/2/3053
f 2876/2/3054 2899/2/3054 2898/2/3054
f 2898/2/3054 2873/2/3054 2876/2/3054
f 2877/2/3055 2886/2/3055 2885/2/3055
f 2885/2/3055 2874/2/3055 2877/2/3055
f 2911/2/3056 2910/2/3056 2875/2/3056
f 2875/2/3056 2878/2/3056 2911/2/3056
f 2899/2/3057 2876/2/3057 2879/2/3057
f 2879/2/3057 2900/2/3057 2899/2/3057
f 2880/2/3058 2887/2/3058 2886/2/3058
f 2886/2/3058 2877/2/3058 2880/2/3058
f 2868/2/3059 2912/2/3059 2911/2/3059
f 2911/2/3059 2878/2/3059 2868/2/3059
f 2901/2/3060 2900/2/3060 2879/2/3060
f 2879/2/3060 2881/2/3060 2901/2/3060
f 2887/2/3061 2880/2/3061 2882/2/3061
f 2882/2/3061 2888/2/3061 2887/2/3061
f 2881/2/3062 2819/2/3062 2902/2/3062
f 2902/2/3062 2901/2/3062 2881/2/3062
f 2889/2/3063 2888/2/3063 2882/2/3063
f 2882/2/3063 2855/2/3063 2889/2/3063
f 2903/2/3064 2902/2/3064 2819/2/3064
f 2819/2/3064 2822/2/3064 2903/2/3064
f 2855/2/3065 2856/2/3065 2890/2/3065
f 2890/2/3065 2889/2/3065 2855/2/3065
f 2857/2/3066 2904/2/3066 2903/2/3066
f 2903/2/3066 2822/2/3066 2857/2/3066
f 2891/2/3067 2890/2/3067 2856/2/3067
f 2856/2/3068 2858/2/3068 2891/2/3068
f 2852/2/3069 2851/2/3069 2904/2/3069
f 2904/2/3069 2857/2/3069 2852/2/3069
f 2859/2/3070 2892/2/3070 2891/2/3070
f 2891/2/3070 2858/2/3070 2859/2/3070
o C_rculo_014_C_rculo_015
v 0.201728 -1.286875 -0.504568
v 0.295228 -1.286875 -0.495368
v 0.385128 -1.286875 -0.468068
v 0.468028 -1.286875 -0.423868
v 0.540628 -1.286875 -0.364168
v 0.600228 -1.286875 -0.291568
v 0.644528 -1.286875 -0.208668
v 0.671828 -1.286875 -0.118768
v 0.681028 -1.286875 -0.025268
v 0.671828 -1.286875 0.068232
v 0.644528 -1.286875 0.158132
v 0.600228 -1.286875 0.241032
v 0.540628 -1.286875 0.313732
v 0.468028 -1.286875 0.373332
v 0.385128 -1.286875 0.417632
v 0.295228 -1.286875 0.444832
v 0.201728 -1.286875 0.454032
v 0.108128 -1.286875 0.444832
v 0.018228 -1.286875 0.417632
v -0.064572 -1.286875 0.373332
v -0.137272 -1.286875 0.313732
v -0.196872 -1.286875 0.241032
v -0.241172 -1.286875 0.158132
v -0.268472 -1.286875 0.068232
v -0.277672 -1.286875 -0.025268
v -0.268472 -1.286875 -0.118768
v -0.241172 -1.286875 -0.208668
v -0.196872 -1.286875 -0.291568
v -0.137272 -1.286875 -0.364168
v 0.108128 -1.286875 -0.495368
v -0.064572 -1.286875 -0.423868
v 0.018228 -1.286875 -0.468068
v 0.706628 -1.308275 -0.125668
v 0.706628 -1.409075 -0.125668
v 0.716528 -1.409075 -0.025268
v 0.716528 -1.308275 -0.025268
v 0.398728 -1.308275 -0.500968
v 0.487728 -1.308275 -0.453368
v 0.302128 -1.308275 0.479732
v 0.201728 -1.308275 0.489632
v -0.162372 -1.308275 -0.389368
v -0.084372 -1.308275 -0.453368
v 0.302128 -1.308275 -0.530268
v 0.398728 -1.308275 0.450432
v -0.226372 -1.308275 -0.311268
v 0.201728 -1.308275 -0.540168
v 0.487728 -1.308275 0.402832
v -0.273972 -1.308275 -0.222268
v 0.565728 -1.308275 0.338832
v -0.303272 -1.308275 -0.125668
v 0.629728 -1.308275 0.260732
v -0.313172 -1.308275 -0.025268
v 0.677328 -1.308275 0.171732
v -0.303272 -1.308275 0.075132
v 0.706628 -1.308275 0.075132
v -0.273972 -1.308275 0.171732
v -0.226372 -1.308275 0.260732
v -0.162372 -1.308275 0.338832
v 0.677328 -1.308275 -0.222268
v -0.084372 -1.308275 0.402832
v 0.629728 -1.308275 -0.311268
v 0.004628 -1.308275 0.450432
v 0.101228 -1.308275 -0.530268
v 0.565728 -1.308275 -0.389368
v 0.101228 -1.308275 0.479732
v 0.004628 -1.308275 -0.500968
v 0.101228 -1.409075 -0.530268
v 0.004628 -1.409075 -0.500968
v -0.084372 -1.409075 -0.453368
v -0.162372 -1.409075 -0.389368
v -0.226372 -1.409075 -0.311268
v -0.273972 -1.409075 -0.222268
v -0.303272 -1.409075 -0.125668
v -0.313172 -1.409075 -0.025268
v -0.303272 -1.409075 0.075132
v -0.273972 -1.409075 0.171732
v -0.226372 -1.409075 0.260732
v -0.162372 -1.409075 0.338832
v -0.084372 -1.409075 0.402832
v 0.004628 -1.409075 0.450432
v 0.101228 -1.409075 0.479732
v 0.201728 -1.409075 0.489632
v 0.302128 -1.409075 0.479732
v 0.398728 -1.409075 0.450432
v 0.487728 -1.409075 0.402832
v 0.565728 -1.409075 0.338832
v 0.629728 -1.409075 0.260732
v 0.677328 -1.409075 0.171732
v 0.706628 -1.409075 0.075132
v 0.677328 -1.409075 -0.222268
v 0.629728 -1.409075 -0.311268
v 0.565728 -1.409075 -0.389368
v 0.487728 -1.409075 -0.453368
v 0.398728 -1.409075 -0.500968
v 0.302128 -1.409075 -0.530268
v 0.201728 -1.409075 -0.540168
vn -0.0000 -1.0000 -0.0000
vn -0.9952 -0.0000 0.0981
vn -0.9952 -0.0000 0.0977
vn -0.2439 -0.8559 0.4560
vn -0.2440 -0.8557 0.4564
vn -0.0507 -0.8556 -0.5152
vn -0.0506 -0.8560 -0.5145
vn 0.3283 -0.8558 0.3998
vn 0.3284 -0.8556 0.4002
vn -0.1502 -0.8558 0.4951
vn -0.1502 -0.8558 0.4950
vn -0.1502 -0.8557 -0.4953
vn -0.1502 -0.8556 -0.4953
vn 0.4000 -0.8557 0.3283
vn 0.3999 -0.8557 0.3283
vn -0.0507 -0.8557 0.5149
vn -0.0508 -0.8558 0.5147
vn -0.2442 -0.8555 -0.4566
vn -0.2440 -0.8556 -0.4566
vn 0.4566 -0.8556 0.2441
vn 0.4564 -0.8557 0.2440
vn -0.3283 -0.8556 -0.4001
vn -0.3284 -0.8556 -0.4001
vn 0.4955 -0.8555 0.1502
vn 0.4954 -0.8555 0.1503
vn -0.4000 -0.8557 -0.3283
vn -0.3999 -0.8557 -0.3283
vn 0.5150 -0.8557 0.0507
vn 0.5156 -0.8553 0.0507
vn -0.4568 -0.8554 -0.2443
vn -0.4565 -0.8556 -0.2440
vn 0.5156 -0.8553 -0.0507
vn 0.5150 -0.8557 -0.0507
vn -0.4953 -0.8557 -0.1502
vn -0.4953 -0.8556 -0.1503
vn 0.4954 -0.8555 -0.1503
vn 0.4953 -0.8556 -0.1502
vn -0.5150 -0.8557 -0.0507
vn -0.5152 -0.8556 -0.0507
vn 0.4564 -0.8557 -0.2440
vn 0.4569 -0.8554 -0.2441
vn -0.5150 -0.8557 0.0507
vn -0.5151 -0.8556 0.0507
vn 0.4000 -0.8557 -0.3283
vn -0.4952 -0.8557 0.1502
vn 0.3284 -0.8556 -0.4002
vn 0.3283 -0.8555 -0.4003
vn -0.4564 -0.8556 0.2440
vn -0.4565 -0.8556 0.2440
vn -0.4569 -0.8554 0.2441
vn 0.2443 -0.8554 -0.4568
vn 0.2441 -0.8556 -0.4564
vn 0.0507 -0.8557 0.5149
vn 0.0507 -0.8555 0.5153
vn -0.4003 -0.8557 0.3280
vn -0.4000 -0.8557 0.3282
vn 0.1502 -0.8558 -0.4951
vn 0.1502 -0.8557 -0.4953
vn 0.1502 -0.8556 0.4953
vn 0.1502 -0.8558 0.4950
vn -0.3283 -0.8556 0.4001
vn -0.3285 -0.8558 0.3995
vn 0.0507 -0.8558 -0.5148
vn 0.0506 -0.8558 -0.5148
vn 0.2439 -0.8557 0.4564
vn 0.2442 -0.8555 0.4567
vn -0.0000 1.0000 -0.0000
vn 0.7729 -0.0000 -0.6345
vn -0.9569 -0.0000 0.2903
vn 0.6343 -0.0000 -0.7731
vn -0.8818 -0.0000 0.4716
vn 0.4716 -0.0000 -0.8818
vn 0.0980 -0.0000 0.9952
vn -0.7735 -0.0000 0.6338
vn -0.7732 -0.0000 0.6342
vn 0.2903 -0.0000 -0.9569
vn 0.2903 -0.0000 0.9569
vn -0.6343 -0.0000 0.7731
vn 0.0980 -0.0000 -0.9952
vn 0.4716 -0.0000 0.8818
vn -0.4716 -0.0000 0.8818
vn -0.0977 -0.0000 -0.9952
vn 0.6343 -0.0000 0.7731
vn -0.2903 -0.0000 0.9569
vn -0.2903 -0.0000 -0.9569
vn 0.7735 -0.0000 0.6338
vn 0.7732 -0.0000 0.6342
vn -0.0977 -0.0000 0.9952
vn -0.0981 -0.0000 0.9952
vn -0.4716 -0.0000 -0.8818
vn 0.8818 -0.0000 0.4716
vn -0.6343 -0.0000 -0.7731
vn 0.9569 -0.0000 0.2903
vn -0.7729 -0.0000 -0.6345
vn 0.9952 -0.0000 0.0981
vn -0.8818 -0.0000 -0.4716
vn 0.9952 -0.0000 -0.0981
vn -0.9569 -0.0000 -0.2903
vn 0.9569 -0.0000 -0.2903
vn -0.9952 -0.0000 -0.0977
vn 0.8818 -0.0000 -0.4716
vt 0.000000 0.000000
s 0
usemtl Goddard_None
f 2913/3/3071 2914/3/3071 2915/3/3071
f 2915/3/3071 2916/3/3071 2917/3/3071
f 2913/3/3071 2915/3/3071 2917/3/3071
f 2917/3/3071 2918/3/3071 2919/3/3071
f 2919/3/3071 2920/3/3071 2921/3/3071
f 2917/3/3071 2919/3/3071 2921/3/3071
f 2913/3/3071 2917/3/3071 2921/3/3071
f 2921/3/3071 2922/3/3071 2923/3/3071
f 2923/3/3071 2924/3/3071 2925/3/3071
f 2921/3/3071 2923/3/3071 2925/3/3071
f 2925/3/3071 2926/3/3071 2927/3/3071
f 2927/3/3071 2928/3/3071 2929/3/3071
f 2925/3/3071 2927/3/3071 2929/3/3071
f 2921/3/3071 2925/3/3071 2929/3/3071
f 2929/3/3071 2930/3/3071 2931/3/3071
f 2931/3/3071 2932/3/3071 2933/3/3071
f 2929/3/3071 2931/3/3071 2933/3/3071
f 2933/3/3071 2934/3/3071 2935/3/3071
f 2935/3/3071 2936/3/3071 2937/3/3071
f 2933/3/3071 2935/3/3071 2937/3/3071
f 2929/3/3071 2933/3/3071 2937/3/3071
f 2921/3/3071 2929/3/3071 2937/3/3071
f 2913/3/3071 2921/3/3071 2937/3/3071
f 2938/3/3071 2939/3/3071 2940/3/3071
f 2937/3/3071 2938/3/3071 2940/3/3071
f 2937/3/3071 2940/3/3071 2941/3/3071
f 2913/3/3071 2937/3/3071 2941/3/3071
f 2942/3/3071 2913/3/3071 2941/3/3071
f 2942/3/3071 2941/3/3071 2943/3/3071
f 2942/3/3071 2943/3/3071 2944/3/3071
f 2945/3/3072 2946/3/3072 2947/3/3072
f 2947/3/3073 2948/3/3073 2945/3/3073
f 2915/3/3074 2949/3/3074 2950/3/3074
f 2950/3/3075 2916/3/3075 2915/3/3075
f 2928/3/3076 2951/3/3076 2952/3/3076
f 2952/3/3077 2929/3/3077 2928/3/3077
f 2943/3/3078 2941/3/3078 2953/3/3078
f 2953/3/3079 2954/3/3079 2943/3/3079
f 2914/3/3080 2955/3/3080 2949/3/3080
f 2949/3/3081 2915/3/3081 2914/3/3081
f 2927/3/3082 2956/3/3082 2951/3/3082
f 2951/3/3083 2928/3/3083 2927/3/3083
f 2940/3/3084 2957/3/3084 2953/3/3084
f 2953/3/3085 2941/3/3085 2940/3/3085
f 2914/3/3086 2913/3/3086 2958/3/3086
f 2958/3/3087 2955/3/3087 2914/3/3087
f 2926/3/3088 2959/3/3088 2956/3/3088
f 2956/3/3089 2927/3/3089 2926/3/3089
f 2960/3/3090 2957/3/3090 2940/3/3090
f 2940/3/3091 2939/3/3091 2960/3/3091
f 2925/3/3092 2961/3/3092 2959/3/3092
f 2959/3/3093 2926/3/3093 2925/3/3093
f 2938/3/3094 2962/3/3094 2960/3/3094
f 2960/3/3095 2939/3/3095 2938/3/3095
f 2924/3/3096 2963/3/3096 2961/3/3096
f 2961/3/3097 2925/3/3097 2924/3/3097
f 2964/3/3098 2962/3/3098 2938/3/3098
f 2938/3/3099 2937/3/3099 2964/3/3099
f 2923/3/3100 2965/3/3100 2963/3/3100
f 2963/3/3101 2924/3/3101 2923/3/3101
f 2964/3/3102 2937/3/3102 2936/3/3102
f 2936/3/3103 2966/3/3103 2964/3/3103
f 2922/3/3104 2967/3/3104 2965/3/3104
f 2965/3/3105 2923/3/3105 2922/3/3105
f 2936/3/3106 2935/3/3106 2968/3/3106
f 2968/3/3107 2966/3/3107 2936/3/3107
f 2921/3/3108 2948/3/3108 2967/3/3108
f 2967/3/3109 2922/3/3109 2921/3/3109
f 2934/3/3110 2969/3/3110 2968/3/3110
f 2968/3/3111 2935/3/3111 2934/3/3111
f 2920/3/3112 2945/3/3112 2948/3/3112
f 2948/3/3113 2921/3/3113 2920/3/3113
f 2933/3/3114 2970/3/3114 2969/3/3114
f 2969/3/3114 2934/3/3114 2933/3/3114
f 2919/3/3115 2971/3/3115 2945/3/3115
f 2945/3/3115 2920/3/3115 2919/3/3115
f 2932/3/3116 2972/3/3116 2970/3/3116
f 2970/3/3117 2933/3/3117 2932/3/3117
f 2918/3/3118 2973/3/3119 2971/3/3119
f 2971/3/3120 2919/3/3120 2918/3/3120
f 2931/3/3121 2974/3/3121 2972/3/3121
f 2972/3/3122 2932/3/3122 2931/3/3122
f 2958/3/3123 2913/3/3123 2942/3/3123
f 2942/3/3124 2975/3/3124 2958/3/3124
f 2917/3/3125 2976/3/3125 2973/3/3125
f 2973/3/3126 2918/3/3126 2917/3/3126
f 2930/3/3127 2977/3/3127 2974/3/3127
f 2974/3/3128 2931/3/3128 2930/3/3128
f 2975/3/3129 2942/3/3129 2944/3/3129
f 2944/3/3130 2978/3/3130 2975/3/3130
f 2916/3/3131 2950/3/3131 2976/3/3131
f 2976/3/3132 2917/3/3132 2916/3/3132
f 2929/3/3133 2952/3/3133 2977/3/3133
f 2977/3/3134 2930/3/3134 2929/3/3134
f 2978/3/3135 2944/3/3135 2943/3/3135
f 2943/3/3136 2954/3/3136 2978/3/3136
f 2979/3/3137 2980/3/3137 2981/3/3137
f 2981/3/3137 2982/3/3137 2983/3/3137
f 2979/3/3137 2981/3/3137 2983/3/3137
f 2983/3/3137 2984/3/3137 2985/3/3137
f 2983/3/3137 2985/3/3137 2986/3/3137
f 2979/3/3137 2983/3/3137 2986/3/3137
f 2979/3/3137 2986/3/3137 2987/3/3137
f 2987/3/3137 2988/3/3137 2989/3/3137
f 2989/3/3137 2990/3/3137 2991/3/3137
f 2987/3/3137 2989/3/3137 2991/3/3137
f 2991/3/3137 2992/3/3137 2993/3/3137
f 2993/3/3137 2994/3/3137 2995/3/3137
f 2991/3/3137 2993/3/3137 2995/3/3137
f 2987/3/3137 2991/3/3137 2995/3/3137
f 2995/3/3137 2996/3/3137 2997/3/3137
f 2997/3/3137 2998/3/3137 2999/3/3137
f 2995/3/3137 2997/3/3137 2999/3/3137
f 2999/3/3137 3000/3/3137 3001/3/3137
f 3001/3/3137 2947/3/3137 2946/3/3137
f 2999/3/3137 3001/3/3137 2946/3/3137
f 2995/3/3137 2999/3/3137 2946/3/3137
f 2987/3/3137 2995/3/3137 2946/3/3137
f 2946/3/3137 3002/3/3137 3003/3/3137
f 3003/3/3137 3004/3/3137 3005/3/3137
f 2946/3/3137 3003/3/3137 3005/3/3137
f 3005/3/3137 3006/3/3137 3007/3/3137
f 3005/3/3137 3007/3/3137 3008/3/3137
f 2946/3/3137 3005/3/3137 3008/3/3137
f 2987/3/3137 2946/3/3137 3008/3/3137
f 2979/3/3137 2987/3/3137 3008/3/3137
f 2970/3/3138 2990/3/3138 2989/3/3138
f 2989/3/3138 2969/3/3138 2970/3/3138
f 2971/3/3139 3002/3/3139 2946/3/3139
f 2946/3/3139 2945/3/3139 2971/3/3139
f 2972/3/3140 2991/3/3140 2990/3/3140
f 2990/3/3140 2970/3/3140 2972/3/3140
f 2973/3/3141 3003/3/3141 3002/3/3141
f 3002/3/3141 2971/3/3141 2973/3/3141
f 2974/3/3142 2992/3/3142 2991/3/3142
f 2991/3/3142 2972/3/3142 2974/3/3142
f 2975/3/3143 2979/3/3143 3008/3/3143
f 3008/3/3143 2958/3/3143 2975/3/3143
f 2976/3/3144 3004/3/3144 3003/3/3144
f 3003/3/3145 2973/3/3145 2976/3/3145
f 2977/3/3146 2993/3/3146 2992/3/3146
f 2992/3/3146 2974/3/3146 2977/3/3146
f 2978/3/3147 2980/3/3147 2979/3/3147
f 2979/3/3147 2975/3/3147 2978/3/3147
f 2950/3/3148 3005/3/3148 3004/3/3148
f 3004/3/3148 2976/3/3148 2950/3/3148
f 2952/3/3149 2994/3/3149 2993/3/3149
f 2993/3/3149 2977/3/3149 2952/3/3149
f 2954/3/3150 2981/3/3150 2980/3/3150
f 2980/3/3150 2978/3/3150 2954/3/3150
f 2949/3/3151 3006/3/3151 3005/3/3151
f 3005/3/3151 2950/3/3151 2949/3/3151
f 2951/3/3152 2995/3/3152 2994/3/3152
f 2994/3/3152 2952/3/3152 2951/3/3152
f 2953/3/3153 2982/3/3153 2981/3/3153
f 2981/3/3153 2954/3/3153 2953/3/3153
f 2955/3/3154 3007/3/3154 3006/3/3154
f 3006/3/3154 2949/3/3154 2955/3/3154
f 2956/3/3155 2996/3/3155 2995/3/3155
f 2995/3/3155 2951/3/3155 2956/3/3155
f 2957/3/3156 2983/3/3156 2982/3/3156
f 2982/3/3157 2953/3/3157 2957/3/3157
f 2955/3/3158 2958/3/3158 3008/3/3158
f 3008/3/3159 3007/3/3159 2955/3/3159
f 2959/3/3160 2997/3/3160 2996/3/3160
f 2996/3/3160 2956/3/3160 2959/3/3160
f 2960/3/3161 2984/3/3161 2983/3/3161
f 2983/3/3161 2957/3/3161 2960/3/3161
f 2961/3/3162 2998/3/3162 2997/3/3162
f 2997/3/3162 2959/3/3162 2961/3/3162
f 2962/3/3163 2985/3/3163 2984/3/3163
f 2984/3/3163 2960/3/3163 2962/3/3163
f 2963/3/3164 2999/3/3164 2998/3/3164
f 2998/3/3164 2961/3/3164 2963/3/3164
f 2964/3/3165 2986/3/3165 2985/3/3165
f 2985/3/3165 2962/3/3165 2964/3/3165
f 2965/3/3166 3000/3/3166 2999/3/3166
f 2999/3/3166 2963/3/3166 2965/3/3166
f 2966/3/3167 2987/3/3167 2986/3/3167
f 2986/3/3167 2964/3/3167 2966/3/3167
f 2967/3/3168 3001/3/3168 3000/3/3168
f 3000/3/3168 2965/3/3168 2967/3/3168
f 2968/3/3169 2988/3/3169 2987/3/3169
f 2987/3/3169 2966/3/3169 2968/3/3169
f 2948/3/3170 2947/3/3170 3001/3/3170
f 3001/3/3170 2967/3/3170 2948/3/3170
f 2969/3/3171 2989/3/3171 2988/3/3171
f 2988/3/3171 2968/3/3171 2969/3/3171
o C_rculo_015_C_rculo_016
v 0.200428 -1.108975 -0.402968
v 0.274028 -1.108975 -0.395768
v 0.344828 -1.108975 -0.374268
v 0.410128 -1.108975 -0.339368
v 0.467328 -1.108975 -0.292468
v 0.514228 -1.108975 -0.235268
v 0.549128 -1.108975 -0.170068
v 0.570528 -1.108975 -0.099268
v 0.577828 -1.108975 -0.025668
v 0.570528 -1.108975 0.048032
v 0.549128 -1.108975 0.118832
v 0.514228 -1.108975 0.184032
v 0.467328 -1.108975 0.241232
v 0.410128 -1.108975 0.288132
v 0.344828 -1.108975 0.323032
v 0.274028 -1.108975 0.344532
v 0.200428 -1.108975 0.351732
v 0.126828 -1.108975 0.344532
v 0.056028 -1.108975 0.323032
v -0.009172 -1.108975 0.288132
v -0.066372 -1.108975 0.241232
v -0.113372 -1.108975 0.184032
v -0.148172 -1.108975 0.118832
v -0.169672 -1.108975 0.048032
v -0.176972 -1.108975 -0.025668
v -0.169672 -1.108975 -0.099268
v -0.148172 -1.108975 -0.170068
v -0.113372 -1.108975 -0.235268
v -0.066372 -1.108975 -0.292468
v 0.126828 -1.108975 -0.395768
v -0.009172 -1.108975 -0.339368
v 0.056028 -1.108975 -0.374268
v 0.107428 -1.288175 -0.493368
v 0.017928 -1.288175 -0.466168
v -0.064472 -1.288175 -0.422168
v -0.136772 -1.288175 -0.362768
v -0.196072 -1.288175 -0.290568
v -0.240072 -1.288175 -0.208068
v -0.267272 -1.288175 -0.118668
v -0.276372 -1.288175 -0.025668
v -0.267272 -1.288175 0.067432
v -0.240072 -1.288175 0.156832
v -0.196072 -1.288175 0.239332
v -0.136772 -1.288175 0.311532
v -0.064472 -1.288175 0.370832
v 0.017928 -1.288175 0.414932
v 0.107428 -1.288175 0.442032
v 0.200428 -1.288175 0.451232
v 0.293428 -1.288175 0.442032
v 0.382928 -1.288175 0.414932
v 0.465328 -1.288175 0.370832
v 0.537628 -1.288175 0.311532
v 0.596928 -1.288175 0.239332
v 0.641028 -1.288175 0.156832
v 0.668128 -1.288175 0.067432
v 0.677328 -1.288175 -0.025668
v 0.668128 -1.288175 -0.118668
v 0.641028 -1.288175 -0.208068
v 0.596928 -1.288175 -0.290568
v 0.537628 -1.288175 -0.362768
v 0.465328 -1.288175 -0.422168
v 0.382928 -1.288175 -0.466168
v 0.293428 -1.288175 -0.493368
v 0.200428 -1.288175 -0.502468
vn -0.0000 -1.0000 -0.0000
vn -0.0000 1.0000 -0.0000
vn 0.8376 -0.4836 0.2541
vn 0.8376 -0.4835 0.2544
vn -0.6766 -0.4836 -0.5553
vn 0.8711 -0.4836 0.0856
vn 0.8711 -0.4836 0.0857
vn -0.7718 -0.4839 -0.4125
vn -0.7717 -0.4836 -0.4131
vn 0.8711 -0.4836 -0.0858
vn -0.8376 -0.4837 -0.2539
vn -0.8376 -0.4836 -0.2541
vn 0.8376 -0.4835 -0.2544
vn 0.8376 -0.4836 -0.2541
vn -0.8711 -0.4836 -0.0856
vn -0.8711 -0.4836 -0.0858
vn 0.7719 -0.4836 -0.4127
vn 0.7720 -0.4836 -0.4125
vn -0.8710 -0.4837 0.0862
vn -0.8711 -0.4836 0.0858
vn 0.6764 -0.4836 -0.5555
vn 0.6766 -0.4836 -0.5553
vn -0.8376 -0.4836 0.2542
vn 0.5551 -0.4836 -0.6768
vn 0.5553 -0.4836 -0.6766
vn -0.7719 -0.4836 0.4126
vn -0.7719 -0.4835 0.4128
vn 0.4126 -0.4836 -0.7719
vn 0.4126 -0.4836 -0.7720
vn 0.0858 -0.4836 0.8711
vn 0.0860 -0.4836 0.8711
vn -0.6767 -0.4837 0.5552
vn -0.6766 -0.4836 0.5553
vn 0.2537 -0.4833 -0.8379
vn 0.2543 -0.4836 -0.8375
vn 0.2543 -0.4837 0.8375
vn 0.2541 -0.4836 0.8376
vn -0.5556 -0.4836 0.6763
vn -0.5553 -0.4836 0.6766
vn 0.0862 -0.4836 -0.8710
vn 0.0852 -0.4833 -0.8713
vn 0.4126 -0.4836 0.7719
vn -0.4126 -0.4836 0.7719
vn -0.4125 -0.4837 0.7719
vn -0.0858 -0.4836 -0.8711
vn 0.5553 -0.4836 0.6766
vn 0.5555 -0.4839 0.6762
vn -0.2545 -0.4837 0.8374
vn -0.2543 -0.4836 0.8375
vn -0.2537 -0.4836 -0.8378
vn -0.2544 -0.4833 -0.8377
vn 0.6767 -0.4836 0.5552
vn 0.6768 -0.4836 0.5551
vn -0.0855 -0.4836 0.8711
vn -0.0858 -0.4836 0.8711
vn -0.4131 -0.4834 -0.7718
vn -0.4126 -0.4836 -0.7720
vn 0.7719 -0.4836 0.4127
vn 0.7720 -0.4836 0.4125
vn -0.5553 -0.4836 -0.6765
vt 0.000000 0.000000
s 0
usemtl Goddard_None
f 3009/4/3172 3010/4/3172 3011/4/3172
f 3011/4/3172 3012/4/3172 3013/4/3172
f 3009/4/3172 3011/4/3172 3013/4/3172
f 3013/4/3172 3014/4/3172 3015/4/3172
f 3015/4/3172 3016/4/3172 3017/4/3172
f 3013/4/3172 3015/4/3172 3017/4/3172
f 3009/4/3172 3013/4/3172 3017/4/3172
f 3017/4/3172 3018/4/3172 3019/4/3172
f 3019/4/3172 3020/4/3172 3021/4/3172
f 3017/4/3172 3019/4/3172 3021/4/3172
f 3021/4/3172 3022/4/3172 3023/4/3172
f 3023/4/3172 3024/4/3172 3025/4/3172
f 3021/4/3172 3023/4/3172 3025/4/3172
f 3017/4/3172 3021/4/3172 3025/4/3172
f 3025/4/3172 3026/4/3172 3027/4/3172
f 3027/4/3172 3028/4/3172 3029/4/3172
f 3025/4/3172 3027/4/3172 3029/4/3172
f 3029/4/3172 3030/4/3172 3031/4/3172
f 3031/4/3172 3032/4/3172 3033/4/3172
f 3029/4/3172 3031/4/3172 3033/4/3172
f 3025/4/3172 3029/4/3172 3033/4/3172
f 3017/4/3172 3025/4/3172 3033/4/3172
f 3009/4/3172 3017/4/3172 3033/4/3172
f 3034/4/3172 3035/4/3172 3036/4/3172
f 3033/4/3172 3034/4/3172 3036/4/3172
f 3033/4/3172 3036/4/3172 3037/4/3172
f 3009/4/3172 3033/4/3172 3037/4/3172
f 3038/4/3172 3009/4/3172 3037/4/3172
f 3038/4/3172 3037/4/3172 3039/4/3172
f 3038/4/3172 3039/4/3172 3040/4/3172
f 3041/4/3173 3042/4/3173 3043/4/3173
f 3043/4/3173 3044/4/3173 3045/4/3173
f 3041/4/3173 3043/4/3173 3045/4/3173
f 3045/4/3173 3046/4/3173 3047/4/3173
f 3047/4/3173 3048/4/3173 3049/4/3173
f 3045/4/3173 3047/4/3173 3049/4/3173
f 3041/4/3173 3045/4/3173 3049/4/3173
f 3049/4/3173 3050/4/3173 3051/4/3173
f 3051/4/3173 3052/4/3173 3053/4/3173
f 3049/4/3173 3051/4/3173 3053/4/3173
f 3053/4/3173 3054/4/3173 3055/4/3173
f 3055/4/3173 3056/4/3173 3057/4/3173
f 3053/4/3173 3055/4/3173 3057/4/3173
f 3049/4/3173 3053/4/3173 3057/4/3173
f 3041/4/3173 3049/4/3173 3057/4/3173
f 3057/4/3173 3058/4/3173 3059/4/3173
f 3059/4/3173 3060/4/3173 3061/4/3173
f 3057/4/3173 3059/4/3173 3061/4/3173
f 3061/4/3173 3062/4/3173 3063/4/3173
f 3063/4/3173 3064/4/3173 3065/4/3173
f 3061/4/3173 3063/4/3173 3065/4/3173
f 3057/4/3173 3061/4/3173 3065/4/3173
f 3065/4/3173 3066/4/3173 3067/4/3173
f 3067/4/3173 3068/4/3173 3069/4/3173
f 3065/4/3173 3067/4/3173 3069/4/3173
f 3069/4/3173 3070/4/3173 3071/4/3173
f 3069/4/3173 3071/4/3173 3072/4/3173
f 3065/4/3173 3069/4/3173 3072/4/3173
f 3057/4/3173 3065/4/3173 3072/4/3173
f 3041/4/3173 3057/4/3173 3072/4/3173
f 3034/4/3174 3047/4/3174 3046/4/3174
f 3046/4/3175 3035/4/3175 3034/4/3175
f 3020/4/3176 3061/4/3176 3060/4/3176
f 3060/4/3176 3021/4/3176 3020/4/3176
f 3048/4/3177 3047/4/3177 3034/4/3177
f 3034/4/3178 3033/4/3178 3048/4/3178
f 3019/4/3179 3062/4/3179 3061/4/3179
f 3061/4/3180 3020/4/3180 3019/4/3180
f 3048/4/3181 3033/4/3181 3032/4/3181
f 3032/4/3181 3049/4/3181 3048/4/3181
f 3018/4/3182 3063/4/3182 3062/4/3182
f 3062/4/3183 3019/4/3183 3018/4/3183
f 3032/4/3184 3031/4/3184 3050/4/3184
f 3050/4/3185 3049/4/3185 3032/4/3185
f 3017/4/3186 3064/4/3186 3063/4/3186
f 3063/4/3187 3018/4/3187 3017/4/3187
f 3030/4/3188 3051/4/3188 3050/4/3188
f 3050/4/3189 3031/4/3189 3030/4/3189
f 3016/4/3190 3065/4/3190 3064/4/3190
f 3064/4/3191 3017/4/3191 3016/4/3191
f 3029/4/3192 3052/4/3192 3051/4/3192
f 3051/4/3193 3030/4/3193 3029/4/3193
f 3015/4/3194 3066/4/3194 3065/4/3194
f 3065/4/3194 3016/4/3194 3015/4/3194
f 3028/4/3195 3053/4/3195 3052/4/3195
f 3052/4/3196 3029/4/3196 3028/4/3196
f 3014/4/3197 3067/4/3197 3066/4/3197
f 3066/4/3198 3015/4/3198 3014/4/3198
f 3027/4/3199 3054/4/3199 3053/4/3199
f 3053/4/3200 3028/4/3200 3027/4/3200
f 3072/4/3201 3009/4/3201 3038/4/3201
f 3038/4/3202 3041/4/3202 3072/4/3202
f 3013/4/3203 3068/4/3203 3067/4/3203
f 3067/4/3204 3014/4/3204 3013/4/3204
f 3026/4/3205 3055/4/3205 3054/4/3205
f 3054/4/3206 3027/4/3206 3026/4/3206
f 3041/4/3207 3038/4/3207 3040/4/3207
f 3040/4/3208 3042/4/3208 3041/4/3208
f 3012/4/3209 3069/4/3209 3068/4/3209
f 3068/4/3210 3013/4/3210 3012/4/3210
f 3025/4/3211 3056/4/3211 3055/4/3211
f 3055/4/3212 3026/4/3212 3025/4/3212
f 3042/4/3213 3040/4/3213 3039/4/3213
f 3039/4/3213 3043/4/3213 3042/4/3213
f 3011/4/3214 3070/4/3214 3069/4/3214
f 3069/4/3215 3012/4/3215 3011/4/3215
f 3024/4/3216 3057/4/3216 3056/4/3216
f 3056/4/3216 3025/4/3216 3024/4/3216
f 3039/4/3217 3037/4/3217 3044/4/3217
f 3044/4/3218 3043/4/3218 3039/4/3218
f 3010/4/3219 3071/4/3219 3070/4/3219
f 3070/4/3220 3011/4/3220 3010/4/3220
f 3023/4/3221 3058/4/3221 3057/4/3221
f 3057/4/3222 3024/4/3222 3023/4/3222
f 3036/4/3223 3045/4/3223 3044/4/3223
f 3044/4/3224 3037/4/3224 3036/4/3224
f 3010/4/3225 3009/4/3225 3072/4/3225
f 3072/4/3226 3071/4/3226 3010/4/3226
f 3022/4/3227 3059/4/3227 3058/4/3227
f 3058/4/3228 3023/4/3228 3022/4/3228
f 3046/4/3229 3045/4/3229 3036/4/3229
f 3036/4/3230 3035/4/3230 3046/4/3230
f 3021/4/3231 3060/4/3231 3059/4/3231
f 3059/4/3231 3022/4/3231 3021/4/3231
o C_rculo_016_C_rculo_017
v 0.201028 -1.044375 -0.385468
v 0.270928 -1.044375 -0.378568
v 0.338128 -1.044375 -0.358168
v 0.400028 -1.044375 -0.325068
v 0.454328 -1.044375 -0.280568
v 0.498828 -1.044375 -0.226268
v 0.531928 -1.044375 -0.164368
v 0.552328 -1.044375 -0.097168
v 0.559228 -1.044375 -0.027268
v 0.552328 -1.044375 0.042532
v 0.531928 -1.044375 0.109732
v 0.498828 -1.044375 0.171732
v 0.454328 -1.044375 0.225932
v 0.400028 -1.044375 0.270532
v 0.338128 -1.044375 0.303632
v 0.270928 -1.044375 0.324032
v 0.201028 -1.044375 0.330832
v 0.131128 -1.044375 0.324032
v 0.064028 -1.044375 0.303632
v 0.002028 -1.044375 0.270532
v -0.052172 -1.044375 0.225932
v -0.096772 -1.044375 0.171732
v -0.129872 -1.044375 0.109732
v -0.150272 -1.044375 0.042532
v -0.157072 -1.044375 -0.027268
v -0.150272 -1.044375 -0.097168
v -0.129872 -1.044375 -0.164368
v -0.096772 -1.044375 -0.226268
v -0.052172 -1.044375 -0.280568
v 0.131128 -1.044375 -0.378568
v 0.002028 -1.044375 -0.325068
v 0.064028 -1.044375 -0.358168
v -0.066672 -1.075275 -0.295068
v -0.066672 -1.110075 -0.295068
v -0.009272 -1.110075 -0.342168
v -0.009272 -1.075275 -0.342168
v -0.177572 -1.075275 -0.027268
v -0.170372 -1.075275 0.046532
v 0.572428 -1.075275 0.046532
v 0.550928 -1.075275 0.117632
v -0.148772 -1.075275 0.117632
v 0.579728 -1.075275 -0.027268
v -0.113772 -1.075275 0.183032
v 0.572428 -1.075275 -0.101168
v -0.066672 -1.075275 0.240432
v 0.550928 -1.075275 -0.172168
v -0.009272 -1.075275 0.287532
v 0.515928 -1.075275 -0.237668
v 0.056128 -1.075275 0.322532
v 0.201028 -1.075275 -0.405968
v 0.127128 -1.075275 -0.398668
v 0.468828 -1.075275 -0.295068
v 0.127128 -1.075275 0.344032
v 0.056128 -1.075275 -0.377168
v 0.411428 -1.075275 -0.342168
v 0.201028 -1.075275 0.351332
v 0.345928 -1.075275 -0.377168
v 0.274928 -1.075275 0.344032
v 0.274928 -1.075275 -0.398668
v 0.345928 -1.075275 0.322532
v -0.113772 -1.075275 -0.237668
v 0.411428 -1.075275 0.287532
v -0.148772 -1.075275 -0.172168
v 0.468828 -1.075275 0.240432
v -0.170372 -1.075275 -0.101168
v 0.515928 -1.075275 0.183032
v 0.127128 -1.110075 -0.398668
v 0.056128 -1.110075 -0.377168
v -0.113772 -1.110075 -0.237668
v -0.148772 -1.110075 -0.172168
v -0.170372 -1.110075 -0.101168
v -0.177572 -1.110075 -0.027268
v -0.170372 -1.110075 0.046532
v -0.148772 -1.110075 0.117632
v -0.113772 -1.110075 0.183032
v -0.066672 -1.110075 0.240432
v -0.009272 -1.110075 0.287532
v 0.056128 -1.110075 0.322532
v 0.127128 -1.110075 0.344032
v 0.201028 -1.110075 0.351332
v 0.274928 -1.110075 0.344032
v 0.345928 -1.110075 0.322532
v 0.411428 -1.110075 0.287532
v 0.468828 -1.110075 0.240432
v 0.515928 -1.110075 0.183032
v 0.550928 -1.110075 0.117632
v 0.572428 -1.110075 0.046532
v 0.579728 -1.110075 -0.027268
v 0.572428 -1.110075 -0.101168
v 0.550928 -1.110075 -0.172168
v 0.515928 -1.110075 -0.237668
v 0.468828 -1.110075 -0.295068
v 0.411428 -1.110075 -0.342168
v 0.345928 -1.110075 -0.377168
v 0.274928 -1.110075 -0.398668
v 0.201028 -1.110075 -0.405968
vn -0.0000 -1.0000 -0.0000
vn 0.6343 -0.0000 0.7731
vn 0.8308 -0.5506 -0.0817
vn 0.8308 -0.5506 -0.0815
vn -0.7989 -0.5505 -0.2423
vn 0.7989 -0.5505 -0.2422
vn 0.7989 -0.5505 -0.2423
vn -0.8307 -0.5507 -0.0819
vn 0.7363 -0.5504 -0.3936
vn 0.7362 -0.5506 -0.3935
vn -0.8305 -0.5509 0.0820
vn -0.8308 -0.5505 0.0818
vn 0.6453 -0.5505 -0.5296
vn -0.7989 -0.5505 0.2423
vn 0.5296 -0.5505 -0.6453
vn 0.5297 -0.5506 -0.6452
vn -0.7362 -0.5506 0.3935
vn -0.7362 -0.5507 0.3935
vn 0.3938 -0.5508 -0.7359
vn 0.3935 -0.5505 -0.7362
vn 0.0820 -0.5510 0.8305
vn 0.0818 -0.5505 0.8308
vn -0.6453 -0.5505 0.5296
vn 0.2423 -0.5505 -0.7989
vn 0.2428 -0.5506 -0.7987
vn 0.2423 -0.5505 0.7989
vn -0.5296 -0.5505 0.6453
vn -0.5295 -0.5507 0.6453
vn 0.0820 -0.5510 -0.8305
vn 0.0818 -0.5505 -0.8308
vn 0.3935 -0.5506 0.7362
vn 0.3935 -0.5504 0.7363
vn -0.3935 -0.5506 0.7362
vn -0.3935 -0.5507 0.7362
vn -0.0818 -0.5505 -0.8308
vn 0.5296 -0.5506 0.6453
vn 0.5295 -0.5507 0.6453
vn -0.2422 -0.5506 0.7989
vn -0.2423 -0.5505 0.7989
vn -0.2423 -0.5505 -0.7989
vn 0.6454 -0.5505 0.5296
vn 0.6453 -0.5505 0.5296
vn -0.0818 -0.5505 0.8308
vn -0.3935 -0.5503 -0.7364
vn -0.3936 -0.5505 -0.7363
vn 0.7364 -0.5503 0.3935
vn 0.7363 -0.5505 0.3936
vn -0.5296 -0.5505 -0.6453
vn -0.5299 -0.5504 -0.6452
vn 0.7989 -0.5505 0.2423
vn 0.7990 -0.5503 0.2425
vn -0.6454 -0.5503 -0.5297
vn -0.6455 -0.5503 -0.5296
vn 0.8308 -0.5505 0.0818
vn 0.8308 -0.5505 0.0817
vn -0.7362 -0.5506 -0.3935
vn -0.7362 -0.5507 -0.3933
vn -0.0000 1.0000 -0.0000
vn -0.2898 -0.0000 0.9571
vn -0.2898 -0.0000 -0.9571
vn 0.7731 -0.0000 0.6343
vn -0.0983 -0.0000 0.9952
vn -0.4713 -0.0000 -0.8820
vn 0.8820 -0.0000 0.4713
vn -0.6343 -0.0000 -0.7731
vn 0.9569 -0.0000 0.2903
vn 0.9569 -0.0000 0.2904
vn -0.7731 -0.0000 -0.6343
vn 0.9952 -0.0000 0.0979
vn 0.9952 -0.0000 0.0980
vn -0.8817 -0.0000 -0.4718
vn 0.9952 -0.0000 -0.0979
vn 0.9952 -0.0000 -0.0978
vn -0.9569 -0.0000 -0.2903
vn 0.9569 -0.0000 -0.2904
vn 0.9568 -0.0000 -0.2907
vn -0.9952 -0.0000 -0.0980
vn 0.8817 -0.0000 -0.4718
vn 0.8819 -0.0000 -0.4714
vn -0.9952 -0.0000 0.0980
vn 0.7731 -0.0000 -0.6343
vn -0.9569 -0.0000 0.2903
vn -0.9571 -0.0000 0.2898
vn 0.6343 -0.0000 -0.7731
vn -0.8820 -0.0000 0.4713
vn 0.4718 -0.0000 -0.8817
vn 0.4714 -0.0000 -0.8819
vn 0.0983 -0.0000 0.9952
vn -0.7731 -0.0000 0.6343
vn 0.2903 -0.0000 -0.9569
vn 0.2903 -0.0000 0.9569
vn -0.6343 -0.0000 0.7731
vn 0.0983 -0.0000 -0.9952
vn 0.4718 -0.0000 0.8817
vn 0.4714 -0.0000 0.8819
vn -0.4713 -0.0000 0.8820
vn -0.0983 -0.0000 -0.9952
vt 0.000000 0.000000
s 0
usemtl Goddard_None
f 3073/5/3232 3074/5/3232 3075/5/3232
f 3075/5/3232 3076/5/3232 3077/5/3232
f 3073/5/3232 3075/5/3232 3077/5/3232
f 3077/5/3232 3078/5/3232 3079/5/3232
f 3079/5/3232 3080/5/3232 3081/5/3232
f 3077/5/3232 3079/5/3232 3081/5/3232
f 3073/5/3232 3077/5/3232 3081/5/3232
f 3081/5/3232 3082/5/3232 3083/5/3232
f 3083/5/3232 3084/5/3232 3085/5/3232
f 3081/5/3232 3083/5/3232 3085/5/3232
f 3085/5/3232 3086/5/3232 3087/5/3232
f 3087/5/3232 3088/5/3232 3089/5/3232
f 3085/5/3232 3087/5/3232 3089/5/3232
f 3081/5/3232 3085/5/3232 3089/5/3232
f 3089/5/3232 3090/5/3232 3091/5/3232
f 3091/5/3232 3092/5/3232 3093/5/3232
f 3089/5/3232 3091/5/3232 3093/5/3232
f 3093/5/3232 3094/5/3232 3095/5/3232
f 3095/5/3232 3096/5/3232 3097/5/3232
f 3093/5/3232 3095/5/3232 3097/5/3232
f 3089/5/3232 3093/5/3232 3097/5/3232
f 3081/5/3232 3089/5/3232 3097/5/3232
f 3073/5/3232 3081/5/3232 3097/5/3232
f 3098/5/3232 3099/5/3232 3100/5/3232
f 3097/5/3232 3098/5/3232 3100/5/3232
f 3097/5/3232 3100/5/3232 3101/5/3232
f 3073/5/3232 3097/5/3232 3101/5/3232
f 3102/5/3232 3073/5/3232 3101/5/3232
f 3102/5/3232 3101/5/3232 3103/5/3232
f 3102/5/3232 3103/5/3232 3104/5/3232
f 3105/5/3233 3106/5/3233 3107/5/3233
f 3107/5/3233 3108/5/3233 3105/5/3233
f 3109/5/3234 3097/5/3234 3096/5/3234
f 3096/5/3235 3110/5/3235 3109/5/3235
f 3082/5/3236 3111/5/3236 3112/5/3236
f 3112/5/3236 3083/5/3236 3082/5/3236
f 3096/5/3237 3095/5/3237 3113/5/3237
f 3113/5/3238 3110/5/3238 3096/5/3238
f 3081/5/3239 3114/5/3239 3111/5/3239
f 3111/5/3239 3082/5/3239 3081/5/3239
f 3094/5/3240 3115/5/3240 3113/5/3240
f 3113/5/3241 3095/5/3241 3094/5/3241
f 3080/5/3242 3116/5/3242 3114/5/3242
f 3114/5/3243 3081/5/3243 3080/5/3243
f 3093/5/3244 3117/5/3244 3115/5/3244
f 3115/5/3244 3094/5/3244 3093/5/3244
f 3079/5/3245 3118/5/3245 3116/5/3245
f 3116/5/3245 3080/5/3245 3079/5/3245
f 3092/5/3246 3119/5/3246 3117/5/3246
f 3117/5/3247 3093/5/3247 3092/5/3247
f 3078/5/3248 3120/5/3248 3118/5/3248
f 3118/5/3249 3079/5/3249 3078/5/3249
f 3091/5/3250 3121/5/3250 3119/5/3250
f 3119/5/3251 3092/5/3251 3091/5/3251
f 3122/5/3252 3073/5/3252 3102/5/3252
f 3102/5/3253 3123/5/3253 3122/5/3253
f 3077/5/3254 3124/5/3254 3120/5/3254
f 3120/5/3254 3078/5/3254 3077/5/3254
f 3090/5/3255 3125/5/3255 3121/5/3255
f 3121/5/3256 3091/5/3256 3090/5/3256
f 3123/5/3257 3102/5/3257 3104/5/3257
f 3104/5/3257 3126/5/3257 3123/5/3257
f 3076/5/3258 3127/5/3258 3124/5/3258
f 3124/5/3259 3077/5/3259 3076/5/3259
f 3089/5/3260 3128/5/3260 3125/5/3260
f 3125/5/3261 3090/5/3261 3089/5/3261
f 3126/5/3262 3104/5/3262 3103/5/3262
f 3103/5/3263 3108/5/3263 3126/5/3263
f 3075/5/3264 3129/5/3264 3127/5/3264
f 3127/5/3265 3076/5/3265 3075/5/3265
f 3088/5/3266 3130/5/3266 3128/5/3266
f 3128/5/3266 3089/5/3266 3088/5/3266
f 3103/5/3267 3101/5/3267 3105/5/3267
f 3105/5/3268 3108/5/3268 3103/5/3268
f 3074/5/3269 3131/5/3269 3129/5/3269
f 3129/5/3270 3075/5/3270 3074/5/3270
f 3087/5/3271 3132/5/3271 3130/5/3271
f 3130/5/3271 3088/5/3271 3087/5/3271
f 3100/5/3272 3133/5/3272 3105/5/3272
f 3105/5/3273 3101/5/3273 3100/5/3273
f 3074/5/3274 3073/5/3274 3122/5/3274
f 3122/5/3274 3131/5/3274 3074/5/3274
f 3086/5/3275 3134/5/3275 3132/5/3275
f 3132/5/3276 3087/5/3276 3086/5/3276
f 3135/5/3277 3133/5/3277 3100/5/3277
f 3100/5/3278 3099/5/3278 3135/5/3278
f 3085/5/3279 3136/5/3279 3134/5/3279
f 3134/5/3280 3086/5/3280 3085/5/3280
f 3098/5/3281 3137/5/3281 3135/5/3281
f 3135/5/3282 3099/5/3282 3098/5/3282
f 3084/5/3283 3138/5/3283 3136/5/3283
f 3136/5/3284 3085/5/3284 3084/5/3284
f 3109/5/3285 3137/5/3285 3098/5/3285
f 3098/5/3286 3097/5/3286 3109/5/3286
f 3083/5/3287 3112/5/3287 3138/5/3287
f 3138/5/3288 3084/5/3288 3083/5/3288
f 3139/5/3289 3140/5/3289 3107/5/3289
f 3107/5/3289 3106/5/3289 3141/5/3289
f 3139/5/3289 3107/5/3289 3141/5/3289
f 3141/5/3289 3142/5/3289 3143/5/3289
f 3141/5/3289 3143/5/3289 3144/5/3289
f 3139/5/3289 3141/5/3289 3144/5/3289
f 3139/5/3289 3144/5/3289 3145/5/3289
f 3145/5/3289 3146/5/3289 3147/5/3289
f 3147/5/3289 3148/5/3289 3149/5/3289
f 3145/5/3289 3147/5/3289 3149/5/3289
f 3149/5/3289 3150/5/3289 3151/5/3289
f 3151/5/3289 3152/5/3289 3153/5/3289
f 3149/5/3289 3151/5/3289 3153/5/3289
f 3145/5/3289 3149/5/3289 3153/5/3289
f 3153/5/3289 3154/5/3289 3155/5/3289
f 3155/5/3289 3156/5/3289 3157/5/3289
f 3153/5/3289 3155/5/3289 3157/5/3289
f 3157/5/3289 3158/5/3289 3159/5/3289
f 3159/5/3289 3160/5/3289 3161/5/3289
f 3157/5/3289 3159/5/3289 3161/5/3289
f 3153/5/3289 3157/5/3289 3161/5/3289
f 3145/5/3289 3153/5/3289 3161/5/3289
f 3161/5/3289 3162/5/3289 3163/5/3289
f 3163/5/3289 3164/5/3289 3165/5/3289
f 3161/5/3289 3163/5/3289 3165/5/3289
f 3165/5/3289 3166/5/3289 3167/5/3289
f 3165/5/3289 3167/5/3289 3168/5/3289
f 3161/5/3289 3165/5/3289 3168/5/3289
f 3145/5/3289 3161/5/3289 3168/5/3289
f 3139/5/3289 3145/5/3289 3168/5/3289
f 3131/5/3290 3167/5/3290 3166/5/3290
f 3166/5/3290 3129/5/3290 3131/5/3290
f 3132/5/3291 3154/5/3291 3153/5/3291
f 3153/5/3291 3130/5/3291 3132/5/3291
f 3133/5/3292 3141/5/3292 3106/5/3292
f 3106/5/3292 3105/5/3292 3133/5/3292
f 3131/5/3293 3122/5/3293 3168/5/3293
f 3168/5/3293 3167/5/3293 3131/5/3293
f 3134/5/3294 3155/5/3294 3154/5/3294
f 3154/5/3294 3132/5/3294 3134/5/3294
f 3135/5/3295 3142/5/3295 3141/5/3295
f 3141/5/3295 3133/5/3295 3135/5/3295
f 3136/5/3296 3156/5/3296 3155/5/3296
f 3155/5/3296 3134/5/3296 3136/5/3296
f 3137/5/3297 3143/5/3297 3142/5/3297
f 3142/5/3298 3135/5/3298 3137/5/3298
f 3138/5/3299 3157/5/3299 3156/5/3299
f 3156/5/3299 3136/5/3299 3138/5/3299
f 3109/5/3300 3144/5/3300 3143/5/3300
f 3143/5/3301 3137/5/3301 3109/5/3301
f 3112/5/3302 3158/5/3302 3157/5/3302
f 3157/5/3302 3138/5/3302 3112/5/3302
f 3110/5/3303 3145/5/3303 3144/5/3303
f 3144/5/3304 3109/5/3304 3110/5/3304
f 3111/5/3305 3159/5/3305 3158/5/3305
f 3158/5/3305 3112/5/3305 3111/5/3305
f 3113/5/3306 3146/5/3306 3145/5/3306
f 3145/5/3307 3110/5/3307 3113/5/3307
f 3114/5/3308 3160/5/3308 3159/5/3308
f 3159/5/3308 3111/5/3308 3114/5/3308
f 3115/5/3309 3147/5/3309 3146/5/3309
f 3146/5/3310 3113/5/3310 3115/5/3310
f 3116/5/3311 3161/5/3311 3160/5/3311
f 3160/5/3311 3114/5/3311 3116/5/3311
f 3117/5/3312 3148/5/3312 3147/5/3312
f 3147/5/3312 3115/5/3312 3117/5/3312
f 3118/5/3313 3162/5/3313 3161/5/3313
f 3161/5/3314 3116/5/3314 3118/5/3314
f 3119/5/3315 3149/5/3315 3148/5/3315
f 3148/5/3315 3117/5/3315 3119/5/3315
f 3120/5/3316 3163/5/3316 3162/5/3316
f 3162/5/3316 3118/5/3316 3120/5/3316
f 3121/5/3317 3150/5/3317 3149/5/3317
f 3149/5/3318 3119/5/3318 3121/5/3318
f 3123/5/3319 3139/5/3319 3168/5/3319
f 3168/5/3319 3122/5/3319 3123/5/3319
f 3124/5/3320 3164/5/3320 3163/5/3320
f 3163/5/3320 3120/5/3320 3124/5/3320
f 3125/5/3321 3151/5/3321 3150/5/3321
f 3150/5/3321 3121/5/3321 3125/5/3321
f 3126/5/3322 3140/5/3322 3139/5/3322
f 3139/5/3322 3123/5/3322 3126/5/3322
f 3127/5/3323 3165/5/3323 3164/5/3323
f 3164/5/3323 3124/5/3323 3127/5/3323
f 3128/5/3324 3152/5/3324 3151/5/3324
f 3151/5/3324 3125/5/3324 3128/5/3324
f 3108/5/3325 3107/5/3325 3140/5/3325
f 3140/5/3326 3126/5/3326 3108/5/3326
f 3129/5/3327 3166/5/3327 3165/5/3327
f 3165/5/3327 3127/5/3327 3129/5/3327
f 3130/5/3328 3153/5/3328 3152/5/3328
f 3152/5/3328 3128/5/3328 3130/5/3328
o Cilindro_001_Cilindro_006
v 0.649228 -1.335975 -0.285368
v 0.653128 -1.335975 -0.286868
v 0.653128 -1.410375 -0.286868
v 0.649228 -1.410375 -0.285368
v 0.657228 -1.335975 -0.287568
v 0.657228 -1.410375 -0.287568
v 0.661428 -1.335975 -0.287468
v 0.661428 -1.410375 -0.287468
v 0.665528 -1.335975 -0.286468
v 0.665528 -1.410375 -0.286468
v 0.669328 -1.335975 -0.284768
v 0.669328 -1.410375 -0.284768
v 0.672728 -1.410375 -0.282368
v 0.672728 -1.335975 -0.282368
v 0.675628 -1.410375 -0.279268
v 0.675628 -1.335975 -0.279268
v 0.677828 -1.335975 -0.275768
v 0.677828 -1.410375 -0.275768
v 0.679328 -1.410375 -0.271868
v 0.679328 -1.335975 -0.271868
v 0.680028 -1.410375 -0.267768
v 0.680028 -1.335975 -0.267768
v 0.679828 -1.410375 -0.263568
v 0.679828 -1.335975 -0.263568
v 0.678928 -1.335975 -0.259468
v 0.678928 -1.410375 -0.259468
v 0.677228 -1.410375 -0.255668
v 0.677228 -1.335975 -0.255668
v 0.674728 -1.410375 -0.252268
v 0.674728 -1.335975 -0.252268
v 0.671728 -1.410375 -0.249368
v 0.671728 -1.335975 -0.249368
v 0.668228 -1.410375 -0.247168
v 0.668228 -1.335975 -0.247168
v 0.664228 -1.410375 -0.245668
v 0.664228 -1.335975 -0.245668
v 0.660128 -1.410375 -0.244968
v 0.660128 -1.335975 -0.244968
v 0.655928 -1.410375 -0.245068
v 0.655928 -1.335975 -0.245068
v 0.651928 -1.335975 -0.246068
v 0.651928 -1.410375 -0.246068
v 0.648028 -1.335975 -0.247768
v 0.648028 -1.410375 -0.247768
v 0.644628 -1.410375 -0.250168
v 0.644628 -1.335975 -0.250168
v 0.641828 -1.410375 -0.253268
v 0.641828 -1.335975 -0.253268
v 0.639528 -1.335975 -0.256768
v 0.639528 -1.410375 -0.256768
v 0.638128 -1.335975 -0.260668
v 0.638128 -1.410375 -0.260668
v 0.637428 -1.410375 -0.264768
v 0.637428 -1.335975 -0.264768
v 0.637528 -1.335975 -0.268968
v 0.637528 -1.410375 -0.268968
v 0.638428 -1.410375 -0.273068
v 0.638428 -1.335975 -0.273068
v 0.640128 -1.410375 -0.276868
v 0.640128 -1.335975 -0.276868
v 0.642628 -1.335975 -0.280268
v 0.642628 -1.410375 -0.280268
v 0.669228 -1.317575 -0.271568
v 0.670328 -1.317775 -0.268868
v 0.645628 -1.335975 -0.283168
v 0.645628 -1.410375 -0.283168
v 0.659128 -1.321575 -0.280168
v 0.644728 -1.310775 -0.273068
v 0.644728 -1.308775 -0.271068
v 0.661528 -1.320275 -0.279368
v 0.660728 -1.329975 -0.252068
v 0.663028 -1.328275 -0.252268
v 0.646228 -1.333975 -0.269268
v 0.646428 -1.334775 -0.266468
v 0.663828 -1.319075 -0.277968
v 0.668828 -1.323075 -0.256068
v 0.670028 -1.321575 -0.258168
v 0.649628 -1.335275 -0.258568
v 0.651428 -1.334775 -0.256368
v 0.652128 -1.326475 -0.279568
v 0.654328 -1.324775 -0.280268
v 0.650128 -1.328275 -0.278268
v 0.670928 -1.318275 -0.266068
v 0.658328 -1.331475 -0.252368
v 0.646528 -1.332775 -0.271968
v 0.665928 -1.318275 -0.276168
v 0.667228 -1.324775 -0.254268
v 0.648128 -1.335475 -0.261068
v 0.656628 -1.323075 -0.280568
v 0.671128 -1.319075 -0.263268
v 0.655828 -1.332775 -0.253168
v 0.647328 -1.331475 -0.274368
v 0.667828 -1.317775 -0.273968
v 0.665228 -1.326475 -0.253068
v 0.647028 -1.335275 -0.263668
v 0.670828 -1.320275 -0.260668
v 0.653528 -1.333975 -0.254568
v 0.648528 -1.329975 -0.276468
v 0.645628 -1.315675 -0.275968
v 0.646528 -1.318375 -0.276768
v 0.647728 -1.320975 -0.277068
v 0.649128 -1.323475 -0.276768
v 0.650628 -1.325875 -0.275968
v 0.652228 -1.327875 -0.274768
v 0.653928 -1.329575 -0.273068
v 0.655528 -1.330875 -0.271068
v 0.657128 -1.331575 -0.268668
v 0.658428 -1.331875 -0.266168
v 0.659628 -1.331575 -0.263568
v 0.660628 -1.330875 -0.260868
v 0.661228 -1.329575 -0.258368
v 0.661528 -1.327875 -0.256068
v 0.661628 -1.325875 -0.253968
v 0.661228 -1.323475 -0.252268
v 0.660628 -1.320975 -0.251068
v 0.659728 -1.318375 -0.250268
v 0.658528 -1.315675 -0.249968
v 0.657228 -1.313175 -0.250268
v 0.655628 -1.310775 -0.251068
v 0.654028 -1.308775 -0.252268
v 0.652428 -1.307075 -0.253968
v 0.650728 -1.305775 -0.255968
v 0.649228 -1.305075 -0.258368
v 0.647828 -1.304775 -0.260868
v 0.646628 -1.305075 -0.263568
v 0.645728 -1.305775 -0.266168
v 0.645128 -1.307075 -0.268668
v 0.645028 -1.313175 -0.274768
v 0.690528 -1.335975 0.172732
v 0.690528 -1.410375 0.172732
v 0.687628 -1.410375 0.169732
v 0.687628 -1.335975 0.169732
v 0.692828 -1.410375 0.176232
v 0.692828 -1.335975 0.176232
v 0.694328 -1.335975 0.180132
v 0.694328 -1.410375 0.180132
v 0.695128 -1.410375 0.184232
v 0.695128 -1.335975 0.184232
v 0.695028 -1.335975 0.188432
v 0.695028 -1.410375 0.188432
v 0.694228 -1.410375 0.192432
v 0.694228 -1.335975 0.192432
v 0.692528 -1.410375 0.196332
v 0.692528 -1.335975 0.196332
v 0.690228 -1.335975 0.199732
v 0.690228 -1.410375 0.199732
v 0.687228 -1.410375 0.202732
v 0.687228 -1.335975 0.202732
v 0.683728 -1.335975 0.205032
v 0.683728 -1.410375 0.205032
v 0.679828 -1.335975 0.206532
v 0.679828 -1.410375 0.206532
v 0.675728 -1.410375 0.207332
v 0.675728 -1.335975 0.207332
v 0.671528 -1.335975 0.207232
v 0.671528 -1.410375 0.207232
v 0.667428 -1.335975 0.206432
v 0.667428 -1.410375 0.206432
v 0.663628 -1.410375 0.204732
v 0.663628 -1.335975 0.204732
v 0.660128 -1.335975 0.202432
v 0.660128 -1.410375 0.202432
v 0.657228 -1.335975 0.199432
v 0.657228 -1.410375 0.199432
v 0.654928 -1.410375 0.195932
v 0.654928 -1.335975 0.195932
v 0.653328 -1.410375 0.192032
v 0.653328 -1.335975 0.192032
v 0.652628 -1.335975 0.187932
v 0.652628 -1.410375 0.187932
v 0.652628 -1.410375 0.183732
v 0.652628 -1.335975 0.183732
v 0.653528 -1.335975 0.179632
v 0.653528 -1.410375 0.179632
v 0.655128 -1.335975 0.175832
v 0.655128 -1.410375 0.175832
v 0.657528 -1.410375 0.172332
v 0.657528 -1.335975 0.172332
v 0.660528 -1.410375 0.169432
v 0.660528 -1.335975 0.169432
v 0.664028 -1.335975 0.167132
v 0.664028 -1.410375 0.167132
v 0.667928 -1.410375 0.165532
v 0.667928 -1.335975 0.165532
v 0.672028 -1.335975 0.164832
v 0.672028 -1.410375 0.164832
v 0.676228 -1.335975 0.164832
v 0.676228 -1.410375 0.164832
v 0.680228 -1.410375 0.165732
v 0.680228 -1.335975 0.165732
v 0.680828 -1.317775 0.195732
v 0.682928 -1.317575 0.193632
v 0.684128 -1.335975 0.167332
v 0.684128 -1.410375 0.167332
v 0.687028 -1.320275 0.183432
v 0.686828 -1.321575 0.180832
v 0.674528 -1.310775 0.170532
v 0.672628 -1.308775 0.171332
v 0.661628 -1.329975 0.193632
v 0.662728 -1.328275 0.195732
v 0.671628 -1.333975 0.173432
v 0.669128 -1.334775 0.174732
v 0.686628 -1.319075 0.186032
v 0.671028 -1.321575 0.199732
v 0.668528 -1.323075 0.199432
v 0.661828 -1.334775 0.183332
v 0.663128 -1.335275 0.180832
v 0.683328 -1.326475 0.174732
v 0.684928 -1.324775 0.176432
v 0.681428 -1.328275 0.173432
v 0.678628 -1.318275 0.197432
v 0.660928 -1.331475 0.191232
v 0.674228 -1.332775 0.172632
v 0.685828 -1.318275 0.188732
v 0.666328 -1.324775 0.198632
v 0.664828 -1.335475 0.178432
v 0.686128 -1.323075 0.178532
v 0.676128 -1.319075 0.198632
v 0.660728 -1.332775 0.188732
v 0.676728 -1.331475 0.172432
v 0.684628 -1.317775 0.191332
v 0.664328 -1.326475 0.197432
v 0.666828 -1.335275 0.176432
v 0.673528 -1.320275 0.199432
v 0.661028 -1.333975 0.186032
v 0.679228 -1.329975 0.172732
v 0.679328 -1.320975 0.171732
v 0.679628 -1.323475 0.173032
v 0.679528 -1.325875 0.174832
v 0.679028 -1.327875 0.176732
v 0.678228 -1.329575 0.178932
v 0.676928 -1.330875 0.181232
v 0.675428 -1.331575 0.183632
v 0.673628 -1.331875 0.185932
v 0.671728 -1.331575 0.188032
v 0.669728 -1.330875 0.189932
v 0.667628 -1.329575 0.191532
v 0.665628 -1.327875 0.192832
v 0.663728 -1.325875 0.193632
v 0.662128 -1.323475 0.194032
v 0.660728 -1.320975 0.193932
v 0.659628 -1.318375 0.193432
v 0.658928 -1.315675 0.192432
v 0.658628 -1.313175 0.191132
v 0.658728 -1.310775 0.189432
v 0.659228 -1.308775 0.187432
v 0.660028 -1.307075 0.185232
v 0.661328 -1.305775 0.182932
v 0.662828 -1.305075 0.180532
v 0.664628 -1.304775 0.178232
v 0.666528 -1.305075 0.176132
v 0.668528 -1.305775 0.174232
v 0.670628 -1.307075 0.172632
v 0.676128 -1.313175 0.170132
v 0.678628 -1.318375 0.170732
v 0.677528 -1.315675 0.170232
v 0.722128 -1.335975 -0.065568
v 0.722128 -1.410375 -0.065568
v 0.717928 -1.410375 -0.065768
v 0.717928 -1.335975 -0.065768
v 0.726228 -1.410375 -0.064468
v 0.726228 -1.335975 -0.064468
v 0.729928 -1.335975 -0.062668
v 0.729928 -1.410375 -0.062668
v 0.733328 -1.335975 -0.060068
v 0.733328 -1.410375 -0.060068
v 0.736028 -1.410375 -0.056968
v 0.736028 -1.335975 -0.056968
v 0.738128 -1.335975 -0.053368
v 0.738128 -1.410375 -0.053368
v 0.739528 -1.335975 -0.049368
v 0.739528 -1.410375 -0.049368
v 0.740128 -1.410375 -0.045268
v 0.740128 -1.335975 -0.045268
v 0.739828 -1.335975 -0.041068
v 0.739828 -1.410375 -0.041068
v 0.738828 -1.335975 -0.037068
v 0.738828 -1.410375 -0.037068
v 0.736928 -1.410375 -0.033268
v 0.736928 -1.335975 -0.033268
v 0.734428 -1.335975 -0.029968
v 0.734428 -1.410375 -0.029968
v 0.731328 -1.335975 -0.027168
v 0.731328 -1.410375 -0.027168
v 0.727728 -1.410375 -0.025068
v 0.727728 -1.335975 -0.025068
v 0.723728 -1.410375 -0.023668
v 0.723728 -1.335975 -0.023668
v 0.719628 -1.335975 -0.023168
v 0.719628 -1.410375 -0.023168
v 0.715428 -1.410375 -0.023368
v 0.715428 -1.335975 -0.023368
v 0.711328 -1.410375 -0.024468
v 0.711328 -1.335975 -0.024468
v 0.707628 -1.335975 -0.026268
v 0.707628 -1.410375 -0.026268
v 0.704228 -1.410375 -0.028768
v 0.704228 -1.335975 -0.028768
v 0.701528 -1.335975 -0.031968
v 0.701528 -1.410375 -0.031968
v 0.699428 -1.335975 -0.035568
v 0.699428 -1.410375 -0.035568
v 0.698028 -1.410375 -0.039468
v 0.698028 -1.335975 -0.039468
v 0.697428 -1.410375 -0.043668
v 0.697428 -1.335975 -0.043668
v 0.697728 -1.335975 -0.047868
v 0.697728 -1.410375 -0.047868
v 0.698728 -1.410375 -0.051868
v 0.698728 -1.335975 -0.051868
v 0.700628 -1.335975 -0.055668
v 0.700628 -1.410375 -0.055668
v 0.703128 -1.335975 -0.058968
v 0.703128 -1.410375 -0.058968
v 0.706228 -1.410375 -0.061768
v 0.706228 -1.335975 -0.061768
v 0.709828 -1.335975 -0.063868
v 0.709828 -1.410375 -0.063868
v 0.730628 -1.317575 -0.044868
v 0.730428 -1.317775 -0.041968
v 0.713828 -1.335975 -0.065168
v 0.713828 -1.410375 -0.065168
v 0.724828 -1.321575 -0.056968
v 0.708828 -1.310775 -0.056368
v 0.708028 -1.308775 -0.054468
v 0.726728 -1.320275 -0.055268
v 0.714828 -1.329975 -0.030668
v 0.717028 -1.328275 -0.029868
v 0.708628 -1.333975 -0.052268
v 0.707628 -1.334775 -0.049668
v 0.728328 -1.319075 -0.053068
v 0.725828 -1.321575 -0.032368
v 0.723828 -1.323075 -0.030968
v 0.708128 -1.334775 -0.038368
v 0.707328 -1.335275 -0.041168
v 0.720528 -1.324775 -0.059068
v 0.718228 -1.326475 -0.059268
v 0.715928 -1.328275 -0.058868
v 0.729928 -1.318275 -0.039168
v 0.712728 -1.331475 -0.031868
v 0.710028 -1.332775 -0.054568
v 0.729428 -1.318275 -0.050568
v 0.721628 -1.324775 -0.030068
v 0.707028 -1.335475 -0.043968
v 0.722828 -1.323075 -0.058268
v 0.728928 -1.319075 -0.036568
v 0.710828 -1.332775 -0.033668
v 0.711728 -1.331475 -0.056468
v 0.730228 -1.317775 -0.047768
v 0.719328 -1.326475 -0.029668
v 0.707128 -1.335275 -0.046868
v 0.727528 -1.320275 -0.034268
v 0.709328 -1.333975 -0.035868
v 0.713728 -1.329975 -0.057968
v 0.710928 -1.315675 -0.058668
v 0.712028 -1.318375 -0.058968
v 0.713228 -1.320975 -0.058768
v 0.714328 -1.323475 -0.057968
v 0.715428 -1.325875 -0.056668
v 0.716428 -1.327875 -0.054868
v 0.717228 -1.329575 -0.052568
v 0.717928 -1.330875 -0.050068
v 0.718328 -1.331575 -0.047368
v 0.718528 -1.331875 -0.044468
v 0.718528 -1.331575 -0.041568
v 0.718328 -1.330875 -0.038768
v 0.717828 -1.329575 -0.036168
v 0.717228 -1.327875 -0.033968
v 0.716328 -1.325875 -0.032068
v 0.715428 -1.323475 -0.030668
v 0.714328 -1.320975 -0.029768
v 0.713128 -1.318375 -0.029468
v 0.712028 -1.315675 -0.029668
v 0.710828 -1.313175 -0.030468
v 0.709828 -1.310775 -0.031768
v 0.708828 -1.308775 -0.033568
v 0.708028 -1.307075 -0.035868
v 0.707328 -1.305775 -0.038368
v 0.706928 -1.305075 -0.041068
v 0.706628 -1.304775 -0.043968
v 0.706728 -1.305075 -0.046868
v 0.706928 -1.305775 -0.049668
v 0.707328 -1.307075 -0.052268
v 0.709828 -1.313175 -0.057768
vn -0.3549 -0.0000 -0.9349
vn -0.3550 -0.0000 -0.9349
vn -0.1657 -0.0000 -0.9862
vn 0.0299 -0.0000 -0.9996
vn 0.2243 -0.0000 -0.9745
vn 0.4101 -0.0000 -0.9121
vn 0.5802 -0.0000 -0.8145
vn 0.7279 -0.0000 -0.6857
vn 0.8477 -0.0000 -0.5305
vn 0.9349 -0.0000 -0.3549
vn 0.9862 -0.0000 -0.1657
vn 0.9996 -0.0000 0.0299
vn 0.9745 -0.0000 0.2243
vn 0.9120 -0.0000 0.4101
vn 0.8145 -0.0000 0.5802
vn 0.6857 -0.0000 0.7279
vn 0.5305 -0.0000 0.8477
vn 0.3549 -0.0000 0.9349
vn 0.1657 -0.0000 0.9862
vn -0.0299 -0.0000 0.9996
vn -0.2243 -0.0000 0.9745
vn -0.4101 -0.0000 0.9120
vn -0.5802 -0.0000 0.8145
vn -0.7279 -0.0000 0.6857
vn -0.8477 -0.0000 0.5305
vn -0.9349 -0.0000 0.3549
vn -0.9862 -0.0000 0.1657
vn -0.9996 -0.0000 -0.0299
vn -0.9745 -0.0000 -0.2243
vn -0.9120 -0.0000 -0.4101
vn -0.9121 -0.0000 -0.4101
vn -0.8145 -0.0000 -0.5802
vn 0.8312 0.4606 -0.3113
vn -0.6857 -0.0000 -0.7279
vn -0.5305 -0.0000 -0.8477
vn -0.0000 -1.0000 -0.0003
vn -0.0000 -1.0000 0.0002
vn -0.0000 -1.0000 0.0003
vn -0.0000 -1.0000 0.0001
vn -0.0000 -1.0000 -0.0000
vn -0.0000 -1.0000 -0.0001
vn 0.0579 0.6232 -0.7799
vn -0.0799 0.7021 0.7076
vn -0.1629 0.9797 0.1167
vn -0.1629 0.9797 0.1168
vn 0.3330 0.4517 -0.8277
vn 0.6771 0.4608 0.5738
vn -0.1180 0.9930 0.0100
vn -0.4226 0.5300 -0.7352
vn -0.4226 0.5300 -0.7351
vn -0.5558 0.6037 -0.5715
vn -0.5559 0.6036 -0.5715
vn -0.5559 0.6037 -0.5715
vn 0.8784 0.4584 -0.1349
vn -0.2241 0.8075 0.5456
vn -0.2242 0.8075 0.5456
vn -0.2940 0.9504 0.1013
vn -0.2940 0.9504 0.1014
vn 0.4980 0.4548 -0.7383
vn 0.5216 0.4843 0.7025
vn 0.5215 0.4843 0.7025
vn -0.0647 0.9978 0.0115
vn -0.2446 0.4843 -0.8400
vn 0.8892 0.4548 0.0493
vn 0.8892 0.4548 0.0494
vn -0.2814 0.8945 0.3473
vn -0.2814 0.8946 0.3473
vn -0.4467 0.8946 0.0144
vn -0.4467 0.8946 0.0145
vn 0.6383 0.4584 -0.6184
vn 0.3304 0.5300 0.7810
vn -0.0482 0.9978 0.0446
vn -0.0482 0.4608 -0.8862
vn 0.8607 0.4517 0.2348
vn -0.2584 0.9504 0.1730
vn -0.5702 0.8075 -0.1511
vn 0.7503 0.4606 -0.4743
vn 0.7503 0.4606 -0.4742
vn 0.1195 0.6037 0.7882
vn -0.0792 0.9930 0.0880
vn 0.1484 0.4521 -0.8795
vn 0.1484 0.4520 -0.8796
vn 0.7905 0.4521 0.4132
vn -0.1914 0.9797 0.0593
vn -0.1914 0.9797 0.0592
vn -0.6121 0.7021 -0.3638
vn -0.8203 -0.4014 0.4075
vn -0.8202 -0.4015 0.4075
vn -0.8203 -0.4014 0.4074
vn -0.8203 -0.4013 0.4075
vn -0.8205 -0.4012 0.4073
vn -0.8203 -0.4015 0.4074
vn -0.8203 -0.4015 0.4073
vn -0.8202 -0.4014 0.4076
vn -0.8202 -0.4014 0.4075
vn -0.8203 -0.4012 0.4075
vn -0.8203 -0.4014 0.4073
vn -0.8204 -0.4011 0.4076
vn -0.8201 -0.4018 0.4074
vn -0.8204 -0.4012 0.4074
vn -0.9366 -0.1056 -0.3340
vn -0.9366 -0.1056 -0.3341
vn -0.2997 -0.1056 0.9482
vn -0.2997 -0.1055 0.9482
vn -0.2996 -0.1056 0.9482
vn 0.1544 0.7314 -0.6643
vn 0.1544 0.7313 -0.6643
vn -0.5749 -0.0880 -0.8135
vn -0.5748 -0.0879 -0.8136
vn -0.5747 -0.0879 -0.8136
vn -0.5748 -0.0878 -0.8136
vn -0.8931 0.3342 0.3011
vn -0.8931 0.3341 0.3011
vn 0.2405 0.8073 -0.5390
vn 0.2405 0.8072 -0.5390
vn -0.7744 0.6269 -0.0858
vn -0.7744 0.6269 -0.0856
vn 0.3184 0.8550 -0.4094
vn 0.3184 0.8550 -0.4093
vn -0.6107 0.7775 -0.1501
vn 0.3901 0.8780 -0.2773
vn -0.4802 0.8702 -0.1105
vn -0.4802 0.8702 -0.1106
vn 0.4567 0.8780 -0.1432
vn -0.3773 0.9257 -0.0287
vn -0.3773 0.9256 -0.0286
vn 0.5186 0.8550 -0.0064
vn -0.2975 0.9518 0.0749
vn -0.2976 0.9518 0.0748
vn 0.5748 0.8072 0.1341
vn 0.5748 0.8072 0.1340
vn -0.2395 0.9518 0.1918
vn -0.2395 0.9517 0.1919
vn 0.6226 0.7314 0.2783
vn 0.6226 0.7314 0.2784
vn -0.2052 0.9256 0.3180
vn -0.2052 0.9256 0.3179
vn 0.6565 0.6232 0.4250
vn 0.6564 0.6232 0.4251
vn -0.2020 0.8702 0.4494
vn -0.2020 0.8702 0.4493
vn 0.6663 0.4793 0.5711
vn 0.6664 0.4793 0.5711
vn 0.6664 0.4794 0.5711
vn -0.3422 0.0998 -0.9343
vn -0.2494 0.7775 0.5773
vn 0.6362 0.3010 0.7104
vn -0.1816 0.3010 -0.9362
vn -0.3996 0.6269 0.6688
vn -0.3996 0.6269 0.6689
vn 0.5377 0.0998 0.8372
vn -0.0524 0.4794 -0.8760
vn -0.0525 0.4794 -0.8760
vn -0.7796 0.3342 0.5296
vn -0.7796 0.3342 0.5297
vn 0.3010 -0.0878 0.9496
vn 0.7147 -0.0000 -0.6994
vn 0.8375 -0.0000 -0.5464
vn 0.8375 -0.0000 -0.5465
vn 0.9280 -0.0000 -0.3726
vn 0.9829 -0.0000 -0.1844
vn 0.9999 -0.0000 0.0109
vn 0.9786 -0.0000 0.2058
vn 0.9197 -0.0000 0.3927
vn 0.8254 -0.0000 0.5646
vn 0.8253 -0.0000 0.5646
vn 0.6993 -0.0000 0.7148
vn 0.5465 -0.0000 0.8375
vn 0.3726 -0.0000 0.9280
vn 0.1844 -0.0000 0.9829
vn -0.0109 -0.0000 0.9999
vn -0.2058 -0.0000 0.9786
vn -0.3927 -0.0000 0.9197
vn -0.3926 -0.0000 0.9197
vn -0.5646 -0.0000 0.8253
vn -0.7148 -0.0000 0.6993
vn -0.7147 -0.0000 0.6994
vn -0.8375 -0.0000 0.5465
vn -0.9280 -0.0000 0.3726
vn -0.9829 -0.0000 0.1844
vn -0.9999 -0.0000 -0.0109
vn -0.9786 -0.0000 -0.2058
vn -0.9197 -0.0000 -0.3927
vn -0.8253 -0.0000 -0.5647
vn -0.6993 -0.0000 -0.7148
vn -0.5465 -0.0000 -0.8374
vn -0.5464 -0.0000 -0.8375
vn -0.3726 -0.0000 -0.9280
vn -0.1844 -0.0000 -0.9829
vn 0.0109 -0.0000 -0.9999
vn 0.2058 -0.0000 -0.9786
vn 0.6179 0.4606 0.6372
vn 0.3927 -0.0000 -0.9197
vn 0.5645 -0.0000 -0.8255
vn 0.5645 -0.0000 -0.8254
vn -0.0000 -1.0000 -0.0002
vn 0.7379 0.6232 -0.2591
vn 0.7379 0.6232 -0.2590
vn -0.6804 0.7021 0.2099
vn -0.6804 0.7021 0.2098
vn -0.1721 0.9797 -0.1026
vn 0.8918 0.4517 -0.0259
vn 0.8918 0.4517 -0.0260
vn -0.2550 0.4608 0.8501
vn -0.2549 0.4608 0.8501
vn -0.0563 0.9930 -0.1042
vn 0.5046 0.5300 -0.6815
vn 0.3013 0.6037 -0.7381
vn 0.3012 0.6037 -0.7381
vn 0.4751 0.4584 0.7511
vn -0.5897 0.8075 0.0129
vn -0.2106 0.9504 -0.2289
vn -0.2105 0.9504 -0.2289
vn 0.8759 0.4548 0.1610
vn -0.4350 0.4843 0.7591
vn -0.0364 0.9978 -0.0547
vn -0.0364 0.9978 -0.0548
vn 0.6720 0.4843 -0.5603
vn 0.6720 0.4842 -0.5603
vn 0.3106 0.4548 0.8347
vn -0.4308 0.8946 -0.1189
vn -0.4307 0.8946 -0.1190
vn -0.1919 0.8946 -0.4036
vn -0.1918 0.8946 -0.4036
vn 0.8221 0.4584 0.3375
vn 0.8222 0.4584 0.3375
vn -0.5836 0.5300 0.6152
vn -0.5835 0.5300 0.6153
vn -0.0602 0.9978 -0.0263
vn 0.7929 0.4608 -0.3987
vn 0.1293 0.4517 0.8828
vn 0.1292 0.4517 0.8828
vn -0.2619 0.9504 -0.1676
vn -0.2619 0.9504 -0.1675
vn -0.0897 0.8075 -0.5830
vn -0.0898 0.8075 -0.5830
vn 0.7349 0.4606 0.4978
vn 0.7348 0.4606 0.4979
vn -0.6745 0.6037 0.4249
vn -0.6746 0.6037 0.4249
vn -0.1124 0.9930 -0.0374
vn 0.8654 0.4521 -0.2160
vn -0.0624 0.4521 0.8898
vn -0.1309 0.9797 -0.1518
vn -0.1309 0.9797 -0.1517
vn 0.0885 0.7021 -0.7065
vn 0.0886 0.7021 -0.7065
vn -0.7014 -0.4016 -0.5888
vn -0.7018 -0.4013 -0.5886
vn -0.7016 -0.4012 -0.5889
vn -0.7016 -0.4014 -0.5887
vn -0.7016 -0.4015 -0.5887
vn -0.7017 -0.4015 -0.5886
vn -0.7019 -0.4013 -0.5885
vn -0.7015 -0.4015 -0.5888
vn -0.7016 -0.4014 -0.5888
vn -0.7016 -0.4013 -0.5888
vn -0.7017 -0.4014 -0.5887
vn -0.7019 -0.4012 -0.5885
vn -0.7017 -0.4012 -0.5888
vn -0.7017 -0.4014 -0.5886
vn -0.7017 -0.4013 -0.5886
vn -0.0687 -0.1056 -0.9920
vn -0.0688 -0.1056 -0.9920
vn -0.0688 -0.1057 -0.9920
vn -0.9889 -0.1055 0.1047
vn -0.9889 -0.1056 0.1047
vn 0.6706 0.7314 -0.1242
vn 0.5156 -0.0878 -0.8523
vn 0.5157 -0.0878 -0.8523
vn -0.6334 0.3342 -0.6980
vn -0.6333 0.3342 -0.6980
vn -0.6334 0.3341 -0.6980
vn -0.6334 0.3342 -0.6979
vn 0.5903 0.8072 0.0047
vn 0.5902 0.8072 0.0048
vn -0.2313 0.6269 -0.7440
vn 0.5025 0.8550 0.1280
vn 0.5026 0.8550 0.1280
vn -0.1068 0.7775 -0.6197
vn 0.4102 0.8781 0.2465
vn 0.4101 0.8781 0.2465
vn -0.0907 0.8702 -0.4843
vn -0.0908 0.8702 -0.4843
vn -0.0908 0.8701 -0.4844
vn 0.3142 0.8780 0.3612
vn 0.3140 0.8780 0.3612
vn -0.1247 0.9257 -0.3572
vn -0.1247 0.9256 -0.3573
vn 0.2134 0.8550 0.4727
vn 0.2133 0.8550 0.4727
vn -0.1877 0.9518 -0.2427
vn 0.1071 0.8072 0.5804
vn 0.1071 0.8073 0.5804
vn -0.2716 0.9518 -0.1426
vn -0.2715 0.9518 -0.1427
vn -0.0059 0.7314 0.6820
vn -0.0060 0.7314 0.6820
vn -0.0059 0.7313 0.6820
vn -0.3735 0.9256 -0.0608
vn -0.1270 0.6232 0.7717
vn -0.1270 0.6233 0.7716
vn -0.1269 0.6232 0.7717
vn -0.4927 0.8702 -0.0053
vn -0.4927 0.8702 -0.0054
vn -0.2568 0.4794 0.8392
vn -0.2568 0.4793 0.8392
vn -0.2569 0.4793 0.8392
vn 0.7194 0.0997 -0.6874
vn 0.7194 0.0996 -0.6874
vn 0.7195 0.0997 -0.6874
vn 0.7193 0.0998 -0.6875
vn -0.6288 0.7775 0.0024
vn -0.6288 0.7776 0.0024
vn -0.3965 0.3010 0.8673
vn -0.3964 0.3010 0.8673
vn 0.7853 0.3010 -0.5410
vn -0.7728 0.6270 -0.0986
vn -0.7748 0.6239 -0.1022
vn -0.7729 0.6269 -0.0985
vn -0.7729 0.6269 -0.0986
vn -0.5521 0.0998 0.8278
vn -0.5525 0.0998 0.8275
vn -0.5524 0.0998 0.8276
vn 0.7819 0.4794 -0.3986
vn -0.7974 0.3342 -0.5024
vn -0.7974 0.3343 -0.5025
vn -0.7974 0.3342 -0.5025
vn -0.7498 -0.0878 0.6558
vn -0.7502 -0.0880 0.6553
vn -0.7501 -0.0879 0.6555
vn 0.0602 -0.0000 -0.9982
vn 0.2538 -0.0000 -0.9673
vn 0.4375 -0.0000 -0.8992
vn 0.6046 -0.0000 -0.7965
vn 0.6047 -0.0000 -0.7964
vn 0.7484 -0.0000 -0.6633
vn 0.8634 -0.0000 -0.5045
vn 0.9452 -0.0000 -0.3265
vn 0.9452 -0.0000 -0.3264
vn 0.9907 -0.0000 -0.1357
vn 0.9982 -0.0000 0.0602
vn 0.9673 -0.0000 0.2538
vn 0.8992 -0.0000 0.4376
vn 0.7965 -0.0000 0.6046
vn 0.7967 -0.0000 0.6044
vn 0.6633 -0.0000 0.7484
vn 0.5045 -0.0000 0.8634
vn 0.3264 -0.0000 0.9452
vn 0.1357 -0.0000 0.9907
vn 0.1357 -0.0000 0.9908
vn -0.0602 -0.0000 0.9982
vn -0.2538 -0.0000 0.9673
vn -0.4375 -0.0000 0.8992
vn -0.6046 -0.0000 0.7965
vn -0.7484 -0.0000 0.6633
vn -0.8634 -0.0000 0.5044
vn -0.8634 -0.0000 0.5045
vn -0.9452 -0.0000 0.3264
vn -0.9907 -0.0000 0.1357
vn -0.9982 -0.0000 -0.0602
vn -0.9673 -0.0000 -0.2538
vn -0.8992 -0.0000 -0.4376
vn -0.7965 -0.0000 -0.6046
vn -0.7967 -0.0000 -0.6044
vn -0.6633 -0.0000 -0.7484
vn -0.6632 -0.0000 -0.7484
vn -0.5045 -0.0000 -0.8634
vn 0.8857 0.4606 0.0574
vn -0.3264 -0.0000 -0.9452
vn -0.1357 -0.0000 -0.9908
vn -0.1357 -0.0000 -0.9907
vn 0.3731 0.6232 -0.6874
vn 0.3730 0.6232 -0.6874
vn -0.3633 0.7021 0.6124
vn -0.1964 0.9797 0.0395
vn -0.1964 0.9797 0.0396
vn 0.6435 0.4517 -0.6180
vn 0.3818 0.4608 0.8012
vn -0.1117 0.9930 -0.0394
vn -0.0837 0.5300 -0.8438
vn -0.0836 0.5300 -0.8439
vn -0.2721 0.6037 -0.7493
vn -0.2722 0.6037 -0.7493
vn 0.8564 0.4584 0.2376
vn -0.4284 0.8075 0.4055
vn -0.4283 0.8075 0.4055
vn -0.3097 0.9504 -0.0283
vn -0.3097 0.9504 -0.0284
vn 0.7572 0.4548 -0.4688
vn 0.1872 0.4843 0.8547
vn 0.1871 0.4843 0.8547
vn -0.0637 0.9978 -0.0161
vn 0.1219 0.4843 -0.8664
vn 0.7906 0.4548 0.4100
vn -0.3991 0.8946 0.2011
vn -0.4132 0.8946 -0.1703
vn -0.4132 0.8946 -0.1702
vn 0.8359 0.4584 -0.3019
vn -0.0193 0.5300 0.8478
vn -0.0194 0.5300 0.8478
vn -0.0194 0.5299 0.8478
vn -0.0623 0.9978 0.0209
vn 0.3198 0.4608 -0.8279
vn 0.3199 0.4608 -0.8279
vn 0.6884 0.4517 0.5674
vn 0.6884 0.4517 0.5675
vn 0.6885 0.4517 0.5674
vn -0.3066 0.9504 0.0517
vn -0.4579 0.8075 -0.3718
vn -0.4579 0.8075 -0.3719
vn -0.4579 0.8075 -0.3720
vn -0.4579 0.8074 -0.3720
vn 0.8788 0.4606 -0.1244
vn -0.2146 0.6037 0.7678
vn -0.1084 0.9930 0.0477
vn 0.4964 0.4521 -0.7411
vn 0.5512 0.4521 0.7013
vn 0.5511 0.4521 0.7013
vn -0.1989 0.9797 -0.0245
vn -0.4088 0.7021 -0.5831
vn -0.4088 0.7021 -0.5830
vn -0.9154 -0.4011 0.0346
vn -0.9154 -0.4011 0.0347
vn -0.9152 -0.4015 0.0346
vn -0.9152 -0.4015 0.0347
vn -0.9152 -0.4014 0.0347
vn -0.9151 -0.4016 0.0346
vn -0.9151 -0.4016 0.0347
vn -0.9152 -0.4016 0.0346
vn -0.9153 -0.4013 0.0347
vn -0.9153 -0.4014 0.0347
vn -0.9152 -0.4015 0.0348
vn -0.9151 -0.4016 0.0350
vn -0.9152 -0.4015 0.0345
vn -0.9153 -0.4013 0.0348
vn -0.9153 -0.4014 0.0344
vn -0.9155 -0.4007 0.0348
vn -0.9153 -0.4013 0.0346
vn -0.9152 -0.4016 0.0345
vn -0.7169 -0.1056 -0.6891
vn -0.7169 -0.1055 -0.6891
vn -0.6625 -0.1056 0.7416
vn -0.6627 -0.1056 0.7414
vn 0.4135 0.7314 -0.5423
vn -0.1903 -0.0878 -0.9778
vn -0.1904 -0.0879 -0.9778
vn -0.1900 -0.0878 -0.9778
vn -0.9380 0.3342 -0.0922
vn -0.9380 0.3342 -0.0921
vn 0.4406 0.8072 -0.3927
vn 0.4406 0.8072 -0.3929
vn -0.6709 0.6269 -0.3960
vn -0.6709 0.6269 -0.3961
vn -0.6709 0.6269 -0.3962
vn 0.4584 0.8550 -0.2426
vn -0.4952 0.7775 -0.3876
vn 0.4695 0.8780 -0.0928
vn -0.3925 0.8702 -0.2979
vn 0.4752 0.8780 0.0569
vn -0.3323 0.9257 -0.1809
vn -0.3323 0.9256 -0.1810
vn 0.4755 0.8550 0.2071
vn -0.3021 0.9518 -0.0540
vn -0.3021 0.9518 -0.0538
vn 0.4691 0.8072 0.3583
vn 0.4691 0.8072 0.3582
vn -0.2971 0.9518 0.0766
vn -0.2971 0.9518 0.0767
vn 0.4535 0.7314 0.5094
vn -0.3176 0.9257 0.2056
vn -0.3176 0.9256 0.2057
vn 0.4240 0.6232 0.6571
vn 0.4240 0.6232 0.6572
vn -0.3687 0.8702 0.3268
vn -0.3687 0.8702 0.3269
vn 0.3731 0.4794 0.7943
vn 0.3730 0.4794 0.7944
vn 0.0715 0.0998 -0.9924
vn 0.0716 0.0998 -0.9924
vn -0.4644 0.7775 0.4240
vn -0.4644 0.7776 0.4240
vn 0.2886 0.3010 0.9089
vn 0.2188 0.3010 -0.9282
vn 0.2188 0.3009 -0.9282
vn 0.2187 0.3009 -0.9282
vn 0.2187 0.3010 -0.9282
vn -0.6390 0.6268 0.4458
vn -0.6390 0.6269 0.4458
vn 0.1465 0.0998 0.9842
vn 0.3118 0.4793 -0.8204
vn -0.9283 0.3342 0.1630
vn -0.9283 0.3342 0.1629
vn -0.1155 -0.0878 0.9894
vn -0.1154 -0.0878 0.9894
vt 1.000000 1.000000
vt 0.968800 1.000000
vt 0.968800 0.500000
vt 1.000000 0.500000
vt 0.937500 1.000000
vt 0.937500 0.500000
vt 0.906200 1.000000
vt 0.906200 0.500000
vt 0.875000 1.000000
vt 0.875000 0.500000
vt 0.843800 1.000000
vt 0.843800 0.500000
vt 0.812500 0.500000
vt 0.812500 1.000000
vt 0.781200 0.500000
vt 0.781200 1.000000
vt 0.750000 1.000000
vt 0.750000 0.500000
vt 0.718800 0.500000
vt 0.718800 1.000000
vt 0.687500 0.500000
vt 0.687500 1.000000
vt 0.656200 0.500000
vt 0.656200 1.000000
vt 0.625000 1.000000
vt 0.625000 0.500000
vt 0.593800 0.500000
vt 0.593800 1.000000
vt 0.562500 0.500000
vt 0.562500 1.000000
vt 0.531200 0.500000
vt 0.531200 1.000000
vt 0.500000 0.500000
vt 0.500000 1.000000
vt 0.468800 0.500000
vt 0.468800 1.000000
vt 0.437500 0.500000
vt 0.437500 1.000000
vt 0.406200 0.500000
vt 0.406200 1.000000
vt 0.375000 1.000000
vt 0.375000 0.500000
vt 0.343800 1.000000
vt 0.343800 0.500000
vt 0.312500 0.500000
vt 0.312500 1.000000
vt 0.281200 0.500000
vt 0.281200 1.000000
vt 0.250000 1.000000
vt 0.250000 0.500000
vt 0.218800 1.000000
vt 0.218800 0.500000
vt 0.187500 0.500000
vt 0.187500 1.000000
vt 0.156200 1.000000
vt 0.156200 0.500000
vt 0.125000 0.500000
vt 0.125000 1.000000
vt 0.093800 0.500000
vt 0.093800 1.000000
vt 0.062500 1.000000
vt 0.062500 0.500000
vt 0.031200 1.000000
vt 0.031200 0.500000
vt 0.000000 1.000000
vt 0.000000 0.500000
vt 0.796800 0.485400
vt 0.841800 0.471700
vt 0.883300 0.449600
vt 0.919700 0.419700
vt 0.949600 0.383300
vt 0.971700 0.341800
vt 0.985400 0.296800
vt 0.990000 0.250000
vt 0.985400 0.203200
vt 0.971700 0.158200
vt 0.949600 0.116700
vt 0.919700 0.080300
vt 0.883300 0.050400
vt 0.841800 0.028300
vt 0.796800 0.014600
vt 0.750000 0.010000
vt 0.703200 0.014600
vt 0.658200 0.028300
vt 0.616700 0.050400
vt 0.580300 0.080300
vt 0.550400 0.116700
vt 0.528300 0.158200
vt 0.514600 0.203200
vt 0.510000 0.250000
vt 0.514600 0.296800
vt 0.528300 0.341800
vt 0.550400 0.383300
vt 0.580300 0.419700
vt 0.616700 0.449600
vt 0.658200 0.471700
vt 0.750000 0.490000
vt 0.703200 0.485400
vt 0.296800 0.485400
vt 0.250000 0.490000
vt 0.203200 0.485400
vt 0.158200 0.471700
vt 0.116700 0.449600
vt 0.080300 0.419700
vt 0.050400 0.383300
vt 0.028300 0.341800
vt 0.014600 0.296800
vt 0.010000 0.250000
vt 0.014600 0.203200
vt 0.028300 0.158200
vt 0.050400 0.116700
vt 0.080300 0.080300
vt 0.116700 0.050400
vt 0.158200 0.028300
vt 0.203200 0.014600
vt 0.250000 0.010000
vt 0.296800 0.014600
vt 0.341800 0.028300
vt 0.383300 0.050400
vt 0.419700 0.080300
vt 0.449600 0.116700
vt 0.471700 0.158200
vt 0.485400 0.203200
vt 0.490000 0.250000
vt 0.485400 0.296800
vt 0.471700 0.341800
vt 0.449600 0.383300
vt 0.419700 0.419700
vt 0.383300 0.449600
vt 0.341800 0.471700
s 0
usemtl Goddard_None
f 3169/6/3329 3170/7/3329 3171/8/3329
f 3171/8/3330 3172/9/3330 3169/6/3330
f 3170/7/3331 3173/10/3331 3174/11/3331
f 3174/11/3331 3171/8/3331 3170/7/3331
f 3173/10/3332 3175/12/3332 3176/13/3332
f 3176/13/3332 3174/11/3332 3173/10/3332
f 3175/12/3333 3177/14/3333 3178/15/3333
f 3178/15/3333 3176/13/3333 3175/12/3333
f 3179/16/3334 3180/17/3334 3178/15/3334
f 3178/15/3334 3177/14/3334 3179/16/3334
f 3181/18/3335 3180/17/3335 3179/16/3335
f 3179/16/3335 3182/19/3335 3181/18/3335
f 3183/20/3336 3181/18/3336 3182/19/3336
f 3182/19/3336 3184/21/3336 3183/20/3336
f 3185/22/3337 3186/23/3337 3183/20/3337
f 3183/20/3337 3184/21/3337 3185/22/3337
f 3187/24/3338 3186/23/3338 3185/22/3338
f 3185/22/3338 3188/25/3338 3187/24/3338
f 3189/26/3339 3187/24/3339 3188/25/3339
f 3188/25/3339 3190/27/3339 3189/26/3339
f 3191/28/3340 3189/26/3340 3190/27/3340
f 3190/27/3340 3192/29/3340 3191/28/3340
f 3193/30/3341 3194/31/3341 3191/28/3341
f 3191/28/3341 3192/29/3341 3193/30/3341
f 3195/32/3342 3194/31/3342 3193/30/3342
f 3193/30/3342 3196/33/3342 3195/32/3342
f 3197/34/3343 3195/32/3343 3196/33/3343
f 3196/33/3343 3198/35/3343 3197/34/3343
f 3199/36/3344 3197/34/3344 3198/35/3344
f 3198/35/3344 3200/37/3344 3199/36/3344
f 3201/38/3345 3199/36/3345 3200/37/3345
f 3200/37/3345 3202/39/3345 3201/38/3345
f 3203/40/3346 3201/38/3346 3202/39/3346
f 3202/39/3346 3204/41/3346 3203/40/3346
f 3205/42/3347 3203/40/3347 3204/41/3347
f 3204/41/3347 3206/43/3347 3205/42/3347
f 3207/44/3348 3205/42/3348 3206/43/3348
f 3206/43/3348 3208/45/3348 3207/44/3348
f 3209/46/3349 3210/47/3349 3207/44/3349
f 3207/44/3349 3208/45/3349 3209/46/3349
f 3209/46/3350 3211/48/3350 3212/49/3350
f 3212/49/3350 3210/47/3350 3209/46/3350
f 3213/50/3351 3212/49/3351 3211/48/3351
f 3211/48/3351 3214/51/3351 3213/50/3351
f 3215/52/3352 3213/50/3352 3214/51/3352
f 3214/51/3352 3216/53/3352 3215/52/3352
f 3217/54/3353 3218/55/3353 3215/52/3353
f 3215/52/3353 3216/53/3353 3217/54/3353
f 3219/56/3354 3220/57/3354 3218/55/3354
f 3218/55/3354 3217/54/3354 3219/56/3354
f 3221/58/3355 3220/57/3355 3219/56/3355
f 3219/56/3355 3222/59/3355 3221/58/3355
f 3223/60/3356 3224/61/3356 3221/58/3356
f 3221/58/3356 3222/59/3356 3223/60/3356
f 3225/62/3357 3224/61/3357 3223/60/3357
f 3223/60/3357 3226/63/3357 3225/62/3357
f 3227/64/3358 3225/62/3358 3226/63/3358
f 3226/63/3359 3228/65/3359 3227/64/3359
f 3229/66/3360 3230/67/3360 3227/64/3360
f 3227/64/3360 3228/65/3360 3229/66/3360
f 3185/22/3361 3231/22/3361 3232/25/3361
f 3232/25/3361 3188/25/3361 3185/22/3361
f 3233/68/3362 3234/69/3362 3230/67/3362
f 3230/67/3362 3229/66/3362 3233/68/3362
f 3234/69/3363 3233/68/3363 3169/70/3363
f 3169/70/3363 3172/71/3363 3234/69/3363
f 3171/72/3364 3174/73/3364 3176/74/3364
f 3171/72/3365 3176/74/3365 3178/75/3365
f 3178/75/3366 3180/76/3366 3181/77/3366
f 3181/77/3364 3183/78/3364 3186/79/3364
f 3186/79/3367 3187/80/3367 3189/81/3367
f 3181/77/3368 3186/79/3368 3189/81/3368
f 3178/75/3368 3181/77/3368 3189/81/3368
f 3189/81/3368 3191/82/3368 3194/83/3368
f 3194/83/3369 3195/84/3369 3197/85/3369
f 3189/81/3368 3194/83/3368 3197/85/3368
f 3197/85/3364 3199/86/3364 3201/87/3364
f 3201/87/3366 3203/88/3366 3205/89/3366
f 3197/85/3368 3201/87/3368 3205/89/3368
f 3205/89/3368 3207/90/3368 3210/91/3368
f 3210/91/3364 3212/92/3364 3213/93/3364
f 3205/89/3368 3210/91/3368 3213/93/3368
f 3213/93/3365 3215/94/3365 3218/95/3365
f 3218/95/3369 3220/96/3369 3221/97/3369
f 3213/93/3368 3218/95/3368 3221/97/3368
f 3205/89/3368 3213/93/3368 3221/97/3368
f 3197/85/3368 3205/89/3368 3221/97/3368
f 3189/81/3368 3197/85/3368 3221/97/3368
f 3178/75/3368 3189/81/3368 3221/97/3368
f 3221/97/3368 3224/98/3368 3225/99/3368
f 3225/99/3367 3227/100/3367 3230/101/3367
f 3221/97/3368 3225/99/3368 3230/101/3368
f 3178/75/3368 3221/97/3368 3230/101/3368
f 3171/72/3369 3178/75/3369 3230/101/3369
f 3172/102/3365 3171/72/3365 3230/101/3365
f 3172/102/3368 3230/101/3368 3234/103/3368
f 3235/12/3370 3236/12/3370 3237/14/3370
f 3237/14/3370 3238/14/3370 3235/12/3370
f 3239/43/3371 3206/43/3371 3204/41/3371
f 3204/41/3371 3240/41/3371 3239/43/3371
f 3241/60/3372 3223/60/3372 3222/59/3372
f 3222/59/3373 3242/59/3373 3241/60/3373
f 3243/16/3374 3179/16/3374 3177/14/3374
f 3177/14/3374 3238/14/3374 3243/16/3374
f 3244/35/3375 3198/35/3375 3196/33/3375
f 3196/33/3375 3245/33/3375 3244/35/3375
f 3246/53/3376 3216/53/3376 3214/51/3376
f 3214/51/3376 3247/51/3376 3246/53/3376
f 3170/7/3377 3169/6/3377 3248/6/3378
f 3248/6/3378 3249/7/3378 3170/7/3378
f 3233/68/3379 3250/68/3380 3248/70/3379
f 3248/70/3381 3169/70/3381 3233/68/3381
f 3251/27/3382 3190/27/3382 3188/25/3382
f 3188/25/3382 3232/25/3382 3251/27/3382
f 3252/45/3383 3208/45/3384 3206/43/3383
f 3206/43/3383 3239/43/3383 3252/45/3383
f 3241/60/3385 3253/63/3385 3226/63/3385
f 3226/63/3386 3223/60/3386 3241/60/3386
f 3254/19/3387 3182/19/3387 3179/16/3387
f 3179/16/3387 3243/16/3387 3254/19/3387
f 3255/37/3388 3200/37/3388 3198/35/3388
f 3198/35/3389 3244/35/3389 3255/37/3389
f 3256/54/3390 3217/54/3390 3216/53/3390
f 3216/53/3390 3246/53/3390 3256/54/3390
f 3249/7/3391 3257/10/3391 3173/10/3391
f 3173/10/3391 3170/7/3391 3249/7/3391
f 3258/29/3392 3192/29/3392 3190/27/3392
f 3190/27/3393 3251/27/3393 3258/29/3393
f 3252/45/3394 3259/46/3394 3209/46/3395
f 3209/46/3395 3208/45/3394 3252/45/3395
f 3228/65/3396 3226/63/3396 3253/63/3396
f 3253/63/3397 3260/65/3397 3228/65/3397
f 3261/21/3398 3184/21/3398 3182/19/3398
f 3182/19/3398 3254/19/3398 3261/21/3398
f 3262/39/3399 3202/39/3399 3200/37/3399
f 3200/37/3399 3255/37/3399 3262/39/3399
f 3263/56/3400 3219/56/3400 3217/54/3400
f 3217/54/3400 3256/54/3400 3263/56/3400
f 3235/12/3401 3175/12/3401 3173/10/3401
f 3173/10/3401 3257/10/3401 3235/12/3401
f 3264/30/3402 3193/30/3402 3192/29/3402
f 3192/29/3402 3258/29/3402 3264/30/3402
f 3265/48/3403 3211/48/3403 3209/46/3403
f 3209/46/3403 3259/46/3403 3265/48/3403
f 3229/66/3404 3228/65/3404 3260/65/3404
f 3260/65/3404 3266/66/3404 3229/66/3404
f 3184/21/3405 3261/21/3405 3231/22/3405
f 3231/22/3406 3185/22/3406 3184/21/3406
f 3240/41/3407 3204/41/3407 3202/39/3407
f 3202/39/3407 3262/39/3407 3240/41/3407
f 3242/59/3408 3222/59/3408 3219/56/3408
f 3219/56/3408 3263/56/3408 3242/59/3408
f 3177/14/3409 3175/12/3409 3235/12/3409
f 3235/12/3409 3238/14/3410 3177/14/3409
f 3245/33/3411 3196/33/3411 3193/30/3411
f 3193/30/3411 3264/30/3411 3245/33/3411
f 3247/51/3412 3214/51/3412 3211/48/3412
f 3211/48/3413 3265/48/3413 3247/51/3413
f 3233/68/3414 3229/66/3414 3266/66/3414
f 3266/66/3414 3250/68/3414 3233/68/3414
f 3267/104/3415 3268/105/3415 3269/106/3415
f 3269/106/3416 3270/107/3416 3271/108/3416
f 3267/104/3417 3269/106/3417 3271/108/3417
f 3271/108/3417 3272/109/3417 3273/110/3417
f 3273/110/3417 3274/111/3417 3275/112/3417
f 3271/108/3417 3273/110/3417 3275/112/3417
f 3275/112/3418 3276/113/3418 3277/114/3418
f 3277/114/3419 3278/115/3419 3279/116/3419
f 3275/112/3420 3277/114/3420 3279/116/3420
f 3271/108/3417 3275/112/3417 3279/116/3417
f 3279/116/3420 3280/117/3420 3281/118/3420
f 3281/118/3421 3282/119/3421 3283/120/3421
f 3279/116/3417 3281/118/3417 3283/120/3417
f 3283/120/3422 3284/121/3422 3285/122/3422
f 3285/122/3420 3286/123/3420 3287/124/3420
f 3283/120/3417 3285/122/3417 3287/124/3417
f 3279/116/3417 3283/120/3417 3287/124/3417
f 3271/108/3417 3279/116/3417 3287/124/3417
f 3287/124/3422 3288/125/3423 3289/126/3416
f 3289/126/3424 3290/127/3424 3291/128/3424
f 3287/124/3417 3289/126/3417 3291/128/3417
f 3287/124/3425 3291/128/3425 3292/129/3425
f 3271/108/3417 3287/124/3417 3292/129/3417
f 3292/129/3426 3293/130/3426 3294/131/3426
f 3294/131/3427 3295/132/3427 3237/133/3427
f 3292/129/3417 3294/131/3417 3237/133/3417
f 3271/108/3417 3292/129/3417 3237/133/3417
f 3267/104/3417 3271/108/3417 3237/133/3417
f 3267/104/3417 3237/133/3417 3236/134/3417
f 3267/104/3428 3236/134/3428 3296/135/3428
f 3266/66/3429 3270/66/3429 3269/68/3429
f 3269/68/3430 3250/68/3430 3266/66/3430
f 3240/41/3431 3283/41/3432 3282/43/3431
f 3282/43/3433 3239/43/3433 3240/41/3433
f 3238/14/3434 3237/14/3434 3295/16/3434
f 3295/16/3435 3243/16/3435 3238/14/3435
f 3250/68/3436 3269/68/3437 3268/70/3438
f 3268/70/3439 3248/70/3439 3250/68/3439
f 3239/43/3440 3282/43/3441 3281/45/3440
f 3281/45/3440 3252/45/3441 3239/43/3440
f 3243/16/3442 3295/16/3442 3294/19/3442
f 3294/19/3443 3254/19/3443 3243/16/3443
f 3252/45/3444 3281/45/3444 3280/46/3444
f 3280/46/3445 3259/46/3445 3252/45/3445
f 3254/19/3446 3294/19/3446 3293/21/3446
f 3293/21/3447 3261/21/3446 3254/19/3446
f 3259/46/3448 3280/46/3448 3279/48/3448
f 3279/48/3448 3265/48/3448 3259/46/3448
f 3231/22/3449 3261/21/3449 3293/21/3449
f 3293/21/3449 3292/22/3449 3231/22/3449
f 3265/48/3450 3279/48/3450 3278/51/3450
f 3278/51/3451 3247/51/3451 3265/48/3451
f 3231/22/3452 3292/22/3452 3291/25/3452
f 3291/25/3452 3232/25/3452 3231/22/3452
f 3247/51/3453 3278/51/3453 3277/53/3453
f 3277/53/3454 3246/53/3454 3247/51/3454
f 3232/25/3455 3291/25/3455 3290/27/3455
f 3290/27/3455 3251/27/3455 3232/25/3455
f 3246/53/3456 3277/53/3456 3276/54/3456
f 3276/54/3457 3256/54/3457 3246/53/3457
f 3251/27/3458 3290/27/3458 3289/29/3458
f 3289/29/3459 3258/29/3459 3251/27/3459
f 3256/54/3460 3276/54/3460 3275/56/3460
f 3275/56/3461 3263/56/3461 3256/54/3461
f 3258/29/3462 3289/29/3463 3288/30/3462
f 3288/30/3462 3264/30/3462 3258/29/3462
f 3263/56/3464 3275/56/3464 3274/59/3464
f 3274/59/3465 3242/59/3465 3263/56/3465
f 3264/30/3466 3288/30/3467 3287/33/3467
f 3287/33/3467 3245/33/3467 3264/30/3467
f 3242/59/3468 3274/59/3468 3273/60/3468
f 3273/60/3469 3241/60/3468 3242/59/3468
f 3245/33/3470 3287/33/3471 3286/35/3471
f 3286/35/3472 3244/35/3472 3245/33/3472
f 3248/6/3473 3268/6/3473 3267/7/3473
f 3267/7/3473 3249/7/3473 3248/6/3473
f 3241/60/3474 3273/60/3474 3272/63/3474
f 3272/63/3474 3253/63/3474 3241/60/3474
f 3244/35/3475 3286/35/3475 3285/37/3475
f 3285/37/3475 3255/37/3475 3244/35/3475
f 3249/7/3476 3267/7/3476 3296/10/3476
f 3296/10/3476 3257/10/3476 3249/7/3476
f 3253/63/3477 3272/63/3477 3271/65/3477
f 3271/65/3478 3260/65/3477 3253/63/3477
f 3255/37/3479 3285/37/3479 3284/39/3479
f 3284/39/3479 3262/39/3479 3255/37/3479
f 3257/10/3480 3296/10/3480 3236/12/3480
f 3236/12/3481 3235/12/3481 3257/10/3481
f 3260/65/3482 3271/65/3482 3270/66/3482
f 3270/66/3483 3266/66/3483 3260/65/3483
f 3262/39/3484 3284/39/3484 3283/41/3484
f 3283/41/3484 3240/41/3484 3262/39/3484
f 3297/7/3485 3298/8/3485 3299/9/3485
f 3299/9/3485 3300/6/3485 3297/7/3485
f 3301/11/3486 3298/8/3486 3297/7/3486
f 3297/7/3487 3302/10/3487 3301/11/3487
f 3303/12/3488 3304/13/3488 3301/11/3488
f 3301/11/3488 3302/10/3488 3303/12/3488
f 3305/15/3489 3304/13/3489 3303/12/3489
f 3303/12/3489 3306/14/3489 3305/15/3489
f 3307/16/3490 3308/17/3490 3305/15/3490
f 3305/15/3490 3306/14/3490 3307/16/3490
f 3309/18/3491 3308/17/3491 3307/16/3491
f 3307/16/3491 3310/19/3491 3309/18/3491
f 3311/20/3492 3309/18/3492 3310/19/3492
f 3310/19/3492 3312/21/3492 3311/20/3492
f 3313/22/3493 3314/23/3493 3311/20/3493
f 3311/20/3494 3312/21/3494 3313/22/3494
f 3315/24/3495 3314/23/3495 3313/22/3495
f 3313/22/3495 3316/25/3495 3315/24/3495
f 3317/27/3496 3318/26/3496 3315/24/3496
f 3315/24/3496 3316/25/3496 3317/27/3496
f 3319/29/3497 3320/28/3497 3318/26/3497
f 3318/26/3497 3317/27/3497 3319/29/3497
f 3321/31/3498 3320/28/3498 3319/29/3498
f 3319/29/3498 3322/30/3498 3321/31/3498
f 3323/33/3499 3324/32/3499 3321/31/3499
f 3321/31/3499 3322/30/3499 3323/33/3499
f 3325/35/3500 3326/34/3500 3324/32/3500
f 3324/32/3500 3323/33/3500 3325/35/3500
f 3327/36/3501 3326/34/3501 3325/35/3501
f 3325/35/3502 3328/37/3502 3327/36/3502
f 3328/37/3503 3329/39/3503 3330/38/3503
f 3330/38/3503 3327/36/3503 3328/37/3503
f 3331/41/3504 3332/40/3504 3330/38/3504
f 3330/38/3505 3329/39/3505 3331/41/3505
f 3333/42/3506 3332/40/3506 3331/41/3506
f 3331/41/3506 3334/43/3506 3333/42/3506
f 3335/44/3507 3333/42/3507 3334/43/3507
f 3334/43/3507 3336/45/3507 3335/44/3507
f 3337/46/3508 3338/47/3508 3335/44/3508
f 3335/44/3508 3336/45/3508 3337/46/3508
f 3339/49/3509 3338/47/3509 3337/46/3509
f 3337/46/3509 3340/48/3509 3339/49/3509
f 3341/51/3510 3342/50/3510 3339/49/3510
f 3339/49/3510 3340/48/3510 3341/51/3510
f 3343/53/3511 3344/52/3511 3342/50/3511
f 3342/50/3511 3341/51/3511 3343/53/3511
f 3345/55/3512 3344/52/3512 3343/53/3512
f 3343/53/3512 3346/54/3512 3345/55/3512
f 3347/57/3513 3345/55/3513 3346/54/3513
f 3346/54/3513 3348/56/3513 3347/57/3513
f 3349/59/3514 3350/58/3514 3347/57/3514
f 3347/57/3515 3348/56/3515 3349/59/3515
f 3351/61/3516 3350/58/3516 3349/59/3516
f 3349/59/3516 3352/60/3516 3351/61/3516
f 3353/63/3517 3354/62/3517 3351/61/3517
f 3351/61/3517 3352/60/3517 3353/63/3517
f 3355/65/3518 3356/64/3518 3354/62/3518
f 3354/62/3518 3353/63/3518 3355/65/3518
f 3357/67/3519 3356/64/3519 3355/65/3519
f 3355/65/3519 3358/66/3519 3357/67/3519
f 3359/25/3520 3316/25/3520 3313/22/3520
f 3313/22/3520 3360/22/3520 3359/25/3520
f 3361/68/3521 3362/69/3521 3357/67/3521
f 3357/67/3521 3358/66/3521 3361/68/3521
f 3361/68/3522 3300/70/3522 3299/71/3522
f 3299/71/3523 3362/69/3523 3361/68/3523
f 3299/102/3369 3298/72/3369 3301/73/3369
f 3301/73/3367 3304/74/3367 3305/75/3367
f 3299/102/3368 3301/73/3368 3305/75/3368
f 3308/76/3367 3309/77/3367 3311/78/3367
f 3305/75/3368 3308/76/3368 3311/78/3368
f 3305/75/3368 3311/78/3368 3314/79/3368
f 3314/79/3364 3315/80/3364 3318/81/3364
f 3305/75/3368 3314/79/3368 3318/81/3368
f 3305/75/3368 3318/81/3368 3320/82/3368
f 3320/82/3368 3321/83/3368 3324/84/3368
f 3305/75/3368 3320/82/3368 3324/84/3368
f 3305/75/3368 3324/84/3368 3326/85/3368
f 3326/85/3368 3327/86/3368 3330/87/3368
f 3305/75/3368 3326/85/3368 3330/87/3368
f 3305/75/3368 3330/87/3368 3332/88/3368
f 3332/88/3368 3333/89/3368 3335/90/3368
f 3305/75/3368 3332/88/3368 3335/90/3368
f 3305/75/3368 3335/90/3368 3338/91/3368
f 3338/91/3368 3339/92/3368 3342/93/3368
f 3305/75/3368 3338/91/3368 3342/93/3368
f 3305/75/3368 3342/93/3368 3344/94/3368
f 3344/94/3368 3345/95/3368 3347/96/3368
f 3305/75/3368 3344/94/3368 3347/96/3368
f 3305/75/3368 3347/96/3368 3350/97/3368
f 3350/97/3524 3351/98/3524 3354/99/3524
f 3305/75/3368 3350/97/3368 3354/99/3368
f 3305/75/3369 3354/99/3369 3356/100/3369
f 3299/102/3368 3305/75/3368 3356/100/3368
f 3299/102/3367 3356/100/3367 3357/101/3367
f 3299/102/3524 3357/101/3524 3362/103/3524
f 3363/14/3525 3364/12/3525 3365/12/3525
f 3365/12/3526 3366/14/3525 3363/14/3525
f 3367/43/3527 3334/43/3527 3331/41/3527
f 3331/41/3528 3368/41/3527 3367/43/3527
f 3369/60/3529 3352/60/3529 3349/59/3529
f 3349/59/3529 3370/59/3529 3369/60/3529
f 3306/14/3530 3363/14/3530 3371/16/3530
f 3371/16/3531 3307/16/3531 3306/14/3531
f 3323/33/3532 3372/33/3532 3373/35/3532
f 3373/35/3533 3325/35/3533 3323/33/3533
f 3343/53/3534 3341/51/3534 3374/51/3534
f 3374/51/3534 3375/53/3534 3343/53/3534
f 3300/6/3535 3376/6/3535 3377/7/3535
f 3377/7/3535 3297/7/3535 3300/6/3535
f 3300/70/3536 3361/68/3536 3378/68/3536
f 3378/68/3537 3376/70/3537 3300/70/3537
f 3359/25/3538 3379/27/3538 3317/27/3538
f 3317/27/3538 3316/25/3538 3359/25/3538
f 3367/43/3539 3380/45/3539 3336/45/3539
f 3336/45/3539 3334/43/3539 3367/43/3539
f 3369/60/3540 3381/63/3540 3353/63/3541
f 3353/63/3541 3352/60/3541 3369/60/3541
f 3382/19/3542 3310/19/3542 3307/16/3542
f 3307/16/3542 3371/16/3542 3382/19/3542
f 3383/37/3543 3328/37/3543 3325/35/3543
f 3325/35/3543 3373/35/3543 3383/37/3543
f 3384/54/3544 3346/54/3544 3343/53/3544
f 3343/53/3545 3375/53/3545 3384/54/3545
f 3385/10/3546 3302/10/3546 3297/7/3546
f 3297/7/3546 3377/7/3546 3385/10/3547
f 3317/27/3548 3379/27/3548 3386/29/3548
f 3386/29/3548 3319/29/3548 3317/27/3548
f 3337/46/3549 3336/45/3549 3380/45/3549
f 3380/45/3550 3387/46/3550 3337/46/3550
f 3355/65/3551 3353/63/3551 3381/63/3551
f 3381/63/3552 3388/65/3551 3355/65/3551
f 3382/19/3553 3389/21/3553 3312/21/3553
f 3312/21/3554 3310/19/3554 3382/19/3554
f 3383/37/3555 3390/39/3555 3329/39/3555
f 3329/39/3556 3328/37/3556 3383/37/3556
f 3384/54/3557 3391/56/3557 3348/56/3557
f 3348/56/3557 3346/54/3557 3384/54/3557
f 3302/10/3558 3385/10/3558 3364/12/3558
f 3364/12/3558 3303/12/3558 3302/10/3558
f 3392/30/3559 3322/30/3559 3319/29/3559
f 3319/29/3560 3386/29/3560 3392/30/3560
f 3393/48/3561 3340/48/3561 3337/46/3561
f 3337/46/3562 3387/46/3562 3393/48/3562
f 3394/66/3563 3358/66/3563 3355/65/3563
f 3355/65/3564 3388/65/3564 3394/66/3564
f 3312/21/3565 3389/21/3565 3360/22/3565
f 3360/22/3566 3313/22/3566 3312/21/3566
f 3329/39/3567 3390/39/3567 3368/41/3567
f 3368/41/3568 3331/41/3568 3329/39/3568
f 3349/59/3569 3348/56/3569 3391/56/3569
f 3391/56/3569 3370/59/3569 3349/59/3569
f 3363/14/3570 3306/14/3570 3303/12/3570
f 3303/12/3570 3364/12/3570 3363/14/3570
f 3392/30/3571 3372/33/3571 3323/33/3571
f 3323/33/3571 3322/30/3571 3392/30/3571
f 3393/48/3572 3374/51/3572 3341/51/3572
f 3341/51/3573 3340/48/3573 3393/48/3573
f 3394/66/3574 3378/68/3574 3361/68/3574
f 3361/68/3574 3358/66/3575 3394/66/3575
f 3395/106/3576 3396/107/3576 3397/108/3576
f 3395/106/3577 3397/108/3577 3398/109/3577
f 3398/109/3578 3399/110/3578 3400/111/3578
f 3395/106/3579 3398/109/3580 3400/111/3579
f 3395/106/3579 3400/111/3579 3401/112/3579
f 3401/112/3581 3402/113/3581 3403/114/3581
f 3395/106/3579 3401/112/3579 3403/114/3579
f 3395/106/3580 3403/114/3580 3404/115/3580
f 3404/115/3582 3405/116/3582 3406/117/3582
f 3395/106/3579 3404/115/3579 3406/117/3579
f 3395/106/3579 3406/117/3579 3407/118/3579
f 3407/118/3583 3408/119/3583 3409/120/3583
f 3395/106/3579 3407/118/3579 3409/120/3579
f 3395/106/3579 3409/120/3579 3410/121/3579
f 3410/121/3584 3411/122/3585 3412/123/3585
f 3395/106/3584 3410/121/3584 3412/123/3584
f 3395/106/3586 3412/123/3586 3413/124/3586
f 3413/124/3587 3414/125/3582 3415/126/3582
f 3395/106/3579 3413/124/3579 3415/126/3579
f 3395/106/3579 3415/126/3579 3416/127/3579
f 3416/127/3584 3417/128/3585 3418/129/3585
f 3395/106/3579 3416/127/3579 3418/129/3579
f 3418/129/3588 3419/130/3588 3420/131/3588
f 3418/129/3589 3420/131/3589 3421/132/3589
f 3395/106/3586 3418/129/3586 3421/132/3586
f 3395/106/3584 3421/132/3584 3366/133/3584
f 3366/133/3589 3365/134/3589 3422/135/3589
f 3395/106/3584 3366/133/3584 3422/135/3584
f 3423/105/3581 3395/106/3581 3422/135/3581
f 3424/104/3577 3423/105/3590 3422/135/3577
f 3378/68/3591 3394/66/3591 3396/66/3591
f 3396/66/3592 3395/68/3592 3378/68/3593
f 3409/41/3594 3408/43/3595 3367/43/3595
f 3367/43/3595 3368/41/3595 3409/41/3595
f 3371/16/3596 3363/14/3596 3366/14/3596
f 3366/14/3596 3421/16/3596 3371/16/3596
f 3376/70/3597 3378/68/3597 3395/68/3597
f 3395/68/3598 3423/70/3598 3376/70/3598
f 3380/45/3599 3367/43/3600 3408/43/3600
f 3408/43/3601 3407/45/3599 3380/45/3602
f 3420/19/3603 3382/19/3603 3371/16/3603
f 3371/16/3604 3421/16/3604 3420/19/3604
f 3387/46/3605 3380/45/3605 3407/45/3605
f 3407/45/3605 3406/46/3605 3387/46/3605
f 3389/21/3606 3382/19/3606 3420/19/3606
f 3420/19/3607 3419/21/3607 3389/21/3607
f 3406/46/3608 3405/48/3608 3393/48/3608
f 3393/48/3608 3387/46/3608 3406/46/3608
f 3360/22/3609 3389/21/3609 3419/21/3609
f 3419/21/3610 3418/22/3610 3360/22/3610
f 3374/51/3611 3393/48/3612 3405/48/3611
f 3405/48/3613 3404/51/3613 3374/51/3613
f 3418/22/3614 3417/25/3614 3359/25/3614
f 3359/25/3615 3360/22/3615 3418/22/3615
f 3375/53/3616 3374/51/3616 3404/51/3616
f 3404/51/3617 3403/53/3617 3375/53/3617
f 3379/27/3618 3359/25/3618 3417/25/3618
f 3417/25/3619 3416/27/3619 3379/27/3619
f 3403/53/3620 3402/54/3620 3384/54/3620
f 3384/54/3620 3375/53/3620 3403/53/3620
f 3386/29/3621 3379/27/3621 3416/27/3621
f 3416/27/3622 3415/29/3622 3386/29/3622
f 3391/56/3623 3384/54/3623 3402/54/3623
f 3402/54/3624 3401/56/3624 3391/56/3624
f 3415/29/3625 3414/30/3626 3392/30/3627
f 3392/30/3627 3386/29/3627 3415/29/3627
f 3370/59/3628 3391/56/3628 3401/56/3628
f 3401/56/3628 3400/59/3628 3370/59/3628
f 3372/33/3629 3392/30/3629 3414/30/3629
f 3414/30/3630 3413/33/3629 3372/33/3631
f 3400/59/3632 3399/60/3632 3369/60/3632
f 3369/60/3633 3370/59/3633 3400/59/3633
f 3373/35/3634 3372/33/3634 3413/33/3634
f 3413/33/3635 3412/35/3636 3373/35/3636
f 3376/6/3637 3423/6/3638 3424/7/3639
f 3424/7/3640 3377/7/3640 3376/6/3640
f 3381/63/3641 3369/60/3641 3399/60/3641
f 3399/60/3641 3398/63/3641 3381/63/3642
f 3412/35/3643 3411/37/3643 3383/37/3643
f 3383/37/3644 3373/35/3644 3412/35/3644
f 3422/10/3645 3385/10/3645 3377/7/3645
f 3377/7/3645 3424/7/3645 3422/10/3645
f 3388/65/3646 3381/63/3646 3398/63/3646
f 3398/63/3647 3397/65/3648 3388/65/3649
f 3390/39/3650 3383/37/3650 3411/37/3650
f 3411/37/3651 3410/39/3651 3390/39/3652
f 3365/12/3653 3364/12/3653 3385/10/3653
f 3385/10/3653 3422/10/3653 3365/12/3653
f 3397/65/3654 3396/66/3654 3394/66/3654
f 3394/66/3654 3388/65/3655 3397/65/3656
f 3368/41/3657 3390/39/3657 3410/39/3657
f 3410/39/3658 3409/41/3659 3368/41/3658
f 3425/7/3660 3426/8/3660 3427/9/3660
f 3427/9/3660 3428/6/3660 3425/7/3660
f 3429/11/3661 3426/8/3661 3425/7/3661
f 3425/7/3661 3430/10/3661 3429/11/3661
f 3431/12/3662 3432/13/3662 3429/11/3662
f 3429/11/3662 3430/10/3662 3431/12/3662
f 3433/14/3663 3434/15/3663 3432/13/3663
f 3432/13/3664 3431/12/3664 3433/14/3664
f 3435/17/3665 3434/15/3665 3433/14/3665
f 3433/14/3665 3436/16/3665 3435/17/3665
f 3437/19/3666 3438/18/3666 3435/17/3666
f 3435/17/3666 3436/16/3666 3437/19/3666
f 3439/21/3667 3440/20/3667 3438/18/3667
f 3438/18/3668 3437/19/3668 3439/21/3668
f 3441/23/3669 3440/20/3669 3439/21/3669
f 3439/21/3669 3442/22/3669 3441/23/3669
f 3443/25/3670 3444/24/3670 3441/23/3670
f 3441/23/3670 3442/22/3670 3443/25/3670
f 3445/27/3671 3446/26/3671 3444/24/3671
f 3444/24/3671 3443/25/3671 3445/27/3671
f 3447/28/3672 3446/26/3672 3445/27/3672
f 3445/27/3672 3448/29/3672 3447/28/3672
f 3449/30/3673 3450/31/3673 3447/28/3673
f 3447/28/3674 3448/29/3674 3449/30/3674
f 3451/33/3675 3452/32/3675 3450/31/3675
f 3450/31/3675 3449/30/3675 3451/33/3675
f 3453/34/3676 3452/32/3676 3451/33/3676
f 3451/33/3676 3454/35/3676 3453/34/3676
f 3455/36/3677 3453/34/3677 3454/35/3677
f 3454/35/3677 3456/37/3677 3455/36/3677
f 3457/39/3678 3458/38/3678 3455/36/3678
f 3455/36/3679 3456/37/3679 3457/39/3679
f 3459/40/3680 3458/38/3680 3457/39/3680
f 3457/39/3680 3460/41/3680 3459/40/3680
f 3461/42/3681 3459/40/3681 3460/41/3681
f 3460/41/3681 3462/43/3681 3461/42/3681
f 3463/45/3682 3464/44/3682 3461/42/3682
f 3461/42/3682 3462/43/3682 3463/45/3682
f 3465/47/3683 3464/44/3683 3463/45/3683
f 3463/45/3683 3466/46/3683 3465/47/3683
f 3467/48/3684 3468/49/3684 3465/47/3684
f 3465/47/3684 3466/46/3684 3467/48/3684
f 3469/51/3685 3470/50/3685 3468/49/3685
f 3468/49/3686 3467/48/3686 3469/51/3686
f 3471/52/3687 3470/50/3687 3469/51/3687
f 3469/51/3687 3472/53/3687 3471/52/3687
f 3473/55/3688 3471/52/3688 3472/53/3688
f 3472/53/3688 3474/54/3688 3473/55/3688
f 3475/56/3689 3476/57/3689 3473/55/3689
f 3473/55/3689 3474/54/3689 3475/56/3689
f 3477/58/3690 3476/57/3690 3475/56/3690
f 3475/56/3690 3478/59/3690 3477/58/3690
f 3479/60/3691 3480/61/3691 3477/58/3691
f 3477/58/3691 3478/59/3691 3479/60/3691
f 3481/63/3692 3482/62/3692 3480/61/3692
f 3480/61/3693 3479/60/3693 3481/63/3693
f 3483/64/3694 3482/62/3694 3481/63/3694
f 3481/63/3695 3484/65/3695 3483/64/3695
f 3485/66/3696 3486/67/3696 3483/64/3696
f 3483/64/3696 3484/65/3696 3485/66/3696
f 3442/22/3697 3487/22/3697 3488/25/3697
f 3488/25/3697 3443/25/3697 3442/22/3697
f 3489/68/3698 3490/69/3698 3486/67/3698
f 3486/67/3698 3485/66/3698 3489/68/3698
f 3489/68/3699 3428/70/3699 3427/71/3699
f 3427/71/3700 3490/69/3700 3489/68/3700
f 3426/72/3366 3429/73/3366 3432/74/3366
f 3427/102/3524 3426/72/3524 3432/74/3524
f 3427/102/3368 3432/74/3368 3434/75/3368
f 3434/75/3368 3435/76/3368 3438/77/3368
f 3427/102/3368 3434/75/3368 3438/77/3368
f 3427/102/3368 3438/77/3368 3440/78/3368
f 3440/78/3368 3441/79/3368 3444/80/3368
f 3427/102/3368 3440/78/3368 3444/80/3368
f 3427/102/3368 3444/80/3368 3446/81/3368
f 3446/81/3369 3447/82/3369 3450/83/3369
f 3427/102/3368 3446/81/3368 3450/83/3368
f 3427/102/3368 3450/83/3368 3452/84/3368
f 3452/84/3364 3453/85/3364 3455/86/3364
f 3427/102/3368 3452/84/3368 3455/86/3368
f 3427/102/3368 3455/86/3368 3458/87/3368
f 3458/87/3365 3459/88/3365 3461/89/3365
f 3427/102/3368 3458/87/3368 3461/89/3368
f 3427/102/3368 3461/89/3368 3464/90/3368
f 3464/90/3368 3465/91/3368 3468/92/3368
f 3427/102/3368 3464/90/3368 3468/92/3368
f 3427/102/3368 3468/92/3368 3470/93/3368
f 3470/93/3368 3471/94/3368 3473/95/3368
f 3427/102/3368 3470/93/3368 3473/95/3368
f 3427/102/3368 3473/95/3368 3476/96/3368
f 3476/96/3367 3477/97/3367 3480/98/3367
f 3427/102/3368 3476/96/3368 3480/98/3368
f 3427/102/3368 3480/98/3368 3482/99/3368
f 3482/99/3364 3483/100/3364 3486/101/3364
f 3427/102/3367 3482/99/3367 3486/101/3367
f 3427/102/3364 3486/101/3364 3490/103/3364
f 3491/12/3701 3492/12/3701 3493/14/3702
f 3493/14/3702 3494/14/3702 3491/12/3702
f 3495/43/3703 3462/43/3703 3460/41/3703
f 3460/41/3703 3496/41/3703 3495/43/3703
f 3497/60/3704 3479/60/3704 3478/59/3704
f 3478/59/3705 3498/59/3705 3497/60/3705
f 3433/14/3706 3494/14/3706 3499/16/3706
f 3499/16/3706 3436/16/3706 3433/14/3706
f 3454/35/3707 3451/33/3707 3500/33/3707
f 3500/33/3707 3501/35/3707 3454/35/3707
f 3472/53/3708 3469/51/3708 3502/51/3708
f 3502/51/3708 3503/53/3708 3472/53/3708
f 3504/7/3709 3425/7/3709 3428/6/3709
f 3428/6/3710 3505/6/3710 3504/7/3710
f 3506/68/3711 3505/70/3712 3428/70/3711
f 3428/70/3712 3489/68/3712 3506/68/3712
f 3443/25/3713 3488/25/3713 3507/27/3713
f 3507/27/3713 3445/27/3713 3443/25/3713
f 3508/45/3714 3463/45/3714 3462/43/3714
f 3462/43/3714 3495/43/3715 3508/45/3715
f 3509/63/3716 3481/63/3716 3479/60/3716
f 3479/60/3717 3497/60/3717 3509/63/3717
f 3436/16/3718 3499/16/3718 3510/19/3718
f 3510/19/3718 3437/19/3718 3436/16/3718
f 3511/37/3719 3456/37/3719 3454/35/3719
f 3454/35/3720 3501/35/3720 3511/37/3720
f 3512/54/3721 3474/54/3721 3472/53/3721
f 3472/53/3721 3503/53/3721 3512/54/3721
f 3425/7/3722 3504/7/3722 3513/10/3722
f 3513/10/3722 3430/10/3722 3425/7/3722
f 3507/27/3723 3514/29/3723 3448/29/3723
f 3448/29/3723 3445/27/3723 3507/27/3723
f 3466/46/3724 3463/45/3724 3508/45/3724
f 3508/45/3724 3515/46/3724 3466/46/3724
f 3484/65/3725 3481/63/3725 3509/63/3726
f 3509/63/3726 3516/65/3726 3484/65/3726
f 3437/19/3727 3510/19/3727 3517/21/3727
f 3517/21/3727 3439/21/3727 3437/19/3727
f 3518/39/3728 3457/39/3728 3456/37/3728
f 3456/37/3729 3511/37/3730 3518/39/3729
f 3519/56/3731 3475/56/3731 3474/54/3731
f 3474/54/3731 3512/54/3731 3519/56/3731
f 3430/10/3732 3513/10/3732 3491/12/3732
f 3491/12/3733 3431/12/3733 3430/10/3733
f 3514/29/3734 3520/30/3735 3449/30/3735
f 3449/30/3736 3448/29/3736 3514/29/3736
f 3521/48/3737 3467/48/3737 3466/46/3737
f 3466/46/3737 3515/46/3737 3521/48/3737
f 3522/66/3738 3485/66/3739 3484/65/3738
f 3484/65/3740 3516/65/3739 3522/66/3741
f 3439/21/3742 3517/21/3742 3487/22/3742
f 3487/22/3742 3442/22/3742 3439/21/3742
f 3460/41/3743 3457/39/3743 3518/39/3743
f 3518/39/3743 3496/41/3743 3460/41/3743
f 3478/59/3744 3475/56/3744 3519/56/3744
f 3519/56/3744 3498/59/3744 3478/59/3744
f 3431/12/3745 3491/12/3745 3494/14/3745
f 3494/14/3745 3433/14/3745 3431/12/3745
f 3451/33/3746 3449/30/3746 3520/30/3747
f 3520/30/3746 3500/33/3746 3451/33/3746
f 3502/51/3748 3469/51/3748 3467/48/3748
f 3467/48/3748 3521/48/3748 3502/51/3748
f 3506/68/3749 3489/68/3749 3485/66/3749
f 3485/66/3749 3522/66/3749 3506/68/3750
f 3523/104/3751 3524/105/3751 3525/106/3752
f 3525/106/3753 3526/107/3753 3527/108/3754
f 3523/104/3755 3525/106/3755 3527/108/3755
f 3528/109/3756 3529/110/3757 3530/111/3758
f 3527/108/3759 3528/109/3759 3530/111/3759
f 3523/104/3755 3527/108/3755 3530/111/3755
f 3531/112/3760 3532/113/3760 3533/114/3760
f 3530/111/3754 3531/112/3754 3533/114/3754
f 3534/115/3761 3535/116/3761 3536/117/3761
f 3533/114/3755 3534/115/3755 3536/117/3755
f 3530/111/3755 3533/114/3755 3536/117/3755
f 3523/104/3762 3530/111/3762 3536/117/3762
f 3537/118/3763 3538/119/3753 3539/120/3753
f 3536/117/3761 3537/118/3761 3539/120/3761
f 3540/121/3764 3541/122/3764 3542/123/3759
f 3539/120/3765 3540/121/3765 3542/123/3765
f 3536/117/3755 3539/120/3755 3542/123/3755
f 3543/124/3761 3544/125/3761 3545/126/3761
f 3542/123/3759 3543/124/3759 3545/126/3759
f 3546/127/3766 3547/128/3766 3548/129/3766
f 3545/126/3760 3546/127/3760 3548/129/3760
f 3542/123/3755 3545/126/3755 3548/129/3755
f 3536/117/3755 3542/123/3755 3548/129/3755
f 3523/104/3755 3536/117/3755 3548/129/3755
f 3549/130/3767 3550/131/3759 3551/132/3759
f 3548/129/3759 3549/130/3759 3551/132/3759
f 3493/133/3768 3492/134/3768 3552/135/3768
f 3551/132/3760 3493/133/3760 3552/135/3760
f 3548/129/3755 3551/132/3755 3552/135/3755
f 3523/104/3760 3548/129/3760 3552/135/3760
f 3522/66/3769 3526/66/3769 3525/68/3770
f 3525/68/3769 3506/68/3769 3522/66/3769
f 3495/43/3771 3496/41/3771 3539/41/3771
f 3539/41/3772 3538/43/3772 3495/43/3772
f 3551/16/3773 3499/16/3773 3494/14/3773
f 3494/14/3773 3493/14/3773 3551/16/3773
f 3525/68/3774 3524/70/3774 3505/70/3775
f 3505/70/3776 3506/68/3776 3525/68/3776
f 3495/43/3777 3538/43/3777 3537/45/3777
f 3537/45/3778 3508/45/3777 3495/43/3777
f 3510/19/3779 3499/16/3779 3551/16/3779
f 3551/16/3780 3550/19/3780 3510/19/3780
f 3536/46/3781 3515/46/3781 3508/45/3781
f 3508/45/3782 3537/45/3782 3536/46/3783
f 3510/19/3784 3550/19/3784 3549/21/3784
f 3549/21/3784 3517/21/3784 3510/19/3784
f 3521/48/3785 3515/46/3785 3536/46/3785
f 3536/46/3785 3535/48/3785 3521/48/3785
f 3548/22/3786 3487/22/3786 3517/21/3786
f 3517/21/3786 3549/21/3786 3548/22/3786
f 3521/48/3787 3535/48/3787 3534/51/3787
f 3534/51/3787 3502/51/3787 3521/48/3787
f 3488/25/3788 3487/22/3788 3548/22/3788
f 3548/22/3788 3547/25/3788 3488/25/3788
f 3533/53/3789 3503/53/3789 3502/51/3789
f 3502/51/3790 3534/51/3790 3533/53/3790
f 3488/25/3791 3547/25/3791 3546/27/3791
f 3546/27/3791 3507/27/3791 3488/25/3791
f 3512/54/3792 3503/53/3792 3533/53/3792
f 3533/53/3793 3532/54/3793 3512/54/3793
f 3507/27/3794 3546/27/3794 3545/29/3794
f 3545/29/3795 3514/29/3795 3507/27/3795
f 3512/54/3796 3532/54/3796 3531/56/3796
f 3531/56/3797 3519/56/3797 3512/54/3797
f 3545/29/3798 3544/30/3798 3520/30/3798
f 3520/30/3798 3514/29/3798 3545/29/3798
f 3530/59/3799 3498/59/3799 3519/56/3799
f 3519/56/3800 3531/56/3800 3530/59/3800
f 3543/33/3801 3500/33/3801 3520/30/3801
f 3520/30/3802 3544/30/3802 3543/33/3802
f 3497/60/3803 3498/59/3804 3530/59/3803
f 3530/59/3803 3529/60/3803 3497/60/3803
f 3542/35/3805 3501/35/3805 3500/33/3805
f 3500/33/3806 3543/33/3806 3542/35/3806
f 3504/7/3807 3505/6/3807 3524/6/3807
f 3524/6/3808 3523/7/3808 3504/7/3808
f 3497/60/3809 3529/60/3809 3528/63/3809
f 3528/63/3809 3509/63/3809 3497/60/3810
f 3511/37/3811 3501/35/3811 3542/35/3811
f 3542/35/3811 3541/37/3811 3511/37/3811
f 3552/10/3812 3513/10/3812 3504/7/3812
f 3504/7/3813 3523/7/3814 3552/10/3815
f 3527/65/3816 3516/65/3817 3509/63/3816
f 3509/63/3817 3528/63/3817 3527/65/3816
f 3511/37/3818 3541/37/3818 3540/39/3818
f 3540/39/3818 3518/39/3818 3511/37/3818
f 3491/12/3819 3513/10/3819 3552/10/3819
f 3552/10/3819 3492/12/3819 3491/12/3819
f 3522/66/3820 3516/65/3821 3527/65/3821
f 3527/65/3820 3526/66/3820 3522/66/3820
f 3539/41/3822 3496/41/3822 3518/39/3822
f 3518/39/3823 3540/39/3823 3539/41/3823
