# Blender 4.5.8 LTS
# www.blender.org
mtllib mustang_sin_cofre.mtl
o sportscar-body
v 5.048855 1.620340 4.388081
v 4.698186 0.943587 4.325725
v 4.544906 1.034480 4.338493
v 5.161771 1.482428 4.382075
v 4.362523 0.553010 4.252326
v 4.446950 0.281699 4.186224
v 2.821895 0.566982 4.304311
v 2.684122 0.054865 4.158115
v 5.722797 1.998161 4.387416
v 5.781744 1.830223 4.390898
v 6.485486 2.122686 4.381077
v 6.483327 1.944983 4.388814
v 7.244925 1.979669 4.387416
v 7.181938 1.813213 4.390898
v 7.909512 1.585587 4.388082
v 7.793278 1.450437 4.382076
v 4.267224 1.199466 4.182677
v 4.844275 1.870077 4.208525
v 5.048855 1.620340 4.388081
v 4.089541 0.705280 4.151156
v 5.616014 2.301623 4.123690
v 5.722797 1.998161 4.387416
v 6.489387 2.443713 4.032405
v 6.485486 2.122686 4.381077
v 7.359027 2.280448 4.037037
v 7.244925 1.979669 4.387416
v 8.120077 1.830280 4.129565
v 7.909512 1.585587 4.388082
v 8.639394 1.146350 4.176627
v 8.264777 1.151633 4.358201
v 8.399057 0.987657 4.338494
v 8.745672 0.761379 4.157628
v 8.586057 0.467737 4.244725
v 8.665720 1.147360 4.176647
v 8.136176 1.848929 4.111743
v 7.367774 2.303376 4.010792
v 6.489684 2.468208 4.005450
v 5.607850 2.324756 4.109170
v 5.255062 2.152310 4.152818
v 4.828655 1.889111 4.197818
v 4.246006 1.212050 4.176957
v 4.064233 0.718623 4.147320
v 4.485139 2.202521 4.170197
v 2.913855 1.572831 4.238208
v 8.807964 1.146209 4.136348
v 9.008712 1.748810 3.986187
v 7.393115 2.376647 3.961202
v 7.422042 2.460162 3.868011
v 6.491183 2.591604 3.917931
v 4.485139 2.202521 4.170197
v 5.494776 2.670594 3.949476
v 2.855687 2.609501 4.113382
v 2.702598 2.904148 3.984147
v 2.918716 2.275888 4.228876
v 2.855064 0.753421 4.224818
v 2.918716 2.275888 4.228876
v 8.312510 2.064155 3.988935
v 9.109089 1.874287 3.860473
v 8.448335 2.229926 3.778344
v 8.885880 2.103478 3.720197
v 9.253005 1.961570 3.657753
v 8.243636 0.900515 4.325726
v 8.399057 0.987657 4.338494
v 8.397819 0.431315 4.235814
v 8.035233 1.154931 4.358245
v 8.264777 1.151633 4.358201
v 8.979385 0.017358 4.095847
v 8.452193 0.023763 4.097642
v 8.985743 0.462104 4.221827
v 8.450702 -0.002268 4.088423
v 8.979069 -0.008686 4.086649
v 9.306178 0.013388 3.994055
v 9.386456 0.457236 4.096735
v 9.300452 -0.012591 3.986495
v 9.602822 0.009784 3.748771
v 9.714643 0.453249 3.820307
v 8.447584 -0.258903 3.986695
v 8.975951 -0.265322 3.984922
v 9.237464 -0.268499 3.903192
v 9.506157 -0.271763 3.685130
v 4.362291 0.023060 4.079620
v 4.416354 0.022381 4.079620
v 2.550013 -0.250437 4.032957
v 4.249928 -0.271732 3.958320
v 2.821895 0.566982 4.304311
v 2.855064 0.753421 4.224818
v 4.064233 0.718623 4.147320
v 4.089541 0.705280 4.151156
v 4.362523 0.553010 4.252326
v 2.657590 0.055187 4.158115
v -3.195234 0.759774 4.327119
v 2.795385 0.567304 4.304311
v -3.027868 0.227677 4.193893
v 2.523481 -0.250094 4.032957
v -2.896248 -0.115060 4.063658
v 2.829155 2.609824 4.113382
v -3.563233 3.196507 3.871844
v 2.676110 2.904470 3.984147
v -3.616411 2.965265 3.991703
v 2.892207 2.276210 4.228876
v -3.618186 2.582005 4.153835
v 2.887323 1.573153 4.238208
v -3.618186 2.582005 4.153835
v 2.892207 2.276210 4.228876
v -3.472712 1.784543 4.223640
v 2.828530 0.753743 4.224818
v -3.263148 0.996257 4.246364
v 2.795385 0.567304 4.304311
v -3.263148 0.996257 4.246364
v 2.828530 0.753743 4.224818
v -3.195234 0.759774 4.327119
v -3.221435 0.760092 4.327119
v -3.443970 1.004372 4.246985
v -3.289346 0.996575 4.246364
v -3.525351 0.798257 4.332883
v -3.576638 1.045689 4.250798
v -3.687800 0.879063 4.344809
v -3.693385 1.118403 4.256426
v -3.815399 1.000150 4.359306
v -3.787448 1.226113 4.262058
v -3.908234 1.157792 4.371964
v -4.085344 2.062958 4.292471
v -4.190222 2.021291 4.349221
v -4.181270 2.510034 4.200654
v -4.336255 2.465916 4.216039
v -4.150969 2.553360 4.185448
v -4.306930 2.602542 4.168355
v -3.644363 2.582323 4.153835
v -3.498889 1.784861 4.223640
v -3.787448 1.226113 4.262058
v -3.289346 0.996575 4.246364
v -3.693385 1.118403 4.256426
v -3.576638 1.045689 4.250798
v -3.443970 1.004372 4.246985
v -5.825291 2.582480 4.189949
v -4.336255 2.465916 4.216039
v -5.012277 2.159770 4.331754
v -5.054809 2.109675 4.335919
v -4.494238 1.425509 4.377062
v -4.777297 1.149506 4.383092
v -5.262880 1.747011 4.432480
v -5.834595 2.559604 4.197995
v -5.965927 2.141339 4.428092
v -6.731233 2.722998 4.096066
v -6.767905 2.284784 4.418426
v -7.641555 2.581556 4.121515
v -7.573262 2.160866 4.401980
v -8.466441 2.151122 4.205864
v -8.282758 1.783698 4.389078
v -9.087134 1.481307 4.247825
v -8.799825 1.198375 4.338955
v -9.388309 0.654000 4.195024
v -9.049583 0.522901 4.233505
v -9.024557 0.152173 4.143239
v -9.454210 0.201975 4.100722
v -9.413682 0.658588 4.194069
v -9.109194 1.493901 4.246029
v -9.333443 1.308941 4.239558
v -8.481772 2.170129 4.200742
v -7.648654 2.604631 4.113026
v -6.946600 2.716105 4.093718
v -10.066463 1.650206 4.141976
v -10.098602 1.362620 4.144415
v -10.708724 1.409426 4.063038
v -10.800524 1.793003 4.051798
v -9.965630 2.287851 4.093563
v -10.924604 2.365987 3.992478
v -9.872388 2.776834 3.976252
v -10.888492 2.789178 3.925421
v -11.035921 2.367339 3.984100
v -8.367131 2.752650 4.039164
v -10.156313 0.716226 4.098794
v -10.732174 0.769533 3.992212
v -11.393218 1.945922 3.896184
v -11.442019 0.832205 3.701841
v -11.631885 1.809687 3.672780
v -11.115396 2.164836 3.995492
v -10.175384 0.283230 4.008904
v -10.733846 0.348806 3.910413
v -11.289268 0.413105 3.648061
v -4.932743 1.062408 4.370346
v -5.262880 1.747011 4.432480
v -4.777297 1.149506 4.383092
v -5.385696 1.612052 4.426541
v -5.965927 2.141339 4.428092
v -6.032596 1.975016 4.430820
v -6.767905 2.284784 4.418426
v -6.770837 2.107200 4.426141
v -7.573262 2.160866 4.401980
v -7.511567 1.992983 4.408074
v -8.282758 1.783698 4.389078
v -8.162724 1.645789 4.389542
v -8.799825 1.198375 4.338955
v -8.636456 1.107403 4.336362
v -9.049583 0.522901 4.233505
v -8.863880 0.445624 4.226278
v -9.024557 0.152173 4.143239
v -8.843453 0.132526 4.151087
v -4.607049 0.550202 4.270835
v -4.782955 0.521613 4.263367
v -4.617007 0.265051 4.194978
v -4.790160 -0.071545 4.086070
v -4.234151 0.425293 4.249333
v -4.318804 0.969975 4.355360
v -4.175940 0.972517 4.355826
v -3.936274 0.254918 4.199191
v -4.412973 1.501405 4.376798
v -2.922446 -0.114631 4.063703
v -3.054048 0.227995 4.193893
v -3.221435 0.760092 4.327119
v -3.525351 0.798257 4.332883
v -3.687800 0.879063 4.344809
v -3.815399 1.000150 4.359306
v -3.908234 1.157792 4.371964
v -4.190222 2.021291 4.349221
v -6.328682 2.677761 4.129741
v -6.729962 2.747392 4.086314
v -6.755953 3.100662 3.923915
v -5.828712 3.060023 3.955880
v -4.306930 2.602542 4.168355
v -4.717798 3.014360 3.974324
v -3.642588 2.965583 3.991703
v -4.664621 3.245469 3.845044
v -3.589432 3.196826 3.871844
v -3.644363 2.582323 4.153835
v -5.770263 3.290912 3.805541
v -6.769367 3.332314 3.761871
v -8.312202 3.361832 3.685061
v -8.339794 3.130723 3.870292
v -8.367131 2.752650 4.039164
v -9.716803 3.384705 3.577790
v -9.781101 3.154083 3.775813
v -10.774867 3.397559 3.480677
v -10.800244 3.166465 3.693883
v -9.872388 2.776834 3.976252
v -10.888492 2.789178 3.925421
v -5.770263 3.290912 3.805541
v -4.664090 3.289225 3.730880
v -4.664621 3.245469 3.845044
v -5.768913 3.334659 3.644318
v -6.766086 3.376015 3.547622
v -6.769367 3.332314 3.761871
v -8.305996 3.405475 3.367000
v -8.312202 3.361832 3.685061
v -9.875161 3.433539 3.177359
v -9.716803 3.384705 3.577790
v -10.882764 3.435935 3.116928
v -10.774867 3.397559 3.480677
v -3.589432 3.196826 3.871844
v -3.600672 3.240747 3.794701
v -3.445473 3.214563 3.808356
v 2.676110 2.904470 3.984147
v 1.374512 2.962538 3.897271
v -8.825311 3.419785 3.268377
v -8.990025 3.428969 3.182102
v -8.367131 2.752650 4.039164
v -9.781101 3.154083 3.775813
v -8.339794 3.130723 3.870292
v -9.872388 2.776834 3.976252
v -8.367131 2.752650 4.039164
v -9.965630 2.287851 4.093563
v -9.872388 2.776834 3.976252
v -8.481772 2.170129 4.200742
v -9.109194 1.493901 4.246029
v -10.066463 1.650206 4.141976
v 9.008712 1.748810 3.986187
v 8.824568 1.146007 4.084565
v 8.807964 1.146209 4.136348
v 9.038020 1.741648 3.933472
v 9.109089 1.874287 3.860473
v 9.133091 1.851937 3.810997
v 8.836639 1.086713 4.131516
v 8.848495 1.099139 4.081152
v 8.932340 0.945930 4.125308
v 8.918322 1.020211 4.077272
v 9.470901 0.939387 4.014117
v 9.440617 1.008435 3.977121
v 9.748240 0.936017 3.751721
v 9.706639 0.989596 3.727316
v 9.253005 1.961570 3.657753
v 9.236667 1.895815 3.610558
v 8.836639 1.086713 4.131516
v 8.932340 0.945930 4.125308
v 9.457994 0.752769 4.000727
v 9.470901 0.939387 4.014117
v 9.731297 0.749448 3.742676
v 9.748240 0.936017 3.751721
v 8.984840 0.530152 3.939434
v 8.898438 0.759523 3.976677
v 8.984840 0.530152 3.939434
v 8.985743 0.462104 4.221827
v 8.586057 0.467737 4.244725
v 9.386456 0.457236 4.096735
v 9.220130 0.527294 3.866082
v 9.714643 0.453249 3.820307
v 9.522205 0.523624 3.659260
v 9.522205 0.523624 3.659260
v 10.311259 0.446001 2.754006
v 9.714643 0.453249 3.820307
v 10.002495 0.517789 2.959655
v 10.311259 0.446001 2.754006
v 9.714643 0.453249 3.820307
v 10.273692 0.120018 2.612290
v 9.602822 0.009784 3.748771
v 10.311259 0.446001 2.754006
v 9.506157 -0.271763 3.685130
v 10.071387 -0.278630 2.675534
v 10.387798 0.286119 2.467869
v 10.626057 0.292336 1.798455
v 10.681416 0.737906 1.803088
v 10.364799 0.741752 2.685331
v 10.382496 0.928312 2.693090
v 9.748240 0.936017 3.751721
v 9.731297 0.749448 3.742676
v 10.699136 0.924466 1.810847
v 10.847438 0.735889 1.007963
v 10.866287 0.922435 1.012994
v 10.949311 0.734652 -0.000037
v 10.968916 0.921188 -0.000037
v 10.792080 0.290320 1.003308
v 10.893953 0.289082 -0.000037
v 9.706639 0.989596 3.727316
v 10.382496 0.928312 2.693090
v 9.748240 0.936017 3.751721
v 10.338897 0.981915 2.672365
v 10.699136 0.924466 1.810847
v 10.655560 0.978068 1.790142
v 10.866287 0.922435 1.012994
v 10.819653 0.976074 1.000072
v 10.968916 0.921188 -0.000037
v 10.920617 0.974848 -0.000037
v -2.922446 -0.114631 4.063703
v -4.791381 -0.172046 4.164611
v -4.790160 -0.071545 4.086070
v -2.897397 -0.209687 4.157871
v -2.896248 -0.115060 4.063658
v 2.522332 -0.344652 4.125218
v 2.523481 -0.250094 4.032957
v 2.550013 -0.250437 4.032957
v 4.258908 -0.366392 4.050560
v 4.249928 -0.271732 3.958320
v -2.897397 -0.209687 4.157871
v -4.797044 -0.638149 3.917884
v -4.791381 -0.172046 4.164611
v -2.903058 -0.675658 3.909129
v 2.517402 -0.750509 3.903656
v 2.522332 -0.344652 4.125218
v 4.380678 -0.773811 3.828929
v 4.258908 -0.366392 4.050560
v 4.416354 0.022381 4.079620
v 4.362291 0.023060 4.079620
v 4.258908 -0.366392 4.050560
v 4.249928 -0.271732 3.958320
v 4.362291 0.023060 4.079620
v -5.768913 3.334659 3.644318
v -4.662942 3.383717 3.698227
v -4.664090 3.289225 3.730880
v -5.765859 3.429063 3.610688
v -3.600672 3.240747 3.794701
v -4.566837 3.466017 3.674421
v -4.551049 3.603208 3.621218
v -3.916137 4.286551 3.343705
v -4.761130 4.246823 3.315021
v -3.894892 4.425646 3.267426
v -3.782513 4.530005 3.206952
v -4.867414 4.339430 3.262483
v -4.919999 4.540102 3.133667
v -4.963165 4.350214 3.250711
v -5.273372 4.480058 3.150515
v -5.248174 4.324237 3.248605
v -6.824332 4.081590 3.234484
v -6.784093 3.913945 3.328186
v -7.761646 3.804069 3.267647
v -6.936260 3.786282 3.370369
v -8.305996 3.405475 3.367000
v -6.916853 3.548060 3.467776
v -6.766086 3.376015 3.547622
v -6.759113 3.466534 3.514969
v -8.825311 3.419785 3.268377
v -3.576180 4.590639 3.169733
v -3.797359 4.704081 3.089377
v -2.464499 4.664611 3.122849
v -2.476902 4.756697 3.065547
v -1.106418 4.644476 3.119081
v -1.077373 4.745148 3.056081
v -0.239176 4.541228 3.175009
v -0.204085 4.628504 3.122139
v 0.254663 4.365945 3.272636
v 0.309843 4.460890 3.202432
v 1.504877 3.733479 3.572031
v 1.555666 3.822869 3.513818
v 2.118330 3.363938 3.726757
v 2.213294 3.439935 3.678391
v 2.689274 2.904243 3.915915
v 2.897941 2.946978 3.871845
v 2.662764 2.904565 3.915915
v 2.210761 3.474107 3.558374
v 2.897941 2.946978 3.871845
v 2.213294 3.439935 3.678391
v 2.988514 2.986335 3.757504
v 1.592622 3.857560 3.394823
v 1.555666 3.822869 3.513818
v 0.348731 4.497750 3.075610
v 0.309843 4.460890 3.202432
v -0.179102 4.690473 2.962823
v -0.204085 4.628504 3.122139
v -1.061474 4.800155 2.899910
v -1.077373 4.745148 3.056081
v -2.485669 4.821648 2.903235
v -2.476902 4.756697 3.065547
v -3.805979 4.768056 2.952936
v -3.797359 4.704081 3.089377
v -4.924501 4.603757 2.998292
v -4.919999 4.540102 3.133667
v -5.288042 4.526283 3.015315
v -5.273372 4.480058 3.150515
v -6.844849 4.126508 3.105603
v -6.824332 4.081590 3.234484
v -7.771475 3.849014 3.142688
v -7.761646 3.804069 3.267647
v -8.990025 3.428969 3.182102
v -8.825311 3.419785 3.268377
v 7.442204 2.475590 3.836601
v 8.645724 2.287894 3.478130
v 8.465476 2.242975 3.752429
v 7.619608 2.532670 3.558975
v 7.422042 2.460162 3.868011
v 8.448335 2.229926 3.778344
v 6.513255 2.610978 3.883085
v 6.689086 2.693683 3.603974
v 6.491183 2.591604 3.917931
v 5.521731 2.695984 3.905431
v 5.693040 2.798738 3.624014
v 5.494776 2.670594 3.949476
v 2.907319 2.932543 3.926222
v 3.375249 3.022429 3.663693
v 2.702598 2.904148 3.984147
v 9.082866 2.131922 3.425704
v 8.905543 2.114368 3.690961
v 8.885880 2.103478 3.720197
v 9.450048 1.992873 3.369375
v 9.268208 1.972004 3.635673
v 9.253005 1.961570 3.657753
v 9.450048 1.992873 3.369375
v 9.433711 1.927141 3.326815
v 9.236667 1.895815 3.610558
v 9.268208 1.972004 3.635673
v 9.253005 1.961570 3.657753
v 9.468887 1.992644 3.342819
v 10.148502 1.959359 2.325510
v 9.452528 1.926912 3.300256
v 10.164840 2.025091 2.368071
v 10.164840 2.025091 2.368071
v 10.416687 1.956101 1.174729
v 10.433046 2.021833 1.198537
v 10.501717 1.955068 -0.000037
v 10.518076 2.020800 -0.000037
v 8.984840 0.530152 3.939434
v 9.253847 0.755226 3.866082
v 9.220130 0.527294 3.866082
v 8.898438 0.759523 3.976677
v 9.555923 0.751556 3.659260
v 9.522205 0.523624 3.659260
v 10.036235 0.745721 2.919420
v 10.002495 0.517789 2.959655
v 10.364799 0.741752 2.685331
v 10.002495 0.517789 2.959655
v 10.036235 0.745721 2.919420
v 10.311259 0.446001 2.754006
v 8.898438 0.759523 3.976677
v 9.457994 0.752769 4.000727
v 9.253847 0.755226 3.866082
v 8.898438 0.759523 3.976677
v 8.745672 0.761379 4.157628
v 9.457994 0.752769 4.000727
v 9.253847 0.755226 3.866082
v 9.731297 0.749448 3.742676
v 9.555923 0.751556 3.659260
v 9.555923 0.751556 3.659260
v 10.364799 0.741752 2.685331
v 10.036235 0.745721 2.919420
v 9.731297 0.749448 3.742676
v 9.440617 1.008435 3.977121
v 9.107968 1.095987 3.831347
v 9.728212 1.088452 2.776397
v 8.952300 1.052608 4.033646
v 9.706639 0.989596 3.727316
v 10.338897 0.981915 2.672365
v 9.899355 1.086373 2.287138
v 10.655560 0.978068 1.790142
v 8.848495 1.099139 4.081152
v 9.849836 1.119740 2.313628
v 9.694972 1.118607 2.748708
v 9.817831 1.207986 2.384630
v 9.708221 1.209317 2.664073
v 8.918322 1.020211 4.077272
v 9.591206 1.090117 2.776397
v 8.775192 1.100030 4.081152
v 9.700374 1.088790 1.894175
v 9.860344 1.086847 1.104103
v 10.819653 0.976074 1.000072
v 9.958716 1.085652 -0.000037
v 10.920617 0.974848 -0.000037
v 9.564207 1.090445 2.287138
v 9.849836 1.119740 2.313628
v 9.817831 1.207986 2.384630
v 9.550069 1.211239 2.384630
v 9.694972 1.118607 2.748708
v 9.668411 1.209801 2.664073
v 9.708221 1.209317 2.664073
v 9.842485 1.948889 2.657954
v 9.802675 1.949372 2.657954
v 9.708221 1.209317 2.664073
v 9.970027 1.956384 2.379620
v 9.817831 1.207986 2.384630
v 9.842485 1.948889 2.657954
v 1.374512 2.962538 3.897271
v 2.662764 2.904565 3.915915
v 2.676110 2.904470 3.984147
v 2.662764 2.904565 3.915915
v 2.702598 2.904148 3.984147
v 2.676110 2.904470 3.984147
v 2.689274 2.904243 3.915915
v 2.702598 2.904148 3.984147
v 2.897941 2.946978 3.871845
v 2.907319 2.932543 3.926222
v 2.689274 2.904243 3.915915
v 2.988514 2.986335 3.757504
v 3.375249 3.022429 3.663693
v 10.273692 0.120018 2.612290
v 9.789483 -0.275205 2.660171
v 10.071387 -0.278630 2.675534
v 9.991572 0.105643 2.596927
v 10.387798 0.286119 2.467869
v 10.105653 0.271745 2.452507
v 10.626057 0.292336 1.798455
v 10.343959 0.277940 1.798455
v 10.792080 0.290320 1.003308
v 10.509934 0.275924 1.003308
v 10.893953 0.289082 -0.000037
v 10.611809 0.274664 -0.000037
v 2.891140 2.987518 3.757504
v 2.897941 2.946978 3.871845
v 2.754842 2.930871 3.897915
v 2.897941 2.946978 3.871845
v 2.891140 2.987518 3.757504
v 2.988514 2.986335 3.757504
v 9.789483 -0.275205 2.660171
v 10.386078 -0.282453 1.798455
v 10.071387 -0.278630 2.675534
v 10.104172 -0.279028 1.798455
v 10.552101 -0.284470 1.003308
v 10.270172 -0.281045 1.003308
v 10.653974 -0.285707 -0.000037
v 10.372045 -0.282282 -0.000037
v 10.270172 -0.281045 -1.003360
v 10.552101 -0.284470 -1.003360
v 10.104172 -0.279028 -1.798463
v 10.386078 -0.282453 -1.798463
v 9.789483 -0.275205 -2.660202
v 10.071387 -0.278629 -2.675607
v 8.975951 -0.265322 3.984922
v 8.453208 -0.294265 4.049009
v 8.447584 -0.258903 3.986695
v 8.981529 -0.300683 4.047214
v 9.237464 -0.268499 3.903192
v 9.265651 -0.304135 3.966258
v 9.506157 -0.271763 3.685130
v 9.571162 -0.307847 3.728112
v 10.071387 -0.278630 2.675534
v 9.571162 -0.307847 3.728112
v 9.506157 -0.271763 3.685130
v 10.156187 -0.314954 2.675534
v 10.386078 -0.282453 1.798455
v 10.470897 -0.318755 1.798455
v 10.552101 -0.284470 1.003308
v 10.636875 -0.320771 1.003308
v 10.653974 -0.285707 -0.000037
v 10.738749 -0.322008 -0.000037
v 8.981529 -0.300683 4.047214
v 8.462417 -0.541695 3.890445
v 8.453208 -0.294265 4.049009
v 8.941574 -0.547516 3.888935
v 9.265651 -0.304135 3.966258
v 9.166601 -0.550250 3.812925
v 9.571162 -0.307847 3.728112
v 9.414106 -0.553257 3.617895
v 9.571162 -0.307847 3.728112
v 10.129061 -0.367143 2.685067
v 9.414106 -0.553257 3.617895
v 10.156187 -0.314954 2.675534
v 10.470897 -0.318755 1.798455
v 10.443772 -0.370944 1.798455
v 10.636875 -0.320771 1.003308
v 10.609750 -0.372960 1.003308
v 10.738749 -0.322008 -0.000037
v 10.711623 -0.374197 -0.000037
v 9.625657 -0.555827 2.723859
v 10.001653 -0.560705 1.798455
v 10.167631 -0.562721 1.003308
v 10.269505 -0.563959 -0.000037
v 9.923809 -0.559449 2.723859
v 10.441862 0.276728 1.383946
v 10.403033 -0.282659 1.383945
v 10.202079 -0.280218 1.383945
v 10.643015 0.292130 1.383946
v 10.403033 -0.282659 1.298977
v 10.441862 0.276728 1.298977
v 10.202079 -0.280218 1.298977
v 10.643015 0.292130 1.298977
v 10.643015 0.292130 1.383946
v 10.429612 -0.282982 1.341450
v 10.403033 -0.282659 1.383945
v 10.669591 0.291808 1.341450
v 10.403033 -0.282659 1.298977
v 10.643015 0.292130 1.298977
v 10.429612 -0.282982 1.341450
v 10.669591 0.291808 1.341450
v 10.669591 0.291808 1.341450
v 10.429612 -0.282982 1.341450
v 9.038020 1.741648 3.933472
v 8.751307 1.146897 4.084565
v 8.824568 1.146007 4.084565
v 8.947208 1.742751 3.935512
v 9.133091 1.851937 3.810997
v 9.042256 1.853040 3.813036
v 8.775192 1.100030 4.081152
v 8.848495 1.099139 4.081152
v 9.236667 1.895815 3.610558
v 9.163364 1.896706 3.610558
v 9.433711 1.927141 3.326815
v 9.163364 1.896706 3.610558
v 9.236667 1.895815 3.610558
v 9.360428 1.928031 3.326815
v 9.970027 1.956384 2.379620
v 10.148502 1.959359 2.325510
v 9.878530 1.963326 1.894175
v 10.416687 1.956101 1.174729
v 10.038457 1.961383 1.104103
v 10.501717 1.955068 -0.000037
v 10.136871 1.960166 -0.000037
v 9.842485 1.948889 2.657954
v 9.379226 1.927803 3.300256
v 9.452528 1.926912 3.300256
v 9.702264 1.959637 2.379620
v 9.802675 1.949372 2.657954
v 9.817831 1.207986 2.384630
v 9.702264 1.959637 2.379620
v 9.550069 1.211239 2.384630
v 9.970027 1.956384 2.379620
v -0.178923 4.705214 2.888272
v 0.464502 4.622111 1.578198
v 0.348911 4.512535 3.001107
v -0.149445 4.815878 1.521804
v -1.061295 4.814940 2.825429
v -1.059600 4.952590 1.490371
v -2.485490 4.836409 2.828754
v -2.483499 5.000259 1.489018
v -3.811674 4.782932 2.878408
v -3.856092 4.948013 1.525373
v -4.930197 4.618592 2.923764
v -5.060599 4.784228 1.565827
v 0.492460 4.662451 -0.000038
v -0.142023 4.886730 -0.000038
v -1.058605 5.034493 -0.000038
v -2.482274 5.101026 -0.000039
v -3.879695 5.041586 -0.000039
v -5.129055 4.872117 -0.000039
v -10.890240 3.439243 3.079821
v -10.060503 3.544109 2.163085
v -9.880375 3.436683 3.148741
v -11.075459 3.521367 2.162951
v -10.157299 3.625870 1.052073
v -11.198351 3.589900 1.051939
v -10.157020 3.648921 -0.000040
v -11.239585 3.610132 -0.000040
v -9.194183 3.560054 2.163085
v -9.279255 3.641672 1.052073
v -9.305462 3.665068 -0.000040
v -8.996559 3.433151 3.149426
v 3.375249 3.022429 3.663693
v 3.378455 2.965150 3.621352
v 3.394044 3.022201 3.637160
v 3.351968 2.965472 3.663693
v 3.811855 3.134378 2.824587
v 3.787947 3.139145 2.911904
v 3.854426 3.209655 2.740285
v 4.092790 3.260877 1.363262
v 4.116049 3.317834 1.363262
v 4.139809 3.282606 -0.000038
v 4.163112 3.339541 -0.000038
v 3.351968 2.965472 3.663693
v 2.988514 2.986335 3.757504
v 3.378455 2.965150 3.621352
v 3.348791 3.023372 2.753628
v 3.811855 3.134378 2.824587
v 3.607737 3.057093 1.371264
v 4.092790 3.260877 1.363262
v 3.654082 3.063580 -0.000038
v 4.139809 3.282606 -0.000038
v 4.092790 3.260877 -1.363315
v 3.607737 3.057093 -1.371341
v 3.811856 3.134379 -2.824640
v 3.348792 3.023373 -2.753705
v 3.378456 2.965151 -3.621429
v 2.988516 2.986336 -3.757537
v 3.351969 2.965473 -3.663768
v 3.375249 3.022429 3.663693
v 2.988514 2.986335 3.757504
v 3.351968 2.965472 3.663693
v -10.939283 3.126742 3.142532
v -10.882764 3.435935 3.116928
v -10.774867 3.397559 3.480677
v -10.875099 3.119867 3.421532
v -10.800244 3.166465 3.693883
v -10.897610 2.994706 3.566484
v -10.888492 2.789178 3.925421
v -10.951427 2.853192 3.604149
v -11.035921 2.367339 3.984100
v -11.077683 2.519129 3.629750
v -11.153434 2.304055 3.612971
v -11.115396 2.164836 3.995492
v -11.234138 2.191906 3.476131
v -11.393218 1.945922 3.896184
v -11.380182 2.205097 2.743940
v -11.658004 1.986183 2.743940
v -11.631885 1.809687 3.672780
v -11.840466 1.812221 3.264452
v -11.985574 1.812898 2.756309
v -11.798669 1.987892 1.902772
v -12.126261 1.814607 1.915120
v -11.520847 2.206807 1.902772
v -11.897154 1.989088 1.048016
v -12.224721 1.815804 1.069984
v -11.619329 2.208003 1.048016
v -11.938624 1.989592 -0.000041
v -12.266194 1.816308 -0.000041
v -11.660780 2.208507 -0.000040
v -11.198351 3.589900 1.051939
v -11.286178 3.165385 -0.000040
v -11.239585 3.610132 -0.000040
v -11.244731 3.164882 1.051917
v -11.075459 3.521367 2.162951
v -11.132128 3.157838 2.198753
v -10.890240 3.439243 3.079821
v -11.031006 3.136593 2.743785
v -10.948247 3.127717 3.103585
v -11.520847 2.206807 1.902772
v -11.486638 2.551653 1.048792
v -11.388179 2.550457 1.931279
v -11.619329 2.208003 1.048016
v -11.357713 2.895971 1.049567
v -11.259206 2.894774 1.959188
v -11.191926 3.045991 1.996806
v -11.288355 3.061062 1.051009
v -11.528111 2.552157 -0.000040
v -11.660780 2.208507 -0.000040
v -11.399140 2.896474 -0.000040
v -11.329372 3.062559 -0.000040
v -11.216939 3.164058 1.051917
v -11.258186 3.165068 -0.000040
v -11.104135 3.157498 2.180331
v -11.442019 0.832205 3.701841
v -11.840466 1.812221 3.264452
v -11.631885 1.809687 3.672780
v -11.675537 0.835042 3.279527
v -11.611483 0.542032 3.165277
v -11.553846 0.417450 3.211340
v -11.289268 0.413105 3.648061
v -11.707709 0.668500 2.964372
v -11.748855 0.650156 2.716007
v -11.850946 0.836088 2.637824
v -11.712180 0.493951 2.515105
v -11.971708 0.837555 1.903924
v -11.985574 1.812898 2.756309
v -12.126261 1.814607 1.915120
v -11.685540 0.422065 2.491540
v -11.783645 0.418025 1.890424
v -12.224721 1.815804 1.069984
v -12.191184 1.603792 1.067546
v -12.005631 0.694777 1.018644
v -11.882105 0.419221 1.009776
v -12.266194 1.816308 -0.000041
v -12.234446 1.615669 -0.000041
v -12.044449 0.689396 -0.000041
v -11.923555 0.419725 -0.000041
v -12.005631 0.694777 1.018644
v -12.017063 0.770291 -0.000041
v -12.015620 0.770273 0.928267
v -12.044449 0.689396 -0.000041
v -12.234446 1.615669 -0.000041
v -12.011214 1.492556 0.929995
v -12.012595 1.504766 -0.000041
v -12.191184 1.603792 1.067546
v -12.015620 0.770273 0.928267
v -12.012595 1.504766 -0.000041
v -12.011214 1.492556 0.929995
v -12.017063 0.770291 -0.000041
v -12.011214 1.492556 0.929995
v -12.005631 0.694777 1.018644
v -12.015620 0.770273 0.928267
v -12.191184 1.603792 1.067546
v -11.132128 3.157838 2.198753
v -11.216939 3.164058 1.051917
v -11.244731 3.164882 1.051917
v -11.104135 3.157498 2.180331
v -11.258186 3.165068 -0.000040
v -11.244731 3.164882 1.051917
v -11.258186 3.165068 -0.000040
v -11.286178 3.165385 -0.000040
v -11.244731 3.164882 -1.051976
v -8.843453 0.132526 4.151087
v -8.843866 0.098545 4.205772
v -9.024557 0.152173 4.143239
v -9.454623 0.168017 4.155410
v -9.454210 0.201975 4.100722
v -10.175797 0.249249 4.063592
v -10.175384 0.283230 4.008904
v -10.754519 0.315072 3.965079
v -10.733846 0.348806 3.910413
v -11.329534 0.379609 3.676326
v -11.289268 0.413105 3.648061
v -11.289268 0.413105 3.648061
v -11.574160 0.373293 3.236500
v -11.553846 0.417450 3.211340
v -11.329534 0.379609 3.676326
v -11.641525 0.375552 3.057432
v -11.685540 0.422065 2.491540
v -11.838718 0.384708 1.890424
v -11.783645 0.418025 1.890424
v -11.713004 0.377019 2.653385
v -11.937200 0.385905 1.009776
v -11.882105 0.419221 1.009776
v -11.978652 0.386409 -0.000041
v -11.923555 0.419725 -0.000041
v -8.843866 0.098545 4.205772
v -9.465228 -0.051550 4.030141
v -9.454623 0.168017 4.155410
v -8.846794 -0.144326 4.080505
v -10.162946 0.051610 3.938323
v -10.175797 0.249249 4.063592
v -10.714471 0.137277 3.839833
v -10.754519 0.315072 3.965079
v -11.250234 0.217255 3.596123
v -11.329534 0.379609 3.676326
v -11.329534 0.379609 3.676326
v -11.520226 0.221266 3.182900
v -11.574160 0.373293 3.236500
v -11.587551 0.223525 3.041425
v -11.641525 0.375552 3.057432
v -11.329534 0.379609 3.676326
v -11.250234 0.217255 3.596123
v -11.713004 0.377019 2.653385
v -11.759396 0.222354 1.890424
v -11.838718 0.384708 1.890424
v -11.659051 0.225015 2.637380
v -11.857858 0.223550 1.009776
v -11.937200 0.385905 1.009776
v -11.899353 0.224054 -0.000041
v -11.978652 0.386409 -0.000041
v -11.748855 0.650156 2.716007
v -11.716619 0.394975 2.659282
v -11.712180 0.493951 2.515105
v -11.730649 0.486571 2.777234
v -11.707709 0.668500 2.964372
v -11.709370 0.497375 2.923029
v -11.611483 0.542032 3.165277
v -11.661783 0.423261 3.040984
v -11.553846 0.417450 3.211340
v -11.641525 0.375552 3.057432
v -11.713004 0.377019 2.653385
v -11.685540 0.422065 2.491540
v -11.587551 0.223525 3.041425
v -11.454556 0.373280 3.057432
v -11.641525 0.375552 3.057432
v -11.400604 0.221254 3.041425
v -11.713004 0.377019 2.653385
v -11.472079 0.222743 2.637380
v -11.659051 0.225015 2.637380
v -11.716619 0.394975 2.659282
v -11.529695 0.392704 2.659282
v -11.713004 0.377019 2.653385
v -11.529695 0.392704 2.659282
v -11.472079 0.222743 2.637380
v -11.730649 0.486571 2.777234
v -11.529695 0.392704 2.659282
v -11.716619 0.394975 2.659282
v -11.543680 0.484300 2.777234
v -11.709370 0.497375 2.923029
v -11.522443 0.495104 2.923029
v -11.661783 0.423261 3.040984
v -11.474859 0.420990 3.040984
v -11.641525 0.375552 3.057432
v -11.454556 0.373280 3.057432
v -11.400604 0.221254 3.041425
v -11.472079 0.222743 2.637380
v -11.529695 0.392704 2.659282
v -11.543680 0.484300 2.777234
v -11.522443 0.495104 2.923029
v -11.474859 0.420990 3.040984
v -11.454556 0.373280 3.057432
v 9.923809 -0.559449 2.723859
v 10.129061 -0.367143 2.685067
v 9.625657 -0.555827 2.723859
v 10.606800 0.274725 0.041615
v 10.567968 -0.284663 0.041615
v 10.367014 -0.282221 0.041615
v 10.807949 0.290105 0.041615
v 10.807949 0.290105 0.041615
v 10.594547 -0.284986 -0.000037
v 10.567968 -0.284663 0.041615
v 10.834525 0.289782 -0.000037
v 10.594547 -0.284986 -0.000037
v 10.834525 0.289782 -0.000037
v 10.567968 -0.284663 -0.041689
v 10.606800 0.274725 -0.041689
v 10.367014 -0.282221 -0.041689
v 10.807949 0.290105 -0.041689
v 10.594547 -0.284986 -0.000037
v 10.807949 0.290105 -0.041689
v 10.567968 -0.284663 -0.041689
v 10.834525 0.289782 -0.000037
v 10.594547 -0.284986 -0.000037
v 10.834525 0.289782 -0.000037
v 10.441862 0.276728 1.383946
v 10.403033 -0.282659 1.383945
v 10.202079 -0.280218 1.383945
v 10.403033 -0.282659 1.298977
v 10.441862 0.276728 1.298977
v 10.202079 -0.280218 1.298977
v 5.048857 1.620341 -4.388136
v 4.698188 0.943588 -4.325777
v 5.161773 1.482429 -4.382128
v 4.544908 1.034481 -4.338524
v 4.362525 0.553011 -4.252381
v 4.446951 0.281700 -4.186301
v 2.821896 0.566983 -4.304387
v 2.684123 0.054866 -4.158169
v 5.722799 1.998162 -4.387469
v 5.781745 1.830224 -4.390950
v 6.485488 2.122687 -4.381151
v 6.483329 1.944984 -4.388844
v 7.244927 1.979670 -4.387469
v 7.181940 1.813214 -4.390950
v 7.909513 1.585588 -4.388135
v 7.793280 1.450438 -4.382127
v 4.267225 1.199468 -4.182754
v 4.844275 1.870078 -4.208577
v 5.048857 1.620341 -4.388136
v 4.089542 0.705281 -4.151208
v 5.616015 2.301624 -4.123764
v 5.722799 1.998162 -4.387469
v 6.489388 2.443714 -4.032434
v 6.485488 2.122687 -4.381151
v 7.359028 2.280449 -4.037091
v 7.244927 1.979670 -4.387469
v 8.120079 1.830281 -4.129617
v 7.909513 1.585588 -4.388135
v 8.639396 1.146351 -4.176701
v 8.264779 1.151634 -4.358230
v 8.399059 0.987658 -4.338523
v 8.745674 0.761380 -4.157682
v 8.586059 0.467738 -4.244799
v 8.665722 1.147362 -4.176723
v 8.136178 1.848930 -4.111794
v 7.367774 2.303377 -4.010866
v 6.489685 2.468209 -4.005523
v 5.607851 2.324757 -4.109202
v 5.255063 2.152311 -4.152893
v 4.828656 1.889112 -4.197871
v 4.246007 1.212052 -4.177012
v 4.064234 0.718624 -4.147395
v 8.807966 1.146210 -4.136422
v 9.008714 1.748811 -3.986238
v 7.393116 2.376648 -3.961256
v 8.312511 2.064156 -3.988986
v 7.422043 2.460163 -3.868042
v 6.491184 2.591605 -3.917963
v 4.485140 2.202522 -4.170274
v 5.494777 2.670595 -3.949528
v 2.855689 2.609502 -4.113413
v 2.702599 2.904149 -3.984177
v 2.913857 1.572832 -4.238261
v 2.855066 0.753422 -4.224871
v 2.918718 2.275889 -4.228906
v 9.109091 1.874288 -3.860527
v 8.448337 2.229927 -3.778394
v 8.885881 2.103479 -3.720251
v 9.253007 1.961571 -3.657825
v 4.485140 2.202522 -4.170274
v 2.918718 2.275889 -4.228906
v 8.243638 0.900516 -4.325777
v 8.397777 0.431317 -4.235888
v 8.399059 0.987658 -4.338523
v 8.035234 1.154932 -4.358296
v 8.264779 1.151634 -4.358230
v 8.979387 0.017359 -4.095923
v 8.452195 0.023764 -4.097674
v 8.985744 0.462106 -4.221901
v 8.450704 -0.002266 -4.088497
v 8.979071 -0.008685 -4.086701
v 9.306180 0.013389 -3.994108
v 9.386457 0.457237 -4.096811
v 9.300454 -0.012590 -3.986571
v 9.602824 0.009785 -3.748802
v 9.714645 0.453250 -3.820336
v 8.447586 -0.258902 -3.986749
v 8.975953 -0.265321 -3.984998
v 9.237466 -0.268498 -3.903221
v 9.506159 -0.271763 -3.685203
v 4.246007 1.212052 -4.177012
v 4.485140 2.202522 -4.170274
v 2.913857 1.572832 -4.238261
v 4.828656 1.889112 -4.197871
v 4.362292 0.023062 -4.079674
v 4.416355 0.022382 -4.079674
v 2.550014 -0.250436 -4.032990
v 4.249928 -0.271731 -3.958351
v 4.064234 0.718624 -4.147395
v 2.855066 0.753422 -4.224871
v 2.821896 0.566983 -4.304387
v 4.089542 0.705281 -4.151208
v 4.362525 0.553011 -4.252381
v 2.657591 0.055189 -4.158169
v -3.195232 0.759775 -4.327177
v -3.027867 0.227678 -4.193948
v 2.795387 0.567305 -4.304387
v 2.523483 -0.250092 -4.032990
v -2.896246 -0.115059 -4.063738
v 2.829157 2.609825 -4.113413
v -3.563232 3.196508 -3.871899
v -3.616410 2.965266 -3.991760
v 2.676112 2.904471 -3.984177
v 2.892208 2.276211 -4.228906
v -3.618185 2.582006 -4.153893
v 2.887325 1.573154 -4.238261
v -3.618185 2.582006 -4.153893
v -3.472711 1.784544 -4.223698
v 2.892208 2.276211 -4.228906
v 2.828531 0.753744 -4.224871
v -3.263146 0.996258 -4.246441
v 2.795387 0.567305 -4.304387
v -3.263146 0.996258 -4.246441
v -3.195232 0.759775 -4.327177
v 2.828531 0.753744 -4.224871
v -3.221434 0.760094 -4.327177
v -3.443969 1.004373 -4.247040
v -3.525350 0.798258 -4.332961
v -3.289345 0.996576 -4.246441
v -3.576636 1.045690 -4.250832
v -3.687798 0.879065 -4.344844
v -3.693383 1.118405 -4.256484
v -3.815398 1.000152 -4.359386
v -3.787446 1.226114 -4.262115
v -3.908232 1.157793 -4.372044
v -4.085342 2.062959 -4.292507
v -4.190220 2.021292 -4.349254
v -4.181269 2.510035 -4.200711
v -4.336254 2.465917 -4.216094
v -4.150968 2.553361 -4.185525
v -4.306929 2.602543 -4.168435
v -3.644361 2.582324 -4.153893
v -3.498888 1.784862 -4.223698
v -3.787446 1.226114 -4.262115
v -3.289345 0.996576 -4.246441
v -3.693383 1.118405 -4.256484
v -3.576636 1.045690 -4.250832
v -3.443969 1.004373 -4.247040
v -4.336254 2.465917 -4.216094
v -5.825290 2.582481 -4.190004
v -5.012275 2.159771 -4.331809
v -5.054807 2.109676 -4.335999
v -4.494236 1.425510 -4.377120
v -4.777295 1.149507 -4.383148
v -5.262878 1.747012 -4.432494
v -5.834594 2.559605 -4.198050
v -5.965925 2.141340 -4.428126
v -6.731232 2.722999 -4.096103
v -6.767903 2.284785 -4.418462
v -7.641554 2.581557 -4.121573
v -7.573260 2.160866 -4.402036
v -8.466417 2.151123 -4.205898
v -8.282756 1.783700 -4.389134
v -9.087132 1.481308 -4.247863
v -8.799823 1.198376 -4.339014
v -9.388308 0.654001 -4.195081
v -9.049582 0.522902 -4.233565
v -9.024555 0.152175 -4.143299
v -9.454208 0.201976 -4.100802
v -9.413680 0.658589 -4.194151
v -9.109192 1.493902 -4.246067
v -9.333441 1.308943 -4.239615
v -8.481771 2.170130 -4.200800
v -7.648654 2.604632 -4.113082
v -6.946599 2.716106 -4.093774
v -9.965628 2.287852 -4.093619
v -8.367129 2.752650 -4.039222
v -9.872386 2.776835 -3.976289
v -10.924603 2.365988 -3.992538
v -10.888490 2.789179 -3.925458
v -11.035919 2.367340 -3.984157
v -10.800522 1.793004 -4.051880
v -10.066462 1.650207 -4.142033
v -10.708722 1.409427 -4.063073
v -10.098600 1.362621 -4.144495
v -10.156311 0.716228 -4.098851
v -10.732172 0.769534 -3.992272
v -11.393216 1.945922 -3.896241
v -11.442017 0.832206 -3.701899
v -11.631883 1.809688 -3.672837
v -11.115394 2.164837 -3.995574
v -10.175382 0.283231 -4.008963
v -10.733844 0.348807 -3.910450
v -11.289267 0.413106 -3.648143
v -4.932741 1.062409 -4.370401
v -5.262878 1.747012 -4.432494
v -5.385695 1.612053 -4.426552
v -4.777295 1.149507 -4.383148
v -5.965925 2.141340 -4.428126
v -6.032594 1.975017 -4.430854
v -6.767903 2.284785 -4.418462
v -6.770835 2.107201 -4.426178
v -7.573260 2.160866 -4.402036
v -7.511565 1.992984 -4.408131
v -8.282756 1.783700 -4.389134
v -8.162722 1.645790 -4.389578
v -8.799823 1.198376 -4.339014
v -8.636455 1.107404 -4.336420
v -9.049582 0.522902 -4.233565
v -8.863878 0.445625 -4.226316
v -9.024555 0.152175 -4.143299
v -8.843451 0.132527 -4.151166
v -4.607047 0.550204 -4.270916
v -4.782953 0.521614 -4.263422
v -4.617006 0.265052 -4.195058
v -4.790159 -0.071544 -4.086129
v -4.234149 0.425294 -4.249391
v -4.318802 0.969976 -4.355418
v -4.175938 0.972519 -4.355906
v -3.936273 0.254919 -4.199248
v -4.412971 1.501406 -4.376853
v -2.922444 -0.114630 -4.063760
v -3.054046 0.227996 -4.193948
v -3.221434 0.760094 -4.327177
v -3.525350 0.798258 -4.332961
v -3.687798 0.879065 -4.344844
v -3.815398 1.000152 -4.359386
v -3.908232 1.157793 -4.372044
v -4.190220 2.021292 -4.349254
v -6.328681 2.677762 -4.129796
v -6.729961 2.747393 -4.086370
v -6.755952 3.100663 -3.923973
v -5.828711 3.060024 -3.955937
v -4.306929 2.602543 -4.168435
v -4.717797 3.014361 -3.974381
v -3.642586 2.965584 -3.991760
v -4.664620 3.245470 -3.845098
v -3.589431 3.196827 -3.871899
v -3.644361 2.582324 -4.153893
v -5.770262 3.290913 -3.805574
v -6.769366 3.332315 -3.761906
v -8.312201 3.361833 -3.685139
v -8.339792 3.130723 -3.870326
v -8.367129 2.752650 -4.039222
v -9.716801 3.384706 -3.577850
v -9.781099 3.154084 -3.775872
v -9.872386 2.776835 -3.976289
v -10.774865 3.397560 -3.480734
v -10.800242 3.166466 -3.693940
v -10.888490 2.789179 -3.925458
v -5.770262 3.290913 -3.805574
v -4.664089 3.289226 -3.730937
v -5.768912 3.334660 -3.644396
v -4.664620 3.245470 -3.845098
v -6.766085 3.376016 -3.547680
v -6.769366 3.332315 -3.761906
v -8.305994 3.405476 -3.367036
v -8.312201 3.361833 -3.685139
v -9.875159 3.433540 -3.177393
v -9.716801 3.384706 -3.577850
v -10.882762 3.435936 -3.116943
v -10.774865 3.397560 -3.480734
v -3.589431 3.196827 -3.871899
v -3.600671 3.240748 -3.794734
v -3.445472 3.214564 -3.808413
v 2.676112 2.904471 -3.984177
v 1.374513 2.962539 -3.897324
v -8.825309 3.419786 -3.268391
v -8.990023 3.428970 -3.182116
v 9.008714 1.748811 -3.986238
v 8.824570 1.146008 -4.084617
v 9.038022 1.741649 -3.933501
v 8.807966 1.146210 -4.136422
v 9.109091 1.874288 -3.860527
v 9.133093 1.851938 -3.811048
v 8.836641 1.086714 -4.131590
v 8.848496 1.099141 -4.081181
v 8.932342 0.945931 -4.125384
v 8.918324 1.020213 -4.077346
v 9.470903 0.939388 -4.014145
v 9.440619 1.008436 -3.977149
v 9.748242 0.936018 -3.751750
v 9.706641 0.989597 -3.727366
v 9.253007 1.961571 -3.657825
v 9.236669 1.895816 -3.610633
v 8.836641 1.086714 -4.131590
v 8.932342 0.945931 -4.125384
v 9.457995 0.752770 -4.000758
v 9.470903 0.939388 -4.014145
v 9.731299 0.749449 -3.742728
v 9.748242 0.936018 -3.751750
v 8.984842 0.530154 -3.939487
v 8.898440 0.759524 -3.976727
v 8.984842 0.530154 -3.939487
v 8.586059 0.467738 -4.244799
v 8.985744 0.462106 -4.221901
v 9.386457 0.457237 -4.096811
v 9.220132 0.527295 -3.866113
v 9.714645 0.453250 -3.820336
v 9.522207 0.523625 -3.659335
v 9.522207 0.523625 -3.659335
v 10.311259 0.446002 -2.754059
v 10.002497 0.517790 -2.959705
v 9.714645 0.453250 -3.820336
v 10.311259 0.446002 -2.754059
v 9.714645 0.453250 -3.820336
v 10.273692 0.120019 -2.612341
v 10.311259 0.446002 -2.754059
v 9.602824 0.009785 -3.748802
v 9.506159 -0.271763 -3.685203
v 10.071387 -0.278629 -2.675607
v 10.387798 0.286120 -2.467921
v 10.626057 0.292337 -1.798463
v 10.681416 0.737906 -1.803117
v 10.364799 0.741753 -2.685406
v 10.382496 0.928313 -2.693141
v 9.748242 0.936018 -3.751750
v 9.731299 0.749449 -3.742728
v 10.699136 0.924466 -1.810876
v 10.847438 0.735889 -1.008014
v 10.866287 0.922435 -1.013025
v 10.949311 0.734652 -0.000037
v 10.968916 0.921188 -0.000037
v 10.792080 0.290320 -1.003360
v 10.893953 0.289082 -0.000037
v 9.706641 0.989597 -3.727366
v 10.382496 0.928313 -2.693141
v 10.338897 0.981915 -2.672438
v 9.748242 0.936018 -3.751750
v 10.699136 0.924466 -1.810876
v 10.655560 0.978068 -1.790150
v 10.866287 0.922435 -1.013025
v 10.819653 0.976075 -1.000123
v 10.968916 0.921188 -0.000037
v 10.920617 0.974848 -0.000037
v -2.922444 -0.114630 -4.063760
v -4.791380 -0.172045 -4.164667
v -2.897396 -0.209686 -4.157948
v -4.790159 -0.071544 -4.086129
v -2.896246 -0.115059 -4.063738
v 2.522334 -0.344651 -4.125274
v 2.523483 -0.250092 -4.032990
v 2.550014 -0.250436 -4.032990
v 4.258909 -0.366391 -4.050591
v 4.249928 -0.271731 -3.958351
v -2.897396 -0.209686 -4.157948
v -4.797043 -0.638148 -3.917943
v -2.903057 -0.675657 -3.909186
v -4.791380 -0.172045 -4.164667
v 2.517403 -0.750508 -3.903710
v 2.522334 -0.344651 -4.125274
v 4.380679 -0.773810 -3.828960
v 4.258909 -0.366391 -4.050591
v 4.416355 0.022382 -4.079674
v 4.362292 0.023062 -4.079674
v 4.258909 -0.366391 -4.050591
v 4.362292 0.023062 -4.079674
v 4.249928 -0.271731 -3.958351
v -5.768912 3.334660 -3.644396
v -4.662941 3.383718 -3.698262
v -5.765858 3.429064 -3.610768
v -4.664089 3.289226 -3.730937
v -3.600671 3.240748 -3.794734
v -4.566836 3.466018 -3.674498
v -4.551048 3.603209 -3.621297
v -3.916136 4.286551 -3.343760
v -4.761129 4.246823 -3.315053
v -3.894891 4.425646 -3.267480
v -3.782512 4.530005 -3.206964
v -4.867413 4.339430 -3.262494
v -4.919998 4.540102 -3.133702
v -4.963164 4.350214 -3.250724
v -5.273371 4.480059 -3.150525
v -5.248173 4.324237 -3.248640
v -6.824331 4.081590 -3.234520
v -6.784092 3.913946 -3.328222
v -7.761645 3.804070 -3.267703
v -6.936259 3.786283 -3.370405
v -8.305994 3.405476 -3.367036
v -6.916852 3.548061 -3.467809
v -6.766085 3.376016 -3.547680
v -6.759112 3.466535 -3.515004
v -8.825309 3.419786 -3.268391
v -3.576179 4.590639 -3.169768
v -3.797358 4.704082 -3.089387
v -2.464498 4.664612 -3.122883
v -2.476902 4.756698 -3.065582
v -1.106418 4.644477 -3.119092
v -1.077372 4.745149 -3.056114
v -0.239175 4.541228 -3.175021
v -0.204084 4.628505 -3.122151
v 0.254664 4.365945 -3.272645
v 0.309844 4.460890 -3.202440
v 1.504878 3.733480 -3.572084
v 1.555667 3.822870 -3.513849
v 2.118331 3.363939 -3.726790
v 2.213296 3.439936 -3.678443
v 2.689276 2.904244 -3.915968
v 2.897942 2.946979 -3.871875
v 2.662766 2.904566 -3.915968
v 2.210762 3.474108 -3.558430
v 2.897942 2.946979 -3.871875
v 2.988516 2.986336 -3.757537
v 2.213296 3.439936 -3.678443
v 1.592623 3.857561 -3.394856
v 1.555667 3.822870 -3.513849
v 0.348732 4.497751 -3.075643
v 0.309844 4.460890 -3.202440
v -0.179101 4.690474 -2.962854
v -0.204084 4.628505 -3.122151
v -1.061473 4.800156 -2.899989
v -1.077372 4.745149 -3.056114
v -2.485668 4.821649 -2.903292
v -2.476902 4.756698 -3.065582
v -3.805978 4.768057 -2.952970
v -3.797358 4.704082 -3.089387
v -4.924500 4.603758 -2.998324
v -4.919998 4.540102 -3.133702
v -5.288041 4.526284 -3.015347
v -5.273371 4.480059 -3.150525
v -6.844848 4.126509 -3.105614
v -6.824331 4.081590 -3.234520
v -7.771474 3.849015 -3.142702
v -7.761645 3.804070 -3.267703
v -8.990023 3.428970 -3.182116
v -8.825309 3.419786 -3.268391
v 7.442205 2.475590 -3.836652
v 8.645726 2.287895 -3.478158
v 7.619609 2.532671 -3.559026
v 8.465478 2.242976 -3.752460
v 7.422043 2.460163 -3.868042
v 8.448337 2.229927 -3.778394
v 6.513256 2.610979 -3.883137
v 6.689087 2.693684 -3.604048
v 6.491184 2.591605 -3.917963
v 5.521732 2.695985 -3.905483
v 5.693041 2.798739 -3.624065
v 5.494777 2.670595 -3.949528
v 2.907320 2.932544 -3.926275
v 3.375250 3.022430 -3.663768
v 2.702599 2.904149 -3.984177
v 9.082868 2.131923 -3.425732
v 8.905545 2.114369 -3.691011
v 8.885881 2.103479 -3.720251
v 9.450050 1.992874 -3.369406
v 9.268209 1.972005 -3.635726
v 9.253007 1.961571 -3.657825
v 9.268209 1.972005 -3.635726
v 9.253007 1.961571 -3.657825
v 9.236669 1.895816 -3.610633
v 9.450050 1.992874 -3.369406
v 9.433713 1.927142 -3.326865
v 9.893231 2.164333 -2.427708
v 9.875021 2.163579 -2.449920
v 10.164840 2.025092 -2.368123
v 9.468889 1.992645 -3.342848
v 10.148502 1.959360 -2.325561
v 10.164840 2.025092 -2.368123
v 9.452530 1.926913 -3.300287
v 10.164840 2.025092 -2.368123
v 10.416687 1.956101 -1.174780
v 10.433046 2.021834 -1.198610
v 10.501717 1.955068 -0.000037
v 10.518076 2.020800 -0.000037
v 8.984842 0.530154 -3.939487
v 9.253849 0.755227 -3.866113
v 8.898440 0.759524 -3.976727
v 9.220132 0.527295 -3.866113
v 9.555925 0.751557 -3.659335
v 9.522207 0.523625 -3.659335
v 10.036237 0.745722 -2.919473
v 10.002497 0.517790 -2.959705
v 10.364799 0.741753 -2.685406
v 10.002497 0.517790 -2.959705
v 10.311259 0.446002 -2.754059
v 10.036237 0.745722 -2.919473
v 8.898440 0.759524 -3.976727
v 9.457995 0.752770 -4.000758
v 8.745674 0.761380 -4.157682
v 9.253849 0.755227 -3.866113
v 9.731299 0.749449 -3.742728
v 9.555925 0.751557 -3.659335
v 8.898440 0.759524 -3.976727
v 9.253849 0.755227 -3.866113
v 9.457995 0.752770 -4.000758
v 9.555925 0.751557 -3.659335
v 10.364799 0.741753 -2.685406
v 9.731299 0.749449 -3.742728
v 10.036237 0.745722 -2.919473
v 9.440619 1.008436 -3.977149
v 9.107970 1.095988 -3.831398
v 8.952302 1.052609 -4.033700
v 9.728212 1.088453 -2.776469
v 9.706641 0.989597 -3.727366
v 10.338897 0.981915 -2.672438
v 9.899334 1.086374 -2.287167
v 10.655560 0.978068 -1.790150
v 8.848496 1.099141 -4.081181
v 9.849836 1.119741 -2.313657
v 9.694972 1.118607 -2.748759
v 9.817831 1.207986 -2.384681
v 9.708221 1.209318 -2.664145
v 8.918324 1.020213 -4.077346
v 9.591206 1.090117 -2.776469
v 8.775194 1.100031 -4.081181
v 9.700374 1.088791 -1.894204
v 9.860344 1.086847 -1.104155
v 10.819653 0.976075 -1.000123
v 9.958716 1.085652 -0.000037
v 10.920617 0.974848 -0.000037
v 9.564207 1.090445 -2.287167
v 9.849836 1.119741 -2.313657
v 9.817831 1.207986 -2.384681
v 9.550069 1.211239 -2.384681
v 9.668411 1.209802 -2.664145
v 9.694972 1.118607 -2.748759
v 9.708221 1.209318 -2.664145
v 9.842485 1.948889 -2.658007
v 9.802675 1.949373 -2.658007
v 9.708221 1.209318 -2.664145
v 9.970027 1.956384 -2.379649
v 9.842485 1.948889 -2.658007
v 9.817831 1.207986 -2.384681
v 1.374513 2.962539 -3.897324
v 2.676112 2.904471 -3.984177
v 2.662766 2.904566 -3.915968
v 2.662766 2.904566 -3.915968
v 2.702599 2.904149 -3.984177
v 2.689276 2.904244 -3.915968
v 2.676112 2.904471 -3.984177
v 2.702599 2.904149 -3.984177
v 2.897942 2.946979 -3.871875
v 2.689276 2.904244 -3.915968
v 2.907320 2.932544 -3.926275
v 2.988516 2.986336 -3.757537
v 3.375250 3.022430 -3.663768
v 10.273692 0.120019 -2.612341
v 9.789483 -0.275205 -2.660202
v 9.991549 0.105644 -2.596980
v 10.071387 -0.278629 -2.675607
v 10.387798 0.286120 -2.467921
v 10.105653 0.271746 -2.452559
v 10.626057 0.292337 -1.798463
v 10.343959 0.277940 -1.798463
v 10.792080 0.290320 -1.003360
v 10.509934 0.275924 -1.003360
v 10.893953 0.289082 -0.000037
v 10.611809 0.274664 -0.000037
v 2.891141 2.987519 -3.757537
v 2.754843 2.930871 -3.897968
v 2.897942 2.946979 -3.871875
v 2.897942 2.946979 -3.871875
v 2.988516 2.986336 -3.757537
v 2.891141 2.987519 -3.757537
v 8.975953 -0.265321 -3.984998
v 8.453210 -0.294264 -4.049061
v 8.981531 -0.300682 -4.047265
v 8.447586 -0.258902 -3.986749
v 9.237466 -0.268498 -3.903221
v 9.265653 -0.304134 -3.966310
v 9.506159 -0.271763 -3.685203
v 9.571164 -0.307846 -3.728141
v 10.071387 -0.278629 -2.675607
v 9.571164 -0.307846 -3.728141
v 10.156187 -0.314953 -2.675607
v 9.506159 -0.271763 -3.685203
v 10.386078 -0.282453 -1.798463
v 10.470897 -0.318754 -1.798463
v 10.552101 -0.284470 -1.003360
v 10.636875 -0.320771 -1.003360
v 10.653974 -0.285707 -0.000037
v 10.738749 -0.322008 -0.000037
v 8.981531 -0.300682 -4.047265
v 8.462419 -0.541694 -3.890496
v 8.941576 -0.547515 -3.888989
v 8.453210 -0.294264 -4.049061
v 9.265653 -0.304134 -3.966310
v 9.166603 -0.550249 -3.812954
v 9.571164 -0.307846 -3.728141
v 9.414108 -0.553256 -3.617946
v 9.571164 -0.307846 -3.728141
v 10.129061 -0.367142 -2.685118
v 10.156187 -0.314953 -2.675607
v 9.414108 -0.553256 -3.617946
v 10.470897 -0.318754 -1.798463
v 10.443772 -0.370943 -1.798463
v 10.636875 -0.320771 -1.003360
v 10.609750 -0.372960 -1.003360
v 10.738749 -0.322008 -0.000037
v 10.711623 -0.374197 -0.000037
v 9.625657 -0.555826 -2.723910
v 10.001653 -0.560705 -1.798463
v 10.167631 -0.562721 -1.003360
v 10.269505 -0.563959 -0.000037
v 9.923809 -0.559448 -2.723910
v 10.441862 0.276729 -1.383997
v 10.403033 -0.282659 -1.383997
v 10.643015 0.292131 -1.383997
v 10.202079 -0.280217 -1.383997
v 10.403033 -0.282659 -1.299029
v 10.441862 0.276729 -1.299029
v 10.643015 0.292131 -1.299029
v 10.202079 -0.280217 -1.299029
v 10.643015 0.292131 -1.383997
v 10.429612 -0.282982 -1.341524
v 10.669591 0.291808 -1.341524
v 10.403033 -0.282659 -1.383997
v 10.403033 -0.282659 -1.299029
v 10.643015 0.292131 -1.299029
v 10.429612 -0.282982 -1.341524
v 10.669591 0.291808 -1.341524
v 10.669591 0.291808 -1.341524
v 10.429612 -0.282982 -1.341524
v 9.038022 1.741649 -3.933501
v 8.751309 1.146898 -4.084617
v 8.947210 1.742752 -3.935541
v 8.824570 1.146008 -4.084617
v 9.133093 1.851938 -3.811048
v 9.042258 1.853041 -3.813065
v 8.775194 1.100031 -4.081181
v 8.848496 1.099141 -4.081181
v 9.236669 1.895816 -3.610633
v 9.163366 1.896706 -3.610633
v 9.433713 1.927142 -3.326865
v 9.163366 1.896706 -3.610633
v 9.360430 1.928032 -3.326865
v 9.236669 1.895816 -3.610633
v 9.970027 1.956384 -2.379649
v 9.878530 1.963326 -1.894204
v 10.148502 1.959360 -2.325561
v 10.416687 1.956101 -1.174780
v 10.038457 1.961383 -1.104132
v 10.501717 1.955068 -0.000037
v 10.136871 1.960166 -0.000037
v 9.842485 1.948889 -2.658007
v 9.379228 1.927804 -3.300287
v 9.452530 1.926913 -3.300287
v 9.702264 1.959637 -2.379649
v 9.802675 1.949373 -2.658007
v 9.817831 1.207986 -2.384681
v 9.702264 1.959637 -2.379649
v 9.970027 1.956384 -2.379649
v 9.550069 1.211239 -2.384681
v -0.178922 4.705215 -2.888350
v 0.464502 4.622111 -1.578230
v -0.149445 4.815878 -1.521814
v 0.348912 4.512536 -3.001137
v -1.061294 4.814941 -2.825461
v -1.059600 4.952590 -1.490402
v -2.485489 4.836410 -2.828786
v -2.483498 5.000259 -1.489073
v -3.811673 4.782933 -2.878465
v -3.856091 4.948013 -1.525405
v -4.930196 4.618593 -2.923841
v -5.060598 4.784228 -1.565839
v 0.492460 4.662451 -0.000038
v -0.142023 4.886730 -0.000038
v -1.058605 5.034493 -0.000038
v -2.482274 5.101026 -0.000039
v -3.879695 5.041586 -0.000039
v -5.129055 4.872117 -0.000039
v -10.890238 3.439244 -3.079858
v -10.060503 3.544110 -2.163165
v -11.075459 3.521368 -2.163010
v -9.880373 3.436684 -3.148775
v -10.157299 3.625870 -1.052109
v -11.198351 3.589900 -1.051976
v -10.157020 3.648921 -0.000040
v -11.239585 3.610132 -0.000040
v -9.194183 3.560054 -2.163165
v -9.279255 3.641672 -1.052109
v -9.305462 3.665068 -0.000040
v -8.996557 3.433151 -3.149463
v 3.375250 3.022430 -3.663768
v 3.378456 2.965151 -3.621429
v 3.351969 2.965473 -3.663768
v 3.394045 3.022202 -3.637212
v 3.811856 3.134379 -2.824640
v 3.787948 3.139146 -2.911936
v 3.854427 3.209656 -2.740337
v 4.092790 3.260877 -1.363315
v 4.116049 3.317835 -1.363315
v 4.139809 3.282606 -0.000038
v 4.163112 3.339541 -0.000038
v 3.375250 3.022430 -3.663768
v 3.351969 2.965473 -3.663768
v 2.988516 2.986336 -3.757537
v -10.875097 3.119868 -3.421592
v -10.800242 3.166466 -3.693940
v -10.774865 3.397560 -3.480734
v -10.882762 3.435936 -3.116943
v -10.939281 3.126743 -3.142547
v -10.897608 2.994707 -3.566521
v -10.888490 2.789179 -3.925458
v -10.951425 2.853193 -3.604228
v -11.035919 2.367340 -3.984157
v -11.077682 2.519130 -3.629810
v -11.153432 2.304056 -3.613051
v -11.115394 2.164837 -3.995574
v -11.234136 2.191907 -3.476167
v -11.393216 1.945922 -3.896241
v -11.380182 2.205098 -2.744020
v -11.658004 1.986184 -2.744020
v -11.631883 1.809688 -3.672837
v -11.840464 1.812222 -3.264490
v -11.985574 1.812899 -2.756366
v -11.798669 1.987892 -1.902831
v -12.126261 1.814608 -1.915178
v -11.520847 2.206807 -1.902831
v -11.897154 1.989089 -1.048052
v -12.224721 1.815804 -1.070020
v -11.619329 2.208004 -1.048052
v -11.938624 1.989592 -0.000041
v -12.266194 1.816308 -0.000041
v -11.660780 2.208507 -0.000040
v -11.198351 3.589900 -1.051976
v -11.286178 3.165385 -0.000040
v -11.244731 3.164882 -1.051976
v -11.239585 3.610132 -0.000040
v -11.075459 3.521368 -2.163010
v -11.132128 3.157839 -2.198833
v -10.890238 3.439244 -3.079858
v -11.031006 3.136594 -2.743842
v -10.948245 3.127717 -3.103620
v -11.520847 2.206807 -1.902831
v -11.486638 2.551653 -1.048828
v -11.619329 2.208004 -1.048052
v -11.388179 2.550457 -1.931316
v -11.357713 2.895971 -1.049604
v -11.259206 2.894774 -1.959247
v -11.191926 3.045991 -1.996865
v -11.288355 3.061062 -1.051067
v -11.528111 2.552157 -0.000040
v -11.660780 2.208507 -0.000040
v -11.399140 2.896474 -0.000040
v -11.329372 3.062559 -0.000040
v -11.216939 3.164059 -1.051976
v -11.258186 3.165068 -0.000040
v -11.104135 3.157499 -2.180389
v -11.442017 0.832206 -3.701899
v -11.840464 1.812222 -3.264490
v -11.675535 0.835043 -3.279566
v -11.631883 1.809688 -3.672837
v -11.611481 0.542032 -3.165313
v -11.553844 0.417451 -3.211356
v -11.289267 0.413106 -3.648143
v -11.707707 0.668501 -2.964432
v -11.850946 0.836089 -2.637882
v -11.748855 0.650156 -2.716090
v -11.712180 0.493952 -2.515162
v -11.971708 0.837556 -1.903983
v -11.985574 1.812899 -2.756366
v -12.126261 1.814608 -1.915178
v -11.685540 0.422066 -2.491598
v -11.783645 0.418025 -1.890484
v -12.224721 1.815804 -1.070020
v -12.191184 1.603793 -1.067605
v -12.005631 0.694777 -1.018681
v -11.882105 0.419221 -1.009814
v -12.266194 1.816308 -0.000041
v -12.234446 1.615669 -0.000041
v -12.044449 0.689396 -0.000041
v -11.923555 0.419725 -0.000041
v -12.005631 0.694777 -1.018681
v -12.017063 0.770291 -0.000041
v -12.044449 0.689396 -0.000041
v -12.015620 0.770273 -0.928326
v -12.234446 1.615669 -0.000041
v -12.011214 1.492556 -0.930033
v -12.191184 1.603793 -1.067605
v -12.012595 1.504766 -0.000041
v -12.015620 0.770273 -0.928326
v -12.012595 1.504766 -0.000041
v -12.017063 0.770291 -0.000041
v -12.011214 1.492556 -0.930033
v -12.011214 1.492556 -0.930033
v -12.005631 0.694777 -1.018681
v -12.191184 1.603793 -1.067605
v -12.015620 0.770273 -0.928326
v -11.132128 3.157839 -2.198833
v -11.216939 3.164059 -1.051976
v -11.104135 3.157499 -2.180389
v -11.244731 3.164882 -1.051976
v -11.258186 3.165068 -0.000040
v -8.843451 0.132527 -4.151166
v -9.024555 0.152175 -4.143299
v -8.843864 0.098547 -4.205854
v -9.454621 0.168018 -4.155468
v -9.454208 0.201976 -4.100802
v -10.175795 0.249250 -4.063628
v -10.175382 0.283231 -4.008963
v -10.754518 0.315073 -3.965139
v -10.733844 0.348807 -3.910450
v -11.329532 0.379610 -3.676384
v -11.289267 0.413106 -3.648143
v -11.289267 0.413106 -3.648143
v -11.574158 0.373293 -3.236538
v -11.329532 0.379610 -3.676384
v -11.553844 0.417451 -3.211356
v -11.641523 0.375553 -3.057446
v -11.685540 0.422066 -2.491598
v -11.838718 0.384709 -1.890484
v -11.713004 0.377020 -2.653445
v -11.783645 0.418025 -1.890484
v -11.937200 0.385905 -1.009814
v -11.882105 0.419221 -1.009814
v -11.978652 0.386409 -0.000041
v -11.923555 0.419725 -0.000041
v -8.843864 0.098547 -4.205854
v -9.465226 -0.051549 -4.030222
v -8.846792 -0.144324 -4.080564
v -9.454621 0.168018 -4.155468
v -10.162944 0.051611 -3.938383
v -10.175795 0.249250 -4.063628
v -10.714469 0.137278 -3.839869
v -10.754518 0.315073 -3.965139
v -11.250232 0.217256 -3.596205
v -11.329532 0.379610 -3.676384
v -11.329532 0.379610 -3.676384
v -11.520225 0.221267 -3.182913
v -11.250232 0.217256 -3.596205
v -11.329532 0.379610 -3.676384
v -11.574158 0.373293 -3.236538
v -11.587549 0.223526 -3.041441
v -11.641523 0.375553 -3.057446
v -11.713004 0.377020 -2.653445
v -11.759396 0.222354 -1.890484
v -11.659051 0.225016 -2.637416
v -11.838718 0.384709 -1.890484
v -11.857858 0.223550 -1.009815
v -11.937200 0.385905 -1.009814
v -11.899353 0.224054 -0.000041
v -11.978652 0.386409 -0.000041
v -11.748855 0.650156 -2.716090
v -11.716619 0.394976 -2.659340
v -11.730649 0.486572 -2.777294
v -11.712180 0.493952 -2.515162
v -11.707707 0.668501 -2.964432
v -11.709368 0.497375 -2.923090
v -11.611481 0.542032 -3.165313
v -11.661781 0.423262 -3.041020
v -11.553844 0.417451 -3.211356
v -11.641523 0.375553 -3.057446
v -11.713004 0.377020 -2.653445
v -11.685540 0.422066 -2.491598
v -11.587549 0.223526 -3.041441
v -11.454555 0.373281 -3.057446
v -11.400602 0.221255 -3.041441
v -11.641523 0.375553 -3.057446
v -11.713004 0.377020 -2.653445
v -11.472079 0.222744 -2.637416
v -11.529695 0.392705 -2.659340
v -11.713004 0.377020 -2.653445
v -11.659051 0.225016 -2.637416
v -11.472079 0.222744 -2.637416
v -11.716619 0.394976 -2.659340
v -11.529695 0.392705 -2.659340
v -11.730649 0.486572 -2.777294
v -11.529695 0.392705 -2.659340
v -11.543680 0.484301 -2.777294
v -11.716619 0.394976 -2.659340
v -11.709368 0.497375 -2.923090
v -11.522441 0.495104 -2.923090
v -11.661781 0.423262 -3.041020
v -11.474857 0.420991 -3.041020
v -11.641523 0.375553 -3.057446
v -11.454555 0.373281 -3.057446
v -11.400602 0.221255 -3.041441
v -11.454555 0.373281 -3.057446
v -11.474857 0.420991 -3.041020
v -11.472079 0.222744 -2.637416
v -11.522441 0.495104 -2.923090
v -11.543680 0.484301 -2.777294
v -11.529695 0.392705 -2.659340
v 9.923809 -0.559448 -2.723910
v 9.625657 -0.555826 -2.723910
v 10.129061 -0.367142 -2.685118
v 10.441862 0.276729 -1.383997
v 10.202079 -0.280217 -1.383997
v 10.403033 -0.282659 -1.383997
v 10.403033 -0.282659 -1.299029
v 10.202079 -0.280217 -1.299029
v 10.441862 0.276729 -1.299029
v -10.177684 3.563046 3.511599
v -10.977524 3.780044 3.235127
v -10.303867 3.668973 3.262416
v -10.854078 3.683859 3.462189
v -10.977524 3.780044 3.235127
v -10.520783 3.771612 2.050142
v -10.303867 3.668973 3.262416
v -11.223390 3.857629 2.077584
v -10.617738 3.840585 0.997120
v -11.374787 3.913739 1.010398
v -10.645649 3.863980 -0.000040
v -11.425508 3.934063 -0.000040
v -10.177239 3.599466 -3.515138
v -10.995628 3.762264 -3.101449
v -10.853635 3.720257 -3.465748
v -10.340837 3.651422 -3.128735
v -10.995628 3.762264 -3.101449
v -10.520783 3.771613 -2.050177
v -11.223390 3.857630 -2.077643
v -10.340837 3.651422 -3.128735
v -10.617738 3.840585 -0.997178
v -11.374787 3.913739 -1.010456
v -10.645649 3.863980 -0.000040
v -11.425508 3.934063 -0.000040
v -10.102856 3.470379 3.544052
v -10.303867 3.668973 3.262416
v -10.229045 3.576262 3.262416
v -10.177684 3.563046 3.511599
v -10.741774 3.530194 3.494664
v -10.854078 3.683859 3.462189
v -10.229045 3.576262 3.262416
v -10.520783 3.771612 2.050142
v -10.445961 3.678901 2.050142
v -10.303867 3.668973 3.262416
v -10.617738 3.840585 0.997120
v -10.542910 3.747896 0.997120
v -10.645649 3.863980 -0.000040
v -10.570826 3.771313 -0.000040
v -10.617738 3.840585 -0.997178
v -10.542910 3.747896 -0.997178
v -10.520783 3.771613 -2.050177
v -10.445961 3.678902 -2.050177
v -10.340837 3.651422 -3.128735
v -10.265988 3.558710 -3.128757
v -10.265988 3.558710 -3.128757
v -10.177239 3.599466 -3.515138
v -10.102412 3.506776 -3.547614
v -10.340837 3.651422 -3.128735
v -10.853635 3.720257 -3.465748
v -10.741329 3.566614 -3.498202
v -10.865173 3.626376 3.267580
v -10.854078 3.683859 3.462189
v -10.741774 3.530194 3.494664
v -10.977524 3.780044 3.235127
v -10.229045 3.576262 3.262416
v -10.102856 3.470379 3.544052
v -11.111172 3.691240 2.108553
v -10.977524 3.780044 3.235127
v -10.865173 3.626376 3.267580
v -11.223390 3.857629 2.077584
v -11.262416 3.760117 1.041388
v -11.374787 3.913739 1.010398
v -11.313134 3.780442 0.030950
v -11.425508 3.934063 -0.000040
v -11.262416 3.760118 -0.979466
v -11.374787 3.913739 -1.010456
v -11.111172 3.691240 -2.046653
v -11.223390 3.857630 -2.077643
v -10.883282 3.608596 -3.068996
v -10.995628 3.762264 -3.101449
v -10.445961 3.678901 2.050142
v -10.229045 3.576262 3.262416
v -10.542910 3.747896 0.997120
v -10.570826 3.771313 -0.000040
v -10.265988 3.558710 -3.128757
v -10.445961 3.678902 -2.050177
v -10.542910 3.747896 -0.997178
v -10.741329 3.566614 -3.498202
v -10.995628 3.762264 -3.101449
v -10.883282 3.608596 -3.068996
v -10.853635 3.720257 -3.465748
v -10.102412 3.506776 -3.547614
v -10.265988 3.558710 -3.128757
v -10.560186 3.502870 2.034048
v -10.998637 3.700780 2.001883
v -10.956992 3.511926 2.001883
v -10.601830 3.691702 2.034048
v -11.017795 3.512665 2.092615
v -11.059438 3.701519 2.092615
v -10.541030 3.690963 2.092615
v -10.499364 3.502131 2.092615
v -10.956972 3.511926 2.183324
v -10.601830 3.691702 2.151159
v -10.560186 3.502870 2.151159
v -10.998612 3.700780 2.183324
v -10.499364 3.502131 2.092615
v -10.541030 3.690963 2.092615
v -11.059438 3.701519 2.092615
v -11.017795 3.512665 2.092615
v -10.560186 3.502871 -2.151239
v -10.998637 3.700781 -2.183427
v -10.956972 3.511926 -2.183427
v -10.601830 3.691702 -2.151239
v -11.017795 3.512665 -2.092695
v -11.059438 3.701519 -2.092695
v -10.541008 3.690964 -2.092694
v -10.499364 3.502132 -2.092694
v -10.956972 3.511926 -2.001941
v -10.601830 3.691702 -2.034128
v -10.560186 3.502871 -2.034128
v -10.998612 3.700780 -2.001941
v -10.499364 3.502132 -2.092694
v -10.541008 3.690964 -2.092694
v -11.059438 3.701519 -2.092695
v -11.017795 3.512665 -2.092695
v -12.045835 0.790460 -0.754556
v -12.041691 1.473129 0.755981
v -12.045835 0.790460 0.754585
v -12.041691 1.473129 -0.755952
v -11.580956 2.582107 -0.239471
v -11.530833 2.711431 -0.276513
v -11.480733 2.840711 -0.239471
v -11.617619 2.487424 -0.138255
v -11.444070 2.935393 -0.138255
v -11.631029 2.452782 -0.000040
v -11.430613 2.970058 -0.000040
v -11.617619 2.487424 0.138218
v -11.444070 2.935393 0.138218
v -11.580956 2.582107 0.239413
v -11.480733 2.840711 0.239413
v -11.530833 2.711431 0.276455
v -11.480733 2.840711 0.239413
v -11.478261 2.692060 0.344131
v -11.530833 2.711431 0.276455
v -11.415918 2.853004 0.298023
v -11.444070 2.935393 0.138218
v -11.370235 2.970832 0.172046
v -11.430613 2.970058 -0.000040
v -11.353528 3.013969 -0.000040
v -11.444070 2.935393 -0.138255
v -11.370235 2.970832 -0.172082
v -11.480733 2.840711 -0.239471
v -11.415918 2.853004 -0.298038
v -11.530833 2.711431 -0.276513
v -11.478261 2.692060 -0.344146
v -11.580956 2.582107 -0.239471
v -11.540628 2.531093 -0.298038
v -11.617619 2.487424 -0.138255
v -11.586265 2.413264 -0.172082
v -11.631029 2.452782 -0.000040
v -11.602993 2.370171 -0.000040
v -11.617619 2.487424 0.138218
v -11.586265 2.413264 0.172045
v -11.580956 2.582107 0.239413
v -11.540628 2.531093 0.298023
v -11.567178 2.413033 -0.172082
v -11.583863 2.369939 -0.000040
v -11.586265 2.413264 -0.172082
v -11.521498 2.530861 -0.298038
v -11.540628 2.531093 -0.298038
v -11.459177 2.691828 -0.344146
v -11.478261 2.692060 -0.344146
v -11.396791 2.852772 -0.298038
v -11.415918 2.853004 -0.298038
v -11.351129 2.970600 -0.172082
v -11.370235 2.970832 -0.172082
v -11.334419 3.013737 -0.000040
v -11.353528 3.013969 -0.000040
v -11.351129 2.970600 0.172046
v -11.370235 2.970832 0.172046
v -11.396791 2.852772 0.298023
v -11.415918 2.853004 0.298023
v -11.459177 2.691828 0.344131
v -11.478261 2.692060 0.344131
v -11.521498 2.530861 0.298023
v -11.540628 2.531093 0.298023
v -11.567178 2.413033 0.172045
v -11.586265 2.413264 0.172045
v 9.700374 1.088790 1.894175
v 10.038457 1.961383 1.104103
v 9.860344 1.086847 1.104103
v 9.878530 1.963326 1.894175
v 10.136871 1.960166 -0.000037
v 9.958716 1.085652 -0.000037
v 9.564207 1.090445 2.287138
v 9.702264 1.959637 2.379620
v 9.550069 1.211239 2.384630
v 9.860344 1.086847 -1.104155
v 10.038457 1.961383 -1.104132
v 9.700374 1.088791 -1.894204
v 9.878530 1.963326 -1.894204
v 9.564207 1.090445 -2.287167
v 9.702264 1.959637 -2.379649
v 9.550069 1.211239 -2.384681
v 1.913462 3.235853 -3.979723
v 1.982603 3.060342 -3.844478
v 1.984370 3.234992 -3.768088
v 1.892286 3.067626 -4.027182
v 1.892286 3.067626 -4.027182
v 1.873388 3.284005 -4.027292
v 1.238352 3.344037 -4.863450
v 1.913462 3.235853 -3.979723
v 1.385103 3.578733 -4.509657
v 1.873388 3.284005 -4.027292
v 1.580953 3.586728 -4.085971
v 1.371354 3.290104 -3.936119
v 1.913462 3.235853 -3.979723
v 1.580953 3.586728 -4.085971
v 1.873388 3.284005 -4.027292
v 1.346603 3.639657 -3.994795
v 1.238352 3.344037 -4.863450
v 1.385103 3.578733 -4.509657
v 1.121115 3.571588 -4.828692
v 1.385103 3.578733 -4.509657
v 1.006372 3.623060 -4.856201
v 1.580953 3.586728 -4.085971
v 1.385103 3.578733 -4.509657
v 1.346603 3.639657 -3.994795
v 1.984370 3.234992 -3.768088
v 1.371354 3.290104 -3.936119
v 1.913462 3.235853 -3.979723
v 1.401544 3.289737 -3.751839
v 1.630953 3.085608 -4.465168
v 1.238352 3.344037 -4.863450
v 1.274423 3.134367 -4.827960
v 1.892286 3.067626 -4.027182
v 1.630953 3.085608 -4.465168
v 1.365560 3.021173 -3.949085
v 1.175822 3.038265 -4.430764
v 0.998392 3.084846 -4.863893
v 0.988094 3.364859 -4.895061
v 1.274423 3.134367 -4.827960
v 1.892286 3.067626 -4.027182
v 1.399912 3.014858 -3.862434
v 1.982603 3.060342 -3.844478
v 1.365560 3.021173 -3.949085
v 1.274423 3.134367 -4.827960
v 1.175822 3.038265 -4.430764
v 1.630953 3.085608 -4.465168
v 0.998392 3.084846 -4.863893
v 1.121115 3.571588 -4.828692
v 0.988094 3.364859 -4.895061
v 1.238352 3.344037 -4.863450
v 1.006372 3.623060 -4.856201
v 1.401544 3.289737 -3.751839
v 1.365560 3.021173 -3.949085
v 1.371354 3.290104 -3.936119
v 1.399912 3.014858 -3.862434
v 1.371354 3.290104 -3.936119
v 1.165792 3.294728 -4.460600
v 1.346603 3.639657 -3.994795
v 1.006372 3.623060 -4.856201
v 0.988094 3.364859 -4.895061
v 1.365560 3.021173 -3.949085
v 1.175822 3.038265 -4.430764
v 0.998392 3.084846 -4.863893
v 1.913460 3.235852 3.979690
v 1.982602 3.060341 3.844423
v 1.892285 3.067625 4.027129
v 1.984369 3.234991 3.768058
v 1.892285 3.067625 4.027129
v 1.873387 3.284004 4.027239
v 1.913460 3.235852 3.979690
v 1.238351 3.344035 4.863441
v 1.412011 3.578404 4.509647
v 1.873387 3.284004 4.027239
v 1.580952 3.586727 4.085894
v 1.371353 3.290103 3.936086
v 1.913460 3.235852 3.979690
v 1.580952 3.586727 4.085894
v 1.319693 3.639983 3.994764
v 1.873387 3.284004 4.027239
v 1.238351 3.344035 4.863441
v 1.121113 3.571586 4.828659
v 1.412011 3.578404 4.509647
v 1.412011 3.578404 4.509647
v 1.006370 3.623060 4.856169
v 1.580952 3.586727 4.085894
v 1.319693 3.639983 3.994764
v 1.412011 3.578404 4.509647
v 1.984369 3.234991 3.768058
v 1.371353 3.290103 3.936086
v 1.401543 3.289736 3.751809
v 1.913460 3.235852 3.979690
v 1.630952 3.085607 4.465157
v 1.238351 3.344035 4.863441
v 1.892285 3.067625 4.027129
v 1.274422 3.134367 4.827929
v 1.630952 3.085607 4.465157
v 1.365559 3.021172 3.949054
v 1.175821 3.038265 4.430752
v 0.998391 3.084846 4.863862
v 1.274422 3.134367 4.827929
v 0.988092 3.364857 4.895030
v 1.892285 3.067625 4.027129
v 1.399910 3.014857 3.862401
v 1.365559 3.021172 3.949054
v 1.982602 3.060341 3.844423
v 1.274422 3.134367 4.827929
v 1.175821 3.038265 4.430752
v 0.998391 3.084846 4.863862
v 1.630952 3.085607 4.465157
v 1.121113 3.571586 4.828659
v 0.988092 3.364857 4.895030
v 1.006370 3.623060 4.856169
v 1.238351 3.344035 4.863441
v 1.401543 3.289736 3.751809
v 1.365559 3.021172 3.949054
v 1.399910 3.014857 3.862401
v 1.371353 3.290103 3.936086
v 1.371353 3.290103 3.936086
v 1.319693 3.639983 3.994764
v 1.165790 3.294727 4.460590
v 1.006370 3.623060 4.856169
v 0.988092 3.364857 4.895030
v 1.365559 3.021172 3.949054
v 1.175821 3.038265 4.430752
v 0.998391 3.084846 4.863862
v -6.019976 0.562779 -4.117006
v -6.245175 0.746791 -4.117006
v -6.351223 0.674479 -4.117006
v -6.360094 0.590277 -4.117006
v -6.324803 0.480555 -4.117006
v -5.919957 0.292031 -4.117006
v -6.208341 0.338921 -4.117006
v -6.163938 0.203615 -4.117006
v -5.902996 0.002098 -4.117006
v -6.179990 0.030226 -4.117006
v -6.144271 -0.080833 -4.117006
v -5.954817 -0.017248 -4.117006
v -5.930336 -0.142445 -4.117006
v -6.010634 -0.171886 -4.117006
v -6.207786 0.185614 -4.038489
v -6.230259 -0.010953 -4.038489
v -6.230259 -0.010953 -4.038489
v -6.190322 -0.135984 -4.038489
v -6.190322 -0.135984 -4.038489
v -5.997790 -0.224028 -4.038489
v -6.190322 -0.135984 -4.038489
v -5.902325 -0.189142 -4.038489
v -5.928699 -0.047914 -4.038489
v -5.867034 -0.025031 -4.038489
v -5.902325 -0.189142 -4.038489
v -5.928699 -0.047914 -4.038489
v -5.867034 -0.025031 -4.038489
v -5.881186 0.302822 -4.038489
v -5.993852 0.607332 -4.038489
v -5.993852 0.607332 -4.038489
v -6.256207 0.811283 -4.038489
v -6.382946 0.727382 -4.038489
v -6.382946 0.727382 -4.038489
v -6.431656 0.619457 -4.038489
v -6.392208 0.495961 -4.038489
v -6.392208 0.495961 -4.038489
v -6.392208 0.495961 -4.038489
v -6.257503 0.337877 -4.038489
v -6.257503 0.337877 -4.038489
v -6.207786 0.185614 -4.038489
v -6.351223 0.674479 -3.914019
v -6.245175 0.746791 -3.914019
v -6.019976 0.562779 -3.914019
v -6.360094 0.590277 -3.914019
v -6.324803 0.480555 -3.914019
v -5.919957 0.292031 -3.914019
v -6.208341 0.338920 -3.914019
v -6.163938 0.203615 -3.914019
v -5.902996 0.002098 -3.914019
v -6.179990 0.030226 -3.914019
v -6.144271 -0.080833 -3.914019
v -5.954817 -0.017248 -3.914019
v -5.930336 -0.142445 -3.914019
v -6.010634 -0.171886 -3.914019
v -6.207786 0.185614 -4.038489
v -6.230259 -0.010953 -4.038489
v -6.230259 -0.010953 -4.038489
v -6.190322 -0.135984 -4.038489
v -6.190322 -0.135984 -4.038489
v -5.997790 -0.224028 -4.038489
v -6.190322 -0.135984 -4.038489
v -5.902325 -0.189142 -4.038489
v -5.928699 -0.047914 -4.038489
v -5.867034 -0.025031 -4.038489
v -5.902325 -0.189142 -4.038489
v -5.928699 -0.047914 -4.038489
v -5.867034 -0.025031 -4.038489
v -5.881186 0.302822 -4.038489
v -5.993852 0.607332 -4.038489
v -5.993852 0.607332 -4.038489
v -6.256207 0.811283 -4.038489
v -6.382946 0.727382 -4.038489
v -6.382946 0.727382 -4.038489
v -6.431656 0.619457 -4.038489
v -6.392208 0.495961 -4.038489
v -6.392208 0.495961 -4.038489
v -6.257503 0.337877 -4.038489
v -6.257503 0.337877 -4.038489
v -6.207786 0.185614 -4.038489
v -6.351223 0.674477 4.116950
v -6.245176 0.746790 4.116950
v -6.019977 0.562778 4.116950
v -6.360073 0.590276 4.116950
v -6.324804 0.480554 4.116950
v -5.919958 0.292030 4.116950
v -6.208342 0.338919 4.116950
v -6.163939 0.203614 4.116950
v -5.902997 0.002097 4.116950
v -6.179991 0.030225 4.116950
v -6.144272 -0.080834 4.116950
v -5.954818 -0.017249 4.116950
v -5.930337 -0.142446 4.116950
v -6.010635 -0.171888 4.116950
v -6.207787 0.185592 4.038455
v -6.230260 -0.010954 4.038455
v -6.230260 -0.010954 4.038455
v -6.190323 -0.135985 4.038455
v -6.190323 -0.135985 4.038455
v -5.997791 -0.224029 4.038455
v -6.190323 -0.135985 4.038455
v -5.902304 -0.189143 4.038455
v -5.928700 -0.047915 4.038455
v -5.867035 -0.025032 4.038455
v -5.902304 -0.189143 4.038455
v -5.928700 -0.047915 4.038455
v -5.867035 -0.025032 4.038455
v -5.881186 0.302821 4.038455
v -5.993853 0.607331 4.038455
v -5.993853 0.607331 4.038455
v -6.256207 0.811282 4.038455
v -6.382947 0.727381 4.038455
v -6.382947 0.727381 4.038455
v -6.431657 0.619456 4.038455
v -6.392209 0.495960 4.038455
v -6.392209 0.495960 4.038455
v -6.392209 0.495960 4.038455
v -6.257504 0.337876 4.038455
v -6.257504 0.337876 4.038455
v -6.207787 0.185592 4.038455
v -6.019977 0.562778 3.913985
v -6.245176 0.746790 3.913985
v -6.351223 0.674477 3.913985
v -6.360073 0.590276 3.913985
v -6.324804 0.480554 3.913985
v -5.919958 0.292030 3.913985
v -6.208342 0.338919 3.913985
v -6.163939 0.203614 3.913985
v -5.902997 0.002097 3.913985
v -6.179991 0.030225 3.913985
v -6.144272 -0.080834 3.913985
v -5.954818 -0.017249 3.913985
v -5.930337 -0.142446 3.913985
v -6.010635 -0.171888 3.913985
v -6.207787 0.185592 4.038455
v -6.230260 -0.010954 4.038455
v -6.230260 -0.010954 4.038455
v -6.190323 -0.135985 4.038455
v -6.190323 -0.135985 4.038455
v -5.997791 -0.224029 4.038455
v -6.190323 -0.135985 4.038455
v -5.902304 -0.189143 4.038455
v -5.928700 -0.047915 4.038455
v -5.867035 -0.025032 4.038455
v -5.902304 -0.189143 4.038455
v -5.928700 -0.047915 4.038455
v -5.867035 -0.025032 4.038455
v -5.881186 0.302821 4.038455
v -5.993853 0.607331 4.038455
v -5.993853 0.607331 4.038455
v -6.256207 0.811282 4.038455
v -6.382947 0.727381 4.038455
v -6.382947 0.727381 4.038455
v -6.431657 0.619456 4.038455
v -6.392209 0.495960 4.038455
v -6.392209 0.495960 4.038455
v -6.257504 0.337876 4.038455
v -6.257504 0.337876 4.038455
v -6.207787 0.185592 4.038455
v 5.161771 1.482428 4.382098
v 4.368748 1.172961 2.754627
v 4.698186 0.943587 4.325725
v 4.044388 0.114269 2.754627
v 4.446950 0.281699 4.186224
v 5.781744 1.830223 4.390898
v 5.615725 2.191868 2.754627
v 6.483327 1.944983 4.388814
v 7.227180 2.172291 2.754627
v 7.181938 1.813213 4.390898
v 7.793279 1.450459 4.382098
v 8.209214 1.415722 2.754628
v 8.035233 1.154931 4.358245
v 8.243636 0.900515 4.325726
v 8.626512 0.584165 2.754627
v 8.397775 0.431316 4.235837
v 8.452193 0.023763 4.097642
v 4.003320 -0.800707 2.754627
v 4.416354 0.022381 4.079620
v 4.380678 -0.773789 3.828929
v 4.416354 0.022381 4.079620
v 4.446950 0.281699 4.186224
v 4.044388 0.114269 2.754627
v 8.447584 -0.258903 3.986695
v 8.644327 -0.533352 2.754627
v 8.453208 -0.294265 4.049009
v 8.644327 -0.533352 2.754627
v 8.462417 -0.541695 3.890467
v 8.453208 -0.294265 4.049009
v 8.450702 -0.002268 4.088423
v 8.626512 0.584165 2.754627
v 8.452193 0.023763 4.097642
v 8.447584 -0.258903 3.986695
v -5.385696 1.612052 4.426541
v -4.932743 1.062408 4.370346
v -4.675637 1.284035 2.736292
v -4.377114 0.217776 2.736292
v -4.782955 0.521613 4.263367
v -6.032596 1.975016 4.430820
v -5.897513 2.332936 2.736292
v -6.770837 2.107200 4.426141
v -7.508969 2.352513 2.736292
v -7.511545 1.992983 4.408074
v -8.162724 1.645789 4.389542
v -8.509050 1.620024 2.736292
v -8.636456 1.107403 4.336362
v -8.946469 0.798829 2.736292
v -8.863880 0.445624 4.226278
v -4.358267 -0.697927 2.736292
v -4.790160 -0.071545 4.086070
v -4.791381 -0.172046 4.164611
v -4.791381 -0.172046 4.164611
v -4.797044 -0.638149 3.917884
v -9.077591 -0.130970 2.736292
v -8.843453 0.132526 4.151087
v -8.843843 0.098545 4.205772
v -9.077591 -0.130970 2.736292
v -4.782955 0.521613 4.263367
v -4.790160 -0.071545 4.086070
v -4.377114 0.217776 2.736292
v -8.843453 0.132526 4.151087
v -8.863880 0.445624 4.226278
v -8.946469 0.798829 2.736292
v -8.846794 -0.144326 4.080505
v -8.843843 0.098545 4.205772
v -9.077591 -0.130970 2.736292
v -4.377114 0.217776 2.736292
v -9.077591 -0.130970 2.736292
v -4.675637 1.284035 2.736292
v -5.897513 2.332936 2.736292
v -7.508969 2.352513 2.736292
v -8.509050 1.620024 2.736292
v -8.946469 0.798829 2.736292
v -4.358267 -0.697927 2.736292
v 4.368748 1.172961 2.754627
v 4.003320 -0.800707 2.754627
v 4.044388 0.114269 2.754627
v 5.615725 2.191868 2.754627
v 7.227180 2.172291 2.754627
v 8.209214 1.415722 2.754628
v 8.626512 0.584165 2.754627
v 8.644327 -0.533352 2.754627
v -2.903058 -0.675658 3.909129
v -4.358267 -0.697927 2.736292
v -4.797044 -0.638149 3.917884
v 2.517402 -0.750509 3.903656
v 4.003320 -0.800707 2.754627
v 4.380678 -0.773789 3.828929
v 3.794560 -0.802027 -0.000171
v -4.567049 -0.699247 0.000802
v -9.077591 -0.130970 2.736292
v -9.286350 -0.132290 0.000802
v -11.400604 0.221254 3.041425
v -11.520226 0.221266 3.182900
v -11.250234 0.217255 3.596123
v -10.714448 0.137277 3.839833
v -10.162946 0.051610 3.938323
v -9.465228 -0.051550 4.030141
v -8.846794 -0.144326 4.080505
v -11.587551 0.223525 3.041425
v -11.472060 0.222743 2.637380
v -11.759396 0.222354 1.890424
v -11.659051 0.225015 2.637380
v -11.857858 0.223550 1.009776
v -11.899330 0.224054 0.000801
v -11.857858 0.223550 -1.008151
v -11.759396 0.222354 -1.888821
v -11.472060 0.222722 -2.635776
v -11.400602 0.221255 -3.039779
v -9.077591 -0.130969 -2.734709
v -11.520225 0.221267 -3.181251
v -11.250232 0.217256 -3.594541
v -10.714446 0.137278 -3.838207
v -10.162944 0.051611 -3.936740
v -9.465226 -0.051549 -4.028538
v -8.846792 -0.144324 -4.078922
v -11.587526 0.223526 -3.039779
v -11.659051 0.224993 -2.635776
v -4.358266 -0.697926 -2.734686
v 3.794560 -0.802027 0.001780
v 4.003321 -0.800706 -2.753017
v 2.517425 -0.750508 -3.902048
v -2.903035 -0.675657 -3.907524
v -4.797043 -0.638148 -3.916281
v 4.380679 -0.773788 -3.827297
v 9.374114 -0.533151 0.001626
v 8.644327 -0.533352 -2.753016
v 9.373855 -0.552767 -2.909275
v 9.166603 -0.550249 -3.811292
v 8.941576 -0.547515 -3.887327
v 8.462419 -0.541694 -3.888834
v 9.414108 -0.553256 -3.616284
v 9.923809 -0.559448 -2.722248
v 9.625657 -0.555826 -2.722248
v 9.374114 -0.533151 -0.000037
v 8.644327 -0.533352 2.754627
v 9.373853 -0.552768 2.910886
v 9.166601 -0.550250 3.812925
v 9.414106 -0.553257 3.617895
v 9.923809 -0.559449 2.723859
v 8.941574 -0.547516 3.888935
v 8.462417 -0.541695 3.890467
v 9.625657 -0.555827 2.723859
v 9.373853 -0.552768 2.910886
v 9.991549 0.105644 2.596927
v 9.388206 0.628672 3.193655
v 9.789483 -0.275205 2.660171
v 9.625657 -0.555827 2.723859
v 10.343959 0.277940 1.798455
v 9.388206 0.628672 3.193655
v 10.105653 0.271745 2.452507
v 9.991549 0.105644 2.596927
v 10.509934 0.275924 1.003308
v 9.388467 0.648289 -0.000037
v 10.611810 0.274686 -0.000037
v 9.373853 -0.552768 2.910886
v 9.388467 0.648289 -0.000037
v 9.374114 -0.533151 -0.000037
v 9.388206 0.628672 3.193655
v 5.161773 1.482429 -4.380466
v 4.698188 0.943588 -4.324093
v 4.368749 1.172961 -2.753017
v 4.044389 0.114270 -2.753017
v 4.446951 0.281700 -4.184638
v 5.781745 1.830224 -4.389287
v 5.615726 2.191869 -2.753017
v 6.483329 1.944984 -4.387181
v 7.227203 2.172291 -2.753016
v 7.181940 1.813214 -4.389287
v 7.793303 1.450460 -4.380465
v 8.209214 1.415722 -2.753016
v 8.035234 1.154932 -4.356634
v 8.243638 0.900516 -4.324092
v 8.626512 0.584143 -2.753016
v 8.397820 0.431317 -4.234225
v 8.452195 0.023764 -4.096034
v 4.003321 -0.800706 -2.753017
v 4.416355 0.022382 -4.077990
v 4.416355 0.022382 -4.077990
v 4.380679 -0.773788 -3.827297
v 4.446951 0.281700 -4.184638
v 4.044389 0.114270 -2.753017
v 8.644327 -0.533352 -2.753016
v 8.447586 -0.258902 -3.985109
v 8.453210 -0.294264 -4.047376
v 8.644327 -0.533352 -2.753016
v 8.462419 -0.541694 -3.888834
v 8.453210 -0.294264 -4.047376
v 8.450704 -0.002266 -4.086812
v 8.452195 0.023764 -4.096034
v 8.626512 0.584143 -2.753016
v 8.447586 -0.258902 -3.985109
v -5.385672 1.612053 -4.424890
v -4.675636 1.284036 -2.734686
v -4.932719 1.062409 -4.368739
v -4.377069 0.217777 -2.734686
v -4.782953 0.521614 -4.261760
v -6.032572 1.975016 -4.429192
v -5.897512 2.332937 -2.734686
v -6.770835 2.107201 -4.424515
v -7.508968 2.352514 -2.734686
v -7.511543 1.992984 -4.406468
v -8.162722 1.645790 -4.387916
v -8.509050 1.620025 -2.734686
v -8.636455 1.107404 -4.334757
v -8.946449 0.798829 -2.734686
v -8.863878 0.445625 -4.224654
v -4.358266 -0.697926 -2.734686
v -4.790159 -0.071544 -4.084441
v -4.791380 -0.172045 -4.163005
v -4.791380 -0.172045 -4.163005
v -4.797043 -0.638148 -3.916281
v -8.843429 0.132527 -4.149504
v -9.077591 -0.130969 -2.734709
v -8.843842 0.098546 -4.204192
v -9.077591 -0.130969 -2.734709
v -4.782953 0.521614 -4.261760
v -4.377069 0.217777 -2.734686
v -4.790159 -0.071544 -4.084441
v -8.843429 0.132527 -4.149504
v -8.946449 0.798829 -2.734686
v -8.863878 0.445625 -4.224654
v -8.846792 -0.144324 -4.078922
v -9.077591 -0.130969 -2.734709
v -8.843842 0.098546 -4.204192
v -4.377069 0.217777 -2.734686
v -4.675636 1.284036 -2.734686
v -9.077591 -0.130969 -2.734709
v -5.897512 2.332937 -2.734686
v -7.508968 2.352514 -2.734686
v -8.509050 1.620025 -2.734686
v -8.946449 0.798829 -2.734686
v -4.358266 -0.697926 -2.734686
v 4.368749 1.172961 -2.753017
v 4.044389 0.114270 -2.753017
v 4.003321 -0.800706 -2.753017
v 5.615726 2.191869 -2.753017
v 7.227203 2.172291 -2.753016
v 8.209214 1.415722 -2.753016
v 8.626512 0.584143 -2.753016
v 8.644327 -0.533352 -2.753016
v 9.373855 -0.552767 -2.909275
v 9.991572 0.105644 -2.595295
v 9.789483 -0.275205 -2.658562
v 9.388207 0.628673 -3.191998
v 9.625657 -0.555826 -2.722248
v 10.343959 0.277940 -1.796800
v 10.105653 0.271746 -2.450896
v 9.388207 0.628673 -3.191998
v 9.991572 0.105644 -2.595295
v 10.509934 0.275924 -1.001697
v 9.388467 0.648289 0.001626
v 10.611809 0.274664 0.001626
v 9.373855 -0.552767 -2.909275
v 9.388467 0.648289 0.001626
v 9.388207 0.628673 -3.191998
v 9.374114 -0.533151 0.001626
v -11.759851 0.097370 2.842762
v -10.426245 0.115663 2.736536
v -11.759432 0.131859 2.736535
v -10.426664 0.081173 2.842762
v -10.425147 0.205989 2.670897
v -11.758334 0.222186 2.670896
v -11.759433 0.131859 2.948989
v -10.426246 0.115663 2.948989
v -11.758335 0.222186 3.014625
v -10.425148 0.205989 3.014626
v -11.758334 0.222186 2.670896
v -10.423791 0.317661 2.670897
v -11.756978 0.333857 2.670896
v -10.425147 0.205989 2.670897
v -11.756978 0.333857 2.670896
v -10.422693 0.407987 2.736536
v -11.755880 0.424183 2.736535
v -10.423791 0.317661 2.670897
v -10.422276 0.442499 2.842762
v -11.755463 0.458695 2.842762
v -10.422694 0.407987 2.948989
v -11.755881 0.424183 2.948989
v -10.423792 0.317661 3.014626
v -11.756979 0.333857 3.014625
v -11.756979 0.333857 3.014625
v -10.425148 0.205989 3.014626
v -11.758335 0.222186 3.014625
v -10.423792 0.317661 3.014626
v -11.755461 0.458696 -2.841158
v -10.422692 0.407988 -2.947362
v -10.422274 0.442500 -2.841157
v -11.755879 0.424184 -2.947362
v -10.423790 0.317661 -3.012979
v -11.756977 0.333858 -3.012979
v -11.755880 0.424184 -2.734953
v -10.422693 0.407988 -2.734953
v -11.756978 0.333858 -2.669317
v -10.423791 0.317661 -2.669317
v -11.756977 0.333858 -3.012979
v -10.425146 0.205990 -3.012979
v -10.423790 0.317661 -3.012979
v -11.758333 0.222186 -3.012979
v -11.758333 0.222186 -3.012979
v -10.426244 0.115664 -2.947362
v -10.425146 0.205990 -3.012979
v -11.759431 0.131860 -2.947362
v -10.426662 0.081174 -2.841157
v -11.759850 0.097371 -2.841158
v -10.426245 0.115664 -2.734953
v -11.759432 0.131860 -2.734953
v -10.425147 0.205990 -2.669317
v -11.758334 0.222186 -2.669317
v -11.758334 0.222186 -2.669317
v -10.423791 0.317661 -2.669317
v -10.425147 0.205990 -2.669317
v -11.756978 0.333858 -2.669317
v -11.567827 0.275717 -2.841158
v -11.759850 0.097371 -2.841158
v -11.759431 0.131860 -2.947362
v -11.759432 0.131860 -2.734953
v -11.567827 0.275717 -2.841158
v -11.758333 0.222186 -3.012979
v -11.567827 0.275717 -2.841158
v -11.758334 0.222186 -2.669317
v -11.567827 0.275717 -2.841158
v -11.758333 0.222186 -3.012979
v -11.756977 0.333858 -3.012979
v -11.756978 0.333858 -2.669317
v -11.758334 0.222186 -2.669317
v -11.567827 0.275717 -2.841158
v -11.756977 0.333858 -3.012979
v -11.755879 0.424184 -2.947362
v -11.567827 0.275717 -2.841158
v -11.755461 0.458696 -2.841158
v -11.755880 0.424184 -2.734953
v -11.567827 0.275717 -2.841158
v -11.756978 0.333858 -2.669317
v -11.567829 0.275716 2.842762
v -11.759851 0.097370 2.842762
v -11.759432 0.131859 2.736535
v -11.759433 0.131859 2.948989
v -11.567829 0.275716 2.842762
v -11.758334 0.222186 2.670896
v -11.567829 0.275716 2.842762
v -11.758335 0.222186 3.014625
v -11.567829 0.275716 2.842762
v -11.758334 0.222186 2.670896
v -11.756978 0.333857 2.670896
v -11.756979 0.333857 3.014625
v -11.758335 0.222186 3.014625
v -11.567829 0.275716 2.842762
v -11.756978 0.333857 2.670896
v -11.755880 0.424183 2.736535
v -11.567829 0.275716 2.842762
v -11.755463 0.458695 2.842762
v -11.755881 0.424183 2.948989
v -11.567829 0.275716 2.842762
v -11.756979 0.333857 3.014625
v 8.925457 1.499864 2.868170
v 9.668411 1.209801 2.664073
v 8.922639 1.267899 2.930348
v 9.591206 1.090117 2.776397
v 8.920575 1.098064 3.100174
v 8.920575 1.098064 3.564184
v 8.775192 1.100030 4.081152
v 8.919820 1.035889 3.332179
v 8.751307 1.146897 4.084565
v 8.922639 1.267899 3.734010
v 8.925457 1.499864 3.796166
v 8.947208 1.742751 3.935512
v 8.928275 1.731875 3.734010
v 9.042256 1.853040 3.813036
v 8.930339 1.901687 3.564184
v 9.163364 1.896706 3.610580
v 9.360428 1.928031 3.326815
v 9.360428 1.928031 3.326815
v 8.931094 1.963862 3.332179
v 8.925457 1.499864 2.868170
v 9.668411 1.209801 2.664073
v 9.668411 1.209801 2.664073
v 8.931094 1.963862 3.332179
v 9.379226 1.927803 3.300256
v 9.802675 1.949372 2.657954
v 9.360428 1.928031 3.326815
v 8.930339 1.901687 3.100174
v 8.928275 1.731875 2.930348
v 9.668411 1.209801 2.664073
v 8.922639 1.267899 2.930348
v 8.644327 1.503279 3.332179
v 8.925457 1.499864 2.868170
v 8.920575 1.098064 3.100174
v 8.919820 1.035889 3.332179
v 8.920575 1.098064 3.564184
v 8.922639 1.267899 3.734010
v 8.925457 1.499864 3.796166
v 8.928275 1.731875 3.734010
v 8.930339 1.901687 3.564184
v 8.931094 1.963862 3.332179
v 8.930339 1.901687 3.100174
v 8.928275 1.731875 2.930348
v 8.925459 1.499865 -2.868221
v 8.922641 1.267899 -2.930380
v 9.668411 1.209802 -2.664145
v 9.591206 1.090117 -2.776469
v 8.920577 1.098065 -3.100203
v 8.920577 1.098065 -3.564234
v 8.775194 1.100031 -4.081181
v 8.751309 1.146898 -4.084617
v 8.919822 1.035890 -3.332208
v 8.922641 1.267900 -3.734038
v 8.925459 1.499865 -3.796217
v 8.947210 1.742752 -3.935541
v 8.928277 1.731876 -3.734038
v 9.042258 1.853041 -3.813065
v 8.930341 1.901688 -3.564234
v 9.163366 1.896706 -3.610633
v 9.360430 1.928032 -3.326821
v 8.931096 1.963863 -3.332208
v 9.360430 1.928032 -3.326821
v 8.931096 1.963863 -3.332208
v 9.379228 1.927804 -3.300287
v 9.360430 1.928032 -3.326821
v 9.802675 1.949373 -2.658007
v 8.930341 1.901688 -3.100203
v 8.928277 1.731875 -2.930380
v 9.668411 1.209802 -2.664145
v 8.922641 1.267899 -2.930380
v 8.925459 1.499865 -2.868221
v 8.644329 1.503280 -3.332208
v 8.920577 1.098065 -3.100203
v 8.919822 1.035890 -3.332208
v 8.920577 1.098065 -3.564234
v 8.922641 1.267900 -3.734038
v 8.925459 1.499865 -3.796217
v 8.928277 1.731876 -3.734038
v 8.930341 1.901688 -3.564234
v 8.931096 1.963863 -3.332208
v 8.930341 1.901688 -3.100203
v 8.928277 1.731875 -2.930380
v 5.997615 0.524456 -4.117004
v 5.893356 0.599324 -4.117004
v 5.663731 0.420837 -4.117004
v 6.004416 0.440064 -4.117004
v 5.966492 0.331232 -4.117004
v 5.557163 0.152599 -4.117004
v 5.846623 0.192468 -4.117004
v 5.798946 0.058282 -4.117004
v 5.533165 -0.136837 -4.117004
v 5.810760 -0.115446 -4.117004
v 5.772376 -0.225604 -4.117004
v 5.584545 -0.157436 -4.117004
v 5.556984 -0.282001 -4.117004
v 5.636588 -0.313385 -4.117004
v 5.842344 0.039220 -4.038487
v 5.860036 -0.157834 -4.038487
v 5.860036 -0.157834 -4.038487
v 5.817073 -0.281858 -4.038487
v 5.817073 -0.281858 -4.038487
v 5.622436 -0.365199 -4.038487
v 5.817073 -0.281858 -4.038487
v 5.527825 -0.328003 -4.038487
v 5.557689 -0.187458 -4.038487
v 5.496577 -0.163084 -4.038487
v 5.527825 -0.328003 -4.038487
v 5.557689 -0.187458 -4.038487
v 5.496577 -0.163084 -4.038487
v 5.518711 0.164328 -4.038487
v 5.638741 0.466011 -4.038487
v 5.638741 0.466011 -4.038487
v 5.905929 0.663529 -4.038487
v 6.030592 0.576574 -4.038487
v 6.030592 0.576574 -4.038487
v 6.076689 0.467497 -4.038487
v 6.034232 0.344996 -4.038487
v 6.034232 0.344996 -4.038487
v 6.034232 0.344996 -4.038487
v 5.895724 0.190231 -4.038487
v 5.895724 0.190231 -4.038487
v 5.842344 0.039220 -4.038487
v 5.663731 0.420837 -3.914017
v 5.893356 0.599324 -3.914017
v 5.997615 0.524456 -3.914017
v 6.004416 0.440064 -3.914017
v 5.966492 0.331232 -3.914017
v 5.557163 0.152599 -3.914017
v 5.846623 0.192468 -3.914017
v 5.798946 0.058282 -3.914017
v 5.533165 -0.136837 -3.914017
v 5.810760 -0.115446 -3.914017
v 5.772376 -0.225604 -3.914017
v 5.584545 -0.157436 -3.914017
v 5.556984 -0.282001 -3.914017
v 5.636588 -0.313385 -3.914017
v 5.842344 0.039220 -4.038487
v 5.860036 -0.157834 -4.038487
v 5.860036 -0.157834 -4.038487
v 5.817073 -0.281858 -4.038487
v 5.817073 -0.281858 -4.038487
v 5.622436 -0.365199 -4.038487
v 5.817073 -0.281858 -4.038487
v 5.527825 -0.328003 -4.038487
v 5.557689 -0.187458 -4.038487
v 5.496577 -0.163084 -4.038487
v 5.527825 -0.328003 -4.038487
v 5.557689 -0.187458 -4.038487
v 5.496577 -0.163084 -4.038487
v 5.518711 0.164328 -4.038487
v 5.638741 0.466011 -4.038487
v 5.638741 0.466011 -4.038487
v 5.905929 0.663529 -4.038487
v 6.030592 0.576574 -4.038487
v 6.030592 0.576574 -4.038487
v 6.076689 0.467497 -4.038487
v 6.034232 0.344996 -4.038487
v 6.034232 0.344996 -4.038487
v 5.895724 0.190231 -4.038487
v 5.895724 0.190231 -4.038487
v 5.842344 0.039220 -4.038487
v 5.663730 0.420836 4.116951
v 5.893355 0.599323 4.116951
v 5.997614 0.524455 4.116951
v 6.004415 0.440063 4.116951
v 5.966491 0.331231 4.116951
v 5.557162 0.152598 4.116951
v 5.846622 0.192467 4.116951
v 5.798945 0.058281 4.116951
v 5.533164 -0.136838 4.116951
v 5.810759 -0.115447 4.116951
v 5.772375 -0.225606 4.116951
v 5.584544 -0.157437 4.116951
v 5.556983 -0.282002 4.116951
v 5.636587 -0.313386 4.116951
v 5.842343 0.039219 4.038457
v 5.860035 -0.157835 4.038457
v 5.860035 -0.157835 4.038457
v 5.817072 -0.281859 4.038457
v 5.817072 -0.281859 4.038457
v 5.622435 -0.365200 4.038457
v 5.817072 -0.281859 4.038457
v 5.527868 -0.328005 4.038457
v 5.557688 -0.187459 4.038457
v 5.496576 -0.163085 4.038457
v 5.527868 -0.328005 4.038457
v 5.557688 -0.187459 4.038457
v 5.496576 -0.163085 4.038457
v 5.518710 0.164327 4.038457
v 5.638740 0.466010 4.038457
v 5.638740 0.466010 4.038457
v 5.905928 0.663528 4.038457
v 6.030591 0.576573 4.038457
v 6.030591 0.576573 4.038457
v 6.076688 0.467496 4.038457
v 6.034231 0.344995 4.038457
v 6.034231 0.344995 4.038457
v 6.034231 0.344995 4.038457
v 5.895723 0.190230 4.038457
v 5.895723 0.190230 4.038457
v 5.842343 0.039219 4.038457
v 5.997614 0.524455 3.913987
v 5.893355 0.599323 3.913987
v 5.663730 0.420836 3.913987
v 6.004415 0.440063 3.913987
v 5.966491 0.331231 3.913987
v 5.557162 0.152598 3.913987
v 5.846622 0.192467 3.913987
v 5.798945 0.058281 3.913987
v 5.533164 -0.136838 3.913987
v 5.810759 -0.115447 3.913987
v 5.772375 -0.225605 3.913987
v 5.584544 -0.157437 3.913987
v 5.556983 -0.282002 3.913987
v 5.636587 -0.313386 3.913987
v 5.842343 0.039219 4.038457
v 5.860035 -0.157835 4.038457
v 5.860035 -0.157835 4.038457
v 5.817072 -0.281859 4.038457
v 5.817072 -0.281859 4.038457
v 5.622435 -0.365200 4.038457
v 5.817072 -0.281859 4.038457
v 5.527868 -0.328005 4.038457
v 5.557688 -0.187459 4.038457
v 5.496576 -0.163085 4.038457
v 5.527868 -0.328005 4.038457
v 5.557688 -0.187459 4.038457
v 5.496576 -0.163085 4.038457
v 5.518710 0.164327 4.038457
v 5.638740 0.466010 4.038457
v 5.638740 0.466010 4.038457
v 5.905928 0.663528 4.038457
v 6.030591 0.576573 4.038457
v 6.030591 0.576573 4.038457
v 6.076688 0.467496 4.038457
v 6.034231 0.344995 4.038457
v 6.034231 0.344995 4.038457
v 5.895723 0.190230 4.038457
v 5.895723 0.190230 4.038457
v 5.842343 0.039219 4.038457
v 10.007092 1.520310 1.304984
v 9.623933 1.338701 1.394563
v 10.004589 1.314257 1.360227
v 9.626196 1.524938 1.344642
v 9.622276 1.202358 1.530916
v 10.002756 1.163396 1.511076
v 10.009596 1.726386 1.360227
v 9.628458 1.711175 1.394563
v 10.011429 1.877247 1.511076
v 9.630115 1.847540 1.530916
v 10.002756 1.163396 1.511076
v 9.621671 1.152463 1.717167
v 10.002756 1.163396 1.511076
v 10.002086 1.108181 1.717167
v 10.012099 1.932462 1.717167
v 10.011429 1.877247 1.511076
v 9.630721 1.897457 1.717167
v 10.002086 1.108181 1.717167
v 9.622276 1.202358 1.903440
v 10.002756 1.163396 1.923258
v 9.621671 1.152463 1.717167
v 10.002756 1.163396 1.923258
v 9.623933 1.338701 2.039793
v 10.004589 1.314257 2.074130
v 9.626196 1.524938 2.089692
v 10.007092 1.520310 2.129327
v 9.628458 1.711175 2.039793
v 10.009596 1.726386 2.074130
v 9.630115 1.847540 1.903440
v 10.011429 1.877247 1.923258
v 10.011429 1.877247 1.923258
v 9.630721 1.897457 1.717167
v 10.011429 1.877247 1.923258
v 10.012099 1.932462 1.717167
v 9.962008 1.520858 1.319926
v 10.004589 1.314257 1.360227
v 9.959595 1.322274 1.373128
v 10.007092 1.520310 1.304984
v 10.002756 1.163396 1.511076
v 9.957829 1.176888 1.518546
v 9.964419 1.719442 1.373128
v 10.009596 1.726386 1.360227
v 9.966187 1.864850 1.518546
v 10.011429 1.877247 1.511076
v 9.966833 1.918070 1.717167
v 10.012099 1.932462 1.717167
v 9.966187 1.864850 1.915788
v 10.011429 1.877247 1.923258
v 10.002086 1.108181 1.717167
v 9.957182 1.123669 1.717167
v 10.002756 1.163396 1.511076
v 10.002756 1.163396 1.923258
v 9.957829 1.176888 1.915787
v 10.004589 1.314257 2.074130
v 9.959595 1.322274 2.061185
v 10.007092 1.520310 2.129327
v 9.962008 1.520858 2.114408
v 10.009596 1.726386 2.074130
v 9.964419 1.719442 2.061185
v 10.011429 1.877247 1.923258
v 9.959595 1.322274 1.373128
v 9.857365 1.522129 1.717167
v 9.962008 1.520858 1.319926
v 9.957829 1.176888 1.518546
v 9.957182 1.123669 1.717167
v 9.957829 1.176888 1.915787
v 9.959595 1.322274 2.061185
v 9.962008 1.520858 2.114408
v 9.964419 1.719442 2.061185
v 9.966187 1.864850 1.915788
v 9.966833 1.918070 1.717167
v 9.966187 1.864850 1.518546
v 9.964419 1.719442 1.373128
v 10.007092 1.520311 -1.305037
v 9.623933 1.338701 -1.394593
v 9.626196 1.524938 -1.344694
v 10.004589 1.314257 -1.360255
v 9.622276 1.202359 -1.530923
v 10.002756 1.163396 -1.511128
v 10.009596 1.726387 -1.360255
v 9.628458 1.711176 -1.394593
v 10.011429 1.877247 -1.511128
v 9.630115 1.847540 -1.530923
v 10.002756 1.163396 -1.511128
v 9.621671 1.152464 -1.717197
v 10.002756 1.163396 -1.511128
v 10.002086 1.108181 -1.717197
v 10.012099 1.932463 -1.717197
v 9.630721 1.897458 -1.717197
v 10.011429 1.877247 -1.511128
v 10.002086 1.108181 -1.717197
v 9.622276 1.202359 -1.903470
v 9.621671 1.152464 -1.717197
v 10.002756 1.163396 -1.923266
v 10.002756 1.163396 -1.923266
v 9.623933 1.338701 -2.039822
v 10.004589 1.314257 -2.074160
v 9.626196 1.524938 -2.089721
v 10.007092 1.520311 -2.129379
v 9.628458 1.711176 -2.039822
v 10.009596 1.726387 -2.074160
v 9.630115 1.847540 -1.903470
v 10.011429 1.877247 -1.923265
v 10.011429 1.877247 -1.923265
v 9.630721 1.897458 -1.717197
v 10.011429 1.877247 -1.923265
v 10.012099 1.932463 -1.717197
v 9.962008 1.520858 -1.319978
v 10.004589 1.314257 -1.360255
v 10.007092 1.520311 -1.305037
v 9.959595 1.322275 -1.373201
v 10.002756 1.163396 -1.511128
v 9.957829 1.176889 -1.518576
v 9.964419 1.719443 -1.373201
v 10.009596 1.726387 -1.360255
v 9.966187 1.864850 -1.518576
v 10.011429 1.877247 -1.511128
v 9.966833 1.918071 -1.717197
v 10.012099 1.932463 -1.717197
v 9.966187 1.864850 -1.915817
v 10.011429 1.877247 -1.923265
v 10.002086 1.108181 -1.717197
v 10.002756 1.163396 -1.511128
v 9.957182 1.123669 -1.717197
v 10.002756 1.163396 -1.923266
v 9.957829 1.176889 -1.915817
v 10.004589 1.314257 -2.074160
v 9.959595 1.322275 -2.061214
v 10.007092 1.520311 -2.129379
v 9.962008 1.520859 -2.114438
v 10.009596 1.726387 -2.074160
v 9.964419 1.719443 -2.061214
v 10.011429 1.877247 -1.923265
v 9.959595 1.322275 -1.373201
v 9.962008 1.520858 -1.319978
v 9.857365 1.522130 -1.717197
v 9.957829 1.176889 -1.518576
v 9.957182 1.123669 -1.717197
v 9.957829 1.176889 -1.915817
v 9.959595 1.322275 -2.061214
v 9.962008 1.520859 -2.114438
v 9.964419 1.719443 -2.061214
v 9.966187 1.864850 -1.915817
v 9.966833 1.918071 -1.717197
v 9.966187 1.864850 -1.518576
v 9.964419 1.719443 -1.373201
v 2.684122 0.054865 4.158115
v 2.795361 0.567304 4.304311
v 2.821895 0.566982 4.304311
v 2.657590 0.055187 4.158115
v 2.855665 2.609502 4.113382
v 2.676110 2.904470 3.984147
v 2.702598 2.904148 3.984147
v 2.829155 2.609824 4.113382
v 2.913855 1.572831 4.238208
v 2.892207 2.276210 4.228876
v 2.918716 2.275888 4.228876
v 2.887323 1.573153 4.238208
v 2.855042 0.753421 4.224818
v 2.887323 1.573153 4.238208
v 2.913855 1.572831 4.238208
v 2.828530 0.753743 4.224818
v 2.821895 0.566982 4.304311
v 2.828530 0.753743 4.224818
v 2.855042 0.753421 4.224818
v 2.795361 0.567304 4.304311
v 2.550013 -0.250437 4.032957
v 2.657590 0.055187 4.158115
v 2.684122 0.054865 4.158115
v 2.523481 -0.250094 4.032957
v 2.918716 2.275888 4.228876
v 2.829155 2.609824 4.113382
v 2.855665 2.609502 4.113382
v 2.892207 2.276210 4.228876
v -3.027868 0.227677 4.193893
v -3.221435 0.760092 4.327119
v -3.195234 0.759774 4.327119
v -3.054048 0.227995 4.193893
v -3.616411 2.965265 3.991703
v -3.589432 3.196826 3.871844
v -3.563233 3.196507 3.871844
v -3.642612 2.965584 3.991703
v -3.472712 1.784543 4.223640
v -3.644385 2.582323 4.153835
v -3.618186 2.582005 4.153835
v -3.498889 1.784861 4.223640
v -3.263148 0.996257 4.246364
v -3.498889 1.784861 4.223640
v -3.472712 1.784543 4.223640
v -3.289346 0.996575 4.246364
v -3.195234 0.759774 4.327119
v -3.289346 0.996575 4.246364
v -3.263148 0.996257 4.246364
v -3.221435 0.760092 4.327119
v -2.896248 -0.115060 4.063658
v -3.054048 0.227995 4.193893
v -3.027868 0.227677 4.193893
v -2.922446 -0.114631 4.063703
v -3.618186 2.582005 4.153835
v -3.642612 2.965584 3.991703
v -3.616411 2.965265 3.991703
v -3.644385 2.582323 4.153835
v 7.619608 2.532670 3.558975
v 8.664497 2.287689 3.451574
v 8.645724 2.287917 3.478130
v 7.638403 2.532442 3.532440
v 6.689086 2.693705 3.603974
v 7.638403 2.532442 3.532440
v 7.619608 2.532670 3.558975
v 6.707882 2.693477 3.577441
v 5.693040 2.798738 3.624014
v 6.707882 2.693477 3.577441
v 6.689086 2.693705 3.603974
v 5.711836 2.798510 3.597458
v 3.375249 3.022429 3.663693
v 5.711836 2.798510 3.597458
v 5.693040 2.798738 3.624014
v 3.394044 3.022201 3.637160
v 9.450048 1.992873 3.369375
v 9.452528 1.926912 3.300256
v 9.433711 1.927141 3.326815
v 9.468887 1.992644 3.342819
v 8.645724 2.287917 3.478130
v 9.101684 2.131694 3.399148
v 9.082866 2.131922 3.425704
v 8.664497 2.287689 3.451574
v 9.082866 2.131922 3.425704
v 9.468887 1.992644 3.342819
v 9.450048 1.992873 3.369375
v 9.101684 2.131694 3.399148
v 9.452528 1.926912 3.300256
v 9.360428 1.928031 3.326815
v 9.433711 1.927141 3.326815
v 9.379226 1.927803 3.300256
v -9.880375 3.436683 3.148741
v -10.882764 3.435935 3.116928
v -10.890262 3.439243 3.079821
v -9.875161 3.433539 3.177359
v -9.880375 3.436683 3.148741
v -8.990025 3.428969 3.182102
v -9.875161 3.433539 3.177359
v -8.996559 3.433151 3.149426
v -10.882764 3.435935 3.116928
v -10.948247 3.127717 3.103585
v -10.890262 3.439243 3.079821
v -10.939283 3.126742 3.142532
v -3.445473 3.214563 3.808356
v -3.600672 3.240747 3.794701
v -3.456049 3.254596 3.787630
v -3.916137 4.286551 3.343705
v -3.456049 3.254596 3.787630
v -3.600672 3.240747 3.794701
v -3.752339 4.209031 3.383405
v -3.894892 4.425646 3.267426
v -3.752339 4.209031 3.383405
v -3.916137 4.286551 3.343705
v -3.732459 4.336216 3.315751
v -3.782513 4.530005 3.206952
v -3.732459 4.336216 3.315751
v -3.894892 4.425646 3.267426
v -3.627038 4.431660 3.262217
v -3.576204 4.590640 3.169733
v -3.627038 4.431660 3.262217
v -3.782513 4.530005 3.206952
v -3.433494 4.487037 3.229364
v -2.464499 4.664611 3.122849
v -3.433494 4.487037 3.229364
v -3.576204 4.590640 3.169733
v -2.447406 4.555133 3.188688
v -1.106418 4.644476 3.119081
v -2.447406 4.555133 3.188688
v -2.464499 4.664611 3.122849
v -1.125984 4.535751 3.184631
v -0.239176 4.541228 3.175009
v -1.125984 4.535751 3.184631
v -1.106418 4.644476 3.119081
v -0.279202 4.439960 3.234374
v 0.254663 4.365945 3.272636
v -0.279202 4.439960 3.234374
v -0.239176 4.541228 3.175009
v 0.188625 4.275101 3.323067
v 0.348731 4.497750 3.075610
v 0.464502 4.622111 1.578198
v -0.279202 4.439960 3.234374
v 0.188625 4.275101 3.323067
v 1.504877 3.733479 3.572009
v 0.188625 4.275101 3.323067
v 0.254663 4.365945 3.272636
v 1.254570 3.715594 3.589454
v 2.118330 3.363938 3.726757
v 1.254570 3.715594 3.589454
v 1.504877 3.733479 3.572009
v 1.363958 3.002568 3.874726
v 2.662764 2.904565 3.915915
v 1.363958 3.002568 3.874726
v 2.118330 3.363938 3.726757
v -3.456049 3.254596 3.787630
v 1.374512 2.962538 3.897271
v -3.445473 3.214563 3.808356
v 1.363958 3.002568 3.874726
v 1.363958 3.002568 3.874726
v 2.662764 2.904565 3.915915
v 1.374512 2.962538 3.897271
v -0.179102 4.690473 2.962823
v 0.348911 4.512535 3.001107
v 0.348731 4.497750 3.075610
v -0.178923 4.705214 2.888272
v -1.061474 4.800155 2.899910
v -0.178923 4.705214 2.888272
v -0.179102 4.690473 2.962823
v -1.061295 4.814940 2.825429
v -2.485669 4.821648 2.903235
v -1.061295 4.814940 2.825429
v -1.061474 4.800155 2.899910
v -2.485490 4.836409 2.828754
v -3.805979 4.768056 2.952936
v -2.485490 4.836409 2.828754
v -2.485669 4.821648 2.903235
v -3.811696 4.782933 2.878408
v -4.924501 4.603757 2.998292
v -3.811696 4.782933 2.878408
v -3.805979 4.768056 2.952936
v -4.930197 4.618592 2.923764
v -5.288042 4.526283 3.015315
v -5.102638 4.581448 2.833986
v -4.924501 4.603757 2.998292
v -6.844849 4.126508 3.105603
v -5.288042 4.526283 3.015315
v -6.873917 4.142603 2.935400
v -4.924501 4.603757 2.998292
v -4.930197 4.618592 2.923764
v -6.715567 3.870260 3.352749
v -5.102638 4.581448 2.833986
v -6.715567 3.870260 3.352749
v -5.284144 4.235775 3.283408
v -7.771475 3.848992 3.142688
v -6.873917 4.142603 2.935400
v -6.844849 4.126508 3.105603
v -7.728597 3.887444 2.970470
v -6.857239 3.765214 3.387550
v -6.873917 4.142603 2.935400
v -6.857239 3.765214 3.387550
v -6.715567 3.870260 3.352749
v -8.990025 3.428969 3.182102
v -7.728597 3.887444 2.970470
v -7.771475 3.848992 3.142688
v -8.843884 3.492993 3.007710
v -4.930197 4.618592 2.923764
v -5.199822 4.751358 1.567490
v -5.060599 4.784228 1.565827
v -5.102638 4.581448 2.833986
v -3.433494 4.487037 3.229364
v -5.102638 4.581448 2.833986
v -2.447406 4.555133 3.188688
v -5.060599 4.784228 1.565827
v -5.295715 4.836298 -0.000039
v -5.129055 4.872117 -0.000039
v -5.199822 4.751358 1.567490
v -9.279255 3.641672 1.052073
v -9.015162 3.609710 2.044645
v -9.194183 3.560054 2.163085
v -9.093641 3.684775 0.994548
v -9.305462 3.665046 -0.000040
v -9.093641 3.684775 0.994548
v -9.279255 3.641672 1.052073
v -9.134832 3.710127 -0.000040
v -9.093641 3.684776 -0.994584
v -9.134832 3.710127 -0.000040
v -9.279255 3.641672 -1.052109
v -9.015162 3.609710 2.044645
v -8.843884 3.492993 3.007710
v -8.990025 3.428969 3.182102
v -8.996559 3.433151 3.149426
v -9.194183 3.560054 2.163085
v -4.737396 3.459532 3.654115
v -5.765859 3.429063 3.610688
v -5.765506 3.498358 3.581937
v -4.662942 3.383717 3.698227
v -4.647940 3.527257 3.634497
v -4.662942 3.383717 3.698227
v -4.737396 3.459532 3.654115
v -4.566859 3.466017 3.674421
v -4.633399 3.640367 3.590627
v -4.566859 3.466017 3.674421
v -4.647940 3.527257 3.634497
v -4.551049 3.603208 3.621218
v -4.830040 4.171310 3.338161
v -4.551049 3.603208 3.621218
v -4.633399 3.640367 3.590627
v -4.761130 4.246823 3.315021
v -4.929225 4.247801 3.294845
v -4.761130 4.246823 3.315021
v -4.830040 4.171310 3.338161
v -4.867414 4.339430 3.262483
v -5.018481 4.256824 3.285137
v -4.867414 4.339430 3.262483
v -4.929225 4.247801 3.294845
v -4.963165 4.350214 3.250711
v -5.284144 4.235775 3.283408
v -4.963165 4.350214 3.250711
v -5.018481 4.256824 3.285137
v -5.248174 4.324237 3.248605
v -6.715567 3.870260 3.352749
v -5.248174 4.324237 3.248605
v -5.284144 4.235775 3.283408
v -6.784093 3.913945 3.328186
v -6.857239 3.765214 3.387550
v -6.784093 3.913945 3.328186
v -6.715567 3.870260 3.352749
v -6.936260 3.786282 3.370369
v -5.765506 3.498358 3.581937
v -6.759113 3.466534 3.514949
v -6.691362 3.530533 3.494421
v -5.765859 3.429063 3.610688
v -6.691362 3.530533 3.494421
v -6.916853 3.548060 3.467776
v -6.838500 3.597965 3.455493
v -6.759113 3.466534 3.514949
v -6.838500 3.597965 3.455493
v -6.936260 3.786282 3.370369
v -6.857239 3.765214 3.387550
v -6.916853 3.548060 3.467776
v 2.684123 0.054866 -4.158169
v 2.795362 0.567305 -4.304387
v 2.657591 0.055189 -4.158169
v 2.821896 0.566983 -4.304387
v 2.855667 2.609503 -4.113413
v 2.676112 2.904471 -3.984177
v 2.829157 2.609825 -4.113413
v 2.702599 2.904149 -3.984177
v 2.913857 1.572832 -4.238261
v 2.892208 2.276211 -4.228906
v 2.887325 1.573154 -4.238261
v 2.918718 2.275889 -4.228906
v 2.855043 0.753422 -4.224871
v 2.887325 1.573154 -4.238261
v 2.828531 0.753744 -4.224871
v 2.913857 1.572832 -4.238261
v 2.821896 0.566983 -4.304387
v 2.828531 0.753744 -4.224871
v 2.795362 0.567305 -4.304387
v 2.855043 0.753422 -4.224871
v 2.550014 -0.250436 -4.032990
v 2.657591 0.055189 -4.158169
v 2.523483 -0.250092 -4.032990
v 2.684123 0.054866 -4.158169
v 2.918718 2.275889 -4.228906
v 2.829157 2.609825 -4.113413
v 2.892208 2.276211 -4.228906
v 2.855667 2.609503 -4.113413
v -3.027867 0.227678 -4.193948
v -3.221434 0.760094 -4.327177
v -3.054046 0.227996 -4.193948
v -3.195232 0.759775 -4.327177
v -3.616410 2.965266 -3.991760
v -3.589431 3.196827 -3.871899
v -3.642611 2.965585 -3.991760
v -3.563232 3.196508 -3.871899
v -3.472711 1.784544 -4.223698
v -3.644384 2.582324 -4.153893
v -3.498888 1.784862 -4.223698
v -3.618185 2.582006 -4.153893
v -3.263146 0.996258 -4.246441
v -3.498888 1.784862 -4.223698
v -3.289345 0.996576 -4.246441
v -3.472711 1.784544 -4.223698
v -3.195232 0.759775 -4.327177
v -3.289345 0.996576 -4.246441
v -3.221434 0.760094 -4.327177
v -3.263146 0.996258 -4.246441
v -2.896246 -0.115059 -4.063738
v -3.054046 0.227996 -4.193948
v -2.922444 -0.114630 -4.063760
v -3.027867 0.227678 -4.193948
v -3.618185 2.582006 -4.153893
v -3.642611 2.965585 -3.991760
v -3.644384 2.582324 -4.153893
v -3.616410 2.965266 -3.991760
v 7.619609 2.532671 -3.559026
v 8.664499 2.287690 -3.451625
v 7.638404 2.532443 -3.532470
v 8.645726 2.287918 -3.478158
v 6.689087 2.693706 -3.604048
v 7.638404 2.532443 -3.532470
v 6.707883 2.693478 -3.577492
v 7.619609 2.532671 -3.559026
v 5.693041 2.798739 -3.624065
v 6.707883 2.693478 -3.577492
v 5.711837 2.798511 -3.597532
v 6.689087 2.693706 -3.604048
v 3.375250 3.022430 -3.663768
v 5.711837 2.798511 -3.597532
v 3.394045 3.022202 -3.637212
v 5.693041 2.798739 -3.624065
v 9.450050 1.992874 -3.369406
v 9.452530 1.926913 -3.300287
v 9.468889 1.992645 -3.342848
v 9.433713 1.927142 -3.326865
v 8.645726 2.287918 -3.478158
v 9.101686 2.131695 -3.399154
v 8.664499 2.287690 -3.451625
v 9.082868 2.131923 -3.425732
v 9.082868 2.131923 -3.425732
v 9.468889 1.992645 -3.342848
v 9.101686 2.131695 -3.399154
v 9.450050 1.992874 -3.369406
v 9.452530 1.926913 -3.300287
v 9.360430 1.928032 -3.326865
v 9.379228 1.927804 -3.300287
v 9.433713 1.927142 -3.326865
v -9.880373 3.436684 -3.148775
v -10.882762 3.435936 -3.116943
v -9.875159 3.433540 -3.177393
v -10.890238 3.439244 -3.079858
v -10.882762 3.435936 -3.116943
v -10.948245 3.127717 -3.103620
v -10.939281 3.126743 -3.142547
v -9.880373 3.436684 -3.148775
v -8.990023 3.428970 -3.182116
v -8.996557 3.433151 -3.149463
v -9.875159 3.433540 -3.177393
v -3.445472 3.214564 -3.808413
v -3.456048 3.254597 -3.787663
v -3.600671 3.240748 -3.794734
v -3.916136 4.286551 -3.343760
v -3.456048 3.254597 -3.787663
v -3.752338 4.209031 -3.383462
v 1.374513 2.962539 -3.897324
v 1.363960 3.002569 -3.874781
v -3.445472 3.214564 -3.808413
v 1.363960 3.002569 -3.874781
v 2.662766 2.904566 -3.915968
v -3.894891 4.425646 -3.267480
v -3.752338 4.209031 -3.383462
v -3.732458 4.336216 -3.315785
v -3.916136 4.286551 -3.343760
v -3.782512 4.530005 -3.206964
v -3.732458 4.336216 -3.315785
v -3.627038 4.431660 -3.262249
v -3.894891 4.425646 -3.267480
v -3.576179 4.590639 -3.169768
v -3.627038 4.431660 -3.262249
v -3.433493 4.487037 -3.229396
v -3.782512 4.530005 -3.206964
v -2.464498 4.664612 -3.122883
v -3.433493 4.487037 -3.229396
v -2.447405 4.555133 -3.188698
v -3.576179 4.590639 -3.169768
v -1.106418 4.644477 -3.119092
v -2.447405 4.555133 -3.188698
v -1.125983 4.535751 -3.184662
v -2.464498 4.664612 -3.122883
v -2.447405 4.555133 -3.188698
v -0.239175 4.541228 -3.175021
v -1.125983 4.535751 -3.184662
v -0.279201 4.439960 -3.234408
v -1.106418 4.644477 -3.119092
v 0.254664 4.365945 -3.272645
v -0.279201 4.439960 -3.234408
v 0.188626 4.275101 -3.323098
v -0.239175 4.541228 -3.175021
v 1.504878 3.733480 -3.572084
v 0.188626 4.275101 -3.323098
v 1.254571 3.715595 -3.589506
v 0.254664 4.365945 -3.272645
v 2.118331 3.363939 -3.726790
v 1.254571 3.715595 -3.589506
v 1.363960 3.002569 -3.874781
v 1.504878 3.733480 -3.572084
v 2.662766 2.904566 -3.915968
v 2.118331 3.363939 -3.726790
v -0.179101 4.690474 -2.962854
v 0.348912 4.512536 -3.001137
v -0.178922 4.705215 -2.888350
v 0.348732 4.497751 -3.075643
v -1.061473 4.800156 -2.899989
v -0.178922 4.705215 -2.888350
v -1.061294 4.814941 -2.825461
v -0.179101 4.690474 -2.962854
v -2.485668 4.821649 -2.903292
v -1.061294 4.814941 -2.825461
v -2.485489 4.836410 -2.828786
v -1.061473 4.800156 -2.899989
v -3.805978 4.768057 -2.952970
v -2.485489 4.836410 -2.828786
v -3.811673 4.782933 -2.878465
v -2.485668 4.821649 -2.903292
v -4.924500 4.603758 -2.998324
v -3.811673 4.782933 -2.878465
v -4.930196 4.618593 -2.923841
v -3.805978 4.768057 -2.952970
v -5.288041 4.526284 -3.015347
v -4.924500 4.603758 -2.998324
v -5.102637 4.581449 -2.834040
v -6.844848 4.126509 -3.105614
v -5.102637 4.581449 -2.834040
v -6.873916 4.142604 -2.935458
v -5.288041 4.526284 -3.015347
v -5.102637 4.581449 -2.834040
v -6.715566 3.870261 -3.352805
v -5.284143 4.235775 -3.283443
v -6.873916 4.142604 -2.935458
v -7.771474 3.848993 -3.142702
v -6.873916 4.142604 -2.935458
v -7.728596 3.887444 -2.970481
v -6.844848 4.126509 -3.105614
v -6.873916 4.142604 -2.935458
v -6.857238 3.765215 -3.387609
v -6.715566 3.870261 -3.352805
v -7.728596 3.887444 -2.970481
v -6.873916 4.142604 -2.935458
v -8.990023 3.428970 -3.182116
v -7.728596 3.887444 -2.970481
v -8.843883 3.492994 -3.007747
v -7.771474 3.848993 -3.142702
v -4.924500 4.603758 -2.998324
v -4.930196 4.618593 -2.923841
v -5.102637 4.581449 -2.834040
v -4.930196 4.618593 -2.923841
v -5.199821 4.751358 -1.567502
v -5.102637 4.581449 -2.834040
v -5.060598 4.784228 -1.565839
v -5.284143 4.235775 -3.283443
v -4.038433 4.385822 -3.205213
v -5.018480 4.256824 -3.285195
v -5.060598 4.784228 -1.565839
v -5.295715 4.836298 -0.000039
v -5.199821 4.751358 -1.567502
v -5.129055 4.872117 -0.000039
v -9.279255 3.641672 -1.052109
v -9.015162 3.609710 -2.044680
v -9.093641 3.684776 -0.994584
v -9.194183 3.560054 -2.163165
v -8.990023 3.428970 -3.182116
v -8.843883 3.492994 -3.007747
v -9.015162 3.609710 -2.044680
v -8.996557 3.433151 -3.149463
v -9.194183 3.560054 -2.163165
v -4.737395 3.459533 -3.654170
v -5.765858 3.429064 -3.610768
v -4.662941 3.383718 -3.698262
v -5.765505 3.498359 -3.582015
v -4.647939 3.527258 -3.634552
v -4.662941 3.383718 -3.698262
v -4.566858 3.466018 -3.674498
v -4.737395 3.459533 -3.654170
v -4.633399 3.640368 -3.590706
v -4.566858 3.466018 -3.674498
v -4.551048 3.603209 -3.621297
v -4.647939 3.527258 -3.634552
v -4.830039 4.171310 -3.338173
v -4.551048 3.603209 -3.621297
v -4.761129 4.246823 -3.315053
v -4.633399 3.640368 -3.590706
v -4.929224 4.247801 -3.294858
v -4.761129 4.246823 -3.315053
v -4.867413 4.339430 -3.262494
v -4.830039 4.171310 -3.338173
v -5.018480 4.256824 -3.285195
v -4.867413 4.339430 -3.262494
v -4.963164 4.350214 -3.250724
v -4.929224 4.247801 -3.294858
v -5.284143 4.235775 -3.283443
v -4.963164 4.350214 -3.250724
v -5.248173 4.324237 -3.248640
v -5.018480 4.256824 -3.285195
v -6.715566 3.870261 -3.352805
v -5.248173 4.324237 -3.248640
v -6.784092 3.913946 -3.328222
v -6.715566 3.870261 -3.352805
v -5.284143 4.235775 -3.283443
v -6.857238 3.765215 -3.387609
v -6.784092 3.913946 -3.328222
v -6.936259 3.786283 -3.370405
v -6.715566 3.870261 -3.352805
v -5.765505 3.498359 -3.582015
v -6.759112 3.466535 -3.515004
v -5.765858 3.429064 -3.610768
v -6.691361 3.530534 -3.494454
v -6.691361 3.530534 -3.494454
v -6.916852 3.548061 -3.467809
v -6.759112 3.466535 -3.515004
v -6.838499 3.597965 -3.455551
v -6.838499 3.597965 -3.455551
v -6.936259 3.786283 -3.370405
v -6.916852 3.548061 -3.467809
v -6.838499 3.597965 -3.455551
v -6.857238 3.765215 -3.387609
v -3.456049 3.254596 3.787630
v 1.363960 3.002569 -3.874781
v 1.363958 3.002568 3.874726
v -3.456048 3.254597 -3.787663
v 2.988514 2.986335 3.757504
v 1.363960 3.002569 -3.874781
v 2.988516 2.986336 -3.757537
v 2.210761 3.474107 3.558374
v 1.363958 3.002568 3.874726
v 2.988514 2.986335 3.757504
v 1.254570 3.715594 3.589454
v 1.254570 3.715594 3.589454
v 2.210761 3.474107 3.558374
v 1.592622 3.857560 3.394823
v 0.188625 4.275101 3.323067
v 1.592622 3.857560 3.394823
v 0.348731 4.497750 3.075610
v 1.254570 3.715594 3.589454
v -1.125984 4.535751 3.184631
v 0.464502 4.622111 1.578198
v 0.492460 4.662451 -0.000038
v -0.279202 4.439960 3.234374
v -2.447406 4.555133 3.188688
v 0.492460 4.662451 -0.000038
v -5.199822 4.751358 1.567490
v -1.125984 4.535751 3.184631
v 0.492460 4.662451 -0.000038
v -5.199822 4.751358 1.567490
v -5.295715 4.836298 -0.000039
v -4.170177 3.634739 3.563693
v -3.752339 4.209031 3.383405
v -4.163756 4.163217 3.326346
v -3.456049 3.254596 3.787630
v -3.752339 4.209031 3.383405
v -4.163756 4.163217 3.326346
v -4.633399 3.640367 3.590627
v -4.170177 3.634739 3.563693
v -4.830040 4.171310 3.338161
v -4.929225 4.247801 3.294845
v -4.163756 4.163217 3.326346
v -4.143877 4.290380 3.258690
v -4.170177 3.634739 3.563693
v -4.647940 3.527257 3.634497
v -4.737396 3.459532 3.654115
v -4.633399 3.640367 3.590627
v -4.737396 3.459532 3.654115
v -3.456049 3.254596 3.787630
v -4.170177 3.634739 3.563693
v -4.143877 4.290380 3.258690
v -3.752339 4.209031 3.383405
v -3.732459 4.336216 3.315751
v -4.163756 4.163217 3.326346
v -4.038434 4.385822 3.205156
v -3.732459 4.336216 3.315751
v -3.627038 4.431660 3.262217
v -4.143877 4.290380 3.258690
v -5.018481 4.256824 3.285137
v -4.143877 4.290380 3.258690
v -4.038434 4.385822 3.205156
v -5.018481 4.256824 3.285137
v -4.929225 4.247801 3.294845
v -5.102638 4.581448 2.833986
v -3.627038 4.431660 3.262217
v -3.433494 4.487037 3.229364
v -4.038434 4.385822 3.205156
v -5.284144 4.235775 3.283408
v -4.038434 4.385822 3.205156
v -5.102638 4.581448 2.833986
v -5.018481 4.256824 3.285137
v 3.348791 3.023372 2.753650
v 2.988516 2.986336 -3.757537
v 3.348792 3.023373 -2.753705
v 2.988514 2.986335 3.757504
v 3.607737 3.057093 1.371264
v 3.348792 3.023373 -2.753705
v 3.607737 3.057093 -1.371341
v 3.348791 3.023372 2.753650
v 3.607737 3.057093 -1.371341
v 3.654082 3.063580 -0.000038
v 3.607737 3.057093 1.371264
v -6.838500 3.597965 3.455493
v -7.728597 3.887444 2.970470
v -8.843884 3.492993 3.007710
v -6.857239 3.765214 3.387550
v -6.691362 3.530533 3.494421
v -8.843884 3.492993 3.007710
v -9.015162 3.609710 2.044645
v -6.838500 3.597965 3.455493
v -4.737396 3.459532 3.654115
v -9.015162 3.609710 2.044645
v -9.093641 3.684775 0.994548
v -6.691362 3.530533 3.494421
v -3.456049 3.254596 3.787630
v -9.093641 3.684775 0.994548
v -9.134832 3.710127 -0.000040
v -4.737396 3.459532 3.654115
v -9.134832 3.710127 -0.000040
v -3.456048 3.254597 -3.787663
v 2.210762 3.474108 -3.558430
v 1.363960 3.002569 -3.874781
v 1.254571 3.715595 -3.589506
v 2.988516 2.986336 -3.757537
v 1.254571 3.715595 -3.589506
v 1.592623 3.857561 -3.394856
v 2.210762 3.474108 -3.558430
v 0.188626 4.275101 -3.323098
v 1.592623 3.857561 -3.394856
v 1.254571 3.715595 -3.589506
v 0.348732 4.497751 -3.075643
v -0.279201 4.439960 -3.234408
v 0.348732 4.497751 -3.075643
v 0.188626 4.275101 -3.323098
v 0.464502 4.622111 -1.578230
v -1.125983 4.535751 -3.184662
v 0.464502 4.622111 -1.578230
v -0.279201 4.439960 -3.234408
v -1.125983 4.535751 -3.184662
v 0.492460 4.662451 -0.000038
v -2.447405 4.555133 -3.188698
v 0.492460 4.662451 -0.000038
v -1.125983 4.535751 -3.184662
v -5.199821 4.751358 -1.567502
v -3.433493 4.487037 -3.229396
v -5.199821 4.751358 -1.567502
v -2.447405 4.555133 -3.188698
v -3.433493 4.487037 -3.229396
v -5.102637 4.581449 -2.834040
v -5.199821 4.751358 -1.567502
v -4.170176 3.634740 -3.563751
v -3.752338 4.209031 -3.383462
v -3.456048 3.254597 -3.787663
v -4.163755 4.163217 -3.326381
v -4.737395 3.459533 -3.654170
v -4.170176 3.634740 -3.563751
v -4.647939 3.527258 -3.634552
v -4.633399 3.640368 -3.590706
v -4.143876 4.290380 -3.258703
v -3.752338 4.209031 -3.383462
v -3.732458 4.336216 -3.315785
v -4.163755 4.163217 -3.326381
v -4.633399 3.640368 -3.590706
v -4.830039 4.171310 -3.338173
v -4.170176 3.634740 -3.563751
v -4.170176 3.634740 -3.563751
v -4.737395 3.459533 -3.654170
v -4.647939 3.527258 -3.634552
v -4.929224 4.247801 -3.294858
v -4.163755 4.163217 -3.326381
v -4.830039 4.171310 -3.338173
v -4.143876 4.290380 -3.258703
v -4.163755 4.163217 -3.326381
v -4.038433 4.385822 -3.205213
v -3.732458 4.336216 -3.315785
v -4.143876 4.290380 -3.258703
v -3.627038 4.431660 -3.262249
v -5.018480 4.256824 -3.285195
v -4.143876 4.290380 -3.258703
v -4.929224 4.247801 -3.294858
v -5.018480 4.256824 -3.285195
v -4.038433 4.385822 -3.205213
v -4.143876 4.290380 -3.258703
v -5.102637 4.581449 -2.834040
v -3.627038 4.431660 -3.262249
v -4.038433 4.385822 -3.205213
v -5.102637 4.581449 -2.834040
v -3.433493 4.487037 -3.229396
v -3.627038 4.431660 -3.262249
v -5.199821 4.751358 -1.567502
v -5.295715 4.836298 -0.000039
v 0.492460 4.662451 -0.000038
v -6.838499 3.597965 -3.455551
v -7.728596 3.887444 -2.970481
v -6.857238 3.765215 -3.387609
v -6.838499 3.597965 -3.455551
v -8.843883 3.492994 -3.007747
v -6.691361 3.530534 -3.494454
v -8.843883 3.492994 -3.007747
v -6.838499 3.597965 -3.455551
v -6.691361 3.530534 -3.494454
v -9.015162 3.609710 -2.044680
v -8.843883 3.492994 -3.007747
v -4.737395 3.459533 -3.654170
v -9.015162 3.609710 -2.044680
v -6.691361 3.530534 -3.494454
v -4.737395 3.459533 -3.654170
v -9.093641 3.684776 -0.994584
v -9.015162 3.609710 -2.044680
v -3.456048 3.254597 -3.787663
v -9.093641 3.684776 -0.994584
v -4.737395 3.459533 -3.654170
v -3.456048 3.254597 -3.787663
v -9.134832 3.710127 -0.000040
v -9.093641 3.684776 -0.994584
v 2.210761 3.474107 3.558374
v 2.931350 3.032765 3.698298
v 2.988514 2.986335 3.757504
v 2.219475 3.477880 3.517609
v 3.348769 3.023373 2.753628
v 2.931350 3.032765 3.698298
v 3.278026 3.067151 2.728357
v 1.592600 3.857560 3.394823
v 2.219475 3.477880 3.517609
v 2.210761 3.474107 3.558374
v 1.598562 3.861079 3.352062
v 0.582115 4.564217 1.583718
v 0.348911 4.512535 3.001107
v 0.464502 4.622111 1.578198
v 0.443808 4.462546 3.031143
v 0.628395 4.598083 -0.000038
v 0.464502 4.622111 1.578198
v 0.492460 4.662451 -0.000038
v 0.582115 4.564217 1.583718
v 3.278026 3.067151 2.728357
v 3.607714 3.057093 1.371264
v 3.348769 3.023373 2.753628
v 3.520053 3.104113 1.376364
v 3.654082 3.063580 -0.000038
v 3.520053 3.104113 1.376364
v 3.569423 3.109456 -0.000038
v 3.607714 3.057093 1.371264
v 0.443808 4.462546 3.031143
v 0.348731 4.497750 3.075610
v 0.348911 4.512535 3.001107
v 1.592600 3.857560 3.394823
v 0.348731 4.497750 3.075610
v 0.443808 4.462546 3.031143
v 0.443808 4.462546 3.031143
v 1.598562 3.861079 3.352062
v 1.592600 3.857560 3.394823
v 2.210762 3.474108 -3.558430
v 2.931351 3.032766 -3.698350
v 2.219476 3.477881 -3.517662
v 2.988516 2.986336 -3.757537
v 3.348770 3.023374 -2.753705
v 2.931351 3.032766 -3.698350
v 3.278027 3.067152 -2.728434
v 1.592601 3.857561 -3.394856
v 2.219476 3.477881 -3.517662
v 1.598563 3.861080 -3.352071
v 2.210762 3.474108 -3.558430
v 0.582116 4.564217 -1.583749
v 0.348912 4.512536 -3.001137
v 0.443809 4.462547 -3.031176
v 0.464502 4.622111 -1.578230
v 0.628395 4.598083 -0.000038
v 0.464502 4.622111 -1.578230
v 0.582116 4.564217 -1.583749
v 0.492460 4.662451 -0.000038
v 3.278027 3.067152 -2.728434
v 3.607715 3.057094 -1.371341
v 3.520053 3.104114 -1.376395
v 3.348770 3.023374 -2.753705
v 3.654082 3.063580 -0.000038
v 3.520053 3.104114 -1.376395
v 3.607715 3.057094 -1.371341
v 3.569423 3.109456 -0.000038
v 0.443809 4.462547 -3.031176
v 0.348912 4.512536 -3.001137
v 0.348732 4.497751 -3.075643
v 1.592601 3.857561 -3.394856
v 0.443809 4.462547 -3.031176
v 0.348732 4.497751 -3.075643
v 0.443809 4.462547 -3.031176
v 1.592601 3.857561 -3.394856
v 1.598563 3.861080 -3.352071
v -5.199822 4.751358 1.567490
v -6.873917 4.142603 2.935400
v -6.887994 4.266633 1.596441
v -5.102638 4.581448 2.833986
v -7.728597 3.887444 2.970470
v -7.761445 4.023008 1.616568
v -8.843884 3.492993 3.007710
v -9.015162 3.609710 2.044645
v -5.295692 4.836298 -0.000039
v -6.931380 4.399731 -0.000039
v -7.799221 4.141586 -0.000040
v -9.093641 3.684775 0.994548
v -9.134832 3.710127 -0.000040
v -3.752339 4.209031 3.383405
v -1.731549 4.112984 3.397573
v -3.456049 3.254596 3.787630
v -3.732459 4.336216 3.315751
v -3.627038 4.431660 3.262217
v -3.433494 4.487037 3.229342
v -2.447406 4.555133 3.188688
v -1.125984 4.535751 3.184631
v -0.279202 4.439960 3.234374
v 0.188625 4.275101 3.323067
v 1.254570 3.715594 3.589454
v 1.363958 3.002568 3.874726
v -5.765506 3.498358 3.581937
v -5.579015 3.821624 3.444034
v -4.737396 3.459532 3.654115
v -4.647940 3.527257 3.634497
v -4.633399 3.640367 3.590627
v -4.830040 4.171310 3.338161
v -4.929225 4.247801 3.294845
v -5.018481 4.256824 3.285137
v -5.284144 4.235775 3.283408
v -6.715567 3.870260 3.352749
v -6.857239 3.765214 3.387550
v -6.691362 3.530533 3.494421
v -6.838500 3.597965 3.455493
v 1.592601 3.857561 -3.394856
v 0.348912 4.512536 -3.001137
v 0.348732 4.497751 -3.075643
v -5.199821 4.751358 -1.567502
v -6.873916 4.142604 -2.935458
v -5.102637 4.581449 -2.834040
v -6.887993 4.266633 -1.596475
v -7.728596 3.887444 -2.970481
v -7.761444 4.023008 -1.616603
v -8.843883 3.492994 -3.007747
v -9.015162 3.609710 -2.044680
v -5.295692 4.836298 -0.000039
v -6.931380 4.399731 -0.000039
v -7.799221 4.141586 -0.000040
v -9.093641 3.684776 -0.994584
v -9.134832 3.710127 -0.000040
v -3.752338 4.209031 -3.383462
v -3.456048 3.254597 -3.787663
v -1.731548 4.112984 -3.397626
v -3.732458 4.336216 -3.315785
v -3.627038 4.431660 -3.262249
v -3.433493 4.487037 -3.229396
v -2.447405 4.555133 -3.188698
v -1.125983 4.535751 -3.184662
v -0.279201 4.439960 -3.234408
v 0.188626 4.275101 -3.323098
v 1.254571 3.715595 -3.589506
v 1.363960 3.002569 -3.874781
v -5.765505 3.498359 -3.582015
v -4.737395 3.459533 -3.654170
v -5.579014 3.821625 -3.444067
v -4.647939 3.527258 -3.634552
v -4.633399 3.640368 -3.590706
v -4.830039 4.171310 -3.338173
v -4.929224 4.247801 -3.294858
v -5.018480 4.256824 -3.285195
v -5.284143 4.235775 -3.283443
v -6.715566 3.870261 -3.352805
v -6.857238 3.765215 -3.387609
v -6.691361 3.530534 -3.494454
v -6.838499 3.597965 -3.455551
v 3.278026 3.067151 2.728357
v 2.219475 3.477880 3.517609
v 2.451346 3.578593 2.433109
v 2.931350 3.032765 3.698298
v 1.598562 3.861079 3.352062
v 1.763801 3.958811 2.164949
v 3.520053 3.104113 1.376364
v 2.551499 3.623553 1.432248
v 3.569423 3.109456 -0.000038
v 2.577302 3.647228 -0.000038
v 1.820686 3.993390 1.480772
v 1.846737 4.020917 -0.000038
v 0.443808 4.462546 3.031143
v 0.582115 4.564217 1.583718
v 0.628395 4.598083 -0.000038
v 3.278027 3.067152 -2.728434
v 2.219476 3.477881 -3.517662
v 2.931351 3.032766 -3.698350
v 2.451347 3.578593 -2.433163
v 1.598563 3.861080 -3.352071
v 1.763802 3.958812 -2.165025
v 3.520053 3.104114 -1.376395
v 2.551499 3.623554 -1.432301
v 3.569423 3.109456 -0.000038
v 2.577302 3.647228 -0.000038
v 1.820686 3.993391 -1.480826
v 1.846737 4.020917 -0.000038
v 0.443809 4.462547 -3.031176
v 0.582116 4.564217 -1.583749
v 0.628395 4.598083 -0.000038
v 9.591206 1.090117 -2.776469
v 9.668412 1.209823 -2.664145
v 9.300066 1.512163 -3.395208
v 8.775194 1.100031 -4.081181
v 8.751309 1.146898 -4.084617
v 8.947210 1.742752 -3.935541
v 9.042258 1.853041 -3.813065
v 9.163366 1.896706 -3.610633
v 9.360430 1.928032 -3.326865
v 9.379228 1.927804 -3.300287
v 9.802675 1.949373 -2.658007
v 9.959595 1.322275 -1.373201
v 9.962008 1.520858 -1.319978
v 10.031188 1.520018 -1.717197
v 9.957829 1.176889 -1.518576
v 9.957182 1.123669 -1.717197
v 9.957829 1.176889 -1.915817
v 9.959595 1.322275 -2.061214
v 9.962008 1.520859 -2.114438
v 9.964419 1.719443 -2.061214
v 9.966187 1.864850 -1.915817
v 9.966833 1.918071 -1.717197
v 9.966187 1.864850 -1.518576
v 9.964419 1.719443 -1.373201
v 9.591206 1.090117 2.776397
v 9.300020 1.512162 3.395157
v 9.668411 1.209801 2.664073
v 8.775192 1.100030 4.081152
v 8.751307 1.146897 4.084565
v 8.947208 1.742751 3.935512
v 9.042256 1.853040 3.813036
v 9.163364 1.896706 3.610558
v 9.360406 1.928031 3.326815
v 9.379226 1.927803 3.300256
v 9.802675 1.949372 2.657954
v 9.959595 1.322274 1.373128
v 10.031188 1.520018 1.717167
v 9.962008 1.520858 1.319926
v 9.957829 1.176888 1.518546
v 9.957182 1.123669 1.717167
v 9.957829 1.176888 1.915787
v 9.959595 1.322274 2.061185
v 9.962008 1.520858 2.114408
v 9.964419 1.719442 2.061185
v 9.966187 1.864850 1.915788
v 9.966833 1.918070 1.717167
v 9.966187 1.864850 1.518546
v 9.964419 1.719442 1.373128
v -11.144610 2.862412 -2.744574
v -11.088078 2.528212 -3.605471
v -10.965475 2.842831 -3.580597
v -11.262922 2.546763 -2.744619
v -11.161570 2.325636 -3.589156
v -11.239959 2.220022 -3.456149
v -11.381911 2.232498 -2.744641
v -10.913220 2.976143 -3.543956
v -10.891392 3.094061 -3.403103
v -10.962488 3.101443 -3.094112
v -11.264590 2.882134 -1.982013
v -11.389821 2.557837 -1.954880
v -11.518608 2.234159 -1.927170
v -11.042905 3.109848 -2.744508
v -11.141225 3.129906 -2.214837
v -11.180479 3.083140 -2.041643
v -11.077682 2.519130 -3.629810
v -10.951425 2.853193 -3.604228
v -11.380182 2.205098 -2.744020
v -11.234136 2.191907 -3.476189
v -11.153432 2.304056 -3.613051
v -10.897590 2.994707 -3.566544
v -10.875097 3.119868 -3.421592
v -10.939281 3.126743 -3.142547
v -10.948226 3.127717 -3.103620
v -11.132128 3.157839 -2.198833
v -11.031006 3.136594 -2.743842
v -11.520847 2.206807 -1.902831
v -11.388179 2.550457 -1.931316
v -11.259206 2.894774 -1.959247
v -11.191926 3.045991 -1.996865
v -11.153672 3.105428 -2.018766
v -11.153672 3.105428 -2.018766
v -11.132128 3.157839 -2.198833
v -11.104135 3.157499 -2.180389
v -11.144629 2.862411 2.744495
v -11.088080 2.528211 3.605390
v -11.262922 2.546762 2.744537
v -10.965477 2.842830 3.580518
v -11.381911 2.232497 2.744559
v -11.239961 2.220021 3.456114
v -11.161572 2.325635 3.589096
v -10.962490 3.101442 3.094074
v -10.891394 3.094060 3.403066
v -10.913222 2.976142 3.543919
v -11.264590 2.882134 1.981954
v -11.389821 2.557837 1.954821
v -11.518608 2.234159 1.927133
v -11.180479 3.083140 2.041584
v -11.141225 3.129906 2.214757
v -11.042952 3.109847 2.744426
v -11.077683 2.519129 3.629729
v -10.951427 2.853192 3.604149
v -11.380182 2.205097 2.743940
v -11.234138 2.191906 3.476131
v -11.153434 2.304055 3.612971
v -10.897610 2.994706 3.566484
v -10.875099 3.119867 3.421532
v -10.939283 3.126742 3.142510
v -10.948247 3.127717 3.103585
v -11.388179 2.550457 1.931279
v -11.259206 2.894774 1.959188
v -11.520847 2.206807 1.902772
v -11.191926 3.045991 1.996806
v -11.153695 3.105428 2.018731
v -11.132128 3.157838 2.198753
v -11.031006 3.136593 2.743785
v -11.153672 3.105428 2.018731
v -11.104135 3.157498 2.180310
v -11.132128 3.157838 2.198753
vn -0.2155 0.0222 0.9762
vn 0.0176 -0.1689 0.9855
vn 0.0112 -0.0433 0.9990
vn -0.1623 -0.1275 0.9785
vn 0.0395 -0.3025 0.9523
vn 0.0323 -0.2475 0.9684
vn 0.0390 -0.3417 0.9390
vn 0.0120 0.0195 0.9997
vn 0.0123 0.0430 0.9990
vn 0.0192 -0.0355 0.9992
vn -0.3003 0.1409 0.9434
vn -0.2274 0.3283 0.9168
vn -0.3126 0.4156 0.8541
vn -0.3093 0.0391 0.9502
vn -0.0913 0.5541 0.8274
vn -0.1532 0.6254 0.7651
vn 0.0597 0.7170 0.6945
vn 0.0441 0.7250 0.6873
vn 0.2241 0.6915 0.6868
vn 0.2398 0.6912 0.6817
vn 0.3393 0.4861 0.8054
vn 0.4023 0.5089 0.7611
vn 0.3200 0.1883 0.9285
vn 0.4630 0.3434 0.8171
vn 0.4687 0.1630 0.8682
vn 0.4826 0.0216 0.8756
vn 0.1979 -0.1867 0.9623
vn 0.1700 0.1117 0.9791
vn 0.2288 0.4325 0.8721
vn 0.1683 0.6137 0.7714
vn 0.0822 0.6304 0.7719
vn 0.0017 0.4588 0.8885
vn -0.0157 0.3178 0.9480
vn -0.0569 0.1615 0.9852
vn -0.0818 0.0441 0.9957
vn -0.0668 -0.0110 0.9977
vn 0.0358 0.0427 0.9984
vn 0.0508 -0.0124 0.9986
vn 0.2327 0.1189 0.9653
vn 0.2124 0.3778 0.9012
vn 0.1603 0.6060 0.7792
vn 0.1857 0.7624 0.6198
vn 0.1068 0.7241 0.6813
vn 0.0556 0.3797 0.9234
vn 0.0667 0.6462 0.7602
vn 0.0633 0.3718 0.9261
vn 0.0727 0.4971 0.8646
vn 0.0513 0.0268 0.9983
vn 0.0584 -0.0360 0.9976
vn 0.0630 0.3483 0.9353
vn 0.2228 0.5816 0.7823
vn 0.3176 0.6432 0.6967
vn 0.2641 0.7536 0.6019
vn 0.3266 0.7372 0.5915
vn 0.3895 0.7443 0.5425
vn 0.0098 -0.1531 0.9882
vn 0.0099 -0.1531 0.9882
vn 0.1976 -0.1867 0.9623
vn 0.0166 -0.2473 0.9688
vn 0.0186 -0.0826 0.9964
vn 0.0105 -0.1060 0.9943
vn 0.1571 -0.3039 0.9397
vn 0.0158 -0.3179 0.9480
vn 0.1733 -0.2649 0.9486
vn 0.0075 -0.3491 0.9370
vn 0.1488 -0.3430 0.9275
vn 0.4631 -0.2998 0.8341
vn 0.4712 -0.2763 0.8376
vn 0.4546 -0.3467 0.8204
vn 0.7372 -0.3266 0.5915
vn 0.7533 -0.2876 0.5914
vn 0.0073 -0.3648 0.9311
vn 0.1564 -0.3588 0.9202
vn 0.4465 -0.3702 0.8146
vn 0.7210 -0.3656 0.5886
vn 0.0462 -0.3888 0.9202
vn 0.0463 -0.3888 0.9201
vn 0.0650 0.5050 0.8606
vn 0.0650 0.5050 0.8607
vn 0.0650 0.5051 0.8606
vn 0.0650 0.5053 0.8605
vn 0.0087 -0.2550 0.9669
vn 0.0081 -0.3021 0.9532
vn 0.0082 -0.2942 0.9557
vn 0.0073 -0.3648 0.9310
vn 0.0172 0.4430 0.8964
vn 0.0171 0.4430 0.8964
vn 0.0166 0.3959 0.9182
vn 0.0167 0.4037 0.9147
vn 0.0163 0.3724 0.9279
vn -0.0031 0.0667 0.9978
vn 0.0120 0.0194 0.9997
vn 0.0319 0.3643 0.9307
vn 0.0319 0.3644 0.9307
vn 0.0632 0.3640 0.9293
vn 0.1260 0.3632 0.9232
vn 0.0632 0.3639 0.9293
vn 0.1338 0.3631 0.9221
vn 0.2670 0.3536 0.8965
vn 0.2749 0.3535 0.8941
vn 0.4236 0.3282 0.8443
vn 0.5247 0.2485 0.8142
vn 0.5246 0.2485 0.8142
vn 0.2495 0.1970 0.9481
vn 0.3834 0.2424 0.8912
vn 0.1094 0.2928 0.9499
vn 0.1096 0.3163 0.9423
vn 0.1010 0.2458 0.9640
vn 0.0314 0.3251 0.9451
vn 0.1315 0.1827 0.9743
vn 0.1068 0.0732 0.9916
vn 0.0983 0.0263 0.9948
vn 0.0983 0.0262 0.9948
vn 0.0982 0.0262 0.9948
vn 0.0983 0.0261 0.9948
vn 0.0982 0.0261 0.9948
vn 0.0315 0.3330 0.9424
vn -0.0144 0.4277 0.9038
vn -0.0013 0.2157 0.9765
vn 0.0375 0.1838 0.9823
vn 0.0432 0.0112 0.9990
vn 0.0662 -0.0361 0.9972
vn 0.1164 0.2143 0.9698
vn 0.0164 0.3802 0.9248
vn 0.0879 0.4500 0.8887
vn -0.0217 0.4669 0.8840
vn -0.0205 0.5689 0.8221
vn -0.0774 0.4127 0.9076
vn -0.1388 0.5233 0.8408
vn -0.1259 0.2878 0.9494
vn -0.2195 0.3360 0.9159
vn -0.1440 0.0919 0.9853
vn -0.2303 0.0930 0.9687
vn -0.1307 -0.1043 0.9859
vn -0.2096 -0.1426 0.9673
vn -0.1476 -0.2061 0.9673
vn -0.1238 -0.1828 0.9753
vn -0.1073 -0.1124 0.9879
vn -0.0658 0.0674 0.9956
vn -0.0591 -0.0189 0.9981
vn -0.0482 0.2320 0.9715
vn -0.0315 0.3102 0.9501
vn -0.0229 0.3728 0.9276
vn -0.0971 0.0757 0.9924
vn -0.1296 -0.0177 0.9914
vn -0.2084 -0.0486 0.9768
vn -0.1684 0.0216 0.9855
vn -0.0645 0.1773 0.9820
vn -0.0727 0.1460 0.9866
vn -0.0480 0.2477 0.9676
vn -0.0641 0.2086 0.9759
vn -0.0729 0.1303 0.9888
vn -0.0397 0.2868 0.9572
vn -0.1545 -0.1276 0.9797
vn -0.2881 -0.1494 0.9459
vn -0.3659 -0.0936 0.9259
vn -0.6888 -0.2152 0.6923
vn -0.6881 -0.1446 0.7111
vn -0.1603 0.0373 0.9864
vn -0.1630 -0.1824 0.9696
vn -0.2961 -0.1968 0.9347
vn -0.6111 -0.2710 0.7437
vn 0.0180 -0.1296 0.9914
vn 0.0179 -0.1375 0.9903
vn -0.0037 0.0197 0.9998
vn -0.0036 0.0275 0.9996
vn -0.0113 0.0433 0.9990
vn -0.0114 0.0432 0.9990
vn -0.0192 0.0355 0.9992
vn -0.0277 -0.0193 0.9994
vn -0.0365 -0.0976 0.9946
vn -0.0453 -0.1759 0.9834
vn -0.0533 -0.1916 0.9800
vn -0.0617 -0.2385 0.9692
vn -0.0066 -0.2235 0.9747
vn -0.0067 -0.2313 0.9729
vn -0.0151 -0.2704 0.9626
vn -0.0076 -0.3019 0.9533
vn 0.0168 -0.2316 0.9727
vn 0.0260 -0.1219 0.9922
vn 0.0183 -0.1061 0.9942
vn 0.0084 -0.2786 0.9604
vn 0.0122 0.0351 0.9993
vn 0.0155 -0.3414 0.9398
vn 0.0089 -0.2393 0.9709
vn -0.0145 -0.2234 0.9746
vn -0.0222 -0.2076 0.9780
vn -0.0059 -0.1607 0.9870
vn 0.0115 -0.0198 0.9997
vn 0.0214 0.1448 0.9892
vn -0.0224 0.4199 0.9073
vn -0.0224 0.4121 0.9109
vn -0.0134 0.5139 0.8577
vn 0.0020 0.4902 0.8716
vn 0.0248 0.4272 0.9038
vn 0.0175 0.4743 0.8802
vn 0.0173 0.4586 0.8885
vn 0.0022 0.5059 0.8626
vn 0.0176 0.4822 0.8759
vn 0.0027 0.5451 0.8384
vn -0.0124 0.5923 0.8056
vn -0.0276 0.6318 0.7747
vn -0.0288 0.5376 0.8427
vn -0.0300 0.4357 0.8996
vn -0.0429 0.6633 0.7471
vn -0.0440 0.5770 0.8155
vn -0.0506 0.6791 0.7323
vn -0.0515 0.6007 0.7978
vn -0.0450 0.4908 0.8701
vn -0.0447 0.5143 0.8564
vn 0.0311 0.9448 0.3262
vn 0.0315 0.9761 0.2148
vn 0.0238 0.9919 0.1245
vn 0.0082 1.0000 0.0001
vn 0.0082 1.0000 0.0002
vn 0.0700 0.9208 0.3838
vn 0.0698 0.9051 0.4195
vn 0.0709 0.9913 0.1105
vn 0.0552 0.9985 -0.0000
vn 0.0552 0.9985 -0.0001
vn 0.0082 1.0000 -0.0000
vn -0.0288 0.5375 0.8428
vn -0.0440 0.5770 0.8156
vn -0.0659 0.0675 0.9955
vn 0.9389 0.1337 0.3170
vn 0.9387 0.1102 0.3268
vn 0.8879 -0.1951 0.4167
vn 0.8801 -0.1872 0.4363
vn 0.8640 -0.2262 0.4499
vn 0.8629 -0.3124 0.3973
vn 0.8098 0.4804 0.3368
vn 0.8177 0.4803 0.3174
vn 0.3717 0.5720 0.7312
vn 0.5521 0.5776 0.6013
vn 0.4034 0.6030 0.6882
vn 0.3721 0.6033 0.7054
vn 0.6158 0.6553 0.4375
vn 0.6079 0.6554 0.4482
vn 0.8146 -0.4138 0.4063
vn 0.7988 -0.4293 0.4214
vn 0.2396 0.0324 0.9703
vn 0.1842 -0.0140 0.9828
vn 0.4735 -0.0803 0.8771
vn 0.4736 -0.0803 0.8771
vn 0.7870 -0.0998 0.6089
vn 0.6704 -0.0199 0.7417
vn 0.6704 -0.0198 0.7417
vn 0.0394 0.9839 0.1743
vn 0.0629 0.9836 0.1690
vn 0.0786 0.9834 0.1634
vn 0.1414 0.9827 0.1200
vn 0.1335 0.9828 0.1279
vn 0.2353 0.9658 0.1088
vn 0.2349 0.9720 0.0002
vn 0.2353 0.9658 0.1087
vn 0.2972 0.9548 0.0001
vn 0.2350 0.9720 0.0001
vn 0.7373 -0.3266 0.5913
vn 0.8712 -0.2812 0.4025
vn 0.7535 -0.2876 0.5912
vn 0.9035 -0.2031 0.3774
vn 0.7212 -0.3656 0.5884
vn 0.8310 -0.3591 0.4249
vn 0.9271 -0.1956 0.3198
vn 0.9673 -0.1176 0.2249
vn 0.9674 -0.1020 0.2316
vn 0.9282 -0.1015 0.3579
vn 0.9126 -0.1013 0.3962
vn 0.7871 -0.0998 0.6087
vn 0.9909 -0.1101 0.0776
vn 0.9910 -0.1022 0.0866
vn 0.9948 -0.1019 0.0001
vn 0.9956 -0.0942 0.0001
vn 0.9908 -0.1179 0.0666
vn 0.9940 -0.1097 0.0001
vn 0.6158 0.6553 0.4374
vn 0.6867 0.6780 0.2623
vn 0.6080 0.6554 0.4481
vn 0.7259 0.6775 0.1186
vn 0.7338 0.6774 0.0521
vn 0.7420 0.6704 0.0001
vn 0.7458 0.6662 -0.0000
vn 0.0357 0.6780 0.7342
vn 0.0280 0.6938 0.7196
vn 0.0359 0.6937 0.7193
vn 0.0283 0.7173 0.6962
vn 0.0439 0.7093 0.7035
vn 0.0282 0.7095 0.7041
vn 0.0361 0.7094 0.7039
vn 0.0517 0.7092 0.7031
vn 0.0061 -0.4668 0.8844
vn 0.0217 -0.4748 0.8798
vn 0.1399 -0.4292 0.8923
vn 0.3055 -0.3527 0.8844
vn 0.4871 -0.2529 0.8359
vn 0.4872 -0.2529 0.8358
vn -0.9188 0.2347 0.3174
vn -0.0468 0.3418 0.9386
vn -0.0468 0.3417 0.9386
vn -0.0624 0.3498 0.9347
vn -0.0227 0.3885 0.9212
vn -0.0309 0.3651 0.9305
vn -0.0225 0.4120 0.9109
vn -0.0379 0.4280 0.9030
vn -0.0451 0.4829 0.8745
vn -0.0443 0.5535 0.8317
vn -0.0445 0.5300 0.8468
vn -0.0444 0.5456 0.8369
vn -0.0445 0.5378 0.8419
vn -0.0603 0.5223 0.8506
vn -0.0603 0.5224 0.8506
vn -0.0922 0.4835 0.8705
vn -0.1089 0.3974 0.9112
vn -0.1007 0.4287 0.8978
vn -0.1399 0.4292 0.8923
vn -0.1014 0.3660 0.9251
vn -0.0859 0.3501 0.9328
vn -0.0860 0.3501 0.9328
vn -0.1554 0.4450 0.8819
vn -0.0128 0.5689 0.8223
vn -0.0284 0.5690 0.8218
vn 0.0185 0.5528 0.8331
vn 0.0028 0.5529 0.8332
vn 0.0183 0.5371 0.8433
vn 0.0341 0.5447 0.8379
vn 0.0655 0.5522 0.8311
vn 0.0809 0.5285 0.8451
vn 0.0883 0.4891 0.8677
vn 0.0961 0.4890 0.8670
vn 0.0801 0.4579 0.8854
vn 0.0960 0.4812 0.8713
vn 0.0166 0.3959 0.9181
vn 0.4455 0.8299 0.3358
vn 0.4374 0.8143 0.3816
vn 0.4456 0.8456 0.2939
vn 0.3988 0.8697 0.2908
vn 0.4067 0.8696 0.2800
vn 0.3050 0.8944 0.3272
vn 0.3128 0.8943 0.3199
vn 0.1799 0.9273 0.3283
vn 0.0625 0.9444 0.3228
vn 0.0624 0.9444 0.3228
vn -0.0004 0.9373 0.3485
vn -0.0633 0.9224 0.3810
vn -0.1340 0.9154 0.3796
vn -0.1809 0.9238 0.3373
vn -0.1809 0.9239 0.3373
vn -0.2281 0.9165 0.3285
vn -0.2281 0.9166 0.3285
vn -0.2677 0.8857 0.3794
vn -0.2838 0.8544 0.4353
vn 0.2890 0.8710 0.3972
vn 0.3130 0.9100 0.2719
vn 0.2108 0.8877 0.4093
vn 0.2270 0.9346 0.2740
vn 0.1857 0.7626 0.6197
vn 0.2641 0.7537 0.6018
vn 0.1325 0.8965 0.4228
vn 0.1565 0.9354 0.3171
vn 0.1068 0.7244 0.6811
vn 0.1009 0.8812 0.4619
vn 0.1093 0.9281 0.3558
vn 0.0667 0.6464 0.7601
vn 0.0925 0.8342 0.5436
vn 0.1013 0.9126 0.3962
vn 0.0727 0.4973 0.8645
vn 0.3755 0.8857 0.2731
vn 0.3671 0.8387 0.4022
vn 0.3266 0.7373 0.5914
vn 0.3911 0.8777 0.2771
vn 0.3984 0.8383 0.3721
vn 0.7988 -0.4293 0.4215
vn 0.7591 -0.4681 0.4525
vn 0.7590 -0.4681 0.4525
vn 0.7591 -0.4681 0.4524
vn 0.8146 -0.4139 0.4063
vn 0.7274 -0.4912 0.4791
vn 0.8697 -0.3989 0.2909
vn 0.8142 -0.4452 0.3727
vn 0.8698 -0.3988 0.2907
vn 0.9574 -0.2822 0.0608
vn 0.8143 -0.4451 0.3724
vn 0.9494 -0.2978 0.0998
vn 0.9702 -0.2424 -0.0000
vn 0.4346 -0.0563 0.8989
vn 0.4581 -0.0644 0.8866
vn 0.3093 -0.0391 0.9502
vn 0.7246 -0.0755 0.6850
vn 0.7089 -0.0753 0.7012
vn 0.8423 -0.0691 0.5345
vn 0.8423 -0.0690 0.5345
vn 0.5854 0.0831 0.8065
vn 0.5853 0.0831 0.8065
vn -0.0083 -1.0000 -0.0003
vn -0.0084 -1.0000 -0.0003
vn -0.0082 -1.0000 -0.0003
vn 0.1327 0.9912 0.0001
vn 0.2035 0.9791 0.0001
vn 0.3893 0.7286 0.5635
vn 0.1871 0.9823 0.0001
vn 0.1871 0.9823 -0.0000
vn 0.1327 0.9912 -0.0000
vn 0.2039 0.9662 0.1576
vn 0.7412 0.6459 0.1827
vn 0.7566 0.6222 0.2009
vn 0.9453 0.0082 0.3262
vn 0.9453 0.0161 0.3257
vn 0.4109 0.5715 0.7103
vn 0.0236 0.9762 0.2154
vn 0.0159 0.9999 -0.0000
vn 0.0942 0.9956 -0.0000
vn 0.1174 0.9931 -0.0000
vn 0.0225 0.8821 -0.4705
vn 0.0195 0.6390 -0.7689
vn 0.0160 0.3490 -0.9370
vn 0.0202 0.6939 0.7198
vn 0.0160 0.3488 0.9371
vn 0.9453 0.0080 0.3262
vn 0.9196 -0.1641 0.3568
vn 0.9453 0.0158 0.3257
vn 0.9196 -0.1641 0.3569
vn 0.0474 0.9989 -0.0000
vn 0.0161 0.9999 -0.0000
vn -0.0861 0.9854 0.1469
vn -0.0625 0.9851 0.1601
vn -0.1327 0.9912 -0.0000
vn -0.0157 0.9689 0.2471
vn 0.0723 -0.1852 -0.9800
vn 0.0838 -0.5305 -0.8436
vn 0.0779 -0.3657 -0.9275
vn 0.0786 -0.9540 -0.2894
vn 0.0797 -0.8677 -0.4907
vn 0.0624 -0.9930 0.1004
vn 0.0624 -0.9930 0.1003
vn 0.0625 -0.9930 -0.1003
vn 0.0624 -0.9930 -0.1003
vn -0.0394 0.9535 0.2989
vn 0.0233 0.9527 0.3030
vn 0.2642 0.9645 -0.0000
vn 0.2183 0.9759 -0.0000
vn 0.0160 0.9999 -0.0000
vn 0.0225 0.8821 0.4705
vn 0.0225 0.8822 0.4704
vn 0.0932 0.8891 0.4481
vn 0.2345 0.9031 0.3598
vn 0.2267 0.9032 0.3645
vn 0.3444 0.9096 0.2325
vn 0.3522 0.9095 0.2209
vn 0.3444 0.9096 0.2324
vn 0.3523 0.9095 0.2207
vn 0.2644 0.9644 0.0001
vn 0.3994 0.9168 0.0002
vn 0.2186 0.9758 0.0001
vn 0.4032 0.9151 0.0001
vn 0.2186 0.9758 -0.0000
vn 0.3966 0.9180 -0.0000
vn 0.0052 -0.5374 0.8433
vn 0.1305 -0.5546 0.8218
vn 0.1227 -0.5545 0.8231
vn 0.3812 -0.5811 0.7190
vn 0.3734 -0.5810 0.7232
vn 0.6241 -0.5919 0.5100
vn 0.6084 -0.5918 0.5288
vn 0.6086 -0.5918 0.5286
vn 0.6623 -0.6865 0.3001
vn 0.6243 -0.5920 0.5098
vn 0.8139 -0.4764 0.3324
vn 0.8772 -0.4303 0.2131
vn 0.6855 -0.7103 0.1596
vn 0.8913 -0.4534 0.0001
vn 0.6933 -0.7183 0.0587
vn 0.8927 -0.4462 -0.0636
vn 0.6984 -0.7157 -0.0000
vn 0.3850 -0.9106 0.1500
vn 0.3929 -0.9107 0.1275
vn 0.4086 -0.9109 0.0576
vn 0.4007 -0.9108 -0.0991
vn 0.6786 -0.6318 0.3745
vn 0.0119 0.0116 0.9999
vn 0.0128 0.0106 0.9999
vn 0.0051 0.0158 0.9999
vn 0.0119 0.0116 -0.9999
vn 0.0051 0.0158 -0.9999
vn 0.0128 0.0106 -0.9999
vn 0.8078 -0.3275 0.4901
vn 0.9249 -0.3760 -0.0566
vn 0.9249 -0.3760 -0.0565
vn 0.8078 -0.3275 -0.4901
vn 0.8078 -0.3275 -0.4900
vn -0.0048 -0.0745 -0.9972
vn -0.0050 -0.0902 -0.9959
vn -0.0187 -0.5684 -0.8225
vn -0.0170 -0.4273 -0.9040
vn -0.0151 -0.9214 -0.3882
vn -0.0141 -0.8352 -0.5498
vn 0.0128 0.0822 -0.9965
vn 0.0127 0.0822 -0.9965
vn -0.0002 -0.9844 -0.1761
vn -0.0001 -0.9765 -0.2154
vn -0.0001 -0.9766 -0.2152
vn -0.0003 -0.9922 -0.1245
vn -0.0003 -0.9922 -0.1244
vn 0.0154 -0.9924 -0.1219
vn 0.0160 0.3487 -0.9371
vn 0.0117 -0.0041 -0.9999
vn 0.3184 0.9479 -0.0000
vn 0.3184 0.9480 -0.0000
vn 0.2259 0.9742 -0.0000
vn 0.2350 0.9720 -0.0000
vn 0.0864 0.9963 0.0001
vn -0.0777 0.9970 0.0001
vn -0.1327 0.9912 0.0001
vn -0.1250 0.9922 -0.0000
vn 0.3207 0.9472 -0.0000
vn 0.1019 0.9948 -0.0000
vn -0.0777 0.9970 -0.0000
vn 0.0004 1.0000 0.0002
vn -0.0075 1.0000 -0.0000
vn 0.0004 1.0000 0.0001
vn -0.0153 0.9999 -0.0000
vn -0.0231 0.9997 -0.0000
vn -0.7989 0.4215 -0.4292
vn -0.7989 0.4214 -0.4292
vn -0.7840 0.3507 -0.5121
vn -0.7841 0.3507 -0.5121
vn -0.9181 0.2896 -0.2706
vn -0.8219 0.4533 -0.3449
vn -0.9173 0.3602 -0.1700
vn -0.9170 0.3837 -0.1092
vn -0.0543 0.9985 -0.0000
vn -0.0698 0.9976 -0.0000
vn 0.0708 0.9975 -0.0000
vn -0.1872 0.9823 -0.0000
vn -0.2113 0.9774 -0.0000
vn -0.3445 0.9388 -0.0000
vn -0.3534 0.9338 -0.0565
vn -0.3903 0.9207 -0.0000
vn -0.0543 0.9985 -0.0001
vn -0.2379 0.1088 -0.9652
vn -0.9341 0.2661 0.2379
vn -0.9341 0.2662 0.2379
vn -0.9341 0.2663 0.2379
vn -0.9259 0.2975 0.2329
vn -0.9096 0.3444 0.2324
vn -0.9013 0.3835 0.2015
vn -0.8936 0.3678 0.2573
vn -0.8935 0.3756 0.2460
vn -0.9016 0.3522 0.2510
vn -0.9016 0.3600 0.2399
vn -0.9015 0.3678 0.2281
vn -0.8130 0.5472 0.1990
vn -0.7013 0.7027 0.1200
vn -0.6300 0.7646 0.1363
vn -0.6302 0.7721 0.0816
vn -0.5349 0.8418 0.0719
vn -0.5666 0.8187 0.0935
vn -0.4007 0.9108 0.0992
vn -0.4316 0.9021 0.0002
vn -0.5327 0.8463 -0.0000
vn -0.4559 0.8879 -0.0606
vn -0.6108 0.7918 -0.0000
vn -0.5349 0.8418 -0.0718
vn -0.4559 0.8880 -0.0607
vn -0.9908 0.1179 -0.0664
vn -0.9828 0.1335 0.1279
vn -0.9744 0.1726 0.1438
vn -0.9665 0.1804 0.1826
vn -0.9505 0.2037 0.2345
vn -0.9584 0.2038 0.2000
vn -0.9251 0.3603 0.1200
vn -0.9251 0.3603 -0.1198
vn -0.9250 0.3681 0.0941
vn -0.9249 0.3760 0.0566
vn -0.9171 0.3759 0.1331
vn -0.8606 0.5007 0.0928
vn -0.8749 0.4843 -0.0000
vn -0.9250 0.3681 -0.0940
vn -0.9236 0.3833 -0.0000
vn -0.8687 0.4851 -0.1003
vn -0.8200 0.5640 -0.0979
vn -0.8172 0.5763 -0.0000
vn -0.8286 0.5552 0.0719
vn -0.6881 -0.1446 0.7110
vn -0.9156 -0.1497 0.3732
vn -0.6890 -0.2152 0.6920
vn -0.9091 -0.2595 0.3259
vn -0.8632 -0.3542 0.3598
vn -0.8236 -0.3233 0.4660
vn -0.6113 -0.2710 0.7436
vn -0.8870 -0.3696 0.2770
vn -0.8869 -0.3697 0.2770
vn -0.9326 -0.2593 0.2510
vn -0.8950 -0.3852 0.2251
vn -0.9485 -0.2748 0.1576
vn -0.9628 -0.1569 0.2202
vn -0.9707 -0.1647 0.1750
vn -0.8951 -0.4009 0.1950
vn -0.9030 -0.4008 0.1549
vn -0.9785 -0.1646 0.1240
vn -0.9336 -0.3377 0.1199
vn -0.9031 -0.4087 0.1322
vn -0.9862 -0.1488 -0.0726
vn -0.9109 -0.4086 -0.0575
vn -0.9906 0.1335 0.0293
vn -0.9906 0.1337 -0.0293
vn -0.9906 0.1338 -0.0293
vn -0.4772 -0.8688 -0.1321
vn -0.4773 -0.8688 0.1320
vn -0.4772 -0.8688 -0.1320
vn -0.9921 0.0081 0.1248
vn -0.9921 0.0081 -0.1249
vn -0.9921 0.0081 0.1249
vn -0.9921 0.0081 -0.1248
vn -0.8047 -0.0647 -0.5902
vn -0.8048 -0.0647 -0.5901
vn -0.8047 -0.0648 -0.5902
vn -0.0160 -0.9920 -0.1249
vn -0.0162 -0.9920 -0.1249
vn -0.0160 -0.9920 0.1249
vn 0.0612 0.8424 0.5353
vn 0.0771 0.8579 0.5079
vn 0.0535 0.8504 0.5234
vn 0.0456 0.8505 0.5240
vn 0.0300 0.8585 0.5119
vn -0.0798 0.8520 0.5174
vn -0.0799 0.8520 0.5174
vn -0.4176 0.8012 0.4286
vn -0.3783 0.8086 0.4506
vn -0.7100 0.6322 0.3102
vn -0.6863 0.6554 0.3156
vn -0.3786 0.8086 0.4504
vn -0.4178 0.8012 0.4283
vn -0.7816 0.5468 0.3001
vn -0.5418 0.8405 -0.0000
vn -0.5743 0.8186 0.0001
vn -0.5744 0.8186 0.0001
vn -0.5087 0.8610 -0.0000
vn -0.1511 -0.4884 0.8594
vn -0.1509 -0.4806 0.8639
vn -0.1272 -0.4651 0.8761
vn -0.1272 -0.4652 0.8760
vn -0.1907 -0.5271 0.8281
vn -0.1908 -0.5350 0.8230
vn -0.3010 -0.5650 0.7682
vn -0.3167 -0.5648 0.7620
vn -0.5752 -0.5460 0.6091
vn -0.5908 -0.5458 0.5941
vn -0.7938 -0.4492 0.4101
vn -0.8015 -0.4413 0.4036
vn -0.5911 -0.5457 0.5939
vn -0.8478 -0.3780 0.3720
vn -0.8478 -0.3779 0.3720
vn -0.8014 -0.4414 0.4036
vn -0.5754 -0.5460 0.6089
vn -0.5910 -0.5458 0.5939
vn -0.8952 -0.4088 0.1774
vn -0.8952 -0.4088 0.1775
vn -0.9028 -0.3851 0.1915
vn -0.9028 -0.3851 0.1914
vn -0.8955 -0.4323 0.1058
vn -0.8955 -0.4323 -0.1057
vn -0.9709 -0.1804 -0.1577
vn -0.9708 -0.1725 -0.1667
vn -0.9931 -0.0703 0.0941
vn -0.9535 -0.0394 0.2988
vn -0.9535 -0.0394 0.2989
vn -0.8760 -0.1188 0.4674
vn -0.8297 -0.1821 0.5276
vn -0.8297 -0.1821 0.5277
vn -0.9403 -0.2435 -0.2378
vn -0.9403 -0.2435 -0.2379
vn 0.0098 -0.1608 -0.9869
vn 0.0111 -0.0588 -0.9982
vn 0.0131 0.1136 -0.9934
vn -0.0053 -0.1137 0.9935
vn -0.0066 -0.2233 0.9747
vn -0.0094 -0.4508 0.8926
vn 0.0045 -0.6000 0.8000
vn -0.0066 -0.2234 0.9747
vn 0.0045 -0.6002 0.7999
vn -0.0094 -0.4509 0.8925
vn 0.0005 -0.9295 0.3689
vn 0.0002 -0.9530 -0.3029
vn 0.0034 -0.6864 -0.7273
vn 0.0050 -0.5530 -0.8331
vn 0.0098 -0.1611 -0.9869
vn 0.0110 -0.0591 -0.9982
vn -0.9257 -0.3378 0.1700
vn 0.0094 -0.1923 -0.9813
vn 0.9249 -0.3759 -0.0566
vn 0.8083 -0.3246 0.4913
vn 0.8079 -0.3158 0.4976
vn 0.8079 -0.3158 -0.4976
vn 0.8083 -0.3246 -0.4913
vn 0.0112 -0.0433 -0.9990
vn 0.0176 -0.1689 -0.9855
vn -0.2155 0.0222 -0.9763
vn -0.1623 -0.1275 -0.9785
vn 0.0394 -0.3024 -0.9524
vn 0.0323 -0.2475 -0.9683
vn 0.0390 -0.3417 -0.9390
vn 0.0120 0.0195 -0.9997
vn 0.0123 0.0430 -0.9990
vn 0.0192 -0.0355 -0.9992
vn -0.3003 0.1409 -0.9434
vn -0.2274 0.3283 -0.9168
vn -0.3126 0.4156 -0.8541
vn -0.3093 0.0391 -0.9502
vn -0.0913 0.5541 -0.8274
vn -0.1532 0.6254 -0.7651
vn 0.0597 0.7170 -0.6945
vn 0.0441 0.7250 -0.6873
vn 0.2241 0.6915 -0.6868
vn 0.2398 0.6912 -0.6817
vn 0.3393 0.4861 -0.8053
vn 0.4023 0.5089 -0.7611
vn 0.3199 0.1883 -0.9286
vn 0.4630 0.3434 -0.8172
vn 0.4687 0.1629 -0.8682
vn 0.4826 0.0216 -0.8756
vn 0.1979 -0.1867 -0.9623
vn 0.1700 0.1117 -0.9791
vn 0.2288 0.4325 -0.8721
vn 0.1683 0.6137 -0.7714
vn 0.0822 0.6304 -0.7719
vn 0.0017 0.4588 -0.8885
vn -0.0158 0.3177 -0.9480
vn -0.0569 0.1615 -0.9852
vn -0.0818 0.0441 -0.9957
vn -0.0668 -0.0110 -0.9977
vn 0.2329 0.1187 -0.9652
vn 0.2124 0.3779 -0.9011
vn 0.1603 0.6059 -0.7792
vn 0.2228 0.5816 -0.7824
vn 0.1857 0.7625 -0.6198
vn 0.1069 0.7242 -0.6813
vn 0.0556 0.3797 -0.9234
vn 0.0667 0.6462 -0.7602
vn 0.0634 0.3718 -0.9261
vn 0.0727 0.4972 -0.8646
vn 0.0508 -0.0124 -0.9986
vn 0.0584 -0.0360 -0.9976
vn 0.0631 0.3483 -0.9353
vn 0.3176 0.6433 -0.6966
vn 0.2641 0.7536 -0.6019
vn 0.3266 0.7372 -0.5914
vn 0.3895 0.7443 -0.5425
vn 0.0513 0.0268 -0.9983
vn 0.0358 0.0427 -0.9984
vn 0.0166 -0.2473 -0.9688
vn 0.0099 -0.1531 -0.9882
vn 0.1976 -0.1869 -0.9623
vn 0.0186 -0.0826 -0.9964
vn 0.0105 -0.1060 -0.9943
vn 0.1571 -0.3039 -0.9397
vn 0.0157 -0.3179 -0.9480
vn 0.1733 -0.2649 -0.9486
vn 0.0075 -0.3491 -0.9370
vn 0.1488 -0.3430 -0.9275
vn 0.4631 -0.2998 -0.8341
vn 0.4712 -0.2763 -0.8376
vn 0.4546 -0.3467 -0.8204
vn 0.7371 -0.3266 -0.5916
vn 0.7534 -0.2876 -0.5914
vn 0.0073 -0.3648 -0.9311
vn 0.1564 -0.3588 -0.9202
vn 0.4465 -0.3702 -0.8146
vn 0.7210 -0.3657 -0.5886
vn -0.0817 0.0441 -0.9957
vn -0.0569 0.1613 -0.9853
vn 0.0462 -0.3888 -0.9202
vn 0.0463 -0.3888 -0.9202
vn 0.0650 0.5051 -0.8606
vn 0.0650 0.5050 -0.8607
vn 0.0650 0.5052 -0.8606
vn 0.0082 -0.2942 -0.9557
vn 0.0087 -0.2550 -0.9669
vn 0.0081 -0.3021 -0.9532
vn 0.0167 0.4037 -0.9147
vn 0.0172 0.4429 -0.8964
vn 0.0166 0.3959 -0.9182
vn 0.0171 0.4430 -0.8964
vn 0.0163 0.3724 -0.9279
vn -0.0031 0.0667 -0.9978
vn 0.0120 0.0194 -0.9997
vn 0.0319 0.3643 -0.9307
vn 0.0319 0.3644 -0.9307
vn 0.1338 0.3631 -0.9221
vn 0.1260 0.3632 -0.9232
vn 0.0632 0.3639 -0.9293
vn 0.0632 0.3640 -0.9293
vn 0.2671 0.3536 -0.8964
vn 0.2749 0.3535 -0.8941
vn 0.4236 0.3282 -0.8443
vn 0.5246 0.2485 -0.8142
vn 0.5247 0.2485 -0.8142
vn 0.2495 0.1970 -0.9481
vn 0.3834 0.2424 -0.8912
vn 0.1094 0.2928 -0.9499
vn 0.1096 0.3163 -0.9423
vn 0.1010 0.2459 -0.9640
vn 0.0314 0.3251 -0.9452
vn 0.1315 0.1827 -0.9743
vn 0.1068 0.0732 -0.9916
vn 0.0984 0.0263 -0.9948
vn 0.0983 0.0263 -0.9948
vn 0.0983 0.0262 -0.9948
vn 0.0982 0.0261 -0.9948
vn 0.0984 0.0261 -0.9948
vn -0.0144 0.4276 -0.9038
vn 0.0315 0.3330 -0.9424
vn -0.0013 0.2157 -0.9765
vn 0.0375 0.1838 -0.9822
vn 0.0433 0.0112 -0.9990
vn 0.0662 -0.0361 -0.9972
vn 0.1163 0.2143 -0.9698
vn 0.0165 0.3802 -0.9248
vn 0.0878 0.4499 -0.8887
vn -0.0218 0.4670 -0.8840
vn -0.0205 0.5689 -0.8221
vn -0.0774 0.4128 -0.9075
vn -0.1388 0.5233 -0.8408
vn -0.1259 0.2878 -0.9494
vn -0.2195 0.3360 -0.9159
vn -0.1440 0.0920 -0.9853
vn -0.2303 0.0930 -0.9687
vn -0.1307 -0.1043 -0.9859
vn -0.2096 -0.1426 -0.9673
vn -0.1476 -0.2061 -0.9673
vn -0.1238 -0.1828 -0.9753
vn -0.1073 -0.1124 -0.9879
vn -0.0659 0.0675 -0.9955
vn -0.0591 -0.0189 -0.9981
vn -0.0482 0.2320 -0.9715
vn -0.0315 0.3102 -0.9501
vn -0.0229 0.3729 -0.9276
vn -0.0645 0.1773 -0.9820
vn -0.0397 0.2868 -0.9572
vn -0.0480 0.2476 -0.9677
vn -0.0727 0.1460 -0.9866
vn -0.0641 0.2086 -0.9759
vn -0.0729 0.1303 -0.9888
vn -0.1684 0.0216 -0.9855
vn -0.0971 0.0757 -0.9924
vn -0.2085 -0.0485 -0.9768
vn -0.1296 -0.0177 -0.9914
vn -0.1545 -0.1275 -0.9797
vn -0.2880 -0.1494 -0.9459
vn -0.3660 -0.0936 -0.9259
vn -0.6888 -0.2152 -0.6922
vn -0.6881 -0.1446 -0.7111
vn -0.1603 0.0372 -0.9864
vn -0.1630 -0.1824 -0.9696
vn -0.2963 -0.1966 -0.9346
vn -0.6110 -0.2710 -0.7438
vn 0.0179 -0.1375 -0.9903
vn 0.0180 -0.1296 -0.9914
vn -0.0037 0.0197 -0.9998
vn -0.0036 0.0275 -0.9996
vn -0.0112 0.0433 -0.9990
vn -0.0115 0.0432 -0.9990
vn -0.0192 0.0355 -0.9992
vn -0.0277 -0.0193 -0.9994
vn -0.0365 -0.0976 -0.9946
vn -0.0453 -0.1759 -0.9834
vn -0.0533 -0.1915 -0.9800
vn -0.0618 -0.2385 -0.9692
vn -0.0066 -0.2235 -0.9747
vn -0.0068 -0.2313 -0.9729
vn -0.0151 -0.2704 -0.9626
vn -0.0076 -0.3019 -0.9533
vn 0.0168 -0.2316 -0.9727
vn 0.0260 -0.1219 -0.9922
vn 0.0183 -0.1061 -0.9942
vn 0.0084 -0.2786 -0.9604
vn 0.0122 0.0351 -0.9993
vn 0.0155 -0.3414 -0.9398
vn 0.0088 -0.2393 -0.9709
vn -0.0145 -0.2234 -0.9746
vn -0.0221 -0.2076 -0.9780
vn -0.0059 -0.1607 -0.9870
vn 0.0115 -0.0198 -0.9997
vn 0.0214 0.1449 -0.9892
vn -0.0224 0.4199 -0.9073
vn -0.0224 0.4121 -0.9109
vn -0.0134 0.5139 -0.8577
vn 0.0020 0.4902 -0.8716
vn 0.0248 0.4272 -0.9038
vn 0.0175 0.4743 -0.8802
vn 0.0173 0.4586 -0.8885
vn 0.0022 0.5059 -0.8626
vn 0.0176 0.4822 -0.8759
vn 0.0027 0.5451 -0.8384
vn -0.0124 0.5923 -0.8056
vn -0.0276 0.6318 -0.7747
vn -0.0288 0.5377 -0.8427
vn -0.0300 0.4357 -0.8996
vn -0.0429 0.6633 -0.7471
vn -0.0440 0.5770 -0.8155
vn -0.0450 0.4908 -0.8701
vn -0.0506 0.6791 -0.7323
vn -0.0515 0.6007 -0.7978
vn -0.0447 0.5143 -0.8564
vn 0.0315 0.9761 -0.2148
vn 0.0311 0.9448 -0.3262
vn 0.0238 0.9919 -0.1245
vn 0.0082 1.0000 -0.0001
vn 0.0700 0.9207 -0.3838
vn 0.0698 0.9051 -0.4194
vn 0.0709 0.9913 -0.1105
vn 0.0552 0.9985 0.0001
vn 0.8801 -0.1872 -0.4363
vn 0.9387 0.1101 -0.3268
vn 0.8879 -0.1951 -0.4167
vn 0.9389 0.1337 -0.3170
vn 0.8640 -0.2262 -0.4499
vn 0.8629 -0.3124 -0.3973
vn 0.8098 0.4804 -0.3368
vn 0.8176 0.4803 -0.3175
vn 0.3717 0.5720 -0.7312
vn 0.5520 0.5776 -0.6014
vn 0.4034 0.6030 -0.6882
vn 0.3721 0.6034 -0.7054
vn 0.6158 0.6553 -0.4375
vn 0.6080 0.6554 -0.4482
vn 0.8147 -0.4138 -0.4063
vn 0.7988 -0.4293 -0.4214
vn 0.2396 0.0324 -0.9703
vn 0.1842 -0.0140 -0.9828
vn 0.4736 -0.0803 -0.8771
vn 0.7869 -0.0998 -0.6089
vn 0.7870 -0.0998 -0.6089
vn 0.6705 -0.0198 -0.7417
vn 0.6704 -0.0199 -0.7417
vn 0.0629 0.9836 -0.1689
vn 0.0394 0.9839 -0.1743
vn 0.0786 0.9834 -0.1634
vn 0.1414 0.9827 -0.1200
vn 0.1335 0.9828 -0.1279
vn 0.2353 0.9658 -0.1088
vn 0.2349 0.9720 -0.0002
vn 0.2972 0.9548 -0.0001
vn 0.2973 0.9548 -0.0001
vn 0.2351 0.9720 -0.0002
vn 0.2353 0.9658 -0.1087
vn 0.2350 0.9720 -0.0001
vn 0.9035 -0.2031 -0.3774
vn 0.8712 -0.2812 -0.4025
vn 0.7535 -0.2876 -0.5912
vn 0.7373 -0.3266 -0.5913
vn 0.7211 -0.3657 -0.5884
vn 0.8310 -0.3591 -0.4248
vn 0.9271 -0.1956 -0.3198
vn 0.9673 -0.1176 -0.2249
vn 0.9674 -0.1020 -0.2316
vn 0.9282 -0.1015 -0.3579
vn 0.9126 -0.1013 -0.3962
vn 0.7872 -0.0998 -0.6086
vn 0.9675 -0.1020 -0.2316
vn 0.9909 -0.1101 -0.0776
vn 0.9910 -0.1022 -0.0866
vn 0.9948 -0.1019 -0.0001
vn 0.9956 -0.0942 -0.0001
vn 0.9908 -0.1179 -0.0666
vn 0.9940 -0.1097 -0.0001
vn 0.6867 0.6780 -0.2623
vn 0.6080 0.6554 -0.4481
vn 0.6159 0.6553 -0.4374
vn 0.7259 0.6775 -0.1184
vn 0.7338 0.6774 -0.0522
vn 0.7420 0.6704 -0.0001
vn 0.0359 0.6937 -0.7193
vn 0.0357 0.6780 -0.7342
vn 0.0280 0.6938 -0.7196
vn 0.0283 0.7174 -0.6961
vn 0.0439 0.7093 -0.7035
vn 0.0282 0.7095 -0.7041
vn 0.0361 0.7094 -0.7039
vn 0.0517 0.7092 -0.7031
vn 0.0518 0.7092 -0.7031
vn 0.0061 -0.4668 -0.8844
vn 0.0217 -0.4748 -0.8798
vn 0.1399 -0.4292 -0.8923
vn 0.3056 -0.3528 -0.8844
vn 0.4870 -0.2530 -0.8359
vn 0.4872 -0.2529 -0.8359
vn -0.9188 0.2347 -0.3174
vn -0.0624 0.3498 -0.9347
vn -0.0468 0.3418 -0.9386
vn -0.0227 0.3885 -0.9212
vn -0.0309 0.3651 -0.9305
vn -0.0225 0.4121 -0.9109
vn -0.0378 0.4280 -0.9030
vn -0.0451 0.4829 -0.8745
vn -0.0443 0.5535 -0.8317
vn -0.0445 0.5300 -0.8468
vn -0.0444 0.5457 -0.8368
vn -0.0445 0.5378 -0.8419
vn -0.0603 0.5223 -0.8506
vn -0.0922 0.4835 -0.8705
vn -0.1089 0.3974 -0.9112
vn -0.1007 0.4287 -0.8978
vn -0.1399 0.4292 -0.8923
vn -0.1014 0.3659 -0.9251
vn -0.0860 0.3501 -0.9328
vn -0.0859 0.3501 -0.9328
vn -0.1554 0.4451 -0.8819
vn -0.0284 0.5690 -0.8218
vn -0.0128 0.5688 -0.8223
vn 0.0185 0.5528 -0.8331
vn 0.0028 0.5529 -0.8332
vn 0.0183 0.5370 -0.8434
vn 0.0183 0.5371 -0.8433
vn 0.0341 0.5447 -0.8379
vn 0.0655 0.5522 -0.8311
vn 0.0809 0.5285 -0.8451
vn 0.0809 0.5284 -0.8451
vn 0.0883 0.4892 -0.8677
vn 0.0961 0.4891 -0.8669
vn 0.0801 0.4579 -0.8854
vn 0.0960 0.4812 -0.8713
vn 0.0166 0.3959 -0.9181
vn 0.4374 0.8143 -0.3817
vn 0.4374 0.8143 -0.3816
vn 0.4456 0.8456 -0.2938
vn 0.4455 0.8300 -0.3358
vn 0.3988 0.8697 -0.2907
vn 0.4067 0.8696 -0.2801
vn 0.3050 0.8944 -0.3272
vn 0.3128 0.8943 -0.3199
vn 0.1799 0.9273 -0.3283
vn 0.0625 0.9444 -0.3228
vn -0.0004 0.9373 -0.3485
vn -0.0633 0.9224 -0.3810
vn -0.1340 0.9154 -0.3796
vn -0.1809 0.9238 -0.3373
vn -0.1808 0.9239 -0.3372
vn -0.2281 0.9166 -0.3285
vn -0.2281 0.9165 -0.3285
vn -0.2677 0.8857 -0.3794
vn -0.2838 0.8544 -0.4353
vn 0.2270 0.9346 -0.2740
vn 0.3130 0.9100 -0.2719
vn 0.2108 0.8877 -0.4094
vn 0.2890 0.8711 -0.3971
vn 0.1857 0.7626 -0.6197
vn 0.2641 0.7537 -0.6018
vn 0.1325 0.8965 -0.4228
vn 0.1565 0.9354 -0.3170
vn 0.1068 0.7243 -0.6811
vn 0.1009 0.8812 -0.4619
vn 0.1093 0.9281 -0.3558
vn 0.0667 0.6464 -0.7601
vn 0.0925 0.8342 -0.5436
vn 0.1013 0.9126 -0.3962
vn 0.0727 0.4973 -0.8645
vn 0.3755 0.8857 -0.2730
vn 0.3671 0.8387 -0.4022
vn 0.3266 0.7373 -0.5913
vn 0.3911 0.8776 -0.2771
vn 0.3984 0.8383 -0.3721
vn 0.7988 -0.4293 -0.4215
vn 0.8146 -0.4139 -0.4063
vn 0.7591 -0.4681 -0.4524
vn 0.7590 -0.4681 -0.4525
vn 0.7591 -0.4681 -0.4525
vn 0.4221 0.8459 -0.3260
vn 0.4764 0.7982 -0.3687
vn 0.4455 0.8378 -0.3157
vn 0.8142 -0.4452 -0.3727
vn 0.8696 -0.3989 -0.2908
vn 0.7274 -0.4912 -0.4791
vn 0.7274 -0.4912 -0.4792
vn 0.9574 -0.2822 -0.0608
vn 0.8698 -0.3988 -0.2907
vn 0.8143 -0.4452 -0.3724
vn 0.9494 -0.2978 -0.0998
vn 0.3093 -0.0391 -0.9502
vn 0.4581 -0.0644 -0.8866
vn 0.3094 -0.0391 -0.9501
vn 0.4346 -0.0563 -0.8989
vn 0.7246 -0.0755 -0.6850
vn 0.7089 -0.0753 -0.7012
vn 0.8423 -0.0690 -0.5345
vn 0.8423 -0.0691 -0.5345
vn 0.5853 0.0831 -0.8065
vn 0.5854 0.0831 -0.8065
vn -0.0081 -1.0000 -0.0003
vn 0.3893 0.7287 -0.5635
vn 0.1327 0.9912 -0.0002
vn 0.2035 0.9791 -0.0001
vn 0.1871 0.9823 -0.0001
vn 0.2039 0.9662 -0.1577
vn 0.7412 0.6459 -0.1827
vn 0.7566 0.6222 -0.2010
vn 0.9453 0.0081 -0.3262
vn 0.9453 0.0161 -0.3257
vn 0.4109 0.5715 -0.7103
vn 0.0236 0.9762 -0.2154
vn 0.0195 0.6390 0.7690
vn 0.0160 0.3490 0.9370
vn 0.0202 0.6939 -0.7198
vn 0.0160 0.3488 -0.9371
vn 0.9196 -0.1641 -0.3568
vn 0.9453 0.0158 -0.3257
vn 0.9453 0.0080 -0.3262
vn -0.0625 0.9851 -0.1601
vn -0.0861 0.9854 -0.1469
vn -0.0157 0.9689 -0.2471
vn 0.0779 -0.3657 0.9275
vn 0.0723 -0.1852 0.9800
vn 0.0837 -0.5305 0.8436
vn 0.0786 -0.9540 0.2894
vn 0.0797 -0.8677 0.4907
vn 0.0624 -0.9930 -0.1004
vn -0.0394 0.9535 -0.2989
vn 0.0233 0.9527 -0.3030
vn 0.0932 0.8891 -0.4481
vn 0.0225 0.8821 -0.4704
vn 0.2345 0.9031 -0.3598
vn 0.2267 0.9032 -0.3645
vn 0.3444 0.9096 -0.2325
vn 0.3522 0.9095 -0.2208
vn 0.3994 0.9168 -0.0002
vn 0.3522 0.9095 -0.2207
vn 0.2644 0.9644 -0.0001
vn 0.3444 0.9096 -0.2324
vn 0.4032 0.9151 -0.0001
vn 0.1227 -0.5545 -0.8231
vn 0.0052 -0.5374 -0.8433
vn 0.1305 -0.5546 -0.8218
vn 0.3812 -0.5811 -0.7190
vn 0.3734 -0.5810 -0.7232
vn 0.6241 -0.5919 -0.5100
vn 0.6085 -0.5917 -0.5288
vn 0.8139 -0.4765 -0.3324
vn 0.6623 -0.6865 -0.3001
vn 0.6243 -0.5920 -0.5098
vn 0.6086 -0.5918 -0.5286
vn 0.8772 -0.4303 -0.2131
vn 0.6855 -0.7103 -0.1596
vn 0.8913 -0.4534 -0.0001
vn 0.6933 -0.7183 -0.0587
vn 0.8927 -0.4462 -0.0637
vn 0.3850 -0.9106 -0.1500
vn 0.3929 -0.9107 -0.1274
vn 0.4086 -0.9109 -0.0576
vn 0.4007 -0.9108 -0.0992
vn 0.6786 -0.6318 -0.3745
vn 0.8078 -0.3275 0.4900
vn -0.0169 -0.4273 0.9040
vn -0.0050 -0.0901 0.9959
vn -0.0187 -0.5685 0.8225
vn -0.0048 -0.0745 0.9972
vn -0.0151 -0.9214 0.3882
vn -0.0141 -0.8352 0.5498
vn 0.0128 0.0822 0.9965
vn -0.0002 -0.9844 0.1761
vn -0.0001 -0.9765 0.2154
vn -0.0003 -0.9922 0.1245
vn -0.0001 -0.9766 0.2152
vn -0.0002 -0.9844 0.1760
vn 0.0154 -0.9924 0.1219
vn -0.0003 -0.9922 0.1244
vn 0.0117 -0.0041 0.9999
vn 0.0160 0.3487 0.9371
vn 0.3184 0.9480 -0.0001
vn 0.0864 0.9963 -0.0001
vn -0.0777 0.9970 -0.0001
vn -0.1327 0.9912 -0.0001
vn -0.1250 0.9922 -0.0001
vn 0.0004 1.0000 -0.0001
vn -0.7840 0.3507 0.5121
vn -0.7989 0.4214 0.4291
vn -0.7840 0.3507 0.5122
vn -0.7989 0.4215 0.4292
vn -0.9181 0.2896 0.2705
vn -0.8220 0.4532 0.3449
vn -0.9173 0.3602 0.1700
vn -0.9170 0.3837 0.1092
vn -0.9170 0.3837 -0.1091
vn -0.2379 0.1088 0.9652
vn -0.9341 0.2663 -0.2379
vn -0.9096 0.3444 -0.2324
vn -0.9259 0.2975 -0.2329
vn -0.9341 0.2662 -0.2379
vn -0.9013 0.3835 -0.2015
vn -0.8936 0.3677 -0.2573
vn -0.8935 0.3756 -0.2460
vn -0.9017 0.3522 -0.2510
vn -0.9016 0.3600 -0.2399
vn -0.9015 0.3678 -0.2281
vn -0.8130 0.5472 -0.1991
vn -0.7013 0.7027 -0.1200
vn -0.6300 0.7646 -0.1363
vn -0.6299 0.7724 -0.0815
vn -0.5349 0.8418 -0.0719
vn -0.5666 0.8187 -0.0935
vn -0.4007 0.9108 -0.0992
vn -0.4316 0.9021 -0.0000
vn -0.4559 0.8880 -0.0608
vn -0.4559 0.8879 -0.0607
vn -0.9828 0.1335 -0.1279
vn -0.9908 0.1179 -0.0665
vn -0.9908 0.1179 -0.0666
vn -0.9744 0.1726 -0.1438
vn -0.9665 0.1804 -0.1826
vn -0.9505 0.2037 -0.2345
vn -0.9584 0.2038 -0.2000
vn -0.9250 0.3681 -0.0941
vn -0.9251 0.3603 -0.1199
vn -0.9251 0.3603 -0.1200
vn -0.9249 0.3760 -0.0566
vn -0.9171 0.3759 -0.1331
vn -0.8606 0.5007 -0.0928
vn -0.8687 0.4851 -0.1004
vn -0.8207 0.5629 -0.0980
vn -0.8286 0.5552 -0.0719
vn -0.9091 -0.2596 -0.3259
vn -0.9156 -0.1497 -0.3732
vn -0.6891 -0.2152 -0.6920
vn -0.6882 -0.1446 -0.7110
vn -0.8632 -0.3542 -0.3598
vn -0.8236 -0.3234 -0.4660
vn -0.6113 -0.2711 -0.7436
vn -0.8869 -0.3696 -0.2771
vn -0.9326 -0.2593 -0.2510
vn -0.8869 -0.3697 -0.2769
vn -0.8949 -0.3852 -0.2251
vn -0.9485 -0.2748 -0.1576
vn -0.9628 -0.1569 -0.2201
vn -0.9707 -0.1647 -0.1750
vn -0.8951 -0.4009 -0.1950
vn -0.9030 -0.4008 -0.1549
vn -0.9785 -0.1646 -0.1240
vn -0.9336 -0.3377 -0.1199
vn -0.9031 -0.4087 -0.1322
vn -0.9862 -0.1488 -0.0727
vn -0.9108 -0.4088 -0.0576
vn -0.9109 -0.4086 -0.0576
vn -0.9906 0.1337 -0.0294
vn -0.9906 0.1335 -0.0293
vn -0.9906 0.1335 -0.0294
vn -0.4773 -0.8688 -0.1320
vn -0.8047 -0.0647 0.5902
vn -0.8048 -0.0647 0.5901
vn 0.0771 0.8579 -0.5079
vn 0.0612 0.8424 -0.5353
vn 0.0535 0.8504 -0.5234
vn 0.0456 0.8505 -0.5240
vn 0.0300 0.8585 -0.5119
vn -0.0798 0.8520 -0.5174
vn -0.0799 0.8520 -0.5174
vn -0.4177 0.8012 -0.4286
vn -0.3783 0.8086 -0.4507
vn -0.4178 0.8012 -0.4283
vn -0.6862 0.6554 -0.3155
vn -0.3785 0.8086 -0.4504
vn -0.7100 0.6321 -0.3102
vn -0.7816 0.5468 -0.3001
vn -0.5743 0.8186 -0.0001
vn -0.5349 0.8419 -0.0719
vn -0.5744 0.8186 -0.0001
vn -0.1272 -0.4651 -0.8761
vn -0.1510 -0.4805 -0.8639
vn -0.1272 -0.4652 -0.8760
vn -0.1512 -0.4884 -0.8594
vn -0.1907 -0.5271 -0.8281
vn -0.1908 -0.5350 -0.8230
vn -0.3010 -0.5650 -0.7682
vn -0.3167 -0.5648 -0.7620
vn -0.5752 -0.5460 -0.6091
vn -0.5909 -0.5458 -0.5941
vn -0.5754 -0.5460 -0.6089
vn -0.8014 -0.4413 -0.4036
vn -0.5910 -0.5458 -0.5939
vn -0.8015 -0.4412 -0.4036
vn -0.7938 -0.4492 -0.4101
vn -0.5911 -0.5458 -0.5939
vn -0.8478 -0.3780 -0.3720
vn -0.9028 -0.3851 -0.1915
vn -0.8952 -0.4088 -0.1775
vn -0.8952 -0.4088 -0.1774
vn -0.8955 -0.4323 -0.1058
vn -0.9931 -0.0703 -0.0941
vn -0.9708 -0.1725 0.1667
vn -0.9709 -0.1804 0.1577
vn -0.9535 -0.0394 -0.2989
vn -0.9535 -0.0394 -0.2988
vn -0.8760 -0.1188 -0.4674
vn -0.8297 -0.1821 -0.5276
vn -0.9403 -0.2435 0.2378
vn -0.9403 -0.2435 0.2379
vn 0.0131 0.1136 0.9934
vn 0.0110 -0.0588 0.9982
vn 0.0098 -0.1608 0.9869
vn -0.0094 -0.4508 -0.8926
vn -0.0053 -0.1137 -0.9935
vn -0.0066 -0.2234 -0.9747
vn -0.0066 -0.2233 -0.9747
vn -0.0094 -0.4509 -0.8926
vn 0.0045 -0.6001 -0.7999
vn 0.0005 -0.9295 -0.3689
vn -0.0094 -0.4509 -0.8925
vn 0.0045 -0.6002 -0.7999
vn 0.0002 -0.9530 0.3029
vn 0.0034 -0.6864 0.7273
vn 0.0051 -0.5530 0.8331
vn 0.0098 -0.1611 0.9869
vn 0.0110 -0.0591 0.9982
vn -0.9257 -0.3378 -0.1700
vn -0.9258 -0.3377 -0.1700
vn 0.0094 -0.1923 0.9813
vn 0.4689 0.8833 -0.0000
vn 0.1567 0.9876 0.0002
vn 0.4674 0.7042 0.5345
vn 0.1161 0.8419 0.5270
vn 0.4688 0.8833 -0.0000
vn 0.4810 0.8767 -0.0000
vn 0.1567 0.9876 -0.0000
vn 0.1251 0.9921 -0.0000
vn 0.4656 0.8850 -0.0000
vn 0.1408 0.9356 -0.3236
vn 0.4680 0.7591 -0.4525
vn 0.4842 0.8749 -0.0000
vn 0.4809 0.8768 -0.0000
vn 0.7812 0.6242 -0.0001
vn 0.4690 0.8832 -0.0001
vn 0.5367 0.6014 0.5918
vn -0.0402 0.2397 0.9700
vn 0.1162 0.8419 0.5270
vn 0.7781 0.6281 -0.0000
vn 0.4812 0.8766 -0.0000
vn 0.7812 0.6242 -0.0000
vn 0.4690 0.8832 -0.0000
vn 0.4659 0.8849 -0.0000
vn 0.7780 0.6282 -0.0000
vn 0.4844 0.8749 -0.0000
vn 0.7879 0.6140 0.0471
vn 0.6314 0.6473 -0.4270
vn 0.4682 0.7589 -0.4526
vn 0.7879 0.6140 0.0472
vn 0.4843 0.8749 -0.0000
vn 0.1408 0.9356 -0.3238
vn -0.0402 0.2397 -0.9700
vn -0.3054 -0.9258 -0.2229
vn -0.8027 -0.5432 0.2460
vn -0.5397 -0.8366 0.0940
vn -0.8184 -0.5430 0.1879
vn -0.0549 -0.9680 -0.2449
vn -0.0624 -0.9366 -0.3449
vn -0.5395 -0.8367 0.0941
vn -0.4851 -0.8687 0.1004
vn -0.8185 -0.5509 0.1630
vn -0.4773 -0.8688 0.1321
vn -0.8110 -0.5745 0.1109
vn -0.4695 -0.8767 0.1046
vn -0.8033 -0.5903 -0.0792
vn -0.4695 -0.8767 -0.1046
vn -0.8032 -0.5824 -0.1250
vn -0.4851 -0.8687 -0.1004
vn -0.7874 -0.5748 -0.2225
vn -0.0317 -0.9918 -0.1235
vn -0.0549 -0.9680 -0.2447
vn -0.0160 -0.9920 -0.1250
vn -0.0630 -0.9915 0.1142
vn -0.0238 -0.9919 0.1245
vn -0.7874 -0.5748 -0.2227
vn -0.3681 -0.9250 -0.0941
vn -0.7796 -0.5749 -0.2485
vn -0.0787 -0.9913 0.1058
vn -0.3657 -0.0779 -0.9275
vn -0.4837 -0.1079 -0.8685
vn 0.4601 0.1081 -0.8813
vn 0.3816 0.0934 -0.9196
vn -0.9712 -0.2118 0.1088
vn 0.9758 0.2187 0.0001
vn 0.4601 0.1081 0.8813
vn 0.3815 0.0934 0.9196
vn -0.3657 -0.0779 0.9275
vn -0.4837 -0.1079 0.8686
vn 0.9758 0.2187 -0.0002
vn -0.9713 -0.2118 0.1087
vn -0.9713 -0.2117 0.1087
vn -0.4837 -0.1079 -0.8686
vn 0.3815 0.0934 -0.9196
vn -0.9713 -0.2117 0.1088
vn 0.9758 0.2187 0.0002
vn 0.9758 0.2187 -0.0001
vn -0.9249 0.3760 -0.0565
vn -0.7142 0.2871 0.6383
vn -0.3711 0.1182 0.9210
vn -0.6008 0.5838 0.5461
vn -0.2952 0.5722 0.7652
vn -0.5197 0.8024 0.2933
vn -0.2444 0.8775 0.4126
vn -0.4843 0.8749 -0.0000
vn -0.2114 0.9774 -0.0000
vn -0.5197 0.8024 -0.2933
vn -0.2444 0.8775 -0.4126
vn -0.6008 0.5838 -0.5461
vn -0.2952 0.5723 -0.7651
vn -0.7142 0.2871 -0.6383
vn -0.3711 0.1182 -0.9210
vn -0.8277 -0.0174 -0.5609
vn -0.4631 -0.3513 -0.8137
vn -0.9088 -0.2360 -0.3440
vn -0.5378 -0.6955 -0.4765
vn -0.9411 -0.3141 -0.1249
vn -0.5628 -0.8207 -0.0981
vn -0.9088 -0.2360 0.3440
vn -0.5378 -0.6955 0.4765
vn -0.8277 -0.0174 0.5609
vn -0.4631 -0.3513 0.8137
vn -0.5630 -0.8206 -0.0979
vn 0.0013 -0.8589 -0.5121
vn -0.5379 -0.6955 -0.4764
vn 0.0060 -0.4746 -0.8802
vn 0.0127 0.0743 -0.9972
vn 0.0188 0.5763 -0.8170
vn -0.2949 0.5722 -0.7653
vn 0.0228 0.9057 -0.4234
vn -0.2441 0.8775 -0.4127
vn -0.2111 0.9775 -0.0000
vn 0.0228 0.9057 0.4234
vn -0.2441 0.8775 0.4128
vn 0.0188 0.5763 0.8170
vn -0.2949 0.5722 0.7653
vn 0.0127 0.0744 0.9971
vn -0.3711 0.1182 0.9211
vn 0.0060 -0.4746 0.8802
vn 0.0013 -0.8589 0.5121
vn -0.5379 -0.6955 0.4764
vn 0.9804 -0.1973 0.0001
vn 0.9806 -0.1960 0.0001
vn 0.9586 -0.1881 0.2139
vn 0.9821 -0.1884 -0.0000
vn 0.9351 -0.1800 0.3052
vn 0.9273 -0.1799 0.3283
vn 0.9806 -0.1960 -0.0001
vn 0.9803 -0.1973 -0.0001
vn 0.9586 -0.1881 -0.2139
vn 0.9351 -0.1800 -0.3052
vn 0.9273 -0.1799 -0.3283
vn 0.6559 0.7334 -0.1787
vn 0.8382 -0.4141 -0.3549
vn 0.7644 0.6143 -0.1959
vn 0.6710 -0.6161 -0.4127
vn 0.5165 0.2172 -0.8283
vn 0.8049 0.5934 0.0001
vn 0.6710 -0.6161 -0.4125
vn 0.7643 0.6144 -0.1959
vn 0.8049 0.5934 -0.0000
vn 0.5468 0.7816 -0.3001
vn 0.6016 0.7731 0.2009
vn 0.7644 0.6143 -0.1958
vn -0.3408 0.6826 0.6465
vn 0.8049 0.5934 0.0002
vn -0.3407 0.6827 0.6463
vn 0.2965 0.8475 0.4402
vn 0.4577 0.5396 -0.7067
vn 0.5165 0.2174 -0.8283
vn 0.4575 0.5397 -0.7067
vn 0.3171 0.5962 -0.7375
vn 0.5466 0.7817 -0.3001
vn 0.5467 0.7817 -0.3001
vn 0.3171 0.5961 -0.7377
vn 0.2967 0.8474 0.4403
vn 0.7645 0.6142 -0.1959
vn -0.3409 0.6825 0.6465
vn 0.6561 0.7332 -0.1790
vn -0.5113 0.8572 0.0617
vn 0.4845 -0.4726 -0.7361
vn 0.6720 -0.5297 -0.5176
vn 0.6711 -0.6159 -0.4127
vn 0.6711 -0.6159 -0.4126
vn -0.3681 -0.9250 0.0941
vn 0.6722 -0.5297 -0.5174
vn 0.1254 -0.9781 -0.1663
vn 0.1771 0.0487 -0.9830
vn 0.5164 0.2173 -0.8283
vn 0.1693 -0.5864 -0.7921
vn 0.4845 -0.4726 -0.7362
vn -0.6251 -0.7649 0.1554
vn 0.6721 -0.5296 -0.5174
vn 0.1254 -0.9780 -0.1664
vn 0.4845 -0.4725 -0.7362
vn 0.1694 -0.5863 -0.7922
vn 0.5163 0.2173 -0.8284
vn 0.1771 0.0490 -0.9830
vn 0.4575 0.5396 -0.7067
vn 0.3171 0.5962 -0.7376
vn -0.3408 0.6825 0.6465
vn -0.3682 -0.9250 0.0941
vn -0.5113 0.8572 0.0618
vn -0.6250 -0.7651 0.1552
vn -0.9295 -0.0005 0.3689
vn -0.9215 0.0073 0.3882
vn -0.9295 -0.0005 0.3688
vn -0.9214 0.0229 0.3880
vn -0.9294 0.0074 0.3690
vn 0.6709 -0.6161 0.4126
vn 0.8382 -0.4141 0.3550
vn 0.7644 0.6143 0.1958
vn 0.6559 0.7334 0.1788
vn 0.8086 0.5884 -0.0001
vn 0.6709 -0.6162 0.4126
vn 0.5085 0.2094 0.8352
vn 0.5085 0.2097 0.8351
vn 0.8086 0.5884 0.0001
vn 0.5545 0.7737 0.3064
vn 0.5937 0.7732 -0.2227
vn 0.8086 0.5883 -0.0000
vn 0.7643 0.6144 0.1958
vn -0.3329 0.6825 -0.6506
vn 0.2732 0.8556 -0.4396
vn 0.5937 0.7733 -0.2227
vn -0.3330 0.6825 -0.6506
vn 0.5546 0.7737 0.3064
vn 0.4498 0.5318 0.7176
vn 0.5085 0.2095 0.8352
vn 0.3093 0.6042 0.7343
vn 0.4496 0.5319 0.7176
vn 0.5545 0.7737 0.3065
vn 0.2732 0.8555 -0.4398
vn 0.3093 0.6040 0.7345
vn -0.5113 0.8572 -0.0619
vn -0.3329 0.6824 -0.6507
vn 0.6562 0.7331 0.1788
vn 0.7645 0.6142 0.1960
vn 0.6711 -0.6159 0.4127
vn 0.5086 0.2095 0.8352
vn 0.6721 -0.5298 0.5174
vn 0.4845 -0.4726 0.7362
vn 0.6711 -0.6160 0.4127
vn 0.6721 -0.5297 0.5174
vn 0.1254 -0.9781 0.1663
vn 0.4845 -0.4726 0.7361
vn 0.5084 0.2096 0.8352
vn 0.1694 -0.5864 0.7921
vn 0.1771 0.0487 0.9830
vn -0.6252 -0.7649 -0.1553
vn 0.6711 -0.6159 0.4126
vn 0.8381 -0.4141 0.3551
vn 0.1693 -0.5864 0.7922
vn 0.1254 -0.9781 0.1664
vn 0.4846 -0.4724 0.7362
vn 0.6720 -0.5296 0.5176
vn 0.3093 0.6041 0.7344
vn 0.1771 0.0490 0.9830
vn 0.5083 0.2095 0.8353
vn -0.6249 -0.7651 -0.1552
vn -0.3682 -0.9250 -0.0941
vn -0.5112 0.8572 -0.0617
vn -0.3331 0.6825 -0.6506
vn -0.9297 -0.0162 -0.3680
vn -0.9303 -0.0632 -0.3614
vn -0.9299 -0.0318 -0.3665
vn -0.9296 -0.0083 -0.3686
vn -0.9214 0.0229 -0.3880
vn -0.9294 0.0074 -0.3690
vn -0.9215 0.0073 -0.3882
vn -0.9213 0.0230 -0.3881
vn -0.4240 0.2914 -0.8575
vn 0.0734 0.5521 -0.8305
vn 0.4784 0.3197 -0.8179
vn -0.4670 -0.0296 -0.8837
vn -0.4467 -0.2807 -0.8495
vn 0.5623 0.1226 -0.8178
vn -0.4538 -0.2336 -0.8600
vn -0.4988 -0.0606 -0.8646
vn 0.5333 -0.3320 -0.7781
vn -0.5140 -0.0212 -0.8575
vn -0.3920 -0.3050 -0.8679
vn 0.4943 -0.3001 -0.8159
vn 0.6131 -0.2153 -0.7601
vn -0.0574 -0.5287 -0.8468
vn -0.9854 -0.0861 -0.1469
vn -0.9782 -0.1332 -0.1596
vn -0.7492 -0.6537 -0.1068
vn -0.0316 -0.9918 -0.1235
vn -0.7492 -0.6537 -0.1070
vn 0.8331 -0.5531 0.0001
vn 0.9067 -0.4218 -0.0000
vn 0.8330 -0.5533 -0.0001
vn 0.9066 -0.4220 -0.0000
vn 0.8331 -0.5532 0.0001
vn 0.9794 0.2021 -0.0000
vn 0.7918 0.6108 -0.0000
vn -0.7728 0.6329 -0.0470
vn -0.9917 0.0472 -0.1198
vn -0.7727 0.6330 -0.0469
vn -0.8878 -0.4402 -0.1345
vn -0.8877 -0.4403 -0.1346
vn -0.4539 -0.2337 -0.8599
vn -0.8572 -0.5033 -0.1094
vn -0.8877 -0.4402 -0.1345
vn -0.8571 -0.5034 -0.1093
vn -0.9854 -0.0861 -0.1468
vn 0.5339 0.3661 0.7622
vn 0.0667 0.6463 0.7602
vn -0.5016 0.3551 0.7888
vn -0.5612 -0.0285 0.8272
vn -0.5174 -0.3112 0.7971
vn 0.6252 0.1375 0.7683
vn -0.5248 -0.2721 0.8065
vn -0.5851 -0.0674 0.8082
vn 0.5877 -0.3719 0.7186
vn -0.5926 -0.0359 0.8047
vn -0.4633 -0.3669 0.8067
vn 0.5722 -0.3403 0.7462
vn 0.6516 -0.2785 0.7056
vn -0.0664 -0.6228 0.7796
vn -0.9854 -0.0861 -0.1467
vn -0.9782 -0.1331 -0.1597
vn -0.7491 -0.6537 -0.1071
vn -0.7492 -0.6536 -0.1071
vn 0.8331 -0.5531 -0.0002
vn 0.8332 -0.5530 -0.0001
vn 0.8330 -0.5532 0.0002
vn 0.9066 -0.4220 -0.0001
vn 0.9793 0.2022 0.0001
vn 0.8331 -0.5532 -0.0000
vn -0.7727 0.6330 -0.0471
vn -0.9916 0.0473 -0.1201
vn -0.7726 0.6331 -0.0472
vn -0.8571 -0.5034 -0.1092
vn -0.5249 -0.2720 0.8065
vn 0.4784 0.3197 0.8179
vn 0.0734 0.5521 0.8306
vn -0.4240 0.2914 0.8575
vn -0.4671 -0.0296 0.8837
vn -0.4466 -0.2808 0.8495
vn 0.5623 0.1226 0.8178
vn -0.4537 -0.2337 0.8600
vn -0.4988 -0.0606 0.8646
vn 0.5333 -0.3320 0.7781
vn -0.5141 -0.0212 0.8575
vn -0.3920 -0.3050 0.8679
vn 0.4943 -0.3001 0.8158
vn 0.6131 -0.2153 0.7601
vn -0.0574 -0.5288 0.8468
vn -0.9854 -0.0861 0.1469
vn -0.9782 -0.1332 0.1596
vn -0.9782 -0.1331 0.1596
vn -0.7491 -0.6538 0.1068
vn -0.7492 -0.6537 0.1068
vn -0.0317 -0.9918 0.1235
vn -0.7491 -0.6537 0.1069
vn 0.9067 -0.4217 -0.0000
vn 0.8332 -0.5529 -0.0000
vn 0.9793 0.2022 -0.0000
vn 0.8331 -0.5532 -0.0001
vn -0.7728 0.6329 0.0470
vn -0.9917 0.0474 0.1198
vn -0.7727 0.6330 0.0470
vn -0.8878 -0.4402 0.1345
vn -0.8877 -0.4403 0.1346
vn -0.8571 -0.5034 0.1093
vn -0.4538 -0.2337 0.8599
vn -0.8877 -0.4404 0.1345
vn -0.8572 -0.5033 0.1093
vn -0.9854 -0.0861 0.1467
vn -0.5017 0.3551 -0.7888
vn 0.0667 0.6463 -0.7602
vn 0.5339 0.3661 -0.7622
vn -0.5612 -0.0285 -0.8272
vn -0.5175 -0.3112 -0.7971
vn 0.6252 0.1375 -0.7682
vn -0.5249 -0.2720 -0.8066
vn -0.5851 -0.0674 -0.8082
vn 0.5876 -0.3719 -0.7186
vn -0.5926 -0.0359 -0.8047
vn -0.4633 -0.3669 -0.8067
vn 0.5722 -0.3403 -0.7462
vn 0.6516 -0.2785 -0.7056
vn -0.0664 -0.6228 -0.7796
vn -0.9781 -0.1333 0.1596
vn -0.9781 -0.1332 0.1597
vn -0.7492 -0.6537 0.1071
vn -0.7492 -0.6537 0.1070
vn 0.9067 -0.4219 0.0002
vn 0.8331 -0.5531 -0.0000
vn 0.9794 0.2021 -0.0001
vn -0.9916 0.0474 0.1201
vn -0.7727 0.6330 0.0472
vn -0.5248 -0.2721 -0.8065
vn -0.8572 -0.5033 0.1092
vn -0.8877 -0.4403 0.1345
vn -0.8571 -0.5034 0.1092
vn 0.8610 -0.4693 -0.1959
vn 0.8210 -0.5394 -0.1873
vn 0.6538 -0.7335 -0.1856
vn 0.9672 -0.1256 -0.2210
vn 0.9586 -0.1882 -0.2139
vn 0.3300 -0.9256 -0.1853
vn 0.3378 -0.9257 -0.1701
vn -0.0393 -0.9761 -0.2139
vn -0.2898 -0.9338 -0.2099
vn -0.3835 -0.9013 -0.2015
vn -0.6559 -0.7254 -0.2087
vn -0.7335 -0.6539 -0.1856
vn -0.8106 -0.5510 -0.1981
vn -0.9559 -0.2435 -0.1641
vn -0.9631 -0.1883 -0.1921
vn -0.9841 0.0236 -0.1761
vn 0.9672 -0.1254 -0.2210
vn 0.9688 0.0078 -0.2478
vn 0.9689 0.0157 -0.2470
vn 0.9689 0.0157 -0.2471
vn 0.9672 -0.1253 -0.2210
vn 0.9586 -0.1880 -0.2139
vn -0.9843 0.0080 -0.1764
vn -0.9785 -0.1566 -0.1345
vn -0.9560 -0.2432 -0.1642
vn -0.9784 -0.1569 -0.1345
vn -0.9843 0.0079 -0.1763
vn -0.9856 -0.1019 -0.1349
vn -0.9856 -0.1016 -0.1349
vn -0.9843 0.0081 -0.1764
vn -0.9834 0.0786 -0.1634
vn -0.9841 0.0237 -0.1760
vn -0.9560 -0.2432 -0.1641
vn -0.9915 0.0552 -0.1174
vn -0.8260 -0.5194 -0.2190
vn -0.8643 -0.4484 -0.2279
vn -0.9543 -0.1101 -0.2777
vn -0.9624 -0.1257 -0.2410
vn -0.3367 -0.9175 -0.2116
vn 0.0313 -0.9769 -0.2113
vn 0.2826 -0.9486 -0.1425
vn 0.3772 -0.9105 -0.1693
vn 0.6932 -0.7183 -0.0588
vn 0.7250 -0.6873 -0.0444
vn 0.9447 -0.3279 -0.0000
vn 0.9940 -0.1098 -0.0000
vn -0.9527 0.0232 -0.3029
vn -0.9543 -0.1099 -0.2778
vn -0.9529 0.0076 -0.3032
vn -0.9444 0.0623 -0.3228
vn -0.9529 0.0078 -0.3032
vn -0.9112 0.2111 -0.3537
vn -0.9444 0.0626 -0.3228
vn 0.9940 -0.1097 -0.0002
vn 0.9448 -0.3276 -0.0001
vn 0.9940 -0.1098 -0.0001
vn 0.9989 -0.0475 -0.0001
vn -0.9543 -0.1098 -0.2778
vn -0.9527 0.0234 -0.3029
vn -0.9624 -0.1254 -0.2410
vn 0.9448 -0.3276 -0.0000
vn 0.9940 -0.1095 -0.0000
vn 0.9940 -0.1095 -0.0001
vn 0.9989 -0.0473 -0.0001
vn 0.9933 0.0860 -0.0778
vn -0.0160 -0.9920 0.1250
vn -0.0395 -0.9917 0.1219
vn 0.0232 -0.9925 0.1199
vn 0.0311 -0.9926 0.1172
vn -0.0630 -0.9915 -0.1140
vn -0.1335 -0.9828 0.1278
vn -0.1258 -0.9907 -0.0520
vn -0.1413 -0.9827 0.1198
vn -0.1335 -0.9828 0.1279
vn -0.1492 -0.9826 0.1108
vn -0.1414 -0.9827 0.1199
vn -0.1412 -0.9827 0.1200
vn -0.1258 -0.9907 0.0520
vn -0.1101 -0.9909 0.0776
vn -0.1021 -0.9910 0.0865
vn -0.1336 -0.9906 0.0294
vn -0.1101 -0.9909 -0.0776
vn -0.1414 -0.9827 -0.1198
vn -0.1335 -0.9828 -0.1278
vn -0.1335 -0.9828 -0.1279
vn -0.1492 -0.9826 -0.1108
vn -0.1414 -0.9827 -0.1199
vn -0.1412 -0.9827 -0.1200
vn -0.1021 -0.9910 -0.0865
vn -0.0395 -0.9918 -0.1219
vn 0.0311 -0.9926 -0.1172
vn 0.0232 -0.9925 -0.1199
vn 0.0546 -0.9929 -0.1057
vn 0.0546 -0.9929 0.1057
vn -0.6834 -0.4036 -0.6084
vn -0.6777 0.0593 -0.7330
vn -0.5899 0.1915 -0.7845
vn -0.5898 0.1993 -0.7826
vn -0.5822 0.1757 -0.7938
vn -0.6936 -0.5995 -0.3994
vn -0.6834 -0.4035 -0.6085
vn -0.3604 -0.9251 -0.1200
vn -0.6778 0.0591 -0.7329
vn -0.3134 -0.9414 -0.1249
vn -0.2900 -0.9495 -0.1198
vn 1.0000 -0.0083 -0.0000
vn 0.8209 -0.5394 0.1873
vn 0.8610 -0.4693 0.1959
vn 0.6538 -0.7335 0.1856
vn 0.9672 -0.1256 0.2210
vn 0.9585 -0.1883 0.2139
vn 0.3300 -0.9256 0.1853
vn 0.3378 -0.9257 0.1701
vn -0.0393 -0.9761 0.2139
vn -0.2898 -0.9338 0.2099
vn -0.3835 -0.9013 0.2015
vn -0.6559 -0.7254 0.2087
vn -0.7335 -0.6539 0.1856
vn -0.8107 -0.5510 0.1981
vn -0.9560 -0.2434 0.1641
vn -0.9631 -0.1883 0.1921
vn -0.9841 0.0236 0.1761
vn 0.9688 0.0078 0.2478
vn 0.9672 -0.1254 0.2210
vn 0.9689 0.0157 0.2470
vn 0.9689 0.0157 0.2471
vn 0.9672 -0.1253 0.2210
vn 0.9586 -0.1880 0.2140
vn -0.9785 -0.1566 0.1345
vn -0.9843 0.0080 0.1764
vn -0.9560 -0.2432 0.1642
vn -0.9843 0.0079 0.1763
vn -0.9784 -0.1569 0.1345
vn -0.9856 -0.1019 0.1349
vn -0.9843 0.0081 0.1764
vn -0.9856 -0.1016 0.1349
vn -0.9834 0.0786 0.1634
vn -0.9560 -0.2431 0.1642
vn -0.9841 0.0237 0.1760
vn -0.9916 0.0552 0.1174
vn -0.8643 -0.4484 0.2279
vn -0.8260 -0.5194 0.2190
vn -0.6559 -0.7254 0.2086
vn -0.9543 -0.1101 0.2777
vn -0.9624 -0.1256 0.2410
vn -0.3367 -0.9175 0.2116
vn 0.0313 -0.9769 0.2113
vn 0.2826 -0.9486 0.1425
vn 0.3772 -0.9105 0.1693
vn 0.6932 -0.7183 0.0588
vn 0.7250 -0.6873 0.0444
vn 0.9448 -0.3278 0.0001
vn -0.9544 -0.1099 0.2777
vn -0.9527 0.0232 0.3029
vn -0.9529 0.0076 0.3031
vn -0.9444 0.0623 0.3228
vn -0.9112 0.2111 0.3537
vn -0.9529 0.0078 0.3032
vn -0.9444 0.0626 0.3228
vn 0.9940 -0.1096 0.0001
vn 0.9940 -0.1098 0.0001
vn 0.9989 -0.0475 0.0001
vn -0.9527 0.0234 0.3029
vn -0.9624 -0.1254 0.2410
vn 0.9989 -0.0474 0.0001
vn 0.9933 0.0860 0.0777
vn -0.5898 0.1993 0.7826
vn -0.6777 0.0593 0.7330
vn -0.5899 0.1915 0.7845
vn -0.6834 -0.4036 0.6084
vn -0.5822 0.1757 0.7938
vn -0.6834 -0.4035 0.6084
vn -0.6936 -0.5995 0.3995
vn -0.3604 -0.9251 0.1200
vn -0.6778 0.0591 0.7329
vn -0.3134 -0.9414 0.1249
vn -0.2900 -0.9495 0.1199
vn 0.0020 -0.8040 -0.5946
vn 0.0081 -0.3022 -0.9532
vn 0.0020 -0.8040 0.5946
vn 0.0081 -0.3022 0.9532
vn 0.0156 0.3174 -0.9482
vn 0.0081 -0.3019 -0.9533
vn 0.0217 0.8194 -0.5728
vn 0.0156 0.3176 -0.9481
vn 0.0217 0.8194 0.5728
vn 0.0156 0.3176 0.9481
vn 0.0081 -0.3019 0.9533
vn 0.0156 0.3174 0.9482
vn -0.6789 0.6084 0.4111
vn -0.6744 0.7384 -0.0000
vn -0.9999 0.0159 -0.0004
vn -0.6789 0.6084 -0.4110
vn -0.6833 0.2477 0.6869
vn -0.6789 0.6083 0.4113
vn -0.9999 0.0161 -0.0005
vn -0.6789 0.6082 -0.4113
vn -0.6833 0.2477 -0.6868
vn -0.9999 0.0159 -0.0003
vn -0.6889 -0.2150 0.6922
vn -0.6833 0.2474 0.6869
vn -0.9999 0.0162 -0.0005
vn -0.6833 0.2474 -0.6869
vn -0.6889 -0.2150 -0.6922
vn -0.9999 0.0159 -0.0002
vn -0.6933 -0.5759 0.4333
vn -0.6889 -0.2153 0.6921
vn -0.9999 0.0162 -0.0004
vn -0.6949 -0.7093 -0.1183
vn -0.6933 -0.5760 0.4330
vn -0.9999 0.0162 -0.0003
vn -0.6933 -0.5760 -0.4330
vn -0.6889 -0.2153 -0.6921
vn -0.6933 -0.5759 -0.4333
vn -0.9999 0.0161 -0.0002
vn -0.6789 0.6084 0.4110
vn -0.6789 0.6082 0.4113
vn -0.6833 0.2477 -0.6869
vn -0.6933 -0.5758 -0.4333
vn 0.3547 0.4624 0.8127
vn 0.3542 0.4232 0.8340
vn 0.3183 0.0473 0.9468
vn 0.2953 0.7454 0.5976
vn 0.1566 0.9511 0.2662
vn 0.2643 0.9644 -0.0000
vn 0.7643 0.6064 0.2194
vn 0.9184 -0.2661 0.2929
vn 0.9583 -0.2116 0.1921
vn 0.9639 -0.2663 -0.0000
vn 0.8129 -0.5627 -0.1501
vn 0.7015 -0.6792 -0.2157
vn 0.1728 -0.9473 -0.2699
vn 0.1412 -0.9547 -0.2618
vn -0.0708 -0.9835 -0.1664
vn -0.0708 -0.9835 -0.1665
vn 0.1727 -0.9473 -0.2699
vn -0.0000 -0.0000 1.0000
vn 0.9242 -0.3609 0.1249
vn 0.9024 -0.3523 -0.2479
vn 0.2802 -0.5015 0.8185
vn -0.0787 -0.9913 -0.1058
vn 0.0546 -0.9929 0.1058
vn -0.0708 -0.9835 -0.1662
vn 0.2998 -0.8234 0.4819
vn 0.3274 -0.4942 0.8054
vn 0.3182 0.0470 0.9469
vn 0.3347 0.1095 0.9359
vn 0.8667 0.0012 0.4988
vn 0.8699 0.2600 0.4192
vn 0.8722 0.4483 0.1959
vn 0.8610 0.5087 -0.0000
vn 0.8722 0.4483 -0.1959
vn 0.8699 0.2600 -0.4192
vn 0.8667 0.0012 -0.4988
vn 0.8635 -0.2654 -0.4289
vn 0.8612 -0.4536 -0.2292
vn 0.8526 -0.5163 -0.0807
vn 0.8612 -0.4536 0.2292
vn 0.8635 -0.2654 0.4289
vn 0.3539 0.3997 -0.8456
vn 0.3547 0.4624 -0.8127
vn 0.3183 0.0472 -0.9468
vn 0.2953 0.7455 -0.5976
vn 0.1565 0.9511 -0.2662
vn 0.2642 0.9645 -0.0001
vn 0.0082 1.0000 -0.0002
vn 0.7643 0.6065 -0.2193
vn 0.9184 -0.2661 -0.2928
vn 0.9583 -0.2116 -0.1921
vn 0.9639 -0.2664 -0.0000
vn 0.8129 -0.5628 0.1501
vn 0.7015 -0.6792 0.2157
vn 0.1729 -0.9472 0.2699
vn 0.1412 -0.9547 0.2618
vn -0.0708 -0.9835 0.1664
vn -0.0708 -0.9835 0.1665
vn 0.0545 -0.9929 -0.1057
vn 0.1727 -0.9473 0.2699
vn -0.0708 -0.9835 0.1662
vn 0.0546 -0.9929 -0.1058
vn 0.2802 -0.5015 -0.8185
vn 0.2998 -0.8234 -0.4819
vn 0.3274 -0.4942 -0.8054
vn 0.3182 0.0470 -0.9469
vn 0.3265 0.0939 -0.9405
vn 1.0000 -0.0084 -0.0000
vn 0.8699 0.2600 -0.4191
vn 0.8611 0.5084 -0.0000
vn 0.8721 0.4483 0.1960
vn -0.4548 0.3310 -0.8268
vn 0.4466 0.2808 -0.8495
vn 0.4819 -0.0411 -0.8753
vn 0.4553 -0.2918 -0.8411
vn -0.5435 0.1360 -0.8283
vn 0.4636 -0.2448 -0.8515
vn 0.5129 -0.0729 -0.8554
vn -0.5255 -0.3191 -0.7887
vn 0.5290 -0.0339 -0.8479
vn 0.4001 -0.3147 -0.8608
vn -0.4858 -0.2882 -0.8252
vn -0.6025 -0.2005 -0.7725
vn 0.0602 -0.5302 -0.8457
vn 0.9940 -0.1097 -0.0000
vn 0.9876 -0.1567 -0.0000
vn 0.9877 -0.1565 0.0001
vn 0.7410 -0.6639 -0.1003
vn 0.7410 -0.6640 -0.1003
vn 0.0232 -0.9925 -0.1200
vn 0.7410 -0.6640 -0.1004
vn -0.8341 -0.5349 -0.1349
vn -0.9030 -0.4007 -0.1549
vn -0.8341 -0.5349 -0.1348
vn -0.8339 -0.5352 -0.1349
vn -0.9029 -0.4009 -0.1548
vn -0.9658 0.2353 -0.1088
vn -0.7697 0.6384 -0.0000
vn -0.7698 0.6383 -0.0000
vn 0.0239 0.9997 0.0001
vn 0.7955 0.6059 0.0001
vn 0.9999 0.0153 0.0001
vn 0.7954 0.6060 0.0001
vn 0.8881 -0.4596 0.0001
vn 0.8881 -0.4596 -0.0000
vn 0.8526 -0.5163 -0.0809
vn 0.4637 -0.2448 -0.8515
vn 0.9940 -0.1096 -0.0000
vn 0.5258 0.3426 0.7786
vn -0.0353 0.6475 0.7612
vn -0.5092 0.3787 0.7729
vn 0.5760 -0.0423 0.8164
vn 0.5255 -0.3241 0.7867
vn -0.6060 0.1525 0.7807
vn 0.5337 -0.2848 0.7962
vn 0.5990 -0.0818 0.7966
vn -0.5808 -0.3577 0.7312
vn 0.6072 -0.0505 0.7929
vn 0.4699 -0.3782 0.7976
vn -0.5647 -0.3265 0.7580
vn -0.6425 -0.2628 0.7198
vn 0.0669 -0.6244 0.7782
vn 0.9940 -0.1095 0.0001
vn 0.9877 -0.1566 0.0001
vn 0.7410 -0.6640 -0.1005
vn 0.7410 -0.6639 -0.1006
vn 0.0233 -0.9925 -0.1200
vn 0.7410 -0.6639 -0.1005
vn -0.8340 -0.5349 -0.1350
vn -0.8340 -0.5349 -0.1351
vn -0.8340 -0.5351 -0.1350
vn -0.9029 -0.4009 -0.1549
vn -0.8339 -0.5351 -0.1350
vn -0.9658 0.2353 -0.1086
vn 0.0239 0.9997 -0.0000
vn 0.7955 0.6059 -0.0000
vn 0.9999 0.0153 -0.0000
vn 0.7954 0.6060 -0.0000
vn 0.5338 -0.2849 0.7962
vn 0.8526 -0.5163 -0.0806
vn 0.4466 0.2809 0.8495
vn -0.4548 0.3310 0.8268
vn 0.4819 -0.0412 0.8753
vn 0.4553 -0.2918 0.8411
vn -0.5435 0.1360 0.8283
vn 0.4636 -0.2447 0.8516
vn 0.5129 -0.0729 0.8554
vn -0.5255 -0.3191 0.7887
vn 0.5290 -0.0339 0.8479
vn 0.4001 -0.3147 0.8607
vn -0.4858 -0.2882 0.8252
vn -0.6025 -0.2005 0.7725
vn 0.0602 -0.5302 0.8457
vn 0.9876 -0.1569 -0.0000
vn 0.9876 -0.1567 -0.0001
vn 0.7410 -0.6640 -0.1006
vn 0.0233 -0.9925 0.1200
vn 0.7411 -0.6639 -0.1005
vn -0.8341 -0.5349 0.1349
vn -0.9030 -0.4008 0.1547
vn -0.8340 -0.5351 0.1349
vn -0.9029 -0.4009 0.1549
vn -0.9658 0.2353 0.1088
vn 0.0239 0.9997 -0.0001
vn 0.7955 0.6059 -0.0001
vn 0.9999 0.0152 -0.0001
vn 0.7955 0.6060 -0.0001
vn 0.8881 -0.4596 -0.0002
vn 0.4637 -0.2448 0.8515
vn 0.8526 -0.5162 -0.0808
vn -0.5092 0.3787 -0.7729
vn -0.0353 0.6475 -0.7612
vn 0.5258 0.3426 -0.7786
vn 0.5760 -0.0423 -0.8164
vn 0.5255 -0.3241 -0.7867
vn -0.6060 0.1525 -0.7807
vn 0.5337 -0.2848 -0.7962
vn 0.5990 -0.0818 -0.7966
vn -0.5808 -0.3577 -0.7312
vn 0.6072 -0.0505 -0.7929
vn 0.4699 -0.3783 -0.7975
vn -0.5647 -0.3264 -0.7580
vn -0.6424 -0.2628 -0.7199
vn 0.0669 -0.6244 -0.7782
vn 0.9877 -0.1566 -0.0001
vn 0.9877 -0.1567 -0.0000
vn 0.7410 -0.6639 -0.1004
vn -0.8340 -0.5350 0.1349
vn -0.9030 -0.4007 0.1549
vn -0.8341 -0.5349 0.1350
vn -0.9658 0.2353 0.1086
vn -0.8340 -0.5350 0.1351
vn 0.7956 0.6059 -0.0000
vn 0.7955 0.6060 -0.0000
vn 0.8881 -0.4596 -0.0001
vn 0.8881 -0.4597 -0.0000
vn 0.8526 -0.5162 -0.0809
vn -0.1040 -0.4890 -0.8661
vn -0.0979 0.0129 -0.9951
vn -0.0979 0.0130 -0.9951
vn -0.1085 -0.8575 -0.5029
vn -0.0919 0.5070 -0.8570
vn -0.0874 0.8756 -0.4751
vn -0.1101 -0.9909 -0.0778
vn -0.1085 -0.8576 -0.5027
vn -0.1084 -0.8576 -0.5027
vn -0.0874 0.8757 -0.4749
vn -0.0777 0.9970 -0.0002
vn -0.1085 -0.8576 0.5027
vn -0.1101 -0.9909 -0.0775
vn -0.1040 -0.4890 0.8661
vn -0.1085 -0.8575 0.5030
vn -0.0979 0.0129 0.9951
vn -0.0979 0.0130 0.9951
vn -0.0919 0.5070 0.8570
vn -0.0874 0.8755 0.4752
vn -0.0874 0.8757 0.4749
vn -0.0777 0.9970 0.0002
vn 0.3314 0.4862 0.8086
vn 0.3256 0.0078 0.9455
vn 0.3356 0.8312 0.4432
vn 0.3356 0.8312 0.4433
vn 0.3197 -0.4784 0.8179
vn 0.3155 -0.8235 0.4715
vn 0.3140 -0.9490 -0.0293
vn 0.3155 -0.8236 -0.4714
vn 0.3155 -0.8236 -0.4713
vn 0.3276 0.9448 -0.0000
vn 0.3277 0.9448 -0.0000
vn 0.3356 0.8313 0.4430
vn 0.3356 0.8313 -0.4431
vn 0.3314 0.4862 -0.8086
vn 0.3256 0.0078 -0.9455
vn 0.3197 -0.4784 -0.8179
vn 0.3155 -0.8235 -0.4716
vn 0.3155 -0.8234 -0.4717
vn 0.9765 -0.0001 0.2154
vn 0.9781 0.1254 0.1664
vn 0.9700 0.2430 -0.0000
vn 0.9781 0.1254 -0.1664
vn 0.9765 -0.0001 -0.2154
vn 0.9749 -0.1334 -0.1782
vn 0.9738 -0.2275 -0.0001
vn 0.9664 -0.2570 -0.0000
vn 0.9738 -0.2275 0.0002
vn 0.9749 -0.1334 0.1782
vn -0.0919 0.5071 0.8570
vn -0.0874 0.8756 0.4751
vn -0.1084 -0.8576 0.5027
vn -0.1085 -0.8575 -0.5030
vn -0.0919 0.5071 -0.8570
vn 0.3356 0.8312 -0.4433
vn 0.3155 -0.8235 -0.4715
vn 0.3155 -0.8235 0.4714
vn 0.3356 0.8313 -0.4430
vn 0.3356 0.8313 0.4431
vn 0.3155 -0.8235 0.4716
vn 0.9738 -0.2275 0.0001
vn 0.0132 0.1213 0.9925
vn 0.0122 0.0350 0.9993
vn 0.0080 -0.3099 0.9507
vn 0.0077 -0.3334 0.9428
vn 0.0167 0.4116 0.9112
vn 0.0165 0.3881 0.9215
vn 0.0139 0.1762 0.9843
vn 0.0141 0.1919 0.9813
vn 0.0147 0.1918 0.9813
vn 0.0144 0.2154 0.9764
vn 0.0141 0.1921 0.9813
vn 0.0144 0.2157 0.9764
vn 0.0132 0.1216 0.9925
vn 0.0122 0.0353 0.9993
vn 0.0077 -0.3334 0.9427
vn 0.0072 -0.3727 0.9279
vn 0.0165 0.3880 0.9215
vn 0.0139 0.1764 0.9842
vn 0.0116 -0.0121 0.9999
vn 0.0131 0.1056 0.9943
vn 0.0083 -0.2864 0.9581
vn 0.0171 0.4351 0.9002
vn 0.0170 0.4351 0.9002
vn 0.0148 0.2467 0.9690
vn 0.0149 0.2624 0.9648
vn 0.0126 0.0665 0.9977
vn 0.0127 0.0743 0.9972
vn 0.0127 0.0744 0.9972
vn 0.0137 0.1605 0.9869
vn 0.0137 0.1608 0.9869
vn 0.0116 -0.0118 0.9999
vn 0.0130 0.1059 0.9943
vn 0.0075 -0.3491 0.9371
vn 0.0148 0.2470 0.9689
vn 0.0150 0.2627 0.9648
vn 0.2822 0.9574 0.0609
vn 0.3290 0.9333 0.1438
vn 0.1404 0.9901 0.0001
vn 0.1567 0.9876 0.0001
vn 0.1404 0.9901 -0.0000
vn 0.1097 0.9940 -0.0000
vn 0.3853 -0.8871 0.2542
vn 0.4646 -0.8252 0.3211
vn 0.6933 0.5680 0.4435
vn 0.8265 -0.0846 0.5566
vn 0.3679 0.9093 0.1943
vn 0.3836 0.9091 0.1623
vn 0.3290 0.9333 0.1439
vn 0.6932 0.5681 0.4435
vn 0.8264 -0.0844 0.5568
vn 0.3679 0.9093 0.1944
vn 0.3836 0.9091 0.1624
vn 0.4646 -0.8253 0.3212
vn -0.6460 0.7489 0.1476
vn -0.5905 0.7954 0.1367
vn -0.6457 0.7492 0.1476
vn -0.5903 0.7955 0.1367
vn 0.0016 0.4510 0.8925
vn -0.0146 0.4120 0.9111
vn 0.0016 0.4588 0.8885
vn -0.0066 0.4276 0.9040
vn 0.0178 0.4978 0.8671
vn 0.0178 0.4979 0.8671
vn 0.0179 0.5057 0.8625
vn 0.0180 0.5135 0.8579
vn 0.0181 0.5214 0.8531
vn 0.0290 -0.5218 0.8526
vn 0.0256 0.4899 0.8714
vn -0.0742 -0.6226 0.7790
vn -0.0306 -0.9057 -0.4229
vn 0.0290 -0.5220 0.8524
vn -0.0306 -0.9055 -0.4231
vn -0.0742 -0.6229 0.7788
vn 0.0289 -0.5219 0.8525
vn 0.0246 0.4115 0.9111
vn -0.5530 -0.6483 0.5234
vn -0.5531 -0.6482 0.5234
vn -0.0375 0.4670 0.8834
vn -0.0375 0.4671 0.8834
vn 0.0009 0.3961 0.9182
vn 0.0015 0.4510 0.8925
vn 0.0009 0.3962 0.9182
vn -0.0374 0.4672 0.8834
vn 0.3135 0.9492 0.0273
vn 0.2275 0.9659 0.1236
vn 0.2041 0.9740 0.0981
vn 0.2273 0.9659 0.1235
vn 0.2039 0.9741 0.0980
vn 0.0709 0.9914 0.1104
vn 0.0709 0.9914 0.1105
vn 0.0708 0.9914 0.1105
vn -0.0076 0.9923 0.1235
vn -0.0075 0.9923 0.1235
vn -0.0076 0.9923 0.1236
vn -0.0782 0.9853 0.1517
vn -0.0783 0.9853 0.1517
vn -0.1332 0.9782 0.1596
vn -0.1332 0.9781 0.1596
vn -0.2511 0.9639 0.0887
vn -0.4785 0.3080 -0.8223
vn -0.2261 0.9741 0.0001
vn -0.2261 0.9741 -0.0000
vn -0.4787 0.3079 -0.8222
vn -0.2500 0.9682 0.0001
vn -0.1091 0.3819 -0.9178
vn -0.2905 0.9487 0.1250
vn -0.4787 0.3078 -0.8222
vn -0.2511 0.9639 0.0888
vn -0.1091 0.3817 -0.9178
vn -0.4786 0.3079 -0.8223
vn 0.2142 -0.7674 -0.6044
vn -0.4787 0.3079 -0.8223
vn 0.1432 -0.8057 -0.5747
vn -0.2501 0.9682 0.0001
vn -0.3047 0.9525 0.0001
vn -0.1000 0.4837 -0.8695
vn -0.1001 0.4836 -0.8695
vn -0.1091 0.3816 -0.9179
vn 0.2389 -0.6736 -0.6994
vn -0.1091 0.3818 -0.9178
vn 0.2144 -0.7673 -0.6044
vn 0.2390 -0.6735 -0.6995
vn -0.1001 0.4837 -0.8695
vn -0.2502 0.9682 0.0001
vn -0.1798 0.9837 -0.0000
vn -0.2335 0.9724 0.0001
vn -0.9933 -0.0860 0.0777
vn -0.2904 0.9487 0.1250
vn -0.4785 0.3079 -0.8223
vn -0.4787 0.3078 -0.8223
vn -0.9933 -0.0858 0.0777
vn 0.0471 -0.9614 -0.2710
vn -0.0159 -0.9920 -0.1251
vn -0.2038 0.9790 -0.0000
vn -0.9929 -0.0547 -0.1058
vn -0.2335 0.9724 -0.0000
vn -0.9933 -0.0861 0.0776
vn -0.1960 0.9789 0.0576
vn -0.1947 0.9809 -0.0000
vn -0.1797 0.9837 0.0002
vn -0.1947 0.9809 0.0001
vn -0.1881 0.9788 0.0808
vn -0.1960 0.9789 0.0578
vn -0.0617 0.4126 0.9088
vn -0.0617 0.4125 0.9089
vn -0.0770 0.4363 0.8965
vn -0.0928 0.4286 0.8987
vn -0.0771 0.4363 0.8965
vn -0.0929 0.4286 0.8987
vn -0.1480 0.4057 0.9019
vn -0.1401 0.4135 0.8997
vn -0.1482 0.3901 0.9088
vn -0.1561 0.3901 0.9074
vn -0.1482 0.3900 0.9088
vn -0.1246 0.3976 0.9091
vn -0.1168 0.3975 0.9101
vn -0.1167 0.3975 0.9101
vn -0.0854 0.3971 0.9138
vn -0.0463 0.3888 0.9202
vn -0.0541 0.3889 0.9197
vn -0.0462 0.3967 0.9168
vn -0.0384 0.3887 0.9205
vn -0.0384 0.3887 0.9206
vn -0.0616 0.4126 0.9088
vn -0.0695 0.4126 0.9082
vn -0.0695 0.4126 0.9083
vn -0.0698 0.3891 0.9186
vn -0.0777 0.3814 0.9211
vn -0.0856 0.3815 0.9204
vn -0.0698 0.3891 0.9185
vn -0.0856 0.3814 0.9204
vn 0.0077 -0.3334 -0.9428
vn 0.0122 0.0350 -0.9993
vn 0.0080 -0.3099 -0.9507
vn 0.0132 0.1213 -0.9925
vn 0.0165 0.3881 -0.9215
vn 0.0168 0.4116 -0.9112
vn 0.0141 0.1918 -0.9813
vn 0.0139 0.1762 -0.9843
vn 0.0164 0.2153 -0.9764
vn 0.0122 0.0353 -0.9993
vn 0.0144 0.2156 -0.9764
vn 0.0132 0.1216 -0.9925
vn 0.0141 0.1921 -0.9813
vn 0.0072 -0.3727 -0.9279
vn 0.0077 -0.3334 -0.9427
vn 0.0073 -0.3727 -0.9279
vn 0.0165 0.3880 -0.9215
vn 0.0139 0.1764 -0.9842
vn 0.0083 -0.2864 -0.9581
vn 0.0130 0.1056 -0.9943
vn 0.0116 -0.0120 -0.9999
vn 0.0171 0.4351 -0.9002
vn 0.0149 0.2624 -0.9648
vn 0.0126 0.0665 -0.9977
vn 0.0148 0.2467 -0.9690
vn 0.0137 0.1605 -0.9869
vn 0.0144 0.2154 -0.9764
vn 0.0130 0.1059 -0.9943
vn 0.0137 0.1608 -0.9869
vn 0.0116 -0.0118 -0.9999
vn 0.0150 0.2627 -0.9648
vn 0.0170 0.4351 -0.9002
vn 0.0148 0.2470 -0.9689
vn 0.3290 0.9333 -0.1438
vn 0.2822 0.9574 -0.0609
vn 0.1567 0.9876 -0.0001
vn 0.1404 0.9901 -0.0001
vn 0.1096 0.9940 -0.0000
vn 0.8265 -0.0846 -0.5566
vn 0.4645 -0.8253 -0.3211
vn 0.6932 0.5680 -0.4436
vn 0.3853 -0.8871 -0.2541
vn 0.3836 0.9091 -0.1623
vn 0.2823 0.9574 -0.0609
vn 0.3679 0.9093 -0.1943
vn 0.3836 0.9091 -0.1624
vn 0.8264 -0.0844 -0.5567
vn 0.3679 0.9093 -0.1944
vn 0.6932 0.5681 -0.4436
vn 0.4646 -0.8253 -0.3211
vn 0.3853 -0.8871 -0.2542
vn -0.5905 0.7954 -0.1368
vn -0.6460 0.7489 -0.1476
vn -0.6457 0.7492 -0.1476
vn -0.5903 0.7955 -0.1367
vn -0.0146 0.4120 -0.9111
vn 0.0017 0.4511 -0.8925
vn 0.0016 0.4510 -0.8925
vn 0.0016 0.4588 -0.8886
vn -0.0066 0.4276 -0.9040
vn 0.0173 0.4587 -0.8884
vn 0.0178 0.4979 -0.8671
vn 0.0009 0.3962 -0.9182
vn 0.0178 0.4978 -0.8671
vn 0.0016 0.4588 -0.8885
vn 0.0179 0.5057 -0.8625
vn 0.0181 0.5214 -0.8531
vn 0.0180 0.5135 -0.8579
vn 0.0256 0.4978 -0.8669
vn 0.0256 0.4899 -0.8714
vn 0.0329 0.4506 -0.8921
vn 0.0257 0.4978 -0.8669
vn 0.0246 0.4115 -0.9111
vn 0.0173 0.4585 -0.8885
vn 0.0009 0.3961 -0.9182
vn 0.2041 0.9740 -0.0981
vn 0.3135 0.9492 -0.0273
vn 0.2276 0.9659 -0.1236
vn 0.2039 0.9741 -0.0981
vn 0.2273 0.9659 -0.1236
vn -0.0076 0.9923 -0.1235
vn 0.0709 0.9914 -0.1105
vn -0.0075 0.9923 -0.1235
vn 0.0708 0.9914 -0.1105
vn -0.0782 0.9853 -0.1517
vn -0.1332 0.9782 -0.1596
vn -0.1332 0.9781 -0.1596
vn -0.4787 0.3079 0.8223
vn -0.2511 0.9639 -0.0887
vn -0.1092 0.3819 0.9177
vn -0.4787 0.3079 0.8222
vn -0.2514 0.9679 -0.0003
vn -0.4786 0.3079 0.8223
vn -0.2501 0.9682 -0.0000
vn 0.1432 -0.8057 0.5747
vn 0.2142 -0.7674 0.6044
vn -0.1093 0.3817 0.9178
vn -0.1001 0.4838 0.8695
vn -0.1091 0.3819 0.9178
vn -0.3047 0.9525 -0.0001
vn -0.1091 0.3818 0.9178
vn -0.2501 0.9682 -0.0001
vn 0.2144 -0.7673 0.6044
vn -0.1090 0.3818 0.9178
vn 0.2390 -0.6735 0.6994
vn -0.1091 0.3816 0.9179
vn -0.1000 0.4836 0.8696
vn 0.2389 -0.6735 0.6995
vn -0.2502 0.9682 -0.0001
vn -0.1000 0.4837 0.8695
vn -0.4786 0.3080 0.8223
vn -0.2905 0.9487 -0.1250
vn -0.2511 0.9639 -0.0889
vn -0.4785 0.3080 0.8223
vn -0.9933 -0.0860 -0.0776
vn -0.2904 0.9487 -0.1250
vn -0.2335 0.9724 -0.0001
vn 0.1450 -0.6490 0.7469
vn -0.4788 0.3077 0.8222
vn 0.0650 -0.7813 0.6207
vn -0.9933 -0.0861 -0.0777
vn -0.9929 -0.0546 -0.1057
vn -0.1960 0.9789 -0.0576
vn -0.1947 0.9809 -0.0002
vn -0.2500 0.9682 -0.0001
vn -0.1881 0.9788 -0.0808
vn -0.1960 0.9789 -0.0578
vn -0.0928 0.4286 -0.8987
vn -0.0617 0.4125 -0.9089
vn -0.0770 0.4363 -0.8965
vn -0.1401 0.4135 -0.8997
vn -0.0929 0.4286 -0.8987
vn -0.1480 0.4057 -0.9019
vn -0.0771 0.4362 -0.8965
vn -0.1561 0.3902 -0.9074
vn -0.1482 0.3901 -0.9088
vn -0.1480 0.4058 -0.9019
vn -0.1167 0.3975 -0.9101
vn -0.1246 0.3976 -0.9091
vn -0.1482 0.3900 -0.9088
vn -0.0854 0.3971 -0.9138
vn -0.1167 0.3975 -0.9102
vn -0.0541 0.3889 -0.9197
vn -0.0463 0.3888 -0.9202
vn -0.0384 0.3887 -0.9206
vn -0.0462 0.3966 -0.9168
vn -0.0695 0.4126 -0.9082
vn -0.0618 0.4125 -0.9089
vn -0.0854 0.3972 -0.9138
vn -0.0695 0.4126 -0.9083
vn -0.0777 0.3814 -0.9212
vn -0.0698 0.3891 -0.9185
vn -0.0777 0.3814 -0.9211
vn -0.0856 0.3815 -0.9204
vn -0.0698 0.3891 -0.9186
vn -0.0856 0.3814 -0.9204
vn 0.0318 0.9995 -0.0000
vn 0.0864 0.9963 -0.0000
vn 0.0004 1.0000 -0.0000
vn -0.0875 -0.4264 -0.9003
vn -0.0374 0.4671 0.8834
vn -0.1035 -0.4498 -0.8871
vn -0.1684 -0.6294 -0.7586
vn -0.1035 -0.4499 -0.8871
vn -0.5530 -0.6481 0.5235
vn -0.0308 -0.9055 -0.4231
vn -0.0742 -0.6227 0.7789
vn -0.5530 -0.6481 0.5236
vn -0.0238 -0.9919 -0.1244
vn -0.0238 -0.9919 -0.1245
vn 0.0288 -0.5220 0.8524
vn -0.9929 -0.0545 -0.1056
vn 0.0693 -0.4362 -0.8972
vn 0.1556 -0.4293 -0.8897
vn 0.0542 -0.3889 -0.9197
vn 0.1556 -0.4294 -0.8896
vn 0.1327 -0.3742 -0.9178
vn 0.0541 -0.3889 -0.9197
vn 0.0540 -0.3889 -0.9197
vn -0.0475 -0.3563 -0.9332
vn 0.0691 -0.4362 -0.8972
vn -0.0173 -0.4586 -0.8885
vn -0.0173 -0.4587 -0.8884
vn 0.0056 -0.5060 -0.8625
vn 0.0760 -0.5147 -0.8540
vn -0.0702 -0.2853 -0.9559
vn 0.0540 -0.3888 -0.9197
vn 0.0216 -0.4827 -0.8755
vn 0.1100 0.9830 -0.1467
vn 0.1852 -0.5708 -0.7999
vn 0.0761 -0.5147 -0.8540
vn 0.0694 -0.4362 -0.8972
vn 0.1607 -0.6569 -0.7367
vn 0.1852 -0.5709 -0.7998
vn 0.1451 -0.6488 -0.7470
vn 0.0762 -0.5148 -0.8539
vn 0.1449 -0.6488 -0.7471
vn 0.0650 -0.7812 -0.6209
vn 0.0761 -0.5148 -0.8540
vn 0.0056 -0.5061 -0.8625
vn 0.1607 -0.6570 -0.7366
vn -0.4786 0.3077 -0.8224
vn 0.1451 -0.6487 -0.7470
vn -0.4786 0.3078 -0.8223
vn 0.1451 -0.6490 -0.7468
vn 0.1431 -0.8057 -0.5747
vn 0.0650 -0.7813 -0.6207
vn -0.0932 0.9956 -0.0000
vn 0.0002 1.0000 -0.0000
vn -0.1173 0.9931 -0.0000
vn -0.1797 0.9837 -0.0000
vn -0.1000 0.4835 -0.8696
vn 0.1322 0.8887 -0.4390
vn -0.1796 0.9837 0.0001
vn 0.0160 0.9999 0.0001
vn 0.1324 0.8886 -0.4392
vn 0.0786 0.9969 -0.0000
vn 0.1100 0.9831 -0.1466
vn -0.1444 -0.5903 0.7941
vn -0.0876 -0.4264 0.9003
vn -0.1035 -0.4498 0.8871
vn -0.0875 -0.4264 0.9003
vn -0.1035 -0.4499 0.8871
vn -0.1685 -0.6294 0.7586
vn -0.1444 -0.5904 0.7941
vn -0.1444 -0.5905 0.7940
vn -0.1684 -0.6294 0.7586
vn -0.0539 -0.8739 0.4832
vn -0.0306 -0.9055 0.4232
vn -0.0538 -0.8739 0.4832
vn -0.0306 -0.9056 0.4230
vn 0.0154 -0.9924 0.1222
vn 0.0152 -0.9924 0.1220
vn -0.0004 -0.9922 0.1245
vn -0.0238 -0.9920 -0.1243
vn -0.9933 -0.0858 -0.0777
vn -0.0159 -0.9920 0.1251
vn -0.9933 -0.0860 -0.0777
vn 0.0472 -0.9614 0.2710
vn -0.4786 0.3078 0.8223
vn 0.0471 -0.9614 0.2709
vn 0.0930 -0.4129 0.9060
vn 0.1556 -0.4294 0.8896
vn 0.0459 -0.4202 0.9063
vn 0.0693 -0.4362 0.8972
vn 0.0930 -0.4130 0.9060
vn -0.0168 -0.4116 0.9112
vn -0.0475 -0.3563 0.9332
vn -0.0701 -0.2855 0.9558
vn 0.0458 -0.4201 0.9063
vn 0.0692 -0.4362 0.8972
vn 0.0763 -0.5147 0.8540
vn 0.1852 -0.5708 0.7999
vn -0.0173 -0.4586 0.8885
vn 0.0691 -0.4362 0.8972
vn 0.0458 -0.4202 0.9063
vn -0.0702 -0.2853 0.9559
vn -0.0168 -0.4115 0.9112
vn -0.0173 -0.4587 0.8884
vn 0.0056 -0.5060 0.8625
vn 0.0760 -0.5147 0.8540
vn 0.0762 -0.5148 0.8539
vn 0.1852 -0.5710 0.7998
vn 0.1451 -0.6488 0.7470
vn 0.1607 -0.6569 0.7367
vn 0.0056 -0.5061 0.8625
vn 0.0761 -0.5148 0.8539
vn 0.0650 -0.7812 0.6209
vn 0.0761 -0.5147 0.8540
vn 0.1450 -0.6488 0.7471
vn 0.0650 -0.7811 0.6210
vn 0.1451 -0.6487 0.7470
vn 0.1607 -0.6568 0.7367
vn -0.4786 0.3077 0.8224
vn 0.1606 -0.6570 0.7366
vn -0.4787 0.3078 0.8223
vn -0.9929 -0.0544 -0.1058
vn 0.2400 -0.5871 0.7731
vn -0.1002 0.4834 0.8697
vn -0.2501 0.9682 0.0002
vn 0.2399 -0.5873 0.7730
vn -0.0155 0.9999 0.0001
vn -0.0154 0.9999 -0.0000
vn 0.0161 0.9999 0.0001
vn -0.0153 0.9999 -0.0001
vn 0.0161 0.9999 -0.0001
vn 0.0083 1.0000 -0.0000
vn 0.0941 0.9956 -0.0000
vn 0.0941 0.9956 -0.0001
vn 0.0942 0.9955 0.0001
vn 0.0787 0.9969 0.0001
vn 0.0709 0.9975 0.0001
vn 0.4851 0.8687 0.1006
vn 0.4929 0.8686 0.0510
vn 0.4995 0.8663 0.0001
vn 0.4903 0.8716 0.0001
vn 0.4689 0.8832 0.0001
vn 0.4658 0.8849 0.0001
vn 0.4377 0.8991 0.0001
vn 0.4347 0.9006 0.0001
vn 0.4283 0.9036 0.0001
vn 0.4377 0.8991 -0.0000
vn 0.4843 0.8749 0.0001
vn 0.4750 0.8800 -0.0000
vn 0.4227 0.9008 0.0992
vn 0.4689 0.8833 0.0001
vn 0.4657 0.8849 0.0002
vn 0.4995 0.8663 -0.0002
vn 0.4929 0.8686 -0.0509
vn 0.4995 0.8663 -0.0001
vn 0.4851 0.8687 -0.1005
vn 0.4851 0.8687 -0.1006
vn 0.4929 0.8686 -0.0510
vn 0.4903 0.8716 -0.0001
vn 0.4658 0.8849 -0.0001
vn 0.4689 0.8832 -0.0001
vn 0.4283 0.9036 -0.0001
vn 0.4347 0.9006 -0.0001
vn 0.4377 0.8991 -0.0001
vn 0.4843 0.8749 -0.0001
vn 0.4227 0.9008 -0.0992
vn 0.4347 0.9006 -0.0002
vn 0.4283 0.9036 -0.0002
vn 0.4689 0.8833 -0.0001
vn 0.4657 0.8849 -0.0001
vn -0.2573 0.9663 0.0001
vn -0.2811 0.9597 0.0002
vn -0.2811 0.9597 0.0001
vn -0.2904 0.9565 0.0273
vn -0.2882 0.9576 0.0001
vn -0.2573 0.9663 -0.0000
vn -0.2589 0.9640 -0.0606
vn -0.2739 0.9618 -0.0000
vn -0.2811 0.9597 -0.0000
vn 0.0250 0.4428 0.8963
vn 0.0255 0.4821 0.8758
vn 0.0254 0.4742 0.8800
vn 0.0172 0.4508 0.8925
vn 0.0018 0.4745 0.8802
vn 0.0015 0.4431 0.8965
vn -0.0071 0.3883 0.9215
vn 0.0008 0.3882 0.9216
vn -0.0619 0.3890 0.9192
vn -0.0537 0.4203 0.9058
vn -0.0614 0.4361 0.8978
vn -0.0699 0.3813 0.9218
vn -0.0619 0.3968 0.9158
vn -0.0615 0.4282 0.9016
vn -0.0460 0.4123 0.9099
vn -0.0383 0.3966 0.9172
vn -0.0540 0.3967 0.9163
vn -0.2573 0.9663 -0.0001
vn -0.2811 0.9597 -0.0001
vn -0.2904 0.9565 -0.0273
vn -0.2882 0.9576 -0.0001
vn -0.2589 0.9640 -0.0608
vn 0.0250 0.4428 -0.8963
vn 0.0255 0.4821 -0.8758
vn 0.0254 0.4742 -0.8800
vn 0.0172 0.4508 -0.8925
vn 0.0018 0.4745 -0.8803
vn 0.0015 0.4431 -0.8965
vn -0.0070 0.3883 -0.9215
vn 0.0008 0.3882 -0.9216
vn -0.0537 0.4203 -0.9058
vn -0.0619 0.3890 -0.9192
vn -0.0614 0.4361 -0.8978
vn -0.0699 0.3813 -0.9218
vn -0.0619 0.3968 -0.9158
vn -0.0615 0.4282 -0.9016
vn -0.0460 0.4123 -0.9099
vn -0.0383 0.3965 -0.9172
vn -0.0540 0.3967 -0.9164
vn -0.0617 0.4126 -0.9088
vn 0.4811 0.8767 0.0001
vn 0.4773 0.8766 0.0609
vn 0.4903 0.8716 0.0002
vn 0.4503 0.8929 0.0001
vn 0.4689 0.8832 -0.0000
vn 0.4658 0.8849 -0.0000
vn 0.4440 0.8960 -0.0000
vn 0.4219 0.9066 -0.0000
vn 0.4283 0.9036 -0.0000
vn 0.4773 0.8766 -0.0609
vn 0.4903 0.8716 -0.0002
vn 0.4811 0.8767 -0.0001
vn 0.4503 0.8929 -0.0001
vn 0.4289 0.9033 -0.0001
vn 0.4217 0.9068 -0.0000
vn 0.8497 -0.1084 -0.5160
vn 0.8731 -0.1243 -0.4715
vn 0.7357 0.1911 -0.6498
vn 0.7433 0.1675 -0.6477
vn 0.8263 -0.1002 -0.5543
vn 0.8426 -0.0456 -0.5365
vn 0.8590 0.0092 -0.5119
vn 0.8272 -0.0218 -0.5614
vn 0.8429 -0.0220 -0.5376
vn 0.8653 -0.1164 -0.4876
vn 1.0000 -0.0004 0.0001
vn 0.9888 -0.1491 -0.0000
vn 0.9851 -0.1720 -0.0000
vn 1.0000 -0.0004 -0.0001
vn 0.9963 0.0855 -0.0001
vn 0.9901 0.1403 -0.0000
vn 0.9866 0.1630 -0.0000
vn 0.9963 0.0855 0.0002
vn 0.8731 -0.1243 0.4715
vn 0.8497 -0.1084 0.5160
vn 0.7357 0.1911 0.6498
vn 0.7433 0.1675 0.6477
vn 0.8263 -0.1002 0.5543
vn 0.8426 -0.0455 0.5365
vn 0.8590 0.0092 0.5119
vn 0.8272 -0.0218 0.5614
vn 0.8429 -0.0220 0.5376
vn 0.8653 -0.1164 0.4875
vn 0.9963 0.0855 0.0001
vn -0.8777 0.3911 -0.2771
vn -0.8782 0.3440 -0.3322
vn -0.9093 0.3679 -0.1943
vn -0.8948 0.2736 -0.3529
vn -0.9510 0.1645 -0.2618
vn -0.9668 0.1568 -0.2018
vn -0.8773 0.4224 -0.2279
vn -0.8851 0.4225 -0.1950
vn -0.8853 0.4068 -0.2251
vn -0.9249 0.3760 0.0565
vn -0.9738 0.2275 -0.0000
vn -0.9012 0.3914 -0.1863
vn -0.8929 0.4304 -0.1322
vn -0.8606 0.5007 -0.0927
vn -0.8316 0.3121 -0.4595
vn -0.8539 0.4065 -0.3249
vn -0.9773 -0.0626 -0.2024
vn -0.9365 0.0702 -0.3437
vn -0.8644 0.1948 -0.4636
vn -0.8693 0.4302 -0.2433
vn -0.8772 0.4303 -0.2131
vn -0.8852 0.4147 -0.2107
vn -0.8519 0.5236 -0.0001
vn -0.8931 0.4148 -0.1743
vn -0.9826 0.1492 0.1109
vn -0.9089 0.4071 0.0906
vn -0.8846 0.4618 0.0647
vn -0.7967 0.5942 0.1110
vn -0.1569 0.9627 0.2202
vn -0.8782 0.3440 0.3322
vn -0.9093 0.3679 0.1944
vn -0.8777 0.3911 0.2771
vn -0.9668 0.1568 0.2018
vn -0.9510 0.1645 0.2618
vn -0.8948 0.2736 0.3529
vn -0.8853 0.4069 0.2251
vn -0.8851 0.4225 0.1950
vn -0.8773 0.4224 0.2279
vn -0.8929 0.4305 0.1322
vn -0.9012 0.3914 0.1863
vn -0.8316 0.3121 0.4595
vn -0.8539 0.4065 0.3249
vn -0.9773 -0.0626 0.2024
vn -0.9365 0.0702 0.3437
vn -0.8644 0.1948 0.4636
vn -0.8693 0.4302 0.2433
vn -0.8772 0.4303 0.2131
vn -0.8852 0.4147 0.2108
vn -0.8852 0.4147 0.2107
vn -0.9089 0.4071 -0.0908
vn -0.9826 0.1492 -0.1109
vn -0.8846 0.4618 -0.0647
vn -0.7967 0.5941 -0.1110
vn -0.8519 0.5236 -0.0000
vn -0.8931 0.4148 0.1743
vn -0.1569 0.9628 -0.2202
vt 0.723364 0.265530
vt 0.729998 0.261704
vt 0.744713 0.290973
vt 0.749628 0.285107
vt 0.715773 0.244757
vt 0.719545 0.233139
vt 0.649549 0.244550
vt 0.643898 0.222465
vt 0.773476 0.307568
vt 0.776092 0.300375
vt 0.806182 0.313319
vt 0.806182 0.305674
vt 0.838902 0.307568
vt 0.836280 0.300375
vt 0.867666 0.290973
vt 0.862743 0.285107
vt 0.711340 0.272485
vt 0.735795 0.301609
vt 0.703956 0.251144
vt 0.768730 0.320550
vt 0.806182 0.327122
vt 0.843649 0.320550
vt 0.876584 0.301609
vt 0.899267 0.272485
vt 0.883156 0.272516
vt 0.889022 0.265530
vt 0.904037 0.255998
vt 0.897319 0.243284
vt 0.900394 0.272546
vt 0.877274 0.302414
vt 0.844009 0.321547
vt 0.806182 0.328164
vt 0.768369 0.321547
vt 0.753301 0.313947
vt 0.735105 0.302414
vt 0.710420 0.273007
vt 0.702859 0.251712
vt 0.720182 0.315704
vt 0.652985 0.287822
vt 0.906506 0.272570
vt 0.914818 0.298573
vt 0.845060 0.324698
vt 0.846256 0.328303
vt 0.806182 0.333463
vt 0.763331 0.336347
vt 0.649941 0.332344
vt 0.643215 0.344920
vt 0.652832 0.318035
vt 0.650891 0.252578
vt 0.884736 0.311754
vt 0.919074 0.304017
vt 0.890479 0.318955
vt 0.909351 0.313748
vt 0.925209 0.307836
vt 0.882381 0.261704
vt 0.889252 0.241620
vt 0.873294 0.272539
vt 0.914465 0.224137
vt 0.891798 0.224137
vt 0.914511 0.243261
vt 0.891752 0.223025
vt 0.914465 0.223025
vt 0.928506 0.224137
vt 0.931734 0.243261
vt 0.928284 0.223025
vt 0.941258 0.224137
vt 0.945829 0.243261
vt 0.891752 0.211983
vt 0.914465 0.211983
vt 0.925707 0.211983
vt 0.937248 0.211983
vt 0.718357 0.221974
vt 0.716041 0.221974
vt 0.638293 0.209276
vt 0.711363 0.209253
vt 0.648422 0.244550
vt 0.390868 0.249687
vt 0.642755 0.222465
vt 0.398344 0.226913
vt 0.637165 0.209276
vt 0.404173 0.212243
vt 0.642065 0.344920
vt 0.373783 0.354221
vt 0.648798 0.332344
vt 0.371613 0.344252
vt 0.651681 0.318035
vt 0.371743 0.327773
vt 0.651850 0.287822
vt 0.378415 0.293581
vt 0.649741 0.252578
vt 0.387831 0.259825
vt 0.386696 0.259825
vt 0.380056 0.260078
vt 0.389748 0.249687
vt 0.376659 0.251167
vt 0.374335 0.261780
vt 0.369642 0.254564
vt 0.369274 0.264847
vt 0.364090 0.259702
vt 0.365179 0.269418
vt 0.360018 0.266420
vt 0.351929 0.305236
vt 0.347450 0.303381
vt 0.347573 0.324392
vt 0.340940 0.322413
vt 0.348861 0.326278
vt 0.342136 0.328303
vt 0.370616 0.327773
vt 0.377288 0.293581
vt 0.276887 0.326646
vt 0.312046 0.308909
vt 0.310251 0.306732
vt 0.334698 0.277615
vt 0.322682 0.265607
vt 0.301494 0.291042
vt 0.276503 0.325657
vt 0.271082 0.307613
vt 0.237886 0.332206
vt 0.236529 0.313365
vt 0.198839 0.325657
vt 0.201998 0.307613
vt 0.163611 0.306732
vt 0.171701 0.291042
vt 0.137286 0.277615
vt 0.149777 0.265607
vt 0.124771 0.241912
vt 0.139402 0.236452
vt 0.140675 0.220540
vt 0.122172 0.222450
vt 0.123675 0.242088
vt 0.136335 0.278152
vt 0.126788 0.270093
vt 0.162936 0.307537
vt 0.198525 0.326646
vt 0.228638 0.331799
vt 0.095118 0.284371
vt 0.093876 0.271994
vt 0.067635 0.273689
vt 0.063494 0.290130
vt 0.099105 0.311831
vt 0.057858 0.314684
vt 0.102871 0.332880
vt 0.059192 0.332880
vt 0.053073 0.314684
vt 0.167560 0.332627
vt 0.091736 0.244182
vt 0.066968 0.246168
vt 0.037943 0.296380
vt 0.036417 0.248499
vt 0.027760 0.290414
vt 0.049760 0.305942
vt 0.091138 0.225571
vt 0.067113 0.228094
vt 0.043204 0.230563
vt 0.316041 0.261788
vt 0.296288 0.285168
vt 0.268306 0.300428
vt 0.236506 0.305735
vt 0.204728 0.300428
vt 0.176923 0.285168
vt 0.156855 0.261788
vt 0.147416 0.233231
vt 0.148466 0.219781
vt 0.330312 0.239949
vt 0.322766 0.238630
vt 0.330028 0.227687
vt 0.322766 0.213133
vt 0.346400 0.234780
vt 0.342481 0.258130
vt 0.348608 0.258314
vt 0.359282 0.227603
vt 0.338149 0.280920
vt 0.403045 0.212259
vt 0.397217 0.226913
vt 0.255201 0.330473
vt 0.237924 0.333256
vt 0.236628 0.348432
vt 0.276496 0.347174
vt 0.324254 0.345778
vt 0.370493 0.344252
vt 0.326432 0.355740
vt 0.372656 0.354221
vt 0.278881 0.357120
vt 0.235923 0.358385
vt 0.169600 0.358845
vt 0.168549 0.348892
vt 0.109235 0.359091
vt 0.106582 0.349145
vt 0.063755 0.359091
vt 0.062789 0.349145
vt 0.367549 0.175113
vt 0.367549 0.169968
vt 0.326991 0.173327
vt 0.327022 0.166065
vt 0.290437 0.161709
vt 0.290337 0.171364
vt 0.233944 0.153566
vt 0.233737 0.167905
vt 0.176394 0.145023
vt 0.182222 0.163067
vt 0.139441 0.142301
vt 0.143405 0.158696
vt 0.407002 0.176325
vt 0.406573 0.172836
vt 0.412278 0.173465
vt 0.636905 0.181386
vt 0.589154 0.177468
vt 0.214904 0.149118
vt 0.208846 0.145230
vt 0.058778 0.362940
vt 0.012170 0.363584
vt 0.058011 0.351177
vt 0.009364 0.351353
vt 0.006542 0.335526
vt 0.054545 0.332298
vt 0.034539 0.310205
vt 0.003490 0.314983
vt 0.907219 0.272570
vt 0.916076 0.298266
vt 0.920117 0.303066
vt 0.907763 0.270016
vt 0.908270 0.270568
vt 0.911958 0.264027
vt 0.911322 0.267202
vt 0.935108 0.264027
vt 0.933774 0.266979
vt 0.947025 0.264027
vt 0.945207 0.266297
vt 0.924541 0.305006
vt 0.934648 0.255998
vt 0.946388 0.255998
vt 0.914427 0.246183
vt 0.910601 0.255998
vt 0.924541 0.246183
vt 0.937524 0.246183
vt 0.959785 0.173994
vt 0.959785 0.125937
vt 0.957285 0.166740
vt 0.957285 0.135215
vt 0.976088 0.170773
vt 0.971755 0.119557
vt 0.986455 0.167913
vt 0.986455 0.122409
vt 0.965613 0.113039
vt 0.965276 0.082879
vt 0.948911 0.083086
vt 0.948911 0.122854
vt 0.942056 0.123191
vt 0.942056 0.170904
vt 0.948911 0.170497
vt 0.942056 0.083432
vt 0.948911 0.047245
vt 0.942056 0.047467
vt 0.948911 0.001818
vt 0.942056 0.001818
vt 0.965276 0.047038
vt 0.965276 0.001818
vt 0.940116 0.169815
vt 0.940116 0.122264
vt 0.940116 0.082496
vt 0.940116 0.046900
vt 0.940116 0.001818
vt 0.322766 0.208808
vt 0.404173 0.208179
vt 0.637165 0.205211
vt 0.711801 0.205188
vt 0.322766 0.188771
vt 0.404173 0.188157
vt 0.637165 0.187766
vt 0.717237 0.187743
vt 0.326432 0.357634
vt 0.326432 0.361683
vt 0.278926 0.359006
vt 0.279003 0.363055
vt 0.372150 0.356092
vt 0.330519 0.365279
vt 0.331125 0.371176
vt 0.358048 0.400883
vt 0.321754 0.398728
vt 0.358891 0.406864
vt 0.363661 0.411404
vt 0.317145 0.402647
vt 0.314776 0.411250
vt 0.313012 0.403060
vt 0.299623 0.408482
vt 0.300781 0.401803
vt 0.233178 0.390546
vt 0.234995 0.383361
vt 0.193034 0.378139
vt 0.228523 0.377809
vt 0.169853 0.360724
vt 0.229482 0.367572
vt 0.236038 0.360264
vt 0.236299 0.364152
vt 0.147523 0.361069
vt 0.372503 0.414118
vt 0.362940 0.418880
vt 0.420238 0.417891
vt 0.419655 0.421840
vt 0.478608 0.417730
vt 0.479805 0.422062
vt 0.515938 0.413750
vt 0.517394 0.417515
vt 0.537240 0.406465
vt 0.539563 0.410575
vt 0.591301 0.379933
vt 0.593441 0.383806
vt 0.617857 0.364374
vt 0.621905 0.367687
vt 0.642640 0.344920
vt 0.651589 0.346860
vt 0.641498 0.344920
vt 0.621775 0.369159
vt 0.655447 0.348608
vt 0.595005 0.385324
vt 0.541228 0.412178
vt 0.518430 0.420184
vt 0.480464 0.424440
vt 0.419248 0.424624
vt 0.362534 0.421633
vt 0.314553 0.413988
vt 0.298964 0.410460
vt 0.232273 0.392471
vt 0.192597 0.380056
vt 0.140437 0.361376
vt 0.849515 0.170934
vt 0.856102 0.158581
vt 0.811879 0.174730
vt 0.818359 0.162223
vt 0.811143 0.176149
vt 0.848886 0.172107
vt 0.777748 0.176823
vt 0.784166 0.164255
vt 0.776958 0.178403
vt 0.741346 0.177836
vt 0.747596 0.165145
vt 0.740373 0.179822
vt 0.645378 0.178763
vt 0.662494 0.166939
vt 0.637871 0.181386
vt 0.872206 0.156219
vt 0.865703 0.168166
vt 0.864990 0.169485
vt 0.885725 0.153665
vt 0.879069 0.165674
vt 0.878517 0.166671
vt 0.877941 0.164547
vt 0.885157 0.151748
vt 0.885840 0.150560
vt 0.911352 0.106620
vt 0.886415 0.152477
vt 0.911927 0.108545
vt 0.921183 0.054768
vt 0.921766 0.055833
vt 0.924304 0.001818
vt 0.924879 0.001818
vt 0.589867 0.454798
vt 0.588717 0.481515
vt 0.605564 0.454798
vt 0.612420 0.481515
vt 0.557768 0.481515
vt 0.558903 0.454798
vt 0.469100 0.481515
vt 0.474099 0.454798
vt 0.948911 0.133390
vt 0.925868 0.255998
vt 0.938858 0.255998
vt 0.907779 0.133390
vt 0.919833 0.122839
vt 0.890157 0.166732
vt 0.896598 0.170497
vt 0.896338 0.126941
vt 0.873578 0.174500
vt 0.885817 0.181064
vt 0.867888 0.183610
vt 0.895586 0.169807
vt 0.918775 0.122264
vt 0.902610 0.104895
vt 0.930385 0.082496
vt 0.864070 0.185749
vt 0.900770 0.106084
vt 0.895103 0.125699
vt 0.899558 0.109289
vt 0.895540 0.121880
vt 0.866654 0.185573
vt 0.891307 0.126941
vt 0.861378 0.185749
vt 0.895310 0.087189
vt 0.901169 0.051578
vt 0.936404 0.046892
vt 0.904788 0.001818
vt 0.890318 0.104895
vt 0.889735 0.109289
vt 0.894083 0.121880
vt 0.900133 0.121604
vt 0.898677 0.121604
vt 0.904811 0.109059
vt 0.636422 0.178311
vt 0.645025 0.176325
vt 0.637395 0.178311
vt 0.648330 0.171164
vt 0.986455 0.121711
vt 0.972399 0.118859
vt 0.966265 0.112356
vt 0.965927 0.082879
vt 0.965927 0.047038
vt 0.965927 0.001818
vt 0.645447 0.346101
vt 0.651267 0.348608
vt 0.986455 0.082879
vt 0.986455 0.047038
vt 0.986455 0.001818
vt 0.892013 0.210472
vt 0.914719 0.210472
vt 0.926934 0.210472
vt 0.940070 0.210472
vt 0.987751 0.169838
vt 0.987751 0.122409
vt 0.987751 0.082879
vt 0.987751 0.047038
vt 0.987751 0.001818
vt 0.892542 0.199851
vt 0.913131 0.199851
vt 0.922801 0.199851
vt 0.933444 0.199851
vt 0.996815 0.164876
vt 0.989684 0.122831
vt 0.989684 0.082879
vt 0.989684 0.047038
vt 0.989684 0.001818
vt 0.996815 0.124579
vt 0.996838 0.082879
vt 0.996838 0.047038
vt 0.996838 0.001818
vt 0.986455 0.064230
vt 0.965927 0.064230
vt 0.965276 0.064230
vt 0.986455 0.060396
vt 0.965927 0.060396
vt 0.965276 0.060396
vt 0.986455 0.062321
vt 0.965276 0.062321
vt 0.904075 0.272570
vt 0.912188 0.298266
vt 0.916206 0.303066
vt 0.905118 0.270568
vt 0.921382 0.305006
vt 0.875250 0.164547
vt 0.882466 0.151748
vt 0.901452 0.087189
vt 0.907319 0.051578
vt 0.910930 0.001818
vt 0.883156 0.150560
vt 0.894988 0.109059
vt 0.550851 0.137079
vt 0.555038 0.072941
vt 0.531397 0.131987
vt 0.532432 0.070403
vt 0.498998 0.129157
vt 0.498998 0.068984
vt 0.446762 0.129311
vt 0.446762 0.068931
vt 0.398153 0.131542
vt 0.396443 0.070556
vt 0.357197 0.133590
vt 0.352343 0.072389
vt 0.556050 0.001818
vt 0.532677 0.001818
vt 0.498998 0.001818
vt 0.446762 0.001818
vt 0.395538 0.001818
vt 0.349804 0.001818
vt 0.176202 0.143735
vt 0.169539 0.099305
vt 0.139165 0.140629
vt 0.132332 0.099305
vt 0.165965 0.049231
vt 0.127793 0.049231
vt 0.165965 0.001818
vt 0.126282 0.001818
vt 0.201308 0.099305
vt 0.198149 0.049231
vt 0.197183 0.001818
vt 0.208608 0.143758
vt 0.663176 0.165735
vt 0.662632 0.165030
vt 0.661658 0.166939
vt 0.678451 0.129127
vt 0.677569 0.133061
vt 0.679977 0.125323
vt 0.688696 0.063256
vt 0.689532 0.063256
vt 0.690414 0.001818
vt 0.691250 0.001818
vt 0.218033 0.474153
vt 0.214153 0.478217
vt 0.216829 0.474506
vt 0.242771 0.470587
vt 0.240746 0.456455
vt 0.282162 0.464629
vt 0.282385 0.443825
vt 0.321248 0.463517
vt 0.321248 0.441678
vt 0.360095 0.443825
vt 0.360325 0.464629
vt 0.401749 0.456455
vt 0.399717 0.470587
vt 0.424447 0.474153
vt 0.428335 0.478217
vt 0.425667 0.474506
vt 0.216829 0.470281
vt 0.118690 0.158696
vt 0.120055 0.142301
vt 0.108691 0.143443
vt 0.108468 0.156019
vt 0.110202 0.168304
vt 0.103868 0.162560
vt 0.096322 0.178733
vt 0.098645 0.164263
vt 0.080794 0.181386
vt 0.086338 0.165405
vt 0.078416 0.164661
vt 0.073332 0.181900
vt 0.074276 0.158489
vt 0.065181 0.177414
vt 0.074690 0.125484
vt 0.066538 0.125484
vt 0.060082 0.167345
vt 0.060082 0.148949
vt 0.060043 0.126052
vt 0.066538 0.087580
vt 0.060043 0.088132
vt 0.074690 0.087580
vt 0.066538 0.049047
vt 0.060043 0.050036
vt 0.074690 0.049047
vt 0.066538 0.001818
vt 0.060043 0.001818
vt 0.074690 0.001818
vt 0.109941 0.001818
vt 0.125553 0.049231
vt 0.109941 0.049231
vt 0.123099 0.099305
vt 0.109741 0.100923
vt 0.120163 0.140629
vt 0.109005 0.125484
vt 0.108722 0.141695
vt 0.087350 0.088853
vt 0.087350 0.049085
vt 0.100033 0.049124
vt 0.100033 0.090118
vt 0.104059 0.091805
vt 0.104573 0.049193
vt 0.087350 0.001818
vt 0.100033 0.001818
vt 0.104611 0.001818
vt 0.108376 0.049231
vt 0.108407 0.001818
vt 0.108185 0.100079
vt 0.024317 0.168664
vt 0.024317 0.149624
vt 0.013604 0.144479
vt 0.009049 0.146557
vt 0.009019 0.166241
vt 0.018197 0.135415
vt 0.017507 0.124234
vt 0.024278 0.120699
vt 0.011787 0.115178
vt 0.024278 0.087626
vt 0.009164 0.114112
vt 0.008980 0.087020
vt 0.052283 0.049929
vt 0.019018 0.047720
vt 0.008980 0.047322
vt 0.052689 0.001818
vt 0.018811 0.001818
vt 0.008980 0.001818
vt 0.021786 0.043648
vt 0.021786 0.001818
vt 0.048725 0.001818
vt 0.048280 0.043733
vt 0.109933 0.049231
vt 0.109741 0.100079
vt 0.148466 0.218324
vt 0.122172 0.220993
vt 0.091138 0.224114
vt 0.066247 0.226636
vt 0.041494 0.229106
vt 0.007431 0.147684
vt 0.007761 0.167514
vt 0.007477 0.139617
vt 0.007723 0.087020
vt 0.007508 0.121413
vt 0.007723 0.047322
vt 0.007723 0.001818
vt 0.121834 0.211553
vt 0.148466 0.207888
vt 0.091805 0.215625
vt 0.068057 0.219007
vt 0.044990 0.222166
vt 0.001879 0.145268
vt 0.001933 0.138896
vt 0.001856 0.163902
vt 0.001818 0.087020
vt 0.001948 0.120684
vt 0.001818 0.047322
vt 0.001818 0.001818
vt 0.008167 0.121666
vt 0.011511 0.126995
vt 0.011925 0.133551
vt 0.009226 0.138881
vt 0.112970 0.139617
vt 0.119833 0.139617
vt 0.115025 0.138896
vt 0.121873 0.138896
vt 0.110217 0.121666
vt 0.117072 0.121666
vt 0.109665 0.126980
vt 0.116520 0.126980
vt 0.110439 0.133551
vt 0.117287 0.133551
vt 0.112218 0.138866
vt 0.119074 0.138866
vt 0.986455 0.003727
vt 0.965927 0.003727
vt 0.965276 0.003727
vt 0.715750 0.287822
vt 0.648537 0.315704
vt 0.658299 0.273007
vt 0.633707 0.302422
vt 0.901230 0.112226
vt 0.901897 0.111237
vt 0.425667 0.470281
vt 0.350295 0.145023
vt 0.313342 0.142301
vt 0.356115 0.163067
vt 0.317306 0.158696
vt 0.350103 0.143735
vt 0.343440 0.099305
vt 0.313066 0.140629
vt 0.306241 0.099305
vt 0.339851 0.049231
vt 0.301694 0.049231
vt 0.339859 0.001818
vt 0.300183 0.001818
vt 0.340449 0.107357
vt 0.309347 0.109895
vt 0.341162 0.084421
vt 0.310044 0.086959
vt 0.340449 0.110876
vt 0.309347 0.113422
vt 0.310044 0.083447
vt 0.341162 0.080909
vt 0.310044 0.084421
vt 0.341162 0.086959
vt 0.309347 0.107357
vt 0.340449 0.109895
vt 0.310044 0.080909
vt 0.341162 0.083447
vt 0.340449 0.113422
vt 0.309347 0.110876
vt 0.444485 0.491637
vt 0.444715 0.612934
vt 0.200748 0.491637
vt 0.200526 0.612934
vt 0.129104 0.570214
vt 0.125822 0.557952
vt 0.129104 0.545690
vt 0.138083 0.536711
vt 0.138083 0.579193
vt 0.150345 0.533429
vt 0.150345 0.582483
vt 0.162606 0.536711
vt 0.162606 0.579193
vt 0.171578 0.545690
vt 0.171578 0.570214
vt 0.174868 0.557952
vt 0.181386 0.557952
vt 0.177230 0.573480
vt 0.165865 0.584837
vt 0.150345 0.589001
vt 0.134824 0.584837
vt 0.123460 0.573480
vt 0.119296 0.557952
vt 0.123460 0.542439
vt 0.134824 0.531067
vt 0.150345 0.526918
vt 0.165865 0.531067
vt 0.177230 0.542439
vt 0.093738 0.638661
vt 0.004878 0.638661
vt 0.093738 0.558589
vt 0.004878 0.558589
vt 0.004878 0.751944
vt 0.093738 0.751944
vt 0.093738 0.517571
vt 0.004878 0.508775
vt 0.082028 0.507801
vt 0.093738 0.865228
vt 0.004878 0.865228
vt 0.093738 0.945300
vt 0.004878 0.945300
vt 0.093738 0.986317
vt 0.004878 0.995097
vt 0.082028 0.996086
vt 0.990044 0.956319
vt 0.990044 0.994108
vt 0.951664 0.956319
vt 0.951664 0.994108
vt 0.965038 0.946994
vt 0.970965 0.960138
vt 0.977989 1.006124
vt 0.609360 0.808582
vt 0.539050 0.773423
vt 0.539050 0.816404
vt 0.605457 0.738271
vt 0.550775 0.734368
vt 0.484375 0.816404
vt 0.484375 0.781237
vt 0.496092 0.738271
vt 0.964263 0.946895
vt 0.970751 0.958152
vt 0.490095 0.666412
vt 0.486085 0.683612
vt 0.515063 0.704332
vt 0.499113 0.660477
vt 0.512655 0.659932
vt 0.548949 0.704661
vt 0.532808 0.668459
vt 0.549525 0.667907
vt 0.581823 0.693282
vt 0.568189 0.657686
vt 0.581892 0.657134
vt 0.582007 0.685629
vt 0.596853 0.682953
vt 0.597076 0.671097
vt 0.549870 0.662171
vt 0.570858 0.650033
vt 0.586271 0.649373
vt 0.603364 0.670331
vt 0.603095 0.684417
vt 0.586401 0.687592
vt 0.586187 0.696702
vt 0.549218 0.710221
vt 0.511107 0.709822
vt 0.478493 0.685192
vt 0.483018 0.664748
vt 0.493163 0.653353
vt 0.508377 0.652701
vt 0.531052 0.662846
vt 0.893585 0.511015
vt 0.888309 0.482688
vt 0.900854 0.512027
vt 0.883348 0.482688
vt 0.889720 0.508499
vt 0.910647 0.512188
vt 0.907940 0.482688
vt 0.921789 0.512142
vt 0.933567 0.482688
vt 0.932923 0.512188
vt 0.942715 0.512027
vt 0.949333 0.482688
vt 0.946618 0.511597
vt 0.949970 0.511015
vt 0.956127 0.482688
vt 0.952515 0.509389
vt 0.953459 0.506897
vt 0.889283 0.506567
vt 0.882872 0.482688
vt 0.888876 0.502050
vt 0.956626 0.482688
vt 0.953436 0.504888
vt 0.953535 0.506015
vt 0.953727 0.503162
vt 0.953436 0.506728
vt 0.744467 0.482358
vt 0.740411 0.511812
vt 0.733103 0.512832
vt 0.749413 0.482358
vt 0.742903 0.509887
vt 0.722743 0.512901
vt 0.724821 0.482358
vt 0.710988 0.512816
vt 0.699202 0.482358
vt 0.699232 0.512487
vt 0.688934 0.512165
vt 0.683443 0.482358
vt 0.681503 0.511206
vt 0.676642 0.482358
vt 0.678014 0.509212
vt 0.742903 0.506682
vt 0.749897 0.482358
vt 0.742903 0.508108
vt 0.742903 0.503653
vt 0.678405 0.507863
vt 0.674732 0.482358
vt 0.678405 0.508852
vt 0.678405 0.506590
vt 0.746170 0.477450
vt 0.675767 0.477450
vt 0.751170 0.477450
vt 0.726340 0.477450
vt 0.700475 0.477450
vt 0.684555 0.477450
vt 0.677684 0.477450
vt 0.751653 0.477450
vt 0.886392 0.475718
vt 0.885924 0.475718
vt 0.891399 0.475718
vt 0.911222 0.475718
vt 0.937095 0.475718
vt 0.953014 0.475718
vt 0.959869 0.475718
vt 0.960375 0.475718
vt 0.773032 0.503500
vt 0.859231 0.503392
vt 0.879552 0.433021
vt 0.746576 0.433028
vt 0.671412 0.433028
vt 0.637733 0.487856
vt 0.635831 0.490402
vt 0.640118 0.497848
vt 0.648660 0.502242
vt 0.657440 0.504029
vt 0.668559 0.505685
vt 0.634750 0.487856
vt 0.636590 0.480571
vt 0.632020 0.467106
vt 0.633623 0.480571
vt 0.630448 0.451225
vt 0.629796 0.433028
vt 0.630448 0.414839
vt 0.632020 0.398958
vt 0.636590 0.385500
vt 0.637733 0.378215
vt 0.674732 0.383706
vt 0.635831 0.375654
vt 0.640118 0.368208
vt 0.648660 0.363814
vt 0.657440 0.362035
vt 0.668559 0.360379
vt 0.678405 0.359482
vt 0.634750 0.378215
vt 0.633623 0.385500
vt 0.749897 0.383706
vt 0.879552 0.433051
vt 0.882872 0.383376
vt 0.859231 0.362672
vt 0.773032 0.362572
vt 0.742903 0.362411
vt 0.888876 0.364014
vt 0.968228 0.433051
vt 0.956626 0.383376
vt 0.968228 0.380562
vt 0.964938 0.364297
vt 0.961349 0.362932
vt 0.953727 0.362909
vt 0.968864 0.367817
vt 0.976969 0.383936
vt 0.972231 0.383936
vt 0.968228 0.433021
vt 0.968228 0.485494
vt 0.964938 0.501759
vt 0.968864 0.498247
vt 0.976969 0.482121
vt 0.961349 0.503139
vt 0.972231 0.482121
vt 0.972093 0.491154
vt 0.981885 0.480334
vt 0.972093 0.486024
vt 0.978710 0.481476
vt 0.976134 0.482642
vt 0.983679 0.477726
vt 0.987513 0.465871
vt 0.990182 0.451455
vt 0.972093 0.433274
vt 0.991808 0.433274
vt 0.968235 0.432016
vt 0.951511 0.432016
vt 0.968519 0.466454
vt 0.951787 0.469797
vt 0.888309 0.383376
vt 0.893585 0.355057
vt 0.900854 0.354045
vt 0.883348 0.383376
vt 0.889720 0.357572
vt 0.910647 0.353884
vt 0.907940 0.383376
vt 0.921789 0.353922
vt 0.933567 0.383376
vt 0.932923 0.353884
vt 0.942715 0.354045
vt 0.949333 0.383376
vt 0.946618 0.354474
vt 0.949970 0.355057
vt 0.956127 0.383376
vt 0.952515 0.356675
vt 0.953459 0.359167
vt 0.889283 0.359489
vt 0.953436 0.361176
vt 0.953535 0.360041
vt 0.953436 0.359328
vt 0.740411 0.354260
vt 0.744467 0.383706
vt 0.733103 0.353240
vt 0.749413 0.383706
vt 0.742903 0.356184
vt 0.722743 0.353163
vt 0.724821 0.383706
vt 0.710988 0.353247
vt 0.699202 0.383706
vt 0.699232 0.353577
vt 0.688934 0.353907
vt 0.683443 0.383706
vt 0.681503 0.354865
vt 0.676642 0.383706
vt 0.678014 0.356844
vt 0.742903 0.359382
vt 0.742903 0.357956
vt 0.678405 0.358209
vt 0.678405 0.357220
vt 0.675767 0.389127
vt 0.746170 0.389127
vt 0.751170 0.389127
vt 0.726340 0.389127
vt 0.700475 0.389127
vt 0.684555 0.389127
vt 0.677684 0.389127
vt 0.751653 0.389127
vt 0.885924 0.390860
vt 0.886392 0.390860
vt 0.891399 0.390860
vt 0.911222 0.390860
vt 0.937095 0.390860
vt 0.953014 0.390860
vt 0.959869 0.390860
vt 0.960375 0.390860
vt 0.978710 0.385094
vt 0.981885 0.386244
vt 0.972093 0.380554
vt 0.972093 0.375424
vt 0.976134 0.383936
vt 0.983679 0.388851
vt 0.987513 0.400706
vt 0.990182 0.415115
vt 0.972093 0.433304
vt 0.991808 0.433304
vt 0.951787 0.394265
vt 0.951511 0.432047
vt 0.968519 0.397608
vt 0.968235 0.432047
vt 0.729775 0.468172
vt 0.769428 0.468172
vt 0.729775 0.464192
vt 0.769428 0.464192
vt 0.769428 0.470633
vt 0.729775 0.470633
vt 0.729775 0.460212
vt 0.769428 0.460212
vt 0.729775 0.457743
vt 0.769428 0.457743
vt 0.742988 0.396673
vt 0.739015 0.396673
vt 0.739015 0.387640
vt 0.735028 0.396673
vt 0.745457 0.396673
vt 0.732566 0.396673
vt 0.512195 0.549793
vt 0.486200 0.541304
vt 0.507579 0.567177
vt 0.495586 0.531136
vt 0.524787 0.537071
vt 0.559217 0.537071
vt 0.604552 0.531136
vt 0.542002 0.532417
vt 0.604843 0.535062
vt 0.571816 0.549793
vt 0.576417 0.567177
vt 0.592383 0.585504
vt 0.571816 0.584553
vt 0.582161 0.594898
vt 0.559217 0.597275
vt 0.565252 0.601761
vt 0.541557 0.606577
vt 0.542002 0.601929
vt 0.485686 0.603801
vt 0.539334 0.606577
vt 0.524787 0.597275
vt 0.512195 0.584553
vt 0.542002 0.567177
vt 0.570520 0.550192
vt 0.577759 0.545844
vt 0.574937 0.567292
vt 0.583288 0.567292
vt 0.562653 0.530132
vt 0.558489 0.537662
vt 0.570520 0.584408
vt 0.577759 0.588755
vt 0.558489 0.596937
vt 0.562653 0.604460
vt 0.542033 0.524388
vt 0.542033 0.533076
vt 0.542033 0.601515
vt 0.542033 0.610204
vt 0.525577 0.537662
vt 0.521397 0.530132
vt 0.506298 0.545844
vt 0.513537 0.550192
vt 0.500770 0.567292
vt 0.509121 0.567292
vt 0.506298 0.588755
vt 0.513537 0.584408
vt 0.521397 0.604460
vt 0.525577 0.596937
vt 0.566326 0.552707
vt 0.569999 0.550506
vt 0.570083 0.567292
vt 0.574332 0.567292
vt 0.558182 0.538198
vt 0.556058 0.542040
vt 0.566326 0.581885
vt 0.569999 0.584093
vt 0.556058 0.592559
vt 0.558182 0.596393
vt 0.542033 0.596462
vt 0.542033 0.600894
vt 0.528000 0.592559
vt 0.525883 0.596393
vt 0.542033 0.538130
vt 0.542033 0.533705
vt 0.525883 0.538198
vt 0.528000 0.542040
vt 0.514051 0.550506
vt 0.517747 0.552707
vt 0.509734 0.567292
vt 0.513982 0.567292
vt 0.514051 0.584093
vt 0.517747 0.581885
vt 0.542033 0.567292
vt 0.989384 0.957078
vt 0.989384 0.992414
vt 0.954386 0.957078
vt 0.954386 0.992414
vt 0.958803 0.992437
vt 0.963121 0.960636
vt 0.991923 0.960728
vt 0.990726 0.960613
vt 0.989384 0.957776
vt 0.989269 0.957231
vt 0.988924 0.960000
vt 0.981724 0.986056
vt 0.989384 0.955905
vt 0.970467 0.952692
vt 0.934311 0.950943
vt 0.960069 0.930983
vt 0.960675 0.964815
vt 0.987092 0.990688
vt 0.973036 0.956081
vt 0.981256 0.965981
vt 0.975536 1.006907
vt 0.959317 0.992575
vt 0.985857 0.983595
vt 0.988326 0.956955
vt 0.607903 0.088661
vt 0.639404 0.089213
vt 0.607221 0.148688
vt 0.637027 0.152231
vt 0.640225 0.058824
vt 0.608379 0.057605
vt 0.641107 0.019210
vt 0.618447 0.013044
vt 0.570344 0.145230
vt 0.570344 0.087059
vt 0.570344 0.056201
vt 0.593747 0.010207
vt 0.570344 0.008735
vt 0.573956 0.027353
vt 0.597574 0.110132
vt 0.569708 0.116865
vt 0.569960 0.128858
vt 0.571402 0.137968
vt 0.574063 0.143405
vt 0.587636 0.150943
vt 0.605848 0.150621
vt 0.617527 0.142577
vt 0.624007 0.127585
vt 0.638783 0.076147
vt 0.640417 0.009134
vt 0.636966 0.009103
vt 0.610679 0.072289
vt 0.605004 0.013834
vt 0.639711 0.021457
vt 0.640118 0.041808
vt 0.633814 0.136726
vt 0.630693 0.150245
vt 0.627925 0.151664
vt 0.619682 0.147308
vt 0.575336 0.078547
vt 0.570980 0.059368
vt 0.576210 0.017592
vt 0.571625 0.029378
vt 0.626675 0.133498
vt 0.625349 0.134740
vt 0.632388 0.081185
vt 0.637035 0.152231
vt 0.639420 0.089213
vt 0.607236 0.148688
vt 0.607919 0.088661
vt 0.640240 0.058824
vt 0.608394 0.057605
vt 0.641122 0.019210
vt 0.618470 0.013044
vt 0.593755 0.010207
vt 0.616400 0.060281
vt 0.636575 0.070725
vt 0.621898 0.022568
vt 0.639934 0.038242
vt 0.633492 0.099052
vt 0.611415 0.091621
vt 0.596738 0.011626
vt 0.597781 0.055780
vt 0.571118 0.009387
vt 0.571118 0.054622
vt 0.598670 0.089068
vt 0.571118 0.087910
vt 0.627526 0.151679
vt 0.600588 0.145468
vt 0.571118 0.143405
vt 0.640049 0.038242
vt 0.636697 0.070725
vt 0.622013 0.022568
vt 0.616507 0.060281
vt 0.633607 0.099052
vt 0.611523 0.091621
vt 0.596853 0.011626
vt 0.597896 0.055780
vt 0.598786 0.089068
vt 0.627641 0.151679
vt 0.600703 0.145468
vt 0.805545 0.233783
vt 0.853986 0.250761
vt 0.846540 0.257632
vt 0.760103 0.257632
vt 0.759865 0.254986
vt 0.769742 0.220893
vt 0.777855 0.214551
vt 0.791282 0.211975
vt 0.810077 0.210058
vt 0.811833 0.210058
vt 0.854384 0.208532
vt 0.807217 0.233346
vt 0.855159 0.233346
vt 0.848733 0.245677
vt 0.831188 0.254718
vt 0.807217 0.258030
vt 0.783261 0.254718
vt 0.765709 0.245677
vt 0.759290 0.233346
vt 0.765709 0.220993
vt 0.783261 0.211952
vt 0.807217 0.208647
vt 0.831188 0.211952
vt 0.848733 0.220993
vt 0.191945 0.470610
vt 0.194154 0.433925
vt 0.097411 0.465020
vt 0.099121 0.428650
vt 0.193985 0.409356
vt 0.181240 0.398099
vt 0.101958 0.393483
vt 0.186225 0.483194
vt 0.172828 0.490793
vt 0.135031 0.492657
vt 0.012324 0.462804
vt 0.010430 0.425299
vt 0.009624 0.389978
vt 0.097211 0.493538
vt 0.036141 0.493569
vt 0.017783 0.488838
vt 0.196953 0.433044
vt 0.194545 0.471960
vt 0.102035 0.390346
vt 0.183664 0.394994
vt 0.196784 0.407017
vt 0.188663 0.485464
vt 0.174776 0.493868
vt 0.140361 0.495870
vt 0.135967 0.495739
vt 0.034186 0.496706
vt 0.097004 0.496621
vt 0.007025 0.386689
vt 0.008382 0.424317
vt 0.011112 0.464138
vt 0.014417 0.485080
vt 0.016833 0.491706
vt 0.032100 0.496598
s 1
usemtl Material.006
f 3/1/1 2/2/2 1/3/3
f 2/2/2 4/4/3 1/3/3
f 2/2/2 3/1/1 5/5/4
f 5/5/4 6/6/5 2/2/2
f 5/5/4 7/7/6 6/6/5
f 7/7/6 8/8/7 6/6/5
f 1/3/3 4/4/3 9/9/8
f 4/4/3 10/10/8 9/9/8
f 9/9/8 10/10/8 11/11/9
f 10/10/8 12/12/9 11/11/9
f 11/11/9 12/12/9 13/13/8
f 12/12/9 14/14/8 13/13/8
f 13/13/8 14/14/8 15/15/10
f 14/14/8 16/16/10 15/15/10
f 5/5/4 3/1/1 17/17/11
f 17/17/11 3/1/1 18/18/12
f 3/1/1 19/3/13 18/18/12
f 20/19/14 5/5/4 17/17/11
f 18/18/12 19/3/13 21/20/15
f 19/3/13 22/9/16 21/20/15
f 21/20/15 22/9/16 23/21/17
f 22/9/16 24/11/18 23/21/17
f 23/21/17 24/11/18 25/22/19
f 24/11/18 26/13/20 25/22/19
f 25/22/19 26/13/20 27/23/21
f 26/13/20 28/15/22 27/23/21
f 29/24/23 27/23/21 28/15/22
f 30/25/24 29/24/23 28/15/22
f 31/26/25 29/24/23 30/25/24
f 29/24/23 31/26/25 32/27/26
f 31/26/25 33/28/27 32/27/26
f 29/24/23 34/29/28 27/23/21
f 34/29/28 29/24/23 32/27/26
f 34/29/28 35/30/29 27/23/21
f 27/23/21 35/30/29 25/22/19
f 35/30/29 36/31/30 25/22/19
f 25/22/19 36/31/30 23/21/17
f 36/31/30 37/32/31 23/21/17
f 23/21/17 37/32/31 21/20/15
f 37/32/31 38/33/32 21/20/15
f 21/20/15 38/33/32 39/34/33
f 39/34/33 18/18/12 21/20/15
f 39/34/33 40/35/34 18/18/12
f 18/18/12 40/35/34 17/17/11
f 40/35/34 41/36/35 17/17/11
f 20/19/14 17/17/11 41/36/35
f 42/37/36 20/19/14 41/36/35
f 40/35/34 43/38/37 41/36/35
f 39/34/33 43/38/37 40/35/34
f 43/38/37 44/39/38 41/36/35
f 42/37/36 41/36/35 44/39/38
f 35/30/29 34/29/28 45/40/39
f 46/41/40 35/30/29 45/40/39
f 47/42/41 36/31/30 35/30/29
f 37/32/31 36/31/30 47/42/41
f 37/32/31 47/42/41 48/43/42
f 48/43/42 49/44/43 37/32/31
f 39/34/33 38/33/32 50/38/44
f 38/33/32 51/45/45 50/38/44
f 49/44/43 51/45/45 37/32/31
f 51/45/45 38/33/32 37/32/31
f 52/46/46 50/38/44 51/45/45
f 53/47/47 52/46/46 51/45/45
f 43/38/37 54/48/48 44/39/38
f 55/49/49 42/37/36 44/39/38
f 56/48/50 50/38/44 52/46/46
f 48/43/42 47/42/41 57/50/51
f 57/50/51 47/42/41 35/30/29
f 57/50/51 35/30/29 46/41/40
f 58/51/52 57/50/51 46/41/40
f 59/52/53 57/50/51 58/51/52
f 59/52/53 48/43/42 57/50/51
f 60/53/54 59/52/53 58/51/52
f 61/54/55 60/53/54 58/51/52
f 63/26/56 62/55/57 33/28/58
f 62/55/57 64/56/59 33/28/58
f 65/57/60 62/55/57 63/26/56
f 66/25/61 65/57/60 63/26/56
f 65/57/60 66/25/61 16/16/10
f 66/25/61 15/15/10 16/16/10
f 67/58/62 33/28/58 64/56/59
f 68/59/63 67/58/62 64/56/59
f 69/60/64 33/28/58 67/58/62
f 68/59/63 70/61/65 67/58/62
f 70/61/65 71/62/66 67/58/62
f 67/58/62 72/63/67 69/60/64
f 72/63/67 73/64/68 69/60/64
f 71/62/66 74/65/69 67/58/62
f 74/65/69 72/63/67 67/58/62
f 72/63/67 75/66/70 73/64/68
f 74/65/69 75/66/70 72/63/67
f 75/66/70 76/67/71 73/64/68
f 70/61/65 77/68/72 71/62/66
f 77/68/72 78/69/73 71/62/66
f 71/62/66 78/69/73 74/65/69
f 78/69/73 79/70/74 74/65/69
f 74/65/69 79/70/74 75/66/70
f 79/70/74 80/71/75 75/66/70
f 82/72/76 6/6/5 81/73/76
f 6/6/5 8/8/7 81/73/76
f 8/8/7 83/74/77 81/73/76
f 83/74/77 84/75/76 81/73/76
f 87/37/78 86/49/79 85/7/80
f 85/7/80 88/19/80 87/37/78
f 85/7/80 89/5/81 88/19/80
f 92/76/82 91/77/82 90/78/83
f 91/77/82 93/79/84 90/78/83
f 90/78/83 93/79/84 94/80/85
f 93/79/84 95/81/72 94/80/85
f 98/82/86 97/83/87 96/84/88
f 97/83/87 99/85/89 96/84/88
f 96/84/88 99/85/89 100/86/90
f 99/85/89 101/87/90 100/86/90
f 104/86/91 103/87/91 102/88/9
f 103/87/91 105/89/9 102/88/9
f 102/88/9 105/89/9 106/90/92
f 105/89/9 107/91/8 106/90/92
f 110/90/93 109/91/94 108/76/93
f 109/91/94 111/77/93 108/76/93
f 114/92/95 113/93/96 112/94/97
f 113/93/96 115/95/98 112/94/97
f 113/93/96 116/96/99 115/95/98
f 116/96/99 117/97/100 115/95/98
f 116/96/99 118/98/101 117/97/100
f 118/98/101 119/99/101 117/97/100
f 118/98/101 120/100/102 119/99/101
f 120/100/102 121/101/103 119/99/101
f 120/100/102 122/102/104 121/101/103
f 122/102/104 123/103/105 121/101/103
f 122/102/104 124/104/106 123/103/105
f 124/104/106 125/105/107 123/103/105
f 126/106/108 124/104/106 122/102/104
f 124/104/106 127/107/109 125/105/107
f 127/107/109 124/104/106 126/106/108
f 128/108/110 127/107/109 126/106/108
f 126/106/108 129/109/111 128/108/110
f 126/106/108 122/102/104 129/109/111
f 129/109/111 122/102/104 130/100/112
f 130/100/112 131/92/113 129/109/111
f 130/100/112 132/98/114 131/92/113
f 132/98/114 133/96/115 131/92/113
f 133/96/115 134/93/116 131/92/113
f 136/105/117 127/107/109 135/110/118
f 135/110/118 137/111/119 136/105/117
f 138/112/120 137/111/119 135/110/118
f 138/112/120 139/113/121 137/111/119
f 139/113/121 138/112/120 140/114/122
f 138/112/120 141/115/123 140/114/122
f 138/112/120 142/116/124 141/115/123
f 142/116/124 138/112/120 135/110/118
f 142/116/124 143/117/125 141/115/123
f 142/116/124 144/118/126 143/117/125
f 144/118/126 145/119/127 143/117/125
f 144/118/126 146/120/128 145/119/127
f 146/120/128 147/121/129 145/119/127
f 146/120/128 148/122/130 147/121/129
f 148/122/130 149/123/131 147/121/129
f 148/122/130 150/124/132 149/123/131
f 150/124/132 151/125/133 149/123/131
f 150/124/132 152/126/134 151/125/133
f 152/126/134 153/127/135 151/125/133
f 154/128/136 153/127/135 152/126/134
f 154/128/136 152/126/134 155/129/137
f 152/126/134 156/130/138 155/129/137
f 156/130/138 152/126/134 150/124/132
f 157/131/139 156/130/138 150/124/132
f 150/124/132 148/122/130 157/131/139
f 158/132/140 156/130/138 157/131/139
f 148/122/130 159/133/141 157/131/139
f 148/122/130 146/120/128 159/133/141
f 146/120/128 160/134/142 159/133/141
f 146/120/128 144/118/126 160/134/142
f 144/118/126 161/135/143 160/134/142
f 158/132/140 157/131/139 162/136/144
f 163/137/145 158/132/140 162/136/144
f 158/132/140 163/137/145 156/130/138
f 164/138/146 163/137/145 162/136/144
f 165/139/147 164/138/146 162/136/144
f 165/139/147 162/136/144 166/140/148
f 167/141/149 165/139/147 166/140/148
f 166/140/148 168/142/150 167/141/149
f 168/142/150 169/143/151 167/141/149
f 167/141/149 169/143/151 170/144/152
f 165/139/147 167/141/149 170/144/152
f 159/133/141 160/134/142 171/145/153
f 160/134/142 161/135/143 171/145/153
f 163/137/145 164/138/146 172/146/154
f 163/137/145 172/146/154 156/130/138
f 164/138/146 173/147/155 172/146/154
f 164/138/146 165/139/147 174/148/156
f 174/148/156 173/147/155 164/138/146
f 173/147/155 174/148/156 175/149/157
f 174/148/156 176/150/158 175/149/157
f 165/139/147 177/151/159 174/148/156
f 177/151/159 165/139/147 170/144/152
f 156/130/138 172/146/154 155/129/137
f 172/146/154 178/152/160 155/129/137
f 178/152/160 172/146/154 173/147/155
f 173/147/155 175/149/157 179/153/161
f 179/153/161 178/152/160 173/147/155
f 175/149/157 180/154/162 179/153/161
f 183/114/163 182/115/3 181/155/164
f 182/115/3 184/156/3 181/155/164
f 182/115/3 185/117/165 184/156/3
f 185/117/165 186/157/166 184/156/3
f 185/117/165 187/119/167 186/157/166
f 187/119/167 188/158/168 186/157/166
f 187/119/167 189/121/169 188/158/168
f 189/121/169 190/159/169 188/158/168
f 189/121/169 191/123/170 190/159/169
f 191/123/170 192/160/170 190/159/169
f 191/123/170 193/125/171 192/160/170
f 193/125/171 194/161/171 192/160/170
f 193/125/171 195/127/172 194/161/171
f 195/127/172 196/162/173 194/161/171
f 195/127/172 197/128/174 196/162/173
f 197/128/174 198/163/174 196/162/173
f 183/114/163 181/155/164 199/164/175
f 181/155/164 200/165/176 199/164/175
f 199/164/175 200/165/176 201/166/177
f 200/165/176 202/167/178 201/166/177
f 199/164/175 201/166/177 203/168/179
f 204/169/180 199/164/175 203/168/179
f 140/114/122 199/164/175 204/169/180
f 139/113/121 140/114/122 204/169/180
f 205/170/181 204/169/180 203/168/179
f 204/169/180 205/170/181 139/113/121
f 206/171/182 205/170/181 203/168/179
f 206/171/182 201/166/177 202/167/178
f 206/171/182 203/168/179 201/166/177
f 205/170/181 207/172/183 139/113/121
f 139/113/121 207/172/183 137/111/119
f 206/171/182 202/167/178 208/173/184
f 209/174/83 206/171/182 208/173/184
f 206/171/182 209/174/83 210/94/185
f 211/95/186 206/171/182 210/94/185
f 211/95/186 212/97/187 206/171/182
f 205/170/181 206/171/182 213/99/188
f 206/171/182 212/97/187 213/99/188
f 213/99/188 214/101/189 205/170/181
f 207/172/183 205/170/181 214/101/189
f 215/103/190 137/111/119 207/172/183
f 207/172/183 214/101/189 215/103/190
f 137/111/119 215/103/190 136/105/117
f 144/118/126 142/116/124 216/175/191
f 142/116/124 135/110/118 216/175/191
f 216/175/191 217/176/192 144/118/126
f 135/110/118 127/107/109 216/175/191
f 217/176/192 216/175/191 218/177/193
f 216/175/191 219/178/194 218/177/193
f 216/175/191 220/107/195 219/178/194
f 220/107/195 221/179/196 219/178/194
f 221/179/196 220/107/195 222/180/197
f 223/181/198 221/179/196 222/180/197
f 224/182/199 223/181/198 222/180/197
f 220/107/195 225/108/195 222/180/197
f 223/181/198 226/183/200 221/179/196
f 226/183/200 219/178/194 221/179/196
f 226/183/200 227/184/201 219/178/194
f 227/184/201 218/177/193 219/178/194
f 227/184/201 228/185/202 218/177/193
f 228/185/202 229/186/203 218/177/193
f 217/176/192 218/177/193 161/135/143
f 218/177/193 229/186/203 161/135/143
f 230/145/204 161/135/143 229/186/203
f 228/185/202 231/187/205 229/186/203
f 231/187/205 232/188/206 229/186/203
f 231/187/205 233/189/207 232/188/206
f 233/189/207 234/190/208 232/188/206
f 232/188/206 234/190/208 235/142/209
f 234/190/208 236/143/210 235/142/209
f 161/135/143 144/118/126 217/176/192
f 239/191/211 238/192/211 237/193/212
f 238/192/211 240/194/212 237/193/212
f 240/194/212 241/195/213 237/193/212
f 241/195/213 242/196/213 237/193/212
f 241/195/213 243/197/214 242/196/213
f 243/197/214 244/198/215 242/196/213
f 243/197/214 245/199/214 244/198/215
f 245/199/214 246/200/214 244/198/215
f 245/199/214 247/201/214 246/200/214
f 247/201/214 248/202/214 246/200/214
f 239/191/211 249/203/216 238/192/211
f 249/203/216 250/204/217 238/192/211
f 249/203/216 251/205/218 250/204/217
f 249/203/216 252/206/219 251/205/218
f 252/206/219 253/207/220 251/205/218
f 243/197/214 254/208/214 245/199/214
f 254/208/214 255/209/221 245/199/214
f 258/210/222 257/211/223 256/212/204
f 257/211/223 259/213/209 256/212/204
f 262/213/150 261/214/148 260/212/153
f 261/214/148 263/215/141 260/212/153
f 264/216/224 263/215/141 261/214/148
f 265/217/144 264/216/224 261/214/148
f 268/40/225 267/218/226 266/41/227
f 267/218/226 269/219/228 266/41/227
f 266/41/227 269/219/228 270/51/229
f 269/219/228 271/220/230 270/51/229
f 268/40/225 272/221/231 267/218/226
f 272/221/231 273/222/232 267/218/226
f 272/221/231 274/223/233 273/222/232
f 274/223/233 275/224/234 273/222/232
f 274/223/233 276/225/235 275/224/234
f 276/225/235 277/226/236 275/224/234
f 276/225/235 278/227/237 277/226/236
f 278/227/237 279/228/238 277/226/236
f 270/51/229 271/220/230 280/54/239
f 271/220/230 281/229/240 280/54/239
f 34/29/28 32/27/26 45/40/39
f 32/27/26 282/221/241 45/40/39
f 283/223/242 282/221/241 32/27/26
f 32/27/26 284/230/243 283/223/242
f 284/230/243 285/225/244 283/223/242
f 284/230/243 286/231/245 285/225/244
f 286/231/245 287/227/245 285/225/244
f 33/28/27 288/232/246 32/27/26
f 288/232/246 289/233/247 32/27/26
f 292/28/248 291/60/249 290/232/250
f 291/60/249 293/64/251 290/232/250
f 293/64/251 294/234/252 290/232/250
f 293/64/251 295/67/253 294/234/252
f 295/67/253 296/235/254 294/234/252
f 299/236/255 298/237/256 297/238/257
f 301/237/256 300/239/256 297/238/257
f 304/240/258 303/241/259 302/236/260
f 303/241/259 305/237/261 302/236/260
f 304/240/258 306/242/262 303/241/259
f 306/242/262 307/243/263 303/241/259
f 303/241/259 308/244/264 305/237/261
f 308/244/264 309/245/265 305/237/261
f 309/245/265 310/246/266 305/237/261
f 310/246/266 311/247/267 305/237/261
f 311/247/267 310/246/266 312/248/268
f 311/247/267 312/248/268 313/249/269
f 314/250/269 311/247/267 313/249/269
f 310/246/266 315/251/266 312/248/268
f 310/246/266 316/252/270 315/251/266
f 316/252/270 317/253/271 315/251/266
f 316/252/270 318/254/272 317/253/271
f 318/254/272 319/255/273 317/253/271
f 309/245/265 320/256/274 310/246/266
f 320/256/274 316/252/270 310/246/266
f 320/256/274 321/257/275 316/252/270
f 321/257/275 318/254/272 316/252/270
f 324/249/276 323/248/277 322/258/278
f 323/248/277 325/259/277 322/258/278
f 323/248/277 326/251/279 325/259/277
f 326/251/279 327/260/280 325/259/277
f 326/251/279 328/253/281 327/260/280
f 328/253/281 329/261/281 327/260/280
f 328/253/281 330/255/282 329/261/281
f 330/255/282 331/262/282 329/261/281
f 334/167/283 333/263/283 332/173/284
f 333/263/283 335/264/285 332/173/284
f 332/173/284 335/264/285 336/81/286
f 335/264/285 337/265/287 336/81/286
f 337/265/287 338/80/288 336/81/286
f 337/265/287 339/74/289 338/80/288
f 337/265/287 340/266/290 339/74/289
f 340/266/290 341/75/290 339/74/289
f 344/263/291 343/267/291 342/264/291
f 343/267/291 345/268/291 342/264/291
f 345/268/291 346/269/292 342/264/291
f 346/269/292 347/265/292 342/264/291
f 346/269/292 348/270/293 347/265/292
f 348/270/293 349/266/294 347/265/292
f 348/270/293 350/72/295 349/266/294
f 350/72/295 351/73/296 349/266/294
f 354/73/297 353/75/297 352/266/297
f 357/271/298 356/272/299 355/273/300
f 356/272/299 358/274/300 355/273/300
f 357/271/298 359/275/301 356/272/299
f 359/275/301 360/276/302 356/272/299
f 361/277/303 360/276/302 359/275/301
f 362/278/304 361/277/303 359/275/301
f 363/279/305 361/277/303 362/278/304
f 364/280/209 363/279/305 362/278/304
f 364/280/209 365/281/306 363/279/305
f 365/281/306 366/282/307 363/279/305
f 365/281/306 367/283/308 366/282/307
f 367/283/308 368/284/309 366/282/307
f 367/283/308 369/285/310 368/284/309
f 369/285/310 370/286/311 368/284/309
f 369/285/310 371/287/312 370/286/311
f 371/287/312 372/288/312 370/286/311
f 371/287/312 373/289/313 372/288/312
f 373/289/313 374/290/314 372/288/312
f 374/290/314 373/289/313 375/291/315
f 376/292/316 374/290/314 375/291/315
f 376/292/316 375/291/315 377/293/317
f 378/294/318 376/292/316 377/293/317
f 378/294/318 377/293/317 355/273/300
f 358/274/300 378/294/318 355/273/300
f 373/289/313 379/295/319 375/291/315
f 365/281/306 380/296/320 367/283/308
f 380/296/320 381/297/321 367/283/308
f 380/296/320 382/298/322 381/297/321
f 382/298/322 383/299/323 381/297/321
f 382/298/322 384/300/324 383/299/323
f 384/300/324 385/301/324 383/299/323
f 384/300/324 386/302/325 385/301/324
f 386/302/325 387/303/325 385/301/324
f 386/302/325 388/304/326 387/303/325
f 388/304/326 389/305/326 387/303/325
f 388/304/326 390/306/327 389/305/326
f 390/306/327 391/307/327 389/305/326
f 390/306/327 392/308/328 391/307/327
f 392/308/328 393/309/329 391/307/327
f 393/309/329 392/308/328 394/310/330
f 395/311/331 393/309/329 394/310/330
f 392/308/328 396/312/332 394/310/330
f 399/309/333 398/311/334 397/313/335
f 398/311/334 400/314/334 397/313/335
f 399/309/333 397/313/335 401/315/336
f 402/307/337 399/309/333 401/315/336
f 402/307/337 401/315/336 403/316/338
f 404/305/339 402/307/337 403/316/338
f 404/305/339 403/316/338 405/317/340
f 406/303/340 404/305/339 405/317/340
f 406/303/340 405/317/340 407/318/341
f 408/301/342 406/303/340 407/318/341
f 408/301/342 407/318/341 409/319/343
f 410/299/343 408/301/342 409/319/343
f 410/299/343 409/319/343 411/320/344
f 412/297/344 410/299/343 411/320/344
f 412/297/344 411/320/344 413/321/345
f 414/283/345 412/297/344 413/321/345
f 414/283/345 413/321/345 415/322/346
f 416/285/347 414/283/345 415/322/346
f 416/285/347 415/322/346 417/323/348
f 418/287/349 416/285/347 417/323/348
f 418/287/349 417/323/348 419/324/350
f 420/289/350 418/287/349 419/324/350
f 420/289/350 419/324/350 421/325/351
f 422/295/351 420/289/350 421/325/351
f 425/326/352 424/327/353 423/328/354
f 424/327/353 426/329/355 423/328/354
f 423/328/354 427/330/356 425/326/352
f 427/330/356 428/331/357 425/326/352
f 423/328/354 426/329/355 429/332/358
f 426/329/355 430/333/359 429/332/358
f 429/332/358 431/334/360 423/328/354
f 431/334/360 427/330/356 423/328/354
f 429/332/358 430/333/359 432/335/361
f 430/333/359 433/336/362 432/335/361
f 432/335/361 434/337/363 429/332/358
f 434/337/363 431/334/360 429/332/358
f 432/335/361 433/336/362 435/338/364
f 433/336/362 436/339/365 435/338/364
f 435/338/364 437/340/366 432/335/361
f 437/340/366 434/337/363 432/335/361
f 438/341/367 424/327/353 425/326/352
f 439/342/368 438/341/367 425/326/352
f 425/326/352 428/331/357 439/342/368
f 428/331/357 440/343/369 439/342/368
f 441/344/370 438/341/367 439/342/368
f 442/345/371 441/344/370 439/342/368
f 439/342/368 440/343/369 442/345/371
f 440/343/369 443/346/55 442/345/371
f 446/347/372 445/348/373 444/344/374
f 444/344/374 447/345/375 446/347/372
f 447/345/375 448/346/376 446/347/372
f 451/349/377 450/350/378 449/351/377
f 450/350/378 452/352/379 449/351/377
f 450/350/380 454/353/381 453/352/382
f 454/353/381 455/354/383 453/352/382
f 454/353/381 456/355/384 455/354/383
f 456/355/384 457/356/384 455/354/383
f 460/357/385 459/358/386 458/359/387
f 459/358/386 461/360/387 458/359/387
f 462/361/388 459/358/386 460/357/385
f 463/362/389 462/361/388 460/357/385
f 464/363/390 462/361/388 463/362/389
f 465/364/391 464/363/390 463/362/389
f 468/365/392 467/239/392 466/247/392
f 467/239/392 469/237/393 466/247/392
f 472/366/394 471/230/394 470/233/394
f 475/230/395 474/27/394 473/233/395
f 477/231/396 475/230/396 476/366/396
f 478/367/396 477/231/396 476/366/396
f 481/368/394 480/369/394 479/370/396
f 480/369/394 482/371/396 479/370/396
f 485/372/255 484/373/397 483/374/398
f 484/373/397 486/375/399 483/374/398
f 483/374/398 487/376/400 485/372/255
f 487/376/400 488/377/401 485/372/255
f 489/378/401 485/372/255 488/377/401
f 490/379/402 489/378/401 488/377/401
f 484/373/397 491/380/403 486/375/399
f 485/372/255 489/378/401 492/381/404
f 493/382/405 485/372/255 492/381/404
f 492/381/404 494/383/406 493/382/405
f 494/383/406 495/384/407 493/382/405
f 486/375/399 491/380/403 496/385/408
f 486/375/399 496/385/408 483/374/398
f 485/372/255 497/386/409 484/373/397
f 497/386/409 498/387/410 484/373/397
f 484/373/397 498/387/410 491/380/403
f 489/378/401 490/379/402 499/388/411
f 500/389/412 499/388/411 490/379/402
f 501/390/412 500/389/412 490/379/402
f 502/391/412 500/389/412 501/390/412
f 503/262/412 502/391/412 501/390/412
f 504/392/413 489/378/401 499/388/411
f 505/381/414 489/378/401 504/392/413
f 506/383/415 505/381/414 504/392/413
f 504/392/413 507/393/415 506/383/415
f 509/394/87 497/386/409 508/382/416
f 508/382/416 510/384/417 509/394/87
f 497/386/409 485/372/255 508/382/416
f 510/384/417 511/395/8 509/394/87
f 511/395/8 512/396/8 509/394/87
f 515/383/418 514/397/419 513/384/420
f 514/397/419 516/395/421 513/384/420
f 519/206/422 518/398/422 517/207/422
f 522/82/423 521/47/423 520/312/423
f 521/47/423 523/310/423 520/312/423
f 526/338/424 525/399/425 524/340/426
f 525/399/425 527/400/426 524/340/426
f 528/401/427 525/399/425 526/338/424
f 529/339/427 528/401/427 526/338/424
f 532/243/428 531/402/428 530/241/429
f 531/402/428 533/403/430 530/241/429
f 530/241/429 533/403/430 534/244/431
f 533/403/430 535/404/432 534/244/431
f 534/244/431 535/404/432 536/245/433
f 535/404/432 537/405/434 536/245/433
f 536/245/433 537/405/434 538/256/434
f 537/405/434 539/406/434 538/256/434
f 538/256/434 539/406/434 540/257/435
f 539/406/434 541/407/436 540/257/435
f 544/408/437 543/311/437 542/409/437
f 547/314/438 546/409/438 545/311/438
f 550/243/439 549/410/440 548/402/441
f 549/410/440 551/410/441 548/402/441
f 549/410/440 552/411/440 551/410/441
f 552/411/440 553/411/410 551/410/441
f 552/411/440 554/412/440 553/411/410
f 554/412/440 555/412/441 553/411/410
f 555/412/441 554/412/440 556/411/410
f 554/412/440 557/411/440 556/411/410
f 556/411/410 557/411/440 558/410/441
f 557/411/440 559/410/440 558/410/441
f 558/410/441 559/410/440 560/402/441
f 559/410/440 561/243/439 560/402/441
f 564/68/442 563/413/443 562/69/444
f 563/413/443 565/414/444 562/69/444
f 562/69/444 565/414/444 566/70/445
f 565/414/444 567/415/446 566/70/445
f 566/70/445 567/415/446 568/71/447
f 567/415/446 569/416/448 568/71/447
f 572/242/449 571/417/450 570/243/451
f 571/417/450 573/418/452 570/243/451
f 570/243/451 573/418/452 574/410/453
f 573/418/452 575/419/454 574/410/453
f 574/410/453 575/419/454 576/411/455
f 575/419/454 577/420/456 576/411/455
f 576/411/455 577/420/456 578/412/455
f 577/420/456 579/421/456 578/412/455
f 582/413/457 581/422/457 580/414/458
f 581/422/457 583/423/459 580/414/458
f 580/414/458 583/423/459 584/415/460
f 583/423/459 585/424/461 584/415/460
f 584/415/460 585/424/461 586/416/462
f 585/424/461 587/425/463 586/416/462
f 590/426/464 589/427/465 588/417/466
f 589/427/465 591/418/467 588/417/466
f 591/418/467 589/427/465 592/419/468
f 589/427/465 593/428/469 592/419/468
f 592/419/468 593/428/469 594/420/470
f 593/428/469 595/429/471 594/420/470
f 594/420/470 595/429/471 596/421/472
f 595/429/471 597/430/473 596/421/472
f 589/427/465 598/431/474 593/428/469
f 598/431/474 599/432/475 593/428/469
f 593/428/469 599/432/475 595/429/471
f 599/432/475 600/433/476 595/429/471
f 595/429/471 600/433/476 597/430/473
f 600/433/476 601/434/477 597/430/473
f 602/431/478 589/427/465 590/426/464
f 605/435/479 604/435/480 603/436/481
f 604/435/480 606/437/479 603/436/481
f 609/438/482 608/439/483 607/438/484
f 608/439/483 610/440/482 607/438/484
f 613/435/485 612/441/486 611/437/485
f 612/441/486 614/442/487 611/437/485
f 614/442/487 612/441/486 615/438/488
f 616/440/489 614/442/487 615/438/488
f 613/435/485 617/441/485 611/437/485
f 618/442/485 611/437/485 617/441/485
f 616/440/489 619/442/489 615/438/489
f 620/441/489 615/438/489 619/442/489
f 623/218/490 622/443/491 621/219/492
f 622/443/491 624/444/493 621/219/492
f 621/219/492 624/444/493 625/220/494
f 624/444/493 626/445/495 625/220/494
f 627/446/496 622/443/491 623/218/490
f 628/222/497 627/446/496 623/218/490
f 625/220/494 626/445/495 629/229/498
f 626/445/495 630/447/499 629/229/498
f 633/347/498 632/448/500 631/348/501
f 632/448/500 634/449/501 631/348/501
f 637/450/502 636/350/503 635/397/503
f 636/350/503 637/450/502 638/353/502
f 637/450/502 639/451/502 638/353/502
f 638/353/502 639/451/502 640/355/502
f 639/451/502 641/452/502 640/355/502
f 635/397/503 636/350/503 642/395/501
f 642/395/501 636/350/503 643/453/501
f 636/350/503 644/349/501 643/453/501
f 637/450/502 635/397/503 645/454/502
f 642/395/501 643/453/501 646/396/501
f 649/393/504 648/454/505 647/383/504
f 648/454/505 650/397/505 647/383/504
f 653/455/506 652/456/507 651/457/508
f 652/456/507 654/458/509 651/457/508
f 651/457/508 654/458/509 655/459/510
f 654/458/509 656/460/411 655/459/510
f 655/459/510 656/460/411 657/461/214
f 656/460/411 658/462/214 657/461/214
f 657/461/214 658/462/214 659/463/511
f 658/462/214 660/464/511 659/463/511
f 659/463/511 660/464/511 661/465/512
f 660/464/511 662/466/513 661/465/512
f 652/456/507 663/467/514 654/458/509
f 663/467/514 664/468/509 654/458/509
f 654/458/509 664/468/509 656/460/411
f 664/468/509 665/469/515 656/460/411
f 656/460/411 665/469/515 658/462/214
f 665/469/515 666/470/221 658/462/214
f 658/462/214 666/470/221 660/464/511
f 666/470/221 667/471/516 660/464/511
f 660/464/511 667/471/516 662/466/513
f 667/471/516 668/472/513 662/466/513
f 671/473/517 670/474/518 669/475/519
f 670/474/518 672/476/518 669/475/519
f 670/474/518 673/477/520 672/476/518
f 673/477/520 674/478/521 672/476/518
f 673/477/520 675/479/520 674/478/521
f 675/479/520 676/480/521 674/478/521
f 670/474/518 677/481/519 673/477/520
f 677/481/519 678/482/518 673/477/520
f 673/477/520 678/482/518 675/479/520
f 678/482/518 679/483/518 675/479/520
f 671/473/517 680/484/214 670/474/518
f 680/484/214 677/481/519 670/474/518
f 683/485/522 682/486/523 681/339/524
f 682/486/523 684/487/525 681/339/524
f 685/488/526 682/486/523 683/485/522
f 686/489/527 685/488/526 683/485/522
f 687/490/528 685/488/526 686/489/527
f 688/491/529 685/488/526 687/490/528
f 689/492/529 688/491/529 687/490/528
f 690/493/529 688/491/529 689/492/529
f 691/494/529 690/493/529 689/492/529
f 694/495/530 693/496/531 692/497/532
f 695/498/533 693/496/531 694/495/530
f 696/499/534 695/498/533 694/495/530
f 697/500/535 695/498/533 696/499/534
f 698/501/536 697/500/535 696/499/534
f 699/502/537 697/500/535 698/501/536
f 700/503/537 699/502/537 698/501/536
f 699/502/537 700/503/537 701/504/536
f 702/505/535 699/502/537 701/504/536
f 702/505/535 701/504/536 703/506/534
f 704/507/533 702/505/535 703/506/534
f 704/507/533 703/506/534 705/508/538
f 706/509/531 704/507/533 705/508/538
f 706/509/531 705/508/538 707/510/532
f 710/497/539 709/496/539 708/511/539
f 713/512/540 712/513/541 711/514/542
f 711/514/542 714/515/543 713/512/540
f 714/515/543 715/516/544 713/512/540
f 715/516/544 714/515/543 716/517/545
f 717/518/546 715/516/544 716/517/545
f 718/519/547 717/518/546 716/517/545
f 719/520/548 717/518/546 718/519/547
f 720/521/549 719/520/548 718/519/547
f 719/520/548 720/521/549 721/522/550
f 722/523/551 719/520/548 721/522/550
f 721/522/550 723/524/552 722/523/551
f 724/525/553 722/523/551 723/524/552
f 723/524/552 725/526/554 724/525/553
f 725/526/554 726/527/555 724/525/553
f 724/525/553 726/527/555 727/528/556
f 727/528/556 726/527/555 728/529/557
f 726/527/555 729/530/558 728/529/557
f 726/527/555 730/531/559 729/530/558
f 730/531/559 731/532/560 729/530/558
f 725/526/554 732/533/561 726/527/555
f 732/533/561 730/531/559 726/527/555
f 730/531/559 733/534/559 731/532/560
f 733/534/559 734/535/560 731/532/560
f 732/533/561 735/536/561 730/531/559
f 735/536/561 733/534/559 730/531/559
f 733/534/559 736/537/562 734/535/560
f 736/537/562 737/538/563 734/535/560
f 735/536/561 738/539/561 733/534/559
f 738/539/561 736/537/562 733/534/559
f 741/480/564 740/540/564 739/541/565
f 740/540/564 742/542/565 739/541/565
f 739/541/565 742/542/565 743/543/566
f 742/542/565 744/544/567 743/543/566
f 745/545/568 743/543/566 744/544/567
f 746/546/569 745/545/568 744/544/567
f 747/547/568 745/545/568 746/546/569
f 750/548/570 749/549/571 748/533/572
f 749/549/571 751/536/572 748/533/572
f 752/550/573 749/549/571 750/548/570
f 753/551/574 752/550/573 750/548/570
f 752/550/573 753/551/574 754/552/575
f 755/553/576 752/550/573 754/552/575
f 749/549/571 756/554/571 751/536/572
f 756/554/571 757/539/577 751/536/572
f 752/550/573 758/555/578 749/549/571
f 758/555/578 756/554/571 749/549/571
f 755/553/576 759/556/579 752/550/573
f 759/556/579 758/555/578 752/550/573
f 755/553/576 760/557/580 759/556/579
f 760/557/580 761/558/581 759/556/579
f 754/552/575 762/559/582 755/553/576
f 762/559/582 760/557/580 755/553/576
f 765/528/583 764/529/584 763/560/585
f 764/529/584 766/561/586 763/560/585
f 767/562/587 763/560/585 766/561/586
f 767/562/587 768/563/588 763/560/585
f 768/563/588 769/564/589 763/560/585
f 770/565/590 767/562/587 766/561/586
f 771/566/591 770/565/590 766/561/586
f 771/566/591 766/561/586 772/567/592
f 773/568/593 771/566/591 772/567/592
f 772/567/592 774/569/594 773/568/593
f 764/529/584 775/530/595 766/561/586
f 775/530/595 772/567/592 766/561/586
f 775/530/595 776/532/596 772/567/592
f 776/532/596 774/569/594 772/567/592
f 773/568/593 774/569/594 777/570/597
f 774/569/594 778/571/598 777/570/597
f 774/569/594 776/532/596 779/535/599
f 774/569/594 779/535/599 780/572/599
f 780/572/599 781/573/600 774/569/594
f 778/571/598 774/569/594 781/573/600
f 782/574/601 778/571/598 781/573/600
f 779/535/599 783/538/602 780/572/599
f 783/538/602 784/575/602 780/572/599
f 781/573/600 785/576/603 782/574/601
f 785/576/603 786/577/603 782/574/601
f 789/578/604 788/579/605 787/573/604
f 788/579/605 790/576/606 787/573/604
f 793/580/607 792/581/608 791/575/609
f 792/581/608 794/572/608 791/575/609
f 797/581/610 796/580/611 795/578/612
f 796/580/611 798/579/613 795/578/612
f 801/578/614 800/573/615 799/581/616
f 800/573/615 802/572/616 799/581/616
f 805/542/617 804/582/617 803/544/617
f 804/582/617 806/583/617 803/544/617
f 807/540/617 804/582/617 805/542/617
f 810/540/617 809/540/617 808/542/618
f 809/540/617 810/540/617 811/542/619
f 814/128/620 813/584/621 812/163/621
f 815/585/622 813/584/621 814/128/620
f 816/129/623 815/585/622 814/128/620
f 817/586/624 815/585/622 816/129/623
f 818/152/624 817/586/624 816/129/623
f 819/587/625 817/586/624 818/152/624
f 820/153/626 819/587/625 818/152/624
f 821/588/627 819/587/625 820/153/626
f 822/154/628 821/588/627 820/153/626
f 825/563/629 824/589/630 823/564/631
f 824/589/630 826/590/632 823/564/631
f 827/591/633 824/589/630 825/563/629
f 830/571/634 829/592/562 828/570/635
f 829/592/562 831/593/636 828/570/635
f 832/594/637 829/592/562 830/571/634
f 833/574/637 832/594/637 830/571/634
f 834/595/637 832/594/637 833/574/637
f 835/577/637 834/595/637 833/574/637
f 838/585/638 837/596/639 836/584/640
f 837/596/639 839/597/641 836/584/640
f 840/598/642 837/596/639 838/585/638
f 841/586/643 840/598/642 838/585/638
f 842/599/644 840/598/642 841/586/643
f 843/587/645 842/599/644 841/586/643
f 844/600/646 842/599/644 843/587/645
f 845/588/647 844/600/646 843/587/645
f 848/589/648 847/601/649 846/590/650
f 849/602/651 847/601/649 848/589/648
f 850/591/652 849/602/651 848/589/648
f 847/601/653 852/603/654 851/590/655
f 855/592/656 854/604/657 853/593/658
f 854/604/657 856/605/659 853/593/658
f 857/606/660 854/604/657 855/592/656
f 858/594/660 857/606/660 855/592/656
f 859/607/661 857/606/660 858/594/660
f 860/595/661 859/607/661 858/594/660
f 863/568/662 862/608/663 861/566/664
f 862/608/663 864/609/664 861/566/664
f 861/566/664 864/609/664 865/565/665
f 864/609/664 866/610/666 865/565/665
f 865/565/665 866/610/666 867/562/667
f 866/610/666 868/611/667 867/562/667
f 867/562/667 868/611/667 869/563/668
f 868/611/667 870/591/669 869/563/668
f 871/593/670 862/608/663 863/568/662
f 872/570/671 871/593/670 863/568/662
f 875/612/672 874/613/673 873/614/674
f 874/613/673 876/615/674 873/614/674
f 879/605/675 878/605/675 877/593/676
f 877/593/175 881/608/677 880/608/678
f 884/605/675 883/608/677 882/593/679
f 887/616/680 886/617/681 885/618/682
f 886/617/681 888/619/682 885/618/682
f 885/618/682 888/619/682 889/620/499
f 888/619/682 890/621/683 889/620/499
f 889/620/499 890/621/683 891/622/684
f 890/621/683 892/623/685 891/622/684
f 891/622/684 892/623/685 893/612/686
f 892/623/685 894/613/687 893/612/686
f 897/608/688 896/605/688 895/602/688
f 895/602/688 898/609/688 897/608/688
f 895/602/688 899/610/688 898/609/688
f 895/602/688 900/611/688 899/610/688
f 895/602/688 901/591/688 900/611/688
f 904/431/689 903/427/689 902/431/689
f 907/624/479 906/624/480 905/625/481
f 906/624/480 908/626/479 905/625/481
f 911/624/485 910/412/486 909/626/485
f 910/412/486 912/257/690 909/626/485
f 911/624/485 913/412/691 909/626/692
f 914/257/485 909/626/692 913/412/691
f 917/624/482 916/625/483 915/624/484
f 916/625/483 918/626/482 915/624/484
f 921/624/488 920/626/488 919/412/486
f 920/626/488 922/257/486 919/412/486
f 921/624/488 920/626/693 923/412/694
f 924/257/488 923/412/694 920/626/693
f 927/435/479 926/435/479 925/436/479
f 930/438/482 929/439/482 928/438/482
f 933/4/695 932/2/696 931/3/695
f 932/2/696 934/1/697 931/3/695
f 935/5/698 934/1/697 932/2/696
f 932/2/696 936/6/699 935/5/698
f 936/6/699 937/7/700 935/5/698
f 936/6/699 938/8/701 937/7/700
f 933/4/695 931/3/695 939/9/702
f 940/10/702 933/4/695 939/9/702
f 940/10/702 939/9/702 941/11/703
f 942/12/703 940/10/702 941/11/703
f 942/12/703 941/11/703 943/13/702
f 944/14/702 942/12/703 943/13/702
f 944/14/702 943/13/702 945/15/704
f 946/16/704 944/14/702 945/15/704
f 934/1/697 935/5/698 947/17/705
f 934/1/697 947/17/705 948/18/706
f 949/3/707 934/1/697 948/18/706
f 935/5/698 950/19/708 947/17/705
f 949/3/707 948/18/706 951/20/709
f 952/9/710 949/3/707 951/20/709
f 952/9/710 951/20/709 953/21/711
f 954/11/712 952/9/710 953/21/711
f 954/11/712 953/21/711 955/22/713
f 956/13/714 954/11/712 955/22/713
f 956/13/714 955/22/713 957/23/715
f 958/15/716 956/13/714 957/23/715
f 957/23/715 959/24/717 958/15/716
f 959/24/717 960/25/718 958/15/716
f 959/24/717 961/26/719 960/25/718
f 961/26/719 959/24/717 962/27/720
f 963/28/721 961/26/719 962/27/720
f 964/29/722 959/24/717 957/23/715
f 959/24/717 964/29/722 962/27/720
f 965/30/723 964/29/722 957/23/715
f 965/30/723 957/23/715 955/22/713
f 966/31/724 965/30/723 955/22/713
f 966/31/724 955/22/713 953/21/711
f 967/32/725 966/31/724 953/21/711
f 967/32/725 953/21/711 951/20/709
f 968/33/726 967/32/725 951/20/709
f 969/34/727 968/33/726 951/20/709
f 951/20/709 948/18/706 969/34/727
f 948/18/706 970/35/728 969/34/727
f 970/35/728 948/18/706 947/17/705
f 971/36/729 970/35/728 947/17/705
f 947/17/705 950/19/708 971/36/729
f 950/19/708 972/37/730 971/36/729
f 964/29/722 965/30/723 973/40/731
f 962/27/720 964/29/722 973/40/731
f 965/30/723 974/41/732 973/40/731
f 966/31/724 975/42/733 965/30/723
f 975/42/733 966/31/724 967/32/725
f 975/42/733 976/50/734 965/30/723
f 965/30/723 976/50/734 974/41/732
f 977/43/735 975/42/733 967/32/725
f 975/42/733 977/43/735 976/50/734
f 967/32/725 978/44/736 977/43/735
f 968/33/726 969/34/727 979/38/737
f 980/45/738 968/33/726 979/38/737
f 968/33/726 980/45/738 967/32/725
f 980/45/738 978/44/736 967/32/725
f 979/38/737 981/46/739 980/45/738
f 981/46/739 982/47/740 980/45/738
f 971/36/729 972/37/730 983/39/741
f 972/37/730 984/49/742 983/39/741
f 979/38/737 985/48/743 981/46/739
f 976/50/734 986/51/744 974/41/732
f 976/50/734 987/52/745 986/51/744
f 977/43/735 987/52/745 976/50/734
f 987/52/745 988/53/746 986/51/744
f 988/53/746 989/54/747 986/51/744
f 991/48/748 990/38/749 983/39/741
f 990/38/749 969/34/727 970/35/728
f 993/56/750 992/55/751 963/28/752
f 992/55/751 994/26/751 963/28/752
f 992/55/751 995/57/753 994/26/751
f 995/57/753 996/25/754 994/26/751
f 996/25/754 995/57/753 946/16/704
f 945/15/704 996/25/754 946/16/704
f 963/28/752 997/58/755 993/56/750
f 997/58/755 998/59/756 993/56/750
f 963/28/752 999/60/757 997/58/755
f 1000/61/758 998/59/756 997/58/755
f 1001/62/759 1000/61/758 997/58/755
f 1002/63/760 997/58/755 999/60/757
f 1003/64/761 1002/63/760 999/60/757
f 1002/63/760 1004/65/762 997/58/755
f 1004/65/762 1001/62/759 997/58/755
f 1005/66/763 1002/63/760 1003/64/761
f 1005/66/763 1004/65/762 1002/63/760
f 1006/67/764 1005/66/763 1003/64/761
f 1007/68/765 1000/61/758 1001/62/759
f 1008/69/766 1007/68/765 1001/62/759
f 1008/69/766 1001/62/759 1004/65/762
f 1009/70/767 1008/69/766 1004/65/762
f 1009/70/767 1004/65/762 1005/66/763
f 1010/71/768 1009/70/767 1005/66/763
f 1013/627/741 1012/628/749 1011/629/769
f 1012/628/749 1014/630/770 1011/629/769
f 938/8/701 936/6/699 1015/73/771
f 936/6/699 1016/72/772 1015/73/771
f 1017/74/772 938/8/701 1015/73/771
f 1018/75/772 1017/74/772 1015/73/771
f 1021/7/773 1020/49/774 1019/37/774
f 1019/37/774 1022/19/773 1021/7/773
f 1022/19/773 1023/5/775 1021/7/773
f 1026/79/776 1025/77/777 1024/78/778
f 1025/77/777 1027/76/777 1024/78/778
f 1026/79/776 1024/78/778 1028/80/765
f 1029/81/765 1026/79/776 1028/80/765
f 1032/85/779 1031/83/780 1030/84/781
f 1031/83/780 1033/82/782 1030/84/781
f 1032/85/779 1030/84/781 1034/86/783
f 1035/87/783 1032/85/779 1034/86/783
f 1038/89/703 1037/87/784 1036/88/703
f 1037/87/784 1039/86/784 1036/88/703
f 1038/89/703 1036/88/703 1040/90/785
f 1041/91/702 1038/89/703 1040/90/785
f 1044/77/786 1043/91/786 1042/76/787
f 1043/91/786 1045/90/786 1042/76/787
f 1048/95/788 1047/93/789 1046/94/790
f 1047/93/789 1049/92/791 1046/94/790
f 1050/96/792 1047/93/789 1048/95/788
f 1051/97/793 1050/96/792 1048/95/788
f 1052/98/794 1050/96/792 1051/97/793
f 1053/99/794 1052/98/794 1051/97/793
f 1054/100/795 1052/98/794 1053/99/794
f 1055/101/796 1054/100/795 1053/99/794
f 1056/102/797 1054/100/795 1055/101/796
f 1057/103/798 1056/102/797 1055/101/796
f 1058/104/799 1056/102/797 1057/103/798
f 1059/105/800 1058/104/799 1057/103/798
f 1058/104/799 1060/106/801 1056/102/797
f 1061/107/802 1058/104/799 1059/105/800
f 1058/104/799 1061/107/802 1060/106/801
f 1060/106/801 1061/107/802 1062/108/803
f 1062/108/803 1063/109/804 1060/106/801
f 1063/109/804 1056/102/797 1060/106/801
f 1064/100/805 1056/102/797 1063/109/804
f 1063/109/804 1065/92/806 1064/100/805
f 1065/92/806 1066/98/807 1064/100/805
f 1065/92/806 1067/96/808 1066/98/807
f 1065/92/806 1068/93/809 1067/96/808
f 1070/110/810 1061/107/802 1069/105/811
f 1069/105/811 1071/111/812 1070/110/810
f 1071/111/812 1072/112/813 1070/110/810
f 1073/113/814 1072/112/813 1071/111/812
f 1072/112/813 1073/113/814 1074/114/815
f 1075/115/816 1072/112/813 1074/114/815
f 1076/116/817 1072/112/813 1075/115/816
f 1072/112/813 1076/116/817 1070/110/810
f 1077/117/818 1076/116/817 1075/115/816
f 1078/118/819 1076/116/817 1077/117/818
f 1079/119/820 1078/118/819 1077/117/818
f 1080/120/821 1078/118/819 1079/119/820
f 1081/121/822 1080/120/821 1079/119/820
f 1082/122/823 1080/120/821 1081/121/822
f 1083/123/824 1082/122/823 1081/121/822
f 1084/124/825 1082/122/823 1083/123/824
f 1085/125/826 1084/124/825 1083/123/824
f 1086/126/827 1084/124/825 1085/125/826
f 1087/127/828 1086/126/827 1085/125/826
f 1087/127/828 1088/128/829 1086/126/827
f 1086/126/827 1088/128/829 1089/129/830
f 1090/130/831 1086/126/827 1089/129/830
f 1086/126/827 1090/130/831 1084/124/825
f 1090/130/831 1091/131/832 1084/124/825
f 1082/122/823 1084/124/825 1091/131/832
f 1090/130/831 1092/132/833 1091/131/832
f 1093/133/834 1082/122/823 1091/131/832
f 1080/120/821 1082/122/823 1093/133/834
f 1094/134/835 1080/120/821 1093/133/834
f 1078/118/819 1080/120/821 1094/134/835
f 1095/135/836 1078/118/819 1094/134/835
f 1093/133/834 1091/131/832 1096/140/837
f 1093/133/834 1096/140/837 1097/145/838
f 1095/135/836 1094/134/835 1097/145/838
f 1094/134/835 1093/133/834 1097/145/838
f 1096/140/837 1098/142/839 1097/145/838
f 1098/142/839 1096/140/837 1099/141/840
f 1100/143/841 1098/142/839 1099/141/840
f 1100/143/841 1099/141/840 1101/144/842
f 1102/139/843 1099/141/840 1096/140/837
f 1099/141/840 1102/139/843 1101/144/842
f 1103/136/844 1102/139/843 1096/140/837
f 1091/131/832 1103/136/844 1096/140/837
f 1091/131/832 1092/132/833 1103/136/844
f 1104/138/845 1102/139/843 1103/136/844
f 1105/137/846 1104/138/845 1103/136/844
f 1092/132/833 1105/137/846 1103/136/844
f 1105/137/846 1092/132/833 1090/130/831
f 1106/146/847 1105/137/846 1090/130/831
f 1104/138/845 1105/137/846 1106/146/847
f 1107/147/848 1104/138/845 1106/146/847
f 1102/139/843 1104/138/845 1108/148/849
f 1107/147/848 1108/148/849 1104/138/845
f 1108/148/849 1107/147/848 1109/149/850
f 1110/150/851 1108/148/849 1109/149/850
f 1111/151/852 1102/139/843 1108/148/849
f 1102/139/843 1111/151/852 1101/144/842
f 1106/146/847 1090/130/831 1089/129/830
f 1112/152/853 1106/146/847 1089/129/830
f 1106/146/847 1112/152/853 1107/147/848
f 1109/149/850 1107/147/848 1113/153/854
f 1112/152/853 1113/153/854 1107/147/848
f 1114/154/855 1109/149/850 1113/153/854
f 1117/156/695 1116/115/695 1115/155/856
f 1116/115/695 1118/114/857 1115/155/856
f 1119/117/858 1116/115/695 1117/156/695
f 1120/157/859 1119/117/858 1117/156/695
f 1121/119/860 1119/117/858 1120/157/859
f 1122/158/861 1121/119/860 1120/157/859
f 1123/121/862 1121/119/860 1122/158/861
f 1124/159/862 1123/121/862 1122/158/861
f 1125/123/863 1123/121/862 1124/159/862
f 1126/160/863 1125/123/863 1124/159/862
f 1127/125/864 1125/123/863 1126/160/863
f 1128/161/864 1127/125/864 1126/160/863
f 1129/127/865 1127/125/864 1128/161/864
f 1130/162/866 1129/127/865 1128/161/864
f 1131/128/867 1129/127/865 1130/162/866
f 1132/163/867 1131/128/867 1130/162/866
f 1115/155/856 1118/114/857 1133/164/868
f 1134/165/869 1115/155/856 1133/164/868
f 1134/165/869 1133/164/868 1135/166/870
f 1136/167/871 1134/165/869 1135/166/870
f 1135/166/870 1133/164/868 1137/168/872
f 1133/164/868 1138/169/873 1137/168/872
f 1133/164/868 1074/114/815 1138/169/873
f 1074/114/815 1073/113/814 1138/169/873
f 1138/169/873 1139/170/874 1137/168/872
f 1139/170/874 1138/169/873 1073/113/814
f 1139/170/874 1140/171/875 1137/168/872
f 1135/166/870 1140/171/875 1136/167/871
f 1137/168/872 1140/171/875 1135/166/870
f 1141/172/876 1139/170/874 1073/113/814
f 1141/172/876 1073/113/814 1071/111/812
f 1136/167/871 1140/171/875 1142/173/877
f 1140/171/875 1143/174/778 1142/173/877
f 1143/174/778 1140/171/875 1144/94/878
f 1140/171/875 1145/95/879 1144/94/878
f 1146/97/880 1145/95/879 1140/171/875
f 1146/97/880 1140/171/875 1147/99/881
f 1140/171/875 1139/170/874 1147/99/881
f 1148/101/882 1147/99/881 1139/170/874
f 1148/101/882 1139/170/874 1141/172/876
f 1141/172/876 1071/111/812 1149/103/883
f 1149/103/883 1148/101/882 1141/172/876
f 1069/105/811 1149/103/883 1071/111/812
f 1070/110/810 1076/116/817 1150/175/884
f 1076/116/817 1078/118/819 1150/175/884
f 1151/176/885 1150/175/884 1078/118/819
f 1061/107/802 1070/110/810 1150/175/884
f 1150/175/884 1151/176/885 1152/177/886
f 1153/178/887 1150/175/884 1152/177/886
f 1154/107/888 1150/175/884 1153/178/887
f 1155/179/889 1154/107/888 1153/178/887
f 1154/107/888 1155/179/889 1156/180/890
f 1155/179/889 1157/181/891 1156/180/890
f 1157/181/891 1158/182/892 1156/180/890
f 1159/108/888 1154/107/888 1156/180/890
f 1153/178/887 1160/183/893 1155/179/889
f 1160/183/893 1157/181/891 1155/179/889
f 1152/177/886 1161/184/894 1153/178/887
f 1161/184/894 1160/183/893 1153/178/887
f 1162/185/895 1161/184/894 1152/177/886
f 1163/186/896 1162/185/895 1152/177/886
f 1163/186/896 1152/177/886 1095/135/836
f 1152/177/886 1151/176/885 1095/135/836
f 1078/118/819 1095/135/836 1151/176/885
f 1095/135/836 1164/145/897 1163/186/896
f 1165/187/898 1162/185/895 1163/186/896
f 1166/188/899 1165/187/898 1163/186/896
f 1166/188/899 1163/186/896 1164/145/897
f 1167/142/900 1166/188/899 1164/145/897
f 1168/189/901 1165/187/898 1166/188/899
f 1169/190/902 1168/189/901 1166/188/899
f 1169/190/902 1166/188/899 1167/142/900
f 1170/143/903 1169/190/902 1167/142/900
f 1173/194/904 1172/192/905 1171/193/904
f 1172/192/905 1174/191/905 1171/193/904
f 1175/195/906 1173/194/904 1171/193/904
f 1176/196/906 1175/195/906 1171/193/904
f 1177/197/907 1175/195/906 1176/196/906
f 1178/198/907 1177/197/907 1176/196/906
f 1179/199/907 1177/197/907 1178/198/907
f 1180/200/907 1179/199/907 1178/198/907
f 1181/201/907 1179/199/907 1180/200/907
f 1182/202/907 1181/201/907 1180/200/907
f 1183/203/908 1174/191/905 1172/192/905
f 1184/204/909 1183/203/908 1172/192/905
f 1185/205/910 1183/203/908 1184/204/909
f 1186/206/219 1183/203/908 1185/205/910
f 1187/207/911 1186/206/219 1185/205/910
f 1188/208/907 1177/197/907 1179/199/907
f 1189/209/907 1188/208/907 1179/199/907
f 1192/219/912 1191/218/913 1190/41/914
f 1191/218/913 1193/40/915 1190/41/914
f 1192/219/912 1190/41/914 1194/51/916
f 1195/220/917 1192/219/912 1194/51/916
f 1196/221/918 1193/40/915 1191/218/913
f 1197/222/919 1196/221/918 1191/218/913
f 1198/223/920 1196/221/918 1197/222/919
f 1199/224/921 1198/223/920 1197/222/919
f 1200/225/922 1198/223/920 1199/224/921
f 1201/226/923 1200/225/922 1199/224/921
f 1202/227/924 1200/225/922 1201/226/923
f 1203/228/925 1202/227/924 1201/226/923
f 1195/220/917 1194/51/916 1204/54/926
f 1205/229/927 1195/220/917 1204/54/926
f 1206/221/928 962/27/720 973/40/731
f 1206/221/928 1207/223/929 962/27/720
f 1208/230/930 962/27/720 1207/223/929
f 1209/225/930 1208/230/930 1207/223/929
f 1210/231/931 1208/230/930 1209/225/930
f 1211/227/932 1210/231/931 1209/225/930
f 1213/233/933 1212/232/934 962/27/720
f 1212/232/934 963/28/721 962/27/720
f 1216/60/935 1215/28/936 1214/232/937
f 1217/64/938 1216/60/935 1214/232/937
f 1218/234/939 1217/64/938 1214/232/937
f 1219/67/940 1217/64/938 1218/234/939
f 1220/235/941 1219/67/940 1218/234/939
f 1223/239/942 1222/237/943 1221/238/944
f 1225/237/942 1224/236/945 1221/238/946
f 1228/237/947 1227/241/948 1226/236/949
f 1227/241/948 1229/240/950 1226/236/949
f 1230/242/951 1229/240/950 1227/241/948
f 1231/243/952 1230/242/951 1227/241/948
f 1232/244/953 1227/241/948 1228/237/947
f 1233/245/954 1232/244/953 1228/237/947
f 1234/246/955 1233/245/954 1228/237/947
f 1235/247/956 1234/246/955 1228/237/947
f 1234/246/955 1235/247/956 1236/248/957
f 1236/248/957 1235/247/956 1237/249/958
f 1235/247/956 1238/250/958 1237/249/958
f 1239/251/959 1234/246/955 1236/248/957
f 1240/252/960 1234/246/955 1239/251/959
f 1241/253/961 1240/252/960 1239/251/959
f 1242/254/962 1240/252/960 1241/253/961
f 1243/255/963 1242/254/962 1241/253/961
f 1240/252/960 1244/256/964 1234/246/955
f 1244/256/964 1233/245/954 1234/246/955
f 1242/254/962 1245/257/965 1240/252/960
f 1245/257/965 1244/256/964 1240/252/960
f 1248/259/966 1247/248/966 1246/258/967
f 1247/248/966 1249/249/968 1246/258/967
f 1250/251/969 1247/248/966 1248/259/966
f 1251/260/970 1250/251/969 1248/259/966
f 1252/253/971 1250/251/969 1251/260/970
f 1253/261/971 1252/253/971 1251/260/970
f 1254/255/282 1252/253/971 1253/261/971
f 1255/262/282 1254/255/282 1253/261/971
f 1258/264/972 1257/263/973 1256/173/974
f 1257/263/973 1259/167/973 1256/173/974
f 1258/264/972 1256/173/974 1260/81/975
f 1261/265/976 1258/264/972 1260/81/975
f 1262/80/977 1261/265/976 1260/81/975
f 1263/74/978 1261/265/976 1262/80/977
f 1264/266/979 1261/265/976 1263/74/978
f 1265/75/980 1264/266/979 1263/74/978
f 1268/268/981 1267/267/981 1266/264/981
f 1267/267/981 1269/263/981 1266/264/981
f 1270/269/982 1268/268/981 1266/264/981
f 1271/265/982 1270/269/982 1266/264/981
f 1272/270/983 1270/269/982 1271/265/982
f 1273/266/984 1272/270/983 1271/265/982
f 1274/72/985 1272/270/983 1273/266/984
f 1275/73/986 1274/72/985 1273/266/984
f 1278/75/987 1277/73/987 1276/266/987
f 1281/274/988 1280/272/989 1279/273/988
f 1280/272/989 1282/271/989 1279/273/988
f 1283/275/990 1282/271/989 1280/272/989
f 1284/276/991 1283/275/990 1280/272/989
f 1284/276/991 1285/277/992 1283/275/990
f 1285/277/992 1286/278/993 1283/275/990
f 1285/277/992 1287/279/994 1286/278/993
f 1287/279/994 1288/280/900 1286/278/993
f 1289/281/995 1288/280/900 1287/279/994
f 1290/282/996 1289/281/995 1287/279/994
f 1291/283/997 1289/281/995 1290/282/996
f 1292/284/998 1291/283/997 1290/282/996
f 1293/285/999 1291/283/997 1292/284/998
f 1294/286/999 1293/285/999 1292/284/998
f 1295/287/1000 1293/285/999 1294/286/999
f 1296/288/1000 1295/287/1000 1294/286/999
f 1297/289/1001 1295/287/1000 1296/288/1000
f 1298/290/1002 1297/289/1001 1296/288/1000
f 1297/289/1001 1298/290/1002 1299/291/1003
f 1298/290/1002 1300/292/1004 1299/291/1003
f 1299/291/1003 1300/292/1004 1301/293/1005
f 1300/292/1004 1302/294/1006 1301/293/1005
f 1301/293/1005 1302/294/1006 1279/273/988
f 1302/294/1006 1281/274/988 1279/273/988
f 1303/295/1007 1297/289/1001 1299/291/1003
f 1305/297/1008 1304/296/1009 1291/283/997
f 1306/298/1010 1304/296/1009 1305/297/1008
f 1307/299/1011 1306/298/1010 1305/297/1008
f 1308/300/1012 1306/298/1010 1307/299/1011
f 1309/301/1013 1308/300/1012 1307/299/1011
f 1310/302/1014 1308/300/1012 1309/301/1013
f 1311/303/1014 1310/302/1014 1309/301/1013
f 1312/304/1015 1310/302/1014 1311/303/1014
f 1313/305/1015 1312/304/1015 1311/303/1014
f 1314/306/1016 1312/304/1015 1313/305/1015
f 1315/307/1017 1314/306/1016 1313/305/1015
f 1316/308/1018 1314/306/1016 1315/307/1017
f 1317/309/1019 1316/308/1018 1315/307/1017
f 1316/308/1018 1317/309/1019 1318/310/1020
f 1317/309/1019 1319/311/1021 1318/310/1020
f 1320/312/1022 1316/308/1018 1318/310/1020
f 1304/296/1009 1289/281/995 1291/283/997
f 1323/314/1023 1322/311/1024 1321/313/1025
f 1322/311/1024 1324/309/1026 1321/313/1025
f 1321/313/1025 1324/309/1026 1325/315/1027
f 1324/309/1026 1326/307/1028 1325/315/1027
f 1325/315/1027 1326/307/1028 1327/316/1029
f 1326/307/1028 1328/305/1030 1327/316/1029
f 1327/316/1029 1328/305/1030 1329/317/1031
f 1328/305/1030 1330/303/1031 1329/317/1031
f 1329/317/1031 1330/303/1031 1331/318/1032
f 1330/303/1031 1332/301/1032 1331/318/1032
f 1331/318/1032 1332/301/1032 1333/319/1033
f 1332/301/1032 1334/299/1033 1333/319/1033
f 1333/319/1033 1334/299/1033 1335/320/1034
f 1334/299/1033 1336/297/1034 1335/320/1034
f 1335/320/1034 1336/297/1034 1337/321/1035
f 1336/297/1034 1338/283/1035 1337/321/1035
f 1337/321/1035 1338/283/1035 1339/322/1036
f 1338/283/1035 1340/285/1037 1339/322/1036
f 1339/322/1036 1340/285/1037 1341/323/1038
f 1340/285/1037 1342/287/1039 1341/323/1038
f 1341/323/1038 1342/287/1039 1343/324/1040
f 1342/287/1039 1344/289/1040 1343/324/1040
f 1343/324/1040 1344/289/1040 1345/325/1041
f 1344/289/1040 1346/295/1041 1345/325/1041
f 1349/329/1042 1348/327/1043 1347/328/1044
f 1348/327/1043 1350/326/1045 1347/328/1044
f 1351/330/1046 1347/328/1044 1350/326/1045
f 1352/331/1047 1351/330/1046 1350/326/1045
f 1349/329/1042 1347/328/1044 1353/332/1048
f 1354/333/1049 1349/329/1042 1353/332/1048
f 1351/330/1046 1355/334/1050 1347/328/1044
f 1355/334/1050 1353/332/1048 1347/328/1044
f 1354/333/1049 1353/332/1048 1356/335/1051
f 1357/336/1052 1354/333/1049 1356/335/1051
f 1355/334/1050 1358/337/1053 1353/332/1048
f 1358/337/1053 1356/335/1051 1353/332/1048
f 1357/336/1052 1356/335/1051 1359/338/1054
f 1360/339/1055 1357/336/1052 1359/338/1054
f 1358/337/1053 1361/340/1056 1356/335/1051
f 1361/340/1056 1359/338/1054 1356/335/1051
f 1348/327/1043 1362/341/1057 1350/326/1045
f 1362/341/1057 1363/342/1058 1350/326/1045
f 1352/331/1047 1350/326/1045 1363/342/1058
f 1364/343/1059 1352/331/1047 1363/342/1058
f 1362/341/1057 1365/344/1060 1363/342/1058
f 1365/344/1060 1366/345/1061 1363/342/1058
f 1364/343/1059 1363/342/1058 1366/345/1061
f 1367/346/747 1364/343/1059 1366/345/1061
f 1370/347/1062 1369/346/1063 1368/345/1064
f 1368/345/1064 1371/344/1065 1370/347/1062
f 1371/344/1065 1372/348/1066 1370/347/1062
f 1374/631/1067 1373/632/1068 1375/352/1069
f 1378/352/1070 1377/350/1071 1376/351/1072
f 1377/350/1071 1379/349/1073 1376/351/1072
f 1381/353/1074 1377/350/1075 1380/352/1076
f 1382/354/1077 1381/353/1074 1380/352/1076
f 1383/355/384 1381/353/1074 1382/354/1077
f 1384/356/384 1383/355/384 1382/354/1077
f 1387/360/1078 1386/358/1079 1385/359/1080
f 1386/358/1079 1388/357/1081 1385/359/1080
f 1386/358/1079 1389/361/1082 1388/357/1081
f 1389/361/1082 1390/362/1083 1388/357/1081
f 1389/361/1082 1391/363/1084 1390/362/1083
f 1391/363/1084 1392/364/1085 1390/362/1083
f 1395/237/1086 1394/239/1086 1393/247/1086
f 1394/239/1086 1396/365/1087 1393/247/1086
f 1399/27/396 1398/230/396 1397/233/396
f 1398/230/396 1401/231/394 1400/366/396
f 1401/231/394 1402/367/396 1400/366/396
f 1405/230/396 1404/366/396 1403/233/396
f 1408/371/396 1407/369/394 1406/370/396
f 1407/369/394 1409/368/1088 1406/370/396
f 1412/375/1089 1411/373/1090 1410/374/1091
f 1411/373/1090 1413/372/945 1410/374/1091
f 1414/376/1092 1410/374/1091 1413/372/945
f 1415/377/401 1414/376/1092 1413/372/945
f 1413/372/945 1416/378/401 1415/377/401
f 1416/378/401 1417/379/402 1415/377/401
f 1418/380/1093 1411/373/1090 1412/375/1089
f 1416/378/401 1413/372/945 1419/381/1094
f 1413/372/945 1420/382/1095 1419/381/1094
f 1421/383/1096 1419/381/1094 1420/382/1095
f 1422/384/1097 1421/383/1096 1420/382/1095
f 1418/380/1093 1412/375/1089 1423/385/1098
f 1423/385/1098 1412/375/1089 1410/374/1091
f 1424/386/1099 1413/372/945 1411/373/1090
f 1425/387/441 1424/386/1099 1411/373/1090
f 1425/387/441 1411/373/1090 1418/380/1093
f 1417/379/402 1416/378/401 1426/388/411
f 1426/388/411 1427/389/412 1417/379/402
f 1427/389/412 1428/390/412 1417/379/402
f 1427/389/412 1429/391/412 1428/390/412
f 1429/391/412 1430/262/412 1428/390/412
f 1416/378/401 1431/392/442 1426/388/411
f 1431/392/442 1416/378/401 1432/381/1100
f 1431/392/442 1432/381/1100 1433/383/1101
f 1433/383/1101 1434/393/1101 1431/392/442
f 1436/382/1102 1424/386/1099 1435/394/782
f 1435/394/782 1437/384/1103 1436/382/1102
f 1436/382/1102 1413/372/945 1424/386/1099
f 1438/395/702 1437/384/1103 1435/394/782
f 1439/396/702 1438/395/702 1435/394/782
f 1442/395/1104 1441/397/1104 1440/384/1105
f 1441/397/1104 1443/383/1106 1440/384/1105
f 1446/398/422 1445/206/422 1444/207/422
f 1449/310/423 1448/47/423 1447/312/423
f 1448/47/423 1450/82/423 1447/312/423
f 1453/400/426 1452/399/1107 1451/340/426
f 1452/399/1107 1454/338/1108 1451/340/426
f 1452/399/1107 1455/401/1109 1454/338/1108
f 1455/401/1109 1456/339/1109 1454/338/1108
f 1459/403/1110 1458/402/1111 1457/241/1112
f 1458/402/1111 1460/243/1111 1457/241/1112
f 1459/403/1110 1457/241/1112 1461/244/1113
f 1462/404/1114 1459/403/1110 1461/244/1113
f 1462/404/1114 1461/244/1113 1463/245/1115
f 1464/405/435 1462/404/1114 1463/245/1115
f 1464/405/435 1463/245/1115 1465/256/436
f 1466/406/1115 1464/405/435 1465/256/436
f 1466/406/1115 1465/256/436 1467/257/436
f 1468/407/1115 1466/406/1115 1467/257/436
f 1471/311/1116 1470/408/1116 1469/409/1116
f 1474/409/1117 1473/314/1117 1472/311/1117
f 1477/414/1118 1476/413/1119 1475/69/1118
f 1476/413/1119 1478/68/413 1475/69/1118
f 1477/414/1118 1475/69/1118 1479/70/1120
f 1480/415/1121 1477/414/1118 1479/70/1120
f 1480/415/1121 1479/70/1120 1481/71/1122
f 1482/416/1123 1480/415/1121 1481/71/1122
f 1485/418/1124 1484/417/1125 1483/243/1126
f 1484/417/1125 1486/242/1127 1483/243/1126
f 1485/418/1124 1483/243/1126 1487/410/455
f 1488/419/1128 1485/418/1124 1487/410/455
f 1488/419/1128 1487/410/455 1489/411/455
f 1490/420/456 1488/419/1128 1489/411/455
f 1490/420/456 1489/411/455 1491/412/455
f 1492/421/456 1490/420/456 1491/412/455
f 1495/423/1129 1494/422/1130 1493/414/1131
f 1494/422/1130 1496/413/1130 1493/414/1131
f 1495/423/1129 1493/414/1131 1497/415/1132
f 1498/424/1133 1495/423/1129 1497/415/1132
f 1498/424/1133 1497/415/1132 1499/416/1134
f 1500/425/1135 1498/424/1133 1499/416/1134
f 1503/418/1136 1502/427/1137 1501/417/1138
f 1502/427/1137 1504/426/1139 1501/417/1138
f 1502/427/1137 1503/418/1136 1505/419/1140
f 1506/428/1141 1502/427/1137 1505/419/1140
f 1506/428/1141 1505/419/1140 1507/420/1142
f 1508/429/1143 1506/428/1141 1507/420/1142
f 1508/429/1143 1507/420/1142 1509/421/1144
f 1510/430/473 1508/429/1143 1509/421/1144
f 1511/431/1145 1502/427/1137 1506/428/1141
f 1512/432/1146 1511/431/1145 1506/428/1141
f 1512/432/1146 1506/428/1141 1508/429/1143
f 1513/433/1147 1512/432/1146 1508/429/1143
f 1513/433/1147 1508/429/1143 1510/430/473
f 1514/434/1148 1513/433/1147 1510/430/473
f 1502/427/1137 1515/431/1149 1504/426/1139
f 1518/437/482 1517/435/484 1516/436/483
f 1517/435/484 1519/435/482 1516/436/483
f 1522/440/479 1521/439/481 1520/438/480
f 1521/439/481 1523/438/479 1520/438/480
f 1526/442/486 1525/441/486 1524/437/488
f 1525/441/486 1527/435/488 1524/437/488
f 1525/441/486 1526/442/486 1528/438/1150
f 1526/442/486 1529/440/1150 1528/438/1150
f 1530/441/488 1527/435/488 1524/437/488
f 1524/437/488 1531/442/488 1530/441/488
f 1532/442/1150 1529/440/1150 1528/438/1150
f 1528/438/1150 1533/441/1150 1532/442/1150
f 1536/444/1151 1535/443/1152 1534/219/1153
f 1535/443/1152 1537/218/1154 1534/219/1153
f 1536/444/1151 1534/219/1153 1538/220/1155
f 1539/445/1156 1536/444/1151 1538/220/1155
f 1535/443/1152 1540/446/1157 1537/218/1154
f 1540/446/1157 1541/222/1157 1537/218/1154
f 1539/445/1156 1538/220/1155 1542/229/1158
f 1543/447/1159 1539/445/1156 1542/229/1158
f 1546/449/1160 1545/448/1161 1544/348/1160
f 1545/448/1161 1547/347/1162 1544/348/1160
f 1550/350/1163 1549/450/1164 1548/397/1163
f 1549/450/1164 1550/350/1163 1551/353/1164
f 1552/451/1164 1549/450/1164 1551/353/1164
f 1552/451/1164 1551/353/1164 1553/355/502
f 1554/452/502 1552/451/1164 1553/355/502
f 1550/350/1163 1548/397/1163 1555/395/1160
f 1550/350/1163 1555/395/1160 1556/453/1160
f 1557/349/1160 1550/350/1163 1556/453/1160
f 1548/397/1163 1549/450/1164 1558/454/1164
f 1556/453/1160 1555/395/1160 1559/396/1160
f 1562/397/1165 1561/454/1165 1560/383/1166
f 1561/454/1165 1563/393/1166 1560/383/1166
f 1566/458/509 1565/456/507 1564/457/508
f 1565/456/507 1567/455/1167 1564/457/508
f 1566/458/509 1564/457/508 1568/459/1168
f 1569/460/411 1566/458/509 1568/459/1168
f 1569/460/411 1568/459/1168 1570/461/907
f 1571/462/221 1569/460/411 1570/461/907
f 1571/462/221 1570/461/907 1572/463/1169
f 1573/464/516 1571/462/221 1572/463/1169
f 1573/464/516 1572/463/1169 1574/465/1170
f 1575/466/1171 1573/464/516 1574/465/1170
f 1576/467/514 1565/456/507 1566/458/509
f 1577/468/509 1576/467/514 1566/458/509
f 1577/468/509 1566/458/509 1569/460/411
f 1578/469/515 1577/468/509 1569/460/411
f 1578/469/515 1569/460/411 1571/462/221
f 1579/470/221 1578/469/515 1571/462/221
f 1579/470/221 1571/462/221 1573/464/516
f 1580/471/516 1579/470/221 1573/464/516
f 1580/471/516 1573/464/516 1575/466/1171
f 1581/472/513 1580/471/516 1575/466/1171
f 1584/476/518 1583/474/518 1582/475/1172
f 1583/474/518 1585/473/1172 1582/475/1172
f 1586/477/520 1583/474/518 1584/476/518
f 1587/478/521 1586/477/520 1584/476/518
f 1588/479/520 1586/477/520 1587/478/521
f 1589/480/521 1588/479/520 1587/478/521
f 1590/481/1172 1583/474/518 1586/477/520
f 1591/482/518 1590/481/1172 1586/477/520
f 1591/482/518 1586/477/520 1588/479/520
f 1592/483/518 1591/482/518 1588/479/520
f 1590/481/1172 1593/484/907 1583/474/518
f 1593/484/907 1585/473/1172 1583/474/518
f 1596/487/1173 1595/486/1174 1594/339/1175
f 1595/486/1174 1597/485/1176 1594/339/1175
f 1595/486/1174 1598/488/1177 1597/485/1176
f 1598/488/1177 1599/489/1178 1597/485/1176
f 1598/488/1177 1600/490/1179 1599/489/1178
f 1598/488/1177 1601/491/1180 1600/490/1179
f 1601/491/1180 1602/492/1180 1600/490/1179
f 1601/491/1180 1603/493/1181 1602/492/1180
f 1603/493/1181 1604/494/1181 1602/492/1180
f 1607/509/1182 1606/510/1182 1605/633/1182
f 1610/512/1183 1609/516/1184 1608/515/1185
f 1608/515/1185 1611/513/1183 1610/512/1183
f 1608/515/1185 1612/514/1186 1611/513/1183
f 1608/515/1185 1609/516/1184 1613/517/1187
f 1609/516/1184 1614/518/1188 1613/517/1187
f 1614/518/1188 1615/519/1189 1613/517/1187
f 1614/518/1188 1616/520/1190 1615/519/1189
f 1616/520/1190 1617/521/1191 1615/519/1189
f 1617/521/1191 1616/520/1190 1618/522/1192
f 1616/520/1190 1619/523/1193 1618/522/1192
f 1620/524/1194 1618/522/1192 1619/523/1193
f 1620/524/1194 1619/523/1193 1621/525/1195
f 1621/525/1195 1622/526/1196 1620/524/1194
f 1621/525/1195 1623/527/1197 1622/526/1196
f 1623/527/1197 1621/525/1195 1624/528/1198
f 1623/527/1197 1624/528/1198 1625/529/1199
f 1626/530/1200 1623/527/1197 1625/529/1199
f 1627/531/559 1623/527/1197 1626/530/1200
f 1628/532/1201 1627/531/559 1626/530/1200
f 1627/531/559 1629/533/561 1623/527/1197
f 1629/533/561 1622/526/1196 1623/527/1197
f 1630/534/559 1627/531/559 1628/532/1201
f 1631/535/1202 1630/534/559 1628/532/1201
f 1630/534/559 1632/536/561 1627/531/559
f 1632/536/561 1629/533/561 1627/531/559
f 1633/537/1197 1630/534/559 1631/535/1202
f 1634/538/1202 1633/537/1197 1631/535/1202
f 1633/537/1197 1635/539/561 1630/534/559
f 1635/539/561 1632/536/561 1630/534/559
f 1638/542/1203 1637/540/1204 1636/541/1203
f 1637/540/1204 1639/480/1205 1636/541/1203
f 1638/542/1203 1636/541/1203 1640/543/1206
f 1641/544/1207 1638/542/1203 1640/543/1206
f 1640/543/1206 1642/545/1208 1641/544/1207
f 1642/545/1208 1643/546/1209 1641/544/1207
f 1642/545/1208 1644/547/1208 1643/546/1209
f 1647/536/1210 1646/549/1211 1645/533/1210
f 1646/549/1211 1648/548/1212 1645/533/1210
f 1646/549/1211 1649/550/1213 1648/548/1212
f 1649/550/1213 1650/551/1214 1648/548/1212
f 1650/551/1214 1649/550/1213 1651/552/1215
f 1649/550/1213 1652/553/576 1651/552/1215
f 1653/554/1211 1646/549/1211 1647/536/1210
f 1654/539/1210 1653/554/1211 1647/536/1210
f 1653/554/1211 1655/555/578 1646/549/1211
f 1655/555/578 1649/550/1213 1646/549/1211
f 1655/555/578 1656/556/1216 1649/550/1213
f 1656/556/1216 1652/553/576 1649/550/1213
f 1657/557/1217 1652/553/576 1656/556/1216
f 1658/558/581 1657/557/1217 1656/556/1216
f 1657/557/1217 1659/559/1218 1652/553/576
f 1659/559/1218 1651/552/1215 1652/553/576
f 1662/561/1219 1661/529/1220 1660/560/1221
f 1661/529/1220 1663/528/1222 1660/560/1221
f 1662/561/1219 1660/560/1221 1664/562/1223
f 1665/563/1224 1664/562/1223 1660/560/1221
f 1666/564/1225 1665/563/1224 1660/560/1221
f 1664/562/1223 1667/565/1226 1662/561/1219
f 1667/565/1226 1668/567/1227 1662/561/1219
f 1667/565/1226 1669/566/1228 1668/567/1227
f 1669/566/1228 1670/568/1229 1668/567/1227
f 1670/568/1229 1671/569/1230 1668/567/1227
f 1668/567/1227 1672/530/1231 1662/561/1219
f 1672/530/1231 1661/529/1220 1662/561/1219
f 1671/569/1230 1673/532/1232 1668/567/1227
f 1673/532/1232 1672/530/1231 1668/567/1227
f 1671/569/1230 1670/568/1229 1674/570/1233
f 1675/571/1234 1671/569/1230 1674/570/1233
f 1676/535/1235 1673/532/1232 1671/569/1230
f 1671/569/1230 1677/572/1235 1676/535/1235
f 1671/569/1230 1678/573/1236 1677/572/1235
f 1671/569/1230 1675/571/1234 1678/573/1236
f 1675/571/1234 1679/574/1237 1678/573/1236
f 1680/538/1238 1676/535/1235 1677/572/1235
f 1681/575/1238 1680/538/1238 1677/572/1235
f 1682/576/1239 1678/573/1236 1679/574/1237
f 1683/577/1240 1682/576/1239 1679/574/1237
f 1686/576/1241 1685/579/605 1684/573/1242
f 1685/579/605 1687/578/1243 1684/573/1242
f 1690/572/1244 1689/581/1244 1688/575/609
f 1689/581/1244 1691/580/609 1688/575/609
f 1694/579/611 1693/580/611 1692/578/613
f 1693/580/611 1695/581/613 1692/578/613
f 1698/572/1245 1697/573/1246 1696/581/1245
f 1697/573/1246 1699/578/1245 1696/581/1245
f 1702/583/619 1701/582/619 1700/544/619
f 1701/582/619 1703/542/619 1700/544/619
f 1701/582/619 1704/540/617 1703/542/619
f 1707/584/1247 1706/128/1248 1705/163/1247
f 1707/584/1247 1708/585/1249 1706/128/1248
f 1708/585/1249 1709/129/1250 1706/128/1248
f 1708/585/1249 1710/586/1251 1709/129/1250
f 1710/586/1251 1711/152/1251 1709/129/1250
f 1710/586/1251 1712/587/1252 1711/152/1251
f 1712/587/1252 1713/153/1253 1711/152/1251
f 1712/587/1252 1714/588/1254 1713/153/1253
f 1714/588/1254 1715/154/1255 1713/153/1253
f 1718/590/1256 1717/589/1257 1716/564/1258
f 1717/589/1257 1719/563/1259 1716/564/1258
f 1717/589/1257 1720/591/1260 1719/563/1259
f 1723/593/1261 1722/592/1262 1721/570/1263
f 1722/592/1262 1724/571/634 1721/570/1263
f 1722/592/1262 1725/594/637 1724/571/634
f 1725/594/637 1726/574/637 1724/571/634
f 1725/594/637 1727/595/637 1726/574/637
f 1727/595/637 1728/577/637 1726/574/637
f 1731/597/1264 1730/596/1265 1729/584/1266
f 1730/596/1265 1732/585/1267 1729/584/1266
f 1730/596/1265 1733/598/1268 1732/585/1267
f 1733/598/1268 1734/586/1269 1732/585/1267
f 1733/598/1268 1735/599/1270 1734/586/1269
f 1735/599/1270 1736/587/1271 1734/586/1269
f 1735/599/1270 1737/600/1272 1736/587/1271
f 1737/600/1272 1738/588/1273 1736/587/1271
f 1741/603/1274 1740/601/1275 1739/590/1276
f 1740/601/1277 1743/589/1278 1742/590/1279
f 1740/601/1277 1744/602/1280 1743/589/1278
f 1744/602/1280 1745/591/1280 1743/589/1278
f 1748/605/1281 1747/604/1282 1746/593/1281
f 1747/604/1282 1749/592/1283 1746/593/1281
f 1747/604/1282 1750/606/1284 1749/592/1283
f 1750/606/1284 1751/594/1284 1749/592/1283
f 1750/606/1284 1752/607/1284 1751/594/1284
f 1752/607/1284 1753/595/1284 1751/594/1284
f 1756/609/1285 1755/608/1286 1754/566/1285
f 1755/608/1286 1757/568/1287 1754/566/1285
f 1756/609/1285 1754/566/1285 1758/565/1288
f 1759/610/1289 1756/609/1285 1758/565/1288
f 1759/610/1289 1758/565/1288 1760/562/1290
f 1761/611/1290 1759/610/1289 1760/562/1290
f 1761/611/1290 1760/562/1290 1762/563/1291
f 1763/591/1291 1761/611/1290 1762/563/1291
f 1755/608/1286 1764/593/1292 1757/568/1287
f 1764/593/1292 1765/570/1293 1757/568/1287
f 1768/615/1294 1767/613/1295 1766/614/1294
f 1767/613/1295 1769/612/1296 1766/614/1294
f 1772/608/1297 1771/605/1298 1770/593/1299
f 1775/605/1298 1774/605/1298 1773/593/1300
f 1777/608/1301 1773/593/868 1776/608/1302
f 1780/619/1303 1779/617/1304 1778/618/1303
f 1779/617/1304 1781/616/1305 1778/618/1303
f 1780/619/1303 1778/618/1303 1782/620/1159
f 1783/621/1306 1780/619/1303 1782/620/1159
f 1783/621/1306 1782/620/1159 1784/622/1307
f 1785/623/1308 1783/621/1306 1784/622/1307
f 1785/623/1308 1784/622/1307 1786/612/1309
f 1787/613/1310 1785/623/1308 1786/612/1309
f 1790/611/1311 1789/591/1311 1788/602/1311
f 1788/602/1311 1791/605/1311 1790/611/1311
f 1791/605/1311 1792/610/1311 1790/611/1311
f 1791/605/1311 1793/609/1312 1792/610/1311
f 1791/605/1311 1794/608/1311 1793/609/1312
f 1797/427/1313 1796/431/1313 1795/431/1313
f 1800/435/482 1799/435/482 1798/436/482
f 1803/439/479 1802/438/479 1801/438/479
f 1806/634/1314 1805/635/1315 1804/636/1316
f 1805/635/1315 1807/637/1317 1804/636/1316
f 1810/638/1318 1809/639/1319 1808/640/1320
f 1809/639/1319 1811/641/1321 1808/640/1320
f 1809/639/1319 1812/642/1318 1811/641/1321
f 1812/642/1318 1813/643/515 1811/641/1321
f 1812/642/1318 1814/644/1322 1813/643/515
f 1814/644/1322 1815/645/411 1813/643/515
f 1818/637/1323 1817/635/1320 1816/636/1324
f 1817/635/1320 1819/634/1325 1816/636/1324
f 1822/641/402 1821/639/1326 1820/640/1320
f 1821/639/1326 1823/638/1325 1820/640/1320
f 1824/642/1318 1821/639/1326 1822/641/402
f 1825/643/515 1824/642/1318 1822/641/402
f 1826/644/1322 1824/642/1318 1825/643/515
f 1827/645/411 1826/644/1322 1825/643/515
f 1830/634/1327 1829/634/1328 1828/636/1329
f 1829/634/1328 1831/636/1316 1828/636/1329
f 1828/636/1329 1831/636/1316 1832/637/1330
f 1831/636/1316 1833/637/1331 1832/637/1330
f 1836/639/1332 1835/639/1333 1834/638/1334
f 1835/639/1333 1837/638/1335 1834/638/1334
f 1838/642/1335 1835/639/1333 1836/639/1332
f 1839/642/1332 1838/642/1335 1836/639/1332
f 1840/644/1336 1838/642/1335 1839/642/1332
f 1841/644/1337 1840/644/1336 1839/642/1332
f 1842/642/1335 1840/644/1336 1841/644/1337
f 1843/642/1332 1842/642/1335 1841/644/1337
f 1844/639/1333 1842/642/1335 1843/642/1332
f 1845/639/1332 1844/639/1333 1843/642/1332
f 1846/638/1338 1844/639/1333 1845/639/1332
f 1847/638/1339 1846/638/1338 1845/639/1332
f 1850/636/1340 1849/636/1341 1848/634/1342
f 1849/636/1341 1851/634/1343 1848/634/1342
f 1852/637/1344 1849/636/1341 1850/636/1340
f 1853/637/1345 1852/637/1344 1850/636/1340
f 1856/637/1346 1855/637/1347 1854/635/1348
f 1855/637/1347 1857/635/1349 1854/635/1348
f 1856/637/1346 1854/635/1348 1858/635/1350
f 1859/637/1351 1856/637/1346 1858/635/1350
f 1862/640/1352 1861/640/1349 1860/641/1353
f 1861/640/1349 1863/641/1354 1860/641/1353
f 1860/641/1353 1863/641/1354 1864/643/1355
f 1863/641/1354 1865/643/1356 1864/643/1355
f 1864/643/1355 1865/643/1356 1866/645/1357
f 1865/643/1356 1867/645/1358 1866/645/1357
f 1866/645/1357 1867/645/1358 1868/643/1359
f 1867/645/1358 1869/643/1360 1868/643/1359
f 1868/643/1359 1869/643/1360 1870/641/1359
f 1869/643/1360 1871/641/1360 1870/641/1359
f 1870/641/1359 1871/641/1360 1872/640/1361
f 1871/641/1360 1873/640/1362 1872/640/1361
f 1862/640/1352 1860/641/1353 1874/641/1363
f 1875/640/1364 1862/640/1352 1874/641/1363
f 1874/641/1363 1860/641/1353 1876/643/1365
f 1860/641/1353 1864/643/1355 1876/643/1365
f 1876/643/1365 1864/643/1355 1877/645/1164
f 1864/643/1355 1866/645/1357 1877/645/1164
f 1870/641/1359 1872/640/1361 1878/640/1366
f 1879/641/1367 1870/641/1359 1878/640/1366
f 1868/643/1359 1870/641/1359 1879/641/1367
f 1880/643/1160 1868/643/1359 1879/641/1367
f 1877/645/1164 1866/645/1357 1880/643/1160
f 1866/645/1357 1868/643/1359 1880/643/1160
f 1883/635/1361 1882/635/1368 1881/637/1369
f 1882/635/1368 1884/637/1370 1881/637/1369
f 1883/635/1361 1881/637/1369 1885/637/1371
f 1886/635/1366 1883/635/1361 1885/637/1371
f 1889/646/1372 1888/647/1373 1887/648/1374
f 1888/647/1373 1890/649/1375 1887/648/1374
f 1888/647/1373 1889/646/1372 1891/650/1376
f 1892/651/1376 1888/647/1373 1891/650/1376
f 1887/648/1374 1890/649/1375 1893/652/1377
f 1894/653/1377 1887/648/1374 1893/652/1377
f 1897/654/1378 1896/655/1379 1895/656/1380
f 1896/655/1379 1898/657/1381 1895/656/1380
f 1896/655/1379 1897/654/1378 1899/658/1382
f 1900/659/1382 1896/655/1379 1899/658/1382
f 1895/656/1380 1898/657/1381 1901/660/1383
f 1902/661/1384 1895/656/1380 1901/660/1383
f 1905/646/1372 1904/647/1385 1903/648/1374
f 1904/647/1385 1906/649/1386 1903/648/1374
f 1904/647/1385 1905/646/1372 1907/650/1387
f 1908/651/1376 1904/647/1385 1907/650/1387
f 1903/648/1374 1906/649/1386 1909/652/1377
f 1910/653/1388 1903/648/1374 1909/652/1377
f 1913/654/1378 1912/655/1379 1911/656/1380
f 1912/655/1379 1914/657/1381 1911/656/1380
f 1912/655/1379 1913/654/1378 1915/658/1389
f 1916/659/1389 1912/655/1379 1915/658/1389
f 1911/656/1380 1914/657/1381 1917/660/1383
f 1918/661/1384 1911/656/1380 1917/660/1383
f 1921/662/611 1920/663/611 1919/664/611
f 1920/663/611 1922/665/611 1919/664/611
f 1925/666/1213 1924/667/1390 1923/668/1390
f 1923/668/1390 1926/669/1213 1925/666/1213
f 1926/669/1213 1927/670/1390 1925/666/1213
f 1926/669/1213 1928/671/1390 1927/670/1390
f 1928/671/1390 1929/672/1390 1927/670/1390
f 1928/671/1390 1930/673/1213 1929/672/1390
f 1930/673/1213 1931/674/1390 1929/672/1390
f 1930/673/1213 1932/675/1390 1931/674/1390
f 1932/675/1390 1933/676/1213 1931/674/1390
f 1932/675/1390 1934/677/1213 1933/676/1213
f 1937/677/1391 1936/678/1392 1935/676/1393
f 1936/678/1392 1938/679/1394 1935/676/1393
f 1935/676/1393 1938/679/1394 1939/674/1395
f 1938/679/1394 1940/680/1396 1939/674/1395
f 1939/674/1395 1940/680/1396 1941/672/1397
f 1940/680/1396 1942/681/1398 1941/672/1397
f 1941/672/1397 1942/681/1398 1943/670/1399
f 1942/681/1398 1944/682/1400 1943/670/1399
f 1943/670/1399 1944/682/1400 1945/666/1401
f 1944/682/1400 1946/683/1402 1945/666/1401
f 1945/666/1401 1946/683/1402 1947/667/1403
f 1946/683/1402 1948/684/1404 1947/667/1403
f 1947/667/1403 1948/684/1404 1949/668/1405
f 1948/684/1404 1950/685/1406 1949/668/1405
f 1949/668/1405 1950/685/1406 1951/669/1407
f 1950/685/1406 1952/686/1408 1951/669/1407
f 1951/669/1407 1952/686/1408 1953/671/1409
f 1952/686/1408 1954/687/1410 1953/671/1409
f 1953/671/1409 1954/687/1410 1955/673/1411
f 1954/687/1410 1956/688/1412 1955/673/1411
f 1955/673/1411 1956/688/1412 1957/675/1413
f 1956/688/1412 1958/689/1414 1957/675/1413
f 1957/675/1413 1958/689/1414 1937/677/1391
f 1958/689/1414 1936/678/1392 1937/677/1391
f 1960/687/394 1954/687/1415 1959/686/1416
f 1954/687/1415 1961/686/1417 1959/686/1416
f 1959/686/1416 1961/686/1417 1962/685/1418
f 1961/686/1417 1963/685/1406 1962/685/1418
f 1962/685/1418 1963/685/1406 1964/684/1419
f 1963/685/1406 1965/684/1404 1964/684/1419
f 1964/684/1419 1965/684/1404 1966/683/1420
f 1965/684/1404 1967/683/1421 1966/683/1420
f 1966/683/1420 1967/683/1421 1968/682/1422
f 1967/683/1421 1969/682/1423 1968/682/1422
f 1968/682/1422 1969/682/1423 1970/681/423
f 1969/682/1423 1971/681/1424 1970/681/423
f 1970/681/423 1971/681/1424 1972/680/1425
f 1971/681/1424 1973/680/1426 1972/680/1425
f 1972/680/1425 1973/680/1426 1974/679/1427
f 1973/680/1426 1975/679/1428 1974/679/1427
f 1974/679/1427 1975/679/1428 1976/678/1429
f 1975/679/1428 1977/678/1430 1976/678/1429
f 1976/678/1429 1977/678/1430 1978/689/1431
f 1977/678/1430 1979/689/1414 1978/689/1431
f 1978/689/1431 1979/689/1414 1980/688/1432
f 1979/689/1414 1981/688/1433 1980/688/1432
f 1980/688/1432 1981/688/1433 1960/687/394
f 1981/688/1433 1954/687/1415 1960/687/394
f 1984/690/1434 1983/691/1435 1982/692/1436
f 1983/691/1435 1985/693/1436 1982/692/1436
f 1986/694/1437 1983/691/1435 1984/690/1434
f 1987/695/1437 1986/694/1437 1984/690/1434
f 1982/692/1436 1985/693/1436 1988/696/1438
f 1985/693/1436 1989/697/1438 1988/696/1438
f 1990/698/1439 1988/696/1438 1989/697/1438
f 1986/694/1437 1987/695/1437 1991/699/1440
f 1992/700/1441 1986/694/1437 1991/699/1440
f 1992/700/1441 1991/699/1440 1993/701/1442
f 1994/702/1442 1992/700/1441 1993/701/1442
f 1994/702/1442 1993/701/1442 1995/703/1443
f 1996/704/1443 1994/702/1442 1995/703/1443
f 1995/703/1443 1997/705/1444 1996/704/1443
f 2000/706/1445 1999/707/1446 1998/708/1447
f 1999/707/1446 2001/709/1448 1998/708/1447
f 2004/709/1449 2003/708/1450 2002/707/1451
f 2003/708/1450 2005/706/1452 2002/707/1451
f 2007/707/1453 2004/709/1449 2006/708/1454
f 2008/710/1455 2007/707/1453 2006/708/1454
f 2010/706/1456 2007/707/1453 2009/708/1457
f 2012/706/1458 2011/707/1455 2009/708/1459
f 2011/707/1455 2013/709/1460 2009/708/1459
f 2016/706/1461 2015/707/1454 2014/708/1462
f 2016/706/1463 2018/707/1464 2017/708/1465
f 2020/711/1466 2018/707/1467 2019/708/1455
f 2018/707/1467 2021/709/1468 2019/708/1455
f 2024/706/1469 2023/707/1470 2022/708/1471
f 2023/707/1470 2025/709/1472 2022/708/1471
f 2028/712/1473 2027/708/1449 2026/707/1474
f 2027/708/1449 2029/706/1475 2026/707/1474
f 2029/706/1476 2031/707/1477 2030/708/1478
f 2031/707/1477 2032/709/1479 2030/708/1478
f 2034/709/1480 2027/708/1481 2033/707/1482
f 2027/708/1481 2035/706/1483 2033/707/1482
f 2038/706/1446 2037/707/1484 2036/708/1475
f 2037/707/1484 2039/709/1477 2036/708/1475
f 2042/706/1485 2041/707/1486 2040/708/1487
f 2041/707/1486 2043/709/1488 2040/708/1487
f 2046/706/1489 2045/707/1490 2044/708/1491
f 2045/707/1490 2047/709/1492 2044/708/1491
f 2050/706/1493 2049/707/1494 2048/708/1495
f 2049/707/1494 2051/709/1496 2048/708/1495
f 2054/713/1497 2053/714/1498 2052/715/1499
f 2055/716/1498 2053/714/1498 2054/713/1497
f 2056/717/1500 2053/714/1498 2055/716/1498
f 2052/715/1499 2053/714/1498 2057/718/1501
f 2057/718/1501 2053/714/1498 2058/719/1498
f 2058/719/1498 2053/714/1498 2059/720/1500
f 2059/720/1500 2053/714/1498 2056/717/1500
f 2062/709/1502 2061/707/1503 2060/708/1504
f 2061/707/1503 2063/706/1505 2060/708/1504
f 2066/706/1504 2065/708/1506 2064/707/1507
f 2065/708/1506 2067/709/1508 2064/707/1507
f 2067/709/1509 2069/707/1510 2068/708/1511
f 2069/707/1510 2070/721/1512 2068/708/1511
f 2069/707/1513 2072/706/1514 2071/708/1515
f 2074/709/1516 2073/707/1517 2071/708/1518
f 2073/707/1517 2075/706/1506 2071/708/1518
f 2078/707/1519 2077/706/1520 2076/708/1521
f 2080/707/1522 2077/706/1523 2079/708/1524
f 2082/709/1525 2080/707/1526 2081/708/1512
f 2080/707/1526 2083/722/1511 2081/708/1512
f 2086/709/1527 2085/707/1528 2084/708/1529
f 2085/707/1528 2087/706/1530 2084/708/1529
f 2090/706/1531 2089/708/1532 2088/707/1533
f 2089/708/1532 2091/712/1534 2088/707/1533
f 2093/707/1369 2090/706/1535 2092/708/1536
f 2094/709/1537 2093/707/1369 2092/708/1536
f 2096/706/1538 2089/708/1539 2095/707/1540
f 2089/708/1539 2097/709/1541 2095/707/1540
f 2100/709/1369 2099/707/1542 2098/708/1543
f 2099/707/1542 2101/706/1544 2098/708/1543
f 2104/709/1545 2103/707/1546 2102/708/1547
f 2103/707/1546 2105/706/1548 2102/708/1547
f 2108/709/1549 2107/707/1550 2106/708/1523
f 2107/707/1550 2109/706/1551 2106/708/1523
f 2112/709/1552 2111/707/1553 2110/708/1554
f 2111/707/1553 2113/706/1555 2110/708/1554
f 2116/714/1556 2115/713/1557 2114/715/1558
f 2116/714/1556 2117/716/1559 2115/713/1557
f 2116/714/1556 2118/717/1560 2117/716/1559
f 2116/714/1556 2114/715/1558 2119/718/1561
f 2116/714/1556 2119/718/1561 2120/719/1562
f 2116/714/1556 2120/719/1562 2121/720/1563
f 2116/714/1556 2121/720/1563 2118/717/1560
f 2124/723/1564 2123/724/1565 2122/725/1566
f 2122/725/1566 2125/726/1567 2124/723/1564
f 2122/725/1566 2126/727/1568 2125/726/1567
f 2122/725/1566 2127/728/1569 2126/727/1568
f 2127/728/1569 2128/729/1570 2126/727/1568
f 2127/728/1569 2129/730/1571 2128/729/1570
f 2127/728/1569 2130/731/1572 2129/730/1571
f 2130/731/1572 2131/732/1573 2129/730/1571
f 2130/731/1572 2132/733/1574 2131/732/1573
f 2130/731/1572 2133/734/1575 2132/733/1574
f 2133/734/1575 2134/735/1576 2132/733/1574
f 2134/735/1576 2135/736/1577 2132/733/1574
f 2129/730/1571 2131/732/1573 2136/737/1578
f 2131/732/1573 2137/738/1579 2136/737/1578
f 2131/732/1573 2132/733/1574 2138/738/1579
f 2132/733/1574 2139/739/1580 2138/738/1579
f 2132/733/1574 2135/736/1577 2140/739/1580
f 2135/736/1577 2134/735/1576 2141/740/1581
f 2135/736/1577 2141/740/1581 2142/739/1582
f 2134/735/1576 2143/741/1583 2141/740/1581
f 2133/734/1575 2130/731/1572 2144/742/1584
f 2130/731/1572 2145/743/1583 2144/742/1584
f 2134/735/1576 2133/734/1575 2146/741/1585
f 2133/734/1575 2147/742/1586 2146/741/1585
f 2130/731/1572 2127/728/1569 2148/743/1587
f 2127/728/1569 2149/744/1588 2148/743/1587
f 2127/728/1569 2122/725/1566 2149/744/1588
f 2122/725/1566 2150/745/1589 2149/744/1588
f 2122/725/1566 2123/724/1565 2151/745/1589
f 2123/724/1565 2152/746/215 2151/745/1589
f 2123/724/1565 2124/723/1564 2152/746/215
f 2124/723/1564 2153/747/1590 2152/746/215
f 2124/723/1564 2125/726/1567 2153/747/1590
f 2125/726/1567 2155/748/1591 2154/747/1592
f 2125/726/1567 2126/727/1568 2155/748/1591
f 2126/727/1568 2156/749/1593 2155/748/1591
f 2126/727/1568 2128/729/1570 2157/749/1594
f 2128/729/1595 2159/750/1596 2158/749/1597
f 2128/729/1570 2129/730/1571 2160/750/1598
f 2129/730/1571 2161/737/1599 2160/750/1598
f 2164/725/1600 2163/724/1601 2162/723/1602
f 2162/723/1602 2165/726/1603 2164/725/1600
f 2165/726/1603 2166/727/1604 2164/725/1600
f 2166/727/1604 2167/728/1605 2164/725/1600
f 2166/727/1604 2168/729/1606 2167/728/1605
f 2168/729/1606 2169/730/1607 2167/728/1605
f 2169/730/1607 2170/731/1608 2167/728/1605
f 2169/730/1607 2171/732/1609 2170/731/1608
f 2171/732/1609 2172/733/1610 2170/731/1608
f 2172/733/1610 2173/734/1611 2170/731/1608
f 2172/733/1610 2174/735/1612 2173/734/1611
f 2172/733/1610 2175/736/1613 2174/735/1612
f 2171/732/1609 2169/730/1607 2176/737/1614
f 2177/738/1579 2171/732/1609 2176/737/1614
f 2172/733/1610 2171/732/1609 2178/738/1615
f 2179/739/1616 2172/733/1610 2178/738/1615
f 2175/736/1613 2172/733/1610 2180/739/1617
f 2174/735/1612 2175/736/1613 2181/740/1363
f 2181/740/1363 2175/736/1613 2182/739/1582
f 2183/741/1618 2174/735/1612 2181/740/1363
f 2170/731/1608 2173/734/1611 2184/742/1584
f 2185/743/1619 2170/731/1608 2184/742/1584
f 2173/734/1611 2174/735/1612 2186/741/1620
f 2187/742/1621 2173/734/1611 2186/741/1620
f 2189/744/1622 2167/728/1605 2188/743/1623
f 2167/728/1605 2170/731/1608 2188/743/1623
f 2164/725/1600 2167/728/1605 2189/744/1622
f 2190/745/1589 2164/725/1600 2189/744/1622
f 2163/724/1601 2164/725/1600 2191/745/1589
f 2192/746/221 2163/724/1601 2191/745/1589
f 2162/723/1602 2163/724/1601 2192/746/221
f 2193/747/1624 2162/723/1602 2192/746/221
f 2165/726/1603 2162/723/1602 2193/747/1624
f 2195/748/1625 2165/726/1603 2194/747/1626
f 2166/727/1604 2165/726/1603 2195/748/1625
f 2196/749/1593 2166/727/1604 2195/748/1625
f 2168/729/1606 2166/727/1604 2196/749/1593
f 2198/750/1627 2168/729/1628 2197/749/1593
f 2169/730/1607 2168/729/1606 2199/750/1627
f 2200/737/1599 2169/730/1607 2199/750/1627
f 2203/725/1629 2202/724/1630 2201/723/1631
f 2201/723/1631 2204/726/1632 2203/725/1629
f 2204/726/1632 2205/727/1633 2203/725/1629
f 2205/727/1633 2206/728/1634 2203/725/1629
f 2205/727/1633 2207/729/1635 2206/728/1634
f 2207/729/1635 2208/730/1636 2206/728/1634
f 2208/730/1636 2209/731/1637 2206/728/1634
f 2208/730/1636 2210/732/1638 2209/731/1637
f 2210/732/1638 2211/733/1639 2209/731/1637
f 2211/733/1639 2212/734/1640 2209/731/1637
f 2211/733/1639 2213/735/1641 2212/734/1640
f 2211/733/1639 2214/736/1642 2213/735/1641
f 2210/732/1638 2208/730/1636 2215/737/1643
f 2216/738/1644 2210/732/1638 2215/737/1643
f 2211/733/1639 2210/732/1638 2217/738/1645
f 2218/739/1646 2211/733/1639 2217/738/1645
f 2214/736/1642 2211/733/1639 2219/739/1647
f 2213/735/1641 2214/736/1642 2220/740/1648
f 2220/740/1648 2214/736/1642 2221/739/1649
f 2222/741/1619 2213/735/1641 2220/740/1648
f 2209/731/1637 2212/734/1640 2223/742/1650
f 2224/743/1651 2209/731/1637 2223/742/1650
f 2212/734/1640 2213/735/1641 2225/741/1623
f 2226/742/1586 2212/734/1640 2225/741/1623
f 2228/744/1652 2206/728/1634 2227/743/1653
f 2206/728/1634 2209/731/1637 2227/743/1653
f 2203/725/1629 2206/728/1634 2228/744/1652
f 2229/745/1589 2203/725/1629 2228/744/1652
f 2202/724/1630 2203/725/1629 2230/745/1589
f 2231/746/907 2202/724/1630 2230/745/1589
f 2201/723/1631 2202/724/1630 2231/746/907
f 2232/747/1654 2201/723/1631 2231/746/907
f 2204/726/1632 2201/723/1631 2232/747/1654
f 2234/748/1655 2204/726/1632 2233/747/1656
f 2205/727/1633 2204/726/1632 2234/748/1655
f 2235/749/1657 2205/727/1633 2234/748/1655
f 2207/729/1635 2205/727/1633 2236/749/1658
f 2238/750/1659 2207/729/1660 2237/749/1661
f 2208/730/1636 2207/729/1635 2239/750/1662
f 2240/737/1663 2208/730/1636 2239/750/1662
f 2243/723/1664 2242/724/1665 2241/725/1666
f 2241/725/1666 2244/726/1667 2243/723/1664
f 2241/725/1666 2245/727/1668 2244/726/1667
f 2241/725/1666 2246/728/1669 2245/727/1668
f 2246/728/1669 2247/729/1670 2245/727/1668
f 2246/728/1669 2248/730/1671 2247/729/1670
f 2246/728/1669 2249/731/1672 2248/730/1671
f 2249/731/1672 2250/732/1673 2248/730/1671
f 2249/731/1672 2251/733/1674 2250/732/1673
f 2249/731/1672 2252/734/1675 2251/733/1674
f 2252/734/1675 2253/735/1676 2251/733/1674
f 2253/735/1676 2254/736/1677 2251/733/1674
f 2248/730/1671 2250/732/1673 2255/737/1663
f 2250/732/1673 2256/738/1678 2255/737/1663
f 2250/732/1673 2251/733/1674 2257/738/1679
f 2251/733/1674 2258/739/1680 2257/738/1679
f 2251/733/1674 2254/736/1677 2259/739/1680
f 2254/736/1677 2253/735/1676 2260/740/1648
f 2254/736/1677 2260/740/1648 2261/739/1681
f 2253/735/1676 2262/741/1583 2260/740/1648
f 2252/734/1675 2249/731/1672 2263/742/1682
f 2249/731/1672 2264/743/1683 2263/742/1682
f 2253/735/1676 2252/734/1675 2265/741/1623
f 2252/734/1675 2266/742/1586 2265/741/1623
f 2249/731/1672 2246/728/1669 2267/743/1623
f 2246/728/1669 2268/744/1684 2267/743/1623
f 2246/728/1669 2241/725/1666 2268/744/1684
f 2241/725/1666 2269/745/1589 2268/744/1684
f 2241/725/1666 2242/724/1665 2270/745/1589
f 2242/724/1665 2271/746/221 2270/745/1589
f 2242/724/1665 2243/723/1664 2271/746/221
f 2243/723/1664 2272/747/1654 2271/746/221
f 2243/723/1664 2244/726/1667 2272/747/1654
f 2244/726/1667 2274/748/1685 2273/747/1686
f 2244/726/1667 2245/727/1668 2274/748/1685
f 2245/727/1668 2275/749/1657 2274/748/1685
f 2245/727/1668 2247/729/1670 2275/749/1657
f 2247/729/1687 2277/750/1688 2276/749/1689
f 2247/729/1670 2248/730/1671 2278/750/1690
f 2248/730/1671 2279/737/1663 2278/750/1690
f 2282/751/1691 2281/752/1692 2280/753/1693
f 2281/752/1692 2282/751/1691 2283/754/1694
f 2282/751/1691 2284/755/1695 2283/754/1694
f 2285/756/1696 2280/753/1693 2281/752/1692
f 2286/757/1697 2285/756/1696 2281/752/1692
f 2287/758/1698 2285/756/1696 2286/757/1697
f 2288/759/1699 2287/758/1698 2286/757/1697
f 2287/758/1698 2288/759/1699 2289/760/1700
f 2290/761/1701 2289/760/1700 2288/759/1699
f 2291/762/1702 2290/761/1701 2288/759/1699
f 2290/761/1701 2291/762/1702 2292/763/1703
f 2293/764/1282 2292/763/1703 2291/762/1702
f 2294/765/1704 2293/764/1282 2291/762/1702
f 2293/764/1282 2294/765/1704 2295/766/1705
f 2295/766/1705 2294/765/1704 2296/767/1706
f 2283/754/1707 2298/768/1708 2297/769/1709
f 2300/768/1708 2299/770/1710 2297/769/1710
f 2300/768/1708 2302/754/1711 2301/755/1712
f 2304/771/1713 2303/772/1714 2294/765/1715
f 2303/772/1716 2306/771/1717 2305/773/1718
f 2308/773/1719 2306/771/1720 2307/774/1721
f 2311/767/1722 2310/765/1723 2309/775/1724
f 2312/772/1714 2309/775/1724 2310/765/1723
f 2315/776/1725 2314/777/1726 2313/778/1701
f 2314/777/1726 2315/776/1725 2316/779/1727
f 2317/780/1728 2314/777/1726 2316/779/1727
f 2313/778/1701 2318/781/1729 2315/776/1725
f 2318/781/1729 2319/782/1729 2315/776/1725
f 2318/781/1729 2320/783/1730 2319/782/1729
f 2320/783/1730 2321/784/1731 2319/782/1729
f 2321/784/1731 2320/783/1730 2322/785/1732
f 2322/785/1732 2323/786/1733 2321/784/1731
f 2323/786/1733 2324/787/1734 2321/784/1731
f 2323/786/1733 2325/788/1142 2324/787/1734
f 2325/788/1142 2326/789/1735 2324/787/1734
f 2326/789/1735 2325/788/1142 2327/790/1736
f 2329/791/1737 2316/779/1738 2328/792/1739
f 2330/793/1740 2329/791/1737 2328/792/1739
f 2328/792/1741 2332/794/1742 2331/793/1743
f 2334/795/1744 2333/796/1744 2326/789/1745
f 2336/796/965 2334/795/1746 2335/797/1747
f 2339/779/1748 2338/791/1749 2337/780/1750
f 2342/789/1751 2341/790/1752 2340/795/1752
f 2345/796/1753 2344/797/1754 2343/798/1755
f 2348/799/479 2347/800/479 2346/801/479
f 2349/802/479 2347/800/479 2348/799/479
f 2350/803/479 2347/800/479 2349/802/479
f 2351/804/479 2347/800/479 2350/803/479
f 2352/805/479 2347/800/479 2351/804/479
f 2346/801/479 2347/800/479 2353/806/479
f 2356/807/479 2355/808/479 2354/809/479
f 2354/809/479 2355/808/479 2357/810/479
f 2357/810/479 2355/808/479 2358/811/479
f 2358/811/479 2355/808/479 2359/812/479
f 2359/812/479 2355/808/479 2360/813/479
f 2360/813/479 2355/808/479 2361/814/479
f 2364/794/1756 2363/792/1757 2362/815/1160
f 2365/816/1164 2362/815/1160 2363/792/1757
f 2366/769/1758 2365/816/1164 2363/792/1757
f 2365/816/1164 2366/769/1758 2367/770/1164
f 2366/769/1758 2363/792/1757 2368/817/1759
f 2363/792/1757 2369/818/1760 2368/817/1759
f 2363/792/1757 2370/796/1761 2369/818/1760
f 2370/796/1761 2371/819/1762 2369/818/1760
f 2372/820/1763 2371/819/1762 2370/796/1761
f 2370/796/1761 2373/821/1761 2372/820/1763
f 2373/821/1761 2370/796/1761 2374/822/1764
f 2374/822/1764 2370/796/1761 2375/823/1765
f 2375/823/1765 2370/796/1761 2376/824/1765
f 2376/824/1765 2370/796/1761 2377/825/1766
f 2377/825/1766 2370/796/1761 2378/798/1765
f 2373/821/1761 2379/826/1767 2372/820/1763
f 2371/819/1762 2372/820/1763 2380/827/1768
f 2381/828/1769 2371/819/1762 2380/827/1768
f 2382/829/1770 2381/828/1769 2380/827/1768
f 2383/830/1768 2371/819/1762 2381/828/1769
f 2384/831/1771 2371/819/1762 2383/830/1768
f 2371/819/1762 2384/831/1771 2385/832/1762
f 2371/819/1762 2385/832/1762 2386/833/1772
f 2371/819/1762 2386/833/1772 2387/834/1762
f 2388/835/1773 2371/819/1762 2387/834/1762
f 2389/836/1774 2371/819/1762 2388/835/1773
f 2388/835/1773 2390/837/1774 2389/836/1774
f 2389/836/1774 2390/837/1774 2391/838/1775
f 2389/836/1774 2391/838/1775 2392/839/1776
f 2389/836/1774 2392/839/1776 2393/840/1776
f 2389/836/1774 2393/840/1776 2394/841/1777
f 2389/836/1774 2394/841/1777 2395/842/1776
f 2388/835/1773 2396/843/1778 2390/837/1774
f 2386/833/1772 2397/844/1779 2387/834/1762
f 2371/819/1762 2389/836/1774 2369/818/1760
f 2389/836/1774 2398/845/1780 2369/818/1760
f 2369/818/1760 2398/845/1780 2399/846/1781
f 2398/845/1780 2400/847/1782 2399/846/1781
f 2401/848/501 2400/847/1782 2398/845/1780
f 2402/849/501 2401/848/501 2398/845/1780
f 2398/845/1780 2403/850/1365 2402/849/501
f 2400/847/1782 2401/848/501 2404/851/502
f 2399/846/1781 2400/847/1782 2405/852/1783
f 2400/847/1782 2406/853/1163 2405/852/1783
f 2407/854/619 2405/852/1783 2406/853/1163
f 2406/853/1163 2408/855/619 2407/854/619
f 2406/853/1163 2409/856/619 2408/855/619
f 2406/853/1163 2410/857/619 2409/856/619
f 2407/854/619 2408/855/619 2411/858/619
f 2411/858/619 2412/859/619 2407/854/619
f 2412/859/619 2413/860/396 2407/854/619
f 2415/771/503 2366/769/1758 2414/861/1784
f 2366/769/1758 2368/817/1759 2414/861/1784
f 2415/771/503 2414/861/1784 2416/862/617
f 2416/862/617 2417/863/617 2415/771/503
f 2418/864/617 2417/863/617 2416/862/617
f 2416/862/617 2419/865/617 2418/864/617
f 2417/863/617 2420/866/617 2415/771/503
f 2420/866/617 2421/774/617 2415/771/503
f 2422/867/396 2419/865/617 2416/862/617
f 2425/868/1785 2424/869/1786 2423/870/1787
f 2424/869/1786 2426/871/1788 2423/870/1787
f 2427/872/1789 2423/870/1787 2426/871/1788
f 2430/873/1790 2429/868/1791 2428/874/1792
f 2431/869/1793 2429/868/1791 2430/873/1790
f 2432/875/1794 2428/874/1792 2429/868/1791
f 2433/876/1794 2432/875/1794 2429/868/1791
f 2432/875/1794 2433/876/1794 2434/877/1795
f 2437/878/1796 2436/879/1796 2435/880/1796
f 2436/879/1796 2438/881/1796 2435/880/1796
f 2441/882/1797 2440/883/1798 2439/884/1799
f 2440/883/1798 2441/882/1797 2442/885/1800
f 2443/886/1801 2440/883/1798 2442/885/1800
f 2439/884/1799 2444/887/1802 2441/882/1797
f 2444/887/1802 2445/888/1803 2441/882/1797
f 2444/887/1802 2446/889/1804 2445/888/1803
f 2446/889/1804 2447/890/1805 2445/888/1803
f 2447/890/1805 2446/889/1804 2448/891/1806
f 2448/891/1806 2449/892/1807 2447/890/1805
f 2449/892/1807 2450/893/1808 2447/890/1805
f 2450/893/1808 2449/892/1807 2451/894/1809
f 2451/894/1809 2452/895/657 2450/893/1808
f 2452/895/657 2453/896/1810 2450/893/1808
f 2453/896/1810 2452/895/657 2454/897/1811
f 2453/896/1810 2454/897/1811 2455/898/1812
f 2457/899/1813 2442/885/1814 2456/847/1815
f 2459/851/1816 2458/899/1813 2456/847/1816
f 2461/885/1817 2458/899/1813 2460/886/1818
f 2463/900/1819 2462/853/1820 2453/896/1821
f 2465/853/1822 2463/900/1823 2464/901/1824
f 2465/853/1825 2467/901/1826 2466/857/1827
f 2470/896/1828 2469/898/1829 2468/902/1830
f 2468/902/1830 2471/900/1819 2470/896/1828
f 2474/903/1831 2473/904/1832 2472/905/1833
f 2473/904/1832 2474/903/1831 2475/906/1834
f 2474/903/1831 2476/907/1835 2475/906/1834
f 2477/908/1836 2472/905/1833 2473/904/1832
f 2478/909/1836 2477/908/1836 2473/904/1832
f 2479/910/1837 2477/908/1836 2478/909/1836
f 2480/911/1838 2479/910/1837 2478/909/1836
f 2479/910/1837 2480/911/1838 2481/912/1839
f 2482/913/1840 2481/912/1839 2480/911/1838
f 2483/914/1841 2482/913/1840 2480/911/1838
f 2484/915/470 2482/913/1840 2483/914/1841
f 2485/916/1842 2484/915/470 2483/914/1841
f 2484/915/470 2485/916/1842 2486/917/1736
f 2475/906/1843 2488/918/1844 2487/845/1845
f 2488/918/1844 2489/919/1846 2487/845/1845
f 2491/850/1847 2487/845/1848 2490/919/1849
f 2493/836/275 2492/920/1850 2485/916/1751
f 2492/920/1851 2495/836/1851 2494/921/1852
f 2498/918/1853 2497/906/1843 2496/907/1854
f 2501/917/1752 2500/916/1751 2499/920/1752
f 2504/921/1855 2503/836/1752 2502/842/1856
f 2507/922/482 2506/923/482 2505/924/482
f 2507/922/482 2508/925/482 2506/923/482
f 2507/922/482 2509/926/482 2508/925/482
f 2507/922/482 2510/927/482 2509/926/482
f 2507/922/482 2511/928/482 2510/927/482
f 2507/922/482 2505/924/482 2512/929/482
f 2515/930/482 2514/931/482 2513/932/482
f 2515/930/482 2513/932/482 2516/933/482
f 2515/930/482 2516/933/482 2517/934/482
f 2515/930/482 2517/934/482 2518/935/482
f 2515/930/482 2518/935/482 2519/936/482
f 2515/930/482 2519/936/482 2520/937/482
f 2523/938/1857 2522/939/1858 2521/940/1859
f 2522/939/1858 2524/941/1860 2521/940/1859
f 2521/940/1859 2525/942/1861 2523/938/1857
f 2528/941/1862 2527/943/1863 2526/944/1864
f 2528/941/1862 2529/939/1865 2527/943/1863
f 2526/944/1864 2530/945/1866 2528/941/1862
f 2530/945/1866 2531/946/1866 2528/941/1862
f 2531/946/1866 2530/945/1866 2532/947/1867
f 2535/948/1796 2534/949/1796 2533/950/1796
f 2534/949/1796 2536/951/1796 2533/950/1796
f 2539/952/1868 2538/953/1868 2537/954/396
f 2538/953/1868 2540/955/396 2537/954/396
f 2541/956/1869 2538/953/1868 2539/952/1868
f 2542/957/1869 2541/956/1869 2539/952/1868
f 2537/954/396 2540/955/396 2543/958/1870
f 2540/955/396 2544/959/1870 2543/958/1870
f 2543/958/1870 2544/959/1870 2545/960/1871
f 2544/959/1870 2546/961/1871 2545/960/1871
f 2549/957/1872 2548/956/1872 2547/957/1873
f 2548/956/1872 2550/956/1873 2547/957/1873
f 2553/952/1874 2552/953/1874 2551/957/1875
f 2552/953/1874 2554/956/1875 2551/957/1875
f 2555/955/441 2552/953/1874 2553/952/1874
f 2556/954/441 2555/955/441 2553/952/1874
f 2557/959/1876 2555/955/441 2556/954/441
f 2558/958/1876 2557/959/1876 2556/954/441
f 2559/961/1877 2557/959/1876 2558/958/1876
f 2560/960/1877 2559/961/1877 2558/958/1876
f 2563/960/1878 2562/961/1878 2561/960/1879
f 2562/961/1878 2564/961/1879 2561/960/1879
f 2567/955/441 2566/953/1874 2565/954/423
f 2566/953/1874 2568/952/1874 2565/954/423
f 2566/953/1874 2569/956/1875 2568/952/1874
f 2569/956/1875 2570/957/1875 2568/952/1874
f 2567/955/441 2565/954/423 2571/958/1876
f 2572/959/1876 2567/955/441 2571/958/1876
f 2572/959/1876 2571/958/1876 2573/960/1877
f 2574/961/1877 2572/959/1876 2573/960/1877
f 2577/956/1872 2576/956/1873 2575/957/1872
f 2576/956/1873 2578/957/1873 2575/957/1872
f 2581/956/1869 2580/953/1868 2579/957/1869
f 2580/953/1868 2582/952/1868 2579/957/1869
f 2580/953/1868 2583/955/394 2582/952/1868
f 2583/955/394 2584/954/396 2582/952/1868
f 2583/955/394 2585/959/1870 2584/954/396
f 2585/959/1870 2586/958/1870 2584/954/396
f 2585/959/1870 2587/961/1871 2586/958/1870
f 2587/961/1871 2588/960/1871 2586/958/1870
f 2591/961/1878 2590/961/1879 2589/960/1878
f 2590/961/1879 2592/960/1879 2589/960/1878
f 2595/962/1880 2594/963/1881 2593/964/1882
f 2594/963/1881 2596/965/1883 2593/964/1882
f 2598/966/1884 2595/962/1885 2597/964/1886
f 2596/965/1887 2600/967/1888 2599/964/1889
f 2603/966/1890 2602/966/1891 2601/964/1892
f 2605/967/1893 2604/967/1894 2601/964/1895
f 2608/962/1896 2607/966/1897 2606/964/1898
f 2610/963/1899 2608/962/1900 2609/964/1901
f 2611/965/1902 2610/963/1899 2609/964/1901
f 2613/967/1903 2611/965/1904 2612/964/1905
f 2616/962/1906 2615/963/1881 2614/964/1882
f 2615/963/1881 2617/965/1883 2614/964/1882
f 2619/966/1884 2616/962/1907 2618/964/1886
f 2617/965/1887 2621/967/1908 2620/964/1889
f 2624/966/1890 2623/966/1891 2622/964/1892
f 2626/967/1893 2625/967/1894 2622/964/1895
f 2629/962/1896 2628/966/1897 2627/964/1901
f 2631/963/1899 2629/962/1900 2630/964/1901
f 2632/965/1902 2631/963/1899 2630/964/1901
f 2634/967/1903 2632/965/1909 2633/964/1905
f 2637/968/1910 2636/969/1911 2635/970/1912
f 2638/971/1913 2636/969/1911 2637/968/1910
f 2639/972/1914 2638/971/1913 2637/968/1910
f 2638/971/1913 2639/972/1914 2640/973/1915
f 2640/973/1915 2641/974/221 2638/971/1913
f 2639/972/1914 2642/975/221 2640/973/1915
f 2640/973/1915 2643/976/1916 2641/974/221
f 2640/973/1915 2644/977/1917 2643/976/1916
f 2643/976/1916 2644/977/1917 2645/978/1918
f 2646/979/1919 2643/976/1916 2645/978/1918
f 2646/979/1919 2645/978/1918 2647/980/1920
f 2648/981/1921 2646/979/1919 2647/980/1920
f 2648/981/1921 2647/980/1920 2649/982/1922
f 2650/983/1923 2648/981/1921 2649/982/1922
f 2651/984/1924 2650/983/1923 2649/982/1922
f 2653/985/1784 2652/984/1925 2649/982/1926
s 0
f 2656/969/1927 2655/969/1928 2654/970/1929
s 1
f 2659/986/1930 2658/987/1931 2657/985/1932
f 2658/987/1931 2660/984/1933 2657/985/1932
f 2659/986/1930 2657/985/1932 2661/988/1934
f 2662/989/1935 2659/986/1930 2661/988/1934
f 2659/986/1930 2662/989/1935 2635/970/1936
f 2663/969/1937 2659/986/1930 2635/970/1936
f 2666/970/1938 2665/990/1796 2664/968/1939
f 2664/968/1939 2665/990/1796 2667/972/1940
f 2667/972/1940 2665/990/1796 2668/975/1941
f 2668/975/1941 2665/990/1796 2669/973/1942
f 2669/973/1942 2665/990/1796 2670/977/1943
f 2670/977/1943 2665/990/1796 2671/978/1944
f 2671/978/1944 2665/990/1796 2672/980/1945
f 2672/980/1945 2665/990/1796 2673/982/1946
f 2673/982/1946 2665/990/1796 2674/985/1947
f 2674/985/1947 2665/990/1796 2675/988/1948
f 2675/988/1948 2665/990/1796 2676/989/1949
f 2676/989/1949 2665/990/1796 2666/970/1938
f 2679/969/1950 2678/968/1951 2677/970/1952
f 2679/969/1950 2680/971/1953 2678/968/1951
f 2680/971/1953 2681/972/1954 2678/968/1951
f 2681/972/1954 2680/971/1953 2682/973/1955
f 2682/973/1955 2680/971/1953 2683/974/1956
f 2683/974/1956 2684/976/1957 2682/973/1955
f 2682/973/1955 2685/975/221 2681/972/1954
f 2686/977/1958 2682/973/1955 2684/976/1957
f 2686/977/1958 2684/976/1957 2687/978/1959
f 2684/976/1957 2688/979/1960 2687/978/1959
f 2687/978/1959 2688/979/1960 2689/980/1961
f 2688/979/1960 2690/981/1962 2689/980/1961
f 2689/980/1961 2690/981/1962 2691/982/1963
f 2690/981/1962 2692/983/1964 2691/982/1963
f 2692/983/1964 2693/984/1965 2691/982/1963
f 2695/984/1966 2694/985/1967 2691/982/1968
f 2698/984/1969 2697/987/1371 2696/985/1970
f 2697/987/1371 2699/986/1971 2696/985/1970
f 2696/985/1970 2699/986/1971 2700/988/1972
f 2699/986/1971 2701/989/1973 2700/988/1972
f 2701/989/1973 2699/986/1971 2677/970/1974
f 2699/986/1971 2702/969/1975 2677/970/1974
f 2705/990/1976 2704/970/1944 2703/968/1977
f 2705/990/1976 2703/968/1977 2706/972/1942
f 2705/990/1976 2706/972/1942 2707/975/1978
f 2705/990/1976 2707/975/1978 2708/973/1979
f 2705/990/1976 2708/973/1979 2709/977/1939
f 2705/990/1976 2709/977/1939 2710/978/1938
f 2705/990/1976 2710/978/1938 2711/980/1949
f 2705/990/1976 2711/980/1949 2712/982/1948
f 2705/990/1976 2712/982/1948 2713/985/1947
f 2705/990/1976 2713/985/1947 2714/988/1946
f 2705/990/1976 2714/988/1946 2715/989/1945
f 2705/990/1976 2715/989/1945 2704/970/1944
f 2718/725/1980 2717/724/995 2716/723/1981
f 2716/723/1981 2719/726/1982 2718/725/1980
f 2719/726/1982 2720/727/1983 2718/725/1980
f 2720/727/1983 2721/728/1984 2718/725/1980
f 2720/727/1983 2722/729/1985 2721/728/1984
f 2722/729/1985 2723/730/1986 2721/728/1984
f 2723/730/1986 2724/731/1987 2721/728/1984
f 2723/730/1986 2725/732/1988 2724/731/1987
f 2725/732/1988 2726/733/1989 2724/731/1987
f 2726/733/1989 2727/734/1990 2724/731/1987
f 2726/733/1989 2728/735/1991 2727/734/1990
f 2726/733/1989 2729/736/1992 2728/735/1991
f 2725/732/1988 2723/730/1986 2730/737/1993
f 2731/738/1994 2725/732/1988 2730/737/1993
f 2726/733/1989 2725/732/1988 2732/738/1995
f 2733/739/1996 2726/733/1989 2732/738/1995
f 2729/736/1992 2726/733/1989 2734/739/1997
f 2728/735/1991 2729/736/1992 2735/740/1998
f 2735/740/1998 2729/736/1992 2736/739/1999
f 2737/741/2000 2728/735/1991 2735/740/1998
f 2724/731/1987 2727/734/1990 2738/742/2001
f 2739/743/2002 2724/731/1987 2738/742/2001
f 2727/734/1990 2728/735/1991 2740/741/2003
f 2741/742/2004 2727/734/1990 2740/741/2003
f 2743/744/2005 2721/728/1984 2742/743/2003
f 2721/728/1984 2724/731/1987 2742/743/2003
f 2718/725/1980 2721/728/1984 2743/744/2005
f 2744/745/2006 2718/725/1980 2743/744/2005
f 2717/724/995 2718/725/1980 2745/745/2007
f 2746/746/2008 2717/724/995 2745/745/2007
f 2716/723/1981 2717/724/995 2746/746/2008
f 2747/747/2009 2716/723/1981 2746/746/2008
f 2719/726/1982 2716/723/1981 2747/747/2009
f 2749/748/2010 2719/726/1982 2748/747/2011
f 2720/727/1983 2719/726/1982 2749/748/2010
f 2750/749/2012 2720/727/1983 2749/748/2010
f 2722/729/1985 2720/727/1983 2751/749/2013
f 2753/750/2014 2722/729/2015 2752/749/2013
f 2723/730/1986 2722/729/1985 2754/750/1947
f 2755/737/2016 2723/730/1986 2754/750/1947
f 2758/723/2017 2757/724/2018 2756/725/2019
f 2756/725/2019 2759/726/2020 2758/723/2017
f 2756/725/2019 2760/727/2021 2759/726/2020
f 2756/725/2019 2761/728/2022 2760/727/2021
f 2761/728/2022 2762/729/2023 2760/727/2021
f 2761/728/2022 2763/730/2024 2762/729/2023
f 2761/728/2022 2764/731/2025 2763/730/2024
f 2764/731/2025 2765/732/2026 2763/730/2024
f 2764/731/2025 2766/733/2027 2765/732/2026
f 2764/731/2025 2767/734/2028 2766/733/2027
f 2767/734/2028 2768/735/2029 2766/733/2027
f 2768/735/2029 2769/736/2030 2766/733/2027
f 2763/730/2024 2765/732/2026 2770/737/2031
f 2765/732/2026 2771/738/2032 2770/737/2031
f 2765/732/2026 2766/733/2027 2772/738/1994
f 2766/733/2027 2773/739/2033 2772/738/1994
f 2766/733/2027 2769/736/2030 2774/739/2034
f 2769/736/2030 2768/735/2029 2775/740/2035
f 2769/736/2030 2775/740/2035 2776/739/2036
f 2768/735/2029 2777/741/2037 2775/740/2035
f 2767/734/2028 2764/731/2025 2778/742/2001
f 2764/731/2025 2779/743/2038 2778/742/2001
f 2768/735/2029 2767/734/2028 2780/741/2039
f 2767/734/2028 2781/742/2040 2780/741/2039
f 2764/731/2025 2761/728/2022 2782/743/2041
f 2761/728/2022 2783/744/2042 2782/743/2041
f 2761/728/2022 2756/725/2019 2783/744/2042
f 2756/725/2019 2784/745/2006 2783/744/2042
f 2756/725/2019 2757/724/2018 2785/745/2006
f 2757/724/2018 2786/746/2043 2785/745/2006
f 2757/724/2018 2758/723/2017 2786/746/2043
f 2758/723/2017 2787/747/2044 2786/746/2043
f 2758/723/2017 2759/726/2020 2787/747/2044
f 2759/726/2020 2789/748/2045 2788/747/2046
f 2759/726/2020 2760/727/2021 2789/748/2045
f 2760/727/2021 2790/749/2012 2789/748/2045
f 2760/727/2021 2762/729/2023 2790/749/2012
f 2762/729/2047 2792/750/2048 2791/749/2012
f 2762/729/2023 2763/730/2024 2793/750/1947
f 2763/730/2024 2794/737/275 2793/750/1947
f 2797/723/2049 2796/724/306 2795/725/2050
f 2795/725/2050 2798/726/2051 2797/723/2049
f 2795/725/2050 2799/727/2052 2798/726/2051
f 2795/725/2050 2800/728/2053 2799/727/2052
f 2800/728/2053 2801/729/2054 2799/727/2052
f 2800/728/2053 2802/730/2055 2801/729/2054
f 2800/728/2053 2803/731/2056 2802/730/2055
f 2803/731/2056 2804/732/2057 2802/730/2055
f 2803/731/2056 2805/733/2058 2804/732/2057
f 2803/731/2056 2806/734/2059 2805/733/2058
f 2806/734/2059 2807/735/2060 2805/733/2058
f 2807/735/2060 2808/736/2061 2805/733/2058
f 2802/730/2055 2804/732/2057 2809/737/1993
f 2804/732/2057 2810/738/2062 2809/737/1993
f 2804/732/2057 2805/733/2058 2811/738/2063
f 2805/733/2058 2812/739/2064 2811/738/2063
f 2805/733/2058 2808/736/2061 2813/739/2034
f 2808/736/2061 2807/735/2060 2814/740/2065
f 2808/736/2061 2814/740/2065 2815/739/2066
f 2807/735/2060 2816/741/2067 2814/740/2065
f 2806/734/2059 2803/731/2056 2817/742/2068
f 2803/731/2056 2818/743/2067 2817/742/2068
f 2807/735/2060 2806/734/2059 2819/741/2069
f 2806/734/2059 2820/742/2070 2819/741/2069
f 2803/731/2056 2800/728/2053 2821/743/2069
f 2800/728/2053 2822/744/2071 2821/743/2069
f 2800/728/2053 2795/725/2050 2822/744/2071
f 2795/725/2050 2823/745/2006 2822/744/2071
f 2795/725/2050 2796/724/306 2824/745/2006
f 2796/724/306 2825/746/2072 2824/745/2006
f 2796/724/306 2797/723/2049 2825/746/2072
f 2797/723/2049 2826/747/2073 2825/746/2072
f 2797/723/2049 2798/726/2051 2826/747/2073
f 2798/726/2051 2828/748/2074 2827/747/2075
f 2798/726/2051 2799/727/2052 2828/748/2074
f 2799/727/2052 2829/749/2076 2828/748/2074
f 2799/727/2052 2801/729/2054 2830/749/2013
f 2801/729/2077 2832/750/2078 2831/749/2013
f 2801/729/2054 2802/730/2055 2833/750/2014
f 2802/730/2055 2834/737/1993 2833/750/2014
f 2837/725/2079 2836/724/2080 2835/723/2081
f 2835/723/2081 2838/726/2082 2837/725/2079
f 2838/726/2082 2839/727/2083 2837/725/2079
f 2839/727/2083 2840/728/2084 2837/725/2079
f 2839/727/2083 2841/729/2085 2840/728/2084
f 2841/729/2085 2842/730/2086 2840/728/2084
f 2842/730/2086 2843/731/2087 2840/728/2084
f 2842/730/2086 2844/732/2088 2843/731/2087
f 2844/732/2088 2845/733/2089 2843/731/2087
f 2845/733/2089 2846/734/2090 2843/731/2087
f 2845/733/2089 2847/735/2091 2846/734/2090
f 2845/733/2089 2848/736/2092 2847/735/2091
f 2844/732/2088 2842/730/2086 2849/737/1744
f 2850/738/2093 2844/732/2088 2849/737/1744
f 2845/733/2089 2844/732/2088 2851/738/2094
f 2852/739/2095 2845/733/2089 2851/738/2094
f 2848/736/2092 2845/733/2089 2853/739/2066
f 2847/735/2091 2848/736/2092 2854/740/2065
f 2854/740/2065 2848/736/2092 2855/739/2036
f 2856/741/2096 2847/735/2091 2854/740/2065
f 2843/731/2087 2846/734/2090 2857/742/2097
f 2858/743/2098 2843/731/2087 2857/742/2097
f 2846/734/2090 2847/735/2091 2859/741/2069
f 2860/742/2070 2846/734/2090 2859/741/2069
f 2862/744/2099 2840/728/2084 2861/743/2100
f 2840/728/2084 2843/731/2087 2861/743/2100
f 2837/725/2079 2840/728/2084 2862/744/2099
f 2863/745/2006 2837/725/2079 2862/744/2099
f 2836/724/2080 2837/725/2079 2864/745/2006
f 2865/746/2043 2836/724/2080 2864/745/2006
f 2835/723/2081 2836/724/2080 2865/746/2043
f 2866/747/2101 2835/723/2081 2865/746/2043
f 2838/726/2082 2835/723/2081 2866/747/2101
f 2868/748/2045 2838/726/2082 2867/747/2102
f 2839/727/2083 2838/726/2082 2868/748/2045
f 2869/749/2103 2839/727/2083 2868/748/2045
f 2841/729/2085 2839/727/2083 2869/749/2103
f 2871/750/2014 2841/729/2085 2870/749/2104
f 2842/730/2086 2841/729/2085 2872/750/2105
f 2873/737/1744 2842/730/2086 2872/750/2105
f 2876/991/2106 2875/992/2106 2874/993/2107
f 2875/992/2106 2877/994/2108 2874/993/2107
f 2878/995/2109 2875/992/2106 2876/991/2106
f 2879/996/2109 2878/995/2109 2876/991/2106
f 2874/993/2107 2877/994/2108 2880/997/2110
f 2877/994/2108 2881/998/2110 2880/997/2110
f 2880/997/2110 2881/998/2110 2882/999/2111
f 2881/998/2110 2883/1000/2111 2882/999/2111
f 2885/1001/2112 2878/995/2113 2884/996/2114
f 2887/1002/2112 2885/1001/2112 2886/996/2113
f 2889/999/2115 2883/1000/2115 2888/1003/1169
f 2883/1000/2115 2890/1004/2116 2888/1003/1169
f 2893/1005/2117 2892/1006/2117 2891/1002/2118
f 2892/1006/2117 2894/1001/2118 2891/1002/2118
f 2896/1007/2119 2892/1006/2120 2895/1005/2120
f 2897/1008/2119 2896/1007/2119 2895/1005/2120
f 2898/1009/2121 2896/1007/2119 2897/1008/2119
f 2899/1010/2122 2898/1009/2121 2897/1008/2119
f 2900/1011/2123 2898/1009/2121 2899/1010/2122
f 2901/1012/2123 2900/1011/2123 2899/1010/2122
f 2902/1013/2124 2900/1011/2123 2901/1012/2123
f 2903/1014/2124 2902/1013/2124 2901/1012/2123
f 2905/1004/511 2902/1013/2125 2904/1014/2125
f 2907/1003/2126 2905/1004/2126 2906/1014/2125
f 2910/1015/2127 2909/1016/2127 2908/1017/2128
f 2909/1016/2127 2911/1018/2128 2908/1017/2128
f 2912/1019/2129 2909/1016/2127 2910/1015/2127
f 2913/1020/2130 2912/1019/2129 2910/1015/2127
f 2908/1017/2128 2911/1018/2128 2914/1021/2131
f 2911/1018/2128 2915/1022/2131 2914/1021/2131
f 2914/1021/2131 2915/1022/2131 2916/1023/2132
f 2915/1022/2131 2917/1024/2132 2916/1023/2132
f 2916/1023/2132 2917/1024/2132 2918/1025/2133
f 2917/1024/2132 2919/1026/2133 2918/1025/2133
f 2918/1025/2133 2919/1026/2133 2920/1027/2134
f 2919/1026/2133 2921/1028/2135 2920/1027/2134
f 2923/1029/2136 2922/1030/2137 2913/1020/2138
f 2922/1030/2137 2924/1019/2138 2913/1020/2138
f 2925/1031/2139 2922/1030/2137 2923/1029/2136
f 2926/1032/2139 2925/1031/2139 2923/1029/2136
f 2927/1033/2140 2925/1031/2139 2926/1032/2139
f 2928/1034/2140 2927/1033/2140 2926/1032/2139
f 2929/1035/2141 2927/1033/2140 2928/1034/2140
f 2930/1036/2141 2929/1035/2141 2928/1034/2140
f 2931/1037/2142 2929/1035/2141 2930/1036/2141
f 2932/1038/2142 2931/1037/2142 2930/1036/2141
f 2920/1027/2143 2933/1028/2144 2932/1038/2142
f 2933/1028/2144 2931/1037/2142 2932/1038/2142
f 2936/1017/2145 2935/1039/1796 2934/1015/2146
f 2934/1015/2146 2935/1039/1796 2937/1020/1377
f 2937/1020/1377 2935/1039/1796 2938/1029/2147
f 2938/1029/2147 2935/1039/1796 2939/1032/1389
f 2939/1032/1389 2935/1039/1796 2940/1034/2148
f 2940/1034/2148 2935/1039/1796 2941/1036/2149
f 2941/1036/2149 2935/1039/1796 2942/1038/2150
f 2942/1038/2150 2935/1039/1796 2943/1027/2151
f 2943/1027/2151 2935/1039/1796 2944/1025/2152
f 2944/1025/2152 2935/1039/1796 2945/1023/2153
f 2945/1023/2153 2935/1039/1796 2946/1021/2154
f 2946/1021/2154 2935/1039/1796 2936/1017/2145
f 2949/994/2122 2948/992/2119 2947/993/2121
f 2948/992/2119 2950/991/2119 2947/993/2121
f 2948/992/2119 2951/995/2120 2950/991/2119
f 2951/995/2120 2952/996/2120 2950/991/2119
f 2949/994/2122 2947/993/2121 2953/997/2123
f 2954/998/2155 2949/994/2122 2953/997/2123
f 2954/998/2155 2953/997/2123 2955/999/2124
f 2956/1000/2156 2954/998/2155 2955/999/2124
f 2951/995/2117 2958/1001/2118 2957/996/2117
f 2958/1001/2118 2960/1002/2118 2959/996/2157
f 2962/1004/511 2956/1000/2125 2961/1003/2126
f 2956/1000/2125 2963/999/2125 2961/1003/2126
f 2966/1001/2112 2965/1006/2113 2964/1002/2112
f 2965/1006/2113 2967/1005/2113 2964/1002/2112
f 2965/1006/2158 2969/1007/2106 2968/1005/2158
f 2969/1007/2106 2970/1008/2106 2968/1005/2158
f 2969/1007/2106 2971/1009/2108 2970/1008/2106
f 2971/1009/2108 2972/1010/2107 2970/1008/2106
f 2971/1009/2108 2973/1011/2159 2972/1010/2107
f 2973/1011/2159 2974/1012/2110 2972/1010/2107
f 2973/1011/2159 2975/1013/2111 2974/1012/2110
f 2975/1013/2111 2976/1014/2111 2974/1012/2110
f 2975/1013/2115 2978/1004/1169 2977/1014/2115
f 2978/1004/1169 2980/1003/1169 2979/1014/2115
f 2983/1018/2141 2982/1016/2140 2981/1017/2141
f 2982/1016/2140 2984/1015/2140 2981/1017/2141
f 2982/1016/2140 2985/1019/2160 2984/1015/2140
f 2985/1019/2160 2986/1020/2160 2984/1015/2140
f 2983/1018/2141 2981/1017/2141 2987/1021/2142
f 2988/1022/2142 2983/1018/2141 2987/1021/2142
f 2988/1022/2142 2987/1021/2142 2989/1023/2161
f 2990/1024/2161 2988/1022/2142 2989/1023/2161
f 2990/1024/2161 2989/1023/2161 2991/1025/2133
f 2992/1026/2133 2990/1024/2161 2991/1025/2133
f 2992/1026/2133 2991/1025/2133 2993/1027/2162
f 2994/1028/2162 2992/1026/2133 2993/1027/2162
f 2996/1019/2163 2995/1030/2137 2986/1020/2163
f 2995/1030/2137 2997/1029/2137 2986/1020/2163
f 2995/1030/2137 2998/1031/2164 2997/1029/2137
f 2998/1031/2164 2999/1032/2164 2997/1029/2137
f 2998/1031/2164 3000/1033/2127 2999/1032/2164
f 3000/1033/2127 3001/1034/2127 2999/1032/2164
f 3000/1033/2127 3002/1035/2128 3001/1034/2127
f 3002/1035/2128 3003/1036/2128 3001/1034/2127
f 3002/1035/2128 3004/1037/2131 3003/1036/2128
f 3004/1037/2131 3005/1038/2131 3003/1036/2128
f 3004/1037/2131 3006/1028/2165 3005/1038/2131
f 3006/1028/2165 2993/1027/2165 3005/1038/2131
f 3009/1039/1796 3008/1017/2149 3007/1015/2148
f 3009/1039/1796 3007/1015/2148 3010/1020/1382
f 3009/1039/1796 3010/1020/1382 3011/1029/2147
f 3009/1039/1796 3011/1029/2147 3012/1032/1377
f 3009/1039/1796 3012/1032/1377 3013/1034/2146
f 3009/1039/1796 3013/1034/2146 3014/1036/2145
f 3009/1039/1796 3014/1036/2145 3015/1038/2154
f 3009/1039/1796 3015/1038/2154 3016/1027/2166
f 3009/1039/1796 3016/1027/2166 3017/1025/2152
f 3009/1039/1796 3017/1025/2152 3018/1023/2151
f 3009/1039/1796 3018/1023/2151 3019/1021/2150
f 3009/1039/1796 3019/1021/2150 3008/1017/2149
f 3022/1040/2167 3021/1041/2168 3020/1042/2169
f 3021/1041/2168 3023/1043/2170 3020/1042/2169
f 3026/1040/2171 3025/1041/2171 3024/1042/90
f 3025/1041/2171 3027/1043/2172 3024/1042/90
f 3030/1040/2173 3029/1041/2174 3028/1042/479
f 3029/1041/2174 3031/1043/479 3028/1042/479
f 3034/1040/479 3033/1041/479 3032/1042/2175
f 3033/1041/479 3035/1043/2176 3032/1042/2175
f 3038/1040/2177 3037/1041/2178 3036/1042/2179
f 3037/1041/2178 3039/1043/2180 3036/1042/2179
f 3042/1040/2169 3041/1041/2181 3040/1042/2182
f 3041/1041/2181 3043/1043/2182 3040/1042/2182
f 3046/1040/90 3045/1041/2183 3044/1042/2184
f 3045/1041/2183 3047/1043/2177 3044/1042/2184
f 3050/1040/2185 3049/1041/2186 3048/1042/2169
f 3049/1041/2186 3051/1043/2187 3048/1042/2169
f 3054/1040/196 3053/1041/196 3052/1042/2188
f 3053/1041/196 3055/1043/2189 3052/1042/2188
f 3058/1040/2190 3057/1041/2191 3056/1042/2192
f 3057/1041/2191 3059/1043/2193 3056/1042/2192
f 3062/1040/2192 3061/1041/2194 3060/1042/2176
f 3061/1041/2194 3063/1043/2195 3060/1042/2176
f 3066/1040/2178 3065/1041/2196 3064/1042/2197
f 3065/1041/2196 3067/1043/2198 3064/1042/2197
f 3070/1040/2169 3069/1041/2187 3068/1042/65
f 3069/1041/2187 3071/1043/2199 3068/1042/65
f 3074/1040/2188 3073/1041/2189 3072/1042/2200
f 3073/1041/2189 3075/1043/2201 3072/1042/2200
f 3078/1040/2202 3077/1041/2203 3076/1042/398
f 3077/1041/2203 3079/1043/257 3076/1042/398
f 3082/1040/398 3081/1041/257 3080/1042/2204
f 3081/1041/257 3083/1043/2205 3080/1042/2204
f 3086/1040/2206 3085/1041/1320 3084/1042/515
f 3085/1041/1320 3087/1043/2207 3084/1042/515
f 3090/1040/515 3089/1041/2207 3088/1042/515
f 3089/1041/2207 3091/1043/515 3088/1042/515
f 3094/1040/2208 3093/1041/2209 3092/1042/2210
f 3093/1041/2209 3095/1043/2211 3092/1042/2210
f 3098/1040/2212 3097/1041/2213 3096/1042/2202
f 3097/1041/2213 3099/1043/2214 3096/1042/2202
f 3102/1040/2215 3101/1041/2216 3100/1042/2217
f 3101/1041/2216 3103/1043/2218 3100/1042/2217
f 3106/1040/2208 3105/1041/396 3104/1042/2219
f 3105/1041/396 3107/1043/396 3104/1042/2219
f 3110/1043/2220 3109/1042/2221 3108/1041/214
f 3109/1042/2221 3111/1040/214 3108/1041/214
f 3114/1044/214 3113/1042/214 3112/1041/215
f 3113/1042/214 3115/1040/214 3112/1041/215
f 3118/1040/2222 3117/1041/568 3116/1042/2223
f 3117/1041/568 3119/1043/568 3116/1042/2223
f 3122/1043/2224 3121/1042/2225 3120/1041/199
f 3125/1040/2225 3124/1041/2224 3123/1042/2226
f 3124/1041/2224 3126/1043/2227 3123/1042/2226
f 3129/1040/32 3128/1041/2227 3127/1042/2228
f 3128/1041/2227 3130/1043/2228 3127/1042/2228
f 3133/1040/2229 3132/1041/2229 3131/1042/2230
f 3132/1041/2229 3134/1043/2230 3131/1042/2230
f 3137/1040/2230 3136/1041/2230 3135/1042/2231
f 3136/1041/2230 3138/1043/2232 3135/1042/2231
f 3141/1040/2231 3140/1041/2232 3139/1042/2232
f 3140/1041/2232 3142/1043/2232 3139/1042/2232
f 3145/1040/2232 3144/1041/2232 3143/1042/2232
f 3144/1041/2232 3146/1043/2232 3143/1042/2232
f 3149/1040/2232 3148/1041/2232 3147/1042/2231
f 3148/1041/2232 3150/1043/2233 3147/1042/2231
f 3153/1040/2231 3152/1041/2233 3151/1042/2234
f 3152/1041/2233 3154/1043/2235 3151/1042/2234
f 3156/1043/501 3155/1042/2236 3152/1041/2237
f 3155/1042/2238 3158/1045/2239 3157/1041/2240
f 3161/1040/2234 3160/1041/2235 3159/1042/2241
f 3160/1041/2235 3162/1043/2242 3159/1042/2241
f 3165/1040/2241 3164/1041/2243 3163/1042/332
f 3164/1041/2243 3166/1043/2244 3163/1042/332
f 3169/1040/332 3168/1041/2245 3167/1042/2246
f 3172/1040/199 3171/1041/2229 3170/1042/2247
f 3171/1041/2229 3173/1043/2245 3170/1042/2247
f 3176/1040/2228 3175/1041/2248 3174/1042/2249
f 3179/1040/2250 3178/1041/2250 3177/1042/2251
f 3178/1041/2250 3180/1043/2252 3177/1042/2251
f 3183/1040/2253 3182/1041/2254 3181/1042/2255
f 3182/1041/2254 3184/1043/2255 3181/1042/2255
f 3187/1040/2256 3186/1041/2257 3185/1042/2258
f 3186/1041/2257 3188/1043/2259 3185/1042/2258
f 3191/1040/2260 3190/1041/2258 3189/1042/2261
f 3190/1041/2258 3192/1043/2261 3189/1042/2261
f 3195/1040/2261 3194/1041/2262 3193/1042/2263
f 3194/1041/2262 3196/1043/2264 3193/1042/2263
f 3199/1040/2265 3198/1041/2266 3197/1042/2267
f 3201/1040/2268 3198/1041/2269 3200/1042/2270
f 3198/1041/2269 3202/1043/2271 3200/1042/2270
f 3204/1040/2272 3198/1041/2273 3203/1042/2274
f 3202/1043/2275 3206/1042/2276 3205/1041/2277
f 3206/1042/2278 3208/1040/2279 3207/1041/2277
f 3211/1040/2280 3210/1041/2271 3209/1042/2281
f 3210/1041/2271 3212/1043/2282 3209/1042/2281
f 3212/1043/2283 3214/1042/2284 3213/1041/2285
f 3214/1042/2286 3216/1040/2287 3215/1041/2288
f 3219/1040/2281 3218/1041/2289 3217/1042/2290
f 3218/1041/2289 3220/1043/2291 3217/1042/2290
f 3223/1040/2292 3222/1041/2293 3221/1042/2294
f 3222/1041/2293 3224/1043/2295 3221/1042/2294
f 3226/1040/2296 3222/1041/2297 3225/1042/2298
f 3222/1041/2297 3227/1043/2299 3225/1042/2298
f 3230/1040/2300 3229/1041/2301 3228/1042/2302
f 3229/1041/2301 3231/1043/2303 3228/1042/2302
f 3234/1040/2304 3233/1041/2305 3232/1042/2300
f 3233/1041/2305 3235/1043/534 3232/1042/2300
f 3238/1040/2300 3237/1041/534 3236/1042/2268
f 3237/1041/534 3239/1043/2268 3236/1042/2268
f 3241/1040/2268 3240/1041/534 3236/1042/2268
f 3240/1041/534 3242/1043/2300 3236/1042/2268
f 3245/1046/2280 3244/1041/2306 3243/1043/2307
f 3243/1043/2307 3246/1047/2308 3245/1046/2280
f 3243/1043/2307 3247/1042/2309 3246/1047/2308
f 3250/1043/2310 3249/1042/2311 3248/1041/2312
f 3249/1042/2311 3251/1040/2313 3248/1041/2312
f 3254/1043/2314 3253/1042/2315 3252/1041/2316
f 3253/1042/2315 3255/1040/2317 3252/1041/2316
f 3258/1043/2316 3257/1042/2317 3256/1041/2318
f 3257/1042/2317 3259/1040/2319 3256/1041/2318
f 3262/1043/2320 3261/1042/2319 3260/1041/2321
f 3261/1042/2319 3263/1040/2322 3260/1041/2321
f 3266/1043/2321 3265/1042/2323 3264/1041/2324
f 3265/1042/2323 3267/1040/2324 3264/1041/2324
f 3270/1043/2324 3269/1042/2324 3268/1041/2325
f 3269/1042/2324 3271/1040/2326 3268/1041/2325
f 3274/1043/2325 3273/1042/2326 3272/1041/2327
f 3273/1042/2326 3275/1040/2328 3272/1041/2327
f 3278/1043/2327 3277/1042/2329 3276/1041/2330
f 3277/1042/2329 3279/1040/2331 3276/1041/2330
f 3282/1043/2311 3281/1042/2332 3280/1041/2324
f 3281/1042/2332 3283/1040/2324 3280/1041/2324
f 3286/1043/2333 3285/1042/2334 3284/1041/2310
f 3285/1042/2334 3287/1040/2310 3284/1041/2310
f 3290/1043/2335 3289/1042/2335 3288/1041/2336
f 3289/1042/2335 3291/1040/2334 3288/1041/2336
f 3294/1043/2324 3293/1042/2324 3292/1041/2337
f 3293/1042/2324 3295/1040/2335 3292/1041/2337
f 3298/1043/2338 3297/1042/2339 3296/1041/2340
f 3297/1042/2339 3299/1040/2341 3296/1041/2340
f 3302/1043/2342 3301/1042/2343 3300/1041/783
f 3301/1042/2343 3303/1040/2343 3300/1041/783
f 3306/1040/482 3305/1041/2344 3304/1042/482
f 3305/1041/2344 3307/1043/2345 3304/1042/482
f 3310/1043/2346 3309/1042/482 3308/1041/2344
f 3309/1042/482 3311/1040/482 3308/1041/2344
f 3314/1040/2347 3313/1041/2348 3312/1042/2349
f 3313/1041/2348 3315/1043/2350 3312/1042/2349
f 3318/1043/2351 3317/1042/2352 3316/1041/2353
f 3317/1042/2352 3319/1040/2340 3316/1041/2353
f 3322/1040/2350 3321/1041/2354 3320/1042/2355
f 3321/1041/2354 3323/1043/783 3320/1042/2355
f 3326/1043/2356 3325/1042/2357 3324/1041/2340
f 3325/1042/2357 3327/1040/2358 3324/1041/2340
f 3330/1043/2359 3329/1042/889 3328/1041/2359
f 3329/1042/889 3331/1040/889 3328/1041/2359
f 3334/1043/1419 3333/1042/2360 3332/1041/2361
f 3333/1042/2360 3335/1040/2362 3332/1041/2361
f 3338/1043/2363 3337/1042/1419 3336/1041/2364
f 3337/1042/1419 3339/1040/2361 3336/1041/2364
f 3342/1040/2365 3341/1041/2366 3340/1042/2367
f 3341/1041/2366 3343/1043/2348 3340/1042/2367
f 3346/1043/758 3345/1042/2356 3344/1041/758
f 3345/1042/2356 3347/1040/2340 3344/1041/758
f 3350/1043/2368 3349/1042/2369 3348/1041/2370
f 3349/1042/2369 3351/1040/2369 3348/1041/2370
f 3354/1043/946 3353/1042/2371 3352/1041/1091
f 3353/1042/2371 3355/1040/2372 3352/1041/1091
f 3358/1043/2373 3357/1042/946 3356/1041/2374
f 3357/1042/946 3359/1040/1091 3356/1041/2374
f 3362/1043/2375 3361/1042/1320 3360/1041/515
f 3361/1042/1320 3363/1040/2206 3360/1041/515
f 3366/1043/515 3365/1042/2207 3364/1041/515
f 3365/1042/2207 3367/1040/515 3364/1041/515
f 3370/1043/2376 3369/1042/2377 3368/1041/2378
f 3369/1042/2377 3371/1040/2379 3368/1041/2378
f 3374/1040/2371 3373/1041/2380 3372/1042/2381
f 3373/1041/2380 3375/1043/2382 3372/1042/2381
f 3378/1043/2383 3377/1042/2384 3376/1041/2385
f 3377/1042/2384 3379/1040/2386 3376/1041/2385
f 3382/1043/394 3381/1042/396 3380/1041/2387
f 3381/1042/396 3383/1040/2388 3380/1041/2387
f 3386/1040/907 3385/1041/2389 3384/1042/1956
f 3385/1041/2389 3387/1043/2390 3384/1042/1956
f 3389/1041/1208 3387/1043/2391 3388/1042/2392
f 3390/1040/1208 3389/1041/1208 3388/1042/2392
f 3393/1043/907 3392/1042/907 3391/1041/907
f 3392/1042/907 3394/1040/907 3391/1041/907
f 3397/1040/2393 3396/1041/2394 3395/1042/892
f 3399/1042/2395 3397/1040/2393 3398/1041/2396
f 3400/1043/2397 3399/1042/2395 3398/1041/2396
f 3402/1043/2398 3401/1042/2399 3396/1041/2395
f 3401/1042/2399 3403/1048/892 3396/1041/2395
f 3405/1043/2400 3401/1042/2401 3404/1041/890
f 3408/1043/2401 3407/1042/2397 3406/1041/2399
f 3407/1042/2397 3409/1040/2402 3406/1041/2399
f 3412/1043/2403 3411/1042/2399 3410/1041/2403
f 3411/1042/2399 3413/1040/2399 3410/1041/2403
f 3416/1043/2404 3415/1042/2403 3414/1041/2405
f 3415/1042/2403 3417/1040/2403 3414/1041/2405
f 3420/1043/2404 3419/1042/2404 3418/1041/2404
f 3419/1042/2404 3421/1040/2405 3418/1041/2404
f 3424/1043/2404 3423/1042/2404 3422/1041/2404
f 3426/1042/2404 3425/1040/2404 3422/1041/2404
f 3429/1043/2405 3428/1042/2404 3427/1041/2405
f 3428/1042/2404 3430/1040/2404 3427/1041/2405
f 3433/1043/2406 3432/1042/2405 3431/1041/2407
f 3432/1042/2405 3434/1040/2405 3431/1041/2407
f 3437/1043/2408 3436/1042/2409 3435/1041/2410
f 3436/1042/2409 3438/1040/2407 3435/1041/2410
f 3441/1043/2411 3440/1042/2408 3439/1041/1022
f 3440/1042/2408 3442/1040/2410 3439/1041/1022
f 3441/1043/890 3444/1042/1022 3443/1041/2412
f 3447/1040/2413 3446/1041/2414 3445/1042/2415
f 3446/1041/2414 3448/1043/2414 3445/1042/2415
f 3451/1040/910 3450/1041/2416 3449/1042/910
f 3450/1041/2416 3452/1043/2417 3449/1042/910
f 3455/1043/2418 3454/1042/2419 3453/1041/2420
f 3454/1042/2419 3456/1040/2421 3453/1041/2420
f 3459/1043/2422 3458/1042/2418 3457/1041/2422
f 3458/1042/2418 3460/1049/2418 3457/1041/2422
f 3463/1040/2423 3462/1041/2422 3461/1042/2424
f 3462/1041/2422 3464/1043/2422 3461/1042/2424
f 3467/1043/2425 3466/1042/2426 3465/1041/2268
f 3470/1043/2427 3469/1042/2428 3468/1041/2429
f 3472/1042/2430 3471/1040/2268 3468/1041/2431
f 3474/1043/2432 3472/1042/2428 3473/1041/2433
f 3472/1042/2428 3475/1040/2434 3473/1041/2433
f 3478/1043/2435 3477/1042/2436 3476/1041/2437
f 3480/1042/2438 3479/1040/2439 3476/1041/2437
f 3482/1043/2440 3477/1042/2441 3481/1041/2442
f 3484/1042/2443 3483/1040/2444 3481/1041/2445
f 3487/1050/2446 3486/1041/2447 3485/1042/2446
f 3486/1041/2447 3488/1043/2437 3485/1042/2446
f 3491/1043/2448 3490/1042/2449 3489/1041/2450
f 3494/1040/2451 3493/1041/2452 3492/1042/2453
f 3493/1041/2452 3495/1043/2454 3492/1042/2453
f 3497/1042/2455 3494/1040/2456 3496/1041/2432
f 3498/1051/2457 3497/1042/2455 3496/1041/2432
f 3501/1043/2458 3500/1042/2459 3499/1041/2302
f 3500/1042/2459 3502/1040/2300 3499/1041/2302
f 3505/1043/534 3504/1042/2305 3503/1041/2300
f 3504/1042/2305 3506/1040/2460 3503/1041/2300
f 3509/1043/2461 3508/1042/2439 3507/1052/2462
f 3507/1052/2462 3510/1040/2463 3509/1043/2461
f 3510/1040/2463 3511/1041/2464 3509/1043/2461
f 3514/1040/2465 3513/1041/2466 3512/1042/2467
f 3513/1041/2466 3515/1043/2466 3512/1042/2467
f 3518/1043/2468 3517/1042/2469 3516/1041/2470
f 3517/1042/2469 3519/1040/2471 3516/1041/2470
f 3522/1043/2472 3521/1042/2468 3520/1041/2473
f 3521/1042/2468 3523/1040/2474 3520/1041/2473
f 3526/1043/2475 3525/1042/2472 3524/1041/2476
f 3525/1042/2472 3527/1040/2477 3524/1041/2476
f 3530/1043/2478 3529/1042/2479 3528/1041/2478
f 3529/1042/2479 3531/1040/2476 3528/1041/2478
f 3534/1043/2480 3533/1042/2478 3532/1041/2481
f 3533/1042/2478 3535/1040/2478 3532/1041/2481
f 3538/1043/2482 3537/1042/2480 3536/1041/2483
f 3537/1042/2480 3539/1040/2481 3536/1041/2483
f 3542/1043/2484 3541/1042/2482 3540/1041/2485
f 3541/1042/2482 3544/1040/2483 3543/1041/2466
f 3547/1043/2486 3546/1042/2487 3545/1041/2486
f 3546/1042/2487 3548/1040/2466 3545/1041/2486
f 3551/1040/2466 3550/1041/2488 3549/1042/2466
f 3550/1041/2488 3552/1043/2489 3549/1042/2466
f 3555/1040/2490 3554/1041/2491 3553/1042/2492
f 3554/1041/2491 3556/1043/2493 3553/1042/2492
f 3559/1043/2493 3558/1042/2486 3557/1041/2493
f 3558/1042/2486 3561/1040/2486 3560/1041/2491
f 3564/1040/2494 3563/1041/2494 3562/1042/2495
f 3563/1041/2494 3565/1043/532 3562/1042/2495
f 3567/1042/2494 3564/1040/2494 3566/1041/2496
f 3568/1043/2496 3567/1042/2494 3566/1041/2496
f 3571/1043/2497 3570/1042/2498 3569/1041/2499
f 3570/1042/2498 3572/1040/2243 3569/1041/2499
f 3575/1043/2500 3574/1042/2501 3573/1041/2502
f 3578/1040/2503 3577/1041/2500 3576/1042/2504
f 3577/1041/2500 3579/1043/2505 3576/1042/2504
f 3582/1043/2506 3581/1042/501 3580/1041/2507
f 3581/1042/501 3583/1053/2508 3580/1041/2507
f 3586/1040/2297 3585/1041/2507 3584/1042/1365
f 3588/1041/2507 3587/1043/2507 3584/1042/1365
f 3590/1040/2509 3585/1041/2507 3589/1042/2297
f 3593/1043/2510 3592/1042/2511 3591/1041/2512
f 3595/1042/2513 3594/1040/2514 3591/1041/2515
f 3598/1043/2516 3597/1042/2517 3596/1041/2518
f 3597/1042/2517 3599/1040/2519 3596/1041/2518
f 3601/1042/2518 3599/1040/2520 3600/1041/2521
f 3602/1043/2522 3601/1042/2518 3600/1041/2521
f 3605/1054/2523 3604/1042/2523 3603/1041/2524
f 3604/1042/2523 3606/1040/2517 3603/1041/2524
f 3609/1043/2525 3608/1042/2495 3607/1041/2526
f 3612/1043/2527 3611/1042/2513 3610/1041/2528
f 3611/1042/2513 3613/1040/2529 3610/1041/2528
f 3616/1043/2530 3615/1042/2531 3614/1041/2532
f 3615/1042/2531 3617/1040/2533 3614/1041/2532
f 3620/1043/2534 3619/1042/2528 3618/1041/2535
f 3619/1042/2536 3622/1040/2537 3621/1041/2535
f 3625/1043/2298 3624/1042/2538 3623/1041/2539
f 3624/1042/2538 3626/1055/2540 3623/1041/2539
f 3629/1040/2541 3628/1041/2542 3627/1042/2543
f 3628/1041/2542 3630/1056/2544 3627/1042/2543
f 3633/1043/2545 3632/1042/2546 3631/1041/2545
f 3632/1042/2546 3634/1040/2546 3631/1041/2545
f 3637/1043/2547 3636/1042/2545 3635/1041/2547
f 3636/1042/2545 3638/1040/2545 3635/1041/2547
f 3641/1040/2547 3640/1041/513 3639/1042/2547
f 3644/1043/2548 3643/1042/2549 3642/1041/2550
f 3643/1042/2549 3645/1040/2288 3642/1041/2550
f 3648/1043/214 3647/1042/2551 3646/1041/2552
f 3647/1042/2551 3649/1057/2553 3646/1041/2552
f 3652/1043/2554 3651/1042/221 3650/1041/2555
f 3651/1042/221 3653/1058/423 3650/1041/2555
f 3656/1043/515 3655/1042/2554 3654/1041/1168
f 3655/1042/2554 3657/1059/2526 3654/1041/1168
f 3659/1043/532 3658/1042/515 3654/1041/2495
f 3662/1060/2556 3661/1042/2557 3660/1041/2558
f 3661/1042/2557 3663/1040/2559 3660/1041/2558
f 3666/1040/2560 3665/1041/2561 3664/1042/2562
f 3669/1061/2563 3668/1042/2564 3667/1041/2565
f 3668/1042/2564 3670/1040/2566 3667/1041/2565
f 3673/1062/2567 3672/1041/2568 3671/1042/2569
f 3672/1041/2568 3674/1043/1160 3671/1042/2569
f 3677/1040/2570 3676/1041/2571 3675/1042/1367
f 3676/1041/1164 3679/1043/2506 3678/1042/1367
f 3682/1040/1367 3681/1041/2572 3680/1042/1756
f 3681/1041/2572 3683/1043/2573 3680/1042/1756
f 3686/1040/2574 3685/1041/2575 3684/1042/2576
f 3689/1041/2573 3688/1043/2577 3687/1042/2578
f 3692/1040/2579 3691/1041/2580 3690/1042/2581
f 3691/1041/2580 3693/1043/2582 3690/1042/2581
f 3692/1040/2583 3695/1041/2581 3694/1042/2584
f 3697/1043/2585 3696/1042/2586 3695/1041/2587
f 3693/1043/2588 3699/1042/2580 3698/1041/2589
f 3699/1042/2580 3700/1040/2590 3698/1041/2589
f 3703/1043/2591 3702/1042/2585 3701/1041/2592
f 3702/1042/2585 3704/1040/2593 3701/1041/2592
f 3707/1042/2594 3706/1040/2595 3705/1041/2587
f 3710/1040/2596 3709/1041/2588 3708/1042/2597
f 3712/1041/2588 3711/1043/2598 3708/1042/2597
f 3715/1043/2599 3714/1042/2600 3713/1041/2601
f 3714/1042/2600 3716/1040/2602 3713/1041/2601
f 3719/1040/2603 3718/1041/2604 3717/1042/2605
f 3722/1041/2606 3721/1043/2607 3720/1042/2608
f 3725/1043/2609 3724/1042/2610 3723/1041/2611
f 3728/1042/2612 3727/1040/2576 3726/1041/2613
f 3731/1043/2506 3730/1042/2614 3729/1041/2573
f 3734/1043/2445 3733/1042/2444 3732/1041/2615
f 3733/1042/2616 3736/1040/2617 3735/1041/2618
f 3739/1043/2619 3738/1042/2620 3737/1041/2621
f 3742/1042/2622 3741/1040/907 3740/1041/2623
f 3745/1043/423 3744/1042/2624 3743/1041/2625
f 3748/1042/221 3747/1040/2554 3746/1041/2626
f 3751/1043/2627 3750/1042/2628 3749/1041/2629
f 3754/1042/2554 3753/1040/515 3752/1041/532
f 3757/1040/2630 3756/1041/2631 3755/1042/2632
f 3756/1041/2631 3758/1043/2632 3755/1042/2632
f 3760/1042/2631 3757/1040/2630 3759/1041/2633
f 3761/1043/2633 3760/1042/2631 3759/1041/2633
f 3764/1040/2632 3763/1041/2632 3762/1042/2634
f 3763/1041/2632 3765/1043/2635 3762/1042/2634
f 3768/1043/2636 3767/1042/2637 3766/1041/2636
f 3767/1042/2637 3769/1040/2638 3766/1041/2636
f 3772/1043/2639 3771/1042/2639 3770/1041/2639
f 3771/1042/2639 3773/1040/2639 3770/1041/2639
f 3776/1040/2633 3775/1041/2640 3774/1042/2633
f 3775/1041/2640 3777/1043/2640 3774/1042/2633
f 3780/1063/2641 3779/1041/1343 3778/1042/2641
f 3779/1041/1343 3781/1043/1343 3778/1042/2641
f 3784/1040/2637 3783/1041/2642 3782/1042/2638
f 3787/1043/2638 3786/1042/2642 3785/1041/2643
f 3790/1040/2643 3789/1041/2644 3788/1042/2638
f 3793/1043/2645 3792/1041/2646 3791/1042/2647
f 3792/1041/2646 3794/1040/2648 3791/1042/2647
f 3794/1040/2649 3796/1042/2650 3795/1041/2651
f 3796/1042/2650 3797/1043/2651 3795/1041/2651
f 3800/1043/2652 3799/1041/2647 3798/1042/2653
f 3799/1041/2647 3801/1040/2647 3798/1042/2653
f 3804/1040/2654 3803/1042/2655 3802/1041/2656
f 3803/1042/2655 3805/1043/2656 3802/1041/2656
f 3808/1040/2639 3807/1042/2639 3806/1041/2639
f 3807/1042/2639 3809/1043/2639 3806/1041/2639
f 3812/1043/2657 3811/1041/2657 3810/1042/2651
f 3811/1041/2657 3813/1040/2651 3810/1042/2651
f 3816/1043/1343 3815/1041/1343 3814/1042/2641
f 3815/1041/1343 3817/1063/2641 3814/1042/2641
f 3820/1041/2658 3819/1040/2659 3818/1042/2654
f 3823/1042/2658 3822/1043/2660 3821/1041/2661
f 3826/1041/2662 3825/1040/2661 3824/1042/2654
f 3829/1064/2663 3828/1065/2663 3827/1066/2280
f 3828/1065/2663 3830/1067/2270 3827/1066/2280
f 3831/1068/2664 3828/1065/2663 3829/1064/2663
f 3832/1069/2665 3831/1068/2664 3829/1064/2663
f 3833/1070/2666 3831/1068/2664 3832/1069/2665
f 3834/1071/2667 3833/1070/2666 3832/1069/2665
f 3829/1064/2663 3827/1066/2280 3835/1072/2668
f 3836/1073/2669 3829/1064/2663 3835/1072/2668
f 3832/1069/2665 3829/1064/2663 3836/1073/2669
f 3837/1074/2670 3832/1069/2665 3836/1073/2669
f 3838/1075/2671 3832/1069/2665 3837/1074/2670
f 3832/1069/2665 3838/1075/2671 3834/1071/2667
f 3839/1076/2671 3838/1075/2671 3837/1074/2670
f 3842/1077/2241 3841/1078/2189 3840/1079/2672
f 3840/1079/2672 3841/1078/2189 3843/1080/2673
f 3843/1080/2673 3841/1078/2189 3844/1081/2673
f 3844/1081/2673 3841/1078/2189 3845/1082/2674
f 3845/1082/2674 3841/1078/2189 3846/1083/2675
f 3846/1083/2675 3841/1078/2189 3847/1084/32
f 3847/1084/32 3841/1078/2189 3848/1085/2676
f 3848/1085/2676 3841/1078/2189 3849/1086/2677
f 3849/1086/2677 3841/1078/2189 3850/1087/2678
f 3850/1087/2678 3841/1078/2189 3851/1088/2679
f 3851/1088/2679 3841/1078/2189 3842/1077/2241
f 3854/1089/2680 3853/1090/2681 3852/1091/2682
f 3855/1092/2683 3853/1090/2681 3854/1089/2680
f 3856/1093/2684 3853/1090/2681 3855/1092/2683
f 3857/1094/2685 3853/1090/2681 3856/1093/2684
f 3858/1095/2685 3853/1090/2681 3857/1094/2685
f 3859/1096/2686 3853/1090/2681 3858/1095/2685
f 3860/1097/2687 3853/1090/2681 3859/1096/2686
f 3861/1098/2688 3853/1090/2681 3860/1097/2687
f 3862/1099/2326 3853/1090/2681 3861/1098/2688
f 3852/1091/2682 3853/1090/2681 3863/1100/2311
f 3863/1100/2311 3853/1090/2681 3864/1101/2326
f 3864/1101/2326 3853/1090/2681 3862/1099/2326
f 3867/1102/2658 3866/1103/2658 3865/1104/2658
f 3870/1105/2462 3869/1106/2689 3868/1107/2439
f 3869/1106/2689 3871/1108/2689 3868/1107/2439
f 3869/1106/2689 3872/1109/2690 3871/1108/2689
f 3872/1109/2690 3873/1110/2690 3871/1108/2689
f 3872/1109/2690 3874/1111/2691 3873/1110/2690
f 3874/1111/2691 3875/1112/2692 3873/1110/2690
f 3868/1107/2439 3871/1108/2689 3876/1072/2668
f 3871/1108/2689 3877/1073/2693 3876/1072/2668
f 3871/1108/2689 3873/1110/2690 3877/1073/2693
f 3873/1110/2690 3878/1074/2670 3877/1073/2693
f 3873/1110/2690 3879/1113/2671 3878/1074/2670
f 3879/1113/2671 3873/1110/2690 3875/1112/2692
f 3879/1113/2671 3880/1076/2671 3878/1074/2670
f 3883/1078/2359 3882/1077/2410 3881/1079/2694
f 3883/1078/2359 3881/1079/2694 3884/1080/2695
f 3883/1078/2359 3884/1080/2695 3885/1081/2695
f 3883/1078/2359 3885/1081/2695 3886/1082/2696
f 3883/1078/2359 3886/1082/2696 3887/1083/2697
f 3883/1078/2359 3887/1083/2697 3888/1084/726
f 3883/1078/2359 3888/1084/726 3889/1085/2698
f 3883/1078/2359 3889/1085/2698 3890/1086/2699
f 3883/1078/2359 3890/1086/2699 3891/1087/2700
f 3883/1078/2359 3891/1087/2700 3892/1088/2701
f 3883/1078/2359 3892/1088/2701 3882/1077/2410
f 3895/1090/2702 3894/1089/2703 3893/1091/2704
f 3895/1090/2702 3896/1092/2705 3894/1089/2703
f 3895/1090/2702 3897/1093/2706 3896/1092/2705
f 3895/1090/2702 3898/1094/2707 3897/1093/2706
f 3895/1090/2702 3899/1095/2707 3898/1094/2707
f 3895/1090/2702 3900/1096/2708 3899/1095/2707
f 3895/1090/2702 3901/1097/2709 3900/1096/2708
f 3895/1090/2702 3902/1098/2710 3901/1097/2709
f 3895/1090/2702 3903/1099/2480 3902/1098/2710
f 3895/1090/2702 3893/1091/2704 3904/1100/2711
f 3895/1090/2702 3904/1100/2711 3905/1101/2480
f 3895/1090/2702 3905/1101/2480 3903/1099/2480
f 3908/1114/2712 3907/1115/2713 3906/1116/2714
f 3907/1115/2713 3909/1117/2630 3906/1116/2714
f 3910/1118/2715 3907/1115/2713 3908/1114/2712
f 3911/1119/2715 3910/1118/2715 3908/1114/2712
f 3906/1116/2714 3912/1120/1343 3908/1114/2712
f 3912/1120/1343 3913/1121/2716 3908/1114/2712
f 3908/1114/2712 3913/1121/2716 3911/1119/2715
f 3913/1121/2716 3912/1120/1343 3914/1122/2641
f 3915/1123/2717 3913/1121/2716 3914/1122/2641
f 3916/1124/2718 3913/1121/2716 3915/1123/2717
f 3913/1121/2716 3916/1124/2718 3911/1119/2715
f 3917/1125/2718 3916/1124/2718 3915/1123/2717
f 3910/1118/2715 3911/1119/2715 3918/1126/2638
f 3911/1119/2715 3919/1127/2719 3918/1126/2638
f 3911/1119/2715 3916/1124/2718 3919/1127/2719
f 3916/1124/2718 3917/1125/2718 3919/1127/2719
f 3917/1125/2718 3920/1128/2720 3919/1127/2719
f 3923/1129/2649 3922/1130/2721 3921/1131/2722
f 3922/1130/2721 3924/1132/2723 3921/1131/2722
f 3922/1130/2721 3925/1133/2724 3924/1132/2723
f 3925/1133/2724 3926/1134/2724 3924/1132/2723
f 3927/1135/1343 3921/1131/2722 3924/1132/2723
f 3928/1136/2716 3927/1135/1343 3924/1132/2723
f 3928/1136/2716 3924/1132/2723 3926/1134/2724
f 3927/1135/1343 3928/1136/2716 3929/1122/2641
f 3928/1136/2716 3930/1123/2717 3929/1122/2641
f 3928/1136/2716 3931/1137/2718 3930/1123/2717
f 3931/1137/2718 3928/1136/2716 3926/1134/2724
f 3931/1137/2718 3932/1125/2718 3930/1123/2717
f 3926/1134/2724 3925/1133/2724 3933/1138/2725
f 3934/1139/2726 3926/1134/2724 3933/1138/2725
f 3931/1137/2718 3926/1134/2724 3934/1139/2726
f 3932/1125/2718 3931/1137/2718 3934/1139/2726
f 3935/1128/2720 3932/1125/2718 3934/1139/2726
f 3938/1140/2727 3937/1141/2728 3936/1142/2728
f 3938/1140/2727 3936/1142/2728 3939/1143/2729
f 3938/1140/2727 3939/1143/2729 3940/1144/2730
f 3938/1140/2727 3940/1144/2730 3941/1145/2731
f 3938/1140/2727 3941/1145/2731 3942/1146/2732
f 3938/1140/2727 3942/1146/2732 3943/1147/2733
f 3938/1140/2727 3943/1147/2733 3944/1148/2734
f 3938/1140/2727 3944/1148/2734 3945/1149/2735
f 3938/1140/2727 3945/1149/2735 3946/1150/2736
f 3938/1140/2727 3946/1150/2736 3937/1141/2728
f 3949/1151/1976 3948/1152/2737 3947/1153/273
f 3949/1151/1976 3947/1153/273 3950/1154/2738
f 3949/1151/1976 3950/1154/2738 3951/1155/2739
f 3949/1151/1976 3951/1155/2739 3952/1156/2738
f 3949/1151/1976 3952/1156/2738 3953/1157/963
f 3949/1151/1976 3953/1157/963 3954/1158/2740
f 3949/1151/1976 3954/1158/2740 3955/1159/2741
f 3949/1151/1976 3955/1159/2741 3956/1160/2742
f 3949/1151/1976 3956/1160/2742 3957/1161/2743
f 3949/1151/1976 3957/1161/2743 3958/1162/2742
f 3949/1151/1976 3958/1162/2742 3959/1163/2744
f 3949/1151/1976 3959/1163/2744 3948/1152/2737
f 3962/1141/2745 3961/1140/2746 3960/1142/2745
f 3960/1142/2745 3961/1140/2746 3963/1143/2747
f 3963/1143/2747 3961/1140/2746 3964/1144/2748
f 3964/1144/2748 3961/1140/2746 3965/1145/2749
f 3965/1145/2749 3961/1140/2746 3966/1146/2750
f 3966/1146/2750 3961/1140/2746 3967/1147/2751
f 3967/1147/2751 3961/1140/2746 3968/1148/2752
f 3968/1148/2752 3961/1140/2746 3969/1149/2753
f 3969/1149/2753 3961/1140/2746 3970/1150/2754
f 3970/1150/2754 3961/1140/2746 3962/1141/2745
f 3973/1152/2740 3972/1151/1796 3971/1153/963
f 3971/1153/963 3972/1151/1796 3974/1154/2738
f 3974/1154/2738 3972/1151/1796 3975/1155/2739
f 3975/1155/2739 3972/1151/1796 3976/1156/2738
f 3976/1156/2738 3972/1151/1796 3977/1157/273
f 3977/1157/273 3972/1151/1796 3978/1158/2737
f 3978/1158/2737 3972/1151/1796 3979/1159/2755
f 3979/1159/2755 3972/1151/1796 3980/1160/2742
f 3980/1160/2742 3972/1151/1796 3981/1161/2743
f 3981/1161/2743 3972/1151/1796 3982/1162/2742
f 3982/1162/2742 3972/1151/1796 3983/1163/2741
f 3983/1163/2741 3972/1151/1796 3973/1152/2740
f 3986/1164/2756 3985/1165/2757 3984/1166/2758
f 3985/1165/2757 3987/1167/528 3984/1166/2758
f 3987/1167/528 3985/1165/2757 3988/1168/2759
f 3988/1168/2759 3989/1169/2760 3987/1167/528
f 3989/1169/2760 3990/1170/2761 3987/1167/528
f 3991/1171/2762 3986/1164/2756 3984/1166/2758
f 3984/1166/2758 3992/1172/2763 3991/1171/2762
f 3984/1166/2758 3993/1173/2764 3992/1172/2763
f 3994/1174/1213 3984/1166/2758 3987/1167/528
f 3995/1175/2765 3994/1174/1213 3987/1167/528
f 3995/1175/2765 3987/1167/528 3990/1170/2761
f 3996/1176/2766 3995/1175/2765 3990/1170/2761
f 3997/1177/2767 3984/1166/2758 3994/1174/1213
f 3997/1177/2767 3993/1173/2764 3984/1166/2758
f 3994/1174/1213 3998/1178/2768 3997/1177/2767
f 3994/1174/1213 3999/1179/2769 3998/1178/2768
f 3985/1165/2757 3986/1164/2756 4000/1180/2770
f 3986/1164/2756 4001/1181/2771 4000/1180/2770
f 3986/1164/2756 3991/1171/2762 4001/1181/2771
f 3990/1170/2761 3989/1169/2760 4002/1182/2772
f 3989/1169/2760 4003/1183/2773 4002/1182/2772
f 3989/1169/2760 3988/1168/2759 4003/1183/2773
f 3988/1168/2759 4004/1184/2774 4003/1183/2773
f 3988/1168/2759 3985/1165/2757 4004/1184/2774
f 3985/1165/2757 4000/1180/2770 4004/1184/2774
f 3991/1171/2762 4005/1185/2775 4001/1181/2771
f 3991/1171/2762 3992/1172/2763 4005/1185/2775
f 3992/1172/2763 4006/1186/2776 4005/1185/2775
f 3992/1172/2763 3993/1173/2764 4006/1186/2776
f 3993/1173/2764 4007/1187/2777 4006/1186/2776
f 3993/1173/2764 4008/1188/2777 4007/1187/2777
f 3998/1178/2768 3999/1179/2769 4009/1189/2778
f 3998/1178/2768 4009/1189/2778 4010/1190/2779
f 3997/1177/2767 3998/1178/2768 4010/1190/2779
f 3993/1173/2764 3997/1177/2767 4008/1188/2777
f 3997/1177/2767 4010/1190/2779 4008/1188/2777
f 3990/1170/2761 4002/1182/2772 4011/1191/2780
f 3996/1176/2766 3990/1170/2761 4011/1191/2780
f 3996/1176/2766 4011/1191/2780 4012/1192/545
f 3995/1175/2765 3996/1176/2766 4012/1192/545
f 3995/1175/2765 4012/1192/545 4013/1193/2781
f 3994/1174/1213 3995/1175/2765 4013/1193/2781
f 3994/1174/1213 4013/1193/2781 4014/1194/2782
f 3999/1179/2769 3994/1174/1213 4014/1194/2782
f 3999/1179/2769 4015/1195/2783 4009/1189/2778
f 3999/1179/2769 4014/1194/2782 4015/1195/2783
f 4018/1196/2784 4017/1189/2784 4016/1195/2784
f 4021/1167/1179 4020/1165/2785 4019/1166/2786
f 4020/1165/2785 4022/1164/2787 4019/1166/2786
f 4020/1165/2785 4021/1167/1179 4023/1170/2788
f 4023/1170/2788 4024/1169/2789 4020/1165/2785
f 4024/1169/2789 4025/1168/2790 4020/1165/2785
f 4026/1173/2791 4019/1166/2786 4022/1164/2787
f 4022/1164/2787 4027/1172/2792 4026/1173/2791
f 4022/1164/2787 4028/1171/2793 4027/1172/2792
f 4019/1166/2786 4029/1174/573 4021/1167/1179
f 4029/1174/573 4030/1175/1213 4021/1167/1179
f 4021/1167/1179 4030/1175/1213 4023/1170/2788
f 4030/1175/1213 4031/1176/2766 4023/1170/2788
f 4032/1179/1215 4029/1174/573 4019/1166/2786
f 4019/1166/2786 4033/1178/2794 4032/1179/1215
f 4019/1166/2786 4034/1177/2795 4033/1178/2794
f 4026/1173/2791 4034/1177/2795 4019/1166/2786
f 4022/1164/2787 4020/1165/2785 4035/1180/2796
f 4036/1181/2797 4022/1164/2787 4035/1180/2796
f 4028/1171/2793 4022/1164/2787 4036/1181/2797
f 4024/1169/2789 4023/1170/2788 4037/1182/2798
f 4038/1183/2799 4024/1169/2789 4037/1182/2798
f 4025/1168/2790 4024/1169/2789 4038/1183/2799
f 4039/1184/2800 4025/1168/2790 4038/1183/2799
f 4035/1180/2796 4020/1165/2785 4039/1184/2800
f 4020/1165/2785 4025/1168/2790 4039/1184/2800
f 4040/1185/2801 4028/1171/2793 4036/1181/2797
f 4027/1172/2792 4028/1171/2793 4040/1185/2801
f 4041/1186/2802 4027/1172/2792 4040/1185/2801
f 4026/1173/2791 4027/1172/2792 4041/1186/2802
f 4042/1187/2803 4026/1173/2791 4041/1186/2802
f 4043/1188/2804 4026/1173/2791 4042/1187/2803
f 4034/1177/2795 4026/1173/2791 4043/1188/2804
f 4031/1176/2766 4030/1175/1213 4044/1192/1187
f 4044/1192/1187 4030/1175/1213 4045/1193/2805
f 4030/1175/1213 4029/1174/573 4045/1193/2805
f 4046/1191/2806 4031/1176/2766 4044/1192/1187
f 4037/1182/2798 4023/1170/2788 4046/1191/2806
f 4023/1170/2788 4031/1176/2766 4046/1191/2806
f 4045/1193/2805 4029/1174/573 4047/1194/2807
f 4029/1174/573 4032/1179/1215 4047/1194/2807
f 4047/1194/2807 4032/1179/1215 4048/1195/2808
f 4048/1195/2808 4032/1179/1215 4049/1189/2809
f 4032/1179/1215 4033/1178/2794 4049/1189/2809
f 4049/1189/2809 4033/1178/2794 4050/1190/2810
f 4033/1178/2794 4034/1177/2795 4050/1190/2810
f 4050/1190/2810 4034/1177/2795 4043/1188/2804
f 4053/1189/2811 4052/1196/2811 4051/1195/2811
