# Blender 4.0.2
# www.blender.org
mtllib goddard_pata_del_der.mtl
o C_rculo
v -0.014943 -0.070515 -0.406544
v 0.056957 -0.039715 -0.398844
v 0.126057 -0.010215 -0.376044
v 0.189757 0.017085 -0.339044
v 0.245657 0.040985 -0.289144
v 0.291457 0.060585 -0.228444
v 0.325557 0.075185 -0.159144
v 0.346457 0.084085 -0.083944
v 0.353557 0.087185 -0.005744
v 0.346457 0.084085 0.072456
v 0.325557 0.075185 0.147656
v 0.291457 0.060585 0.216956
v 0.245657 0.040985 0.277756
v 0.189757 0.017085 0.327556
v 0.126057 -0.010215 0.364656
v 0.056957 -0.039715 0.387456
v -0.014943 -0.070515 0.395156
v -0.086843 -0.101315 0.387456
v -0.156043 -0.130815 0.364656
v -0.219743 -0.158115 0.327556
v -0.275543 -0.182015 0.277756
v -0.321443 -0.201615 0.216956
v -0.355443 -0.216215 0.147656
v -0.376443 -0.225115 0.072456
v -0.383543 -0.228215 -0.005744
v -0.376443 -0.225115 -0.083944
v -0.355443 -0.216215 -0.159144
v -0.321443 -0.201615 -0.228444
v -0.275543 -0.182015 -0.289144
v -0.086843 -0.101315 -0.398844
v -0.219743 -0.158115 -0.339044
v -0.156043 -0.130815 -0.376044
v -0.324743 -0.346015 0.072456
v -0.278143 -0.365215 0.065456
v -0.284543 -0.368015 -0.005744
v -0.331743 -0.349115 -0.005744
v -0.104243 -0.251715 0.364656
v -0.168043 -0.279015 0.327556
v 0.036757 -0.191415 -0.406544
v -0.035143 -0.222115 -0.398844
v 0.297357 -0.079915 -0.289144
v 0.343157 -0.060315 -0.228444
v -0.035143 -0.222115 0.387456
v -0.104243 -0.251715 -0.376044
v 0.241557 -0.103815 -0.339044
v 0.036757 -0.191415 0.395156
v -0.168043 -0.279015 -0.339044
v 0.177757 -0.131015 -0.376044
v 0.108657 -0.160615 0.387456
v -0.223843 -0.302915 -0.289144
v 0.108657 -0.160615 -0.398844
v 0.177757 -0.131015 0.364656
v -0.269643 -0.322515 -0.228444
v 0.241557 -0.103815 0.327556
v -0.303743 -0.337115 -0.159144
v 0.297357 -0.079915 0.277756
v -0.324743 -0.346015 -0.083944
v 0.343157 -0.060315 0.216956
v 0.377256 -0.045715 0.147656
v 0.398257 -0.036715 0.072456
v -0.303743 -0.337115 0.147656
v 0.405256 -0.033715 -0.005744
v -0.269643 -0.322515 0.216956
v 0.398257 -0.036715 -0.083944
v -0.223843 -0.302915 0.277756
v 0.377256 -0.045715 -0.159144
v -0.186343 -0.325915 0.252356
v -0.197943 -0.352015 0.273256
v -0.243043 -0.371315 0.213456
v -0.228043 -0.343815 0.197056
v 0.379957 -0.083715 0.065456
v 0.360857 -0.091815 0.133956
v -0.259043 -0.357115 0.133956
v 0.386357 -0.080915 -0.005744
v 0.379957 -0.083715 -0.076944
v 0.360857 -0.091815 -0.145344
v -0.135443 -0.304215 0.297656
v 0.329857 -0.105115 -0.208444
v -0.077443 -0.279415 0.331456
v -0.014543 -0.252515 -0.363644
v 0.050857 -0.224515 -0.370644
v 0.288157 -0.123015 -0.263744
v -0.014543 -0.252515 0.352156
v -0.077443 -0.279415 -0.342844
v 0.237257 -0.144715 -0.309144
v 0.050857 -0.224515 0.359156
v -0.135443 -0.304215 -0.309144
v 0.179257 -0.169515 -0.342844
v 0.116357 -0.196415 0.352156
v -0.186343 -0.325915 -0.263744
v 0.116357 -0.196415 -0.363644
v 0.179257 -0.169515 0.331456
v -0.228043 -0.343815 -0.208444
v 0.237257 -0.144715 0.297656
v -0.259043 -0.357115 -0.145344
v 0.288157 -0.123015 0.252356
v -0.278143 -0.365215 -0.076944
v 0.329857 -0.105115 0.197056
v -0.080243 -0.301615 0.358756
v -0.012243 -0.272515 0.381156
v 0.047357 -0.411915 0.381156
v -0.020643 -0.441015 0.358756
v 0.393557 -0.098915 -0.156644
v 0.414257 -0.090115 -0.082644
v -0.142943 -0.328515 0.322256
v 0.360057 -0.113315 -0.224844
v -0.012243 -0.272515 -0.392544
v 0.058557 -0.242315 -0.400144
v 0.314957 -0.132615 -0.284644
v -0.080243 -0.301615 -0.370144
v 0.260057 -0.156115 -0.333644
v 0.058557 -0.242315 0.388756
v -0.142943 -0.328515 -0.333644
v 0.197357 -0.182915 -0.370144
v 0.129257 -0.212015 0.381156
v -0.197943 -0.352015 -0.284644
v 0.129257 -0.212015 -0.392544
v 0.197357 -0.182915 0.358756
v -0.243043 -0.371315 -0.224844
v 0.260057 -0.156115 0.322256
v -0.276543 -0.385615 -0.156644
v 0.314957 -0.132615 0.273256
v -0.297143 -0.394415 -0.082644
v 0.360057 -0.113315 0.213456
v -0.304143 -0.397415 -0.005744
v 0.393557 -0.098915 0.145256
v -0.297143 -0.394415 0.071256
v 0.414257 -0.090115 0.071256
v -0.276543 -0.385615 0.145256
v 0.421156 -0.087115 -0.005744
v 0.256957 -0.322315 0.358756
v 0.258457 -0.367015 0.319756
v 0.197757 -0.393015 0.339756
v 0.188957 -0.351415 0.381156
v -0.020643 -0.441015 -0.370144
v 0.047357 -0.411915 -0.392544
v 0.319657 -0.295415 -0.333644
v 0.374557 -0.271915 -0.284644
v 0.118157 -0.381615 0.388756
v -0.083343 -0.467815 -0.333644
v 0.256957 -0.322315 -0.370144
v -0.138243 -0.491415 -0.284644
v 0.188957 -0.351415 -0.392544
v -0.183343 -0.510715 -0.224844
v 0.118157 -0.381615 -0.400144
v 0.319657 -0.295415 0.322256
v -0.216943 -0.525015 -0.156644
v 0.374557 -0.271915 0.273256
v -0.237543 -0.533815 -0.082644
v 0.419656 -0.252615 0.213456
v -0.244543 -0.536815 -0.005744
v 0.453257 -0.238315 0.145256
v -0.237543 -0.533815 0.071256
v 0.473857 -0.229515 0.071256
v -0.216943 -0.525015 0.145256
v 0.480857 -0.226515 -0.005744
v -0.183343 -0.510715 0.213456
v 0.473857 -0.229515 -0.082644
v -0.138243 -0.491415 0.273256
v 0.453257 -0.238315 -0.156644
v -0.083343 -0.467815 0.322256
v 0.419656 -0.252615 -0.224844
v 0.403856 -0.304815 0.189956
v 0.454657 -0.336515 0.212856
v 0.409656 -0.355715 0.272456
v 0.363557 -0.322015 0.243356
v -0.134743 -0.535215 -0.201444
v -0.094443 -0.518015 -0.254844
v 0.197757 -0.393015 -0.351244
v 0.134557 -0.420015 -0.357944
v 0.314457 -0.343015 0.287156
v -0.164643 -0.548015 -0.140544
v -0.183043 -0.555915 -0.074444
v -0.189343 -0.558515 -0.005744
v 0.433757 -0.292015 0.129056
v -0.183043 -0.555915 0.063056
v 0.452157 -0.284115 0.063056
v -0.164643 -0.548015 0.129056
v 0.458456 -0.281415 -0.005744
v -0.134743 -0.535215 0.189956
v 0.452157 -0.284115 -0.074444
v -0.094443 -0.518015 0.243356
v 0.433757 -0.292015 -0.140544
v -0.045343 -0.497015 0.287156
v 0.403856 -0.304815 -0.201444
v 0.010657 -0.473015 0.319756
v 0.071357 -0.447015 -0.351244
v 0.363557 -0.322015 -0.254844
v 0.071357 -0.447015 0.339756
v 0.010657 -0.473015 -0.331144
v 0.314457 -0.343015 -0.298644
v 0.134557 -0.420015 0.346556
v -0.045343 -0.497015 -0.298644
v 0.258457 -0.367015 -0.331144
v 0.574557 -0.448115 -0.005744
v 0.567557 -0.451115 0.071056
v 0.508657 -0.313415 0.071056
v 0.515557 -0.310415 -0.005744
v -0.200843 -0.616915 -0.082444
v -0.207843 -0.619915 -0.005744
v 0.488057 -0.322215 0.144856
v -0.200843 -0.616915 0.071056
v -0.180343 -0.608115 0.144856
v -0.146843 -0.593815 0.212856
v 0.508657 -0.313415 -0.082444
v -0.101843 -0.574615 0.272456
v 0.488057 -0.322215 -0.156244
v -0.047043 -0.551115 0.321456
v 0.454657 -0.336515 -0.224244
v 0.015457 -0.524415 0.357756
v 0.083357 -0.495315 -0.391544
v 0.153857 -0.465215 -0.399144
v 0.409656 -0.355715 -0.283944
v 0.083357 -0.495315 0.380156
v 0.015457 -0.524415 -0.369144
v 0.354857 -0.379215 -0.332844
v 0.153857 -0.465215 0.387756
v -0.047043 -0.551115 -0.332844
v 0.292357 -0.405915 -0.369144
v 0.224457 -0.435015 0.380156
v -0.101843 -0.574615 -0.283944
v 0.224457 -0.435015 -0.391544
v 0.292357 -0.405915 0.357756
v -0.146843 -0.593815 -0.224244
v 0.354857 -0.379215 0.321456
v -0.180343 -0.608115 -0.156244
v 0.513557 -0.474215 -0.224244
v 0.497557 -0.554115 -0.193644
v 0.526857 -0.543415 -0.135144
v 0.546957 -0.459915 -0.156244
v -0.087943 -0.731515 0.212856
v -0.121343 -0.745815 0.144856
v 0.567557 -0.451115 -0.082444
v -0.042943 -0.712315 0.272456
v 0.011857 -0.688815 0.321456
v 0.074357 -0.662115 0.357756
v 0.142257 -0.633115 -0.391544
v 0.212757 -0.602915 -0.399144
v 0.468556 -0.493415 -0.283944
v 0.142257 -0.633115 0.380156
v 0.074357 -0.662115 -0.369144
v 0.413757 -0.516915 -0.332844
v 0.212757 -0.602915 0.387756
v 0.011857 -0.688815 -0.332844
v 0.351257 -0.543615 -0.369144
v 0.283357 -0.572715 0.380156
v -0.042943 -0.712315 -0.283944
v 0.283357 -0.572715 -0.391544
v 0.351257 -0.543615 0.357756
v -0.087943 -0.731515 -0.224244
v 0.413757 -0.516915 0.321456
v -0.121343 -0.745815 -0.156244
v 0.468556 -0.493415 0.272456
v -0.141943 -0.754615 -0.082444
v 0.513557 -0.474215 0.212856
v -0.148943 -0.757615 -0.005744
v 0.546957 -0.459915 0.144856
v -0.141943 -0.754615 0.071056
v 0.606257 -0.558215 0.070256
v 0.585457 -0.565915 0.143356
v 0.526857 -0.543415 0.123756
v 0.544957 -0.536815 0.060256
v 0.111857 -0.695615 0.306856
v 0.056857 -0.715715 0.275656
v 0.171457 -0.673715 -0.337544
v 0.233357 -0.651015 -0.344044
v 0.458057 -0.568615 -0.244944
v 0.171457 -0.673715 0.326156
v 0.111857 -0.695615 -0.318344
v 0.409857 -0.586315 -0.287044
v 0.233357 -0.651015 0.332656
v 0.056857 -0.715715 -0.287044
v 0.354957 -0.606415 -0.318344
v 0.295357 -0.628315 0.326156
v 0.008757 -0.733315 -0.244944
v 0.295357 -0.628315 -0.337544
v 0.354957 -0.606415 0.306856
v -0.030743 -0.747815 -0.193644
v 0.409857 -0.586315 0.275656
v -0.060143 -0.758615 -0.135144
v 0.458057 -0.568615 0.233556
v -0.078143 -0.765215 -0.071744
v 0.497557 -0.554115 0.182256
v -0.084243 -0.767415 -0.005744
v -0.078143 -0.765215 0.060256
v -0.060143 -0.758615 0.123756
v 0.551057 -0.534515 -0.005744
v -0.030743 -0.747815 0.182256
v 0.544957 -0.536815 -0.071744
v 0.008757 -0.733315 0.233556
v 0.585457 -0.565915 -0.154744
v 0.633757 -0.697815 -0.154744
v 0.654557 -0.690115 -0.081644
v 0.606257 -0.558215 -0.081644
v -0.090243 -0.813615 0.143356
v -0.111043 -0.821215 0.070256
v 0.613257 -0.555615 -0.005744
v -0.056443 -0.801215 0.210656
v -0.010943 -0.784515 0.269656
v 0.044457 -0.764215 0.318156
v 0.551657 -0.578215 -0.222044
v 0.107657 -0.741015 0.354156
v 0.176257 -0.715915 -0.387744
v 0.247557 -0.689715 -0.395144
v 0.506157 -0.594915 -0.281144
v 0.176257 -0.715915 0.376256
v 0.107657 -0.741015 -0.365544
v 0.450757 -0.615215 -0.329544
v 0.247557 -0.689715 0.383756
v 0.044457 -0.764215 -0.329544
v 0.387557 -0.638415 -0.365544
v 0.318957 -0.663615 0.376256
v -0.010943 -0.784515 -0.281144
v 0.318957 -0.663615 -0.387744
v 0.387557 -0.638415 0.354156
v -0.056443 -0.801215 -0.222044
v 0.450757 -0.615215 0.318156
v -0.090243 -0.813615 -0.154744
v 0.506157 -0.594915 0.269656
v -0.111043 -0.821215 -0.081644
v 0.551657 -0.578215 0.210656
v -0.118143 -0.823815 -0.005744
v 0.542157 -0.809315 -0.241544
v 0.554557 -0.726815 -0.281144
v 0.499157 -0.747215 -0.329544
v 0.493757 -0.823915 -0.282944
v 0.092757 -0.896115 0.318156
v 0.037357 -0.916415 0.269656
v 0.599957 -0.710215 -0.222044
v 0.156057 -0.872915 0.354156
v 0.224657 -0.847815 -0.387744
v 0.295957 -0.821615 -0.395144
v 0.224657 -0.847815 0.376256
v 0.156057 -0.872915 -0.365544
v 0.295957 -0.821615 0.383756
v 0.092757 -0.896115 -0.329544
v 0.435857 -0.770315 -0.365544
v 0.367257 -0.795515 0.376256
v 0.037357 -0.916415 -0.281144
v 0.367257 -0.795515 -0.387744
v 0.435857 -0.770315 0.354156
v -0.008143 -0.933115 -0.222044
v 0.499157 -0.747215 0.318156
v -0.041943 -0.945515 -0.154744
v 0.554557 -0.726815 0.269656
v -0.062743 -0.953115 -0.081644
v 0.599957 -0.710215 0.210656
v -0.069743 -0.955715 -0.005744
v 0.633757 -0.697815 0.143356
v -0.062743 -0.953115 0.070256
v 0.654557 -0.690115 0.070256
v -0.041943 -0.945515 0.143356
v 0.661657 -0.687615 -0.005744
v -0.008143 -0.933115 0.210656
v 0.327757 -0.915215 -0.382844
v 0.398257 -0.893915 -0.375644
v 0.378656 -0.858615 -0.332744
v 0.316357 -0.877415 -0.339144
v 0.316357 -0.877415 0.327756
v 0.254057 -0.896115 0.321356
v 0.138957 -0.930815 -0.282944
v 0.194157 -0.914215 -0.313744
v 0.438557 -0.840515 -0.313744
v 0.378656 -0.858615 0.321356
v 0.090657 -0.945415 -0.241544
v 0.438557 -0.840515 0.302356
v 0.050957 -0.957415 -0.190944
v 0.493757 -0.823915 0.271556
v 0.021457 -0.966315 -0.133344
v 0.542157 -0.809315 0.230056
v 0.003257 -0.971715 -0.070744
v 0.581857 -0.797415 0.179556
v -0.002943 -0.973615 -0.005744
v 0.611357 -0.788515 0.121856
v 0.003257 -0.971715 0.059356
v 0.629557 -0.783015 0.059356
v 0.021457 -0.966315 0.121856
v 0.635657 -0.781115 -0.005744
v 0.050957 -0.957415 0.179556
v 0.629557 -0.783015 -0.070744
v 0.090657 -0.945415 0.230056
v 0.611357 -0.788515 -0.133344
v 0.138957 -0.930815 0.271556
v 0.581857 -0.797415 -0.190944
v 0.194157 -0.914215 0.302356
v 0.254057 -0.896115 -0.332744
v 0.661357 -0.814615 0.138656
v 0.698657 -0.938315 0.138656
v 0.665257 -0.948415 0.203856
v 0.628057 -0.824715 0.203856
v 0.528357 -0.854715 0.307856
v 0.465957 -0.873515 0.342756
v 0.027557 -1.005715 -0.215244
v -0.005843 -1.015714 -0.150044
v 0.583157 -0.838215 0.260956
v -0.026343 -1.021914 -0.079244
v -0.033343 -1.024014 -0.005744
v -0.026343 -1.021914 0.067856
v 0.681957 -0.808415 0.067856
v -0.005843 -1.015714 0.138656
v 0.688857 -0.806315 -0.005744
v 0.027557 -1.005715 0.203856
v 0.681957 -0.808415 -0.079244
v 0.072457 -0.992115 0.260956
v 0.661357 -0.814615 -0.150044
v 0.127157 -0.975615 0.307856
v 0.628057 -0.824715 -0.215244
v 0.189557 -0.956815 0.342756
v 0.257357 -0.936415 -0.375644
v 0.583157 -0.838215 -0.272344
v 0.257357 -0.936415 0.364156
v 0.189557 -0.956815 -0.354144
v 0.528357 -0.854715 -0.319244
v 0.327757 -0.915215 0.371456
v 0.127157 -0.975615 -0.319244
v 0.465957 -0.873515 -0.354144
v 0.398257 -0.893915 0.364156
v 0.072457 -0.992115 -0.272344
v 0.687257 -1.017715 -0.005744
v 0.726157 -0.930015 -0.005744
v 0.719257 -0.932115 -0.079244
v 0.681357 -1.019015 -0.067244
v 0.010857 -1.145614 0.067856
v 0.003957 -1.147714 -0.005744
v 0.719257 -0.932115 0.067856
v 0.031457 -1.139415 0.138656
v 0.064857 -1.129314 0.203856
v 0.109757 -1.115814 0.260956
v 0.698657 -0.938315 -0.150044
v 0.164457 -1.099314 0.307856
v 0.665257 -0.948415 -0.215244
v 0.226857 -1.080514 0.342756
v 0.365057 -1.038914 -0.382844
v 0.294657 -1.060114 -0.375644
v 0.620357 -0.961915 -0.272344
v 0.294657 -1.060114 0.364156
v 0.226857 -1.080514 -0.354144
v 0.565657 -0.978415 -0.319244
v 0.365057 -1.038914 0.371456
v 0.164457 -1.099314 -0.319244
v 0.503257 -0.997215 -0.354144
v 0.435456 -1.017614 0.364156
v 0.109757 -1.115814 -0.272344
v 0.435456 -1.017614 -0.375644
v 0.503257 -0.997215 0.342756
v 0.064857 -1.129314 -0.215244
v 0.565657 -0.978415 0.307856
v 0.031457 -1.139415 -0.150044
v 0.620357 -0.961915 0.260956
v 0.010857 -1.145614 -0.079244
v 0.378756 -1.084214 -0.321344
v 0.318557 -1.097214 -0.315244
v 0.321557 -1.156815 -0.363344
v 0.391157 -1.141814 -0.370444
v 0.160557 -1.131315 0.217456
v 0.122157 -1.139514 0.169656
v 0.663757 -1.022815 -0.126444
v 0.207357 -1.121214 0.256756
v 0.635257 -1.028914 -0.181044
v 0.260657 -1.109715 0.285856
v 0.596857 -1.037215 -0.228844
v 0.318557 -1.097214 0.303856
v 0.260657 -1.109715 -0.297244
v 0.550157 -1.047314 -0.268144
v 0.378756 -1.084214 0.309856
v 0.207357 -1.121214 -0.268144
v 0.496757 -1.058815 -0.297244
v 0.438957 -1.071315 0.303856
v 0.160557 -1.131315 -0.228844
v 0.438957 -1.071315 -0.315244
v 0.496757 -1.058815 0.285856
v 0.122157 -1.139514 -0.181044
v 0.550157 -1.047314 0.256756
v 0.093657 -1.145715 -0.126444
v 0.596857 -1.037215 0.217456
v 0.076157 -1.149514 -0.067244
v 0.635257 -1.028914 0.169656
v 0.070257 -1.150714 -0.005744
v 0.663757 -1.022815 0.115056
v 0.076157 -1.149514 0.055856
v 0.681357 -1.019015 0.055856
v 0.093657 -1.145715 0.115056
v 0.139057 -1.196115 -0.263544
v 0.166257 -1.322114 -0.263544
v 0.220257 -1.310514 -0.308944
v 0.193057 -1.184515 -0.308944
v 0.643257 -1.087415 -0.263544
v 0.687557 -1.077914 -0.208344
v 0.321557 -1.156815 0.351956
v 0.254757 -1.171215 0.331256
v 0.254757 -1.171215 -0.342644
v 0.589157 -1.099114 -0.308944
v 0.391157 -1.141814 0.358956
v 0.527557 -1.112415 -0.342644
v 0.460656 -1.126814 0.351956
v 0.460656 -1.126814 -0.363344
v 0.527557 -1.112415 0.331256
v 0.094757 -1.205714 -0.208344
v 0.589157 -1.099114 0.297556
v 0.061757 -1.212815 -0.145244
v 0.643257 -1.087415 0.252156
v 0.041457 -1.217215 -0.076844
v 0.687557 -1.077914 0.196856
v 0.034657 -1.218714 -0.005744
v 0.720457 -1.070814 0.133856
v 0.041457 -1.217215 0.065456
v 0.740757 -1.066415 0.065456
v 0.061757 -1.212815 0.133856
v 0.747657 -1.064914 -0.005744
v 0.094757 -1.205714 0.196856
v 0.740757 -1.066415 -0.076844
v 0.139057 -1.196115 0.252156
v 0.720457 -1.070814 -0.145244
v 0.193057 -1.184515 0.297556
v 0.128457 -1.344815 -0.065344
v 0.145557 -1.341815 -0.122644
v 0.088957 -1.338814 -0.145244
v 0.068657 -1.343115 -0.076844
v 0.487856 -1.252815 -0.363344
v 0.554757 -1.238315 -0.342644
v 0.554757 -1.238315 0.331256
v 0.487856 -1.252815 0.351956
v 0.121857 -1.331715 -0.208344
v 0.418256 -1.267814 -0.370444
v 0.616357 -1.225014 0.297556
v 0.670357 -1.213414 0.252156
v 0.714757 -1.203815 0.196856
v 0.061757 -1.344615 -0.005744
v 0.747657 -1.196714 0.133856
v 0.068657 -1.343115 0.065456
v 0.767957 -1.192415 0.065456
v 0.088957 -1.338814 0.133856
v 0.774757 -1.190914 -0.005744
v 0.121857 -1.331715 0.196856
v 0.767957 -1.192415 -0.076844
v 0.166257 -1.322114 0.252156
v 0.747657 -1.196714 -0.145244
v 0.220257 -1.310514 0.297556
v 0.714757 -1.203815 -0.208344
v 0.281857 -1.297215 0.331256
v 0.348757 -1.282715 -0.363344
v 0.670357 -1.213414 -0.263544
v 0.348757 -1.282715 0.351956
v 0.281857 -1.297215 -0.342644
v 0.616357 -1.225014 -0.308944
v 0.418256 -1.267814 0.358956
v 0.145557 -1.341815 0.111256
v 0.105657 -1.382715 0.130456
v 0.085757 -1.386214 0.063656
v 0.128457 -1.344815 0.053956
v 0.674257 -1.250114 0.164156
v 0.636857 -1.256614 0.210456
v 0.122657 -1.345814 -0.005744
v 0.702157 -1.245315 0.111256
v 0.719257 -1.242315 0.053956
v 0.725057 -1.241314 -0.005744
v 0.173457 -1.337014 0.164156
v 0.719257 -1.242315 -0.065344
v 0.210857 -1.330514 0.210456
v 0.702157 -1.245315 -0.122644
v 0.256557 -1.322614 0.248456
v 0.674257 -1.250114 -0.175544
v 0.308557 -1.313514 0.276656
v 0.365057 -1.303715 -0.305544
v 0.423857 -1.293514 -0.311444
v 0.636857 -1.256614 -0.221844
v 0.365057 -1.303715 0.294056
v 0.308557 -1.313514 -0.288144
v 0.591157 -1.264514 -0.259844
v 0.423857 -1.293514 0.299956
v 0.256557 -1.322614 -0.259844
v 0.539157 -1.273614 -0.288144
v 0.482657 -1.283415 0.294056
v 0.210857 -1.330514 -0.221844
v 0.482657 -1.283415 -0.305544
v 0.539157 -1.273614 0.276656
v 0.173457 -1.337014 -0.175544
v 0.591157 -1.264514 0.248456
v 0.234857 -1.360315 0.290156
v 0.256457 -1.485315 0.290156
v 0.203357 -1.494514 0.245856
v 0.181657 -1.369615 0.245856
v 0.780157 -1.265815 -0.005744
v 0.773457 -1.266915 0.063656
v 0.138057 -1.377115 0.191956
v 0.773457 -1.266915 -0.075144
v 0.753457 -1.270415 -0.141844
v 0.721057 -1.276015 -0.203344
v 0.295457 -1.349814 0.323056
v 0.361157 -1.338414 -0.354644
v 0.429557 -1.326615 -0.361544
v 0.677457 -1.283614 -0.257344
v 0.361157 -1.338414 0.343256
v 0.295457 -1.349814 -0.334444
v 0.624357 -1.292814 -0.301544
v 0.429557 -1.326615 0.350056
v 0.234857 -1.360315 -0.301544
v 0.563757 -1.303314 -0.334444
v 0.497956 -1.314714 0.343256
v 0.181657 -1.369615 -0.257344
v 0.497956 -1.314714 -0.354644
v 0.563757 -1.303314 0.323056
v 0.138057 -1.377115 -0.203344
v 0.624357 -1.292814 0.290156
v 0.105657 -1.382715 -0.141844
v 0.677457 -1.283614 0.245856
v 0.085757 -1.386214 -0.075144
v 0.721057 -1.276015 0.191956
v 0.078957 -1.387414 -0.005744
v 0.753457 -1.270415 0.130456
v 0.451256 -1.451514 0.350056
v 0.459657 -1.500215 0.304356
v 0.399357 -1.503715 0.298356
v 0.382857 -1.463315 0.343256
v 0.742757 -1.400914 -0.203344
v 0.775157 -1.395314 -0.141844
v 0.317057 -1.474715 0.323056
v 0.382857 -1.463315 -0.354644
v 0.451256 -1.451514 -0.361544
v 0.699157 -1.408514 -0.257344
v 0.317057 -1.474715 -0.334444
v 0.646057 -1.417715 -0.301544
v 0.256457 -1.485315 -0.301544
v 0.585357 -1.428215 -0.334444
v 0.519657 -1.439615 0.343256
v 0.203357 -1.494514 -0.257344
v 0.519657 -1.439615 -0.354644
v 0.585357 -1.428215 0.323056
v 0.159757 -1.502014 -0.203344
v 0.646057 -1.417715 0.290156
v 0.127357 -1.507615 -0.141844
v 0.699157 -1.408514 0.245856
v 0.107357 -1.511115 -0.075144
v 0.742757 -1.400914 0.191956
v 0.100657 -1.512315 -0.005744
v 0.775157 -1.395314 0.130456
v 0.107357 -1.511115 0.063656
v 0.795057 -1.391915 0.063656
v 0.127357 -1.507615 0.130456
v 0.801857 -1.390714 -0.005744
v 0.159757 -1.502014 0.191956
v 0.795057 -1.391915 -0.075144
v 0.631657 -1.490515 0.252056
v 0.655757 -1.512815 0.286156
v 0.595157 -1.516215 0.318556
v 0.578157 -1.493515 0.280756
v 0.287757 -1.510015 -0.263544
v 0.341257 -1.507015 -0.292144
v 0.578157 -1.493515 -0.292144
v 0.631657 -1.490515 -0.263544
v 0.520057 -1.496814 0.298356
v 0.240857 -1.512715 -0.224944
v 0.520057 -1.496814 -0.309844
v 0.202357 -1.514915 -0.177944
v 0.459657 -1.500215 -0.315744
v 0.173757 -1.516515 -0.124344
v 0.678557 -1.487814 0.213556
v 0.156057 -1.517514 -0.066244
v 0.717057 -1.485615 0.166556
v 0.150157 -1.517915 -0.005744
v 0.745657 -1.484015 0.112956
v 0.156057 -1.517514 0.054756
v 0.763257 -1.483015 0.054756
v 0.173757 -1.516515 0.112956
v 0.769257 -1.482615 -0.005744
v 0.202357 -1.514915 0.166556
v 0.763257 -1.483015 -0.066244
v 0.240857 -1.512715 0.213556
v 0.745657 -1.484015 -0.124344
v 0.287757 -1.510015 0.252056
v 0.717057 -1.485615 -0.177944
v 0.341257 -1.507015 0.280756
v 0.399357 -1.503715 -0.309844
v 0.678557 -1.487814 -0.224944
v 0.784857 -1.505414 0.128656
v 0.791857 -1.628415 0.128656
v 0.759457 -1.630315 0.189356
v 0.752457 -1.507314 0.189356
v 0.169657 -1.540514 -0.200744
v 0.137257 -1.542315 -0.140044
v 0.708857 -1.509815 0.242456
v 0.117357 -1.543415 -0.074144
v 0.110557 -1.543814 -0.005744
v 0.117357 -1.543415 0.062756
v 0.804757 -1.504314 0.062756
v 0.137257 -1.542315 0.128656
v 0.811457 -1.503915 -0.005744
v 0.169657 -1.540514 0.189356
v 0.804757 -1.504314 -0.074144
v 0.213257 -1.538014 0.242456
v 0.784857 -1.505414 -0.140044
v 0.266357 -1.535015 0.286156
v 0.752457 -1.507314 -0.200744
v 0.326957 -1.531514 0.318556
v 0.392657 -1.527815 -0.349944
v 0.461057 -1.523915 -0.356744
v 0.708857 -1.509815 -0.253944
v 0.392657 -1.527815 0.338556
v 0.326957 -1.531514 -0.330044
v 0.655757 -1.512815 -0.297544
v 0.461057 -1.523915 0.345356
v 0.266357 -1.535015 -0.297544
v 0.595157 -1.516215 -0.330044
v 0.529457 -1.520015 0.338556
v 0.213257 -1.538014 -0.253944
v 0.529457 -1.520015 -0.349944
v 0.811757 -1.627315 -0.074144
v 0.776257 -1.682314 -0.066644
v 0.782257 -1.682314 -0.005744
v 0.818557 -1.626915 -0.005744
v 0.124357 -1.666414 0.062756
v 0.117557 -1.666815 -0.005744
v 0.811757 -1.627315 0.062756
v 0.144257 -1.665314 0.128656
v 0.176657 -1.663515 0.189356
v 0.220257 -1.661015 0.242456
v 0.791857 -1.628415 -0.140044
v 0.273357 -1.658015 0.286156
v 0.759457 -1.630315 -0.200744
v 0.333957 -1.654515 0.318556
v 0.468057 -1.646914 -0.356744
v 0.399657 -1.650815 -0.349944
v 0.715857 -1.632814 -0.253944
v 0.399657 -1.650815 0.338556
v 0.333957 -1.654515 -0.330044
v 0.662757 -1.635814 -0.297544
v 0.468057 -1.646914 0.345356
v 0.273357 -1.658015 -0.297544
v 0.602157 -1.639215 -0.330044
v 0.536457 -1.643014 0.338556
v 0.220257 -1.661015 -0.253944
v 0.536457 -1.643014 -0.349944
v 0.602157 -1.639215 0.318556
v 0.176657 -1.663515 -0.200744
v 0.662757 -1.635814 0.286156
v 0.144257 -1.665314 -0.140044
v 0.715857 -1.632814 0.242456
v 0.124357 -1.666414 -0.074144
v 0.661657 -1.716214 0.280856
v 0.602057 -1.716414 0.312656
v 0.589557 -1.682815 0.282656
v 0.643557 -1.682714 0.253856
v 0.249357 -1.683715 0.215056
v 0.210557 -1.683815 0.167756
v 0.758457 -1.682415 -0.125144
v 0.296657 -1.683515 0.253856
v 0.729657 -1.682415 -0.179144
v 0.350657 -1.683414 0.282656
v 0.409257 -1.683315 -0.311844
v 0.470157 -1.683115 -0.317844
v 0.690857 -1.682514 -0.226444
v 0.409257 -1.683315 0.300456
v 0.350657 -1.683414 -0.294144
v 0.643557 -1.682714 -0.265244
v 0.470157 -1.683115 0.306456
v 0.296657 -1.683515 -0.265244
v 0.589557 -1.682815 -0.294144
v 0.531057 -1.682914 0.300456
v 0.249357 -1.683715 -0.226444
v 0.531057 -1.682914 -0.311844
v 0.210557 -1.683815 -0.179144
v 0.181757 -1.683815 -0.125144
v 0.690857 -1.682514 0.215056
v 0.163957 -1.683914 -0.066644
v 0.729657 -1.682415 0.167756
v 0.157957 -1.683914 -0.005744
v 0.758457 -1.682415 0.113756
v 0.163957 -1.683914 0.055156
v 0.776257 -1.682314 0.055156
v 0.181757 -1.683815 0.113756
v 0.756757 -1.716015 0.185756
v 0.788557 -1.715914 0.126156
v 0.788857 -1.781515 0.126156
v 0.757057 -1.781615 0.185756
v 0.151757 -1.717515 -0.137544
v 0.183657 -1.717415 -0.197144
v 0.713857 -1.716115 0.237956
v 0.132157 -1.717614 -0.072944
v 0.125557 -1.717614 -0.005744
v 0.132157 -1.717614 0.061556
v 0.808157 -1.715815 0.061556
v 0.151757 -1.717515 0.126156
v 0.814857 -1.715815 -0.005744
v 0.183657 -1.717415 0.185756
v 0.808157 -1.715815 -0.072944
v 0.226557 -1.717314 0.237956
v 0.788557 -1.715914 -0.137544
v 0.278757 -1.717215 0.280856
v 0.756757 -1.716015 -0.197144
v 0.338357 -1.717015 0.312656
v 0.402957 -1.716914 -0.343744
v 0.470157 -1.716715 -0.350344
v 0.713857 -1.716115 -0.249444
v 0.402957 -1.716914 0.332256
v 0.338357 -1.717015 -0.324144
v 0.661657 -1.716214 -0.292244
v 0.470157 -1.716715 0.338956
v 0.278757 -1.717215 -0.292244
v 0.602057 -1.716414 -0.324144
v 0.537457 -1.716515 0.332256
v 0.226557 -1.717314 -0.249444
v 0.537457 -1.716515 -0.343744
v 0.403257 -1.782515 -0.343744
v 0.338557 -1.782715 -0.324144
v 0.279057 -1.782815 -0.292244
v 0.226757 -1.783015 -0.249444
v 0.183957 -1.783114 -0.197144
v 0.152057 -1.783215 -0.137544
v 0.132457 -1.783215 -0.072944
v 0.125857 -1.783215 -0.005744
v 0.132457 -1.783215 0.061556
v 0.152057 -1.783215 0.126156
v 0.183957 -1.783114 0.185756
v 0.226757 -1.783015 0.237956
v 0.279057 -1.782815 0.280856
v 0.338557 -1.782715 0.312656
v 0.403257 -1.782515 0.332256
v 0.470457 -1.782414 0.338956
v 0.537757 -1.782215 0.332256
v 0.602357 -1.782015 0.312656
v 0.661957 -1.781914 0.280856
v 0.714157 -1.781714 0.237956
v 0.808457 -1.781515 0.061556
v 0.815157 -1.781515 -0.005744
v 0.808457 -1.781515 -0.072944
v 0.788857 -1.781515 -0.137544
v 0.757057 -1.781615 -0.197144
v 0.714157 -1.781714 -0.249444
v 0.661957 -1.781914 -0.292244
v 0.602357 -1.782015 -0.324144
v 0.537757 -1.782215 -0.343744
v 0.470457 -1.782414 -0.350344
vn 0.3933 -0.9194 -0.0000
vn 0.3934 -0.9193 -0.0002
vn 0.3933 -0.9194 -0.0002
vn 0.3933 -0.9194 0.0001
vn 0.3934 -0.9194 0.0001
vn 0.3933 -0.9194 -0.0001
vn 0.3934 -0.9194 -0.0000
vn 0.3710 0.9260 -0.0698
vn 0.3713 0.9259 -0.0694
vn 0.4334 0.1851 -0.8820
vn 0.4334 0.1854 -0.8819
vn 0.0901 0.0385 0.9952
vn 0.0901 0.0386 0.9952
vn -0.7107 -0.3039 0.6344
vn 0.2668 0.1142 -0.9570
vn 0.2672 0.1142 -0.9569
vn 0.2667 0.1141 0.9570
vn 0.2670 0.1141 0.9569
vn -0.5833 -0.2495 0.7730
vn 0.0901 0.0385 -0.9952
vn 0.4334 0.1854 0.8819
vn 0.4335 0.1854 0.8819
vn -0.4334 -0.1854 0.8819
vn -0.0901 -0.0385 -0.9952
vn 0.5835 0.2495 0.7728
vn 0.5834 0.2495 0.7729
vn -0.2669 -0.1141 0.9570
vn -0.2670 -0.1143 0.9569
vn -0.2668 -0.1142 -0.9570
vn -0.2670 -0.1142 -0.9569
vn 0.7107 0.3041 0.6344
vn 0.7105 0.3040 0.6346
vn -0.0901 -0.0385 0.9952
vn -0.4334 -0.1853 -0.8819
vn -0.4334 -0.1854 -0.8819
vn 0.8109 0.3469 0.4713
vn 0.8108 0.3469 0.4714
vn -0.5832 -0.2494 -0.7731
vn -0.5832 -0.2495 -0.7731
vn 0.8799 0.3763 0.2902
vn -0.7109 -0.3041 -0.6342
vn -0.7106 -0.3041 -0.6344
vn 0.9150 0.3914 0.0978
vn 0.9150 0.3914 0.0980
vn -0.8108 -0.3469 -0.4714
vn -0.8106 -0.3466 -0.4719
vn 0.9150 0.3914 -0.0980
vn 0.9150 0.3914 -0.0978
vn -0.8798 -0.3764 -0.2903
vn 0.8799 0.3763 -0.2902
vn -0.9150 -0.3914 -0.0978
vn -0.9150 -0.3914 -0.0980
vn 0.8108 0.3469 -0.4715
vn 0.8108 0.3469 -0.4714
vn -0.9149 -0.3915 0.0978
vn -0.9150 -0.3913 0.0986
vn 0.7108 0.3041 -0.6342
vn 0.7105 0.3044 -0.6345
vn -0.8798 -0.3765 0.2903
vn -0.8798 -0.3764 0.2904
vn 0.5832 0.2494 -0.7731
vn -0.8108 -0.3469 0.4714
vn 0.7196 -0.6002 -0.3491
vn 0.7196 -0.6004 -0.3489
vn -0.9011 0.3817 -0.2056
vn -0.9013 0.3813 -0.2055
vn 0.3463 0.9153 -0.2058
vn 0.3463 0.9153 -0.2055
vn -0.9261 0.3709 -0.0693
vn -0.9261 0.3709 -0.0696
vn 0.2977 0.8941 -0.3347
vn 0.2974 0.8943 -0.3343
vn -0.9261 0.3709 0.0693
vn -0.9261 0.3709 0.0692
vn 0.2264 0.8640 -0.4497
vn 0.2266 0.8640 -0.4497
vn -0.9011 0.3817 0.2058
vn -0.9011 0.3815 0.2060
vn 0.1359 0.8254 -0.5480
vn 0.1361 0.8253 -0.5480
vn -0.8525 0.4022 0.3340
vn -0.8519 0.4031 0.3343
vn 0.0298 0.7799 -0.6252
vn 0.0297 0.7800 -0.6250
vn -0.2135 0.6758 0.7055
vn -0.7813 0.4329 0.4497
vn -0.7813 0.4331 0.4495
vn -0.0882 0.7294 -0.6784
vn -0.0882 0.7294 0.6784
vn -0.6909 0.4715 0.5480
vn -0.2135 0.6758 -0.7055
vn -0.2133 0.6758 -0.7056
vn 0.0300 0.7798 0.6253
vn 0.0298 0.7799 0.6252
vn -0.5845 0.5167 0.6256
vn -0.5847 0.5170 0.6252
vn -0.3412 0.6210 -0.7056
vn -0.3417 0.6213 -0.7051
vn 0.1361 0.8254 0.5479
vn 0.1361 0.8252 0.5482
vn -0.4664 0.5678 0.6782
vn -0.4666 0.5676 0.6784
vn -0.4666 0.5675 -0.6784
vn -0.4667 0.5677 -0.6782
vn 0.2264 0.8640 0.4497
vn 0.2257 0.8643 0.4494
vn -0.3413 0.6211 0.7055
vn -0.3412 0.6212 0.7055
vn -0.5847 0.5170 -0.6251
vn -0.5846 0.5170 -0.6252
vn 0.2969 0.8944 0.3344
vn 0.2974 0.8944 0.3342
vn -0.6909 0.4715 -0.5480
vn 0.3463 0.9153 0.2058
vn 0.3463 0.9153 0.2059
vn -0.7814 0.4327 -0.4497
vn -0.7813 0.4329 -0.4497
vn 0.3708 0.9261 0.0698
vn 0.3712 0.9259 0.0695
vn -0.8524 0.4025 -0.3339
vn -0.8522 0.4025 -0.3342
vn 0.2670 0.1142 -0.9569
vn 0.2669 0.1142 -0.9569
vn -0.1561 -0.9747 0.1597
vn -0.1555 -0.9750 0.1589
vn 0.6494 -0.6304 -0.4254
vn -0.1177 -0.9586 0.2594
vn 0.5669 -0.6657 -0.4853
vn 0.5670 -0.6657 -0.4851
vn 0.3782 -0.7464 0.5476
vn 0.3780 -0.7465 0.5475
vn -0.0627 -0.9350 0.3491
vn -0.0626 -0.9350 0.3492
vn 0.4753 -0.7048 -0.5266
vn 0.4753 -0.7049 -0.5266
vn 0.4753 -0.7048 0.5266
vn 0.4752 -0.7048 0.5267
vn 0.0075 -0.9050 0.4254
vn 0.3780 -0.7465 -0.5476
vn 0.5669 -0.6657 0.4853
vn 0.5669 -0.6658 0.4852
vn 0.0898 -0.8697 0.4853
vn 0.0900 -0.8696 0.4854
vn 0.2789 -0.7887 -0.5478
vn 0.2789 -0.7889 -0.5476
vn 0.6494 -0.6304 0.4254
vn 0.6494 -0.6304 0.4253
vn 0.1816 -0.8305 0.5266
vn 0.1816 -0.8305 -0.5265
vn 0.7195 -0.6005 0.3488
vn 0.7196 -0.6003 0.3491
vn 0.2789 -0.7889 0.5476
vn 0.0899 -0.8697 -0.4853
vn 0.0900 -0.8697 -0.4853
vn 0.7746 -0.5768 0.2594
vn 0.7746 -0.5768 0.2593
vn 0.0076 -0.9049 -0.4255
vn 0.0075 -0.9050 -0.4254
vn 0.8129 -0.5601 0.1597
vn 0.8125 -0.5607 0.1597
vn -0.0626 -0.9350 -0.3491
vn 0.8318 -0.5525 0.0539
vn 0.8319 -0.5523 0.0539
vn -0.1177 -0.9586 -0.2594
vn 0.8320 -0.5521 -0.0541
vn 0.8319 -0.5523 -0.0539
vn -0.1555 -0.9749 -0.1596
vn -0.1557 -0.9748 -0.1597
vn 0.8125 -0.5607 -0.1596
vn 0.8125 -0.5606 -0.1599
vn -0.1751 -0.9831 -0.0540
vn -0.1748 -0.9831 -0.0540
vn 0.7744 -0.5771 -0.2594
vn 0.7746 -0.5768 -0.2594
vn -0.1745 -0.9832 0.0540
vn -0.1750 -0.9831 0.0539
vn -0.4672 0.5718 -0.6744
vn -0.4673 0.5718 -0.6743
vn 0.2669 0.1142 0.9569
vn 0.2670 0.1143 0.9569
vn -0.5832 -0.2495 0.7731
vn -0.5837 -0.2495 0.7727
vn 0.0903 0.0387 -0.9952
vn 0.0903 0.0386 -0.9952
vn 0.4333 0.1853 0.8820
vn 0.4333 0.1854 0.8820
vn -0.0901 -0.0386 -0.9952
vn -0.0903 -0.0387 -0.9952
vn 0.5833 0.2495 0.7730
vn -0.2669 -0.1142 0.9569
vn -0.2669 -0.1142 -0.9569
vn -0.2664 -0.1141 -0.9571
vn 0.7107 0.3040 0.6345
vn 0.7107 0.3044 0.6342
vn -0.0901 -0.0386 0.9952
vn -0.0903 -0.0387 0.9952
vn 0.8108 0.3473 0.4711
vn -0.5836 -0.2495 -0.7728
vn 0.8799 0.3764 0.2901
vn 0.8799 0.3763 0.2900
vn -0.7108 -0.3041 -0.6342
vn 0.9150 0.3914 0.0981
vn 0.9150 0.3915 0.0980
vn -0.8109 -0.3468 -0.4714
vn 0.9150 0.3914 -0.0981
vn 0.9150 0.3912 -0.0984
vn -0.8798 -0.3763 -0.2905
vn 0.8800 0.3763 -0.2897
vn 0.8798 0.3764 -0.2902
vn -0.9150 -0.3915 -0.0978
vn -0.9150 -0.3912 -0.0984
vn 0.8106 0.3466 -0.4720
vn -0.9150 -0.3914 0.0979
vn -0.9149 -0.3915 0.0982
vn 0.7107 0.3041 -0.6344
vn -0.8800 -0.3763 0.2897
vn -0.8798 -0.3764 0.2903
vn 0.5831 0.2495 -0.7731
vn 0.5830 0.2494 -0.7733
vn -0.8108 -0.3469 0.4715
vn -0.8109 -0.3469 0.4713
vn 0.0903 0.0386 0.9952
vn 0.0903 0.0387 0.9952
vn -0.7108 -0.3041 0.6342
vn -0.2939 -0.8223 -0.4872
vn -0.2940 -0.8225 -0.4868
vn 0.2219 0.8668 0.4466
vn 0.2215 0.8667 0.4470
vn -0.3426 0.6252 0.7012
vn -0.3426 0.6252 0.7013
vn -0.5844 0.5217 -0.6215
vn -0.5846 0.5217 -0.6214
vn 0.2923 0.8969 0.3320
vn 0.2922 0.8969 0.3320
vn -0.6899 0.4766 -0.5448
vn -0.6901 0.4765 -0.5447
vn 0.3412 0.9174 0.2046
vn 0.3409 0.9176 0.2046
vn -0.7799 0.4380 -0.4471
vn -0.7800 0.4380 -0.4469
vn 0.3654 0.9283 0.0689
vn 0.3657 0.9281 0.0692
vn -0.8506 0.4077 -0.3322
vn -0.8505 0.4079 -0.3322
vn 0.3657 0.9282 -0.0691
vn 0.3655 0.9282 -0.0691
vn -0.8991 0.3871 -0.2046
vn 0.3412 0.9174 -0.2049
vn 0.3408 0.9177 -0.2044
vn -0.9239 0.3765 -0.0689
vn -0.9237 0.3767 -0.0691
vn 0.2918 0.8971 -0.3318
vn 0.2920 0.8970 -0.3320
vn -0.9238 0.3765 0.0691
vn -0.9238 0.3766 0.0691
vn 0.2217 0.8666 -0.4470
vn -0.8991 0.3871 0.2046
vn -0.8991 0.3869 0.2047
vn 0.1314 0.8284 -0.5445
vn 0.1319 0.8282 -0.5447
vn -0.8504 0.4080 0.3322
vn -0.8504 0.4079 0.3323
vn 0.0262 0.7830 -0.6215
vn -0.2156 0.6795 0.7013
vn -0.2153 0.6792 0.7017
vn -0.7799 0.4381 0.4470
vn -0.7799 0.4383 0.4469
vn -0.0917 0.7327 -0.6743
vn -0.0909 0.7328 -0.6743
vn -0.0910 0.7328 0.6743
vn -0.0910 0.7327 0.6744
vn -0.6901 0.4765 0.5448
vn -0.6901 0.4763 0.5449
vn -0.2156 0.6795 -0.7013
vn 0.0264 0.7830 0.6215
vn 0.0263 0.7830 0.6215
vn -0.5845 0.5219 0.6213
vn -0.5845 0.5217 0.6215
vn -0.3426 0.6250 -0.7015
vn -0.3428 0.6252 -0.7012
vn 0.1319 0.8282 0.5447
vn -0.4671 0.5719 0.6743
vn -0.4672 0.5719 0.6743
vn -0.9149 -0.3916 -0.0978
vn 0.9546 -0.2881 0.0753
vn 0.9546 -0.2880 0.0755
vn -0.3705 -0.8555 -0.3619
vn -0.3707 -0.8554 -0.3618
vn 0.9546 -0.2882 -0.0754
vn 0.9546 -0.2881 -0.0752
vn -0.4239 -0.8779 -0.2229
vn -0.4237 -0.8779 -0.2230
vn 0.9276 -0.2997 -0.2229
vn 0.9276 -0.2999 -0.2227
vn -0.4510 -0.8893 -0.0753
vn -0.4508 -0.8894 -0.0753
vn 0.8746 -0.3224 -0.3620
vn 0.8748 -0.3220 -0.3618
vn -0.4506 -0.8895 0.0753
vn -0.4509 -0.8894 0.0754
vn 0.7977 -0.3553 -0.4872
vn -0.4237 -0.8779 0.2229
vn -0.4238 -0.8779 0.2230
vn 0.6999 -0.3971 -0.5937
vn -0.3711 -0.8551 0.3621
vn -0.3710 -0.8552 0.3619
vn 0.5848 -0.4464 -0.6773
vn 0.3211 -0.5592 0.7643
vn 0.3212 -0.5594 0.7642
vn -0.2939 -0.8223 0.4872
vn -0.2940 -0.8223 0.4872
vn 0.4569 -0.5011 -0.7350
vn 0.4568 -0.5009 -0.7352
vn 0.4569 -0.5010 0.7350
vn 0.4569 -0.5011 0.7350
vn -0.1961 -0.7804 0.5937
vn -0.1962 -0.7802 0.5940
vn 0.3212 -0.5594 -0.7642
vn 0.5848 -0.4464 0.6773
vn 0.5849 -0.4464 0.6772
vn -0.0806 -0.7316 0.6770
vn -0.0810 -0.7311 0.6774
vn 0.1827 -0.6184 -0.7643
vn 0.1827 -0.6184 -0.7644
vn 0.7000 -0.3968 0.5938
vn 0.6997 -0.3974 0.5938
vn 0.0469 -0.6764 0.7350
vn 0.0467 -0.6769 0.7346
vn 0.0469 -0.6765 -0.7350
vn 0.0477 -0.6766 -0.7349
vn 0.7976 -0.3550 0.4876
vn 0.7978 -0.3550 0.4873
vn 0.1827 -0.6184 0.7643
vn -0.0809 -0.7313 -0.6772
vn -0.0810 -0.7312 -0.6773
vn 0.8746 -0.3224 0.3621
vn -0.1962 -0.7804 -0.5937
vn -0.1961 -0.7804 -0.5937
vn 0.9277 -0.2998 0.2223
vn 0.9276 -0.2999 0.2227
vn -0.8745 0.3110 0.3723
vn 0.8107 0.3470 -0.4716
vn -0.9150 -0.3914 0.0980
vn 0.7106 0.3040 -0.6345
vn -0.8798 -0.3763 0.2904
vn -0.8798 -0.3765 0.2902
vn 0.5835 0.2496 -0.7728
vn 0.5833 0.2495 -0.7730
vn -0.8107 -0.3470 0.4716
vn 0.4337 0.1856 -0.8818
vn -0.7107 -0.3041 0.6344
vn 0.2671 0.1144 -0.9569
vn 0.2668 0.1140 0.9570
vn -0.5834 -0.2495 0.7729
vn -0.5830 -0.2494 0.7732
vn 0.0901 0.0386 -0.9952
vn 0.4332 0.1853 0.8821
vn -0.4332 -0.1853 0.8821
vn -0.0906 -0.0387 -0.9951
vn 0.5830 0.2494 0.7732
vn -0.2668 -0.1141 0.9570
vn -0.2672 -0.1144 -0.9568
vn -0.2672 -0.1145 -0.9568
vn 0.7111 0.3042 0.6339
vn -0.4332 -0.1853 -0.8821
vn 0.8107 0.3468 0.4718
vn -0.5833 -0.2495 -0.7730
vn -0.5834 -0.2495 -0.7729
vn 0.8798 0.3763 0.2904
vn 0.8798 0.3765 0.2901
vn -0.7106 -0.3040 -0.6345
vn 0.9149 0.3914 0.0985
vn -0.8109 -0.3469 -0.4713
vn 0.9150 0.3914 -0.0983
vn -0.8798 -0.3763 -0.2904
vn 0.8796 0.3769 -0.2905
vn 0.8798 0.3764 -0.2903
vn -0.2983 -0.9367 -0.1835
vn -0.2983 -0.9368 -0.1828
vn -0.0225 0.8395 -0.5429
vn -0.2115 0.7087 0.6731
vn -0.7921 0.3575 0.4948
vn -0.1085 0.7781 -0.6187
vn -0.1085 0.7781 0.6187
vn -0.6898 0.4161 0.5925
vn -0.2115 0.7087 -0.6731
vn -0.0225 0.8395 0.5429
vn -0.5737 0.4840 0.6608
vn -0.3274 0.6340 -0.7006
vn 0.0445 0.8906 0.4525
vn -0.4505 0.5579 0.6970
vn -0.4505 0.5579 -0.6970
vn 0.0930 0.9306 0.3539
vn -0.3274 0.6340 0.7006
vn -0.5737 0.4840 -0.6608
vn 0.1251 0.9596 0.2522
vn -0.6898 0.4161 -0.5925
vn 0.1440 0.9781 0.1505
vn -0.7921 0.3575 -0.4948
vn 0.1526 0.9870 0.0500
vn -0.8744 0.3110 -0.3723
vn -0.8745 0.3110 -0.3723
vn 0.1526 0.9870 -0.0500
vn -0.9321 0.2788 -0.2312
vn 0.1440 0.9781 -0.1505
vn -0.9618 0.2623 -0.0784
vn -0.9618 0.2625 -0.0782
vn 0.1251 0.9596 -0.2522
vn -0.9618 0.2622 0.0782
vn -0.9618 0.2623 0.0784
vn 0.0930 0.9306 -0.3539
vn -0.9321 0.2788 0.2312
vn 0.0445 0.8906 -0.4525
vn 0.0445 0.8907 -0.4525
vn -0.8986 -0.3290 0.2903
vn 0.8332 -0.5219 -0.1828
vn 0.8331 -0.5220 -0.1828
vn -0.3211 -0.9450 -0.0617
vn -0.3210 -0.9451 -0.0617
vn 0.7888 -0.5382 -0.2968
vn 0.7888 -0.5382 -0.2969
vn -0.3210 -0.9451 0.0617
vn 0.7245 -0.5616 -0.3997
vn 0.7244 -0.5618 -0.3995
vn -0.2983 -0.9368 0.1827
vn -0.2983 -0.9367 0.1835
vn 0.6424 -0.5919 -0.4868
vn 0.6425 -0.5919 -0.4868
vn -0.2542 -0.9205 0.2967
vn -0.2541 -0.9205 0.2967
vn 0.5461 -0.6272 -0.5553
vn 0.3255 -0.7082 0.6265
vn 0.3253 -0.7081 0.6267
vn -0.1897 -0.8969 0.3995
vn -0.1897 -0.8968 0.3996
vn 0.4389 -0.6664 -0.6027
vn 0.4390 -0.6664 -0.6026
vn 0.4389 -0.6668 0.6023
vn 0.4390 -0.6666 0.6024
vn -0.1076 -0.8669 0.4868
vn -0.1074 -0.8669 0.4868
vn 0.3254 -0.7081 -0.6267
vn 0.3253 -0.7080 -0.6269
vn 0.5463 -0.6270 0.5554
vn 0.5461 -0.6272 0.5553
vn -0.0114 -0.8313 0.5557
vn -0.0113 -0.8316 0.5553
vn 0.2095 -0.7506 -0.6267
vn 0.2092 -0.7505 -0.6269
vn 0.6425 -0.5919 0.4868
vn 0.6424 -0.5919 0.4867
vn 0.0961 -0.7924 0.6024
vn 0.0958 -0.7923 0.6026
vn 0.0958 -0.7923 -0.6026
vn 0.7245 -0.5617 0.3995
vn 0.7244 -0.5618 0.3995
vn 0.2095 -0.7508 0.6264
vn 0.2096 -0.7505 0.6267
vn -0.0112 -0.8316 -0.5552
vn -0.0110 -0.8317 -0.5551
vn 0.7888 -0.5383 0.2967
vn 0.7888 -0.5382 0.2968
vn -0.1077 -0.8669 -0.4868
vn 0.8332 -0.5218 0.1828
vn 0.8335 -0.5215 0.1826
vn -0.1895 -0.8967 -0.4000
vn -0.1899 -0.8968 -0.3997
vn 0.8557 -0.5137 0.0619
vn 0.8556 -0.5139 0.0618
vn -0.2542 -0.9206 -0.2965
vn -0.2542 -0.9206 -0.2966
vn 0.8558 -0.5137 -0.0617
vn 0.8557 -0.5138 -0.0618
vn -0.6722 0.4089 0.6172
vn 0.5957 0.2184 -0.7729
vn 0.5956 0.2184 -0.7730
vn -0.8282 -0.3031 0.4714
vn -0.8280 -0.3037 0.4713
vn 0.4422 0.1623 -0.8821
vn 0.4428 0.1621 -0.8818
vn 0.0920 0.0337 0.9952
vn 0.0919 0.0337 0.9952
vn -0.7258 -0.2660 0.6343
vn -0.7258 -0.2661 0.6344
vn 0.2723 0.0999 -0.9570
vn 0.2727 0.0999 -0.9569
vn 0.2727 0.1000 0.9569
vn -0.5956 -0.2184 0.7730
vn -0.5959 -0.2183 0.7728
vn 0.0922 0.0338 -0.9952
vn 0.4427 0.1624 0.8818
vn 0.4423 0.1620 0.8821
vn -0.4428 -0.1621 0.8818
vn -0.4424 -0.1622 0.8820
vn -0.0920 -0.0337 -0.9952
vn -0.0922 -0.0338 -0.9952
vn 0.5955 0.2181 0.7732
vn -0.2729 -0.0999 0.9568
vn -0.2725 -0.0999 -0.9569
vn -0.2722 -0.0997 -0.9571
vn 0.7261 0.2659 0.6341
vn 0.7259 0.2660 0.6343
vn -0.0920 -0.0337 0.9952
vn -0.0921 -0.0337 0.9952
vn -0.4428 -0.1621 -0.8818
vn -0.4424 -0.1622 -0.8820
vn 0.8280 0.3036 0.4714
vn -0.5956 -0.2184 -0.7730
vn -0.5958 -0.2185 -0.7728
vn 0.8985 0.3293 0.2902
vn 0.8987 0.3291 0.2899
vn -0.7258 -0.2661 -0.6344
vn -0.7260 -0.2662 -0.6341
vn 0.9344 0.3425 0.0980
vn -0.8280 -0.3036 -0.4714
vn 0.9344 0.3425 -0.0982
vn 0.9343 0.3428 -0.0978
vn -0.8986 -0.3290 -0.2903
vn -0.8985 -0.3294 -0.2903
vn 0.8985 0.3294 -0.2903
vn 0.8987 0.3291 -0.2899
vn -0.9344 -0.3426 -0.0978
vn -0.9344 -0.3424 -0.0983
vn 0.8280 0.3036 -0.4714
vn -0.9344 -0.3426 0.0979
vn -0.9344 -0.3424 0.0983
vn 0.7256 0.2657 -0.6348
vn 0.1505 -0.7276 0.6693
vn 0.1506 -0.7277 0.6692
vn -0.1561 0.6844 -0.7122
vn 0.0545 0.8123 0.5807
vn -0.5482 0.4720 0.6904
vn -0.2828 0.6131 -0.7377
vn 0.1312 0.8636 0.4867
vn -0.4159 0.5411 0.7309
vn -0.4159 0.5411 -0.7309
vn 0.1880 0.9046 0.3827
vn -0.2828 0.6131 0.7377
vn -0.5482 0.4720 -0.6904
vn 0.2266 0.9347 0.2739
vn -0.6722 0.4089 -0.6172
vn -0.6721 0.4089 -0.6173
vn 0.2499 0.9543 0.1640
vn -0.7807 0.3549 -0.5143
vn 0.2606 0.9639 0.0546
vn -0.8679 0.3122 -0.3864
vn 0.2606 0.9639 -0.0546
vn -0.9288 0.2828 -0.2396
vn 0.2499 0.9543 -0.1640
vn -0.9601 0.2677 -0.0812
vn 0.2266 0.9347 -0.2739
vn -0.9601 0.2677 0.0812
vn -0.9601 0.2676 0.0812
vn 0.1880 0.9045 -0.3827
vn 0.1880 0.9046 -0.3827
vn -0.9288 0.2828 0.2396
vn 0.1313 0.8636 -0.4867
vn -0.8679 0.3122 0.3864
vn 0.0545 0.8123 -0.5807
vn -0.1561 0.6844 0.7122
vn -0.7807 0.3549 0.5143
vn -0.0421 0.7518 -0.6580
vn -0.0421 0.7518 0.6580
vn -0.8441 -0.2545 -0.4719
vn -0.8444 -0.2545 -0.4714
vn -0.0900 -0.8001 -0.5931
vn 0.7814 -0.5375 0.3170
vn 0.7813 -0.5376 0.3170
vn -0.1945 -0.8318 -0.5199
vn -0.1949 -0.8317 -0.5199
vn 0.8298 -0.5229 0.1951
vn 0.8297 -0.5229 0.1952
vn -0.2842 -0.8586 -0.4266
vn -0.2841 -0.8587 -0.4265
vn 0.8544 -0.5153 0.0666
vn 0.8544 -0.5154 0.0661
vn -0.3545 -0.8797 -0.3170
vn -0.3543 -0.8798 -0.3170
vn 0.8544 -0.5154 -0.0663
vn 0.8544 -0.5155 -0.0659
vn -0.4026 -0.8943 -0.1952
vn 0.8297 -0.5230 -0.1952
vn 0.8297 -0.5229 -0.1953
vn -0.4272 -0.9017 -0.0659
vn -0.4272 -0.9018 -0.0658
vn 0.7811 -0.5377 -0.3172
vn 0.7814 -0.5374 -0.3170
vn -0.4266 -0.9021 0.0658
vn -0.4271 -0.9017 0.0664
vn 0.7112 -0.5590 -0.4263
vn 0.7113 -0.5586 -0.4266
vn -0.4024 -0.8944 0.1952
vn 0.6223 -0.5852 -0.5199
vn 0.6221 -0.5855 -0.5198
vn -0.3541 -0.8798 0.3170
vn -0.3545 -0.8797 0.3170
vn 0.5171 -0.6171 -0.5931
vn 0.5167 -0.6170 -0.5935
vn 0.2765 -0.6896 0.6693
vn 0.2766 -0.6896 0.6692
vn -0.2843 -0.8586 0.4266
vn -0.2842 -0.8586 0.4266
vn 0.4006 -0.6524 -0.6434
vn 0.4005 -0.6523 -0.6436
vn 0.4005 -0.6524 0.6434
vn 0.4007 -0.6522 0.6435
vn -0.1947 -0.8316 0.5201
vn -0.1949 -0.8317 0.5199
vn 0.2771 -0.6898 -0.6689
vn 0.2766 -0.6895 -0.6693
vn 0.5171 -0.6172 0.5931
vn 0.5175 -0.6168 0.5930
vn -0.0902 -0.8002 0.5929
vn -0.0901 -0.8002 0.5929
vn 0.1505 -0.7275 -0.6694
vn 0.1505 -0.7276 -0.6693
vn 0.6222 -0.5853 0.5198
vn 0.6221 -0.5854 0.5199
vn 0.0267 -0.7649 0.6436
vn 0.0271 -0.7651 0.6433
vn 0.0271 -0.7651 -0.6434
vn 0.0267 -0.7649 -0.6436
vn 0.7113 -0.5585 0.4268
vn 0.7114 -0.5586 0.4265
vn -0.9107 0.4059 0.0766
vn 0.9528 0.2872 -0.0983
vn 0.9529 0.2870 -0.0982
vn -0.9163 -0.2761 -0.2902
vn -0.9162 -0.2761 -0.2903
vn 0.9162 0.2761 -0.2903
vn 0.9162 0.2761 -0.2904
vn -0.9529 -0.2873 -0.0975
vn -0.9528 -0.2872 -0.0982
vn 0.8441 0.2547 -0.4719
vn 0.8443 0.2546 -0.4716
vn -0.9528 -0.2873 0.0977
vn 0.7401 0.2231 -0.6344
vn 0.7398 0.2231 -0.6348
vn -0.9163 -0.2761 0.2901
vn -0.9161 -0.2762 0.2907
vn 0.6075 0.1832 -0.7729
vn -0.8444 -0.2545 0.4714
vn -0.8444 -0.2545 0.4715
vn 0.4515 0.1361 -0.8818
vn 0.0939 0.0283 0.9952
vn -0.7401 -0.2231 0.6344
vn 0.2778 0.0838 -0.9570
vn 0.2781 0.0838 -0.9569
vn 0.2782 0.0839 0.9569
vn -0.6075 -0.1832 0.7729
vn -0.6073 -0.1829 0.7732
vn 0.0937 0.0283 -0.9952
vn 0.4516 0.1361 0.8818
vn -0.4513 -0.1360 0.8820
vn -0.4515 -0.1360 0.8819
vn -0.0937 -0.0283 -0.9952
vn -0.0938 -0.0283 -0.9952
vn 0.6075 0.1832 0.7729
vn -0.2776 -0.0838 0.9570
vn -0.2781 -0.0838 0.9569
vn -0.2779 -0.0838 -0.9569
vn -0.2778 -0.0838 -0.9570
vn 0.7399 0.2233 0.6346
vn 0.7400 0.2231 0.6346
vn -0.0938 -0.0283 0.9952
vn -0.0936 -0.0283 0.9952
vn -0.4514 -0.1361 -0.8819
vn -0.4515 -0.1361 -0.8818
vn 0.8441 0.2545 0.4719
vn 0.8444 0.2545 0.4714
vn -0.6076 -0.1827 -0.7729
vn -0.6069 -0.1830 -0.7735
vn 0.9162 0.2761 0.2904
vn 0.9162 0.2761 0.2903
vn -0.7401 -0.2229 -0.6345
vn -0.7401 -0.2232 -0.6344
vn 0.9528 0.2872 0.0980
vn 0.2085 -0.6080 0.7660
vn 0.2083 -0.6081 0.7660
vn 0.0542 0.9682 -0.2441
vn -0.8790 0.4202 0.2255
vn 0.0372 0.9417 -0.3343
vn -0.8175 0.4482 0.3617
vn -0.0003 0.9040 -0.4275
vn -0.1490 0.7969 0.5854
vn -0.7300 0.4889 0.4776
vn -0.0625 0.8552 -0.5145
vn -0.0625 0.8552 0.5146
vn -0.6223 0.5404 0.5663
vn -0.1490 0.7969 -0.5854
vn -0.0003 0.9040 0.4275
vn -0.5016 0.6003 0.6229
vn -0.2561 0.7324 -0.6309
vn 0.0372 0.9417 0.3343
vn -0.3765 0.6655 0.6444
vn -0.3765 0.6655 -0.6444
vn 0.0542 0.9682 0.2441
vn -0.2561 0.7324 0.6309
vn -0.5016 0.6003 -0.6229
vn 0.0571 0.9850 0.1627
vn -0.6223 0.5404 -0.5663
vn 0.0535 0.9943 0.0920
vn -0.7300 0.4889 -0.4776
vn 0.0499 0.9983 0.0296
vn -0.8175 0.4482 -0.3617
vn 0.0499 0.9983 -0.0296
vn -0.8790 0.4202 -0.2255
vn 0.0535 0.9943 -0.0920
vn -0.9107 0.4059 -0.0766
vn 0.0571 0.9850 -0.1627
vn 0.6201 0.1337 0.7731
vn -0.4471 -0.7494 0.4883
vn -0.4470 -0.7493 0.4886
vn 0.3527 -0.5769 -0.7368
vn 0.3535 -0.5773 -0.7361
vn 0.3530 -0.5770 0.7366
vn 0.3530 -0.5769 0.7366
vn -0.3428 -0.7270 0.5950
vn -0.3430 -0.7270 0.5949
vn 0.2081 -0.6082 -0.7660
vn 0.2083 -0.6081 -0.7660
vn 0.4889 -0.5480 0.6788
vn 0.4888 -0.5480 0.6788
vn -0.2201 -0.7005 0.6788
vn 0.0608 -0.6399 -0.7660
vn 0.0606 -0.6398 -0.7661
vn 0.6119 -0.5211 0.5950
vn -0.0835 -0.6711 0.7367
vn -0.0839 -0.6714 0.7363
vn -0.0838 -0.6712 -0.7366
vn -0.0842 -0.6712 -0.7365
vn 0.7161 -0.4986 0.4884
vn 0.7162 -0.4986 0.4883
vn 0.0608 -0.6399 0.7660
vn -0.2202 -0.7005 -0.6789
vn -0.2201 -0.7005 -0.6788
vn 0.7979 -0.4811 0.3632
vn 0.7981 -0.4810 0.3628
vn -0.3425 -0.7268 -0.5954
vn -0.3428 -0.7270 -0.5950
vn 0.8545 -0.4690 0.2234
vn 0.8547 -0.4688 0.2231
vn -0.4472 -0.7494 -0.4883
vn -0.4470 -0.7495 -0.4883
vn 0.8833 -0.4627 0.0754
vn 0.8833 -0.4626 0.0754
vn -0.5291 -0.7671 -0.3628
vn -0.5290 -0.7672 -0.3628
vn 0.8833 -0.4627 -0.0753
vn 0.8834 -0.4625 -0.0756
vn -0.5855 -0.7793 -0.2236
vn -0.5855 -0.7793 -0.2234
vn 0.8545 -0.4689 -0.2235
vn 0.8546 -0.4688 -0.2234
vn -0.6141 -0.7856 -0.0758
vn -0.6145 -0.7853 -0.0754
vn 0.7980 -0.4810 -0.3630
vn 0.7981 -0.4811 -0.3628
vn -0.6143 -0.7855 0.0752
vn -0.6140 -0.7857 0.0755
vn 0.7162 -0.4986 -0.4882
vn 0.7162 -0.4986 -0.4883
vn -0.5855 -0.7793 0.2234
vn -0.5855 -0.7793 0.2236
vn 0.6119 -0.5212 -0.5950
vn 0.6119 -0.5211 -0.5950
vn -0.5290 -0.7671 0.3628
vn 0.4888 -0.5480 -0.6788
vn 0.4889 -0.5480 -0.6788
vn 0.0211 0.9977 0.0645
vn -0.2838 -0.0612 0.9569
vn -0.2838 -0.0612 -0.9569
vn 0.7556 0.1629 0.6345
vn 0.7554 0.1631 0.6346
vn -0.0958 -0.0207 0.9952
vn -0.4609 -0.0996 -0.8818
vn -0.4608 -0.0993 -0.8819
vn 0.8620 0.1854 0.4717
vn 0.8621 0.1859 0.4714
vn -0.6201 -0.1337 -0.7730
vn -0.6199 -0.1339 -0.7732
vn 0.9354 0.2021 0.2903
vn 0.9355 0.2016 0.2902
vn -0.7556 -0.1628 -0.6345
vn -0.7558 -0.1631 -0.6341
vn 0.9728 0.2097 0.0981
vn 0.9728 0.2100 0.0977
vn -0.8621 -0.1863 -0.4712
vn 0.9728 0.2096 -0.0982
vn 0.9728 0.2100 -0.0976
vn -0.9354 -0.2019 -0.2903
vn -0.9355 -0.2015 -0.2901
vn 0.9354 0.2019 -0.2903
vn 0.9354 0.2017 -0.2903
vn -0.9728 -0.2097 -0.0978
vn -0.9728 -0.2097 -0.0981
vn 0.8621 0.1859 -0.4714
vn 0.8621 0.1859 -0.4715
vn -0.9728 -0.2098 0.0979
vn -0.9728 -0.2097 0.0981
vn 0.7557 0.1631 -0.6343
vn 0.7560 0.1632 -0.6339
vn -0.9354 -0.2021 0.2903
vn -0.9353 -0.2019 0.2906
vn 0.6201 0.1337 -0.7731
vn -0.8622 -0.1861 0.4711
vn -0.8621 -0.1859 0.4714
vn 0.4610 0.0992 -0.8818
vn 0.4604 0.0994 -0.8821
vn 0.0958 0.0207 0.9952
vn 0.0956 0.0207 0.9952
vn -0.7555 -0.1629 0.6345
vn -0.7555 -0.1632 0.6344
vn 0.2838 0.0612 -0.9569
vn 0.2837 0.0612 -0.9570
vn 0.2838 0.0612 0.9569
vn 0.2834 0.0610 0.9571
vn -0.6201 -0.1337 0.7730
vn -0.6200 -0.1334 0.7732
vn 0.0958 0.0206 -0.9952
vn 0.0961 0.0207 -0.9952
vn 0.4610 0.0992 0.8818
vn 0.4604 0.0994 0.8821
vn -0.4609 -0.0996 0.8818
vn -0.0956 -0.0206 -0.9952
vn -0.0958 -0.0206 -0.9952
vn 0.6677 -0.7266 -0.1617
vn -0.5675 0.7507 -0.3383
vn 0.0211 0.9996 0.0210
vn -0.6358 0.7273 -0.2585
vn 0.0211 0.9996 -0.0210
vn -0.6844 0.7108 -0.1622
vn 0.0211 0.9977 -0.0645
vn -0.7097 0.7023 -0.0553
vn 0.0191 0.9935 -0.1123
vn -0.7097 0.7023 0.0553
vn 0.0120 0.9861 -0.1655
vn -0.6844 0.7108 0.1622
vn -0.0042 0.9747 -0.2236
vn -0.6358 0.7273 0.2585
vn -0.0335 0.9583 -0.2838
vn -0.1394 0.9100 0.3904
vn -0.5675 0.7507 0.3383
vn -0.0783 0.9367 -0.3413
vn -0.0783 0.9367 0.3413
vn -0.4847 0.7796 0.3966
vn -0.1394 0.9100 -0.3904
vn -0.0335 0.9583 0.2838
vn -0.3940 0.8120 0.4306
vn -0.2152 0.8793 -0.4249
vn -0.0042 0.9747 0.2236
vn -0.3019 0.8460 0.4395
vn -0.3019 0.8460 -0.4395
vn 0.0120 0.9861 0.1655
vn -0.2152 0.8793 0.4249
vn -0.3940 0.8120 -0.4306
vn 0.0191 0.9935 0.1123
vn -0.4847 0.7796 -0.3966
vn 0.6251 0.1084 -0.7730
vn 0.6252 0.1083 -0.7729
vn -0.4051 -0.9126 -0.0547
vn 0.6264 -0.7338 -0.2629
vn 0.6265 -0.7338 -0.2629
vn -0.4051 -0.9126 0.0547
vn -0.4057 -0.9124 0.0548
vn 0.5666 -0.7442 -0.3539
vn 0.5666 -0.7443 -0.3535
vn -0.3841 -0.9090 0.1619
vn 0.4904 -0.7575 -0.4310
vn 0.4904 -0.7574 -0.4311
vn -0.3430 -0.9018 0.2628
vn -0.3429 -0.9019 0.2627
vn 0.4009 -0.7729 -0.4919
vn 0.1957 -0.8085 0.5550
vn -0.2832 -0.8913 0.3541
vn -0.2831 -0.8914 0.3539
vn 0.3012 -0.7903 -0.5335
vn 0.3013 -0.7904 -0.5333
vn 0.3013 -0.7899 0.5341
vn 0.3014 -0.7900 0.5339
vn -0.2069 -0.8782 0.4313
vn -0.2068 -0.8782 0.4313
vn 0.1957 -0.8085 -0.5550
vn 0.1959 -0.8086 -0.5548
vn 0.4009 -0.7729 0.4919
vn 0.4008 -0.7729 0.4919
vn -0.1172 -0.8628 0.4918
vn -0.1171 -0.8627 0.4920
vn 0.0880 -0.8272 -0.5549
vn 0.0880 -0.8272 -0.5550
vn 0.4904 -0.7575 0.4309
vn 0.4905 -0.7573 0.4311
vn -0.0173 -0.8455 0.5336
vn -0.0175 -0.8458 0.5332
vn -0.0176 -0.8456 -0.5336
vn -0.0176 -0.8456 -0.5335
vn 0.5666 -0.7442 0.3538
vn 0.0880 -0.8273 0.5548
vn 0.0880 -0.8272 0.5550
vn -0.1176 -0.8627 -0.4919
vn -0.1172 -0.8627 -0.4919
vn 0.6264 -0.7338 0.2629
vn 0.6263 -0.7339 0.2629
vn -0.2068 -0.8783 -0.4311
vn -0.2070 -0.8781 -0.4314
vn 0.6677 -0.7266 0.1618
vn 0.6677 -0.7266 0.1619
vn -0.2829 -0.8914 -0.3540
vn -0.2832 -0.8914 -0.3538
vn 0.6885 -0.7231 0.0550
vn 0.6885 -0.7232 0.0549
vn -0.3429 -0.9019 -0.2628
vn -0.3427 -0.9019 -0.2629
vn 0.6886 -0.7231 -0.0550
vn 0.6885 -0.7232 -0.0548
vn -0.3840 -0.9090 -0.1622
vn -0.3838 -0.9091 -0.1622
vn -0.0146 0.7110 -0.7030
vn -0.8689 -0.1510 0.4715
vn -0.8690 -0.1507 0.4714
vn 0.4643 0.0807 -0.8820
vn 0.4644 0.0806 -0.8820
vn 0.0966 0.0167 0.9952
vn -0.7616 -0.1322 0.6344
vn 0.2856 0.0496 -0.9571
vn 0.2860 0.0496 -0.9570
vn 0.2856 0.0496 0.9571
vn 0.2858 0.0496 0.9570
vn -0.6251 -0.1085 0.7730
vn -0.6248 -0.1086 0.7732
vn 0.0961 0.0167 -0.9952
vn 0.4643 0.0807 0.8820
vn 0.4648 0.0803 0.8818
vn -0.4648 -0.0804 0.8818
vn -0.4646 -0.0805 0.8818
vn -0.0967 -0.0167 -0.9952
vn -0.0966 -0.0167 -0.9952
vn 0.6248 0.1086 0.7732
vn 0.6251 0.1084 0.7730
vn -0.2860 -0.0496 0.9570
vn -0.2856 -0.0496 0.9571
vn -0.2858 -0.0496 -0.9570
vn -0.2856 -0.0496 -0.9571
vn 0.7616 0.1321 0.6344
vn -0.0966 -0.0167 0.9952
vn -0.4648 -0.0804 -0.8818
vn -0.4641 -0.0806 -0.8821
vn 0.8689 0.1510 0.4715
vn 0.8690 0.1507 0.4714
vn -0.6250 -0.1084 -0.7730
vn 0.9429 0.1635 0.2903
vn 0.9429 0.1638 0.2899
vn -0.7614 -0.1323 -0.6346
vn 0.9806 0.1700 0.0980
vn 0.9806 0.1700 0.0978
vn -0.8690 -0.1507 -0.4714
vn -0.8689 -0.1510 -0.4715
vn 0.9806 0.1700 -0.0980
vn -0.9429 -0.1635 -0.2903
vn -0.9428 -0.1637 -0.2905
vn 0.9429 0.1635 -0.2903
vn 0.9428 0.1635 -0.2903
vn -0.9806 -0.1700 -0.0980
vn 0.8690 0.1505 -0.4713
vn 0.8690 0.1507 -0.4714
vn -0.9806 -0.1699 0.0981
vn -0.9806 -0.1700 0.0980
vn 0.7617 0.1319 -0.6344
vn 0.7616 0.1323 -0.6344
vn -0.9429 -0.1635 0.2903
vn -0.1871 -0.8769 -0.4427
vn 0.1644 0.8543 0.4931
vn -0.4563 0.4998 0.7362
vn -0.1507 0.6353 -0.7574
vn 0.1948 0.9100 0.3659
vn -0.3022 0.5638 0.7687
vn -0.3022 0.5638 -0.7687
vn -0.3022 0.5638 -0.7686
vn 0.1909 0.9500 0.2471
vn -0.1507 0.6353 0.7574
vn -0.4563 0.4998 -0.7362
vn 0.1663 0.9747 0.1495
vn -0.6018 0.4452 -0.6631
vn 0.1377 0.9875 0.0767
vn -0.7292 0.4010 -0.5545
vn 0.1194 0.9926 0.0232
vn -0.8311 0.3677 -0.4173
vn 0.1194 0.9926 -0.0232
vn -0.9020 0.3454 -0.2589
vn 0.1377 0.9875 -0.0767
vn -0.9384 0.3342 -0.0877
vn -0.9384 0.3343 -0.0877
vn 0.1663 0.9747 -0.1495
vn -0.9384 0.3342 0.0877
vn 0.1909 0.9500 -0.2471
vn -0.9020 0.3454 0.2589
vn 0.1948 0.9100 -0.3659
vn -0.8311 0.3677 0.4173
vn 0.1644 0.8543 -0.4931
vn -0.0146 0.7110 0.7030
vn -0.7292 0.4010 0.5545
vn 0.0936 0.7861 -0.6110
vn 0.0936 0.7861 0.6110
vn -0.6018 0.4452 0.6631
vn -0.8804 -0.0501 -0.4715
vn 0.4910 -0.8383 0.2370
vn 0.4912 -0.8383 0.2366
vn -0.2690 -0.8815 -0.3880
vn -0.2688 -0.8816 -0.3880
vn 0.5290 -0.8360 0.1458
vn 0.5288 -0.8362 0.1456
vn -0.3382 -0.8856 -0.3184
vn -0.3379 -0.8856 -0.3186
vn 0.5479 -0.8351 0.0492
vn 0.5479 -0.8351 0.0491
vn -0.3928 -0.8887 -0.2366
vn 0.5479 -0.8351 -0.0492
vn 0.5482 -0.8349 -0.0494
vn -0.4304 -0.8908 -0.1457
vn -0.4303 -0.8909 -0.1457
vn 0.5285 -0.8363 -0.1456
vn 0.5288 -0.8361 -0.1459
vn -0.4495 -0.8919 -0.0492
vn -0.4501 -0.8916 -0.0492
vn 0.4912 -0.8383 -0.2366
vn 0.4913 -0.8382 -0.2365
vn -0.4496 -0.8919 0.0492
vn -0.4496 -0.8919 0.0494
vn 0.4367 -0.8414 -0.3184
vn 0.4366 -0.8414 -0.3184
vn -0.4304 -0.8908 0.1457
vn -0.4301 -0.8910 0.1456
vn 0.3672 -0.8453 -0.3881
vn 0.3671 -0.8454 -0.3880
vn -0.3928 -0.8887 0.2366
vn 0.2858 -0.8499 -0.4427
vn 0.2854 -0.8500 -0.4428
vn 0.0983 -0.8607 0.4996
vn -0.3383 -0.8856 0.3183
vn -0.3384 -0.8855 0.3185
vn 0.1946 -0.8551 -0.4805
vn 0.1944 -0.8553 -0.4803
vn 0.1947 -0.8552 0.4804
vn 0.1947 -0.8551 0.4804
vn -0.2687 -0.8817 0.3879
vn -0.2687 -0.8816 0.3881
vn 0.0983 -0.8607 -0.4996
vn 0.0985 -0.8607 -0.4996
vn 0.2852 -0.8501 0.4427
vn 0.2854 -0.8500 0.4427
vn -0.1871 -0.8769 0.4427
vn -0.1871 -0.8769 0.4428
vn -0.0000 -0.8663 -0.4996
vn 0.3667 -0.8453 0.3885
vn 0.3671 -0.8454 0.3880
vn -0.0963 -0.8718 0.4804
vn -0.0961 -0.8717 -0.4806
vn -0.0958 -0.8718 -0.4804
vn 0.4367 -0.8414 0.3184
vn -0.0000 -0.8663 0.4996
vn -0.0000 -0.8662 0.4997
vn -0.8332 0.5471 0.0803
vn -0.8333 0.5469 0.0801
vn 0.9936 0.0566 -0.0980
vn -0.9554 -0.0544 -0.2903
vn -0.9554 -0.0544 -0.2904
vn 0.9554 0.0544 -0.2904
vn -0.9936 -0.0566 -0.0981
vn -0.9936 -0.0566 -0.0980
vn 0.8805 0.0501 -0.4715
vn -0.9936 -0.0566 0.0980
vn -0.9936 -0.0567 0.0980
vn 0.7716 0.0439 -0.6346
vn 0.7718 0.0439 -0.6344
vn -0.9554 -0.0544 0.2904
vn -0.9553 -0.0544 0.2905
vn 0.6338 0.0361 -0.7726
vn -0.8806 -0.0501 0.4712
vn -0.8804 -0.0501 0.4715
vn 0.4701 0.0268 -0.8822
vn 0.4705 0.0268 -0.8820
vn 0.0979 0.0056 0.9952
vn -0.7717 -0.0439 0.6345
vn 0.2900 0.0165 -0.9569
vn 0.2898 0.0165 -0.9570
vn 0.2898 0.0165 0.9569
vn -0.6333 -0.0361 0.7730
vn 0.0979 0.0056 -0.9952
vn 0.4707 0.0268 0.8819
vn -0.4707 -0.0268 0.8819
vn -0.0979 -0.0056 -0.9952
vn 0.6333 0.0361 0.7730
vn -0.2898 -0.0165 0.9569
vn -0.2900 -0.0165 -0.9569
vn -0.2898 -0.0165 -0.9569
vn 0.7717 0.0439 0.6345
vn -0.0986 -0.0056 0.9951
vn -0.0979 -0.0056 0.9952
vn -0.4702 -0.0268 -0.8822
vn 0.8805 0.0501 0.4715
vn -0.6338 -0.0361 -0.7726
vn 0.9554 0.0544 0.2904
vn -0.7718 -0.0439 -0.6344
vn 0.9936 0.0566 0.0981
vn -0.3380 -0.6941 -0.6356
vn 0.3555 0.8803 -0.3141
vn -0.7985 0.5534 0.2368
vn 0.3135 0.8544 -0.4143
vn -0.7311 0.5660 0.3810
vn 0.2478 0.8228 -0.5114
vn 0.0418 0.7486 0.6617
vn -0.6346 0.5847 0.5054
vn 0.1566 0.7869 -0.5969
vn 0.1566 0.7869 0.5969
vn -0.5147 0.6091 0.6034
vn 0.0418 0.7486 -0.6617
vn 0.2478 0.8228 0.5114
vn -0.3784 0.6387 0.6699
vn -0.0911 0.7099 -0.6984
vn 0.3135 0.8544 0.4143
vn -0.2342 0.6727 0.7018
vn -0.2342 0.6727 -0.7018
vn -0.2342 0.6728 -0.7018
vn 0.3555 0.8803 0.3141
vn -0.0911 0.7099 0.6984
vn -0.3784 0.6387 -0.6699
vn 0.3785 0.8998 0.2172
vn -0.5147 0.6091 -0.6034
vn 0.3889 0.9125 0.1265
vn -0.6346 0.5847 -0.5054
vn 0.3924 0.9189 0.0414
vn -0.7311 0.5660 -0.3810
vn 0.3924 0.9189 -0.0414
vn -0.7985 0.5535 -0.2368
vn 0.3889 0.9125 -0.1265
vn -0.8332 0.5472 -0.0803
vn -0.8332 0.5471 -0.0803
vn 0.3785 0.8998 -0.2172
vn -0.8821 -0.0039 -0.4710
vn -0.8819 -0.0039 -0.4714
vn 0.6374 -0.6916 0.3397
vn 0.6370 -0.6920 0.3398
vn -0.4554 -0.6944 -0.5571
vn 0.6913 -0.6917 0.2089
vn 0.6914 -0.6915 0.2092
vn -0.5553 -0.6947 -0.4572
vn 0.7191 -0.6913 0.0706
vn 0.7192 -0.6913 0.0704
vn -0.6338 -0.6949 -0.3397
vn -0.6338 -0.6949 -0.3396
vn 0.7190 -0.6914 -0.0706
vn 0.7191 -0.6913 -0.0708
vn -0.6878 -0.6950 -0.2097
vn -0.6879 -0.6950 -0.2092
vn 0.6913 -0.6917 -0.2090
vn 0.6914 -0.6916 -0.2091
vn -0.7153 -0.6953 -0.0706
vn -0.7154 -0.6951 -0.0707
vn 0.6370 -0.6920 -0.3398
vn 0.6372 -0.6918 -0.3397
vn -0.7153 -0.6952 0.0706
vn -0.7157 -0.6948 0.0705
vn 0.5583 -0.6921 -0.4575
vn 0.5589 -0.6918 -0.4572
vn -0.6879 -0.6950 0.2092
vn -0.6878 -0.6951 0.2093
vn 0.4591 -0.6919 -0.5571
vn 0.4591 -0.6920 -0.5571
vn -0.6337 -0.6950 0.3397
vn -0.6338 -0.6949 0.3397
vn 0.3415 -0.6924 -0.6356
vn 0.0725 -0.6934 0.7169
vn 0.0724 -0.6931 0.7172
vn -0.5553 -0.6947 0.4572
vn -0.5555 -0.6945 0.4572
vn 0.2111 -0.6926 -0.6897
vn 0.2110 -0.6927 -0.6897
vn 0.2108 -0.6927 0.6897
vn 0.2103 -0.6928 0.6897
vn -0.4554 -0.6944 0.5571
vn -0.4554 -0.6944 0.5572
vn 0.0725 -0.6931 -0.7172
vn 0.0724 -0.6931 -0.7172
vn 0.3415 -0.6924 0.6356
vn 0.3417 -0.6924 0.6355
vn -0.3377 -0.6945 0.6353
vn -0.3379 -0.6941 0.6356
vn -0.0689 -0.6934 -0.7173
vn -0.0689 -0.6934 -0.7172
vn 0.4590 -0.6921 0.5571
vn -0.2074 -0.6937 0.6897
vn -0.2074 -0.6940 0.6894
vn -0.2074 -0.6938 -0.6897
vn -0.2075 -0.6937 -0.6897
vn 0.5589 -0.6918 0.4572
vn 0.5588 -0.6920 0.4570
vn -0.0688 -0.6935 0.7172
vn -0.0026 1.0000 -0.0000
vn -0.0028 1.0000 -0.0000
vn -0.0027 1.0000 0.0003
vn -0.0024 1.0000 -0.0000
vn -0.0026 1.0000 -0.0002
vn -0.0025 1.0000 -0.0001
vn -0.0027 1.0000 -0.0003
vn -0.0026 1.0000 -0.0003
vn -0.0025 1.0000 -0.0000
vn -0.0026 1.0000 -0.0001
vn -0.0027 1.0000 -0.0000
vn -0.0027 1.0000 -0.0002
vn 0.9952 0.0044 -0.0980
vn 0.9952 0.0043 -0.0980
vn -0.9569 -0.0044 -0.2903
vn 0.9569 0.0044 -0.2903
vn -0.9952 -0.0044 -0.0982
vn -0.9952 -0.0044 -0.0980
vn 0.8819 0.0039 -0.4715
vn 0.8816 0.0040 -0.4719
vn -0.9952 -0.0044 0.0980
vn 0.7730 0.0036 -0.6344
vn 0.7733 0.0034 -0.6341
vn -0.9569 -0.0044 0.2903
vn 0.6342 0.0029 -0.7732
vn 0.6344 0.0028 -0.7730
vn -0.8820 -0.0039 0.4713
vn -0.8820 -0.0039 0.4712
vn 0.4712 0.0021 -0.8820
vn 0.4714 0.0018 -0.8819
vn 0.0981 0.0004 0.9952
vn 0.0977 0.0004 0.9952
vn -0.7732 -0.0035 0.6342
vn 0.2899 0.0009 -0.9570
vn 0.2903 0.0013 -0.9569
vn 0.2902 0.0013 0.9570
vn 0.2903 0.0009 0.9569
vn -0.6344 -0.0028 0.7730
vn 0.0980 0.0004 -0.9952
vn 0.0978 0.0004 -0.9952
vn 0.4714 0.0021 0.8819
vn -0.4719 -0.0022 0.8817
vn -0.0978 -0.0004 -0.9952
vn -0.0983 -0.0004 -0.9952
vn 0.6344 0.0028 0.7730
vn -0.2903 -0.0013 0.9569
vn -0.2903 -0.0013 -0.9569
vn 0.7730 0.0034 0.6344
vn 0.7732 0.0035 0.6342
vn -0.0979 -0.0004 0.9952
vn -0.4714 -0.0021 -0.8819
vn 0.8819 0.0039 0.4714
vn 0.8820 0.0039 0.4713
vn -0.6344 -0.0028 -0.7730
vn -0.6349 -0.0029 -0.7726
vn 0.9569 0.0044 0.2903
vn -0.7730 -0.0034 -0.6344
vn -0.7726 -0.0035 -0.6349
vn 0.9952 0.0046 0.0977
vt 0.000000 0.000000
s 0
usemtl Goddard_None
f 1/1/1 2/1/1 3/1/1
f 3/1/1 4/1/1 5/1/1
f 1/1/1 3/1/1 5/1/1
f 5/1/2 6/1/2 7/1/2
f 7/1/1 8/1/1 9/1/1
f 5/1/3 7/1/3 9/1/3
f 1/1/4 5/1/4 9/1/4
f 9/1/1 10/1/1 11/1/1
f 11/1/5 12/1/5 13/1/5
f 9/1/6 11/1/6 13/1/6
f 13/1/1 14/1/1 15/1/1
f 15/1/1 16/1/1 17/1/1
f 13/1/6 15/1/6 17/1/6
f 9/1/6 13/1/6 17/1/6
f 17/1/1 18/1/1 19/1/1
f 19/1/1 20/1/1 21/1/1
f 17/1/1 19/1/1 21/1/1
f 21/1/1 22/1/1 23/1/1
f 23/1/1 24/1/1 25/1/1
f 21/1/1 23/1/1 25/1/1
f 17/1/7 21/1/7 25/1/7
f 9/1/7 17/1/7 25/1/7
f 1/1/7 9/1/7 25/1/7
f 26/1/1 27/1/1 28/1/1
f 25/1/1 26/1/1 28/1/1
f 25/1/1 28/1/1 29/1/1
f 1/1/7 25/1/7 29/1/7
f 30/1/1 1/1/1 29/1/1
f 30/1/1 29/1/1 31/1/1
f 30/1/1 31/1/1 32/1/1
f 33/1/8 34/1/8 35/1/8
f 35/1/9 36/1/9 33/1/9
f 19/1/10 37/1/10 38/1/10
f 38/1/11 20/1/11 19/1/11
f 39/1/12 1/1/12 30/1/12
f 30/1/13 40/1/13 39/1/13
f 5/1/14 41/1/14 42/1/14
f 42/1/14 6/1/14 5/1/14
f 18/1/15 43/1/15 37/1/15
f 37/1/16 19/1/16 18/1/16
f 40/1/17 30/1/17 32/1/17
f 32/1/18 44/1/18 40/1/18
f 4/1/19 45/1/19 41/1/19
f 41/1/19 5/1/19 4/1/19
f 17/1/20 46/1/20 43/1/20
f 43/1/20 18/1/20 17/1/20
f 44/1/21 32/1/21 31/1/21
f 31/1/22 47/1/22 44/1/22
f 3/1/23 48/1/23 45/1/23
f 45/1/23 4/1/23 3/1/23
f 16/1/24 49/1/24 46/1/24
f 46/1/24 17/1/24 16/1/24
f 31/1/25 29/1/25 50/1/25
f 50/1/26 47/1/26 31/1/26
f 2/1/27 51/1/27 48/1/27
f 48/1/28 3/1/28 2/1/28
f 15/1/29 52/1/29 49/1/29
f 49/1/30 16/1/30 15/1/30
f 28/1/31 53/1/31 50/1/31
f 50/1/32 29/1/32 28/1/32
f 2/1/33 1/1/33 39/1/33
f 39/1/33 51/1/33 2/1/33
f 14/1/34 54/1/34 52/1/34
f 52/1/35 15/1/35 14/1/35
f 55/1/36 53/1/36 28/1/36
f 28/1/37 27/1/37 55/1/37
f 13/1/38 56/1/38 54/1/38
f 54/1/39 14/1/39 13/1/39
f 26/1/40 57/1/40 55/1/40
f 55/1/40 27/1/40 26/1/40
f 12/1/41 58/1/41 56/1/41
f 56/1/42 13/1/42 12/1/42
f 36/1/43 57/1/43 26/1/43
f 26/1/44 25/1/44 36/1/44
f 11/1/45 59/1/45 58/1/45
f 58/1/46 12/1/46 11/1/46
f 36/1/47 25/1/47 24/1/47
f 24/1/48 33/1/48 36/1/48
f 10/1/49 60/1/49 59/1/49
f 59/1/49 11/1/49 10/1/49
f 24/1/50 23/1/50 61/1/50
f 61/1/50 33/1/50 24/1/50
f 9/1/51 62/1/51 60/1/51
f 60/1/52 10/1/52 9/1/52
f 22/1/53 63/1/53 61/1/53
f 61/1/54 23/1/54 22/1/54
f 8/1/55 64/1/55 62/1/55
f 62/1/56 9/1/56 8/1/56
f 21/1/57 65/1/57 63/1/57
f 63/1/58 22/1/58 21/1/58
f 7/1/59 66/1/59 64/1/59
f 64/1/60 8/1/60 7/1/60
f 20/1/61 38/1/61 65/1/61
f 65/1/61 21/1/61 20/1/61
f 6/1/62 42/1/62 66/1/62
f 66/1/62 7/1/62 6/1/62
f 67/1/63 68/1/63 69/1/63
f 69/1/64 70/1/64 67/1/64
f 60/1/65 71/1/65 72/1/65
f 72/1/66 59/1/66 60/1/66
f 61/1/67 73/1/67 34/1/67
f 34/1/68 33/1/68 61/1/68
f 62/1/69 74/1/69 71/1/69
f 71/1/70 60/1/70 62/1/70
f 63/1/71 70/1/71 73/1/71
f 73/1/72 61/1/72 63/1/72
f 64/1/73 75/1/73 74/1/73
f 74/1/74 62/1/74 64/1/74
f 65/1/75 67/1/75 70/1/75
f 70/1/76 63/1/76 65/1/76
f 66/1/77 76/1/77 75/1/77
f 75/1/78 64/1/78 66/1/78
f 38/1/79 77/1/79 67/1/79
f 67/1/80 65/1/80 38/1/80
f 42/1/81 78/1/81 76/1/81
f 76/1/82 66/1/82 42/1/82
f 37/1/83 79/1/83 77/1/83
f 77/1/84 38/1/84 37/1/84
f 40/1/85 80/1/85 81/1/85
f 81/1/85 39/1/85 40/1/85
f 41/1/86 82/1/86 78/1/86
f 78/1/87 42/1/87 41/1/87
f 43/1/88 83/1/88 79/1/88
f 79/1/88 37/1/88 43/1/88
f 44/1/89 84/1/89 80/1/89
f 80/1/89 40/1/89 44/1/89
f 45/1/90 85/1/90 82/1/90
f 82/1/90 41/1/90 45/1/90
f 46/1/91 86/1/91 83/1/91
f 83/1/92 43/1/92 46/1/92
f 47/1/93 87/1/93 84/1/93
f 84/1/94 44/1/94 47/1/94
f 48/1/95 88/1/95 85/1/95
f 85/1/96 45/1/96 48/1/96
f 49/1/97 89/1/97 86/1/97
f 86/1/98 46/1/98 49/1/98
f 50/1/99 90/1/99 87/1/99
f 87/1/100 47/1/100 50/1/100
f 51/1/101 91/1/101 88/1/101
f 88/1/102 48/1/102 51/1/102
f 52/1/103 92/1/103 89/1/103
f 89/1/104 49/1/104 52/1/104
f 53/1/105 93/1/105 90/1/105
f 90/1/106 50/1/106 53/1/106
f 51/1/107 39/1/107 81/1/107
f 81/1/108 91/1/108 51/1/108
f 54/1/109 94/1/109 92/1/109
f 92/1/110 52/1/110 54/1/110
f 55/1/111 95/1/111 93/1/111
f 93/1/112 53/1/112 55/1/112
f 56/1/113 96/1/113 94/1/113
f 94/1/113 54/1/113 56/1/113
f 57/1/114 97/1/114 95/1/114
f 95/1/115 55/1/115 57/1/115
f 58/1/116 98/1/116 96/1/116
f 96/1/117 56/1/117 58/1/117
f 36/1/118 35/1/118 97/1/118
f 97/1/119 57/1/119 36/1/119
f 59/1/120 72/1/120 98/1/120
f 98/1/121 58/1/121 59/1/121
f 99/1/122 100/1/122 101/1/122
f 101/1/123 102/1/123 99/1/123
f 76/1/124 103/1/124 104/1/124
f 104/1/125 75/1/125 76/1/125
f 77/1/126 105/1/126 68/1/126
f 68/1/126 67/1/126 77/1/126
f 78/1/127 106/1/127 103/1/127
f 103/1/127 76/1/127 78/1/127
f 79/1/128 99/1/128 105/1/128
f 105/1/129 77/1/129 79/1/129
f 80/1/130 107/1/130 108/1/130
f 108/1/131 81/1/131 80/1/131
f 82/1/132 109/1/132 106/1/132
f 106/1/133 78/1/133 82/1/133
f 83/1/134 100/1/134 99/1/134
f 99/1/135 79/1/135 83/1/135
f 84/1/136 110/1/136 107/1/136
f 107/1/137 80/1/137 84/1/137
f 85/1/138 111/1/138 109/1/138
f 109/1/138 82/1/138 85/1/138
f 86/1/139 112/1/139 100/1/139
f 100/1/139 83/1/139 86/1/139
f 87/1/140 113/1/140 110/1/140
f 110/1/141 84/1/141 87/1/141
f 88/1/142 114/1/142 111/1/142
f 111/1/143 85/1/143 88/1/143
f 89/1/144 115/1/144 112/1/144
f 112/1/145 86/1/145 89/1/145
f 90/1/146 116/1/146 113/1/146
f 113/1/147 87/1/147 90/1/147
f 91/1/148 117/1/148 114/1/148
f 114/1/148 88/1/148 91/1/148
f 92/1/149 118/1/149 115/1/149
f 115/1/149 89/1/149 92/1/149
f 93/1/150 119/1/150 116/1/150
f 116/1/151 90/1/151 93/1/151
f 91/1/152 81/1/152 108/1/152
f 108/1/152 117/1/152 91/1/152
f 94/1/153 120/1/153 118/1/153
f 118/1/154 92/1/154 94/1/154
f 95/1/155 121/1/155 119/1/155
f 119/1/156 93/1/156 95/1/156
f 96/1/157 122/1/157 120/1/157
f 120/1/158 94/1/158 96/1/158
f 97/1/159 123/1/159 121/1/159
f 121/1/160 95/1/160 97/1/160
f 98/1/161 124/1/161 122/1/161
f 122/1/161 96/1/161 98/1/161
f 35/1/162 125/1/162 123/1/162
f 123/1/163 97/1/163 35/1/163
f 72/1/164 126/1/164 124/1/164
f 124/1/164 98/1/164 72/1/164
f 34/1/165 127/1/165 125/1/165
f 125/1/166 35/1/166 34/1/166
f 71/1/167 128/1/167 126/1/167
f 126/1/168 72/1/168 71/1/168
f 73/1/169 129/1/169 127/1/169
f 127/1/170 34/1/170 73/1/170
f 74/1/171 130/1/171 128/1/171
f 128/1/172 71/1/172 74/1/172
f 70/1/173 69/1/173 129/1/173
f 129/1/174 73/1/174 70/1/174
f 75/1/175 104/1/175 130/1/175
f 130/1/176 74/1/176 75/1/176
f 131/1/177 132/1/177 133/1/177
f 133/1/178 134/1/178 131/1/178
f 110/1/179 135/1/179 136/1/179
f 136/1/180 107/1/180 110/1/180
f 137/1/181 138/1/181 109/1/181
f 109/1/182 111/1/182 137/1/182
f 100/1/183 112/1/183 139/1/183
f 139/1/184 101/1/184 100/1/184
f 113/1/185 140/1/185 135/1/185
f 135/1/186 110/1/186 113/1/186
f 111/1/23 114/1/23 141/1/23
f 141/1/23 137/1/23 111/1/23
f 112/1/187 115/1/187 134/1/187
f 134/1/188 139/1/188 112/1/188
f 116/1/189 142/1/189 140/1/189
f 140/1/189 113/1/189 116/1/189
f 114/1/190 117/1/190 143/1/190
f 143/1/28 141/1/28 114/1/28
f 115/1/191 118/1/191 131/1/191
f 131/1/192 134/1/192 115/1/192
f 119/1/193 144/1/193 142/1/193
f 142/1/194 116/1/194 119/1/194
f 143/1/195 117/1/195 108/1/195
f 108/1/196 145/1/196 143/1/196
f 118/1/35 120/1/35 146/1/35
f 146/1/35 131/1/35 118/1/35
f 121/1/37 147/1/37 144/1/37
f 144/1/197 119/1/197 121/1/197
f 148/1/39 146/1/39 120/1/39
f 120/1/198 122/1/198 148/1/198
f 123/1/199 149/1/199 147/1/199
f 147/1/200 121/1/200 123/1/200
f 122/1/201 124/1/201 150/1/201
f 150/1/201 148/1/201 122/1/201
f 123/1/202 125/1/202 151/1/202
f 151/1/203 149/1/203 123/1/203
f 124/1/204 126/1/204 152/1/204
f 152/1/45 150/1/45 124/1/45
f 125/1/205 127/1/205 153/1/205
f 153/1/206 151/1/206 125/1/206
f 154/1/49 152/1/49 126/1/49
f 126/1/207 128/1/207 154/1/207
f 153/1/208 127/1/208 129/1/208
f 129/1/209 155/1/209 153/1/209
f 128/1/210 130/1/210 156/1/210
f 156/1/211 154/1/211 128/1/211
f 129/1/54 69/1/54 157/1/54
f 157/1/212 155/1/212 129/1/212
f 130/1/213 104/1/213 158/1/213
f 158/1/214 156/1/214 130/1/214
f 157/1/215 69/1/215 68/1/215
f 68/1/215 159/1/215 157/1/215
f 160/1/216 158/1/216 104/1/216
f 104/1/217 103/1/217 160/1/217
f 159/1/218 68/1/218 105/1/218
f 105/1/219 161/1/219 159/1/219
f 103/1/220 106/1/220 162/1/220
f 162/1/221 160/1/221 103/1/221
f 102/1/11 161/1/11 105/1/11
f 105/1/11 99/1/11 102/1/11
f 107/1/222 136/1/222 145/1/222
f 145/1/223 108/1/223 107/1/223
f 106/1/224 109/1/224 138/1/224
f 138/1/224 162/1/224 106/1/224
f 163/1/225 164/1/225 165/1/225
f 165/1/226 166/1/226 163/1/226
f 144/1/227 167/1/227 168/1/227
f 168/1/228 142/1/228 144/1/228
f 169/1/229 143/1/229 145/1/229
f 145/1/230 170/1/230 169/1/230
f 132/1/231 131/1/231 146/1/231
f 146/1/232 171/1/232 132/1/232
f 172/1/233 167/1/233 144/1/233
f 144/1/234 147/1/234 172/1/234
f 148/1/235 166/1/235 171/1/235
f 171/1/236 146/1/236 148/1/236
f 149/1/237 173/1/237 172/1/237
f 172/1/238 147/1/238 149/1/238
f 150/1/239 163/1/239 166/1/239
f 166/1/240 148/1/240 150/1/240
f 151/1/241 174/1/241 173/1/241
f 173/1/242 149/1/242 151/1/242
f 175/1/243 163/1/243 150/1/243
f 150/1/244 152/1/244 175/1/244
f 153/1/245 176/1/245 174/1/245
f 174/1/246 151/1/246 153/1/246
f 154/1/247 177/1/247 175/1/247
f 175/1/247 152/1/247 154/1/247
f 178/1/248 176/1/248 153/1/248
f 153/1/249 155/1/249 178/1/249
f 156/1/250 179/1/250 177/1/250
f 177/1/251 154/1/251 156/1/251
f 157/1/252 180/1/252 178/1/252
f 178/1/253 155/1/253 157/1/253
f 181/1/254 179/1/254 156/1/254
f 156/1/255 158/1/255 181/1/255
f 159/1/256 182/1/256 180/1/256
f 180/1/256 157/1/256 159/1/256
f 160/1/257 183/1/257 181/1/257
f 181/1/258 158/1/258 160/1/258
f 184/1/259 182/1/259 159/1/259
f 159/1/260 161/1/260 184/1/260
f 162/1/261 185/1/261 183/1/261
f 183/1/262 160/1/262 162/1/262
f 102/1/263 186/1/263 184/1/263
f 184/1/263 161/1/263 102/1/263
f 136/1/264 187/1/264 170/1/264
f 170/1/265 145/1/265 136/1/265
f 185/1/266 162/1/266 138/1/266
f 138/1/267 188/1/267 185/1/267
f 101/1/268 189/1/268 186/1/268
f 186/1/269 102/1/269 101/1/269
f 135/1/270 190/1/270 187/1/270
f 187/1/271 136/1/271 135/1/271
f 137/1/272 191/1/272 188/1/272
f 188/1/273 138/1/273 137/1/273
f 192/1/274 189/1/274 101/1/274
f 101/1/274 139/1/274 192/1/274
f 193/1/275 190/1/275 135/1/275
f 135/1/276 140/1/276 193/1/276
f 141/1/277 194/1/277 191/1/277
f 191/1/278 137/1/278 141/1/278
f 134/1/279 133/1/279 192/1/279
f 192/1/280 139/1/280 134/1/280
f 142/1/281 168/1/281 193/1/281
f 193/1/281 140/1/281 142/1/281
f 169/1/282 194/1/282 141/1/282
f 141/1/283 143/1/283 169/1/283
f 195/1/52 196/1/52 197/1/52
f 197/1/284 198/1/284 195/1/284
f 199/1/285 173/1/285 174/1/285
f 174/1/286 200/1/286 199/1/286
f 175/1/287 201/1/287 164/1/287
f 164/1/288 163/1/288 175/1/288
f 176/1/289 202/1/289 200/1/289
f 200/1/290 174/1/290 176/1/290
f 201/1/291 175/1/291 177/1/291
f 177/1/292 197/1/292 201/1/292
f 178/1/293 203/1/293 202/1/293
f 202/1/294 176/1/294 178/1/294
f 179/1/295 198/1/295 197/1/295
f 197/1/296 177/1/296 179/1/296
f 204/1/297 203/1/297 178/1/297
f 178/1/298 180/1/298 204/1/298
f 181/1/299 205/1/299 198/1/299
f 198/1/300 179/1/300 181/1/300
f 182/1/301 206/1/301 204/1/301
f 204/1/301 180/1/301 182/1/301
f 205/1/302 181/1/302 183/1/302
f 183/1/303 207/1/303 205/1/303
f 184/1/304 208/1/304 206/1/304
f 206/1/304 182/1/304 184/1/304
f 185/1/305 209/1/305 207/1/305
f 207/1/306 183/1/306 185/1/306
f 210/1/307 208/1/307 184/1/307
f 184/1/307 186/1/307 210/1/307
f 170/1/308 187/1/308 211/1/308
f 211/1/309 212/1/309 170/1/309
f 188/1/310 213/1/310 209/1/310
f 209/1/311 185/1/311 188/1/311
f 189/1/312 214/1/312 210/1/312
f 210/1/313 186/1/313 189/1/313
f 190/1/314 215/1/314 211/1/314
f 211/1/315 187/1/315 190/1/315
f 216/1/316 213/1/316 188/1/316
f 188/1/317 191/1/317 216/1/317
f 192/1/318 217/1/318 214/1/318
f 214/1/318 189/1/318 192/1/318
f 193/1/319 218/1/319 215/1/319
f 215/1/320 190/1/320 193/1/320
f 194/1/321 219/1/321 216/1/321
f 216/1/322 191/1/322 194/1/322
f 217/1/323 192/1/323 133/1/323
f 133/1/324 220/1/324 217/1/324
f 168/1/325 221/1/325 218/1/325
f 218/1/326 193/1/326 168/1/326
f 169/1/327 222/1/327 219/1/327
f 219/1/328 194/1/328 169/1/328
f 132/1/329 223/1/329 220/1/329
f 220/1/330 133/1/330 132/1/330
f 221/1/331 168/1/331 167/1/331
f 167/1/332 224/1/332 221/1/332
f 212/1/333 222/1/333 169/1/333
f 169/1/333 170/1/333 212/1/333
f 171/1/334 225/1/334 223/1/334
f 223/1/335 132/1/335 171/1/335
f 172/1/336 226/1/336 224/1/336
f 224/1/336 167/1/336 172/1/336
f 225/1/337 171/1/337 166/1/337
f 166/1/338 165/1/338 225/1/338
f 173/1/339 199/1/339 226/1/339
f 226/1/340 172/1/340 173/1/340
f 227/1/341 228/1/341 229/1/341
f 229/1/341 230/1/341 227/1/341
f 204/1/342 231/1/342 232/1/342
f 232/1/53 203/1/53 204/1/53
f 205/1/213 233/1/213 195/1/213
f 195/1/343 198/1/343 205/1/343
f 234/1/344 231/1/344 204/1/344
f 204/1/344 206/1/344 234/1/344
f 207/1/345 230/1/345 233/1/345
f 233/1/346 205/1/346 207/1/346
f 208/1/347 235/1/347 234/1/347
f 234/1/348 206/1/348 208/1/348
f 227/1/349 230/1/349 207/1/349
f 207/1/221 209/1/221 227/1/221
f 210/1/11 236/1/11 235/1/11
f 235/1/350 208/1/350 210/1/350
f 212/1/13 211/1/13 237/1/13
f 237/1/13 238/1/13 212/1/13
f 213/1/351 239/1/351 227/1/351
f 227/1/351 209/1/351 213/1/351
f 240/1/123 236/1/123 210/1/123
f 210/1/352 214/1/352 240/1/352
f 237/1/353 211/1/353 215/1/353
f 215/1/179 241/1/179 237/1/179
f 216/1/354 242/1/354 239/1/354
f 239/1/355 213/1/355 216/1/355
f 217/1/356 243/1/356 240/1/356
f 240/1/356 214/1/356 217/1/356
f 241/1/21 215/1/21 218/1/21
f 218/1/357 244/1/357 241/1/357
f 245/1/358 242/1/358 216/1/358
f 216/1/358 219/1/358 245/1/358
f 220/1/359 246/1/359 243/1/359
f 243/1/187 217/1/187 220/1/187
f 221/1/360 247/1/360 244/1/360
f 244/1/25 218/1/25 221/1/25
f 222/1/361 248/1/361 245/1/361
f 245/1/361 219/1/361 222/1/361
f 249/1/362 246/1/362 220/1/362
f 220/1/363 223/1/363 249/1/363
f 224/1/364 250/1/364 247/1/364
f 247/1/364 221/1/364 224/1/364
f 238/1/195 248/1/195 222/1/195
f 222/1/195 212/1/195 238/1/195
f 225/1/365 251/1/365 249/1/365
f 249/1/35 223/1/35 225/1/35
f 250/1/366 224/1/366 226/1/366
f 226/1/37 252/1/37 250/1/37
f 165/1/367 253/1/367 251/1/367
f 251/1/368 225/1/368 165/1/368
f 199/1/369 254/1/369 252/1/369
f 252/1/370 226/1/370 199/1/370
f 255/1/371 253/1/371 165/1/371
f 165/1/371 164/1/371 255/1/371
f 200/1/372 256/1/372 254/1/372
f 254/1/44 199/1/44 200/1/44
f 201/1/373 257/1/373 255/1/373
f 255/1/373 164/1/373 201/1/373
f 258/1/374 256/1/374 200/1/374
f 200/1/374 202/1/374 258/1/374
f 197/1/375 196/1/375 257/1/375
f 257/1/375 201/1/375 197/1/375
f 203/1/376 232/1/376 258/1/376
f 258/1/377 202/1/377 203/1/377
f 259/1/378 260/1/378 261/1/378
f 261/1/379 262/1/379 259/1/379
f 236/1/380 263/1/380 264/1/380
f 264/1/380 235/1/380 236/1/380
f 265/1/381 266/1/381 238/1/381
f 238/1/381 237/1/381 265/1/381
f 267/1/382 228/1/382 227/1/382
f 227/1/382 239/1/382 267/1/382
f 240/1/383 268/1/383 263/1/383
f 263/1/383 236/1/383 240/1/383
f 241/1/384 269/1/384 265/1/384
f 265/1/384 237/1/384 241/1/384
f 242/1/385 270/1/385 267/1/385
f 267/1/385 239/1/385 242/1/385
f 271/1/386 268/1/386 240/1/386
f 240/1/386 243/1/386 271/1/386
f 244/1/387 272/1/387 269/1/387
f 269/1/387 241/1/387 244/1/387
f 245/1/388 273/1/388 270/1/388
f 270/1/388 242/1/388 245/1/388
f 246/1/389 274/1/389 271/1/389
f 271/1/389 243/1/389 246/1/389
f 275/1/390 272/1/390 244/1/390
f 244/1/390 247/1/390 275/1/390
f 273/1/391 245/1/391 248/1/391
f 248/1/391 276/1/391 273/1/391
f 249/1/392 277/1/392 274/1/392
f 274/1/392 246/1/392 249/1/392
f 250/1/393 278/1/393 275/1/393
f 275/1/393 247/1/393 250/1/393
f 266/1/394 276/1/394 248/1/394
f 248/1/394 238/1/394 266/1/394
f 277/1/395 249/1/395 251/1/395
f 251/1/395 279/1/395 277/1/395
f 252/1/396 280/1/396 278/1/396
f 278/1/396 250/1/396 252/1/396
f 253/1/397 281/1/397 279/1/397
f 279/1/397 251/1/397 253/1/397
f 282/1/398 280/1/398 252/1/398
f 252/1/398 254/1/398 282/1/398
f 255/1/399 283/1/399 281/1/399
f 281/1/399 253/1/399 255/1/399
f 256/1/400 284/1/400 282/1/400
f 282/1/400 254/1/400 256/1/400
f 261/1/401 283/1/401 255/1/401
f 255/1/402 257/1/402 261/1/402
f 258/1/403 285/1/403 284/1/403
f 284/1/403 256/1/403 258/1/403
f 196/1/404 262/1/404 261/1/404
f 261/1/404 257/1/404 196/1/404
f 285/1/405 258/1/405 232/1/405
f 232/1/405 286/1/405 285/1/405
f 195/1/406 287/1/406 262/1/406
f 262/1/407 196/1/407 195/1/407
f 231/1/408 288/1/408 286/1/408
f 286/1/408 232/1/408 231/1/408
f 287/1/409 195/1/409 233/1/409
f 233/1/410 289/1/410 287/1/410
f 234/1/411 290/1/411 288/1/411
f 288/1/411 231/1/411 234/1/411
f 230/1/412 229/1/412 289/1/412
f 289/1/412 233/1/412 230/1/412
f 264/1/413 290/1/413 234/1/413
f 234/1/413 235/1/414 264/1/413
f 291/1/415 292/1/415 293/1/415
f 293/1/415 294/1/415 291/1/415
f 286/1/416 295/1/416 296/1/416
f 296/1/417 285/1/417 286/1/417
f 287/1/418 297/1/418 259/1/418
f 259/1/419 262/1/419 287/1/419
f 298/1/420 295/1/420 286/1/420
f 286/1/421 288/1/421 298/1/421
f 289/1/422 294/1/422 297/1/422
f 297/1/422 287/1/422 289/1/422
f 290/1/423 299/1/423 298/1/423
f 298/1/424 288/1/424 290/1/424
f 294/1/425 289/1/425 229/1/425
f 229/1/426 291/1/426 294/1/426
f 264/1/427 300/1/427 299/1/427
f 299/1/428 290/1/428 264/1/428
f 228/1/429 301/1/429 291/1/429
f 291/1/430 229/1/430 228/1/430
f 300/1/431 264/1/431 263/1/431
f 263/1/431 302/1/431 300/1/431
f 266/1/432 265/1/432 303/1/432
f 303/1/433 304/1/433 266/1/433
f 267/1/434 305/1/434 301/1/434
f 301/1/435 228/1/435 267/1/435
f 268/1/436 306/1/436 302/1/436
f 302/1/437 263/1/437 268/1/437
f 269/1/438 307/1/438 303/1/438
f 303/1/439 265/1/439 269/1/439
f 308/1/440 305/1/440 267/1/440
f 267/1/441 270/1/441 308/1/441
f 271/1/442 309/1/442 306/1/442
f 306/1/443 268/1/443 271/1/443
f 272/1/444 310/1/444 307/1/444
f 307/1/445 269/1/445 272/1/445
f 273/1/446 311/1/446 308/1/446
f 308/1/447 270/1/447 273/1/447
f 312/1/448 309/1/448 271/1/448
f 271/1/449 274/1/449 312/1/449
f 275/1/450 313/1/450 310/1/450
f 310/1/451 272/1/451 275/1/451
f 276/1/452 314/1/452 311/1/452
f 311/1/453 273/1/453 276/1/453
f 277/1/454 315/1/454 312/1/454
f 312/1/454 274/1/454 277/1/454
f 313/1/455 275/1/455 278/1/455
f 278/1/456 316/1/456 313/1/456
f 304/1/457 314/1/457 276/1/457
f 276/1/458 266/1/458 304/1/458
f 279/1/459 317/1/459 315/1/459
f 315/1/460 277/1/460 279/1/460
f 280/1/461 318/1/461 316/1/461
f 316/1/462 278/1/462 280/1/462
f 317/1/463 279/1/463 281/1/463
f 281/1/463 319/1/463 317/1/463
f 282/1/464 320/1/464 318/1/464
f 318/1/465 280/1/465 282/1/465
f 283/1/466 321/1/466 319/1/466
f 319/1/467 281/1/467 283/1/467
f 322/1/468 320/1/468 282/1/468
f 282/1/469 284/1/469 322/1/469
f 261/1/470 260/1/470 321/1/470
f 321/1/471 283/1/471 261/1/471
f 285/1/472 296/1/472 322/1/472
f 322/1/473 284/1/473 285/1/473
f 323/1/474 324/1/474 325/1/474
f 325/1/474 326/1/474 323/1/474
f 300/1/475 327/1/475 328/1/475
f 328/1/476 299/1/476 300/1/476
f 291/1/477 301/1/477 329/1/477
f 329/1/478 292/1/478 291/1/478
f 302/1/479 330/1/479 327/1/479
f 327/1/480 300/1/480 302/1/480
f 304/1/481 303/1/481 331/1/481
f 331/1/482 332/1/482 304/1/482
f 329/1/483 301/1/483 305/1/483
f 305/1/484 324/1/484 329/1/484
f 302/1/485 306/1/485 333/1/485
f 333/1/486 330/1/486 302/1/486
f 331/1/487 303/1/487 307/1/487
f 307/1/487 334/1/487 331/1/487
f 308/1/488 325/1/488 324/1/488
f 324/1/489 305/1/489 308/1/489
f 333/1/490 306/1/490 309/1/490
f 309/1/490 335/1/490 333/1/490
f 334/1/491 307/1/491 310/1/491
f 310/1/492 336/1/492 334/1/492
f 308/1/493 311/1/493 337/1/493
f 337/1/494 325/1/494 308/1/494
f 312/1/495 338/1/495 335/1/495
f 335/1/496 309/1/496 312/1/496
f 313/1/497 339/1/497 336/1/497
f 336/1/497 310/1/497 313/1/497
f 337/1/498 311/1/498 314/1/498
f 314/1/498 340/1/498 337/1/498
f 312/1/499 315/1/499 341/1/499
f 341/1/500 338/1/500 312/1/500
f 316/1/501 342/1/501 339/1/501
f 339/1/502 313/1/502 316/1/502
f 314/1/503 304/1/503 332/1/503
f 332/1/504 340/1/504 314/1/504
f 341/1/505 315/1/505 317/1/505
f 317/1/506 343/1/506 341/1/506
f 342/1/507 316/1/507 318/1/507
f 318/1/507 344/1/507 342/1/507
f 319/1/508 345/1/508 343/1/508
f 343/1/509 317/1/509 319/1/509
f 320/1/510 346/1/510 344/1/510
f 344/1/511 318/1/511 320/1/511
f 319/1/512 321/1/512 347/1/512
f 347/1/513 345/1/513 319/1/513
f 322/1/514 348/1/514 346/1/514
f 346/1/514 320/1/514 322/1/514
f 347/1/515 321/1/515 260/1/515
f 260/1/515 349/1/515 347/1/515
f 322/1/516 296/1/516 350/1/516
f 350/1/517 348/1/517 322/1/517
f 259/1/518 351/1/518 349/1/518
f 349/1/519 260/1/519 259/1/519
f 350/1/520 296/1/520 295/1/520
f 295/1/521 352/1/521 350/1/521
f 259/1/522 297/1/522 353/1/522
f 353/1/523 351/1/523 259/1/523
f 354/1/524 352/1/524 295/1/524
f 295/1/524 298/1/524 354/1/524
f 353/1/525 297/1/525 294/1/525
f 294/1/526 293/1/526 353/1/526
f 354/1/527 298/1/527 299/1/527
f 299/1/527 328/1/527 354/1/527
f 355/1/528 356/1/528 357/1/528
f 357/1/529 358/1/529 355/1/529
f 335/1/530 359/1/530 360/1/530
f 360/1/530 333/1/530 335/1/530
f 336/1/531 361/1/531 362/1/531
f 362/1/531 334/1/531 336/1/531
f 337/1/532 363/1/532 326/1/532
f 326/1/532 325/1/532 337/1/532
f 359/1/533 335/1/533 338/1/533
f 338/1/533 364/1/533 359/1/533
f 336/1/534 339/1/534 365/1/534
f 365/1/534 361/1/534 336/1/534
f 340/1/535 357/1/535 363/1/535
f 363/1/535 337/1/535 340/1/535
f 341/1/536 366/1/536 364/1/536
f 364/1/536 338/1/536 341/1/536
f 365/1/537 339/1/537 342/1/537
f 342/1/537 367/1/537 365/1/537
f 358/1/538 357/1/538 340/1/538
f 340/1/538 332/1/538 358/1/538
f 343/1/539 368/1/539 366/1/539
f 366/1/539 341/1/539 343/1/539
f 344/1/540 369/1/540 367/1/540
f 367/1/540 342/1/540 344/1/540
f 368/1/541 343/1/541 345/1/541
f 345/1/542 370/1/542 368/1/542
f 344/1/543 346/1/543 371/1/543
f 371/1/543 369/1/543 344/1/543
f 347/1/544 372/1/544 370/1/544
f 370/1/544 345/1/544 347/1/544
f 371/1/545 346/1/545 348/1/545
f 348/1/545 373/1/545 371/1/545
f 349/1/546 374/1/546 372/1/546
f 372/1/546 347/1/546 349/1/546
f 350/1/547 375/1/547 373/1/547
f 373/1/547 348/1/547 350/1/547
f 374/1/548 349/1/548 351/1/548
f 351/1/548 376/1/548 374/1/548
f 352/1/549 377/1/549 375/1/549
f 375/1/549 350/1/549 352/1/549
f 353/1/550 378/1/550 376/1/550
f 376/1/550 351/1/550 353/1/550
f 352/1/551 354/1/551 379/1/551
f 379/1/551 377/1/551 352/1/551
f 293/1/552 380/1/552 378/1/552
f 378/1/553 353/1/553 293/1/553
f 381/1/554 379/1/554 354/1/554
f 354/1/555 328/1/555 381/1/555
f 380/1/556 293/1/556 292/1/556
f 292/1/556 382/1/556 380/1/556
f 381/1/557 328/1/557 327/1/557
f 327/1/557 383/1/557 381/1/557
f 329/1/558 384/1/558 382/1/558
f 382/1/558 292/1/558 329/1/558
f 383/1/559 327/1/559 330/1/559
f 330/1/559 385/1/559 383/1/559
f 331/1/560 386/1/560 358/1/560
f 358/1/560 332/1/560 331/1/560
f 324/1/561 323/1/561 384/1/561
f 384/1/561 329/1/561 324/1/561
f 333/1/562 360/1/562 385/1/562
f 385/1/562 330/1/562 333/1/562
f 386/1/563 331/1/563 334/1/563
f 334/1/563 362/1/563 386/1/563
f 387/1/564 388/1/564 389/1/564
f 389/1/565 390/1/565 387/1/565
f 368/1/566 391/1/566 392/1/566
f 392/1/566 366/1/566 368/1/566
f 393/1/567 367/1/567 369/1/567
f 369/1/568 394/1/568 393/1/568
f 370/1/569 395/1/569 391/1/569
f 391/1/570 368/1/570 370/1/570
f 371/1/571 396/1/571 394/1/571
f 394/1/572 369/1/572 371/1/572
f 395/1/573 370/1/573 372/1/573
f 372/1/574 390/1/574 395/1/574
f 373/1/575 397/1/575 396/1/575
f 396/1/576 371/1/576 373/1/576
f 374/1/577 387/1/577 390/1/577
f 390/1/578 372/1/578 374/1/578
f 397/1/579 373/1/579 375/1/579
f 375/1/580 398/1/580 397/1/580
f 376/1/581 399/1/581 387/1/581
f 387/1/581 374/1/581 376/1/581
f 377/1/582 400/1/582 398/1/582
f 398/1/583 375/1/583 377/1/583
f 399/1/584 376/1/584 378/1/584
f 378/1/585 401/1/585 399/1/585
f 379/1/586 402/1/586 400/1/586
f 400/1/587 377/1/587 379/1/587
f 380/1/588 403/1/588 401/1/588
f 401/1/589 378/1/589 380/1/589
f 402/1/590 379/1/590 381/1/590
f 381/1/591 404/1/591 402/1/591
f 382/1/592 405/1/592 403/1/592
f 403/1/592 380/1/592 382/1/592
f 383/1/593 406/1/593 404/1/593
f 404/1/594 381/1/594 383/1/594
f 405/1/595 382/1/595 384/1/595
f 384/1/596 407/1/596 405/1/596
f 385/1/597 408/1/597 406/1/597
f 406/1/598 383/1/598 385/1/598
f 358/1/599 386/1/599 409/1/599
f 409/1/600 355/1/600 358/1/600
f 323/1/601 410/1/601 407/1/601
f 407/1/602 384/1/602 323/1/602
f 408/1/603 385/1/603 360/1/603
f 360/1/604 411/1/604 408/1/604
f 362/1/605 412/1/605 409/1/605
f 409/1/606 386/1/606 362/1/606
f 326/1/607 413/1/607 410/1/607
f 410/1/608 323/1/608 326/1/608
f 359/1/609 414/1/609 411/1/609
f 411/1/610 360/1/610 359/1/610
f 412/1/611 362/1/611 361/1/611
f 361/1/612 415/1/612 412/1/612
f 413/1/613 326/1/613 363/1/613
f 363/1/614 416/1/614 413/1/614
f 364/1/615 417/1/615 414/1/615
f 414/1/616 359/1/616 364/1/616
f 365/1/617 418/1/617 415/1/617
f 415/1/618 361/1/618 365/1/618
f 357/1/619 356/1/619 416/1/619
f 416/1/620 363/1/620 357/1/620
f 417/1/621 364/1/621 366/1/621
f 366/1/622 392/1/622 417/1/622
f 367/1/623 393/1/623 418/1/623
f 418/1/624 365/1/624 367/1/624
f 419/1/625 420/1/625 421/1/625
f 421/1/625 422/1/625 419/1/625
f 423/1/626 424/1/626 397/1/626
f 397/1/627 398/1/627 423/1/627
f 399/1/628 425/1/628 388/1/628
f 388/1/629 387/1/629 399/1/629
f 400/1/630 426/1/630 423/1/630
f 423/1/631 398/1/631 400/1/631
f 420/1/632 425/1/632 399/1/632
f 399/1/633 401/1/633 420/1/633
f 402/1/634 427/1/634 426/1/634
f 426/1/635 400/1/635 402/1/635
f 403/1/636 421/1/636 420/1/636
f 420/1/636 401/1/636 403/1/636
f 428/1/637 427/1/637 402/1/637
f 402/1/638 404/1/638 428/1/638
f 405/1/639 429/1/639 421/1/639
f 421/1/640 403/1/640 405/1/640
f 406/1/641 430/1/641 428/1/641
f 428/1/641 404/1/641 406/1/641
f 431/1/642 429/1/642 405/1/642
f 405/1/643 407/1/643 431/1/643
f 408/1/644 432/1/644 430/1/644
f 430/1/644 406/1/644 408/1/644
f 433/1/645 355/1/645 409/1/645
f 409/1/645 434/1/645 433/1/645
f 410/1/646 435/1/646 431/1/646
f 431/1/646 407/1/646 410/1/646
f 436/1/647 432/1/647 408/1/647
f 408/1/648 411/1/648 436/1/648
f 434/1/649 409/1/649 412/1/649
f 412/1/649 437/1/649 434/1/649
f 413/1/650 438/1/650 435/1/650
f 435/1/651 410/1/651 413/1/651
f 414/1/652 439/1/652 436/1/652
f 436/1/652 411/1/652 414/1/652
f 415/1/653 440/1/653 437/1/653
f 437/1/653 412/1/653 415/1/653
f 441/1/654 438/1/654 413/1/654
f 413/1/655 416/1/655 441/1/655
f 417/1/656 442/1/656 439/1/656
f 439/1/657 414/1/657 417/1/657
f 440/1/658 415/1/658 418/1/658
f 418/1/658 443/1/658 440/1/658
f 356/1/659 444/1/659 441/1/659
f 441/1/660 416/1/660 356/1/660
f 445/1/661 442/1/661 417/1/661
f 417/1/662 392/1/662 445/1/662
f 393/1/663 446/1/663 443/1/663
f 443/1/664 418/1/664 393/1/664
f 433/1/665 444/1/665 356/1/665
f 356/1/666 355/1/666 433/1/666
f 391/1/667 447/1/667 445/1/667
f 445/1/668 392/1/668 391/1/668
f 394/1/669 448/1/669 446/1/669
f 446/1/670 393/1/670 394/1/670
f 395/1/671 449/1/671 447/1/671
f 447/1/672 391/1/672 395/1/672
f 448/1/673 394/1/673 396/1/673
f 396/1/674 450/1/674 448/1/674
f 389/1/675 449/1/675 395/1/675
f 395/1/676 390/1/676 389/1/676
f 397/1/677 424/1/677 450/1/677
f 450/1/677 396/1/677 397/1/677
f 451/1/678 452/1/678 453/1/678
f 453/1/679 454/1/679 451/1/679
f 428/1/680 455/1/680 456/1/680
f 456/1/680 427/1/680 428/1/680
f 429/1/681 457/1/681 422/1/681
f 422/1/681 421/1/681 429/1/681
f 458/1/682 455/1/682 428/1/682
f 428/1/682 430/1/682 458/1/682
f 431/1/683 459/1/683 457/1/683
f 457/1/683 429/1/683 431/1/683
f 432/1/684 460/1/684 458/1/684
f 458/1/684 430/1/684 432/1/684
f 452/1/685 451/1/685 433/1/685
f 433/1/685 434/1/685 452/1/685
f 461/1/686 459/1/686 431/1/686
f 431/1/686 435/1/686 461/1/686
f 436/1/687 462/1/687 460/1/687
f 460/1/687 432/1/687 436/1/687
f 437/1/688 463/1/688 452/1/688
f 452/1/688 434/1/688 437/1/688
f 438/1/689 464/1/689 461/1/689
f 461/1/689 435/1/689 438/1/689
f 465/1/690 462/1/690 436/1/690
f 436/1/690 439/1/690 465/1/690
f 440/1/691 466/1/691 463/1/691
f 463/1/691 437/1/691 440/1/691
f 441/1/692 467/1/692 464/1/692
f 464/1/692 438/1/692 441/1/692
f 442/1/693 468/1/693 465/1/693
f 465/1/693 439/1/693 442/1/693
f 469/1/694 466/1/694 440/1/694
f 440/1/694 443/1/694 469/1/694
f 470/1/695 467/1/695 441/1/695
f 441/1/695 444/1/695 470/1/695
f 445/1/696 471/1/696 468/1/696
f 468/1/696 442/1/696 445/1/696
f 446/1/697 472/1/697 469/1/697
f 469/1/697 443/1/697 446/1/697
f 470/1/698 444/1/698 433/1/698
f 433/1/698 451/1/698 470/1/698
f 471/1/699 445/1/699 447/1/699
f 447/1/699 473/1/699 471/1/699
f 448/1/700 474/1/700 472/1/700
f 472/1/700 446/1/700 448/1/700
f 449/1/701 475/1/701 473/1/701
f 473/1/701 447/1/701 449/1/701
f 476/1/702 474/1/702 448/1/702
f 448/1/702 450/1/702 476/1/702
f 389/1/703 477/1/703 475/1/703
f 475/1/703 449/1/703 389/1/703
f 424/1/704 478/1/704 476/1/704
f 476/1/704 450/1/704 424/1/704
f 477/1/705 389/1/705 388/1/705
f 388/1/705 479/1/705 477/1/705
f 423/1/706 480/1/706 478/1/706
f 478/1/706 424/1/706 423/1/706
f 425/1/707 481/1/707 479/1/707
f 479/1/707 388/1/707 425/1/707
f 482/1/708 480/1/708 423/1/708
f 423/1/708 426/1/708 482/1/708
f 420/1/709 419/1/709 481/1/709
f 481/1/709 425/1/709 420/1/709
f 427/1/710 456/1/710 482/1/710
f 482/1/710 426/1/710 427/1/710
f 483/1/711 484/1/711 485/1/711
f 485/1/711 486/1/711 483/1/711
f 461/1/712 487/1/712 488/1/712
f 488/1/713 459/1/713 461/1/713
f 462/1/714 489/1/714 490/1/714
f 490/1/715 460/1/715 462/1/715
f 463/1/716 491/1/716 453/1/716
f 453/1/717 452/1/717 463/1/717
f 492/1/718 487/1/718 461/1/718
f 461/1/719 464/1/719 492/1/719
f 465/1/720 493/1/720 489/1/720
f 489/1/721 462/1/721 465/1/721
f 466/1/722 486/1/722 491/1/722
f 491/1/723 463/1/723 466/1/723
f 467/1/724 494/1/724 492/1/724
f 492/1/724 464/1/724 467/1/724
f 493/1/725 465/1/725 468/1/725
f 468/1/726 495/1/726 493/1/726
f 469/1/727 483/1/727 486/1/727
f 486/1/727 466/1/727 469/1/727
f 470/1/728 496/1/728 494/1/728
f 494/1/729 467/1/729 470/1/729
f 471/1/730 497/1/730 495/1/730
f 495/1/731 468/1/731 471/1/731
f 483/1/732 469/1/732 472/1/732
f 472/1/733 498/1/733 483/1/733
f 496/1/734 470/1/734 451/1/734
f 451/1/734 454/1/734 496/1/734
f 473/1/735 499/1/735 497/1/735
f 497/1/736 471/1/736 473/1/736
f 474/1/737 500/1/737 498/1/737
f 498/1/738 472/1/738 474/1/738
f 501/1/739 499/1/739 473/1/739
f 473/1/740 475/1/740 501/1/740
f 476/1/741 502/1/741 500/1/741
f 500/1/742 474/1/742 476/1/742
f 477/1/743 503/1/743 501/1/743
f 501/1/744 475/1/744 477/1/744
f 504/1/745 502/1/745 476/1/745
f 476/1/746 478/1/746 504/1/746
f 479/1/747 505/1/747 503/1/747
f 503/1/748 477/1/748 479/1/748
f 480/1/749 506/1/749 504/1/749
f 504/1/750 478/1/750 480/1/750
f 505/1/751 479/1/751 481/1/751
f 481/1/752 507/1/752 505/1/752
f 482/1/753 508/1/753 506/1/753
f 506/1/754 480/1/754 482/1/754
f 419/1/755 509/1/755 507/1/755
f 507/1/756 481/1/756 419/1/756
f 510/1/757 508/1/757 482/1/757
f 482/1/758 456/1/758 510/1/758
f 422/1/759 511/1/759 509/1/759
f 509/1/760 419/1/760 422/1/760
f 455/1/761 512/1/761 510/1/761
f 510/1/762 456/1/762 455/1/762
f 513/1/763 511/1/763 422/1/763
f 422/1/764 457/1/764 513/1/764
f 458/1/765 514/1/765 512/1/765
f 512/1/766 455/1/766 458/1/766
f 459/1/767 488/1/767 513/1/767
f 513/1/767 457/1/767 459/1/767
f 514/1/768 458/1/768 460/1/768
f 460/1/769 490/1/769 514/1/769
f 515/1/770 516/1/770 517/1/770
f 517/1/770 518/1/770 515/1/770
f 496/1/771 519/1/771 520/1/771
f 520/1/771 494/1/771 496/1/771
f 521/1/772 522/1/772 495/1/772
f 495/1/772 497/1/772 521/1/772
f 498/1/773 523/1/773 484/1/773
f 484/1/774 483/1/774 498/1/774
f 524/1/775 519/1/775 496/1/775
f 496/1/775 454/1/775 524/1/775
f 499/1/776 525/1/776 521/1/776
f 521/1/777 497/1/777 499/1/777
f 523/1/778 498/1/778 500/1/778
f 500/1/779 517/1/779 523/1/779
f 501/1/780 526/1/780 525/1/780
f 525/1/781 499/1/781 501/1/781
f 502/1/782 518/1/782 517/1/782
f 517/1/783 500/1/783 502/1/783
f 527/1/784 526/1/784 501/1/784
f 501/1/785 503/1/785 527/1/785
f 504/1/786 528/1/786 518/1/786
f 518/1/787 502/1/787 504/1/787
f 505/1/788 529/1/788 527/1/788
f 527/1/788 503/1/788 505/1/788
f 530/1/789 528/1/789 504/1/789
f 504/1/790 506/1/790 530/1/790
f 507/1/791 531/1/791 529/1/791
f 529/1/792 505/1/792 507/1/792
f 508/1/793 532/1/793 530/1/793
f 530/1/794 506/1/794 508/1/794
f 533/1/795 531/1/795 507/1/795
f 507/1/796 509/1/796 533/1/796
f 510/1/797 534/1/797 532/1/797
f 532/1/798 508/1/798 510/1/798
f 511/1/799 535/1/799 533/1/799
f 533/1/800 509/1/800 511/1/800
f 536/1/801 534/1/801 510/1/801
f 510/1/802 512/1/802 536/1/802
f 513/1/803 537/1/803 535/1/803
f 535/1/804 511/1/804 513/1/804
f 514/1/805 538/1/805 536/1/805
f 536/1/805 512/1/805 514/1/805
f 539/1/806 537/1/806 513/1/806
f 513/1/807 488/1/807 539/1/807
f 490/1/808 540/1/808 538/1/808
f 538/1/809 514/1/809 490/1/809
f 454/1/810 453/1/810 541/1/810
f 541/1/811 524/1/811 454/1/811
f 487/1/812 542/1/812 539/1/812
f 539/1/813 488/1/813 487/1/813
f 543/1/814 540/1/814 490/1/814
f 490/1/815 489/1/815 543/1/815
f 544/1/816 541/1/816 453/1/816
f 453/1/817 491/1/817 544/1/817
f 492/1/818 545/1/818 542/1/818
f 542/1/819 487/1/819 492/1/819
f 493/1/820 546/1/820 543/1/820
f 543/1/821 489/1/821 493/1/821
f 485/1/822 544/1/822 491/1/822
f 491/1/823 486/1/823 485/1/823
f 520/1/824 545/1/824 492/1/824
f 492/1/824 494/1/824 520/1/824
f 495/1/825 522/1/825 546/1/825
f 546/1/826 493/1/826 495/1/826
f 547/1/827 548/1/827 549/1/827
f 549/1/827 550/1/827 547/1/827
f 527/1/828 551/1/828 552/1/828
f 552/1/828 526/1/828 527/1/828
f 528/1/829 553/1/829 515/1/829
f 515/1/829 518/1/829 528/1/829
f 551/1/830 527/1/830 529/1/830
f 529/1/830 554/1/830 551/1/830
f 530/1/831 550/1/831 553/1/831
f 553/1/831 528/1/831 530/1/831
f 531/1/832 555/1/832 554/1/832
f 554/1/832 529/1/832 531/1/832
f 547/1/833 550/1/833 530/1/833
f 530/1/833 532/1/833 547/1/833
f 533/1/834 556/1/834 555/1/834
f 555/1/834 531/1/834 533/1/834
f 534/1/835 557/1/835 547/1/835
f 547/1/835 532/1/835 534/1/835
f 558/1/836 556/1/836 533/1/836
f 533/1/836 535/1/836 558/1/836
f 536/1/837 559/1/837 557/1/837
f 557/1/837 534/1/837 536/1/837
f 537/1/838 560/1/838 558/1/838
f 558/1/838 535/1/838 537/1/838
f 561/1/839 559/1/839 536/1/839
f 536/1/839 538/1/839 561/1/839
f 539/1/840 562/1/840 560/1/840
f 560/1/840 537/1/840 539/1/840
f 540/1/841 563/1/841 561/1/841
f 561/1/841 538/1/841 540/1/841
f 564/1/842 565/1/842 524/1/842
f 524/1/842 541/1/842 564/1/842
f 566/1/843 562/1/843 539/1/843
f 539/1/843 542/1/843 566/1/843
f 543/1/844 567/1/844 563/1/844
f 563/1/844 540/1/844 543/1/844
f 544/1/845 568/1/845 564/1/845
f 564/1/845 541/1/845 544/1/845
f 545/1/846 569/1/846 566/1/846
f 566/1/846 542/1/846 545/1/846
f 567/1/847 543/1/847 546/1/847
f 546/1/847 570/1/847 567/1/847
f 485/1/848 571/1/848 568/1/848
f 568/1/848 544/1/848 485/1/848
f 520/1/849 572/1/849 569/1/849
f 569/1/849 545/1/849 520/1/849
f 522/1/850 573/1/850 570/1/850
f 570/1/850 546/1/850 522/1/850
f 574/1/851 571/1/851 485/1/851
f 485/1/851 484/1/851 574/1/851
f 575/1/852 572/1/852 520/1/852
f 520/1/852 519/1/852 575/1/852
f 521/1/853 576/1/853 573/1/853
f 573/1/853 522/1/853 521/1/853
f 523/1/854 577/1/854 574/1/854
f 574/1/854 484/1/854 523/1/854
f 565/1/855 575/1/855 519/1/855
f 519/1/855 524/1/855 565/1/855
f 576/1/856 521/1/856 525/1/856
f 525/1/856 578/1/856 576/1/856
f 517/1/857 516/1/857 577/1/857
f 577/1/857 523/1/857 517/1/857
f 526/1/858 552/1/858 578/1/858
f 578/1/858 525/1/858 526/1/858
f 579/1/859 580/1/859 581/1/859
f 581/1/860 582/1/860 579/1/860
f 556/1/861 583/1/861 584/1/861
f 584/1/861 555/1/861 556/1/861
f 585/1/862 548/1/862 547/1/862
f 547/1/863 557/1/863 585/1/863
f 558/1/864 586/1/864 583/1/864
f 583/1/865 556/1/865 558/1/865
f 559/1/866 582/1/866 585/1/866
f 585/1/867 557/1/867 559/1/867
f 586/1/868 558/1/868 560/1/868
f 560/1/868 587/1/868 586/1/868
f 561/1/869 579/1/869 582/1/869
f 582/1/870 559/1/870 561/1/870
f 562/1/871 588/1/871 587/1/871
f 587/1/872 560/1/872 562/1/872
f 579/1/873 561/1/873 563/1/873
f 563/1/873 589/1/873 579/1/873
f 565/1/874 564/1/874 590/1/874
f 590/1/874 591/1/874 565/1/874
f 566/1/875 592/1/875 588/1/875
f 588/1/876 562/1/876 566/1/876
f 567/1/877 593/1/877 589/1/877
f 589/1/878 563/1/878 567/1/878
f 568/1/879 594/1/879 590/1/879
f 590/1/880 564/1/880 568/1/880
f 595/1/881 592/1/881 566/1/881
f 566/1/882 569/1/882 595/1/882
f 570/1/883 596/1/883 593/1/883
f 593/1/884 567/1/884 570/1/884
f 571/1/885 597/1/885 594/1/885
f 594/1/886 568/1/886 571/1/886
f 572/1/887 598/1/887 595/1/887
f 595/1/888 569/1/888 572/1/888
f 599/1/889 596/1/889 570/1/889
f 570/1/890 573/1/890 599/1/890
f 574/1/891 600/1/891 597/1/891
f 597/1/892 571/1/892 574/1/892
f 575/1/893 601/1/893 598/1/893
f 598/1/894 572/1/894 575/1/894
f 576/1/895 602/1/895 599/1/895
f 599/1/896 573/1/896 576/1/896
f 600/1/897 574/1/897 577/1/897
f 577/1/897 603/1/897 600/1/897
f 591/1/898 601/1/898 575/1/898
f 575/1/899 565/1/899 591/1/899
f 578/1/900 604/1/900 602/1/900
f 602/1/901 576/1/901 578/1/901
f 516/1/902 605/1/902 603/1/902
f 603/1/903 577/1/903 516/1/903
f 606/1/904 604/1/904 578/1/904
f 578/1/905 552/1/905 606/1/905
f 515/1/906 607/1/906 605/1/906
f 605/1/907 516/1/907 515/1/907
f 551/1/908 608/1/908 606/1/908
f 606/1/909 552/1/909 551/1/909
f 609/1/910 607/1/910 515/1/910
f 515/1/911 553/1/911 609/1/911
f 554/1/912 610/1/912 608/1/912
f 608/1/913 551/1/913 554/1/913
f 550/1/914 549/1/914 609/1/914
f 609/1/915 553/1/915 550/1/915
f 610/1/916 554/1/916 555/1/916
f 555/1/917 584/1/917 610/1/917
f 611/1/918 612/1/918 613/1/918
f 613/1/918 614/1/918 611/1/918
f 587/1/919 588/1/919 615/1/919
f 615/1/920 616/1/920 587/1/920
f 589/1/921 617/1/921 580/1/921
f 580/1/922 579/1/922 589/1/922
f 591/1/923 590/1/923 618/1/923
f 618/1/923 619/1/923 591/1/923
f 615/1/924 588/1/924 592/1/924
f 592/1/924 620/1/924 615/1/924
f 589/1/925 593/1/925 614/1/925
f 614/1/926 617/1/926 589/1/926
f 618/1/927 590/1/927 594/1/927
f 594/1/928 621/1/928 618/1/928
f 595/1/929 622/1/929 620/1/929
f 620/1/930 592/1/930 595/1/930
f 614/1/931 593/1/931 596/1/931
f 596/1/931 611/1/931 614/1/931
f 623/1/932 621/1/932 594/1/932
f 594/1/933 597/1/933 623/1/933
f 595/1/934 598/1/934 624/1/934
f 624/1/935 622/1/935 595/1/935
f 599/1/936 625/1/936 611/1/936
f 611/1/937 596/1/937 599/1/937
f 600/1/938 626/1/938 623/1/938
f 623/1/939 597/1/939 600/1/939
f 624/1/940 598/1/940 601/1/940
f 601/1/941 627/1/941 624/1/941
f 599/1/942 602/1/942 628/1/942
f 628/1/943 625/1/943 599/1/943
f 603/1/944 629/1/944 626/1/944
f 626/1/944 600/1/944 603/1/944
f 601/1/945 591/1/945 619/1/945
f 619/1/945 627/1/945 601/1/945
f 628/1/946 602/1/946 604/1/946
f 604/1/947 630/1/947 628/1/947
f 631/1/948 629/1/948 603/1/948
f 603/1/949 605/1/949 631/1/949
f 606/1/950 632/1/950 630/1/950
f 630/1/950 604/1/950 606/1/950
f 607/1/951 633/1/951 631/1/951
f 631/1/952 605/1/952 607/1/952
f 606/1/953 608/1/953 634/1/953
f 634/1/953 632/1/953 606/1/953
f 609/1/954 635/1/954 633/1/954
f 633/1/955 607/1/955 609/1/955
f 634/1/956 608/1/956 610/1/956
f 610/1/957 636/1/957 634/1/957
f 609/1/958 549/1/958 637/1/958
f 637/1/958 635/1/958 609/1/958
f 584/1/959 638/1/959 636/1/959
f 636/1/960 610/1/960 584/1/960
f 637/1/961 549/1/961 548/1/961
f 548/1/962 639/1/962 637/1/962
f 584/1/963 583/1/963 640/1/963
f 640/1/963 638/1/963 584/1/963
f 641/1/964 639/1/964 548/1/964
f 548/1/965 585/1/965 641/1/965
f 640/1/966 583/1/966 586/1/966
f 586/1/967 642/1/967 640/1/967
f 641/1/968 585/1/968 582/1/968
f 582/1/969 581/1/969 641/1/969
f 587/1/970 616/1/970 642/1/970
f 642/1/970 586/1/970 587/1/970
f 643/1/971 644/1/971 645/1/971
f 645/1/971 646/1/971 643/1/971
f 623/1/972 647/1/972 648/1/972
f 648/1/972 621/1/972 623/1/972
f 624/1/973 649/1/973 650/1/973
f 650/1/973 622/1/973 624/1/973
f 612/1/974 611/1/974 625/1/974
f 625/1/974 651/1/974 612/1/974
f 623/1/975 626/1/975 652/1/975
f 652/1/975 647/1/975 623/1/975
f 627/1/976 653/1/976 649/1/976
f 649/1/976 624/1/976 627/1/976
f 628/1/977 646/1/977 651/1/977
f 651/1/978 625/1/977 628/1/977
f 652/1/979 626/1/979 629/1/979
f 629/1/979 654/1/979 652/1/979
f 655/1/980 653/1/980 627/1/980
f 627/1/980 619/1/980 655/1/980
f 630/1/981 643/1/981 646/1/981
f 646/1/981 628/1/981 630/1/981
f 631/1/982 656/1/982 654/1/982
f 654/1/982 629/1/982 631/1/982
f 643/1/983 630/1/983 632/1/983
f 632/1/983 657/1/983 643/1/983
f 631/1/984 633/1/984 658/1/984
f 658/1/984 656/1/984 631/1/984
f 634/1/985 659/1/985 657/1/985
f 657/1/985 632/1/985 634/1/985
f 658/1/986 633/1/986 635/1/986
f 635/1/986 660/1/986 658/1/986
f 636/1/987 661/1/987 659/1/987
f 659/1/987 634/1/987 636/1/987
f 637/1/988 662/1/988 660/1/988
f 660/1/988 635/1/988 637/1/988
f 661/1/989 636/1/989 638/1/989
f 638/1/989 663/1/989 661/1/989
f 639/1/990 664/1/990 662/1/990
f 662/1/990 637/1/990 639/1/990
f 640/1/991 665/1/991 663/1/991
f 663/1/992 638/1/992 640/1/992
f 639/1/993 641/1/993 666/1/993
f 666/1/993 664/1/993 639/1/993
f 642/1/994 667/1/994 665/1/994
f 665/1/994 640/1/994 642/1/994
f 668/1/995 666/1/995 641/1/995
f 641/1/995 581/1/995 668/1/995
f 667/1/996 642/1/996 616/1/996
f 616/1/996 669/1/996 667/1/996
f 668/1/997 581/1/997 580/1/997
f 580/1/997 670/1/997 668/1/997
f 615/1/998 671/1/998 669/1/998
f 669/1/998 616/1/998 615/1/998
f 670/1/999 580/1/999 617/1/999
f 617/1/999 672/1/999 670/1/999
f 618/1/1000 673/1/1000 655/1/1000
f 655/1/1000 619/1/1000 618/1/1000
f 620/1/1001 674/1/1001 671/1/1001
f 671/1/1001 615/1/1001 620/1/1001
f 614/1/1002 613/1/1002 672/1/1002
f 672/1/1002 617/1/1002 614/1/1002
f 673/1/1003 618/1/1003 621/1/1003
f 621/1/1003 648/1/1003 673/1/1003
f 674/1/1004 620/1/1004 622/1/1004
f 622/1/1004 650/1/1004 674/1/1004
f 675/1/1005 676/1/1005 677/1/1005
f 677/1/1005 678/1/1005 675/1/1005
f 679/1/1006 654/1/1006 656/1/1006
f 656/1/1007 680/1/1007 679/1/1007
f 657/1/1008 681/1/1008 644/1/1008
f 644/1/1009 643/1/1009 657/1/1009
f 658/1/1010 682/1/1010 680/1/1010
f 680/1/1011 656/1/1011 658/1/1011
f 681/1/1012 657/1/1012 659/1/1012
f 659/1/1013 678/1/1013 681/1/1013
f 660/1/1014 683/1/1014 682/1/1014
f 682/1/1015 658/1/1015 660/1/1015
f 661/1/1016 675/1/1016 678/1/1016
f 678/1/1016 659/1/1016 661/1/1016
f 683/1/1017 660/1/1017 662/1/1017
f 662/1/1018 684/1/1018 683/1/1018
f 663/1/1019 685/1/1019 675/1/1019
f 675/1/1020 661/1/1020 663/1/1020
f 664/1/1021 686/1/1021 684/1/1021
f 684/1/1022 662/1/1022 664/1/1022
f 685/1/1023 663/1/1023 665/1/1023
f 665/1/1024 687/1/1024 685/1/1024
f 666/1/1025 688/1/1025 686/1/1025
f 686/1/1026 664/1/1026 666/1/1026
f 667/1/1027 689/1/1027 687/1/1027
f 687/1/1028 665/1/1028 667/1/1028
f 688/1/1029 666/1/1029 668/1/1029
f 668/1/1030 690/1/1030 688/1/1030
f 669/1/1031 691/1/1031 689/1/1031
f 689/1/1032 667/1/1032 669/1/1032
f 670/1/1033 692/1/1033 690/1/1033
f 690/1/1034 668/1/1034 670/1/1034
f 691/1/1035 669/1/1035 671/1/1035
f 671/1/1035 693/1/1035 691/1/1035
f 672/1/1036 694/1/1036 692/1/1036
f 692/1/1037 670/1/1037 672/1/1037
f 655/1/1038 673/1/1038 695/1/1038
f 695/1/1038 696/1/1038 655/1/1038
f 674/1/1039 697/1/1039 693/1/1039
f 693/1/1040 671/1/1040 674/1/1040
f 694/1/1041 672/1/1041 613/1/1041
f 613/1/1042 698/1/1042 694/1/1042
f 648/1/1043 699/1/1043 695/1/1043
f 695/1/1044 673/1/1044 648/1/1044
f 650/1/1045 700/1/1045 697/1/1045
f 697/1/1046 674/1/1046 650/1/1046
f 612/1/1047 701/1/1047 698/1/1047
f 698/1/1048 613/1/1048 612/1/1048
f 699/1/1049 648/1/1049 647/1/1049
f 647/1/1050 702/1/1050 699/1/1050
f 700/1/1051 650/1/1051 649/1/1051
f 649/1/1052 703/1/1052 700/1/1052
f 651/1/1053 704/1/1053 701/1/1053
f 701/1/1053 612/1/1053 651/1/1053
f 652/1/1054 705/1/1054 702/1/1054
f 702/1/1055 647/1/1055 652/1/1055
f 653/1/1056 706/1/1056 703/1/1056
f 703/1/1056 649/1/1056 653/1/1056
f 704/1/1057 651/1/1057 646/1/1057
f 646/1/1058 645/1/1058 704/1/1058
f 654/1/1059 679/1/1059 705/1/1059
f 705/1/1059 652/1/1059 654/1/1059
f 696/1/1060 706/1/1060 653/1/1060
f 653/1/1061 655/1/1061 696/1/1061
f 707/1/1062 708/1/1062 709/1/1062
f 709/1/1063 710/1/1063 707/1/1063
f 684/1/1064 711/1/1064 712/1/1064
f 712/1/1064 683/1/1064 684/1/1064
f 685/1/1065 713/1/1065 676/1/1065
f 676/1/1066 675/1/1066 685/1/1066
f 686/1/1067 714/1/1067 711/1/1067
f 711/1/1067 684/1/1067 686/1/1067
f 687/1/1068 710/1/1068 713/1/1068
f 713/1/1069 685/1/1069 687/1/1069
f 715/1/1070 714/1/1070 686/1/1070
f 686/1/1070 688/1/1070 715/1/1070
f 689/1/1071 707/1/1071 710/1/1071
f 710/1/1072 687/1/1072 689/1/1072
f 690/1/1073 716/1/1073 715/1/1073
f 715/1/1074 688/1/1074 690/1/1074
f 717/1/1075 707/1/1075 689/1/1075
f 689/1/1076 691/1/1076 717/1/1076
f 716/1/1077 690/1/1077 692/1/1077
f 692/1/1077 718/1/1077 716/1/1077
f 719/1/1078 717/1/1078 691/1/1078
f 691/1/1079 693/1/1079 719/1/1079
f 694/1/1080 720/1/1080 718/1/1080
f 718/1/1081 692/1/1081 694/1/1081
f 721/1/1082 696/1/1082 695/1/1082
f 695/1/1082 722/1/1082 721/1/1082
f 723/1/1083 719/1/1083 693/1/1083
f 693/1/1083 697/1/1083 723/1/1083
f 698/1/1084 724/1/1084 720/1/1084
f 720/1/1085 694/1/1085 698/1/1085
f 722/1/1086 695/1/1086 699/1/1086
f 699/1/1086 725/1/1086 722/1/1086
f 723/1/1087 697/1/1087 700/1/1087
f 700/1/1087 726/1/1087 723/1/1087
f 701/1/1088 727/1/1088 724/1/1088
f 724/1/1088 698/1/1088 701/1/1088
f 702/1/1089 728/1/1089 725/1/1089
f 725/1/1089 699/1/1089 702/1/1089
f 703/1/1090 729/1/1090 726/1/1090
f 726/1/1090 700/1/1090 703/1/1090
f 704/1/1091 730/1/1091 727/1/1091
f 727/1/1091 701/1/1091 704/1/1091
f 728/1/1092 702/1/1092 705/1/1092
f 705/1/1092 731/1/1092 728/1/1092
f 706/1/1093 732/1/1093 729/1/1093
f 729/1/1093 703/1/1093 706/1/1093
f 645/1/1094 733/1/1094 730/1/1094
f 730/1/1095 704/1/1095 645/1/1095
f 679/1/1096 734/1/1096 731/1/1096
f 731/1/1096 705/1/1096 679/1/1096
f 721/1/1097 732/1/1097 706/1/1097
f 706/1/1098 696/1/1098 721/1/1098
f 644/1/1099 735/1/1099 733/1/1099
f 733/1/1099 645/1/1099 644/1/1099
f 680/1/1100 736/1/1100 734/1/1100
f 734/1/1100 679/1/1100 680/1/1100
f 681/1/1101 737/1/1101 735/1/1101
f 735/1/1101 644/1/1101 681/1/1101
f 736/1/1102 680/1/1102 682/1/1102
f 682/1/1102 738/1/1102 736/1/1102
f 678/1/1103 677/1/1103 737/1/1103
f 737/1/1103 681/1/1103 678/1/1103
f 712/1/1104 738/1/1104 682/1/1104
f 682/1/1104 683/1/1104 712/1/1104
f 739/1/1105 740/1/1105 741/1/1105
f 741/1/1105 742/1/1105 739/1/1105
f 743/1/1106 744/1/1106 715/1/1106
f 715/1/1106 716/1/1106 743/1/1106
f 745/1/1107 708/1/1107 707/1/1107
f 707/1/1107 717/1/1107 745/1/1107
f 718/1/1108 746/1/1108 743/1/1108
f 743/1/1108 716/1/1108 718/1/1108
f 747/1/1109 745/1/1109 717/1/1109
f 717/1/1109 719/1/1109 747/1/1109
f 720/1/1110 748/1/1110 746/1/1110
f 746/1/1110 718/1/1110 720/1/1110
f 721/1/1111 722/1/1111 749/1/1111
f 749/1/1111 750/1/1111 721/1/1111
f 723/1/1112 751/1/1112 747/1/1112
f 747/1/1112 719/1/1112 723/1/1112
f 748/1/1113 720/1/1113 724/1/1113
f 724/1/1113 752/1/1113 748/1/1113
f 725/1/1114 753/1/1114 749/1/1114
f 749/1/1114 722/1/1114 725/1/1114
f 751/1/1115 723/1/1115 726/1/1115
f 726/1/1115 754/1/1115 751/1/1115
f 727/1/1116 755/1/1116 752/1/1116
f 752/1/1116 724/1/1116 727/1/1116
f 728/1/1117 756/1/1117 753/1/1117
f 753/1/1117 725/1/1117 728/1/1117
f 757/1/1118 754/1/1118 726/1/1118
f 726/1/1118 729/1/1118 757/1/1118
f 758/1/1119 755/1/1119 727/1/1119
f 727/1/1119 730/1/1119 758/1/1119
f 731/1/1120 759/1/1120 756/1/1120
f 756/1/1120 728/1/1120 731/1/1120
f 732/1/1121 760/1/1121 757/1/1121
f 757/1/1121 729/1/1121 732/1/1121
f 758/1/1122 730/1/1122 733/1/1122
f 733/1/1123 741/1/1123 758/1/1123
f 734/1/1124 761/1/1124 759/1/1124
f 759/1/1124 731/1/1124 734/1/1124
f 750/1/1125 760/1/1125 732/1/1125
f 732/1/1125 721/1/1125 750/1/1125
f 735/1/1126 742/1/1126 741/1/1126
f 741/1/1126 733/1/1126 735/1/1126
f 761/1/1127 734/1/1127 736/1/1127
f 736/1/1127 762/1/1127 761/1/1127
f 742/1/1128 735/1/1128 737/1/1128
f 737/1/1128 763/1/1128 742/1/1128
f 738/1/1129 764/1/1129 762/1/1129
f 762/1/1129 736/1/1129 738/1/1129
f 763/1/1130 737/1/1130 677/1/1130
f 677/1/1130 765/1/1130 763/1/1130
f 766/1/1131 764/1/1131 738/1/1131
f 738/1/1131 712/1/1131 766/1/1131
f 767/1/1132 765/1/1132 677/1/1132
f 677/1/1132 676/1/1132 767/1/1132
f 768/1/1133 766/1/1133 712/1/1133
f 712/1/1133 711/1/1133 768/1/1133
f 713/1/1134 769/1/1134 767/1/1134
f 767/1/1134 676/1/1134 713/1/1134
f 714/1/1135 770/1/1135 768/1/1135
f 768/1/1135 711/1/1135 714/1/1135
f 769/1/1136 713/1/1136 710/1/1136
f 710/1/1137 709/1/1137 769/1/1137
f 714/1/1138 715/1/1138 744/1/1138
f 744/1/1138 770/1/1138 714/1/1138
f 771/1/1139 772/1/1139 773/1/1139
f 773/1/1140 774/1/1140 771/1/1140
f 761/1/1141 762/1/1141 775/1/1141
f 775/1/1142 776/1/1142 761/1/1142
f 763/1/1143 777/1/1143 739/1/1143
f 739/1/1143 742/1/1143 763/1/1143
f 778/1/1144 775/1/1144 762/1/1144
f 762/1/1145 764/1/1145 778/1/1145
f 765/1/1146 771/1/1146 777/1/1146
f 777/1/1146 763/1/1146 765/1/1146
f 766/1/1147 779/1/1147 778/1/1147
f 778/1/1148 764/1/1148 766/1/1148
f 771/1/1149 765/1/1149 767/1/1149
f 767/1/1150 772/1/1150 771/1/1150
f 768/1/1151 780/1/1151 779/1/1151
f 779/1/1152 766/1/1152 768/1/1152
f 769/1/1153 781/1/1153 772/1/1153
f 772/1/1154 767/1/1154 769/1/1154
f 768/1/1155 770/1/1155 782/1/1155
f 782/1/1156 780/1/1156 768/1/1156
f 769/1/1157 709/1/1157 783/1/1157
f 783/1/1158 781/1/1158 769/1/1158
f 744/1/1159 784/1/1159 782/1/1159
f 782/1/1160 770/1/1160 744/1/1160
f 785/1/1161 783/1/1161 709/1/1161
f 709/1/1162 708/1/1162 785/1/1162
f 786/1/1163 784/1/1163 744/1/1163
f 744/1/1164 743/1/1164 786/1/1164
f 785/1/1165 708/1/1165 745/1/1165
f 745/1/1166 787/1/1166 785/1/1166
f 788/1/1167 786/1/1167 743/1/1167
f 743/1/1168 746/1/1168 788/1/1168
f 747/1/1169 789/1/1169 787/1/1169
f 787/1/1170 745/1/1170 747/1/1170
f 746/1/1171 748/1/1171 790/1/1171
f 790/1/1171 788/1/1171 746/1/1171
f 791/1/1172 792/1/1172 750/1/1172
f 750/1/1173 749/1/1173 791/1/1173
f 747/1/1174 751/1/1174 793/1/1174
f 793/1/1175 789/1/1175 747/1/1175
f 790/1/1176 748/1/1176 752/1/1176
f 752/1/1177 794/1/1177 790/1/1177
f 791/1/1178 749/1/1178 753/1/1178
f 753/1/1179 795/1/1179 791/1/1179
f 754/1/1180 796/1/1180 793/1/1180
f 793/1/1181 751/1/1181 754/1/1181
f 752/1/1182 755/1/1182 797/1/1182
f 797/1/1183 794/1/1183 752/1/1183
f 753/1/1184 756/1/1184 798/1/1184
f 798/1/1185 795/1/1185 753/1/1185
f 799/1/1186 796/1/1186 754/1/1186
f 754/1/1187 757/1/1187 799/1/1187
f 758/1/1188 800/1/1188 797/1/1188
f 797/1/1189 755/1/1189 758/1/1189
f 801/1/1190 798/1/1190 756/1/1190
f 756/1/1190 759/1/1190 801/1/1190
f 802/1/1191 799/1/1191 757/1/1191
f 757/1/1192 760/1/1192 802/1/1192
f 800/1/1193 758/1/1193 741/1/1193
f 741/1/1194 740/1/1194 800/1/1194
f 761/1/1195 776/1/1195 801/1/1195
f 801/1/1196 759/1/1196 761/1/1196
f 760/1/1197 750/1/1197 792/1/1197
f 792/1/1197 802/1/1197 760/1/1197
f 803/1/1198 804/1/1198 805/1/1198
f 805/1/1198 806/1/1198 807/1/1198
f 805/1/1199 807/1/1199 808/1/1199
f 803/1/1198 805/1/1198 808/1/1198
f 809/1/1198 810/1/1198 811/1/1198
f 808/1/1198 809/1/1198 811/1/1198
f 811/1/1198 812/1/1198 813/1/1198
f 811/1/1200 813/1/1200 814/1/1200
f 808/1/1201 811/1/1201 814/1/1201
f 808/1/1198 814/1/1198 815/1/1198
f 808/1/1201 815/1/1201 816/1/1201
f 817/1/1198 818/1/1198 819/1/1198
f 816/1/1198 817/1/1198 819/1/1198
f 816/1/1198 819/1/1198 820/1/1198
f 816/1/1202 820/1/1202 821/1/1202
f 808/1/1203 816/1/1203 821/1/1203
f 808/1/1198 821/1/1198 822/1/1198
f 774/1/1198 773/1/1198 823/1/1198
f 822/1/1204 774/1/1204 823/1/1204
f 822/1/1205 823/1/1205 824/1/1205
f 822/1/1206 824/1/1206 825/1/1206
f 808/1/1207 822/1/1207 825/1/1207
f 808/1/1207 825/1/1207 826/1/1207
f 827/1/1198 828/1/1198 829/1/1198
f 826/1/1199 827/1/1199 829/1/1199
f 826/1/1198 829/1/1198 830/1/1198
f 808/1/1208 826/1/1208 830/1/1208
f 808/1/1198 830/1/1198 831/1/1198
f 808/1/1209 831/1/1209 832/1/1209
f 803/1/1198 808/1/1198 832/1/1198
f 811/1/1210 810/1/1210 779/1/1210
f 779/1/1211 780/1/1211 811/1/1211
f 823/1/1212 773/1/1212 772/1/1212
f 772/1/1212 781/1/1212 823/1/1212
f 780/1/1213 782/1/1213 812/1/1213
f 812/1/1213 811/1/1213 780/1/1213
f 783/1/1214 824/1/1214 823/1/1214
f 823/1/1215 781/1/1215 783/1/1215
f 813/1/1216 812/1/1216 782/1/1216
f 782/1/1217 784/1/1217 813/1/1217
f 785/1/1218 825/1/1218 824/1/1218
f 824/1/1218 783/1/1218 785/1/1218
f 786/1/1219 814/1/1219 813/1/1219
f 813/1/1220 784/1/1220 786/1/1220
f 825/1/1221 785/1/1221 787/1/1221
f 787/1/1221 826/1/1221 825/1/1221
f 788/1/1222 815/1/1222 814/1/1222
f 814/1/1223 786/1/1223 788/1/1223
f 826/1/1224 787/1/1224 789/1/1224
f 789/1/1225 827/1/1225 826/1/1225
f 815/1/1226 788/1/1226 790/1/1226
f 790/1/1227 816/1/1227 815/1/1227
f 803/1/1228 832/1/1228 792/1/1228
f 792/1/1229 791/1/1229 803/1/1229
f 789/1/1230 793/1/1230 828/1/1230
f 828/1/1230 827/1/1230 789/1/1230
f 817/1/1231 816/1/1231 790/1/1231
f 790/1/1232 794/1/1232 817/1/1232
f 804/1/1233 803/1/1233 791/1/1233
f 791/1/1234 795/1/1234 804/1/1234
f 829/1/1235 828/1/1235 793/1/1235
f 793/1/1235 796/1/1235 829/1/1235
f 794/1/1236 797/1/1236 818/1/1236
f 818/1/1237 817/1/1237 794/1/1237
f 798/1/1238 805/1/1238 804/1/1238
f 804/1/1238 795/1/1238 798/1/1238
f 799/1/1239 830/1/1239 829/1/1239
f 829/1/1239 796/1/1239 799/1/1239
f 819/1/1240 818/1/1240 797/1/1240
f 797/1/1241 800/1/1241 819/1/1241
f 805/1/1242 798/1/1242 801/1/1242
f 801/1/1242 806/1/1242 805/1/1242
f 802/1/1243 831/1/1243 830/1/1243
f 830/1/1243 799/1/1243 802/1/1243
f 740/1/1244 820/1/1244 819/1/1244
f 819/1/1244 800/1/1244 740/1/1244
f 807/1/1245 806/1/1245 801/1/1245
f 801/1/1246 776/1/1246 807/1/1246
f 831/1/1247 802/1/1247 792/1/1247
f 792/1/1247 832/1/1247 831/1/1247
f 739/1/1248 821/1/1248 820/1/1248
f 820/1/1248 740/1/1248 739/1/1248
f 775/1/1249 808/1/1249 807/1/1249
f 807/1/1250 776/1/1250 775/1/1250
f 821/1/1251 739/1/1251 777/1/1251
f 777/1/1252 822/1/1252 821/1/1252
f 778/1/1253 809/1/1253 808/1/1253
f 808/1/1253 775/1/1253 778/1/1253
f 822/1/1254 777/1/1254 771/1/1254
f 771/1/1255 774/1/1255 822/1/1255
f 809/1/1256 778/1/1256 779/1/1256
f 779/1/1256 810/1/1256 809/1/1256
o C_rculo_003
v -0.079343 -0.054015 -0.429644
v -0.076743 -0.055415 -0.417344
v -0.058043 -0.047415 -0.419844
v -0.060043 -0.045715 -0.432244
v -0.039243 -0.039415 -0.421444
v -0.040643 -0.037515 -0.433844
v -0.060243 -0.048415 -0.444644
v -0.080143 -0.056915 -0.441944
v -0.040343 -0.039915 -0.446244
v -0.095343 -0.063415 -0.413844
v -0.090743 -0.069115 -0.403744
v -0.072643 -0.061315 -0.407144
v -0.054343 -0.053515 -0.409644
v -0.035943 -0.045715 -0.411144
v -0.017543 -0.037915 -0.411644
v -0.020343 -0.031415 -0.421944
v -0.021243 -0.029215 -0.434344
v -0.020343 -0.031415 -0.446744
v -0.038043 -0.046615 -0.456544
v -0.017543 -0.037915 -0.457044
v -0.058443 -0.055315 -0.454844
v -0.078743 -0.064015 -0.452144
v -0.098943 -0.072615 -0.448344
v -0.099843 -0.065315 -0.438244
v -0.098543 -0.062115 -0.426044
v -0.052243 -0.117515 -0.429644
v -0.032943 -0.109315 -0.432244
v -0.032743 -0.106715 -0.419844
v -0.051543 -0.114715 -0.417344
v -0.054843 -0.116115 -0.441944
v -0.035043 -0.107615 -0.444644
v -0.013543 -0.101015 -0.433844
v -0.013943 -0.098615 -0.421444
v -0.015043 -0.099115 -0.446244
v -0.070143 -0.122615 -0.413844
v -0.052943 -0.107615 -0.407144
v -0.071043 -0.115315 -0.403744
v -0.071443 -0.125715 -0.426044
v -0.074543 -0.124515 -0.438244
v -0.079243 -0.118815 -0.448344
v -0.059043 -0.110215 -0.452144
v -0.038743 -0.101515 -0.454844
v -0.018343 -0.092815 -0.456544
v 0.004957 -0.090615 -0.446744
v 0.002157 -0.084115 -0.457044
v 0.005857 -0.092815 -0.434344
v 0.004957 -0.090615 -0.421944
v -0.016243 -0.091915 -0.411144
v 0.002157 -0.084115 -0.411644
v -0.034643 -0.099815 -0.409644
v -0.127643 -0.149715 -0.409144
v -0.109143 -0.141815 -0.415744
v -0.106743 -0.138215 -0.403844
v -0.124643 -0.145915 -0.397444
v -0.132443 -0.149115 -0.420844
v -0.113443 -0.141015 -0.427644
v -0.090443 -0.133815 -0.421444
v -0.088543 -0.130515 -0.409344
v -0.094143 -0.132815 -0.433444
v -0.124243 -0.138015 -0.387744
v -0.141443 -0.145315 -0.380544
v -0.142343 -0.153415 -0.390044
v -0.145743 -0.157415 -0.401544
v -0.151043 -0.157115 -0.413044
v -0.157443 -0.152115 -0.422544
v -0.138343 -0.144015 -0.430544
v -0.118943 -0.135715 -0.437544
v -0.099143 -0.127315 -0.443444
v -0.089043 -0.123015 -0.399344
v -0.106743 -0.130515 -0.394044
v -0.197843 -0.179615 -0.373044
v -0.180943 -0.172415 -0.383444
v -0.176443 -0.167915 -0.372544
v -0.192843 -0.174915 -0.362344
v -0.204643 -0.179915 -0.383744
v -0.187243 -0.172515 -0.394444
v -0.163543 -0.165015 -0.392944
v -0.159543 -0.160715 -0.381744
v -0.169343 -0.164915 -0.404244
v -0.190743 -0.166415 -0.353544
v -0.206343 -0.173015 -0.342844
v -0.208843 -0.181715 -0.351444
v -0.214243 -0.186615 -0.361744
v -0.221543 -0.187215 -0.372044
v -0.229543 -0.182915 -0.380644
v -0.212243 -0.175515 -0.392544
v -0.194443 -0.167915 -0.403544
v -0.176143 -0.160115 -0.413544
v -0.158243 -0.152515 -0.372444
v -0.174743 -0.159515 -0.363444
v -0.260243 -0.206215 -0.322744
v -0.245443 -0.199915 -0.336544
v -0.239143 -0.194715 -0.326944
v -0.253443 -0.200815 -0.313544
v -0.268843 -0.207315 -0.331944
v -0.253643 -0.200915 -0.346144
v -0.230143 -0.193415 -0.349544
v -0.224243 -0.188315 -0.339544
v -0.237843 -0.194115 -0.359544
v -0.249843 -0.191515 -0.305944
v -0.263243 -0.197215 -0.292144
v -0.267143 -0.206615 -0.299344
v -0.274343 -0.212215 -0.308144
v -0.283343 -0.213515 -0.316944
v -0.277943 -0.203515 -0.339644
v -0.292743 -0.209815 -0.324244
v -0.262443 -0.196915 -0.354144
v -0.246343 -0.190015 -0.367844
v -0.221343 -0.179415 -0.331344
v -0.235943 -0.185615 -0.318944
v -0.312343 -0.228415 -0.260244
v -0.300443 -0.223315 -0.276844
v -0.292443 -0.217415 -0.268944
v -0.304143 -0.222415 -0.252744
v -0.322443 -0.230215 -0.267644
v -0.310143 -0.224915 -0.284744
v -0.287743 -0.217915 -0.292844
v -0.280143 -0.212115 -0.284544
v -0.297143 -0.219415 -0.301244
v -0.299243 -0.212615 -0.246644
v -0.309843 -0.217115 -0.230244
v -0.314943 -0.227015 -0.236044
v -0.323543 -0.233215 -0.242944
v -0.334043 -0.235115 -0.249844
v -0.344643 -0.232015 -0.255544
v -0.332843 -0.226915 -0.273744
v -0.320243 -0.221615 -0.291244
v -0.306943 -0.215915 -0.308144
v -0.275943 -0.202715 -0.277644
v -0.287943 -0.207815 -0.262444
v -0.352343 -0.245515 -0.187744
v -0.343543 -0.241715 -0.206644
v -0.334343 -0.235315 -0.200844
v -0.342843 -0.238915 -0.182444
v -0.363543 -0.247715 -0.193044
v -0.354543 -0.243915 -0.212544
v -0.333943 -0.237715 -0.225044
v -0.325043 -0.231315 -0.218644
v -0.344743 -0.239715 -0.231444
v -0.337043 -0.228715 -0.178044
v -0.344543 -0.231915 -0.159744
v -0.350543 -0.242215 -0.163644
v -0.360143 -0.248815 -0.168444
v -0.371643 -0.251215 -0.173244
v -0.383243 -0.248415 -0.177144
v -0.374943 -0.244915 -0.197544
v -0.365743 -0.240915 -0.217344
v -0.355643 -0.236615 -0.236744
v -0.319743 -0.221315 -0.213344
v -0.328843 -0.225215 -0.195944
v -0.378443 -0.256615 -0.108244
v -0.373243 -0.254415 -0.128644
v -0.363243 -0.247615 -0.125044
v -0.368343 -0.249715 -0.105244
v -0.390443 -0.259215 -0.111344
v -0.385143 -0.256915 -0.132244
v -0.367143 -0.251815 -0.148744
v -0.357343 -0.245115 -0.144544
v -0.378843 -0.254215 -0.152944
v -0.361843 -0.239315 -0.102744
v -0.365943 -0.241015 -0.083244
v -0.372443 -0.251515 -0.085244
v -0.382743 -0.258415 -0.087644
v -0.394843 -0.261115 -0.090044
v -0.406943 -0.258515 -0.092044
v -0.402443 -0.256615 -0.113844
v -0.396943 -0.254315 -0.135244
v -0.390543 -0.251515 -0.156344
v -0.351143 -0.234715 -0.141044
v -0.356943 -0.237215 -0.122044
v -0.389843 -0.261515 -0.024744
v -0.388443 -0.260915 -0.045844
v -0.377943 -0.253915 -0.044644
v -0.379343 -0.254415 -0.024144
v -0.402243 -0.264215 -0.025344
v -0.400743 -0.263615 -0.047044
v -0.386043 -0.259915 -0.066844
v -0.375643 -0.252915 -0.065044
v -0.398243 -0.262515 -0.068644
v -0.372643 -0.243915 -0.023644
v -0.373143 -0.244115 -0.003644
v -0.379843 -0.254615 -0.003644
v -0.390343 -0.261715 -0.003644
v -0.402743 -0.264415 -0.003644
v -0.414443 -0.261715 -0.025844
v -0.414943 -0.261915 -0.003644
v -0.412943 -0.261115 -0.048044
v -0.410443 -0.260015 -0.070144
v -0.369043 -0.242415 -0.063444
v -0.371343 -0.243315 -0.043644
v -0.386043 -0.259915 0.059556
v -0.388443 -0.260915 0.038556
v -0.377943 -0.253915 0.037356
v -0.375643 -0.252915 0.057756
v -0.398243 -0.262515 0.061356
v -0.400743 -0.263615 0.039856
v -0.389843 -0.261515 0.017556
v -0.379343 -0.254415 0.016856
v -0.402243 -0.264215 0.018156
v -0.369043 -0.242415 0.056256
v -0.365943 -0.241015 0.075956
v -0.372443 -0.251515 0.077956
v -0.382743 -0.258415 0.080356
v -0.394843 -0.261115 0.082856
v -0.410443 -0.260015 0.062956
v -0.406943 -0.258515 0.084856
v -0.412943 -0.261115 0.040856
v -0.414443 -0.261715 0.018656
v -0.372643 -0.243915 0.016356
v -0.371343 -0.243315 0.036356
v -0.367143 -0.251815 0.141456
v -0.373243 -0.254415 0.121356
v -0.363243 -0.247615 0.117756
v -0.357343 -0.245115 0.137256
v -0.378843 -0.254215 0.145656
v -0.385143 -0.256915 0.125056
v -0.378443 -0.256615 0.101056
v -0.368343 -0.249715 0.098056
v -0.390443 -0.259215 0.104056
v -0.351143 -0.234715 0.133856
v -0.344543 -0.231915 0.152456
v -0.350543 -0.242215 0.156456
v -0.360143 -0.248815 0.161156
v -0.371643 -0.251215 0.165956
v -0.390543 -0.251515 0.149156
v -0.383243 -0.248415 0.169856
v -0.396943 -0.254315 0.127956
v -0.402443 -0.256615 0.106556
v -0.361843 -0.239315 0.095456
v -0.356943 -0.237215 0.114756
v -0.333943 -0.237715 0.217756
v -0.343543 -0.241715 0.199456
v -0.334343 -0.235315 0.193556
v -0.325043 -0.231315 0.211456
v -0.344743 -0.239715 0.224156
v -0.354543 -0.243915 0.205256
v -0.352343 -0.245515 0.180556
v -0.342843 -0.238915 0.175256
v -0.363543 -0.247715 0.185856
v -0.319743 -0.221315 0.206156
v -0.309843 -0.217115 0.223056
v -0.314943 -0.227015 0.228756
v -0.323543 -0.233215 0.235656
v -0.334043 -0.235115 0.242556
v -0.355643 -0.236615 0.229456
v -0.344643 -0.232015 0.248256
v -0.365743 -0.240915 0.210156
v -0.374943 -0.244915 0.190256
v -0.337043 -0.228715 0.170856
v -0.328843 -0.225215 0.188656
v -0.287743 -0.217915 0.285656
v -0.300443 -0.223315 0.269656
v -0.292443 -0.217415 0.261756
v -0.280143 -0.212115 0.277256
v -0.297143 -0.219415 0.293956
v -0.310143 -0.224915 0.277456
v -0.312343 -0.228415 0.252956
v -0.304143 -0.222415 0.245556
v -0.322443 -0.230215 0.260356
v -0.275943 -0.202715 0.270356
v -0.263243 -0.197215 0.284856
v -0.267143 -0.206615 0.292156
v -0.274343 -0.212215 0.300956
v -0.283343 -0.213515 0.309756
v -0.306943 -0.215915 0.300856
v -0.292743 -0.209815 0.317056
v -0.320243 -0.221615 0.284056
v -0.332843 -0.226915 0.266456
v -0.299243 -0.212615 0.239356
v -0.287943 -0.207815 0.255156
v -0.230143 -0.193415 0.342356
v -0.245443 -0.199915 0.329356
v -0.239143 -0.194715 0.319656
v -0.224243 -0.188315 0.332356
v -0.237843 -0.194115 0.352356
v -0.253643 -0.200915 0.338956
v -0.260243 -0.206215 0.315556
v -0.253443 -0.200815 0.306256
v -0.268843 -0.207315 0.324756
v -0.221343 -0.179415 0.324056
v -0.206343 -0.173015 0.335556
v -0.208843 -0.181715 0.344156
v -0.214243 -0.186615 0.354456
v -0.221543 -0.187215 0.364856
v -0.246343 -0.190015 0.360556
v -0.229543 -0.182915 0.373356
v -0.262443 -0.196915 0.346856
v -0.277943 -0.203515 0.332356
v -0.249843 -0.191515 0.298656
v -0.235943 -0.185615 0.311756
v -0.163543 -0.165015 0.385756
v -0.180943 -0.172415 0.376256
v -0.176443 -0.167915 0.365256
v -0.159543 -0.160715 0.374456
v -0.169343 -0.164915 0.396956
v -0.187243 -0.172515 0.387156
v -0.197843 -0.179615 0.365756
v -0.192843 -0.174915 0.355156
v -0.204643 -0.179915 0.376456
v -0.158243 -0.152515 0.365156
v -0.141443 -0.145315 0.373256
v -0.142343 -0.153415 0.382856
v -0.145743 -0.157415 0.394256
v -0.151043 -0.157115 0.405756
v -0.176143 -0.160115 0.406256
v -0.157443 -0.152115 0.415256
v -0.194443 -0.167915 0.396256
v -0.212243 -0.175515 0.385356
v -0.190743 -0.166415 0.346256
v -0.174743 -0.159515 0.356156
v -0.090443 -0.133815 0.414156
v -0.109143 -0.141815 0.408556
v -0.106743 -0.138215 0.396656
v -0.088543 -0.130515 0.402156
v -0.094143 -0.132815 0.426256
v -0.113443 -0.141015 0.420456
v -0.127643 -0.149715 0.401856
v -0.124643 -0.145915 0.390156
v -0.132443 -0.149115 0.413656
v -0.089043 -0.123015 0.392156
v -0.071043 -0.115315 0.396556
v -0.070143 -0.122615 0.406656
v -0.071443 -0.125715 0.418856
v -0.074543 -0.124515 0.430956
v -0.099143 -0.127315 0.436256
v -0.079243 -0.118815 0.441156
v -0.118943 -0.135715 0.430256
v -0.138343 -0.144015 0.423356
v -0.124243 -0.138015 0.380456
v -0.106743 -0.130515 0.386756
v -0.013543 -0.101015 0.426556
v -0.032943 -0.109315 0.425056
v -0.032743 -0.106715 0.412656
v -0.013943 -0.098615 0.414156
v -0.015043 -0.099115 0.438956
v -0.035043 -0.107615 0.437356
v -0.052243 -0.117515 0.422456
v -0.051543 -0.114715 0.410156
v -0.054843 -0.116115 0.434756
v -0.016243 -0.091915 0.403856
v 0.002157 -0.084115 0.404356
v 0.004957 -0.090615 0.414656
v 0.005857 -0.092815 0.427056
v 0.004957 -0.090615 0.439556
v -0.018343 -0.092815 0.449256
v 0.002157 -0.084115 0.449856
v -0.038743 -0.101515 0.447656
v -0.059043 -0.110215 0.444956
v -0.052943 -0.107615 0.399956
v -0.034643 -0.099815 0.402356
v 0.063957 -0.068015 0.422456
v 0.044657 -0.076215 0.425056
v 0.042657 -0.074515 0.412656
v 0.061357 -0.066515 0.410156
v 0.064757 -0.065115 0.434756
v 0.044857 -0.073615 0.437356
v 0.025257 -0.084515 0.426556
v 0.023857 -0.082515 0.414156
v 0.024957 -0.082115 0.438956
v 0.057257 -0.060615 0.399956
v 0.075357 -0.052915 0.396556
v 0.079957 -0.058615 0.406656
v 0.083157 -0.059815 0.418856
v 0.084457 -0.056715 0.430956
v 0.063357 -0.058015 0.444956
v 0.083557 -0.049415 0.441156
v 0.043057 -0.066715 0.447656
v 0.022657 -0.075415 0.449256
v 0.020557 -0.076215 0.403856
v 0.038957 -0.068415 0.402356
v 0.139357 -0.035815 0.401856
v 0.120857 -0.043715 0.408556
v 0.116657 -0.043015 0.396656
v 0.134557 -0.035315 0.390156
v 0.142257 -0.032015 0.413656
v 0.123257 -0.040115 0.420456
v 0.102157 -0.051715 0.414156
v 0.098457 -0.050715 0.402156
v 0.103957 -0.048415 0.426256
v 0.128557 -0.030215 0.380456
v 0.145757 -0.022915 0.373256
v 0.152157 -0.027815 0.382856
v 0.157457 -0.028115 0.394256
v 0.160957 -0.024115 0.405756
v 0.142657 -0.024215 0.423356
v 0.161757 -0.016015 0.415256
v 0.123257 -0.032515 0.430256
v 0.103557 -0.040915 0.436256
v 0.093357 -0.045215 0.392156
v 0.111057 -0.037615 0.386756
v 0.209557 -0.005915 0.365756
v 0.192657 -0.013115 0.376256
v 0.186357 -0.013315 0.365256
v 0.202757 -0.006315 0.355156
v 0.214457 -0.001215 0.376456
v 0.197057 -0.008715 0.387156
v 0.175257 -0.020515 0.385756
v 0.169457 -0.020515 0.374456
v 0.179257 -0.016315 0.396956
v 0.195057 -0.001815 0.346256
v 0.210657 0.004785 0.335556
v 0.218657 0.000485 0.344156
v 0.225957 0.001085 0.354456
v 0.231357 0.005985 0.364856
v 0.216557 0.007285 0.385356
v 0.233857 0.014685 0.373356
v 0.198757 -0.000315 0.396256
v 0.180457 -0.008115 0.406256
v 0.162657 -0.015715 0.365156
v 0.179057 -0.008715 0.356156
v 0.271957 0.020685 0.315556
v 0.257157 0.014385 0.329356
v 0.249057 0.013485 0.319656
v 0.263357 0.019585 0.306256
v 0.278657 0.026085 0.324756
v 0.263557 0.019685 0.338956
v 0.241857 0.007885 0.342356
v 0.234157 0.007085 0.332356
v 0.247757 0.012885 0.352356
v 0.254157 0.023385 0.298656
v 0.267557 0.029085 0.284856
v 0.276957 0.025385 0.292156
v 0.286057 0.026685 0.300956
v 0.293157 0.032285 0.309756
v 0.282257 0.035285 0.332356
v 0.297057 0.041685 0.317056
v 0.266757 0.028685 0.346856
v 0.250657 0.021885 0.360556
v 0.225757 0.011185 0.324056
v 0.240257 0.017385 0.311756
v 0.324057 0.042885 0.252956
v 0.312157 0.037785 0.269656
v 0.302357 0.036185 0.261756
v 0.313957 0.041185 0.245556
v 0.332357 0.048985 0.260356
v 0.320057 0.043785 0.277456
v 0.299457 0.032385 0.285656
v 0.290057 0.030985 0.277256
v 0.306957 0.038185 0.293956
v 0.303557 0.044385 0.239356
v 0.314157 0.048985 0.223056
v 0.324857 0.045785 0.228756
v 0.335257 0.047685 0.235656
v 0.343857 0.053885 0.242556
v 0.337157 0.058785 0.266456
v 0.348957 0.063785 0.248256
v 0.324557 0.053385 0.284056
v 0.311257 0.047685 0.300856
v 0.280257 0.034485 0.270356
v 0.292257 0.039585 0.255156
v 0.364057 0.059885 0.180556
v 0.355257 0.056185 0.199456
v 0.344257 0.054085 0.193556
v 0.352757 0.057685 0.175256
v 0.373457 0.066485 0.185856
v 0.364457 0.062685 0.205256
v 0.345657 0.052085 0.217756
v 0.334957 0.050085 0.211456
v 0.354557 0.058485 0.224156
v 0.341457 0.060585 0.170856
v 0.348857 0.063685 0.152456
v 0.360457 0.060985 0.156456
v 0.371857 0.063285 0.161156
v 0.381556 0.069985 0.165956
v 0.379257 0.076685 0.190256
v 0.387557 0.080185 0.169856
v 0.370057 0.072785 0.210156
v 0.359957 0.068485 0.229456
v 0.324057 0.053185 0.206156
v 0.333157 0.056985 0.188656
v 0.390156 0.071085 0.101056
v 0.384957 0.068885 0.121356
v 0.373157 0.066385 0.117756
v 0.378157 0.068485 0.098056
v 0.400357 0.077985 0.104056
v 0.395057 0.075685 0.125056
v 0.378857 0.066285 0.141456
v 0.367157 0.063885 0.137256
v 0.388756 0.073085 0.145656
v 0.366157 0.071085 0.095456
v 0.370257 0.072785 0.075956
v 0.382256 0.070285 0.077956
v 0.394456 0.072885 0.080356
v 0.404757 0.079885 0.082856
v 0.406756 0.088385 0.106556
v 0.411257 0.090285 0.084856
v 0.401357 0.086085 0.127956
v 0.394857 0.083385 0.149156
v 0.355557 0.066585 0.133856
v 0.361257 0.068985 0.114756
v 0.401557 0.075985 0.017556
v 0.400157 0.075385 0.038556
v 0.387857 0.072685 0.037356
v 0.389257 0.073285 0.016856
v 0.412057 0.082985 0.018156
v 0.410557 0.082385 0.039856
v 0.397757 0.074285 0.059556
v 0.385557 0.071685 0.057756
v 0.408156 0.081285 0.061356
v 0.376957 0.075685 0.016356
v 0.377457 0.075885 -0.003644
v 0.389657 0.073485 -0.003644
v 0.402057 0.076185 -0.003644
v 0.412556 0.083185 -0.003644
v 0.418757 0.093485 0.018656
v 0.419257 0.093785 -0.003644
v 0.417257 0.092885 0.040856
v 0.414757 0.091785 0.062956
v 0.373357 0.074185 0.056256
v 0.375657 0.075085 0.036356
v 0.397757 0.074285 -0.066844
v 0.400157 0.075385 -0.045844
v 0.387857 0.072685 -0.044644
v 0.385557 0.071685 -0.065044
v 0.408156 0.081285 -0.068644
v 0.410557 0.082385 -0.047044
v 0.401557 0.075985 -0.024744
v 0.389257 0.073285 -0.024144
v 0.412057 0.082985 -0.025344
v 0.373357 0.074185 -0.063444
v 0.370257 0.072785 -0.083244
v 0.382256 0.070285 -0.085244
v 0.394456 0.072885 -0.087644
v 0.404757 0.079885 -0.090044
v 0.414757 0.091785 -0.070144
v 0.411257 0.090285 -0.092044
v 0.417257 0.092885 -0.048044
v 0.418757 0.093485 -0.025844
v 0.376957 0.075685 -0.023644
v 0.375657 0.075085 -0.043644
v 0.378857 0.066285 -0.148744
v 0.384957 0.068885 -0.128644
v 0.373157 0.066385 -0.125044
v 0.367157 0.063885 -0.144544
v 0.388756 0.073085 -0.152944
v 0.395057 0.075685 -0.132244
v 0.390156 0.071085 -0.108244
v 0.378157 0.068485 -0.105244
v 0.400357 0.077985 -0.111344
v 0.355557 0.066585 -0.141044
v 0.348857 0.063685 -0.159744
v 0.360457 0.060985 -0.163644
v 0.371857 0.063285 -0.168444
v 0.381556 0.069985 -0.173244
v 0.394857 0.083385 -0.156344
v 0.387557 0.080185 -0.177144
v 0.401357 0.086085 -0.135244
v 0.406756 0.088385 -0.113844
v 0.366157 0.071085 -0.102744
v 0.361257 0.068985 -0.122044
v 0.345657 0.052085 -0.225044
v 0.355257 0.056185 -0.206644
v 0.344257 0.054085 -0.200844
v 0.334957 0.050085 -0.218644
v 0.354557 0.058485 -0.231444
v 0.364457 0.062685 -0.212544
v 0.364057 0.059885 -0.187744
v 0.352757 0.057685 -0.182444
v 0.373457 0.066485 -0.193044
v 0.324057 0.053185 -0.213344
v 0.314157 0.048985 -0.230244
v 0.324857 0.045785 -0.236044
v 0.335257 0.047685 -0.242944
v 0.343857 0.053885 -0.249844
v 0.359957 0.068485 -0.236744
v 0.348957 0.063785 -0.255544
v 0.370057 0.072785 -0.217344
v 0.379257 0.076685 -0.197544
v 0.341457 0.060585 -0.178044
v 0.333157 0.056985 -0.195944
v 0.299457 0.032385 -0.292844
v 0.312157 0.037785 -0.276844
v 0.302357 0.036185 -0.268944
v 0.290057 0.030985 -0.284544
v 0.306957 0.038185 -0.301244
v 0.320057 0.043785 -0.284744
v 0.324057 0.042885 -0.260244
v 0.313957 0.041185 -0.252744
v 0.332357 0.048985 -0.267644
v 0.280257 0.034485 -0.277644
v 0.267557 0.029085 -0.292144
v 0.276957 0.025385 -0.299344
v 0.286057 0.026685 -0.308144
v 0.293157 0.032285 -0.316944
v 0.311257 0.047685 -0.308144
v 0.297057 0.041685 -0.324244
v 0.324557 0.053385 -0.291244
v 0.337157 0.058785 -0.273744
v 0.303557 0.044385 -0.246644
v 0.292257 0.039585 -0.262444
v 0.241857 0.007885 -0.349544
v 0.257157 0.014385 -0.336544
v 0.249057 0.013485 -0.326944
v 0.234157 0.007085 -0.339544
v 0.247757 0.012885 -0.359544
v 0.263557 0.019685 -0.346144
v 0.271957 0.020685 -0.322744
v 0.263357 0.019585 -0.313544
v 0.278657 0.026085 -0.331944
v 0.225757 0.011185 -0.331344
v 0.210657 0.004785 -0.342844
v 0.218657 0.000485 -0.351444
v 0.225957 0.001085 -0.361744
v 0.231357 0.005985 -0.372044
v 0.250657 0.021885 -0.367844
v 0.233857 0.014685 -0.380644
v 0.266757 0.028685 -0.354144
v 0.282257 0.035285 -0.339644
v 0.254157 0.023385 -0.305944
v 0.240257 0.017385 -0.318944
v 0.175257 -0.020515 -0.392944
v 0.192657 -0.013115 -0.383444
v 0.186357 -0.013315 -0.372544
v 0.169457 -0.020515 -0.381744
v 0.179257 -0.016315 -0.404244
v 0.197057 -0.008715 -0.394444
v 0.209557 -0.005915 -0.373044
v 0.202757 -0.006315 -0.362344
v 0.214457 -0.001215 -0.383744
v 0.162657 -0.015715 -0.372444
v 0.145757 -0.022915 -0.380544
v 0.152157 -0.027815 -0.390044
v 0.157457 -0.028115 -0.401544
v 0.160957 -0.024115 -0.413044
v 0.180457 -0.008115 -0.413544
v 0.161757 -0.016015 -0.422544
v 0.198757 -0.000315 -0.403544
v 0.216557 0.007285 -0.392544
v 0.195057 -0.001815 -0.353544
v 0.179057 -0.008715 -0.363444
v 0.102157 -0.051715 -0.421444
v 0.120857 -0.043715 -0.415744
v 0.116657 -0.043015 -0.403844
v 0.098457 -0.050715 -0.409344
v 0.103957 -0.048415 -0.433444
v 0.123257 -0.040115 -0.427644
v 0.139357 -0.035815 -0.409144
v 0.134557 -0.035315 -0.397444
v 0.142257 -0.032015 -0.420844
v 0.093357 -0.045215 -0.399344
v 0.075357 -0.052915 -0.403744
v 0.079957 -0.058615 -0.413844
v 0.083157 -0.059815 -0.426044
v 0.084457 -0.056715 -0.438244
v 0.103557 -0.040915 -0.443444
v 0.083557 -0.049415 -0.448344
v 0.123257 -0.032515 -0.437544
v 0.142657 -0.024215 -0.430544
v 0.128557 -0.030215 -0.387744
v 0.111057 -0.037615 -0.394044
v 0.025257 -0.084515 -0.433844
v 0.044657 -0.076215 -0.432244
v 0.042657 -0.074515 -0.419844
v 0.023857 -0.082515 -0.421444
v 0.024957 -0.082115 -0.446244
v 0.044857 -0.073615 -0.444644
v 0.063957 -0.068015 -0.429644
v 0.061357 -0.066515 -0.417344
v 0.064757 -0.065115 -0.441944
v 0.020557 -0.076215 -0.411144
v 0.022657 -0.075415 -0.456544
v 0.043057 -0.066715 -0.454844
v 0.063357 -0.058015 -0.452144
v 0.057257 -0.060615 -0.407144
v 0.038957 -0.068415 -0.409644
v -0.132043 -0.079015 -0.403844
v -0.136243 -0.078215 -0.415744
v -0.154743 -0.086115 -0.409144
v -0.149943 -0.086615 -0.397444
v -0.113843 -0.071215 -0.409344
v -0.117543 -0.070215 -0.421444
v -0.138643 -0.081815 -0.427644
v -0.157643 -0.089915 -0.420844
v -0.119343 -0.073615 -0.433444
v -0.143943 -0.091815 -0.387744
v -0.167543 -0.094115 -0.390044
v -0.161143 -0.099115 -0.380544
v -0.126443 -0.084315 -0.394044
v -0.108743 -0.076715 -0.399344
v -0.118943 -0.081115 -0.443444
v -0.138643 -0.089515 -0.437544
v -0.158043 -0.097815 -0.430544
v -0.177143 -0.105915 -0.422544
v -0.176343 -0.097915 -0.413044
v -0.172843 -0.093815 -0.401544
v -0.201743 -0.108715 -0.372544
v -0.208043 -0.108815 -0.383444
v -0.224943 -0.116015 -0.373044
v -0.218143 -0.115715 -0.362344
v -0.184843 -0.101515 -0.381744
v -0.190643 -0.101415 -0.392944
v -0.212443 -0.113315 -0.394444
v -0.229843 -0.120715 -0.383744
v -0.194643 -0.105715 -0.404244
v -0.234043 -0.122515 -0.351444
v -0.226043 -0.126815 -0.342844
v -0.210443 -0.120115 -0.353544
v -0.194443 -0.113315 -0.363444
v -0.178043 -0.106315 -0.372444
v -0.195843 -0.113915 -0.413544
v -0.214143 -0.121715 -0.403544
v -0.231943 -0.129315 -0.392544
v -0.249243 -0.136715 -0.380644
v -0.246743 -0.127915 -0.372044
v -0.241343 -0.123015 -0.361744
v -0.264443 -0.135415 -0.326944
v -0.272543 -0.136415 -0.336544
v -0.287343 -0.142615 -0.322744
v -0.278743 -0.141515 -0.313544
v -0.249543 -0.129115 -0.339544
v -0.257243 -0.129815 -0.349544
v -0.278943 -0.141615 -0.346144
v -0.294043 -0.148115 -0.331944
v -0.263143 -0.134915 -0.359544
v -0.292343 -0.147415 -0.299344
v -0.282943 -0.151015 -0.292144
v -0.269543 -0.145315 -0.305944
v -0.255643 -0.139415 -0.318944
v -0.241143 -0.133215 -0.331344
v -0.266043 -0.143815 -0.367844
v -0.282143 -0.150715 -0.354144
v -0.297643 -0.157315 -0.339644
v -0.312443 -0.163615 -0.324244
v -0.308543 -0.154315 -0.316944
v -0.301443 -0.148615 -0.308144
v -0.317743 -0.158215 -0.268944
v -0.327543 -0.159815 -0.276844
v -0.339443 -0.164915 -0.260244
v -0.329343 -0.163115 -0.252744
v -0.305443 -0.152915 -0.284544
v -0.314843 -0.154415 -0.292844
v -0.335443 -0.165715 -0.284744
v -0.347743 -0.171015 -0.267644
v -0.322343 -0.160115 -0.301244
v -0.340243 -0.167815 -0.236044
v -0.329543 -0.170915 -0.230244
v -0.318943 -0.166415 -0.246644
v -0.307643 -0.161515 -0.262444
v -0.295643 -0.156415 -0.277644
v -0.326643 -0.169615 -0.308144
v -0.339943 -0.175315 -0.291244
v -0.352543 -0.180715 -0.273744
v -0.364343 -0.185715 -0.255544
v -0.359243 -0.175915 -0.249844
v -0.350643 -0.169615 -0.242944
v -0.359643 -0.176015 -0.200844
v -0.370643 -0.178215 -0.206644
v -0.379443 -0.181915 -0.187744
v -0.368143 -0.179715 -0.182444
v -0.350343 -0.172115 -0.218644
v -0.361043 -0.174115 -0.225044
v -0.379843 -0.184615 -0.212544
v -0.388843 -0.188515 -0.193044
v -0.369943 -0.180415 -0.231444
v -0.375843 -0.182915 -0.163644
v -0.364243 -0.185715 -0.159744
v -0.356843 -0.182515 -0.178044
v -0.348543 -0.179015 -0.195944
v -0.339443 -0.175115 -0.213344
v -0.375343 -0.190415 -0.236744
v -0.385443 -0.194715 -0.217344
v -0.394643 -0.198615 -0.197544
v -0.402943 -0.202215 -0.177144
v -0.396943 -0.191915 -0.173244
v -0.387243 -0.185315 -0.168444
v -0.388543 -0.188315 -0.125044
v -0.400343 -0.190815 -0.128644
v -0.405543 -0.193115 -0.108244
v -0.393543 -0.190515 -0.105244
v -0.382543 -0.185815 -0.144544
v -0.394243 -0.188215 -0.148744
v -0.410443 -0.197715 -0.132244
v -0.415743 -0.200015 -0.111344
v -0.404143 -0.195015 -0.152944
v -0.397643 -0.192315 -0.085244
v -0.385643 -0.194815 -0.083244
v -0.381543 -0.193115 -0.102744
v -0.376643 -0.191015 -0.122044
v -0.370943 -0.188515 -0.141044
v -0.410243 -0.205315 -0.156344
v -0.416743 -0.208015 -0.135244
v -0.422143 -0.210415 -0.113844
v -0.426643 -0.212315 -0.092044
v -0.420143 -0.201815 -0.090044
v -0.409843 -0.194915 -0.087644
v -0.403243 -0.194615 -0.044644
v -0.415543 -0.197315 -0.045844
v -0.416943 -0.197915 -0.024744
v -0.404643 -0.195215 -0.024144
v -0.400943 -0.193615 -0.065044
v -0.413143 -0.196315 -0.066844
v -0.426043 -0.204315 -0.047044
v -0.427443 -0.205015 -0.025344
v -0.423543 -0.203315 -0.068644
v -0.405043 -0.195415 -0.003644
v -0.392843 -0.197915 -0.003644
v -0.392343 -0.197715 -0.023644
v -0.391043 -0.197115 -0.043644
v -0.388743 -0.196115 -0.063444
v -0.430143 -0.213815 -0.070144
v -0.432643 -0.214815 -0.048044
v -0.434143 -0.215515 -0.025844
v -0.434643 -0.215715 -0.003644
v -0.427943 -0.205215 -0.003644
v -0.417443 -0.198115 -0.003644
v -0.403243 -0.194615 0.037356
v -0.415543 -0.197315 0.038556
v -0.413143 -0.196315 0.059556
v -0.400943 -0.193615 0.057756
v -0.404643 -0.195215 0.016856
v -0.416943 -0.197915 0.017556
v -0.426043 -0.204315 0.039856
v -0.423543 -0.203315 0.061356
v -0.427443 -0.205015 0.018156
v -0.397643 -0.192315 0.077956
v -0.385643 -0.194815 0.075956
v -0.388743 -0.196115 0.056256
v -0.391043 -0.197115 0.036356
v -0.392343 -0.197715 0.016356
v -0.434143 -0.215515 0.018656
v -0.432643 -0.214815 0.040856
v -0.430143 -0.213815 0.062956
v -0.426643 -0.212315 0.084856
v -0.420143 -0.201815 0.082856
v -0.409843 -0.194915 0.080356
v -0.388543 -0.188315 0.117756
v -0.400343 -0.190815 0.121356
v -0.394243 -0.188215 0.141456
v -0.382543 -0.185815 0.137256
v -0.393543 -0.190515 0.098056
v -0.405543 -0.193115 0.101056
v -0.410443 -0.197715 0.125056
v -0.404143 -0.195015 0.145656
v -0.415743 -0.200015 0.104056
v -0.375843 -0.182915 0.156456
v -0.364243 -0.185715 0.152456
v -0.370943 -0.188515 0.133856
v -0.376643 -0.191015 0.114756
v -0.381543 -0.193115 0.095456
v -0.422143 -0.210415 0.106556
v -0.416743 -0.208015 0.127956
v -0.410243 -0.205315 0.149156
v -0.402943 -0.202215 0.169856
v -0.396943 -0.191915 0.165956
v -0.387243 -0.185315 0.161156
v -0.359643 -0.176015 0.193556
v -0.370643 -0.178215 0.199456
v -0.361043 -0.174115 0.217756
v -0.350343 -0.172115 0.211456
v -0.368143 -0.179715 0.175256
v -0.379443 -0.181915 0.180556
v -0.379843 -0.184615 0.205256
v -0.369943 -0.180415 0.224156
v -0.388843 -0.188515 0.185856
v -0.340243 -0.167815 0.228756
v -0.329543 -0.170915 0.223056
v -0.339443 -0.175115 0.206156
v -0.348543 -0.179015 0.188656
v -0.356843 -0.182515 0.170856
v -0.394643 -0.198615 0.190256
v -0.385443 -0.194715 0.210156
v -0.375343 -0.190415 0.229456
v -0.364343 -0.185715 0.248256
v -0.359243 -0.175915 0.242556
v -0.350643 -0.169615 0.235656
v -0.317743 -0.158215 0.261756
v -0.327543 -0.159815 0.269656
v -0.314843 -0.154415 0.285656
v -0.305443 -0.152915 0.277256
v -0.329343 -0.163115 0.245556
v -0.339443 -0.164915 0.252956
v -0.335443 -0.165715 0.277456
v -0.322343 -0.160115 0.293956
v -0.347743 -0.171015 0.260356
v -0.292343 -0.147415 0.292156
v -0.282943 -0.151015 0.284856
v -0.295643 -0.156415 0.270356
v -0.307643 -0.161515 0.255156
v -0.318943 -0.166415 0.239356
v -0.352543 -0.180715 0.266456
v -0.339943 -0.175315 0.284056
v -0.326643 -0.169615 0.300856
v -0.312443 -0.163615 0.317056
v -0.308543 -0.154315 0.309756
v -0.301443 -0.148615 0.300956
v -0.264443 -0.135415 0.319656
v -0.272543 -0.136415 0.329356
v -0.257243 -0.129815 0.342356
v -0.249543 -0.129115 0.332356
v -0.278743 -0.141515 0.306256
v -0.287343 -0.142615 0.315556
v -0.278943 -0.141615 0.338956
v -0.263143 -0.134915 0.352356
v -0.294043 -0.148115 0.324756
v -0.234043 -0.122515 0.344156
v -0.226043 -0.126815 0.335556
v -0.241143 -0.133215 0.324056
v -0.255643 -0.139415 0.311756
v -0.269543 -0.145315 0.298656
v -0.297643 -0.157315 0.332356
v -0.282143 -0.150715 0.346856
v -0.266043 -0.143815 0.360556
v -0.249243 -0.136715 0.373356
v -0.246743 -0.127915 0.364856
v -0.241343 -0.123015 0.354456
v -0.201743 -0.108715 0.365256
v -0.208043 -0.108815 0.376256
v -0.190643 -0.101415 0.385756
v -0.184843 -0.101515 0.374456
v -0.218143 -0.115715 0.355156
v -0.224943 -0.116015 0.365756
v -0.212443 -0.113315 0.387156
v -0.194643 -0.105715 0.396956
v -0.229843 -0.120715 0.376456
v -0.167543 -0.094115 0.382856
v -0.161143 -0.099115 0.373256
v -0.178043 -0.106315 0.365156
v -0.194443 -0.113315 0.356156
v -0.210443 -0.120115 0.346256
v -0.231943 -0.129315 0.385356
v -0.214143 -0.121715 0.396256
v -0.195843 -0.113915 0.406256
v -0.177143 -0.105915 0.415256
v -0.176343 -0.097915 0.405756
v -0.172843 -0.093815 0.394256
v -0.132043 -0.079015 0.396656
v -0.136243 -0.078215 0.408556
v -0.117543 -0.070215 0.414156
v -0.113843 -0.071215 0.402156
v -0.149943 -0.086615 0.390156
v -0.154743 -0.086115 0.401856
v -0.138643 -0.081815 0.420456
v -0.119343 -0.073615 0.426256
v -0.157643 -0.089915 0.413656
v -0.095343 -0.063415 0.406656
v -0.090743 -0.069115 0.396556
v -0.108743 -0.076715 0.392156
v -0.126443 -0.084315 0.386756
v -0.143943 -0.091815 0.380456
v -0.158043 -0.097815 0.423356
v -0.138643 -0.089515 0.430256
v -0.118943 -0.081115 0.436256
v -0.098943 -0.072615 0.441156
v -0.099843 -0.065315 0.430956
v -0.098543 -0.062115 0.418856
v -0.058043 -0.047415 0.412656
v -0.060043 -0.045715 0.425056
v -0.040643 -0.037515 0.426556
v -0.039243 -0.039415 0.414156
v -0.076743 -0.055415 0.410156
v -0.079343 -0.054015 0.422456
v -0.060243 -0.048415 0.437356
v -0.040343 -0.039915 0.438956
v -0.080143 -0.056915 0.434756
v -0.020343 -0.031415 0.414656
v -0.017543 -0.037915 0.404356
v -0.035943 -0.045715 0.403856
v -0.054343 -0.053515 0.402356
v -0.072643 -0.061315 0.399956
v -0.078743 -0.064015 0.444956
v -0.058443 -0.055315 0.447656
v -0.038043 -0.046615 0.449256
v -0.017543 -0.037915 0.449856
v -0.020343 -0.031415 0.439556
v -0.021243 -0.029215 0.427056
v 0.017357 -0.015315 0.412656
v 0.017557 -0.012615 0.425056
v 0.036857 -0.004415 0.422456
v 0.036157 -0.007315 0.410156
v -0.001443 -0.023315 0.414156
v -0.001843 -0.020915 0.426556
v 0.019657 -0.014315 0.437356
v 0.039457 -0.005915 0.434756
v -0.000343 -0.022815 0.438956
v 0.054757 0.000685 0.406656
v 0.055657 -0.006615 0.396556
v 0.037557 -0.014415 0.399956
v 0.019257 -0.022215 0.402356
v 0.000857 -0.030015 0.403856
v 0.002957 -0.029115 0.449256
v 0.023357 -0.020415 0.447656
v 0.043657 -0.011815 0.444956
v 0.063857 -0.003215 0.441156
v 0.059157 0.002585 0.430956
v 0.056057 0.003785 0.418856
v 0.091357 0.016285 0.396656
v 0.093757 0.019785 0.408556
v 0.112257 0.027685 0.401856
v 0.109257 0.023885 0.390156
v 0.073157 0.008485 0.402156
v 0.075057 0.011885 0.414156
v 0.098057 0.019085 0.420456
v 0.116957 0.027185 0.413656
v 0.078757 0.010885 0.426256
v 0.126957 0.031385 0.382856
v 0.126057 0.023385 0.373256
v 0.108857 0.015985 0.380456
v 0.091357 0.008585 0.386756
v 0.073657 0.000985 0.392156
v 0.083757 0.005385 0.436256
v 0.103557 0.013785 0.430256
v 0.122957 0.022085 0.423356
v 0.142057 0.030185 0.415256
v 0.135657 0.035185 0.405756
v 0.130357 0.035485 0.394256
v 0.161057 0.045985 0.365256
v 0.165557 0.050385 0.376256
v 0.182457 0.057685 0.365756
v 0.177457 0.052985 0.355156
v 0.144157 0.038785 0.374456
v 0.148157 0.042985 0.385756
v 0.171857 0.050585 0.387156
v 0.189257 0.057985 0.376456
v 0.153957 0.042985 0.396956
v 0.193457 0.059785 0.344156
v 0.190957 0.050985 0.335556
v 0.175357 0.044385 0.346256
v 0.159357 0.037585 0.356156
v 0.142857 0.030585 0.365156
v 0.160757 0.038185 0.406256
v 0.179057 0.045985 0.396256
v 0.196857 0.053585 0.385356
v 0.214157 0.060885 0.373356
v 0.206157 0.065185 0.364856
v 0.198857 0.064685 0.354456
v 0.223757 0.072685 0.319656
v 0.230057 0.077985 0.329356
v 0.244857 0.084285 0.315556
v 0.238057 0.078785 0.306256
v 0.208857 0.066385 0.332356
v 0.214757 0.071385 0.342356
v 0.238257 0.078885 0.338956
v 0.253457 0.085385 0.324756
v 0.222457 0.072185 0.352356
v 0.251757 0.084585 0.292156
v 0.247857 0.075285 0.284856
v 0.234457 0.069585 0.298656
v 0.220557 0.063685 0.311756
v 0.205957 0.057485 0.324056
v 0.230957 0.068085 0.360556
v 0.247057 0.074985 0.346856
v 0.262557 0.081585 0.332356
v 0.277357 0.087885 0.317056
v 0.267957 0.091485 0.309756
v 0.258957 0.090285 0.300956
v 0.277057 0.095485 0.261756
v 0.285057 0.101385 0.269656
v 0.296957 0.106485 0.252956
v 0.288757 0.100385 0.245556
v 0.264757 0.090185 0.277256
v 0.272357 0.095985 0.285656
v 0.294757 0.102985 0.277456
v 0.307057 0.108185 0.260356
v 0.281757 0.097385 0.293956
v 0.299557 0.104985 0.228756
v 0.294457 0.095185 0.223056
v 0.283857 0.090685 0.239356
v 0.272557 0.085785 0.255156
v 0.260557 0.080685 0.270356
v 0.291557 0.093885 0.300856
v 0.304857 0.099585 0.284056
v 0.317457 0.104985 0.266456
v 0.329257 0.109985 0.248256
v 0.318657 0.113185 0.242556
v 0.308157 0.111285 0.235656
v 0.318957 0.113285 0.193556
v 0.328157 0.119785 0.199456
v 0.336957 0.123485 0.180556
v 0.327457 0.116885 0.175256
v 0.309657 0.109385 0.211456
v 0.318557 0.115685 0.217756
v 0.339157 0.121885 0.205256
v 0.348157 0.125785 0.185856
v 0.329357 0.117685 0.224156
v 0.335157 0.120185 0.156456
v 0.329157 0.109985 0.152456
v 0.321657 0.106785 0.170856
v 0.313457 0.103285 0.188656
v 0.304357 0.099385 0.206156
v 0.340257 0.114685 0.229456
v 0.350357 0.118985 0.210156
v 0.359557 0.122885 0.190256
v 0.367857 0.126485 0.169856
v 0.356257 0.129185 0.165956
v 0.344757 0.126885 0.161156
v 0.347857 0.125585 0.117756
v 0.357857 0.132485 0.121356
v 0.363057 0.134685 0.101056
v 0.352957 0.127785 0.098056
v 0.341957 0.123085 0.137256
v 0.351757 0.129885 0.141456
v 0.369757 0.134985 0.125056
v 0.375056 0.137185 0.104056
v 0.363457 0.132285 0.145656
v 0.357057 0.129485 0.077956
v 0.350557 0.119085 0.075956
v 0.346457 0.117385 0.095456
v 0.341557 0.115285 0.114756
v 0.335757 0.112785 0.133856
v 0.375156 0.129585 0.149156
v 0.381556 0.132285 0.127956
v 0.387057 0.134685 0.106556
v 0.391556 0.136585 0.084856
v 0.379456 0.139085 0.082856
v 0.367357 0.136485 0.080356
v 0.362557 0.131885 0.037356
v 0.373057 0.138885 0.038556
v 0.374456 0.139485 0.017556
v 0.363957 0.132485 0.016856
v 0.360257 0.130885 0.057756
v 0.370657 0.137885 0.059556
v 0.385357 0.141585 0.039856
v 0.386857 0.142185 0.018156
v 0.382857 0.140585 0.061356
v 0.364457 0.132685 -0.003644
v 0.357757 0.122185 -0.003644
v 0.357257 0.121985 0.016356
v 0.355957 0.121385 0.036356
v 0.353657 0.120385 0.056256
v 0.395057 0.138085 0.062956
v 0.397557 0.139085 0.040856
v 0.399057 0.139785 0.018656
v 0.399556 0.139985 -0.003644
v 0.387356 0.142385 -0.003644
v 0.374957 0.139685 -0.003644
v 0.362557 0.131885 -0.044644
v 0.373057 0.138885 -0.045844
v 0.370657 0.137885 -0.066844
v 0.360257 0.130885 -0.065044
v 0.363957 0.132485 -0.024144
v 0.374456 0.139485 -0.024744
v 0.385357 0.141585 -0.047044
v 0.382857 0.140585 -0.068644
v 0.386857 0.142185 -0.025344
v 0.357057 0.129485 -0.085244
v 0.350557 0.119085 -0.083244
v 0.353657 0.120385 -0.063444
v 0.355957 0.121385 -0.043644
v 0.357257 0.121985 -0.023644
v 0.399057 0.139785 -0.025844
v 0.397557 0.139085 -0.048044
v 0.395057 0.138085 -0.070144
v 0.391556 0.136585 -0.092044
v 0.379456 0.139085 -0.090044
v 0.367357 0.136485 -0.087644
v 0.347857 0.125585 -0.125044
v 0.357857 0.132485 -0.128644
v 0.351757 0.129885 -0.148744
v 0.341957 0.123085 -0.144544
v 0.352957 0.127785 -0.105244
v 0.363057 0.134685 -0.108244
v 0.369757 0.134985 -0.132244
v 0.363457 0.132285 -0.152944
v 0.375056 0.137185 -0.111344
v 0.335157 0.120185 -0.163644
v 0.329157 0.109985 -0.159744
v 0.335757 0.112785 -0.141044
v 0.341557 0.115285 -0.122044
v 0.346457 0.117385 -0.102744
v 0.387057 0.134685 -0.113844
v 0.381556 0.132285 -0.135244
v 0.375156 0.129585 -0.156344
v 0.367857 0.126485 -0.177144
v 0.356257 0.129185 -0.173244
v 0.344757 0.126885 -0.168444
v 0.318957 0.113285 -0.200844
v 0.328157 0.119785 -0.206644
v 0.318557 0.115685 -0.225044
v 0.309657 0.109385 -0.218644
v 0.327457 0.116885 -0.182444
v 0.336957 0.123485 -0.187744
v 0.339157 0.121885 -0.212544
v 0.329357 0.117685 -0.231444
v 0.348157 0.125785 -0.193044
v 0.299557 0.104985 -0.236044
v 0.294457 0.095185 -0.230244
v 0.304357 0.099385 -0.213344
v 0.313457 0.103285 -0.195944
v 0.321657 0.106785 -0.178044
v 0.359557 0.122885 -0.197544
v 0.350357 0.118985 -0.217344
v 0.340257 0.114685 -0.236744
v 0.329257 0.109985 -0.255544
v 0.318657 0.113185 -0.249844
v 0.308157 0.111285 -0.242944
v 0.277057 0.095485 -0.268944
v 0.285057 0.101385 -0.276844
v 0.272357 0.095985 -0.292844
v 0.264757 0.090185 -0.284544
v 0.288757 0.100385 -0.252744
v 0.296957 0.106485 -0.260244
v 0.294757 0.102985 -0.284744
v 0.281757 0.097385 -0.301244
v 0.307057 0.108185 -0.267644
v 0.251757 0.084585 -0.299344
v 0.247857 0.075285 -0.292144
v 0.260557 0.080685 -0.277644
v 0.272557 0.085785 -0.262444
v 0.283857 0.090685 -0.246644
v 0.317457 0.104985 -0.273744
v 0.304857 0.099585 -0.291244
v 0.291557 0.093885 -0.308144
v 0.277357 0.087885 -0.324244
v 0.267957 0.091485 -0.316944
v 0.258957 0.090285 -0.308144
v 0.223757 0.072685 -0.326944
v 0.230057 0.077985 -0.336544
v 0.214757 0.071385 -0.349544
v 0.208857 0.066385 -0.339544
v 0.238057 0.078785 -0.313544
v 0.244857 0.084285 -0.322744
v 0.238257 0.078885 -0.346144
v 0.222457 0.072185 -0.359544
v 0.253457 0.085385 -0.331944
v 0.193457 0.059785 -0.351444
v 0.190957 0.050985 -0.342844
v 0.205957 0.057485 -0.331344
v 0.220557 0.063685 -0.318944
v 0.234457 0.069585 -0.305944
v 0.262557 0.081585 -0.339644
v 0.247057 0.074985 -0.354144
v 0.230957 0.068085 -0.367844
v 0.214157 0.060885 -0.380644
v 0.206157 0.065185 -0.372044
v 0.198857 0.064685 -0.361744
v 0.161057 0.045985 -0.372544
v 0.165557 0.050385 -0.383444
v 0.148157 0.042985 -0.392944
v 0.144157 0.038785 -0.381744
v 0.177457 0.052985 -0.362344
v 0.182457 0.057685 -0.373044
v 0.171857 0.050585 -0.394444
v 0.153957 0.042985 -0.404244
v 0.189257 0.057985 -0.383744
v 0.126957 0.031385 -0.390044
v 0.126057 0.023385 -0.380544
v 0.142857 0.030585 -0.372444
v 0.159357 0.037585 -0.363444
v 0.175357 0.044385 -0.353544
v 0.196857 0.053585 -0.392544
v 0.179057 0.045985 -0.403544
v 0.160757 0.038185 -0.413544
v 0.142057 0.030185 -0.422544
v 0.135657 0.035185 -0.413044
v 0.130357 0.035485 -0.401544
v 0.091357 0.016285 -0.403844
v 0.093757 0.019785 -0.415744
v 0.075057 0.011885 -0.421444
v 0.073157 0.008485 -0.409344
v 0.109257 0.023885 -0.397444
v 0.112257 0.027685 -0.409144
v 0.098057 0.019085 -0.427644
v 0.078757 0.010885 -0.433444
v 0.116957 0.027185 -0.420844
v 0.054757 0.000685 -0.413844
v 0.055657 -0.006615 -0.403744
v 0.073657 0.000985 -0.399344
v 0.091357 0.008585 -0.394044
v 0.108857 0.015985 -0.387744
v 0.122957 0.022085 -0.430544
v 0.103557 0.013785 -0.437544
v 0.083757 0.005385 -0.443444
v 0.063857 -0.003215 -0.448344
v 0.059157 0.002585 -0.438244
v 0.056057 0.003785 -0.426044
v 0.017357 -0.015315 -0.419844
v 0.017557 -0.012615 -0.432244
v -0.001843 -0.020915 -0.433844
v -0.001443 -0.023315 -0.421444
v 0.036157 -0.007315 -0.417344
v 0.036857 -0.004415 -0.429644
v 0.019657 -0.014315 -0.444644
v -0.000343 -0.022815 -0.446244
v 0.039457 -0.005915 -0.441944
v 0.000857 -0.030015 -0.411144
v 0.019257 -0.022215 -0.409644
v 0.037557 -0.014415 -0.407144
v 0.043657 -0.011815 -0.452144
v 0.023357 -0.020415 -0.454844
v 0.002957 -0.029115 -0.456544
v 0.402456 0.098985 -0.137144
v 0.398957 0.112385 -0.137744
v 0.404556 0.114785 -0.115844
v 0.408057 0.101285 -0.115344
v 0.395956 0.096185 -0.158544
v 0.392457 0.109585 -0.159244
v 0.391656 0.124285 -0.137144
v 0.397257 0.126585 -0.115344
v 0.385156 0.121485 -0.158544
v 0.412556 0.103285 -0.093344
v 0.388457 0.092985 -0.179644
v 0.384957 0.106385 -0.180444
v 0.377757 0.118285 -0.179644
v 0.401756 0.128585 -0.093344
v 0.409057 0.116685 -0.093744
v 0.033857 -0.058215 -0.403244
v 0.028357 -0.045615 -0.401144
v 0.010357 -0.053315 -0.402544
v 0.015857 -0.065915 -0.404744
v 0.051857 -0.050515 -0.400844
v 0.046257 -0.038015 -0.398744
v 0.023157 -0.032915 -0.403244
v 0.005057 -0.040615 -0.404744
v 0.041157 -0.025215 -0.400844
v -0.002343 -0.073615 -0.405244
v 0.069757 -0.042915 -0.397444
v 0.063957 -0.030415 -0.395444
v 0.058957 -0.017615 -0.397444
v -0.013043 -0.048315 -0.405244
v -0.007743 -0.061015 -0.403044
v -0.328043 -0.212515 -0.192944
v -0.331743 -0.199115 -0.191944
v -0.339843 -0.202615 -0.174444
v -0.336243 -0.216015 -0.175344
v -0.319143 -0.208715 -0.210044
v -0.322843 -0.195415 -0.208944
v -0.338843 -0.187215 -0.192944
v -0.347043 -0.190715 -0.175344
v -0.329943 -0.183415 -0.210044
v -0.343543 -0.219115 -0.157344
v -0.309443 -0.204615 -0.226744
v -0.313243 -0.191215 -0.225544
v -0.320243 -0.179315 -0.226744
v -0.354343 -0.193815 -0.157344
v -0.347143 -0.205715 -0.156444
v 0.370756 0.085385 -0.220344
v 0.367057 0.098785 -0.221444
v 0.376457 0.102785 -0.201144
v 0.380056 0.089385 -0.200244
v 0.360557 0.081085 -0.240044
v 0.356757 0.094385 -0.241144
v 0.359957 0.110685 -0.220344
v 0.369257 0.114685 -0.200244
v 0.349757 0.106385 -0.240044
v 0.349357 0.076285 -0.259144
v 0.345657 0.089685 -0.260244
v 0.338657 0.101585 -0.259144
v -0.043743 -0.091315 -0.461244
v -0.049343 -0.078715 -0.463344
v -0.028543 -0.069915 -0.465044
v -0.023043 -0.082515 -0.462944
v -0.064343 -0.100115 -0.458444
v -0.070043 -0.087615 -0.460544
v -0.054543 -0.066015 -0.461244
v -0.033843 -0.057215 -0.462944
v -0.075143 -0.074815 -0.458444
v -0.002343 -0.073615 -0.463444
v -0.084843 -0.108815 -0.454644
v -0.090643 -0.096315 -0.456744
v -0.095643 -0.083515 -0.454644
v -0.013043 -0.048315 -0.463444
v -0.007743 -0.061015 -0.465644
v -0.355843 -0.224315 -0.120244
v -0.359343 -0.210915 -0.119544
v -0.364143 -0.212915 -0.100644
v -0.360643 -0.226415 -0.101244
v -0.350143 -0.221915 -0.138944
v -0.353643 -0.208515 -0.138144
v -0.366543 -0.199115 -0.120244
v -0.371443 -0.201115 -0.101244
v -0.360843 -0.196615 -0.138944
v -0.364643 -0.228115 -0.081944
v -0.375343 -0.202815 -0.081944
v -0.368043 -0.214615 -0.081544
v 0.324657 0.065785 -0.295344
v 0.320757 0.079085 -0.296644
v 0.333657 0.084585 -0.278844
v 0.337457 0.071185 -0.277544
v 0.311157 0.059985 -0.312444
v 0.307157 0.073285 -0.313844
v 0.313857 0.091085 -0.295344
v 0.326657 0.096485 -0.277544
v 0.300357 0.085285 -0.312444
v 0.296757 0.053885 -0.328744
v 0.292757 0.067085 -0.330244
v 0.286057 0.079185 -0.328744
v -0.125043 -0.126015 -0.443644
v -0.131043 -0.113615 -0.445744
v -0.110943 -0.105015 -0.451744
v -0.105043 -0.117415 -0.449644
v -0.144843 -0.134415 -0.436544
v -0.150843 -0.122015 -0.438544
v -0.135843 -0.100715 -0.443644
v -0.115843 -0.092215 -0.449644
v -0.155543 -0.109115 -0.436544
v -0.164143 -0.142615 -0.428444
v -0.170343 -0.130315 -0.430444
v -0.174943 -0.117315 -0.428444
v -0.369943 -0.230415 -0.042944
v -0.373343 -0.216915 -0.042744
v -0.374643 -0.217515 -0.023244
v -0.371243 -0.230915 -0.023344
v -0.367743 -0.229415 -0.062544
v -0.371143 -0.215915 -0.062244
v -0.380743 -0.205115 -0.042944
v -0.382043 -0.205615 -0.023344
v -0.378443 -0.204115 -0.062544
v -0.371743 -0.231115 -0.003644
v -0.382443 -0.205815 -0.003644
v -0.375143 -0.217615 -0.003644
v 0.266057 0.040785 -0.359044
v 0.261857 0.053985 -0.360744
v 0.277657 0.060685 -0.345944
v 0.281757 0.047485 -0.344344
v 0.249657 0.033785 -0.372944
v 0.245457 0.046985 -0.374644
v 0.255257 0.066085 -0.359044
v 0.270957 0.072785 -0.344344
v 0.238857 0.059085 -0.372944
v 0.232657 0.026585 -0.385944
v 0.228357 0.039685 -0.387744
v 0.221957 0.051885 -0.385944
v -0.201743 -0.158615 -0.409144
v -0.208043 -0.146415 -0.411044
v -0.189343 -0.138415 -0.421244
v -0.183143 -0.150715 -0.419344
v -0.219743 -0.166315 -0.398044
v -0.226143 -0.154115 -0.399844
v -0.212443 -0.133415 -0.409144
v -0.193943 -0.125415 -0.419344
v -0.230543 -0.141115 -0.398044
v -0.237343 -0.173815 -0.385944
v -0.243743 -0.161615 -0.387744
v -0.248043 -0.148515 -0.385944
v -0.369943 -0.230415 0.035756
v -0.373343 -0.216915 0.035556
v -0.371143 -0.215915 0.054956
v -0.367743 -0.229415 0.055256
v -0.371243 -0.230915 0.016056
v -0.374643 -0.217515 0.015956
v -0.380743 -0.205115 0.035756
v -0.378443 -0.204115 0.055256
v -0.382043 -0.205615 0.016056
v -0.364643 -0.228115 0.074756
v -0.375343 -0.202815 0.074756
v -0.368043 -0.214615 0.074256
v 0.197057 0.011385 -0.409144
v 0.192657 0.024385 -0.411044
v 0.210757 0.032185 -0.399844
v 0.215157 0.019085 -0.398044
v 0.178557 0.003485 -0.419344
v 0.173957 0.016485 -0.421244
v 0.186357 0.036685 -0.409144
v 0.204357 0.044385 -0.398044
v 0.167757 0.028785 -0.419344
v 0.159557 -0.004615 -0.428444
v 0.154957 0.008385 -0.430444
v 0.148757 0.020685 -0.428444
v -0.270643 -0.188015 -0.359044
v -0.277243 -0.175915 -0.360744
v -0.260843 -0.168915 -0.374644
v -0.254243 -0.181115 -0.372944
v -0.286343 -0.194715 -0.344344
v -0.293043 -0.182715 -0.345944
v -0.281443 -0.162715 -0.359044
v -0.265043 -0.155815 -0.372944
v -0.297143 -0.169415 -0.344344
v -0.301443 -0.201115 -0.328744
v -0.308143 -0.189115 -0.330244
v -0.312143 -0.175915 -0.328744
v -0.355843 -0.224315 0.112956
v -0.359343 -0.210915 0.112356
v -0.353643 -0.208515 0.130956
v -0.350143 -0.221915 0.131656
v -0.360643 -0.226415 0.093956
v -0.364143 -0.212915 0.093456
v -0.366543 -0.199115 0.112956
v -0.360843 -0.196615 0.131656
v -0.371443 -0.201115 0.093956
v -0.343543 -0.219115 0.150056
v -0.354343 -0.193815 0.150056
v -0.347143 -0.205715 0.149256
v 0.120457 -0.021315 -0.443644
v 0.115657 -0.008415 -0.445744
v 0.135457 0.000085 -0.438544
v 0.140157 -0.012915 -0.436544
v 0.100457 -0.029815 -0.449644
v 0.095557 -0.016915 -0.451744
v 0.109657 0.003985 -0.443644
v 0.129457 0.012385 -0.436544
v 0.089657 -0.004515 -0.449644
v 0.080257 -0.038415 -0.454644
v 0.075257 -0.025615 -0.456744
v 0.069457 -0.013115 -0.454644
v -0.329243 -0.213015 -0.295344
v -0.336143 -0.201015 -0.296644
v -0.322543 -0.195215 -0.313844
v -0.315743 -0.207215 -0.312444
v -0.342043 -0.218515 -0.277544
v -0.349043 -0.206515 -0.278844
v -0.340043 -0.187715 -0.295344
v -0.326543 -0.182015 -0.312444
v -0.352843 -0.193215 -0.277544
v -0.354043 -0.223615 -0.259144
v -0.361043 -0.211615 -0.260244
v -0.364743 -0.198315 -0.259144
v -0.328043 -0.212515 0.185656
v -0.331743 -0.199115 0.184656
v -0.322843 -0.195415 0.201756
v -0.319143 -0.208715 0.202856
v -0.336243 -0.216015 0.168056
v -0.339843 -0.202615 0.167156
v -0.338843 -0.187215 0.185656
v -0.329943 -0.183415 0.202856
v -0.347043 -0.190715 0.168056
v -0.309443 -0.204615 0.219456
v -0.320243 -0.179315 0.219456
v -0.313243 -0.191215 0.218256
v 0.039157 -0.055915 -0.461244
v 0.033957 -0.043215 -0.463344
v 0.054657 -0.034415 -0.460544
v 0.059757 -0.047215 -0.458444
v 0.018457 -0.064815 -0.462944
v 0.013157 -0.052115 -0.465044
v 0.028357 -0.030715 -0.461244
v 0.048957 -0.021915 -0.458444
v 0.007657 -0.039515 -0.462944
v -0.375343 -0.232715 -0.220344
v -0.382443 -0.220815 -0.221444
v -0.372143 -0.216415 -0.241144
v -0.365143 -0.228315 -0.240044
v -0.384643 -0.236715 -0.200244
v -0.391843 -0.224815 -0.201144
v -0.386143 -0.207415 -0.220344
v -0.375943 -0.203015 -0.240044
v -0.395443 -0.211415 -0.200244
v -0.393143 -0.240215 -0.179644
v -0.400343 -0.228415 -0.180444
v -0.403843 -0.215015 -0.179644
v -0.287843 -0.195415 0.251156
v -0.291743 -0.182115 0.249756
v -0.279943 -0.177115 0.264656
v -0.276043 -0.190315 0.266056
v -0.299043 -0.200115 0.235556
v -0.302843 -0.186815 0.234356
v -0.298643 -0.170115 0.251156
v -0.286743 -0.165015 0.266056
v -0.309743 -0.174815 0.235556
v -0.263543 -0.185015 0.280356
v -0.274243 -0.159715 0.280356
v -0.267543 -0.171815 0.278856
v -0.407043 -0.246215 -0.137144
v -0.414343 -0.234415 -0.137744
v -0.407843 -0.231615 -0.159244
v -0.400543 -0.243415 -0.158544
v -0.412643 -0.248615 -0.115344
v -0.419943 -0.236715 -0.115844
v -0.417843 -0.220915 -0.137144
v -0.411343 -0.218115 -0.158544
v -0.423443 -0.223315 -0.115344
v -0.417143 -0.250515 -0.093344
v -0.424443 -0.238715 -0.093744
v -0.427943 -0.225215 -0.093344
v -0.236643 -0.173515 0.306756
v -0.240843 -0.160415 0.305156
v -0.226543 -0.154315 0.317256
v -0.222343 -0.167415 0.318956
v -0.250343 -0.179415 0.293956
v -0.254443 -0.166215 0.292356
v -0.247443 -0.148215 0.306756
v -0.233143 -0.142215 0.318956
v -0.261143 -0.154115 0.293956
v -0.207543 -0.161115 0.330256
v -0.218343 -0.135815 0.330256
v -0.211843 -0.148015 0.328456
v -0.423243 -0.253115 -0.048744
v -0.430643 -0.241315 -0.048944
v -0.428043 -0.240215 -0.071444
v -0.420743 -0.252015 -0.071144
v -0.424743 -0.253815 -0.026144
v -0.432143 -0.241915 -0.026244
v -0.434043 -0.227815 -0.048744
v -0.431543 -0.226715 -0.071144
v -0.435543 -0.228515 -0.026144
v -0.425343 -0.254015 -0.003644
v -0.432643 -0.242215 -0.003644
v -0.436043 -0.228715 -0.003644
v -0.176443 -0.147915 0.350556
v -0.180943 -0.134815 0.348656
v -0.164843 -0.128015 0.357456
v -0.160243 -0.141015 0.359356
v -0.192243 -0.154615 0.340856
v -0.196643 -0.141515 0.338956
v -0.187243 -0.122615 0.350556
v -0.171043 -0.115715 0.359356
v -0.203043 -0.129315 0.340856
v -0.143643 -0.133915 0.367356
v -0.154443 -0.108615 0.367356
v -0.148343 -0.120915 0.365456
v -0.423243 -0.253115 0.041456
v -0.430643 -0.241315 0.041656
v -0.432143 -0.241915 0.019056
v -0.424743 -0.253815 0.018956
v -0.420743 -0.252015 0.063856
v -0.428043 -0.240215 0.064156
v -0.434043 -0.227815 0.041456
v -0.435543 -0.228515 0.018956
v -0.431543 -0.226715 0.063856
v -0.417143 -0.250515 0.086056
v -0.424443 -0.238715 0.086456
v -0.427943 -0.225215 0.086056
v -0.109543 -0.119315 0.380656
v -0.114343 -0.106515 0.378656
v -0.096943 -0.099015 0.383856
v -0.092043 -0.111915 0.385956
v -0.126743 -0.126715 0.374456
v -0.131443 -0.113815 0.372456
v -0.120343 -0.094115 0.380656
v -0.102843 -0.086615 0.385956
v -0.137543 -0.101415 0.374456
v -0.074343 -0.104315 0.390256
v -0.085143 -0.079115 0.390256
v -0.079343 -0.091515 0.388156
v -0.407043 -0.246215 0.129856
v -0.414343 -0.234415 0.130456
v -0.419943 -0.236715 0.108656
v -0.412643 -0.248615 0.108156
v -0.400543 -0.243415 0.151256
v -0.407843 -0.231615 0.152056
v -0.417843 -0.220915 0.129856
v -0.423443 -0.223315 0.108156
v -0.411343 -0.218115 0.151256
v -0.393143 -0.240215 0.172356
v -0.400343 -0.228415 0.173156
v -0.403843 -0.215015 0.172356
v -0.038543 -0.089115 0.396056
v -0.043743 -0.076315 0.393856
v -0.025743 -0.068715 0.395356
v -0.020443 -0.081315 0.397456
v -0.056543 -0.096715 0.393656
v -0.061643 -0.084015 0.391456
v -0.049243 -0.063815 0.396056
v -0.031243 -0.056115 0.397456
v -0.067243 -0.071415 0.393656
v -0.002343 -0.073615 0.397956
v -0.013043 -0.048315 0.397956
v -0.007743 -0.061015 0.395856
v -0.375343 -0.232715 0.213156
v -0.382443 -0.220815 0.214156
v -0.391843 -0.224815 0.193856
v -0.384643 -0.236715 0.192956
v -0.365143 -0.228315 0.232756
v -0.372143 -0.216415 0.233856
v -0.386143 -0.207415 0.213156
v -0.395443 -0.211415 0.192956
v -0.375943 -0.203015 0.232756
v -0.354043 -0.223615 0.251856
v -0.361043 -0.211615 0.253056
v -0.364743 -0.198315 0.251856
v 0.033857 -0.058215 0.396056
v 0.028357 -0.045615 0.393856
v 0.046257 -0.038015 0.391456
v 0.051857 -0.050515 0.393656
v 0.015857 -0.065915 0.397456
v 0.010357 -0.053315 0.395356
v 0.023157 -0.032915 0.396056
v 0.041157 -0.025215 0.393656
v 0.005057 -0.040615 0.397456
v 0.069757 -0.042915 0.390256
v 0.058957 -0.017615 0.390256
v 0.063957 -0.030415 0.388156
v -0.329243 -0.213015 0.288056
v -0.336143 -0.201015 0.289456
v -0.349043 -0.206515 0.271556
v -0.342043 -0.218515 0.270256
v -0.315743 -0.207215 0.305156
v -0.322543 -0.195215 0.306656
v -0.340043 -0.187715 0.288056
v -0.352843 -0.193215 0.270256
v -0.326543 -0.182015 0.305156
v -0.301443 -0.201115 0.321556
v -0.308143 -0.189115 0.323056
v -0.312143 -0.175915 0.321556
v 0.104957 -0.027915 0.380656
v 0.098957 -0.015515 0.378656
v 0.116057 -0.008215 0.372456
v 0.122157 -0.020615 0.374456
v 0.087457 -0.035315 0.385956
v 0.081557 -0.022915 0.383856
v 0.094157 -0.002615 0.380656
v 0.111357 0.004685 0.374456
v 0.076657 -0.010115 0.385956
v 0.139057 -0.013315 0.367356
v 0.128257 0.011885 0.367356
v 0.132957 -0.001015 0.365456
v -0.270643 -0.188015 0.351856
v -0.277243 -0.175915 0.353456
v -0.293043 -0.182715 0.338656
v -0.286343 -0.194715 0.337056
v -0.254243 -0.181115 0.365756
v -0.260843 -0.168915 0.367456
v -0.281443 -0.162715 0.351856
v -0.297143 -0.169415 0.337056
v -0.265043 -0.155815 0.365756
v -0.237343 -0.173815 0.378756
v -0.243743 -0.161615 0.380456
v -0.248043 -0.148515 0.378756
v 0.171857 0.000585 0.350556
v 0.165557 0.012885 0.348656
v 0.181257 0.019585 0.338956
v 0.187657 0.007385 0.340856
v 0.155657 -0.006315 0.359356
v 0.149457 0.005985 0.357456
v 0.161057 0.025885 0.350556
v 0.176857 0.032585 0.340856
v 0.144857 0.018985 0.359356
v 0.202957 0.013885 0.330256
v 0.192157 0.039185 0.330256
v 0.196457 0.026085 0.328456
v -0.201743 -0.158615 0.401956
v -0.208043 -0.146415 0.403756
v -0.226143 -0.154115 0.392656
v -0.219743 -0.166315 0.390756
v -0.183143 -0.150715 0.412056
v -0.189343 -0.138415 0.413956
v -0.212443 -0.133415 0.401956
v -0.230543 -0.141115 0.390756
v -0.193943 -0.125415 0.412056
v -0.164143 -0.142615 0.421256
v -0.170343 -0.130315 0.423156
v -0.174943 -0.117315 0.421256
v 0.232057 0.026285 0.306756
v 0.225457 0.038385 0.305156
v 0.239057 0.044185 0.292356
v 0.245757 0.032185 0.293956
v 0.217757 0.020185 0.318956
v 0.211157 0.032385 0.317256
v 0.221257 0.051585 0.306756
v 0.234957 0.057385 0.293956
v 0.206957 0.045485 0.318956
v 0.258857 0.037785 0.280356
v 0.248157 0.062985 0.280356
v 0.252157 0.049785 0.278856
v -0.125043 -0.126015 0.436456
v -0.131043 -0.113615 0.438456
v -0.150843 -0.122015 0.431356
v -0.144843 -0.134415 0.429356
v -0.105043 -0.117415 0.442456
v -0.110943 -0.105015 0.444456
v -0.135843 -0.100715 0.436456
v -0.155543 -0.109115 0.429356
v -0.115843 -0.092215 0.442456
v -0.084843 -0.108815 0.447356
v -0.090643 -0.096315 0.449456
v -0.095643 -0.083515 0.447356
v 0.283257 0.048085 0.251156
v 0.276357 0.060085 0.249756
v 0.287457 0.064885 0.234356
v 0.294357 0.052885 0.235556
v 0.271357 0.043085 0.266056
v 0.264557 0.055085 0.264656
v 0.272457 0.073385 0.251156
v 0.283657 0.078185 0.235556
v 0.260657 0.068385 0.266056
v 0.304857 0.057285 0.219456
v 0.294057 0.082585 0.219456
v 0.297857 0.069285 0.218256
v -0.043743 -0.091315 0.453956
v -0.049343 -0.078715 0.456156
v -0.070043 -0.087615 0.453356
v -0.064343 -0.100115 0.451256
v -0.023043 -0.082515 0.455656
v -0.028543 -0.069915 0.457756
v -0.054543 -0.066015 0.453956
v -0.075143 -0.074815 0.451256
v -0.033843 -0.057215 0.455656
v -0.002343 -0.073615 0.456256
v -0.007743 -0.061015 0.458356
v -0.013043 -0.048315 0.456256
v 0.323457 0.065285 0.185656
v 0.316357 0.077185 0.184656
v 0.324457 0.080685 0.167156
v 0.331657 0.068785 0.168056
v 0.314557 0.061485 0.202856
v 0.307457 0.073385 0.201756
v 0.312657 0.090585 0.185656
v 0.320857 0.093985 0.168056
v 0.303757 0.086785 0.202856
v 0.338957 0.071885 0.150056
v 0.328157 0.097185 0.150056
v 0.331757 0.083785 0.149256
v 0.039157 -0.055915 0.453956
v 0.033957 -0.043215 0.456156
v 0.013157 -0.052115 0.457756
v 0.018457 -0.064815 0.455656
v 0.059757 -0.047215 0.451256
v 0.054657 -0.034415 0.453356
v 0.028357 -0.030715 0.453956
v 0.007657 -0.039515 0.455656
v 0.048957 -0.021915 0.451256
v 0.080257 -0.038415 0.447356
v 0.075257 -0.025615 0.449456
v 0.069457 -0.013115 0.447356
v 0.351157 0.077085 0.112956
v 0.343957 0.088885 0.112356
v 0.348757 0.090985 0.093456
v 0.356057 0.079185 0.093956
v 0.345457 0.074685 0.131656
v 0.338257 0.086485 0.130956
v 0.340457 0.102385 0.112956
v 0.345257 0.104485 0.093956
v 0.334757 0.099985 0.131656
v 0.359957 0.080885 0.074756
v 0.349257 0.106085 0.074756
v 0.352657 0.092685 0.074256
v 0.120457 -0.021315 0.436456
v 0.115657 -0.008415 0.438456
v 0.095557 -0.016915 0.444456
v 0.100457 -0.029815 0.442456
v 0.140157 -0.012915 0.429356
v 0.135457 0.000085 0.431356
v 0.109657 0.003985 0.436456
v 0.089657 -0.004515 0.442456
v 0.129457 0.012385 0.429356
v 0.159557 -0.004615 0.421256
v 0.154957 0.008385 0.423156
v 0.148757 0.020685 0.421256
v 0.365357 0.083085 0.035756
v 0.357957 0.094885 0.035556
v 0.359257 0.095485 0.015956
v 0.366657 0.083685 0.016056
v 0.363057 0.082185 0.055256
v 0.355757 0.093985 0.054956
v 0.354557 0.108385 0.035756
v 0.355857 0.108985 0.016056
v 0.352357 0.107485 0.055256
v 0.367057 0.083885 -0.003644
v 0.356357 0.109185 -0.003644
v 0.359757 0.095685 -0.003644
v 0.197057 0.011385 0.401956
v 0.192657 0.024385 0.403756
v 0.173957 0.016485 0.413956
v 0.178557 0.003485 0.412056
v 0.215157 0.019085 0.390756
v 0.210757 0.032185 0.392656
v 0.186357 0.036685 0.401956
v 0.167757 0.028785 0.412056
v 0.204357 0.044385 0.390756
v 0.232657 0.026585 0.378756
v 0.228357 0.039685 0.380456
v 0.221957 0.051885 0.378756
v 0.365357 0.083085 -0.042944
v 0.357957 0.094885 -0.042744
v 0.355757 0.093985 -0.062244
v 0.363057 0.082185 -0.062544
v 0.366657 0.083685 -0.023344
v 0.359257 0.095485 -0.023244
v 0.354557 0.108385 -0.042944
v 0.352357 0.107485 -0.062544
v 0.355857 0.108985 -0.023344
v 0.359957 0.080885 -0.081944
v 0.349257 0.106085 -0.081944
v 0.352657 0.092685 -0.081544
v 0.266057 0.040785 0.351856
v 0.261857 0.053985 0.353456
v 0.245457 0.046985 0.367456
v 0.249657 0.033785 0.365756
v 0.281757 0.047485 0.337056
v 0.277657 0.060685 0.338656
v 0.255257 0.066085 0.351856
v 0.238857 0.059085 0.365756
v 0.270957 0.072785 0.337056
v 0.296757 0.053885 0.321556
v 0.292757 0.067085 0.323056
v 0.286057 0.079185 0.321556
v 0.351157 0.077085 -0.120244
v 0.343957 0.088885 -0.119544
v 0.338257 0.086485 -0.138144
v 0.345457 0.074685 -0.138944
v 0.356057 0.079185 -0.101244
v 0.348757 0.090985 -0.100644
v 0.340457 0.102385 -0.120244
v 0.334757 0.099985 -0.138944
v 0.345257 0.104485 -0.101244
v 0.338957 0.071885 -0.157344
v 0.328157 0.097185 -0.157344
v 0.331757 0.083785 -0.156444
v 0.324657 0.065785 0.288056
v 0.320757 0.079085 0.289456
v 0.307157 0.073285 0.306656
v 0.311157 0.059985 0.305156
v 0.337457 0.071185 0.270256
v 0.333657 0.084585 0.271556
v 0.313857 0.091085 0.288056
v 0.300357 0.085285 0.305156
v 0.326657 0.096485 0.270256
v 0.349357 0.076285 0.251856
v 0.345657 0.089685 0.253056
v 0.338657 0.101585 0.251856
v 0.323457 0.065285 -0.192944
v 0.316357 0.077185 -0.191944
v 0.307457 0.073385 -0.208944
v 0.314557 0.061485 -0.210044
v 0.331657 0.068785 -0.175344
v 0.324457 0.080685 -0.174444
v 0.312657 0.090585 -0.192944
v 0.303757 0.086785 -0.210044
v 0.320857 0.093985 -0.175344
v 0.304857 0.057285 -0.226744
v 0.294057 0.082585 -0.226744
v 0.297857 0.069285 -0.225544
v -0.038543 -0.089115 -0.403244
v -0.043743 -0.076315 -0.401144
v -0.061643 -0.084015 -0.398744
v -0.056543 -0.096715 -0.400844
v -0.020443 -0.081315 -0.404744
v -0.025743 -0.068715 -0.402544
v -0.049243 -0.063815 -0.403244
v -0.067243 -0.071415 -0.400844
v -0.031243 -0.056115 -0.404744
v -0.074343 -0.104315 -0.397444
v -0.085143 -0.079115 -0.397444
v -0.079343 -0.091515 -0.395444
v 0.370756 0.085385 0.213156
v 0.367057 0.098785 0.214156
v 0.356757 0.094385 0.233856
v 0.360557 0.081085 0.232756
v 0.380056 0.089385 0.192956
v 0.376457 0.102785 0.193856
v 0.359957 0.110685 0.213156
v 0.349757 0.106385 0.232756
v 0.369257 0.114685 0.192956
v 0.388457 0.092985 0.172356
v 0.384957 0.106385 0.173156
v 0.377757 0.118285 0.172356
v 0.283257 0.048085 -0.258344
v 0.276357 0.060085 -0.257044
v 0.264557 0.055085 -0.271844
v 0.271357 0.043085 -0.273344
v 0.294357 0.052885 -0.242844
v 0.287457 0.064885 -0.241544
v 0.272457 0.073385 -0.258344
v 0.260657 0.068385 -0.273344
v 0.283657 0.078185 -0.242844
v 0.258857 0.037785 -0.287544
v 0.248157 0.062985 -0.287544
v 0.252157 0.049785 -0.286044
v -0.109543 -0.119315 -0.387944
v -0.114343 -0.106515 -0.385844
v -0.131443 -0.113815 -0.379744
v -0.126743 -0.126715 -0.381744
v -0.092043 -0.111915 -0.393144
v -0.096943 -0.099015 -0.391144
v -0.120343 -0.094115 -0.387944
v -0.137543 -0.101415 -0.381744
v -0.102843 -0.086615 -0.393144
v -0.143643 -0.133915 -0.374644
v -0.154443 -0.108615 -0.374644
v -0.148343 -0.120915 -0.372644
v 0.402456 0.098985 0.129856
v 0.398957 0.112385 0.130456
v 0.392457 0.109585 0.152056
v 0.395956 0.096185 0.151256
v 0.408057 0.101285 0.108156
v 0.404556 0.114785 0.108656
v 0.391656 0.124285 0.129856
v 0.385156 0.121485 0.151256
v 0.397257 0.126585 0.108156
v 0.412556 0.103285 0.086056
v 0.409057 0.116685 0.086456
v 0.401756 0.128585 0.086056
v 0.232057 0.026285 -0.314044
v 0.225457 0.038385 -0.312444
v 0.211157 0.032385 -0.324444
v 0.217757 0.020185 -0.326144
v 0.245757 0.032185 -0.301144
v 0.239057 0.044185 -0.299544
v 0.221257 0.051585 -0.314044
v 0.206957 0.045485 -0.326144
v 0.234957 0.057385 -0.301144
v 0.202957 0.013885 -0.337544
v 0.192157 0.039185 -0.337544
v 0.196457 0.026085 -0.335744
v -0.176443 -0.147915 -0.357744
v -0.180943 -0.134815 -0.355944
v -0.196643 -0.141515 -0.346244
v -0.192243 -0.154615 -0.348044
v -0.160243 -0.141015 -0.366644
v -0.164843 -0.128015 -0.364744
v -0.187243 -0.122615 -0.357744
v -0.203043 -0.129315 -0.348044
v -0.171043 -0.115715 -0.366644
v -0.207543 -0.161115 -0.337544
v -0.218343 -0.135815 -0.337544
v -0.211843 -0.148015 -0.335744
v 0.418657 0.105885 0.041456
v 0.415256 0.119285 0.041656
v 0.412657 0.118285 0.064156
v 0.416157 0.104785 0.063856
v 0.420157 0.106485 0.018956
v 0.416756 0.119985 0.019056
v 0.407857 0.131185 0.041456
v 0.405356 0.130085 0.063856
v 0.409357 0.131785 0.018956
v 0.420657 0.106685 -0.003644
v 0.417257 0.120185 -0.003644
v 0.409957 0.131985 -0.003644
v 0.171857 0.000585 -0.357744
v 0.165557 0.012885 -0.355944
v 0.149457 0.005985 -0.364744
v 0.155657 -0.006315 -0.366644
v 0.187657 0.007385 -0.348044
v 0.181257 0.019585 -0.346244
v 0.161057 0.025885 -0.357744
v 0.144857 0.018985 -0.366644
v 0.176857 0.032585 -0.348044
v 0.139057 -0.013315 -0.374644
v 0.128257 0.011885 -0.374644
v 0.132957 -0.001015 -0.372644
v -0.236643 -0.173515 -0.314044
v -0.240843 -0.160415 -0.312444
v -0.254443 -0.166215 -0.299544
v -0.250343 -0.179415 -0.301144
v -0.222343 -0.167415 -0.326144
v -0.226543 -0.154315 -0.324444
v -0.247443 -0.148215 -0.314044
v -0.261143 -0.154115 -0.301144
v -0.233143 -0.142215 -0.326144
v -0.263543 -0.185015 -0.287544
v -0.274243 -0.159715 -0.287544
v -0.267543 -0.171815 -0.286044
v 0.418657 0.105885 -0.048744
v 0.415256 0.119285 -0.048944
v 0.416756 0.119985 -0.026244
v 0.420157 0.106485 -0.026144
v 0.416157 0.104785 -0.071144
v 0.412657 0.118285 -0.071444
v 0.407857 0.131185 -0.048744
v 0.409357 0.131785 -0.026144
v 0.405356 0.130085 -0.071144
v 0.104957 -0.027915 -0.387944
v 0.098957 -0.015515 -0.385844
v 0.081557 -0.022915 -0.391144
v 0.087457 -0.035315 -0.393144
v 0.122157 -0.020615 -0.381744
v 0.116057 -0.008215 -0.379744
v 0.094157 -0.002615 -0.387944
v 0.076657 -0.010115 -0.393144
v 0.111357 0.004685 -0.381744
v -0.287843 -0.195415 -0.258344
v -0.291743 -0.182115 -0.257044
v -0.302843 -0.186815 -0.241544
v -0.299043 -0.200115 -0.242844
v -0.276043 -0.190315 -0.273344
v -0.279943 -0.177115 -0.271844
v -0.298643 -0.170115 -0.258344
v -0.309743 -0.174815 -0.242844
v -0.286743 -0.165015 -0.273344
vn -0.3644 0.9127 0.1848
vn -0.3727 0.9092 0.1857
vn -0.4063 0.8948 -0.1848
vn -0.3980 0.8984 -0.1857
vn -0.3980 0.8984 -0.1856
vn -0.2344 0.7964 0.5575
vn -0.2597 0.7856 0.5616
vn -0.2851 0.7748 0.5643
vn -0.3106 0.7639 0.5657
vn -0.3105 0.7639 0.5657
vn -0.3811 0.9056 0.1862
vn -0.3896 0.9020 -0.1862
vn -0.3362 0.7530 -0.5657
vn -0.3617 0.7421 -0.5643
vn -0.3871 0.7313 -0.5616
vn -0.4121 0.7206 -0.5576
vn -0.4122 0.7205 -0.5576
vn -0.4146 0.8913 -0.1835
vn -0.3561 0.9163 0.1835
vn 0.4063 -0.8949 0.1848
vn 0.3644 -0.9127 -0.1849
vn 0.3644 -0.9127 -0.1848
vn 0.3981 -0.8984 0.1857
vn 0.3980 -0.8984 0.1857
vn 0.3727 -0.9092 -0.1857
vn 0.4124 -0.7205 0.5575
vn 0.4123 -0.7205 0.5576
vn 0.4146 -0.8913 0.1835
vn 0.3561 -0.9163 -0.1835
vn 0.2344 -0.7964 -0.5575
vn 0.2597 -0.7856 -0.5616
vn 0.2852 -0.7748 -0.5643
vn 0.2851 -0.7748 -0.5643
vn 0.3106 -0.7639 -0.5657
vn 0.3811 -0.9056 -0.1862
vn 0.3896 -0.9020 0.1862
vn 0.3895 -0.9020 0.1862
vn 0.3362 -0.7530 0.5657
vn 0.3617 -0.7421 0.5643
vn 0.3871 -0.7313 0.5616
vn 0.4391 -0.8809 0.1767
vn 0.4391 -0.8809 0.1768
vn 0.3316 -0.9267 -0.1768
vn 0.3316 -0.9267 -0.1769
vn 0.4310 -0.8843 0.1795
vn 0.3397 -0.9233 -0.1795
vn 0.5107 -0.6786 0.5279
vn 0.4470 -0.8775 0.1738
vn 0.3237 -0.9301 -0.1737
vn 0.1361 -0.8383 -0.5279
vn 0.1360 -0.8383 -0.5279
vn 0.1601 -0.8281 -0.5373
vn 0.1845 -0.8177 -0.5453
vn 0.2093 -0.8071 -0.5521
vn 0.2091 -0.8071 -0.5522
vn 0.3478 -0.9198 -0.1817
vn 0.3478 -0.9198 -0.1816
vn 0.4229 -0.8878 0.1816
vn 0.4229 -0.8878 0.1817
vn 0.4374 -0.7098 0.5521
vn 0.4375 -0.7098 0.5521
vn 0.4622 -0.6993 0.5453
vn 0.4866 -0.6888 0.5373
vn 0.4698 -0.8678 0.1620
vn 0.4697 -0.8678 0.1620
vn 0.3009 -0.9398 -0.1620
vn 0.4624 -0.8709 0.1664
vn 0.3083 -0.9366 -0.1664
vn 0.3084 -0.9366 -0.1664
vn 0.6018 -0.6397 0.4781
vn 0.4770 -0.8647 0.1573
vn 0.2937 -0.9429 -0.1573
vn 0.0449 -0.8772 -0.4781
vn 0.0668 -0.8678 -0.4923
vn 0.0668 -0.8682 -0.4918
vn 0.0893 -0.8582 -0.5054
vn 0.0894 -0.8582 -0.5054
vn 0.1124 -0.8484 -0.5173
vn 0.3161 -0.9333 -0.1705
vn 0.3161 -0.9334 -0.1700
vn 0.4548 -0.8742 0.1702
vn 0.5343 -0.6685 0.5173
vn 0.5574 -0.6587 0.5054
vn 0.5799 -0.6491 0.4923
vn 0.4972 -0.8561 0.1410
vn 0.2735 -0.9515 -0.1410
vn 0.4907 -0.8588 0.1469
vn 0.4907 -0.8589 0.1468
vn 0.2800 -0.9487 -0.1468
vn 0.6823 -0.6054 0.4098
vn 0.5035 -0.8534 0.1349
vn 0.2674 -0.9541 -0.1349
vn 0.2671 -0.9542 -0.1349
vn -0.0355 -0.9115 -0.4098
vn -0.0166 -0.9034 -0.4285
vn 0.0031 -0.8950 -0.4461
vn 0.0237 -0.8863 -0.4626
vn 0.0237 -0.8862 -0.4627
vn 0.2867 -0.9458 -0.1525
vn 0.2867 -0.9458 -0.1523
vn 0.4841 -0.8617 0.1523
vn 0.4841 -0.8616 0.1523
vn 0.6231 -0.6307 0.4626
vn 0.6436 -0.6219 0.4461
vn 0.6634 -0.6135 0.4285
vn 0.5204 -0.8462 0.1146
vn 0.2503 -0.9614 -0.1145
vn 0.5150 -0.8485 0.1217
vn 0.5151 -0.8485 0.1216
vn 0.2556 -0.9591 -0.1216
vn 0.7489 -0.5772 0.3257
vn 0.7492 -0.5767 0.3257
vn 0.5254 -0.8441 0.1072
vn 0.2453 -0.9635 -0.1072
vn -0.1022 -0.9399 -0.3258
vn -0.0869 -0.9334 -0.3481
vn -0.0708 -0.9265 -0.3696
vn -0.0536 -0.9192 -0.3902
vn 0.2613 -0.9567 -0.1284
vn 0.5094 -0.8509 0.1284
vn 0.5090 -0.8511 0.1287
vn 0.7004 -0.5977 0.3901
vn 0.7175 -0.5904 0.3695
vn 0.7175 -0.5904 0.3696
vn 0.7337 -0.5835 0.3482
vn 0.7337 -0.5835 0.3481
vn 0.5384 -0.8385 0.0837
vn 0.2323 -0.9690 -0.0837
vn 0.5344 -0.8402 0.0918
vn 0.2363 -0.9673 -0.0918
vn 0.7992 -0.5556 0.2293
vn 0.5420 -0.8370 0.0755
vn 0.2287 -0.9706 -0.0755
vn -0.1525 -0.9613 -0.2293
vn -0.1415 -0.9567 -0.2544
vn -0.1295 -0.9515 -0.2789
vn -0.1164 -0.9460 -0.3027
vn -0.1164 -0.9459 -0.3027
vn 0.2406 -0.9655 -0.0996
vn 0.5301 -0.8421 0.0996
vn 0.7631 -0.5709 0.3027
vn 0.7632 -0.5709 0.3027
vn 0.7762 -0.5654 0.2789
vn 0.7763 -0.5654 0.2789
vn 0.7883 -0.5602 0.2544
vn 0.5502 -0.8335 0.0497
vn 0.5504 -0.8334 0.0497
vn 0.2203 -0.9742 -0.0498
vn 0.2203 -0.9742 -0.0497
vn 0.5481 -0.8344 0.0584
vn 0.5479 -0.8345 0.0584
vn 0.2227 -0.9731 -0.0584
vn 0.8312 -0.5419 0.1240
vn 0.5525 -0.8325 0.0408
vn 0.2182 -0.9750 -0.0408
vn -0.1845 -0.9750 -0.1240
vn -0.1783 -0.9723 -0.1509
vn -0.1708 -0.9692 -0.1775
vn -0.1622 -0.9655 -0.2036
vn 0.2255 -0.9719 -0.0670
vn 0.5452 -0.8357 0.0670
vn 0.5452 -0.8356 0.0670
vn 0.8090 -0.5514 0.2036
vn 0.8178 -0.5473 0.1776
vn 0.8177 -0.5476 0.1775
vn 0.8250 -0.5446 0.1509
vn 0.5562 -0.8309 0.0137
vn 0.2145 -0.9766 -0.0137
vn 0.5554 -0.8313 0.0227
vn 0.5554 -0.8313 0.0228
vn 0.2153 -0.9763 -0.0228
vn 0.8437 -0.5366 0.0139
vn 0.8437 -0.5367 0.0140
vn 0.5566 -0.8308 0.0046
vn 0.2139 -0.9769 -0.0045
vn 0.2141 -0.9768 -0.0046
vn -0.1970 -0.9803 -0.0139
vn -0.1957 -0.9798 -0.0416
vn -0.1932 -0.9787 -0.0693
vn -0.1895 -0.9771 -0.0967
vn 0.2166 -0.9757 -0.0318
vn 0.5541 -0.8318 0.0318
vn 0.8362 -0.5398 0.0967
vn 0.8400 -0.5382 0.0692
vn 0.8425 -0.5371 0.0416
vn 0.5553 -0.8314 -0.0228
vn 0.5554 -0.8313 -0.0226
vn 0.2153 -0.9763 0.0228
vn 0.5563 -0.8309 -0.0137
vn 0.5562 -0.8309 -0.0137
vn 0.2145 -0.9766 0.0137
vn 0.8362 -0.5398 -0.0967
vn 0.5541 -0.8318 -0.0318
vn 0.2166 -0.9757 0.0318
vn -0.1895 -0.9771 0.0967
vn -0.1932 -0.9787 0.0692
vn -0.1957 -0.9798 0.0417
vn -0.1970 -0.9803 0.0139
vn 0.2140 -0.9768 0.0046
vn 0.5566 -0.8308 -0.0046
vn 0.8437 -0.5366 -0.0139
vn 0.8436 -0.5367 -0.0139
vn 0.8425 -0.5371 -0.0416
vn 0.8400 -0.5382 -0.0692
vn 0.5480 -0.8344 -0.0584
vn 0.2227 -0.9731 0.0584
vn 0.5504 -0.8334 -0.0497
vn 0.2203 -0.9742 0.0499
vn 0.2203 -0.9742 0.0497
vn 0.8090 -0.5514 -0.2036
vn 0.8089 -0.5516 -0.2036
vn 0.5452 -0.8356 -0.0670
vn 0.2255 -0.9719 0.0670
vn -0.1622 -0.9655 0.2036
vn -0.1709 -0.9692 0.1775
vn -0.1708 -0.9692 0.1775
vn -0.1781 -0.9724 0.1507
vn -0.1783 -0.9723 0.1509
vn -0.1845 -0.9750 0.1240
vn 0.2182 -0.9750 0.0408
vn 0.5525 -0.8325 -0.0408
vn 0.8312 -0.5419 -0.1240
vn 0.8250 -0.5446 -0.1509
vn 0.8250 -0.5446 -0.1510
vn 0.8176 -0.5477 -0.1775
vn 0.5344 -0.8402 -0.0918
vn 0.2363 -0.9673 0.0918
vn 0.5384 -0.8386 -0.0835
vn 0.5384 -0.8385 -0.0837
vn 0.2323 -0.9690 0.0837
vn 0.7631 -0.5710 -0.3027
vn 0.5300 -0.8421 -0.0996
vn 0.5301 -0.8421 -0.0996
vn 0.2406 -0.9655 0.0996
vn -0.1164 -0.9460 0.3027
vn -0.1164 -0.9459 0.3027
vn -0.1295 -0.9516 0.2789
vn -0.1295 -0.9515 0.2789
vn -0.1415 -0.9567 0.2544
vn -0.1525 -0.9613 0.2293
vn 0.2287 -0.9706 0.0755
vn 0.5420 -0.8370 -0.0755
vn 0.7992 -0.5556 -0.2293
vn 0.7883 -0.5602 -0.2544
vn 0.7763 -0.5654 -0.2789
vn 0.5151 -0.8485 -0.1216
vn 0.2556 -0.9591 0.1216
vn 0.5204 -0.8462 -0.1145
vn 0.5204 -0.8462 -0.1146
vn 0.2503 -0.9614 0.1146
vn 0.7004 -0.5977 -0.3900
vn 0.7004 -0.5977 -0.3901
vn 0.5094 -0.8509 -0.1284
vn 0.2613 -0.9567 0.1284
vn -0.0536 -0.9192 0.3901
vn -0.0536 -0.9192 0.3902
vn -0.0708 -0.9265 0.3696
vn -0.0869 -0.9334 0.3481
vn -0.1022 -0.9399 0.3258
vn 0.2453 -0.9635 0.1072
vn 0.5254 -0.8441 -0.1072
vn 0.7489 -0.5770 -0.3258
vn 0.7337 -0.5835 -0.3481
vn 0.7176 -0.5904 -0.3694
vn 0.7177 -0.5904 -0.3694
vn 0.4907 -0.8589 -0.1468
vn 0.2800 -0.9487 0.1468
vn 0.4972 -0.8561 -0.1410
vn 0.2735 -0.9515 0.1410
vn 0.6231 -0.6307 -0.4626
vn 0.6231 -0.6307 -0.4625
vn 0.4840 -0.8617 -0.1523
vn 0.2867 -0.9458 0.1522
vn 0.2867 -0.9459 0.1522
vn 0.0237 -0.8863 0.4626
vn 0.0237 -0.8862 0.4626
vn 0.0031 -0.8950 0.4461
vn -0.0166 -0.9034 0.4285
vn -0.0355 -0.9115 0.4098
vn 0.2671 -0.9542 0.1349
vn 0.2672 -0.9541 0.1349
vn 0.5035 -0.8534 -0.1349
vn 0.6823 -0.6054 -0.4098
vn 0.6634 -0.6135 -0.4285
vn 0.6436 -0.6219 -0.4461
vn 0.4624 -0.8709 -0.1664
vn 0.4624 -0.8709 -0.1663
vn 0.3083 -0.9366 0.1663
vn 0.4698 -0.8678 -0.1620
vn 0.4697 -0.8679 -0.1619
vn 0.3009 -0.9398 0.1620
vn 0.5343 -0.6685 -0.5173
vn 0.4548 -0.8742 -0.1701
vn 0.4548 -0.8742 -0.1702
vn 0.3159 -0.9334 0.1705
vn 0.3161 -0.9334 0.1700
vn 0.1124 -0.8484 0.5173
vn 0.0893 -0.8582 0.5054
vn 0.0893 -0.8583 0.5054
vn 0.0668 -0.8678 0.4923
vn 0.0668 -0.8678 0.4924
vn 0.0449 -0.8772 0.4781
vn 0.2937 -0.9429 0.1574
vn 0.2937 -0.9429 0.1573
vn 0.4770 -0.8647 -0.1573
vn 0.6018 -0.6397 -0.4781
vn 0.5799 -0.6491 -0.4923
vn 0.5574 -0.6587 -0.5054
vn 0.4311 -0.8843 -0.1796
vn 0.4310 -0.8843 -0.1795
vn 0.3397 -0.9233 0.1795
vn 0.3398 -0.9232 0.1796
vn 0.4391 -0.8809 -0.1768
vn 0.3316 -0.9267 0.1768
vn 0.4374 -0.7098 -0.5521
vn 0.4229 -0.8878 -0.1817
vn 0.4229 -0.8878 -0.1818
vn 0.3476 -0.9198 0.1819
vn 0.3478 -0.9198 0.1817
vn 0.2093 -0.8071 0.5521
vn 0.1845 -0.8177 0.5453
vn 0.1601 -0.8280 0.5374
vn 0.1601 -0.8281 0.5373
vn 0.1361 -0.8383 0.5279
vn 0.1361 -0.8383 0.5280
vn 0.3237 -0.9301 0.1737
vn 0.4470 -0.8775 -0.1737
vn 0.4470 -0.8775 -0.1738
vn 0.5107 -0.6786 -0.5279
vn 0.4866 -0.6888 -0.5373
vn 0.4867 -0.6888 -0.5373
vn 0.4622 -0.6993 -0.5453
vn 0.4622 -0.6993 -0.5454
vn 0.3980 -0.8984 -0.1857
vn 0.3727 -0.9092 0.1857
vn 0.4063 -0.8949 -0.1848
vn 0.4063 -0.8948 -0.1848
vn 0.3644 -0.9127 0.1848
vn 0.3361 -0.7530 -0.5657
vn 0.3896 -0.9020 -0.1862
vn 0.3811 -0.9056 0.1862
vn 0.3106 -0.7639 0.5657
vn 0.2849 -0.7748 0.5644
vn 0.2851 -0.7748 0.5643
vn 0.2597 -0.7856 0.5616
vn 0.2344 -0.7964 0.5575
vn 0.3561 -0.9163 0.1835
vn 0.4146 -0.8913 -0.1835
vn 0.4122 -0.7206 -0.5576
vn 0.4125 -0.7205 -0.5574
vn 0.4125 -0.7205 -0.5575
vn 0.3871 -0.7313 -0.5616
vn 0.3617 -0.7421 -0.5643
vn 0.4063 -0.8948 0.1848
vn 0.3559 -0.9163 -0.1835
vn 0.4123 -0.7205 0.5575
vn 0.3872 -0.7313 0.5615
vn 0.3894 -0.9020 0.1864
vn 0.3811 -0.9056 -0.1861
vn 0.3396 -0.9233 -0.1795
vn 0.4310 -0.8843 0.1794
vn 0.1361 -0.8383 -0.5280
vn 0.3237 -0.9301 -0.1738
vn 0.3237 -0.9301 -0.1736
vn 0.4470 -0.8775 0.1737
vn 0.4866 -0.6889 0.5373
vn 0.3479 -0.9197 -0.1817
vn 0.1845 -0.8176 -0.5454
vn 0.3083 -0.9366 -0.1663
vn 0.4624 -0.8709 0.1662
vn 0.4624 -0.8709 0.1663
vn 0.0448 -0.8771 -0.4781
vn 0.5799 -0.6491 0.4924
vn 0.5799 -0.6490 0.4924
vn 0.3159 -0.9334 -0.1702
vn 0.0668 -0.8679 -0.4923
vn 0.2733 -0.9515 -0.1411
vn 0.2736 -0.9515 -0.1409
vn 0.4973 -0.8560 0.1410
vn 0.2669 -0.9542 -0.1351
vn 0.2672 -0.9541 -0.1351
vn 0.5032 -0.8536 0.1349
vn 0.6825 -0.6054 0.4095
vn 0.6632 -0.6136 0.4286
vn 0.6633 -0.6135 0.4285
vn 0.6436 -0.6220 0.4460
vn 0.4840 -0.8617 0.1523
vn 0.2867 -0.9458 -0.1522
vn 0.2867 -0.9459 -0.1522
vn 0.0237 -0.8862 -0.4626
vn 0.0032 -0.8950 -0.4461
vn 0.0030 -0.8950 -0.4461
vn 0.2500 -0.9613 -0.1154
vn 0.2503 -0.9614 -0.1147
vn 0.2453 -0.9635 -0.1071
vn 0.5254 -0.8441 0.1070
vn 0.7489 -0.5770 0.3258
vn 0.7338 -0.5835 0.3480
vn -0.0536 -0.9192 -0.3901
vn -0.0535 -0.9191 -0.3903
vn -0.0708 -0.9265 -0.3695
vn 0.5344 -0.8402 0.0920
vn 0.2287 -0.9706 -0.0756
vn 0.7631 -0.5710 0.3027
vn 0.7632 -0.5708 0.3027
vn -0.1295 -0.9516 -0.2789
vn 0.2203 -0.9742 -0.0496
vn 0.5503 -0.8335 0.0498
vn 0.2227 -0.9731 -0.0583
vn 0.5480 -0.8344 0.0584
vn 0.5482 -0.8343 0.0585
vn -0.1845 -0.9750 -0.1238
vn 0.2182 -0.9751 -0.0408
vn 0.8315 -0.5415 0.1240
vn 0.8176 -0.5477 0.1775
vn 0.5456 -0.8354 0.0666
vn -0.1623 -0.9655 -0.2036
vn -0.1709 -0.9692 -0.1775
vn 0.2155 -0.9762 -0.0229
vn 0.2139 -0.9768 -0.0047
vn 0.2142 -0.9768 -0.0045
vn 0.8436 -0.5367 0.0139
vn 0.8360 -0.5402 0.0966
vn 0.5543 -0.8317 0.0320
vn 0.2165 -0.9758 -0.0318
vn -0.1932 -0.9787 -0.0692
vn -0.1957 -0.9798 -0.0417
vn 0.5554 -0.8313 -0.0228
vn 0.2150 -0.9765 0.0135
vn 0.5562 -0.8309 -0.0138
vn 0.5543 -0.8317 -0.0320
vn 0.8361 -0.5400 -0.0967
vn 0.2146 -0.9767 0.0042
vn -0.1931 -0.9787 0.0692
vn 0.5482 -0.8343 -0.0585
vn 0.5502 -0.8335 -0.0497
vn -0.1623 -0.9655 0.2036
vn 0.5456 -0.8354 -0.0666
vn 0.8250 -0.5446 -0.1508
vn 0.8252 -0.5444 -0.1507
vn 0.8312 -0.5420 -0.1239
vn 0.8314 -0.5415 -0.1244
vn -0.1707 -0.9692 0.1775
vn 0.2363 -0.9673 0.0917
vn 0.7632 -0.5710 -0.3027
vn 0.7762 -0.5654 -0.2789
vn 0.7881 -0.5604 -0.2545
vn 0.7990 -0.5557 -0.2297
vn 0.2503 -0.9613 0.1147
vn 0.5204 -0.8462 -0.1144
vn -0.0540 -0.9194 0.3897
vn 0.2613 -0.9566 0.1286
vn 0.7004 -0.5978 -0.3901
vn 0.7175 -0.5904 -0.3696
vn 0.7337 -0.5835 -0.3482
vn 0.5254 -0.8441 -0.1070
vn 0.5253 -0.8441 -0.1071
vn 0.4968 -0.8563 -0.1411
vn 0.2867 -0.9458 0.1523
vn 0.4840 -0.8617 -0.1524
vn 0.6633 -0.6135 -0.4285
vn 0.4624 -0.8710 -0.1663
vn 0.3009 -0.9398 0.1621
vn 0.3159 -0.9334 0.1702
vn 0.5343 -0.6685 -0.5174
vn 0.5573 -0.6589 -0.5053
vn 0.5799 -0.6491 -0.4924
vn 0.0449 -0.8772 0.4780
vn 0.0449 -0.8771 0.4781
vn 0.0666 -0.8679 0.4922
vn 0.0893 -0.8582 0.5055
vn 0.0890 -0.8583 0.5053
vn 0.3396 -0.9233 0.1795
vn 0.3319 -0.9267 0.1766
vn 0.4393 -0.8807 -0.1772
vn 0.2094 -0.8071 0.5521
vn 0.3484 -0.9195 0.1818
vn 0.3478 -0.9197 0.1821
vn 0.4375 -0.7098 -0.5521
vn 0.4866 -0.6889 -0.5373
vn 0.3235 -0.9302 0.1734
vn 0.3644 -0.9127 0.1849
vn 0.3106 -0.7639 0.5656
vn 0.3362 -0.7530 -0.5657
vn 0.3870 -0.7313 -0.5616
vn 0.4120 -0.7207 -0.5576
vn 0.4123 -0.7205 -0.5575
vn 0.3562 -0.9162 0.1835
vn -0.3316 0.9267 0.1768
vn -0.3398 0.9232 0.1797
vn -0.3397 0.9232 0.1796
vn -0.4391 0.8808 -0.1770
vn -0.4393 0.8807 -0.1772
vn -0.4310 0.8843 -0.1795
vn -0.4309 0.8843 -0.1797
vn -0.1361 0.8383 0.5279
vn -0.1601 0.8281 0.5373
vn -0.1845 0.8177 0.5453
vn -0.2093 0.8071 0.5521
vn -0.3478 0.9198 0.1817
vn -0.4229 0.8878 -0.1817
vn -0.4375 0.7098 -0.5521
vn -0.4374 0.7098 -0.5521
vn -0.4622 0.6993 -0.5453
vn -0.4866 0.6888 -0.5373
vn -0.4866 0.6888 -0.5374
vn -0.5107 0.6786 -0.5279
vn -0.4470 0.8775 -0.1738
vn -0.4466 0.8776 -0.1743
vn -0.3237 0.9301 0.1737
vn -0.3237 0.9300 0.1739
vn -0.3009 0.9398 0.1620
vn -0.3009 0.9398 0.1619
vn -0.3083 0.9366 0.1665
vn -0.3083 0.9366 0.1664
vn -0.4698 0.8678 -0.1620
vn -0.4624 0.8709 -0.1664
vn -0.4624 0.8709 -0.1663
vn -0.0449 0.8772 0.4781
vn -0.0450 0.8771 0.4782
vn -0.0668 0.8678 0.4923
vn -0.0668 0.8679 0.4923
vn -0.0890 0.8583 0.5053
vn -0.0893 0.8582 0.5055
vn -0.1124 0.8484 0.5173
vn -0.1124 0.8484 0.5174
vn -0.3159 0.9334 0.1702
vn -0.3159 0.9334 0.1704
vn -0.4548 0.8742 -0.1700
vn -0.4548 0.8742 -0.1702
vn -0.5342 0.6685 -0.5174
vn -0.5343 0.6685 -0.5173
vn -0.5574 0.6587 -0.5054
vn -0.5799 0.6491 -0.4923
vn -0.5801 0.6491 -0.4921
vn -0.6018 0.6397 -0.4781
vn -0.4770 0.8647 -0.1573
vn -0.2937 0.9429 0.1573
vn -0.2735 0.9515 0.1410
vn -0.2800 0.9487 0.1468
vn -0.4972 0.8561 -0.1410
vn -0.4906 0.8589 -0.1468
vn -0.4907 0.8589 -0.1468
vn 0.0354 0.9115 0.4098
vn 0.0355 0.9115 0.4097
vn 0.0166 0.9034 0.4285
vn -0.0031 0.8950 0.4461
vn -0.0237 0.8862 0.4626
vn -0.2867 0.9459 0.1522
vn -0.2867 0.9458 0.1522
vn -0.4840 0.8618 -0.1521
vn -0.4840 0.8617 -0.1522
vn -0.6231 0.6307 -0.4626
vn -0.6436 0.6219 -0.4460
vn -0.6633 0.6135 -0.4285
vn -0.6823 0.6054 -0.4097
vn -0.6823 0.6054 -0.4098
vn -0.5035 0.8534 -0.1349
vn -0.2672 0.9541 0.1349
vn -0.2503 0.9614 0.1146
vn -0.2503 0.9614 0.1145
vn -0.2556 0.9591 0.1216
vn -0.5204 0.8462 -0.1146
vn -0.5204 0.8462 -0.1145
vn -0.5151 0.8485 -0.1216
vn 0.1021 0.9399 0.3259
vn 0.0869 0.9334 0.3481
vn 0.0708 0.9265 0.3697
vn 0.0708 0.9265 0.3696
vn 0.0537 0.9192 0.3901
vn 0.0536 0.9193 0.3899
vn -0.2613 0.9567 0.1284
vn -0.5094 0.8509 -0.1284
vn -0.7004 0.5977 -0.3902
vn -0.7175 0.5904 -0.3696
vn -0.7337 0.5835 -0.3481
vn -0.7490 0.5770 -0.3258
vn -0.7489 0.5770 -0.3258
vn -0.5252 0.8443 -0.1069
vn -0.5254 0.8441 -0.1072
vn -0.2453 0.9635 0.1072
vn -0.2323 0.9690 0.0837
vn -0.2364 0.9673 0.0918
vn -0.2363 0.9673 0.0918
vn -0.5384 0.8385 -0.0838
vn -0.5344 0.8402 -0.0918
vn 0.1526 0.9613 0.2293
vn 0.1525 0.9613 0.2293
vn 0.1415 0.9567 0.2544
vn 0.1295 0.9515 0.2789
vn 0.1295 0.9516 0.2788
vn 0.1164 0.9460 0.3027
vn -0.2406 0.9655 0.0996
vn -0.5301 0.8421 -0.0996
vn -0.7631 0.5710 -0.3027
vn -0.7630 0.5711 -0.3027
vn -0.7763 0.5653 -0.2789
vn -0.7883 0.5602 -0.2544
vn -0.7992 0.5556 -0.2293
vn -0.5420 0.8370 -0.0755
vn -0.2287 0.9706 0.0755
vn -0.2203 0.9742 0.0497
vn -0.2227 0.9731 0.0584
vn -0.2227 0.9731 0.0583
vn -0.5505 0.8333 -0.0497
vn -0.5505 0.8333 -0.0496
vn -0.5505 0.8334 -0.0497
vn -0.5482 0.8343 -0.0585
vn -0.5480 0.8344 -0.0584
vn 0.1845 0.9750 0.1240
vn 0.1783 0.9723 0.1509
vn 0.1709 0.9692 0.1775
vn 0.1623 0.9655 0.2036
vn -0.2255 0.9719 0.0670
vn -0.5453 0.8356 -0.0668
vn -0.5452 0.8356 -0.0670
vn -0.8090 0.5514 -0.2036
vn -0.8176 0.5477 -0.1775
vn -0.8250 0.5446 -0.1509
vn -0.8313 0.5419 -0.1240
vn -0.8312 0.5419 -0.1240
vn -0.5525 0.8325 -0.0408
vn -0.2182 0.9751 0.0408
vn -0.2145 0.9766 0.0137
vn -0.2150 0.9765 0.0139
vn -0.2153 0.9763 0.0228
vn -0.5562 0.8309 -0.0137
vn -0.5554 0.8313 -0.0228
vn 0.1970 0.9803 0.0139
vn 0.1957 0.9798 0.0417
vn 0.1958 0.9798 0.0417
vn 0.1932 0.9787 0.0692
vn 0.1895 0.9771 0.0967
vn -0.2166 0.9757 0.0318
vn -0.5541 0.8318 -0.0318
vn -0.8362 0.5398 -0.0967
vn -0.8364 0.5395 -0.0967
vn -0.8400 0.5382 -0.0692
vn -0.8425 0.5371 -0.0416
vn -0.8437 0.5367 -0.0139
vn -0.8437 0.5366 -0.0139
vn -0.5566 0.8308 -0.0046
vn -0.2140 0.9768 0.0046
vn -0.2141 0.9768 0.0047
vn -0.2153 0.9763 -0.0228
vn -0.2147 0.9766 -0.0137
vn -0.2145 0.9766 -0.0137
vn -0.5554 0.8313 0.0228
vn -0.5554 0.8313 0.0226
vn -0.5562 0.8309 0.0137
vn 0.1895 0.9771 -0.0967
vn 0.1932 0.9787 -0.0692
vn 0.1932 0.9787 -0.0691
vn 0.1958 0.9798 -0.0417
vn 0.1957 0.9798 -0.0417
vn 0.1970 0.9803 -0.0139
vn -0.2141 0.9768 -0.0046
vn -0.2143 0.9768 -0.0045
vn -0.5566 0.8308 0.0046
vn -0.8436 0.5367 0.0139
vn -0.8437 0.5366 0.0139
vn -0.8425 0.5371 0.0416
vn -0.8400 0.5382 0.0693
vn -0.8362 0.5398 0.0967
vn -0.8362 0.5398 0.0965
vn -0.5541 0.8318 0.0318
vn -0.2164 0.9758 -0.0318
vn -0.2166 0.9757 -0.0318
vn -0.2227 0.9731 -0.0584
vn -0.2203 0.9742 -0.0497
vn -0.5484 0.8341 0.0584
vn -0.5482 0.8343 0.0585
vn -0.5504 0.8334 0.0497
vn 0.1623 0.9655 -0.2036
vn 0.1709 0.9692 -0.1775
vn 0.1783 0.9723 -0.1509
vn 0.1845 0.9750 -0.1242
vn 0.1845 0.9750 -0.1240
vn -0.2182 0.9751 -0.0409
vn -0.2182 0.9750 -0.0408
vn -0.5525 0.8325 0.0408
vn -0.8312 0.5419 0.1240
vn -0.8312 0.5419 0.1242
vn -0.8250 0.5446 0.1508
vn -0.8176 0.5477 0.1775
vn -0.8176 0.5478 0.1775
vn -0.8090 0.5514 0.2036
vn -0.5452 0.8356 0.0670
vn -0.2255 0.9719 -0.0670
vn -0.2363 0.9673 -0.0918
vn -0.2323 0.9690 -0.0837
vn -0.5344 0.8402 0.0918
vn -0.5384 0.8385 0.0838
vn -0.5384 0.8385 0.0837
vn 0.1164 0.9460 -0.3027
vn 0.1164 0.9459 -0.3027
vn 0.1295 0.9516 -0.2789
vn 0.1295 0.9515 -0.2789
vn 0.1415 0.9567 -0.2544
vn 0.1525 0.9613 -0.2293
vn 0.1527 0.9613 -0.2292
vn -0.2287 0.9706 -0.0755
vn -0.5420 0.8370 0.0756
vn -0.5420 0.8370 0.0755
vn -0.7992 0.5556 0.2293
vn -0.7883 0.5602 0.2544
vn -0.7762 0.5654 0.2789
vn -0.7631 0.5711 0.3027
vn -0.7630 0.5711 0.3027
vn -0.5301 0.8421 0.0996
vn -0.2406 0.9655 -0.0996
vn -0.2556 0.9591 -0.1216
vn -0.2503 0.9614 -0.1146
vn -0.5151 0.8485 0.1217
vn -0.5151 0.8485 0.1216
vn -0.5204 0.8462 0.1145
vn -0.5204 0.8462 0.1146
vn 0.0536 0.9192 -0.3902
vn 0.0536 0.9192 -0.3901
vn 0.0707 0.9265 -0.3696
vn 0.0869 0.9334 -0.3481
vn 0.1022 0.9399 -0.3259
vn -0.2453 0.9635 -0.1073
vn -0.2453 0.9635 -0.1072
vn -0.5252 0.8443 0.1069
vn -0.5254 0.8441 0.1072
vn -0.7489 0.5770 0.3258
vn -0.7337 0.5835 0.3481
vn -0.7338 0.5834 0.3481
vn -0.7175 0.5904 0.3696
vn -0.7176 0.5904 0.3694
vn -0.7004 0.5977 0.3902
vn -0.5094 0.8509 0.1284
vn -0.2613 0.9567 -0.1284
vn -0.2800 0.9487 -0.1468
vn -0.2735 0.9515 -0.1410
vn -0.4907 0.8589 0.1468
vn -0.4906 0.8589 0.1468
vn -0.4972 0.8561 0.1410
vn -0.0237 0.8862 -0.4627
vn -0.0237 0.8862 -0.4626
vn -0.0031 0.8950 -0.4461
vn 0.0166 0.9034 -0.4285
vn 0.0355 0.9115 -0.4098
vn -0.2672 0.9541 -0.1350
vn -0.2672 0.9542 -0.1347
vn -0.5035 0.8534 0.1349
vn -0.6823 0.6054 0.4098
vn -0.6633 0.6135 0.4285
vn -0.6436 0.6219 0.4461
vn -0.6231 0.6307 0.4626
vn -0.6231 0.6308 0.4624
vn -0.4840 0.8617 0.1522
vn -0.2867 0.9458 -0.1523
vn -0.2867 0.9458 -0.1524
vn -0.3084 0.9366 -0.1663
vn -0.3084 0.9366 -0.1665
vn -0.3009 0.9398 -0.1620
vn -0.3009 0.9398 -0.1619
vn -0.4624 0.8709 0.1663
vn -0.4624 0.8709 0.1664
vn -0.4698 0.8678 0.1620
vn -0.1124 0.8484 -0.5173
vn -0.1123 0.8484 -0.5173
vn -0.0893 0.8582 -0.5054
vn -0.0895 0.8582 -0.5055
vn -0.0668 0.8679 -0.4923
vn -0.0668 0.8678 -0.4923
vn -0.0449 0.8772 -0.4781
vn -0.2937 0.9429 -0.1573
vn -0.4770 0.8647 0.1573
vn -0.6018 0.6397 0.4782
vn -0.6018 0.6397 0.4781
vn -0.5799 0.6491 0.4924
vn -0.5799 0.6490 0.4924
vn -0.5574 0.6587 0.5054
vn -0.5342 0.6687 0.5173
vn -0.5343 0.6685 0.5174
vn -0.4548 0.8741 0.1705
vn -0.4548 0.8742 0.1703
vn -0.3159 0.9334 -0.1704
vn -0.3159 0.9334 -0.1702
vn -0.3396 0.9233 -0.1795
vn -0.3316 0.9267 -0.1766
vn -0.3316 0.9267 -0.1768
vn -0.4308 0.8844 0.1797
vn -0.4310 0.8843 0.1795
vn -0.4391 0.8809 0.1768
vn -0.4391 0.8809 0.1767
vn -0.2093 0.8071 -0.5521
vn -0.1844 0.8176 -0.5454
vn -0.1845 0.8176 -0.5454
vn -0.1601 0.8281 -0.5373
vn -0.1361 0.8383 -0.5279
vn -0.1362 0.8382 -0.5280
vn -0.3237 0.9301 -0.1737
vn -0.4470 0.8775 0.1737
vn -0.5107 0.6786 0.5279
vn -0.5107 0.6785 0.5280
vn -0.4866 0.6888 0.5373
vn -0.4866 0.6888 0.5374
vn -0.4622 0.6993 0.5453
vn -0.4375 0.7098 0.5521
vn -0.4229 0.8878 0.1817
vn -0.3478 0.9198 -0.1817
vn -0.3727 0.9092 -0.1857
vn -0.3644 0.9127 -0.1848
vn -0.3645 0.9127 -0.1848
vn -0.3980 0.8984 0.1857
vn -0.4063 0.8948 0.1848
vn -0.4063 0.8949 0.1848
vn -0.3106 0.7639 -0.5657
vn -0.2851 0.7748 -0.5643
vn -0.2597 0.7856 -0.5616
vn -0.2597 0.7856 -0.5615
vn -0.2344 0.7964 -0.5575
vn -0.3561 0.9163 -0.1835
vn -0.4146 0.8913 0.1835
vn -0.4123 0.7205 0.5575
vn -0.4124 0.7205 0.5575
vn -0.3871 0.7313 0.5616
vn -0.3617 0.7421 0.5643
vn -0.3362 0.7529 0.5657
vn -0.3363 0.7530 0.5656
vn -0.3896 0.9020 0.1861
vn -0.3898 0.9019 0.1863
vn -0.3811 0.9056 -0.1862
vn -0.4063 0.8949 -0.1848
vn -0.3980 0.8984 -0.1858
vn -0.4124 0.7205 -0.5575
vn -0.4123 0.7206 -0.5575
vn -0.3615 0.7422 -0.5643
vn -0.3897 0.9019 -0.1863
vn -0.3106 0.7638 0.5658
vn -0.2850 0.7748 0.5643
vn -0.4146 0.8913 -0.1836
vn -0.4391 0.8809 -0.1768
vn -0.3396 0.9233 0.1795
vn -0.3397 0.9232 0.1795
vn -0.4866 0.6889 -0.5373
vn -0.4622 0.6992 -0.5453
vn -0.4622 0.6992 -0.5454
vn -0.4374 0.7098 -0.5522
vn -0.1600 0.8281 0.5372
vn -0.3237 0.9301 0.1736
vn -0.3237 0.9301 0.1738
vn -0.4697 0.8679 -0.1619
vn -0.3083 0.9366 0.1663
vn -0.0893 0.8583 0.5054
vn -0.0893 0.8582 0.5054
vn -0.0668 0.8678 0.4924
vn -0.4770 0.8647 -0.1575
vn -0.4972 0.8561 -0.1411
vn -0.4907 0.8588 -0.1468
vn -0.2735 0.9515 0.1409
vn -0.6436 0.6219 -0.4461
vn -0.0033 0.8950 0.4460
vn -0.0030 0.8950 0.4460
vn 0.0355 0.9115 0.4098
vn -0.5035 0.8534 -0.1351
vn -0.5149 0.8486 -0.1216
vn 0.0536 0.9192 0.3901
vn 0.0535 0.9192 0.3901
vn 0.0869 0.9334 0.3482
vn 0.1022 0.9399 0.3259
vn -0.5384 0.8385 -0.0837
vn 0.1295 0.9516 0.2789
vn -0.5419 0.8370 -0.0755
vn -0.5419 0.8371 -0.0755
vn -0.5504 0.8334 -0.0497
vn -0.2255 0.9719 0.0672
vn 0.1622 0.9655 0.2036
vn 0.1708 0.9692 0.1775
vn 0.1782 0.9724 0.1509
vn -0.2182 0.9750 0.0408
vn -0.2182 0.9751 0.0407
vn -0.8436 0.5368 -0.0140
vn -0.8362 0.5398 -0.0965
vn -0.5543 0.8317 -0.0320
vn -0.2141 0.9768 0.0046
vn -0.2143 0.9767 -0.0137
vn -0.2145 0.9766 -0.0138
vn -0.8362 0.5399 0.0966
vn -0.8400 0.5382 0.0694
vn -0.8400 0.5382 0.0692
vn -0.8437 0.5367 0.0140
vn -0.2140 0.9768 -0.0046
vn 0.1957 0.9798 -0.0416
vn 0.1895 0.9771 -0.0968
vn -0.2167 0.9757 -0.0318
vn -0.2162 0.9758 -0.0316
vn -0.5480 0.8344 0.0584
vn -0.2226 0.9732 -0.0584
vn -0.2202 0.9742 -0.0497
vn -0.8250 0.5446 0.1509
vn -0.2181 0.9751 -0.0407
vn 0.1622 0.9655 -0.2036
vn 0.1622 0.9655 -0.2038
vn -0.5453 0.8356 0.0670
vn -0.5347 0.8401 0.0919
vn -0.5384 0.8386 0.0837
vn -0.7631 0.5710 0.3027
vn -0.7763 0.5653 0.2789
vn -0.7763 0.5654 0.2788
vn -0.5419 0.8370 0.0755
vn -0.2287 0.9706 -0.0754
vn 0.1415 0.9567 -0.2545
vn -0.2503 0.9614 -0.1144
vn -0.7004 0.5977 0.3901
vn 0.1022 0.9399 -0.3258
vn 0.0708 0.9265 -0.3696
vn -0.2613 0.9567 -0.1286
vn -0.4908 0.8588 0.1468
vn -0.2735 0.9515 -0.1411
vn -0.2735 0.9515 -0.1409
vn -0.6436 0.6219 0.4462
vn -0.6821 0.6055 0.4100
vn -0.2672 0.9542 -0.1349
vn -0.2672 0.9541 -0.1349
vn 0.0164 0.9034 -0.4285
vn -0.0237 0.8863 -0.4626
vn -0.2867 0.9459 -0.1522
vn -0.2867 0.9458 -0.1522
vn -0.4840 0.8617 0.1523
vn -0.3083 0.9366 -0.1663
vn -0.5343 0.6685 0.5173
vn -0.5799 0.6492 0.4921
vn -0.5799 0.6491 0.4923
vn -0.4772 0.8647 0.1569
vn -0.0449 0.8772 -0.4780
vn -0.0668 0.8679 -0.4921
vn -0.0668 0.8682 -0.4918
vn -0.0893 0.8583 -0.5054
vn -0.1124 0.8483 -0.5174
vn -0.3159 0.9334 -0.1703
vn -0.4311 0.8843 0.1795
vn -0.3397 0.9233 -0.1795
vn -0.3316 0.9267 -0.1767
vn -0.4374 0.7098 0.5521
vn -0.4470 0.8775 0.1738
vn -0.3237 0.9301 -0.1736
vn -0.1361 0.8383 -0.5280
vn -0.1845 0.8177 -0.5453
vn -0.3980 0.8984 0.1859
vn -0.3727 0.9092 -0.1856
vn -0.3362 0.7530 0.5657
vn -0.3561 0.9162 -0.1835
vn -0.2344 0.7963 -0.5576
vn 0.9362 0.2326 -0.2635
vn 0.9232 0.2271 -0.3099
vn 0.9233 0.2270 -0.3097
vn 0.8160 0.5144 -0.2636
vn 0.8160 0.5145 -0.2636
vn 0.8031 0.5090 -0.3099
vn 0.9746 -0.1166 -0.1910
vn 0.9746 -0.1166 -0.1911
vn 0.9651 -0.1207 -0.2326
vn 0.9536 -0.1255 -0.2735
vn 0.9404 -0.1312 -0.3138
vn 0.9082 0.2207 -0.3556
vn 0.7880 0.5026 -0.3556
vn 0.5564 0.7694 -0.3138
vn 0.5697 0.7750 -0.2735
vn 0.5811 0.7799 -0.2326
vn 0.5906 0.7840 -0.1909
vn 0.5906 0.7840 -0.1911
vn 0.8268 0.5192 -0.2166
vn 0.8268 0.5191 -0.2166
vn 0.9470 0.2372 -0.2166
vn -0.0068 -0.1695 0.9855
vn -0.0512 -0.1884 0.9808
vn -0.1270 0.1124 0.9855
vn -0.1270 0.1125 0.9855
vn -0.1713 0.0935 0.9808
vn 0.1723 -0.4587 0.8717
vn 0.1330 -0.4755 0.8696
vn 0.0938 -0.4921 0.8655
vn 0.0550 -0.5089 0.8591
vn 0.0549 -0.5087 0.8592
vn -0.0953 -0.2072 0.9736
vn -0.2156 0.0747 0.9736
vn -0.2155 0.0747 0.9736
vn -0.3291 0.3918 0.8592
vn -0.2902 0.4084 0.8654
vn -0.2510 0.4251 0.8696
vn -0.2117 0.4419 0.8717
vn -0.2122 0.4421 0.8715
vn -0.0824 0.1314 0.9879
vn 0.0377 -0.1505 0.9879
vn 0.8720 0.2053 0.4443
vn 0.8720 0.2053 0.4444
vn 0.8510 0.1963 0.4871
vn 0.7518 0.4871 0.4443
vn 0.7518 0.4872 0.4443
vn 0.7308 0.4782 0.4871
vn 0.9253 -0.1376 0.3534
vn 0.9085 -0.1448 0.3921
vn 0.8899 -0.1527 0.4298
vn 0.8697 -0.1613 0.4665
vn 0.8281 0.1865 0.5286
vn 0.7079 0.4684 0.5286
vn 0.4857 0.7393 0.4665
vn 0.5059 0.7479 0.4298
vn 0.5245 0.7558 0.3920
vn 0.5245 0.7558 0.3921
vn 0.5412 0.7631 0.3533
vn 0.5413 0.7630 0.3533
vn 0.7709 0.4953 0.4005
vn 0.8911 0.2134 0.4005
vn 0.8721 0.2052 -0.4443
vn 0.8721 0.2051 -0.4443
vn 0.8510 0.1963 -0.4871
vn 0.7519 0.4871 -0.4443
vn 0.7518 0.4872 -0.4443
vn 0.7308 0.4782 -0.4871
vn 0.9253 -0.1377 -0.3534
vn 0.9085 -0.1448 -0.3921
vn 0.8899 -0.1527 -0.4298
vn 0.8899 -0.1528 -0.4298
vn 0.8697 -0.1614 -0.4665
vn 0.8281 0.1865 -0.5286
vn 0.7079 0.4684 -0.5286
vn 0.4857 0.7392 -0.4665
vn 0.4857 0.7392 -0.4666
vn 0.5059 0.7479 -0.4298
vn 0.5245 0.7558 -0.3921
vn 0.5413 0.7629 -0.3534
vn 0.7709 0.4953 -0.4005
vn 0.8911 0.2134 -0.4005
vn -0.0068 -0.1695 -0.9855
vn -0.0512 -0.1884 -0.9808
vn -0.1270 0.1124 -0.9855
vn -0.1270 0.1123 -0.9855
vn -0.1714 0.0933 -0.9808
vn -0.1713 0.0935 -0.9808
vn 0.1723 -0.4587 -0.8717
vn 0.1330 -0.4755 -0.8696
vn 0.0937 -0.4921 -0.8655
vn 0.0938 -0.4921 -0.8654
vn 0.0549 -0.5088 -0.8591
vn 0.0549 -0.5086 -0.8592
vn -0.0953 -0.2072 -0.9736
vn -0.2155 0.0747 -0.9736
vn -0.3291 0.3918 -0.8592
vn -0.2902 0.4084 -0.8654
vn -0.2510 0.4251 -0.8696
vn -0.2117 0.4419 -0.8717
vn -0.2115 0.4421 -0.8717
vn -0.0824 0.1314 -0.9879
vn 0.0377 -0.1505 -0.9879
vn 0.9362 0.2326 0.2636
vn 0.9232 0.2271 0.3099
vn 0.8160 0.5144 0.2637
vn 0.8160 0.5145 0.2636
vn 0.8030 0.5090 0.3100
vn 0.9746 -0.1166 0.1911
vn 0.9651 -0.1207 0.2326
vn 0.9536 -0.1256 0.2735
vn 0.9404 -0.1312 0.3138
vn 0.9082 0.2207 0.3556
vn 0.7880 0.5026 0.3556
vn 0.5564 0.7694 0.3138
vn 0.5697 0.7750 0.2735
vn 0.5811 0.7799 0.2326
vn 0.5906 0.7840 0.1911
vn 0.8268 0.5191 0.2166
vn 0.9470 0.2372 0.2166
vn 0.9470 0.2372 0.2165
vn 0.7767 0.1646 -0.6080
vn 0.7484 0.1526 -0.6454
vn 0.6565 0.4465 -0.6080
vn 0.6282 0.4344 -0.6454
vn 0.6283 0.4344 -0.6454
vn 0.8478 -0.1707 -0.5021
vn 0.8243 -0.1807 -0.5365
vn 0.7994 -0.1913 -0.5695
vn 0.7729 -0.2026 -0.6013
vn 0.7730 -0.2026 -0.6012
vn 0.7184 0.1398 -0.6815
vn 0.7185 0.1398 -0.6814
vn 0.5983 0.4217 -0.6814
vn 0.3889 0.6980 -0.6013
vn 0.3888 0.6980 -0.6014
vn 0.4155 0.7094 -0.5694
vn 0.4154 0.7093 -0.5695
vn 0.4403 0.7199 -0.5365
vn 0.4638 0.7299 -0.5021
vn 0.4638 0.7299 -0.5022
vn 0.6831 0.4578 -0.5690
vn 0.8033 0.1759 -0.5690
vn -0.1824 -0.2443 -0.9524
vn -0.2250 -0.2625 -0.9383
vn -0.3026 0.0376 -0.9524
vn -0.3455 0.0194 -0.9382
vn -0.3452 0.0194 -0.9383
vn 0.0162 -0.5252 -0.8508
vn -0.0219 -0.5415 -0.8404
vn -0.0220 -0.5415 -0.8404
vn -0.0598 -0.5578 -0.8278
vn -0.0966 -0.5733 -0.8136
vn -0.0967 -0.5733 -0.8136
vn -0.2670 -0.2804 -0.9220
vn -0.3872 0.0015 -0.9220
vn -0.4807 0.3272 -0.8136
vn -0.4436 0.3429 -0.8280
vn -0.4436 0.3430 -0.8280
vn -0.4060 0.3591 -0.8404
vn -0.3678 0.3754 -0.8508
vn -0.2593 0.0560 -0.9642
vn -0.1391 -0.2259 -0.9642
vn 0.9667 0.2456 0.0727
vn 0.9667 0.2456 0.0725
vn 0.9623 0.2437 0.1209
vn 0.9623 0.2436 0.1209
vn 0.8465 0.5275 0.0727
vn 0.8467 0.5271 0.0727
vn 0.8421 0.5256 0.1209
vn 0.9939 -0.1084 0.0214
vn 0.9919 -0.1093 0.0642
vn 0.9919 -0.1092 0.0642
vn 0.9881 -0.1109 0.1067
vn 0.9823 -0.1133 0.1490
vn 0.9557 0.2409 0.1689
vn 0.8357 0.5226 0.1689
vn 0.8357 0.5227 0.1686
vn 0.5983 0.7873 0.1490
vn 0.6041 0.7897 0.1067
vn 0.6079 0.7914 0.0642
vn 0.6080 0.7914 0.0642
vn 0.6099 0.7922 0.0214
vn 0.8486 0.5284 0.0243
vn 0.9688 0.2465 0.0243
vn 0.6538 0.1121 -0.7483
vn 0.6538 0.1122 -0.7483
vn 0.6194 0.0975 -0.7790
vn 0.5336 0.3941 -0.7483
vn 0.5336 0.3940 -0.7484
vn 0.4992 0.3794 -0.7790
vn 0.7451 -0.2145 -0.6316
vn 0.7159 -0.2268 -0.6604
vn 0.7159 -0.2269 -0.6603
vn 0.6855 -0.2397 -0.6875
vn 0.6855 -0.2399 -0.6874
vn 0.6539 -0.2534 -0.7129
vn 0.5836 0.0822 -0.8079
vn 0.5835 0.0822 -0.8079
vn 0.4634 0.3641 -0.8079
vn 0.2699 0.6472 -0.7129
vn 0.3015 0.6607 -0.6874
vn 0.3319 0.6737 -0.6603
vn 0.3611 0.6861 -0.6316
vn 0.5667 0.4082 -0.7157
vn 0.6869 0.1263 -0.7157
vn -0.3486 -0.3152 -0.8827
vn -0.3879 -0.3320 -0.8598
vn -0.4688 -0.0333 -0.8827
vn -0.4687 -0.0334 -0.8827
vn -0.5081 -0.0501 -0.8598
vn -0.1331 -0.5889 -0.7972
vn -0.1687 -0.6041 -0.7789
vn -0.2035 -0.6189 -0.7587
vn -0.2034 -0.6189 -0.7587
vn -0.2371 -0.6333 -0.7367
vn -0.4262 -0.3483 -0.8349
vn -0.5464 -0.0664 -0.8349
vn -0.6211 0.2673 -0.7367
vn -0.6211 0.2673 -0.7368
vn -0.5873 0.2817 -0.7587
vn -0.5874 0.2817 -0.7587
vn -0.5527 0.2965 -0.7789
vn -0.5171 0.3117 -0.7972
vn -0.4285 -0.0161 -0.9034
vn -0.3083 -0.2980 -0.9034
vn 0.9623 0.2437 -0.1209
vn 0.9667 0.2455 -0.0725
vn 0.9666 0.2456 -0.0727
vn 0.8421 0.5256 -0.1209
vn 0.8465 0.5275 -0.0727
vn 0.8464 0.5275 -0.0727
vn 0.9823 -0.1133 -0.1490
vn 0.9823 -0.1132 -0.1489
vn 0.9881 -0.1109 -0.1067
vn 0.9919 -0.1092 -0.0642
vn 0.9939 -0.1084 -0.0214
vn 0.9688 0.2465 -0.0243
vn 0.8486 0.5284 -0.0243
vn 0.8487 0.5284 -0.0243
vn 0.6099 0.7922 -0.0214
vn 0.6079 0.7914 -0.0642
vn 0.6080 0.7914 -0.0642
vn 0.6041 0.7897 -0.1067
vn 0.5983 0.7873 -0.1490
vn 0.8356 0.5228 -0.1689
vn 0.9557 0.2409 -0.1689
vn 0.5081 0.0501 -0.8598
vn 0.4688 0.0333 -0.8827
vn 0.3879 0.3320 -0.8598
vn 0.3488 0.3152 -0.8826
vn 0.3486 0.3152 -0.8827
vn 0.6211 -0.2673 -0.7367
vn 0.5874 -0.2817 -0.7586
vn 0.5873 -0.2817 -0.7587
vn 0.5527 -0.2965 -0.7789
vn 0.5171 -0.3117 -0.7972
vn 0.4285 0.0161 -0.9034
vn 0.3083 0.2980 -0.9034
vn 0.1331 0.5889 -0.7972
vn 0.1687 0.6040 -0.7789
vn 0.1687 0.6041 -0.7789
vn 0.2033 0.6189 -0.7587
vn 0.2371 0.6333 -0.7367
vn 0.2366 0.6334 -0.7368
vn 0.4262 0.3483 -0.8349
vn 0.5464 0.0664 -0.8349
vn -0.4992 -0.3794 -0.7790
vn -0.5336 -0.3941 -0.7483
vn -0.6194 -0.0975 -0.7790
vn -0.6192 -0.0974 -0.7791
vn -0.6538 -0.1123 -0.7483
vn -0.6538 -0.1122 -0.7483
vn -0.2699 -0.6472 -0.7130
vn -0.2699 -0.6472 -0.7129
vn -0.3015 -0.6607 -0.6874
vn -0.3319 -0.6737 -0.6603
vn -0.3611 -0.6861 -0.6316
vn -0.5667 -0.4082 -0.7157
vn -0.6869 -0.1263 -0.7157
vn -0.7451 0.2145 -0.6316
vn -0.7452 0.2145 -0.6314
vn -0.7155 0.2271 -0.6607
vn -0.7159 0.2270 -0.6603
vn -0.6855 0.2399 -0.6874
vn -0.6539 0.2534 -0.7129
vn -0.5833 -0.0820 -0.8081
vn -0.5835 -0.0822 -0.8079
vn -0.4634 -0.3641 -0.8079
vn 0.9233 0.2271 -0.3099
vn 0.9362 0.2326 -0.2636
vn 0.8030 0.5090 -0.3099
vn 0.8161 0.5144 -0.2635
vn 0.9536 -0.1256 -0.2735
vn 0.3452 -0.0194 -0.9383
vn 0.3026 -0.0376 -0.9524
vn 0.2250 0.2625 -0.9383
vn 0.1824 0.2443 -0.9524
vn 0.4806 -0.3272 -0.8136
vn 0.4436 -0.3430 -0.8280
vn 0.4060 -0.3591 -0.8404
vn 0.3678 -0.3753 -0.8508
vn 0.3678 -0.3754 -0.8508
vn 0.2593 -0.0560 -0.9642
vn 0.1391 0.2259 -0.9642
vn -0.0162 0.5252 -0.8508
vn 0.0220 0.5415 -0.8404
vn 0.0596 0.5576 -0.8280
vn 0.0967 0.5734 -0.8136
vn 0.0967 0.5734 -0.8135
vn 0.2671 0.2805 -0.9220
vn 0.2670 0.2804 -0.9220
vn 0.3872 -0.0015 -0.9220
vn -0.6282 -0.4344 -0.6454
vn -0.6283 -0.4344 -0.6454
vn -0.6565 -0.4465 -0.6080
vn -0.7484 -0.1525 -0.6454
vn -0.7767 -0.1646 -0.6080
vn -0.3890 -0.6980 -0.6012
vn -0.4155 -0.7093 -0.5695
vn -0.4154 -0.7093 -0.5695
vn -0.4403 -0.7199 -0.5365
vn -0.4404 -0.7199 -0.5365
vn -0.4638 -0.7299 -0.5021
vn -0.6831 -0.4578 -0.5691
vn -0.8033 -0.1759 -0.5690
vn -0.8033 -0.1760 -0.5690
vn -0.8478 0.1707 -0.5021
vn -0.8243 0.1807 -0.5365
vn -0.7994 0.1913 -0.5695
vn -0.7730 0.2026 -0.6012
vn -0.7185 -0.1398 -0.6814
vn -0.5983 -0.4217 -0.6814
vn 0.8509 0.1963 -0.4872
vn 0.8720 0.2053 -0.4443
vn 0.7519 0.4870 -0.4444
vn 0.8697 -0.1613 -0.4665
vn 0.9253 -0.1376 -0.3534
vn 0.5413 0.7630 -0.3534
vn 0.7079 0.4682 -0.5288
vn 0.7079 0.4684 -0.5287
vn 0.1713 -0.0936 -0.9808
vn 0.1713 -0.0935 -0.9808
vn 0.1270 -0.1124 -0.9855
vn 0.0511 0.1884 -0.9808
vn 0.0510 0.1884 -0.9808
vn 0.0068 0.1695 -0.9855
vn 0.3291 -0.3918 -0.8592
vn 0.3290 -0.3918 -0.8592
vn 0.2901 -0.4082 -0.8656
vn 0.2900 -0.4082 -0.8656
vn 0.2510 -0.4251 -0.8696
vn 0.2117 -0.4419 -0.8717
vn 0.0824 -0.1314 -0.9879
vn -0.0377 0.1505 -0.9879
vn -0.1723 0.4587 -0.8717
vn -0.1330 0.4755 -0.8696
vn -0.0938 0.4922 -0.8654
vn -0.0549 0.5087 -0.8592
vn 0.0953 0.2072 -0.9736
vn 0.2155 -0.0747 -0.9736
vn -0.7308 -0.4782 -0.4871
vn -0.7518 -0.4872 -0.4443
vn -0.7518 -0.4871 -0.4443
vn -0.8511 -0.1963 -0.4870
vn -0.8510 -0.1963 -0.4870
vn -0.8720 -0.2053 -0.4443
vn -0.8721 -0.2052 -0.4443
vn -0.4857 -0.7392 -0.4665
vn -0.5059 -0.7479 -0.4298
vn -0.5245 -0.7558 -0.3921
vn -0.5413 -0.7630 -0.3534
vn -0.7709 -0.4953 -0.4005
vn -0.8911 -0.2134 -0.4005
vn -0.9253 0.1376 -0.3534
vn -0.9085 0.1448 -0.3921
vn -0.8899 0.1527 -0.4298
vn -0.8697 0.1613 -0.4665
vn -0.8281 -0.1865 -0.5286
vn -0.7079 -0.4684 -0.5286
vn 0.7484 0.1525 -0.6454
vn 0.7483 0.1524 -0.6456
vn 0.6282 0.4344 -0.6455
vn 0.7733 -0.2026 -0.6008
vn 0.7995 -0.1912 -0.5695
vn 0.8242 -0.1806 -0.5367
vn 0.8034 0.1761 -0.5689
vn 0.3890 0.6980 -0.6012
vn 0.3890 0.6982 -0.6010
vn 0.5982 0.4217 -0.6814
vn 0.5983 0.4217 -0.6813
vn 0.7184 0.1398 -0.6814
vn -0.8031 -0.5090 -0.3099
vn -0.8030 -0.5091 -0.3099
vn -0.8030 -0.5090 -0.3099
vn -0.8160 -0.5145 -0.2636
vn -0.9232 -0.2271 -0.3099
vn -0.9362 -0.2326 -0.2636
vn -0.5564 -0.7694 -0.3138
vn -0.5697 -0.7750 -0.2735
vn -0.5697 -0.7750 -0.2736
vn -0.5811 -0.7799 -0.2326
vn -0.5906 -0.7840 -0.1911
vn -0.8268 -0.5191 -0.2166
vn -0.9470 -0.2372 -0.2166
vn -0.9746 0.1166 -0.1911
vn -0.9651 0.1207 -0.2326
vn -0.9536 0.1256 -0.2735
vn -0.9404 0.1312 -0.3138
vn -0.9082 -0.2207 -0.3556
vn -0.7880 -0.5026 -0.3556
vn 0.7161 -0.2268 -0.6601
vn 0.7161 -0.2269 -0.6601
vn 0.7450 -0.2145 -0.6316
vn 0.7450 -0.2145 -0.6317
vn 0.3016 0.6607 -0.6874
vn 0.2699 0.6473 -0.7129
vn 0.5835 0.0823 -0.8079
vn -0.8421 -0.5256 -0.1209
vn -0.8465 -0.5275 -0.0727
vn -0.9623 -0.2437 -0.1209
vn -0.9666 -0.2456 -0.0727
vn -0.5983 -0.7873 -0.1490
vn -0.5983 -0.7873 -0.1489
vn -0.6041 -0.7897 -0.1067
vn -0.6079 -0.7914 -0.0642
vn -0.6080 -0.7914 -0.0642
vn -0.6099 -0.7922 -0.0214
vn -0.8486 -0.5284 -0.0243
vn -0.9688 -0.2465 -0.0243
vn -0.9939 0.1084 -0.0214
vn -0.9939 0.1086 -0.0214
vn -0.9920 0.1091 -0.0641
vn -0.9919 0.1092 -0.0642
vn -0.9881 0.1109 -0.1067
vn -0.9823 0.1135 -0.1490
vn -0.9823 0.1133 -0.1490
vn -0.9557 -0.2409 -0.1689
vn -0.8355 -0.5228 -0.1689
vn 0.4686 0.0329 -0.8828
vn 0.5080 0.0501 -0.8599
vn 0.3485 0.3152 -0.8827
vn 0.5172 -0.3118 -0.7971
vn 0.5174 -0.3117 -0.7970
vn 0.5527 -0.2965 -0.7788
vn 0.5872 -0.2817 -0.7588
vn 0.2033 0.6188 -0.7588
vn -0.8464 -0.5275 0.0727
vn -0.8465 -0.5274 0.0727
vn -0.8421 -0.5256 0.1209
vn -0.9666 -0.2456 0.0727
vn -0.9623 -0.2437 0.1209
vn -0.6099 -0.7922 0.0214
vn -0.6080 -0.7914 0.0642
vn -0.6041 -0.7897 0.1067
vn -0.6041 -0.7897 0.1069
vn -0.5983 -0.7873 0.1491
vn -0.5983 -0.7873 0.1490
vn -0.8355 -0.5228 0.1689
vn -0.9557 -0.2409 0.1689
vn -0.9823 0.1133 0.1490
vn -0.9881 0.1109 0.1067
vn -0.9919 0.1092 0.0642
vn -0.9939 0.1084 0.0214
vn -0.9689 -0.2463 0.0243
vn -0.9688 -0.2465 0.0243
vn -0.8486 -0.5284 0.0243
vn 0.2252 0.2625 -0.9383
vn 0.3679 -0.3753 -0.8508
vn 0.4060 -0.3590 -0.8404
vn 0.4807 -0.3272 -0.8136
vn 0.3873 -0.0015 -0.9220
vn 0.0966 0.5734 -0.8136
vn 0.0221 0.5415 -0.8404
vn 0.0222 0.5414 -0.8405
vn -0.0163 0.5252 -0.8508
vn -0.8160 -0.5145 0.2636
vn -0.8030 -0.5090 0.3099
vn -0.8030 -0.5091 0.3099
vn -0.9362 -0.2326 0.2636
vn -0.9232 -0.2271 0.3099
vn -0.5906 -0.7840 0.1911
vn -0.5811 -0.7799 0.2326
vn -0.5697 -0.7750 0.2735
vn -0.5697 -0.7750 0.2736
vn -0.5564 -0.7694 0.3138
vn -0.7880 -0.5026 0.3556
vn -0.9082 -0.2207 0.3556
vn -0.9404 0.1312 0.3137
vn -0.9404 0.1312 0.3138
vn -0.9536 0.1256 0.2735
vn -0.9651 0.1207 0.2326
vn -0.9746 0.1166 0.1911
vn -0.9470 -0.2372 0.2166
vn -0.8268 -0.5191 0.2166
vn 0.1271 -0.1124 -0.9855
vn 0.1268 -0.1124 -0.9855
vn 0.2117 -0.4420 -0.8717
vn 0.2902 -0.4084 -0.8654
vn -0.0549 0.5088 -0.8591
vn -0.0549 0.5088 -0.8592
vn -0.0938 0.4921 -0.8655
vn -0.1331 0.4755 -0.8696
vn -0.1725 0.4587 -0.8717
vn -0.7518 -0.4871 0.4443
vn -0.7518 -0.4872 0.4443
vn -0.7308 -0.4782 0.4871
vn -0.7308 -0.4783 0.4871
vn -0.8720 -0.2053 0.4443
vn -0.8721 -0.2051 0.4443
vn -0.8510 -0.1962 0.4871
vn -0.8510 -0.1963 0.4871
vn -0.5413 -0.7630 0.3534
vn -0.5245 -0.7558 0.3921
vn -0.5059 -0.7479 0.4298
vn -0.4857 -0.7393 0.4664
vn -0.4857 -0.7392 0.4665
vn -0.7080 -0.4684 0.5285
vn -0.7079 -0.4684 0.5286
vn -0.8281 -0.1865 0.5286
vn -0.8697 0.1614 0.4665
vn -0.8697 0.1613 0.4665
vn -0.8899 0.1527 0.4298
vn -0.8899 0.1525 0.4298
vn -0.9085 0.1448 0.3921
vn -0.9253 0.1376 0.3534
vn -0.8911 -0.2134 0.4005
vn -0.7709 -0.4953 0.4005
vn -0.0511 -0.1884 -0.9808
vn -0.1712 0.0935 -0.9808
vn 0.0549 -0.5087 -0.8592
vn 0.0938 -0.4922 -0.8654
vn 0.0938 -0.4921 -0.8655
vn -0.2118 0.4419 -0.8717
vn -0.2509 0.4249 -0.8698
vn -0.2903 0.4086 -0.8653
vn -0.3293 0.3916 -0.8592
vn -0.2156 0.0747 -0.9736
vn -0.6565 -0.4465 0.6080
vn -0.6282 -0.4345 0.6454
vn -0.7767 -0.1646 0.6080
vn -0.7484 -0.1525 0.6454
vn -0.7485 -0.1525 0.6454
vn -0.4638 -0.7299 0.5021
vn -0.4404 -0.7199 0.5364
vn -0.4404 -0.7199 0.5365
vn -0.4154 -0.7093 0.5695
vn -0.3890 -0.6980 0.6012
vn -0.5983 -0.4217 0.6814
vn -0.7185 -0.1398 0.6813
vn -0.7730 0.2026 0.6012
vn -0.7996 0.1912 0.5693
vn -0.7994 0.1913 0.5695
vn -0.8243 0.1807 0.5365
vn -0.8243 0.1808 0.5365
vn -0.8477 0.1706 0.5022
vn -0.8478 0.1707 0.5021
vn -0.8033 -0.1759 0.5690
vn -0.6831 -0.4578 0.5690
vn -0.2252 -0.2625 -0.9383
vn -0.3453 0.0194 -0.9383
vn -0.0967 -0.5734 -0.8136
vn -0.0966 -0.5734 -0.8136
vn -0.0596 -0.5576 -0.8280
vn -0.0221 -0.5415 -0.8404
vn 0.0161 -0.5252 -0.8509
vn -0.1390 -0.2265 -0.9640
vn -0.2594 0.0562 -0.9641
vn -0.3678 0.3753 -0.8508
vn -0.4060 0.3591 -0.8403
vn -0.4806 0.3272 -0.8136
vn -0.2671 -0.2805 -0.9219
vn -0.5336 -0.3941 0.7483
vn -0.4992 -0.3794 0.7790
vn -0.6538 -0.1122 0.7483
vn -0.6538 -0.1121 0.7483
vn -0.6194 -0.0975 0.7790
vn -0.3611 -0.6861 0.6316
vn -0.3319 -0.6737 0.6603
vn -0.3015 -0.6607 0.6874
vn -0.3016 -0.6607 0.6874
vn -0.2699 -0.6472 0.7129
vn -0.4634 -0.3641 0.8079
vn -0.5835 -0.0822 0.8079
vn -0.6539 0.2534 0.7129
vn -0.6856 0.2399 0.6874
vn -0.6855 0.2399 0.6874
vn -0.7159 0.2269 0.6603
vn -0.7451 0.2145 0.6316
vn -0.7453 0.2144 0.6313
vn -0.6869 -0.1263 0.7157
vn -0.5667 -0.4082 0.7157
vn -0.3880 -0.3320 -0.8598
vn -0.4684 -0.0331 -0.8829
vn -0.2371 -0.6332 -0.7368
vn -0.2371 -0.6332 -0.7367
vn -0.1687 -0.6040 -0.7789
vn -0.5171 0.3116 -0.7972
vn -0.5528 0.2965 -0.7788
vn -0.5873 0.2817 -0.7588
vn -0.3879 -0.3320 0.8598
vn -0.3486 -0.3151 0.8827
vn -0.3486 -0.3152 0.8827
vn -0.5081 -0.0501 0.8598
vn -0.4688 -0.0333 0.8827
vn -0.4687 -0.0334 0.8827
vn -0.2371 -0.6332 0.7368
vn -0.2033 -0.6189 0.7587
vn -0.1687 -0.6041 0.7789
vn -0.1687 -0.6041 0.7788
vn -0.1331 -0.5889 0.7972
vn -0.3083 -0.2980 0.9034
vn -0.4285 -0.0161 0.9034
vn -0.5171 0.3117 0.7972
vn -0.5527 0.2965 0.7789
vn -0.5873 0.2817 0.7588
vn -0.5873 0.2817 0.7587
vn -0.6211 0.2673 0.7367
vn -0.5464 -0.0664 0.8349
vn -0.4262 -0.3483 0.8349
vn -0.5836 -0.0822 -0.8079
vn -0.7159 0.2269 -0.6603
vn -0.7450 0.2145 -0.6316
vn -0.2250 -0.2625 0.9383
vn -0.1824 -0.2443 0.9524
vn -0.1824 -0.2442 0.9524
vn -0.3452 0.0193 0.9383
vn -0.3451 0.0194 0.9384
vn -0.3026 0.0376 0.9524
vn -0.0966 -0.5734 0.8136
vn -0.0596 -0.5576 0.8280
vn -0.0220 -0.5415 0.8404
vn 0.0162 -0.5252 0.8508
vn -0.1391 -0.2258 0.9642
vn -0.1391 -0.2259 0.9642
vn -0.2593 0.0560 0.9642
vn -0.3678 0.3753 0.8508
vn -0.3678 0.3752 0.8508
vn -0.4060 0.3591 0.8404
vn -0.4436 0.3430 0.8280
vn -0.4806 0.3272 0.8136
vn -0.3872 0.0015 0.9220
vn -0.2670 -0.2804 0.9220
vn -0.7485 -0.1526 -0.6454
vn -0.7729 0.2026 -0.6013
vn -0.7994 0.1912 -0.5695
vn -0.6831 -0.4578 -0.5690
vn 0.0549 -0.5088 0.8591
vn 0.0938 -0.4922 0.8654
vn 0.1723 -0.4587 0.8718
vn -0.2118 0.4419 0.8717
vn -0.2901 0.4082 0.8656
vn -0.2155 0.0745 0.9737
vn -0.0952 -0.2072 0.9737
vn -0.0953 -0.2072 0.9737
vn -0.7519 -0.4870 -0.4444
vn -0.8720 -0.2053 -0.4444
vn -0.8719 -0.2055 -0.4444
vn -0.8510 -0.1963 -0.4871
vn -0.8510 -0.1962 -0.4871
vn -0.5413 -0.7629 -0.3534
vn 0.1270 -0.1124 0.9855
vn 0.1713 -0.0935 0.9808
vn 0.0068 0.1695 0.9855
vn 0.0512 0.1884 0.9808
vn 0.2118 -0.4418 0.8718
vn 0.2118 -0.4419 0.8717
vn 0.2511 -0.4251 0.8696
vn 0.2510 -0.4251 0.8696
vn 0.2902 -0.4084 0.8654
vn 0.2901 -0.4082 0.8656
vn 0.3291 -0.3918 0.8592
vn 0.2156 -0.0748 0.9736
vn 0.2156 -0.0746 0.9736
vn 0.0949 0.2072 0.9737
vn 0.0953 0.2071 0.9737
vn -0.0549 0.5087 0.8592
vn -0.0938 0.4921 0.8655
vn -0.1330 0.4755 0.8696
vn -0.1723 0.4587 0.8717
vn -0.0377 0.1505 0.9879
vn 0.0824 -0.1314 0.9879
vn -0.8030 -0.5090 -0.3100
vn -0.9361 -0.2329 -0.2636
vn -0.5811 -0.7799 -0.2325
vn -0.9536 0.1255 -0.2735
vn 0.3026 -0.0375 0.9524
vn 0.3449 -0.0197 0.9384
vn 0.3452 -0.0192 0.9383
vn 0.1824 0.2443 0.9524
vn 0.2250 0.2625 0.9383
vn 0.2247 0.2623 0.9385
vn 0.3678 -0.3753 0.8508
vn 0.4060 -0.3591 0.8404
vn 0.4436 -0.3430 0.8280
vn 0.4806 -0.3272 0.8136
vn 0.3872 -0.0015 0.9220
vn 0.2670 0.2804 0.9220
vn 0.0967 0.5734 0.8136
vn 0.0596 0.5576 0.8280
vn 0.0220 0.5415 0.8404
vn -0.0162 0.5252 0.8508
vn 0.1391 0.2259 0.9642
vn 0.1392 0.2259 0.9642
vn 0.2593 -0.0560 0.9642
vn -0.8464 -0.5275 -0.0727
vn -0.9667 -0.2456 -0.0727
vn -0.9623 -0.2436 -0.1209
vn -0.6099 -0.7922 -0.0215
vn -0.5983 -0.7873 -0.1491
vn -0.9823 0.1133 -0.1491
vn -0.9881 0.1110 -0.1067
vn 0.4688 0.0333 0.8827
vn 0.4688 0.0334 0.8827
vn 0.5081 0.0501 0.8598
vn 0.3486 0.3152 0.8827
vn 0.3879 0.3320 0.8598
vn 0.5171 -0.3117 0.7972
vn 0.5527 -0.2964 0.7789
vn 0.5527 -0.2965 0.7789
vn 0.5873 -0.2817 0.7587
vn 0.5873 -0.2817 0.7588
vn 0.6211 -0.2673 0.7367
vn 0.5464 0.0664 0.8349
vn 0.4262 0.3483 0.8349
vn 0.2371 0.6333 0.7367
vn 0.2033 0.6189 0.7587
vn 0.1687 0.6041 0.7789
vn 0.1331 0.5889 0.7972
vn 0.3083 0.2980 0.9034
vn 0.4285 0.0161 0.9034
vn -0.8465 -0.5275 0.0727
vn -0.9667 -0.2456 0.0727
vn -0.5983 -0.7874 0.1488
vn -0.6041 -0.7898 0.1061
vn -0.6080 -0.7913 0.0642
vn -0.6099 -0.7922 0.0213
vn -0.8487 -0.5284 0.0243
vn -0.9881 0.1109 0.1068
vn -0.9823 0.1134 0.1492
vn -0.8355 -0.5228 0.1690
vn -0.8356 -0.5227 0.1689
vn 0.6194 0.0975 0.7790
vn 0.6535 0.1123 0.7485
vn 0.6538 0.1122 0.7483
vn 0.4992 0.3794 0.7790
vn 0.5336 0.3941 0.7483
vn 0.5336 0.3939 0.7484
vn 0.6539 -0.2534 0.7129
vn 0.6855 -0.2399 0.6874
vn 0.7159 -0.2269 0.6603
vn 0.7451 -0.2145 0.6316
vn 0.7450 -0.2146 0.6316
vn 0.6869 0.1263 0.7157
vn 0.5669 0.4081 0.7156
vn 0.5667 0.4082 0.7157
vn 0.3611 0.6861 0.6316
vn 0.3319 0.6737 0.6603
vn 0.3015 0.6607 0.6874
vn 0.3015 0.6608 0.6874
vn 0.2699 0.6472 0.7129
vn 0.4634 0.3641 0.8079
vn 0.5835 0.0822 0.8079
vn -0.8030 -0.5090 0.3100
vn -0.9362 -0.2325 0.2635
vn -0.9471 -0.2370 0.2166
vn -0.9536 0.1255 0.2735
vn 0.7484 0.1526 0.6454
vn 0.7767 0.1646 0.6080
vn 0.6282 0.4345 0.6454
vn 0.6282 0.4344 0.6454
vn 0.6565 0.4466 0.6080
vn 0.6565 0.4465 0.6080
vn 0.7730 -0.2026 0.6012
vn 0.7995 -0.1914 0.5694
vn 0.7994 -0.1913 0.5695
vn 0.8242 -0.1807 0.5367
vn 0.8243 -0.1807 0.5365
vn 0.8478 -0.1707 0.5021
vn 0.8479 -0.1708 0.5019
vn 0.8033 0.1759 0.5690
vn 0.6831 0.4578 0.5690
vn 0.4638 0.7299 0.5021
vn 0.4403 0.7199 0.5365
vn 0.4154 0.7093 0.5696
vn 0.4154 0.7093 0.5695
vn 0.3890 0.6981 0.6011
vn 0.3890 0.6980 0.6012
vn 0.5983 0.4217 0.6814
vn 0.7185 0.1398 0.6813
vn 0.7185 0.1398 0.6814
vn -0.7519 -0.4871 0.4443
vn -0.8510 -0.1963 0.4870
vn -0.8720 -0.2053 0.4444
vn -0.5413 -0.7630 0.3532
vn -0.8911 -0.2132 0.4006
vn -0.8281 -0.1865 0.5287
vn -0.7079 -0.4685 0.5286
vn 0.1714 -0.0935 0.9808
vn 0.0511 0.1884 0.9808
vn 0.2117 -0.4419 0.8717
vn -0.1723 0.4588 0.8717
vn -0.1328 0.4755 0.8696
vn -0.0939 0.4921 0.8654
vn -0.0938 0.4922 0.8654
vn 0.0953 0.2072 0.9736
vn 0.2155 -0.0747 0.9736
vn 0.2155 -0.0747 0.9737
vn 0.8510 0.1963 0.4870
vn 0.8721 0.2051 0.4443
vn 0.7309 0.4782 0.4870
vn 0.7308 0.4782 0.4870
vn 0.7519 0.4871 0.4442
vn 0.7519 0.4871 0.4443
vn 0.8697 -0.1614 0.4665
vn 0.9084 -0.1448 0.3921
vn 0.8911 0.2132 0.4005
vn 0.5413 0.7629 0.3534
vn 0.5058 0.7480 0.4298
vn 0.4857 0.7392 0.4665
vn -0.6282 -0.4344 0.6455
vn -0.6282 -0.4344 0.6454
vn -0.7484 -0.1526 0.6454
vn -0.4403 -0.7199 0.5365
vn -0.4637 -0.7299 0.5022
vn -0.6831 -0.4578 0.5691
vn -0.7185 -0.1398 0.6814
vn -0.7184 -0.1398 0.6815
vn 0.3452 -0.0194 0.9383
vn 0.3453 -0.0194 0.9383
vn 0.3026 -0.0376 0.9524
vn 0.4059 -0.3591 0.8404
vn 0.3680 -0.3753 0.8507
vn -0.0161 0.5252 0.8508
vn -0.0162 0.5253 0.8508
vn 0.0594 0.5572 0.8282
vn 0.0965 0.5733 0.8137
vn 0.0966 0.5734 0.8136
vn 0.2671 0.2804 0.9220
vn 0.3876 -0.0015 0.9218
vn 0.3874 -0.0015 0.9219
vn 0.9232 0.2271 0.3100
vn 0.8031 0.5088 0.3101
vn 0.8031 0.5090 0.3099
vn 0.8160 0.5145 0.2635
vn 0.9537 -0.1255 0.2735
vn 0.9536 -0.1255 0.2735
vn 0.5811 0.7799 0.2327
vn -0.7450 0.2146 0.6316
vn -0.6855 0.2400 0.6874
vn -0.4633 -0.3642 0.8079
vn 0.5874 -0.2817 0.7587
vn 0.5526 -0.2965 0.7789
vn 0.5171 -0.3117 0.7971
vn 0.4284 0.0163 0.9034
vn 0.3083 0.2981 0.9034
vn 0.1332 0.5888 0.7972
vn 0.1332 0.5889 0.7971
vn 0.1687 0.6041 0.7788
vn 0.2034 0.6189 0.7587
vn 0.2371 0.6334 0.7366
vn 0.9666 0.2456 0.0727
vn 0.9667 0.2456 0.0726
vn 0.8464 0.5275 0.0727
vn 0.9823 -0.1132 0.1490
vn 0.9920 -0.1091 0.0642
vn 0.9939 -0.1085 0.0214
vn 0.9939 -0.1085 0.0215
vn 0.6041 0.7897 0.1066
vn 0.5983 0.7873 0.1489
vn 0.8355 0.5228 0.1689
vn 0.9557 0.2410 0.1689
vn -0.3880 -0.3320 0.8598
vn -0.1687 -0.6040 0.7789
vn -0.2034 -0.6187 0.7588
vn -0.2034 -0.6189 0.7587
vn -0.2371 -0.6332 0.7367
vn -0.2371 -0.6333 0.7367
vn -0.6212 0.2673 0.7367
vn -0.5527 0.2966 0.7789
vn -0.5171 0.3116 0.7972
vn 0.7450 -0.2145 0.6316
vn 0.5836 0.0822 0.8079
vn 0.3318 0.6738 0.6602
vn 0.9667 0.2456 -0.0727
vn 0.8464 0.5276 -0.0727
vn 0.8422 0.5254 -0.1209
vn 0.9939 -0.1086 -0.0216
vn 0.9920 -0.1089 -0.0642
vn 0.8355 0.5228 -0.1689
vn 0.5983 0.7873 -0.1491
vn 0.5984 0.7873 -0.1490
vn 0.6041 0.7897 -0.1066
vn 0.8486 0.5285 -0.0243
vn -0.3454 0.0194 0.9382
vn -0.3452 0.0194 0.9383
vn -0.0218 -0.5415 0.8404
vn -0.0597 -0.5576 0.8280
vn -0.2669 -0.2804 0.9220
vn -0.3873 0.0015 0.9220
vn -0.4434 0.3428 0.8282
vn -0.4059 0.3591 0.8404
vn -0.3678 0.3754 0.8508
vn -0.3677 0.3754 0.8508
vn 0.7484 0.1525 0.6454
vn 0.6282 0.4344 0.6455
vn 0.7995 -0.1913 0.5693
vn 0.7729 -0.2026 0.6013
vn 0.6830 0.4579 0.5691
vt 0.000000 0.000000
s 0
usemtl Goddard_None
f 833/2/1257 834/2/1257 835/2/1257
f 835/2/1257 836/2/1257 833/2/1257
f 836/2/1258 835/2/1258 837/2/1258
f 837/2/1258 838/2/1258 836/2/1258
f 836/2/1259 839/2/1259 840/2/1259
f 840/2/1259 833/2/1259 836/2/1259
f 841/2/1260 839/2/1260 836/2/1260
f 836/2/1261 838/2/1261 841/2/1261
f 842/2/1262 843/2/1262 844/2/1262
f 844/2/1262 834/2/1262 842/2/1262
f 845/2/1263 835/2/1263 834/2/1263
f 834/2/1263 844/2/1263 845/2/1263
f 845/2/1264 846/2/1264 837/2/1264
f 837/2/1264 835/2/1264 845/2/1264
f 837/2/1265 846/2/1265 847/2/1265
f 847/2/1266 848/2/1266 837/2/1266
f 849/2/1267 838/2/1267 837/2/1267
f 837/2/1267 848/2/1267 849/2/1267
f 849/2/1268 850/2/1268 841/2/1268
f 841/2/1268 838/2/1268 849/2/1268
f 851/2/1269 841/2/1269 850/2/1269
f 850/2/1269 852/2/1269 851/2/1269
f 841/2/1270 851/2/1270 853/2/1270
f 853/2/1270 839/2/1270 841/2/1270
f 839/2/1271 853/2/1271 854/2/1271
f 854/2/1271 840/2/1271 839/2/1271
f 854/2/1272 855/2/1272 856/2/1272
f 856/2/1273 840/2/1273 854/2/1273
f 833/2/1274 840/2/1274 856/2/1274
f 856/2/1274 857/2/1274 833/2/1274
f 842/2/1275 834/2/1275 833/2/1275
f 833/2/1275 857/2/1275 842/2/1275
f 858/2/1276 859/2/1276 860/2/1276
f 860/2/1276 861/2/1276 858/2/1276
f 862/2/1277 863/2/1277 859/2/1277
f 859/2/1278 858/2/1278 862/2/1278
f 859/2/1279 864/2/1279 865/2/1279
f 865/2/1280 860/2/1280 859/2/1280
f 859/2/1281 863/2/1281 866/2/1281
f 866/2/1281 864/2/1281 859/2/1281
f 867/2/1282 861/2/1282 868/2/1282
f 868/2/1283 869/2/1283 867/2/1283
f 858/2/1284 861/2/1284 867/2/1284
f 867/2/1284 870/2/1284 858/2/1284
f 871/2/1285 862/2/1285 858/2/1285
f 858/2/1285 870/2/1285 871/2/1285
f 862/2/1286 871/2/1286 872/2/1286
f 872/2/1286 873/2/1286 862/2/1286
f 874/2/1287 863/2/1287 862/2/1287
f 862/2/1287 873/2/1287 874/2/1287
f 875/2/1288 866/2/1288 863/2/1288
f 863/2/1289 874/2/1289 875/2/1289
f 876/2/1290 866/2/1290 875/2/1290
f 875/2/1290 877/2/1290 876/2/1290
f 876/2/1291 878/2/1291 864/2/1291
f 864/2/1291 866/2/1291 876/2/1291
f 864/2/1292 878/2/1292 879/2/1292
f 879/2/1293 865/2/1293 864/2/1293
f 880/2/1294 865/2/1294 879/2/1294
f 879/2/1294 881/2/1294 880/2/1294
f 860/2/1295 865/2/1295 880/2/1295
f 880/2/1295 882/2/1295 860/2/1295
f 861/2/1296 860/2/1296 882/2/1296
f 882/2/1296 868/2/1296 861/2/1296
f 883/2/1297 884/2/1297 885/2/1297
f 885/2/1298 886/2/1298 883/2/1298
f 887/2/1299 888/2/1300 884/2/1299
f 884/2/1299 883/2/1299 887/2/1299
f 884/2/1301 889/2/1301 890/2/1301
f 890/2/1301 885/2/1301 884/2/1301
f 884/2/1302 888/2/1302 891/2/1302
f 891/2/1302 889/2/1302 884/2/1302
f 886/2/1303 892/2/1303 893/2/1303
f 893/2/1303 894/2/1303 886/2/1303
f 894/2/1304 895/2/1304 883/2/1304
f 883/2/1304 886/2/1304 894/2/1304
f 887/2/1305 883/2/1305 895/2/1305
f 895/2/1305 896/2/1305 887/2/1305
f 896/2/1306 897/2/1306 898/2/1306
f 898/2/1307 887/2/1307 896/2/1307
f 899/2/1308 888/2/1308 887/2/1308
f 887/2/1308 898/2/1308 899/2/1308
f 900/2/1309 891/2/1309 888/2/1309
f 888/2/1309 899/2/1309 900/2/1309
f 871/2/1310 891/2/1310 900/2/1310
f 900/2/1311 872/2/1311 871/2/1311
f 870/2/1312 889/2/1312 891/2/1312
f 891/2/1313 871/2/1313 870/2/1313
f 870/2/1314 867/2/1314 890/2/1314
f 890/2/1315 889/2/1315 870/2/1315
f 867/2/1316 869/2/1316 901/2/1316
f 901/2/1317 890/2/1317 867/2/1317
f 885/2/1318 890/2/1318 901/2/1318
f 901/2/1318 902/2/1318 885/2/1318
f 886/2/1319 885/2/1319 902/2/1319
f 902/2/1319 892/2/1319 886/2/1319
f 903/2/1320 904/2/1320 905/2/1320
f 905/2/1321 906/2/1321 903/2/1321
f 907/2/1322 908/2/1322 904/2/1322
f 904/2/1322 903/2/1322 907/2/1322
f 904/2/1323 909/2/1323 910/2/1323
f 910/2/1323 905/2/1323 904/2/1323
f 904/2/1324 908/2/1324 911/2/1324
f 911/2/1325 909/2/1325 904/2/1325
f 912/2/1326 913/2/1326 914/2/1326
f 914/2/1326 906/2/1326 912/2/1326
f 903/2/1327 906/2/1327 914/2/1327
f 914/2/1327 915/2/1327 903/2/1327
f 907/2/1328 903/2/1328 915/2/1328
f 915/2/1328 916/2/1328 907/2/1328
f 916/2/1329 917/2/1329 918/2/1329
f 918/2/1329 907/2/1329 916/2/1329
f 919/2/1330 908/2/1330 907/2/1330
f 907/2/1331 918/2/1331 919/2/1331
f 920/2/1332 911/2/1332 908/2/1332
f 908/2/1333 919/2/1333 920/2/1333
f 897/2/1334 896/2/1334 911/2/1334
f 911/2/1334 920/2/1334 897/2/1334
f 895/2/1335 909/2/1335 911/2/1335
f 911/2/1336 896/2/1336 895/2/1336
f 895/2/1337 894/2/1337 910/2/1337
f 910/2/1337 909/2/1337 895/2/1337
f 894/2/1338 893/2/1338 921/2/1338
f 921/2/1338 910/2/1338 894/2/1338
f 910/2/1339 921/2/1339 922/2/1339
f 922/2/1339 905/2/1339 910/2/1339
f 906/2/1340 905/2/1340 922/2/1340
f 922/2/1340 912/2/1340 906/2/1340
f 923/2/1341 924/2/1341 925/2/1341
f 925/2/1341 926/2/1341 923/2/1341
f 927/2/1342 928/2/1342 924/2/1342
f 924/2/1342 923/2/1342 927/2/1342
f 924/2/1343 929/2/1343 930/2/1343
f 930/2/1344 925/2/1344 924/2/1344
f 924/2/1345 928/2/1345 931/2/1345
f 931/2/1345 929/2/1345 924/2/1345
f 926/2/1346 932/2/1346 933/2/1346
f 933/2/1346 934/2/1346 926/2/1346
f 926/2/1347 934/2/1347 935/2/1347
f 935/2/1347 923/2/1347 926/2/1347
f 935/2/1348 936/2/1348 927/2/1348
f 927/2/1349 923/2/1349 935/2/1349
f 937/2/1350 927/2/1350 936/2/1350
f 936/2/1350 938/2/1350 937/2/1350
f 928/2/1351 927/2/1351 937/2/1351
f 937/2/1351 939/2/1351 928/2/1351
f 940/2/1352 931/2/1352 928/2/1352
f 928/2/1352 939/2/1352 940/2/1352
f 917/2/1353 916/2/1353 931/2/1353
f 931/2/1354 940/2/1354 917/2/1354
f 915/2/1355 929/2/1355 931/2/1355
f 931/2/1356 916/2/1356 915/2/1356
f 915/2/1357 914/2/1357 930/2/1357
f 930/2/1358 929/2/1358 915/2/1358
f 914/2/1359 913/2/1359 941/2/1359
f 941/2/1359 930/2/1359 914/2/1359
f 930/2/1360 941/2/1360 942/2/1360
f 942/2/1360 925/2/1360 930/2/1360
f 932/2/1361 926/2/1361 925/2/1361
f 925/2/1361 942/2/1361 932/2/1361
f 943/2/1362 944/2/1362 945/2/1362
f 945/2/1362 946/2/1362 943/2/1362
f 947/2/1363 948/2/1363 944/2/1363
f 944/2/1363 943/2/1363 947/2/1363
f 944/2/1364 949/2/1364 950/2/1364
f 950/2/1365 945/2/1365 944/2/1365
f 944/2/1366 948/2/1366 951/2/1366
f 951/2/1366 949/2/1366 944/2/1366
f 946/2/1367 952/2/1367 953/2/1367
f 953/2/1368 954/2/1368 946/2/1368
f 946/2/1369 954/2/1369 955/2/1369
f 955/2/1369 943/2/1369 946/2/1369
f 947/2/1370 943/2/1370 955/2/1370
f 955/2/1370 956/2/1370 947/2/1370
f 956/2/1371 957/2/1371 958/2/1371
f 958/2/1371 947/2/1371 956/2/1371
f 948/2/1372 947/2/1372 958/2/1372
f 958/2/1372 959/2/1372 948/2/1372
f 960/2/1373 951/2/1373 948/2/1373
f 948/2/1373 959/2/1373 960/2/1373
f 936/2/1374 951/2/1374 960/2/1374
f 960/2/1374 938/2/1374 936/2/1374
f 949/2/1375 951/2/1375 936/2/1375
f 936/2/1375 935/2/1375 949/2/1375
f 935/2/1376 934/2/1376 950/2/1376
f 950/2/1377 949/2/1377 935/2/1377
f 934/2/1378 933/2/1378 961/2/1378
f 961/2/1378 950/2/1378 934/2/1378
f 950/2/1379 961/2/1379 962/2/1379
f 962/2/1380 945/2/1380 950/2/1380
f 952/2/1381 946/2/1381 945/2/1381
f 945/2/1382 962/2/1382 952/2/1382
f 963/2/1383 964/2/1383 965/2/1383
f 965/2/1383 966/2/1383 963/2/1383
f 967/2/1384 968/2/1384 964/2/1384
f 964/2/1384 963/2/1384 967/2/1384
f 964/2/1385 969/2/1385 970/2/1385
f 970/2/1385 965/2/1385 964/2/1385
f 964/2/1386 968/2/1386 971/2/1386
f 971/2/1386 969/2/1386 964/2/1386
f 966/2/1387 972/2/1387 973/2/1387
f 973/2/1387 974/2/1387 966/2/1387
f 966/2/1388 974/2/1388 975/2/1388
f 975/2/1388 963/2/1388 966/2/1388
f 967/2/1389 963/2/1389 975/2/1389
f 975/2/1389 976/2/1389 967/2/1389
f 976/2/1390 977/2/1390 978/2/1390
f 978/2/1390 967/2/1390 976/2/1390
f 968/2/1391 967/2/1391 978/2/1391
f 978/2/1391 979/2/1391 968/2/1391
f 980/2/1392 971/2/1392 968/2/1392
f 968/2/1392 979/2/1392 980/2/1392
f 956/2/1393 971/2/1393 980/2/1393
f 980/2/1394 957/2/1394 956/2/1394
f 955/2/1395 969/2/1395 971/2/1395
f 971/2/1395 956/2/1395 955/2/1395
f 955/2/1396 954/2/1396 970/2/1396
f 970/2/1396 969/2/1396 955/2/1396
f 954/2/1397 953/2/1397 981/2/1397
f 981/2/1398 970/2/1398 954/2/1398
f 970/2/1399 981/2/1399 982/2/1399
f 982/2/1400 965/2/1400 970/2/1400
f 972/2/1401 966/2/1401 965/2/1401
f 965/2/1401 982/2/1401 972/2/1401
f 983/2/1402 984/2/1402 985/2/1402
f 985/2/1403 986/2/1403 983/2/1403
f 987/2/1404 988/2/1404 984/2/1404
f 984/2/1405 983/2/1405 987/2/1405
f 984/2/1406 989/2/1406 990/2/1406
f 990/2/1407 985/2/1407 984/2/1407
f 984/2/1408 988/2/1408 991/2/1408
f 991/2/1408 989/2/1408 984/2/1408
f 986/2/1409 992/2/1409 993/2/1409
f 993/2/1409 994/2/1409 986/2/1409
f 986/2/1410 994/2/1410 995/2/1410
f 995/2/1410 983/2/1410 986/2/1410
f 987/2/1411 983/2/1411 995/2/1411
f 995/2/1411 996/2/1411 987/2/1411
f 996/2/1412 997/2/1412 998/2/1412
f 998/2/1412 987/2/1412 996/2/1412
f 988/2/1413 987/2/1413 998/2/1413
f 998/2/1413 999/2/1413 988/2/1413
f 1000/2/1414 991/2/1414 988/2/1414
f 988/2/1414 999/2/1414 1000/2/1414
f 976/2/1415 991/2/1415 1000/2/1415
f 1000/2/1415 977/2/1415 976/2/1415
f 975/2/1416 989/2/1416 991/2/1416
f 991/2/1416 976/2/1416 975/2/1416
f 975/2/1417 974/2/1417 990/2/1417
f 990/2/1418 989/2/1418 975/2/1418
f 974/2/1419 973/2/1419 1001/2/1419
f 1001/2/1419 990/2/1419 974/2/1419
f 990/2/1420 1001/2/1420 1002/2/1420
f 1002/2/1421 985/2/1421 990/2/1421
f 992/2/1422 986/2/1422 985/2/1422
f 985/2/1422 1002/2/1422 992/2/1422
f 1003/2/1423 1004/2/1423 1005/2/1423
f 1005/2/1423 1006/2/1423 1003/2/1423
f 1007/2/1424 1008/2/1424 1004/2/1424
f 1004/2/1424 1003/2/1424 1007/2/1424
f 1004/2/1425 1009/2/1425 1010/2/1425
f 1010/2/1426 1005/2/1426 1004/2/1426
f 1004/2/1427 1008/2/1427 1011/2/1427
f 1011/2/1427 1009/2/1427 1004/2/1427
f 1006/2/1428 1012/2/1428 1013/2/1428
f 1013/2/1429 1014/2/1429 1006/2/1429
f 1006/2/1430 1014/2/1430 1015/2/1430
f 1015/2/1430 1003/2/1430 1006/2/1430
f 1007/2/1431 1003/2/1431 1015/2/1431
f 1015/2/1432 1016/2/1432 1007/2/1432
f 1017/2/1433 1007/2/1433 1016/2/1433
f 1016/2/1433 1018/2/1433 1017/2/1433
f 1008/2/1434 1007/2/1434 1017/2/1434
f 1017/2/1434 1019/2/1434 1008/2/1434
f 1020/2/1435 1011/2/1435 1008/2/1435
f 1008/2/1435 1019/2/1435 1020/2/1435
f 996/2/1436 1011/2/1436 1020/2/1436
f 1020/2/1436 997/2/1436 996/2/1436
f 995/2/1437 1009/2/1437 1011/2/1437
f 1011/2/1437 996/2/1437 995/2/1437
f 995/2/1438 994/2/1438 1010/2/1438
f 1010/2/1438 1009/2/1438 995/2/1438
f 994/2/1439 993/2/1439 1021/2/1439
f 1021/2/1439 1010/2/1439 994/2/1439
f 1010/2/1440 1021/2/1440 1022/2/1440
f 1022/2/1440 1005/2/1440 1010/2/1440
f 1012/2/1441 1006/2/1441 1005/2/1441
f 1005/2/1441 1022/2/1441 1012/2/1441
f 1023/2/1442 1024/2/1442 1025/2/1442
f 1025/2/1443 1026/2/1443 1023/2/1443
f 1027/2/1444 1028/2/1444 1024/2/1444
f 1024/2/1444 1023/2/1444 1027/2/1444
f 1024/2/1445 1029/2/1445 1030/2/1445
f 1030/2/1446 1025/2/1446 1024/2/1446
f 1024/2/1447 1028/2/1447 1031/2/1447
f 1031/2/1447 1029/2/1447 1024/2/1447
f 1026/2/1448 1032/2/1448 1033/2/1448
f 1033/2/1448 1034/2/1448 1026/2/1448
f 1026/2/1449 1034/2/1449 1035/2/1449
f 1035/2/1449 1023/2/1449 1026/2/1449
f 1027/2/1450 1023/2/1450 1035/2/1450
f 1035/2/1450 1036/2/1450 1027/2/1450
f 1037/2/1451 1027/2/1451 1036/2/1451
f 1036/2/1451 1038/2/1451 1037/2/1451
f 1028/2/1452 1027/2/1452 1037/2/1452
f 1037/2/1452 1039/2/1452 1028/2/1452
f 1040/2/1453 1031/2/1453 1028/2/1453
f 1028/2/1453 1039/2/1453 1040/2/1453
f 1018/2/1454 1016/2/1454 1031/2/1454
f 1031/2/1454 1040/2/1454 1018/2/1454
f 1015/2/1455 1029/2/1455 1031/2/1455
f 1031/2/1455 1016/2/1455 1015/2/1455
f 1015/2/1456 1014/2/1456 1030/2/1456
f 1030/2/1456 1029/2/1456 1015/2/1456
f 1014/2/1457 1013/2/1457 1041/2/1457
f 1041/2/1458 1030/2/1458 1014/2/1458
f 1030/2/1459 1041/2/1459 1042/2/1459
f 1042/2/1459 1025/2/1459 1030/2/1459
f 1032/2/1460 1026/2/1460 1025/2/1460
f 1025/2/1460 1042/2/1460 1032/2/1460
f 1043/2/1461 1044/2/1461 1045/2/1461
f 1045/2/1461 1046/2/1461 1043/2/1461
f 1047/2/1462 1048/2/1462 1044/2/1462
f 1044/2/1462 1043/2/1462 1047/2/1462
f 1044/2/1463 1049/2/1463 1050/2/1463
f 1050/2/1463 1045/2/1463 1044/2/1463
f 1044/2/1464 1048/2/1464 1051/2/1464
f 1051/2/1465 1049/2/1465 1044/2/1465
f 1046/2/1466 1052/2/1466 1053/2/1466
f 1053/2/1467 1054/2/1467 1046/2/1467
f 1046/2/1468 1054/2/1468 1055/2/1468
f 1055/2/1468 1043/2/1468 1046/2/1468
f 1047/2/1469 1043/2/1469 1055/2/1469
f 1055/2/1469 1056/2/1469 1047/2/1469
f 1057/2/1470 1047/2/1470 1056/2/1470
f 1056/2/1470 1058/2/1470 1057/2/1470
f 1048/2/1471 1047/2/1471 1057/2/1471
f 1057/2/1472 1059/2/1472 1048/2/1472
f 1060/2/1473 1051/2/1473 1048/2/1473
f 1048/2/1474 1059/2/1474 1060/2/1474
f 1038/2/1475 1036/2/1475 1051/2/1475
f 1051/2/1475 1060/2/1475 1038/2/1475
f 1035/2/1476 1049/2/1476 1051/2/1476
f 1051/2/1476 1036/2/1476 1035/2/1476
f 1035/2/1477 1034/2/1477 1050/2/1477
f 1050/2/1477 1049/2/1477 1035/2/1477
f 1034/2/1478 1033/2/1478 1061/2/1478
f 1061/2/1478 1050/2/1478 1034/2/1478
f 1050/2/1479 1061/2/1479 1062/2/1479
f 1062/2/1480 1045/2/1480 1050/2/1480
f 1052/2/1481 1046/2/1481 1045/2/1481
f 1045/2/1481 1062/2/1481 1052/2/1481
f 1063/2/1482 1064/2/1482 1065/2/1482
f 1065/2/1482 1066/2/1482 1063/2/1482
f 1067/2/1483 1068/2/1483 1064/2/1483
f 1064/2/1483 1063/2/1483 1067/2/1483
f 1064/2/1484 1069/2/1484 1070/2/1484
f 1070/2/1485 1065/2/1485 1064/2/1485
f 1064/2/1486 1068/2/1486 1071/2/1486
f 1071/2/1486 1069/2/1486 1064/2/1486
f 1066/2/1487 1072/2/1487 1073/2/1487
f 1073/2/1487 1074/2/1487 1066/2/1487
f 1066/2/1488 1074/2/1488 1075/2/1488
f 1075/2/1489 1063/2/1489 1066/2/1489
f 1067/2/1490 1063/2/1490 1075/2/1490
f 1075/2/1490 1076/2/1490 1067/2/1490
f 1077/2/1491 1067/2/1491 1076/2/1491
f 1076/2/1492 1078/2/1492 1077/2/1492
f 1068/2/1493 1067/2/1493 1077/2/1493
f 1077/2/1494 1079/2/1494 1068/2/1494
f 1080/2/1495 1071/2/1495 1068/2/1495
f 1068/2/1495 1079/2/1495 1080/2/1495
f 1058/2/1496 1056/2/1496 1071/2/1496
f 1071/2/1496 1080/2/1496 1058/2/1496
f 1055/2/1497 1069/2/1497 1071/2/1497
f 1071/2/1497 1056/2/1497 1055/2/1497
f 1055/2/1498 1054/2/1498 1070/2/1498
f 1070/2/1498 1069/2/1498 1055/2/1498
f 1054/2/1499 1053/2/1499 1081/2/1499
f 1081/2/1499 1070/2/1499 1054/2/1499
f 1070/2/1500 1081/2/1500 1082/2/1500
f 1082/2/1500 1065/2/1500 1070/2/1500
f 1072/2/1501 1066/2/1501 1065/2/1501
f 1065/2/1501 1082/2/1501 1072/2/1501
f 1083/2/1502 1084/2/1502 1085/2/1502
f 1085/2/1502 1086/2/1502 1083/2/1502
f 1087/2/1503 1088/2/1503 1084/2/1503
f 1084/2/1503 1083/2/1503 1087/2/1503
f 1084/2/1504 1089/2/1504 1090/2/1504
f 1090/2/1505 1085/2/1505 1084/2/1505
f 1084/2/1506 1088/2/1506 1091/2/1506
f 1091/2/1506 1089/2/1506 1084/2/1506
f 1086/2/1507 1092/2/1507 1093/2/1507
f 1093/2/1508 1094/2/1508 1086/2/1508
f 1086/2/1509 1094/2/1509 1095/2/1509
f 1095/2/1509 1083/2/1509 1086/2/1509
f 1087/2/1510 1083/2/1510 1095/2/1510
f 1095/2/1510 1096/2/1510 1087/2/1510
f 1097/2/1511 1087/2/1511 1096/2/1511
f 1096/2/1512 1098/2/1512 1097/2/1512
f 1088/2/1513 1087/2/1513 1097/2/1513
f 1097/2/1513 1099/2/1513 1088/2/1513
f 1100/2/1514 1091/2/1514 1088/2/1514
f 1088/2/1514 1099/2/1514 1100/2/1514
f 1078/2/1515 1076/2/1515 1091/2/1515
f 1091/2/1515 1100/2/1515 1078/2/1515
f 1075/2/1516 1089/2/1516 1091/2/1516
f 1091/2/1516 1076/2/1516 1075/2/1516
f 1075/2/1517 1074/2/1517 1090/2/1517
f 1090/2/1517 1089/2/1517 1075/2/1517
f 1074/2/1518 1073/2/1518 1101/2/1518
f 1101/2/1518 1090/2/1518 1074/2/1518
f 1090/2/1519 1101/2/1519 1102/2/1519
f 1102/2/1519 1085/2/1519 1090/2/1519
f 1092/2/1520 1086/2/1520 1085/2/1520
f 1085/2/1521 1102/2/1521 1092/2/1521
f 1103/2/1522 1104/2/1522 1105/2/1522
f 1105/2/1522 1106/2/1522 1103/2/1522
f 1107/2/1523 1108/2/1523 1104/2/1523
f 1104/2/1523 1103/2/1523 1107/2/1523
f 1104/2/1524 1109/2/1524 1110/2/1524
f 1110/2/1524 1105/2/1524 1104/2/1524
f 1104/2/1525 1108/2/1525 1111/2/1525
f 1111/2/1525 1109/2/1525 1104/2/1525
f 1106/2/1526 1112/2/1526 1113/2/1526
f 1113/2/1527 1114/2/1527 1106/2/1527
f 1106/2/1528 1114/2/1528 1115/2/1528
f 1115/2/1528 1103/2/1528 1106/2/1528
f 1107/2/1529 1103/2/1529 1115/2/1529
f 1115/2/1530 1116/2/1529 1107/2/1529
f 1117/2/1531 1107/2/1531 1116/2/1531
f 1116/2/1532 1118/2/1532 1117/2/1532
f 1108/2/1533 1107/2/1533 1117/2/1533
f 1117/2/1533 1119/2/1533 1108/2/1533
f 1120/2/1534 1111/2/1534 1108/2/1534
f 1108/2/1534 1119/2/1534 1120/2/1534
f 1098/2/1535 1096/2/1535 1111/2/1535
f 1111/2/1535 1120/2/1535 1098/2/1535
f 1095/2/1536 1109/2/1536 1111/2/1536
f 1111/2/1537 1096/2/1537 1095/2/1537
f 1095/2/1538 1094/2/1538 1110/2/1538
f 1110/2/1538 1109/2/1538 1095/2/1538
f 1094/2/1539 1093/2/1539 1121/2/1539
f 1121/2/1539 1110/2/1539 1094/2/1539
f 1110/2/1540 1121/2/1540 1122/2/1540
f 1122/2/1540 1105/2/1540 1110/2/1540
f 1112/2/1541 1106/2/1541 1105/2/1541
f 1105/2/1541 1122/2/1541 1112/2/1541
f 1123/2/1542 1124/2/1542 1125/2/1542
f 1125/2/1543 1126/2/1543 1123/2/1543
f 1127/2/1544 1128/2/1544 1124/2/1544
f 1124/2/1544 1123/2/1544 1127/2/1544
f 1124/2/1545 1129/2/1545 1130/2/1545
f 1130/2/1546 1125/2/1546 1124/2/1546
f 1124/2/1547 1128/2/1547 1131/2/1547
f 1131/2/1547 1129/2/1547 1124/2/1547
f 1126/2/1548 1132/2/1548 1133/2/1548
f 1133/2/1548 1134/2/1548 1126/2/1548
f 1126/2/1549 1134/2/1549 1135/2/1549
f 1135/2/1550 1123/2/1550 1126/2/1550
f 1127/2/1551 1123/2/1551 1135/2/1551
f 1135/2/1552 1136/2/1552 1127/2/1552
f 1137/2/1553 1127/2/1553 1136/2/1553
f 1136/2/1553 1138/2/1553 1137/2/1553
f 1128/2/1554 1127/2/1554 1137/2/1554
f 1137/2/1555 1139/2/1555 1128/2/1555
f 1140/2/1556 1131/2/1556 1128/2/1556
f 1128/2/1557 1139/2/1557 1140/2/1557
f 1118/2/1558 1116/2/1558 1131/2/1558
f 1131/2/1558 1140/2/1558 1118/2/1558
f 1115/2/1559 1129/2/1559 1131/2/1559
f 1131/2/1560 1116/2/1560 1115/2/1560
f 1115/2/1561 1114/2/1561 1130/2/1561
f 1130/2/1561 1129/2/1561 1115/2/1561
f 1114/2/1562 1113/2/1562 1141/2/1562
f 1141/2/1562 1130/2/1562 1114/2/1562
f 1130/2/1563 1141/2/1563 1142/2/1563
f 1142/2/1563 1125/2/1563 1130/2/1563
f 1132/2/1564 1126/2/1564 1125/2/1564
f 1125/2/1564 1142/2/1564 1132/2/1564
f 1143/2/1565 1144/2/1565 1145/2/1565
f 1145/2/1566 1146/2/1566 1143/2/1566
f 1147/2/1567 1148/2/1567 1144/2/1567
f 1144/2/1568 1143/2/1568 1147/2/1568
f 1144/2/1569 1149/2/1569 1150/2/1569
f 1150/2/1569 1145/2/1569 1144/2/1569
f 1144/2/1570 1148/2/1570 1151/2/1570
f 1151/2/1570 1149/2/1570 1144/2/1570
f 1146/2/1571 1152/2/1571 1153/2/1571
f 1153/2/1571 1154/2/1571 1146/2/1571
f 1146/2/1572 1154/2/1572 1155/2/1572
f 1155/2/1573 1143/2/1573 1146/2/1573
f 1147/2/1574 1143/2/1574 1155/2/1574
f 1155/2/1575 1156/2/1575 1147/2/1575
f 1157/2/1576 1147/2/1576 1156/2/1576
f 1156/2/1576 1158/2/1576 1157/2/1576
f 1148/2/1577 1147/2/1577 1157/2/1577
f 1157/2/1577 1159/2/1577 1148/2/1577
f 1160/2/1578 1151/2/1578 1148/2/1578
f 1148/2/1579 1159/2/1579 1160/2/1579
f 1138/2/1580 1136/2/1580 1151/2/1580
f 1151/2/1581 1160/2/1581 1138/2/1581
f 1135/2/1582 1149/2/1582 1151/2/1582
f 1151/2/1582 1136/2/1582 1135/2/1582
f 1135/2/1583 1134/2/1583 1150/2/1583
f 1150/2/1584 1149/2/1584 1135/2/1584
f 1134/2/1585 1133/2/1585 1161/2/1585
f 1161/2/1585 1150/2/1585 1134/2/1585
f 1150/2/1586 1161/2/1586 1162/2/1586
f 1162/2/1587 1145/2/1587 1150/2/1587
f 1152/2/1588 1146/2/1588 1145/2/1588
f 1145/2/1589 1162/2/1589 1152/2/1589
f 1163/2/1590 1164/2/1590 1165/2/1590
f 1165/2/1590 1166/2/1590 1163/2/1590
f 1167/2/1591 1168/2/1591 1164/2/1591
f 1164/2/1591 1163/2/1591 1167/2/1591
f 1164/2/1592 1169/2/1592 1170/2/1592
f 1170/2/1593 1165/2/1593 1164/2/1593
f 1164/2/1594 1168/2/1594 1171/2/1594
f 1171/2/1594 1169/2/1594 1164/2/1594
f 1166/2/1595 1172/2/1595 1173/2/1595
f 1173/2/1595 1174/2/1595 1166/2/1595
f 1166/2/1596 1174/2/1596 1175/2/1596
f 1175/2/1596 1163/2/1596 1166/2/1596
f 1167/2/1597 1163/2/1597 1175/2/1597
f 1175/2/1597 1176/2/1597 1167/2/1597
f 1177/2/1598 1167/2/1598 1176/2/1598
f 1176/2/1598 1178/2/1598 1177/2/1598
f 1168/2/1599 1167/2/1599 1177/2/1599
f 1177/2/1600 1179/2/1600 1168/2/1600
f 1180/2/1601 1171/2/1601 1168/2/1601
f 1168/2/1601 1179/2/1601 1180/2/1601
f 1158/2/1602 1156/2/1602 1171/2/1602
f 1171/2/1602 1180/2/1602 1158/2/1602
f 1155/2/1603 1169/2/1603 1171/2/1603
f 1171/2/1603 1156/2/1603 1155/2/1603
f 1155/2/1604 1154/2/1604 1170/2/1604
f 1170/2/1604 1169/2/1604 1155/2/1604
f 1154/2/1605 1153/2/1605 1181/2/1605
f 1181/2/1606 1170/2/1606 1154/2/1607
f 1170/2/1608 1181/2/1608 1182/2/1608
f 1182/2/1608 1165/2/1608 1170/2/1608
f 1172/2/1609 1166/2/1609 1165/2/1609
f 1165/2/1609 1182/2/1609 1172/2/1609
f 1183/2/1277 1184/2/1277 1185/2/1277
f 1185/2/1278 1186/2/1278 1183/2/1278
f 1187/2/1610 1188/2/1610 1184/2/1610
f 1184/2/1610 1183/2/1610 1187/2/1610
f 1184/2/1281 1189/2/1281 1190/2/1281
f 1190/2/1281 1185/2/1281 1184/2/1281
f 1184/2/1280 1188/2/1280 1191/2/1280
f 1191/2/1280 1189/2/1280 1184/2/1280
f 1186/2/1286 1192/2/1286 1193/2/1286
f 1193/2/1286 1194/2/1286 1186/2/1286
f 1186/2/1611 1194/2/1611 1195/2/1611
f 1195/2/1285 1183/2/1285 1186/2/1285
f 1187/2/1284 1183/2/1284 1195/2/1284
f 1195/2/1284 1196/2/1284 1187/2/1284
f 1197/2/1282 1187/2/1282 1196/2/1282
f 1196/2/1612 1198/2/1612 1197/2/1612
f 1188/2/1613 1187/2/1613 1197/2/1613
f 1197/2/1296 1199/2/1296 1188/2/1296
f 1200/2/1295 1191/2/1295 1188/2/1295
f 1188/2/1295 1199/2/1295 1200/2/1295
f 1178/2/1294 1176/2/1294 1191/2/1294
f 1191/2/1294 1200/2/1294 1178/2/1294
f 1175/2/1292 1189/2/1292 1191/2/1292
f 1191/2/1614 1176/2/1614 1175/2/1614
f 1175/2/1291 1174/2/1291 1190/2/1291
f 1190/2/1615 1189/2/1615 1175/2/1615
f 1174/2/1290 1173/2/1290 1201/2/1290
f 1201/2/1290 1190/2/1290 1174/2/1290
f 1190/2/1289 1201/2/1289 1202/2/1289
f 1202/2/1289 1185/2/1289 1190/2/1289
f 1192/2/1287 1186/2/1287 1185/2/1287
f 1185/2/1287 1202/2/1287 1192/2/1287
f 1203/2/1299 1204/2/1299 1205/2/1299
f 1205/2/1299 1206/2/1299 1203/2/1299
f 1207/2/1298 1208/2/1298 1204/2/1298
f 1204/2/1297 1203/2/1297 1207/2/1297
f 1204/2/1616 1209/2/1616 1210/2/1616
f 1210/2/1616 1205/2/1616 1204/2/1616
f 1204/2/1301 1208/2/1301 1211/2/1301
f 1211/2/1617 1209/2/1617 1204/2/1617
f 1206/2/1618 1212/2/1618 1213/2/1618
f 1213/2/1306 1214/2/1306 1206/2/1306
f 1206/2/1619 1214/2/1619 1215/2/1619
f 1215/2/1620 1203/2/1620 1206/2/1620
f 1207/2/1621 1203/2/1621 1215/2/1621
f 1215/2/1621 1216/2/1621 1207/2/1621
f 1217/2/1303 1207/2/1303 1216/2/1303
f 1216/2/1303 1218/2/1303 1217/2/1303
f 1208/2/1319 1207/2/1319 1217/2/1319
f 1217/2/1622 1219/2/1622 1208/2/1622
f 1220/2/1318 1211/2/1318 1208/2/1318
f 1208/2/1318 1219/2/1318 1220/2/1318
f 1198/2/1316 1196/2/1316 1211/2/1316
f 1211/2/1316 1220/2/1316 1198/2/1316
f 1195/2/1315 1209/2/1315 1211/2/1315
f 1211/2/1315 1196/2/1315 1195/2/1315
f 1195/2/1623 1194/2/1623 1210/2/1623
f 1210/2/1312 1209/2/1312 1195/2/1312
f 1194/2/1310 1193/2/1310 1221/2/1310
f 1221/2/1310 1210/2/1310 1194/2/1310
f 1210/2/1624 1221/2/1624 1222/2/1624
f 1222/2/1309 1205/2/1309 1210/2/1309
f 1212/2/1308 1206/2/1308 1205/2/1308
f 1205/2/1308 1222/2/1308 1212/2/1308
f 1223/2/1322 1224/2/1322 1225/2/1322
f 1225/2/1322 1226/2/1322 1223/2/1322
f 1227/2/1320 1228/2/1320 1224/2/1320
f 1224/2/1320 1223/2/1320 1227/2/1320
f 1224/2/1625 1229/2/1625 1230/2/1625
f 1230/2/1625 1225/2/1625 1224/2/1625
f 1224/2/1626 1228/2/1626 1231/2/1626
f 1231/2/1627 1229/2/1627 1224/2/1627
f 1226/2/1329 1232/2/1329 1233/2/1329
f 1233/2/1628 1234/2/1628 1226/2/1628
f 1226/2/1328 1234/2/1328 1235/2/1328
f 1235/2/1328 1223/2/1328 1226/2/1328
f 1227/2/1327 1223/2/1327 1235/2/1327
f 1235/2/1327 1236/2/1327 1227/2/1327
f 1237/2/1326 1227/2/1326 1236/2/1326
f 1236/2/1326 1238/2/1326 1237/2/1326
f 1228/2/1629 1227/2/1629 1237/2/1630
f 1237/2/1629 1239/2/1629 1228/2/1629
f 1240/2/1339 1231/2/1339 1228/2/1339
f 1228/2/1339 1239/2/1339 1240/2/1339
f 1218/2/1338 1216/2/1338 1231/2/1338
f 1231/2/1338 1240/2/1338 1218/2/1338
f 1215/2/1337 1229/2/1337 1231/2/1337
f 1231/2/1337 1216/2/1337 1215/2/1337
f 1215/2/1631 1214/2/1631 1230/2/1631
f 1230/2/1631 1229/2/1631 1215/2/1631
f 1214/2/1334 1213/2/1334 1241/2/1334
f 1241/2/1334 1230/2/1334 1214/2/1334
f 1230/2/1332 1241/2/1332 1242/2/1332
f 1242/2/1332 1225/2/1332 1230/2/1332
f 1232/2/1632 1226/2/1632 1225/2/1632
f 1225/2/1330 1242/2/1330 1232/2/1330
f 1243/2/1633 1244/2/1633 1245/2/1633
f 1245/2/1634 1246/2/1634 1243/2/1634
f 1247/2/1341 1248/2/1341 1244/2/1341
f 1244/2/1635 1243/2/1635 1247/2/1635
f 1244/2/1345 1249/2/1345 1250/2/1345
f 1250/2/1345 1245/2/1345 1244/2/1345
f 1244/2/1344 1248/2/1344 1251/2/1344
f 1251/2/1344 1249/2/1344 1244/2/1344
f 1246/2/1350 1252/2/1350 1253/2/1350
f 1253/2/1350 1254/2/1350 1246/2/1350
f 1246/2/1636 1254/2/1636 1255/2/1636
f 1255/2/1637 1243/2/1637 1246/2/1637
f 1247/2/1638 1243/2/1638 1255/2/1638
f 1255/2/1347 1256/2/1347 1247/2/1347
f 1257/2/1639 1247/2/1639 1256/2/1639
f 1256/2/1346 1258/2/1346 1257/2/1346
f 1248/2/1640 1247/2/1640 1257/2/1640
f 1257/2/1641 1259/2/1641 1248/2/1641
f 1260/2/1642 1251/2/1642 1248/2/1642
f 1248/2/1360 1259/2/1360 1260/2/1360
f 1238/2/1359 1236/2/1359 1251/2/1359
f 1251/2/1359 1260/2/1359 1238/2/1359
f 1235/2/1643 1249/2/1643 1251/2/1643
f 1251/2/1643 1236/2/1643 1235/2/1643
f 1235/2/1644 1234/2/1644 1250/2/1644
f 1250/2/1645 1249/2/1645 1235/2/1645
f 1234/2/1354 1233/2/1354 1261/2/1354
f 1261/2/1646 1250/2/1646 1234/2/1646
f 1250/2/1647 1261/2/1647 1262/2/1647
f 1262/2/1648 1245/2/1648 1250/2/1648
f 1252/2/1351 1246/2/1351 1245/2/1351
f 1245/2/1351 1262/2/1351 1252/2/1351
f 1263/2/1649 1264/2/1649 1265/2/1649
f 1265/2/1650 1266/2/1650 1263/2/1650
f 1267/2/1362 1268/2/1362 1264/2/1362
f 1264/2/1362 1263/2/1362 1267/2/1362
f 1264/2/1366 1269/2/1366 1270/2/1366
f 1270/2/1366 1265/2/1366 1264/2/1366
f 1264/2/1365 1268/2/1365 1271/2/1365
f 1271/2/1365 1269/2/1365 1264/2/1365
f 1266/2/1371 1272/2/1371 1273/2/1371
f 1273/2/1371 1274/2/1371 1266/2/1371
f 1266/2/1651 1274/2/1651 1275/2/1651
f 1275/2/1370 1263/2/1370 1266/2/1370
f 1267/2/1652 1263/2/1652 1275/2/1652
f 1275/2/1369 1276/2/1369 1267/2/1369
f 1277/2/1653 1267/2/1653 1276/2/1653
f 1276/2/1653 1278/2/1653 1277/2/1653
f 1268/2/1381 1267/2/1381 1277/2/1381
f 1277/2/1654 1279/2/1654 1268/2/1654
f 1280/2/1380 1271/2/1380 1268/2/1380
f 1268/2/1380 1279/2/1380 1280/2/1380
f 1258/2/1378 1256/2/1378 1271/2/1378
f 1271/2/1378 1280/2/1378 1258/2/1378
f 1255/2/1376 1269/2/1376 1271/2/1376
f 1271/2/1376 1256/2/1376 1255/2/1376
f 1255/2/1375 1254/2/1375 1270/2/1375
f 1270/2/1375 1269/2/1375 1255/2/1375
f 1254/2/1655 1253/2/1655 1281/2/1655
f 1281/2/1656 1270/2/1656 1254/2/1656
f 1270/2/1657 1281/2/1657 1282/2/1657
f 1282/2/1373 1265/2/1373 1270/2/1373
f 1272/2/1372 1266/2/1372 1265/2/1372
f 1265/2/1372 1282/2/1372 1272/2/1372
f 1283/2/1384 1284/2/1384 1285/2/1384
f 1285/2/1384 1286/2/1384 1283/2/1384
f 1287/2/1383 1288/2/1383 1284/2/1383
f 1284/2/1383 1283/2/1383 1287/2/1383
f 1284/2/1386 1289/2/1386 1290/2/1386
f 1290/2/1386 1285/2/1386 1284/2/1386
f 1284/2/1658 1288/2/1658 1291/2/1658
f 1291/2/1385 1289/2/1385 1284/2/1385
f 1286/2/1390 1292/2/1390 1293/2/1390
f 1293/2/1390 1294/2/1390 1286/2/1390
f 1286/2/1659 1294/2/1659 1295/2/1659
f 1295/2/1389 1283/2/1389 1286/2/1389
f 1287/2/1388 1283/2/1388 1295/2/1388
f 1295/2/1388 1296/2/1388 1287/2/1388
f 1297/2/1387 1287/2/1387 1296/2/1387
f 1296/2/1387 1298/2/1387 1297/2/1387
f 1288/2/1401 1287/2/1401 1297/2/1401
f 1297/2/1401 1299/2/1401 1288/2/1401
f 1300/2/1400 1291/2/1400 1288/2/1400
f 1288/2/1399 1299/2/1399 1300/2/1399
f 1278/2/1660 1276/2/1660 1291/2/1660
f 1291/2/1661 1300/2/1661 1278/2/1661
f 1275/2/1396 1289/2/1396 1291/2/1396
f 1291/2/1396 1276/2/1396 1275/2/1396
f 1275/2/1395 1274/2/1395 1290/2/1395
f 1290/2/1395 1289/2/1395 1275/2/1395
f 1274/2/1393 1273/2/1393 1301/2/1393
f 1301/2/1394 1290/2/1394 1274/2/1394
f 1290/2/1662 1301/2/1662 1302/2/1662
f 1302/2/1662 1285/2/1662 1290/2/1662
f 1292/2/1391 1286/2/1391 1285/2/1391
f 1285/2/1391 1302/2/1391 1292/2/1391
f 1303/2/1663 1304/2/1663 1305/2/1663
f 1305/2/1405 1306/2/1405 1303/2/1405
f 1307/2/1403 1308/2/1403 1304/2/1403
f 1304/2/1664 1303/2/1664 1307/2/1664
f 1304/2/1408 1309/2/1408 1310/2/1408
f 1310/2/1665 1305/2/1665 1304/2/1665
f 1304/2/1666 1308/2/1666 1311/2/1666
f 1311/2/1667 1309/2/1667 1304/2/1667
f 1306/2/1668 1312/2/1668 1313/2/1668
f 1313/2/1412 1314/2/1412 1306/2/1412
f 1306/2/1669 1314/2/1669 1315/2/1669
f 1315/2/1411 1303/2/1411 1306/2/1411
f 1307/2/1410 1303/2/1410 1315/2/1410
f 1315/2/1410 1316/2/1410 1307/2/1410
f 1317/2/1670 1307/2/1670 1316/2/1670
f 1316/2/1409 1318/2/1409 1317/2/1409
f 1308/2/1422 1307/2/1422 1317/2/1422
f 1317/2/1422 1319/2/1422 1308/2/1422
f 1320/2/1671 1311/2/1671 1308/2/1671
f 1308/2/1671 1319/2/1671 1320/2/1671
f 1298/2/1419 1296/2/1419 1311/2/1419
f 1311/2/1419 1320/2/1419 1298/2/1419
f 1295/2/1672 1309/2/1672 1311/2/1672
f 1311/2/1418 1296/2/1418 1295/2/1418
f 1295/2/1416 1294/2/1416 1310/2/1416
f 1310/2/1416 1309/2/1416 1295/2/1416
f 1294/2/1673 1293/2/1673 1321/2/1673
f 1321/2/1415 1310/2/1415 1294/2/1415
f 1310/2/1674 1321/2/1674 1322/2/1674
f 1322/2/1674 1305/2/1674 1310/2/1674
f 1312/2/1413 1306/2/1413 1305/2/1413
f 1305/2/1413 1322/2/1413 1312/2/1413
f 1323/2/1424 1324/2/1424 1325/2/1424
f 1325/2/1424 1326/2/1424 1323/2/1424
f 1327/2/1423 1328/2/1423 1324/2/1423
f 1324/2/1423 1323/2/1423 1327/2/1423
f 1324/2/1427 1329/2/1427 1330/2/1427
f 1330/2/1675 1325/2/1675 1324/2/1675
f 1324/2/1426 1328/2/1426 1331/2/1426
f 1331/2/1426 1329/2/1426 1324/2/1426
f 1326/2/1433 1332/2/1433 1333/2/1433
f 1333/2/1433 1334/2/1433 1326/2/1433
f 1326/2/1676 1334/2/1676 1335/2/1676
f 1335/2/1677 1323/2/1677 1326/2/1677
f 1327/2/1430 1323/2/1430 1335/2/1430
f 1335/2/1430 1336/2/1430 1327/2/1430
f 1337/2/1678 1327/2/1678 1336/2/1678
f 1336/2/1428 1338/2/1428 1337/2/1428
f 1328/2/1441 1327/2/1441 1337/2/1441
f 1337/2/1441 1339/2/1441 1328/2/1441
f 1340/2/1440 1331/2/1440 1328/2/1440
f 1328/2/1440 1339/2/1440 1340/2/1440
f 1318/2/1439 1316/2/1439 1331/2/1439
f 1331/2/1679 1340/2/1679 1318/2/1679
f 1315/2/1680 1329/2/1680 1331/2/1680
f 1331/2/1438 1316/2/1438 1315/2/1438
f 1315/2/1681 1314/2/1681 1330/2/1681
f 1330/2/1437 1329/2/1437 1315/2/1437
f 1314/2/1436 1313/2/1436 1341/2/1436
f 1341/2/1436 1330/2/1436 1314/2/1436
f 1330/2/1682 1341/2/1682 1342/2/1682
f 1342/2/1682 1325/2/1682 1330/2/1682
f 1332/2/1683 1326/2/1683 1325/2/1683
f 1325/2/1683 1342/2/1683 1332/2/1683
f 1343/2/1444 1344/2/1444 1345/2/1444
f 1345/2/1444 1346/2/1444 1343/2/1444
f 1347/2/1684 1348/2/1684 1344/2/1684
f 1344/2/1684 1343/2/1684 1347/2/1684
f 1344/2/1685 1349/2/1685 1350/2/1685
f 1350/2/1447 1345/2/1447 1344/2/1447
f 1344/2/1686 1348/2/1686 1351/2/1686
f 1351/2/1446 1349/2/1446 1344/2/1446
f 1346/2/1451 1352/2/1451 1353/2/1451
f 1353/2/1451 1354/2/1451 1346/2/1451
f 1346/2/1450 1354/2/1450 1355/2/1450
f 1355/2/1450 1343/2/1450 1346/2/1450
f 1347/2/1687 1343/2/1687 1355/2/1687
f 1355/2/1449 1356/2/1449 1347/2/1449
f 1357/2/1448 1347/2/1448 1356/2/1448
f 1356/2/1688 1358/2/1688 1357/2/1688
f 1348/2/1460 1347/2/1460 1357/2/1460
f 1357/2/1460 1359/2/1460 1348/2/1460
f 1360/2/1459 1351/2/1459 1348/2/1459
f 1348/2/1459 1359/2/1459 1360/2/1459
f 1338/2/1457 1336/2/1457 1351/2/1457
f 1351/2/1457 1360/2/1457 1338/2/1457
f 1335/2/1456 1349/2/1456 1351/2/1456
f 1351/2/1456 1336/2/1456 1335/2/1456
f 1335/2/1455 1334/2/1455 1350/2/1455
f 1350/2/1689 1349/2/1689 1335/2/1689
f 1334/2/1454 1333/2/1454 1361/2/1454
f 1361/2/1454 1350/2/1454 1334/2/1454
f 1350/2/1453 1361/2/1453 1362/2/1453
f 1362/2/1453 1345/2/1453 1350/2/1453
f 1352/2/1690 1346/2/1690 1345/2/1690
f 1345/2/1452 1362/2/1452 1352/2/1452
f 1363/2/1462 1364/2/1462 1365/2/1462
f 1365/2/1462 1366/2/1462 1363/2/1462
f 1367/2/1461 1368/2/1461 1364/2/1461
f 1364/2/1691 1363/2/1691 1367/2/1691
f 1364/2/1465 1369/2/1465 1370/2/1465
f 1370/2/1465 1365/2/1465 1364/2/1465
f 1364/2/1463 1368/2/1463 1371/2/1463
f 1371/2/1692 1369/2/1692 1364/2/1692
f 1366/2/1693 1372/2/1693 1373/2/1693
f 1373/2/1693 1374/2/1693 1366/2/1693
f 1366/2/1469 1374/2/1469 1375/2/1469
f 1375/2/1469 1363/2/1469 1366/2/1469
f 1367/2/1694 1363/2/1694 1375/2/1694
f 1375/2/1468 1376/2/1468 1367/2/1468
f 1377/2/1466 1367/2/1466 1376/2/1466
f 1376/2/1466 1378/2/1466 1377/2/1466
f 1368/2/1481 1367/2/1481 1377/2/1481
f 1377/2/1481 1379/2/1481 1368/2/1481
f 1380/2/1695 1371/2/1695 1368/2/1695
f 1368/2/1696 1379/2/1696 1380/2/1696
f 1358/2/1697 1356/2/1697 1371/2/1697
f 1371/2/1698 1380/2/1698 1358/2/1698
f 1355/2/1477 1369/2/1477 1371/2/1477
f 1371/2/1477 1356/2/1477 1355/2/1477
f 1355/2/1476 1354/2/1476 1370/2/1476
f 1370/2/1476 1369/2/1476 1355/2/1476
f 1354/2/1475 1353/2/1475 1381/2/1475
f 1381/2/1475 1370/2/1475 1354/2/1475
f 1370/2/1474 1381/2/1474 1382/2/1474
f 1382/2/1474 1365/2/1474 1370/2/1474
f 1372/2/1699 1366/2/1699 1365/2/1699
f 1365/2/1471 1382/2/1471 1372/2/1471
f 1383/2/1483 1384/2/1483 1385/2/1483
f 1385/2/1700 1386/2/1700 1383/2/1700
f 1387/2/1482 1388/2/1482 1384/2/1482
f 1384/2/1482 1383/2/1482 1387/2/1482
f 1384/2/1486 1389/2/1486 1390/2/1486
f 1390/2/1486 1385/2/1486 1384/2/1486
f 1384/2/1485 1388/2/1485 1391/2/1485
f 1391/2/1485 1389/2/1485 1384/2/1485
f 1386/2/1491 1392/2/1491 1393/2/1491
f 1393/2/1492 1394/2/1492 1386/2/1492
f 1386/2/1490 1394/2/1490 1395/2/1490
f 1395/2/1490 1383/2/1490 1386/2/1490
f 1387/2/1489 1383/2/1489 1395/2/1489
f 1395/2/1489 1396/2/1489 1387/2/1489
f 1397/2/1701 1387/2/1701 1396/2/1701
f 1396/2/1487 1398/2/1487 1397/2/1487
f 1388/2/1702 1387/2/1702 1397/2/1702
f 1397/2/1501 1399/2/1501 1388/2/1501
f 1400/2/1703 1391/2/1703 1388/2/1703
f 1388/2/1500 1399/2/1500 1400/2/1500
f 1378/2/1499 1376/2/1499 1391/2/1499
f 1391/2/1704 1400/2/1704 1378/2/1704
f 1375/2/1498 1389/2/1498 1391/2/1498
f 1391/2/1498 1376/2/1498 1375/2/1498
f 1375/2/1497 1374/2/1497 1390/2/1497
f 1390/2/1497 1389/2/1497 1375/2/1497
f 1374/2/1496 1373/2/1496 1401/2/1496
f 1401/2/1496 1390/2/1496 1374/2/1496
f 1390/2/1495 1401/2/1495 1402/2/1495
f 1402/2/1495 1385/2/1495 1390/2/1495
f 1392/2/1493 1386/2/1493 1385/2/1493
f 1385/2/1493 1402/2/1493 1392/2/1493
f 1403/2/1503 1404/2/1503 1405/2/1503
f 1405/2/1503 1406/2/1503 1403/2/1503
f 1407/2/1502 1408/2/1502 1404/2/1502
f 1404/2/1502 1403/2/1502 1407/2/1502
f 1404/2/1506 1409/2/1506 1410/2/1506
f 1410/2/1705 1405/2/1705 1404/2/1705
f 1404/2/1505 1408/2/1505 1411/2/1505
f 1411/2/1706 1409/2/1706 1404/2/1706
f 1406/2/1707 1412/2/1707 1413/2/1707
f 1413/2/1511 1414/2/1511 1406/2/1511
f 1406/2/1708 1414/2/1708 1415/2/1708
f 1415/2/1510 1403/2/1510 1406/2/1510
f 1407/2/1509 1403/2/1509 1415/2/1509
f 1415/2/1509 1416/2/1509 1407/2/1509
f 1417/2/1709 1407/2/1709 1416/2/1709
f 1416/2/1508 1418/2/1508 1417/2/1508
f 1408/2/1710 1407/2/1710 1417/2/1710
f 1417/2/1710 1419/2/1710 1408/2/1710
f 1420/2/1711 1411/2/1711 1408/2/1711
f 1408/2/1519 1419/2/1519 1420/2/1519
f 1398/2/1518 1396/2/1518 1411/2/1518
f 1411/2/1518 1420/2/1518 1398/2/1518
f 1395/2/1712 1409/2/1712 1411/2/1712
f 1411/2/1713 1396/2/1713 1395/2/1713
f 1395/2/1516 1394/2/1516 1410/2/1516
f 1410/2/1516 1409/2/1516 1395/2/1516
f 1394/2/1515 1393/2/1515 1421/2/1515
f 1421/2/1515 1410/2/1515 1394/2/1515
f 1410/2/1514 1421/2/1514 1422/2/1514
f 1422/2/1514 1405/2/1514 1410/2/1514
f 1412/2/1513 1406/2/1513 1405/2/1513
f 1405/2/1513 1422/2/1513 1412/2/1513
f 1423/2/1523 1424/2/1523 1425/2/1523
f 1425/2/1523 1426/2/1523 1423/2/1523
f 1427/2/1522 1428/2/1522 1424/2/1522
f 1424/2/1522 1423/2/1522 1427/2/1522
f 1424/2/1525 1429/2/1525 1430/2/1525
f 1430/2/1525 1425/2/1525 1424/2/1525
f 1424/2/1524 1428/2/1524 1431/2/1524
f 1431/2/1714 1429/2/1714 1424/2/1714
f 1426/2/1531 1432/2/1531 1433/2/1531
f 1433/2/1532 1434/2/1532 1426/2/1532
f 1426/2/1715 1434/2/1715 1435/2/1715
f 1435/2/1715 1423/2/1715 1426/2/1715
f 1427/2/1528 1423/2/1528 1435/2/1528
f 1435/2/1716 1436/2/1716 1427/2/1716
f 1437/2/1526 1427/2/1526 1436/2/1526
f 1436/2/1526 1438/2/1526 1437/2/1526
f 1428/2/1541 1427/2/1541 1437/2/1541
f 1437/2/1541 1439/2/1541 1428/2/1541
f 1440/2/1717 1431/2/1717 1428/2/1717
f 1428/2/1717 1439/2/1717 1440/2/1717
f 1418/2/1539 1416/2/1539 1431/2/1539
f 1431/2/1539 1440/2/1539 1418/2/1539
f 1415/2/1538 1429/2/1538 1431/2/1538
f 1431/2/1538 1416/2/1538 1415/2/1538
f 1415/2/1537 1414/2/1537 1430/2/1537
f 1430/2/1536 1429/2/1536 1415/2/1536
f 1414/2/1535 1413/2/1535 1441/2/1535
f 1441/2/1535 1430/2/1535 1414/2/1535
f 1430/2/1534 1441/2/1534 1442/2/1534
f 1442/2/1534 1425/2/1534 1430/2/1534
f 1432/2/1533 1426/2/1533 1425/2/1533
f 1425/2/1533 1442/2/1533 1432/2/1533
f 1443/2/1544 1444/2/1544 1445/2/1544
f 1445/2/1544 1446/2/1544 1443/2/1544
f 1447/2/1543 1448/2/1543 1444/2/1543
f 1444/2/1718 1443/2/1718 1447/2/1718
f 1444/2/1719 1449/2/1719 1450/2/1719
f 1450/2/1719 1445/2/1719 1444/2/1719
f 1444/2/1545 1448/2/1545 1451/2/1545
f 1451/2/1545 1449/2/1545 1444/2/1545
f 1446/2/1553 1452/2/1553 1453/2/1553
f 1453/2/1553 1454/2/1553 1446/2/1553
f 1446/2/1720 1454/2/1720 1455/2/1720
f 1455/2/1720 1443/2/1720 1446/2/1720
f 1447/2/1550 1443/2/1550 1455/2/1550
f 1455/2/1550 1456/2/1550 1447/2/1550
f 1457/2/1721 1447/2/1721 1456/2/1721
f 1456/2/1548 1458/2/1548 1457/2/1548
f 1448/2/1564 1447/2/1564 1457/2/1564
f 1457/2/1722 1459/2/1722 1448/2/1722
f 1460/2/1563 1451/2/1563 1448/2/1563
f 1448/2/1723 1459/2/1723 1460/2/1723
f 1438/2/1562 1436/2/1562 1451/2/1562
f 1451/2/1562 1460/2/1562 1438/2/1562
f 1435/2/1561 1449/2/1561 1451/2/1561
f 1451/2/1561 1436/2/1561 1435/2/1561
f 1435/2/1560 1434/2/1560 1450/2/1560
f 1450/2/1560 1449/2/1560 1435/2/1560
f 1434/2/1724 1433/2/1724 1461/2/1724
f 1461/2/1725 1450/2/1725 1434/2/1725
f 1450/2/1557 1461/2/1557 1462/2/1557
f 1462/2/1726 1445/2/1726 1450/2/1726
f 1452/2/1727 1446/2/1727 1445/2/1727
f 1445/2/1728 1462/2/1728 1452/2/1728
f 1463/2/1567 1464/2/1567 1465/2/1567
f 1465/2/1729 1466/2/1729 1463/2/1729
f 1467/2/1566 1468/2/1566 1464/2/1566
f 1464/2/1566 1463/2/1566 1467/2/1566
f 1464/2/1730 1469/2/1730 1470/2/1730
f 1470/2/1570 1465/2/1570 1464/2/1570
f 1464/2/1569 1468/2/1569 1471/2/1569
f 1471/2/1731 1469/2/1731 1464/2/1731
f 1466/2/1732 1472/2/1732 1473/2/1732
f 1473/2/1576 1474/2/1576 1466/2/1576
f 1466/2/1733 1474/2/1733 1475/2/1733
f 1475/2/1734 1463/2/1734 1466/2/1734
f 1467/2/1572 1463/2/1572 1475/2/1572
f 1475/2/1572 1476/2/1572 1467/2/1572
f 1477/2/1571 1467/2/1571 1476/2/1571
f 1476/2/1735 1478/2/1735 1477/2/1735
f 1468/2/1588 1467/2/1588 1477/2/1588
f 1477/2/1588 1479/2/1588 1468/2/1588
f 1480/2/1736 1471/2/1736 1468/2/1736
f 1468/2/1586 1479/2/1586 1480/2/1586
f 1458/2/1585 1456/2/1585 1471/2/1585
f 1471/2/1585 1480/2/1585 1458/2/1585
f 1455/2/1583 1469/2/1583 1471/2/1583
f 1471/2/1583 1456/2/1583 1455/2/1583
f 1455/2/1737 1454/2/1737 1470/2/1737
f 1470/2/1582 1469/2/1582 1455/2/1582
f 1454/2/1580 1453/2/1580 1481/2/1580
f 1481/2/1580 1470/2/1580 1454/2/1580
f 1470/2/1579 1481/2/1579 1482/2/1579
f 1482/2/1579 1465/2/1579 1470/2/1579
f 1472/2/1577 1466/2/1577 1465/2/1577
f 1465/2/1577 1482/2/1577 1472/2/1577
f 1483/2/1591 1484/2/1591 1485/2/1591
f 1485/2/1591 1486/2/1591 1483/2/1591
f 1487/2/1590 1488/2/1590 1484/2/1590
f 1484/2/1590 1483/2/1590 1487/2/1590
f 1484/2/1738 1489/2/1738 1490/2/1738
f 1490/2/1594 1485/2/1594 1484/2/1594
f 1484/2/1592 1488/2/1592 1491/2/1592
f 1491/2/1593 1489/2/1593 1484/2/1593
f 1486/2/1739 1492/2/1739 881/2/1739
f 881/2/1739 879/2/1739 1486/2/1739
f 1483/2/1597 1486/2/1597 879/2/1597
f 879/2/1597 878/2/1597 1483/2/1597
f 1483/2/1596 878/2/1596 876/2/1596
f 876/2/1596 1487/2/1596 1483/2/1596
f 876/2/1740 877/2/1740 1493/2/1740
f 1493/2/1595 1487/2/1595 876/2/1595
f 1488/2/1609 1487/2/1609 1493/2/1609
f 1493/2/1609 1494/2/1609 1488/2/1609
f 1495/2/1741 1491/2/1741 1488/2/1741
f 1488/2/1608 1494/2/1608 1495/2/1608
f 1478/2/1742 1476/2/1742 1491/2/1742
f 1491/2/1743 1495/2/1743 1478/2/1743
f 1475/2/1604 1489/2/1604 1491/2/1604
f 1491/2/1604 1476/2/1604 1475/2/1604
f 1475/2/1744 1474/2/1744 1490/2/1744
f 1490/2/1603 1489/2/1603 1475/2/1603
f 1474/2/1602 1473/2/1602 1496/2/1602
f 1496/2/1602 1490/2/1602 1474/2/1602
f 1490/2/1601 1496/2/1601 1497/2/1601
f 1497/2/1601 1485/2/1601 1490/2/1601
f 1492/2/1600 1486/2/1600 1485/2/1600
f 1485/2/1600 1497/2/1600 1492/2/1600
f 1498/2/1745 1499/2/1745 1500/2/1745
f 1500/2/1745 1501/2/1745 1498/2/1745
f 1502/2/1746 1503/2/1746 1499/2/1746
f 1499/2/1747 1498/2/1747 1502/2/1747
f 1499/2/1748 1504/2/1748 1505/2/1748
f 1505/2/1749 1500/2/1749 1499/2/1749
f 1499/2/1750 1503/2/1750 1506/2/1750
f 1506/2/1751 1504/2/1751 1499/2/1751
f 1507/2/1752 1501/2/1752 1508/2/1752
f 1508/2/1752 1509/2/1752 1507/2/1752
f 1510/2/1753 1498/2/1753 1501/2/1753
f 1501/2/1753 1507/2/1753 1510/2/1753
f 1498/2/1754 1510/2/1754 1511/2/1754
f 1511/2/1754 1502/2/1754 1498/2/1754
f 842/2/1755 1502/2/1755 1511/2/1755
f 1511/2/1755 843/2/1755 842/2/1755
f 842/2/1756 857/2/1756 1503/2/1756
f 1503/2/1756 1502/2/1756 842/2/1756
f 856/2/1757 1506/2/1757 1503/2/1757
f 1503/2/1757 857/2/1757 856/2/1757
f 1506/2/1758 856/2/1758 855/2/1758
f 855/2/1759 1512/2/1759 1506/2/1759
f 1512/2/1760 1513/2/1760 1504/2/1760
f 1504/2/1760 1506/2/1760 1512/2/1760
f 1504/2/1761 1513/2/1761 1514/2/1761
f 1514/2/1762 1505/2/1762 1504/2/1762
f 1514/2/1763 1515/2/1763 1516/2/1763
f 1516/2/1763 1505/2/1763 1514/2/1763
f 1505/2/1764 1516/2/1764 1517/2/1764
f 1517/2/1765 1500/2/1765 1505/2/1765
f 1501/2/1766 1500/2/1766 1517/2/1766
f 1517/2/1767 1508/2/1767 1501/2/1767
f 1518/2/1768 1519/2/1768 1520/2/1768
f 1520/2/1769 1521/2/1769 1518/2/1769
f 1522/2/1770 1523/2/1770 1519/2/1770
f 1519/2/1771 1518/2/1771 1522/2/1771
f 1519/2/1772 1524/2/1772 1525/2/1772
f 1525/2/1772 1520/2/1772 1519/2/1772
f 1519/2/1773 1523/2/1773 1526/2/1773
f 1526/2/1774 1524/2/1774 1519/2/1774
f 1527/2/1775 1528/2/1775 1529/2/1775
f 1529/2/1776 1521/2/1776 1527/2/1776
f 1529/2/1777 1530/2/1777 1518/2/1777
f 1518/2/1778 1521/2/1778 1529/2/1778
f 1518/2/1779 1530/2/1779 1531/2/1779
f 1531/2/1780 1522/2/1780 1518/2/1780
f 1508/2/1781 1522/2/1781 1531/2/1781
f 1531/2/1782 1509/2/1782 1508/2/1782
f 1522/2/1783 1508/2/1783 1517/2/1783
f 1517/2/1784 1523/2/1784 1522/2/1784
f 1516/2/1785 1526/2/1785 1523/2/1785
f 1523/2/1786 1517/2/1786 1516/2/1786
f 1526/2/1787 1516/2/1787 1515/2/1787
f 1515/2/1788 1532/2/1788 1526/2/1788
f 1532/2/1789 1533/2/1789 1524/2/1789
f 1524/2/1789 1526/2/1789 1532/2/1789
f 1534/2/1790 1525/2/1790 1524/2/1790
f 1524/2/1791 1533/2/1791 1534/2/1791
f 1534/2/1792 1535/2/1792 1536/2/1792
f 1536/2/1792 1525/2/1792 1534/2/1792
f 1520/2/1793 1525/2/1793 1536/2/1793
f 1536/2/1793 1537/2/1793 1520/2/1793
f 1537/2/1794 1527/2/1794 1521/2/1794
f 1521/2/1794 1520/2/1794 1537/2/1794
f 1538/2/1795 1539/2/1795 1540/2/1795
f 1540/2/1795 1541/2/1795 1538/2/1795
f 1542/2/1796 1543/2/1796 1539/2/1796
f 1539/2/1796 1538/2/1796 1542/2/1796
f 1539/2/1797 1544/2/1797 1545/2/1797
f 1545/2/1797 1540/2/1797 1539/2/1797
f 1539/2/1798 1543/2/1798 1546/2/1798
f 1546/2/1799 1544/2/1799 1539/2/1799
f 1547/2/1800 1548/2/1800 1549/2/1800
f 1549/2/1801 1541/2/1801 1547/2/1801
f 1538/2/1802 1541/2/1802 1549/2/1802
f 1549/2/1802 1550/2/1802 1538/2/1802
f 1538/2/1803 1550/2/1803 1551/2/1803
f 1551/2/1803 1542/2/1803 1538/2/1803
f 1527/2/1804 1542/2/1804 1551/2/1804
f 1551/2/1804 1528/2/1804 1527/2/1804
f 1542/2/1805 1527/2/1805 1537/2/1805
f 1537/2/1806 1543/2/1806 1542/2/1806
f 1536/2/1807 1546/2/1807 1543/2/1807
f 1543/2/1808 1537/2/1808 1536/2/1808
f 1546/2/1809 1536/2/1809 1535/2/1809
f 1535/2/1809 1552/2/1809 1546/2/1809
f 1552/2/1810 1553/2/1810 1544/2/1810
f 1544/2/1810 1546/2/1810 1552/2/1810
f 1553/2/1811 1554/2/1811 1545/2/1811
f 1545/2/1811 1544/2/1811 1553/2/1811
f 1554/2/1812 1555/2/1812 1556/2/1812
f 1556/2/1813 1545/2/1813 1554/2/1813
f 1545/2/1814 1556/2/1814 1557/2/1814
f 1557/2/1814 1540/2/1814 1545/2/1814
f 1540/2/1815 1557/2/1815 1547/2/1815
f 1547/2/1815 1541/2/1815 1540/2/1815
f 1558/2/1816 1559/2/1816 1560/2/1816
f 1560/2/1817 1561/2/1817 1558/2/1817
f 1562/2/1818 1563/2/1818 1559/2/1818
f 1559/2/1818 1558/2/1818 1562/2/1818
f 1559/2/1819 1564/2/1819 1565/2/1819
f 1565/2/1820 1560/2/1820 1559/2/1820
f 1559/2/1821 1563/2/1821 1566/2/1821
f 1566/2/1821 1564/2/1821 1559/2/1821
f 1567/2/1822 1568/2/1822 1569/2/1822
f 1569/2/1822 1561/2/1822 1567/2/1822
f 1558/2/1823 1561/2/1823 1569/2/1823
f 1569/2/1823 1570/2/1823 1558/2/1823
f 1558/2/1824 1570/2/1824 1571/2/1824
f 1571/2/1825 1562/2/1825 1558/2/1825
f 1547/2/1826 1562/2/1826 1571/2/1826
f 1571/2/1827 1548/2/1827 1547/2/1827
f 1562/2/1828 1547/2/1828 1557/2/1828
f 1557/2/1828 1563/2/1828 1562/2/1828
f 1563/2/1829 1557/2/1829 1556/2/1829
f 1556/2/1829 1566/2/1829 1563/2/1829
f 1566/2/1830 1556/2/1830 1555/2/1830
f 1555/2/1830 1572/2/1830 1566/2/1830
f 1572/2/1831 1573/2/1831 1564/2/1831
f 1564/2/1831 1566/2/1831 1572/2/1831
f 1573/2/1832 1574/2/1832 1565/2/1832
f 1565/2/1832 1564/2/1832 1573/2/1832
f 1574/2/1833 1575/2/1833 1576/2/1833
f 1576/2/1834 1565/2/1834 1574/2/1834
f 1560/2/1835 1565/2/1835 1576/2/1835
f 1576/2/1836 1577/2/1836 1560/2/1836
f 1560/2/1837 1577/2/1837 1567/2/1837
f 1567/2/1837 1561/2/1837 1560/2/1837
f 1578/2/1838 1579/2/1838 1580/2/1838
f 1580/2/1838 1581/2/1838 1578/2/1838
f 1582/2/1839 1583/2/1839 1579/2/1839
f 1579/2/1840 1578/2/1840 1582/2/1840
f 1579/2/1841 1584/2/1841 1585/2/1841
f 1585/2/1841 1580/2/1841 1579/2/1841
f 1579/2/1842 1583/2/1842 1586/2/1842
f 1586/2/1842 1584/2/1842 1579/2/1842
f 1587/2/1843 1588/2/1843 1589/2/1843
f 1589/2/1844 1581/2/1844 1587/2/1844
f 1578/2/1845 1581/2/1845 1589/2/1845
f 1589/2/1845 1590/2/1845 1578/2/1845
f 1578/2/1846 1590/2/1846 1591/2/1846
f 1591/2/1847 1582/2/1847 1578/2/1847
f 1567/2/1848 1582/2/1848 1591/2/1848
f 1591/2/1848 1568/2/1848 1567/2/1848
f 1582/2/1849 1567/2/1849 1577/2/1849
f 1577/2/1849 1583/2/1849 1582/2/1849
f 1576/2/1850 1586/2/1850 1583/2/1850
f 1583/2/1850 1577/2/1850 1576/2/1850
f 1586/2/1851 1576/2/1851 1575/2/1851
f 1575/2/1852 1592/2/1852 1586/2/1852
f 1592/2/1853 1593/2/1853 1584/2/1853
f 1584/2/1853 1586/2/1853 1592/2/1853
f 1593/2/1854 1594/2/1854 1585/2/1854
f 1585/2/1854 1584/2/1854 1593/2/1854
f 1594/2/1855 1595/2/1855 1596/2/1855
f 1596/2/1855 1585/2/1855 1594/2/1855
f 1580/2/1856 1585/2/1856 1596/2/1856
f 1596/2/1856 1597/2/1856 1580/2/1856
f 1580/2/1857 1597/2/1857 1587/2/1857
f 1587/2/1857 1581/2/1857 1580/2/1857
f 1598/2/1858 1599/2/1858 1600/2/1858
f 1600/2/1858 1601/2/1858 1598/2/1858
f 1602/2/1859 1603/2/1859 1599/2/1859
f 1599/2/1860 1598/2/1860 1602/2/1860
f 1599/2/1861 1604/2/1862 1605/2/1862
f 1605/2/1863 1600/2/1863 1599/2/1863
f 1599/2/1864 1603/2/1864 1606/2/1864
f 1606/2/1865 1604/2/1865 1599/2/1865
f 1607/2/1866 1608/2/1866 1609/2/1866
f 1609/2/1866 1601/2/1866 1607/2/1866
f 1598/2/1867 1601/2/1867 1609/2/1867
f 1609/2/1867 1610/2/1867 1598/2/1867
f 1598/2/1868 1610/2/1868 1611/2/1868
f 1611/2/1868 1602/2/1868 1598/2/1868
f 1587/2/1869 1602/2/1869 1611/2/1869
f 1611/2/1869 1588/2/1869 1587/2/1869
f 1602/2/1870 1587/2/1870 1597/2/1870
f 1597/2/1870 1603/2/1870 1602/2/1870
f 1596/2/1871 1606/2/1871 1603/2/1871
f 1603/2/1872 1597/2/1872 1596/2/1872
f 1606/2/1873 1596/2/1873 1595/2/1873
f 1595/2/1873 1612/2/1873 1606/2/1873
f 1612/2/1874 1613/2/1874 1604/2/1874
f 1604/2/1874 1606/2/1874 1612/2/1874
f 1613/2/1875 1614/2/1875 1605/2/1875
f 1605/2/1875 1604/2/1875 1613/2/1875
f 1614/2/1876 1615/2/1876 1616/2/1876
f 1616/2/1877 1605/2/1877 1614/2/1877
f 1600/2/1878 1605/2/1878 1616/2/1878
f 1616/2/1878 1617/2/1878 1600/2/1878
f 1600/2/1879 1617/2/1879 1607/2/1879
f 1607/2/1879 1601/2/1879 1600/2/1879
f 1618/2/1880 1619/2/1880 1620/2/1880
f 1620/2/1881 1621/2/1881 1618/2/1881
f 1622/2/1882 1623/2/1882 1619/2/1882
f 1619/2/1882 1618/2/1882 1622/2/1882
f 1619/2/1883 1624/2/1883 1625/2/1883
f 1625/2/1883 1620/2/1883 1619/2/1883
f 1619/2/1884 1623/2/1884 1626/2/1884
f 1626/2/1884 1624/2/1884 1619/2/1884
f 1627/2/1885 1628/2/1885 1629/2/1885
f 1629/2/1885 1621/2/1885 1627/2/1885
f 1618/2/1886 1621/2/1886 1629/2/1886
f 1629/2/1887 1630/2/1887 1618/2/1887
f 1618/2/1888 1630/2/1888 1631/2/1888
f 1631/2/1888 1622/2/1888 1618/2/1888
f 1607/2/1889 1622/2/1889 1631/2/1889
f 1631/2/1889 1608/2/1889 1607/2/1889
f 1622/2/1890 1607/2/1890 1617/2/1890
f 1617/2/1890 1623/2/1890 1622/2/1890
f 1616/2/1891 1626/2/1891 1623/2/1891
f 1623/2/1891 1617/2/1891 1616/2/1891
f 1626/2/1892 1616/2/1892 1615/2/1892
f 1615/2/1893 1632/2/1893 1626/2/1893
f 1632/2/1894 1633/2/1894 1624/2/1894
f 1624/2/1894 1626/2/1894 1632/2/1894
f 1633/2/1895 1634/2/1895 1625/2/1895
f 1625/2/1895 1624/2/1895 1633/2/1895
f 1634/2/1896 1635/2/1896 1636/2/1896
f 1636/2/1897 1625/2/1897 1634/2/1897
f 1620/2/1898 1625/2/1898 1636/2/1898
f 1636/2/1898 1637/2/1898 1620/2/1898
f 1620/2/1899 1637/2/1899 1627/2/1899
f 1627/2/1900 1621/2/1900 1620/2/1900
f 1638/2/1901 1639/2/1901 1640/2/1901
f 1640/2/1901 1641/2/1901 1638/2/1901
f 1642/2/1902 1643/2/1902 1639/2/1902
f 1639/2/1903 1638/2/1903 1642/2/1903
f 1639/2/1904 1644/2/1904 1645/2/1904
f 1645/2/1905 1640/2/1905 1639/2/1905
f 1639/2/1906 1643/2/1906 1646/2/1906
f 1646/2/1906 1644/2/1906 1639/2/1906
f 1647/2/1907 1648/2/1907 1649/2/1907
f 1649/2/1907 1641/2/1907 1647/2/1907
f 1638/2/1908 1641/2/1908 1649/2/1908
f 1649/2/1909 1650/2/1909 1638/2/1909
f 1638/2/1910 1650/2/1910 1651/2/1910
f 1651/2/1911 1642/2/1911 1638/2/1911
f 1627/2/1912 1642/2/1912 1651/2/1912
f 1651/2/1912 1628/2/1912 1627/2/1912
f 1642/2/1913 1627/2/1913 1637/2/1913
f 1637/2/1914 1643/2/1914 1642/2/1914
f 1636/2/1915 1646/2/1915 1643/2/1915
f 1643/2/1915 1637/2/1915 1636/2/1915
f 1652/2/1916 1646/2/1916 1636/2/1916
f 1636/2/1917 1635/2/1917 1652/2/1917
f 1652/2/1918 1653/2/1918 1644/2/1918
f 1644/2/1918 1646/2/1918 1652/2/1918
f 1653/2/1919 1654/2/1919 1645/2/1919
f 1645/2/1919 1644/2/1919 1653/2/1919
f 1654/2/1920 1655/2/1920 1656/2/1920
f 1656/2/1921 1645/2/1921 1654/2/1921
f 1640/2/1922 1645/2/1922 1656/2/1922
f 1656/2/1922 1657/2/1922 1640/2/1922
f 1640/2/1923 1657/2/1923 1647/2/1923
f 1647/2/1924 1641/2/1924 1640/2/1924
f 1658/2/1925 1659/2/1925 1660/2/1925
f 1660/2/1925 1661/2/1925 1658/2/1925
f 1662/2/1926 1663/2/1926 1659/2/1926
f 1659/2/1926 1658/2/1926 1662/2/1926
f 1659/2/1927 1664/2/1927 1665/2/1927
f 1665/2/1928 1660/2/1928 1659/2/1928
f 1659/2/1929 1663/2/1929 1666/2/1929
f 1666/2/1929 1664/2/1929 1659/2/1929
f 1667/2/1930 1668/2/1930 1669/2/1930
f 1669/2/1930 1661/2/1930 1667/2/1930
f 1658/2/1931 1661/2/1931 1669/2/1931
f 1669/2/1931 1670/2/1931 1658/2/1931
f 1658/2/1932 1670/2/1932 1671/2/1932
f 1671/2/1932 1662/2/1932 1658/2/1932
f 1647/2/1933 1662/2/1933 1671/2/1933
f 1671/2/1934 1648/2/1934 1647/2/1934
f 1662/2/1935 1647/2/1935 1657/2/1935
f 1657/2/1936 1663/2/1936 1662/2/1936
f 1656/2/1937 1666/2/1937 1663/2/1937
f 1663/2/1937 1657/2/1937 1656/2/1937
f 1666/2/1938 1656/2/1938 1655/2/1938
f 1655/2/1939 1672/2/1939 1666/2/1939
f 1672/2/1940 1673/2/1940 1664/2/1940
f 1664/2/1940 1666/2/1940 1672/2/1940
f 1673/2/1941 1674/2/1941 1665/2/1941
f 1665/2/1942 1664/2/1942 1673/2/1942
f 1674/2/1943 1675/2/1943 1676/2/1943
f 1676/2/1943 1665/2/1943 1674/2/1943
f 1660/2/1944 1665/2/1944 1676/2/1944
f 1676/2/1944 1677/2/1944 1660/2/1944
f 1660/2/1945 1677/2/1945 1667/2/1945
f 1667/2/1945 1661/2/1945 1660/2/1945
f 1678/2/1946 1679/2/1946 1680/2/1946
f 1680/2/1946 1681/2/1946 1678/2/1946
f 1682/2/1947 1683/2/1947 1679/2/1947
f 1679/2/1947 1678/2/1947 1682/2/1947
f 1679/2/1948 1684/2/1948 1685/2/1948
f 1685/2/1948 1680/2/1948 1679/2/1948
f 1679/2/1949 1683/2/1949 1686/2/1949
f 1686/2/1950 1684/2/1950 1679/2/1950
f 1687/2/1951 1688/2/1951 1689/2/1951
f 1689/2/1952 1681/2/1952 1687/2/1952
f 1678/2/1953 1681/2/1953 1689/2/1953
f 1689/2/1954 1690/2/1954 1678/2/1954
f 1678/2/1955 1690/2/1955 1691/2/1955
f 1691/2/1955 1682/2/1955 1678/2/1955
f 1667/2/1956 1682/2/1956 1691/2/1956
f 1691/2/1957 1668/2/1957 1667/2/1957
f 1682/2/1958 1667/2/1958 1677/2/1958
f 1677/2/1958 1683/2/1958 1682/2/1958
f 1676/2/1959 1686/2/1959 1683/2/1959
f 1683/2/1960 1677/2/1960 1676/2/1960
f 1686/2/1961 1676/2/1961 1675/2/1961
f 1675/2/1961 1692/2/1961 1686/2/1961
f 1692/2/1962 1693/2/1962 1684/2/1962
f 1684/2/1962 1686/2/1962 1692/2/1962
f 1693/2/1963 1694/2/1963 1685/2/1963
f 1685/2/1963 1684/2/1963 1693/2/1963
f 1694/2/1964 1695/2/1964 1696/2/1964
f 1696/2/1965 1685/2/1965 1694/2/1965
f 1680/2/1966 1685/2/1966 1696/2/1966
f 1696/2/1966 1697/2/1966 1680/2/1966
f 1680/2/1967 1697/2/1967 1687/2/1967
f 1687/2/1967 1681/2/1967 1680/2/1967
f 1698/2/1968 1699/2/1968 1700/2/1968
f 1700/2/1968 1701/2/1968 1698/2/1968
f 1702/2/1969 1703/2/1969 1699/2/1969
f 1699/2/1969 1698/2/1969 1702/2/1969
f 1699/2/1970 1704/2/1970 1705/2/1970
f 1705/2/1971 1700/2/1971 1699/2/1971
f 1699/2/1972 1703/2/1972 1706/2/1972
f 1706/2/1973 1704/2/1973 1699/2/1973
f 1707/2/1974 1708/2/1974 1709/2/1974
f 1709/2/1975 1701/2/1975 1707/2/1975
f 1698/2/1976 1701/2/1976 1709/2/1976
f 1709/2/1976 1710/2/1976 1698/2/1976
f 1698/2/1977 1710/2/1977 1711/2/1977
f 1711/2/1977 1702/2/1977 1698/2/1977
f 1687/2/1978 1702/2/1978 1711/2/1978
f 1711/2/1978 1688/2/1978 1687/2/1978
f 1702/2/1979 1687/2/1979 1697/2/1979
f 1697/2/1980 1703/2/1980 1702/2/1980
f 1696/2/1981 1706/2/1981 1703/2/1981
f 1703/2/1982 1697/2/1982 1696/2/1982
f 1706/2/1983 1696/2/1983 1695/2/1983
f 1695/2/1983 1712/2/1983 1706/2/1983
f 1712/2/1984 1713/2/1984 1704/2/1984
f 1704/2/1985 1706/2/1985 1712/2/1985
f 1713/2/1986 1714/2/1986 1705/2/1986
f 1705/2/1987 1704/2/1987 1713/2/1987
f 1714/2/1988 1715/2/1988 1716/2/1988
f 1716/2/1988 1705/2/1988 1714/2/1988
f 1700/2/1989 1705/2/1989 1716/2/1989
f 1716/2/1989 1717/2/1989 1700/2/1989
f 1700/2/1990 1717/2/1990 1707/2/1990
f 1707/2/1990 1701/2/1990 1700/2/1990
f 1718/2/1991 1719/2/1991 1720/2/1991
f 1720/2/1991 1721/2/1991 1718/2/1991
f 1722/2/1992 1723/2/1992 1719/2/1992
f 1719/2/1992 1718/2/1992 1722/2/1992
f 1719/2/1993 1724/2/1993 1725/2/1993
f 1725/2/1994 1720/2/1994 1719/2/1994
f 1719/2/1995 1723/2/1995 1726/2/1995
f 1726/2/1995 1724/2/1995 1719/2/1995
f 1727/2/1996 1728/2/1996 1729/2/1996
f 1729/2/1997 1721/2/1997 1727/2/1997
f 1718/2/1998 1721/2/1998 1729/2/1998
f 1729/2/1998 1730/2/1998 1718/2/1998
f 1718/2/1999 1730/2/1999 1731/2/1999
f 1731/2/1999 1722/2/1999 1718/2/1999
f 1707/2/2000 1722/2/2000 1731/2/2000
f 1731/2/2000 1708/2/2000 1707/2/2000
f 1722/2/2001 1707/2/2001 1717/2/2001
f 1717/2/2002 1723/2/2002 1722/2/2002
f 1716/2/2003 1726/2/2003 1723/2/2003
f 1723/2/2003 1717/2/2003 1716/2/2003
f 1726/2/2004 1716/2/2004 1715/2/2004
f 1715/2/2004 1732/2/2004 1726/2/2004
f 1732/2/2005 1733/2/2005 1724/2/2005
f 1724/2/2005 1726/2/2005 1732/2/2005
f 1733/2/2006 1734/2/2006 1725/2/2006
f 1725/2/2006 1724/2/2006 1733/2/2006
f 1734/2/2007 1735/2/2007 1736/2/2007
f 1736/2/2008 1725/2/2008 1734/2/2008
f 1720/2/2009 1725/2/2009 1736/2/2009
f 1736/2/2009 1737/2/2009 1720/2/2009
f 1720/2/2010 1737/2/2010 1727/2/2010
f 1727/2/2011 1721/2/2011 1720/2/2011
f 1738/2/2012 1739/2/2012 1740/2/2012
f 1740/2/2013 1741/2/2013 1738/2/2013
f 1742/2/2014 1743/2/2014 1739/2/2014
f 1739/2/2015 1738/2/2015 1742/2/2015
f 1739/2/2016 1744/2/2016 1745/2/2016
f 1745/2/2017 1740/2/2017 1739/2/2017
f 1739/2/2018 1743/2/2018 1746/2/2018
f 1746/2/2018 1744/2/2018 1739/2/2018
f 1747/2/2019 1748/2/2019 1749/2/2019
f 1749/2/2020 1741/2/2020 1747/2/2020
f 1738/2/2021 1741/2/2021 1749/2/2021
f 1749/2/2022 1750/2/2022 1738/2/2022
f 1738/2/2023 1750/2/2024 1751/2/2023
f 1751/2/2023 1742/2/2023 1738/2/2023
f 1727/2/2025 1742/2/2025 1751/2/2025
f 1751/2/2025 1728/2/2025 1727/2/2025
f 1742/2/2026 1727/2/2026 1737/2/2026
f 1737/2/2026 1743/2/2026 1742/2/2026
f 1736/2/2027 1746/2/2027 1743/2/2027
f 1743/2/2027 1737/2/2027 1736/2/2027
f 1746/2/2028 1736/2/2028 1735/2/2028
f 1735/2/2029 1752/2/2029 1746/2/2029
f 1752/2/2030 1753/2/2030 1744/2/2030
f 1744/2/2031 1746/2/2031 1752/2/2031
f 1753/2/2032 1754/2/2032 1745/2/2032
f 1745/2/2032 1744/2/2032 1753/2/2032
f 1754/2/2033 1755/2/2033 1756/2/2033
f 1756/2/2034 1745/2/2034 1754/2/2034
f 1740/2/2035 1745/2/2035 1756/2/2035
f 1756/2/2036 1757/2/2036 1740/2/2036
f 1740/2/2037 1757/2/2037 1747/2/2037
f 1747/2/2038 1741/2/2038 1740/2/2038
f 1758/2/2039 1759/2/2039 1760/2/2039
f 1760/2/2039 1761/2/2039 1758/2/2039
f 1762/2/2040 1763/2/2040 1759/2/2040
f 1759/2/2041 1758/2/2041 1762/2/2041
f 1759/2/2042 1764/2/2042 1765/2/2042
f 1765/2/2043 1760/2/2043 1759/2/2043
f 1759/2/2044 1763/2/2044 1766/2/2044
f 1766/2/2045 1764/2/2045 1759/2/2045
f 1767/2/2046 1768/2/2046 1769/2/2046
f 1769/2/2046 1761/2/2046 1767/2/2046
f 1758/2/2047 1761/2/2047 1769/2/2047
f 1769/2/2048 1770/2/2048 1758/2/2048
f 1758/2/2049 1770/2/2049 1771/2/2049
f 1771/2/2049 1762/2/2049 1758/2/2049
f 1747/2/2050 1762/2/2050 1771/2/2050
f 1771/2/2051 1748/2/2051 1747/2/2051
f 1762/2/2052 1747/2/2052 1757/2/2052
f 1757/2/2052 1763/2/2052 1762/2/2052
f 1756/2/2053 1766/2/2053 1763/2/2053
f 1763/2/2053 1757/2/2053 1756/2/2053
f 1766/2/2054 1756/2/2054 1755/2/2054
f 1755/2/2055 1772/2/2055 1766/2/2055
f 1772/2/2056 1773/2/2056 1764/2/2056
f 1764/2/2057 1766/2/2057 1772/2/2057
f 1773/2/2058 1774/2/2058 1765/2/2058
f 1765/2/2058 1764/2/2058 1773/2/2058
f 1774/2/2059 1775/2/2059 1776/2/2059
f 1776/2/2059 1765/2/2059 1774/2/2059
f 1760/2/2060 1765/2/2060 1776/2/2060
f 1776/2/2060 1777/2/2060 1760/2/2060
f 1760/2/2061 1777/2/2061 1767/2/2061
f 1767/2/2061 1761/2/2061 1760/2/2061
f 1778/2/2062 1779/2/2062 1780/2/2062
f 1780/2/2062 1781/2/2062 1778/2/2062
f 1782/2/2063 1783/2/2063 1779/2/2063
f 1779/2/2064 1778/2/2064 1782/2/2064
f 1779/2/2065 1784/2/2065 1785/2/2065
f 1785/2/2065 1780/2/2065 1779/2/2065
f 1779/2/2066 1783/2/2066 1786/2/2066
f 1786/2/2067 1784/2/2067 1779/2/2067
f 1787/2/2068 1788/2/2068 1789/2/2068
f 1789/2/2068 1781/2/2068 1787/2/2068
f 1778/2/2069 1781/2/2069 1789/2/2069
f 1789/2/2069 1790/2/2069 1778/2/2069
f 1778/2/2070 1790/2/2070 1791/2/2070
f 1791/2/2071 1782/2/2071 1778/2/2071
f 1767/2/2072 1782/2/2072 1791/2/2072
f 1791/2/2072 1768/2/2072 1767/2/2072
f 1782/2/2073 1767/2/2073 1777/2/2073
f 1777/2/2073 1783/2/2073 1782/2/2073
f 1776/2/2074 1786/2/2074 1783/2/2074
f 1783/2/2074 1777/2/2074 1776/2/2074
f 1786/2/2075 1776/2/2075 1775/2/2075
f 1775/2/2076 1792/2/2076 1786/2/2076
f 1792/2/2077 1793/2/2077 1784/2/2077
f 1784/2/2077 1786/2/2077 1792/2/2077
f 1793/2/2078 1794/2/2078 1785/2/2078
f 1785/2/2078 1784/2/2078 1793/2/2078
f 1794/2/2079 1795/2/2079 1796/2/2079
f 1796/2/2080 1785/2/2080 1794/2/2080
f 1780/2/2081 1785/2/2081 1796/2/2081
f 1796/2/2082 1797/2/2082 1780/2/2082
f 1780/2/2083 1797/2/2083 1787/2/2083
f 1787/2/2083 1781/2/2083 1780/2/2083
f 1798/2/1259 1799/2/1259 1800/2/1259
f 1800/2/2084 1801/2/2084 1798/2/2084
f 1802/2/2085 1803/2/2085 1799/2/2085
f 1799/2/1260 1798/2/1260 1802/2/1260
f 1799/2/1257 1804/2/1257 1805/2/1257
f 1805/2/1257 1800/2/1257 1799/2/1257
f 1799/2/1258 1803/2/1258 1806/2/1258
f 1806/2/1258 1804/2/1258 1799/2/1258
f 1807/2/2086 1808/2/2086 1809/2/2086
f 1809/2/2087 1801/2/2087 1807/2/2087
f 1798/2/1271 1801/2/1271 1809/2/1271
f 1809/2/1271 1810/2/1271 1798/2/1271
f 1798/2/1270 1810/2/1270 1811/2/1270
f 1811/2/2088 1802/2/2088 1798/2/2088
f 1787/2/1269 1802/2/1269 1811/2/1269
f 1811/2/1269 1788/2/1269 1787/2/1269
f 1802/2/1268 1787/2/1268 1797/2/1268
f 1797/2/2089 1803/2/2089 1802/2/2089
f 1796/2/1267 1806/2/1267 1803/2/1267
f 1803/2/1267 1797/2/1267 1796/2/1267
f 1806/2/2090 1796/2/2090 1795/2/2090
f 1795/2/1265 1812/2/1265 1806/2/1265
f 1812/2/1264 1813/2/1264 1804/2/1264
f 1804/2/2091 1806/2/2091 1812/2/2091
f 1813/2/1263 1814/2/1263 1805/2/1263
f 1805/2/1263 1804/2/1263 1813/2/1263
f 1814/2/1262 1815/2/1262 1816/2/1262
f 1816/2/1262 1805/2/1262 1814/2/1262
f 1800/2/1275 1805/2/1275 1816/2/1275
f 1816/2/1275 1817/2/1275 1800/2/1275
f 1800/2/2092 1817/2/2092 1807/2/2092
f 1807/2/1274 1801/2/1274 1800/2/1274
f 1818/2/2093 1819/2/2093 1820/2/2093
f 1820/2/2093 1821/2/2093 1818/2/2093
f 1822/2/1750 1823/2/1750 1819/2/1750
f 1819/2/1750 1818/2/1750 1822/2/1750
f 1819/2/1745 1824/2/1745 1825/2/1745
f 1825/2/1745 1820/2/1745 1819/2/1745
f 1819/2/2094 1823/2/2094 1826/2/2094
f 1826/2/2095 1824/2/2095 1819/2/2095
f 1827/2/1763 1828/2/1763 1829/2/1763
f 1829/2/1763 1821/2/1763 1827/2/1763
f 1818/2/1761 1821/2/1761 1829/2/1761
f 1829/2/2096 1830/2/2096 1818/2/2096
f 1818/2/2097 1830/2/2097 1831/2/2097
f 1831/2/2098 1822/2/2098 1818/2/2098
f 1807/2/2099 1822/2/2099 1831/2/2099
f 1831/2/1759 1808/2/1759 1807/2/1759
f 1822/2/1757 1807/2/1757 1817/2/1757
f 1817/2/1757 1823/2/1757 1822/2/1757
f 1816/2/1756 1826/2/1756 1823/2/1756
f 1823/2/1756 1817/2/1756 1816/2/1756
f 1826/2/1755 1816/2/1755 1815/2/1755
f 1815/2/1755 1832/2/1755 1826/2/1755
f 1832/2/1754 1833/2/1754 1824/2/1754
f 1824/2/1754 1826/2/1754 1832/2/1754
f 1833/2/1753 1834/2/1753 1825/2/1753
f 1825/2/2100 1824/2/2100 1833/2/2100
f 1834/2/1752 1835/2/1752 1836/2/1752
f 1836/2/1752 1825/2/1752 1834/2/1752
f 1820/2/2101 1825/2/2101 1836/2/2101
f 1836/2/2102 1837/2/2102 1820/2/2102
f 1820/2/1764 1837/2/1764 1827/2/1764
f 1827/2/1764 1821/2/1764 1820/2/1764
f 1838/2/1772 1839/2/1772 1840/2/1772
f 1840/2/2103 1841/2/2103 1838/2/2103
f 1842/2/1774 1843/2/1774 1839/2/1774
f 1839/2/1774 1838/2/1774 1842/2/1774
f 1839/2/1768 1844/2/1768 1845/2/1768
f 1845/2/1768 1840/2/1768 1839/2/1768
f 1839/2/2104 1843/2/2104 1846/2/2104
f 1846/2/2104 1844/2/2104 1839/2/2104
f 1847/2/1792 1848/2/1792 1849/2/1792
f 1849/2/1792 1841/2/1792 1847/2/1792
f 1838/2/1790 1841/2/1790 1849/2/1790
f 1849/2/1790 1850/2/1790 1838/2/1790
f 1838/2/1789 1850/2/1789 1851/2/1789
f 1851/2/1789 1842/2/1789 1838/2/1789
f 1827/2/1788 1842/2/1788 1851/2/1788
f 1851/2/1788 1828/2/1788 1827/2/1788
f 1842/2/1786 1827/2/1786 1837/2/1786
f 1837/2/1786 1843/2/1786 1842/2/1786
f 1836/2/1783 1846/2/1783 1843/2/1783
f 1843/2/1783 1837/2/1783 1836/2/1783
f 1846/2/1781 1836/2/1781 1835/2/1781
f 1835/2/1781 1852/2/1781 1846/2/1781
f 1852/2/2105 1853/2/2105 1844/2/2105
f 1844/2/2106 1846/2/2106 1852/2/2106
f 1853/2/2107 1854/2/2107 1845/2/2107
f 1845/2/1777 1844/2/1777 1853/2/1777
f 1854/2/1775 1855/2/1775 1856/2/1775
f 1856/2/1775 1845/2/1775 1854/2/1775
f 1840/2/1794 1845/2/1794 1856/2/1794
f 1856/2/1794 1857/2/1794 1840/2/1794
f 1840/2/1793 1857/2/1793 1847/2/1793
f 1847/2/2108 1841/2/2108 1840/2/2108
f 1858/2/1797 1859/2/1797 1860/2/1797
f 1860/2/2109 1861/2/2109 1858/2/2109
f 1862/2/1799 1863/2/1799 1859/2/1799
f 1859/2/2110 1858/2/2110 1862/2/2110
f 1859/2/2111 1864/2/2111 1865/2/2111
f 1865/2/1795 1860/2/1795 1859/2/1795
f 1859/2/1796 1863/2/1796 1866/2/1796
f 1866/2/1796 1864/2/1796 1859/2/1796
f 1867/2/1813 1868/2/1813 1869/2/1813
f 1869/2/1813 1861/2/1813 1867/2/1813
f 1858/2/1811 1861/2/1811 1869/2/1811
f 1869/2/1811 1870/2/1811 1858/2/1811
f 1858/2/2112 1870/2/2112 1871/2/2112
f 1871/2/2112 1862/2/2112 1858/2/2112
f 1847/2/1809 1862/2/1809 1871/2/1809
f 1871/2/1809 1848/2/1809 1847/2/1809
f 1862/2/1808 1847/2/1808 1857/2/1808
f 1857/2/1808 1863/2/1808 1862/2/1808
f 1856/2/1806 1866/2/1806 1863/2/1806
f 1863/2/1806 1857/2/1806 1856/2/1806
f 1866/2/1804 1856/2/1804 1855/2/1804
f 1855/2/1804 1872/2/1804 1866/2/1804
f 1872/2/2113 1873/2/2113 1864/2/2113
f 1864/2/2114 1866/2/2114 1872/2/2114
f 1873/2/1802 1874/2/1802 1865/2/1802
f 1865/2/1802 1864/2/1802 1873/2/1802
f 1874/2/2115 1875/2/2115 1876/2/2115
f 1876/2/2115 1865/2/2115 1874/2/2115
f 1860/2/1815 1865/2/1815 1876/2/1815
f 1876/2/1815 1877/2/1815 1860/2/1815
f 1860/2/1814 1877/2/1814 1867/2/1814
f 1867/2/2116 1861/2/2116 1860/2/2116
f 1878/2/1819 1879/2/1819 1880/2/1819
f 1880/2/1819 1881/2/1819 1878/2/1819
f 1882/2/2117 1883/2/2117 1879/2/2117
f 1879/2/1821 1878/2/1821 1882/2/1821
f 1879/2/1817 1884/2/1817 1885/2/1817
f 1885/2/1816 1880/2/1816 1879/2/1816
f 1879/2/1818 1883/2/1818 1886/2/1818
f 1886/2/1818 1884/2/1818 1879/2/1818
f 1887/2/1834 1888/2/1834 1889/2/1834
f 1889/2/1834 1881/2/1834 1887/2/1834
f 1878/2/1832 1881/2/1832 1889/2/1832
f 1889/2/1832 1890/2/1832 1878/2/1832
f 1878/2/1831 1890/2/1831 1891/2/1831
f 1891/2/1831 1882/2/1831 1878/2/1831
f 1867/2/1830 1882/2/1830 1891/2/1830
f 1891/2/1830 1868/2/1830 1867/2/1830
f 1882/2/1829 1867/2/1829 1877/2/1829
f 1877/2/1829 1883/2/1829 1882/2/1829
f 1876/2/1828 1886/2/1828 1883/2/1828
f 1883/2/1828 1877/2/1828 1876/2/1828
f 1886/2/2118 1876/2/2119 1875/2/2118
f 1875/2/2118 1892/2/2118 1886/2/2118
f 1892/2/1825 1893/2/1825 1884/2/1825
f 1884/2/1825 1886/2/1825 1892/2/1825
f 1893/2/1823 1894/2/1823 1885/2/1823
f 1885/2/2120 1884/2/2120 1893/2/2120
f 1894/2/2121 1895/2/2121 1896/2/2121
f 1896/2/2121 1885/2/2121 1894/2/2121
f 1880/2/1837 1885/2/1837 1896/2/1837
f 1896/2/1837 1897/2/1837 1880/2/1837
f 1880/2/1836 1897/2/1836 1887/2/1836
f 1887/2/1836 1881/2/1836 1880/2/1836
f 1898/2/2122 1899/2/2122 1900/2/2122
f 1900/2/2122 1901/2/2122 1898/2/2122
f 1902/2/1842 1903/2/1842 1899/2/1842
f 1899/2/1842 1898/2/1842 1902/2/1842
f 1899/2/1838 1904/2/1838 1905/2/1838
f 1905/2/1838 1900/2/1838 1899/2/1838
f 1899/2/1840 1903/2/1840 1906/2/1840
f 1906/2/1840 1904/2/1840 1899/2/1840
f 1907/2/1855 1908/2/1855 1909/2/1855
f 1909/2/1855 1901/2/1855 1907/2/1855
f 1898/2/1854 1901/2/1854 1909/2/1854
f 1909/2/1854 1910/2/1854 1898/2/1854
f 1898/2/1853 1910/2/1853 1911/2/1853
f 1911/2/1853 1902/2/1853 1898/2/1853
f 1887/2/1851 1902/2/1851 1911/2/1851
f 1911/2/1851 1888/2/1851 1887/2/1851
f 1902/2/1850 1887/2/1850 1897/2/1850
f 1897/2/1850 1903/2/1850 1902/2/1850
f 1896/2/1849 1906/2/1849 1903/2/1849
f 1903/2/1849 1897/2/1849 1896/2/1849
f 1906/2/1848 1896/2/1848 1895/2/1848
f 1895/2/1848 1912/2/1848 1906/2/1848
f 1912/2/1846 1913/2/1846 1904/2/1846
f 1904/2/2123 1906/2/2123 1912/2/2123
f 1913/2/1845 1914/2/1845 1905/2/1845
f 1905/2/1845 1904/2/1845 1913/2/1845
f 1914/2/1844 1915/2/1844 1916/2/1844
f 1916/2/1844 1905/2/1844 1914/2/1844
f 1900/2/1857 1905/2/1857 1916/2/1857
f 1916/2/1857 1917/2/1857 1900/2/1857
f 1900/2/2124 1917/2/2124 1907/2/2124
f 1907/2/2125 1901/2/2125 1900/2/2125
f 1918/2/2126 1919/2/2126 1920/2/2126
f 1920/2/2126 1921/2/2126 1918/2/2126
f 1922/2/1865 1923/2/1865 1919/2/1865
f 1919/2/1865 1918/2/1865 1922/2/1865
f 1919/2/1858 1924/2/1858 1925/2/1858
f 1925/2/1858 1920/2/1858 1919/2/1858
f 1919/2/1859 1923/2/1859 1926/2/1859
f 1926/2/1859 1924/2/1859 1919/2/1859
f 1927/2/1877 1928/2/1877 1929/2/1877
f 1929/2/1877 1921/2/1877 1927/2/1877
f 1918/2/1875 1921/2/1875 1929/2/1875
f 1929/2/1875 1930/2/1875 1918/2/1875
f 1918/2/1874 1930/2/1874 1931/2/1874
f 1931/2/1874 1922/2/1874 1918/2/1874
f 1907/2/1873 1922/2/1873 1931/2/1873
f 1931/2/1873 1908/2/1873 1907/2/1873
f 1922/2/1872 1907/2/1872 1917/2/1872
f 1917/2/1872 1923/2/1872 1922/2/1872
f 1916/2/2127 1926/2/2127 1923/2/2127
f 1923/2/1870 1917/2/1870 1916/2/1870
f 1926/2/2128 1916/2/2128 1915/2/2128
f 1915/2/2128 1932/2/2128 1926/2/2128
f 1932/2/2129 1933/2/2129 1924/2/2129
f 1924/2/2129 1926/2/2129 1932/2/2129
f 1933/2/2130 1934/2/2130 1925/2/2130
f 1925/2/2130 1924/2/2130 1933/2/2130
f 1934/2/1866 1935/2/1866 1936/2/1866
f 1936/2/1866 1925/2/1866 1934/2/1866
f 1920/2/2131 1925/2/2131 1936/2/2131
f 1936/2/2132 1937/2/2132 1920/2/2132
f 1920/2/1878 1937/2/1878 1927/2/1878
f 1927/2/1878 1921/2/1878 1920/2/1878
f 1938/2/1883 1939/2/1883 1940/2/1883
f 1940/2/1883 1941/2/1883 1938/2/1883
f 1942/2/1884 1943/2/1884 1939/2/1884
f 1939/2/1884 1938/2/1884 1942/2/1884
f 1939/2/1880 1944/2/1880 1945/2/1880
f 1945/2/1880 1940/2/1880 1939/2/1880
f 1939/2/1882 1943/2/1882 1946/2/1882
f 1946/2/1882 1944/2/1882 1939/2/1882
f 1947/2/1897 1948/2/1897 1949/2/1897
f 1949/2/2133 1941/2/2133 1947/2/2133
f 1938/2/1895 1941/2/1895 1949/2/1895
f 1949/2/1895 1950/2/1895 1938/2/1895
f 1938/2/1894 1950/2/1894 1951/2/1894
f 1951/2/1894 1942/2/1894 1938/2/1894
f 1927/2/2134 1942/2/2134 1951/2/2134
f 1951/2/1892 1928/2/1892 1927/2/1892
f 1942/2/1891 1927/2/1891 1937/2/1891
f 1937/2/2135 1943/2/2135 1942/2/2135
f 1936/2/1890 1946/2/1890 1943/2/1890
f 1943/2/1890 1937/2/1890 1936/2/1890
f 1946/2/1889 1936/2/1889 1935/2/1889
f 1935/2/1889 1952/2/1889 1946/2/1889
f 1952/2/1888 1953/2/1888 1944/2/1888
f 1944/2/1888 1946/2/1888 1952/2/1888
f 1953/2/1886 1954/2/1886 1945/2/1886
f 1945/2/1886 1944/2/1886 1953/2/1886
f 1954/2/1885 1955/2/1885 1956/2/1885
f 1956/2/1885 1945/2/1885 1954/2/1885
f 1940/2/2136 1945/2/2136 1956/2/2136
f 1956/2/2136 1957/2/2136 1940/2/2136
f 1940/2/1898 1957/2/1898 1947/2/1898
f 1947/2/1898 1941/2/1898 1940/2/1898
f 1958/2/1904 1959/2/1904 1960/2/1904
f 1960/2/1905 1961/2/1905 1958/2/1905
f 1962/2/1906 1963/2/1906 1959/2/1906
f 1959/2/1906 1958/2/1906 1962/2/1906
f 1959/2/1901 1964/2/1901 1965/2/1901
f 1965/2/1901 1960/2/1901 1959/2/1901
f 1959/2/2137 1963/2/2137 1966/2/2137
f 1966/2/2138 1964/2/2138 1959/2/2138
f 1967/2/2139 1968/2/2139 1969/2/2139
f 1969/2/1920 1961/2/1920 1967/2/1920
f 1958/2/2140 1961/2/2140 1969/2/2140
f 1969/2/2141 1970/2/2141 1958/2/2141
f 1958/2/1918 1970/2/1918 1971/2/1918
f 1971/2/1918 1962/2/1918 1958/2/1918
f 1947/2/1917 1962/2/1917 1971/2/1917
f 1971/2/2142 1948/2/2142 1947/2/2142
f 1962/2/1915 1947/2/1915 1957/2/1915
f 1957/2/1915 1963/2/1915 1962/2/1915
f 1956/2/1913 1966/2/1913 1963/2/1913
f 1963/2/2143 1957/2/2143 1956/2/2143
f 1966/2/1912 1956/2/1912 1955/2/1912
f 1955/2/1912 1972/2/1912 1966/2/1912
f 1972/2/2144 1973/2/2144 1964/2/2144
f 1964/2/2144 1966/2/2144 1972/2/2144
f 1973/2/1908 1974/2/1908 1965/2/1908
f 1965/2/1908 1964/2/1908 1973/2/1908
f 1974/2/1907 1975/2/1907 1976/2/1907
f 1976/2/2145 1965/2/2145 1974/2/2145
f 1960/2/2146 1965/2/2146 1976/2/2146
f 1976/2/2147 1977/2/2147 1960/2/2147
f 1960/2/1922 1977/2/1922 1967/2/1922
f 1967/2/1922 1961/2/1922 1960/2/1922
f 1978/2/2148 1979/2/2148 1980/2/2148
f 1980/2/2148 1981/2/2148 1978/2/2148
f 1982/2/1929 1983/2/1929 1979/2/1929
f 1979/2/1929 1978/2/1929 1982/2/1929
f 1979/2/1925 1984/2/1925 1985/2/1925
f 1985/2/2149 1980/2/2149 1979/2/2149
f 1979/2/2150 1983/2/2150 1986/2/2150
f 1986/2/2150 1984/2/2150 1979/2/2150
f 1987/2/1943 1988/2/1943 1989/2/1943
f 1989/2/1943 1981/2/1943 1987/2/1943
f 1978/2/1942 1981/2/1942 1989/2/1942
f 1989/2/1941 1990/2/1941 1978/2/1941
f 1978/2/2151 1990/2/2151 1991/2/2151
f 1991/2/2151 1982/2/2151 1978/2/2151
f 1967/2/1938 1982/2/1938 1991/2/1938
f 1991/2/1938 1968/2/1938 1967/2/1938
f 1982/2/1937 1967/2/1937 1977/2/1937
f 1977/2/1937 1983/2/1937 1982/2/1937
f 1976/2/1936 1986/2/1936 1983/2/1936
f 1983/2/2152 1977/2/2152 1976/2/2152
f 1986/2/1934 1976/2/1934 1975/2/1934
f 1975/2/1934 1992/2/1934 1986/2/1934
f 1992/2/1932 1993/2/1932 1984/2/1932
f 1984/2/1932 1986/2/1932 1992/2/1932
f 1993/2/1931 1994/2/1931 1985/2/1931
f 1985/2/1931 1984/2/1931 1993/2/1931
f 1994/2/2153 1995/2/2153 1996/2/2153
f 1996/2/2154 1985/2/2154 1994/2/2154
f 1980/2/1945 1985/2/1945 1996/2/1945
f 1996/2/1945 1997/2/1945 1980/2/1945
f 1980/2/2155 1997/2/2155 1987/2/2155
f 1987/2/1944 1981/2/1944 1980/2/1944
f 1998/2/2156 1999/2/2156 2000/2/2156
f 2000/2/1948 2001/2/1948 1998/2/1948
f 2002/2/1950 2003/2/1950 1999/2/1950
f 1999/2/2157 1998/2/2157 2002/2/2157
f 1999/2/1946 2004/2/1946 2005/2/1946
f 2005/2/1946 2000/2/1946 1999/2/1946
f 1999/2/1947 2003/2/1947 2006/2/1947
f 2006/2/1947 2004/2/1947 1999/2/1947
f 2007/2/2158 2008/2/2158 2009/2/2158
f 2009/2/2158 2001/2/2158 2007/2/2158
f 1998/2/2159 2001/2/2159 2009/2/2159
f 2009/2/2160 2010/2/2160 1998/2/2160
f 1998/2/1962 2010/2/1962 2011/2/1962
f 2011/2/1962 2002/2/1962 1998/2/1962
f 1987/2/1961 2002/2/1961 2011/2/1961
f 2011/2/1961 1988/2/1961 1987/2/1961
f 2002/2/2161 1987/2/2161 1997/2/2161
f 1997/2/2161 2003/2/2161 2002/2/2161
f 1996/2/2162 2006/2/2162 2003/2/2162
f 2003/2/1958 1997/2/1958 1996/2/1958
f 2006/2/1956 1996/2/1956 1995/2/1956
f 1995/2/1956 2012/2/1956 2006/2/1956
f 2012/2/1955 2013/2/1955 2004/2/1955
f 2004/2/2163 2006/2/2163 2012/2/2163
f 2013/2/1953 2014/2/1953 2005/2/1953
f 2005/2/1953 2004/2/1953 2013/2/1953
f 2014/2/1951 2015/2/1951 2016/2/1951
f 2016/2/1951 2005/2/1951 2014/2/1951
f 2000/2/1967 2005/2/1967 2016/2/1967
f 2016/2/1967 2017/2/1967 2000/2/1967
f 2000/2/1966 2017/2/1966 2007/2/1966
f 2007/2/1966 2001/2/1966 2000/2/1966
f 2018/2/1971 2019/2/1971 2020/2/1971
f 2020/2/1971 2021/2/1971 2018/2/1971
f 2022/2/1973 2023/2/1973 2019/2/1973
f 2019/2/1973 2018/2/1973 2022/2/1973
f 2019/2/1968 2024/2/1968 2025/2/1968
f 2025/2/1968 2020/2/1968 2019/2/1968
f 2019/2/1969 2023/2/1969 2026/2/1969
f 2026/2/2164 2024/2/2164 2019/2/2164
f 2027/2/2165 2028/2/2165 2029/2/2165
f 2029/2/2165 2021/2/2165 2027/2/2165
f 2018/2/1986 2021/2/1986 2029/2/1986
f 2029/2/1986 2030/2/1986 2018/2/1986
f 2018/2/1984 2030/2/1984 2031/2/1984
f 2031/2/1984 2022/2/1984 2018/2/1984
f 2007/2/1983 2022/2/1983 2031/2/1983
f 2031/2/1983 2008/2/1983 2007/2/1983
f 2022/2/1982 2007/2/1982 2017/2/1982
f 2017/2/1982 2023/2/1982 2022/2/1982
f 2016/2/1980 2026/2/1980 2023/2/1980
f 2023/2/1980 2017/2/1980 2016/2/1980
f 2026/2/2166 2016/2/2166 2015/2/2166
f 2015/2/2166 2032/2/2166 2026/2/2166
f 2032/2/1977 2033/2/1977 2024/2/1977
f 2024/2/1977 2026/2/1977 2032/2/1977
f 2033/2/2167 2034/2/2167 2025/2/2167
f 2025/2/2167 2024/2/2167 2033/2/2167
f 2034/2/1975 2035/2/1975 2036/2/1975
f 2036/2/1975 2025/2/1975 2034/2/1975
f 2020/2/2168 2025/2/2168 2036/2/2168
f 2036/2/1990 2037/2/1990 2020/2/1990
f 2020/2/1989 2037/2/1989 2027/2/1989
f 2027/2/1989 2021/2/1989 2020/2/1989
f 2038/2/2169 2039/2/2169 2040/2/2169
f 2040/2/2169 2041/2/2169 2038/2/2169
f 2042/2/1995 2043/2/1995 2039/2/1995
f 2039/2/1995 2038/2/1995 2042/2/1995
f 2039/2/1991 2044/2/1991 2045/2/1991
f 2045/2/1991 2040/2/1991 2039/2/1991
f 2039/2/2170 2043/2/2170 2046/2/2170
f 2046/2/2171 2044/2/2171 2039/2/2171
f 2047/2/2007 2048/2/2007 2049/2/2007
f 2049/2/2007 2041/2/2007 2047/2/2007
f 2038/2/2172 2041/2/2172 2049/2/2172
f 2049/2/2006 2050/2/2006 2038/2/2006
f 2038/2/2005 2050/2/2005 2051/2/2005
f 2051/2/2005 2042/2/2005 2038/2/2005
f 2027/2/2173 2042/2/2173 2051/2/2173
f 2051/2/2004 2028/2/2004 2027/2/2004
f 2042/2/2003 2027/2/2003 2037/2/2003
f 2037/2/2003 2043/2/2003 2042/2/2003
f 2036/2/2174 2046/2/2174 2043/2/2174
f 2043/2/2175 2037/2/2175 2036/2/2175
f 2046/2/2000 2036/2/2000 2035/2/2000
f 2035/2/2000 2052/2/2000 2046/2/2000
f 2052/2/1999 2053/2/1999 2044/2/1999
f 2044/2/2176 2046/2/2176 2052/2/2176
f 2053/2/1998 2054/2/1998 2045/2/1998
f 2045/2/1998 2044/2/1998 2053/2/1998
f 2054/2/2177 2055/2/2177 2056/2/2177
f 2056/2/2177 2045/2/2177 2054/2/2177
f 2040/2/2178 2045/2/2178 2056/2/2178
f 2056/2/2179 2057/2/2179 2040/2/2179
f 2040/2/2180 2057/2/2180 2047/2/2180
f 2047/2/2180 2041/2/2180 2040/2/2180
f 2058/2/2016 2059/2/2016 2060/2/2016
f 2060/2/2016 2061/2/2016 2058/2/2016
f 2062/2/2018 2063/2/2018 2059/2/2018
f 2059/2/2018 2058/2/2018 2062/2/2018
f 2059/2/2181 2064/2/2181 2065/2/2181
f 2065/2/2181 2060/2/2181 2059/2/2181
f 2059/2/2014 2063/2/2014 2066/2/2014
f 2066/2/2014 2064/2/2014 2059/2/2014
f 2067/2/2182 2068/2/2182 2069/2/2182
f 2069/2/2182 2061/2/2182 2067/2/2182
f 2058/2/2032 2061/2/2032 2069/2/2032
f 2069/2/2032 2070/2/2032 2058/2/2032
f 2058/2/2183 2070/2/2183 2071/2/2183
f 2071/2/2184 2062/2/2184 2058/2/2184
f 2047/2/2029 2062/2/2029 2071/2/2029
f 2071/2/2029 2048/2/2029 2047/2/2029
f 2062/2/2027 2047/2/2027 2057/2/2027
f 2057/2/2185 2063/2/2185 2062/2/2185
f 2056/2/2026 2066/2/2026 2063/2/2026
f 2063/2/2026 2057/2/2026 2056/2/2026
f 2066/2/2186 2056/2/2186 2055/2/2186
f 2055/2/2186 2072/2/2186 2066/2/2186
f 2072/2/2187 2073/2/2187 2064/2/2187
f 2064/2/2188 2066/2/2188 2072/2/2188
f 2073/2/2021 2074/2/2021 2065/2/2021
f 2065/2/2189 2064/2/2189 2073/2/2189
f 2074/2/2019 2075/2/2019 2076/2/2019
f 2076/2/2190 2065/2/2190 2074/2/2190
f 2060/2/2191 2065/2/2191 2076/2/2191
f 2076/2/2191 2077/2/2191 2060/2/2191
f 2060/2/2036 2077/2/2036 2067/2/2036
f 2067/2/2036 2061/2/2036 2060/2/2036
f 2078/2/2192 2079/2/2192 2080/2/2192
f 2080/2/2192 2081/2/2192 2078/2/2192
f 2082/2/2044 2083/2/2044 2079/2/2044
f 2079/2/2044 2078/2/2044 2082/2/2044
f 2079/2/2193 2084/2/2193 2085/2/2193
f 2085/2/2193 2080/2/2193 2079/2/2193
f 2079/2/2194 2083/2/2194 2086/2/2194
f 2086/2/2041 2084/2/2041 2079/2/2041
f 2087/2/2195 2088/2/2195 2089/2/2195
f 2089/2/2195 2081/2/2195 2087/2/2195
f 2078/2/2058 2081/2/2058 2089/2/2058
f 2089/2/2058 2090/2/2058 2078/2/2058
f 2078/2/2056 2090/2/2056 2091/2/2056
f 2091/2/2056 2082/2/2056 2078/2/2056
f 2067/2/2054 2082/2/2054 2091/2/2054
f 2091/2/2054 2068/2/2054 2067/2/2054
f 2082/2/2196 2067/2/2196 2077/2/2196
f 2077/2/2196 2083/2/2196 2082/2/2196
f 2076/2/2197 2086/2/2197 2083/2/2197
f 2083/2/2052 2077/2/2052 2076/2/2052
f 2086/2/2050 2076/2/2050 2075/2/2050
f 2075/2/2198 2092/2/2198 2086/2/2198
f 2092/2/2049 2093/2/2049 2084/2/2049
f 2084/2/2049 2086/2/2049 2092/2/2049
f 2093/2/2199 2094/2/2199 2085/2/2199
f 2085/2/2199 2084/2/2199 2093/2/2199
f 2094/2/2046 2095/2/2046 2096/2/2046
f 2096/2/2046 2085/2/2046 2094/2/2046
f 2080/2/2061 2085/2/2061 2096/2/2061
f 2096/2/2061 2097/2/2061 2080/2/2061
f 2080/2/2060 2097/2/2060 2087/2/2060
f 2087/2/2060 2081/2/2060 2080/2/2060
f 2098/2/2065 2099/2/2065 2100/2/2065
f 2100/2/2200 2101/2/2200 2098/2/2200
f 2102/2/2066 2103/2/2066 2099/2/2066
f 2099/2/2066 2098/2/2066 2102/2/2066
f 2099/2/2062 2104/2/2062 2105/2/2062
f 2105/2/2201 2100/2/2201 2099/2/2201
f 2099/2/2063 2103/2/2063 2106/2/2063
f 2106/2/2063 2104/2/2063 2099/2/2063
f 848/2/2079 847/2/2079 2107/2/2079
f 2107/2/2202 2101/2/2202 848/2/2202
f 2098/2/2078 2101/2/2078 2107/2/2078
f 2107/2/2078 2108/2/2078 2098/2/2078
f 2098/2/2077 2108/2/2077 2109/2/2077
f 2109/2/2077 2102/2/2077 2098/2/2077
f 2087/2/2076 2102/2/2076 2109/2/2076
f 2109/2/2076 2088/2/2076 2087/2/2076
f 2102/2/2074 2087/2/2074 2097/2/2074
f 2097/2/2074 2103/2/2074 2102/2/2074
f 2096/2/2203 2106/2/2203 2103/2/2203
f 2103/2/2073 2097/2/2073 2096/2/2073
f 2106/2/2072 2096/2/2072 2095/2/2072
f 2095/2/2204 2110/2/2204 2106/2/2204
f 2110/2/2070 2111/2/2070 2104/2/2070
f 2104/2/2070 2106/2/2070 2110/2/2070
f 2111/2/2069 2112/2/2069 2105/2/2069
f 2105/2/2069 2104/2/2069 2111/2/2069
f 850/2/2068 2105/2/2068 2112/2/2068
f 2112/2/2068 852/2/2068 850/2/2068
f 2105/2/2083 850/2/2083 849/2/2083
f 849/2/2083 2100/2/2083 2105/2/2083
f 2100/2/2081 849/2/2081 848/2/2081
f 848/2/2081 2101/2/2081 2100/2/2081
f 2113/2/2205 2114/2/2205 2115/2/2205
f 2115/2/2205 2116/2/2205 2113/2/2205
f 2117/2/2206 2118/2/2206 2114/2/2206
f 2114/2/2207 2113/2/2207 2117/2/2207
f 2114/2/2208 2119/2/2208 2120/2/2208
f 2120/2/2209 2115/2/2209 2114/2/2209
f 2121/2/2210 2119/2/2210 2114/2/2210
f 2114/2/2210 2118/2/2210 2121/2/2210
f 2122/2/2211 1358/2/2211 1380/2/2211
f 1380/2/2212 2116/2/2212 2122/2/2212
f 2116/2/2213 1380/2/2213 1379/2/2213
f 1379/2/2213 2113/2/2213 2116/2/2213
f 2117/2/2214 2113/2/2214 1379/2/2214
f 1379/2/2214 1377/2/2214 2117/2/2214
f 2117/2/2215 1377/2/2215 1378/2/2215
f 1378/2/2215 2123/2/2215 2117/2/2215
f 2117/2/2216 2123/2/2216 2124/2/2216
f 2124/2/2216 2118/2/2216 2117/2/2216
f 2125/2/2217 2121/2/2217 2118/2/2217
f 2118/2/2217 2124/2/2217 2125/2/2217
f 2121/2/2218 2125/2/2218 1995/2/2218
f 1995/2/2218 1994/2/2218 2121/2/2218
f 2121/2/2219 1994/2/2219 1993/2/2219
f 1993/2/2219 2119/2/2219 2121/2/2219
f 1993/2/2220 1992/2/2220 2120/2/2220
f 2120/2/2220 2119/2/2220 1993/2/2220
f 1992/2/2221 1975/2/2221 2126/2/2221
f 2126/2/2222 2120/2/2222 1992/2/2222
f 2115/2/2223 2120/2/2223 2126/2/2223
f 2126/2/2224 2127/2/2224 2115/2/2224
f 2115/2/2225 2127/2/2225 2122/2/2225
f 2122/2/2225 2116/2/2225 2115/2/2225
f 2128/2/2226 2129/2/2226 2130/2/2226
f 2130/2/2226 2131/2/2226 2128/2/2226
f 2132/2/2227 2133/2/2227 2129/2/2227
f 2129/2/2227 2128/2/2227 2132/2/2227
f 2129/2/2228 2134/2/2228 2135/2/2228
f 2135/2/2229 2130/2/2229 2129/2/2229
f 2133/2/2230 2136/2/2230 2134/2/2230
f 2134/2/2230 2129/2/2230 2133/2/2230
f 881/2/2231 1492/2/2231 2131/2/2231
f 2131/2/2231 2137/2/2231 881/2/2231
f 1497/2/2232 2128/2/2232 2131/2/2232
f 2131/2/2232 1492/2/2232 1497/2/2232
f 1497/2/2233 1496/2/2233 2132/2/2233
f 2132/2/2233 2128/2/2233 1497/2/2233
f 1496/2/2234 1473/2/2234 2138/2/2234
f 2138/2/2235 2132/2/2235 1496/2/2235
f 2132/2/2236 2138/2/2236 2139/2/2236
f 2139/2/2236 2133/2/2236 2132/2/2236
f 2140/2/2237 2136/2/2237 2133/2/2237
f 2133/2/2238 2139/2/2238 2140/2/2238
f 2136/2/2239 2140/2/2239 2088/2/2239
f 2088/2/2239 2109/2/2239 2136/2/2239
f 2136/2/2240 2109/2/2240 2108/2/2240
f 2108/2/2240 2134/2/2240 2136/2/2240
f 2134/2/2241 2108/2/2241 2107/2/2241
f 2107/2/2241 2135/2/2241 2134/2/2241
f 2107/2/2242 847/2/2242 2141/2/2242
f 2141/2/2243 2135/2/2243 2107/2/2243
f 2135/2/2244 2141/2/2244 2142/2/2244
f 2142/2/2244 2130/2/2244 2135/2/2244
f 2130/2/2245 2142/2/2245 2137/2/2245
f 2137/2/2245 2131/2/2245 2130/2/2245
f 2143/2/2246 2144/2/2246 2145/2/2246
f 2145/2/2247 2146/2/2247 2143/2/2247
f 2147/2/2248 2148/2/2248 2144/2/2248
f 2144/2/2248 2143/2/2248 2147/2/2248
f 2144/2/2249 2149/2/2249 2150/2/2249
f 2150/2/2250 2145/2/2250 2144/2/2250
f 2144/2/2251 2148/2/2251 2151/2/2251
f 2151/2/2251 2149/2/2251 2144/2/2251
f 2146/2/2252 2152/2/2252 973/2/2252
f 973/2/2252 972/2/2252 2146/2/2252
f 2146/2/2253 972/2/2253 982/2/2253
f 982/2/2253 2143/2/2253 2146/2/2253
f 2147/2/2254 2143/2/2254 982/2/2254
f 982/2/2254 981/2/2254 2147/2/2254
f 981/2/2255 953/2/2255 2153/2/2255
f 2153/2/2255 2147/2/2255 981/2/2255
f 2147/2/2256 2153/2/2256 2154/2/2256
f 2154/2/2256 2148/2/2256 2147/2/2256
f 2155/2/2257 2151/2/2257 2148/2/2257
f 2148/2/2257 2154/2/2257 2155/2/2257
f 1568/2/2258 1591/2/2258 2151/2/2258
f 2151/2/2258 2155/2/2258 1568/2/2258
f 2151/2/2259 1591/2/2259 1590/2/2259
f 1590/2/2259 2149/2/2259 2151/2/2259
f 1590/2/2260 1589/2/2260 2150/2/2260
f 2150/2/2261 2149/2/2261 1590/2/2261
f 1589/2/2262 1588/2/2262 2156/2/2262
f 2156/2/2263 2150/2/2263 1589/2/2263
f 2157/2/2264 2145/2/2264 2150/2/2264
f 2150/2/2264 2156/2/2264 2157/2/2264
f 2145/2/2265 2157/2/2265 2152/2/2265
f 2152/2/2265 2146/2/2265 2145/2/2265
f 2158/2/2266 2159/2/2266 2160/2/2266
f 2160/2/2267 2161/2/2267 2158/2/2267
f 2162/2/2268 2163/2/2268 2159/2/2268
f 2159/2/2268 2158/2/2268 2162/2/2268
f 2159/2/2269 2164/2/2269 2165/2/2269
f 2165/2/2270 2160/2/2270 2159/2/2270
f 2166/2/2271 2164/2/2271 2159/2/2271
f 2159/2/2271 2163/2/2271 2166/2/2271
f 2161/2/2272 2123/2/2272 1378/2/2272
f 1378/2/2272 1400/2/2272 2161/2/2272
f 2161/2/2273 1400/2/2273 1399/2/2273
f 1399/2/2273 2158/2/2273 2161/2/2273
f 2162/2/2274 2158/2/2274 1399/2/2274
f 1399/2/2275 1397/2/2275 2162/2/2275
f 2167/2/2276 2162/2/2276 1397/2/2276
f 1397/2/2276 1398/2/2276 2167/2/2276
f 2167/2/2277 2168/2/2277 2163/2/2277
f 2163/2/2277 2162/2/2277 2167/2/2277
f 2169/2/2278 2166/2/2278 2163/2/2278
f 2163/2/2278 2168/2/2278 2169/2/2278
f 2166/2/2279 2169/2/2279 2015/2/2279
f 2015/2/2280 2014/2/2280 2166/2/2280
f 2166/2/2281 2014/2/2281 2013/2/2281
f 2013/2/2281 2164/2/2281 2166/2/2281
f 2013/2/2282 2012/2/2282 2165/2/2282
f 2165/2/2282 2164/2/2282 2013/2/2282
f 1995/2/2283 2125/2/2283 2165/2/2283
f 2165/2/2283 2012/2/2283 1995/2/2283
f 2160/2/2284 2165/2/2284 2125/2/2284
f 2125/2/2284 2124/2/2284 2160/2/2284
f 2161/2/2285 2160/2/2285 2124/2/2285
f 2124/2/2285 2123/2/2285 2161/2/2285
f 2170/2/2286 2171/2/2286 2172/2/2286
f 2172/2/2286 2173/2/2286 2170/2/2286
f 2174/2/2287 2175/2/2287 2171/2/2287
f 2171/2/2287 2170/2/2287 2174/2/2287
f 2171/2/2288 2176/2/2288 2177/2/2288
f 2177/2/2289 2172/2/2289 2171/2/2289
f 2175/2/2290 2178/2/2290 2176/2/2290
f 2176/2/2291 2171/2/2291 2175/2/2291
f 2179/2/2292 877/2/2292 875/2/2292
f 875/2/2292 2173/2/2292 2179/2/2292
f 874/2/2293 2170/2/2293 2173/2/2293
f 2173/2/2293 875/2/2293 874/2/2293
f 873/2/2294 2174/2/2294 2170/2/2294
f 2170/2/2295 874/2/2295 873/2/2295
f 2180/2/2296 2174/2/2296 873/2/2296
f 873/2/2297 872/2/2297 2180/2/2297
f 2180/2/2298 2181/2/2298 2175/2/2298
f 2175/2/2298 2174/2/2298 2180/2/2298
f 2182/2/2299 2178/2/2299 2175/2/2299
f 2175/2/2299 2181/2/2299 2182/2/2299
f 2182/2/2300 855/2/2300 854/2/2300
f 854/2/2300 2178/2/2300 2182/2/2300
f 2176/2/2301 2178/2/2301 854/2/2301
f 854/2/2301 853/2/2301 2176/2/2301
f 2177/2/2302 2176/2/2302 853/2/2302
f 853/2/2302 851/2/2302 2177/2/2302
f 851/2/2303 852/2/2303 2183/2/2303
f 2183/2/2304 2177/2/2304 851/2/2304
f 2172/2/2305 2177/2/2305 2183/2/2305
f 2183/2/2305 2184/2/2305 2172/2/2305
f 2184/2/2306 2179/2/2306 2173/2/2306
f 2173/2/2306 2172/2/2306 2184/2/2306
f 2185/2/2307 2186/2/2307 2187/2/2307
f 2187/2/2307 2188/2/2307 2185/2/2307
f 2189/2/2308 2190/2/2308 2186/2/2308
f 2186/2/2308 2185/2/2308 2189/2/2308
f 2186/2/2309 2191/2/2309 2192/2/2309
f 2192/2/2310 2187/2/2310 2186/2/2310
f 2190/2/2311 2193/2/2311 2191/2/2311
f 2191/2/2311 2186/2/2311 2190/2/2311
f 2194/2/2312 993/2/2312 992/2/2312
f 992/2/2312 2188/2/2312 2194/2/2312
f 1002/2/2313 2185/2/2313 2188/2/2313
f 2188/2/2313 992/2/2313 1002/2/2313
f 1002/2/2314 1001/2/2314 2189/2/2314
f 2189/2/2314 2185/2/2314 1002/2/2314
f 2152/2/2315 2189/2/2315 1001/2/2315
f 1001/2/2315 973/2/2315 2152/2/2315
f 2190/2/2316 2189/2/2316 2152/2/2316
f 2152/2/2316 2157/2/2316 2190/2/2316
f 2190/2/2317 2157/2/2317 2156/2/2317
f 2156/2/2317 2193/2/2317 2190/2/2317
f 1588/2/2318 1611/2/2318 2193/2/2318
f 2193/2/2318 2156/2/2318 1588/2/2318
f 2193/2/2319 1611/2/2319 1610/2/2319
f 1610/2/2319 2191/2/2319 2193/2/2319
f 2191/2/2320 1610/2/2320 1609/2/2320
f 1609/2/2320 2192/2/2320 2191/2/2320
f 1608/2/2321 2195/2/2321 2192/2/2321
f 2192/2/2321 1609/2/2321 1608/2/2321
f 2196/2/2322 2187/2/2322 2192/2/2322
f 2192/2/2322 2195/2/2322 2196/2/2322
f 2196/2/2323 2194/2/2323 2188/2/2323
f 2188/2/2324 2187/2/2324 2196/2/2324
f 2197/2/2325 2198/2/2325 2199/2/2325
f 2199/2/2325 2200/2/2325 2197/2/2325
f 2201/2/2326 2202/2/2326 2198/2/2326
f 2198/2/2326 2197/2/2326 2201/2/2326
f 2198/2/2327 2203/2/2327 2204/2/2327
f 2204/2/2327 2199/2/2327 2198/2/2327
f 2205/2/2328 2203/2/2328 2198/2/2328
f 2198/2/2329 2202/2/2329 2205/2/2329
f 2167/2/2330 1398/2/2330 1420/2/2330
f 1420/2/2330 2200/2/2330 2167/2/2330
f 2200/2/2331 1420/2/2331 1419/2/2331
f 1419/2/2331 2197/2/2331 2200/2/2331
f 2201/2/2332 2197/2/2332 1419/2/2332
f 1419/2/2332 1417/2/2332 2201/2/2332
f 2206/2/2333 2201/2/2333 1417/2/2333
f 1417/2/2334 1418/2/2334 2206/2/2334
f 2206/2/2335 2207/2/2335 2202/2/2335
f 2202/2/2336 2201/2/2336 2206/2/2336
f 2207/2/2337 2208/2/2337 2205/2/2337
f 2205/2/2337 2202/2/2337 2207/2/2337
f 2205/2/2338 2208/2/2338 2035/2/2338
f 2035/2/2339 2034/2/2339 2205/2/2339
f 2205/2/2340 2034/2/2340 2033/2/2340
f 2033/2/2341 2203/2/2341 2205/2/2341
f 2033/2/2342 2032/2/2342 2204/2/2342
f 2204/2/2342 2203/2/2342 2033/2/2342
f 2032/2/2343 2015/2/2343 2169/2/2343
f 2169/2/2344 2204/2/2344 2032/2/2344
f 2169/2/2345 2168/2/2345 2199/2/2345
f 2199/2/2345 2204/2/2345 2169/2/2345
f 2167/2/2346 2200/2/2346 2199/2/2346
f 2199/2/2346 2168/2/2346 2167/2/2346
f 2209/2/2347 2210/2/2347 2211/2/2347
f 2211/2/2347 2212/2/2347 2209/2/2347
f 2213/2/2348 2214/2/2348 2210/2/2348
f 2210/2/2348 2209/2/2348 2213/2/2348
f 2210/2/2349 2215/2/2349 2216/2/2349
f 2216/2/2349 2211/2/2349 2210/2/2349
f 2214/2/2350 2217/2/2350 2215/2/2350
f 2215/2/2351 2210/2/2351 2214/2/2351
f 2180/2/2352 872/2/2352 900/2/2352
f 900/2/2352 2212/2/2352 2180/2/2352
f 899/2/2353 2209/2/2353 2212/2/2353
f 2212/2/2354 900/2/2354 899/2/2354
f 898/2/2355 2213/2/2355 2209/2/2355
f 2209/2/2355 899/2/2355 898/2/2355
f 898/2/2356 897/2/2356 2218/2/2356
f 2218/2/2357 2213/2/2357 898/2/2357
f 2218/2/2358 2219/2/2358 2214/2/2358
f 2214/2/2358 2213/2/2358 2218/2/2358
f 2220/2/2359 2217/2/2359 2214/2/2359
f 2214/2/2359 2219/2/2359 2220/2/2359
f 2217/2/2360 2220/2/2360 1515/2/2360
f 1515/2/2360 1514/2/2360 2217/2/2360
f 2215/2/2361 2217/2/2361 1514/2/2361
f 1514/2/2362 1513/2/2362 2215/2/2362
f 2216/2/2363 2215/2/2363 1513/2/2363
f 1513/2/2363 1512/2/2363 2216/2/2363
f 1512/2/2364 855/2/2364 2182/2/2364
f 2182/2/2364 2216/2/2364 1512/2/2364
f 2181/2/2365 2211/2/2365 2216/2/2365
f 2216/2/2365 2182/2/2365 2181/2/2365
f 2212/2/2366 2211/2/2366 2181/2/2366
f 2181/2/2366 2180/2/2366 2212/2/2366
f 2221/2/2367 2222/2/2367 2223/2/2367
f 2223/2/2368 2224/2/2368 2221/2/2368
f 2225/2/2369 2226/2/2369 2222/2/2369
f 2222/2/2370 2221/2/2370 2225/2/2370
f 2222/2/2371 2227/2/2371 2228/2/2371
f 2228/2/2372 2223/2/2372 2222/2/2372
f 2226/2/2373 2229/2/2373 2227/2/2373
f 2227/2/2373 2222/2/2373 2226/2/2373
f 2224/2/2374 2230/2/2374 1013/2/2374
f 1013/2/2374 1012/2/2374 2224/2/2374
f 1022/2/2375 2221/2/2375 2224/2/2375
f 2224/2/2376 1012/2/2376 1022/2/2376
f 1022/2/2377 1021/2/2377 2225/2/2377
f 2225/2/2377 2221/2/2377 1022/2/2377
f 993/2/2378 2194/2/2378 2225/2/2378
f 2225/2/2378 1021/2/2378 993/2/2378
f 2194/2/2379 2196/2/2379 2226/2/2379
f 2226/2/2379 2225/2/2379 2194/2/2379
f 2229/2/2380 2226/2/2380 2196/2/2380
f 2196/2/2381 2195/2/2381 2229/2/2381
f 2229/2/2382 2195/2/2382 1608/2/2382
f 1608/2/2382 1631/2/2382 2229/2/2382
f 2229/2/2383 1631/2/2383 1630/2/2383
f 1630/2/2383 2227/2/2383 2229/2/2383
f 2227/2/2384 1630/2/2384 1629/2/2384
f 1629/2/2385 2228/2/2385 2227/2/2385
f 1629/2/2386 1628/2/2386 2231/2/2386
f 2231/2/2386 2228/2/2386 1629/2/2386
f 2223/2/2387 2228/2/2387 2231/2/2387
f 2231/2/2387 2232/2/2387 2223/2/2387
f 2232/2/2388 2230/2/2388 2224/2/2388
f 2224/2/2388 2223/2/2388 2232/2/2388
f 2233/2/2389 2234/2/2389 2235/2/2389
f 2235/2/2390 2236/2/2390 2233/2/2390
f 2237/2/2391 2238/2/2391 2234/2/2391
f 2234/2/2391 2233/2/2391 2237/2/2391
f 2234/2/2392 2239/2/2392 2240/2/2392
f 2240/2/2393 2235/2/2393 2234/2/2393
f 2241/2/2394 2239/2/2394 2234/2/2394
f 2234/2/2394 2238/2/2394 2241/2/2394
f 2206/2/2395 1418/2/2395 1440/2/2395
f 1440/2/2395 2236/2/2395 2206/2/2395
f 2236/2/2396 1440/2/2396 1439/2/2396
f 1439/2/2397 2233/2/2397 2236/2/2397
f 2237/2/2398 2233/2/2398 1439/2/2398
f 1439/2/2399 1437/2/2399 2237/2/2399
f 2242/2/2400 2237/2/2400 1437/2/2400
f 1437/2/2400 1438/2/2400 2242/2/2400
f 2242/2/2401 2243/2/2401 2238/2/2401
f 2238/2/2402 2237/2/2402 2242/2/2402
f 2241/2/2403 2238/2/2403 2243/2/2403
f 2243/2/2403 2244/2/2403 2241/2/2403
f 2241/2/2404 2244/2/2404 2055/2/2404
f 2055/2/2404 2054/2/2404 2241/2/2404
f 2241/2/2405 2054/2/2405 2053/2/2405
f 2053/2/2405 2239/2/2405 2241/2/2405
f 2053/2/2406 2052/2/2406 2240/2/2406
f 2240/2/2406 2239/2/2406 2053/2/2406
f 2035/2/2407 2208/2/2407 2240/2/2407
f 2240/2/2407 2052/2/2407 2035/2/2407
f 2207/2/2408 2235/2/2408 2240/2/2408
f 2240/2/2408 2208/2/2408 2207/2/2408
f 2236/2/2409 2235/2/2409 2207/2/2409
f 2207/2/2409 2206/2/2409 2236/2/2409
f 2245/2/2410 2246/2/2410 2247/2/2410
f 2247/2/2410 2248/2/2410 2245/2/2410
f 2249/2/2411 2250/2/2411 2246/2/2411
f 2246/2/2411 2245/2/2411 2249/2/2411
f 2246/2/2412 2251/2/2412 2252/2/2412
f 2252/2/2413 2247/2/2413 2246/2/2413
f 2250/2/2414 2253/2/2414 2251/2/2414
f 2251/2/2414 2246/2/2414 2250/2/2414
f 2218/2/2415 897/2/2415 920/2/2415
f 920/2/2415 2248/2/2415 2218/2/2415
f 2248/2/2416 920/2/2416 919/2/2416
f 919/2/2416 2245/2/2416 2248/2/2416
f 918/2/2417 2249/2/2417 2245/2/2417
f 2245/2/2418 919/2/2418 918/2/2418
f 918/2/2419 917/2/2419 2254/2/2419
f 2254/2/2419 2249/2/2419 918/2/2419
f 2254/2/2420 2255/2/2420 2250/2/2420
f 2250/2/2420 2249/2/2420 2254/2/2420
f 2253/2/2421 2250/2/2421 2255/2/2421
f 2255/2/2421 2256/2/2421 2253/2/2421
f 2253/2/2422 2256/2/2422 1535/2/2422
f 1535/2/2423 1534/2/2423 2253/2/2423
f 2251/2/2424 2253/2/2424 1534/2/2424
f 1534/2/2424 1533/2/2425 2251/2/2425
f 1533/2/2426 1532/2/2426 2252/2/2426
f 2252/2/2426 2251/2/2426 1533/2/2426
f 1532/2/2427 1515/2/2427 2220/2/2427
f 2220/2/2427 2252/2/2427 1532/2/2427
f 2219/2/2428 2247/2/2428 2252/2/2428
f 2252/2/2428 2220/2/2428 2219/2/2428
f 2247/2/2429 2219/2/2429 2218/2/2429
f 2218/2/2429 2248/2/2429 2247/2/2429
f 2257/2/2430 2258/2/2430 2259/2/2430
f 2259/2/2430 2260/2/2430 2257/2/2430
f 2261/2/2431 2262/2/2431 2258/2/2431
f 2258/2/2432 2257/2/2432 2261/2/2432
f 2258/2/2433 2263/2/2433 2264/2/2433
f 2264/2/2433 2259/2/2433 2258/2/2433
f 2262/2/2434 2265/2/2434 2263/2/2434
f 2263/2/2435 2258/2/2435 2262/2/2435
f 1033/2/2436 1032/2/2436 2260/2/2436
f 2260/2/2437 2266/2/2437 1033/2/2437
f 1042/2/2438 2257/2/2438 2260/2/2438
f 2260/2/2438 1032/2/2438 1042/2/2438
f 1042/2/2439 1041/2/2439 2261/2/2439
f 2261/2/2439 2257/2/2439 1042/2/2439
f 2261/2/2440 1041/2/2440 1013/2/2440
f 1013/2/2440 2230/2/2440 2261/2/2440
f 2262/2/2441 2261/2/2441 2230/2/2441
f 2230/2/2441 2232/2/2441 2262/2/2441
f 2231/2/2442 2265/2/2442 2262/2/2442
f 2262/2/2443 2232/2/2443 2231/2/2443
f 1651/2/2444 2265/2/2444 2231/2/2444
f 2231/2/2444 1628/2/2444 1651/2/2444
f 2265/2/2445 1651/2/2445 1650/2/2445
f 1650/2/2446 2263/2/2446 2265/2/2446
f 2263/2/2447 1650/2/2447 1649/2/2447
f 1649/2/2447 2264/2/2447 2263/2/2447
f 1649/2/2448 1648/2/2448 2267/2/2448
f 2267/2/2448 2264/2/2448 1649/2/2448
f 2259/2/2449 2264/2/2449 2267/2/2449
f 2267/2/2449 2268/2/2449 2259/2/2449
f 2268/2/2450 2266/2/2450 2260/2/2450
f 2260/2/2450 2259/2/2450 2268/2/2450
f 2269/2/2451 2270/2/2451 2271/2/2451
f 2271/2/2451 2272/2/2451 2269/2/2451
f 2273/2/2452 2274/2/2452 2270/2/2452
f 2270/2/2452 2269/2/2452 2273/2/2452
f 2270/2/2453 2275/2/2453 2276/2/2453
f 2276/2/2453 2271/2/2453 2270/2/2453
f 2277/2/2454 2275/2/2454 2270/2/2454
f 2270/2/2455 2274/2/2455 2277/2/2455
f 2242/2/2456 1438/2/2456 1460/2/2456
f 1460/2/2456 2272/2/2456 2242/2/2456
f 2272/2/2457 1460/2/2457 1459/2/2457
f 1459/2/2458 2269/2/2458 2272/2/2458
f 2273/2/2459 2269/2/2459 1459/2/2459
f 1459/2/2459 1457/2/2459 2273/2/2459
f 2278/2/2460 2273/2/2460 1457/2/2460
f 1457/2/2460 1458/2/2460 2278/2/2460
f 2278/2/2461 2279/2/2461 2274/2/2461
f 2274/2/2461 2273/2/2461 2278/2/2461
f 2277/2/2462 2274/2/2462 2279/2/2462
f 2279/2/2462 2280/2/2462 2277/2/2462
f 2277/2/2463 2280/2/2463 2075/2/2463
f 2075/2/2463 2074/2/2463 2277/2/2463
f 2277/2/2464 2074/2/2464 2073/2/2464
f 2073/2/2465 2275/2/2465 2277/2/2465
f 2073/2/2466 2072/2/2466 2276/2/2466
f 2276/2/2466 2275/2/2466 2073/2/2466
f 2072/2/2467 2055/2/2467 2244/2/2467
f 2244/2/2468 2276/2/2468 2072/2/2468
f 2271/2/2469 2276/2/2469 2244/2/2469
f 2244/2/2469 2243/2/2469 2271/2/2469
f 2272/2/2470 2271/2/2470 2243/2/2470
f 2243/2/2470 2242/2/2470 2272/2/2470
f 2281/2/2471 2282/2/2471 2283/2/2471
f 2283/2/2471 2284/2/2471 2281/2/2471
f 2285/2/2472 2286/2/2472 2282/2/2472
f 2282/2/2472 2281/2/2472 2285/2/2472
f 2282/2/2473 2287/2/2473 2288/2/2473
f 2288/2/2474 2283/2/2474 2282/2/2474
f 2286/2/2475 2289/2/2475 2287/2/2475
f 2287/2/2476 2282/2/2476 2286/2/2476
f 2284/2/2477 2254/2/2477 917/2/2477
f 917/2/2478 940/2/2478 2284/2/2478
f 939/2/2479 2281/2/2479 2284/2/2479
f 2284/2/2479 940/2/2479 939/2/2479
f 937/2/2480 2285/2/2480 2281/2/2480
f 2281/2/2480 939/2/2480 937/2/2480
f 2290/2/2481 2285/2/2481 937/2/2481
f 937/2/2481 938/2/2481 2290/2/2481
f 2290/2/2482 2291/2/2482 2286/2/2482
f 2286/2/2482 2285/2/2482 2290/2/2482
f 2289/2/2483 2286/2/2483 2291/2/2483
f 2291/2/2483 2292/2/2483 2289/2/2483
f 2289/2/2484 2292/2/2484 1555/2/2484
f 1555/2/2485 1554/2/2485 2289/2/2485
f 2287/2/2486 2289/2/2486 1554/2/2486
f 1554/2/2487 1553/2/2487 2287/2/2487
f 2288/2/2488 2287/2/2488 1553/2/2488
f 1553/2/2488 1552/2/2488 2288/2/2488
f 1552/2/2489 1535/2/2489 2256/2/2489
f 2256/2/2489 2288/2/2489 1552/2/2489
f 2255/2/2490 2283/2/2490 2288/2/2490
f 2288/2/2491 2256/2/2491 2255/2/2491
f 2284/2/2492 2283/2/2492 2255/2/2492
f 2255/2/2492 2254/2/2492 2284/2/2492
f 2293/2/2493 2294/2/2493 2295/2/2493
f 2295/2/2206 2296/2/2206 2293/2/2206
f 2297/2/2494 2298/2/2494 2294/2/2494
f 2294/2/2494 2293/2/2494 2297/2/2494
f 2294/2/2495 2299/2/2495 2300/2/2495
f 2300/2/2495 2295/2/2495 2294/2/2495
f 2298/2/2496 2301/2/2496 2299/2/2496
f 2299/2/2209 2294/2/2209 2298/2/2209
f 2296/2/2215 2302/2/2215 1053/2/2215
f 1053/2/2215 1052/2/2215 2296/2/2215
f 1062/2/2497 2293/2/2497 2296/2/2497
f 2296/2/2497 1052/2/2497 1062/2/2497
f 1062/2/2213 1061/2/2213 2297/2/2213
f 2297/2/2213 2293/2/2213 1062/2/2213
f 2266/2/2212 2297/2/2212 1061/2/2212
f 1061/2/2212 1033/2/2212 2266/2/2212
f 2298/2/2225 2297/2/2225 2266/2/2225
f 2266/2/2225 2268/2/2225 2298/2/2225
f 2267/2/2224 2301/2/2224 2298/2/2224
f 2298/2/2224 2268/2/2224 2267/2/2224
f 1671/2/2222 2301/2/2222 2267/2/2222
f 2267/2/2222 1648/2/2222 1671/2/2222
f 2301/2/2220 1671/2/2220 1670/2/2220
f 1670/2/2220 2299/2/2220 2301/2/2220
f 2299/2/2219 1670/2/2219 1669/2/2219
f 1669/2/2219 2300/2/2219 2299/2/2219
f 1669/2/2218 1668/2/2218 2303/2/2218
f 2303/2/2218 2300/2/2218 1669/2/2218
f 2295/2/2217 2300/2/2217 2303/2/2217
f 2303/2/2217 2304/2/2217 2295/2/2217
f 2304/2/2216 2302/2/2216 2296/2/2216
f 2296/2/2216 2295/2/2216 2304/2/2216
f 2305/2/2498 2306/2/2498 2307/2/2498
f 2307/2/2498 2308/2/2498 2305/2/2498
f 2309/2/2499 2310/2/2499 2306/2/2499
f 2306/2/2499 2305/2/2499 2309/2/2499
f 2306/2/2500 2311/2/2500 2312/2/2500
f 2312/2/2500 2307/2/2500 2306/2/2500
f 2313/2/2501 2311/2/2501 2306/2/2501
f 2306/2/2501 2310/2/2501 2313/2/2501
f 2278/2/2502 1458/2/2502 1480/2/2502
f 1480/2/2502 2308/2/2502 2278/2/2502
f 2308/2/2503 1480/2/2503 1479/2/2503
f 1479/2/2503 2305/2/2503 2308/2/2503
f 2309/2/2504 2305/2/2504 1479/2/2504
f 1479/2/2504 1477/2/2504 2309/2/2504
f 2314/2/2505 2309/2/2505 1477/2/2505
f 1477/2/2506 1478/2/2506 2314/2/2506
f 2314/2/2507 2315/2/2507 2310/2/2507
f 2310/2/2507 2309/2/2507 2314/2/2507
f 2313/2/2508 2310/2/2508 2315/2/2508
f 2315/2/2508 2316/2/2508 2313/2/2508
f 2313/2/2509 2316/2/2509 2095/2/2509
f 2095/2/2509 2094/2/2509 2313/2/2509
f 2313/2/2510 2094/2/2510 2093/2/2510
f 2093/2/2510 2311/2/2510 2313/2/2510
f 2093/2/2511 2092/2/2511 2312/2/2511
f 2312/2/2511 2311/2/2511 2093/2/2511
f 2092/2/2512 2075/2/2512 2280/2/2512
f 2280/2/2513 2312/2/2513 2092/2/2513
f 2307/2/2514 2312/2/2514 2280/2/2514
f 2280/2/2515 2279/2/2515 2307/2/2515
f 2308/2/2516 2307/2/2516 2279/2/2516
f 2279/2/2516 2278/2/2516 2308/2/2516
f 2317/2/2517 2318/2/2517 2319/2/2517
f 2319/2/2518 2320/2/2518 2317/2/2518
f 2321/2/2519 2322/2/2519 2318/2/2519
f 2318/2/2519 2317/2/2519 2321/2/2519
f 2318/2/2520 2323/2/2520 2324/2/2520
f 2324/2/2520 2319/2/2520 2318/2/2520
f 2322/2/2521 2325/2/2521 2323/2/2521
f 2323/2/2521 2318/2/2521 2322/2/2521
f 2290/2/2522 938/2/2522 960/2/2522
f 960/2/2522 2320/2/2522 2290/2/2522
f 959/2/2523 2317/2/2523 2320/2/2523
f 2320/2/2524 960/2/2524 959/2/2524
f 958/2/2525 2321/2/2525 2317/2/2525
f 2317/2/2526 959/2/2526 958/2/2526
f 2326/2/2527 2321/2/2527 958/2/2527
f 958/2/2527 957/2/2527 2326/2/2527
f 2326/2/2528 2327/2/2528 2322/2/2528
f 2322/2/2528 2321/2/2528 2326/2/2528
f 2325/2/2529 2322/2/2529 2327/2/2529
f 2327/2/2530 2328/2/2530 2325/2/2530
f 2325/2/2531 2328/2/2531 1575/2/2531
f 1575/2/2531 1574/2/2531 2325/2/2531
f 2323/2/2532 2325/2/2532 1574/2/2532
f 1574/2/2532 1573/2/2532 2323/2/2532
f 2324/2/2533 2323/2/2533 1573/2/2533
f 1573/2/2533 1572/2/2533 2324/2/2533
f 1572/2/2534 1555/2/2534 2292/2/2534
f 2292/2/2534 2324/2/2534 1572/2/2534
f 2291/2/2535 2319/2/2535 2324/2/2535
f 2324/2/2535 2292/2/2535 2291/2/2535
f 2320/2/2536 2319/2/2536 2291/2/2536
f 2291/2/2536 2290/2/2536 2320/2/2536
f 2329/2/2268 2330/2/2268 2331/2/2268
f 2331/2/2537 2332/2/2537 2329/2/2537
f 2333/2/2538 2334/2/2538 2330/2/2538
f 2330/2/2266 2329/2/2266 2333/2/2266
f 2330/2/2271 2335/2/2271 2336/2/2271
f 2336/2/2271 2331/2/2271 2330/2/2271
f 2334/2/2269 2337/2/2269 2335/2/2269
f 2335/2/2539 2330/2/2539 2334/2/2539
f 2332/2/2540 2338/2/2540 1073/2/2540
f 1073/2/2540 1072/2/2540 2332/2/2540
f 1082/2/2274 2329/2/2274 2332/2/2274
f 2332/2/2274 1072/2/2274 1082/2/2274
f 1082/2/2273 1081/2/2273 2333/2/2273
f 2333/2/2273 2329/2/2273 1082/2/2273
f 2302/2/2541 2333/2/2541 1081/2/2541
f 1081/2/2541 1053/2/2541 2302/2/2541
f 2334/2/2285 2333/2/2285 2302/2/2285
f 2302/2/2285 2304/2/2285 2334/2/2285
f 2303/2/2284 2337/2/2284 2334/2/2284
f 2334/2/2284 2304/2/2284 2303/2/2284
f 1691/2/2542 2337/2/2542 2303/2/2542
f 2303/2/2542 1668/2/2542 1691/2/2542
f 2337/2/2282 1691/2/2282 1690/2/2282
f 1690/2/2282 2335/2/2282 2337/2/2282
f 2335/2/2281 1690/2/2281 1689/2/2281
f 1689/2/2281 2336/2/2281 2335/2/2281
f 1689/2/2279 1688/2/2279 2339/2/2279
f 2339/2/2279 2336/2/2279 1689/2/2279
f 2331/2/2543 2336/2/2543 2339/2/2543
f 2339/2/2544 2340/2/2544 2331/2/2544
f 2340/2/2277 2338/2/2277 2332/2/2277
f 2332/2/2277 2331/2/2277 2340/2/2277
f 2341/2/2545 2342/2/2545 2343/2/2545
f 2343/2/2546 2344/2/2546 2341/2/2546
f 2345/2/2547 2346/2/2547 2342/2/2547
f 2342/2/2547 2341/2/2547 2345/2/2547
f 2342/2/2548 2347/2/2548 2348/2/2548
f 2348/2/2549 2343/2/2549 2342/2/2549
f 2349/2/2550 2347/2/2550 2342/2/2550
f 2342/2/2550 2346/2/2550 2349/2/2550
f 2314/2/2551 1478/2/2551 1495/2/2551
f 1495/2/2552 2344/2/2552 2314/2/2552
f 2344/2/2553 1495/2/2553 1494/2/2553
f 1494/2/2554 2341/2/2554 2344/2/2554
f 2345/2/2555 2341/2/2555 1494/2/2555
f 1494/2/2555 1493/2/2555 2345/2/2555
f 2179/2/2556 2345/2/2556 1493/2/2556
f 1493/2/2556 877/2/2556 2179/2/2556
f 2184/2/2557 2346/2/2557 2345/2/2557
f 2345/2/2557 2179/2/2557 2184/2/2557
f 2183/2/2558 2349/2/2558 2346/2/2558
f 2346/2/2558 2184/2/2558 2183/2/2558
f 2349/2/2559 2183/2/2559 852/2/2559
f 852/2/2559 2112/2/2559 2349/2/2559
f 2349/2/2560 2112/2/2560 2111/2/2560
f 2111/2/2560 2347/2/2560 2349/2/2560
f 2111/2/2561 2110/2/2561 2348/2/2561
f 2348/2/2561 2347/2/2561 2111/2/2561
f 2110/2/2562 2095/2/2562 2316/2/2562
f 2316/2/2562 2348/2/2562 2110/2/2562
f 2343/2/2563 2348/2/2563 2316/2/2563
f 2316/2/2563 2315/2/2563 2343/2/2563
f 2344/2/2564 2343/2/2564 2315/2/2564
f 2315/2/2564 2314/2/2564 2344/2/2564
f 2350/2/2565 2351/2/2565 2352/2/2565
f 2352/2/2565 2353/2/2565 2350/2/2565
f 2354/2/2566 2355/2/2566 2351/2/2566
f 2351/2/2567 2350/2/2567 2354/2/2567
f 2351/2/2568 2356/2/2568 2357/2/2568
f 2357/2/2569 2352/2/2569 2351/2/2569
f 2355/2/2570 2358/2/2570 2356/2/2570
f 2356/2/2571 2351/2/2571 2355/2/2571
f 2326/2/2572 957/2/2572 980/2/2572
f 980/2/2572 2353/2/2572 2326/2/2572
f 979/2/2573 2350/2/2573 2353/2/2573
f 2353/2/2573 980/2/2573 979/2/2573
f 978/2/2574 2354/2/2574 2350/2/2574
f 2350/2/2574 979/2/2574 978/2/2574
f 978/2/2575 977/2/2575 2359/2/2575
f 2359/2/2575 2354/2/2575 978/2/2575
f 2359/2/2576 2360/2/2576 2355/2/2576
f 2355/2/2576 2354/2/2576 2359/2/2576
f 2355/2/2577 2360/2/2577 2361/2/2577
f 2361/2/2577 2358/2/2577 2355/2/2577
f 1595/2/2578 1594/2/2578 2358/2/2578
f 2358/2/2578 2361/2/2578 1595/2/2578
f 2356/2/2579 2358/2/2579 1594/2/2579
f 1594/2/2579 1593/2/2579 2356/2/2579
f 2357/2/2580 2356/2/2580 1593/2/2580
f 1593/2/2580 1592/2/2580 2357/2/2580
f 1592/2/2581 1575/2/2581 2328/2/2581
f 2328/2/2581 2357/2/2581 1592/2/2581
f 2327/2/2582 2352/2/2582 2357/2/2582
f 2357/2/2582 2328/2/2582 2327/2/2582
f 2353/2/2583 2352/2/2583 2327/2/2583
f 2327/2/2583 2326/2/2583 2353/2/2583
f 2362/2/2584 2363/2/2584 2364/2/2584
f 2364/2/2585 2365/2/2585 2362/2/2585
f 2366/2/2325 2367/2/2325 2363/2/2325
f 2363/2/2325 2362/2/2325 2366/2/2325
f 2363/2/2586 2368/2/2586 2369/2/2586
f 2369/2/2329 2364/2/2329 2363/2/2329
f 2367/2/2327 2370/2/2327 2368/2/2327
f 2368/2/2327 2363/2/2327 2367/2/2327
f 2365/2/2587 2371/2/2587 1093/2/2587
f 1093/2/2333 1092/2/2333 2365/2/2333
f 1102/2/2588 2362/2/2588 2365/2/2588
f 2365/2/2332 1092/2/2332 1102/2/2332
f 1102/2/2331 1101/2/2331 2366/2/2331
f 2366/2/2589 2362/2/2589 1102/2/2589
f 2338/2/2330 2366/2/2330 1101/2/2330
f 1101/2/2330 1073/2/2330 2338/2/2330
f 2367/2/2346 2366/2/2346 2338/2/2346
f 2338/2/2590 2340/2/2590 2367/2/2590
f 2339/2/2345 2370/2/2345 2367/2/2345
f 2367/2/2345 2340/2/2345 2339/2/2345
f 1711/2/2343 2370/2/2343 2339/2/2343
f 2339/2/2343 1688/2/2343 1711/2/2343
f 2370/2/2342 1711/2/2342 1710/2/2342
f 1710/2/2342 2368/2/2342 2370/2/2342
f 2368/2/2341 1710/2/2341 1709/2/2341
f 1709/2/2341 2369/2/2341 2368/2/2341
f 2369/2/2591 1709/2/2591 1708/2/2591
f 1708/2/2592 2372/2/2592 2369/2/2592
f 2369/2/2593 2372/2/2593 2373/2/2593
f 2373/2/2594 2364/2/2594 2369/2/2594
f 2364/2/2595 2373/2/2595 2371/2/2595
f 2371/2/2336 2365/2/2336 2364/2/2336
f 2374/2/2596 2375/2/2596 2376/2/2596
f 2376/2/2597 2377/2/2597 2374/2/2598
f 2378/2/2599 2379/2/2599 2375/2/2599
f 2375/2/2599 2374/2/2599 2378/2/2599
f 2375/2/2600 2380/2/2600 2381/2/2600
f 2381/2/2600 2376/2/2600 2375/2/2600
f 2382/2/2601 2380/2/2601 2375/2/2601
f 2375/2/2601 2379/2/2601 2382/2/2601
f 2359/2/2602 977/2/2602 1000/2/2602
f 1000/2/2602 2377/2/2602 2359/2/2602
f 2377/2/2603 1000/2/2603 999/2/2603
f 999/2/2604 2374/2/2604 2377/2/2604
f 2378/2/2605 2374/2/2605 999/2/2605
f 999/2/2605 998/2/2605 2378/2/2605
f 2383/2/2606 2378/2/2606 998/2/2606
f 998/2/2606 997/2/2606 2383/2/2606
f 2383/2/2607 2384/2/2607 2379/2/2607
f 2379/2/2607 2378/2/2607 2383/2/2607
f 2382/2/2608 2379/2/2608 2384/2/2608
f 2384/2/2608 2385/2/2608 2382/2/2608
f 1615/2/2609 1614/2/2609 2382/2/2609
f 2382/2/2609 2385/2/2609 1615/2/2609
f 2382/2/2610 1614/2/2610 1613/2/2610
f 1613/2/2610 2380/2/2610 2382/2/2610
f 1613/2/2611 1612/2/2611 2381/2/2611
f 2381/2/2611 2380/2/2611 1613/2/2611
f 1612/2/2612 1595/2/2612 2361/2/2612
f 2361/2/2612 2381/2/2612 1612/2/2612
f 2376/2/2613 2381/2/2613 2361/2/2613
f 2361/2/2613 2360/2/2613 2376/2/2613
f 2377/2/2614 2376/2/2614 2360/2/2614
f 2360/2/2614 2359/2/2614 2377/2/2614
f 2386/2/2391 2387/2/2391 2388/2/2391
f 2388/2/2391 2389/2/2391 2386/2/2391
f 2390/2/2390 2391/2/2390 2387/2/2390
f 2387/2/2390 2386/2/2390 2390/2/2390
f 2387/2/2394 2392/2/2394 2393/2/2394
f 2393/2/2394 2388/2/2394 2387/2/2394
f 2391/2/2392 2394/2/2392 2392/2/2392
f 2392/2/2392 2387/2/2392 2391/2/2392
f 2389/2/2400 2395/2/2400 1113/2/2400
f 1113/2/2400 1112/2/2400 2389/2/2400
f 1122/2/2399 2386/2/2399 2389/2/2399
f 2389/2/2399 1112/2/2399 1122/2/2399
f 1122/2/2615 1121/2/2616 2390/2/2616
f 2390/2/2397 2386/2/2397 1122/2/2397
f 1121/2/2617 1093/2/2617 2371/2/2617
f 2371/2/2618 2390/2/2618 1121/2/2618
f 2391/2/2409 2390/2/2409 2371/2/2409
f 2371/2/2409 2373/2/2409 2391/2/2409
f 2372/2/2408 2394/2/2408 2391/2/2408
f 2391/2/2408 2373/2/2408 2372/2/2408
f 2372/2/2407 1708/2/2407 1731/2/2407
f 1731/2/2407 2394/2/2407 2372/2/2407
f 2394/2/2406 1731/2/2406 1730/2/2406
f 1730/2/2406 2392/2/2406 2394/2/2406
f 2392/2/2405 1730/2/2405 1729/2/2405
f 1729/2/2619 2393/2/2619 2392/2/2619
f 2393/2/2404 1729/2/2404 1728/2/2404
f 1728/2/2620 2396/2/2620 2393/2/2620
f 2397/2/2403 2388/2/2403 2393/2/2403
f 2393/2/2403 2396/2/2403 2397/2/2403
f 2388/2/2621 2397/2/2621 2395/2/2621
f 2395/2/2621 2389/2/2621 2388/2/2621
f 2398/2/2622 2399/2/2622 2400/2/2622
f 2400/2/2622 2401/2/2622 2398/2/2622
f 2402/2/2623 2403/2/2623 2399/2/2623
f 2399/2/2623 2398/2/2623 2402/2/2623
f 2399/2/2624 2404/2/2624 2405/2/2624
f 2405/2/2624 2400/2/2624 2399/2/2624
f 2406/2/2625 2404/2/2625 2399/2/2625
f 2399/2/2625 2403/2/2625 2406/2/2625
f 2383/2/2626 997/2/2626 1020/2/2626
f 1020/2/2627 2401/2/2627 2383/2/2627
f 2401/2/2628 1020/2/2628 1019/2/2628
f 1019/2/2628 2398/2/2628 2401/2/2628
f 2402/2/2629 2398/2/2629 1019/2/2629
f 1019/2/2630 1017/2/2630 2402/2/2630
f 2402/2/2631 1017/2/2631 1018/2/2631
f 1018/2/2631 2407/2/2631 2402/2/2631
f 2407/2/2632 2408/2/2632 2403/2/2632
f 2403/2/2632 2402/2/2632 2407/2/2632
f 2406/2/2633 2403/2/2633 2408/2/2633
f 2408/2/2633 2409/2/2633 2406/2/2633
f 1635/2/2634 1634/2/2634 2406/2/2634
f 2406/2/2635 2409/2/2635 1635/2/2635
f 2406/2/2636 1634/2/2636 1633/2/2636
f 1633/2/2637 2404/2/2637 2406/2/2637
f 1633/2/2638 1632/2/2638 2405/2/2638
f 2405/2/2638 2404/2/2638 1633/2/2638
f 1632/2/2639 1615/2/2639 2385/2/2639
f 2385/2/2640 2405/2/2640 1632/2/2640
f 2384/2/2641 2400/2/2641 2405/2/2641
f 2405/2/2641 2385/2/2641 2384/2/2641
f 2400/2/2642 2384/2/2642 2383/2/2642
f 2383/2/2642 2401/2/2642 2400/2/2642
f 2410/2/2643 2411/2/2643 2412/2/2643
f 2412/2/2452 2413/2/2452 2410/2/2452
f 2414/2/2451 2415/2/2451 2411/2/2451
f 2411/2/2644 2410/2/2644 2414/2/2644
f 2411/2/2645 2416/2/2645 2417/2/2645
f 2417/2/2455 2412/2/2455 2411/2/2455
f 2415/2/2453 2418/2/2453 2416/2/2453
f 2416/2/2453 2411/2/2453 2415/2/2453
f 2413/2/2646 2419/2/2646 1133/2/2646
f 1133/2/2647 1132/2/2647 2413/2/2647
f 1142/2/2459 2410/2/2459 2413/2/2459
f 2413/2/2648 1132/2/2648 1142/2/2648
f 1142/2/2458 1141/2/2458 2414/2/2458
f 2414/2/2649 2410/2/2649 1142/2/2649
f 1141/2/2456 1113/2/2456 2395/2/2456
f 2395/2/2456 2414/2/2456 1141/2/2456
f 2415/2/2470 2414/2/2470 2395/2/2470
f 2395/2/2470 2397/2/2470 2415/2/2470
f 2396/2/2469 2418/2/2469 2415/2/2469
f 2415/2/2469 2397/2/2469 2396/2/2469
f 2396/2/2467 1728/2/2467 1751/2/2467
f 1751/2/2467 2418/2/2467 2396/2/2467
f 2418/2/2466 1751/2/2466 1750/2/2466
f 1750/2/2650 2416/2/2650 2418/2/2650
f 2416/2/2465 1750/2/2465 1749/2/2465
f 1749/2/2465 2417/2/2465 2416/2/2465
f 2417/2/2463 1749/2/2463 1748/2/2463
f 1748/2/2463 2420/2/2463 2417/2/2463
f 2421/2/2462 2412/2/2462 2417/2/2462
f 2417/2/2462 2420/2/2462 2421/2/2462
f 2412/2/2461 2421/2/2461 2419/2/2461
f 2419/2/2461 2413/2/2461 2412/2/2461
f 2422/2/2651 2423/2/2651 2424/2/2651
f 2424/2/2652 2425/2/2652 2422/2/2652
f 2426/2/2653 2427/2/2653 2423/2/2653
f 2423/2/2653 2422/2/2653 2426/2/2653
f 2423/2/2654 2428/2/2654 2429/2/2654
f 2429/2/2654 2424/2/2654 2423/2/2654
f 2430/2/2655 2428/2/2655 2423/2/2655
f 2423/2/2655 2427/2/2655 2430/2/2655
f 2407/2/2656 1018/2/2656 1040/2/2656
f 1040/2/2656 2425/2/2656 2407/2/2656
f 2425/2/2657 1040/2/2657 1039/2/2657
f 1039/2/2657 2422/2/2657 2425/2/2657
f 2426/2/2658 2422/2/2658 1039/2/2658
f 1039/2/2659 1037/2/2659 2426/2/2659
f 2426/2/2660 1037/2/2660 1038/2/2660
f 1038/2/2661 2431/2/2661 2426/2/2661
f 2431/2/2662 2432/2/2662 2427/2/2662
f 2427/2/2662 2426/2/2662 2431/2/2662
f 2430/2/2663 2427/2/2663 2432/2/2663
f 2432/2/2663 2433/2/2663 2430/2/2663
f 1655/2/2664 1654/2/2664 2430/2/2664
f 2430/2/2664 2433/2/2664 1655/2/2664
f 2430/2/2665 1654/2/2665 1653/2/2665
f 1653/2/2665 2428/2/2665 2430/2/2665
f 1653/2/2666 1652/2/2666 2429/2/2666
f 2429/2/2666 2428/2/2666 1653/2/2666
f 1652/2/2667 1635/2/2667 2409/2/2667
f 2409/2/2667 2429/2/2667 1652/2/2667
f 2408/2/2668 2424/2/2668 2429/2/2668
f 2429/2/2669 2409/2/2669 2408/2/2669
f 2407/2/2670 2425/2/2670 2424/2/2670
f 2424/2/2670 2408/2/2670 2407/2/2670
f 2434/2/2499 2435/2/2499 2436/2/2499
f 2436/2/2499 2437/2/2499 2434/2/2499
f 2438/2/2498 2439/2/2498 2435/2/2498
f 2435/2/2498 2434/2/2498 2438/2/2498
f 2435/2/2501 2440/2/2501 2441/2/2501
f 2441/2/2501 2436/2/2501 2435/2/2501
f 2439/2/2671 2442/2/2671 2440/2/2671
f 2440/2/2500 2435/2/2500 2439/2/2500
f 2437/2/2505 2443/2/2505 1153/2/2505
f 1153/2/2672 1152/2/2672 2437/2/2672
f 1162/2/2673 2434/2/2673 2437/2/2673
f 2437/2/2504 1152/2/2504 1162/2/2504
f 1162/2/2503 1161/2/2503 2438/2/2503
f 2438/2/2503 2434/2/2503 1162/2/2503
f 1161/2/2502 1133/2/2502 2419/2/2502
f 2419/2/2674 2438/2/2674 1161/2/2674
f 2439/2/2675 2438/2/2675 2419/2/2675
f 2419/2/2516 2421/2/2516 2439/2/2516
f 2420/2/2515 2442/2/2515 2439/2/2515
f 2439/2/2515 2421/2/2515 2420/2/2515
f 2420/2/2512 1748/2/2512 1771/2/2512
f 1771/2/2676 2442/2/2676 2420/2/2676
f 2442/2/2511 1771/2/2511 1770/2/2511
f 1770/2/2511 2440/2/2511 2442/2/2511
f 2440/2/2510 1770/2/2510 1769/2/2510
f 1769/2/2677 2441/2/2678 2440/2/2677
f 2441/2/2679 1769/2/2679 1768/2/2679
f 1768/2/2509 2444/2/2509 2441/2/2509
f 2441/2/2508 2444/2/2508 2445/2/2508
f 2445/2/2508 2436/2/2508 2441/2/2508
f 2436/2/2507 2445/2/2507 2443/2/2507
f 2443/2/2507 2437/2/2507 2436/2/2507
f 2446/2/2680 2447/2/2680 2448/2/2680
f 2448/2/2680 2449/2/2680 2446/2/2680
f 2450/2/2681 2451/2/2681 2447/2/2681
f 2447/2/2682 2446/2/2682 2450/2/2682
f 2447/2/2683 2452/2/2683 2453/2/2683
f 2453/2/2683 2448/2/2683 2447/2/2683
f 2454/2/2684 2452/2/2684 2447/2/2684
f 2447/2/2684 2451/2/2684 2454/2/2684
f 2431/2/2685 1038/2/2685 1060/2/2685
f 1060/2/2685 2449/2/2685 2431/2/2685
f 2449/2/2686 1060/2/2686 1059/2/2686
f 1059/2/2686 2446/2/2686 2449/2/2686
f 2450/2/2687 2446/2/2687 1059/2/2687
f 1059/2/2688 1057/2/2688 2450/2/2688
f 2450/2/2689 1057/2/2689 1058/2/2689
f 1058/2/2689 2455/2/2689 2450/2/2689
f 2455/2/2690 2456/2/2690 2451/2/2690
f 2451/2/2690 2450/2/2690 2455/2/2690
f 2454/2/2691 2451/2/2691 2456/2/2691
f 2456/2/2691 2457/2/2691 2454/2/2691
f 1675/2/2692 1674/2/2692 2454/2/2692
f 2454/2/2693 2457/2/2693 1675/2/2693
f 2454/2/2694 1674/2/2694 1673/2/2694
f 1673/2/2694 2452/2/2694 2454/2/2694
f 1673/2/2695 1672/2/2695 2453/2/2695
f 2453/2/2695 2452/2/2695 1673/2/2695
f 1672/2/2696 1655/2/2696 2433/2/2696
f 2433/2/2696 2453/2/2696 1672/2/2696
f 2432/2/2697 2448/2/2697 2453/2/2697
f 2453/2/2697 2433/2/2697 2432/2/2697
f 2448/2/2698 2432/2/2698 2431/2/2698
f 2431/2/2698 2449/2/2698 2448/2/2698
f 2458/2/2699 2459/2/2699 2460/2/2699
f 2460/2/2700 2461/2/2700 2458/2/2700
f 2462/2/2546 2463/2/2546 2459/2/2546
f 2459/2/2546 2458/2/2546 2462/2/2546
f 2459/2/2550 2464/2/2550 2465/2/2550
f 2465/2/2550 2460/2/2550 2459/2/2550
f 2463/2/2548 2466/2/2548 2464/2/2548
f 2464/2/2548 2459/2/2548 2463/2/2548
f 2461/2/2556 2467/2/2556 1173/2/2556
f 1173/2/2701 1172/2/2701 2461/2/2701
f 1182/2/2555 2458/2/2555 2461/2/2555
f 2461/2/2555 1172/2/2555 1182/2/2555
f 1182/2/2702 1181/2/2702 2462/2/2702
f 2462/2/2702 2458/2/2702 1182/2/2702
f 1181/2/2551 1153/2/2551 2443/2/2551
f 2443/2/2551 2462/2/2551 1181/2/2551
f 2463/2/2564 2462/2/2564 2443/2/2564
f 2443/2/2564 2445/2/2564 2463/2/2564
f 2444/2/2563 2466/2/2563 2463/2/2563
f 2463/2/2563 2445/2/2563 2444/2/2563
f 2444/2/2703 1768/2/2703 1791/2/2703
f 1791/2/2704 2466/2/2704 2444/2/2704
f 2466/2/2705 1791/2/2705 1790/2/2705
f 1790/2/2705 2464/2/2705 2466/2/2705
f 2464/2/2560 1790/2/2560 1789/2/2560
f 1789/2/2706 2465/2/2706 2464/2/2706
f 2465/2/2707 1789/2/2707 1788/2/2707
f 1788/2/2559 2468/2/2559 2465/2/2559
f 2469/2/2558 2460/2/2558 2465/2/2558
f 2465/2/2558 2468/2/2558 2469/2/2558
f 2460/2/2557 2469/2/2557 2467/2/2557
f 2467/2/2557 2461/2/2557 2460/2/2557
f 2470/2/2708 2471/2/2708 2472/2/2708
f 2472/2/2709 2473/2/2709 2470/2/2709
f 2474/2/2710 2475/2/2710 2471/2/2710
f 2471/2/2711 2470/2/2711 2474/2/2711
f 2471/2/2712 2476/2/2712 2477/2/2712
f 2477/2/2713 2472/2/2713 2471/2/2713
f 2478/2/2714 2476/2/2714 2471/2/2714
f 2471/2/2715 2475/2/2715 2478/2/2715
f 2455/2/2716 1058/2/2716 1080/2/2716
f 1080/2/2716 2473/2/2716 2455/2/2716
f 2473/2/2717 1080/2/2717 1079/2/2717
f 1079/2/2717 2470/2/2717 2473/2/2717
f 2474/2/2718 2470/2/2718 1079/2/2718
f 1079/2/2718 1077/2/2718 2474/2/2718
f 2474/2/2719 1077/2/2719 1078/2/2719
f 1078/2/2720 2479/2/2720 2474/2/2720
f 2479/2/2721 2480/2/2721 2475/2/2721
f 2475/2/2722 2474/2/2722 2479/2/2722
f 2478/2/2723 2475/2/2723 2480/2/2723
f 2480/2/2723 2481/2/2723 2478/2/2723
f 1695/2/2724 1694/2/2724 2478/2/2724
f 2478/2/2725 2481/2/2725 1695/2/2725
f 2478/2/2726 1694/2/2726 1693/2/2726
f 1693/2/2727 2476/2/2727 2478/2/2727
f 1693/2/2728 1692/2/2728 2477/2/2728
f 2477/2/2728 2476/2/2728 1693/2/2728
f 1692/2/2729 1675/2/2729 2457/2/2729
f 2457/2/2729 2477/2/2729 1692/2/2729
f 2456/2/2730 2472/2/2730 2477/2/2730
f 2477/2/2730 2457/2/2730 2456/2/2730
f 2472/2/2731 2456/2/2731 2455/2/2731
f 2455/2/2731 2473/2/2731 2472/2/2731
f 2482/2/2732 2483/2/2732 2484/2/2732
f 2484/2/2732 2485/2/2732 2482/2/2732
f 2486/2/2286 2487/2/2286 2483/2/2286
f 2483/2/2286 2482/2/2286 2486/2/2286
f 2483/2/2291 2488/2/2291 2489/2/2291
f 2489/2/2733 2484/2/2291 2483/2/2291
f 2487/2/2288 2490/2/2288 2488/2/2288
f 2488/2/2288 2483/2/2288 2487/2/2288
f 2485/2/2734 2491/2/2734 1193/2/2734
f 1193/2/2297 1192/2/2297 2485/2/2297
f 1202/2/2735 2482/2/2735 2485/2/2735
f 2485/2/2736 1192/2/2736 1202/2/2736
f 1202/2/2293 1201/2/2293 2486/2/2293
f 2486/2/2293 2482/2/2293 1202/2/2293
f 1201/2/2292 1173/2/2292 2467/2/2292
f 2467/2/2292 2486/2/2292 1201/2/2292
f 2487/2/2306 2486/2/2306 2467/2/2306
f 2467/2/2306 2469/2/2306 2487/2/2306
f 2468/2/2305 2490/2/2305 2487/2/2305
f 2487/2/2305 2469/2/2305 2468/2/2305
f 2468/2/2303 1788/2/2303 1811/2/2303
f 1811/2/2737 2490/2/2737 2468/2/2737
f 2490/2/2738 1811/2/2738 1810/2/2738
f 1810/2/2302 2488/2/2302 2490/2/2302
f 2488/2/2301 1810/2/2301 1809/2/2301
f 1809/2/2739 2489/2/2739 2488/2/2739
f 2489/2/2740 1809/2/2740 1808/2/2740
f 1808/2/2300 2492/2/2300 2489/2/2300
f 2493/2/2299 2484/2/2299 2489/2/2299
f 2489/2/2741 2492/2/2741 2493/2/2741
f 2484/2/2298 2493/2/2298 2491/2/2298
f 2491/2/2298 2485/2/2298 2484/2/2298
f 2494/2/2742 2495/2/2742 2496/2/2742
f 2496/2/2742 2497/2/2742 2494/2/2742
f 2498/2/2743 2499/2/2743 2495/2/2743
f 2495/2/2743 2494/2/2743 2498/2/2743
f 2495/2/2744 2500/2/2744 2501/2/2744
f 2501/2/2744 2496/2/2744 2495/2/2744
f 2502/2/2745 2500/2/2745 2495/2/2745
f 2495/2/2746 2499/2/2746 2502/2/2746
f 2479/2/2747 1078/2/2747 1100/2/2747
f 1100/2/2747 2497/2/2747 2479/2/2747
f 2497/2/2748 1100/2/2748 1099/2/2748
f 1099/2/2749 2494/2/2749 2497/2/2749
f 2498/2/2750 2494/2/2750 1099/2/2750
f 1099/2/2750 1097/2/2750 2498/2/2750
f 2498/2/2751 1097/2/2751 1098/2/2751
f 1098/2/2751 2503/2/2751 2498/2/2751
f 2503/2/2752 2504/2/2752 2499/2/2752
f 2499/2/2752 2498/2/2752 2503/2/2752
f 2502/2/2753 2499/2/2753 2504/2/2753
f 2504/2/2753 2505/2/2753 2502/2/2753
f 1715/2/2754 1714/2/2754 2502/2/2754
f 2502/2/2754 2505/2/2754 1715/2/2754
f 2502/2/2755 1714/2/2755 1713/2/2755
f 1713/2/2756 2500/2/2756 2502/2/2756
f 1713/2/2757 1712/2/2757 2501/2/2757
f 2501/2/2758 2500/2/2758 1713/2/2758
f 1712/2/2759 1695/2/2759 2481/2/2759
f 2481/2/2760 2501/2/2760 1712/2/2760
f 2480/2/2761 2496/2/2761 2501/2/2761
f 2501/2/2761 2481/2/2761 2480/2/2761
f 2479/2/2762 2497/2/2762 2496/2/2762
f 2496/2/2762 2480/2/2762 2479/2/2762
f 2506/2/2348 2507/2/2348 2508/2/2348
f 2508/2/2763 2509/2/2763 2506/2/2763
f 2510/2/2347 2511/2/2347 2507/2/2347
f 2507/2/2347 2506/2/2347 2510/2/2347
f 2507/2/2351 2512/2/2351 2513/2/2351
f 2513/2/2764 2508/2/2764 2507/2/2764
f 2511/2/2349 2514/2/2349 2512/2/2349
f 2512/2/2349 2507/2/2349 2511/2/2349
f 2509/2/2765 2515/2/2765 1213/2/2765
f 1213/2/2766 1212/2/2766 2509/2/2766
f 1222/2/2767 2506/2/2767 2509/2/2767
f 2509/2/2767 1212/2/2767 1222/2/2767
f 1222/2/2768 1221/2/2768 2510/2/2768
f 2510/2/2354 2506/2/2354 1222/2/2354
f 1221/2/2769 1193/2/2769 2491/2/2769
f 2491/2/2352 2510/2/2352 1221/2/2352
f 2511/2/2366 2510/2/2366 2491/2/2366
f 2491/2/2770 2493/2/2770 2511/2/2770
f 2492/2/2365 2514/2/2365 2511/2/2365
f 2511/2/2771 2493/2/2771 2492/2/2771
f 2492/2/2772 1808/2/2772 1831/2/2772
f 1831/2/2772 2514/2/2772 2492/2/2772
f 2514/2/2773 1831/2/2773 1830/2/2773
f 1830/2/2363 2512/2/2363 2514/2/2363
f 2512/2/2362 1830/2/2362 1829/2/2362
f 1829/2/2361 2513/2/2361 2512/2/2361
f 2513/2/2774 1829/2/2774 1828/2/2774
f 1828/2/2774 2516/2/2774 2513/2/2774
f 2517/2/2359 2508/2/2359 2513/2/2359
f 2513/2/2359 2516/2/2359 2517/2/2359
f 2508/2/2358 2517/2/2358 2515/2/2358
f 2515/2/2775 2509/2/2775 2508/2/2775
f 2518/2/2776 2519/2/2776 2520/2/2776
f 2520/2/2776 2521/2/2776 2518/2/2776
f 2522/2/2777 2523/2/2777 2519/2/2777
f 2519/2/2777 2518/2/2777 2522/2/2777
f 2519/2/2778 2524/2/2778 2525/2/2778
f 2525/2/2779 2520/2/2779 2519/2/2779
f 2526/2/2780 2524/2/2780 2519/2/2780
f 2519/2/2780 2523/2/2780 2526/2/2780
f 2503/2/2781 1098/2/2781 1120/2/2781
f 1120/2/2781 2521/2/2781 2503/2/2781
f 2521/2/2782 1120/2/2782 1119/2/2782
f 1119/2/2782 2518/2/2782 2521/2/2782
f 2522/2/2783 2518/2/2783 1119/2/2783
f 1119/2/2783 1117/2/2784 2522/2/2783
f 2522/2/2785 1117/2/2785 1118/2/2785
f 1118/2/2785 2527/2/2785 2522/2/2785
f 2527/2/2786 2528/2/2786 2523/2/2786
f 2523/2/2786 2522/2/2786 2527/2/2786
f 2526/2/2787 2523/2/2787 2528/2/2787
f 2528/2/2787 2529/2/2787 2526/2/2787
f 1735/2/2788 1734/2/2788 2526/2/2788
f 2526/2/2788 2529/2/2788 1735/2/2788
f 2526/2/2789 1734/2/2789 1733/2/2789
f 1733/2/2790 2524/2/2790 2526/2/2790
f 1733/2/2791 1732/2/2791 2525/2/2791
f 2525/2/2791 2524/2/2791 1733/2/2791
f 1732/2/2792 1715/2/2792 2505/2/2792
f 2505/2/2793 2525/2/2793 1732/2/2793
f 2504/2/2794 2520/2/2794 2525/2/2794
f 2525/2/2794 2505/2/2794 2504/2/2794
f 2503/2/2795 2521/2/2795 2520/2/2795
f 2520/2/2795 2504/2/2795 2503/2/2795
f 2530/2/2796 2531/2/2796 2532/2/2796
f 2532/2/2411 2533/2/2411 2530/2/2411
f 2534/2/2410 2535/2/2410 2531/2/2410
f 2531/2/2410 2530/2/2410 2534/2/2410
f 2531/2/2414 2536/2/2414 2537/2/2414
f 2537/2/2414 2532/2/2414 2531/2/2414
f 2535/2/2412 2538/2/2412 2536/2/2412
f 2536/2/2797 2531/2/2797 2535/2/2797
f 2533/2/2798 2539/2/2798 1233/2/2798
f 1233/2/2799 1232/2/2799 2533/2/2799
f 1242/2/2418 2530/2/2418 2533/2/2418
f 2533/2/2418 1232/2/2418 1242/2/2418
f 1242/2/2800 1241/2/2800 2534/2/2800
f 2534/2/2416 2530/2/2416 1242/2/2416
f 1241/2/2415 1213/2/2415 2515/2/2415
f 2515/2/2415 2534/2/2415 1241/2/2415
f 2535/2/2429 2534/2/2429 2515/2/2429
f 2515/2/2429 2517/2/2429 2535/2/2429
f 2516/2/2428 2538/2/2428 2535/2/2428
f 2535/2/2428 2517/2/2428 2516/2/2428
f 2516/2/2801 1828/2/2801 1851/2/2801
f 1851/2/2801 2538/2/2801 2516/2/2801
f 2538/2/2802 1851/2/2802 1850/2/2802
f 1850/2/2426 2536/2/2426 2538/2/2426
f 2536/2/2425 1850/2/2425 1849/2/2425
f 1849/2/2803 2537/2/2803 2536/2/2803
f 2537/2/2422 1849/2/2422 1848/2/2422
f 1848/2/2422 2540/2/2422 2537/2/2422
f 2541/2/2421 2532/2/2421 2537/2/2421
f 2537/2/2421 2540/2/2421 2541/2/2421
f 2532/2/2420 2541/2/2420 2539/2/2420
f 2539/2/2420 2533/2/2420 2532/2/2420
f 2542/2/2804 2543/2/2804 2544/2/2804
f 2544/2/2804 2545/2/2804 2542/2/2804
f 2546/2/2805 2547/2/2805 2543/2/2805
f 2543/2/2806 2542/2/2806 2546/2/2806
f 2543/2/2807 2548/2/2807 2549/2/2807
f 2549/2/2807 2544/2/2807 2543/2/2807
f 2550/2/2808 2548/2/2808 2543/2/2808
f 2543/2/2809 2547/2/2809 2550/2/2809
f 2527/2/2810 1118/2/2810 1140/2/2810
f 1140/2/2810 2545/2/2810 2527/2/2810
f 2545/2/2811 1140/2/2811 1139/2/2811
f 1139/2/2811 2542/2/2811 2545/2/2811
f 2546/2/2812 2542/2/2812 1139/2/2812
f 1139/2/2813 1137/2/2813 2546/2/2813
f 2546/2/2814 1137/2/2814 1138/2/2814
f 1138/2/2814 2551/2/2814 2546/2/2814
f 2551/2/2815 2552/2/2815 2547/2/2815
f 2547/2/2815 2546/2/2815 2551/2/2815
f 2550/2/2816 2547/2/2816 2552/2/2816
f 2552/2/2816 2553/2/2816 2550/2/2816
f 1755/2/2817 1754/2/2817 2550/2/2817
f 2550/2/2817 2553/2/2817 1755/2/2817
f 2550/2/2818 1754/2/2818 1753/2/2818
f 1753/2/2818 2548/2/2818 2550/2/2818
f 1753/2/2819 1752/2/2819 2549/2/2819
f 2549/2/2820 2548/2/2820 1753/2/2820
f 1752/2/2821 1735/2/2821 2529/2/2821
f 2529/2/2821 2549/2/2821 1752/2/2821
f 2528/2/2822 2544/2/2822 2549/2/2822
f 2549/2/2822 2529/2/2822 2528/2/2822
f 2544/2/2823 2528/2/2823 2527/2/2823
f 2527/2/2823 2545/2/2823 2544/2/2823
f 2554/2/2472 2555/2/2472 2556/2/2472
f 2556/2/2472 2557/2/2472 2554/2/2472
f 2558/2/2471 2559/2/2471 2555/2/2471
f 2555/2/2471 2554/2/2471 2558/2/2471
f 2555/2/2476 2560/2/2476 2561/2/2476
f 2561/2/2476 2556/2/2476 2555/2/2476
f 2559/2/2473 2562/2/2473 2560/2/2473
f 2560/2/2473 2555/2/2473 2559/2/2473
f 2557/2/2481 2563/2/2481 1253/2/2481
f 1253/2/2481 1252/2/2481 2557/2/2481
f 1262/2/2480 2554/2/2480 2557/2/2480
f 2557/2/2480 1252/2/2480 1262/2/2480
f 1262/2/2479 1261/2/2479 2558/2/2479
f 2558/2/2479 2554/2/2479 1262/2/2479
f 1261/2/2478 1233/2/2478 2539/2/2478
f 2539/2/2478 2558/2/2478 1261/2/2478
f 2559/2/2492 2558/2/2492 2539/2/2492
f 2539/2/2492 2541/2/2492 2559/2/2492
f 2540/2/2824 2562/2/2824 2559/2/2824
f 2559/2/2491 2541/2/2491 2540/2/2491
f 2540/2/2489 1848/2/2489 1871/2/2489
f 1871/2/2489 2562/2/2489 2540/2/2489
f 2562/2/2488 1871/2/2488 1870/2/2488
f 1870/2/2488 2560/2/2488 2562/2/2488
f 2560/2/2825 1870/2/2825 1869/2/2825
f 1869/2/2825 2561/2/2825 2560/2/2825
f 2561/2/2826 1869/2/2826 1868/2/2826
f 1868/2/2484 2564/2/2484 2561/2/2484
f 2565/2/2483 2556/2/2483 2561/2/2483
f 2561/2/2483 2564/2/2483 2565/2/2483
f 2556/2/2482 2565/2/2482 2563/2/2482
f 2563/2/2482 2557/2/2482 2556/2/2482
f 2566/2/2827 2567/2/2827 2568/2/2827
f 2568/2/2827 2569/2/2827 2566/2/2827
f 2570/2/2828 2571/2/2828 2567/2/2828
f 2567/2/2829 2566/2/2829 2570/2/2829
f 2567/2/2830 2572/2/2830 2573/2/2830
f 2573/2/2831 2568/2/2831 2567/2/2831
f 2574/2/2832 2572/2/2832 2567/2/2832
f 2567/2/2832 2571/2/2832 2574/2/2832
f 2551/2/2833 1138/2/2833 1160/2/2833
f 1160/2/2833 2569/2/2833 2551/2/2833
f 2569/2/2834 1160/2/2834 1159/2/2834
f 1159/2/2834 2566/2/2834 2569/2/2834
f 2570/2/2835 2566/2/2835 1159/2/2835
f 1159/2/2835 1157/2/2835 2570/2/2835
f 2570/2/2836 1157/2/2836 1158/2/2836
f 1158/2/2836 2575/2/2836 2570/2/2836
f 2575/2/2837 2576/2/2837 2571/2/2837
f 2571/2/2838 2570/2/2838 2575/2/2838
f 2574/2/2839 2571/2/2839 2576/2/2839
f 2576/2/2839 2577/2/2839 2574/2/2839
f 1775/2/2840 1774/2/2840 2574/2/2840
f 2574/2/2841 2577/2/2841 1775/2/2841
f 2574/2/2842 1774/2/2842 1773/2/2842
f 1773/2/2842 2572/2/2842 2574/2/2842
f 1773/2/2843 1772/2/2843 2573/2/2843
f 2573/2/2843 2572/2/2843 1773/2/2843
f 1772/2/2844 1755/2/2844 2553/2/2844
f 2553/2/2844 2573/2/2844 1772/2/2844
f 2552/2/2845 2568/2/2845 2573/2/2845
f 2573/2/2845 2553/2/2845 2552/2/2845
f 2568/2/2846 2552/2/2846 2551/2/2846
f 2551/2/2846 2569/2/2846 2568/2/2846
f 2578/2/2519 2579/2/2519 2580/2/2519
f 2580/2/2519 2581/2/2519 2578/2/2519
f 2582/2/2518 2583/2/2518 2579/2/2518
f 2579/2/2517 2578/2/2517 2582/2/2517
f 2579/2/2521 2584/2/2521 2585/2/2521
f 2585/2/2521 2580/2/2521 2579/2/2521
f 2583/2/2847 2586/2/2847 2584/2/2847
f 2584/2/2847 2579/2/2847 2583/2/2847
f 2581/2/2527 2587/2/2527 1273/2/2527
f 1273/2/2527 1272/2/2527 2581/2/2527
f 1282/2/2525 2578/2/2525 2581/2/2525
f 2581/2/2525 1272/2/2525 1282/2/2525
f 1282/2/2524 1281/2/2524 2582/2/2524
f 2582/2/2524 2578/2/2524 1282/2/2524
f 1281/2/2522 1253/2/2522 2563/2/2522
f 2563/2/2522 2582/2/2522 1281/2/2522
f 2583/2/2536 2582/2/2536 2563/2/2536
f 2563/2/2536 2565/2/2536 2583/2/2536
f 2564/2/2535 2586/2/2535 2583/2/2535
f 2583/2/2535 2565/2/2535 2564/2/2535
f 2564/2/2848 1868/2/2848 1891/2/2848
f 1891/2/2848 2586/2/2848 2564/2/2848
f 2586/2/2533 1891/2/2533 1890/2/2533
f 1890/2/2849 2584/2/2849 2586/2/2849
f 2584/2/2532 1890/2/2532 1889/2/2532
f 1889/2/2532 2585/2/2532 2584/2/2532
f 2585/2/2531 1889/2/2531 1888/2/2531
f 1888/2/2531 2588/2/2531 2585/2/2531
f 2589/2/2529 2580/2/2529 2585/2/2529
f 2585/2/2529 2588/2/2529 2589/2/2529
f 2580/2/2850 2589/2/2850 2587/2/2850
f 2587/2/2850 2581/2/2850 2580/2/2850
f 2590/2/2227 2591/2/2227 2592/2/2227
f 2592/2/2227 2593/2/2227 2590/2/2227
f 2594/2/2226 2595/2/2226 2591/2/2226
f 2591/2/2226 2590/2/2226 2594/2/2226
f 2591/2/2230 2596/2/2230 2597/2/2230
f 2597/2/2230 2592/2/2230 2591/2/2230
f 2598/2/2228 2596/2/2228 2591/2/2228
f 2591/2/2228 2595/2/2228 2598/2/2228
f 2575/2/2851 1158/2/2851 1180/2/2851
f 1180/2/2851 2593/2/2851 2575/2/2851
f 2593/2/2852 1180/2/2852 1179/2/2852
f 1179/2/2852 2590/2/2852 2593/2/2852
f 2594/2/2232 2590/2/2232 1179/2/2232
f 1179/2/2232 1177/2/2232 2594/2/2232
f 2594/2/2231 1177/2/2231 1178/2/2231
f 1178/2/2853 2599/2/2853 2594/2/2853
f 2599/2/2245 2600/2/2245 2595/2/2245
f 2595/2/2245 2594/2/2245 2599/2/2245
f 2598/2/2244 2595/2/2244 2600/2/2244
f 2600/2/2244 2601/2/2244 2598/2/2244
f 1795/2/2854 1794/2/2854 2598/2/2854
f 2598/2/2242 2601/2/2242 1795/2/2242
f 2598/2/2241 1794/2/2241 1793/2/2241
f 1793/2/2241 2596/2/2241 2598/2/2241
f 1793/2/2855 1792/2/2855 2597/2/2855
f 2597/2/2240 2596/2/2240 1793/2/2240
f 1792/2/2239 1775/2/2239 2577/2/2239
f 2577/2/2239 2597/2/2239 1792/2/2239
f 2576/2/2856 2592/2/2856 2597/2/2856
f 2597/2/2237 2577/2/2237 2576/2/2237
f 2575/2/2857 2593/2/2857 2592/2/2857
f 2592/2/2858 2576/2/2858 2575/2/2858
f 2602/2/2859 2603/2/2859 2604/2/2859
f 2604/2/2567 2605/2/2567 2602/2/2567
f 2606/2/2565 2607/2/2565 2603/2/2565
f 2603/2/2565 2602/2/2565 2606/2/2565
f 2603/2/2860 2608/2/2860 2609/2/2860
f 2609/2/2861 2604/2/2861 2603/2/2861
f 2607/2/2862 2610/2/2862 2608/2/2862
f 2608/2/2863 2603/2/2863 2607/2/2863
f 2605/2/2864 2611/2/2864 1293/2/2864
f 1293/2/2864 1292/2/2864 2605/2/2864
f 1302/2/2574 2602/2/2574 2605/2/2574
f 2605/2/2574 1292/2/2574 1302/2/2574
f 1302/2/2573 1301/2/2573 2606/2/2573
f 2606/2/2573 2602/2/2573 1302/2/2573
f 1301/2/2572 1273/2/2572 2587/2/2572
f 2587/2/2572 2606/2/2572 1301/2/2572
f 2607/2/2583 2606/2/2583 2587/2/2583
f 2587/2/2583 2589/2/2583 2607/2/2583
f 2588/2/2582 2610/2/2582 2607/2/2582
f 2607/2/2582 2589/2/2582 2588/2/2582
f 2588/2/2581 1888/2/2581 1911/2/2581
f 1911/2/2581 2610/2/2581 2588/2/2581
f 2610/2/2580 1911/2/2580 1910/2/2580
f 1910/2/2580 2608/2/2580 2610/2/2580
f 2608/2/2579 1910/2/2579 1909/2/2579
f 1909/2/2579 2609/2/2579 2608/2/2579
f 2609/2/2578 1909/2/2578 1908/2/2578
f 1908/2/2578 2612/2/2578 2609/2/2578
f 2613/2/2577 2604/2/2577 2609/2/2577
f 2609/2/2577 2612/2/2577 2613/2/2577
f 2604/2/2576 2613/2/2576 2611/2/2576
f 2611/2/2576 2605/2/2576 2604/2/2576
f 2614/2/2865 2615/2/2865 2616/2/2865
f 2616/2/2865 2617/2/2865 2614/2/2865
f 2618/2/2866 2619/2/2866 2615/2/2866
f 2615/2/2866 2614/2/2866 2618/2/2866
f 2615/2/2867 2620/2/2867 2621/2/2867
f 2621/2/2867 2616/2/2867 2615/2/2867
f 2622/2/2868 2620/2/2868 2615/2/2868
f 2615/2/2868 2619/2/2868 2622/2/2868
f 2599/2/2869 1178/2/2869 1200/2/2869
f 1200/2/2870 2617/2/2870 2599/2/2870
f 2617/2/2871 1200/2/2871 1199/2/2871
f 1199/2/2872 2614/2/2872 2617/2/2872
f 2618/2/2873 2614/2/2873 1199/2/2873
f 1199/2/2874 1197/2/2874 2618/2/2874
f 2618/2/2875 1197/2/2875 1198/2/2875
f 1198/2/2875 2623/2/2875 2618/2/2875
f 2623/2/2876 2624/2/2876 2619/2/2876
f 2619/2/2877 2618/2/2877 2623/2/2877
f 2622/2/2878 2619/2/2878 2624/2/2878
f 2624/2/2879 2625/2/2879 2622/2/2879
f 1815/2/2880 1814/2/2880 2622/2/2880
f 2622/2/2880 2625/2/2880 1815/2/2880
f 2622/2/2881 1814/2/2881 1813/2/2881
f 1813/2/2881 2620/2/2881 2622/2/2881
f 1813/2/2882 1812/2/2882 2621/2/2882
f 2621/2/2882 2620/2/2882 1813/2/2882
f 1812/2/2883 1795/2/2883 2601/2/2883
f 2601/2/2883 2621/2/2883 1812/2/2883
f 2600/2/2884 2616/2/2884 2621/2/2884
f 2621/2/2884 2601/2/2884 2600/2/2884
f 2599/2/2885 2617/2/2885 2616/2/2885
f 2616/2/2885 2600/2/2885 2599/2/2885
f 2626/2/2599 2627/2/2599 2628/2/2599
f 2628/2/2599 2629/2/2599 2626/2/2599
f 2630/2/2886 2631/2/2886 2627/2/2886
f 2627/2/2598 2626/2/2598 2630/2/2598
f 2627/2/2601 2632/2/2601 2633/2/2601
f 2633/2/2887 2628/2/2887 2627/2/2887
f 2631/2/2600 2634/2/2600 2632/2/2600
f 2632/2/2600 2627/2/2600 2631/2/2600
f 2629/2/2606 2635/2/2606 1313/2/2606
f 1313/2/2606 1312/2/2606 2629/2/2606
f 1322/2/2605 2626/2/2605 2629/2/2605
f 2629/2/2888 1312/2/2605 1322/2/2605
f 1322/2/2603 1321/2/2603 2630/2/2603
f 2630/2/2603 2626/2/2603 1322/2/2603
f 1321/2/2602 1293/2/2602 2611/2/2602
f 2611/2/2602 2630/2/2602 1321/2/2602
f 2631/2/2614 2630/2/2614 2611/2/2614
f 2611/2/2614 2613/2/2614 2631/2/2614
f 2612/2/2613 2634/2/2613 2631/2/2613
f 2631/2/2613 2613/2/2613 2612/2/2613
f 2612/2/2612 1908/2/2612 1931/2/2612
f 1931/2/2612 2634/2/2612 2612/2/2612
f 2634/2/2889 1931/2/2889 1930/2/2889
f 1930/2/2889 2632/2/2889 2634/2/2889
f 2632/2/2610 1930/2/2610 1929/2/2610
f 1929/2/2610 2633/2/2610 2632/2/2610
f 2633/2/2609 1929/2/2609 1928/2/2609
f 1928/2/2609 2636/2/2609 2633/2/2609
f 2633/2/2608 2636/2/2608 2637/2/2608
f 2637/2/2608 2628/2/2608 2633/2/2608
f 2628/2/2607 2637/2/2607 2635/2/2607
f 2635/2/2607 2629/2/2607 2628/2/2607
f 2638/2/2890 2639/2/2890 2640/2/2890
f 2640/2/2890 2641/2/2890 2638/2/2890
f 2642/2/2891 2643/2/2891 2639/2/2891
f 2639/2/2892 2638/2/2892 2642/2/2892
f 2639/2/2893 2644/2/2893 2645/2/2893
f 2645/2/2893 2640/2/2893 2639/2/2893
f 2646/2/2894 2644/2/2894 2639/2/2894
f 2639/2/2895 2643/2/2895 2646/2/2895
f 2623/2/2896 1198/2/2896 1220/2/2896
f 1220/2/2896 2641/2/2896 2623/2/2896
f 2641/2/2897 1220/2/2897 1219/2/2897
f 1219/2/2897 2638/2/2897 2641/2/2897
f 2642/2/2898 2638/2/2898 1219/2/2898
f 1219/2/2898 1217/2/2898 2642/2/2898
f 2642/2/2899 1217/2/2899 1218/2/2899
f 1218/2/2899 2647/2/2899 2642/2/2899
f 2647/2/2900 2648/2/2900 2643/2/2900
f 2643/2/2900 2642/2/2900 2647/2/2900
f 2646/2/2901 2643/2/2901 2648/2/2901
f 2648/2/2901 2649/2/2901 2646/2/2901
f 1835/2/2902 1834/2/2902 2646/2/2902
f 2646/2/2902 2649/2/2902 1835/2/2902
f 2646/2/2903 1834/2/2903 1833/2/2903
f 1833/2/2903 2644/2/2903 2646/2/2903
f 1833/2/2904 1832/2/2904 2645/2/2904
f 2645/2/2904 2644/2/2904 1833/2/2904
f 1832/2/2905 1815/2/2905 2625/2/2905
f 2625/2/2905 2645/2/2905 1832/2/2905
f 2624/2/2906 2640/2/2906 2645/2/2906
f 2645/2/2907 2625/2/2907 2624/2/2907
f 2640/2/2908 2624/2/2908 2623/2/2908
f 2623/2/2908 2641/2/2908 2640/2/2908
f 2650/2/2909 2651/2/2909 2652/2/2909
f 2652/2/2623 2653/2/2623 2650/2/2623
f 2654/2/2622 2655/2/2622 2651/2/2622
f 2651/2/2622 2650/2/2622 2654/2/2622
f 2651/2/2625 2656/2/2625 2657/2/2625
f 2657/2/2910 2652/2/2910 2651/2/2910
f 2655/2/2624 2658/2/2624 2656/2/2624
f 2656/2/2911 2651/2/2911 2655/2/2911
f 2653/2/2912 2659/2/2912 1333/2/2912
f 1333/2/2631 1332/2/2631 2653/2/2631
f 1342/2/2629 2650/2/2629 2653/2/2629
f 2653/2/2630 1332/2/2630 1342/2/2630
f 1342/2/2628 1341/2/2628 2654/2/2628
f 2654/2/2628 2650/2/2628 1342/2/2628
f 1341/2/2626 1313/2/2626 2635/2/2626
f 2635/2/2913 2654/2/2913 1341/2/2913
f 2655/2/2642 2654/2/2642 2635/2/2642
f 2635/2/2642 2637/2/2642 2655/2/2642
f 2636/2/2641 2658/2/2641 2655/2/2641
f 2655/2/2641 2637/2/2641 2636/2/2641
f 2636/2/2914 1928/2/2914 1951/2/2914
f 1951/2/2640 2658/2/2640 2636/2/2640
f 2658/2/2638 1951/2/2638 1950/2/2638
f 1950/2/2915 2656/2/2915 2658/2/2915
f 2656/2/2637 1950/2/2637 1949/2/2637
f 1949/2/2637 2657/2/2637 2656/2/2637
f 2657/2/2634 1949/2/2634 1948/2/2634
f 1948/2/2634 2660/2/2634 2657/2/2634
f 2657/2/2633 2660/2/2633 2661/2/2633
f 2661/2/2633 2652/2/2633 2657/2/2633
f 2652/2/2632 2661/2/2632 2659/2/2632
f 2659/2/2632 2653/2/2632 2652/2/2632
f 2662/2/2916 2663/2/2916 2664/2/2916
f 2664/2/2917 2665/2/2917 2662/2/2917
f 2666/2/2918 2667/2/2918 2663/2/2918
f 2663/2/2918 2662/2/2918 2666/2/2918
f 2663/2/2919 2668/2/2919 2669/2/2919
f 2669/2/2919 2664/2/2919 2663/2/2919
f 2670/2/2920 2668/2/2920 2663/2/2920
f 2663/2/2920 2667/2/2920 2670/2/2920
f 2647/2/2921 1218/2/2921 1240/2/2921
f 1240/2/2921 2665/2/2921 2647/2/2921
f 2665/2/2922 1240/2/2922 1239/2/2922
f 1239/2/2923 2662/2/2923 2665/2/2923
f 2666/2/2924 2662/2/2924 1239/2/2924
f 1239/2/2925 1237/2/2925 2666/2/2925
f 2666/2/2926 1237/2/2926 1238/2/2926
f 1238/2/2926 2671/2/2926 2666/2/2926
f 2671/2/2927 2672/2/2927 2667/2/2927
f 2667/2/2927 2666/2/2927 2671/2/2927
f 2670/2/2928 2667/2/2928 2672/2/2928
f 2672/2/2928 2673/2/2928 2670/2/2928
f 1855/2/2929 1854/2/2929 2670/2/2929
f 2670/2/2929 2673/2/2929 1855/2/2929
f 2670/2/2930 1854/2/2930 1853/2/2930
f 1853/2/2930 2668/2/2930 2670/2/2930
f 1853/2/2931 1852/2/2931 2669/2/2931
f 2669/2/2931 2668/2/2931 1853/2/2931
f 1852/2/2932 1835/2/2932 2649/2/2932
f 2649/2/2932 2669/2/2932 1852/2/2932
f 2648/2/2933 2664/2/2933 2669/2/2933
f 2669/2/2933 2649/2/2933 2648/2/2933
f 2647/2/2934 2665/2/2934 2664/2/2934
f 2664/2/2934 2648/2/2934 2647/2/2934
f 2674/2/2653 2675/2/2653 2676/2/2653
f 2676/2/2653 2677/2/2653 2674/2/2653
f 2678/2/2935 2679/2/2935 2675/2/2935
f 2675/2/2651 2674/2/2651 2678/2/2651
f 2675/2/2655 2680/2/2655 2681/2/2655
f 2681/2/2655 2676/2/2655 2675/2/2655
f 2679/2/2654 2682/2/2654 2680/2/2654
f 2680/2/2936 2675/2/2936 2679/2/2936
f 2677/2/2661 2683/2/2661 1353/2/2661
f 1353/2/2937 1352/2/2937 2677/2/2937
f 1362/2/2658 2674/2/2658 2677/2/2658
f 2677/2/2938 1352/2/2938 1362/2/2938
f 1362/2/2657 1361/2/2657 2678/2/2657
f 2678/2/2939 2674/2/2939 1362/2/2939
f 1361/2/2940 1333/2/2940 2659/2/2940
f 2659/2/2656 2678/2/2656 1361/2/2656
f 2679/2/2941 2678/2/2941 2659/2/2941
f 2659/2/2941 2661/2/2941 2679/2/2941
f 2660/2/2669 2682/2/2669 2679/2/2669
f 2679/2/2669 2661/2/2669 2660/2/2669
f 2660/2/2667 1948/2/2667 1971/2/2667
f 1971/2/2667 2682/2/2667 2660/2/2667
f 2682/2/2666 1971/2/2666 1970/2/2666
f 1970/2/2666 2680/2/2666 2682/2/2666
f 2680/2/2942 1970/2/2942 1969/2/2942
f 1969/2/2665 2681/2/2665 2680/2/2665
f 2681/2/2664 1969/2/2664 1968/2/2664
f 1968/2/2943 2684/2/2943 2681/2/2943
f 2685/2/2663 2676/2/2663 2681/2/2663
f 2681/2/2663 2684/2/2663 2685/2/2663
f 2676/2/2944 2685/2/2944 2683/2/2944
f 2683/2/2945 2677/2/2945 2676/2/2945
f 2686/2/2946 2687/2/2946 2688/2/2946
f 2688/2/2946 2689/2/2946 2686/2/2946
f 2690/2/2947 2691/2/2947 2687/2/2947
f 2687/2/2948 2686/2/2948 2690/2/2948
f 2687/2/2949 2692/2/2949 2693/2/2949
f 2693/2/2949 2688/2/2949 2687/2/2949
f 2694/2/2950 2692/2/2950 2687/2/2950
f 2687/2/2951 2691/2/2951 2694/2/2951
f 2671/2/2952 1238/2/2952 1260/2/2952
f 1260/2/2952 2689/2/2952 2671/2/2952
f 2689/2/2953 1260/2/2953 1259/2/2953
f 1259/2/2953 2686/2/2953 2689/2/2953
f 2690/2/2954 2686/2/2954 1259/2/2954
f 1259/2/2954 1257/2/2954 2690/2/2954
f 2690/2/2955 1257/2/2955 1258/2/2955
f 1258/2/2956 2695/2/2956 2690/2/2956
f 2695/2/2957 2696/2/2957 2691/2/2957
f 2691/2/2957 2690/2/2957 2695/2/2957
f 2694/2/2958 2691/2/2958 2696/2/2958
f 2696/2/2959 2697/2/2959 2694/2/2959
f 1875/2/2960 1874/2/2960 2694/2/2960
f 2694/2/2960 2697/2/2960 1875/2/2960
f 2694/2/2961 1874/2/2961 1873/2/2961
f 1873/2/2961 2692/2/2961 2694/2/2961
f 1873/2/2962 1872/2/2962 2693/2/2962
f 2693/2/2963 2692/2/2963 1873/2/2963
f 1872/2/2964 1855/2/2964 2673/2/2964
f 2673/2/2964 2693/2/2964 1872/2/2964
f 2672/2/2965 2688/2/2965 2693/2/2965
f 2693/2/2965 2673/2/2965 2672/2/2965
f 2671/2/2966 2689/2/2966 2688/2/2966
f 2688/2/2966 2672/2/2966 2671/2/2966
f 2698/2/2967 2699/2/2967 2700/2/2967
f 2700/2/2681 2701/2/2681 2698/2/2681
f 2702/2/2680 2703/2/2680 2699/2/2680
f 2699/2/2680 2698/2/2680 2702/2/2680
f 2699/2/2684 2704/2/2684 2705/2/2684
f 2705/2/2684 2700/2/2684 2699/2/2684
f 2703/2/2968 2706/2/2968 2704/2/2968
f 2704/2/2683 2699/2/2683 2703/2/2683
f 2701/2/2689 2707/2/2689 1373/2/2689
f 1373/2/2689 1372/2/2689 2701/2/2689
f 1382/2/2687 2698/2/2687 2701/2/2687
f 2701/2/2687 1372/2/2687 1382/2/2687
f 1382/2/2686 1381/2/2686 2702/2/2686
f 2702/2/2686 2698/2/2686 1382/2/2686
f 1381/2/2685 1353/2/2685 2683/2/2685
f 2683/2/2685 2702/2/2685 1381/2/2685
f 2703/2/2698 2702/2/2698 2683/2/2698
f 2683/2/2698 2685/2/2698 2703/2/2698
f 2684/2/2969 2706/2/2969 2703/2/2969
f 2703/2/2697 2685/2/2697 2684/2/2697
f 2684/2/2696 1968/2/2696 1991/2/2696
f 1991/2/2696 2706/2/2696 2684/2/2696
f 2706/2/2695 1991/2/2695 1990/2/2695
f 1990/2/2695 2704/2/2695 2706/2/2695
f 2704/2/2970 1990/2/2970 1989/2/2970
f 1989/2/2970 2705/2/2970 2704/2/2970
f 2705/2/2693 1989/2/2693 1988/2/2693
f 1988/2/2693 2708/2/2693 2705/2/2693
f 2709/2/2691 2700/2/2691 2705/2/2691
f 2705/2/2691 2708/2/2691 2709/2/2691
f 2700/2/2690 2709/2/2690 2707/2/2690
f 2707/2/2690 2701/2/2690 2700/2/2690
f 2710/2/2971 2711/2/2971 2712/2/2971
f 2712/2/2971 2713/2/2971 2710/2/2971
f 2714/2/2972 2715/2/2972 2711/2/2972
f 2711/2/2972 2710/2/2972 2714/2/2972
f 2711/2/2973 2716/2/2973 2717/2/2973
f 2717/2/2974 2712/2/2974 2711/2/2974
f 2718/2/2975 2716/2/2975 2711/2/2975
f 2711/2/2976 2715/2/2976 2718/2/2976
f 2695/2/2977 1258/2/2977 1280/2/2977
f 1280/2/2977 2713/2/2977 2695/2/2977
f 2713/2/2978 1280/2/2978 1279/2/2978
f 1279/2/2979 2710/2/2979 2713/2/2979
f 2714/2/2980 2710/2/2980 1279/2/2980
f 1279/2/2981 1277/2/2981 2714/2/2981
f 2714/2/2982 1277/2/2982 1278/2/2982
f 1278/2/2983 2719/2/2983 2714/2/2983
f 2719/2/2984 2720/2/2984 2715/2/2984
f 2715/2/2984 2714/2/2984 2719/2/2984
f 2718/2/2985 2715/2/2985 2720/2/2985
f 2720/2/2985 2721/2/2985 2718/2/2985
f 1895/2/2986 1894/2/2986 2718/2/2986
f 2718/2/2986 2721/2/2986 1895/2/2986
f 2718/2/2987 1894/2/2987 1893/2/2987
f 1893/2/2987 2716/2/2987 2718/2/2987
f 1893/2/2988 1892/2/2988 2717/2/2988
f 2717/2/2989 2716/2/2989 1893/2/2989
f 1892/2/2990 1875/2/2990 2697/2/2990
f 2697/2/2991 2717/2/2991 1892/2/2991
f 2696/2/2992 2712/2/2992 2717/2/2992
f 2717/2/2992 2697/2/2992 2696/2/2992
f 2712/2/2993 2696/2/2993 2695/2/2993
f 2695/2/2994 2713/2/2994 2712/2/2994
f 2722/2/2710 2723/2/2710 2724/2/2710
f 2724/2/2710 2725/2/2710 2722/2/2710
f 2726/2/2995 2727/2/2995 2723/2/2995
f 2723/2/2995 2722/2/2995 2726/2/2995
f 2723/2/2996 2728/2/2996 2729/2/2996
f 2729/2/2715 2724/2/2715 2723/2/2715
f 2727/2/2997 2730/2/2997 2728/2/2997
f 2728/2/2712 2723/2/2712 2727/2/2712
f 2725/2/2720 2731/2/2720 1393/2/2720
f 1393/2/2720 1392/2/2720 2725/2/2720
f 1402/2/2718 2722/2/2718 2725/2/2718
f 2725/2/2718 1392/2/2718 1402/2/2718
f 1402/2/2717 1401/2/2717 2726/2/2717
f 2726/2/2717 2722/2/2717 1402/2/2717
f 1401/2/2716 1373/2/2716 2707/2/2716
f 2707/2/2998 2726/2/2998 1401/2/2998
f 2727/2/2731 2726/2/2731 2707/2/2731
f 2707/2/2731 2709/2/2731 2727/2/2731
f 2708/2/2999 2730/2/2999 2727/2/2999
f 2727/2/2730 2709/2/2730 2708/2/2730
f 2708/2/2729 1988/2/2729 2011/2/2729
f 2011/2/2729 2730/2/2729 2708/2/2729
f 2730/2/2728 2011/2/2728 2010/2/2728
f 2010/2/2728 2728/2/2728 2730/2/2728
f 2728/2/2726 2010/2/2726 2009/2/2726
f 2009/2/2726 2729/2/2726 2728/2/2726
f 2729/2/2724 2009/2/2724 2008/2/2724
f 2008/2/2724 2732/2/2724 2729/2/2724
f 2729/2/3000 2732/2/3000 2733/2/3000
f 2733/2/3000 2724/2/3000 2729/2/3000
f 2724/2/2722 2733/2/2722 2731/2/2722
f 2731/2/3001 2725/2/3001 2724/2/3001
f 2734/2/2866 2735/2/2866 2736/2/2866
f 2736/2/3002 2737/2/3002 2734/2/3002
f 2738/2/2865 2739/2/2865 2735/2/2865
f 2735/2/2865 2734/2/2865 2738/2/2865
f 2735/2/3003 2740/2/3003 2741/2/3003
f 2741/2/3003 2736/2/3003 2735/2/3003
f 2735/2/2867 2739/2/2867 2742/2/2867
f 2742/2/2867 2740/2/2867 2735/2/2867
f 2737/2/2875 2743/2/2875 869/2/2875
f 869/2/2875 868/2/2875 2737/2/2875
f 2737/2/2873 868/2/2873 882/2/2873
f 882/2/2873 2734/2/2873 2737/2/2873
f 880/2/2872 2738/2/2872 2734/2/2872
f 2734/2/2872 882/2/2872 880/2/2872
f 2137/2/2870 2738/2/2870 880/2/2870
f 880/2/3004 881/2/3004 2137/2/3004
f 2738/2/2885 2137/2/2885 2142/2/2885
f 2142/2/2885 2739/2/2885 2738/2/2885
f 2739/2/2884 2142/2/2884 2141/2/2884
f 2141/2/2884 2742/2/2884 2739/2/2884
f 847/2/2883 846/2/2883 2742/2/2883
f 2742/2/3005 2141/2/3005 847/2/3005
f 2742/2/2882 846/2/2882 845/2/2882
f 845/2/3006 2740/2/3006 2742/2/3006
f 2741/2/3007 2740/2/3007 845/2/3007
f 845/2/3008 844/2/3008 2741/2/3008
f 844/2/2880 843/2/2880 2744/2/2880
f 2744/2/2880 2741/2/2880 844/2/2880
f 2736/2/3009 2741/2/3009 2744/2/3009
f 2744/2/3009 2745/2/3009 2736/2/3009
f 2736/2/3010 2745/2/3010 2743/2/3010
f 2743/2/3011 2737/2/3011 2736/2/3011
f 2746/2/3012 2747/2/3012 2748/2/3012
f 2748/2/3012 2749/2/3012 2746/2/3012
f 2750/2/3013 2751/2/3013 2747/2/3013
f 2747/2/2246 2746/2/2246 2750/2/2246
f 2747/2/3014 2752/2/3014 2753/2/3014
f 2753/2/3015 2748/2/3015 2747/2/3015
f 2754/2/3016 2752/2/3016 2747/2/3016
f 2747/2/3017 2751/2/3017 2754/2/3017
f 2719/2/3018 1278/2/3018 1300/2/3018
f 1300/2/3018 2749/2/3018 2719/2/3018
f 2749/2/2254 1300/2/2254 1299/2/2254
f 1299/2/2254 2746/2/2254 2749/2/2254
f 2750/2/3019 2746/2/3019 1299/2/3019
f 1299/2/2253 1297/2/2253 2750/2/2253
f 2755/2/2252 2750/2/2252 1297/2/2252
f 1297/2/2252 1298/2/2252 2755/2/2252
f 2755/2/2265 2756/2/2265 2751/2/2265
f 2751/2/3020 2750/2/3020 2755/2/3020
f 2754/2/2264 2751/2/2264 2756/2/2264
f 2756/2/2264 2757/2/2264 2754/2/2264
f 2754/2/3021 2757/2/3021 1915/2/3021
f 1915/2/3021 1914/2/3021 2754/2/3021
f 2754/2/2261 1914/2/2261 1913/2/2261
f 1913/2/2261 2752/2/2261 2754/2/2261
f 1913/2/3022 1912/2/3022 2753/2/3022
f 2753/2/2259 2752/2/2259 1913/2/2259
f 1912/2/3023 1895/2/3023 2721/2/3023
f 2721/2/3023 2753/2/3023 1912/2/3023
f 2721/2/2257 2720/2/2257 2748/2/2257
f 2748/2/2257 2753/2/2257 2721/2/2257
f 2719/2/2256 2749/2/2256 2748/2/2256
f 2748/2/2256 2720/2/2256 2719/2/2256
f 2758/2/3024 2759/2/3024 2760/2/3024
f 2760/2/3025 2761/2/3025 2758/2/3025
f 2762/2/2742 2763/2/2742 2759/2/2742
f 2759/2/2742 2758/2/2742 2762/2/2742
f 2759/2/3026 2764/2/3026 2765/2/3026
f 2765/2/3026 2760/2/3026 2759/2/3026
f 2763/2/2744 2766/2/2744 2764/2/2744
f 2764/2/2744 2759/2/2744 2763/2/2744
f 2761/2/2751 2767/2/2751 1413/2/2751
f 1413/2/2751 1412/2/2751 2761/2/2751
f 1422/2/2750 2758/2/2750 2761/2/2750
f 2761/2/2750 1412/2/2750 1422/2/2750
f 1422/2/3027 1421/2/3027 2762/2/3027
f 2762/2/3027 2758/2/3027 1422/2/3027
f 1421/2/3028 1393/2/3028 2731/2/3028
f 2731/2/2747 2762/2/2747 1421/2/2747
f 2763/2/3029 2762/2/3029 2731/2/3029
f 2731/2/3029 2733/2/3029 2763/2/3029
f 2732/2/2761 2766/2/2761 2763/2/2761
f 2763/2/2761 2733/2/2761 2732/2/2761
f 2732/2/2760 2008/2/2760 2031/2/2760
f 2031/2/2760 2766/2/2760 2732/2/2760
f 2766/2/2757 2031/2/2757 2030/2/2757
f 2030/2/2757 2764/2/2757 2766/2/2757
f 2764/2/2756 2030/2/2756 2029/2/2756
f 2029/2/2756 2765/2/2756 2764/2/2756
f 2029/2/2754 2028/2/2754 2768/2/2754
f 2768/2/2754 2765/2/2754 2029/2/2754
f 2760/2/3030 2765/2/3030 2768/2/3030
f 2768/2/3031 2769/2/3031 2760/2/3031
f 2761/2/2752 2760/2/2752 2769/2/2752
f 2769/2/2752 2767/2/2752 2761/2/2752
f 2770/2/3032 2771/2/3032 2772/2/3032
f 2772/2/3033 2773/2/3033 2770/2/3033
f 2774/2/3034 2775/2/3034 2771/2/3034
f 2771/2/3034 2770/2/3034 2774/2/3034
f 2771/2/2894 2776/2/2894 2777/2/2894
f 2777/2/2894 2772/2/2894 2771/2/2894
f 2771/2/2893 2775/2/2893 2778/2/2893
f 2778/2/2893 2776/2/2893 2771/2/2893
f 893/2/2899 892/2/2899 2773/2/2899
f 2773/2/2899 2779/2/2899 893/2/2899
f 2773/2/2898 892/2/2898 902/2/2898
f 902/2/2898 2770/2/2898 2773/2/2898
f 902/2/3035 901/2/3035 2774/2/3035
f 2774/2/2897 2770/2/2897 902/2/2897
f 2774/2/3036 901/2/3036 869/2/3036
f 869/2/2896 2743/2/2896 2774/2/2896
f 2745/2/2908 2775/2/2908 2774/2/2908
f 2774/2/2908 2743/2/2908 2745/2/2908
f 2744/2/2906 2778/2/2906 2775/2/2906
f 2775/2/2906 2745/2/2906 2744/2/2906
f 843/2/3037 1511/2/3037 2778/2/3037
f 2778/2/3038 2744/2/3038 843/2/3038
f 2778/2/2904 1511/2/2904 1510/2/2904
f 1510/2/2904 2776/2/2904 2778/2/2904
f 2777/2/2903 2776/2/2903 1510/2/2903
f 1510/2/3039 1507/2/3039 2777/2/3039
f 1507/2/3040 1509/2/3040 2780/2/3040
f 2780/2/3041 2777/2/3041 1507/2/3041
f 2772/2/3042 2777/2/3042 2780/2/3042
f 2780/2/2901 2781/2/2901 2772/2/2901
f 2772/2/3043 2781/2/3043 2779/2/3043
f 2779/2/3044 2773/2/3044 2772/2/3044
f 2782/2/3045 2783/2/3045 2784/2/3045
f 2784/2/3045 2785/2/3045 2782/2/3045
f 2786/2/2307 2787/2/2307 2783/2/2307
f 2783/2/2307 2782/2/2307 2786/2/2307
f 2783/2/3046 2788/2/3046 2789/2/3046
f 2789/2/3047 2784/2/3047 2783/2/3047
f 2790/2/3048 2788/2/3048 2783/2/3048
f 2783/2/2310 2787/2/2310 2790/2/2310
f 2755/2/2315 1298/2/2315 1320/2/2315
f 1320/2/2315 2785/2/2315 2755/2/2315
f 2785/2/3049 1320/2/3049 1319/2/3049
f 1319/2/3050 2782/2/3050 2785/2/3050
f 2786/2/2313 2782/2/2313 1319/2/2313
f 1319/2/2313 1317/2/2313 2786/2/2313
f 2791/2/2312 2786/2/2312 1317/2/2312
f 1317/2/2312 1318/2/2312 2791/2/2312
f 2791/2/2323 2792/2/2323 2787/2/2323
f 2787/2/2323 2786/2/2323 2791/2/2323
f 2790/2/2322 2787/2/2322 2792/2/2322
f 2792/2/2322 2793/2/2322 2790/2/2322
f 2790/2/2321 2793/2/2321 1935/2/2321
f 1935/2/2321 1934/2/2321 2790/2/2321
f 2790/2/2320 1934/2/2320 1933/2/2320
f 1933/2/3051 2788/2/2320 2790/2/2320
f 1933/2/2319 1932/2/2319 2789/2/2319
f 2789/2/2319 2788/2/2319 1933/2/2319
f 1932/2/2318 1915/2/2318 2757/2/2318
f 2757/2/2318 2789/2/2318 1932/2/2318
f 2784/2/2317 2789/2/2317 2757/2/2317
f 2757/2/2317 2756/2/2317 2784/2/2317
f 2785/2/2316 2784/2/2316 2756/2/2316
f 2756/2/2316 2755/2/2316 2785/2/2316
f 2794/2/2777 2795/2/2777 2796/2/2777
f 2796/2/2777 2797/2/2777 2794/2/2777
f 2798/2/2776 2799/2/2776 2795/2/2776
f 2795/2/2776 2794/2/2776 2798/2/2776
f 2795/2/2780 2800/2/2780 2801/2/2780
f 2801/2/2780 2796/2/2780 2795/2/2780
f 2799/2/2778 2802/2/2778 2800/2/2778
f 2800/2/2778 2795/2/2778 2799/2/2778
f 2797/2/2785 2803/2/2785 1433/2/2785
f 1433/2/2785 1432/2/2785 2797/2/2785
f 1442/2/2783 2794/2/2783 2797/2/2783
f 2797/2/2783 1432/2/2783 1442/2/2783
f 1442/2/2782 1441/2/2782 2798/2/2782
f 2798/2/2782 2794/2/2782 1442/2/2782
f 1441/2/2781 1413/2/2781 2767/2/2781
f 2767/2/2781 2798/2/2781 1441/2/2781
f 2798/2/2795 2767/2/2795 2769/2/2795
f 2769/2/2795 2799/2/2795 2798/2/2795
f 2768/2/2794 2802/2/2794 2799/2/2794
f 2799/2/2794 2769/2/2794 2768/2/2794
f 2051/2/3052 2802/2/3052 2768/2/3052
f 2768/2/2792 2028/2/2792 2051/2/2792
f 2802/2/2791 2051/2/2791 2050/2/2791
f 2050/2/2791 2800/2/2791 2802/2/2791
f 2800/2/2790 2050/2/2790 2049/2/2790
f 2049/2/3053 2801/2/3053 2800/2/3053
f 2049/2/2788 2048/2/2788 2804/2/2788
f 2804/2/2788 2801/2/2788 2049/2/2788
f 2796/2/2787 2801/2/2787 2804/2/2787
f 2804/2/2787 2805/2/2787 2796/2/2787
f 2797/2/2786 2796/2/2786 2805/2/2786
f 2805/2/3054 2803/2/3054 2797/2/3054
f 2806/2/2918 2807/2/2918 2808/2/2918
f 2808/2/2918 2809/2/2918 2806/2/2918
f 2810/2/2916 2811/2/2916 2807/2/2916
f 2807/2/2916 2806/2/2916 2810/2/2916
f 2807/2/2920 2812/2/2920 2813/2/2920
f 2813/2/2920 2808/2/2920 2807/2/2920
f 2807/2/2919 2811/2/2919 2814/2/2919
f 2814/2/2919 2812/2/2919 2807/2/2919
f 2809/2/2926 2815/2/2926 913/2/2926
f 913/2/2926 912/2/2926 2809/2/2926
f 2809/2/3055 912/2/3055 922/2/3055
f 922/2/2924 2806/2/2924 2809/2/2924
f 2806/2/2923 922/2/2923 921/2/2923
f 921/2/3056 2810/2/3056 2806/2/3056
f 921/2/3057 893/2/3057 2779/2/3057
f 2779/2/3057 2810/2/3057 921/2/3057
f 2781/2/2934 2811/2/2934 2810/2/2934
f 2810/2/3058 2779/2/3058 2781/2/3058
f 2780/2/3059 2814/2/3059 2811/2/3059
f 2811/2/2933 2781/2/2933 2780/2/2933
f 1531/2/3060 2814/2/3060 2780/2/3060
f 2780/2/3061 1509/2/3061 1531/2/3061
f 2814/2/2931 1531/2/2931 1530/2/2931
f 1530/2/3062 2812/2/3062 2814/2/3062
f 2813/2/3063 2812/2/3063 1530/2/3063
f 1530/2/3063 1529/2/3063 2813/2/3063
f 1529/2/2929 1528/2/2929 2816/2/2929
f 2816/2/3064 2813/2/3064 1529/2/3064
f 2808/2/2928 2813/2/2928 2816/2/2928
f 2816/2/2928 2817/2/2928 2808/2/2928
f 2808/2/2927 2817/2/2927 2815/2/2927
f 2815/2/2927 2809/2/2927 2808/2/2927
f 2818/2/2370 2819/2/2370 2820/2/2370
f 2820/2/2369 2821/2/2369 2818/2/2369
f 2822/2/3065 2823/2/3065 2819/2/3065
f 2819/2/3066 2818/2/3066 2822/2/3066
f 2819/2/2373 2824/2/2373 2825/2/2373
f 2825/2/2373 2820/2/2373 2819/2/2373
f 2826/2/3067 2824/2/3067 2819/2/3067
f 2819/2/3067 2823/2/3067 2826/2/3067
f 2791/2/3068 1318/2/3068 1340/2/3068
f 1340/2/2378 2821/2/2378 2791/2/2378
f 2821/2/2377 1340/2/2377 1339/2/2377
f 1339/2/2377 2818/2/2377 2821/2/2377
f 2822/2/2376 2818/2/2376 1339/2/2376
f 1339/2/3069 1337/2/3069 2822/2/3069
f 2827/2/3070 2822/2/3070 1337/2/3070
f 1337/2/3071 1338/2/3071 2827/2/3071
f 2827/2/2388 2828/2/2388 2823/2/2388
f 2823/2/2388 2822/2/2388 2827/2/2388
f 2826/2/2387 2823/2/2387 2828/2/2387
f 2828/2/2387 2829/2/2387 2826/2/2387
f 2826/2/2386 2829/2/2386 1955/2/2386
f 1955/2/2386 1954/2/2386 2826/2/2386
f 2826/2/2384 1954/2/2384 1953/2/2384
f 1953/2/2385 2824/2/2385 2826/2/2385
f 1953/2/3072 1952/2/3072 2825/2/3072
f 2825/2/2383 2824/2/2383 1953/2/2383
f 1952/2/2382 1935/2/2382 2793/2/2382
f 2793/2/3073 2825/2/3073 1952/2/3073
f 2820/2/3074 2825/2/3074 2793/2/3074
f 2793/2/3074 2792/2/3074 2820/2/3074
f 2821/2/2379 2820/2/2379 2792/2/2379
f 2792/2/3075 2791/2/3075 2821/2/3075
f 2830/2/2806 2831/2/2806 2832/2/2806
f 2832/2/2806 2833/2/2806 2830/2/2806
f 2834/2/3076 2835/2/3076 2831/2/3076
f 2831/2/2804 2830/2/2804 2834/2/2804
f 2831/2/2808 2836/2/2808 2837/2/2808
f 2837/2/2808 2832/2/2808 2831/2/2808
f 2835/2/2807 2838/2/2807 2836/2/2807
f 2836/2/2807 2831/2/2807 2835/2/2807
f 2833/2/2814 2839/2/2814 1453/2/2814
f 1453/2/2814 1452/2/2814 2833/2/2814
f 1462/2/2813 2830/2/2813 2833/2/2813
f 2833/2/3077 1452/2/3077 1462/2/3077
f 1462/2/3078 1461/2/3078 2834/2/3078
f 2834/2/3079 2830/2/3079 1462/2/3079
f 1461/2/3080 1433/2/3080 2803/2/3080
f 2803/2/3081 2834/2/3081 1461/2/3081
f 2834/2/2823 2803/2/2823 2805/2/2823
f 2805/2/2823 2835/2/2823 2834/2/2823
f 2804/2/2822 2838/2/2822 2835/2/2822
f 2835/2/2822 2805/2/2822 2804/2/2822
f 2071/2/2821 2838/2/2821 2804/2/2821
f 2804/2/3082 2048/2/3082 2071/2/3082
f 2838/2/2820 2071/2/2820 2070/2/2820
f 2070/2/2820 2836/2/2820 2838/2/2820
f 2836/2/2818 2070/2/2818 2069/2/2818
f 2069/2/3083 2837/2/3083 2836/2/3083
f 2069/2/3084 2068/2/3084 2840/2/3084
f 2840/2/2817 2837/2/2817 2069/2/2817
f 2832/2/2816 2837/2/2816 2840/2/2816
f 2840/2/2816 2841/2/2816 2832/2/2816
f 2833/2/2815 2832/2/2815 2841/2/2815
f 2841/2/2815 2839/2/2815 2833/2/2815
f 2842/2/2948 2843/2/2948 2844/2/2948
f 2844/2/2948 2845/2/2948 2842/2/2948
f 2846/2/2946 2847/2/2946 2843/2/2946
f 2843/2/2946 2842/2/2946 2846/2/2946
f 2843/2/2950 2848/2/2950 2849/2/2950
f 2849/2/2950 2844/2/2950 2843/2/2950
f 2843/2/2949 2847/2/2949 2850/2/2949
f 2850/2/2949 2848/2/2949 2843/2/2949
f 2845/2/3085 2851/2/3085 933/2/3085
f 933/2/2955 932/2/2955 2845/2/2955
f 2845/2/2954 932/2/2954 942/2/2954
f 942/2/2954 2842/2/2954 2845/2/2954
f 2846/2/2953 2842/2/2953 942/2/2953
f 942/2/2953 941/2/2953 2846/2/2953
f 941/2/2952 913/2/2952 2815/2/2952
f 2815/2/2952 2846/2/2952 941/2/2952
f 2817/2/3086 2847/2/3086 2846/2/3086
f 2846/2/2966 2815/2/2966 2817/2/2966
f 2816/2/2965 2850/2/2965 2847/2/2965
f 2847/2/2965 2817/2/2965 2816/2/2965
f 1551/2/2964 2850/2/2964 2816/2/2964
f 2816/2/2964 1528/2/2964 1551/2/2964
f 2850/2/2962 1551/2/2962 1550/2/2962
f 1550/2/2962 2848/2/2962 2850/2/2962
f 1550/2/3087 1549/2/3087 2849/2/3087
f 2849/2/2961 2848/2/2961 1550/2/2961
f 1549/2/2960 1548/2/2960 2852/2/2960
f 2852/2/2960 2849/2/2960 1549/2/2960
f 2844/2/2959 2849/2/2959 2852/2/2959
f 2852/2/2959 2853/2/2959 2844/2/2959
f 2844/2/2957 2853/2/2957 2851/2/2957
f 2851/2/2957 2845/2/2957 2844/2/2957
f 2854/2/2432 2855/2/2432 2856/2/2432
f 2856/2/3088 2857/2/3088 2854/2/3088
f 2858/2/2430 2859/2/2430 2855/2/2430
f 2855/2/2430 2854/2/2430 2858/2/2430
f 2855/2/2435 2860/2/2435 2861/2/2435
f 2861/2/3089 2856/2/3089 2855/2/3089
f 2862/2/2433 2860/2/2433 2855/2/2433
f 2855/2/3090 2859/2/3090 2862/2/3090
f 2827/2/3091 1338/2/3091 1360/2/3091
f 1360/2/2440 2857/2/2440 2827/2/2440
f 2857/2/3092 1360/2/3092 1359/2/3092
f 1359/2/2439 2854/2/2439 2857/2/2439
f 2858/2/2438 2854/2/2438 1359/2/2438
f 1359/2/2438 1357/2/2438 2858/2/2438
f 1357/2/2436 1358/2/2436 2122/2/2436
f 2122/2/2436 2858/2/2436 1357/2/2436
f 2127/2/2450 2859/2/2450 2858/2/2450
f 2858/2/2450 2122/2/2450 2127/2/2450
f 2862/2/3093 2859/2/3093 2127/2/3093
f 2127/2/3093 2126/2/3093 2862/2/3093
f 2862/2/3094 2126/2/3094 1975/2/3094
f 1975/2/3095 1974/2/3095 2862/2/3095
f 2862/2/3096 1974/2/3096 1973/2/3096
f 1973/2/2447 2860/2/2447 2862/2/2447
f 1973/2/2445 1972/2/2445 2861/2/2445
f 2861/2/2446 2860/2/2446 1973/2/2446
f 1972/2/2444 1955/2/2444 2829/2/2444
f 2829/2/2444 2861/2/2444 1972/2/2444
f 2856/2/2442 2861/2/2442 2829/2/2442
f 2829/2/3097 2828/2/3097 2856/2/3097
f 2857/2/2441 2856/2/2441 2828/2/2441
f 2828/2/2441 2827/2/2441 2857/2/2441
f 2863/2/2828 2864/2/2828 2865/2/2828
f 2865/2/2828 2866/2/2828 2863/2/2828
f 2867/2/2827 2868/2/2827 2864/2/2827
f 2864/2/2827 2863/2/2827 2867/2/2827
f 2864/2/2832 2869/2/2832 2870/2/2832
f 2870/2/2832 2865/2/2832 2864/2/2832
f 2868/2/3098 2871/2/3098 2869/2/3098
f 2869/2/3099 2864/2/3099 2868/2/3099
f 2866/2/2836 2138/2/2836 1473/2/2836
f 1473/2/2836 1472/2/2836 2866/2/2836
f 1482/2/3100 2863/2/3100 2866/2/3100
f 2866/2/2835 1472/2/2835 1482/2/2835
f 1482/2/3101 1481/2/3101 2867/2/3101
f 2867/2/2834 2863/2/2834 1482/2/2834
f 1481/2/2833 1453/2/2833 2839/2/2833
f 2839/2/2833 2867/2/2833 1481/2/2833
f 2867/2/2846 2839/2/2846 2841/2/2846
f 2841/2/3102 2868/2/3102 2867/2/3102
f 2840/2/3103 2871/2/3103 2868/2/3103
f 2868/2/3103 2841/2/3103 2840/2/3103
f 2091/2/2844 2871/2/2844 2840/2/2844
f 2840/2/2844 2068/2/2844 2091/2/2844
f 2871/2/3104 2091/2/3104 2090/2/3104
f 2090/2/2843 2869/2/2843 2871/2/2843
f 2869/2/2842 2090/2/2842 2089/2/2842
f 2089/2/3105 2870/2/3105 2869/2/3105
f 2089/2/3106 2088/2/3106 2140/2/3106
f 2140/2/3107 2870/2/3107 2089/2/3107
f 2870/2/2839 2140/2/2839 2139/2/2839
f 2139/2/2839 2865/2/2839 2870/2/2839
f 2866/2/2838 2865/2/2838 2139/2/2838
f 2139/2/2838 2138/2/2838 2866/2/2838
f 2872/2/2972 2873/2/2972 2874/2/2972
f 2874/2/2972 2875/2/2972 2872/2/2972
f 2876/2/3108 2877/2/3108 2873/2/3108
f 2873/2/3108 2872/2/3108 2876/2/3108
f 2873/2/2976 2878/2/2976 2879/2/2976
f 2879/2/2976 2874/2/2976 2873/2/2976
f 2873/2/3109 2877/2/3109 2880/2/3109
f 2880/2/3109 2878/2/3109 2873/2/3109
f 2875/2/2982 2153/2/2982 953/2/2982
f 953/2/2982 952/2/2982 2875/2/2982
f 2875/2/2981 952/2/2981 962/2/2981
f 962/2/2981 2872/2/2981 2875/2/2981
f 2876/2/2979 2872/2/2979 962/2/2979
f 962/2/3110 961/2/3110 2876/2/3110
f 961/2/3111 933/2/3111 2851/2/3111
f 2851/2/3111 2876/2/3111 961/2/3111
f 2853/2/2994 2877/2/2994 2876/2/2994
f 2876/2/2994 2851/2/2994 2853/2/2994
f 2852/2/2992 2880/2/2992 2877/2/2992
f 2877/2/2992 2853/2/2992 2852/2/2992
f 1571/2/2991 2880/2/2991 2852/2/2991
f 2852/2/2991 1548/2/2991 1571/2/2991
f 2880/2/2989 1571/2/2989 1570/2/2989
f 1570/2/2989 2878/2/2989 2880/2/2989
f 1570/2/2987 1569/2/2987 2879/2/2987
f 2879/2/2987 2878/2/2987 1570/2/2987
f 1569/2/2986 1568/2/2986 2155/2/2986
f 2155/2/2986 2879/2/2986 1569/2/2986
f 2155/2/3112 2154/2/3112 2874/2/3112
f 2874/2/2985 2879/2/2985 2155/2/2985
f 2875/2/2984 2874/2/2984 2154/2/2984
f 2154/2/2984 2153/2/2984 2875/2/2984
o C_rculo_008_C_rculo_009
v 0.471157 -1.782315 -0.363044
v 0.540957 -1.782315 -0.356144
v 0.608157 -1.782315 -0.335744
v 0.670057 -1.782315 -0.302644
v 0.724357 -1.782315 -0.258144
v 0.768957 -1.782315 -0.203844
v 0.802057 -1.782315 -0.141944
v 0.822357 -1.782315 -0.074744
v 0.829257 -1.782315 -0.004844
v 0.822357 -1.782315 0.064956
v 0.802057 -1.782315 0.132156
v 0.768957 -1.782315 0.194156
v 0.724357 -1.782315 0.248356
v 0.670057 -1.782315 0.292956
v 0.608157 -1.782315 0.326056
v 0.540957 -1.782315 0.346456
v 0.471157 -1.782315 0.353256
v 0.401257 -1.782315 0.346456
v 0.334057 -1.782315 0.326056
v 0.272157 -1.782315 0.292956
v 0.217857 -1.782315 0.248356
v 0.173357 -1.782315 0.194156
v 0.140257 -1.782315 0.132156
v 0.119857 -1.782315 0.064956
v 0.112957 -1.782315 -0.004844
v 0.119857 -1.782315 -0.074744
v 0.140257 -1.782315 -0.141944
v 0.173357 -1.782315 -0.203844
v 0.217857 -1.782315 -0.258144
v 0.401257 -1.782315 -0.356144
v 0.272157 -1.782315 -0.302644
v 0.334057 -1.782315 -0.335744
v 0.203357 -1.813215 -0.272644
v 0.203357 -1.848015 -0.272644
v 0.260757 -1.848015 -0.319744
v 0.260757 -1.813215 -0.319744
v 0.092457 -1.813215 -0.004844
v 0.099757 -1.813215 0.068956
v 0.842457 -1.813215 0.068956
v 0.820957 -1.813215 0.140056
v 0.121257 -1.813215 0.140056
v 0.849757 -1.813215 -0.004844
v 0.156257 -1.813215 0.205456
v 0.842457 -1.813215 -0.078744
v 0.203357 -1.813215 0.262856
v 0.820957 -1.813215 -0.149744
v 0.260757 -1.813215 0.309956
v 0.785957 -1.813215 -0.215244
v 0.326257 -1.813215 0.344956
v 0.471157 -1.813215 -0.383544
v 0.397257 -1.813215 -0.376244
v 0.738857 -1.813215 -0.272644
v 0.397257 -1.813215 0.366456
v 0.326257 -1.813215 -0.354744
v 0.681457 -1.813215 -0.319744
v 0.471157 -1.813215 0.373756
v 0.616057 -1.813215 -0.354744
v 0.544957 -1.813215 0.366456
v 0.544957 -1.813215 -0.376244
v 0.616057 -1.813215 0.344956
v 0.156257 -1.813215 -0.215244
v 0.681457 -1.813215 0.309956
v 0.121257 -1.813215 -0.149744
v 0.738857 -1.813215 0.262856
v 0.099757 -1.813215 -0.078744
v 0.785957 -1.813215 0.205456
v 0.397257 -1.848015 -0.376244
v 0.326257 -1.848015 -0.354744
v 0.156257 -1.848015 -0.215244
v 0.121257 -1.848015 -0.149744
v 0.099757 -1.848015 -0.078744
v 0.092457 -1.848015 -0.004844
v 0.099757 -1.848015 0.068956
v 0.121257 -1.848015 0.140056
v 0.156257 -1.848015 0.205456
v 0.203357 -1.848015 0.262856
v 0.260757 -1.848015 0.309956
v 0.326257 -1.848015 0.344956
v 0.397257 -1.848015 0.366456
v 0.471157 -1.848015 0.373756
v 0.544957 -1.848015 0.366456
v 0.616057 -1.848015 0.344956
v 0.681457 -1.848015 0.309956
v 0.738857 -1.848015 0.262856
v 0.785957 -1.848015 0.205456
v 0.820957 -1.848015 0.140056
v 0.842457 -1.848015 0.068956
v 0.849757 -1.848015 -0.004844
v 0.842457 -1.848015 -0.078744
v 0.820957 -1.848015 -0.149744
v 0.785957 -1.848015 -0.215244
v 0.738857 -1.848015 -0.272644
v 0.681457 -1.848015 -0.319744
v 0.616057 -1.848015 -0.354744
v 0.544957 -1.848015 -0.376244
v 0.471157 -1.848015 -0.383544
vn -0.0000 -1.0000 -0.0000
vn 0.6343 -0.0000 0.7731
vn 0.8305 -0.5510 -0.0821
vn 0.8305 -0.5509 -0.0822
vn -0.7989 -0.5505 -0.2423
vn 0.7989 -0.5505 -0.2423
vn 0.7989 -0.5505 -0.2422
vn -0.8307 -0.5507 -0.0819
vn -0.8308 -0.5506 -0.0818
vn 0.7357 -0.5511 -0.3937
vn 0.7362 -0.5506 -0.3935
vn -0.8308 -0.5505 0.0818
vn -0.8307 -0.5507 0.0819
vn 0.6451 -0.5511 -0.5293
vn 0.6455 -0.5504 -0.5296
vn -0.7989 -0.5505 0.2423
vn -0.7989 -0.5505 0.2424
vn 0.5296 -0.5505 -0.6454
vn 0.5296 -0.5505 -0.6453
vn -0.7361 -0.5507 0.3935
vn -0.7362 -0.5505 0.3935
vn 0.3935 -0.5504 -0.7363
vn 0.3937 -0.5503 -0.7363
vn 0.0818 -0.5506 0.8307
vn 0.0818 -0.5505 0.8308
vn -0.6453 -0.5505 0.5296
vn -0.6454 -0.5505 0.5295
vn 0.2423 -0.5505 -0.7989
vn 0.2423 -0.5505 0.7989
vn -0.5296 -0.5506 0.6453
vn -0.5296 -0.5505 0.6453
vn 0.0820 -0.5510 -0.8305
vn 0.0818 -0.5505 -0.8308
vn 0.3935 -0.5506 0.7362
vn 0.3935 -0.5507 0.7362
vn -0.3935 -0.5506 0.7362
vn -0.3935 -0.5505 0.7363
vn -0.0818 -0.5505 -0.8308
vn -0.0817 -0.5506 -0.8308
vn 0.5293 -0.5508 0.6453
vn 0.5296 -0.5505 0.6453
vn -0.2416 -0.5509 0.7988
vn -0.2423 -0.5505 0.7989
vn -0.2423 -0.5505 -0.7989
vn -0.2423 -0.5504 -0.7989
vn 0.6453 -0.5505 0.5296
vn -0.0821 -0.5510 0.8305
vn -0.0822 -0.5509 0.8305
vn -0.3935 -0.5505 -0.7362
vn -0.3935 -0.5506 -0.7362
vn 0.7362 -0.5507 0.3935
vn 0.7361 -0.5507 0.3935
vn -0.5296 -0.5505 -0.6453
vn -0.5299 -0.5504 -0.6452
vn 0.7989 -0.5506 0.2422
vn 0.7990 -0.5504 0.2423
vn -0.6453 -0.5505 -0.5296
vn 0.8307 -0.5506 0.0819
vn 0.8308 -0.5505 0.0818
vn -0.7361 -0.5506 -0.3936
vn -0.7363 -0.5504 -0.3935
vn -0.0000 1.0000 -0.0000
vn -0.2902 -0.0000 0.9570
vn -0.2903 -0.0000 0.9569
vn -0.2902 -0.0000 -0.9570
vn -0.2903 -0.0000 -0.9569
vn 0.7731 -0.0000 0.6343
vn -0.0984 -0.0000 0.9951
vn -0.0980 -0.0000 0.9952
vn -0.4718 -0.0000 -0.8817
vn -0.4714 -0.0000 -0.8819
vn 0.8820 -0.0000 0.4713
vn -0.6343 -0.0000 -0.7731
vn 0.9571 -0.0000 0.2898
vn -0.7731 -0.0000 -0.6343
vn 0.9952 -0.0000 0.0980
vn -0.8818 -0.0000 -0.4716
vn -0.8817 -0.0000 -0.4718
vn 0.9951 -0.0000 -0.0984
vn 0.9952 -0.0000 -0.0980
vn -0.9569 -0.0000 -0.2903
vn 0.9570 -0.0000 -0.2901
vn 0.9569 -0.0000 -0.2903
vn -0.9952 -0.0000 -0.0980
vn -0.9951 -0.0000 -0.0984
vn 0.8817 -0.0000 -0.4718
vn -0.9952 -0.0000 0.0980
vn 0.7731 -0.0000 -0.6343
vn -0.9569 -0.0000 0.2903
vn -0.9571 -0.0000 0.2898
vn 0.6343 -0.0000 -0.7731
vn -0.8820 -0.0000 0.4713
vn 0.4713 -0.0000 -0.8820
vn 0.0983 -0.0000 0.9952
vn -0.7731 -0.0000 0.6343
vn 0.2903 -0.0000 -0.9569
vn 0.2903 -0.0000 0.9569
vn -0.6343 -0.0000 0.7731
vn 0.0983 -0.0000 -0.9952
vn 0.4713 -0.0000 0.8820
vn -0.4718 -0.0000 0.8817
vn -0.4714 -0.0000 0.8819
vn -0.0980 -0.0000 -0.9952
vn -0.0984 -0.0000 -0.9951
vt 0.000000 0.000000
s 0
usemtl Goddard_None
f 2881/3/3113 2882/3/3113 2883/3/3113
f 2883/3/3113 2884/3/3113 2885/3/3113
f 2881/3/3113 2883/3/3113 2885/3/3113
f 2885/3/3113 2886/3/3113 2887/3/3113
f 2887/3/3113 2888/3/3113 2889/3/3113
f 2885/3/3113 2887/3/3113 2889/3/3113
f 2881/3/3113 2885/3/3113 2889/3/3113
f 2889/3/3113 2890/3/3113 2891/3/3113
f 2891/3/3113 2892/3/3113 2893/3/3113
f 2889/3/3113 2891/3/3113 2893/3/3113
f 2893/3/3113 2894/3/3113 2895/3/3113
f 2895/3/3113 2896/3/3113 2897/3/3113
f 2893/3/3113 2895/3/3113 2897/3/3113
f 2889/3/3113 2893/3/3113 2897/3/3113
f 2897/3/3113 2898/3/3113 2899/3/3113
f 2899/3/3113 2900/3/3113 2901/3/3113
f 2897/3/3113 2899/3/3113 2901/3/3113
f 2901/3/3113 2902/3/3113 2903/3/3113
f 2903/3/3113 2904/3/3113 2905/3/3113
f 2901/3/3113 2903/3/3113 2905/3/3113
f 2897/3/3113 2901/3/3113 2905/3/3113
f 2889/3/3113 2897/3/3113 2905/3/3113
f 2881/3/3113 2889/3/3113 2905/3/3113
f 2906/3/3113 2907/3/3113 2908/3/3113
f 2905/3/3113 2906/3/3113 2908/3/3113
f 2905/3/3113 2908/3/3113 2909/3/3113
f 2881/3/3113 2905/3/3113 2909/3/3113
f 2910/3/3113 2881/3/3113 2909/3/3113
f 2910/3/3113 2909/3/3113 2911/3/3113
f 2910/3/3113 2911/3/3113 2912/3/3113
f 2913/3/3114 2914/3/3114 2915/3/3114
f 2915/3/3114 2916/3/3114 2913/3/3114
f 2917/3/3115 2905/3/3115 2904/3/3115
f 2904/3/3116 2918/3/3116 2917/3/3116
f 2890/3/3117 2919/3/3117 2920/3/3117
f 2920/3/3117 2891/3/3117 2890/3/3117
f 2904/3/3118 2903/3/3118 2921/3/3118
f 2921/3/3119 2918/3/3119 2904/3/3119
f 2889/3/3120 2922/3/3120 2919/3/3120
f 2919/3/3121 2890/3/3121 2889/3/3121
f 2902/3/3122 2923/3/3122 2921/3/3122
f 2921/3/3123 2903/3/3123 2902/3/3123
f 2888/3/3124 2924/3/3124 2922/3/3124
f 2922/3/3125 2889/3/3125 2888/3/3125
f 2901/3/3126 2925/3/3126 2923/3/3126
f 2923/3/3127 2902/3/3127 2901/3/3127
f 2887/3/3128 2926/3/3128 2924/3/3128
f 2924/3/3129 2888/3/3129 2887/3/3129
f 2900/3/3130 2927/3/3130 2925/3/3130
f 2925/3/3131 2901/3/3131 2900/3/3131
f 2886/3/3132 2928/3/3132 2926/3/3132
f 2926/3/3133 2887/3/3133 2886/3/3133
f 2899/3/3134 2929/3/3134 2927/3/3134
f 2927/3/3135 2900/3/3135 2899/3/3135
f 2930/3/3136 2881/3/3136 2910/3/3136
f 2910/3/3137 2931/3/3137 2930/3/3137
f 2885/3/3138 2932/3/3138 2928/3/3138
f 2928/3/3139 2886/3/3139 2885/3/3139
f 2898/3/3140 2933/3/3140 2929/3/3140
f 2929/3/3140 2899/3/3140 2898/3/3140
f 2931/3/3141 2910/3/3141 2912/3/3141
f 2912/3/3141 2934/3/3141 2931/3/3141
f 2884/3/3142 2935/3/3142 2932/3/3142
f 2932/3/3143 2885/3/3143 2884/3/3143
f 2897/3/3144 2936/3/3144 2933/3/3144
f 2933/3/3145 2898/3/3145 2897/3/3145
f 2934/3/3146 2912/3/3146 2911/3/3146
f 2911/3/3147 2916/3/3147 2934/3/3147
f 2883/3/3148 2937/3/3148 2935/3/3148
f 2935/3/3149 2884/3/3149 2883/3/3149
f 2896/3/3150 2938/3/3150 2936/3/3150
f 2936/3/3151 2897/3/3151 2896/3/3151
f 2911/3/3152 2909/3/3152 2913/3/3152
f 2913/3/3153 2916/3/3153 2911/3/3153
f 2882/3/3154 2939/3/3154 2937/3/3154
f 2937/3/3155 2883/3/3155 2882/3/3155
f 2895/3/3156 2940/3/3156 2938/3/3156
f 2938/3/3157 2896/3/3157 2895/3/3157
f 2908/3/3158 2941/3/3158 2913/3/3158
f 2913/3/3158 2909/3/3158 2908/3/3158
f 2882/3/3159 2881/3/3159 2930/3/3159
f 2930/3/3160 2939/3/3160 2882/3/3160
f 2894/3/3161 2942/3/3161 2940/3/3161
f 2940/3/3162 2895/3/3162 2894/3/3162
f 2943/3/3163 2941/3/3163 2908/3/3163
f 2908/3/3164 2907/3/3164 2943/3/3164
f 2893/3/3165 2944/3/3165 2942/3/3165
f 2942/3/3166 2894/3/3166 2893/3/3166
f 2906/3/3167 2945/3/3167 2943/3/3167
f 2943/3/3168 2907/3/3168 2906/3/3168
f 2892/3/3169 2946/3/3169 2944/3/3169
f 2944/3/3169 2893/3/3169 2892/3/3169
f 2917/3/3170 2945/3/3170 2906/3/3170
f 2906/3/3171 2905/3/3171 2917/3/3171
f 2891/3/3172 2920/3/3172 2946/3/3172
f 2946/3/3173 2892/3/3173 2891/3/3173
f 2947/3/3174 2948/3/3174 2915/3/3174
f 2915/3/3174 2914/3/3174 2949/3/3174
f 2947/3/3174 2915/3/3174 2949/3/3174
f 2949/3/3174 2950/3/3174 2951/3/3174
f 2949/3/3174 2951/3/3174 2952/3/3174
f 2947/3/3174 2949/3/3174 2952/3/3174
f 2947/3/3174 2952/3/3174 2953/3/3174
f 2953/3/3174 2954/3/3174 2955/3/3174
f 2955/3/3174 2956/3/3174 2957/3/3174
f 2953/3/3174 2955/3/3174 2957/3/3174
f 2957/3/3174 2958/3/3174 2959/3/3174
f 2959/3/3174 2960/3/3174 2961/3/3174
f 2957/3/3174 2959/3/3174 2961/3/3174
f 2953/3/3174 2957/3/3174 2961/3/3174
f 2961/3/3174 2962/3/3174 2963/3/3174
f 2963/3/3174 2964/3/3174 2965/3/3174
f 2961/3/3174 2963/3/3174 2965/3/3174
f 2965/3/3174 2966/3/3174 2967/3/3174
f 2967/3/3174 2968/3/3174 2969/3/3174
f 2965/3/3174 2967/3/3174 2969/3/3174
f 2961/3/3174 2965/3/3174 2969/3/3174
f 2953/3/3174 2961/3/3174 2969/3/3174
f 2969/3/3174 2970/3/3174 2971/3/3174
f 2971/3/3174 2972/3/3174 2973/3/3174
f 2969/3/3174 2971/3/3174 2973/3/3174
f 2973/3/3174 2974/3/3174 2975/3/3174
f 2973/3/3174 2975/3/3174 2976/3/3174
f 2969/3/3174 2973/3/3174 2976/3/3174
f 2953/3/3174 2969/3/3174 2976/3/3174
f 2947/3/3174 2953/3/3174 2976/3/3174
f 2939/3/3175 2975/3/3175 2974/3/3175
f 2974/3/3176 2937/3/3176 2939/3/3176
f 2940/3/3177 2962/3/3177 2961/3/3177
f 2961/3/3178 2938/3/3178 2940/3/3178
f 2941/3/3179 2949/3/3179 2914/3/3179
f 2914/3/3179 2913/3/3179 2941/3/3179
f 2939/3/3180 2930/3/3180 2976/3/3180
f 2976/3/3181 2975/3/3181 2939/3/3181
f 2942/3/3182 2963/3/3182 2962/3/3182
f 2962/3/3183 2940/3/3183 2942/3/3183
f 2943/3/3184 2950/3/3184 2949/3/3184
f 2949/3/3184 2941/3/3184 2943/3/3184
f 2944/3/3185 2964/3/3185 2963/3/3185
f 2963/3/3185 2942/3/3185 2944/3/3185
f 2945/3/3186 2951/3/3186 2950/3/3186
f 2950/3/3186 2943/3/3186 2945/3/3186
f 2946/3/3187 2965/3/3187 2964/3/3187
f 2964/3/3187 2944/3/3187 2946/3/3187
f 2917/3/3188 2952/3/3188 2951/3/3188
f 2951/3/3188 2945/3/3188 2917/3/3188
f 2920/3/3189 2966/3/3189 2965/3/3189
f 2965/3/3190 2946/3/3190 2920/3/3190
f 2918/3/3191 2953/3/3191 2952/3/3191
f 2952/3/3192 2917/3/3192 2918/3/3192
f 2919/3/3193 2967/3/3193 2966/3/3193
f 2966/3/3193 2920/3/3193 2919/3/3193
f 2921/3/3194 2954/3/3194 2953/3/3194
f 2953/3/3195 2918/3/3195 2921/3/3195
f 2922/3/3196 2968/3/3196 2967/3/3196
f 2967/3/3197 2919/3/3197 2922/3/3197
f 2923/3/3198 2955/3/3198 2954/3/3198
f 2954/3/3198 2921/3/3198 2923/3/3198
f 2924/3/3199 2969/3/3199 2968/3/3199
f 2968/3/3199 2922/3/3199 2924/3/3199
f 2925/3/3200 2956/3/3200 2955/3/3200
f 2955/3/3200 2923/3/3200 2925/3/3200
f 2926/3/3201 2970/3/3201 2969/3/3201
f 2969/3/3202 2924/3/3202 2926/3/3202
f 2927/3/3203 2957/3/3203 2956/3/3203
f 2956/3/3203 2925/3/3203 2927/3/3203
f 2928/3/3204 2971/3/3204 2970/3/3204
f 2970/3/3204 2926/3/3204 2928/3/3204
f 2929/3/3205 2958/3/3205 2957/3/3205
f 2957/3/3205 2927/3/3205 2929/3/3205
f 2931/3/3206 2947/3/3206 2976/3/3206
f 2976/3/3206 2930/3/3206 2931/3/3206
f 2932/3/3207 2972/3/3207 2971/3/3207
f 2971/3/3207 2928/3/3207 2932/3/3207
f 2933/3/3208 2959/3/3208 2958/3/3208
f 2958/3/3208 2929/3/3208 2933/3/3208
f 2934/3/3209 2948/3/3209 2947/3/3209
f 2947/3/3209 2931/3/3209 2934/3/3209
f 2935/3/3210 2973/3/3210 2972/3/3210
f 2972/3/3210 2932/3/3210 2935/3/3210
f 2936/3/3211 2960/3/3211 2959/3/3211
f 2959/3/3211 2933/3/3211 2936/3/3211
f 2916/3/3212 2915/3/3212 2948/3/3212
f 2948/3/3212 2934/3/3212 2916/3/3212
f 2937/3/3213 2974/3/3213 2973/3/3213
f 2973/3/3214 2935/3/3214 2937/3/3214
f 2938/3/3215 2961/3/3215 2960/3/3215
f 2960/3/3216 2936/3/3216 2938/3/3216
o C_rculo_009_C_rculo_010
v 0.470557 -1.846915 -0.380544
v 0.544157 -1.846915 -0.373344
v 0.614957 -1.846915 -0.351844
v 0.680157 -1.846915 -0.316944
v 0.737357 -1.846915 -0.270044
v 0.784257 -1.846915 -0.212844
v 0.819157 -1.846915 -0.147644
v 0.840657 -1.846915 -0.076844
v 0.847857 -1.846915 -0.003244
v 0.840657 -1.846915 0.070456
v 0.819157 -1.846915 0.141256
v 0.784257 -1.846915 0.206456
v 0.737357 -1.846915 0.263656
v 0.680157 -1.846915 0.310556
v 0.614957 -1.846915 0.345456
v 0.544157 -1.846915 0.366956
v 0.470557 -1.846915 0.374156
v 0.396857 -1.846915 0.366956
v 0.326057 -1.846915 0.345456
v 0.260857 -1.846915 0.310556
v 0.203657 -1.846915 0.263656
v 0.156757 -1.846915 0.206456
v 0.121857 -1.846915 0.141256
v 0.100357 -1.846915 0.070456
v 0.093157 -1.846915 -0.003244
v 0.100357 -1.846915 -0.076844
v 0.121857 -1.846915 -0.147644
v 0.156757 -1.846915 -0.212844
v 0.203657 -1.846915 -0.270044
v 0.396857 -1.846915 -0.373344
v 0.260857 -1.846915 -0.316944
v 0.326057 -1.846915 -0.351844
v 0.377457 -2.026115 -0.470944
v 0.288057 -2.026115 -0.443744
v 0.205557 -2.026115 -0.399744
v 0.133357 -2.026115 -0.340344
v 0.074057 -2.026115 -0.268144
v 0.029957 -2.026115 -0.185644
v 0.002857 -2.026115 -0.096244
v -0.006343 -2.026115 -0.003244
v 0.002857 -2.026115 0.089856
v 0.029957 -2.026115 0.179256
v 0.074057 -2.026115 0.261756
v 0.133357 -2.026115 0.333956
v 0.205557 -2.026115 0.393256
v 0.288057 -2.026115 0.437356
v 0.377457 -2.026115 0.464456
v 0.470557 -2.026115 0.473656
v 0.563557 -2.026115 0.464456
v 0.652957 -2.026115 0.437356
v 0.735457 -2.026115 0.393256
v 0.807657 -2.026115 0.333956
v 0.867057 -2.026115 0.261756
v 0.911057 -2.026115 0.179256
v 0.938257 -2.026115 0.089856
v 0.947357 -2.026115 -0.003244
v 0.938257 -2.026115 -0.096244
v 0.911057 -2.026115 -0.185644
v 0.867057 -2.026115 -0.268144
v 0.807657 -2.026115 -0.340344
v 0.735457 -2.026115 -0.399744
v 0.652957 -2.026115 -0.443744
v 0.563557 -2.026115 -0.470944
v 0.470557 -2.026115 -0.480044
vn -0.0000 -1.0000 -0.0000
vn -0.0000 1.0000 -0.0000
vn 0.8376 -0.4836 0.2541
vn -0.6766 -0.4836 -0.5553
vn -0.6770 -0.4833 -0.5551
vn 0.8711 -0.4836 0.0858
vn -0.7720 -0.4836 -0.4125
vn -0.7717 -0.4838 -0.4128
vn 0.8711 -0.4836 -0.0858
vn 0.8712 -0.4833 -0.0861
vn -0.8376 -0.4836 -0.2541
vn 0.8376 -0.4836 -0.2541
vn 0.8375 -0.4837 -0.2541
vn -0.8711 -0.4836 -0.0860
vn -0.8711 -0.4836 -0.0858
vn 0.7719 -0.4836 -0.4126
vn 0.7719 -0.4835 -0.4128
vn -0.8711 -0.4837 0.0852
vn 0.6766 -0.4836 -0.5552
vn 0.6766 -0.4836 -0.5553
vn -0.8376 -0.4836 0.2541
vn -0.8375 -0.4837 0.2543
vn 0.5552 -0.4836 -0.6767
vn 0.5553 -0.4836 -0.6766
vn -0.7719 -0.4836 0.4127
vn -0.7719 -0.4836 0.4126
vn 0.4127 -0.4834 -0.7720
vn 0.4126 -0.4836 -0.7719
vn 0.0860 -0.4836 0.8711
vn 0.0858 -0.4836 0.8711
vn -0.6766 -0.4836 0.5553
vn -0.6767 -0.4837 0.5551
vn 0.2541 -0.4837 -0.8375
vn 0.2544 -0.4835 -0.8376
vn 0.2543 -0.4837 0.8375
vn 0.2541 -0.4836 0.8376
vn -0.5553 -0.4836 0.6766
vn 0.0861 -0.4836 -0.8710
vn 0.0859 -0.4836 -0.8711
vn 0.4127 -0.4836 0.7719
vn 0.4126 -0.4836 0.7719
vn -0.4126 -0.4836 0.7719
vn -0.4126 -0.4836 0.7720
vn -0.0858 -0.4836 -0.8711
vn -0.0852 -0.4837 -0.8711
vn 0.5554 -0.4837 0.6765
vn 0.5553 -0.4836 0.6766
vn -0.2541 -0.4836 0.8376
vn -0.2539 -0.4837 0.8376
vn -0.2539 -0.4835 -0.8377
vn -0.2541 -0.4836 -0.8376
vn 0.6764 -0.4836 0.5555
vn 0.6766 -0.4836 0.5553
vn -0.0858 -0.4836 0.8711
vn -0.4126 -0.4836 -0.7719
vn -0.4127 -0.4836 -0.7719
vn 0.7719 -0.4836 0.4126
vn 0.7719 -0.4835 0.4128
vn -0.5552 -0.4836 -0.6766
vn -0.5553 -0.4836 -0.6766
vt 0.000000 0.000000
s 0
usemtl Goddard_None
f 2977/4/3217 2978/4/3217 2979/4/3217
f 2979/4/3217 2980/4/3217 2981/4/3217
f 2977/4/3217 2979/4/3217 2981/4/3217
f 2981/4/3217 2982/4/3217 2983/4/3217
f 2983/4/3217 2984/4/3217 2985/4/3217
f 2981/4/3217 2983/4/3217 2985/4/3217
f 2977/4/3217 2981/4/3217 2985/4/3217
f 2985/4/3217 2986/4/3217 2987/4/3217
f 2987/4/3217 2988/4/3217 2989/4/3217
f 2985/4/3217 2987/4/3217 2989/4/3217
f 2989/4/3217 2990/4/3217 2991/4/3217
f 2991/4/3217 2992/4/3217 2993/4/3217
f 2989/4/3217 2991/4/3217 2993/4/3217
f 2985/4/3217 2989/4/3217 2993/4/3217
f 2993/4/3217 2994/4/3217 2995/4/3217
f 2995/4/3217 2996/4/3217 2997/4/3217
f 2993/4/3217 2995/4/3217 2997/4/3217
f 2997/4/3217 2998/4/3217 2999/4/3217
f 2999/4/3217 3000/4/3217 3001/4/3217
f 2997/4/3217 2999/4/3217 3001/4/3217
f 2993/4/3217 2997/4/3217 3001/4/3217
f 2985/4/3217 2993/4/3217 3001/4/3217
f 2977/4/3217 2985/4/3217 3001/4/3217
f 3002/4/3217 3003/4/3217 3004/4/3217
f 3001/4/3217 3002/4/3217 3004/4/3217
f 3001/4/3217 3004/4/3217 3005/4/3217
f 2977/4/3217 3001/4/3217 3005/4/3217
f 3006/4/3217 2977/4/3217 3005/4/3217
f 3006/4/3217 3005/4/3217 3007/4/3217
f 3006/4/3217 3007/4/3217 3008/4/3217
f 3009/4/3218 3010/4/3218 3011/4/3218
f 3011/4/3218 3012/4/3218 3013/4/3218
f 3009/4/3218 3011/4/3218 3013/4/3218
f 3013/4/3218 3014/4/3218 3015/4/3218
f 3015/4/3218 3016/4/3218 3017/4/3218
f 3013/4/3218 3015/4/3218 3017/4/3218
f 3009/4/3218 3013/4/3218 3017/4/3218
f 3017/4/3218 3018/4/3218 3019/4/3218
f 3019/4/3218 3020/4/3218 3021/4/3218
f 3017/4/3218 3019/4/3218 3021/4/3218
f 3021/4/3218 3022/4/3218 3023/4/3218
f 3023/4/3218 3024/4/3218 3025/4/3218
f 3021/4/3218 3023/4/3218 3025/4/3218
f 3017/4/3218 3021/4/3218 3025/4/3218
f 3009/4/3218 3017/4/3218 3025/4/3218
f 3025/4/3218 3026/4/3218 3027/4/3218
f 3027/4/3218 3028/4/3218 3029/4/3218
f 3025/4/3218 3027/4/3218 3029/4/3218
f 3029/4/3218 3030/4/3218 3031/4/3218
f 3031/4/3218 3032/4/3218 3033/4/3218
f 3029/4/3218 3031/4/3218 3033/4/3218
f 3025/4/3218 3029/4/3218 3033/4/3218
f 3033/4/3218 3034/4/3218 3035/4/3218
f 3035/4/3218 3036/4/3218 3037/4/3218
f 3033/4/3218 3035/4/3218 3037/4/3218
f 3037/4/3218 3038/4/3218 3039/4/3218
f 3037/4/3218 3039/4/3218 3040/4/3218
f 3033/4/3218 3037/4/3218 3040/4/3218
f 3025/4/3218 3033/4/3218 3040/4/3218
f 3009/4/3218 3025/4/3218 3040/4/3218
f 3002/4/3219 3015/4/3219 3014/4/3219
f 3014/4/3219 3003/4/3219 3002/4/3219
f 2988/4/3220 3029/4/3220 3028/4/3220
f 3028/4/3221 2989/4/3221 2988/4/3221
f 3016/4/3222 3015/4/3222 3002/4/3222
f 3002/4/3222 3001/4/3222 3016/4/3222
f 2987/4/3223 3030/4/3223 3029/4/3223
f 3029/4/3224 2988/4/3224 2987/4/3224
f 3016/4/3225 3001/4/3225 3000/4/3225
f 3000/4/3226 3017/4/3226 3016/4/3226
f 2986/4/3227 3031/4/3227 3030/4/3227
f 3030/4/3227 2987/4/3227 2986/4/3227
f 3000/4/3228 2999/4/3228 3018/4/3228
f 3018/4/3229 3017/4/3229 3000/4/3229
f 2985/4/3230 3032/4/3230 3031/4/3230
f 3031/4/3231 2986/4/3231 2985/4/3231
f 2998/4/3232 3019/4/3232 3018/4/3232
f 3018/4/3233 2999/4/3233 2998/4/3233
f 2984/4/3234 3033/4/3234 3032/4/3234
f 3032/4/3234 2985/4/3234 2984/4/3234
f 2997/4/3235 3020/4/3235 3019/4/3235
f 3019/4/3236 2998/4/3236 2997/4/3236
f 2983/4/3237 3034/4/3237 3033/4/3237
f 3033/4/3238 2984/4/3238 2983/4/3238
f 2996/4/3239 3021/4/3239 3020/4/3239
f 3020/4/3240 2997/4/3240 2996/4/3240
f 2982/4/3241 3035/4/3241 3034/4/3241
f 3034/4/3242 2983/4/3242 2982/4/3242
f 2995/4/3243 3022/4/3243 3021/4/3243
f 3021/4/3244 2996/4/3244 2995/4/3244
f 3040/4/3245 2977/4/3245 3006/4/3245
f 3006/4/3246 3009/4/3246 3040/4/3246
f 2981/4/3247 3036/4/3247 3035/4/3247
f 3035/4/3248 2982/4/3248 2981/4/3248
f 2994/4/3249 3023/4/3249 3022/4/3249
f 3022/4/3250 2995/4/3250 2994/4/3250
f 3009/4/3251 3006/4/3251 3008/4/3251
f 3008/4/3252 3010/4/3252 3009/4/3252
f 2980/4/3253 3037/4/3253 3036/4/3253
f 3036/4/3253 2981/4/3253 2980/4/3253
f 2993/4/3254 3024/4/3254 3023/4/3254
f 3023/4/3255 2994/4/3255 2993/4/3255
f 3010/4/3256 3008/4/3256 3007/4/3256
f 3007/4/3257 3011/4/3257 3010/4/3257
f 2979/4/3258 3038/4/3258 3037/4/3258
f 3037/4/3259 2980/4/3259 2979/4/3259
f 2992/4/3260 3025/4/3260 3024/4/3260
f 3024/4/3261 2993/4/3261 2992/4/3261
f 3007/4/3262 3005/4/3262 3012/4/3262
f 3012/4/3263 3011/4/3263 3007/4/3263
f 2978/4/3264 3039/4/3264 3038/4/3264
f 3038/4/3265 2979/4/3265 2978/4/3265
f 2991/4/3266 3026/4/3266 3025/4/3266
f 3025/4/3267 2992/4/3267 2991/4/3267
f 3004/4/3268 3013/4/3268 3012/4/3268
f 3012/4/3269 3005/4/3269 3004/4/3269
f 2978/4/3270 2977/4/3270 3040/4/3270
f 3040/4/3270 3039/4/3270 2978/4/3270
f 2990/4/3271 3027/4/3271 3026/4/3271
f 3026/4/3272 2991/4/3272 2990/4/3272
f 3014/4/3273 3013/4/3273 3004/4/3273
f 3004/4/3274 3003/4/3274 3014/4/3274
f 2989/4/3275 3028/4/3275 3027/4/3275
f 3027/4/3276 2990/4/3276 2989/4/3276
o C_rculo_010_C_rculo_011
v 0.471757 -2.024815 -0.482144
v 0.565257 -2.024815 -0.472944
v 0.655157 -2.024815 -0.445644
v 0.738057 -2.024815 -0.401444
v 0.810657 -2.024815 -0.341744
v 0.870357 -2.024815 -0.269144
v 0.914557 -2.024815 -0.186244
v 0.941857 -2.024815 -0.096344
v 0.951057 -2.024815 -0.002844
v 0.941857 -2.024815 0.090656
v 0.914557 -2.024815 0.180556
v 0.870357 -2.024815 0.263456
v 0.810657 -2.024815 0.336156
v 0.738057 -2.024815 0.395756
v 0.655157 -2.024815 0.440056
v 0.565257 -2.024815 0.467256
v 0.471757 -2.024815 0.476456
v 0.378257 -2.024815 0.467256
v 0.288357 -2.024815 0.440056
v 0.205457 -2.024815 0.395756
v 0.132857 -2.024815 0.336156
v 0.073157 -2.024815 0.263456
v 0.028857 -2.024815 0.180556
v 0.001657 -2.024815 0.090656
v -0.007543 -2.024815 -0.002844
v 0.001657 -2.024815 -0.096344
v 0.028857 -2.024815 -0.186244
v 0.073157 -2.024815 -0.269144
v 0.132857 -2.024815 -0.341744
v 0.378257 -2.024815 -0.472944
v 0.205457 -2.024815 -0.401444
v 0.288357 -2.024815 -0.445644
v 0.976757 -2.046215 -0.103244
v 0.976757 -2.147015 -0.103244
v 0.986657 -2.147015 -0.002844
v 0.986657 -2.046215 -0.002844
v 0.668757 -2.046215 -0.478544
v 0.757757 -2.046215 -0.430944
v 0.572157 -2.046215 0.502156
v 0.471757 -2.046215 0.512056
v 0.107657 -2.046215 -0.366944
v 0.185757 -2.046215 -0.430944
v 0.572157 -2.046215 -0.507844
v 0.668757 -2.046215 0.472856
v 0.043657 -2.046215 -0.288844
v 0.471757 -2.046215 -0.517744
v 0.757757 -2.046215 0.425256
v -0.003943 -2.046215 -0.199844
v 0.835857 -2.046215 0.361256
v -0.033243 -2.046215 -0.103244
v 0.899857 -2.046215 0.283156
v -0.043143 -2.046215 -0.002844
v 0.947457 -2.046215 0.194156
v -0.033243 -2.046215 0.097556
v 0.976757 -2.046215 0.097556
v -0.003943 -2.046215 0.194156
v 0.043657 -2.046215 0.283156
v 0.107657 -2.046215 0.361256
v 0.947457 -2.046215 -0.199844
v 0.185757 -2.046215 0.425256
v 0.899857 -2.046215 -0.288844
v 0.274757 -2.046215 0.472856
v 0.371357 -2.046215 -0.507844
v 0.835857 -2.046215 -0.366944
v 0.371357 -2.046215 0.502156
v 0.274757 -2.046215 -0.478544
v 0.371357 -2.147015 -0.507844
v 0.274757 -2.147015 -0.478544
v 0.185757 -2.147015 -0.430944
v 0.107657 -2.147015 -0.366944
v 0.043657 -2.147015 -0.288844
v -0.003943 -2.147015 -0.199844
v -0.033243 -2.147015 -0.103244
v -0.043143 -2.147015 -0.002844
v -0.033243 -2.147015 0.097556
v -0.003943 -2.147015 0.194156
v 0.043657 -2.147015 0.283156
v 0.107657 -2.147015 0.361256
v 0.185757 -2.147015 0.425256
v 0.274757 -2.147015 0.472856
v 0.371357 -2.147015 0.502156
v 0.471757 -2.147015 0.512056
v 0.572157 -2.147015 0.502156
v 0.668757 -2.147015 0.472856
v 0.757757 -2.147015 0.425256
v 0.835857 -2.147015 0.361256
v 0.899857 -2.147015 0.283156
v 0.947457 -2.147015 0.194156
v 0.976757 -2.147015 0.097556
v 0.947457 -2.147015 -0.199844
v 0.899857 -2.147015 -0.288844
v 0.835857 -2.147015 -0.366944
v 0.757757 -2.147015 -0.430944
v 0.668757 -2.147015 -0.478544
v 0.572157 -2.147015 -0.507844
v 0.471757 -2.147015 -0.517744
vn -0.0000 -1.0000 -0.0000
vn -0.9952 -0.0000 0.0981
vn -0.2439 -0.8559 0.4560
vn -0.2440 -0.8557 0.4564
vn -0.0508 -0.8558 -0.5147
vn -0.0506 -0.8560 -0.5145
vn 0.3283 -0.8557 0.4000
vn 0.3285 -0.8554 0.4005
vn -0.1502 -0.8558 0.4951
vn -0.1502 -0.8558 0.4950
vn -0.1502 -0.8557 -0.4953
vn -0.1504 -0.8556 -0.4953
vn 0.4002 -0.8556 0.3283
vn 0.4001 -0.8557 0.3283
vn -0.0507 -0.8557 0.5149
vn -0.0508 -0.8558 0.5147
vn -0.2442 -0.8555 -0.4566
vn -0.2441 -0.8555 -0.4566
vn 0.4566 -0.8555 0.2442
vn 0.4569 -0.8554 0.2441
vn -0.3280 -0.8557 -0.4003
vn -0.3284 -0.8555 -0.4002
vn 0.4951 -0.8558 0.1502
vn 0.4951 -0.8557 0.1502
vn -0.4001 -0.8557 -0.3283
vn -0.3998 -0.8558 -0.3283
vn 0.5147 -0.8558 0.0508
vn 0.5153 -0.8555 0.0507
vn -0.4559 -0.8559 -0.2439
vn -0.4566 -0.8556 -0.2440
vn 0.5145 -0.8560 -0.0506
vn 0.5147 -0.8558 -0.0508
vn -0.4951 -0.8558 -0.1502
vn 0.4956 -0.8555 -0.1501
vn 0.4951 -0.8558 -0.1502
vn -0.5145 -0.8560 -0.0507
vn -0.5148 -0.8558 -0.0507
vn 0.4565 -0.8556 -0.2441
vn 0.4569 -0.8554 -0.2441
vn -0.5147 -0.8558 0.0508
vn -0.5148 -0.8558 0.0507
vn 0.4001 -0.8556 -0.3284
vn 0.4001 -0.8557 -0.3282
vn -0.4951 -0.8557 0.1502
vn -0.4950 -0.8558 0.1503
vn 0.3283 -0.8557 -0.4001
vn 0.3283 -0.8557 -0.3999
vn -0.4564 -0.8557 0.2440
vn -0.4563 -0.8558 0.2435
vn 0.2443 -0.8554 -0.4568
vn 0.2440 -0.8556 -0.4565
vn 0.0506 -0.8560 0.5145
vn 0.0508 -0.8558 0.5147
vn -0.4001 -0.8557 0.3283
vn -0.4001 -0.8557 0.3282
vn 0.1502 -0.8558 -0.4951
vn 0.1502 -0.8557 -0.4953
vn 0.1502 -0.8556 0.4953
vn 0.1502 -0.8558 0.4950
vn -0.3283 -0.8556 0.4001
vn -0.3283 -0.8557 0.4000
vn 0.0507 -0.8560 -0.5145
vn 0.0507 -0.8558 -0.5148
vn 0.2438 -0.8557 0.4564
vn 0.2441 -0.8556 0.4565
vn -0.0000 1.0000 -0.0000
vn 0.7732 -0.0000 -0.6342
vn -0.9569 -0.0000 0.2903
vn 0.6342 -0.0000 -0.7732
vn 0.6343 -0.0000 -0.7730
vn -0.8818 -0.0000 0.4716
vn 0.4716 -0.0000 -0.8818
vn 0.0981 -0.0000 0.9952
vn 0.0977 -0.0000 0.9952
vn -0.7735 -0.0000 0.6338
vn -0.7732 -0.0000 0.6342
vn 0.2903 -0.0000 -0.9569
vn 0.2903 -0.0000 0.9569
vn -0.6344 -0.0000 0.7730
vn 0.0981 -0.0000 -0.9952
vn 0.0977 -0.0000 -0.9952
vn 0.4716 -0.0000 0.8818
vn -0.4716 -0.0000 0.8818
vn -0.0981 -0.0000 -0.9952
vn -0.0977 -0.0000 -0.9952
vn 0.6342 -0.0000 0.7732
vn 0.6345 -0.0000 0.7729
vn -0.2903 -0.0000 0.9569
vn -0.2903 -0.0000 -0.9569
vn 0.7732 -0.0000 0.6342
vn -0.0977 -0.0000 0.9952
vn -0.0981 -0.0000 0.9952
vn -0.4716 -0.0000 -0.8818
vn 0.8818 -0.0000 0.4716
vn -0.6343 -0.0000 -0.7730
vn -0.6344 -0.0000 -0.7730
vn 0.9569 -0.0000 0.2903
vn -0.7729 -0.0000 -0.6345
vn 0.9952 -0.0000 0.0981
vn -0.8818 -0.0000 -0.4716
vn 0.9952 -0.0000 -0.0981
vn -0.9569 -0.0000 -0.2903
vn 0.9569 -0.0000 -0.2903
vn -0.9952 -0.0000 -0.0981
vn 0.8818 -0.0000 -0.4716
vt 0.000000 0.000000
s 0
usemtl Goddard_None
f 3041/5/3277 3042/5/3277 3043/5/3277
f 3043/5/3277 3044/5/3277 3045/5/3277
f 3041/5/3277 3043/5/3277 3045/5/3277
f 3045/5/3277 3046/5/3277 3047/5/3277
f 3047/5/3277 3048/5/3277 3049/5/3277
f 3045/5/3277 3047/5/3277 3049/5/3277
f 3041/5/3277 3045/5/3277 3049/5/3277
f 3049/5/3277 3050/5/3277 3051/5/3277
f 3051/5/3277 3052/5/3277 3053/5/3277
f 3049/5/3277 3051/5/3277 3053/5/3277
f 3053/5/3277 3054/5/3277 3055/5/3277
f 3055/5/3277 3056/5/3277 3057/5/3277
f 3053/5/3277 3055/5/3277 3057/5/3277
f 3049/5/3277 3053/5/3277 3057/5/3277
f 3057/5/3277 3058/5/3277 3059/5/3277
f 3059/5/3277 3060/5/3277 3061/5/3277
f 3057/5/3277 3059/5/3277 3061/5/3277
f 3061/5/3277 3062/5/3277 3063/5/3277
f 3063/5/3277 3064/5/3277 3065/5/3277
f 3061/5/3277 3063/5/3277 3065/5/3277
f 3057/5/3277 3061/5/3277 3065/5/3277
f 3049/5/3277 3057/5/3277 3065/5/3277
f 3041/5/3277 3049/5/3277 3065/5/3277
f 3066/5/3277 3067/5/3277 3068/5/3277
f 3065/5/3277 3066/5/3277 3068/5/3277
f 3065/5/3277 3068/5/3277 3069/5/3277
f 3041/5/3277 3065/5/3277 3069/5/3277
f 3070/5/3277 3041/5/3277 3069/5/3277
f 3070/5/3277 3069/5/3277 3071/5/3277
f 3070/5/3277 3071/5/3277 3072/5/3277
f 3073/5/3278 3074/5/3278 3075/5/3278
f 3075/5/3278 3076/5/3278 3073/5/3278
f 3043/5/3279 3077/5/3279 3078/5/3279
f 3078/5/3280 3044/5/3280 3043/5/3280
f 3056/5/3281 3079/5/3281 3080/5/3281
f 3080/5/3282 3057/5/3282 3056/5/3282
f 3071/5/3283 3069/5/3283 3081/5/3283
f 3081/5/3284 3082/5/3284 3071/5/3284
f 3042/5/3285 3083/5/3285 3077/5/3285
f 3077/5/3286 3043/5/3286 3042/5/3286
f 3055/5/3287 3084/5/3287 3079/5/3287
f 3079/5/3288 3056/5/3288 3055/5/3288
f 3068/5/3289 3085/5/3289 3081/5/3289
f 3081/5/3290 3069/5/3290 3068/5/3290
f 3042/5/3291 3041/5/3291 3086/5/3291
f 3086/5/3292 3083/5/3292 3042/5/3292
f 3054/5/3293 3087/5/3293 3084/5/3293
f 3084/5/3294 3055/5/3294 3054/5/3294
f 3088/5/3295 3085/5/3295 3068/5/3295
f 3068/5/3296 3067/5/3296 3088/5/3296
f 3053/5/3297 3089/5/3297 3087/5/3297
f 3087/5/3298 3054/5/3298 3053/5/3298
f 3066/5/3299 3090/5/3299 3088/5/3299
f 3088/5/3300 3067/5/3300 3066/5/3300
f 3052/5/3301 3091/5/3301 3089/5/3301
f 3089/5/3302 3053/5/3302 3052/5/3302
f 3092/5/3303 3090/5/3303 3066/5/3303
f 3066/5/3304 3065/5/3304 3092/5/3304
f 3051/5/3305 3093/5/3305 3091/5/3305
f 3091/5/3306 3052/5/3306 3051/5/3306
f 3092/5/3307 3065/5/3307 3064/5/3307
f 3064/5/3308 3094/5/3308 3092/5/3308
f 3050/5/3309 3095/5/3309 3093/5/3309
f 3093/5/3309 3051/5/3309 3050/5/3309
f 3064/5/3310 3063/5/3310 3096/5/3310
f 3096/5/3311 3094/5/3311 3064/5/3311
f 3049/5/3312 3076/5/3312 3095/5/3312
f 3095/5/3313 3050/5/3313 3049/5/3313
f 3062/5/3314 3097/5/3314 3096/5/3314
f 3096/5/3315 3063/5/3315 3062/5/3315
f 3048/5/3316 3073/5/3316 3076/5/3316
f 3076/5/3317 3049/5/3317 3048/5/3317
f 3061/5/3318 3098/5/3318 3097/5/3318
f 3097/5/3319 3062/5/3319 3061/5/3319
f 3047/5/3320 3099/5/3320 3073/5/3320
f 3073/5/3321 3048/5/3321 3047/5/3321
f 3060/5/3322 3100/5/3322 3098/5/3322
f 3098/5/3323 3061/5/3323 3060/5/3323
f 3046/5/3324 3101/5/3324 3099/5/3324
f 3099/5/3325 3047/5/3325 3046/5/3325
f 3059/5/3326 3102/5/3326 3100/5/3326
f 3100/5/3327 3060/5/3327 3059/5/3327
f 3086/5/3328 3041/5/3328 3070/5/3328
f 3070/5/3329 3103/5/3329 3086/5/3329
f 3045/5/3330 3104/5/3330 3101/5/3330
f 3101/5/3331 3046/5/3331 3045/5/3331
f 3058/5/3332 3105/5/3332 3102/5/3332
f 3102/5/3333 3059/5/3333 3058/5/3333
f 3103/5/3334 3070/5/3334 3072/5/3334
f 3072/5/3335 3106/5/3335 3103/5/3335
f 3044/5/3336 3078/5/3336 3104/5/3336
f 3104/5/3337 3045/5/3337 3044/5/3337
f 3057/5/3338 3080/5/3338 3105/5/3338
f 3105/5/3339 3058/5/3339 3057/5/3339
f 3106/5/3340 3072/5/3340 3071/5/3340
f 3071/5/3341 3082/5/3341 3106/5/3341
f 3107/5/3342 3108/5/3342 3109/5/3342
f 3109/5/3342 3110/5/3342 3111/5/3342
f 3107/5/3342 3109/5/3342 3111/5/3342
f 3111/5/3342 3112/5/3342 3113/5/3342
f 3111/5/3342 3113/5/3342 3114/5/3342
f 3107/5/3342 3111/5/3342 3114/5/3342
f 3107/5/3342 3114/5/3342 3115/5/3342
f 3115/5/3342 3116/5/3342 3117/5/3342
f 3117/5/3342 3118/5/3342 3119/5/3342
f 3115/5/3342 3117/5/3342 3119/5/3342
f 3119/5/3342 3120/5/3342 3121/5/3342
f 3121/5/3342 3122/5/3342 3123/5/3342
f 3119/5/3342 3121/5/3342 3123/5/3342
f 3115/5/3342 3119/5/3342 3123/5/3342
f 3123/5/3342 3124/5/3342 3125/5/3342
f 3125/5/3342 3126/5/3342 3127/5/3342
f 3123/5/3342 3125/5/3342 3127/5/3342
f 3127/5/3342 3128/5/3342 3129/5/3342
f 3129/5/3342 3075/5/3342 3074/5/3342
f 3127/5/3342 3129/5/3342 3074/5/3342
f 3123/5/3342 3127/5/3342 3074/5/3342
f 3115/5/3342 3123/5/3342 3074/5/3342
f 3074/5/3342 3130/5/3342 3131/5/3342
f 3131/5/3342 3132/5/3342 3133/5/3342
f 3074/5/3342 3131/5/3342 3133/5/3342
f 3133/5/3342 3134/5/3342 3135/5/3342
f 3133/5/3342 3135/5/3342 3136/5/3342
f 3074/5/3342 3133/5/3342 3136/5/3342
f 3115/5/3342 3074/5/3342 3136/5/3342
f 3107/5/3342 3115/5/3342 3136/5/3342
f 3098/5/3343 3118/5/3343 3117/5/3343
f 3117/5/3343 3097/5/3343 3098/5/3343
f 3099/5/3344 3130/5/3344 3074/5/3344
f 3074/5/3344 3073/5/3344 3099/5/3344
f 3100/5/3345 3119/5/3345 3118/5/3345
f 3118/5/3346 3098/5/3346 3100/5/3346
f 3101/5/3347 3131/5/3347 3130/5/3347
f 3130/5/3347 3099/5/3347 3101/5/3347
f 3102/5/3348 3120/5/3348 3119/5/3348
f 3119/5/3348 3100/5/3348 3102/5/3348
f 3103/5/3349 3107/5/3349 3136/5/3349
f 3136/5/3350 3086/5/3350 3103/5/3350
f 3104/5/3351 3132/5/3351 3131/5/3351
f 3131/5/3352 3101/5/3352 3104/5/3352
f 3105/5/3353 3121/5/3353 3120/5/3353
f 3120/5/3353 3102/5/3353 3105/5/3353
f 3106/5/3354 3108/5/3354 3107/5/3354
f 3107/5/3354 3103/5/3354 3106/5/3354
f 3078/5/3355 3133/5/3355 3132/5/3355
f 3132/5/3355 3104/5/3355 3078/5/3355
f 3080/5/3356 3122/5/3356 3121/5/3356
f 3121/5/3357 3105/5/3357 3080/5/3357
f 3082/5/3358 3109/5/3358 3108/5/3358
f 3108/5/3358 3106/5/3358 3082/5/3358
f 3077/5/3359 3134/5/3359 3133/5/3359
f 3133/5/3359 3078/5/3359 3077/5/3359
f 3079/5/3360 3123/5/3360 3122/5/3360
f 3122/5/3361 3080/5/3361 3079/5/3361
f 3081/5/3362 3110/5/3362 3109/5/3362
f 3109/5/3363 3082/5/3363 3081/5/3363
f 3083/5/3364 3135/5/3364 3134/5/3364
f 3134/5/3364 3077/5/3364 3083/5/3364
f 3084/5/3365 3124/5/3365 3123/5/3365
f 3123/5/3365 3079/5/3365 3084/5/3365
f 3085/5/3366 3111/5/3366 3110/5/3366
f 3110/5/3366 3081/5/3366 3085/5/3366
f 3083/5/3367 3086/5/3367 3136/5/3367
f 3136/5/3368 3135/5/3368 3083/5/3368
f 3087/5/3369 3125/5/3369 3124/5/3369
f 3124/5/3369 3084/5/3369 3087/5/3369
f 3088/5/3370 3112/5/3370 3111/5/3370
f 3111/5/3370 3085/5/3370 3088/5/3370
f 3089/5/3371 3126/5/3371 3125/5/3371
f 3125/5/3372 3087/5/3372 3089/5/3372
f 3090/5/3373 3113/5/3373 3112/5/3373
f 3112/5/3373 3088/5/3373 3090/5/3373
f 3091/5/3374 3127/5/3374 3126/5/3374
f 3126/5/3374 3089/5/3374 3091/5/3374
f 3092/5/3375 3114/5/3375 3113/5/3375
f 3113/5/3375 3090/5/3375 3092/5/3375
f 3093/5/3376 3128/5/3376 3127/5/3376
f 3127/5/3376 3091/5/3376 3093/5/3376
f 3094/5/3377 3115/5/3377 3114/5/3377
f 3114/5/3377 3092/5/3377 3094/5/3377
f 3095/5/3378 3129/5/3378 3128/5/3378
f 3128/5/3378 3093/5/3378 3095/5/3378
f 3096/5/3379 3116/5/3379 3115/5/3379
f 3115/5/3379 3094/5/3379 3096/5/3379
f 3076/5/3380 3075/5/3380 3129/5/3380
f 3129/5/3380 3095/5/3380 3076/5/3380
f 3097/5/3381 3117/5/3381 3116/5/3381
f 3116/5/3381 3096/5/3381 3097/5/3381
o Cilindro_002
v 0.919257 -2.073915 -0.262944
v 0.923157 -2.073915 -0.264444
v 0.923157 -2.148315 -0.264444
v 0.919257 -2.148315 -0.262944
v 0.927257 -2.073915 -0.265144
v 0.927257 -2.148315 -0.265144
v 0.931457 -2.073915 -0.265044
v 0.931457 -2.148315 -0.265044
v 0.935557 -2.073915 -0.264044
v 0.935557 -2.148315 -0.264044
v 0.939357 -2.073915 -0.262344
v 0.939357 -2.148315 -0.262344
v 0.942757 -2.148315 -0.259944
v 0.942757 -2.073915 -0.259944
v 0.945657 -2.148315 -0.256844
v 0.945657 -2.073915 -0.256844
v 0.947857 -2.073915 -0.253344
v 0.947857 -2.148315 -0.253344
v 0.949357 -2.148315 -0.249444
v 0.949357 -2.073915 -0.249444
v 0.950057 -2.148315 -0.245344
v 0.950057 -2.073915 -0.245344
v 0.949957 -2.148315 -0.241144
v 0.949957 -2.073915 -0.241144
v 0.948957 -2.073915 -0.237044
v 0.948957 -2.148315 -0.237044
v 0.947257 -2.148315 -0.233244
v 0.947257 -2.073915 -0.233244
v 0.944857 -2.148315 -0.229844
v 0.944857 -2.073915 -0.229844
v 0.941757 -2.148315 -0.226944
v 0.941757 -2.073915 -0.226944
v 0.938257 -2.148315 -0.224744
v 0.938257 -2.073915 -0.224744
v 0.934357 -2.148315 -0.223244
v 0.934357 -2.073915 -0.223244
v 0.930257 -2.148315 -0.222544
v 0.930257 -2.073915 -0.222544
v 0.926057 -2.148315 -0.222644
v 0.926057 -2.073915 -0.222644
v 0.921957 -2.073915 -0.223644
v 0.921957 -2.148315 -0.223644
v 0.918157 -2.073915 -0.225344
v 0.918157 -2.148315 -0.225344
v 0.914757 -2.148315 -0.227744
v 0.914757 -2.073915 -0.227744
v 0.911857 -2.148315 -0.230844
v 0.911857 -2.073915 -0.230844
v 0.909657 -2.073915 -0.234344
v 0.909657 -2.148315 -0.234344
v 0.908157 -2.073915 -0.238244
v 0.908157 -2.148315 -0.238244
v 0.907457 -2.148315 -0.242344
v 0.907457 -2.073915 -0.242344
v 0.907557 -2.073915 -0.246544
v 0.907557 -2.148315 -0.246544
v 0.908557 -2.148315 -0.250644
v 0.908557 -2.073915 -0.250644
v 0.910257 -2.148315 -0.254444
v 0.910257 -2.073915 -0.254444
v 0.912657 -2.073915 -0.257844
v 0.912657 -2.148315 -0.257844
v 0.939357 -2.055515 -0.249144
v 0.940457 -2.055715 -0.246444
v 0.915757 -2.073915 -0.260744
v 0.915757 -2.148315 -0.260744
v 0.929157 -2.059515 -0.257744
v 0.914757 -2.048715 -0.250644
v 0.914857 -2.046715 -0.248644
v 0.931557 -2.058215 -0.256944
v 0.930757 -2.067915 -0.229644
v 0.933157 -2.066215 -0.229844
v 0.916257 -2.071915 -0.246844
v 0.916457 -2.072715 -0.244044
v 0.933857 -2.057015 -0.255544
v 0.938857 -2.061015 -0.233644
v 0.940057 -2.059515 -0.235744
v 0.919657 -2.073215 -0.236144
v 0.921457 -2.072715 -0.233944
v 0.922157 -2.064415 -0.257144
v 0.924357 -2.062715 -0.257844
v 0.920257 -2.066215 -0.255844
v 0.941057 -2.056215 -0.243644
v 0.928357 -2.069415 -0.229944
v 0.916657 -2.070715 -0.249544
v 0.936057 -2.056215 -0.253744
v 0.937257 -2.062715 -0.231844
v 0.918157 -2.073415 -0.238644
v 0.926757 -2.061015 -0.258144
v 0.941157 -2.057015 -0.240844
v 0.925957 -2.070715 -0.230744
v 0.917357 -2.069415 -0.251944
v 0.937857 -2.055715 -0.251544
v 0.935357 -2.064415 -0.230644
v 0.917057 -2.073215 -0.241244
v 0.940857 -2.058215 -0.238244
v 0.923657 -2.071915 -0.232144
v 0.918657 -2.067915 -0.254044
v 0.915757 -2.053615 -0.253544
v 0.916657 -2.056315 -0.254344
v 0.917857 -2.058915 -0.254644
v 0.919157 -2.061415 -0.254344
v 0.920757 -2.063815 -0.253544
v 0.922357 -2.065815 -0.252344
v 0.923957 -2.067515 -0.250644
v 0.925657 -2.068815 -0.248644
v 0.927157 -2.069515 -0.246244
v 0.928557 -2.069815 -0.243744
v 0.929757 -2.069515 -0.241144
v 0.930657 -2.068815 -0.238444
v 0.931257 -2.067515 -0.235944
v 0.931657 -2.065815 -0.233644
v 0.931657 -2.063815 -0.231544
v 0.931357 -2.061415 -0.229844
v 0.930757 -2.058915 -0.228644
v 0.929757 -2.056315 -0.227844
v 0.928657 -2.053615 -0.227544
v 0.927257 -2.051115 -0.227844
v 0.925757 -2.048715 -0.228644
v 0.924157 -2.046715 -0.229844
v 0.922457 -2.045015 -0.231544
v 0.920857 -2.043715 -0.233544
v 0.919257 -2.043015 -0.235944
v 0.917857 -2.042715 -0.238444
v 0.916757 -2.043015 -0.241144
v 0.915757 -2.043715 -0.243744
v 0.915157 -2.045015 -0.246244
v 0.915157 -2.051115 -0.252344
v 0.960557 -2.073915 0.195156
v 0.960557 -2.148315 0.195156
v 0.957657 -2.148315 0.192156
v 0.957657 -2.073915 0.192156
v 0.962857 -2.148315 0.198656
v 0.962857 -2.073915 0.198656
v 0.964457 -2.073915 0.202556
v 0.964457 -2.148315 0.202556
v 0.965157 -2.148315 0.206656
v 0.965157 -2.073915 0.206656
v 0.965157 -2.073915 0.210856
v 0.965157 -2.148315 0.210856
v 0.964257 -2.148315 0.214856
v 0.964257 -2.073915 0.214856
v 0.962657 -2.148315 0.218756
v 0.962657 -2.073915 0.218756
v 0.960257 -2.073915 0.222156
v 0.960257 -2.148315 0.222156
v 0.957257 -2.148315 0.225156
v 0.957257 -2.073915 0.225156
v 0.953757 -2.073915 0.227456
v 0.953757 -2.148315 0.227456
v 0.949857 -2.073915 0.228956
v 0.949857 -2.148315 0.228956
v 0.945757 -2.148315 0.229756
v 0.945757 -2.073915 0.229756
v 0.941557 -2.073915 0.229656
v 0.941557 -2.148315 0.229656
v 0.937457 -2.073915 0.228856
v 0.937457 -2.148315 0.228856
v 0.933657 -2.148315 0.227156
v 0.933657 -2.073915 0.227156
v 0.930157 -2.073915 0.224856
v 0.930157 -2.148315 0.224856
v 0.927257 -2.073915 0.221856
v 0.927257 -2.148315 0.221856
v 0.924957 -2.148315 0.218356
v 0.924957 -2.073915 0.218356
v 0.923457 -2.148315 0.214456
v 0.923457 -2.073915 0.214456
v 0.922657 -2.073915 0.210356
v 0.922657 -2.148315 0.210356
v 0.922757 -2.148315 0.206156
v 0.922757 -2.073915 0.206156
v 0.923557 -2.073915 0.202056
v 0.923557 -2.148315 0.202056
v 0.925257 -2.073915 0.198256
v 0.925257 -2.148315 0.198256
v 0.927557 -2.148315 0.194756
v 0.927557 -2.073915 0.194756
v 0.930557 -2.148315 0.191856
v 0.930557 -2.073915 0.191856
v 0.934057 -2.073915 0.189556
v 0.934057 -2.148315 0.189556
v 0.937957 -2.148315 0.187956
v 0.937957 -2.073915 0.187956
v 0.942057 -2.073915 0.187256
v 0.942057 -2.148315 0.187256
v 0.946257 -2.073915 0.187256
v 0.946257 -2.148315 0.187256
v 0.950357 -2.148315 0.188156
v 0.950357 -2.073915 0.188156
v 0.950957 -2.055715 0.218156
v 0.952957 -2.055515 0.216056
v 0.954157 -2.073915 0.189756
v 0.954157 -2.148315 0.189756
v 0.957057 -2.058215 0.205856
v 0.956857 -2.059515 0.203256
v 0.944557 -2.048715 0.192956
v 0.942657 -2.046715 0.193756
v 0.931657 -2.067915 0.216056
v 0.932857 -2.066215 0.218156
v 0.941657 -2.071915 0.195856
v 0.939157 -2.072715 0.197156
v 0.956757 -2.057015 0.208456
v 0.941057 -2.059515 0.222156
v 0.938557 -2.061015 0.221856
v 0.931957 -2.072715 0.205756
v 0.933157 -2.073215 0.203256
v 0.953457 -2.064415 0.197156
v 0.955057 -2.062715 0.198856
v 0.951457 -2.066215 0.195856
v 0.948657 -2.056215 0.219856
v 0.930957 -2.069415 0.213656
v 0.944257 -2.070715 0.195056
v 0.955957 -2.056215 0.211156
v 0.936357 -2.062715 0.221056
v 0.934857 -2.073415 0.200856
v 0.956157 -2.061015 0.200956
v 0.946157 -2.057015 0.221056
v 0.930757 -2.070715 0.211156
v 0.946757 -2.069415 0.194856
v 0.954657 -2.055715 0.213756
v 0.934457 -2.064415 0.219856
v 0.936857 -2.073215 0.198856
v 0.943557 -2.058215 0.221856
v 0.931157 -2.071915 0.208456
v 0.949257 -2.067915 0.195156
v 0.949457 -2.058915 0.194156
v 0.949757 -2.061415 0.195456
v 0.949657 -2.063815 0.197256
v 0.949157 -2.065815 0.199156
v 0.948257 -2.067515 0.201356
v 0.947057 -2.068815 0.203656
v 0.945557 -2.069515 0.206056
v 0.943757 -2.069815 0.208356
v 0.941757 -2.069515 0.210456
v 0.939757 -2.068815 0.212356
v 0.937657 -2.067515 0.213956
v 0.935657 -2.065815 0.215256
v 0.933857 -2.063815 0.216056
v 0.932157 -2.061415 0.216456
v 0.930757 -2.058915 0.216356
v 0.929657 -2.056315 0.215856
v 0.928957 -2.053615 0.214856
v 0.928657 -2.051115 0.213556
v 0.928757 -2.048715 0.211856
v 0.929257 -2.046715 0.209856
v 0.930157 -2.045015 0.207656
v 0.931357 -2.043715 0.205356
v 0.932857 -2.043015 0.202956
v 0.934657 -2.042715 0.200656
v 0.936557 -2.043015 0.198556
v 0.938657 -2.043715 0.196656
v 0.940657 -2.045015 0.195056
v 0.946257 -2.051115 0.192556
v 0.948657 -2.056315 0.193156
v 0.947657 -2.053615 0.192656
v 0.992257 -2.073915 -0.043144
v 0.992257 -2.148315 -0.043144
v 0.988057 -2.148315 -0.043344
v 0.988057 -2.073915 -0.043344
v 0.996257 -2.148315 -0.042044
v 0.996257 -2.073915 -0.042044
v 1.000057 -2.073915 -0.040244
v 1.000057 -2.148315 -0.040244
v 1.003357 -2.073915 -0.037644
v 1.003357 -2.148315 -0.037644
v 1.006157 -2.148315 -0.034544
v 1.006157 -2.073915 -0.034544
v 1.008257 -2.073915 -0.030944
v 1.008257 -2.148315 -0.030944
v 1.009657 -2.073915 -0.026944
v 1.009657 -2.148315 -0.026944
v 1.010157 -2.148315 -0.022844
v 1.010157 -2.073915 -0.022844
v 1.009957 -2.073915 -0.018644
v 1.009957 -2.148315 -0.018644
v 1.008857 -2.073915 -0.014644
v 1.008857 -2.148315 -0.014644
v 1.007057 -2.148315 -0.010844
v 1.007057 -2.073915 -0.010844
v 1.004457 -2.073915 -0.007544
v 1.004457 -2.148315 -0.007544
v 1.001357 -2.073915 -0.004744
v 1.001357 -2.148315 -0.004744
v 0.997757 -2.148315 -0.002644
v 0.997757 -2.073915 -0.002644
v 0.993757 -2.148315 -0.001244
v 0.993757 -2.073915 -0.001244
v 0.989657 -2.073915 -0.000744
v 0.989657 -2.148315 -0.000744
v 0.985457 -2.148315 -0.000944
v 0.985457 -2.073915 -0.000944
v 0.981457 -2.148315 -0.002044
v 0.981457 -2.073915 -0.002044
v 0.977657 -2.073915 -0.003844
v 0.977657 -2.148315 -0.003844
v 0.974357 -2.148315 -0.006344
v 0.974357 -2.073915 -0.006344
v 0.971557 -2.073915 -0.009544
v 0.971557 -2.148315 -0.009544
v 0.969457 -2.073915 -0.013144
v 0.969457 -2.148315 -0.013144
v 0.968057 -2.148315 -0.017044
v 0.968057 -2.073915 -0.017044
v 0.967557 -2.148315 -0.021244
v 0.967557 -2.073915 -0.021244
v 0.967757 -2.073915 -0.025444
v 0.967757 -2.148315 -0.025444
v 0.968857 -2.148315 -0.029444
v 0.968857 -2.073915 -0.029444
v 0.970657 -2.073915 -0.033244
v 0.970657 -2.148315 -0.033244
v 0.973157 -2.073915 -0.036544
v 0.973157 -2.148315 -0.036544
v 0.976357 -2.148315 -0.039344
v 0.976357 -2.073915 -0.039344
v 0.979957 -2.073915 -0.041444
v 0.979957 -2.148315 -0.041444
v 1.000657 -2.055515 -0.022444
v 1.000557 -2.055715 -0.019544
v 0.983857 -2.073915 -0.042744
v 0.983857 -2.148315 -0.042744
v 0.994957 -2.059515 -0.034544
v 0.978957 -2.048715 -0.033944
v 0.978057 -2.046715 -0.032044
v 0.996757 -2.058215 -0.032844
v 0.984857 -2.067915 -0.008244
v 0.987057 -2.066215 -0.007444
v 0.978757 -2.071915 -0.029844
v 0.977757 -2.072715 -0.027244
v 0.998357 -2.057015 -0.030644
v 0.995857 -2.059515 -0.009944
v 0.993857 -2.061015 -0.008544
v 0.978157 -2.072715 -0.015944
v 0.977357 -2.073215 -0.018744
v 0.990557 -2.062715 -0.036644
v 0.988257 -2.064415 -0.036844
v 0.985957 -2.066215 -0.036444
v 0.999957 -2.056215 -0.016744
v 0.982757 -2.069415 -0.009444
v 0.980057 -2.070715 -0.032144
v 0.999557 -2.056215 -0.028144
v 0.991657 -2.062715 -0.007644
v 0.977057 -2.073415 -0.021544
v 0.992857 -2.061015 -0.035844
v 0.998957 -2.057015 -0.014144
v 0.980857 -2.070715 -0.011244
v 0.981857 -2.069415 -0.034044
v 1.000357 -2.055715 -0.025344
v 0.989457 -2.064415 -0.007244
v 0.977157 -2.073215 -0.024444
v 0.997557 -2.058215 -0.011844
v 0.979357 -2.071915 -0.013444
v 0.983857 -2.067915 -0.035544
v 0.980957 -2.053615 -0.036244
v 0.982157 -2.056315 -0.036544
v 0.983257 -2.058915 -0.036344
v 0.984457 -2.061415 -0.035544
v 0.985557 -2.063815 -0.034244
v 0.986457 -2.065815 -0.032444
v 0.987257 -2.067515 -0.030144
v 0.987957 -2.068815 -0.027644
v 0.988357 -2.069515 -0.024944
v 0.988657 -2.069815 -0.022044
v 0.988657 -2.069515 -0.019144
v 0.988357 -2.068815 -0.016344
v 0.987957 -2.067515 -0.013744
v 0.987257 -2.065815 -0.011544
v 0.986457 -2.063815 -0.009644
v 0.985457 -2.061415 -0.008244
v 0.984357 -2.058915 -0.007344
v 0.983257 -2.056315 -0.007044
v 0.982057 -2.053615 -0.007244
v 0.980957 -2.051115 -0.008044
v 0.979857 -2.048715 -0.009344
v 0.978857 -2.046715 -0.011144
v 0.978057 -2.045015 -0.013444
v 0.977457 -2.043715 -0.015944
v 0.976957 -2.043015 -0.018644
v 0.976757 -2.042715 -0.021544
v 0.976757 -2.043015 -0.024444
v 0.976957 -2.043715 -0.027244
v 0.977457 -2.045015 -0.029844
v 0.979857 -2.051115 -0.035344
vn -0.3549 -0.0000 -0.9349
vn -0.1657 -0.0000 -0.9862
vn 0.0299 -0.0000 -0.9996
vn 0.2243 -0.0000 -0.9745
vn 0.4101 -0.0000 -0.9121
vn 0.4102 -0.0000 -0.9120
vn 0.5801 -0.0000 -0.8145
vn 0.5802 -0.0000 -0.8145
vn 0.7279 -0.0000 -0.6857
vn 0.8477 -0.0000 -0.5305
vn 0.8476 -0.0000 -0.5307
vn 0.9349 -0.0000 -0.3549
vn 0.9862 -0.0000 -0.1657
vn 0.9996 -0.0000 0.0299
vn 0.9745 -0.0000 0.2243
vn 0.9120 -0.0000 0.4101
vn 0.9121 -0.0000 0.4100
vn 0.8145 -0.0000 0.5802
vn 0.6856 -0.0000 0.7279
vn 0.6857 -0.0000 0.7279
vn 0.5305 -0.0000 0.8477
vn 0.3549 -0.0000 0.9349
vn 0.1657 -0.0000 0.9862
vn -0.0299 -0.0000 0.9996
vn -0.2243 -0.0000 0.9745
vn -0.4101 -0.0000 0.9121
vn -0.4101 -0.0000 0.9120
vn -0.5802 -0.0000 0.8145
vn -0.7279 -0.0000 0.6857
vn -0.8477 -0.0000 0.5305
vn -0.9349 -0.0000 0.3549
vn -0.9862 -0.0000 0.1657
vn -0.9996 -0.0000 -0.0299
vn -0.9745 -0.0000 -0.2243
vn -0.9121 -0.0000 -0.4101
vn -0.8145 -0.0000 -0.5802
vn 0.8312 0.4607 -0.3113
vn -0.6857 -0.0000 -0.7279
vn -0.5307 -0.0000 -0.8476
vn -0.5305 -0.0000 -0.8477
vn -0.0000 -1.0000 0.0006
vn -0.0000 -1.0000 -0.0000
vn -0.0000 -1.0000 0.0003
vn -0.0000 -1.0000 -0.0001
vn -0.0000 -1.0000 -0.0003
vn -0.0000 -1.0000 0.0001
vn -0.0000 -1.0000 -0.0004
vn 0.0579 0.6232 -0.7799
vn -0.0799 0.7021 0.7075
vn -0.0799 0.7022 0.7075
vn -0.0798 0.7022 0.7075
vn -0.0798 0.7021 0.7076
vn -0.0798 0.7021 0.7075
vn -0.1629 0.9797 0.1167
vn -0.1629 0.9797 0.1165
vn 0.3330 0.4516 -0.8278
vn 0.6770 0.4608 0.5739
vn 0.6770 0.4608 0.5738
vn -0.1180 0.9930 0.0100
vn -0.4226 0.5301 -0.7351
vn -0.5558 0.6037 -0.5715
vn -0.5559 0.6037 -0.5715
vn 0.8784 0.4584 -0.1349
vn -0.2241 0.8075 0.5456
vn -0.2241 0.8075 0.5457
vn -0.2242 0.8075 0.5457
vn -0.2242 0.8074 0.5457
vn -0.2940 0.9504 0.1015
vn -0.2940 0.9504 0.1014
vn 0.4980 0.4548 -0.7383
vn 0.5216 0.4843 0.7024
vn -0.0647 0.9978 0.0115
vn -0.0647 0.9978 0.0116
vn -0.2446 0.4843 -0.8400
vn 0.8892 0.4548 0.0493
vn -0.2814 0.8945 0.3473
vn -0.2814 0.8945 0.3474
vn -0.2813 0.8945 0.3474
vn -0.2814 0.8946 0.3472
vn -0.4467 0.8946 0.0144
vn -0.4466 0.8946 0.0144
vn 0.6383 0.4584 -0.6184
vn 0.3304 0.5300 0.7810
vn -0.0482 0.9978 0.0446
vn -0.0482 0.4608 -0.8862
vn 0.8607 0.4517 0.2348
vn -0.2584 0.9504 0.1730
vn -0.2585 0.9504 0.1730
vn -0.5702 0.8075 -0.1511
vn -0.5713 0.8065 -0.1525
vn 0.7503 0.4606 -0.4742
vn 0.1195 0.6037 0.7882
vn -0.0792 0.9930 0.0880
vn -0.0792 0.9930 0.0881
vn 0.1484 0.4521 -0.8796
vn 0.1484 0.4521 -0.8795
vn 0.7905 0.4521 0.4132
vn -0.1914 0.9797 0.0593
vn -0.6121 0.7021 -0.3638
vn -0.6122 0.7021 -0.3638
vn -0.8203 -0.4015 0.4073
vn -0.8203 -0.4015 0.4074
vn -0.8202 -0.4014 0.4076
vn -0.8201 -0.4018 0.4075
vn -0.8205 -0.4012 0.4073
vn -0.8202 -0.4015 0.4075
vn -0.8201 -0.4014 0.4078
vn -0.8201 -0.4015 0.4078
vn -0.8204 -0.4011 0.4075
vn -0.8204 -0.4012 0.4075
vn -0.8201 -0.4018 0.4074
vn -0.8199 -0.4020 0.4076
vn -0.8199 -0.4021 0.4076
vn -0.8201 -0.4016 0.4076
vn -0.8203 -0.4014 0.4074
vn -0.8201 -0.4015 0.4077
vn -0.8201 -0.4015 0.4076
vn -0.8200 -0.4015 0.4079
vn -0.8201 -0.4011 0.4081
vn -0.8205 -0.4011 0.4073
vn -0.8203 -0.4014 0.4073
vn -0.8202 -0.4016 0.4074
vn -0.8202 -0.4016 0.4075
vn -0.8203 -0.4016 0.4072
vn -0.9366 -0.1056 -0.3341
vn -0.9367 -0.1055 -0.3339
vn -0.9366 -0.1056 -0.3340
vn -0.2997 -0.1056 0.9482
vn -0.2997 -0.1057 0.9482
vn -0.2996 -0.1056 0.9482
vn 0.1544 0.7314 -0.6643
vn -0.5747 -0.0878 -0.8136
vn -0.5746 -0.0878 -0.8137
vn -0.5746 -0.0877 -0.8137
vn -0.5748 -0.0878 -0.8136
vn -0.8931 0.3342 0.3011
vn -0.8931 0.3341 0.3011
vn -0.8931 0.3342 0.3010
vn 0.2405 0.8072 -0.5391
vn 0.2405 0.8072 -0.5390
vn 0.2405 0.8073 -0.5390
vn -0.7743 0.6270 -0.0857
vn 0.3184 0.8550 -0.4094
vn -0.6107 0.7775 -0.1500
vn -0.6107 0.7775 -0.1501
vn -0.6107 0.7775 -0.1502
vn 0.3901 0.8780 -0.2773
vn 0.3901 0.8780 -0.2774
vn -0.4802 0.8702 -0.1105
vn 0.4567 0.8780 -0.1431
vn 0.4567 0.8780 -0.1433
vn -0.3773 0.9256 -0.0286
vn -0.3773 0.9256 -0.0288
vn 0.5186 0.8550 -0.0064
vn 0.5185 0.8551 -0.0064
vn 0.5185 0.8550 -0.0064
vn -0.2976 0.9517 0.0749
vn 0.5748 0.8072 0.1341
vn 0.5748 0.8072 0.1342
vn -0.2395 0.9518 0.1918
vn -0.2395 0.9518 0.1917
vn 0.6226 0.7314 0.2782
vn 0.6226 0.7314 0.2784
vn -0.2052 0.9256 0.3180
vn 0.6565 0.6232 0.4251
vn 0.6564 0.6232 0.4251
vn -0.2021 0.8702 0.4494
vn -0.2021 0.8702 0.4493
vn 0.6664 0.4793 0.5711
vn -0.3422 0.0999 -0.9343
vn -0.3422 0.0998 -0.9343
vn -0.2494 0.7775 0.5774
vn -0.2493 0.7775 0.5774
vn -0.2493 0.7776 0.5773
vn -0.2494 0.7775 0.5773
vn -0.2494 0.7776 0.5772
vn 0.6363 0.3010 0.7103
vn 0.6363 0.3010 0.7102
vn -0.1816 0.3009 -0.9362
vn -0.1815 0.3009 -0.9362
vn -0.1816 0.3010 -0.9362
vn -0.3996 0.6269 0.6688
vn -0.3997 0.6269 0.6688
vn -0.3996 0.6270 0.6687
vn -0.3997 0.6270 0.6687
vn 0.5377 0.0999 0.8372
vn 0.5377 0.0998 0.8372
vn -0.0524 0.4792 -0.8761
vn -0.0524 0.4793 -0.8761
vn -0.0525 0.4793 -0.8761
vn -0.0526 0.4793 -0.8761
vn -0.7796 0.3342 0.5297
vn -0.7796 0.3341 0.5297
vn -0.7795 0.3342 0.5298
vn -0.7795 0.3342 0.5297
vn 0.3010 -0.0876 0.9496
vn 0.3010 -0.0878 0.9496
vn 0.7147 -0.0000 -0.6994
vn 0.8375 -0.0000 -0.5465
vn 0.9280 -0.0000 -0.3726
vn 0.9829 -0.0000 -0.1844
vn 0.9999 -0.0000 0.0109
vn 0.9786 -0.0000 0.2057
vn 0.9196 -0.0000 0.3928
vn 0.9197 -0.0000 0.3927
vn 0.8254 -0.0000 0.5646
vn 0.6993 -0.0000 0.7148
vn 0.5465 -0.0000 0.8375
vn 0.5465 -0.0000 0.8374
vn 0.3726 -0.0000 0.9280
vn 0.1844 -0.0000 0.9829
vn -0.0109 -0.0000 0.9999
vn -0.2057 -0.0000 0.9786
vn -0.2058 -0.0000 0.9786
vn -0.3927 -0.0000 0.9197
vn -0.5646 -0.0000 0.8254
vn -0.7148 -0.0000 0.6993
vn -0.7147 -0.0000 0.6994
vn -0.8375 -0.0000 0.5465
vn -0.9280 -0.0000 0.3726
vn -0.9829 -0.0000 0.1844
vn -0.9999 -0.0000 -0.0109
vn -0.9786 -0.0000 -0.2058
vn -0.9197 -0.0000 -0.3927
vn -0.8254 -0.0000 -0.5646
vn -0.6993 -0.0000 -0.7148
vn -0.5465 -0.0000 -0.8374
vn -0.5464 -0.0000 -0.8375
vn -0.3726 -0.0000 -0.9280
vn -0.1844 -0.0000 -0.9829
vn 0.0109 -0.0000 -0.9999
vn 0.2058 -0.0000 -0.9786
vn 0.6179 0.4606 0.6372
vn 0.3926 -0.0000 -0.9197
vn 0.3927 -0.0000 -0.9197
vn 0.5648 -0.0000 -0.8252
vn 0.5646 -0.0000 -0.8254
vn -0.0000 -1.0000 0.0002
vn -0.0000 -1.0000 -0.0005
vn -0.0000 -1.0000 -0.0002
vn -0.0000 -1.0000 0.0005
vn -0.0000 -1.0000 -0.0011
vn 0.7379 0.6232 -0.2590
vn 0.7380 0.6232 -0.2590
vn 0.7380 0.6231 -0.2590
vn -0.6804 0.7021 0.2099
vn -0.6804 0.7021 0.2100
vn -0.1721 0.9797 -0.1026
vn 0.8918 0.4517 -0.0260
vn -0.2550 0.4607 0.8501
vn -0.0563 0.9930 -0.1042
vn 0.5047 0.5300 -0.6815
vn 0.5046 0.5300 -0.6815
vn 0.3013 0.6037 -0.7381
vn 0.3012 0.6037 -0.7381
vn 0.4751 0.4584 0.7511
vn -0.5897 0.8075 0.0128
vn -0.5897 0.8075 0.0129
vn -0.2106 0.9504 -0.2289
vn -0.2105 0.9504 -0.2289
vn 0.8759 0.4548 0.1610
vn 0.8759 0.4548 0.1611
vn -0.4350 0.4843 0.7591
vn -0.0364 0.9978 -0.0547
vn -0.0364 0.9978 -0.0546
vn 0.6720 0.4843 -0.5603
vn 0.6720 0.4843 -0.5602
vn 0.3107 0.4548 0.8347
vn 0.3106 0.4548 0.8347
vn -0.4308 0.8946 -0.1189
vn -0.1919 0.8946 -0.4037
vn -0.1919 0.8945 -0.4037
vn -0.1918 0.8946 -0.4037
vn 0.8222 0.4584 0.3375
vn 0.8221 0.4585 0.3375
vn 0.8223 0.4582 0.3375
vn -0.5836 0.5300 0.6153
vn -0.5835 0.5301 0.6153
vn -0.0602 0.9978 -0.0264
vn -0.0602 0.9978 -0.0263
vn 0.7929 0.4608 -0.3987
vn 0.1293 0.4517 0.8827
vn 0.1292 0.4517 0.8828
vn -0.2619 0.9504 -0.1676
vn -0.0897 0.8075 -0.5830
vn -0.0898 0.8075 -0.5830
vn 0.7348 0.4606 0.4979
vn 0.7348 0.4607 0.4978
vn -0.6745 0.6038 0.4249
vn -0.6744 0.6038 0.4249
vn -0.6745 0.6037 0.4249
vn -0.1124 0.9930 -0.0374
vn -0.1123 0.9930 -0.0374
vn 0.8654 0.4521 -0.2160
vn -0.0624 0.4521 0.8898
vn -0.1309 0.9797 -0.1516
vn -0.1309 0.9797 -0.1517
vn 0.0885 0.7021 -0.7065
vn 0.0886 0.7021 -0.7065
vn -0.7014 -0.4014 -0.5889
vn -0.7015 -0.4014 -0.5889
vn -0.7019 -0.4012 -0.5886
vn -0.7019 -0.4009 -0.5888
vn -0.7016 -0.4014 -0.5887
vn -0.7015 -0.4015 -0.5887
vn -0.7013 -0.4008 -0.5896
vn -0.7016 -0.4014 -0.5888
vn -0.7018 -0.4012 -0.5886
vn -0.7018 -0.4013 -0.5886
vn -0.7017 -0.4014 -0.5887
vn -0.7012 -0.4015 -0.5891
vn -0.7013 -0.4015 -0.5891
vn -0.7014 -0.4014 -0.5890
vn -0.7020 -0.4010 -0.5886
vn -0.7016 -0.4016 -0.5887
vn -0.7017 -0.4009 -0.5890
vn -0.7017 -0.4008 -0.5890
vn -0.7016 -0.4015 -0.5887
vn -0.7013 -0.4011 -0.5893
vn -0.7014 -0.4010 -0.5893
vn -0.7017 -0.4015 -0.5886
vn -0.7015 -0.4012 -0.5890
vn -0.7018 -0.4014 -0.5885
vn -0.0687 -0.1055 -0.9920
vn -0.0688 -0.1055 -0.9920
vn -0.0688 -0.1056 -0.9920
vn -0.9889 -0.1055 0.1047
vn -0.9889 -0.1055 0.1045
vn -0.9889 -0.1054 0.1047
vn -0.9889 -0.1055 0.1046
vn 0.6706 0.7314 -0.1243
vn 0.6706 0.7314 -0.1240
vn 0.5157 -0.0879 -0.8523
vn 0.5158 -0.0880 -0.8522
vn -0.6333 0.3342 -0.6980
vn -0.6334 0.3342 -0.6979
vn 0.5902 0.8072 0.0048
vn 0.5902 0.8072 0.0046
vn -0.2314 0.6269 -0.7439
vn -0.2313 0.6270 -0.7439
vn -0.2313 0.6269 -0.7439
vn -0.2313 0.6269 -0.7440
vn -0.2313 0.6268 -0.7440
vn 0.5025 0.8550 0.1279
vn 0.5027 0.8550 0.1280
vn -0.1067 0.7775 -0.6198
vn -0.1068 0.7775 -0.6197
vn -0.1068 0.7775 -0.6198
vn 0.4102 0.8780 0.2465
vn 0.4101 0.8782 0.2462
vn -0.0908 0.8702 -0.4842
vn -0.0907 0.8702 -0.4843
vn -0.0909 0.8702 -0.4842
vn 0.3141 0.8780 0.3612
vn 0.3140 0.8780 0.3614
vn -0.1247 0.9256 -0.3574
vn -0.1247 0.9256 -0.3573
vn 0.2133 0.8550 0.4727
vn -0.1877 0.9518 -0.2426
vn 0.1071 0.8073 0.5803
vn 0.1071 0.8072 0.5805
vn -0.2716 0.9518 -0.1427
vn -0.0059 0.7313 0.6820
vn -0.0059 0.7314 0.6820
vn -0.3735 0.9256 -0.0607
vn -0.3735 0.9256 -0.0608
vn -0.1270 0.6232 0.7717
vn -0.4927 0.8702 -0.0053
vn -0.2568 0.4794 0.8392
vn 0.7194 0.0999 -0.6874
vn 0.7193 0.0998 -0.6875
vn -0.6288 0.7776 0.0025
vn -0.6288 0.7775 0.0025
vn -0.6288 0.7775 0.0024
vn -0.6288 0.7776 0.0024
vn -0.3965 0.3009 0.8673
vn -0.3964 0.3009 0.8674
vn -0.3964 0.3008 0.8674
vn 0.7853 0.3010 -0.5410
vn 0.7853 0.3011 -0.5410
vn -0.7728 0.6270 -0.0986
vn -0.7728 0.6269 -0.0986
vn -0.7729 0.6269 -0.0987
vn -0.5522 0.0998 0.8277
vn -0.5523 0.0998 0.8276
vn -0.5524 0.0998 0.8276
vn 0.7819 0.4793 -0.3987
vn 0.7819 0.4794 -0.3985
vn -0.7974 0.3343 -0.5024
vn -0.7974 0.3343 -0.5025
vn -0.7498 -0.0878 0.6558
vn -0.7500 -0.0879 0.6556
vn -0.7499 -0.0878 0.6557
vn -0.7498 -0.0879 0.6558
vn 0.0602 -0.0000 -0.9982
vn 0.2538 -0.0000 -0.9673
vn 0.4376 -0.0000 -0.8992
vn 0.4375 -0.0000 -0.8992
vn 0.6046 -0.0000 -0.7965
vn 0.6047 -0.0000 -0.7965
vn 0.7484 -0.0000 -0.6632
vn 0.7484 -0.0000 -0.6633
vn 0.8634 -0.0000 -0.5044
vn 0.8634 -0.0000 -0.5045
vn 0.9452 -0.0000 -0.3265
vn 0.9452 -0.0000 -0.3264
vn 0.9908 -0.0000 -0.1357
vn 0.9982 -0.0000 0.0602
vn 0.9673 -0.0000 0.2538
vn 0.8992 -0.0000 0.4376
vn 0.7965 -0.0000 0.6046
vn 0.6633 -0.0000 0.7484
vn 0.5045 -0.0000 0.8634
vn 0.3264 -0.0000 0.9452
vn 0.1357 -0.0000 0.9908
vn -0.0602 -0.0000 0.9982
vn -0.0603 -0.0000 0.9982
vn -0.2538 -0.0000 0.9673
vn -0.4376 -0.0000 0.8992
vn -0.4375 -0.0000 0.8992
vn -0.6046 -0.0000 0.7965
vn -0.7484 -0.0000 0.6633
vn -0.8634 -0.0000 0.5044
vn -0.8634 -0.0000 0.5045
vn -0.9452 -0.0000 0.3264
vn -0.9907 -0.0000 0.1357
vn -0.9982 -0.0000 -0.0602
vn -0.9673 -0.0000 -0.2538
vn -0.8992 -0.0000 -0.4376
vn -0.7967 -0.0000 -0.6044
vn -0.7967 -0.0000 -0.6043
vn -0.6633 -0.0000 -0.7484
vn -0.5045 -0.0000 -0.8634
vn 0.8858 0.4606 0.0574
vn 0.8857 0.4606 0.0574
vn -0.3264 -0.0000 -0.9452
vn -0.1357 -0.0000 -0.9908
vn -0.1357 -0.0000 -0.9907
vn 0.3731 0.6233 -0.6873
vn 0.3730 0.6232 -0.6874
vn -0.3633 0.7021 0.6124
vn -0.1964 0.9797 0.0394
vn 0.6434 0.4517 -0.6180
vn 0.6435 0.4517 -0.6180
vn 0.3818 0.4608 0.8012
vn -0.1117 0.9930 -0.0394
vn -0.0837 0.5300 -0.8439
vn -0.0836 0.5300 -0.8439
vn -0.2722 0.6037 -0.7493
vn -0.2722 0.6036 -0.7493
vn 0.8564 0.4584 0.2376
vn -0.4284 0.8075 0.4055
vn -0.3097 0.9504 -0.0283
vn -0.3097 0.9504 -0.0282
vn -0.3098 0.9504 -0.0282
vn 0.7572 0.4548 -0.4688
vn 0.1872 0.4843 0.8547
vn 0.1871 0.4843 0.8546
vn 0.1871 0.4843 0.8547
vn -0.0637 0.9978 -0.0160
vn -0.0637 0.9978 -0.0161
vn 0.1220 0.4843 -0.8664
vn 0.1219 0.4843 -0.8664
vn 0.7906 0.4548 0.4099
vn 0.7906 0.4548 0.4100
vn -0.3992 0.8945 0.2011
vn -0.4133 0.8945 -0.1703
vn -0.4133 0.8945 -0.1704
vn 0.8359 0.4584 -0.3019
vn -0.0194 0.5301 0.8477
vn -0.0193 0.5301 0.8477
vn -0.0623 0.9978 0.0209
vn -0.0623 0.9978 0.0207
vn 0.3198 0.4608 -0.8279
vn 0.3199 0.4608 -0.8279
vn 0.3199 0.4608 -0.8278
vn 0.6884 0.4516 0.5676
vn 0.6885 0.4516 0.5675
vn -0.3066 0.9504 0.0517
vn -0.3066 0.9504 0.0516
vn -0.3067 0.9504 0.0517
vn -0.4579 0.8075 -0.3719
vn -0.4579 0.8075 -0.3718
vn -0.4580 0.8075 -0.3718
vn 0.8788 0.4606 -0.1244
vn -0.2146 0.6037 0.7678
vn -0.1084 0.9930 0.0478
vn -0.1084 0.9930 0.0477
vn 0.4964 0.4521 -0.7411
vn 0.5511 0.4521 0.7013
vn 0.5512 0.4521 0.7013
vn 0.5513 0.4521 0.7012
vn -0.1989 0.9797 -0.0244
vn -0.1988 0.9797 -0.0244
vn -0.4088 0.7021 -0.5831
vn -0.4087 0.7021 -0.5831
vn -0.9154 -0.4011 0.0344
vn -0.9151 -0.4017 0.0348
vn -0.9152 -0.4015 0.0347
vn -0.9152 -0.4015 0.0346
vn -0.9152 -0.4014 0.0347
vn -0.9154 -0.4011 0.0348
vn -0.9150 -0.4019 0.0347
vn -0.9153 -0.4013 0.0346
vn -0.9151 -0.4017 0.0347
vn -0.9153 -0.4014 0.0344
vn -0.9151 -0.4017 0.0344
vn -0.9152 -0.4015 0.0348
vn -0.9152 -0.4016 0.0347
vn -0.9152 -0.4015 0.0350
vn -0.9153 -0.4012 0.0351
vn -0.9153 -0.4013 0.0351
vn -0.9152 -0.4014 0.0345
vn -0.9151 -0.4016 0.0346
vn -0.9153 -0.4014 0.0347
vn -0.9151 -0.4016 0.0347
vn -0.9152 -0.4016 0.0344
vn -0.9152 -0.4016 0.0345
vn -0.9151 -0.4016 0.0348
vn -0.9153 -0.4013 0.0347
vn -0.7169 -0.1056 -0.6892
vn -0.7169 -0.1056 -0.6891
vn -0.7170 -0.1056 -0.6891
vn -0.6625 -0.1056 0.7415
vn -0.6627 -0.1056 0.7414
vn -0.6626 -0.1056 0.7415
vn -0.6626 -0.1057 0.7415
vn 0.4135 0.7314 -0.5423
vn 0.4134 0.7314 -0.5424
vn -0.1902 -0.0877 -0.9778
vn -0.1900 -0.0877 -0.9779
vn -0.1900 -0.0877 -0.9778
vn -0.9380 0.3342 -0.0921
vn -0.9380 0.3341 -0.0921
vn 0.4406 0.8072 -0.3928
vn -0.6709 0.6269 -0.3960
vn 0.4584 0.8550 -0.2425
vn 0.4584 0.8550 -0.2426
vn -0.4953 0.7775 -0.3876
vn -0.4952 0.7775 -0.3876
vn 0.4695 0.8780 -0.0928
vn 0.4695 0.8781 -0.0926
vn -0.3925 0.8702 -0.2979
vn -0.3925 0.8702 -0.2977
vn 0.4752 0.8780 0.0569
vn 0.4752 0.8780 0.0570
vn -0.3323 0.9256 -0.1811
vn -0.3323 0.9256 -0.1810
vn 0.4755 0.8550 0.2070
vn 0.4755 0.8550 0.2072
vn -0.3021 0.9518 -0.0539
vn 0.4691 0.8072 0.3582
vn 0.4691 0.8072 0.3583
vn -0.2971 0.9518 0.0766
vn 0.4535 0.7313 0.5095
vn 0.4534 0.7313 0.5095
vn 0.4535 0.7314 0.5093
vn -0.3176 0.9256 0.2058
vn -0.3176 0.9256 0.2057
vn 0.4240 0.6232 0.6571
vn 0.4240 0.6232 0.6572
vn -0.3687 0.8703 0.3266
vn -0.3687 0.8702 0.3268
vn 0.3731 0.4794 0.7943
vn 0.3731 0.4795 0.7943
vn 0.3730 0.4794 0.7943
vn 0.0715 0.0998 -0.9924
vn 0.0716 0.0998 -0.9924
vn -0.4644 0.7775 0.4240
vn -0.4643 0.7775 0.4241
vn -0.4644 0.7775 0.4241
vn 0.2886 0.3010 0.9089
vn 0.2885 0.3009 0.9090
vn 0.2188 0.3010 -0.9282
vn -0.6389 0.6269 0.4458
vn -0.6389 0.6270 0.4458
vn -0.6390 0.6269 0.4458
vn 0.1465 0.0998 0.9842
vn 0.3118 0.4794 -0.8204
vn 0.3118 0.4794 -0.8203
vn 0.3118 0.4795 -0.8203
vn -0.9283 0.3342 0.1631
vn -0.9283 0.3341 0.1631
vn -0.9283 0.3342 0.1630
vn -0.9283 0.3342 0.1629
vn -0.9283 0.3343 0.1629
vn -0.1155 -0.0878 0.9894
vn -0.1153 -0.0878 0.9894
vt 1.000000 1.000000
vt 0.968800 1.000000
vt 0.968800 0.500000
vt 1.000000 0.500000
vt 0.937500 1.000000
vt 0.937500 0.500000
vt 0.906200 1.000000
vt 0.906200 0.500000
vt 0.875000 1.000000
vt 0.875000 0.500000
vt 0.843800 1.000000
vt 0.843800 0.500000
vt 0.812500 0.500000
vt 0.812500 1.000000
vt 0.781200 0.500000
vt 0.781200 1.000000
vt 0.750000 1.000000
vt 0.750000 0.500000
vt 0.718800 0.500000
vt 0.718800 1.000000
vt 0.687500 0.500000
vt 0.687500 1.000000
vt 0.656200 0.500000
vt 0.656200 1.000000
vt 0.625000 1.000000
vt 0.625000 0.500000
vt 0.593800 0.500000
vt 0.593800 1.000000
vt 0.562500 0.500000
vt 0.562500 1.000000
vt 0.531200 0.500000
vt 0.531200 1.000000
vt 0.500000 0.500000
vt 0.500000 1.000000
vt 0.468800 0.500000
vt 0.468800 1.000000
vt 0.437500 0.500000
vt 0.437500 1.000000
vt 0.406200 0.500000
vt 0.406200 1.000000
vt 0.375000 1.000000
vt 0.375000 0.500000
vt 0.343800 1.000000
vt 0.343800 0.500000
vt 0.312500 0.500000
vt 0.312500 1.000000
vt 0.281200 0.500000
vt 0.281200 1.000000
vt 0.250000 1.000000
vt 0.250000 0.500000
vt 0.218800 1.000000
vt 0.218800 0.500000
vt 0.187500 0.500000
vt 0.187500 1.000000
vt 0.156200 1.000000
vt 0.156200 0.500000
vt 0.125000 0.500000
vt 0.125000 1.000000
vt 0.093800 0.500000
vt 0.093800 1.000000
vt 0.062500 1.000000
vt 0.062500 0.500000
vt 0.031200 1.000000
vt 0.031200 0.500000
vt 0.000000 1.000000
vt 0.000000 0.500000
vt 0.796800 0.485400
vt 0.841800 0.471700
vt 0.883300 0.449600
vt 0.919700 0.419700
vt 0.949600 0.383300
vt 0.971700 0.341800
vt 0.985400 0.296800
vt 0.990000 0.250000
vt 0.985400 0.203200
vt 0.971700 0.158200
vt 0.949600 0.116700
vt 0.919700 0.080300
vt 0.883300 0.050400
vt 0.841800 0.028300
vt 0.796800 0.014600
vt 0.750000 0.010000
vt 0.703200 0.014600
vt 0.658200 0.028300
vt 0.616700 0.050400
vt 0.580300 0.080300
vt 0.550400 0.116700
vt 0.528300 0.158200
vt 0.514600 0.203200
vt 0.510000 0.250000
vt 0.514600 0.296800
vt 0.528300 0.341800
vt 0.550400 0.383300
vt 0.580300 0.419700
vt 0.616700 0.449600
vt 0.658200 0.471700
vt 0.750000 0.490000
vt 0.703200 0.485400
vt 0.296800 0.485400
vt 0.250000 0.490000
vt 0.203200 0.485400
vt 0.158200 0.471700
vt 0.116700 0.449600
vt 0.080300 0.419700
vt 0.050400 0.383300
vt 0.028300 0.341800
vt 0.014600 0.296800
vt 0.010000 0.250000
vt 0.014600 0.203200
vt 0.028300 0.158200
vt 0.050400 0.116700
vt 0.080300 0.080300
vt 0.116700 0.050400
vt 0.158200 0.028300
vt 0.203200 0.014600
vt 0.250000 0.010000
vt 0.296800 0.014600
vt 0.341800 0.028300
vt 0.383300 0.050400
vt 0.419700 0.080300
vt 0.449600 0.116700
vt 0.471700 0.158200
vt 0.485400 0.203200
vt 0.490000 0.250000
vt 0.485400 0.296800
vt 0.471700 0.341800
vt 0.449600 0.383300
vt 0.419700 0.419700
vt 0.383300 0.449600
vt 0.341800 0.471700
s 0
usemtl Goddard_None
f 3137/6/3382 3138/7/3382 3139/8/3382
f 3139/8/3382 3140/9/3382 3137/6/3382
f 3138/7/3383 3141/10/3383 3142/11/3383
f 3142/11/3383 3139/8/3383 3138/7/3383
f 3141/10/3384 3143/12/3384 3144/13/3384
f 3144/13/3384 3142/11/3384 3141/10/3384
f 3143/12/3385 3145/14/3385 3146/15/3385
f 3146/15/3385 3144/13/3385 3143/12/3385
f 3147/16/3386 3148/17/3386 3146/15/3386
f 3146/15/3387 3145/14/3387 3147/16/3387
f 3149/18/3388 3148/17/3388 3147/16/3388
f 3147/16/3389 3150/19/3389 3149/18/3389
f 3151/20/3390 3149/18/3390 3150/19/3390
f 3150/19/3390 3152/21/3390 3151/20/3390
f 3153/22/3391 3154/23/3391 3151/20/3391
f 3151/20/3392 3152/21/3392 3153/22/3392
f 3155/24/3393 3154/23/3393 3153/22/3393
f 3153/22/3393 3156/25/3393 3155/24/3393
f 3157/26/3394 3155/24/3394 3156/25/3394
f 3156/25/3394 3158/27/3394 3157/26/3394
f 3159/28/3395 3157/26/3395 3158/27/3395
f 3158/27/3395 3160/29/3395 3159/28/3395
f 3161/30/3396 3162/31/3396 3159/28/3396
f 3159/28/3396 3160/29/3396 3161/30/3396
f 3163/32/3397 3162/31/3397 3161/30/3397
f 3161/30/3398 3164/33/3398 3163/32/3398
f 3165/34/3399 3163/32/3399 3164/33/3399
f 3164/33/3399 3166/35/3399 3165/34/3399
f 3167/36/3400 3165/34/3400 3166/35/3400
f 3166/35/3401 3168/37/3401 3167/36/3401
f 3169/38/3402 3167/36/3402 3168/37/3402
f 3168/37/3402 3170/39/3402 3169/38/3402
f 3171/40/3403 3169/38/3403 3170/39/3403
f 3170/39/3403 3172/41/3403 3171/40/3403
f 3173/42/3404 3171/40/3404 3172/41/3404
f 3172/41/3404 3174/43/3404 3173/42/3404
f 3175/44/3405 3173/42/3405 3174/43/3405
f 3174/43/3405 3176/45/3405 3175/44/3405
f 3177/46/3406 3178/47/3406 3175/44/3406
f 3175/44/3406 3176/45/3406 3177/46/3406
f 3177/46/3407 3179/48/3407 3180/49/3407
f 3180/49/3408 3178/47/3408 3177/46/3408
f 3181/50/3409 3180/49/3409 3179/48/3409
f 3179/48/3409 3182/51/3409 3181/50/3409
f 3183/52/3410 3181/50/3410 3182/51/3410
f 3182/51/3410 3184/53/3410 3183/52/3410
f 3185/54/3411 3186/55/3411 3183/52/3411
f 3183/52/3411 3184/53/3411 3185/54/3411
f 3187/56/3412 3188/57/3412 3186/55/3412
f 3186/55/3412 3185/54/3412 3187/56/3412
f 3189/58/3413 3188/57/3413 3187/56/3413
f 3187/56/3413 3190/59/3413 3189/58/3413
f 3191/60/3414 3192/61/3414 3189/58/3414
f 3189/58/3414 3190/59/3414 3191/60/3414
f 3193/62/3415 3192/61/3415 3191/60/3415
f 3191/60/3415 3194/63/3415 3193/62/3415
f 3195/64/3416 3193/62/3416 3194/63/3416
f 3194/63/3416 3196/65/3416 3195/64/3416
f 3197/66/3417 3198/67/3417 3195/64/3417
f 3195/64/3417 3196/65/3417 3197/66/3417
f 3153/22/3418 3199/22/3418 3200/25/3418
f 3200/25/3418 3156/25/3418 3153/22/3418
f 3201/68/3419 3202/69/3419 3198/67/3419
f 3198/67/3419 3197/66/3419 3201/68/3419
f 3202/69/3420 3201/68/3420 3137/70/3420
f 3137/70/3421 3140/71/3421 3202/69/3421
f 3139/72/3422 3142/73/3422 3144/74/3422
f 3139/72/3423 3144/74/3423 3146/75/3423
f 3146/75/3424 3148/76/3424 3149/77/3424
f 3149/77/3423 3151/78/3423 3154/79/3423
f 3154/79/3425 3155/80/3425 3157/81/3425
f 3149/77/3423 3154/79/3423 3157/81/3423
f 3146/75/3423 3149/77/3423 3157/81/3423
f 3157/81/3423 3159/82/3423 3162/83/3423
f 3162/83/3423 3163/84/3423 3165/85/3423
f 3157/81/3423 3162/83/3423 3165/85/3423
f 3165/85/3426 3167/86/3426 3169/87/3426
f 3169/87/3423 3171/88/3423 3173/89/3423
f 3165/85/3425 3169/87/3425 3173/89/3425
f 3173/89/3423 3175/90/3423 3178/91/3423
f 3178/91/3426 3180/92/3426 3181/93/3426
f 3173/89/3427 3178/91/3427 3181/93/3427
f 3181/93/3423 3183/94/3423 3186/95/3423
f 3186/95/3427 3188/96/3427 3189/97/3427
f 3181/93/3423 3186/95/3423 3189/97/3423
f 3173/89/3423 3181/93/3423 3189/97/3423
f 3165/85/3423 3173/89/3423 3189/97/3423
f 3157/81/3423 3165/85/3423 3189/97/3423
f 3146/75/3423 3157/81/3423 3189/97/3423
f 3189/97/3425 3192/98/3425 3193/99/3425
f 3193/99/3426 3195/100/3426 3198/101/3426
f 3189/97/3423 3193/99/3423 3198/101/3423
f 3146/75/3423 3189/97/3423 3198/101/3423
f 3139/72/3423 3146/75/3423 3198/101/3423
f 3140/102/3428 3139/72/3428 3198/101/3428
f 3140/102/3423 3198/101/3423 3202/103/3423
f 3203/12/3429 3204/12/3429 3205/14/3429
f 3205/14/3429 3206/14/3429 3203/12/3429
f 3207/43/3430 3174/43/3430 3172/41/3431
f 3172/41/3432 3208/41/3433 3207/43/3434
f 3209/60/3435 3191/60/3435 3190/59/3435
f 3190/59/3436 3210/59/3436 3209/60/3436
f 3211/16/3437 3147/16/3437 3145/14/3437
f 3145/14/3437 3206/14/3437 3211/16/3437
f 3212/35/3438 3166/35/3438 3164/33/3438
f 3164/33/3439 3213/33/3439 3212/35/3439
f 3214/53/3440 3184/53/3440 3182/51/3440
f 3182/51/3440 3215/51/3440 3214/53/3440
f 3138/7/3441 3137/6/3441 3216/6/3441
f 3216/6/3441 3217/7/3441 3138/7/3441
f 3201/68/3442 3218/68/3443 3216/70/3443
f 3216/70/3443 3137/70/3443 3201/68/3443
f 3219/27/3444 3158/27/3444 3156/25/3444
f 3156/25/3444 3200/25/3444 3219/27/3444
f 3220/45/3445 3176/45/3446 3174/43/3446
f 3174/43/3447 3207/43/3447 3220/45/3448
f 3209/60/3449 3221/63/3450 3194/63/3449
f 3194/63/3450 3191/60/3450 3209/60/3450
f 3222/19/3451 3150/19/3451 3147/16/3451
f 3147/16/3451 3211/16/3451 3222/19/3451
f 3223/37/3452 3168/37/3452 3166/35/3452
f 3166/35/3452 3212/35/3452 3223/37/3452
f 3224/54/3453 3185/54/3453 3184/53/3453
f 3184/53/3454 3214/53/3454 3224/54/3454
f 3217/7/3455 3225/10/3455 3141/10/3455
f 3141/10/3455 3138/7/3455 3217/7/3455
f 3226/29/3456 3160/29/3456 3158/27/3456
f 3158/27/3456 3219/27/3456 3226/29/3456
f 3220/45/3457 3227/46/3458 3177/46/3459
f 3177/46/3460 3176/45/3457 3220/45/3460
f 3196/65/3461 3194/63/3461 3221/63/3461
f 3221/63/3461 3228/65/3461 3196/65/3462
f 3229/21/3463 3152/21/3463 3150/19/3463
f 3150/19/3463 3222/19/3463 3229/21/3463
f 3230/39/3464 3170/39/3464 3168/37/3464
f 3168/37/3464 3223/37/3464 3230/39/3464
f 3231/56/3465 3187/56/3465 3185/54/3465
f 3185/54/3465 3224/54/3465 3231/56/3465
f 3203/12/3466 3143/12/3466 3141/10/3466
f 3141/10/3466 3225/10/3466 3203/12/3466
f 3232/30/3467 3161/30/3467 3160/29/3467
f 3160/29/3467 3226/29/3467 3232/30/3467
f 3233/48/3468 3179/48/3468 3177/46/3468
f 3177/46/3469 3227/46/3469 3233/48/3469
f 3197/66/3470 3196/65/3470 3228/65/3470
f 3228/65/3471 3234/66/3470 3197/66/3470
f 3152/21/3472 3229/21/3472 3199/22/3472
f 3199/22/3472 3153/22/3472 3152/21/3472
f 3208/41/3473 3172/41/3473 3170/39/3473
f 3170/39/3473 3230/39/3473 3208/41/3473
f 3210/59/3474 3190/59/3474 3187/56/3474
f 3187/56/3475 3231/56/3475 3210/59/3475
f 3145/14/3476 3143/12/3476 3203/12/3477
f 3203/12/3477 3206/14/3477 3145/14/3477
f 3213/33/3478 3164/33/3478 3161/30/3478
f 3161/30/3478 3232/30/3478 3213/33/3478
f 3215/51/3479 3182/51/3479 3179/48/3479
f 3179/48/3479 3233/48/3479 3215/51/3479
f 3201/68/3480 3197/66/3480 3234/66/3480
f 3234/66/3481 3218/68/3481 3201/68/3481
f 3235/104/3482 3236/105/3483 3237/106/3483
f 3237/106/3484 3238/107/3484 3239/108/3484
f 3235/104/3483 3237/106/3483 3239/108/3483
f 3239/108/3485 3240/109/3485 3241/110/3485
f 3241/110/3486 3242/111/3486 3243/112/3486
f 3239/108/3487 3241/110/3487 3243/112/3487
f 3243/112/3488 3244/113/3489 3245/114/3489
f 3245/114/3490 3246/115/3490 3247/116/3491
f 3243/112/3492 3245/114/3492 3247/116/3492
f 3239/108/3483 3243/112/3483 3247/116/3483
f 3247/116/3493 3248/117/3494 3249/118/3494
f 3249/118/3495 3250/119/3495 3251/120/3495
f 3247/116/3496 3249/118/3496 3251/120/3496
f 3251/120/3497 3252/121/3497 3253/122/3498
f 3253/122/3499 3254/123/3499 3255/124/3499
f 3251/120/3483 3253/122/3483 3255/124/3483
f 3247/116/3483 3251/120/3483 3255/124/3483
f 3239/108/3483 3247/116/3483 3255/124/3483
f 3255/124/3500 3256/125/3500 3257/126/3500
f 3257/126/3492 3258/127/3492 3259/128/3492
f 3255/124/3482 3257/126/3482 3259/128/3482
f 3255/124/3483 3259/128/3483 3260/129/3483
f 3239/108/3483 3255/124/3483 3260/129/3483
f 3260/129/3501 3261/130/3501 3262/131/3486
f 3262/131/3502 3263/132/3502 3205/133/3502
f 3260/129/3503 3262/131/3503 3205/133/3503
f 3239/108/3483 3260/129/3483 3205/133/3483
f 3235/104/3483 3239/108/3483 3205/133/3483
f 3235/104/3504 3205/133/3504 3204/134/3487
f 3235/104/3505 3204/134/3505 3264/135/3505
f 3234/66/3506 3238/66/3506 3237/68/3507
f 3237/68/3508 3218/68/3506 3234/66/3508
f 3208/41/3509 3251/41/3509 3250/43/3510
f 3250/43/3511 3207/43/3511 3208/41/3509
f 3206/14/3512 3205/14/3512 3263/16/3512
f 3263/16/3512 3211/16/3512 3206/14/3512
f 3218/68/3513 3237/68/3514 3236/70/3515
f 3236/70/3516 3216/70/3516 3218/68/3516
f 3207/43/3517 3250/43/3517 3249/45/3517
f 3249/45/3518 3220/45/3519 3207/43/3517
f 3211/16/3520 3263/16/3520 3262/19/3520
f 3262/19/3521 3222/19/3522 3211/16/3521
f 3220/45/3523 3249/45/3523 3248/46/3523
f 3248/46/3523 3227/46/3523 3220/45/3523
f 3222/19/3524 3262/19/3524 3261/21/3524
f 3261/21/3524 3229/21/3524 3222/19/3524
f 3227/46/3525 3248/46/3525 3247/48/3526
f 3247/48/3527 3233/48/3527 3227/46/3527
f 3199/22/3528 3229/21/3528 3261/21/3528
f 3261/21/3529 3260/22/3529 3199/22/3529
f 3233/48/3530 3247/48/3530 3246/51/3530
f 3246/51/3530 3215/51/3530 3233/48/3530
f 3199/22/3531 3260/22/3531 3259/25/3531
f 3259/25/3532 3200/25/3532 3199/22/3532
f 3215/51/3533 3246/51/3533 3245/53/3533
f 3245/53/3534 3214/53/3534 3215/51/3534
f 3200/25/3535 3259/25/3535 3258/27/3535
f 3258/27/3536 3219/27/3536 3200/25/3537
f 3214/53/3538 3245/53/3538 3244/54/3538
f 3244/54/3538 3224/54/3538 3214/53/3538
f 3219/27/3539 3258/27/3539 3257/29/3539
f 3257/29/3540 3226/29/3540 3219/27/3540
f 3224/54/3541 3244/54/3541 3243/56/3541
f 3243/56/3542 3231/56/3542 3224/54/3542
f 3226/29/3543 3257/29/3543 3256/30/3543
f 3256/30/3544 3232/30/3544 3226/29/3544
f 3231/56/3545 3243/56/3545 3242/59/3545
f 3242/59/3545 3210/59/3545 3231/56/3545
f 3232/30/3546 3256/30/3546 3255/33/3546
f 3255/33/3547 3213/33/3547 3232/30/3547
f 3210/59/3548 3242/59/3548 3241/60/3548
f 3241/60/3549 3209/60/3549 3210/59/3549
f 3213/33/3550 3255/33/3550 3254/35/3550
f 3254/35/3550 3212/35/3550 3213/33/3550
f 3216/6/3551 3236/6/3551 3235/7/3551
f 3235/7/3552 3217/7/3552 3216/6/3552
f 3209/60/3553 3241/60/3554 3240/63/3554
f 3240/63/3555 3221/63/3556 3209/60/3557
f 3212/35/3558 3254/35/3558 3253/37/3559
f 3253/37/3558 3223/37/3558 3212/35/3558
f 3217/7/3560 3235/7/3560 3264/10/3561
f 3264/10/3562 3225/10/3562 3217/7/3562
f 3221/63/3563 3240/63/3563 3239/65/3563
f 3239/65/3564 3228/65/3565 3221/63/3566
f 3223/37/3567 3253/37/3567 3252/39/3567
f 3252/39/3568 3230/39/3568 3223/37/3568
f 3225/10/3569 3264/10/3570 3204/12/3570
f 3204/12/3571 3203/12/3572 3225/10/3572
f 3228/65/3573 3239/65/3573 3238/66/3574
f 3238/66/3575 3234/66/3573 3228/65/3576
f 3230/39/3577 3252/39/3577 3251/41/3577
f 3251/41/3578 3208/41/3578 3230/39/3578
f 3265/7/3579 3266/8/3579 3267/9/3579
f 3267/9/3579 3268/6/3579 3265/7/3579
f 3269/11/3580 3266/8/3580 3265/7/3580
f 3265/7/3580 3270/10/3580 3269/11/3580
f 3271/12/3581 3272/13/3581 3269/11/3581
f 3269/11/3581 3270/10/3581 3271/12/3581
f 3273/15/3582 3272/13/3582 3271/12/3582
f 3271/12/3582 3274/14/3582 3273/15/3582
f 3275/16/3583 3276/17/3583 3273/15/3583
f 3273/15/3583 3274/14/3583 3275/16/3583
f 3277/18/3584 3276/17/3584 3275/16/3584
f 3275/16/3584 3278/19/3584 3277/18/3584
f 3279/20/3585 3277/18/3585 3278/19/3585
f 3278/19/3586 3280/21/3586 3279/20/3586
f 3281/22/3587 3282/23/3587 3279/20/3587
f 3279/20/3587 3280/21/3587 3281/22/3587
f 3283/24/3588 3282/23/3588 3281/22/3588
f 3281/22/3588 3284/25/3588 3283/24/3588
f 3285/27/3589 3286/26/3589 3283/24/3589
f 3283/24/3590 3284/25/3590 3285/27/3590
f 3287/29/3591 3288/28/3591 3286/26/3591
f 3286/26/3591 3285/27/3591 3287/29/3591
f 3289/31/3592 3288/28/3592 3287/29/3592
f 3287/29/3592 3290/30/3592 3289/31/3592
f 3291/33/3593 3292/32/3593 3289/31/3593
f 3289/31/3593 3290/30/3593 3291/33/3593
f 3293/35/3594 3294/34/3594 3292/32/3594
f 3292/32/3595 3291/33/3595 3293/35/3595
f 3295/36/3596 3294/34/3596 3293/35/3596
f 3293/35/3596 3296/37/3596 3295/36/3596
f 3296/37/3597 3297/39/3597 3298/38/3597
f 3298/38/3597 3295/36/3597 3296/37/3597
f 3299/41/3598 3300/40/3598 3298/38/3598
f 3298/38/3599 3297/39/3599 3299/41/3599
f 3301/42/3600 3300/40/3600 3299/41/3600
f 3299/41/3600 3302/43/3600 3301/42/3600
f 3303/44/3601 3301/42/3601 3302/43/3601
f 3302/43/3601 3304/45/3601 3303/44/3601
f 3305/46/3602 3306/47/3602 3303/44/3602
f 3303/44/3602 3304/45/3602 3305/46/3602
f 3307/49/3603 3306/47/3603 3305/46/3603
f 3305/46/3603 3308/48/3603 3307/49/3603
f 3309/51/3604 3310/50/3604 3307/49/3604
f 3307/49/3604 3308/48/3604 3309/51/3604
f 3311/53/3605 3312/52/3605 3310/50/3605
f 3310/50/3605 3309/51/3605 3311/53/3605
f 3313/55/3606 3312/52/3606 3311/53/3606
f 3311/53/3606 3314/54/3606 3313/55/3606
f 3315/57/3607 3313/55/3607 3314/54/3607
f 3314/54/3607 3316/56/3607 3315/57/3607
f 3317/59/3608 3318/58/3608 3315/57/3608
f 3315/57/3609 3316/56/3609 3317/59/3609
f 3319/61/3610 3318/58/3610 3317/59/3610
f 3317/59/3610 3320/60/3610 3319/61/3610
f 3321/63/3611 3322/62/3611 3319/61/3611
f 3319/61/3611 3320/60/3611 3321/63/3611
f 3323/65/3612 3324/64/3612 3322/62/3612
f 3322/62/3612 3321/63/3612 3323/65/3612
f 3325/67/3613 3324/64/3613 3323/65/3613
f 3323/65/3613 3326/66/3613 3325/67/3613
f 3327/25/3614 3284/25/3614 3281/22/3614
f 3281/22/3614 3328/22/3614 3327/25/3614
f 3329/68/3615 3330/69/3615 3325/67/3615
f 3325/67/3616 3326/66/3616 3329/68/3616
f 3329/68/3617 3268/70/3617 3267/71/3617
f 3267/71/3618 3330/69/3618 3329/68/3618
f 3267/102/3423 3266/72/3423 3269/73/3423
f 3269/73/3427 3272/74/3427 3273/75/3427
f 3267/102/3423 3269/73/3423 3273/75/3423
f 3276/76/3619 3277/77/3619 3279/78/3619
f 3273/75/3423 3276/76/3423 3279/78/3423
f 3273/75/3423 3279/78/3423 3282/79/3423
f 3282/79/3423 3283/80/3423 3286/81/3423
f 3273/75/3423 3282/79/3423 3286/81/3423
f 3273/75/3423 3286/81/3423 3288/82/3423
f 3288/82/3620 3289/83/3620 3292/84/3620
f 3273/75/3423 3288/82/3423 3292/84/3423
f 3273/75/3423 3292/84/3423 3294/85/3423
f 3294/85/3426 3295/86/3426 3298/87/3426
f 3273/75/3423 3294/85/3423 3298/87/3423
f 3273/75/3423 3298/87/3423 3300/88/3423
f 3300/88/3427 3301/89/3427 3303/90/3427
f 3273/75/3423 3300/88/3423 3303/90/3423
f 3273/75/3423 3303/90/3423 3306/91/3423
f 3306/91/3427 3307/92/3427 3310/93/3427
f 3273/75/3423 3306/91/3423 3310/93/3423
f 3273/75/3423 3310/93/3423 3312/94/3423
f 3312/94/3621 3313/95/3621 3315/96/3621
f 3273/75/3423 3312/94/3423 3315/96/3423
f 3273/75/3427 3315/96/3427 3318/97/3427
f 3318/97/3622 3319/98/3622 3322/99/3622
f 3273/75/3423 3318/97/3423 3322/99/3423
f 3273/75/3423 3322/99/3423 3324/100/3423
f 3267/102/3425 3273/75/3425 3324/100/3425
f 3267/102/3619 3324/100/3619 3325/101/3619
f 3267/102/3623 3325/101/3623 3330/103/3623
f 3331/14/3624 3332/12/3624 3333/12/3624
f 3333/12/3625 3334/14/3625 3331/14/3626
f 3335/43/3627 3302/43/3627 3299/41/3627
f 3299/41/3628 3336/41/3628 3335/43/3628
f 3337/60/3629 3320/60/3629 3317/59/3629
f 3317/59/3629 3338/59/3629 3337/60/3629
f 3274/14/3630 3331/14/3630 3339/16/3630
f 3339/16/3630 3275/16/3630 3274/14/3630
f 3291/33/3631 3340/33/3631 3341/35/3631
f 3341/35/3631 3293/35/3631 3291/33/3631
f 3311/53/3632 3309/51/3632 3342/51/3632
f 3342/51/3632 3343/53/3632 3311/53/3632
f 3268/6/3633 3344/6/3633 3345/7/3633
f 3345/7/3634 3265/7/3634 3268/6/3634
f 3268/70/3635 3329/68/3635 3346/68/3635
f 3346/68/3636 3344/70/3636 3268/70/3636
f 3327/25/3637 3347/27/3637 3285/27/3637
f 3285/27/3637 3284/25/3637 3327/25/3637
f 3335/43/3638 3348/45/3638 3304/45/3638
f 3304/45/3639 3302/43/3639 3335/43/3639
f 3337/60/3640 3349/63/3640 3321/63/3640
f 3321/63/3641 3320/60/3641 3337/60/3641
f 3350/19/3642 3278/19/3642 3275/16/3642
f 3275/16/3643 3339/16/3643 3350/19/3643
f 3351/37/3644 3296/37/3644 3293/35/3644
f 3293/35/3644 3341/35/3644 3351/37/3644
f 3352/54/3645 3314/54/3645 3311/53/3645
f 3311/53/3646 3343/53/3646 3352/54/3646
f 3353/10/3647 3270/10/3647 3265/7/3647
f 3265/7/3648 3345/7/3648 3353/10/3648
f 3285/27/3649 3347/27/3649 3354/29/3649
f 3354/29/3650 3287/29/3650 3285/27/3650
f 3305/46/3651 3304/45/3651 3348/45/3651
f 3348/45/3651 3355/46/3651 3305/46/3651
f 3323/65/3652 3321/63/3653 3349/63/3653
f 3349/63/3654 3356/65/3654 3323/65/3653
f 3350/19/3655 3357/21/3656 3280/21/3655
f 3280/21/3657 3278/19/3657 3350/19/3657
f 3351/37/3658 3358/39/3658 3297/39/3658
f 3297/39/3659 3296/37/3659 3351/37/3659
f 3352/54/3660 3359/56/3660 3316/56/3660
f 3316/56/3661 3314/54/3661 3352/54/3661
f 3270/10/3662 3353/10/3662 3332/12/3662
f 3332/12/3662 3271/12/3662 3270/10/3662
f 3360/30/3663 3290/30/3663 3287/29/3663
f 3287/29/3664 3354/29/3664 3360/30/3664
f 3361/48/3665 3308/48/3665 3305/46/3665
f 3305/46/3665 3355/46/3665 3361/48/3665
f 3362/66/3666 3326/66/3666 3323/65/3666
f 3323/65/3667 3356/65/3667 3362/66/3667
f 3280/21/3668 3357/21/3668 3328/22/3668
f 3328/22/3669 3281/22/3669 3280/21/3669
f 3297/39/3670 3358/39/3671 3336/41/3670
f 3336/41/3672 3299/41/3672 3297/39/3672
f 3317/59/3673 3316/56/3673 3359/56/3673
f 3359/56/3674 3338/59/3674 3317/59/3674
f 3331/14/3675 3274/14/3675 3271/12/3675
f 3271/12/3675 3332/12/3675 3331/14/3675
f 3360/30/3676 3340/33/3676 3291/33/3676
f 3291/33/3676 3290/30/3676 3360/30/3676
f 3361/48/3677 3342/51/3677 3309/51/3677
f 3309/51/3678 3308/48/3678 3361/48/3678
f 3362/66/3679 3346/68/3680 3329/68/3679
f 3329/68/3679 3326/66/3679 3362/66/3680
f 3363/106/3681 3364/107/3682 3365/108/3682
f 3363/106/3683 3365/108/3683 3366/109/3683
f 3366/109/3684 3367/110/3684 3368/111/3684
f 3363/106/3685 3366/109/3685 3368/111/3685
f 3363/106/3686 3368/111/3686 3369/112/3686
f 3369/112/3687 3370/113/3687 3371/114/3687
f 3363/106/3685 3369/112/3685 3371/114/3685
f 3363/106/3688 3371/114/3688 3372/115/3688
f 3372/115/3689 3373/116/3689 3374/117/3690
f 3363/106/3691 3372/115/3691 3374/117/3691
f 3363/106/3691 3374/117/3691 3375/118/3691
f 3375/118/3692 3376/119/3693 3377/120/3693
f 3363/106/3685 3375/118/3685 3377/120/3685
f 3363/106/3691 3377/120/3691 3378/121/3691
f 3378/121/3694 3379/122/3694 3380/123/3694
f 3363/106/3685 3378/121/3685 3380/123/3685
f 3363/106/3688 3380/123/3688 3381/124/3688
f 3381/124/3695 3382/125/3695 3383/126/3695
f 3363/106/3696 3381/124/3696 3383/126/3696
f 3363/106/3691 3383/126/3691 3384/127/3691
f 3384/127/3697 3385/128/3697 3386/129/3698
f 3363/106/3699 3384/127/3699 3386/129/3685
f 3386/129/3700 3387/130/3701 3388/131/3701
f 3386/129/3690 3388/131/3690 3389/132/3690
f 3363/106/3685 3386/129/3685 3389/132/3685
f 3363/106/3702 3389/132/3702 3334/133/3702
f 3334/133/3703 3333/134/3703 3390/135/3703
f 3363/106/3688 3334/133/3688 3390/135/3688
f 3391/105/3694 3363/106/3694 3390/135/3694
f 3392/104/3704 3391/105/3704 3390/135/3704
f 3346/68/3705 3362/66/3705 3364/66/3705
f 3364/66/3706 3363/68/3706 3346/68/3707
f 3377/41/3708 3376/43/3709 3335/43/3710
f 3335/43/3711 3336/41/3711 3377/41/3711
f 3339/16/3712 3331/14/3712 3334/14/3712
f 3334/14/3713 3389/16/3713 3339/16/3713
f 3344/70/3714 3346/68/3714 3363/68/3714
f 3363/68/3715 3391/70/3715 3344/70/3715
f 3348/45/3716 3335/43/3716 3376/43/3716
f 3376/43/3717 3375/45/3716 3348/45/3717
f 3388/19/3718 3350/19/3718 3339/16/3718
f 3339/16/3719 3389/16/3719 3388/19/3719
f 3355/46/3720 3348/45/3721 3375/45/3722
f 3375/45/3723 3374/46/3723 3355/46/3724
f 3357/21/3725 3350/19/3725 3388/19/3725
f 3388/19/3726 3387/21/3726 3357/21/3726
f 3374/46/3727 3373/48/3727 3361/48/3727
f 3361/48/3728 3355/46/3729 3374/46/3728
f 3328/22/3730 3357/21/3730 3387/21/3730
f 3387/21/3731 3386/22/3731 3328/22/3731
f 3342/51/3732 3361/48/3732 3373/48/3733
f 3373/48/3734 3372/51/3734 3342/51/3734
f 3386/22/3735 3385/25/3735 3327/25/3735
f 3327/25/3736 3328/22/3736 3386/22/3736
f 3343/53/3737 3342/51/3737 3372/51/3737
f 3372/51/3738 3371/53/3738 3343/53/3738
f 3347/27/3739 3327/25/3739 3385/25/3739
f 3385/25/3739 3384/27/3739 3347/27/3739
f 3371/53/3740 3370/54/3740 3352/54/3740
f 3352/54/3740 3343/53/3740 3371/53/3740
f 3354/29/3741 3347/27/3741 3384/27/3741
f 3384/27/3742 3383/29/3742 3354/29/3742
f 3359/56/3743 3352/54/3743 3370/54/3743
f 3370/54/3743 3369/56/3743 3359/56/3743
f 3383/29/3744 3382/30/3744 3360/30/3744
f 3360/30/3745 3354/29/3745 3383/29/3745
f 3338/59/3746 3359/56/3746 3369/56/3746
f 3369/56/3747 3368/59/3747 3338/59/3747
f 3340/33/3748 3360/30/3748 3382/30/3748
f 3382/30/3748 3381/33/3748 3340/33/3748
f 3368/59/3749 3367/60/3749 3337/60/3749
f 3337/60/3749 3338/59/3749 3368/59/3749
f 3341/35/3750 3340/33/3750 3381/33/3750
f 3381/33/3750 3380/35/3750 3341/35/3750
f 3344/6/3751 3391/6/3751 3392/7/3751
f 3392/7/3752 3345/7/3752 3344/6/3752
f 3349/63/3753 3337/60/3753 3367/60/3754
f 3367/60/3755 3366/63/3756 3349/63/3755
f 3380/35/3757 3379/37/3757 3351/37/3757
f 3351/37/3758 3341/35/3758 3380/35/3759
f 3390/10/3760 3353/10/3760 3345/7/3760
f 3345/7/3761 3392/7/3761 3390/10/3761
f 3356/65/3762 3349/63/3762 3366/63/3762
f 3366/63/3763 3365/65/3764 3356/65/3763
f 3358/39/3765 3351/37/3765 3379/37/3765
f 3379/37/3766 3378/39/3767 3358/39/3767
f 3333/12/3768 3332/12/3768 3353/10/3768
f 3353/10/3769 3390/10/3769 3333/12/3769
f 3365/65/3770 3364/66/3770 3362/66/3770
f 3362/66/3770 3356/65/3771 3365/65/3770
f 3336/41/3772 3358/39/3772 3378/39/3772
f 3378/39/3773 3377/41/3774 3336/41/3775
f 3393/7/3776 3394/8/3776 3395/9/3776
f 3395/9/3776 3396/6/3776 3393/7/3776
f 3397/11/3777 3394/8/3777 3393/7/3777
f 3393/7/3777 3398/10/3777 3397/11/3777
f 3399/12/3778 3400/13/3778 3397/11/3778
f 3397/11/3779 3398/10/3779 3399/12/3779
f 3401/14/3780 3402/15/3780 3400/13/3780
f 3400/13/3781 3399/12/3781 3401/14/3781
f 3403/17/3782 3402/15/3782 3401/14/3782
f 3401/14/3783 3404/16/3783 3403/17/3783
f 3405/19/3784 3406/18/3784 3403/17/3784
f 3403/17/3785 3404/16/3785 3405/19/3785
f 3407/21/3786 3408/20/3786 3406/18/3786
f 3406/18/3787 3405/19/3787 3407/21/3787
f 3409/23/3788 3408/20/3788 3407/21/3788
f 3407/21/3788 3410/22/3788 3409/23/3788
f 3411/25/3789 3412/24/3789 3409/23/3789
f 3409/23/3789 3410/22/3789 3411/25/3789
f 3413/27/3790 3414/26/3790 3412/24/3790
f 3412/24/3790 3411/25/3790 3413/27/3790
f 3415/28/3791 3414/26/3791 3413/27/3791
f 3413/27/3791 3416/29/3791 3415/28/3791
f 3417/30/3792 3418/31/3792 3415/28/3792
f 3415/28/3792 3416/29/3792 3417/30/3792
f 3419/33/3793 3420/32/3793 3418/31/3793
f 3418/31/3793 3417/30/3793 3419/33/3793
f 3421/34/3794 3420/32/3794 3419/33/3794
f 3419/33/3794 3422/35/3794 3421/34/3794
f 3423/36/3795 3421/34/3795 3422/35/3795
f 3422/35/3795 3424/37/3795 3423/36/3795
f 3425/39/3796 3426/38/3796 3423/36/3796
f 3423/36/3796 3424/37/3796 3425/39/3796
f 3427/40/3797 3426/38/3797 3425/39/3797
f 3425/39/3798 3428/41/3798 3427/40/3798
f 3429/42/3799 3427/40/3799 3428/41/3799
f 3428/41/3799 3430/43/3799 3429/42/3799
f 3431/45/3800 3432/44/3800 3429/42/3800
f 3429/42/3801 3430/43/3801 3431/45/3801
f 3433/47/3802 3432/44/3802 3431/45/3802
f 3431/45/3802 3434/46/3802 3433/47/3802
f 3435/48/3803 3436/49/3803 3433/47/3803
f 3433/47/3803 3434/46/3803 3435/48/3803
f 3437/51/3804 3438/50/3804 3436/49/3804
f 3436/49/3805 3435/48/3805 3437/51/3805
f 3439/52/3806 3438/50/3806 3437/51/3806
f 3437/51/3806 3440/53/3806 3439/52/3806
f 3441/55/3807 3439/52/3807 3440/53/3807
f 3440/53/3807 3442/54/3807 3441/55/3807
f 3443/56/3808 3444/57/3808 3441/55/3808
f 3441/55/3808 3442/54/3808 3443/56/3808
f 3445/58/3809 3444/57/3809 3443/56/3809
f 3443/56/3809 3446/59/3809 3445/58/3809
f 3447/60/3810 3448/61/3810 3445/58/3810
f 3445/58/3810 3446/59/3810 3447/60/3810
f 3449/63/3811 3450/62/3811 3448/61/3811
f 3448/61/3812 3447/60/3812 3449/63/3812
f 3451/64/3813 3450/62/3813 3449/63/3813
f 3449/63/3813 3452/65/3813 3451/64/3813
f 3453/66/3814 3454/67/3814 3451/64/3814
f 3451/64/3814 3452/65/3814 3453/66/3814
f 3410/22/3815 3455/22/3815 3456/25/3815
f 3456/25/3816 3411/25/3816 3410/22/3816
f 3457/68/3817 3458/69/3817 3454/67/3817
f 3454/67/3817 3453/66/3817 3457/68/3817
f 3457/68/3818 3396/70/3818 3395/71/3818
f 3395/71/3819 3458/69/3819 3457/68/3819
f 3394/72/3423 3397/73/3423 3400/74/3423
f 3395/102/3428 3394/72/3428 3400/74/3428
f 3395/102/3619 3400/74/3619 3402/75/3619
f 3402/75/3423 3403/76/3423 3406/77/3423
f 3395/102/3423 3402/75/3423 3406/77/3423
f 3395/102/3425 3406/77/3425 3408/78/3425
f 3408/78/3423 3409/79/3423 3412/80/3423
f 3395/102/3423 3408/78/3423 3412/80/3423
f 3395/102/3423 3412/80/3423 3414/81/3423
f 3414/81/3423 3415/82/3423 3418/83/3423
f 3395/102/3423 3414/81/3423 3418/83/3423
f 3395/102/3423 3418/83/3423 3420/84/3423
f 3420/84/3423 3421/85/3423 3423/86/3423
f 3395/102/3423 3420/84/3423 3423/86/3423
f 3395/102/3423 3423/86/3423 3426/87/3423
f 3426/87/3620 3427/88/3620 3429/89/3620
f 3395/102/3423 3426/87/3423 3429/89/3423
f 3395/102/3423 3429/89/3423 3432/90/3423
f 3432/90/3426 3433/91/3426 3436/92/3426
f 3395/102/3423 3432/90/3423 3436/92/3423
f 3395/102/3423 3436/92/3423 3438/93/3423
f 3438/93/3425 3439/94/3425 3441/95/3425
f 3395/102/3423 3438/93/3423 3441/95/3423
f 3395/102/3427 3441/95/3427 3444/96/3427
f 3444/96/3619 3445/97/3619 3448/98/3619
f 3395/102/3423 3444/96/3423 3448/98/3423
f 3395/102/3423 3448/98/3423 3450/99/3423
f 3450/99/3423 3451/100/3423 3454/101/3423
f 3395/102/3427 3450/99/3427 3454/101/3427
f 3395/102/3423 3454/101/3423 3458/103/3423
f 3459/12/3820 3460/12/3820 3461/14/3820
f 3461/14/3821 3462/14/3821 3459/12/3821
f 3463/43/3822 3430/43/3822 3428/41/3822
f 3428/41/3822 3464/41/3822 3463/43/3822
f 3465/60/3823 3447/60/3823 3446/59/3823
f 3446/59/3823 3466/59/3823 3465/60/3823
f 3401/14/3824 3462/14/3824 3467/16/3824
f 3467/16/3825 3404/16/3825 3401/14/3825
f 3422/35/3826 3419/33/3826 3468/33/3826
f 3468/33/3826 3469/35/3826 3422/35/3826
f 3440/53/3827 3437/51/3827 3470/51/3827
f 3470/51/3827 3471/53/3827 3440/53/3827
f 3472/7/3828 3393/7/3828 3396/6/3828
f 3396/6/3829 3473/6/3829 3472/7/3829
f 3474/68/3830 3473/70/3830 3396/70/3830
f 3396/70/3831 3457/68/3830 3474/68/3830
f 3411/25/3832 3456/25/3832 3475/27/3832
f 3475/27/3832 3413/27/3832 3411/25/3832
f 3476/45/3833 3431/45/3833 3430/43/3833
f 3430/43/3833 3463/43/3833 3476/45/3833
f 3477/63/3834 3449/63/3834 3447/60/3834
f 3447/60/3835 3465/60/3835 3477/63/3836
f 3404/16/3837 3467/16/3837 3478/19/3837
f 3478/19/3837 3405/19/3837 3404/16/3837
f 3479/37/3838 3424/37/3838 3422/35/3838
f 3422/35/3839 3469/35/3840 3479/37/3840
f 3480/54/3841 3442/54/3841 3440/53/3841
f 3440/53/3842 3471/53/3842 3480/54/3842
f 3393/7/3843 3472/7/3843 3481/10/3843
f 3481/10/3844 3398/10/3844 3393/7/3844
f 3475/27/3845 3482/29/3845 3416/29/3845
f 3416/29/3846 3413/27/3846 3475/27/3846
f 3434/46/3847 3431/45/3847 3476/45/3847
f 3476/45/3847 3483/46/3847 3434/46/3847
f 3452/65/3848 3449/63/3848 3477/63/3848
f 3477/63/3849 3484/65/3849 3452/65/3849
f 3405/19/3850 3478/19/3850 3485/21/3850
f 3485/21/3850 3407/21/3850 3405/19/3850
f 3486/39/3851 3425/39/3852 3424/37/3852
f 3424/37/3851 3479/37/3851 3486/39/3851
f 3487/56/3853 3443/56/3853 3442/54/3853
f 3442/54/3854 3480/54/3854 3487/56/3854
f 3398/10/3855 3481/10/3855 3459/12/3855
f 3459/12/3856 3399/12/3856 3398/10/3857
f 3482/29/3858 3488/30/3858 3417/30/3858
f 3417/30/3859 3416/29/3859 3482/29/3859
f 3489/48/3860 3435/48/3861 3434/46/3860
f 3434/46/3862 3483/46/3862 3489/48/3862
f 3490/66/3863 3453/66/3863 3452/65/3863
f 3452/65/3864 3484/65/3865 3490/66/3865
f 3407/21/3866 3485/21/3866 3455/22/3866
f 3455/22/3866 3410/22/3866 3407/21/3866
f 3428/41/3867 3425/39/3867 3486/39/3867
f 3486/39/3867 3464/41/3867 3428/41/3867
f 3446/59/3868 3443/56/3868 3487/56/3868
f 3487/56/3869 3466/59/3869 3446/59/3869
f 3399/12/3870 3459/12/3870 3462/14/3870
f 3462/14/3870 3401/14/3870 3399/12/3870
f 3419/33/3871 3417/30/3871 3488/30/3871
f 3488/30/3872 3468/33/3872 3419/33/3873
f 3470/51/3874 3437/51/3874 3435/48/3874
f 3435/48/3875 3489/48/3875 3470/51/3875
f 3474/68/3876 3457/68/3876 3453/66/3876
f 3453/66/3877 3490/66/3877 3474/68/3876
f 3491/104/3878 3492/105/3878 3493/106/3878
f 3493/106/3879 3494/107/3879 3495/108/3879
f 3491/104/3880 3493/106/3880 3495/108/3880
f 3496/109/3881 3497/110/3880 3498/111/3882
f 3495/108/3879 3496/109/3879 3498/111/3879
f 3491/104/3880 3495/108/3880 3498/111/3880
f 3499/112/3883 3500/113/3883 3501/114/3883
f 3498/111/3884 3499/112/3884 3501/114/3884
f 3502/115/3885 3503/116/3885 3504/117/3885
f 3501/114/3886 3502/115/3886 3504/117/3886
f 3498/111/3880 3501/114/3880 3504/117/3880
f 3491/104/3887 3498/111/3887 3504/117/3887
f 3505/118/3888 3506/119/3888 3507/120/3888
f 3504/117/3880 3505/118/3889 3507/120/3890
f 3508/121/3882 3509/122/3882 3510/123/3882
f 3507/120/3891 3508/121/3891 3510/123/3891
f 3504/117/3881 3507/120/3881 3510/123/3881
f 3511/124/3892 3512/125/3893 3513/126/3893
f 3510/123/3894 3511/124/3894 3513/126/3894
f 3514/127/3880 3515/128/3880 3516/129/3880
f 3513/126/3895 3514/127/3895 3516/129/3895
f 3510/123/3882 3513/126/3882 3516/129/3882
f 3504/117/3880 3510/123/3880 3516/129/3880
f 3491/104/3880 3504/117/3880 3516/129/3880
f 3517/130/3896 3518/131/3896 3519/132/3896
f 3516/129/3897 3517/130/3897 3519/132/3897
f 3461/133/3898 3460/134/3898 3520/135/3899
f 3519/132/3900 3461/133/3900 3520/135/3900
f 3516/129/3880 3519/132/3880 3520/135/3880
f 3491/104/3901 3516/129/3901 3520/135/3901
f 3490/66/3902 3494/66/3902 3493/68/3902
f 3493/68/3903 3474/68/3903 3490/66/3904
f 3463/43/3905 3464/41/3905 3507/41/3905
f 3507/41/3906 3506/43/3907 3463/43/3908
f 3519/16/3909 3467/16/3909 3462/14/3909
f 3462/14/3910 3461/14/3910 3519/16/3910
f 3493/68/3911 3492/70/3911 3473/70/3911
f 3473/70/3912 3474/68/3912 3493/68/3913
f 3463/43/3914 3506/43/3914 3505/45/3914
f 3505/45/3914 3476/45/3915 3463/43/3914
f 3478/19/3916 3467/16/3916 3519/16/3916
f 3519/16/3916 3518/19/3916 3478/19/3916
f 3504/46/3917 3483/46/3917 3476/45/3917
f 3476/45/3917 3505/45/3917 3504/46/3917
f 3478/19/3918 3518/19/3918 3517/21/3918
f 3517/21/3919 3485/21/3919 3478/19/3919
f 3489/48/3920 3483/46/3921 3504/46/3921
f 3504/46/3921 3503/48/3921 3489/48/3921
f 3516/22/3922 3455/22/3922 3485/21/3922
f 3485/21/3923 3517/21/3923 3516/22/3923
f 3489/48/3924 3503/48/3924 3502/51/3924
f 3502/51/3925 3470/51/3925 3489/48/3925
f 3456/25/3926 3455/22/3926 3516/22/3926
f 3516/22/3927 3515/25/3927 3456/25/3927
f 3501/53/3928 3471/53/3928 3470/51/3928
f 3470/51/3929 3502/51/3929 3501/53/3929
f 3456/25/3930 3515/25/3930 3514/27/3930
f 3514/27/3931 3475/27/3931 3456/25/3931
f 3480/54/3932 3471/53/3932 3501/53/3932
f 3501/53/3932 3500/54/3932 3480/54/3932
f 3475/27/3933 3514/27/3933 3513/29/3933
f 3513/29/3933 3482/29/3933 3475/27/3934
f 3480/54/3935 3500/54/3935 3499/56/3935
f 3499/56/3935 3487/56/3935 3480/54/3935
f 3513/29/3936 3512/30/3937 3488/30/3936
f 3488/30/3938 3482/29/3938 3513/29/3938
f 3498/59/3939 3466/59/3939 3487/56/3939
f 3487/56/3940 3499/56/3940 3498/59/3940
f 3511/33/3941 3468/33/3941 3488/30/3941
f 3488/30/3942 3512/30/3942 3511/33/3942
f 3465/60/3943 3466/59/3943 3498/59/3943
f 3498/59/3944 3497/60/3944 3465/60/3944
f 3510/35/3945 3469/35/3945 3468/33/3945
f 3468/33/3946 3511/33/3947 3510/35/3947
f 3472/7/3948 3473/6/3948 3492/6/3948
f 3492/6/3949 3491/7/3949 3472/7/3949
f 3465/60/3950 3497/60/3950 3496/63/3950
f 3496/63/3951 3477/63/3952 3465/60/3952
f 3479/37/3953 3469/35/3953 3510/35/3953
f 3510/35/3954 3509/37/3954 3479/37/3954
f 3520/10/3955 3481/10/3955 3472/7/3955
f 3472/7/3955 3491/7/3955 3520/10/3955
f 3495/65/3956 3484/65/3956 3477/63/3957
f 3477/63/3957 3496/63/3956 3495/65/3958
f 3479/37/3959 3509/37/3959 3508/39/3959
f 3508/39/3959 3486/39/3959 3479/37/3959
f 3459/12/3960 3481/10/3960 3520/10/3960
f 3520/10/3961 3460/12/3962 3459/12/3962
f 3490/66/3963 3484/65/3964 3495/65/3965
f 3495/65/3966 3494/66/3967 3490/66/3966
f 3507/41/3968 3464/41/3968 3486/39/3968
f 3486/39/3969 3508/39/3969 3507/41/3969
