# Blender 4.0.2
# www.blender.org
mtllib goddard_pata_del_izq.mtl
o C_rculo_001
v -0.054482 -0.037665 -0.413280
v -0.051882 -0.039065 -0.400980
v -0.033182 -0.031065 -0.403480
v -0.035182 -0.029365 -0.415880
v -0.014382 -0.023065 -0.404980
v -0.015782 -0.021165 -0.417380
v -0.035382 -0.032065 -0.428180
v -0.055282 -0.040565 -0.425580
v -0.015482 -0.023565 -0.429780
v -0.070482 -0.047065 -0.397480
v -0.065882 -0.052765 -0.387380
v -0.047782 -0.044965 -0.390780
v -0.029482 -0.037165 -0.393180
v -0.011082 -0.029365 -0.394680
v 0.007318 -0.021565 -0.395180
v 0.004518 -0.015065 -0.405480
v 0.003618 -0.012865 -0.417880
v 0.004518 -0.015065 -0.430380
v -0.013182 -0.030265 -0.440080
v 0.007318 -0.021565 -0.440680
v -0.033582 -0.038965 -0.438480
v -0.053882 -0.047665 -0.435780
v -0.074082 -0.056265 -0.431980
v -0.074982 -0.048965 -0.421880
v -0.073682 -0.045765 -0.409680
v -0.027382 -0.101165 -0.413280
v -0.008082 -0.092965 -0.415880
v -0.007882 -0.090365 -0.403480
v -0.026682 -0.098365 -0.400980
v -0.029982 -0.099765 -0.425580
v -0.010182 -0.091265 -0.428180
v 0.011318 -0.084665 -0.417380
v 0.010918 -0.082265 -0.404980
v 0.009818 -0.082765 -0.429780
v -0.045282 -0.106265 -0.397480
v -0.028082 -0.091265 -0.390780
v -0.046182 -0.098965 -0.387380
v -0.046582 -0.109365 -0.409680
v -0.049682 -0.108165 -0.421880
v -0.054382 -0.102465 -0.431980
v -0.034182 -0.093865 -0.435780
v -0.013882 -0.085165 -0.438480
v 0.006518 -0.076465 -0.440080
v 0.029818 -0.074265 -0.430380
v 0.027018 -0.067765 -0.440680
v 0.030718 -0.076465 -0.417880
v 0.029818 -0.074265 -0.405480
v 0.008618 -0.075565 -0.394680
v 0.027018 -0.067765 -0.395180
v -0.009782 -0.083465 -0.393180
v -0.102782 -0.133365 -0.392780
v -0.084282 -0.125465 -0.399380
v -0.081882 -0.121865 -0.387480
v -0.099782 -0.129565 -0.381080
v -0.107582 -0.132765 -0.404480
v -0.088582 -0.124665 -0.411280
v -0.065582 -0.117465 -0.404980
v -0.063682 -0.114165 -0.392980
v -0.069282 -0.116465 -0.417080
v -0.099382 -0.121665 -0.371380
v -0.116582 -0.128965 -0.364180
v -0.117482 -0.137065 -0.373680
v -0.120882 -0.141065 -0.385180
v -0.126182 -0.140765 -0.396580
v -0.132582 -0.135765 -0.406180
v -0.113482 -0.127665 -0.414180
v -0.094082 -0.119365 -0.421180
v -0.074282 -0.110965 -0.427080
v -0.064182 -0.106665 -0.382980
v -0.081882 -0.114165 -0.377580
v -0.172982 -0.163265 -0.356680
v -0.156082 -0.156065 -0.367080
v -0.151582 -0.151565 -0.356080
v -0.167982 -0.158565 -0.345980
v -0.179782 -0.163565 -0.367280
v -0.162382 -0.156165 -0.378080
v -0.138682 -0.148665 -0.376580
v -0.134682 -0.144365 -0.365380
v -0.144482 -0.148565 -0.387780
v -0.165882 -0.150065 -0.337180
v -0.181482 -0.156665 -0.326480
v -0.183982 -0.165365 -0.334980
v -0.189382 -0.170265 -0.345380
v -0.196682 -0.170865 -0.355680
v -0.204682 -0.166565 -0.364280
v -0.187382 -0.159165 -0.376180
v -0.169582 -0.151565 -0.387080
v -0.151282 -0.143765 -0.397080
v -0.133382 -0.136165 -0.355980
v -0.149882 -0.143165 -0.346980
v -0.235382 -0.189865 -0.306380
v -0.220582 -0.183565 -0.320180
v -0.214282 -0.178365 -0.310580
v -0.228582 -0.184465 -0.297180
v -0.243982 -0.190965 -0.315580
v -0.228782 -0.184565 -0.329780
v -0.205282 -0.177065 -0.333180
v -0.199382 -0.171965 -0.323180
v -0.212982 -0.177765 -0.343180
v -0.224982 -0.175165 -0.289480
v -0.238382 -0.180865 -0.275680
v -0.242282 -0.190265 -0.282980
v -0.249482 -0.195865 -0.291780
v -0.258482 -0.197165 -0.300580
v -0.253082 -0.187165 -0.323180
v -0.267882 -0.193465 -0.307880
v -0.237582 -0.180565 -0.337780
v -0.221482 -0.173665 -0.351380
v -0.196482 -0.163065 -0.314880
v -0.211082 -0.169265 -0.302580
v -0.287482 -0.212065 -0.243780
v -0.275582 -0.206965 -0.260480
v -0.267582 -0.201065 -0.252580
v -0.279282 -0.206065 -0.236380
v -0.297582 -0.213865 -0.251180
v -0.285282 -0.208565 -0.268380
v -0.262882 -0.201565 -0.276480
v -0.255282 -0.195765 -0.268080
v -0.272282 -0.203065 -0.284780
v -0.274382 -0.196265 -0.230280
v -0.284982 -0.200765 -0.213880
v -0.290082 -0.210665 -0.219580
v -0.298682 -0.216865 -0.226480
v -0.309182 -0.218765 -0.233380
v -0.319782 -0.215665 -0.239180
v -0.307982 -0.210565 -0.257380
v -0.295382 -0.205265 -0.274880
v -0.282082 -0.199565 -0.291780
v -0.251082 -0.186365 -0.261180
v -0.263082 -0.191465 -0.246080
v -0.327482 -0.229165 -0.171380
v -0.318682 -0.225365 -0.190280
v -0.309482 -0.218965 -0.184380
v -0.317982 -0.222565 -0.166080
v -0.338682 -0.231365 -0.176680
v -0.329682 -0.227565 -0.196080
v -0.309082 -0.221365 -0.208680
v -0.300182 -0.214965 -0.202280
v -0.319882 -0.223365 -0.215080
v -0.312182 -0.212365 -0.161680
v -0.319682 -0.215565 -0.143380
v -0.325682 -0.225865 -0.147280
v -0.335282 -0.232465 -0.152080
v -0.346782 -0.234865 -0.156780
v -0.358382 -0.232065 -0.160780
v -0.350082 -0.228565 -0.181080
v -0.340882 -0.224565 -0.200980
v -0.330782 -0.220265 -0.220380
v -0.294882 -0.204965 -0.196980
v -0.303982 -0.208865 -0.179580
v -0.353582 -0.240265 -0.091880
v -0.348382 -0.238065 -0.112280
v -0.338382 -0.231265 -0.108680
v -0.343482 -0.233365 -0.088880
v -0.365582 -0.242865 -0.094880
v -0.360282 -0.240565 -0.115880
v -0.342282 -0.235465 -0.132280
v -0.332482 -0.228765 -0.128180
v -0.353982 -0.237865 -0.136480
v -0.336982 -0.222965 -0.086380
v -0.341082 -0.224665 -0.066780
v -0.347582 -0.235165 -0.068780
v -0.357882 -0.242065 -0.071280
v -0.369982 -0.244765 -0.073680
v -0.382082 -0.242165 -0.075680
v -0.377582 -0.240265 -0.097380
v -0.372082 -0.237965 -0.118880
v -0.365682 -0.235165 -0.139980
v -0.326282 -0.218365 -0.124680
v -0.332082 -0.220865 -0.105680
v -0.364982 -0.245165 -0.008380
v -0.363582 -0.244565 -0.029480
v -0.353082 -0.237565 -0.028180
v -0.354482 -0.238065 -0.007780
v -0.377382 -0.247865 -0.008980
v -0.375882 -0.247265 -0.030680
v -0.361182 -0.243565 -0.050380
v -0.350782 -0.236565 -0.048580
v -0.373382 -0.246165 -0.052280
v -0.347782 -0.227565 -0.007280
v -0.348282 -0.227765 0.012820
v -0.354982 -0.238265 0.012820
v -0.365482 -0.245365 0.012820
v -0.377882 -0.248065 0.012820
v -0.389582 -0.245365 -0.009480
v -0.390082 -0.245565 0.012820
v -0.388082 -0.244765 -0.031680
v -0.385582 -0.243665 -0.053780
v -0.344182 -0.226065 -0.047080
v -0.346482 -0.226965 -0.027180
v -0.361182 -0.243565 0.076020
v -0.363582 -0.244565 0.055020
v -0.353082 -0.237565 0.053820
v -0.350782 -0.236565 0.074120
v -0.373382 -0.246165 0.077820
v -0.375882 -0.247265 0.056220
v -0.364982 -0.245165 0.033920
v -0.354482 -0.238065 0.033320
v -0.377382 -0.247865 0.034520
v -0.344182 -0.226065 0.072620
v -0.341082 -0.224665 0.092420
v -0.347582 -0.235165 0.094420
v -0.357882 -0.242065 0.096820
v -0.369982 -0.244765 0.099220
v -0.385582 -0.243665 0.079320
v -0.382082 -0.242165 0.101220
v -0.388082 -0.244765 0.057220
v -0.389582 -0.245365 0.035020
v -0.347782 -0.227565 0.032820
v -0.346482 -0.226965 0.052720
v -0.342282 -0.235465 0.157920
v -0.348382 -0.238065 0.137820
v -0.338382 -0.231265 0.134220
v -0.332482 -0.228765 0.153720
v -0.353982 -0.237865 0.162120
v -0.360282 -0.240565 0.141420
v -0.353582 -0.240265 0.117420
v -0.343482 -0.233365 0.114420
v -0.365582 -0.242865 0.120420
v -0.326282 -0.218365 0.150220
v -0.319682 -0.215565 0.168920
v -0.325682 -0.225865 0.172820
v -0.335282 -0.232465 0.177620
v -0.346782 -0.234865 0.182320
v -0.365682 -0.235165 0.165520
v -0.358382 -0.232065 0.186320
v -0.372082 -0.237965 0.144420
v -0.377582 -0.240265 0.122920
v -0.336982 -0.222965 0.111920
v -0.332082 -0.220865 0.131220
v -0.309082 -0.221365 0.234220
v -0.318682 -0.225365 0.215820
v -0.309482 -0.218965 0.209920
v -0.300182 -0.214965 0.227820
v -0.319882 -0.223365 0.240620
v -0.329682 -0.227565 0.221720
v -0.327482 -0.229165 0.196920
v -0.317982 -0.222565 0.191620
v -0.338682 -0.231365 0.202220
v -0.294882 -0.204965 0.222520
v -0.284982 -0.200765 0.239420
v -0.290082 -0.210665 0.245120
v -0.298682 -0.216865 0.252120
v -0.309182 -0.218765 0.259020
v -0.330782 -0.220265 0.245920
v -0.319782 -0.215665 0.264720
v -0.340882 -0.224565 0.226520
v -0.350082 -0.228565 0.206620
v -0.312182 -0.212365 0.187220
v -0.303982 -0.208865 0.205120
v -0.262882 -0.201565 0.302020
v -0.275582 -0.206965 0.286020
v -0.267582 -0.201065 0.278120
v -0.255282 -0.195765 0.293720
v -0.272282 -0.203065 0.310420
v -0.285282 -0.208565 0.293920
v -0.287482 -0.212065 0.269320
v -0.279282 -0.206065 0.261920
v -0.297582 -0.213865 0.276720
v -0.251082 -0.186365 0.286720
v -0.238382 -0.180865 0.301220
v -0.242282 -0.190265 0.308520
v -0.249482 -0.195865 0.317320
v -0.258482 -0.197165 0.326120
v -0.282082 -0.199565 0.317320
v -0.267882 -0.193465 0.333420
v -0.295382 -0.205265 0.300420
v -0.307982 -0.210565 0.282920
v -0.274382 -0.196265 0.255820
v -0.263082 -0.191465 0.271620
v -0.205282 -0.177065 0.358720
v -0.220582 -0.183565 0.345720
v -0.214282 -0.178365 0.336120
v -0.199382 -0.171965 0.348720
v -0.212982 -0.177765 0.368720
v -0.228782 -0.184565 0.355320
v -0.235382 -0.189865 0.331920
v -0.228582 -0.184465 0.322720
v -0.243982 -0.190965 0.341120
v -0.196482 -0.163065 0.340420
v -0.181482 -0.156665 0.352020
v -0.183982 -0.165365 0.360520
v -0.189382 -0.170265 0.370920
v -0.196682 -0.170865 0.381220
v -0.221482 -0.173665 0.377020
v -0.204682 -0.166565 0.389820
v -0.237582 -0.180565 0.363320
v -0.253082 -0.187165 0.348720
v -0.224982 -0.175165 0.315020
v -0.211082 -0.169265 0.328120
v -0.138682 -0.148665 0.402120
v -0.156082 -0.156065 0.392620
v -0.151582 -0.151565 0.381620
v -0.134682 -0.144365 0.390920
v -0.144482 -0.148565 0.413420
v -0.162382 -0.156165 0.403620
v -0.172982 -0.163265 0.382220
v -0.167982 -0.158565 0.371520
v -0.179782 -0.163565 0.392920
v -0.133382 -0.136165 0.381620
v -0.116582 -0.128965 0.389720
v -0.117482 -0.137065 0.399220
v -0.120882 -0.141065 0.410720
v -0.126182 -0.140765 0.422220
v -0.151282 -0.143765 0.422720
v -0.132582 -0.135765 0.431720
v -0.169582 -0.151565 0.412720
v -0.187382 -0.159165 0.401720
v -0.165882 -0.150065 0.362720
v -0.149882 -0.143165 0.372620
v -0.065582 -0.117465 0.430620
v -0.084282 -0.125465 0.424920
v -0.081882 -0.121865 0.413020
v -0.063682 -0.114165 0.418520
v -0.069282 -0.116465 0.442620
v -0.088582 -0.124665 0.436820
v -0.102782 -0.133365 0.418320
v -0.099782 -0.129565 0.406620
v -0.107582 -0.132765 0.430020
v -0.064182 -0.106665 0.408520
v -0.046182 -0.098965 0.412920
v -0.045282 -0.106265 0.423020
v -0.046582 -0.109365 0.435220
v -0.049682 -0.108165 0.447420
v -0.074282 -0.110965 0.452620
v -0.054382 -0.102465 0.457520
v -0.094082 -0.119365 0.446720
v -0.113482 -0.127665 0.439720
v -0.099382 -0.121665 0.396920
v -0.081882 -0.114165 0.403220
v 0.011318 -0.084665 0.442920
v -0.008082 -0.092965 0.441420
v -0.007882 -0.090365 0.429020
v 0.010918 -0.082265 0.430520
v 0.009818 -0.082765 0.455420
v -0.010182 -0.091265 0.453820
v -0.027382 -0.101165 0.438820
v -0.026682 -0.098365 0.426520
v -0.029982 -0.099765 0.451120
v 0.008618 -0.075565 0.420220
v 0.027018 -0.067765 0.420720
v 0.029818 -0.074265 0.431020
v 0.030718 -0.076465 0.443520
v 0.029818 -0.074265 0.455920
v 0.006518 -0.076465 0.465720
v 0.027018 -0.067765 0.466220
v -0.013882 -0.085165 0.464020
v -0.034182 -0.093865 0.461320
v -0.028082 -0.091265 0.416320
v -0.009782 -0.083465 0.418820
v 0.088818 -0.051665 0.438820
v 0.069518 -0.059865 0.441420
v 0.067518 -0.058165 0.429020
v 0.086218 -0.050165 0.426520
v 0.089618 -0.048765 0.451120
v 0.069718 -0.057265 0.453820
v 0.050118 -0.068165 0.442920
v 0.048718 -0.066165 0.430520
v 0.049818 -0.065765 0.455420
v 0.082118 -0.044265 0.416320
v 0.100218 -0.036565 0.412920
v 0.104818 -0.042265 0.423020
v 0.108018 -0.043465 0.435220
v 0.109318 -0.040365 0.447420
v 0.088218 -0.041665 0.461320
v 0.108418 -0.033065 0.457520
v 0.067918 -0.050365 0.464020
v 0.047518 -0.059065 0.465720
v 0.045418 -0.059865 0.420220
v 0.063818 -0.052065 0.418820
v 0.164218 -0.019465 0.418320
v 0.145718 -0.027365 0.424920
v 0.141518 -0.026665 0.413020
v 0.159418 -0.018965 0.406620
v 0.167118 -0.015665 0.430020
v 0.148118 -0.023765 0.436820
v 0.127018 -0.035365 0.430620
v 0.123318 -0.034365 0.418520
v 0.128818 -0.032065 0.442620
v 0.153418 -0.013865 0.396920
v 0.170618 -0.006565 0.389720
v 0.177018 -0.011465 0.399220
v 0.182318 -0.011765 0.410720
v 0.185818 -0.007765 0.422220
v 0.167518 -0.007865 0.439720
v 0.186618 0.000335 0.431720
v 0.148118 -0.016165 0.446720
v 0.128418 -0.024565 0.452620
v 0.118218 -0.028865 0.408520
v 0.135918 -0.021265 0.403220
v 0.234418 0.010435 0.382220
v 0.217518 0.003235 0.392620
v 0.211218 0.003035 0.381620
v 0.227618 0.010035 0.371520
v 0.239318 0.015135 0.392920
v 0.221918 0.007635 0.403620
v 0.200118 -0.004165 0.402120
v 0.194318 -0.004165 0.390920
v 0.204118 0.000035 0.413420
v 0.219918 0.014535 0.362720
v 0.235518 0.021135 0.352020
v 0.243518 0.016835 0.360520
v 0.250818 0.017435 0.370920
v 0.256218 0.022335 0.381220
v 0.241418 0.023635 0.401720
v 0.258718 0.031035 0.389820
v 0.223618 0.016035 0.412720
v 0.205318 0.008235 0.422720
v 0.187518 0.000635 0.381620
v 0.203918 0.007635 0.372620
v 0.296818 0.037035 0.331920
v 0.282018 0.030735 0.345720
v 0.273918 0.029835 0.336120
v 0.288218 0.035935 0.322720
v 0.303518 0.042435 0.341120
v 0.288418 0.036035 0.355320
v 0.266718 0.024235 0.358720
v 0.259018 0.023435 0.348720
v 0.272618 0.029235 0.368720
v 0.279018 0.039735 0.315020
v 0.292418 0.045435 0.301220
v 0.301818 0.041735 0.308520
v 0.310918 0.043035 0.317320
v 0.318018 0.048635 0.326120
v 0.307118 0.051635 0.348720
v 0.321918 0.058035 0.333420
v 0.291618 0.045035 0.363320
v 0.275518 0.038235 0.377020
v 0.250618 0.027535 0.340420
v 0.265118 0.033735 0.328120
v 0.348918 0.059235 0.269320
v 0.337018 0.054135 0.286020
v 0.327218 0.052535 0.278120
v 0.338818 0.057535 0.261920
v 0.357218 0.065335 0.276720
v 0.344918 0.060135 0.293920
v 0.324318 0.048735 0.302020
v 0.314918 0.047335 0.293720
v 0.331818 0.054535 0.310420
v 0.328418 0.060735 0.255820
v 0.339018 0.065335 0.239420
v 0.349718 0.062135 0.245120
v 0.360118 0.064035 0.252120
v 0.368718 0.070235 0.259020
v 0.362018 0.075135 0.282920
v 0.373818 0.080135 0.264720
v 0.349418 0.069735 0.300420
v 0.336118 0.064035 0.317320
v 0.305118 0.050835 0.286720
v 0.317118 0.055935 0.271620
v 0.388918 0.076235 0.196920
v 0.380118 0.072535 0.215820
v 0.369118 0.070435 0.209920
v 0.377618 0.074035 0.191620
v 0.398318 0.082835 0.202220
v 0.389318 0.079035 0.221720
v 0.370518 0.068435 0.234220
v 0.359818 0.066435 0.227820
v 0.379418 0.074835 0.240620
v 0.366318 0.076935 0.187220
v 0.373718 0.080035 0.168920
v 0.385318 0.077335 0.172820
v 0.396718 0.079635 0.177620
v 0.406418 0.086335 0.182320
v 0.404118 0.093035 0.206620
v 0.412418 0.096535 0.186320
v 0.394918 0.089135 0.226520
v 0.384818 0.084835 0.245920
v 0.348918 0.069535 0.222520
v 0.358018 0.073335 0.205120
v 0.415018 0.087435 0.117420
v 0.409818 0.085235 0.137820
v 0.398018 0.082735 0.134220
v 0.403018 0.084835 0.114420
v 0.425218 0.094335 0.120420
v 0.419918 0.092035 0.141420
v 0.403718 0.082635 0.157920
v 0.392018 0.080235 0.153720
v 0.413618 0.089435 0.162120
v 0.391018 0.087435 0.111920
v 0.395118 0.089135 0.092420
v 0.407118 0.086635 0.094420
v 0.419318 0.089235 0.096820
v 0.429618 0.096235 0.099220
v 0.431618 0.104735 0.122920
v 0.436118 0.106635 0.101220
v 0.426218 0.102435 0.144420
v 0.419718 0.099735 0.165520
v 0.380418 0.082935 0.150220
v 0.386118 0.085335 0.131220
v 0.426418 0.092335 0.033920
v 0.425018 0.091735 0.055020
v 0.412718 0.089035 0.053820
v 0.414118 0.089635 0.033320
v 0.436918 0.099335 0.034520
v 0.435418 0.098735 0.056220
v 0.422618 0.090635 0.076020
v 0.410418 0.088035 0.074120
v 0.433018 0.097635 0.077820
v 0.401818 0.092035 0.032820
v 0.402318 0.092235 0.012820
v 0.414518 0.089835 0.012820
v 0.426918 0.092535 0.012820
v 0.437418 0.099535 0.012820
v 0.443618 0.109835 0.035020
v 0.444118 0.110135 0.012820
v 0.442118 0.109235 0.057220
v 0.439618 0.108135 0.079320
v 0.398218 0.090535 0.072620
v 0.400518 0.091435 0.052720
v 0.422618 0.090635 -0.050380
v 0.425018 0.091735 -0.029480
v 0.412718 0.089035 -0.028180
v 0.410418 0.088035 -0.048580
v 0.433018 0.097635 -0.052280
v 0.435418 0.098735 -0.030680
v 0.426418 0.092335 -0.008380
v 0.414118 0.089635 -0.007780
v 0.436918 0.099335 -0.008980
v 0.398218 0.090535 -0.047080
v 0.395118 0.089135 -0.066780
v 0.407118 0.086635 -0.068780
v 0.419318 0.089235 -0.071280
v 0.429618 0.096235 -0.073680
v 0.439618 0.108135 -0.053780
v 0.436118 0.106635 -0.075680
v 0.442118 0.109235 -0.031680
v 0.443618 0.109835 -0.009480
v 0.401818 0.092035 -0.007280
v 0.400518 0.091435 -0.027180
v 0.403718 0.082635 -0.132280
v 0.409818 0.085235 -0.112280
v 0.398018 0.082735 -0.108680
v 0.392018 0.080235 -0.128180
v 0.413618 0.089435 -0.136480
v 0.419918 0.092035 -0.115880
v 0.415018 0.087435 -0.091880
v 0.403018 0.084835 -0.088880
v 0.425218 0.094335 -0.094880
v 0.380418 0.082935 -0.124680
v 0.373718 0.080035 -0.143380
v 0.385318 0.077335 -0.147280
v 0.396718 0.079635 -0.152080
v 0.406418 0.086335 -0.156780
v 0.419718 0.099735 -0.139980
v 0.412418 0.096535 -0.160780
v 0.426218 0.102435 -0.118880
v 0.431618 0.104735 -0.097380
v 0.391018 0.087435 -0.086380
v 0.386118 0.085335 -0.105680
v 0.370518 0.068435 -0.208680
v 0.380118 0.072535 -0.190280
v 0.369118 0.070435 -0.184380
v 0.359818 0.066435 -0.202280
v 0.379418 0.074835 -0.215080
v 0.389318 0.079035 -0.196080
v 0.388918 0.076235 -0.171380
v 0.377618 0.074035 -0.166080
v 0.398318 0.082835 -0.176680
v 0.348918 0.069535 -0.196980
v 0.339018 0.065335 -0.213880
v 0.349718 0.062135 -0.219580
v 0.360118 0.064035 -0.226480
v 0.368718 0.070235 -0.233380
v 0.384818 0.084835 -0.220380
v 0.373818 0.080135 -0.239180
v 0.394918 0.089135 -0.200980
v 0.404118 0.093035 -0.181080
v 0.366318 0.076935 -0.161680
v 0.358018 0.073335 -0.179580
v 0.324318 0.048735 -0.276480
v 0.337018 0.054135 -0.260480
v 0.327218 0.052535 -0.252580
v 0.314918 0.047335 -0.268080
v 0.331818 0.054535 -0.284780
v 0.344918 0.060135 -0.268380
v 0.348918 0.059235 -0.243780
v 0.338818 0.057535 -0.236380
v 0.357218 0.065335 -0.251180
v 0.305118 0.050835 -0.261180
v 0.292418 0.045435 -0.275680
v 0.301818 0.041735 -0.282980
v 0.310918 0.043035 -0.291780
v 0.318018 0.048635 -0.300580
v 0.336118 0.064035 -0.291780
v 0.321918 0.058035 -0.307880
v 0.349418 0.069735 -0.274880
v 0.362018 0.075135 -0.257380
v 0.328418 0.060735 -0.230280
v 0.317118 0.055935 -0.246080
v 0.266718 0.024235 -0.333180
v 0.282018 0.030735 -0.320180
v 0.273918 0.029835 -0.310580
v 0.259018 0.023435 -0.323180
v 0.272618 0.029235 -0.343180
v 0.288418 0.036035 -0.329780
v 0.296818 0.037035 -0.306380
v 0.288218 0.035935 -0.297180
v 0.303518 0.042435 -0.315580
v 0.250618 0.027535 -0.314880
v 0.235518 0.021135 -0.326480
v 0.243518 0.016835 -0.334980
v 0.250818 0.017435 -0.345380
v 0.256218 0.022335 -0.355680
v 0.275518 0.038235 -0.351380
v 0.258718 0.031035 -0.364280
v 0.291618 0.045035 -0.337780
v 0.307118 0.051635 -0.323180
v 0.279018 0.039735 -0.289480
v 0.265118 0.033735 -0.302580
v 0.200118 -0.004165 -0.376580
v 0.217518 0.003235 -0.367080
v 0.211218 0.003035 -0.356080
v 0.194318 -0.004165 -0.365380
v 0.204118 0.000035 -0.387780
v 0.221918 0.007635 -0.378080
v 0.234418 0.010435 -0.356680
v 0.227618 0.010035 -0.345980
v 0.239318 0.015135 -0.367280
v 0.187518 0.000635 -0.355980
v 0.170618 -0.006565 -0.364180
v 0.177018 -0.011465 -0.373680
v 0.182318 -0.011765 -0.385180
v 0.185818 -0.007765 -0.396580
v 0.205318 0.008235 -0.397080
v 0.186618 0.000335 -0.406180
v 0.223618 0.016035 -0.387080
v 0.241418 0.023635 -0.376180
v 0.219918 0.014535 -0.337180
v 0.203918 0.007635 -0.346980
v 0.127018 -0.035365 -0.404980
v 0.145718 -0.027365 -0.399380
v 0.141518 -0.026665 -0.387480
v 0.123318 -0.034365 -0.392980
v 0.128818 -0.032065 -0.417080
v 0.148118 -0.023765 -0.411280
v 0.164218 -0.019465 -0.392780
v 0.159418 -0.018965 -0.381080
v 0.167118 -0.015665 -0.404480
v 0.118218 -0.028865 -0.382980
v 0.100218 -0.036565 -0.387380
v 0.104818 -0.042265 -0.397480
v 0.108018 -0.043465 -0.409680
v 0.109318 -0.040365 -0.421880
v 0.128418 -0.024565 -0.427080
v 0.108418 -0.033065 -0.431980
v 0.148118 -0.016165 -0.421180
v 0.167518 -0.007865 -0.414180
v 0.153418 -0.013865 -0.371380
v 0.135918 -0.021265 -0.377580
v 0.050118 -0.068165 -0.417380
v 0.069518 -0.059865 -0.415880
v 0.067518 -0.058165 -0.403480
v 0.048718 -0.066165 -0.404980
v 0.049818 -0.065765 -0.429780
v 0.069718 -0.057265 -0.428180
v 0.088818 -0.051665 -0.413280
v 0.086218 -0.050165 -0.400980
v 0.089618 -0.048765 -0.425580
v 0.045418 -0.059865 -0.394680
v 0.047518 -0.059065 -0.440080
v 0.067918 -0.050365 -0.438480
v 0.088218 -0.041665 -0.435780
v 0.082118 -0.044265 -0.390780
v 0.063818 -0.052065 -0.393180
v -0.107182 -0.062665 -0.387480
v -0.111382 -0.061865 -0.399380
v -0.129882 -0.069765 -0.392780
v -0.125082 -0.070265 -0.381080
v -0.088982 -0.054865 -0.392980
v -0.092682 -0.053865 -0.404980
v -0.113782 -0.065465 -0.411280
v -0.132782 -0.073565 -0.404480
v -0.094482 -0.057265 -0.417080
v -0.119082 -0.075465 -0.371380
v -0.142682 -0.077765 -0.373680
v -0.136282 -0.082765 -0.364180
v -0.101582 -0.067965 -0.377580
v -0.083882 -0.060365 -0.382980
v -0.094082 -0.064765 -0.427080
v -0.113782 -0.073165 -0.421180
v -0.133182 -0.081465 -0.414180
v -0.152282 -0.089565 -0.406180
v -0.151482 -0.081565 -0.396580
v -0.147982 -0.077465 -0.385180
v -0.176882 -0.092365 -0.356080
v -0.183182 -0.092465 -0.367080
v -0.200082 -0.099665 -0.356680
v -0.193282 -0.099365 -0.345980
v -0.159982 -0.085165 -0.365380
v -0.165782 -0.085065 -0.376580
v -0.187582 -0.096965 -0.378080
v -0.204982 -0.104365 -0.367280
v -0.169782 -0.089365 -0.387780
v -0.209182 -0.106165 -0.334980
v -0.201182 -0.110465 -0.326480
v -0.185582 -0.103765 -0.337180
v -0.169582 -0.096965 -0.346980
v -0.153182 -0.089965 -0.355980
v -0.170982 -0.097565 -0.397080
v -0.189282 -0.105365 -0.387080
v -0.207082 -0.112965 -0.376180
v -0.224382 -0.120365 -0.364280
v -0.221882 -0.111565 -0.355680
v -0.216482 -0.106665 -0.345380
v -0.239582 -0.119065 -0.310580
v -0.247682 -0.120065 -0.320180
v -0.262482 -0.126265 -0.306380
v -0.253882 -0.125165 -0.297180
v -0.224682 -0.112765 -0.323180
v -0.232382 -0.113465 -0.333180
v -0.254082 -0.125265 -0.329780
v -0.269182 -0.131765 -0.315580
v -0.238282 -0.118565 -0.343180
v -0.267482 -0.131065 -0.282980
v -0.258082 -0.134665 -0.275680
v -0.244682 -0.128965 -0.289480
v -0.230782 -0.123065 -0.302580
v -0.216282 -0.116865 -0.314880
v -0.241182 -0.127465 -0.351380
v -0.257282 -0.134365 -0.337780
v -0.272782 -0.140965 -0.323180
v -0.287582 -0.147265 -0.307880
v -0.283682 -0.137965 -0.300580
v -0.276582 -0.132265 -0.291780
v -0.292882 -0.141865 -0.252580
v -0.302682 -0.143465 -0.260480
v -0.314582 -0.148565 -0.243780
v -0.304482 -0.146765 -0.236380
v -0.280582 -0.136565 -0.268080
v -0.289982 -0.138065 -0.276480
v -0.310582 -0.149365 -0.268380
v -0.322882 -0.154665 -0.251180
v -0.297482 -0.143765 -0.284780
v -0.315382 -0.151465 -0.219580
v -0.304682 -0.154565 -0.213880
v -0.294082 -0.150065 -0.230280
v -0.282782 -0.145165 -0.246080
v -0.270782 -0.140065 -0.261180
v -0.301782 -0.153265 -0.291780
v -0.315082 -0.158965 -0.274880
v -0.327682 -0.164365 -0.257380
v -0.339482 -0.169365 -0.239180
v -0.334382 -0.159565 -0.233380
v -0.325782 -0.153265 -0.226480
v -0.334782 -0.159665 -0.184380
v -0.345782 -0.161865 -0.190280
v -0.354582 -0.165565 -0.171380
v -0.343282 -0.163365 -0.166080
v -0.325482 -0.155765 -0.202280
v -0.336182 -0.157765 -0.208680
v -0.354982 -0.168265 -0.196080
v -0.363982 -0.172165 -0.176680
v -0.345082 -0.164065 -0.215080
v -0.350982 -0.166565 -0.147280
v -0.339382 -0.169365 -0.143380
v -0.331982 -0.166165 -0.161680
v -0.323682 -0.162665 -0.179580
v -0.314582 -0.158765 -0.196980
v -0.350482 -0.174065 -0.220380
v -0.360582 -0.178365 -0.200980
v -0.369782 -0.182265 -0.181080
v -0.378082 -0.185865 -0.160780
v -0.372082 -0.175565 -0.156780
v -0.362382 -0.168965 -0.152080
v -0.363682 -0.171965 -0.108680
v -0.375482 -0.174465 -0.112280
v -0.380682 -0.176765 -0.091880
v -0.368682 -0.174165 -0.088880
v -0.357682 -0.169465 -0.128180
v -0.369382 -0.171865 -0.132280
v -0.385582 -0.181365 -0.115880
v -0.390882 -0.183665 -0.094880
v -0.379282 -0.178665 -0.136480
v -0.372782 -0.175965 -0.068780
v -0.360782 -0.178465 -0.066780
v -0.356682 -0.176765 -0.086380
v -0.351782 -0.174665 -0.105680
v -0.346082 -0.172165 -0.124680
v -0.385382 -0.188965 -0.139980
v -0.391882 -0.191665 -0.118880
v -0.397282 -0.194065 -0.097380
v -0.401782 -0.195965 -0.075680
v -0.395282 -0.185465 -0.073680
v -0.384982 -0.178565 -0.071280
v -0.378382 -0.178265 -0.028180
v -0.390682 -0.180965 -0.029480
v -0.392082 -0.181565 -0.008380
v -0.379782 -0.178865 -0.007780
v -0.376082 -0.177265 -0.048580
v -0.388282 -0.179965 -0.050380
v -0.401182 -0.187965 -0.030680
v -0.402582 -0.188665 -0.008980
v -0.398682 -0.186965 -0.052280
v -0.380182 -0.179065 0.012820
v -0.367982 -0.181565 0.012820
v -0.367482 -0.181365 -0.007280
v -0.366182 -0.180765 -0.027180
v -0.363882 -0.179765 -0.047080
v -0.405282 -0.197465 -0.053780
v -0.407782 -0.198465 -0.031680
v -0.409282 -0.199165 -0.009480
v -0.409782 -0.199365 0.012820
v -0.403082 -0.188865 0.012820
v -0.392582 -0.181765 0.012820
v -0.378382 -0.178265 0.053820
v -0.390682 -0.180965 0.055020
v -0.388282 -0.179965 0.076020
v -0.376082 -0.177265 0.074120
v -0.379782 -0.178865 0.033320
v -0.392082 -0.181565 0.033920
v -0.401182 -0.187965 0.056220
v -0.398682 -0.186965 0.077820
v -0.402582 -0.188665 0.034520
v -0.372782 -0.175965 0.094420
v -0.360782 -0.178465 0.092420
v -0.363882 -0.179765 0.072620
v -0.366182 -0.180765 0.052720
v -0.367482 -0.181365 0.032820
v -0.409282 -0.199165 0.035020
v -0.407782 -0.198465 0.057220
v -0.405282 -0.197465 0.079320
v -0.401782 -0.195965 0.101220
v -0.395282 -0.185465 0.099220
v -0.384982 -0.178565 0.096820
v -0.363682 -0.171965 0.134220
v -0.375482 -0.174465 0.137820
v -0.369382 -0.171865 0.157920
v -0.357682 -0.169465 0.153720
v -0.368682 -0.174165 0.114420
v -0.380682 -0.176765 0.117420
v -0.385582 -0.181365 0.141420
v -0.379282 -0.178665 0.162120
v -0.390882 -0.183665 0.120420
v -0.350982 -0.166565 0.172820
v -0.339382 -0.169365 0.168920
v -0.346082 -0.172165 0.150220
v -0.351782 -0.174665 0.131220
v -0.356682 -0.176765 0.111920
v -0.397282 -0.194065 0.122920
v -0.391882 -0.191665 0.144420
v -0.385382 -0.188965 0.165520
v -0.378082 -0.185865 0.186320
v -0.372082 -0.175565 0.182320
v -0.362382 -0.168965 0.177620
v -0.334782 -0.159665 0.209920
v -0.345782 -0.161865 0.215820
v -0.336182 -0.157765 0.234220
v -0.325482 -0.155765 0.227820
v -0.343282 -0.163365 0.191620
v -0.354582 -0.165565 0.196920
v -0.354982 -0.168265 0.221720
v -0.345082 -0.164065 0.240620
v -0.363982 -0.172165 0.202220
v -0.315382 -0.151465 0.245120
v -0.304682 -0.154565 0.239420
v -0.314582 -0.158765 0.222520
v -0.323682 -0.162665 0.205120
v -0.331982 -0.166165 0.187220
v -0.369782 -0.182265 0.206620
v -0.360582 -0.178365 0.226520
v -0.350482 -0.174065 0.245920
v -0.339482 -0.169365 0.264720
v -0.334382 -0.159565 0.259020
v -0.325782 -0.153265 0.252020
v -0.292882 -0.141865 0.278120
v -0.302682 -0.143465 0.286020
v -0.289982 -0.138065 0.302020
v -0.280582 -0.136565 0.293720
v -0.304482 -0.146765 0.261920
v -0.314582 -0.148565 0.269320
v -0.310582 -0.149365 0.293920
v -0.297482 -0.143765 0.310420
v -0.322882 -0.154665 0.276720
v -0.267482 -0.131065 0.308520
v -0.258082 -0.134665 0.301220
v -0.270782 -0.140065 0.286720
v -0.282782 -0.145165 0.271620
v -0.294082 -0.150065 0.255820
v -0.327682 -0.164365 0.282920
v -0.315082 -0.158965 0.300420
v -0.301782 -0.153265 0.317320
v -0.287582 -0.147265 0.333420
v -0.283682 -0.137965 0.326120
v -0.276582 -0.132265 0.317320
v -0.239582 -0.119065 0.336120
v -0.247682 -0.120065 0.345720
v -0.232382 -0.113465 0.358720
v -0.224682 -0.112765 0.348720
v -0.253882 -0.125165 0.322720
v -0.262482 -0.126265 0.331920
v -0.254082 -0.125265 0.355320
v -0.238282 -0.118565 0.368720
v -0.269182 -0.131765 0.341120
v -0.209182 -0.106165 0.360520
v -0.201182 -0.110465 0.352020
v -0.216282 -0.116865 0.340420
v -0.230782 -0.123065 0.328120
v -0.244682 -0.128965 0.315020
v -0.272782 -0.140965 0.348720
v -0.257282 -0.134365 0.363320
v -0.241182 -0.127465 0.377020
v -0.224382 -0.120365 0.389820
v -0.221882 -0.111565 0.381220
v -0.216482 -0.106665 0.370920
v -0.176882 -0.092365 0.381620
v -0.183182 -0.092465 0.392620
v -0.165782 -0.085065 0.402120
v -0.159982 -0.085165 0.390920
v -0.193282 -0.099365 0.371520
v -0.200082 -0.099665 0.382220
v -0.187582 -0.096965 0.403620
v -0.169782 -0.089365 0.413420
v -0.204982 -0.104365 0.392920
v -0.142682 -0.077765 0.399220
v -0.136282 -0.082765 0.389720
v -0.153182 -0.089965 0.381620
v -0.169582 -0.096965 0.372620
v -0.185582 -0.103765 0.362720
v -0.207082 -0.112965 0.401720
v -0.189282 -0.105365 0.412720
v -0.170982 -0.097565 0.422720
v -0.152282 -0.089565 0.431720
v -0.151482 -0.081565 0.422220
v -0.147982 -0.077465 0.410720
v -0.107182 -0.062665 0.413020
v -0.111382 -0.061865 0.424920
v -0.092682 -0.053865 0.430620
v -0.088982 -0.054865 0.418520
v -0.125082 -0.070265 0.406620
v -0.129882 -0.069765 0.418320
v -0.113782 -0.065465 0.436820
v -0.094482 -0.057265 0.442620
v -0.132782 -0.073565 0.430020
v -0.070482 -0.047065 0.423020
v -0.065882 -0.052765 0.412920
v -0.083882 -0.060365 0.408520
v -0.101582 -0.067965 0.403220
v -0.119082 -0.075465 0.396920
v -0.133182 -0.081465 0.439720
v -0.113782 -0.073165 0.446720
v -0.094082 -0.064765 0.452620
v -0.074082 -0.056265 0.457520
v -0.074982 -0.048965 0.447420
v -0.073682 -0.045765 0.435220
v -0.033182 -0.031065 0.429020
v -0.035182 -0.029365 0.441420
v -0.015782 -0.021165 0.442920
v -0.014382 -0.023065 0.430520
v -0.051882 -0.039065 0.426520
v -0.054482 -0.037665 0.438820
v -0.035382 -0.032065 0.453820
v -0.015482 -0.023565 0.455420
v -0.055282 -0.040565 0.451120
v 0.004518 -0.015065 0.431020
v 0.007318 -0.021565 0.420720
v -0.011082 -0.029365 0.420220
v -0.029482 -0.037165 0.418820
v -0.047782 -0.044965 0.416320
v -0.053882 -0.047665 0.461320
v -0.033582 -0.038965 0.464020
v -0.013182 -0.030265 0.465720
v 0.007318 -0.021565 0.466220
v 0.004518 -0.015065 0.455920
v 0.003618 -0.012865 0.443520
v 0.042218 0.001035 0.429020
v 0.042418 0.003735 0.441420
v 0.061718 0.011935 0.438820
v 0.061018 0.009035 0.426520
v 0.023418 -0.006965 0.430520
v 0.023018 -0.004565 0.442920
v 0.044518 0.002035 0.453820
v 0.064318 0.010435 0.451120
v 0.024518 -0.006465 0.455420
v 0.079618 0.017035 0.423020
v 0.080518 0.009735 0.412920
v 0.062418 0.001935 0.416320
v 0.044118 -0.005865 0.418820
v 0.025718 -0.013665 0.420220
v 0.027818 -0.012765 0.465720
v 0.048218 -0.004065 0.464020
v 0.068518 0.004535 0.461320
v 0.088718 0.013135 0.457520
v 0.084018 0.018935 0.447420
v 0.080918 0.020135 0.435220
v 0.116218 0.032635 0.413020
v 0.118618 0.036135 0.424920
v 0.137118 0.044035 0.418320
v 0.134118 0.040235 0.406620
v 0.098018 0.024835 0.418520
v 0.099918 0.028235 0.430620
v 0.122918 0.035435 0.436820
v 0.141818 0.043535 0.430020
v 0.103618 0.027235 0.442620
v 0.151818 0.047735 0.399220
v 0.150918 0.039735 0.389720
v 0.133718 0.032335 0.396920
v 0.116218 0.024935 0.403220
v 0.098518 0.017335 0.408520
v 0.108618 0.021735 0.452620
v 0.128418 0.030135 0.446720
v 0.147818 0.038435 0.439720
v 0.166918 0.046535 0.431720
v 0.160518 0.051535 0.422220
v 0.155218 0.051835 0.410720
v 0.185918 0.062335 0.381620
v 0.190418 0.066735 0.392620
v 0.207318 0.074035 0.382220
v 0.202318 0.069335 0.371520
v 0.169018 0.055135 0.390920
v 0.173018 0.059335 0.402120
v 0.196718 0.066935 0.403620
v 0.214118 0.074335 0.392920
v 0.178818 0.059335 0.413420
v 0.218318 0.076135 0.360520
v 0.215818 0.067335 0.352020
v 0.200218 0.060735 0.362720
v 0.184218 0.053935 0.372620
v 0.167718 0.046935 0.381620
v 0.185618 0.054535 0.422720
v 0.203918 0.062335 0.412720
v 0.221718 0.069935 0.401720
v 0.239018 0.077235 0.389820
v 0.231018 0.081535 0.381220
v 0.223718 0.081035 0.370920
v 0.248618 0.089035 0.336120
v 0.254918 0.094335 0.345720
v 0.269718 0.100635 0.331920
v 0.262918 0.095135 0.322720
v 0.233718 0.082735 0.348720
v 0.239618 0.087735 0.358720
v 0.263118 0.095235 0.355320
v 0.278318 0.101735 0.341120
v 0.247318 0.088535 0.368720
v 0.276618 0.100935 0.308520
v 0.272718 0.091635 0.301220
v 0.259318 0.085935 0.315020
v 0.245418 0.080035 0.328120
v 0.230818 0.073835 0.340420
v 0.255818 0.084435 0.377020
v 0.271918 0.091335 0.363320
v 0.287418 0.097935 0.348720
v 0.302218 0.104235 0.333420
v 0.292818 0.107835 0.326120
v 0.283818 0.106635 0.317320
v 0.301918 0.111835 0.278120
v 0.309918 0.117735 0.286020
v 0.321818 0.122835 0.269320
v 0.313618 0.116735 0.261920
v 0.289618 0.106535 0.293720
v 0.297218 0.112335 0.302020
v 0.319618 0.119335 0.293920
v 0.331918 0.124535 0.276720
v 0.306618 0.113735 0.310420
v 0.324418 0.121335 0.245120
v 0.319318 0.111535 0.239420
v 0.308718 0.107035 0.255820
v 0.297418 0.102135 0.271620
v 0.285418 0.097035 0.286720
v 0.316418 0.110235 0.317320
v 0.329718 0.115935 0.300420
v 0.342318 0.121335 0.282920
v 0.354118 0.126335 0.264720
v 0.343518 0.129535 0.259020
v 0.333018 0.127635 0.252120
v 0.343818 0.129635 0.209920
v 0.353018 0.136135 0.215820
v 0.361818 0.139835 0.196920
v 0.352318 0.133235 0.191620
v 0.334518 0.125735 0.227820
v 0.343418 0.132035 0.234220
v 0.364018 0.138235 0.221720
v 0.373018 0.142135 0.202220
v 0.354218 0.134035 0.240620
v 0.360018 0.136535 0.172820
v 0.354018 0.126335 0.168920
v 0.346518 0.123135 0.187220
v 0.338318 0.119635 0.205120
v 0.329218 0.115735 0.222520
v 0.365118 0.131035 0.245920
v 0.375218 0.135335 0.226520
v 0.384418 0.139235 0.206620
v 0.392718 0.142835 0.186320
v 0.381118 0.145535 0.182320
v 0.369618 0.143235 0.177620
v 0.372718 0.141935 0.134220
v 0.382718 0.148835 0.137820
v 0.387918 0.151035 0.117420
v 0.377818 0.144135 0.114420
v 0.366818 0.139435 0.153720
v 0.376618 0.146235 0.157920
v 0.394618 0.151335 0.141420
v 0.399918 0.153535 0.120420
v 0.388318 0.148635 0.162120
v 0.381918 0.145835 0.094420
v 0.375418 0.135435 0.092420
v 0.371318 0.133735 0.111920
v 0.366418 0.131635 0.131220
v 0.360618 0.129135 0.150220
v 0.400018 0.145935 0.165520
v 0.406418 0.148635 0.144420
v 0.411918 0.151035 0.122920
v 0.416418 0.152935 0.101220
v 0.404318 0.155435 0.099220
v 0.392218 0.152835 0.096820
v 0.387418 0.148235 0.053820
v 0.397918 0.155235 0.055020
v 0.399318 0.155835 0.033920
v 0.388818 0.148835 0.033320
v 0.385118 0.147235 0.074120
v 0.395518 0.154235 0.076020
v 0.410218 0.157935 0.056220
v 0.411718 0.158535 0.034520
v 0.407718 0.156935 0.077820
v 0.389318 0.149035 0.012820
v 0.382618 0.138535 0.012820
v 0.382118 0.138335 0.032820
v 0.380818 0.137735 0.052720
v 0.378518 0.136735 0.072620
v 0.419918 0.154435 0.079320
v 0.422418 0.155435 0.057220
v 0.423918 0.156135 0.035020
v 0.424418 0.156335 0.012820
v 0.412218 0.158735 0.012820
v 0.399818 0.156035 0.012820
v 0.387418 0.148235 -0.028180
v 0.397918 0.155235 -0.029480
v 0.395518 0.154235 -0.050380
v 0.385118 0.147235 -0.048580
v 0.388818 0.148835 -0.007780
v 0.399318 0.155835 -0.008380
v 0.410218 0.157935 -0.030680
v 0.407718 0.156935 -0.052280
v 0.411718 0.158535 -0.008980
v 0.381918 0.145835 -0.068780
v 0.375418 0.135435 -0.066780
v 0.378518 0.136735 -0.047080
v 0.380818 0.137735 -0.027180
v 0.382118 0.138335 -0.007280
v 0.423918 0.156135 -0.009480
v 0.422418 0.155435 -0.031680
v 0.419918 0.154435 -0.053780
v 0.416418 0.152935 -0.075680
v 0.404318 0.155435 -0.073680
v 0.392218 0.152835 -0.071280
v 0.372718 0.141935 -0.108680
v 0.382718 0.148835 -0.112280
v 0.376618 0.146235 -0.132280
v 0.366818 0.139435 -0.128180
v 0.377818 0.144135 -0.088880
v 0.387918 0.151035 -0.091880
v 0.394618 0.151335 -0.115880
v 0.388318 0.148635 -0.136480
v 0.399918 0.153535 -0.094880
v 0.360018 0.136535 -0.147280
v 0.354018 0.126335 -0.143380
v 0.360618 0.129135 -0.124680
v 0.366418 0.131635 -0.105680
v 0.371318 0.133735 -0.086380
v 0.411918 0.151035 -0.097380
v 0.406418 0.148635 -0.118880
v 0.400018 0.145935 -0.139980
v 0.392718 0.142835 -0.160780
v 0.381118 0.145535 -0.156780
v 0.369618 0.143235 -0.152080
v 0.343818 0.129635 -0.184380
v 0.353018 0.136135 -0.190280
v 0.343418 0.132035 -0.208680
v 0.334518 0.125735 -0.202280
v 0.352318 0.133235 -0.166080
v 0.361818 0.139835 -0.171380
v 0.364018 0.138235 -0.196080
v 0.354218 0.134035 -0.215080
v 0.373018 0.142135 -0.176680
v 0.324418 0.121335 -0.219580
v 0.319318 0.111535 -0.213880
v 0.329218 0.115735 -0.196980
v 0.338318 0.119635 -0.179580
v 0.346518 0.123135 -0.161680
v 0.384418 0.139235 -0.181080
v 0.375218 0.135335 -0.200980
v 0.365118 0.131035 -0.220380
v 0.354118 0.126335 -0.239180
v 0.343518 0.129535 -0.233380
v 0.333018 0.127635 -0.226480
v 0.301918 0.111835 -0.252580
v 0.309918 0.117735 -0.260480
v 0.297218 0.112335 -0.276480
v 0.289618 0.106535 -0.268080
v 0.313618 0.116735 -0.236380
v 0.321818 0.122835 -0.243780
v 0.319618 0.119335 -0.268380
v 0.306618 0.113735 -0.284780
v 0.331918 0.124535 -0.251180
v 0.276618 0.100935 -0.282980
v 0.272718 0.091635 -0.275680
v 0.285418 0.097035 -0.261180
v 0.297418 0.102135 -0.246080
v 0.308718 0.107035 -0.230280
v 0.342318 0.121335 -0.257380
v 0.329718 0.115935 -0.274880
v 0.316418 0.110235 -0.291780
v 0.302218 0.104235 -0.307880
v 0.292818 0.107835 -0.300580
v 0.283818 0.106635 -0.291780
v 0.248618 0.089035 -0.310580
v 0.254918 0.094335 -0.320180
v 0.239618 0.087735 -0.333180
v 0.233718 0.082735 -0.323180
v 0.262918 0.095135 -0.297180
v 0.269718 0.100635 -0.306380
v 0.263118 0.095235 -0.329780
v 0.247318 0.088535 -0.343180
v 0.278318 0.101735 -0.315580
v 0.218318 0.076135 -0.334980
v 0.215818 0.067335 -0.326480
v 0.230818 0.073835 -0.314880
v 0.245418 0.080035 -0.302580
v 0.259318 0.085935 -0.289480
v 0.287418 0.097935 -0.323180
v 0.271918 0.091335 -0.337780
v 0.255818 0.084435 -0.351380
v 0.239018 0.077235 -0.364280
v 0.231018 0.081535 -0.355680
v 0.223718 0.081035 -0.345380
v 0.185918 0.062335 -0.356080
v 0.190418 0.066735 -0.367080
v 0.173018 0.059335 -0.376580
v 0.169018 0.055135 -0.365380
v 0.202318 0.069335 -0.345980
v 0.207318 0.074035 -0.356680
v 0.196718 0.066935 -0.378080
v 0.178818 0.059335 -0.387780
v 0.214118 0.074335 -0.367280
v 0.151818 0.047735 -0.373680
v 0.150918 0.039735 -0.364180
v 0.167718 0.046935 -0.355980
v 0.184218 0.053935 -0.346980
v 0.200218 0.060735 -0.337180
v 0.221718 0.069935 -0.376180
v 0.203918 0.062335 -0.387080
v 0.185618 0.054535 -0.397080
v 0.166918 0.046535 -0.406180
v 0.160518 0.051535 -0.396580
v 0.155218 0.051835 -0.385180
v 0.116218 0.032635 -0.387480
v 0.118618 0.036135 -0.399380
v 0.099918 0.028235 -0.404980
v 0.098018 0.024835 -0.392980
v 0.134118 0.040235 -0.381080
v 0.137118 0.044035 -0.392780
v 0.122918 0.035435 -0.411280
v 0.103618 0.027235 -0.417080
v 0.141818 0.043535 -0.404480
v 0.079618 0.017035 -0.397480
v 0.080518 0.009735 -0.387380
v 0.098518 0.017335 -0.382980
v 0.116218 0.024935 -0.377580
v 0.133718 0.032335 -0.371380
v 0.147818 0.038435 -0.414180
v 0.128418 0.030135 -0.421180
v 0.108618 0.021735 -0.427080
v 0.088718 0.013135 -0.431980
v 0.084018 0.018935 -0.421880
v 0.080918 0.020135 -0.409680
v 0.042218 0.001035 -0.403480
v 0.042418 0.003735 -0.415880
v 0.023018 -0.004565 -0.417380
v 0.023418 -0.006965 -0.404980
v 0.061018 0.009035 -0.400980
v 0.061718 0.011935 -0.413280
v 0.044518 0.002035 -0.428180
v 0.024518 -0.006465 -0.429780
v 0.064318 0.010435 -0.425580
v 0.025718 -0.013665 -0.394680
v 0.044118 -0.005865 -0.393180
v 0.062418 0.001935 -0.390780
v 0.068518 0.004535 -0.435780
v 0.048218 -0.004065 -0.438480
v 0.027818 -0.012765 -0.440080
v 0.427318 0.115335 -0.120680
v 0.423818 0.128735 -0.121280
v 0.429418 0.131135 -0.099480
v 0.432918 0.117635 -0.098980
v 0.420818 0.112535 -0.142180
v 0.417318 0.125935 -0.142880
v 0.416518 0.140635 -0.120680
v 0.422118 0.142935 -0.098980
v 0.410018 0.137835 -0.142180
v 0.437418 0.119635 -0.076880
v 0.413318 0.109335 -0.163180
v 0.409818 0.122735 -0.163980
v 0.402618 0.134635 -0.163180
v 0.426618 0.144935 -0.076880
v 0.433918 0.133035 -0.077380
v 0.058718 -0.041865 -0.386880
v 0.053218 -0.029265 -0.384780
v 0.035218 -0.036965 -0.386180
v 0.040718 -0.049565 -0.388280
v 0.076718 -0.034165 -0.384480
v 0.071118 -0.021665 -0.382380
v 0.048018 -0.016565 -0.386880
v 0.029918 -0.024265 -0.388280
v 0.066018 -0.008865 -0.384480
v 0.022518 -0.057265 -0.388780
v 0.094618 -0.026565 -0.381080
v 0.088818 -0.014065 -0.378980
v 0.083818 -0.001265 -0.381080
v 0.011818 -0.031965 -0.388780
v 0.017118 -0.044665 -0.386680
v -0.303182 -0.196165 -0.176480
v -0.306882 -0.182765 -0.175480
v -0.314982 -0.186265 -0.157980
v -0.311382 -0.199665 -0.158880
v -0.294282 -0.192365 -0.193680
v -0.297982 -0.179065 -0.192580
v -0.313982 -0.170865 -0.176480
v -0.322182 -0.174365 -0.158880
v -0.305082 -0.167065 -0.193680
v -0.318682 -0.202765 -0.140880
v -0.284582 -0.188265 -0.210280
v -0.288382 -0.174865 -0.209180
v -0.295382 -0.162965 -0.210280
v -0.329482 -0.177465 -0.140880
v -0.322282 -0.189365 -0.140080
v 0.395618 0.101735 -0.203980
v 0.391918 0.115135 -0.204980
v 0.401318 0.119135 -0.184780
v 0.404918 0.105735 -0.183780
v 0.385418 0.097435 -0.223580
v 0.381618 0.110735 -0.224680
v 0.384818 0.127035 -0.203980
v 0.394118 0.131035 -0.183780
v 0.374618 0.122735 -0.223580
v 0.374218 0.092635 -0.242680
v 0.370518 0.106035 -0.243880
v 0.363518 0.117935 -0.242680
v -0.018882 -0.074965 -0.444880
v -0.024482 -0.062365 -0.446980
v -0.003682 -0.053565 -0.448680
v 0.001818 -0.066165 -0.446480
v -0.039482 -0.083765 -0.442080
v -0.045182 -0.071265 -0.444180
v -0.029682 -0.049665 -0.444880
v -0.008982 -0.040865 -0.446480
v -0.050282 -0.058465 -0.442080
v 0.022518 -0.057265 -0.447080
v -0.059982 -0.092465 -0.438180
v -0.065782 -0.079965 -0.440280
v -0.070782 -0.067165 -0.438180
v 0.011818 -0.031965 -0.447080
v 0.017118 -0.044665 -0.449180
v -0.330982 -0.207965 -0.103780
v -0.334482 -0.194565 -0.103180
v -0.339282 -0.196565 -0.084280
v -0.335782 -0.210065 -0.084780
v -0.325282 -0.205565 -0.122480
v -0.328782 -0.192165 -0.121780
v -0.341682 -0.182765 -0.103780
v -0.346582 -0.184765 -0.084780
v -0.335982 -0.180265 -0.122480
v -0.339782 -0.211765 -0.065580
v -0.350482 -0.186465 -0.065580
v -0.343182 -0.198265 -0.065180
v 0.349518 0.082135 -0.278980
v 0.345618 0.095435 -0.280280
v 0.358518 0.100935 -0.262380
v 0.362318 0.087535 -0.261180
v 0.336018 0.076335 -0.295980
v 0.332018 0.089635 -0.297480
v 0.338718 0.107435 -0.278980
v 0.351518 0.112835 -0.261180
v 0.325218 0.101635 -0.295980
v 0.321618 0.070235 -0.312380
v 0.317618 0.083435 -0.313880
v 0.310918 0.095535 -0.312380
v -0.100182 -0.109665 -0.427280
v -0.106182 -0.097265 -0.429280
v -0.086082 -0.088665 -0.435380
v -0.080182 -0.101065 -0.433280
v -0.119982 -0.118065 -0.420180
v -0.125982 -0.105665 -0.422180
v -0.110982 -0.084365 -0.427280
v -0.090982 -0.075865 -0.433280
v -0.130682 -0.092765 -0.420180
v -0.139282 -0.126265 -0.412080
v -0.145482 -0.113965 -0.413980
v -0.150082 -0.100965 -0.412080
v -0.345082 -0.214065 -0.026580
v -0.348482 -0.200565 -0.026380
v -0.349782 -0.201165 -0.006780
v -0.346382 -0.214565 -0.006880
v -0.342882 -0.213065 -0.046180
v -0.346282 -0.199565 -0.045780
v -0.355882 -0.188765 -0.026580
v -0.357182 -0.189265 -0.006880
v -0.353582 -0.187765 -0.046180
v -0.346882 -0.214765 0.012820
v -0.357582 -0.189465 0.012820
v -0.350282 -0.201265 0.012820
v 0.290918 0.057135 -0.342680
v 0.286718 0.070335 -0.344280
v 0.302518 0.077035 -0.329480
v 0.306618 0.063835 -0.327980
v 0.274518 0.050135 -0.356580
v 0.270318 0.063335 -0.358280
v 0.280118 0.082435 -0.342680
v 0.295818 0.089135 -0.327980
v 0.263718 0.075435 -0.356580
v 0.257518 0.042935 -0.369580
v 0.253218 0.056035 -0.371380
v 0.246818 0.068235 -0.369580
v -0.176882 -0.142265 -0.392780
v -0.183182 -0.130065 -0.394680
v -0.164482 -0.122065 -0.404880
v -0.158282 -0.134365 -0.402880
v -0.194882 -0.149965 -0.381680
v -0.201282 -0.137765 -0.383480
v -0.187582 -0.117065 -0.392780
v -0.169082 -0.109065 -0.402880
v -0.205682 -0.124765 -0.381680
v -0.212482 -0.157465 -0.369580
v -0.218882 -0.145265 -0.371380
v -0.223182 -0.132165 -0.369580
v -0.345082 -0.214065 0.052120
v -0.348482 -0.200565 0.051920
v -0.346282 -0.199565 0.071420
v -0.342882 -0.213065 0.071720
v -0.346382 -0.214565 0.032520
v -0.349782 -0.201165 0.032420
v -0.355882 -0.188765 0.052120
v -0.353582 -0.187765 0.071720
v -0.357182 -0.189265 0.032520
v -0.339782 -0.211765 0.091120
v -0.350482 -0.186465 0.091120
v -0.343182 -0.198265 0.090720
v 0.221918 0.027735 -0.392780
v 0.217518 0.040735 -0.394680
v 0.235618 0.048535 -0.383480
v 0.240018 0.035435 -0.381680
v 0.203418 0.019835 -0.402880
v 0.198818 0.032835 -0.404880
v 0.211218 0.053035 -0.392780
v 0.229218 0.060735 -0.381680
v 0.192618 0.045135 -0.402880
v 0.184418 0.011735 -0.412080
v 0.179818 0.024735 -0.413980
v 0.173618 0.037035 -0.412080
v -0.245782 -0.171665 -0.342680
v -0.252382 -0.159565 -0.344280
v -0.235982 -0.152565 -0.358280
v -0.229382 -0.164765 -0.356580
v -0.261482 -0.178365 -0.327980
v -0.268182 -0.166365 -0.329480
v -0.256582 -0.146365 -0.342680
v -0.240182 -0.139465 -0.356580
v -0.272282 -0.153065 -0.327980
v -0.276582 -0.184765 -0.312380
v -0.283282 -0.172765 -0.313880
v -0.287282 -0.159565 -0.312380
v -0.330982 -0.207965 0.129320
v -0.334482 -0.194565 0.128720
v -0.328782 -0.192165 0.147320
v -0.325282 -0.205565 0.148020
v -0.335782 -0.210065 0.110320
v -0.339282 -0.196565 0.109820
v -0.341682 -0.182765 0.129320
v -0.335982 -0.180265 0.148020
v -0.346582 -0.184765 0.110320
v -0.318682 -0.202765 0.166420
v -0.329482 -0.177465 0.166420
v -0.322282 -0.189365 0.165620
v 0.145318 -0.004965 -0.427280
v 0.140518 0.007935 -0.429280
v 0.160318 0.016435 -0.422180
v 0.165018 0.003435 -0.420180
v 0.125318 -0.013465 -0.433280
v 0.120418 -0.000565 -0.435380
v 0.134518 0.020335 -0.427280
v 0.154318 0.028735 -0.420180
v 0.114518 0.011835 -0.433280
v 0.105118 -0.022065 -0.438180
v 0.100118 -0.009265 -0.440280
v 0.094318 0.003235 -0.438180
v -0.304382 -0.196665 -0.278980
v -0.311282 -0.184665 -0.280280
v -0.297682 -0.178865 -0.297480
v -0.290882 -0.190865 -0.295980
v -0.317182 -0.202165 -0.261180
v -0.324182 -0.190165 -0.262380
v -0.315182 -0.171365 -0.278980
v -0.301682 -0.165665 -0.295980
v -0.327982 -0.176865 -0.261180
v -0.329182 -0.207265 -0.242680
v -0.336182 -0.195265 -0.243880
v -0.339882 -0.181965 -0.242680
v -0.303182 -0.196165 0.202120
v -0.306882 -0.182765 0.201120
v -0.297982 -0.179065 0.218120
v -0.294282 -0.192365 0.219220
v -0.311382 -0.199665 0.184520
v -0.314982 -0.186265 0.183520
v -0.313982 -0.170865 0.202120
v -0.305082 -0.167065 0.219220
v -0.322182 -0.174365 0.184520
v -0.284582 -0.188265 0.235920
v -0.295382 -0.162965 0.235920
v -0.288382 -0.174865 0.234720
v 0.064018 -0.039565 -0.444880
v 0.058818 -0.026865 -0.446980
v 0.079518 -0.018065 -0.444180
v 0.084618 -0.030865 -0.442080
v 0.043318 -0.048465 -0.446480
v 0.038018 -0.035765 -0.448680
v 0.053218 -0.014365 -0.444880
v 0.073818 -0.005565 -0.442080
v 0.032518 -0.023165 -0.446480
v -0.350482 -0.216365 -0.203980
v -0.357582 -0.204465 -0.204980
v -0.347282 -0.200065 -0.224680
v -0.340282 -0.211965 -0.223580
v -0.359782 -0.220365 -0.183780
v -0.366982 -0.208465 -0.184780
v -0.361282 -0.191065 -0.203980
v -0.351082 -0.186665 -0.223580
v -0.370582 -0.195065 -0.183780
v -0.368282 -0.223865 -0.163180
v -0.375482 -0.212065 -0.163980
v -0.378982 -0.198665 -0.163180
v -0.262982 -0.179065 0.267520
v -0.266882 -0.165765 0.266220
v -0.255082 -0.160765 0.281020
v -0.251182 -0.173965 0.282420
v -0.274182 -0.183765 0.252020
v -0.277982 -0.170465 0.250720
v -0.273782 -0.153765 0.267520
v -0.261882 -0.148665 0.282420
v -0.284882 -0.158465 0.252020
v -0.238682 -0.168665 0.296720
v -0.249382 -0.143365 0.296720
v -0.242682 -0.155465 0.295220
v -0.382182 -0.229865 -0.120680
v -0.389482 -0.218065 -0.121280
v -0.382982 -0.215265 -0.142880
v -0.375682 -0.227065 -0.142180
v -0.387782 -0.232265 -0.098980
v -0.395082 -0.220365 -0.099480
v -0.392982 -0.204565 -0.120680
v -0.386482 -0.201765 -0.142180
v -0.398582 -0.206965 -0.098980
v -0.392282 -0.234165 -0.076880
v -0.399582 -0.222365 -0.077380
v -0.403082 -0.208865 -0.076880
v -0.211782 -0.157165 0.323220
v -0.215982 -0.144065 0.321520
v -0.201682 -0.137965 0.333620
v -0.197482 -0.151065 0.335320
v -0.225482 -0.163065 0.310320
v -0.229582 -0.149865 0.308720
v -0.222582 -0.131865 0.323220
v -0.208282 -0.125865 0.335320
v -0.236282 -0.137765 0.310320
v -0.182682 -0.144765 0.346720
v -0.193482 -0.119465 0.346720
v -0.186982 -0.131665 0.344920
v -0.398382 -0.236765 -0.032280
v -0.405782 -0.224965 -0.032480
v -0.403182 -0.223865 -0.054980
v -0.395882 -0.235665 -0.054680
v -0.399882 -0.237465 -0.009780
v -0.407282 -0.225565 -0.009880
v -0.409182 -0.211465 -0.032280
v -0.406682 -0.210365 -0.054680
v -0.410682 -0.212165 -0.009780
v -0.400482 -0.237665 0.012820
v -0.407782 -0.225865 0.012820
v -0.411182 -0.212365 0.012820
v -0.151582 -0.131565 0.366920
v -0.156082 -0.118465 0.365020
v -0.139982 -0.111665 0.373920
v -0.135382 -0.124665 0.375820
v -0.167382 -0.138265 0.357220
v -0.171782 -0.125165 0.355420
v -0.162382 -0.106265 0.366920
v -0.146182 -0.099365 0.375820
v -0.178182 -0.112965 0.357220
v -0.118782 -0.117565 0.383820
v -0.129582 -0.092265 0.383820
v -0.123482 -0.104565 0.381820
v -0.398382 -0.236765 0.057820
v -0.405782 -0.224965 0.058020
v -0.407282 -0.225565 0.035420
v -0.399882 -0.237465 0.035320
v -0.395882 -0.235665 0.080220
v -0.403182 -0.223865 0.080520
v -0.409182 -0.211465 0.057820
v -0.410682 -0.212165 0.035320
v -0.406682 -0.210365 0.080220
v -0.392282 -0.234165 0.102520
v -0.399582 -0.222365 0.102920
v -0.403082 -0.208865 0.102520
v -0.084682 -0.102965 0.397020
v -0.089482 -0.090165 0.395020
v -0.072082 -0.082665 0.400220
v -0.067182 -0.095565 0.402320
v -0.101882 -0.110365 0.390920
v -0.106582 -0.097465 0.388920
v -0.095482 -0.077765 0.397020
v -0.077982 -0.070265 0.402320
v -0.112682 -0.085065 0.390920
v -0.049482 -0.087965 0.406620
v -0.060282 -0.062765 0.406620
v -0.054482 -0.075165 0.404520
v -0.382182 -0.229865 0.146220
v -0.389482 -0.218065 0.146920
v -0.395082 -0.220365 0.125020
v -0.387782 -0.232265 0.124520
v -0.375682 -0.227065 0.167720
v -0.382982 -0.215265 0.168420
v -0.392982 -0.204565 0.146220
v -0.398582 -0.206965 0.124520
v -0.386482 -0.201765 0.167720
v -0.368282 -0.223865 0.188720
v -0.375482 -0.212065 0.189520
v -0.378982 -0.198665 0.188720
v -0.013682 -0.072765 0.412420
v -0.018882 -0.059965 0.410320
v -0.000882 -0.052365 0.411720
v 0.004418 -0.064965 0.413920
v -0.031682 -0.080365 0.410020
v -0.036782 -0.067665 0.407920
v -0.024382 -0.047465 0.412420
v -0.006382 -0.039765 0.413920
v -0.042382 -0.055065 0.410020
v 0.022518 -0.057265 0.414320
v 0.011818 -0.031965 0.414320
v 0.017118 -0.044665 0.412220
v -0.350482 -0.216365 0.229520
v -0.357582 -0.204465 0.230520
v -0.366982 -0.208465 0.210320
v -0.359782 -0.220365 0.209420
v -0.340282 -0.211965 0.249220
v -0.347282 -0.200065 0.250320
v -0.361282 -0.191065 0.229520
v -0.370582 -0.195065 0.209420
v -0.351082 -0.186665 0.249220
v -0.329182 -0.207265 0.268220
v -0.336182 -0.195265 0.269420
v -0.339882 -0.181965 0.268220
v 0.058718 -0.041865 0.412420
v 0.053218 -0.029265 0.410320
v 0.071118 -0.021665 0.407920
v 0.076718 -0.034165 0.410020
v 0.040718 -0.049565 0.413920
v 0.035218 -0.036965 0.411720
v 0.048018 -0.016565 0.412420
v 0.066018 -0.008865 0.410020
v 0.029918 -0.024265 0.413920
v 0.094618 -0.026565 0.406620
v 0.083818 -0.001265 0.406620
v 0.088818 -0.014065 0.404520
v -0.304382 -0.196665 0.304520
v -0.311282 -0.184665 0.305820
v -0.324182 -0.190165 0.288020
v -0.317182 -0.202165 0.286720
v -0.290882 -0.190865 0.321620
v -0.297682 -0.178865 0.323020
v -0.315182 -0.171365 0.304520
v -0.327982 -0.176865 0.286720
v -0.301682 -0.165665 0.321620
v -0.276582 -0.184765 0.337920
v -0.283282 -0.172765 0.339420
v -0.287282 -0.159565 0.337920
v 0.129818 -0.011565 0.397020
v 0.123818 0.000835 0.395020
v 0.140918 0.008135 0.388920
v 0.147018 -0.004265 0.390920
v 0.112318 -0.018965 0.402320
v 0.106418 -0.006565 0.400220
v 0.119018 0.013735 0.397020
v 0.136218 0.021035 0.390920
v 0.101518 0.006235 0.402320
v 0.163918 0.003035 0.383820
v 0.153118 0.028235 0.383820
v 0.157818 0.015335 0.381820
v -0.245782 -0.171665 0.368220
v -0.252382 -0.159565 0.369920
v -0.268182 -0.166365 0.355120
v -0.261482 -0.178365 0.353520
v -0.229382 -0.164765 0.382120
v -0.235982 -0.152565 0.383820
v -0.256582 -0.146365 0.368220
v -0.272282 -0.153065 0.353520
v -0.240182 -0.139465 0.382120
v -0.212482 -0.157465 0.395120
v -0.218882 -0.145265 0.396920
v -0.223182 -0.132165 0.395120
v 0.196718 0.016935 0.366920
v 0.190418 0.029235 0.365020
v 0.206118 0.035935 0.355420
v 0.212518 0.023735 0.357220
v 0.180518 0.010035 0.375820
v 0.174318 0.022335 0.373920
v 0.185918 0.042235 0.366920
v 0.201718 0.048935 0.357220
v 0.169718 0.035335 0.375820
v 0.227818 0.030235 0.346720
v 0.217018 0.055535 0.346720
v 0.221318 0.042435 0.344920
v -0.176882 -0.142265 0.418320
v -0.183182 -0.130065 0.420220
v -0.201282 -0.137765 0.409020
v -0.194882 -0.149965 0.407220
v -0.158282 -0.134365 0.428420
v -0.164482 -0.122065 0.430420
v -0.187582 -0.117065 0.418320
v -0.205682 -0.124765 0.407220
v -0.169082 -0.109065 0.428420
v -0.139282 -0.126265 0.437620
v -0.145482 -0.113965 0.439620
v -0.150082 -0.100965 0.437620
v 0.256918 0.042635 0.323220
v 0.250318 0.054735 0.321520
v 0.263918 0.060535 0.308720
v 0.270618 0.048535 0.310320
v 0.242618 0.036535 0.335320
v 0.236018 0.048735 0.333620
v 0.246118 0.067935 0.323220
v 0.259818 0.073735 0.310320
v 0.231818 0.061835 0.335320
v 0.283718 0.054135 0.296720
v 0.273018 0.079335 0.296720
v 0.277018 0.066135 0.295220
v -0.100182 -0.109665 0.452820
v -0.106182 -0.097265 0.454820
v -0.125982 -0.105665 0.447720
v -0.119982 -0.118065 0.445720
v -0.080182 -0.101065 0.458820
v -0.086082 -0.088665 0.460920
v -0.110982 -0.084365 0.452820
v -0.130682 -0.092765 0.445720
v -0.090982 -0.075865 0.458820
v -0.059982 -0.092465 0.463820
v -0.065782 -0.079965 0.465920
v -0.070782 -0.067165 0.463820
v 0.308118 0.064435 0.267520
v 0.301218 0.076435 0.266220
v 0.312318 0.081235 0.250720
v 0.319218 0.069235 0.252020
v 0.296218 0.059435 0.282420
v 0.289418 0.071435 0.281020
v 0.297318 0.089735 0.267520
v 0.308518 0.094535 0.252020
v 0.285518 0.084735 0.282420
v 0.329718 0.073635 0.235920
v 0.318918 0.098935 0.235920
v 0.322718 0.085635 0.234720
v -0.018882 -0.074965 0.470420
v -0.024482 -0.062365 0.472520
v -0.045182 -0.071265 0.469720
v -0.039482 -0.083765 0.467620
v 0.001818 -0.066165 0.472020
v -0.003682 -0.053565 0.474220
v -0.029682 -0.049665 0.470420
v -0.050282 -0.058465 0.467620
v -0.008982 -0.040865 0.472020
v 0.022518 -0.057265 0.472620
v 0.017118 -0.044665 0.474720
v 0.011818 -0.031965 0.472620
v 0.348318 0.081635 0.202120
v 0.341218 0.093535 0.201120
v 0.349318 0.097035 0.183520
v 0.356518 0.085135 0.184520
v 0.339418 0.077835 0.219220
v 0.332318 0.089735 0.218120
v 0.337518 0.106935 0.202120
v 0.345718 0.110335 0.184520
v 0.328618 0.103135 0.219220
v 0.363818 0.088235 0.166420
v 0.353018 0.113535 0.166420
v 0.356618 0.100135 0.165620
v 0.064018 -0.039565 0.470420
v 0.058818 -0.026865 0.472520
v 0.038018 -0.035765 0.474220
v 0.043318 -0.048465 0.472020
v 0.084618 -0.030865 0.467620
v 0.079518 -0.018065 0.469720
v 0.053218 -0.014365 0.470420
v 0.032518 -0.023165 0.472020
v 0.073818 -0.005565 0.467620
v 0.105118 -0.022065 0.463820
v 0.100118 -0.009265 0.465920
v 0.094318 0.003235 0.463820
v 0.376018 0.093435 0.129320
v 0.368818 0.105235 0.128720
v 0.373618 0.107335 0.109820
v 0.380918 0.095535 0.110320
v 0.370318 0.091035 0.148020
v 0.363118 0.102835 0.147320
v 0.365318 0.118735 0.129320
v 0.370118 0.120835 0.110320
v 0.359618 0.116335 0.148020
v 0.384818 0.097235 0.091120
v 0.374118 0.122435 0.091120
v 0.377518 0.109035 0.090720
v 0.145318 -0.004965 0.452820
v 0.140518 0.007935 0.454820
v 0.120418 -0.000565 0.460920
v 0.125318 -0.013465 0.458820
v 0.165018 0.003435 0.445720
v 0.160318 0.016435 0.447720
v 0.134518 0.020335 0.452820
v 0.114518 0.011835 0.458820
v 0.154318 0.028735 0.445720
v 0.184418 0.011735 0.437620
v 0.179818 0.024735 0.439620
v 0.173618 0.037035 0.437620
v 0.390218 0.099435 0.052120
v 0.382818 0.111235 0.051920
v 0.384118 0.111835 0.032420
v 0.391518 0.100035 0.032520
v 0.387918 0.098535 0.071720
v 0.380618 0.110335 0.071420
v 0.379418 0.124735 0.052120
v 0.380718 0.125335 0.032520
v 0.377218 0.123835 0.071720
v 0.391918 0.100235 0.012820
v 0.381218 0.125535 0.012820
v 0.384618 0.112035 0.012820
v 0.221918 0.027735 0.418320
v 0.217518 0.040735 0.420220
v 0.198818 0.032835 0.430420
v 0.203418 0.019835 0.428420
v 0.240018 0.035435 0.407220
v 0.235618 0.048535 0.409020
v 0.211218 0.053035 0.418320
v 0.192618 0.045135 0.428420
v 0.229218 0.060735 0.407220
v 0.257518 0.042935 0.395120
v 0.253218 0.056035 0.396920
v 0.246818 0.068235 0.395120
v 0.390218 0.099435 -0.026580
v 0.382818 0.111235 -0.026380
v 0.380618 0.110335 -0.045780
v 0.387918 0.098535 -0.046180
v 0.391518 0.100035 -0.006880
v 0.384118 0.111835 -0.006780
v 0.379418 0.124735 -0.026580
v 0.377218 0.123835 -0.046180
v 0.380718 0.125335 -0.006880
v 0.384818 0.097235 -0.065580
v 0.374118 0.122435 -0.065580
v 0.377518 0.109035 -0.065180
v 0.290918 0.057135 0.368220
v 0.286718 0.070335 0.369920
v 0.270318 0.063335 0.383820
v 0.274518 0.050135 0.382120
v 0.306618 0.063835 0.353520
v 0.302518 0.077035 0.355120
v 0.280118 0.082435 0.368220
v 0.263718 0.075435 0.382120
v 0.295818 0.089135 0.353520
v 0.321618 0.070235 0.337920
v 0.317618 0.083435 0.339420
v 0.310918 0.095535 0.337920
v 0.376018 0.093435 -0.103780
v 0.368818 0.105235 -0.103180
v 0.363118 0.102835 -0.121780
v 0.370318 0.091035 -0.122480
v 0.380918 0.095535 -0.084780
v 0.373618 0.107335 -0.084280
v 0.365318 0.118735 -0.103780
v 0.359618 0.116335 -0.122480
v 0.370118 0.120835 -0.084780
v 0.363818 0.088235 -0.140880
v 0.353018 0.113535 -0.140880
v 0.356618 0.100135 -0.140080
v 0.349518 0.082135 0.304520
v 0.345618 0.095435 0.305820
v 0.332018 0.089635 0.323020
v 0.336018 0.076335 0.321620
v 0.362318 0.087535 0.286720
v 0.358518 0.100935 0.288020
v 0.338718 0.107435 0.304520
v 0.325218 0.101635 0.321620
v 0.351518 0.112835 0.286720
v 0.374218 0.092635 0.268220
v 0.370518 0.106035 0.269420
v 0.363518 0.117935 0.268220
v 0.348318 0.081635 -0.176480
v 0.341218 0.093535 -0.175480
v 0.332318 0.089735 -0.192580
v 0.339418 0.077835 -0.193680
v 0.356518 0.085135 -0.158880
v 0.349318 0.097035 -0.157980
v 0.337518 0.106935 -0.176480
v 0.328618 0.103135 -0.193680
v 0.345718 0.110335 -0.158880
v 0.329718 0.073635 -0.210280
v 0.318918 0.098935 -0.210280
v 0.322718 0.085635 -0.209180
v -0.013682 -0.072765 -0.386880
v -0.018882 -0.059965 -0.384780
v -0.036782 -0.067665 -0.382380
v -0.031682 -0.080365 -0.384480
v 0.004418 -0.064965 -0.388280
v -0.000882 -0.052365 -0.386180
v -0.024382 -0.047465 -0.386880
v -0.042382 -0.055065 -0.384480
v -0.006382 -0.039765 -0.388280
v -0.049482 -0.087965 -0.381080
v -0.060282 -0.062765 -0.381080
v -0.054482 -0.075165 -0.378980
v 0.395618 0.101735 0.229520
v 0.391918 0.115135 0.230520
v 0.381618 0.110735 0.250320
v 0.385418 0.097435 0.249220
v 0.404918 0.105735 0.209420
v 0.401318 0.119135 0.210320
v 0.384818 0.127035 0.229520
v 0.374618 0.122735 0.249220
v 0.394118 0.131035 0.209420
v 0.413318 0.109335 0.188720
v 0.409818 0.122735 0.189520
v 0.402618 0.134635 0.188720
v 0.308118 0.064435 -0.241980
v 0.301218 0.076435 -0.240580
v 0.289418 0.071435 -0.255480
v 0.296218 0.059435 -0.256880
v 0.319218 0.069235 -0.226480
v 0.312318 0.081235 -0.225180
v 0.297318 0.089735 -0.241980
v 0.285518 0.084735 -0.256880
v 0.308518 0.094535 -0.226480
v 0.283718 0.054135 -0.271180
v 0.273018 0.079335 -0.271180
v 0.277018 0.066135 -0.269680
v -0.084682 -0.102965 -0.371480
v -0.089482 -0.090165 -0.369480
v -0.106582 -0.097465 -0.363280
v -0.101882 -0.110365 -0.365280
v -0.067182 -0.095565 -0.376780
v -0.072082 -0.082665 -0.374680
v -0.095482 -0.077765 -0.371480
v -0.112682 -0.085065 -0.365280
v -0.077982 -0.070265 -0.376780
v -0.118782 -0.117565 -0.358180
v -0.129582 -0.092265 -0.358180
v -0.123482 -0.104565 -0.356280
v 0.427318 0.115335 0.146220
v 0.423818 0.128735 0.146920
v 0.417318 0.125935 0.168420
v 0.420818 0.112535 0.167720
v 0.432918 0.117635 0.124520
v 0.429418 0.131135 0.125020
v 0.416518 0.140635 0.146220
v 0.410018 0.137835 0.167720
v 0.422118 0.142935 0.124520
v 0.437418 0.119635 0.102520
v 0.433918 0.133035 0.102920
v 0.426618 0.144935 0.102520
v 0.256918 0.042635 -0.297680
v 0.250318 0.054735 -0.295980
v 0.236018 0.048735 -0.308080
v 0.242618 0.036535 -0.309780
v 0.270618 0.048535 -0.284780
v 0.263918 0.060535 -0.283180
v 0.246118 0.067935 -0.297680
v 0.231818 0.061835 -0.309780
v 0.259818 0.073735 -0.284780
v 0.227818 0.030235 -0.321080
v 0.217018 0.055535 -0.321080
v 0.221318 0.042435 -0.319380
v -0.151582 -0.131565 -0.341380
v -0.156082 -0.118465 -0.339480
v -0.171782 -0.125165 -0.329880
v -0.167382 -0.138265 -0.331680
v -0.135382 -0.124665 -0.350280
v -0.139982 -0.111665 -0.348280
v -0.162382 -0.106265 -0.341380
v -0.178182 -0.112965 -0.331680
v -0.146182 -0.099365 -0.350280
v -0.182682 -0.144765 -0.321080
v -0.193482 -0.119465 -0.321080
v -0.186982 -0.131665 -0.319380
v 0.443518 0.122235 0.057820
v 0.440118 0.135635 0.058020
v 0.437518 0.134635 0.080520
v 0.441018 0.121135 0.080220
v 0.445018 0.122835 0.035320
v 0.441618 0.136335 0.035420
v 0.432718 0.147535 0.057820
v 0.430218 0.146435 0.080220
v 0.434218 0.148135 0.035320
v 0.445518 0.123035 0.012820
v 0.442118 0.136535 0.012820
v 0.434818 0.148335 0.012820
v 0.196718 0.016935 -0.341380
v 0.190418 0.029235 -0.339480
v 0.174318 0.022335 -0.348280
v 0.180518 0.010035 -0.350280
v 0.212518 0.023735 -0.331680
v 0.206118 0.035935 -0.329880
v 0.185918 0.042235 -0.341380
v 0.169718 0.035335 -0.350280
v 0.201718 0.048935 -0.331680
v 0.163918 0.003035 -0.358180
v 0.153118 0.028235 -0.358180
v 0.157818 0.015335 -0.356280
v -0.211782 -0.157165 -0.297680
v -0.215982 -0.144065 -0.295980
v -0.229582 -0.149865 -0.283180
v -0.225482 -0.163065 -0.284780
v -0.197482 -0.151065 -0.309780
v -0.201682 -0.137965 -0.308080
v -0.222582 -0.131865 -0.297680
v -0.236282 -0.137765 -0.284780
v -0.208282 -0.125865 -0.309780
v -0.238682 -0.168665 -0.271180
v -0.249382 -0.143365 -0.271180
v -0.242682 -0.155465 -0.269680
v 0.443518 0.122235 -0.032280
v 0.440118 0.135635 -0.032480
v 0.441618 0.136335 -0.009880
v 0.445018 0.122835 -0.009780
v 0.441018 0.121135 -0.054680
v 0.437518 0.134635 -0.054980
v 0.432718 0.147535 -0.032280
v 0.434218 0.148135 -0.009780
v 0.430218 0.146435 -0.054680
v 0.129818 -0.011565 -0.371480
v 0.123818 0.000835 -0.369480
v 0.106418 -0.006565 -0.374680
v 0.112318 -0.018965 -0.376780
v 0.147018 -0.004265 -0.365280
v 0.140918 0.008135 -0.363280
v 0.119018 0.013735 -0.371480
v 0.101518 0.006235 -0.376780
v 0.136218 0.021035 -0.365280
v -0.262982 -0.179065 -0.241980
v -0.266882 -0.165765 -0.240580
v -0.277982 -0.170465 -0.225180
v -0.274182 -0.183765 -0.226480
v -0.251182 -0.173965 -0.256880
v -0.255082 -0.160765 -0.255480
v -0.273782 -0.153765 -0.241980
v -0.284882 -0.158465 -0.226480
v -0.261882 -0.148665 -0.256880
vn -0.3644 0.9127 0.1848
vn -0.3727 0.9092 0.1857
vn -0.4063 0.8948 -0.1848
vn -0.3980 0.8984 -0.1857
vn -0.2344 0.7964 0.5575
vn -0.2597 0.7856 0.5615
vn -0.2597 0.7856 0.5616
vn -0.2851 0.7748 0.5643
vn -0.3107 0.7639 0.5656
vn -0.3106 0.7639 0.5657
vn -0.3811 0.9056 0.1862
vn -0.3894 0.9020 -0.1864
vn -0.3896 0.9020 -0.1862
vn -0.3362 0.7530 -0.5657
vn -0.3617 0.7421 -0.5643
vn -0.3871 0.7313 -0.5616
vn -0.4124 0.7205 -0.5575
vn -0.4120 0.7204 -0.5580
vn -0.4145 0.8914 -0.1832
vn -0.4146 0.8913 -0.1835
vn -0.3561 0.9163 0.1835
vn 0.4063 -0.8949 0.1848
vn 0.3644 -0.9127 -0.1848
vn 0.3980 -0.8983 0.1859
vn 0.3980 -0.8984 0.1857
vn 0.3727 -0.9092 -0.1857
vn 0.4125 -0.7205 0.5575
vn 0.4125 -0.7204 0.5575
vn 0.4146 -0.8913 0.1835
vn 0.3561 -0.9163 -0.1835
vn 0.2344 -0.7964 -0.5575
vn 0.2343 -0.7966 -0.5573
vn 0.2597 -0.7856 -0.5616
vn 0.2850 -0.7748 -0.5643
vn 0.2851 -0.7748 -0.5643
vn 0.3106 -0.7639 -0.5657
vn 0.3811 -0.9056 -0.1862
vn 0.3896 -0.9020 0.1862
vn 0.3361 -0.7530 0.5657
vn 0.3362 -0.7530 0.5657
vn 0.3617 -0.7421 0.5643
vn 0.3871 -0.7313 0.5616
vn 0.4391 -0.8809 0.1767
vn 0.4391 -0.8809 0.1768
vn 0.3316 -0.9267 -0.1768
vn 0.3316 -0.9267 -0.1769
vn 0.4310 -0.8843 0.1795
vn 0.3397 -0.9233 -0.1795
vn 0.3398 -0.9232 -0.1796
vn 0.5107 -0.6786 0.5279
vn 0.4470 -0.8775 0.1738
vn 0.3237 -0.9301 -0.1737
vn 0.3237 -0.9300 -0.1739
vn 0.1361 -0.8383 -0.5279
vn 0.1601 -0.8281 -0.5373
vn 0.1845 -0.8177 -0.5453
vn 0.2093 -0.8071 -0.5521
vn 0.2091 -0.8071 -0.5522
vn 0.3475 -0.9199 -0.1819
vn 0.3478 -0.9198 -0.1817
vn 0.4229 -0.8878 0.1817
vn 0.4374 -0.7098 0.5521
vn 0.4375 -0.7098 0.5521
vn 0.4622 -0.6993 0.5453
vn 0.4867 -0.6888 0.5372
vn 0.4866 -0.6888 0.5373
vn 0.4698 -0.8678 0.1618
vn 0.4698 -0.8678 0.1621
vn 0.3009 -0.9398 -0.1620
vn 0.3009 -0.9398 -0.1619
vn 0.4624 -0.8709 0.1664
vn 0.3083 -0.9366 -0.1664
vn 0.3083 -0.9366 -0.1665
vn 0.6018 -0.6397 0.4781
vn 0.4770 -0.8647 0.1573
vn 0.2937 -0.9429 -0.1573
vn 0.0449 -0.8771 -0.4781
vn 0.0449 -0.8772 -0.4781
vn 0.0668 -0.8678 -0.4924
vn 0.0893 -0.8582 -0.5054
vn 0.0893 -0.8582 -0.5055
vn 0.1125 -0.8484 -0.5173
vn 0.1123 -0.8484 -0.5173
vn 0.3159 -0.9334 -0.1703
vn 0.3159 -0.9334 -0.1704
vn 0.4548 -0.8742 0.1702
vn 0.5343 -0.6685 0.5173
vn 0.5574 -0.6587 0.5054
vn 0.5799 -0.6491 0.4923
vn 0.4972 -0.8561 0.1410
vn 0.4972 -0.8561 0.1409
vn 0.2735 -0.9515 -0.1410
vn 0.2736 -0.9515 -0.1408
vn 0.4907 -0.8588 0.1470
vn 0.4907 -0.8589 0.1468
vn 0.2800 -0.9487 -0.1468
vn 0.6822 -0.6054 0.4100
vn 0.6823 -0.6054 0.4098
vn 0.5035 -0.8534 0.1349
vn 0.2674 -0.9541 -0.1349
vn 0.2671 -0.9542 -0.1349
vn -0.0355 -0.9115 -0.4098
vn -0.0166 -0.9034 -0.4285
vn 0.0031 -0.8950 -0.4461
vn 0.0237 -0.8863 -0.4626
vn 0.0237 -0.8862 -0.4626
vn 0.2867 -0.9458 -0.1523
vn 0.4840 -0.8617 0.1523
vn 0.4841 -0.8616 0.1523
vn 0.6231 -0.6307 0.4626
vn 0.6436 -0.6219 0.4461
vn 0.6634 -0.6134 0.4285
vn 0.6634 -0.6135 0.4285
vn 0.5204 -0.8462 0.1146
vn 0.2503 -0.9614 -0.1145
vn 0.5151 -0.8485 0.1216
vn 0.2556 -0.9591 -0.1216
vn 0.7489 -0.5772 0.3257
vn 0.7489 -0.5770 0.3258
vn 0.5254 -0.8441 0.1072
vn 0.2453 -0.9635 -0.1072
vn -0.1022 -0.9399 -0.3258
vn -0.0869 -0.9334 -0.3482
vn -0.0708 -0.9265 -0.3696
vn -0.0536 -0.9192 -0.3902
vn 0.2613 -0.9567 -0.1284
vn 0.5094 -0.8509 0.1284
vn 0.7004 -0.5977 0.3901
vn 0.7003 -0.5979 0.3900
vn 0.7175 -0.5904 0.3696
vn 0.7337 -0.5835 0.3482
vn 0.7337 -0.5835 0.3481
vn 0.5384 -0.8385 0.0837
vn 0.2323 -0.9690 -0.0837
vn 0.5344 -0.8402 0.0918
vn 0.2363 -0.9673 -0.0918
vn 0.7992 -0.5556 0.2293
vn 0.5420 -0.8370 0.0755
vn 0.2287 -0.9706 -0.0755
vn -0.1527 -0.9613 -0.2292
vn -0.1525 -0.9613 -0.2293
vn -0.1415 -0.9567 -0.2544
vn -0.1295 -0.9515 -0.2789
vn -0.1164 -0.9460 -0.3027
vn 0.2406 -0.9655 -0.0996
vn 0.5301 -0.8421 0.0996
vn 0.7631 -0.5709 0.3027
vn 0.7763 -0.5654 0.2789
vn 0.7883 -0.5602 0.2544
vn 0.5503 -0.8335 0.0497
vn 0.5504 -0.8334 0.0497
vn 0.2203 -0.9742 -0.0497
vn 0.5480 -0.8344 0.0584
vn 0.5479 -0.8345 0.0584
vn 0.2227 -0.9731 -0.0584
vn 0.2228 -0.9731 -0.0584
vn 0.2229 -0.9731 -0.0584
vn 0.8312 -0.5419 0.1240
vn 0.5525 -0.8325 0.0408
vn 0.2182 -0.9750 -0.0408
vn 0.2182 -0.9751 -0.0408
vn -0.1845 -0.9750 -0.1240
vn -0.1845 -0.9750 -0.1242
vn -0.1783 -0.9723 -0.1509
vn -0.1708 -0.9692 -0.1773
vn -0.1708 -0.9692 -0.1775
vn -0.1622 -0.9655 -0.2036
vn 0.2255 -0.9719 -0.0671
vn 0.2255 -0.9719 -0.0670
vn 0.5452 -0.8357 0.0670
vn 0.5452 -0.8356 0.0669
vn 0.8090 -0.5514 0.2036
vn 0.8090 -0.5514 0.2035
vn 0.8176 -0.5477 0.1775
vn 0.8177 -0.5476 0.1775
vn 0.8250 -0.5446 0.1509
vn 0.8251 -0.5445 0.1509
vn 0.5562 -0.8309 0.0137
vn 0.2145 -0.9766 -0.0137
vn 0.5554 -0.8313 0.0228
vn 0.2153 -0.9763 -0.0228
vn 0.8436 -0.5367 0.0139
vn 0.8437 -0.5366 0.0139
vn 0.5566 -0.8308 0.0046
vn 0.2141 -0.9768 -0.0046
vn -0.1970 -0.9803 -0.0139
vn -0.1957 -0.9798 -0.0416
vn -0.1932 -0.9787 -0.0693
vn -0.1895 -0.9771 -0.0967
vn 0.2166 -0.9757 -0.0318
vn 0.5541 -0.8318 0.0318
vn 0.8362 -0.5398 0.0967
vn 0.8362 -0.5398 0.0965
vn 0.8400 -0.5382 0.0692
vn 0.8425 -0.5371 0.0416
vn 0.5554 -0.8313 -0.0228
vn 0.5555 -0.8312 -0.0220
vn 0.2153 -0.9763 0.0228
vn 0.5562 -0.8309 -0.0137
vn 0.2145 -0.9766 0.0137
vn 0.8362 -0.5398 -0.0967
vn 0.5541 -0.8318 -0.0318
vn 0.2166 -0.9757 0.0318
vn -0.1895 -0.9771 0.0967
vn -0.1932 -0.9787 0.0692
vn -0.1957 -0.9798 0.0417
vn -0.1970 -0.9803 0.0139
vn 0.2138 -0.9769 0.0044
vn 0.2140 -0.9768 0.0046
vn 0.5566 -0.8308 -0.0046
vn 0.8437 -0.5366 -0.0139
vn 0.8425 -0.5371 -0.0416
vn 0.8400 -0.5382 -0.0692
vn 0.5479 -0.8345 -0.0584
vn 0.2227 -0.9731 0.0584
vn 0.5504 -0.8334 -0.0497
vn 0.2203 -0.9742 0.0497
vn 0.8091 -0.5513 -0.2036
vn 0.8091 -0.5512 -0.2036
vn 0.8090 -0.5514 -0.2036
vn 0.5452 -0.8357 -0.0670
vn 0.5452 -0.8356 -0.0670
vn 0.2256 -0.9719 0.0670
vn 0.2255 -0.9719 0.0670
vn -0.1622 -0.9655 0.2036
vn -0.1709 -0.9692 0.1775
vn -0.1781 -0.9724 0.1507
vn -0.1783 -0.9723 0.1509
vn -0.1845 -0.9750 0.1240
vn 0.2182 -0.9750 0.0408
vn 0.2182 -0.9751 0.0408
vn 0.5525 -0.8325 -0.0408
vn 0.8312 -0.5419 -0.1240
vn 0.8250 -0.5446 -0.1509
vn 0.8177 -0.5476 -0.1775
vn 0.8177 -0.5477 -0.1775
vn 0.5344 -0.8402 -0.0918
vn 0.2363 -0.9673 0.0918
vn 0.5384 -0.8385 -0.0836
vn 0.5384 -0.8385 -0.0837
vn 0.2323 -0.9690 0.0837
vn 0.7631 -0.5710 -0.3027
vn 0.5301 -0.8421 -0.0996
vn 0.2406 -0.9655 0.0996
vn -0.1164 -0.9460 0.3027
vn -0.1164 -0.9459 0.3027
vn -0.1295 -0.9516 0.2789
vn -0.1415 -0.9567 0.2544
vn -0.1525 -0.9613 0.2294
vn -0.1525 -0.9613 0.2293
vn 0.2287 -0.9706 0.0755
vn 0.5420 -0.8370 -0.0755
vn 0.7992 -0.5556 -0.2293
vn 0.7883 -0.5602 -0.2544
vn 0.7763 -0.5654 -0.2789
vn 0.5151 -0.8485 -0.1216
vn 0.2556 -0.9591 0.1216
vn 0.5204 -0.8462 -0.1145
vn 0.5204 -0.8462 -0.1146
vn 0.2503 -0.9614 0.1146
vn 0.7004 -0.5977 -0.3901
vn 0.5094 -0.8509 -0.1284
vn 0.2613 -0.9567 0.1284
vn -0.0536 -0.9192 0.3901
vn -0.0536 -0.9192 0.3902
vn -0.0708 -0.9265 0.3696
vn -0.0869 -0.9334 0.3481
vn -0.1022 -0.9399 0.3258
vn 0.2453 -0.9635 0.1072
vn 0.2452 -0.9636 0.1071
vn 0.5254 -0.8441 -0.1072
vn 0.7489 -0.5770 -0.3258
vn 0.7337 -0.5835 -0.3481
vn 0.7175 -0.5904 -0.3696
vn 0.4907 -0.8589 -0.1468
vn 0.2800 -0.9487 0.1468
vn 0.4972 -0.8561 -0.1410
vn 0.4972 -0.8561 -0.1409
vn 0.2735 -0.9515 0.1410
vn 0.6231 -0.6307 -0.4626
vn 0.4840 -0.8617 -0.1523
vn 0.4841 -0.8616 -0.1523
vn 0.2867 -0.9459 0.1523
vn 0.2867 -0.9459 0.1522
vn 0.0236 -0.8862 0.4627
vn 0.0236 -0.8862 0.4626
vn 0.0030 -0.8950 0.4461
vn 0.0031 -0.8950 0.4461
vn -0.0166 -0.9034 0.4285
vn -0.0355 -0.9115 0.4098
vn 0.2672 -0.9541 0.1349
vn 0.2674 -0.9541 0.1349
vn 0.5035 -0.8534 -0.1349
vn 0.6823 -0.6054 -0.4098
vn 0.6633 -0.6136 -0.4285
vn 0.6633 -0.6135 -0.4285
vn 0.6436 -0.6219 -0.4461
vn 0.4624 -0.8709 -0.1665
vn 0.4624 -0.8709 -0.1663
vn 0.3083 -0.9366 0.1663
vn 0.3082 -0.9367 0.1663
vn 0.4699 -0.8677 -0.1620
vn 0.4698 -0.8678 -0.1620
vn 0.3009 -0.9398 0.1620
vn 0.3009 -0.9398 0.1619
vn 0.5343 -0.6685 -0.5173
vn 0.4548 -0.8742 -0.1702
vn 0.3161 -0.9333 0.1705
vn 0.3161 -0.9334 0.1700
vn 0.1124 -0.8484 0.5173
vn 0.0893 -0.8582 0.5054
vn 0.0895 -0.8583 0.5053
vn 0.0668 -0.8678 0.4924
vn 0.0668 -0.8679 0.4922
vn 0.0449 -0.8772 0.4781
vn 0.0452 -0.8771 0.4782
vn 0.2937 -0.9429 0.1573
vn 0.4770 -0.8647 -0.1573
vn 0.6018 -0.6397 -0.4781
vn 0.5799 -0.6491 -0.4923
vn 0.5574 -0.6587 -0.5053
vn 0.5574 -0.6587 -0.5054
vn 0.4310 -0.8843 -0.1795
vn 0.3397 -0.9233 0.1795
vn 0.3397 -0.9232 0.1796
vn 0.4391 -0.8809 -0.1768
vn 0.3316 -0.9267 0.1768
vn 0.4374 -0.7098 -0.5521
vn 0.4229 -0.8878 -0.1817
vn 0.3478 -0.9198 0.1817
vn 0.2093 -0.8071 0.5521
vn 0.1845 -0.8177 0.5453
vn 0.1601 -0.8280 0.5373
vn 0.1601 -0.8281 0.5373
vn 0.1361 -0.8383 0.5279
vn 0.3237 -0.9301 0.1737
vn 0.4470 -0.8775 -0.1738
vn 0.5107 -0.6786 -0.5279
vn 0.5107 -0.6786 -0.5280
vn 0.4866 -0.6888 -0.5373
vn 0.4866 -0.6889 -0.5373
vn 0.4622 -0.6993 -0.5453
vn 0.3980 -0.8984 -0.1857
vn 0.3727 -0.9092 0.1858
vn 0.3727 -0.9092 0.1857
vn 0.4063 -0.8948 -0.1848
vn 0.3644 -0.9127 0.1848
vn 0.3361 -0.7530 -0.5657
vn 0.3362 -0.7530 -0.5657
vn 0.3894 -0.9020 -0.1862
vn 0.3896 -0.9020 -0.1862
vn 0.3811 -0.9056 0.1862
vn 0.3106 -0.7639 0.5657
vn 0.3107 -0.7640 0.5655
vn 0.2851 -0.7748 0.5643
vn 0.2599 -0.7855 0.5616
vn 0.2597 -0.7856 0.5616
vn 0.2344 -0.7964 0.5575
vn 0.3561 -0.9163 0.1835
vn 0.4146 -0.8913 -0.1835
vn 0.4124 -0.7205 -0.5575
vn 0.3871 -0.7313 -0.5616
vn 0.3617 -0.7421 -0.5643
vn 0.4063 -0.8948 0.1848
vn 0.2344 -0.7963 -0.5576
vn 0.2344 -0.7964 -0.5576
vn 0.4125 -0.7205 0.5574
vn 0.4124 -0.7205 0.5575
vn 0.3870 -0.7313 0.5616
vn 0.3617 -0.7421 0.5644
vn 0.3360 -0.7530 0.5657
vn 0.3810 -0.9056 -0.1862
vn 0.3105 -0.7639 -0.5657
vn 0.2851 -0.7749 -0.5641
vn 0.3396 -0.9233 -0.1795
vn 0.1361 -0.8382 -0.5280
vn 0.3236 -0.9301 -0.1737
vn 0.3237 -0.9301 -0.1735
vn 0.4470 -0.8775 0.1736
vn 0.4470 -0.8775 0.1737
vn 0.4866 -0.6889 0.5373
vn 0.4229 -0.8878 0.1818
vn 0.3478 -0.9197 -0.1821
vn 0.4698 -0.8678 0.1620
vn 0.3083 -0.9366 -0.1663
vn 0.4624 -0.8709 0.1663
vn 0.5800 -0.6491 0.4922
vn 0.5343 -0.6685 0.5174
vn 0.3159 -0.9334 -0.1702
vn 0.3159 -0.9334 -0.1701
vn 0.1124 -0.8484 -0.5173
vn 0.0668 -0.8679 -0.4923
vn 0.4970 -0.8562 0.1412
vn 0.2672 -0.9541 -0.1349
vn 0.2670 -0.9542 -0.1349
vn 0.5033 -0.8535 0.1349
vn 0.6825 -0.6054 0.4095
vn 0.6632 -0.6136 0.4286
vn 0.6633 -0.6135 0.4286
vn 0.6437 -0.6219 0.4460
vn 0.6436 -0.6220 0.4460
vn 0.2867 -0.9458 -0.1522
vn 0.2867 -0.9459 -0.1522
vn 0.0033 -0.8950 -0.4461
vn -0.0164 -0.9034 -0.4284
vn 0.2502 -0.9614 -0.1148
vn 0.2503 -0.9614 -0.1147
vn 0.5204 -0.8462 0.1145
vn 0.2453 -0.9635 -0.1071
vn 0.5254 -0.8442 0.1065
vn 0.5094 -0.8509 0.1283
vn 0.2613 -0.9566 -0.1286
vn -0.0536 -0.9192 -0.3901
vn -0.0869 -0.9334 -0.3481
vn 0.5384 -0.8385 0.0839
vn 0.2364 -0.9673 -0.0917
vn 0.7762 -0.5654 0.2789
vn 0.7632 -0.5709 0.3027
vn 0.5301 -0.8421 0.0995
vn -0.1164 -0.9459 -0.3027
vn -0.1295 -0.9516 -0.2789
vn -0.1294 -0.9516 -0.2789
vn 0.2204 -0.9741 -0.0496
vn 0.5482 -0.8343 0.0585
vn 0.8315 -0.5415 0.1240
vn 0.8250 -0.5446 0.1508
vn 0.5453 -0.8356 0.0670
vn -0.1623 -0.9655 -0.2036
vn -0.1709 -0.9692 -0.1775
vn 0.2147 -0.9766 -0.0138
vn 0.2146 -0.9767 -0.0042
vn 0.5565 -0.8309 0.0046
vn 0.8364 -0.5395 0.0967
vn 0.5541 -0.8319 0.0318
vn 0.2164 -0.9758 -0.0318
vn -0.1932 -0.9787 -0.0692
vn -0.1957 -0.9798 -0.0417
vn 0.2153 -0.9763 0.0229
vn 0.2147 -0.9766 0.0136
vn 0.5562 -0.8309 -0.0138
vn 0.8362 -0.5398 -0.0970
vn 0.2141 -0.9768 0.0046
vn 0.2146 -0.9767 0.0041
vn 0.5480 -0.8344 -0.0584
vn 0.5503 -0.8335 -0.0497
vn -0.1623 -0.9655 0.2036
vn 0.2255 -0.9719 0.0671
vn 0.5453 -0.8356 -0.0669
vn 0.5452 -0.8356 -0.0669
vn 0.8176 -0.5477 -0.1775
vn 0.8250 -0.5446 -0.1508
vn 0.8312 -0.5420 -0.1240
vn 0.8312 -0.5419 -0.1242
vn -0.1845 -0.9749 0.1242
vn 0.5344 -0.8402 -0.0916
vn 0.7630 -0.5710 -0.3030
vn 0.7762 -0.5654 -0.2789
vn 0.7762 -0.5656 -0.2787
vn 0.7884 -0.5601 -0.2544
vn -0.1295 -0.9515 0.2790
vn 0.2554 -0.9592 0.1216
vn 0.2503 -0.9613 0.1147
vn -0.0540 -0.9194 0.3897
vn 0.2613 -0.9566 0.1286
vn 0.5254 -0.8441 -0.1070
vn 0.5253 -0.8441 -0.1071
vn 0.2453 -0.9635 0.1071
vn 0.4908 -0.8588 -0.1468
vn 0.2734 -0.9515 0.1411
vn 0.4970 -0.8562 -0.1412
vn 0.4970 -0.8562 -0.1411
vn 0.0237 -0.8863 0.4626
vn 0.0237 -0.8862 0.4627
vn 0.2867 -0.9458 0.1523
vn 0.4840 -0.8617 -0.1524
vn 0.6636 -0.6133 -0.4283
vn 0.5033 -0.8535 -0.1349
vn 0.2670 -0.9542 0.1349
vn -0.0355 -0.9115 0.4097
vn 0.3009 -0.9398 0.1621
vn 0.3159 -0.9334 0.1702
vn 0.5343 -0.6685 -0.5174
vn 0.5799 -0.6491 -0.4924
vn 0.0449 -0.8771 0.4781
vn 0.0668 -0.8679 0.4923
vn 0.0671 -0.8677 0.4925
vn 0.0893 -0.8583 0.5054
vn 0.4310 -0.8843 -0.1794
vn 0.3317 -0.9267 0.1768
vn 0.2096 -0.8071 0.5519
vn 0.4229 -0.8877 -0.1818
vn 0.4374 -0.7098 -0.5522
vn 0.4375 -0.7098 -0.5521
vn 0.4470 -0.8775 -0.1737
vn 0.3237 -0.9301 0.1738
vn 0.3727 -0.9092 0.1856
vn 0.3644 -0.9127 0.1849
vn 0.4063 -0.8949 -0.1847
vn 0.4063 -0.8949 -0.1848
vn 0.3361 -0.7529 -0.5659
vn 0.3365 -0.7530 -0.5655
vn 0.3617 -0.7421 -0.5644
vn 0.4120 -0.7207 -0.5576
vn 0.3562 -0.9162 0.1835
vn -0.3316 0.9267 0.1768
vn -0.3397 0.9232 0.1795
vn -0.3397 0.9233 0.1795
vn -0.4391 0.8809 -0.1769
vn -0.4391 0.8808 -0.1769
vn -0.4310 0.8843 -0.1795
vn -0.4309 0.8843 -0.1797
vn -0.1361 0.8383 0.5279
vn -0.1601 0.8281 0.5373
vn -0.1845 0.8177 0.5453
vn -0.2093 0.8071 0.5521
vn -0.3478 0.9198 0.1817
vn -0.4229 0.8878 -0.1817
vn -0.4375 0.7098 -0.5521
vn -0.4374 0.7098 -0.5521
vn -0.4622 0.6993 -0.5453
vn -0.4866 0.6888 -0.5373
vn -0.4866 0.6888 -0.5374
vn -0.5107 0.6786 -0.5279
vn -0.4470 0.8775 -0.1737
vn -0.4470 0.8775 -0.1736
vn -0.3237 0.9301 0.1737
vn -0.3235 0.9302 0.1734
vn -0.3009 0.9398 0.1620
vn -0.3009 0.9398 0.1621
vn -0.3082 0.9366 0.1666
vn -0.3083 0.9366 0.1664
vn -0.4698 0.8678 -0.1620
vn -0.4624 0.8709 -0.1664
vn -0.4624 0.8709 -0.1663
vn -0.0449 0.8772 0.4781
vn -0.0447 0.8773 0.4778
vn -0.0671 0.8677 0.4925
vn -0.0670 0.8677 0.4925
vn -0.0890 0.8583 0.5053
vn -0.0893 0.8583 0.5054
vn -0.1125 0.8484 0.5173
vn -0.1124 0.8484 0.5173
vn -0.3160 0.9334 0.1702
vn -0.3159 0.9334 0.1703
vn -0.4548 0.8742 -0.1702
vn -0.5343 0.6685 -0.5173
vn -0.5574 0.6587 -0.5054
vn -0.5800 0.6491 -0.4922
vn -0.5799 0.6491 -0.4923
vn -0.6018 0.6397 -0.4781
vn -0.4770 0.8647 -0.1573
vn -0.2937 0.9429 0.1573
vn -0.2735 0.9515 0.1410
vn -0.2800 0.9487 0.1468
vn -0.4972 0.8561 -0.1410
vn -0.4907 0.8589 -0.1468
vn 0.0355 0.9115 0.4098
vn 0.0164 0.9034 0.4285
vn 0.0166 0.9034 0.4285
vn -0.0031 0.8950 0.4461
vn -0.0237 0.8862 0.4626
vn -0.2867 0.9458 0.1522
vn -0.2867 0.9459 0.1522
vn -0.4840 0.8618 -0.1521
vn -0.4840 0.8617 -0.1522
vn -0.6231 0.6307 -0.4626
vn -0.6436 0.6219 -0.4460
vn -0.6436 0.6219 -0.4461
vn -0.6633 0.6135 -0.4285
vn -0.6822 0.6055 -0.4097
vn -0.6825 0.6054 -0.4095
vn -0.5035 0.8534 -0.1349
vn -0.2672 0.9541 0.1349
vn -0.2500 0.9613 0.1154
vn -0.2503 0.9614 0.1145
vn -0.2556 0.9591 0.1216
vn -0.5204 0.8462 -0.1146
vn -0.5204 0.8462 -0.1145
vn -0.5151 0.8485 -0.1216
vn 0.1021 0.9399 0.3259
vn 0.0869 0.9334 0.3481
vn 0.0708 0.9265 0.3696
vn 0.0536 0.9192 0.3902
vn -0.2613 0.9567 0.1284
vn -0.5094 0.8509 -0.1284
vn -0.7004 0.5977 -0.3902
vn -0.7175 0.5904 -0.3696
vn -0.7337 0.5835 -0.3481
vn -0.7489 0.5770 -0.3258
vn -0.5253 0.8441 -0.1071
vn -0.5254 0.8441 -0.1072
vn -0.2453 0.9635 0.1072
vn -0.2323 0.9690 0.0837
vn -0.2363 0.9673 0.0918
vn -0.5384 0.8385 -0.0838
vn -0.5344 0.8402 -0.0918
vn 0.1526 0.9613 0.2293
vn 0.1525 0.9613 0.2293
vn 0.1415 0.9567 0.2544
vn 0.1295 0.9515 0.2790
vn 0.1295 0.9516 0.2788
vn 0.1164 0.9459 0.3027
vn 0.1164 0.9460 0.3027
vn -0.2406 0.9655 0.0996
vn -0.5301 0.8421 -0.0996
vn -0.7631 0.5710 -0.3027
vn -0.7631 0.5711 -0.3027
vn -0.7762 0.5656 -0.2787
vn -0.7762 0.5655 -0.2789
vn -0.7883 0.5602 -0.2544
vn -0.7992 0.5556 -0.2293
vn -0.5420 0.8370 -0.0755
vn -0.2287 0.9706 0.0755
vn -0.2203 0.9742 0.0497
vn -0.2227 0.9731 0.0584
vn -0.5505 0.8333 -0.0497
vn -0.5505 0.8334 -0.0497
vn -0.5481 0.8343 -0.0587
vn -0.5483 0.8343 -0.0584
vn 0.1845 0.9750 0.1240
vn 0.1845 0.9750 0.1241
vn 0.1783 0.9723 0.1509
vn 0.1709 0.9692 0.1775
vn 0.1707 0.9692 0.1775
vn 0.1623 0.9655 0.2036
vn -0.2255 0.9719 0.0670
vn -0.5452 0.8356 -0.0669
vn -0.5452 0.8356 -0.0670
vn -0.8090 0.5514 -0.2036
vn -0.8176 0.5477 -0.1775
vn -0.8250 0.5446 -0.1509
vn -0.8312 0.5419 -0.1240
vn -0.8312 0.5419 -0.1242
vn -0.5525 0.8325 -0.0408
vn -0.2182 0.9750 0.0408
vn -0.2145 0.9766 0.0137
vn -0.2153 0.9763 0.0228
vn -0.5562 0.8309 -0.0137
vn -0.5554 0.8313 -0.0228
vn 0.1970 0.9803 0.0139
vn 0.1958 0.9798 0.0417
vn 0.1957 0.9798 0.0417
vn 0.1932 0.9787 0.0692
vn 0.1895 0.9771 0.0967
vn -0.2166 0.9757 0.0318
vn -0.5541 0.8318 -0.0318
vn -0.5541 0.8318 -0.0319
vn -0.8363 0.5397 -0.0967
vn -0.8364 0.5395 -0.0967
vn -0.8400 0.5382 -0.0692
vn -0.8425 0.5371 -0.0416
vn -0.8436 0.5367 -0.0139
vn -0.5566 0.8308 -0.0046
vn -0.2141 0.9768 0.0046
vn -0.2153 0.9763 -0.0228
vn -0.2150 0.9765 -0.0135
vn -0.2145 0.9766 -0.0137
vn -0.5554 0.8313 0.0228
vn -0.5562 0.8309 0.0137
vn 0.1895 0.9771 -0.0967
vn 0.1932 0.9787 -0.0692
vn 0.1957 0.9798 -0.0417
vn 0.1958 0.9798 -0.0417
vn 0.1970 0.9803 -0.0139
vn -0.2140 0.9768 -0.0046
vn -0.2143 0.9768 -0.0044
vn -0.5566 0.8308 0.0046
vn -0.8437 0.5366 0.0139
vn -0.8425 0.5371 0.0416
vn -0.8400 0.5382 0.0692
vn -0.8400 0.5382 0.0693
vn -0.8362 0.5398 0.0967
vn -0.5541 0.8318 0.0318
vn -0.2166 0.9757 -0.0318
vn -0.2228 0.9731 -0.0584
vn -0.2227 0.9731 -0.0584
vn -0.2203 0.9742 -0.0497
vn -0.5482 0.8343 0.0584
vn -0.5482 0.8343 0.0585
vn -0.5504 0.8334 0.0497
vn 0.1623 0.9655 -0.2036
vn 0.1626 0.9655 -0.2036
vn 0.1709 0.9692 -0.1775
vn 0.1783 0.9723 -0.1509
vn 0.1845 0.9750 -0.1241
vn 0.1845 0.9750 -0.1240
vn -0.2182 0.9751 -0.0409
vn -0.2182 0.9751 -0.0408
vn -0.5525 0.8325 0.0408
vn -0.8312 0.5419 0.1240
vn -0.8312 0.5419 0.1241
vn -0.8250 0.5446 0.1509
vn -0.8250 0.5446 0.1508
vn -0.8176 0.5477 0.1775
vn -0.8090 0.5514 0.2036
vn -0.5454 0.8355 0.0666
vn -0.5452 0.8356 0.0670
vn -0.2255 0.9719 -0.0670
vn -0.2363 0.9673 -0.0918
vn -0.2323 0.9690 -0.0837
vn -0.5344 0.8402 0.0918
vn -0.5384 0.8385 0.0838
vn -0.5384 0.8385 0.0837
vn 0.1164 0.9460 -0.3027
vn 0.1164 0.9459 -0.3027
vn 0.1295 0.9516 -0.2788
vn 0.1295 0.9515 -0.2790
vn 0.1415 0.9567 -0.2544
vn 0.1525 0.9613 -0.2293
vn -0.2287 0.9706 -0.0755
vn -0.5420 0.8370 0.0755
vn -0.7992 0.5556 0.2293
vn -0.7883 0.5602 0.2544
vn -0.7762 0.5655 0.2788
vn -0.7763 0.5654 0.2789
vn -0.7631 0.5710 0.3027
vn -0.5301 0.8421 0.0996
vn -0.2406 0.9655 -0.0996
vn -0.2402 0.9656 -0.0998
vn -0.2554 0.9592 -0.1216
vn -0.2556 0.9591 -0.1216
vn -0.2503 0.9614 -0.1146
vn -0.5151 0.8485 0.1216
vn -0.5204 0.8462 0.1144
vn -0.5204 0.8462 0.1146
vn 0.0536 0.9192 -0.3902
vn 0.0707 0.9265 -0.3696
vn 0.0869 0.9334 -0.3481
vn 0.1022 0.9399 -0.3259
vn -0.2453 0.9635 -0.1073
vn -0.2453 0.9635 -0.1072
vn -0.5254 0.8441 0.1072
vn -0.7489 0.5770 0.3258
vn -0.7337 0.5835 0.3481
vn -0.7175 0.5904 0.3696
vn -0.7004 0.5977 0.3902
vn -0.5094 0.8509 0.1284
vn -0.2613 0.9567 -0.1284
vn -0.2800 0.9487 -0.1468
vn -0.2735 0.9515 -0.1410
vn -0.4907 0.8589 0.1468
vn -0.4909 0.8588 0.1468
vn -0.4972 0.8561 0.1410
vn -0.0237 0.8862 -0.4626
vn -0.0240 0.8862 -0.4627
vn -0.0031 0.8950 -0.4461
vn 0.0166 0.9034 -0.4285
vn 0.0165 0.9034 -0.4285
vn 0.0355 0.9115 -0.4098
vn -0.2672 0.9541 -0.1350
vn -0.2670 0.9542 -0.1349
vn -0.5035 0.8534 0.1349
vn -0.6823 0.6056 0.4096
vn -0.6822 0.6055 0.4099
vn -0.6634 0.6135 0.4285
vn -0.6436 0.6219 0.4461
vn -0.6231 0.6307 0.4626
vn -0.4840 0.8617 0.1522
vn -0.2867 0.9458 -0.1525
vn -0.2867 0.9458 -0.1524
vn -0.3083 0.9366 -0.1663
vn -0.3009 0.9398 -0.1620
vn -0.3009 0.9398 -0.1619
vn -0.4624 0.8709 0.1663
vn -0.4624 0.8709 0.1664
vn -0.4698 0.8678 0.1620
vn -0.1124 0.8484 -0.5173
vn -0.0893 0.8582 -0.5054
vn -0.0893 0.8582 -0.5055
vn -0.0668 0.8678 -0.4923
vn -0.0670 0.8677 -0.4925
vn -0.0447 0.8773 -0.4778
vn -0.0449 0.8771 -0.4781
vn -0.2937 0.9429 -0.1573
vn -0.4770 0.8647 0.1573
vn -0.6018 0.6397 0.4781
vn -0.5799 0.6491 0.4923
vn -0.5574 0.6587 0.5055
vn -0.5574 0.6587 0.5054
vn -0.5344 0.6685 0.5173
vn -0.5343 0.6685 0.5173
vn -0.4548 0.8742 0.1702
vn -0.3163 0.9333 -0.1701
vn -0.3159 0.9334 -0.1703
vn -0.3396 0.9233 -0.1795
vn -0.3318 0.9267 -0.1766
vn -0.3316 0.9267 -0.1769
vn -0.4310 0.8843 0.1796
vn -0.4310 0.8843 0.1795
vn -0.4391 0.8809 0.1769
vn -0.2093 0.8071 -0.5521
vn -0.1847 0.8177 -0.5453
vn -0.1845 0.8177 -0.5453
vn -0.1601 0.8281 -0.5373
vn -0.1361 0.8383 -0.5279
vn -0.3237 0.9301 -0.1736
vn -0.3237 0.9301 -0.1737
vn -0.4472 0.8774 0.1738
vn -0.4470 0.8775 0.1737
vn -0.5106 0.6784 0.5283
vn -0.5107 0.6785 0.5281
vn -0.4867 0.6888 0.5373
vn -0.4866 0.6888 0.5374
vn -0.4622 0.6993 0.5453
vn -0.4375 0.7098 0.5521
vn -0.4374 0.7098 0.5521
vn -0.4229 0.8878 0.1817
vn -0.3478 0.9198 -0.1817
vn -0.3727 0.9092 -0.1857
vn -0.3644 0.9127 -0.1848
vn -0.3980 0.8984 0.1857
vn -0.4063 0.8948 0.1848
vn -0.3106 0.7639 -0.5657
vn -0.2851 0.7748 -0.5643
vn -0.2597 0.7856 -0.5616
vn -0.2344 0.7964 -0.5575
vn -0.3561 0.9163 -0.1835
vn -0.4147 0.8913 0.1836
vn -0.4146 0.8913 0.1835
vn -0.4120 0.7207 0.5576
vn -0.4124 0.7205 0.5575
vn -0.3871 0.7313 0.5616
vn -0.3617 0.7421 0.5643
vn -0.3362 0.7530 0.5657
vn -0.3361 0.7531 0.5657
vn -0.3896 0.9020 0.1862
vn -0.3810 0.9057 -0.1860
vn -0.3811 0.9056 -0.1862
vn -0.3727 0.9092 0.1856
vn -0.4123 0.7206 -0.5575
vn -0.3872 0.7312 -0.5616
vn -0.3615 0.7423 -0.5642
vn -0.4146 0.8913 -0.1836
vn -0.4391 0.8809 -0.1768
vn -0.5107 0.6786 -0.5280
vn -0.4866 0.6889 -0.5373
vn -0.4622 0.6992 -0.5454
vn -0.4373 0.7098 -0.5522
vn -0.4229 0.8878 -0.1816
vn -0.3478 0.9198 0.1816
vn -0.3237 0.9301 0.1736
vn -0.3237 0.9300 0.1738
vn -0.4470 0.8775 -0.1738
vn -0.3083 0.9366 0.1663
vn -0.5799 0.6491 -0.4924
vn -0.5574 0.6586 -0.5055
vn -0.3159 0.9334 0.1702
vn -0.1124 0.8483 0.5174
vn -0.0895 0.8583 0.5053
vn -0.0893 0.8582 0.5055
vn -0.0668 0.8679 0.4923
vn -0.0668 0.8679 0.4922
vn -0.0448 0.8772 0.4781
vn -0.0449 0.8772 0.4780
vn -0.2937 0.9429 0.1572
vn -0.4907 0.8588 -0.1469
vn -0.2733 0.9515 0.1412
vn -0.6823 0.6054 -0.4098
vn -0.4840 0.8618 -0.1522
vn -0.0031 0.8950 0.4460
vn -0.2672 0.9542 0.1349
vn -0.5035 0.8534 -0.1350
vn -0.2503 0.9614 0.1144
vn -0.2503 0.9614 0.1146
vn -0.7002 0.5978 -0.3903
vn -0.5090 0.8511 -0.1287
vn 0.0536 0.9192 0.3901
vn 0.0537 0.9193 0.3900
vn 0.0704 0.9264 0.3699
vn 0.1021 0.9399 0.3258
vn -0.5384 0.8385 -0.0837
vn -0.5384 0.8386 -0.0837
vn -0.7763 0.5653 -0.2789
vn -0.7632 0.5709 -0.3027
vn 0.1295 0.9516 0.2789
vn 0.1295 0.9515 0.2789
vn -0.5419 0.8371 -0.0755
vn -0.5504 0.8334 -0.0497
vn -0.5480 0.8344 -0.0584
vn -0.5481 0.8344 -0.0584
vn -0.2202 0.9742 0.0497
vn -0.2226 0.9731 0.0586
vn -0.8249 0.5447 -0.1509
vn -0.8176 0.5477 -0.1774
vn -0.8176 0.5478 -0.1775
vn 0.1622 0.9655 0.2036
vn 0.1708 0.9692 0.1775
vn -0.2182 0.9751 0.0408
vn -0.5554 0.8313 -0.0230
vn -0.2146 0.9766 0.0137
vn -0.8437 0.5366 -0.0139
vn -0.8399 0.5384 -0.0694
vn -0.8362 0.5398 -0.0967
vn -0.8362 0.5400 -0.0964
vn -0.5541 0.8319 -0.0319
vn -0.2164 0.9758 0.0317
vn 0.1892 0.9772 0.0967
vn -0.5554 0.8313 0.0226
vn -0.8361 0.5400 0.0965
vn -0.8362 0.5398 0.0965
vn -0.8436 0.5367 0.0139
vn -0.8437 0.5366 0.0140
vn 0.1957 0.9798 -0.0416
vn -0.2163 0.9758 -0.0316
vn -0.5480 0.8344 0.0584
vn -0.2202 0.9742 -0.0497
vn -0.8176 0.5478 0.1775
vn -0.2182 0.9750 -0.0408
vn 0.1622 0.9655 -0.2036
vn 0.1622 0.9655 -0.2037
vn -0.7763 0.5653 0.2789
vn -0.5419 0.8370 0.0755
vn -0.5419 0.8370 0.0754
vn 0.1295 0.9516 -0.2789
vn -0.2503 0.9614 -0.1144
vn -0.7004 0.5977 0.3901
vn 0.1022 0.9399 -0.3258
vn 0.0708 0.9265 -0.3696
vn 0.0536 0.9192 -0.3901
vn -0.4908 0.8588 0.1468
vn -0.2733 0.9515 -0.1412
vn -0.6633 0.6135 0.4285
vn -0.6823 0.6054 0.4098
vn -0.6822 0.6056 0.4098
vn -0.5035 0.8534 0.1350
vn -0.2672 0.9542 -0.1349
vn -0.2672 0.9541 -0.1349
vn 0.0355 0.9115 -0.4097
vn 0.0356 0.9115 -0.4098
vn 0.0166 0.9034 -0.4286
vn -0.0237 0.8863 -0.4626
vn -0.2867 0.9458 -0.1522
vn -0.4840 0.8617 0.1524
vn -0.4840 0.8617 0.1523
vn -0.3009 0.9398 -0.1621
vn -0.5797 0.6492 0.4923
vn -0.4772 0.8647 0.1569
vn -0.0449 0.8771 -0.4782
vn -0.0449 0.8772 -0.4780
vn -0.0668 0.8678 -0.4925
vn -0.0668 0.8678 -0.4924
vn -0.1123 0.8485 -0.5172
vn -0.4548 0.8742 0.1703
vn -0.4391 0.8809 0.1768
vn -0.3397 0.9233 -0.1794
vn -0.3397 0.9232 -0.1795
vn -0.3316 0.9267 -0.1768
vn -0.4375 0.7098 0.5520
vn -0.4866 0.6888 0.5373
vn -0.5107 0.6786 0.5279
vn -0.4470 0.8775 0.1738
vn -0.3237 0.9301 -0.1738
vn -0.1361 0.8384 -0.5278
vn -0.1361 0.8383 -0.5280
vn -0.4229 0.8878 0.1816
vn -0.3362 0.7529 0.5657
vn -0.3872 0.7312 0.5616
vn -0.4125 0.7205 0.5574
vn -0.2344 0.7962 -0.5578
vn -0.2596 0.7858 -0.5614
vn -0.3896 0.9020 0.1861
vn 0.9361 0.2326 -0.2637
vn 0.9362 0.2326 -0.2636
vn 0.9232 0.2271 -0.3099
vn 0.9233 0.2271 -0.3099
vn 0.8160 0.5145 -0.2636
vn 0.8029 0.5091 -0.3101
vn 0.8030 0.5090 -0.3099
vn 0.9746 -0.1166 -0.1911
vn 0.9651 -0.1207 -0.2326
vn 0.9537 -0.1255 -0.2735
vn 0.9536 -0.1255 -0.2735
vn 0.9404 -0.1312 -0.3138
vn 0.9082 0.2207 -0.3556
vn 0.7880 0.5026 -0.3556
vn 0.5564 0.7694 -0.3138
vn 0.5697 0.7750 -0.2735
vn 0.5811 0.7799 -0.2326
vn 0.5906 0.7840 -0.1911
vn 0.8268 0.5191 -0.2166
vn 0.9470 0.2372 -0.2166
vn -0.0068 -0.1695 0.9855
vn -0.0511 -0.1884 0.9808
vn -0.1270 0.1124 0.9855
vn -0.1714 0.0936 0.9807
vn -0.1713 0.0935 0.9808
vn 0.1723 -0.4587 0.8717
vn 0.1330 -0.4755 0.8696
vn 0.0938 -0.4921 0.8654
vn 0.0938 -0.4921 0.8655
vn 0.0550 -0.5089 0.8591
vn 0.0549 -0.5087 0.8592
vn -0.0953 -0.2072 0.9737
vn -0.0953 -0.2072 0.9736
vn -0.2155 0.0747 0.9736
vn -0.2156 0.0747 0.9736
vn -0.3291 0.3918 0.8592
vn -0.2902 0.4084 0.8654
vn -0.2510 0.4251 0.8696
vn -0.2117 0.4419 0.8717
vn -0.2122 0.4421 0.8715
vn -0.0824 0.1314 0.9879
vn 0.0377 -0.1505 0.9879
vn 0.8720 0.2055 0.4443
vn 0.8720 0.2053 0.4444
vn 0.8510 0.1963 0.4871
vn 0.7518 0.4871 0.4445
vn 0.7518 0.4872 0.4444
vn 0.7308 0.4782 0.4871
vn 0.9253 -0.1376 0.3534
vn 0.9253 -0.1376 0.3535
vn 0.9085 -0.1448 0.3921
vn 0.8899 -0.1527 0.4298
vn 0.8697 -0.1613 0.4665
vn 0.8697 -0.1614 0.4665
vn 0.8281 0.1865 0.5286
vn 0.7079 0.4682 0.5288
vn 0.7079 0.4684 0.5286
vn 0.4857 0.7393 0.4665
vn 0.4856 0.7393 0.4665
vn 0.5059 0.7479 0.4298
vn 0.5245 0.7557 0.3921
vn 0.5245 0.7558 0.3921
vn 0.5413 0.7630 0.3534
vn 0.7709 0.4953 0.4005
vn 0.8911 0.2135 0.4005
vn 0.8911 0.2134 0.4005
vn 0.8720 0.2053 -0.4443
vn 0.8510 0.1963 -0.4870
vn 0.7520 0.4870 -0.4442
vn 0.7518 0.4871 -0.4443
vn 0.7308 0.4782 -0.4871
vn 0.9253 -0.1377 -0.3534
vn 0.9085 -0.1448 -0.3921
vn 0.9084 -0.1448 -0.3921
vn 0.8899 -0.1527 -0.4298
vn 0.8900 -0.1524 -0.4298
vn 0.8697 -0.1613 -0.4665
vn 0.8281 0.1865 -0.5286
vn 0.7079 0.4684 -0.5286
vn 0.4857 0.7392 -0.4666
vn 0.4857 0.7392 -0.4665
vn 0.5059 0.7479 -0.4298
vn 0.5245 0.7558 -0.3921
vn 0.5413 0.7630 -0.3534
vn 0.5413 0.7629 -0.3534
vn 0.7709 0.4953 -0.4005
vn 0.8911 0.2133 -0.4005
vn 0.8911 0.2134 -0.4005
vn -0.0068 -0.1695 -0.9855
vn -0.0511 -0.1884 -0.9808
vn -0.1270 0.1124 -0.9855
vn -0.1713 0.0935 -0.9808
vn 0.1723 -0.4587 -0.8717
vn 0.1330 -0.4755 -0.8696
vn 0.0938 -0.4921 -0.8655
vn 0.0938 -0.4921 -0.8654
vn 0.0549 -0.5088 -0.8591
vn -0.0953 -0.2072 -0.9736
vn -0.2155 0.0747 -0.9736
vn -0.2157 0.0749 -0.9736
vn -0.3291 0.3919 -0.8591
vn -0.3290 0.3920 -0.8591
vn -0.2901 0.4084 -0.8655
vn -0.2901 0.4085 -0.8654
vn -0.2510 0.4251 -0.8696
vn -0.2117 0.4419 -0.8717
vn -0.0824 0.1314 -0.9879
vn 0.0376 -0.1505 -0.9879
vn 0.0377 -0.1505 -0.9879
vn 0.9362 0.2326 0.2636
vn 0.9361 0.2326 0.2637
vn 0.9232 0.2271 0.3099
vn 0.9232 0.2271 0.3100
vn 0.8160 0.5145 0.2636
vn 0.8030 0.5090 0.3100
vn 0.9746 -0.1166 0.1911
vn 0.9651 -0.1207 0.2326
vn 0.9536 -0.1256 0.2735
vn 0.9404 -0.1312 0.3138
vn 0.9082 0.2207 0.3556
vn 0.7880 0.5026 0.3556
vn 0.5564 0.7694 0.3138
vn 0.5697 0.7750 0.2735
vn 0.5815 0.7796 0.2325
vn 0.5811 0.7799 0.2325
vn 0.5906 0.7840 0.1911
vn 0.5906 0.7839 0.1915
vn 0.8268 0.5191 0.2165
vn 0.8268 0.5191 0.2166
vn 0.9470 0.2372 0.2166
vn 0.9470 0.2372 0.2165
vn 0.7767 0.1646 -0.6080
vn 0.7767 0.1645 -0.6080
vn 0.7484 0.1526 -0.6454
vn 0.6565 0.4465 -0.6080
vn 0.6282 0.4344 -0.6455
vn 0.6282 0.4344 -0.6454
vn 0.8478 -0.1707 -0.5021
vn 0.8243 -0.1807 -0.5365
vn 0.7994 -0.1913 -0.5695
vn 0.7729 -0.2026 -0.6013
vn 0.7184 0.1398 -0.6814
vn 0.7185 0.1398 -0.6814
vn 0.5983 0.4217 -0.6814
vn 0.3890 0.6980 -0.6013
vn 0.4154 0.7093 -0.5695
vn 0.4403 0.7199 -0.5365
vn 0.4640 0.7298 -0.5021
vn 0.4638 0.7299 -0.5021
vn 0.6829 0.4580 -0.5690
vn 0.6830 0.4580 -0.5690
vn 0.8033 0.1759 -0.5690
vn -0.1824 -0.2443 -0.9524
vn -0.2250 -0.2625 -0.9383
vn -0.3026 0.0375 -0.9524
vn -0.3454 0.0194 -0.9383
vn -0.3452 0.0194 -0.9383
vn 0.0162 -0.5252 -0.8508
vn -0.0220 -0.5415 -0.8404
vn -0.0597 -0.5577 -0.8279
vn -0.0598 -0.5578 -0.8278
vn -0.0966 -0.5733 -0.8136
vn -0.0967 -0.5733 -0.8136
vn -0.2670 -0.2804 -0.9220
vn -0.3872 0.0015 -0.9220
vn -0.4807 0.3272 -0.8136
vn -0.4436 0.3429 -0.8280
vn -0.4436 0.3430 -0.8280
vn -0.4060 0.3591 -0.8404
vn -0.3678 0.3754 -0.8508
vn -0.2593 0.0560 -0.9642
vn -0.1391 -0.2259 -0.9642
vn 0.9666 0.2456 0.0727
vn 0.9623 0.2437 0.1209
vn 0.8465 0.5275 0.0727
vn 0.8421 0.5256 0.1209
vn 0.9939 -0.1084 0.0214
vn 0.9939 -0.1084 0.0213
vn 0.9919 -0.1093 0.0641
vn 0.9919 -0.1092 0.0642
vn 0.9881 -0.1109 0.1067
vn 0.9823 -0.1129 0.1494
vn 0.9823 -0.1133 0.1490
vn 0.9557 0.2409 0.1689
vn 0.8356 0.5228 0.1689
vn 0.8357 0.5227 0.1686
vn 0.5983 0.7873 0.1490
vn 0.6041 0.7897 0.1068
vn 0.6041 0.7897 0.1067
vn 0.6080 0.7914 0.0642
vn 0.6099 0.7922 0.0214
vn 0.8486 0.5284 0.0243
vn 0.8486 0.5285 0.0243
vn 0.9688 0.2465 0.0243
vn 0.6538 0.1122 -0.7483
vn 0.6194 0.0975 -0.7790
vn 0.5336 0.3941 -0.7483
vn 0.4992 0.3794 -0.7790
vn 0.7453 -0.2145 -0.6312
vn 0.7451 -0.2145 -0.6315
vn 0.7159 -0.2269 -0.6603
vn 0.7157 -0.2267 -0.6605
vn 0.6855 -0.2399 -0.6874
vn 0.6539 -0.2534 -0.7129
vn 0.5836 0.0821 -0.8079
vn 0.5835 0.0822 -0.8079
vn 0.4634 0.3642 -0.8079
vn 0.4634 0.3641 -0.8079
vn 0.2699 0.6473 -0.7129
vn 0.2699 0.6472 -0.7129
vn 0.3015 0.6607 -0.6874
vn 0.3319 0.6737 -0.6603
vn 0.3611 0.6861 -0.6316
vn 0.5667 0.4082 -0.7157
vn 0.6869 0.1263 -0.7157
vn -0.3486 -0.3152 -0.8827
vn -0.3879 -0.3320 -0.8598
vn -0.4688 -0.0333 -0.8827
vn -0.5081 -0.0501 -0.8598
vn -0.1331 -0.5889 -0.7972
vn -0.1687 -0.6041 -0.7789
vn -0.2035 -0.6189 -0.7587
vn -0.2034 -0.6189 -0.7587
vn -0.2371 -0.6333 -0.7367
vn -0.4262 -0.3483 -0.8349
vn -0.5464 -0.0664 -0.8349
vn -0.6211 0.2673 -0.7367
vn -0.6211 0.2673 -0.7368
vn -0.5873 0.2817 -0.7587
vn -0.5527 0.2965 -0.7789
vn -0.5171 0.3117 -0.7972
vn -0.4285 -0.0161 -0.9034
vn -0.3083 -0.2980 -0.9034
vn 0.9623 0.2436 -0.1209
vn 0.9623 0.2437 -0.1209
vn 0.9666 0.2456 -0.0727
vn 0.8421 0.5256 -0.1209
vn 0.8465 0.5275 -0.0727
vn 0.9823 -0.1133 -0.1490
vn 0.9823 -0.1132 -0.1490
vn 0.9881 -0.1109 -0.1067
vn 0.9919 -0.1092 -0.0642
vn 0.9919 -0.1093 -0.0642
vn 0.9939 -0.1084 -0.0214
vn 0.9688 0.2465 -0.0243
vn 0.8486 0.5284 -0.0243
vn 0.6099 0.7922 -0.0214
vn 0.6080 0.7913 -0.0642
vn 0.6080 0.7914 -0.0642
vn 0.6041 0.7897 -0.1067
vn 0.5983 0.7873 -0.1490
vn 0.8354 0.5230 -0.1689
vn 0.8355 0.5228 -0.1690
vn 0.9557 0.2409 -0.1689
vn 0.5082 0.0501 -0.8598
vn 0.5081 0.0501 -0.8598
vn 0.4688 0.0333 -0.8827
vn 0.3879 0.3320 -0.8598
vn 0.3880 0.3320 -0.8598
vn 0.3486 0.3152 -0.8827
vn 0.6211 -0.2673 -0.7367
vn 0.5873 -0.2817 -0.7587
vn 0.5527 -0.2965 -0.7789
vn 0.5172 -0.3118 -0.7971
vn 0.5171 -0.3117 -0.7972
vn 0.4285 0.0161 -0.9034
vn 0.3083 0.2980 -0.9034
vn 0.1331 0.5889 -0.7972
vn 0.1687 0.6040 -0.7789
vn 0.1687 0.6041 -0.7789
vn 0.2034 0.6189 -0.7587
vn 0.2371 0.6333 -0.7367
vn 0.2366 0.6334 -0.7368
vn 0.4262 0.3483 -0.8349
vn 0.5464 0.0664 -0.8349
vn -0.4992 -0.3794 -0.7790
vn -0.5336 -0.3941 -0.7483
vn -0.6194 -0.0975 -0.7790
vn -0.6538 -0.1122 -0.7483
vn -0.2699 -0.6472 -0.7130
vn -0.2699 -0.6472 -0.7129
vn -0.3015 -0.6607 -0.6874
vn -0.3319 -0.6737 -0.6603
vn -0.3611 -0.6861 -0.6316
vn -0.5667 -0.4082 -0.7157
vn -0.6869 -0.1263 -0.7157
vn -0.7451 0.2145 -0.6316
vn -0.7159 0.2269 -0.6603
vn -0.7160 0.2269 -0.6602
vn -0.6855 0.2399 -0.6874
vn -0.6540 0.2534 -0.7128
vn -0.6539 0.2534 -0.7129
vn -0.5833 -0.0823 -0.8081
vn -0.5835 -0.0823 -0.8079
vn -0.4634 -0.3640 -0.8079
vn -0.4634 -0.3641 -0.8079
vn 0.9233 0.2270 -0.3099
vn 0.5810 0.7800 -0.2324
vn 0.5812 0.7798 -0.2324
vn 0.5699 0.7750 -0.2733
vn 0.3452 -0.0194 -0.9383
vn 0.3454 -0.0194 -0.9383
vn 0.3026 -0.0376 -0.9524
vn 0.2250 0.2625 -0.9383
vn 0.1824 0.2443 -0.9524
vn 0.4806 -0.3272 -0.8136
vn 0.4436 -0.3430 -0.8280
vn 0.4060 -0.3591 -0.8404
vn 0.3678 -0.3753 -0.8508
vn 0.2593 -0.0560 -0.9642
vn 0.1391 0.2259 -0.9642
vn -0.0162 0.5254 -0.8507
vn -0.0162 0.5252 -0.8508
vn 0.0220 0.5415 -0.8404
vn 0.0596 0.5576 -0.8280
vn 0.0966 0.5733 -0.8136
vn 0.0967 0.5734 -0.8135
vn 0.2668 0.2802 -0.9221
vn 0.2670 0.2804 -0.9220
vn 0.3873 -0.0015 -0.9220
vn 0.3872 -0.0015 -0.9220
vn -0.6282 -0.4344 -0.6454
vn -0.6282 -0.4344 -0.6455
vn -0.6565 -0.4465 -0.6080
vn -0.7484 -0.1525 -0.6454
vn -0.7485 -0.1525 -0.6453
vn -0.7767 -0.1646 -0.6080
vn -0.3890 -0.6980 -0.6012
vn -0.4154 -0.7093 -0.5695
vn -0.4403 -0.7199 -0.5365
vn -0.4638 -0.7299 -0.5021
vn -0.6831 -0.4578 -0.5691
vn -0.8033 -0.1759 -0.5690
vn -0.8478 0.1707 -0.5021
vn -0.8243 0.1807 -0.5365
vn -0.7994 0.1913 -0.5696
vn -0.7730 0.2026 -0.6012
vn -0.7185 -0.1398 -0.6814
vn -0.7183 -0.1398 -0.6815
vn -0.5982 -0.4217 -0.6814
vn -0.5983 -0.4217 -0.6814
vn 0.8510 0.1963 -0.4871
vn 0.8509 0.1962 -0.4874
vn 0.8721 0.2052 -0.4443
vn 0.8720 0.2052 -0.4444
vn 0.9253 -0.1376 -0.3534
vn 0.5245 0.7557 -0.3923
vn 0.7080 0.4684 -0.5286
vn 0.1713 -0.0935 -0.9808
vn 0.1712 -0.0936 -0.9808
vn 0.1270 -0.1124 -0.9855
vn 0.0509 0.1884 -0.9808
vn 0.0511 0.1884 -0.9808
vn 0.0068 0.1695 -0.9855
vn 0.3291 -0.3919 -0.8592
vn 0.2901 -0.4082 -0.8656
vn 0.2900 -0.4082 -0.8656
vn 0.2510 -0.4251 -0.8697
vn 0.2510 -0.4251 -0.8696
vn 0.2118 -0.4419 -0.8717
vn 0.2117 -0.4419 -0.8717
vn 0.0824 -0.1314 -0.9879
vn -0.0377 0.1505 -0.9879
vn -0.1723 0.4587 -0.8717
vn -0.1722 0.4587 -0.8717
vn -0.1330 0.4755 -0.8696
vn -0.0938 0.4922 -0.8654
vn -0.0549 0.5086 -0.8593
vn -0.0549 0.5087 -0.8592
vn 0.0953 0.2072 -0.9736
vn 0.2154 -0.0749 -0.9737
vn 0.2154 -0.0747 -0.9737
vn -0.7308 -0.4782 -0.4870
vn -0.7309 -0.4782 -0.4870
vn -0.7518 -0.4871 -0.4443
vn -0.7519 -0.4871 -0.4442
vn -0.8510 -0.1963 -0.4870
vn -0.8720 -0.2053 -0.4443
vn -0.4857 -0.7392 -0.4665
vn -0.4858 -0.7392 -0.4665
vn -0.5059 -0.7479 -0.4298
vn -0.5246 -0.7557 -0.3921
vn -0.5245 -0.7558 -0.3921
vn -0.5413 -0.7630 -0.3534
vn -0.7709 -0.4953 -0.4005
vn -0.8911 -0.2134 -0.4005
vn -0.9253 0.1376 -0.3534
vn -0.9085 0.1448 -0.3921
vn -0.8899 0.1527 -0.4298
vn -0.8899 0.1526 -0.4298
vn -0.8697 0.1613 -0.4665
vn -0.8281 -0.1865 -0.5286
vn -0.7079 -0.4684 -0.5286
vn -0.7080 -0.4684 -0.5286
vn 0.7484 0.1525 -0.6454
vn 0.7483 0.1524 -0.6456
vn 0.7728 -0.2026 -0.6014
vn 0.7994 -0.1913 -0.5696
vn 0.6831 0.4578 -0.5690
vn 0.6830 0.4579 -0.5690
vn 0.6831 0.4579 -0.5690
vn 0.3890 0.6980 -0.6012
vn 0.5982 0.4217 -0.6814
vn -0.8031 -0.5090 -0.3099
vn -0.8160 -0.5144 -0.2636
vn -0.8160 -0.5145 -0.2636
vn -0.9232 -0.2271 -0.3099
vn -0.9362 -0.2326 -0.2636
vn -0.5564 -0.7694 -0.3138
vn -0.5697 -0.7750 -0.2735
vn -0.5698 -0.7749 -0.2735
vn -0.5811 -0.7799 -0.2326
vn -0.5906 -0.7840 -0.1911
vn -0.8268 -0.5191 -0.2166
vn -0.9470 -0.2372 -0.2166
vn -0.9470 -0.2372 -0.2165
vn -0.9746 0.1166 -0.1911
vn -0.9651 0.1207 -0.2326
vn -0.9536 0.1256 -0.2735
vn -0.9404 0.1312 -0.3138
vn -0.9082 -0.2207 -0.3556
vn -0.7880 -0.5026 -0.3556
vn 0.7161 -0.2268 -0.6601
vn 0.7161 -0.2269 -0.6601
vn 0.7160 -0.2269 -0.6603
vn 0.7450 -0.2145 -0.6316
vn 0.7451 -0.2145 -0.6316
vn 0.3014 0.6608 -0.6874
vn 0.5836 0.0822 -0.8079
vn -0.8421 -0.5256 -0.1209
vn -0.8465 -0.5275 -0.0727
vn -0.9623 -0.2437 -0.1209
vn -0.9666 -0.2456 -0.0727
vn -0.5983 -0.7873 -0.1490
vn -0.6041 -0.7897 -0.1068
vn -0.6041 -0.7897 -0.1067
vn -0.6079 -0.7914 -0.0642
vn -0.6080 -0.7914 -0.0642
vn -0.6099 -0.7922 -0.0214
vn -0.8486 -0.5284 -0.0243
vn -0.9688 -0.2465 -0.0243
vn -0.9939 0.1084 -0.0214
vn -0.9939 0.1086 -0.0214
vn -0.9920 0.1090 -0.0641
vn -0.9920 0.1092 -0.0640
vn -0.9881 0.1109 -0.1067
vn -0.9823 0.1133 -0.1490
vn -0.9557 -0.2411 -0.1689
vn -0.9557 -0.2409 -0.1689
vn -0.8356 -0.5228 -0.1689
vn -0.8355 -0.5228 -0.1689
vn 0.5080 0.0501 -0.8599
vn 0.5174 -0.3117 -0.7970
vn 0.5527 -0.2965 -0.7788
vn 0.5874 -0.2817 -0.7587
vn 0.2035 0.6188 -0.7587
vn 0.2034 0.6188 -0.7587
vn 0.1687 0.6041 -0.7788
vn -0.8464 -0.5275 0.0727
vn -0.8464 -0.5276 0.0727
vn -0.8421 -0.5256 0.1209
vn -0.9666 -0.2456 0.0727
vn -0.9623 -0.2437 0.1209
vn -0.6099 -0.7922 0.0214
vn -0.6080 -0.7913 0.0642
vn -0.6079 -0.7914 0.0642
vn -0.6042 -0.7896 0.1067
vn -0.6041 -0.7897 0.1068
vn -0.5983 -0.7873 0.1490
vn -0.5983 -0.7873 0.1487
vn -0.8355 -0.5228 0.1690
vn -0.8355 -0.5228 0.1689
vn -0.9557 -0.2411 0.1689
vn -0.9557 -0.2409 0.1689
vn -0.9823 0.1133 0.1490
vn -0.9881 0.1109 0.1067
vn -0.9919 0.1092 0.0642
vn -0.9920 0.1092 0.0640
vn -0.9939 0.1084 0.0214
vn -0.9689 -0.2463 0.0244
vn -0.9688 -0.2465 0.0243
vn -0.8486 -0.5284 0.0243
vn 0.3025 -0.0376 -0.9524
vn 0.3685 -0.3754 -0.8505
vn 0.4059 -0.3592 -0.8404
vn 0.4805 -0.3274 -0.8136
vn 0.4806 -0.3273 -0.8136
vn 0.0966 0.5734 -0.8136
vn 0.0594 0.5572 -0.8282
vn -0.0162 0.5253 -0.8508
vn 0.2593 -0.0562 -0.9642
vn 0.2593 -0.0561 -0.9642
vn -0.8160 -0.5145 0.2636
vn -0.8030 -0.5090 0.3099
vn -0.9362 -0.2326 0.2636
vn -0.9361 -0.2328 0.2636
vn -0.9232 -0.2271 0.3099
vn -0.5906 -0.7840 0.1911
vn -0.5811 -0.7799 0.2326
vn -0.5697 -0.7750 0.2735
vn -0.5564 -0.7694 0.3138
vn -0.7880 -0.5026 0.3556
vn -0.9082 -0.2207 0.3556
vn -0.9404 0.1312 0.3138
vn -0.9536 0.1256 0.2735
vn -0.9651 0.1207 0.2326
vn -0.9746 0.1166 0.1911
vn -0.9470 -0.2372 0.2166
vn -0.8269 -0.5191 0.2164
vn -0.8268 -0.5191 0.2166
vn 0.1712 -0.0935 -0.9808
vn 0.2902 -0.4084 -0.8654
vn 0.2902 -0.4085 -0.8654
vn 0.3291 -0.3918 -0.8592
vn 0.2155 -0.0747 -0.9737
vn 0.2155 -0.0747 -0.9736
vn 0.0953 0.2072 -0.9737
vn -0.0549 0.5088 -0.8591
vn -0.0938 0.4921 -0.8655
vn -0.7518 -0.4871 0.4443
vn -0.7518 -0.4872 0.4443
vn -0.7308 -0.4782 0.4871
vn -0.8720 -0.2053 0.4443
vn -0.8510 -0.1962 0.4871
vn -0.8510 -0.1963 0.4871
vn -0.5413 -0.7630 0.3534
vn -0.5245 -0.7558 0.3920
vn -0.5245 -0.7558 0.3921
vn -0.5058 -0.7481 0.4296
vn -0.5059 -0.7479 0.4298
vn -0.4857 -0.7392 0.4665
vn -0.7080 -0.4683 0.5286
vn -0.7079 -0.4684 0.5286
vn -0.8281 -0.1866 0.5286
vn -0.8281 -0.1865 0.5286
vn -0.8697 0.1614 0.4665
vn -0.8697 0.1613 0.4665
vn -0.8899 0.1527 0.4298
vn -0.9085 0.1448 0.3921
vn -0.9084 0.1450 0.3921
vn -0.9253 0.1376 0.3534
vn -0.8911 -0.2134 0.4005
vn -0.7709 -0.4953 0.4005
vn -0.1268 0.1124 -0.9855
vn 0.0549 -0.5087 -0.8592
vn -0.2902 0.4084 -0.8654
vn -0.2900 0.4082 -0.8656
vn -0.3291 0.3918 -0.8592
vn -0.0953 -0.2072 -0.9737
vn -0.6565 -0.4465 0.6080
vn -0.6283 -0.4344 0.6454
vn -0.6282 -0.4344 0.6455
vn -0.7767 -0.1646 0.6080
vn -0.7484 -0.1525 0.6454
vn -0.4638 -0.7299 0.5021
vn -0.4404 -0.7199 0.5365
vn -0.4155 -0.7093 0.5695
vn -0.4154 -0.7093 0.5695
vn -0.3890 -0.6980 0.6012
vn -0.3889 -0.6981 0.6012
vn -0.5983 -0.4217 0.6814
vn -0.7185 -0.1398 0.6814
vn -0.7730 0.2026 0.6012
vn -0.7994 0.1913 0.5696
vn -0.8243 0.1807 0.5365
vn -0.8478 0.1707 0.5021
vn -0.8033 -0.1759 0.5690
vn -0.6831 -0.4578 0.5690
vn -0.2250 -0.2624 -0.9384
vn -0.3026 0.0376 -0.9524
vn -0.0967 -0.5734 -0.8135
vn -0.0972 -0.5733 -0.8136
vn -0.0596 -0.5576 -0.8280
vn 0.0162 -0.5253 -0.8508
vn -0.2595 0.0562 -0.9641
vn -0.3678 0.3753 -0.8508
vn -0.3677 0.3754 -0.8508
vn -0.4806 0.3272 -0.8136
vn -0.3871 0.0015 -0.9220
vn -0.3875 0.0015 -0.9219
vn -0.2671 -0.2805 -0.9219
vn -0.5336 -0.3941 0.7483
vn -0.4992 -0.3794 0.7790
vn -0.6538 -0.1122 0.7483
vn -0.6538 -0.1121 0.7483
vn -0.6194 -0.0973 0.7790
vn -0.6190 -0.0973 0.7793
vn -0.3611 -0.6861 0.6316
vn -0.3319 -0.6737 0.6603
vn -0.3015 -0.6607 0.6874
vn -0.2697 -0.6474 0.7129
vn -0.2698 -0.6471 0.7131
vn -0.4634 -0.3641 0.8079
vn -0.5837 -0.0823 0.8078
vn -0.5835 -0.0822 0.8079
vn -0.6539 0.2534 0.7129
vn -0.6540 0.2536 0.7128
vn -0.6855 0.2399 0.6874
vn -0.7159 0.2269 0.6603
vn -0.7450 0.2144 0.6316
vn -0.7451 0.2145 0.6315
vn -0.6869 -0.1263 0.7157
vn -0.5667 -0.4082 0.7157
vn -0.3488 -0.3152 -0.8826
vn -0.2371 -0.6332 -0.7368
vn -0.2034 -0.6188 -0.7588
vn -0.1687 -0.6041 -0.7788
vn -0.5171 0.3116 -0.7972
vn -0.5874 0.2817 -0.7587
vn -0.5872 0.2817 -0.7588
vn -0.5464 -0.0666 -0.8349
vn -0.3879 -0.3320 0.8598
vn -0.3880 -0.3319 0.8598
vn -0.3485 -0.3152 0.8827
vn -0.5081 -0.0501 0.8598
vn -0.4688 -0.0333 0.8827
vn -0.2371 -0.6331 0.7369
vn -0.2373 -0.6332 0.7367
vn -0.2032 -0.6188 0.7588
vn -0.2033 -0.6190 0.7587
vn -0.1687 -0.6041 0.7789
vn -0.1331 -0.5889 0.7972
vn -0.1330 -0.5889 0.7972
vn -0.3083 -0.2980 0.9034
vn -0.4285 -0.0161 0.9034
vn -0.5171 0.3117 0.7972
vn -0.5527 0.2965 0.7789
vn -0.5873 0.2817 0.7587
vn -0.6211 0.2677 0.7366
vn -0.6211 0.2673 0.7367
vn -0.5464 -0.0664 0.8349
vn -0.4262 -0.3483 0.8349
vn -0.4993 -0.3793 -0.7790
vn -0.5835 -0.0822 -0.8079
vn -0.7159 0.2268 -0.6603
vn -0.7450 0.2145 -0.6316
vn -0.6871 -0.1263 -0.7155
vn -0.2250 -0.2625 0.9383
vn -0.1824 -0.2443 0.9524
vn -0.3452 0.0192 0.9383
vn -0.3452 0.0194 0.9383
vn -0.3026 0.0376 0.9524
vn -0.0966 -0.5733 0.8136
vn -0.0967 -0.5733 0.8136
vn -0.0595 -0.5575 0.8280
vn -0.0596 -0.5576 0.8280
vn -0.0220 -0.5415 0.8404
vn -0.0220 -0.5414 0.8405
vn 0.0162 -0.5252 0.8508
vn -0.1391 -0.2259 0.9642
vn -0.2593 0.0560 0.9642
vn -0.3678 0.3754 0.8508
vn -0.4060 0.3591 0.8404
vn -0.4436 0.3430 0.8280
vn -0.4436 0.3429 0.8280
vn -0.4806 0.3272 0.8136
vn -0.3872 0.0015 0.9220
vn -0.2670 -0.2804 0.9220
vn -0.7483 -0.1525 -0.6455
vn -0.4637 -0.7300 -0.5021
vn -0.5983 -0.4216 -0.6814
vn -0.7729 0.2026 -0.6013
vn -0.7994 0.1913 -0.5695
vn -0.6831 -0.4578 -0.5690
vn -0.0510 -0.1884 0.9808
vn 0.0549 -0.5088 0.8591
vn 0.0938 -0.4922 0.8654
vn 0.1723 -0.4589 0.8716
vn -0.2902 0.4086 0.8653
vn -0.7308 -0.4782 -0.4871
vn -0.8721 -0.2052 -0.4443
vn -0.8720 -0.2052 -0.4443
vn -0.8509 -0.1965 -0.4872
vn -0.8510 -0.1963 -0.4871
vn -0.5413 -0.7630 -0.3533
vn -0.5062 -0.7477 -0.4298
vn 0.1270 -0.1124 0.9855
vn 0.1713 -0.0935 0.9808
vn 0.0068 0.1695 0.9855
vn 0.0511 0.1884 0.9808
vn 0.2117 -0.4419 0.8717
vn 0.2510 -0.4251 0.8696
vn 0.2900 -0.4082 0.8656
vn 0.2902 -0.4086 0.8653
vn 0.3291 -0.3918 0.8592
vn 0.2155 -0.0747 0.9736
vn 0.2155 -0.0747 0.9737
vn 0.0954 0.2072 0.9736
vn 0.0953 0.2072 0.9736
vn -0.0549 0.5087 0.8592
vn -0.0938 0.4922 0.8654
vn -0.1330 0.4755 0.8696
vn -0.1723 0.4587 0.8717
vn -0.0377 0.1505 0.9879
vn 0.0824 -0.1314 0.9879
vn -0.8030 -0.5090 -0.3099
vn -0.9361 -0.2329 -0.2636
vn -0.9536 0.1255 -0.2735
vn 0.3026 -0.0376 0.9524
vn 0.3449 -0.0197 0.9384
vn 0.3452 -0.0192 0.9383
vn 0.1824 0.2443 0.9524
vn 0.2250 0.2624 0.9384
vn 0.2248 0.2623 0.9384
vn 0.3678 -0.3753 0.8508
vn 0.4060 -0.3591 0.8404
vn 0.4436 -0.3430 0.8280
vn 0.4806 -0.3272 0.8136
vn 0.4805 -0.3274 0.8136
vn 0.3872 -0.0015 0.9220
vn 0.2670 0.2804 0.9220
vn 0.0967 0.5734 0.8135
vn 0.0967 0.5734 0.8136
vn 0.0596 0.5576 0.8280
vn 0.0220 0.5415 0.8404
vn -0.0162 0.5252 0.8508
vn 0.1391 0.2259 0.9642
vn 0.2593 -0.0560 0.9642
vn -0.6099 -0.7922 -0.0215
vn -0.6041 -0.7897 -0.1066
vn -0.6042 -0.7897 -0.1067
vn -0.5985 -0.7873 -0.1484
vn -0.8355 -0.5229 -0.1689
vn -0.9919 0.1092 -0.0642
vn 0.4688 0.0333 0.8827
vn 0.4688 0.0332 0.8827
vn 0.5081 0.0502 0.8598
vn 0.5081 0.0501 0.8598
vn 0.3485 0.3152 0.8827
vn 0.3486 0.3152 0.8827
vn 0.3883 0.3317 0.8598
vn 0.3879 0.3320 0.8598
vn 0.5169 -0.3119 0.7972
vn 0.5171 -0.3117 0.7972
vn 0.5527 -0.2965 0.7789
vn 0.5873 -0.2817 0.7587
vn 0.6211 -0.2673 0.7367
vn 0.5464 0.0663 0.8349
vn 0.5464 0.0664 0.8349
vn 0.4262 0.3483 0.8349
vn 0.2371 0.6333 0.7367
vn 0.2033 0.6189 0.7587
vn 0.1687 0.6041 0.7789
vn 0.1687 0.6040 0.7789
vn 0.1331 0.5889 0.7972
vn 0.3083 0.2980 0.9034
vn 0.4285 0.0161 0.9034
vn -0.8465 -0.5275 0.0727
vn -0.9667 -0.2456 0.0727
vn -0.5983 -0.7873 0.1489
vn -0.6042 -0.7897 0.1067
vn -0.6041 -0.7897 0.1065
vn -0.8487 -0.5284 0.0243
vn -0.8357 -0.5227 0.1686
vn -0.8355 -0.5228 0.1691
vn 0.6194 0.0975 0.7790
vn 0.6539 0.1122 0.7482
vn 0.6538 0.1124 0.7483
vn 0.4992 0.3794 0.7790
vn 0.5336 0.3941 0.7483
vn 0.5336 0.3938 0.7485
vn 0.6539 -0.2534 0.7129
vn 0.6855 -0.2399 0.6874
vn 0.7159 -0.2269 0.6603
vn 0.7451 -0.2145 0.6315
vn 0.7452 -0.2145 0.6314
vn 0.6869 0.1263 0.7157
vn 0.5667 0.4082 0.7157
vn 0.3611 0.6861 0.6316
vn 0.3319 0.6737 0.6603
vn 0.3015 0.6607 0.6874
vn 0.2699 0.6472 0.7129
vn 0.4634 0.3641 0.8079
vn 0.5835 0.0822 0.8079
vn 0.5835 0.0824 0.8079
vn -0.8031 -0.5090 0.3099
vn -0.8031 -0.5089 0.3099
vn -0.9361 -0.2326 0.2637
vn -0.9362 -0.2324 0.2636
vn -0.9362 -0.2325 0.2636
vn -0.5700 -0.7749 0.2732
vn -0.8268 -0.5191 0.2168
vn -0.9746 0.1166 0.1910
vn -0.9536 0.1255 0.2735
vn 0.7484 0.1525 0.6454
vn 0.7767 0.1646 0.6080
vn 0.6282 0.4344 0.6454
vn 0.6283 0.4344 0.6454
vn 0.6565 0.4465 0.6080
vn 0.7730 -0.2026 0.6012
vn 0.7995 -0.1913 0.5695
vn 0.7995 -0.1913 0.5694
vn 0.7994 -0.1913 0.5696
vn 0.8243 -0.1807 0.5365
vn 0.8478 -0.1707 0.5021
vn 0.8033 0.1759 0.5690
vn 0.6831 0.4578 0.5690
vn 0.4638 0.7299 0.5021
vn 0.4639 0.7298 0.5021
vn 0.4403 0.7199 0.5365
vn 0.4154 0.7093 0.5695
vn 0.3890 0.6980 0.6012
vn 0.3890 0.6980 0.6013
vn 0.5983 0.4217 0.6814
vn 0.7184 0.1398 0.6814
vn 0.7185 0.1398 0.6814
vn -0.7518 -0.4872 0.4444
vn -0.7519 -0.4871 0.4443
vn -0.8510 -0.1963 0.4870
vn -0.8720 -0.2053 0.4444
vn -0.8720 -0.2055 0.4443
vn -0.4857 -0.7393 0.4665
vn -0.8281 -0.1865 0.5287
vn 0.1714 -0.0935 0.9808
vn 0.0512 0.1885 0.9807
vn 0.0512 0.1884 0.9808
vn 0.2902 -0.4084 0.8654
vn 0.2507 -0.4256 0.8695
vn 0.2122 -0.4421 0.8715
vn 0.2115 -0.4418 0.8718
vn -0.0938 0.4921 0.8654
vn -0.0938 0.4921 0.8655
vn 0.8510 0.1963 0.4870
vn 0.8720 0.2052 0.4443
vn 0.7308 0.4782 0.4870
vn 0.7519 0.4871 0.4443
vn 0.9253 -0.1375 0.3534
vn 0.7709 0.4952 0.4005
vn 0.5413 0.7629 0.3534
vn 0.5413 0.7629 0.3535
vn 0.4857 0.7392 0.4665
vn -0.6282 -0.4344 0.6454
vn -0.6282 -0.4345 0.6454
vn -0.7485 -0.1526 0.6454
vn -0.7484 -0.1526 0.6454
vn -0.4403 -0.7199 0.5365
vn -0.6831 -0.4578 0.5691
vn -0.8479 0.1705 0.5019
vn -0.7994 0.1913 0.5695
vn -0.7994 0.1914 0.5695
vn -0.7184 -0.1398 0.6815
vn -0.5982 -0.4217 0.6814
vn 0.3452 -0.0194 0.9383
vn 0.3454 -0.0194 0.9383
vn 0.2250 0.2625 0.9383
vn 0.1825 0.2443 0.9524
vn 0.4060 -0.3590 0.8404
vn 0.3680 -0.3753 0.8507
vn -0.0161 0.5252 0.8508
vn -0.0162 0.5253 0.8508
vn 0.0222 0.5415 0.8404
vn 0.0966 0.5734 0.8136
vn 0.2672 0.2804 0.9219
vn 0.3879 -0.0016 0.9217
vn 0.9232 0.2270 0.3100
vn 0.8031 0.5090 0.3099
vn 0.9536 -0.1255 0.2735
vn 0.5811 0.7799 0.2326
vn -0.6194 -0.0975 0.7790
vn -0.2699 -0.6472 0.7129
vn -0.7450 0.2145 0.6317
vn -0.7451 0.2145 0.6316
vn -0.5836 -0.0822 0.8079
vn -0.4633 -0.3641 0.8079
vn 0.4689 0.0333 0.8826
vn 0.5873 -0.2817 0.7588
vn 0.5527 -0.2965 0.7788
vn 0.2371 0.6332 0.7367
vn 0.8421 0.5256 0.1207
vn 0.8422 0.5254 0.1209
vn 0.8464 0.5275 0.0727
vn 0.9823 -0.1132 0.1492
vn 0.9919 -0.1093 0.0639
vn 0.6079 0.7914 0.0642
vn 0.6080 0.7913 0.0642
vn 0.6041 0.7897 0.1065
vn 0.8355 0.5228 0.1689
vn -0.3484 -0.3150 0.8829
vn -0.3486 -0.3152 0.8827
vn -0.4689 -0.0333 0.8826
vn -0.2033 -0.6189 0.7587
vn -0.2371 -0.6332 0.7368
vn -0.2371 -0.6332 0.7367
vn -0.5873 0.2817 0.7588
vn 0.6538 0.1122 0.7483
vn 0.7451 -0.2145 0.6316
vn 0.7450 -0.2145 0.6317
vn 0.5834 0.0822 0.8080
vn 0.5835 0.0822 0.8080
vn 0.4633 0.3641 0.8079
vn 0.9666 0.2457 -0.0727
vn 0.9623 0.2436 -0.1207
vn 0.8464 0.5275 -0.0727
vn 0.9939 -0.1086 -0.0214
vn 0.9823 -0.1135 -0.1490
vn 0.8355 0.5228 -0.1689
vn 0.6041 0.7897 -0.1065
vn 0.6079 0.7914 -0.0642
vn 0.6098 0.7922 -0.0214
vn -0.1824 -0.2442 0.9524
vn -0.3455 0.0194 0.9382
vn 0.0162 -0.5253 0.8508
vn -0.0967 -0.5734 0.8136
vn -0.3873 0.0015 0.9220
vn -0.3677 0.3754 0.8508
vn 0.7484 0.1525 0.6455
vn 0.7485 0.1525 0.6454
vn 0.7994 -0.1913 0.5695
vn 0.7729 -0.2026 0.6013
vn 0.7729 -0.2027 0.6013
vn 0.5982 0.4217 0.6814
vn 0.3890 0.6981 0.6012
vt 0.000000 0.000000
s 0
usemtl Goddard_None
f 1/1/1 2/1/1 3/1/1
f 3/1/1 4/1/1 1/1/1
f 4/1/2 3/1/2 5/1/2
f 5/1/2 6/1/2 4/1/2
f 4/1/3 7/1/3 8/1/3
f 8/1/3 1/1/3 4/1/3
f 9/1/4 7/1/4 4/1/4
f 4/1/4 6/1/4 9/1/4
f 10/1/5 11/1/5 12/1/5
f 12/1/5 2/1/5 10/1/5
f 13/1/6 3/1/6 2/1/6
f 2/1/7 12/1/7 13/1/7
f 13/1/8 14/1/8 5/1/8
f 5/1/8 3/1/8 13/1/8
f 5/1/9 14/1/9 15/1/9
f 15/1/10 16/1/10 5/1/10
f 17/1/11 6/1/11 5/1/11
f 5/1/11 16/1/11 17/1/11
f 17/1/12 18/1/12 9/1/12
f 9/1/13 6/1/13 17/1/13
f 19/1/14 9/1/14 18/1/14
f 18/1/14 20/1/14 19/1/14
f 9/1/15 19/1/15 21/1/15
f 21/1/15 7/1/15 9/1/15
f 7/1/16 21/1/16 22/1/16
f 22/1/16 8/1/16 7/1/16
f 22/1/17 23/1/17 24/1/17
f 24/1/18 8/1/18 22/1/18
f 1/1/19 8/1/19 24/1/19
f 24/1/20 25/1/20 1/1/20
f 10/1/21 2/1/21 1/1/21
f 1/1/21 25/1/21 10/1/21
f 26/1/22 27/1/22 28/1/22
f 28/1/22 29/1/22 26/1/22
f 30/1/23 31/1/23 27/1/23
f 27/1/23 26/1/23 30/1/23
f 27/1/24 32/1/24 33/1/24
f 33/1/25 28/1/25 27/1/25
f 27/1/26 31/1/26 34/1/26
f 34/1/26 32/1/26 27/1/26
f 35/1/27 29/1/27 36/1/27
f 36/1/28 37/1/28 35/1/28
f 26/1/29 29/1/29 35/1/29
f 35/1/29 38/1/29 26/1/29
f 39/1/30 30/1/30 26/1/30
f 26/1/30 38/1/30 39/1/30
f 30/1/31 39/1/31 40/1/31
f 40/1/32 41/1/32 30/1/32
f 42/1/33 31/1/33 30/1/33
f 30/1/33 41/1/33 42/1/33
f 43/1/34 34/1/34 31/1/34
f 31/1/35 42/1/35 43/1/35
f 44/1/36 34/1/36 43/1/36
f 43/1/36 45/1/36 44/1/36
f 44/1/37 46/1/37 32/1/37
f 32/1/37 34/1/37 44/1/37
f 32/1/38 46/1/38 47/1/38
f 47/1/38 33/1/38 32/1/38
f 48/1/39 33/1/39 47/1/39
f 47/1/40 49/1/40 48/1/40
f 28/1/41 33/1/41 48/1/41
f 48/1/41 50/1/41 28/1/41
f 29/1/42 28/1/42 50/1/42
f 50/1/42 36/1/42 29/1/42
f 51/1/43 52/1/43 53/1/43
f 53/1/44 54/1/44 51/1/44
f 55/1/45 56/1/46 52/1/45
f 52/1/46 51/1/46 55/1/46
f 52/1/47 57/1/47 58/1/47
f 58/1/47 53/1/47 52/1/47
f 52/1/48 56/1/48 59/1/48
f 59/1/49 57/1/49 52/1/49
f 54/1/50 60/1/50 61/1/50
f 61/1/50 62/1/50 54/1/50
f 62/1/51 63/1/51 51/1/51
f 51/1/51 54/1/51 62/1/51
f 55/1/52 51/1/52 63/1/52
f 63/1/53 64/1/53 55/1/53
f 64/1/54 65/1/54 66/1/54
f 66/1/54 55/1/54 64/1/54
f 67/1/55 56/1/55 55/1/55
f 55/1/55 66/1/55 67/1/55
f 68/1/56 59/1/56 56/1/56
f 56/1/56 67/1/56 68/1/56
f 39/1/57 59/1/57 68/1/57
f 68/1/58 40/1/58 39/1/58
f 38/1/59 57/1/59 59/1/59
f 59/1/60 39/1/60 38/1/60
f 38/1/61 35/1/61 58/1/61
f 58/1/61 57/1/61 38/1/61
f 35/1/62 37/1/62 69/1/62
f 69/1/63 58/1/63 35/1/63
f 53/1/64 58/1/64 69/1/64
f 69/1/64 70/1/64 53/1/64
f 54/1/65 53/1/65 70/1/65
f 70/1/66 60/1/66 54/1/66
f 71/1/67 72/1/67 73/1/67
f 73/1/68 74/1/68 71/1/68
f 75/1/69 76/1/69 72/1/69
f 72/1/70 71/1/70 75/1/70
f 72/1/71 77/1/71 78/1/71
f 78/1/71 73/1/71 72/1/71
f 72/1/72 76/1/72 79/1/72
f 79/1/73 77/1/73 72/1/73
f 80/1/74 81/1/74 82/1/74
f 82/1/74 74/1/74 80/1/74
f 71/1/75 74/1/75 82/1/75
f 82/1/75 83/1/75 71/1/75
f 75/1/76 71/1/76 83/1/76
f 83/1/76 84/1/76 75/1/76
f 84/1/77 85/1/77 86/1/77
f 86/1/78 75/1/78 84/1/78
f 87/1/79 76/1/79 75/1/79
f 75/1/79 86/1/79 87/1/79
f 88/1/80 79/1/80 76/1/80
f 76/1/81 87/1/81 88/1/81
f 65/1/82 64/1/82 79/1/82
f 79/1/83 88/1/83 65/1/83
f 63/1/84 77/1/84 79/1/84
f 79/1/85 64/1/85 63/1/85
f 63/1/86 62/1/86 78/1/86
f 78/1/86 77/1/86 63/1/86
f 62/1/87 61/1/87 89/1/87
f 89/1/87 78/1/87 62/1/87
f 78/1/88 89/1/88 90/1/88
f 90/1/88 73/1/88 78/1/88
f 74/1/89 73/1/89 90/1/89
f 90/1/89 80/1/89 74/1/89
f 91/1/90 92/1/90 93/1/90
f 93/1/91 94/1/91 91/1/91
f 95/1/92 96/1/92 92/1/92
f 92/1/93 91/1/93 95/1/93
f 92/1/94 97/1/94 98/1/94
f 98/1/95 93/1/95 92/1/95
f 92/1/96 96/1/96 99/1/96
f 99/1/96 97/1/96 92/1/96
f 94/1/97 100/1/97 101/1/97
f 101/1/98 102/1/98 94/1/98
f 94/1/99 102/1/99 103/1/99
f 103/1/99 91/1/99 94/1/99
f 103/1/100 104/1/100 95/1/100
f 95/1/101 91/1/101 103/1/101
f 105/1/102 95/1/102 104/1/102
f 104/1/102 106/1/102 105/1/102
f 96/1/103 95/1/103 105/1/103
f 105/1/103 107/1/103 96/1/103
f 108/1/104 99/1/104 96/1/104
f 96/1/104 107/1/104 108/1/104
f 85/1/105 84/1/105 99/1/105
f 99/1/106 108/1/106 85/1/106
f 83/1/107 97/1/107 99/1/107
f 99/1/107 84/1/107 83/1/107
f 83/1/108 82/1/108 98/1/108
f 98/1/109 97/1/109 83/1/109
f 82/1/110 81/1/110 109/1/110
f 109/1/110 98/1/110 82/1/110
f 98/1/111 109/1/111 110/1/111
f 110/1/111 93/1/111 98/1/111
f 100/1/112 94/1/112 93/1/112
f 93/1/113 110/1/113 100/1/113
f 111/1/114 112/1/114 113/1/114
f 113/1/114 114/1/114 111/1/114
f 115/1/115 116/1/115 112/1/115
f 112/1/115 111/1/115 115/1/115
f 112/1/116 117/1/116 118/1/116
f 118/1/116 113/1/116 112/1/116
f 112/1/117 116/1/117 119/1/117
f 119/1/117 117/1/117 112/1/117
f 114/1/118 120/1/118 121/1/118
f 121/1/119 122/1/119 114/1/119
f 114/1/120 122/1/120 123/1/120
f 123/1/120 111/1/120 114/1/120
f 115/1/121 111/1/121 123/1/121
f 123/1/121 124/1/121 115/1/121
f 124/1/122 125/1/122 126/1/122
f 126/1/122 115/1/122 124/1/122
f 116/1/123 115/1/123 126/1/123
f 126/1/123 127/1/123 116/1/123
f 128/1/124 119/1/124 116/1/124
f 116/1/124 127/1/124 128/1/124
f 104/1/125 119/1/125 128/1/125
f 128/1/125 106/1/125 104/1/125
f 117/1/126 119/1/126 104/1/126
f 104/1/126 103/1/126 117/1/126
f 103/1/127 102/1/127 118/1/127
f 118/1/127 117/1/127 103/1/127
f 102/1/128 101/1/128 129/1/128
f 129/1/129 118/1/129 102/1/129
f 118/1/130 129/1/130 130/1/130
f 130/1/130 113/1/130 118/1/130
f 120/1/131 114/1/131 113/1/131
f 113/1/132 130/1/132 120/1/132
f 131/1/133 132/1/133 133/1/133
f 133/1/133 134/1/133 131/1/133
f 135/1/134 136/1/134 132/1/134
f 132/1/134 131/1/134 135/1/134
f 132/1/135 137/1/135 138/1/135
f 138/1/135 133/1/135 132/1/135
f 132/1/136 136/1/136 139/1/136
f 139/1/136 137/1/136 132/1/136
f 134/1/137 140/1/137 141/1/137
f 141/1/137 142/1/137 134/1/137
f 134/1/138 142/1/138 143/1/138
f 143/1/138 131/1/138 134/1/138
f 135/1/139 131/1/139 143/1/139
f 143/1/139 144/1/139 135/1/139
f 144/1/140 145/1/140 146/1/140
f 146/1/141 135/1/141 144/1/141
f 136/1/142 135/1/142 146/1/142
f 146/1/142 147/1/142 136/1/142
f 148/1/143 139/1/143 136/1/143
f 136/1/143 147/1/143 148/1/143
f 124/1/144 139/1/144 148/1/144
f 148/1/144 125/1/144 124/1/144
f 123/1/145 137/1/145 139/1/145
f 139/1/145 124/1/145 123/1/145
f 123/1/146 122/1/146 138/1/146
f 138/1/146 137/1/146 123/1/146
f 122/1/147 121/1/147 149/1/147
f 149/1/147 138/1/147 122/1/147
f 138/1/148 149/1/148 150/1/148
f 150/1/148 133/1/148 138/1/148
f 140/1/149 134/1/149 133/1/149
f 133/1/149 150/1/149 140/1/149
f 151/1/150 152/1/150 153/1/150
f 153/1/151 154/1/151 151/1/151
f 155/1/152 156/1/152 152/1/152
f 152/1/152 151/1/152 155/1/152
f 152/1/153 157/1/153 158/1/153
f 158/1/154 153/1/154 152/1/154
f 152/1/155 156/1/155 159/1/155
f 159/1/156 157/1/157 152/1/156
f 154/1/158 160/1/158 161/1/158
f 161/1/158 162/1/158 154/1/158
f 154/1/159 162/1/159 163/1/159
f 163/1/159 151/1/159 154/1/159
f 155/1/160 151/1/160 163/1/160
f 163/1/161 164/1/161 155/1/161
f 164/1/162 165/1/162 166/1/162
f 166/1/163 155/1/163 164/1/163
f 156/1/164 155/1/164 166/1/164
f 166/1/164 167/1/164 156/1/164
f 168/1/165 159/1/165 156/1/165
f 156/1/166 167/1/166 168/1/166
f 144/1/167 159/1/167 168/1/167
f 168/1/167 145/1/167 144/1/167
f 143/1/168 157/1/168 159/1/168
f 159/1/169 144/1/169 143/1/169
f 143/1/170 142/1/170 158/1/170
f 158/1/171 157/1/171 143/1/171
f 142/1/172 141/1/172 169/1/172
f 169/1/173 158/1/173 142/1/173
f 158/1/174 169/1/174 170/1/174
f 170/1/175 153/1/175 158/1/175
f 160/1/176 154/1/176 153/1/176
f 153/1/177 170/1/177 160/1/177
f 171/1/178 172/1/178 173/1/178
f 173/1/178 174/1/178 171/1/178
f 175/1/179 176/1/179 172/1/179
f 172/1/179 171/1/179 175/1/179
f 172/1/180 177/1/180 178/1/180
f 178/1/180 173/1/180 172/1/180
f 172/1/181 176/1/181 179/1/181
f 179/1/181 177/1/181 172/1/181
f 174/1/182 180/1/182 181/1/182
f 181/1/183 182/1/183 174/1/183
f 174/1/184 182/1/184 183/1/184
f 183/1/184 171/1/184 174/1/184
f 175/1/185 171/1/185 183/1/185
f 183/1/185 184/1/185 175/1/185
f 185/1/186 175/1/186 184/1/186
f 184/1/186 186/1/186 185/1/186
f 176/1/187 175/1/187 185/1/187
f 185/1/187 187/1/187 176/1/187
f 188/1/188 179/1/188 176/1/188
f 176/1/188 187/1/188 188/1/188
f 164/1/189 179/1/189 188/1/189
f 188/1/189 165/1/189 164/1/189
f 163/1/190 177/1/190 179/1/190
f 179/1/190 164/1/190 163/1/190
f 163/1/191 162/1/191 178/1/191
f 178/1/191 177/1/191 163/1/191
f 162/1/192 161/1/192 189/1/192
f 189/1/193 178/1/193 162/1/193
f 178/1/194 189/1/194 190/1/194
f 190/1/194 173/1/194 178/1/194
f 180/1/195 174/1/195 173/1/195
f 173/1/195 190/1/195 180/1/195
f 191/1/196 192/1/196 193/1/196
f 193/1/197 194/1/197 191/1/197
f 195/1/198 196/1/198 192/1/198
f 192/1/198 191/1/198 195/1/198
f 192/1/199 197/1/199 198/1/199
f 198/1/199 193/1/199 192/1/199
f 192/1/200 196/1/200 199/1/200
f 199/1/200 197/1/200 192/1/200
f 194/1/201 200/1/201 201/1/201
f 201/1/201 202/1/201 194/1/201
f 194/1/202 202/1/202 203/1/202
f 203/1/202 191/1/202 194/1/202
f 195/1/203 191/1/203 203/1/203
f 203/1/203 204/1/203 195/1/203
f 205/1/204 195/1/204 204/1/204
f 204/1/204 206/1/204 205/1/204
f 196/1/205 195/1/205 205/1/205
f 205/1/205 207/1/205 196/1/205
f 208/1/206 199/1/206 196/1/206
f 196/1/206 207/1/206 208/1/206
f 186/1/207 184/1/207 199/1/207
f 199/1/207 208/1/207 186/1/207
f 183/1/208 197/1/208 199/1/208
f 199/1/209 184/1/209 183/1/209
f 183/1/210 182/1/210 198/1/210
f 198/1/210 197/1/210 183/1/210
f 182/1/211 181/1/211 209/1/211
f 209/1/211 198/1/211 182/1/211
f 198/1/212 209/1/212 210/1/212
f 210/1/212 193/1/212 198/1/212
f 200/1/213 194/1/213 193/1/213
f 193/1/213 210/1/213 200/1/213
f 211/1/214 212/1/214 213/1/214
f 213/1/214 214/1/214 211/1/214
f 215/1/215 216/1/215 212/1/215
f 212/1/215 211/1/215 215/1/215
f 212/1/216 217/1/216 218/1/216
f 218/1/216 213/1/216 212/1/216
f 212/1/217 216/1/217 219/1/217
f 219/1/217 217/1/217 212/1/217
f 214/1/218 220/1/218 221/1/219
f 221/1/220 222/1/220 214/1/220
f 214/1/221 222/1/221 223/1/221
f 223/1/222 211/1/222 214/1/222
f 215/1/223 211/1/223 223/1/223
f 223/1/224 224/1/224 215/1/224
f 225/1/225 215/1/225 224/1/225
f 224/1/225 226/1/225 225/1/225
f 216/1/226 215/1/226 225/1/226
f 225/1/226 227/1/226 216/1/226
f 228/1/227 219/1/227 216/1/227
f 216/1/228 227/1/228 228/1/228
f 206/1/229 204/1/229 219/1/229
f 219/1/229 228/1/229 206/1/229
f 203/1/230 217/1/230 219/1/230
f 219/1/231 204/1/231 203/1/231
f 203/1/232 202/1/232 218/1/232
f 218/1/232 217/1/232 203/1/232
f 202/1/233 201/1/233 229/1/233
f 229/1/233 218/1/233 202/1/233
f 218/1/234 229/1/234 230/1/234
f 230/1/234 213/1/234 218/1/234
f 220/1/235 214/1/235 213/1/235
f 213/1/236 230/1/236 220/1/236
f 231/1/237 232/1/237 233/1/237
f 233/1/237 234/1/237 231/1/237
f 235/1/238 236/1/238 232/1/238
f 232/1/238 231/1/238 235/1/238
f 232/1/239 237/1/239 238/1/239
f 238/1/240 233/1/240 232/1/240
f 232/1/241 236/1/241 239/1/241
f 239/1/241 237/1/241 232/1/241
f 234/1/242 240/1/242 241/1/242
f 241/1/242 242/1/242 234/1/242
f 234/1/243 242/1/243 243/1/243
f 243/1/243 231/1/243 234/1/243
f 235/1/244 231/1/244 243/1/244
f 243/1/244 244/1/244 235/1/244
f 245/1/245 235/1/245 244/1/245
f 244/1/246 246/1/246 245/1/246
f 236/1/247 235/1/247 245/1/247
f 245/1/247 247/1/247 236/1/247
f 248/1/248 239/1/248 236/1/248
f 236/1/248 247/1/248 248/1/248
f 226/1/249 224/1/249 239/1/249
f 239/1/250 248/1/250 226/1/250
f 223/1/251 237/1/251 239/1/251
f 239/1/251 224/1/251 223/1/251
f 223/1/252 222/1/252 238/1/252
f 238/1/252 237/1/252 223/1/252
f 222/1/253 221/1/253 249/1/253
f 249/1/253 238/1/253 222/1/253
f 238/1/254 249/1/254 250/1/254
f 250/1/254 233/1/254 238/1/254
f 240/1/255 234/1/255 233/1/255
f 233/1/255 250/1/255 240/1/255
f 251/1/256 252/1/256 253/1/256
f 253/1/256 254/1/256 251/1/256
f 255/1/257 256/1/257 252/1/257
f 252/1/257 251/1/257 255/1/257
f 252/1/258 257/1/258 258/1/258
f 258/1/259 253/1/259 252/1/259
f 252/1/260 256/1/260 259/1/260
f 259/1/260 257/1/260 252/1/260
f 254/1/261 260/1/261 261/1/261
f 261/1/261 262/1/261 254/1/261
f 254/1/262 262/1/262 263/1/262
f 263/1/262 251/1/262 254/1/262
f 255/1/263 251/1/263 263/1/263
f 263/1/263 264/1/263 255/1/263
f 265/1/264 255/1/264 264/1/264
f 264/1/265 266/1/265 265/1/265
f 256/1/266 255/1/266 265/1/266
f 265/1/266 267/1/266 256/1/266
f 268/1/267 259/1/267 256/1/267
f 256/1/267 267/1/267 268/1/267
f 246/1/268 244/1/268 259/1/268
f 259/1/268 268/1/268 246/1/268
f 243/1/269 257/1/269 259/1/269
f 259/1/270 244/1/270 243/1/270
f 243/1/271 242/1/271 258/1/271
f 258/1/271 257/1/271 243/1/271
f 242/1/272 241/1/272 269/1/272
f 269/1/272 258/1/272 242/1/272
f 258/1/273 269/1/273 270/1/273
f 270/1/273 253/1/273 258/1/273
f 260/1/274 254/1/274 253/1/274
f 253/1/274 270/1/274 260/1/274
f 271/1/275 272/1/275 273/1/275
f 273/1/275 274/1/275 271/1/275
f 275/1/276 276/1/276 272/1/276
f 272/1/276 271/1/276 275/1/276
f 272/1/277 277/1/277 278/1/277
f 278/1/278 273/1/278 272/1/278
f 272/1/279 276/1/279 279/1/279
f 279/1/279 277/1/279 272/1/279
f 274/1/280 280/1/280 281/1/280
f 281/1/280 282/1/280 274/1/280
f 274/1/281 282/1/281 283/1/281
f 283/1/282 271/1/282 274/1/282
f 275/1/283 271/1/283 283/1/283
f 283/1/284 284/1/284 275/1/284
f 285/1/285 275/1/285 284/1/285
f 284/1/286 286/1/286 285/1/286
f 276/1/287 275/1/287 285/1/287
f 285/1/288 287/1/288 276/1/288
f 288/1/289 279/1/289 276/1/289
f 276/1/289 287/1/289 288/1/289
f 266/1/290 264/1/290 279/1/290
f 279/1/290 288/1/290 266/1/290
f 263/1/291 277/1/291 279/1/291
f 279/1/292 264/1/292 263/1/292
f 263/1/293 262/1/293 278/1/293
f 278/1/293 277/1/293 263/1/293
f 262/1/294 261/1/294 289/1/294
f 289/1/294 278/1/294 262/1/294
f 278/1/295 289/1/295 290/1/295
f 290/1/296 273/1/296 278/1/296
f 280/1/297 274/1/297 273/1/297
f 273/1/297 290/1/297 280/1/297
f 291/1/298 292/1/298 293/1/298
f 293/1/299 294/1/299 291/1/299
f 295/1/300 296/1/300 292/1/300
f 292/1/301 291/1/301 295/1/301
f 292/1/302 297/1/302 298/1/302
f 298/1/303 293/1/303 292/1/303
f 292/1/304 296/1/304 299/1/304
f 299/1/305 297/1/305 292/1/305
f 294/1/306 300/1/306 301/1/306
f 301/1/306 302/1/306 294/1/306
f 294/1/307 302/1/307 303/1/307
f 303/1/307 291/1/307 294/1/307
f 295/1/308 291/1/308 303/1/308
f 303/1/309 304/1/309 295/1/309
f 305/1/310 295/1/310 304/1/310
f 304/1/310 306/1/310 305/1/310
f 296/1/311 295/1/311 305/1/311
f 305/1/312 307/1/312 296/1/312
f 308/1/313 299/1/313 296/1/313
f 296/1/314 307/1/314 308/1/314
f 286/1/315 284/1/315 299/1/315
f 299/1/316 308/1/316 286/1/316
f 283/1/317 297/1/317 299/1/317
f 299/1/317 284/1/317 283/1/317
f 283/1/318 282/1/318 298/1/318
f 298/1/318 297/1/318 283/1/318
f 282/1/319 281/1/319 309/1/319
f 309/1/319 298/1/319 282/1/319
f 298/1/320 309/1/320 310/1/320
f 310/1/320 293/1/320 298/1/320
f 300/1/321 294/1/321 293/1/321
f 293/1/322 310/1/322 300/1/322
f 311/1/323 312/1/323 313/1/323
f 313/1/323 314/1/323 311/1/323
f 315/1/324 316/1/324 312/1/324
f 312/1/325 311/1/325 315/1/325
f 312/1/326 317/1/326 318/1/326
f 318/1/326 313/1/326 312/1/326
f 312/1/327 316/1/327 319/1/327
f 319/1/327 317/1/327 312/1/327
f 314/1/328 320/1/328 321/1/328
f 321/1/328 322/1/328 314/1/328
f 314/1/329 322/1/329 323/1/329
f 323/1/329 311/1/329 314/1/329
f 315/1/330 311/1/330 323/1/330
f 323/1/330 324/1/330 315/1/330
f 325/1/331 315/1/331 324/1/331
f 324/1/331 326/1/331 325/1/331
f 316/1/332 315/1/332 325/1/332
f 325/1/332 327/1/332 316/1/332
f 328/1/333 319/1/333 316/1/333
f 316/1/334 327/1/334 328/1/334
f 306/1/335 304/1/335 319/1/335
f 319/1/335 328/1/335 306/1/335
f 303/1/336 317/1/336 319/1/336
f 319/1/336 304/1/336 303/1/336
f 303/1/337 302/1/337 318/1/337
f 318/1/337 317/1/337 303/1/337
f 302/1/338 301/1/338 329/1/338
f 329/1/339 318/1/339 302/1/339
f 318/1/340 329/1/340 330/1/340
f 330/1/341 313/1/341 318/1/341
f 320/1/342 314/1/342 313/1/342
f 313/1/342 330/1/342 320/1/342
f 331/1/343 332/1/343 333/1/343
f 333/1/343 334/1/343 331/1/343
f 335/1/344 336/1/344 332/1/344
f 332/1/345 331/1/345 335/1/345
f 332/1/346 337/1/346 338/1/346
f 338/1/346 333/1/346 332/1/346
f 332/1/347 336/1/347 339/1/347
f 339/1/347 337/1/347 332/1/347
f 334/1/348 340/1/348 341/1/348
f 341/1/349 342/1/349 334/1/349
f 334/1/350 342/1/350 343/1/350
f 343/1/351 331/1/351 334/1/351
f 335/1/352 331/1/352 343/1/352
f 343/1/352 344/1/352 335/1/352
f 345/1/353 335/1/353 344/1/353
f 344/1/354 346/1/354 345/1/354
f 336/1/355 335/1/355 345/1/355
f 345/1/355 347/1/355 336/1/355
f 348/1/356 339/1/356 336/1/356
f 336/1/357 347/1/357 348/1/357
f 326/1/358 324/1/358 339/1/358
f 339/1/358 348/1/358 326/1/358
f 323/1/359 337/1/359 339/1/359
f 339/1/359 324/1/359 323/1/359
f 323/1/360 322/1/360 338/1/360
f 338/1/360 337/1/360 323/1/360
f 322/1/361 321/1/361 349/1/361
f 349/1/361 338/1/361 322/1/361
f 338/1/362 349/1/362 350/1/362
f 350/1/362 333/1/362 338/1/362
f 340/1/363 334/1/363 333/1/363
f 333/1/363 350/1/363 340/1/363
f 351/1/23 352/1/23 353/1/23
f 353/1/23 354/1/23 351/1/23
f 355/1/364 356/1/364 352/1/364
f 352/1/364 351/1/364 355/1/364
f 352/1/26 357/1/26 358/1/26
f 358/1/26 353/1/26 352/1/26
f 352/1/25 356/1/25 359/1/25
f 359/1/25 357/1/25 352/1/25
f 354/1/365 360/1/365 361/1/365
f 361/1/366 362/1/366 354/1/366
f 354/1/30 362/1/30 363/1/30
f 363/1/30 351/1/30 354/1/30
f 355/1/29 351/1/29 363/1/29
f 363/1/29 364/1/29 355/1/29
f 365/1/367 355/1/367 364/1/367
f 364/1/368 366/1/368 365/1/368
f 356/1/369 355/1/369 365/1/369
f 365/1/42 367/1/42 356/1/42
f 368/1/370 359/1/370 356/1/370
f 356/1/41 367/1/41 368/1/41
f 346/1/371 344/1/371 359/1/371
f 359/1/40 368/1/40 346/1/40
f 343/1/38 357/1/38 359/1/38
f 359/1/38 344/1/38 343/1/38
f 343/1/372 342/1/372 358/1/372
f 358/1/37 357/1/37 343/1/37
f 342/1/36 341/1/36 369/1/36
f 369/1/373 358/1/373 342/1/373
f 358/1/374 369/1/374 370/1/374
f 370/1/35 353/1/35 358/1/35
f 360/1/33 354/1/33 353/1/33
f 353/1/33 370/1/33 360/1/33
f 371/1/45 372/1/45 373/1/45
f 373/1/45 374/1/45 371/1/45
f 375/1/44 376/1/44 372/1/44
f 372/1/44 371/1/44 375/1/44
f 372/1/375 377/1/375 378/1/375
f 378/1/375 373/1/375 372/1/375
f 372/1/47 376/1/47 379/1/47
f 379/1/47 377/1/47 372/1/47
f 374/1/376 380/1/376 381/1/376
f 381/1/54 382/1/54 374/1/54
f 374/1/377 382/1/377 383/1/377
f 383/1/378 371/1/378 374/1/378
f 375/1/379 371/1/379 383/1/379
f 383/1/380 384/1/380 375/1/380
f 385/1/50 375/1/50 384/1/50
f 384/1/50 386/1/50 385/1/50
f 376/1/381 375/1/381 385/1/381
f 385/1/66 387/1/66 376/1/66
f 388/1/64 379/1/64 376/1/64
f 376/1/64 387/1/64 388/1/64
f 366/1/62 364/1/62 379/1/62
f 379/1/62 388/1/62 366/1/62
f 363/1/382 377/1/382 379/1/382
f 379/1/61 364/1/61 363/1/61
f 363/1/60 362/1/60 378/1/60
f 378/1/383 377/1/383 363/1/383
f 362/1/57 361/1/57 389/1/57
f 389/1/57 378/1/57 362/1/57
f 378/1/56 389/1/56 390/1/56
f 390/1/56 373/1/56 378/1/56
f 380/1/55 374/1/55 373/1/55
f 373/1/55 390/1/55 380/1/55
f 391/1/69 392/1/69 393/1/69
f 393/1/69 394/1/69 391/1/69
f 395/1/384 396/1/384 392/1/384
f 392/1/384 391/1/384 395/1/384
f 392/1/385 397/1/385 398/1/385
f 398/1/385 393/1/385 392/1/385
f 392/1/386 396/1/386 399/1/386
f 399/1/386 397/1/386 392/1/386
f 394/1/78 400/1/78 401/1/78
f 401/1/78 402/1/78 394/1/78
f 394/1/76 402/1/76 403/1/76
f 403/1/76 391/1/76 394/1/76
f 395/1/75 391/1/75 403/1/75
f 403/1/75 404/1/75 395/1/75
f 405/1/74 395/1/74 404/1/74
f 404/1/74 406/1/74 405/1/74
f 396/1/89 395/1/89 405/1/89
f 405/1/387 407/1/387 396/1/387
f 408/1/88 399/1/88 396/1/88
f 396/1/88 407/1/88 408/1/88
f 386/1/388 384/1/388 399/1/388
f 399/1/87 408/1/87 386/1/87
f 383/1/86 397/1/86 399/1/86
f 399/1/86 384/1/86 383/1/86
f 383/1/389 382/1/389 398/1/389
f 398/1/390 397/1/390 383/1/390
f 382/1/391 381/1/391 409/1/391
f 409/1/391 398/1/391 382/1/391
f 398/1/81 409/1/81 410/1/81
f 410/1/80 393/1/80 398/1/80
f 400/1/392 394/1/392 393/1/392
f 393/1/79 410/1/79 400/1/79
f 411/1/92 412/1/92 413/1/92
f 413/1/92 414/1/92 411/1/92
f 415/1/393 416/1/393 412/1/393
f 412/1/90 411/1/90 415/1/90
f 412/1/96 417/1/96 418/1/96
f 418/1/96 413/1/96 412/1/96
f 412/1/95 416/1/95 419/1/95
f 419/1/95 417/1/95 412/1/95
f 414/1/102 420/1/102 421/1/102
f 421/1/102 422/1/102 414/1/102
f 414/1/394 422/1/394 423/1/394
f 423/1/395 411/1/395 414/1/395
f 415/1/396 411/1/396 423/1/396
f 423/1/99 424/1/99 415/1/99
f 425/1/397 415/1/397 424/1/397
f 424/1/98 426/1/98 425/1/98
f 416/1/398 415/1/398 425/1/398
f 425/1/399 427/1/399 416/1/399
f 428/1/400 419/1/400 416/1/400
f 416/1/401 427/1/401 428/1/401
f 406/1/110 404/1/110 419/1/110
f 419/1/110 428/1/110 406/1/110
f 403/1/108 417/1/108 419/1/108
f 419/1/108 404/1/108 403/1/108
f 403/1/402 402/1/402 418/1/402
f 418/1/403 417/1/403 403/1/403
f 402/1/106 401/1/106 429/1/106
f 429/1/106 418/1/106 402/1/106
f 418/1/404 429/1/404 430/1/404
f 430/1/104 413/1/104 418/1/104
f 420/1/405 414/1/405 413/1/405
f 413/1/103 430/1/103 420/1/103
f 431/1/406 432/1/406 433/1/406
f 433/1/407 434/1/407 431/1/407
f 435/1/114 436/1/114 432/1/114
f 432/1/408 431/1/408 435/1/408
f 432/1/117 437/1/117 438/1/117
f 438/1/117 433/1/117 432/1/117
f 432/1/116 436/1/116 439/1/116
f 439/1/116 437/1/116 432/1/116
f 434/1/122 440/1/122 441/1/122
f 441/1/122 442/1/122 434/1/122
f 434/1/121 442/1/121 443/1/121
f 443/1/409 431/1/409 434/1/409
f 435/1/410 431/1/410 443/1/410
f 443/1/120 444/1/120 435/1/120
f 445/1/119 435/1/119 444/1/119
f 444/1/119 446/1/119 445/1/119
f 436/1/131 435/1/131 445/1/131
f 445/1/132 447/1/132 436/1/132
f 448/1/130 439/1/130 436/1/130
f 436/1/130 447/1/130 448/1/130
f 426/1/128 424/1/128 439/1/128
f 439/1/128 448/1/128 426/1/128
f 423/1/411 437/1/411 439/1/411
f 439/1/127 424/1/127 423/1/127
f 423/1/412 422/1/412 438/1/412
f 438/1/126 437/1/126 423/1/126
f 422/1/413 421/1/413 449/1/413
f 449/1/413 438/1/413 422/1/413
f 438/1/124 449/1/124 450/1/124
f 450/1/124 433/1/124 438/1/124
f 440/1/414 434/1/414 433/1/414
f 433/1/414 450/1/414 440/1/414
f 451/1/134 452/1/134 453/1/134
f 453/1/134 454/1/134 451/1/134
f 455/1/415 456/1/415 452/1/415
f 452/1/133 451/1/133 455/1/133
f 452/1/416 457/1/416 458/1/416
f 458/1/136 453/1/136 452/1/136
f 452/1/135 456/1/135 459/1/135
f 459/1/135 457/1/135 452/1/135
f 454/1/141 460/1/141 461/1/141
f 461/1/141 462/1/141 454/1/141
f 454/1/139 462/1/139 463/1/139
f 463/1/139 451/1/139 454/1/139
f 455/1/138 451/1/138 463/1/138
f 463/1/138 464/1/138 455/1/138
f 465/1/137 455/1/137 464/1/137
f 464/1/137 466/1/137 465/1/137
f 456/1/149 455/1/149 465/1/149
f 465/1/149 467/1/149 456/1/149
f 468/1/417 459/1/417 456/1/417
f 456/1/148 467/1/148 468/1/148
f 446/1/418 444/1/418 459/1/418
f 459/1/418 468/1/418 446/1/418
f 443/1/146 457/1/146 459/1/146
f 459/1/419 444/1/419 443/1/419
f 443/1/145 442/1/145 458/1/145
f 458/1/145 457/1/145 443/1/145
f 442/1/144 441/1/144 469/1/144
f 469/1/420 458/1/420 442/1/420
f 458/1/421 469/1/421 470/1/421
f 470/1/422 453/1/422 458/1/422
f 460/1/142 454/1/142 453/1/142
f 453/1/142 470/1/142 460/1/142
f 471/1/423 472/1/423 473/1/423
f 473/1/152 474/1/152 471/1/152
f 475/1/151 476/1/151 472/1/151
f 472/1/151 471/1/151 475/1/151
f 472/1/155 477/1/155 478/1/155
f 478/1/155 473/1/155 472/1/155
f 472/1/153 476/1/153 479/1/153
f 479/1/424 477/1/424 472/1/424
f 474/1/162 480/1/162 481/1/162
f 481/1/162 482/1/162 474/1/162
f 474/1/160 482/1/160 483/1/160
f 483/1/160 471/1/160 474/1/160
f 475/1/159 471/1/159 483/1/159
f 483/1/159 484/1/159 475/1/159
f 485/1/425 475/1/425 484/1/425
f 484/1/158 486/1/158 485/1/158
f 476/1/426 475/1/426 485/1/426
f 485/1/426 487/1/426 476/1/426
f 488/1/174 479/1/174 476/1/174
f 476/1/174 487/1/174 488/1/174
f 466/1/172 464/1/172 479/1/172
f 479/1/172 488/1/172 466/1/172
f 463/1/427 477/1/427 479/1/427
f 479/1/171 464/1/171 463/1/171
f 463/1/168 462/1/168 478/1/168
f 478/1/169 477/1/169 463/1/169
f 462/1/428 461/1/428 489/1/428
f 489/1/428 478/1/428 462/1/428
f 478/1/429 489/1/429 490/1/429
f 490/1/429 473/1/429 478/1/429
f 480/1/164 474/1/164 473/1/164
f 473/1/164 490/1/164 480/1/164
f 491/1/179 492/1/179 493/1/179
f 493/1/430 494/1/430 491/1/430
f 495/1/178 496/1/178 492/1/178
f 492/1/178 491/1/178 495/1/178
f 492/1/181 497/1/181 498/1/181
f 498/1/181 493/1/181 492/1/181
f 492/1/180 496/1/180 499/1/180
f 499/1/180 497/1/180 492/1/180
f 494/1/186 500/1/186 501/1/186
f 501/1/186 502/1/186 494/1/186
f 494/1/185 502/1/185 503/1/185
f 503/1/431 491/1/431 494/1/431
f 495/1/184 491/1/184 503/1/184
f 503/1/432 504/1/432 495/1/432
f 505/1/183 495/1/183 504/1/183
f 504/1/183 506/1/183 505/1/183
f 496/1/195 495/1/195 505/1/195
f 505/1/195 507/1/195 496/1/195
f 508/1/194 499/1/194 496/1/194
f 496/1/194 507/1/194 508/1/194
f 486/1/192 484/1/192 499/1/192
f 499/1/433 508/1/433 486/1/433
f 483/1/434 497/1/434 499/1/434
f 499/1/191 484/1/191 483/1/191
f 483/1/435 482/1/435 498/1/435
f 498/1/190 497/1/190 483/1/190
f 482/1/189 481/1/189 509/1/189
f 509/1/189 498/1/189 482/1/189
f 498/1/436 509/1/436 510/1/436
f 510/1/436 493/1/436 498/1/436
f 500/1/437 494/1/437 493/1/437
f 493/1/437 510/1/437 500/1/437
f 511/1/438 512/1/438 513/1/438
f 513/1/198 514/1/198 511/1/198
f 515/1/196 516/1/196 512/1/196
f 512/1/196 511/1/196 515/1/196
f 512/1/439 517/1/439 518/1/439
f 518/1/200 513/1/200 512/1/200
f 512/1/440 516/1/440 519/1/440
f 519/1/199 517/1/199 512/1/199
f 514/1/204 520/1/204 521/1/204
f 521/1/204 522/1/204 514/1/204
f 514/1/203 522/1/203 523/1/203
f 523/1/203 511/1/203 514/1/203
f 515/1/202 511/1/202 523/1/202
f 523/1/202 524/1/202 515/1/202
f 525/1/441 515/1/441 524/1/441
f 524/1/201 526/1/201 525/1/201
f 516/1/213 515/1/213 525/1/213
f 525/1/213 527/1/213 516/1/213
f 528/1/212 519/1/212 516/1/212
f 516/1/212 527/1/212 528/1/212
f 506/1/211 504/1/211 519/1/211
f 519/1/211 528/1/211 506/1/211
f 503/1/210 517/1/210 519/1/210
f 519/1/210 504/1/210 503/1/210
f 503/1/442 502/1/442 518/1/442
f 518/1/443 517/1/443 503/1/443
f 502/1/207 501/1/207 529/1/207
f 529/1/207 518/1/207 502/1/207
f 518/1/206 529/1/206 530/1/206
f 530/1/206 513/1/206 518/1/206
f 520/1/205 514/1/205 513/1/205
f 513/1/205 530/1/205 520/1/205
f 531/1/215 532/1/215 533/1/215
f 533/1/215 534/1/215 531/1/215
f 535/1/444 536/1/444 532/1/444
f 532/1/444 531/1/444 535/1/444
f 532/1/217 537/1/217 538/1/217
f 538/1/217 533/1/217 532/1/217
f 532/1/216 536/1/216 539/1/216
f 539/1/445 537/1/445 532/1/445
f 534/1/446 540/1/446 541/1/446
f 541/1/446 542/1/446 534/1/446
f 534/1/447 542/1/447 543/1/447
f 543/1/224 531/1/224 534/1/224
f 535/1/448 531/1/448 543/1/448
f 543/1/449 544/1/449 535/1/449
f 545/1/220 535/1/220 544/1/220
f 544/1/220 546/1/220 545/1/220
f 536/1/450 535/1/450 545/1/450
f 545/1/450 547/1/450 536/1/450
f 548/1/234 539/1/234 536/1/234
f 536/1/451 547/1/451 548/1/451
f 526/1/452 524/1/452 539/1/452
f 539/1/453 548/1/453 526/1/453
f 523/1/232 537/1/232 539/1/232
f 539/1/232 524/1/232 523/1/232
f 523/1/230 522/1/230 538/1/230
f 538/1/230 537/1/230 523/1/230
f 522/1/229 521/1/229 549/1/229
f 549/1/454 538/1/454 522/1/454
f 538/1/228 549/1/228 550/1/228
f 550/1/228 533/1/228 538/1/228
f 540/1/226 534/1/226 533/1/226
f 533/1/226 550/1/226 540/1/226
f 551/1/238 552/1/238 553/1/238
f 553/1/238 554/1/238 551/1/238
f 555/1/455 556/1/455 552/1/455
f 552/1/237 551/1/237 555/1/237
f 552/1/241 557/1/241 558/1/241
f 558/1/241 553/1/241 552/1/241
f 552/1/240 556/1/240 559/1/240
f 559/1/240 557/1/240 552/1/240
f 554/1/245 560/1/245 561/1/245
f 561/1/246 562/1/246 554/1/246
f 554/1/244 562/1/244 563/1/244
f 563/1/244 551/1/244 554/1/244
f 555/1/243 551/1/243 563/1/243
f 563/1/243 564/1/243 555/1/243
f 565/1/242 555/1/242 564/1/242
f 564/1/456 566/1/456 565/1/456
f 556/1/457 555/1/457 565/1/457
f 565/1/458 567/1/458 556/1/458
f 568/1/254 559/1/254 556/1/254
f 556/1/459 567/1/459 568/1/459
f 546/1/253 544/1/253 559/1/253
f 559/1/253 568/1/253 546/1/253
f 543/1/252 557/1/252 559/1/252
f 559/1/252 544/1/252 543/1/252
f 543/1/251 542/1/251 558/1/251
f 558/1/251 557/1/251 543/1/251
f 542/1/250 541/1/250 569/1/250
f 569/1/250 558/1/250 542/1/250
f 558/1/248 569/1/248 570/1/248
f 570/1/248 553/1/248 558/1/248
f 560/1/460 554/1/460 553/1/460
f 553/1/247 570/1/247 560/1/247
f 571/1/461 572/1/461 573/1/461
f 573/1/257 574/1/257 571/1/257
f 575/1/256 576/1/256 572/1/256
f 572/1/256 571/1/256 575/1/256
f 572/1/260 577/1/260 578/1/260
f 578/1/462 573/1/462 572/1/462
f 572/1/259 576/1/259 579/1/259
f 579/1/258 577/1/258 572/1/258
f 574/1/463 580/1/463 581/1/463
f 581/1/264 582/1/264 574/1/264
f 574/1/464 582/1/464 583/1/464
f 583/1/263 571/1/263 574/1/263
f 575/1/262 571/1/262 583/1/262
f 583/1/262 584/1/262 575/1/262
f 585/1/261 575/1/261 584/1/261
f 584/1/261 586/1/261 585/1/261
f 576/1/274 575/1/274 585/1/274
f 585/1/274 587/1/274 576/1/274
f 588/1/273 579/1/273 576/1/273
f 576/1/273 587/1/273 588/1/273
f 566/1/272 564/1/272 579/1/272
f 579/1/272 588/1/272 566/1/272
f 563/1/465 577/1/465 579/1/465
f 579/1/466 564/1/466 563/1/466
f 563/1/467 562/1/467 578/1/467
f 578/1/467 577/1/467 563/1/467
f 562/1/268 561/1/268 589/1/268
f 589/1/268 578/1/268 562/1/268
f 578/1/267 589/1/267 590/1/267
f 590/1/267 573/1/267 578/1/267
f 580/1/266 574/1/266 573/1/266
f 573/1/266 590/1/266 580/1/266
f 591/1/276 592/1/276 593/1/276
f 593/1/276 594/1/276 591/1/276
f 595/1/275 596/1/275 592/1/275
f 592/1/468 591/1/468 595/1/468
f 592/1/469 597/1/469 598/1/469
f 598/1/279 593/1/279 592/1/279
f 592/1/470 596/1/470 599/1/470
f 599/1/471 597/1/471 592/1/471
f 594/1/472 600/1/472 601/1/472
f 601/1/473 602/1/473 594/1/473
f 594/1/474 602/1/474 603/1/474
f 603/1/474 591/1/474 594/1/474
f 595/1/281 591/1/281 603/1/281
f 603/1/475 604/1/475 595/1/475
f 605/1/280 595/1/280 604/1/280
f 604/1/280 606/1/280 605/1/280
f 596/1/297 595/1/297 605/1/297
f 605/1/297 607/1/297 596/1/297
f 608/1/476 599/1/476 596/1/476
f 596/1/296 607/1/296 608/1/296
f 586/1/294 584/1/294 599/1/294
f 599/1/294 608/1/294 586/1/294
f 583/1/477 597/1/477 599/1/477
f 599/1/293 584/1/293 583/1/293
f 583/1/291 582/1/291 598/1/291
f 598/1/478 597/1/478 583/1/478
f 582/1/290 581/1/290 609/1/290
f 609/1/479 598/1/479 582/1/479
f 598/1/289 609/1/289 610/1/289
f 610/1/289 593/1/289 598/1/289
f 600/1/288 594/1/288 593/1/288
f 593/1/288 610/1/288 600/1/288
f 611/1/300 612/1/300 613/1/300
f 613/1/300 614/1/300 611/1/300
f 615/1/299 616/1/299 612/1/299
f 612/1/299 611/1/299 615/1/299
f 612/1/480 617/1/480 618/1/480
f 618/1/480 613/1/480 612/1/480
f 612/1/303 616/1/303 619/1/303
f 619/1/303 617/1/303 612/1/303
f 614/1/310 620/1/310 621/1/310
f 621/1/310 622/1/310 614/1/310
f 614/1/481 622/1/481 623/1/481
f 623/1/481 611/1/481 614/1/481
f 615/1/307 611/1/307 623/1/307
f 623/1/307 624/1/307 615/1/307
f 625/1/482 615/1/482 624/1/482
f 624/1/306 626/1/306 625/1/306
f 616/1/322 615/1/322 625/1/322
f 625/1/322 627/1/322 616/1/322
f 628/1/483 619/1/483 616/1/483
f 616/1/483 627/1/483 628/1/483
f 606/1/319 604/1/319 619/1/319
f 619/1/319 628/1/319 606/1/319
f 603/1/318 617/1/318 619/1/318
f 619/1/318 604/1/318 603/1/318
f 603/1/317 602/1/317 618/1/317
f 618/1/317 617/1/317 603/1/317
f 602/1/315 601/1/315 629/1/315
f 629/1/484 618/1/484 602/1/484
f 618/1/485 629/1/485 630/1/485
f 630/1/486 613/1/486 618/1/486
f 620/1/487 614/1/487 613/1/487
f 613/1/311 630/1/311 620/1/311
f 631/1/324 632/1/324 633/1/324
f 633/1/324 634/1/324 631/1/324
f 635/1/323 636/1/323 632/1/323
f 632/1/488 631/1/488 635/1/488
f 632/1/489 637/1/489 638/1/489
f 638/1/327 633/1/327 632/1/327
f 632/1/326 636/1/326 639/1/326
f 639/1/326 637/1/326 632/1/326
f 634/1/490 640/1/490 641/1/490
f 641/1/331 642/1/331 634/1/331
f 634/1/330 642/1/330 643/1/330
f 643/1/330 631/1/330 634/1/330
f 635/1/329 631/1/329 643/1/329
f 643/1/491 644/1/491 635/1/491
f 645/1/492 635/1/492 644/1/492
f 644/1/493 646/1/493 645/1/493
f 636/1/342 635/1/342 645/1/342
f 645/1/342 647/1/342 636/1/342
f 648/1/341 639/1/341 636/1/341
f 636/1/340 647/1/340 648/1/340
f 626/1/338 624/1/338 639/1/338
f 639/1/338 648/1/338 626/1/338
f 623/1/494 637/1/494 639/1/494
f 639/1/494 624/1/494 623/1/494
f 623/1/495 622/1/495 638/1/495
f 638/1/336 637/1/336 623/1/336
f 622/1/335 621/1/335 649/1/335
f 649/1/335 638/1/335 622/1/335
f 638/1/333 649/1/333 650/1/333
f 650/1/334 633/1/334 638/1/334
f 640/1/332 634/1/332 633/1/332
f 633/1/332 650/1/332 640/1/332
f 651/1/496 652/1/496 653/1/496
f 653/1/345 654/1/345 651/1/345
f 655/1/343 656/1/343 652/1/343
f 652/1/343 651/1/343 655/1/343
f 652/1/497 657/1/497 658/1/497
f 658/1/347 653/1/347 652/1/347
f 652/1/498 656/1/346 659/1/346
f 659/1/499 657/1/499 652/1/499
f 654/1/353 660/1/353 49/1/353
f 49/1/353 47/1/353 654/1/353
f 651/1/352 654/1/352 47/1/352
f 47/1/352 46/1/352 651/1/352
f 651/1/351 46/1/351 44/1/351
f 44/1/351 655/1/351 651/1/351
f 44/1/500 45/1/500 661/1/500
f 661/1/501 655/1/501 44/1/501
f 656/1/502 655/1/502 661/1/502
f 661/1/363 662/1/363 656/1/363
f 663/1/362 659/1/362 656/1/362
f 656/1/362 662/1/362 663/1/362
f 646/1/503 644/1/503 659/1/503
f 659/1/361 663/1/361 646/1/361
f 643/1/360 657/1/360 659/1/360
f 659/1/360 644/1/360 643/1/360
f 643/1/504 642/1/504 658/1/504
f 658/1/359 657/1/359 643/1/359
f 642/1/358 641/1/358 664/1/358
f 664/1/358 658/1/358 642/1/358
f 658/1/357 664/1/357 665/1/357
f 665/1/357 653/1/357 658/1/357
f 660/1/355 654/1/355 653/1/355
f 653/1/355 665/1/355 660/1/355
f 666/1/505 667/1/505 668/1/505
f 668/1/505 669/1/505 666/1/505
f 670/1/506 671/1/506 667/1/506
f 667/1/507 666/1/507 670/1/507
f 667/1/508 672/1/508 673/1/508
f 673/1/509 668/1/509 667/1/509
f 667/1/510 671/1/510 674/1/510
f 674/1/511 672/1/511 667/1/511
f 675/1/512 669/1/512 676/1/512
f 676/1/512 677/1/512 675/1/512
f 678/1/513 666/1/513 669/1/513
f 669/1/513 675/1/513 678/1/513
f 666/1/514 678/1/514 679/1/514
f 679/1/514 670/1/514 666/1/514
f 10/1/515 670/1/515 679/1/515
f 679/1/515 11/1/515 10/1/515
f 10/1/516 25/1/516 671/1/516
f 671/1/516 670/1/516 10/1/516
f 24/1/517 674/1/517 671/1/517
f 671/1/517 25/1/517 24/1/517
f 674/1/518 24/1/518 23/1/518
f 23/1/519 680/1/519 674/1/519
f 680/1/520 681/1/520 672/1/520
f 672/1/520 674/1/520 680/1/520
f 672/1/521 681/1/521 682/1/521
f 682/1/522 673/1/522 672/1/522
f 682/1/523 683/1/523 684/1/523
f 684/1/523 673/1/523 682/1/523
f 673/1/524 684/1/524 685/1/524
f 685/1/525 668/1/525 673/1/525
f 669/1/526 668/1/526 685/1/526
f 685/1/527 676/1/527 669/1/527
f 686/1/528 687/1/528 688/1/528
f 688/1/529 689/1/529 686/1/529
f 690/1/530 691/1/530 687/1/530
f 687/1/531 686/1/531 690/1/531
f 687/1/532 692/1/532 693/1/532
f 693/1/532 688/1/532 687/1/532
f 687/1/533 691/1/533 694/1/533
f 694/1/534 692/1/534 687/1/534
f 695/1/535 696/1/535 697/1/535
f 697/1/536 689/1/536 695/1/536
f 697/1/537 698/1/537 686/1/537
f 686/1/538 689/1/538 697/1/538
f 686/1/539 698/1/539 699/1/539
f 699/1/540 690/1/540 686/1/540
f 676/1/541 690/1/541 699/1/541
f 699/1/542 677/1/542 676/1/542
f 690/1/543 676/1/543 685/1/543
f 685/1/544 691/1/544 690/1/544
f 684/1/545 694/1/545 691/1/545
f 691/1/545 685/1/545 684/1/545
f 694/1/546 684/1/546 683/1/546
f 683/1/546 700/1/546 694/1/546
f 700/1/547 701/1/547 692/1/547
f 692/1/547 694/1/547 700/1/547
f 702/1/548 693/1/548 692/1/548
f 692/1/549 701/1/549 702/1/549
f 702/1/550 703/1/550 704/1/550
f 704/1/550 693/1/550 702/1/550
f 688/1/551 693/1/551 704/1/551
f 704/1/551 705/1/551 688/1/551
f 705/1/552 695/1/552 689/1/552
f 689/1/552 688/1/552 705/1/552
f 706/1/553 707/1/553 708/1/553
f 708/1/553 709/1/553 706/1/553
f 710/1/554 711/1/554 707/1/554
f 707/1/554 706/1/554 710/1/554
f 707/1/555 712/1/555 713/1/555
f 713/1/555 708/1/555 707/1/555
f 707/1/556 711/1/556 714/1/556
f 714/1/556 712/1/556 707/1/556
f 715/1/557 716/1/557 717/1/557
f 717/1/557 709/1/557 715/1/557
f 706/1/558 709/1/558 717/1/558
f 717/1/559 718/1/559 706/1/559
f 706/1/560 718/1/560 719/1/560
f 719/1/560 710/1/560 706/1/560
f 695/1/561 710/1/561 719/1/561
f 719/1/561 696/1/561 695/1/561
f 710/1/562 695/1/562 705/1/562
f 705/1/563 711/1/563 710/1/563
f 704/1/564 714/1/564 711/1/564
f 711/1/565 705/1/565 704/1/565
f 714/1/566 704/1/566 703/1/566
f 703/1/566 720/1/566 714/1/566
f 720/1/567 721/1/567 712/1/567
f 712/1/568 714/1/568 720/1/568
f 721/1/569 722/1/569 713/1/569
f 713/1/569 712/1/569 721/1/569
f 722/1/570 723/1/570 724/1/570
f 724/1/571 713/1/571 722/1/571
f 713/1/572 724/1/572 725/1/572
f 725/1/572 708/1/572 713/1/572
f 708/1/573 725/1/573 715/1/573
f 715/1/573 709/1/573 708/1/573
f 726/1/574 727/1/574 728/1/574
f 728/1/575 729/1/575 726/1/575
f 730/1/576 731/1/576 727/1/576
f 727/1/576 726/1/576 730/1/576
f 727/1/577 732/1/577 733/1/577
f 733/1/578 728/1/578 727/1/578
f 727/1/579 731/1/579 734/1/579
f 734/1/579 732/1/579 727/1/579
f 735/1/580 736/1/580 737/1/580
f 737/1/580 729/1/580 735/1/580
f 726/1/581 729/1/581 737/1/581
f 737/1/581 738/1/581 726/1/581
f 726/1/582 738/1/582 739/1/582
f 739/1/582 730/1/582 726/1/582
f 715/1/583 730/1/583 739/1/583
f 739/1/583 716/1/583 715/1/583
f 730/1/584 715/1/584 725/1/584
f 725/1/584 731/1/584 730/1/584
f 731/1/585 725/1/585 724/1/585
f 724/1/585 734/1/585 731/1/585
f 734/1/586 724/1/586 723/1/586
f 723/1/586 740/1/586 734/1/586
f 740/1/587 741/1/587 732/1/587
f 732/1/587 734/1/587 740/1/587
f 741/1/588 742/1/588 733/1/588
f 733/1/588 732/1/588 741/1/588
f 742/1/589 743/1/589 744/1/589
f 744/1/589 733/1/589 742/1/589
f 728/1/590 733/1/590 744/1/590
f 744/1/591 745/1/591 728/1/591
f 728/1/592 745/1/592 735/1/592
f 735/1/592 729/1/592 728/1/592
f 746/1/593 747/1/593 748/1/593
f 748/1/593 749/1/593 746/1/593
f 750/1/594 751/1/594 747/1/594
f 747/1/594 746/1/594 750/1/594
f 747/1/595 752/1/595 753/1/595
f 753/1/595 748/1/595 747/1/595
f 747/1/596 751/1/596 754/1/596
f 754/1/596 752/1/596 747/1/596
f 755/1/597 756/1/597 757/1/597
f 757/1/598 749/1/598 755/1/598
f 746/1/599 749/1/599 757/1/599
f 757/1/599 758/1/599 746/1/599
f 746/1/600 758/1/600 759/1/600
f 759/1/601 750/1/601 746/1/601
f 735/1/602 750/1/602 759/1/602
f 759/1/603 736/1/603 735/1/603
f 750/1/604 735/1/604 745/1/604
f 745/1/604 751/1/604 750/1/604
f 744/1/605 754/1/605 751/1/605
f 751/1/605 745/1/605 744/1/605
f 754/1/606 744/1/606 743/1/606
f 743/1/607 760/1/607 754/1/607
f 760/1/608 761/1/608 752/1/608
f 752/1/609 754/1/609 760/1/609
f 761/1/610 762/1/610 753/1/610
f 753/1/610 752/1/610 761/1/610
f 762/1/611 763/1/611 764/1/611
f 764/1/611 753/1/611 762/1/611
f 748/1/612 753/1/612 764/1/612
f 764/1/612 765/1/612 748/1/612
f 748/1/613 765/1/613 755/1/613
f 755/1/613 749/1/613 748/1/613
f 766/1/614 767/1/614 768/1/614
f 768/1/614 769/1/614 766/1/614
f 770/1/615 771/1/615 767/1/615
f 767/1/615 766/1/615 770/1/615
f 767/1/616 772/1/616 773/1/616
f 773/1/617 768/1/617 767/1/617
f 767/1/618 771/1/618 774/1/618
f 774/1/619 772/1/619 767/1/619
f 775/1/620 776/1/620 777/1/620
f 777/1/621 769/1/621 775/1/621
f 766/1/622 769/1/622 777/1/622
f 777/1/622 778/1/622 766/1/622
f 766/1/623 778/1/623 779/1/623
f 779/1/624 770/1/624 766/1/624
f 755/1/625 770/1/625 779/1/625
f 779/1/625 756/1/625 755/1/625
f 770/1/626 755/1/626 765/1/626
f 765/1/626 771/1/626 770/1/626
f 764/1/627 774/1/627 771/1/627
f 771/1/628 765/1/628 764/1/628
f 774/1/629 764/1/629 763/1/629
f 763/1/629 780/1/629 774/1/629
f 780/1/630 781/1/630 772/1/630
f 772/1/630 774/1/630 780/1/630
f 781/1/631 782/1/631 773/1/631
f 773/1/631 772/1/631 781/1/631
f 782/1/632 783/1/632 784/1/632
f 784/1/633 773/1/633 782/1/633
f 768/1/634 773/1/634 784/1/634
f 784/1/634 785/1/634 768/1/634
f 768/1/635 785/1/635 775/1/635
f 775/1/635 769/1/635 768/1/635
f 786/1/636 787/1/636 788/1/636
f 788/1/636 789/1/636 786/1/636
f 790/1/637 791/1/637 787/1/637
f 787/1/637 786/1/637 790/1/637
f 787/1/638 792/1/638 793/1/638
f 793/1/638 788/1/638 787/1/638
f 787/1/639 791/1/639 794/1/639
f 794/1/639 792/1/639 787/1/639
f 795/1/640 796/1/640 797/1/640
f 797/1/640 789/1/640 795/1/640
f 786/1/641 789/1/641 797/1/641
f 797/1/642 798/1/642 786/1/642
f 786/1/643 798/1/643 799/1/643
f 799/1/643 790/1/643 786/1/643
f 775/1/644 790/1/644 799/1/644
f 799/1/644 776/1/644 775/1/644
f 790/1/645 775/1/645 785/1/645
f 785/1/645 791/1/645 790/1/645
f 784/1/646 794/1/646 791/1/646
f 791/1/646 785/1/647 784/1/646
f 794/1/648 784/1/648 783/1/648
f 783/1/649 800/1/649 794/1/649
f 800/1/650 801/1/650 792/1/650
f 792/1/650 794/1/650 800/1/650
f 801/1/651 802/1/651 793/1/651
f 793/1/651 792/1/651 801/1/651
f 802/1/652 803/1/652 804/1/652
f 804/1/652 793/1/652 802/1/652
f 788/1/653 793/1/653 804/1/653
f 804/1/653 805/1/653 788/1/653
f 788/1/654 805/1/654 795/1/654
f 795/1/654 789/1/654 788/1/654
f 806/1/655 807/1/655 808/1/655
f 808/1/655 809/1/655 806/1/655
f 810/1/656 811/1/656 807/1/656
f 807/1/657 806/1/657 810/1/657
f 807/1/658 812/1/658 813/1/658
f 813/1/658 808/1/658 807/1/658
f 807/1/659 811/1/659 814/1/659
f 814/1/659 812/1/659 807/1/659
f 815/1/660 816/1/660 817/1/660
f 817/1/660 809/1/660 815/1/660
f 806/1/661 809/1/661 817/1/661
f 817/1/661 818/1/661 806/1/661
f 806/1/662 818/1/662 819/1/662
f 819/1/663 810/1/663 806/1/663
f 795/1/664 810/1/664 819/1/664
f 819/1/664 796/1/664 795/1/664
f 810/1/665 795/1/665 805/1/665
f 805/1/666 811/1/666 810/1/666
f 804/1/667 814/1/667 811/1/667
f 811/1/667 805/1/667 804/1/667
f 820/1/668 814/1/668 804/1/668
f 804/1/668 803/1/668 820/1/668
f 820/1/669 821/1/669 812/1/669
f 812/1/669 814/1/669 820/1/669
f 821/1/670 822/1/670 813/1/670
f 813/1/671 812/1/671 821/1/671
f 822/1/672 823/1/672 824/1/672
f 824/1/672 813/1/672 822/1/672
f 808/1/673 813/1/673 824/1/673
f 824/1/673 825/1/673 808/1/673
f 808/1/674 825/1/674 815/1/674
f 815/1/674 809/1/674 808/1/674
f 826/1/675 827/1/675 828/1/675
f 828/1/676 829/1/676 826/1/676
f 830/1/677 831/1/677 827/1/677
f 827/1/677 826/1/677 830/1/677
f 827/1/678 832/1/678 833/1/678
f 833/1/679 828/1/679 827/1/679
f 827/1/680 831/1/680 834/1/680
f 834/1/680 832/1/680 827/1/680
f 835/1/681 836/1/681 837/1/681
f 837/1/682 829/1/682 835/1/682
f 826/1/683 829/1/683 837/1/683
f 837/1/683 838/1/683 826/1/683
f 826/1/684 838/1/684 839/1/684
f 839/1/684 830/1/684 826/1/684
f 815/1/685 830/1/685 839/1/685
f 839/1/686 816/1/686 815/1/686
f 830/1/687 815/1/687 825/1/687
f 825/1/688 831/1/688 830/1/688
f 824/1/689 834/1/689 831/1/689
f 831/1/689 825/1/689 824/1/689
f 834/1/690 824/1/690 823/1/690
f 823/1/691 840/1/691 834/1/691
f 840/1/692 841/1/692 832/1/692
f 832/1/693 834/1/693 840/1/693
f 841/1/694 842/1/694 833/1/694
f 833/1/694 832/1/694 841/1/694
f 842/1/695 843/1/695 844/1/695
f 844/1/695 833/1/695 842/1/695
f 828/1/696 833/1/696 844/1/696
f 844/1/697 845/1/697 828/1/697
f 828/1/698 845/1/698 835/1/698
f 835/1/698 829/1/698 828/1/698
f 846/1/699 847/1/699 848/1/699
f 848/1/699 849/1/699 846/1/699
f 850/1/700 851/1/700 847/1/700
f 847/1/700 846/1/700 850/1/700
f 847/1/701 852/1/701 853/1/701
f 853/1/701 848/1/701 847/1/701
f 847/1/702 851/1/702 854/1/702
f 854/1/703 852/1/703 847/1/703
f 855/1/704 856/1/704 857/1/704
f 857/1/705 849/1/705 855/1/705
f 846/1/706 849/1/706 857/1/706
f 857/1/707 858/1/707 846/1/707
f 846/1/708 858/1/708 859/1/708
f 859/1/708 850/1/708 846/1/708
f 835/1/709 850/1/709 859/1/709
f 859/1/709 836/1/709 835/1/709
f 850/1/710 835/1/710 845/1/710
f 845/1/710 851/1/710 850/1/710
f 844/1/711 854/1/711 851/1/711
f 851/1/711 845/1/711 844/1/711
f 854/1/712 844/1/712 843/1/712
f 843/1/712 860/1/712 854/1/712
f 860/1/713 861/1/713 852/1/713
f 852/1/713 854/1/713 860/1/713
f 861/1/714 862/1/714 853/1/714
f 853/1/715 852/1/715 861/1/715
f 862/1/716 863/1/716 864/1/716
f 864/1/716 853/1/716 862/1/716
f 848/1/717 853/1/717 864/1/717
f 864/1/717 865/1/717 848/1/717
f 848/1/718 865/1/718 855/1/718
f 855/1/719 849/1/719 848/1/719
f 866/1/720 867/1/720 868/1/720
f 868/1/721 869/1/721 866/1/721
f 870/1/722 871/1/722 867/1/722
f 867/1/722 866/1/722 870/1/722
f 867/1/723 872/1/723 873/1/723
f 873/1/723 868/1/723 867/1/723
f 867/1/724 871/1/724 874/1/724
f 874/1/725 872/1/725 867/1/725
f 875/1/726 876/1/726 877/1/726
f 877/1/726 869/1/726 875/1/726
f 866/1/727 869/1/727 877/1/727
f 877/1/727 878/1/727 866/1/727
f 866/1/728 878/1/728 879/1/728
f 879/1/728 870/1/728 866/1/728
f 855/1/729 870/1/729 879/1/729
f 879/1/729 856/1/729 855/1/729
f 870/1/730 855/1/730 865/1/730
f 865/1/731 871/1/731 870/1/731
f 864/1/732 874/1/732 871/1/732
f 871/1/732 865/1/732 864/1/732
f 874/1/733 864/1/733 863/1/733
f 863/1/733 880/1/733 874/1/733
f 880/1/734 881/1/734 872/1/734
f 872/1/734 874/1/734 880/1/734
f 881/1/735 882/1/735 873/1/735
f 873/1/735 872/1/735 881/1/735
f 882/1/736 883/1/736 884/1/736
f 884/1/736 873/1/736 882/1/736
f 868/1/737 873/1/737 884/1/737
f 884/1/737 885/1/737 868/1/737
f 868/1/738 885/1/738 875/1/738
f 875/1/738 869/1/738 868/1/738
f 886/1/739 887/1/739 888/1/739
f 888/1/739 889/1/739 886/1/739
f 890/1/740 891/1/740 887/1/740
f 887/1/740 886/1/740 890/1/740
f 887/1/741 892/1/741 893/1/741
f 893/1/742 888/1/742 887/1/742
f 887/1/743 891/1/743 894/1/743
f 894/1/743 892/1/743 887/1/743
f 895/1/744 896/1/744 897/1/744
f 897/1/745 889/1/745 895/1/745
f 886/1/746 889/1/746 897/1/746
f 897/1/746 898/1/746 886/1/746
f 886/1/747 898/1/747 899/1/747
f 899/1/748 890/1/748 886/1/748
f 875/1/749 890/1/749 899/1/749
f 899/1/749 876/1/749 875/1/749
f 890/1/750 875/1/750 885/1/750
f 885/1/751 891/1/751 890/1/751
f 884/1/752 894/1/752 891/1/752
f 891/1/752 885/1/752 884/1/752
f 894/1/753 884/1/753 883/1/753
f 883/1/754 900/1/754 894/1/754
f 900/1/755 901/1/755 892/1/755
f 892/1/755 894/1/755 900/1/755
f 901/1/756 902/1/756 893/1/756
f 893/1/756 892/1/756 901/1/756
f 902/1/757 903/1/757 904/1/757
f 904/1/757 893/1/757 902/1/757
f 888/1/758 893/1/758 904/1/758
f 904/1/758 905/1/758 888/1/758
f 888/1/759 905/1/759 895/1/759
f 895/1/760 889/1/760 888/1/760
f 906/1/761 907/1/761 908/1/761
f 908/1/761 909/1/761 906/1/761
f 910/1/762 911/1/762 907/1/762
f 907/1/763 906/1/763 910/1/763
f 907/1/764 912/1/764 913/1/764
f 913/1/765 908/1/765 907/1/765
f 907/1/766 911/1/766 914/1/766
f 914/1/766 912/1/766 907/1/766
f 915/1/767 916/1/767 917/1/767
f 917/1/767 909/1/767 915/1/767
f 906/1/768 909/1/768 917/1/768
f 917/1/769 918/1/769 906/1/769
f 906/1/770 918/1/770 919/1/770
f 919/1/771 910/1/771 906/1/771
f 895/1/772 910/1/772 919/1/772
f 919/1/773 896/1/773 895/1/773
f 910/1/774 895/1/774 905/1/774
f 905/1/774 911/1/774 910/1/774
f 904/1/775 914/1/775 911/1/775
f 911/1/775 905/1/775 904/1/775
f 914/1/776 904/1/776 903/1/776
f 903/1/776 920/1/776 914/1/776
f 920/1/777 921/1/777 912/1/777
f 912/1/777 914/1/777 920/1/777
f 921/1/778 922/1/778 913/1/778
f 913/1/779 912/1/779 921/1/779
f 922/1/780 923/1/780 924/1/780
f 924/1/781 913/1/781 922/1/781
f 908/1/782 913/1/782 924/1/782
f 924/1/782 925/1/782 908/1/782
f 908/1/783 925/1/783 915/1/783
f 915/1/784 909/1/784 908/1/784
f 926/1/785 927/1/785 928/1/785
f 928/1/785 929/1/785 926/1/785
f 930/1/786 931/1/786 927/1/786
f 927/1/787 926/1/787 930/1/787
f 927/1/788 932/1/788 933/1/788
f 933/1/789 928/1/789 927/1/789
f 927/1/790 931/1/790 934/1/790
f 934/1/790 932/1/790 927/1/790
f 935/1/791 936/1/791 937/1/791
f 937/1/791 929/1/791 935/1/791
f 926/1/792 929/1/792 937/1/792
f 937/1/793 938/1/793 926/1/793
f 926/1/794 938/1/794 939/1/794
f 939/1/794 930/1/794 926/1/794
f 915/1/795 930/1/795 939/1/795
f 939/1/795 916/1/795 915/1/795
f 930/1/796 915/1/796 925/1/796
f 925/1/797 931/1/797 930/1/797
f 924/1/798 934/1/798 931/1/798
f 931/1/799 925/1/799 924/1/799
f 934/1/800 924/1/800 923/1/800
f 923/1/801 940/1/801 934/1/801
f 940/1/802 941/1/802 932/1/802
f 932/1/803 934/1/803 940/1/803
f 941/1/804 942/1/804 933/1/804
f 933/1/804 932/1/804 941/1/804
f 942/1/805 943/1/805 944/1/805
f 944/1/806 933/1/806 942/1/806
f 928/1/807 933/1/807 944/1/807
f 944/1/807 945/1/807 928/1/807
f 928/1/808 945/1/808 935/1/808
f 935/1/808 929/1/808 928/1/808
f 946/1/809 947/1/809 948/1/809
f 948/1/809 949/1/809 946/1/809
f 950/1/810 951/1/810 947/1/810
f 947/1/810 946/1/810 950/1/810
f 947/1/811 952/1/811 953/1/811
f 953/1/811 948/1/811 947/1/811
f 947/1/812 951/1/812 954/1/812
f 954/1/812 952/1/812 947/1/812
f 955/1/813 956/1/813 957/1/813
f 957/1/813 949/1/813 955/1/813
f 946/1/814 949/1/814 957/1/814
f 957/1/814 958/1/814 946/1/814
f 946/1/815 958/1/815 959/1/815
f 959/1/815 950/1/815 946/1/815
f 935/1/816 950/1/816 959/1/816
f 959/1/816 936/1/816 935/1/816
f 950/1/817 935/1/817 945/1/817
f 945/1/817 951/1/817 950/1/817
f 944/1/818 954/1/818 951/1/818
f 951/1/819 945/1/819 944/1/819
f 954/1/820 944/1/820 943/1/820
f 943/1/821 960/1/821 954/1/821
f 960/1/822 961/1/822 952/1/822
f 952/1/822 954/1/822 960/1/822
f 961/1/823 962/1/823 953/1/823
f 953/1/823 952/1/823 961/1/823
f 962/1/824 963/1/824 964/1/824
f 964/1/825 953/1/825 962/1/825
f 948/1/826 953/1/826 964/1/826
f 964/1/826 965/1/826 948/1/826
f 948/1/827 965/1/827 955/1/827
f 955/1/828 949/1/828 948/1/828
f 966/1/3 967/1/3 968/1/3
f 968/1/3 969/1/3 966/1/3
f 970/1/4 971/1/4 967/1/4
f 967/1/4 966/1/4 970/1/4
f 967/1/1 972/1/1 973/1/1
f 973/1/1 968/1/1 967/1/1
f 967/1/829 971/1/829 974/1/829
f 974/1/2 972/1/2 967/1/2
f 975/1/830 976/1/830 977/1/830
f 977/1/17 969/1/17 975/1/17
f 966/1/831 969/1/831 977/1/831
f 977/1/16 978/1/16 966/1/16
f 966/1/15 978/1/15 979/1/15
f 979/1/832 970/1/832 966/1/832
f 955/1/14 970/1/14 979/1/14
f 979/1/14 956/1/14 955/1/14
f 970/1/13 955/1/13 965/1/13
f 965/1/13 971/1/13 970/1/13
f 964/1/11 974/1/11 971/1/11
f 971/1/11 965/1/11 964/1/11
f 974/1/10 964/1/10 963/1/10
f 963/1/10 980/1/10 974/1/10
f 980/1/8 981/1/8 972/1/8
f 972/1/8 974/1/8 980/1/8
f 981/1/7 982/1/7 973/1/7
f 973/1/7 972/1/7 981/1/7
f 982/1/5 983/1/5 984/1/5
f 984/1/5 973/1/5 982/1/5
f 968/1/21 973/1/21 984/1/21
f 984/1/21 985/1/21 968/1/21
f 968/1/833 985/1/833 975/1/833
f 975/1/20 969/1/20 968/1/20
f 986/1/834 987/1/834 988/1/834
f 988/1/834 989/1/834 986/1/834
f 990/1/510 991/1/510 987/1/510
f 987/1/510 986/1/510 990/1/510
f 987/1/505 992/1/505 993/1/505
f 993/1/505 988/1/505 987/1/505
f 987/1/507 991/1/507 994/1/507
f 994/1/507 992/1/507 987/1/507
f 995/1/523 996/1/523 997/1/523
f 997/1/835 989/1/835 995/1/835
f 986/1/836 989/1/836 997/1/836
f 997/1/836 998/1/836 986/1/836
f 986/1/837 998/1/837 999/1/837
f 999/1/520 990/1/520 986/1/520
f 975/1/838 990/1/838 999/1/838
f 999/1/519 976/1/519 975/1/519
f 990/1/517 975/1/517 985/1/517
f 985/1/839 991/1/839 990/1/839
f 984/1/516 994/1/516 991/1/516
f 991/1/840 985/1/840 984/1/840
f 994/1/515 984/1/515 983/1/515
f 983/1/515 1000/1/515 994/1/515
f 1000/1/514 1001/1/514 992/1/514
f 992/1/514 994/1/514 1000/1/514
f 1001/1/513 1002/1/513 993/1/513
f 993/1/513 992/1/513 1001/1/513
f 1002/1/512 1003/1/512 1004/1/512
f 1004/1/512 993/1/512 1002/1/512
f 988/1/841 993/1/841 1004/1/841
f 1004/1/842 1005/1/842 988/1/842
f 988/1/843 1005/1/843 995/1/843
f 995/1/843 989/1/843 988/1/843
f 1006/1/532 1007/1/532 1008/1/532
f 1008/1/532 1009/1/532 1006/1/532
f 1010/1/534 1011/1/534 1007/1/534
f 1007/1/534 1006/1/534 1010/1/534
f 1007/1/528 1012/1/528 1013/1/528
f 1013/1/528 1008/1/528 1007/1/528
f 1007/1/844 1011/1/844 1014/1/844
f 1014/1/844 1012/1/844 1007/1/844
f 1015/1/550 1016/1/550 1017/1/550
f 1017/1/550 1009/1/550 1015/1/550
f 1006/1/549 1009/1/549 1017/1/549
f 1017/1/845 1018/1/845 1006/1/845
f 1006/1/547 1018/1/547 1019/1/547
f 1019/1/846 1010/1/846 1006/1/846
f 995/1/546 1010/1/546 1019/1/546
f 1019/1/546 996/1/546 995/1/546
f 1010/1/545 995/1/545 1005/1/545
f 1005/1/545 1011/1/545 1010/1/545
f 1004/1/847 1014/1/847 1011/1/847
f 1011/1/847 1005/1/847 1004/1/847
f 1014/1/542 1004/1/542 1003/1/542
f 1003/1/848 1020/1/848 1014/1/848
f 1020/1/849 1021/1/849 1012/1/849
f 1012/1/850 1014/1/850 1020/1/850
f 1021/1/851 1022/1/851 1013/1/851
f 1013/1/852 1012/1/852 1021/1/852
f 1022/1/853 1023/1/853 1024/1/853
f 1024/1/854 1013/1/854 1022/1/854
f 1008/1/552 1013/1/552 1024/1/552
f 1024/1/855 1025/1/855 1008/1/855
f 1008/1/551 1025/1/551 1015/1/551
f 1015/1/551 1009/1/551 1008/1/551
f 1026/1/555 1027/1/555 1028/1/555
f 1028/1/555 1029/1/555 1026/1/555
f 1030/1/856 1031/1/856 1027/1/856
f 1027/1/556 1026/1/556 1030/1/556
f 1027/1/553 1032/1/553 1033/1/553
f 1033/1/857 1028/1/857 1027/1/857
f 1027/1/554 1031/1/554 1034/1/554
f 1034/1/554 1032/1/554 1027/1/554
f 1035/1/858 1036/1/858 1037/1/858
f 1037/1/858 1029/1/858 1035/1/858
f 1026/1/569 1029/1/569 1037/1/569
f 1037/1/569 1038/1/569 1026/1/569
f 1026/1/568 1038/1/568 1039/1/568
f 1039/1/568 1030/1/568 1026/1/568
f 1015/1/566 1030/1/566 1039/1/566
f 1039/1/566 1016/1/566 1015/1/566
f 1030/1/859 1015/1/859 1025/1/859
f 1025/1/565 1031/1/565 1030/1/565
f 1024/1/563 1034/1/563 1031/1/563
f 1031/1/562 1025/1/562 1024/1/562
f 1034/1/561 1024/1/561 1023/1/561
f 1023/1/561 1040/1/561 1034/1/561
f 1040/1/860 1041/1/860 1032/1/860
f 1032/1/860 1034/1/860 1040/1/860
f 1041/1/559 1042/1/559 1033/1/559
f 1033/1/559 1032/1/559 1041/1/559
f 1042/1/557 1043/1/557 1044/1/557
f 1044/1/557 1033/1/557 1042/1/557
f 1028/1/861 1033/1/861 1044/1/861
f 1044/1/573 1045/1/573 1028/1/573
f 1028/1/572 1045/1/572 1035/1/572
f 1035/1/862 1029/1/862 1028/1/862
f 1046/1/577 1047/1/577 1048/1/577
f 1048/1/577 1049/1/577 1046/1/577
f 1050/1/579 1051/1/579 1047/1/579
f 1047/1/579 1046/1/579 1050/1/579
f 1047/1/863 1052/1/863 1053/1/863
f 1053/1/864 1048/1/864 1047/1/864
f 1047/1/576 1051/1/576 1054/1/576
f 1054/1/576 1052/1/576 1047/1/576
f 1055/1/589 1056/1/589 1057/1/589
f 1057/1/589 1049/1/589 1055/1/589
f 1046/1/588 1049/1/588 1057/1/588
f 1057/1/588 1058/1/588 1046/1/588
f 1046/1/587 1058/1/587 1059/1/587
f 1059/1/587 1050/1/587 1046/1/587
f 1035/1/865 1050/1/865 1059/1/865
f 1059/1/586 1036/1/586 1035/1/586
f 1050/1/585 1035/1/585 1045/1/585
f 1045/1/866 1051/1/866 1050/1/866
f 1044/1/584 1054/1/584 1051/1/584
f 1051/1/584 1045/1/584 1044/1/584
f 1054/1/867 1044/1/867 1043/1/867
f 1043/1/868 1060/1/868 1054/1/868
f 1060/1/582 1061/1/582 1052/1/582
f 1052/1/869 1054/1/869 1060/1/869
f 1061/1/581 1062/1/581 1053/1/581
f 1053/1/581 1052/1/581 1061/1/581
f 1062/1/870 1063/1/870 1064/1/870
f 1064/1/870 1053/1/870 1062/1/870
f 1048/1/592 1053/1/592 1064/1/592
f 1064/1/592 1065/1/592 1048/1/592
f 1048/1/591 1065/1/591 1055/1/591
f 1055/1/591 1049/1/591 1048/1/591
f 1066/1/871 1067/1/871 1068/1/871
f 1068/1/872 1069/1/872 1066/1/872
f 1070/1/596 1071/1/596 1067/1/596
f 1067/1/596 1066/1/596 1070/1/596
f 1067/1/593 1072/1/593 1073/1/593
f 1073/1/593 1068/1/593 1067/1/593
f 1067/1/594 1071/1/594 1074/1/594
f 1074/1/594 1072/1/594 1067/1/594
f 1075/1/611 1076/1/611 1077/1/611
f 1077/1/611 1069/1/611 1075/1/611
f 1066/1/610 1069/1/610 1077/1/610
f 1077/1/610 1078/1/610 1066/1/610
f 1066/1/873 1078/1/873 1079/1/873
f 1079/1/873 1070/1/873 1066/1/873
f 1055/1/874 1070/1/874 1079/1/874
f 1079/1/874 1056/1/874 1055/1/874
f 1070/1/605 1055/1/605 1065/1/605
f 1065/1/605 1071/1/605 1070/1/605
f 1064/1/604 1074/1/604 1071/1/604
f 1071/1/604 1065/1/604 1064/1/604
f 1074/1/603 1064/1/603 1063/1/603
f 1063/1/603 1080/1/603 1074/1/603
f 1080/1/875 1081/1/875 1072/1/875
f 1072/1/876 1074/1/876 1080/1/876
f 1081/1/599 1082/1/599 1073/1/599
f 1073/1/599 1072/1/599 1081/1/599
f 1082/1/598 1083/1/598 1084/1/598
f 1084/1/598 1073/1/598 1082/1/598
f 1068/1/613 1073/1/613 1084/1/613
f 1084/1/613 1085/1/613 1068/1/613
f 1068/1/612 1085/1/612 1075/1/612
f 1075/1/877 1069/1/877 1068/1/877
f 1086/1/878 1087/1/878 1088/1/878
f 1088/1/616 1089/1/616 1086/1/616
f 1090/1/879 1091/1/879 1087/1/879
f 1087/1/880 1086/1/880 1090/1/880
f 1087/1/614 1092/1/614 1093/1/614
f 1093/1/881 1088/1/881 1087/1/881
f 1087/1/615 1091/1/615 1094/1/615
f 1094/1/882 1092/1/882 1087/1/882
f 1095/1/632 1096/1/632 1097/1/632
f 1097/1/632 1089/1/632 1095/1/632
f 1086/1/883 1089/1/883 1097/1/883
f 1097/1/631 1098/1/631 1086/1/631
f 1086/1/884 1098/1/630 1099/1/630
f 1099/1/885 1090/1/885 1086/1/885
f 1075/1/629 1090/1/629 1099/1/629
f 1099/1/629 1076/1/629 1075/1/629
f 1090/1/628 1075/1/628 1085/1/628
f 1085/1/628 1091/1/628 1090/1/628
f 1084/1/626 1094/1/626 1091/1/626
f 1091/1/626 1085/1/626 1084/1/626
f 1094/1/886 1084/1/886 1083/1/886
f 1083/1/886 1100/1/886 1094/1/886
f 1100/1/887 1101/1/887 1092/1/887
f 1092/1/887 1094/1/887 1100/1/887
f 1101/1/622 1102/1/622 1093/1/622
f 1093/1/622 1092/1/622 1101/1/622
f 1102/1/620 1103/1/620 1104/1/620
f 1104/1/620 1093/1/620 1102/1/620
f 1088/1/635 1093/1/635 1104/1/635
f 1104/1/888 1105/1/888 1088/1/888
f 1088/1/634 1105/1/634 1095/1/634
f 1095/1/634 1089/1/634 1088/1/634
f 1106/1/638 1107/1/638 1108/1/638
f 1108/1/638 1109/1/638 1106/1/638
f 1110/1/889 1111/1/889 1107/1/889
f 1107/1/639 1106/1/639 1110/1/639
f 1107/1/636 1112/1/636 1113/1/636
f 1113/1/890 1108/1/890 1107/1/890
f 1107/1/637 1111/1/637 1114/1/637
f 1114/1/637 1112/1/637 1107/1/637
f 1115/1/891 1116/1/891 1117/1/891
f 1117/1/891 1109/1/891 1115/1/891
f 1106/1/651 1109/1/651 1117/1/651
f 1117/1/651 1118/1/651 1106/1/651
f 1106/1/650 1118/1/650 1119/1/650
f 1119/1/892 1110/1/892 1106/1/892
f 1095/1/893 1110/1/893 1119/1/893
f 1119/1/894 1096/1/894 1095/1/894
f 1110/1/646 1095/1/646 1105/1/646
f 1105/1/895 1111/1/895 1110/1/895
f 1104/1/645 1114/1/645 1111/1/645
f 1111/1/896 1105/1/896 1104/1/896
f 1114/1/644 1104/1/644 1103/1/644
f 1103/1/897 1120/1/897 1114/1/897
f 1120/1/643 1121/1/643 1112/1/643
f 1112/1/643 1114/1/643 1120/1/643
f 1121/1/642 1122/1/642 1113/1/642
f 1113/1/641 1112/1/641 1121/1/641
f 1122/1/640 1123/1/640 1124/1/640
f 1124/1/640 1113/1/640 1122/1/640
f 1108/1/654 1113/1/654 1124/1/654
f 1124/1/654 1125/1/654 1108/1/654
f 1108/1/653 1125/1/653 1115/1/653
f 1115/1/653 1109/1/653 1108/1/653
f 1126/1/658 1127/1/658 1128/1/658
f 1128/1/898 1129/1/898 1126/1/898
f 1130/1/659 1131/1/659 1127/1/659
f 1127/1/659 1126/1/659 1130/1/659
f 1127/1/655 1132/1/655 1133/1/655
f 1133/1/655 1128/1/655 1127/1/655
f 1127/1/657 1131/1/657 1134/1/657
f 1134/1/657 1132/1/657 1127/1/657
f 1135/1/899 1136/1/899 1137/1/899
f 1137/1/900 1129/1/900 1135/1/900
f 1126/1/670 1129/1/670 1137/1/670
f 1137/1/670 1138/1/670 1126/1/670
f 1126/1/669 1138/1/669 1139/1/669
f 1139/1/669 1130/1/669 1126/1/669
f 1115/1/901 1130/1/901 1139/1/901
f 1139/1/902 1116/1/902 1115/1/902
f 1130/1/667 1115/1/667 1125/1/667
f 1125/1/667 1131/1/667 1130/1/667
f 1124/1/665 1134/1/665 1131/1/665
f 1131/1/665 1125/1/665 1124/1/665
f 1134/1/664 1124/1/664 1123/1/664
f 1123/1/664 1140/1/664 1134/1/664
f 1140/1/903 1141/1/903 1132/1/903
f 1132/1/903 1134/1/903 1140/1/903
f 1141/1/661 1142/1/661 1133/1/661
f 1133/1/661 1132/1/661 1141/1/661
f 1142/1/660 1143/1/660 1144/1/660
f 1144/1/660 1133/1/660 1142/1/660
f 1128/1/674 1133/1/674 1144/1/674
f 1144/1/904 1145/1/904 1128/1/904
f 1128/1/673 1145/1/673 1135/1/673
f 1135/1/673 1129/1/673 1128/1/673
f 1146/1/905 1147/1/905 1148/1/905
f 1148/1/905 1149/1/905 1146/1/905
f 1150/1/680 1151/1/680 1147/1/680
f 1147/1/680 1146/1/680 1150/1/680
f 1147/1/676 1152/1/676 1153/1/676
f 1153/1/676 1148/1/676 1147/1/676
f 1147/1/906 1151/1/906 1154/1/906
f 1154/1/906 1152/1/906 1147/1/906
f 1155/1/695 1156/1/695 1157/1/695
f 1157/1/695 1149/1/695 1155/1/695
f 1146/1/907 1149/1/907 1157/1/907
f 1157/1/694 1158/1/694 1146/1/694
f 1146/1/692 1158/1/692 1159/1/692
f 1159/1/692 1150/1/692 1146/1/692
f 1135/1/690 1150/1/690 1159/1/690
f 1159/1/690 1136/1/690 1135/1/690
f 1150/1/689 1135/1/689 1145/1/689
f 1145/1/689 1151/1/689 1150/1/689
f 1144/1/908 1154/1/908 1151/1/908
f 1151/1/908 1145/1/908 1144/1/908
f 1154/1/686 1144/1/686 1143/1/686
f 1143/1/686 1160/1/686 1154/1/686
f 1160/1/684 1161/1/684 1152/1/684
f 1152/1/684 1154/1/684 1160/1/684
f 1161/1/683 1162/1/683 1153/1/683
f 1153/1/683 1152/1/683 1161/1/683
f 1162/1/909 1163/1/909 1164/1/909
f 1164/1/910 1153/1/910 1162/1/910
f 1148/1/698 1153/1/698 1164/1/698
f 1164/1/698 1165/1/698 1148/1/698
f 1148/1/697 1165/1/697 1155/1/697
f 1155/1/697 1149/1/697 1148/1/697
f 1166/1/701 1167/1/701 1168/1/701
f 1168/1/701 1169/1/701 1166/1/701
f 1170/1/703 1171/1/703 1167/1/703
f 1167/1/702 1166/1/702 1170/1/702
f 1167/1/699 1172/1/699 1173/1/699
f 1173/1/699 1168/1/699 1167/1/699
f 1167/1/700 1171/1/700 1174/1/700
f 1174/1/700 1172/1/700 1167/1/700
f 1175/1/716 1176/1/716 1177/1/716
f 1177/1/716 1169/1/716 1175/1/716
f 1166/1/911 1169/1/911 1177/1/911
f 1177/1/911 1178/1/911 1166/1/911
f 1166/1/713 1178/1/713 1179/1/713
f 1179/1/713 1170/1/713 1166/1/713
f 1155/1/712 1170/1/712 1179/1/712
f 1179/1/712 1156/1/712 1155/1/712
f 1170/1/912 1155/1/912 1165/1/912
f 1165/1/913 1171/1/913 1170/1/913
f 1164/1/710 1174/1/710 1171/1/710
f 1171/1/710 1165/1/710 1164/1/710
f 1174/1/709 1164/1/709 1163/1/709
f 1163/1/709 1180/1/709 1174/1/709
f 1180/1/708 1181/1/708 1172/1/708
f 1172/1/708 1174/1/708 1180/1/708
f 1181/1/914 1182/1/914 1173/1/914
f 1173/1/914 1172/1/914 1181/1/914
f 1182/1/704 1183/1/704 1184/1/704
f 1184/1/705 1173/1/705 1182/1/705
f 1168/1/718 1173/1/718 1184/1/718
f 1184/1/718 1185/1/718 1168/1/718
f 1168/1/717 1185/1/717 1175/1/717
f 1175/1/717 1169/1/717 1168/1/717
f 1186/1/723 1187/1/723 1188/1/723
f 1188/1/723 1189/1/723 1186/1/723
f 1190/1/725 1191/1/725 1187/1/725
f 1187/1/725 1186/1/725 1190/1/725
f 1187/1/721 1192/1/721 1193/1/721
f 1193/1/721 1188/1/721 1187/1/721
f 1187/1/722 1191/1/722 1194/1/722
f 1194/1/915 1192/1/915 1187/1/915
f 1195/1/916 1196/1/916 1197/1/916
f 1197/1/916 1189/1/916 1195/1/916
f 1186/1/735 1189/1/735 1197/1/735
f 1197/1/735 1198/1/735 1186/1/735
f 1186/1/734 1198/1/734 1199/1/734
f 1199/1/734 1190/1/734 1186/1/734
f 1175/1/733 1190/1/733 1199/1/733
f 1199/1/733 1176/1/733 1175/1/733
f 1190/1/732 1175/1/732 1185/1/732
f 1185/1/732 1191/1/732 1190/1/732
f 1184/1/731 1194/1/731 1191/1/731
f 1191/1/731 1185/1/731 1184/1/731
f 1194/1/917 1184/1/917 1183/1/917
f 1183/1/917 1200/1/917 1194/1/917
f 1200/1/728 1201/1/728 1192/1/728
f 1192/1/728 1194/1/728 1200/1/728
f 1201/1/918 1202/1/918 1193/1/918
f 1193/1/918 1192/1/918 1201/1/918
f 1202/1/919 1203/1/919 1204/1/919
f 1204/1/919 1193/1/919 1202/1/919
f 1188/1/738 1193/1/738 1204/1/738
f 1204/1/738 1205/1/738 1188/1/738
f 1188/1/737 1205/1/737 1195/1/737
f 1195/1/737 1189/1/737 1188/1/737
f 1206/1/920 1207/1/920 1208/1/920
f 1208/1/920 1209/1/920 1206/1/920
f 1210/1/743 1211/1/743 1207/1/743
f 1207/1/743 1206/1/743 1210/1/743
f 1207/1/739 1212/1/739 1213/1/739
f 1213/1/739 1208/1/739 1207/1/739
f 1207/1/921 1211/1/921 1214/1/921
f 1214/1/740 1212/1/740 1207/1/740
f 1215/1/757 1216/1/757 1217/1/757
f 1217/1/757 1209/1/757 1215/1/757
f 1206/1/756 1209/1/756 1217/1/756
f 1217/1/756 1218/1/756 1206/1/756
f 1206/1/922 1218/1/922 1219/1/922
f 1219/1/922 1210/1/922 1206/1/922
f 1195/1/923 1210/1/923 1219/1/923
f 1219/1/924 1196/1/924 1195/1/924
f 1210/1/752 1195/1/752 1205/1/752
f 1205/1/925 1211/1/925 1210/1/925
f 1204/1/926 1214/1/926 1211/1/926
f 1211/1/927 1205/1/927 1204/1/927
f 1214/1/928 1204/1/928 1203/1/928
f 1203/1/929 1220/1/929 1214/1/929
f 1220/1/747 1221/1/747 1212/1/747
f 1212/1/930 1214/1/930 1220/1/930
f 1221/1/746 1222/1/746 1213/1/746
f 1213/1/746 1212/1/746 1221/1/746
f 1222/1/744 1223/1/744 1224/1/744
f 1224/1/931 1213/1/931 1222/1/931
f 1208/1/932 1213/1/932 1224/1/932
f 1224/1/932 1225/1/932 1208/1/932
f 1208/1/933 1225/1/933 1215/1/933
f 1215/1/934 1209/1/934 1208/1/934
f 1226/1/764 1227/1/764 1228/1/764
f 1228/1/764 1229/1/764 1226/1/764
f 1230/1/766 1231/1/766 1227/1/766
f 1227/1/766 1226/1/766 1230/1/766
f 1227/1/761 1232/1/761 1233/1/761
f 1233/1/761 1228/1/761 1227/1/761
f 1227/1/935 1231/1/935 1234/1/935
f 1234/1/762 1232/1/762 1227/1/762
f 1235/1/781 1236/1/781 1237/1/781
f 1237/1/781 1229/1/781 1235/1/781
f 1226/1/779 1229/1/779 1237/1/779
f 1237/1/779 1238/1/779 1226/1/779
f 1226/1/936 1238/1/936 1239/1/936
f 1239/1/777 1230/1/777 1226/1/777
f 1215/1/776 1230/1/776 1239/1/776
f 1239/1/776 1216/1/776 1215/1/776
f 1230/1/775 1215/1/775 1225/1/775
f 1225/1/937 1231/1/937 1230/1/937
f 1224/1/774 1234/1/774 1231/1/774
f 1231/1/774 1225/1/774 1224/1/774
f 1234/1/938 1224/1/938 1223/1/938
f 1223/1/939 1240/1/939 1234/1/939
f 1240/1/940 1241/1/940 1232/1/940
f 1232/1/941 1234/1/941 1240/1/941
f 1241/1/768 1242/1/768 1233/1/768
f 1233/1/768 1232/1/768 1241/1/768
f 1242/1/942 1243/1/942 1244/1/942
f 1244/1/767 1233/1/767 1242/1/767
f 1228/1/784 1233/1/784 1244/1/784
f 1244/1/784 1245/1/784 1228/1/784
f 1228/1/943 1245/1/943 1235/1/943
f 1235/1/943 1229/1/943 1228/1/943
f 1246/1/789 1247/1/789 1248/1/789
f 1248/1/789 1249/1/789 1246/1/789
f 1250/1/944 1251/1/944 1247/1/944
f 1247/1/944 1246/1/944 1250/1/944
f 1247/1/945 1252/1/945 1253/1/945
f 1253/1/946 1248/1/946 1247/1/946
f 1247/1/947 1251/1/947 1254/1/947
f 1254/1/947 1252/1/947 1247/1/947
f 1255/1/806 1256/1/806 1257/1/806
f 1257/1/948 1249/1/948 1255/1/948
f 1246/1/804 1249/1/804 1257/1/804
f 1257/1/804 1258/1/804 1246/1/804
f 1246/1/949 1258/1/949 1259/1/949
f 1259/1/949 1250/1/949 1246/1/949
f 1235/1/950 1250/1/950 1259/1/950
f 1259/1/950 1236/1/950 1235/1/950
f 1250/1/799 1235/1/799 1245/1/799
f 1245/1/951 1251/1/951 1250/1/951
f 1244/1/797 1254/1/797 1251/1/797
f 1251/1/952 1245/1/952 1244/1/952
f 1254/1/953 1244/1/953 1243/1/953
f 1243/1/954 1260/1/954 1254/1/954
f 1260/1/794 1261/1/794 1252/1/794
f 1252/1/794 1254/1/794 1260/1/794
f 1261/1/793 1262/1/793 1253/1/793
f 1253/1/793 1252/1/793 1261/1/793
f 1262/1/791 1263/1/791 1264/1/791
f 1264/1/791 1253/1/791 1262/1/791
f 1248/1/808 1253/1/808 1264/1/808
f 1264/1/808 1265/1/808 1248/1/808
f 1248/1/807 1265/1/807 1255/1/807
f 1255/1/955 1249/1/955 1248/1/955
f 1266/1/811 1267/1/811 1268/1/811
f 1268/1/811 1269/1/811 1266/1/811
f 1270/1/812 1271/1/812 1267/1/812
f 1267/1/812 1266/1/812 1270/1/812
f 1267/1/809 1272/1/809 1273/1/809
f 1273/1/809 1268/1/809 1267/1/809
f 1267/1/810 1271/1/810 1274/1/810
f 1274/1/810 1272/1/810 1267/1/810
f 16/1/956 15/1/956 1275/1/956
f 1275/1/824 1269/1/824 16/1/824
f 1266/1/823 1269/1/823 1275/1/823
f 1275/1/823 1276/1/823 1266/1/823
f 1266/1/822 1276/1/822 1277/1/822
f 1277/1/957 1270/1/957 1266/1/957
f 1255/1/821 1270/1/821 1277/1/821
f 1277/1/958 1256/1/821 1255/1/821
f 1270/1/819 1255/1/819 1265/1/819
f 1265/1/819 1271/1/819 1270/1/819
f 1264/1/817 1274/1/817 1271/1/817
f 1271/1/817 1265/1/817 1264/1/817
f 1274/1/816 1264/1/816 1263/1/816
f 1263/1/959 1278/1/959 1274/1/959
f 1278/1/815 1279/1/815 1272/1/815
f 1272/1/960 1274/1/960 1278/1/960
f 1279/1/814 1280/1/814 1273/1/814
f 1273/1/814 1272/1/814 1279/1/814
f 18/1/813 1273/1/813 1280/1/813
f 1280/1/813 20/1/813 18/1/813
f 1273/1/828 18/1/828 17/1/828
f 17/1/828 1268/1/828 1273/1/828
f 1268/1/826 17/1/826 16/1/826
f 16/1/961 1269/1/961 1268/1/961
f 1281/1/962 1282/1/962 1283/1/962
f 1283/1/963 1284/1/963 1281/1/963
f 1285/1/964 1286/1/964 1282/1/964
f 1282/1/965 1281/1/965 1285/1/965
f 1282/1/966 1287/1/966 1288/1/966
f 1288/1/966 1283/1/966 1282/1/966
f 1289/1/967 1287/1/967 1282/1/967
f 1282/1/968 1286/1/968 1289/1/968
f 1290/1/969 526/1/969 548/1/969
f 548/1/969 1284/1/969 1290/1/969
f 1284/1/970 548/1/970 547/1/970
f 547/1/970 1281/1/970 1284/1/970
f 1285/1/971 1281/1/972 547/1/972
f 547/1/972 545/1/972 1285/1/972
f 1285/1/973 545/1/973 546/1/973
f 546/1/973 1291/1/973 1285/1/973
f 1285/1/974 1291/1/974 1292/1/974
f 1292/1/974 1286/1/974 1285/1/974
f 1293/1/975 1289/1/975 1286/1/975
f 1286/1/975 1292/1/975 1293/1/975
f 1289/1/976 1293/1/976 1163/1/976
f 1163/1/976 1162/1/976 1289/1/976
f 1289/1/977 1162/1/977 1161/1/977
f 1161/1/977 1287/1/977 1289/1/977
f 1161/1/978 1160/1/978 1288/1/978
f 1288/1/978 1287/1/978 1161/1/978
f 1160/1/979 1143/1/979 1294/1/979
f 1294/1/979 1288/1/979 1160/1/979
f 1283/1/980 1288/1/980 1294/1/980
f 1294/1/980 1295/1/980 1283/1/980
f 1283/1/981 1295/1/981 1290/1/981
f 1290/1/981 1284/1/981 1283/1/981
f 1296/1/982 1297/1/982 1298/1/982
f 1298/1/982 1299/1/982 1296/1/982
f 1300/1/983 1301/1/983 1297/1/983
f 1297/1/983 1296/1/983 1300/1/983
f 1297/1/984 1302/1/984 1303/1/984
f 1303/1/984 1298/1/984 1297/1/984
f 1301/1/985 1304/1/985 1302/1/985
f 1302/1/986 1297/1/986 1301/1/986
f 49/1/987 660/1/987 1299/1/987
f 1299/1/987 1305/1/987 49/1/987
f 665/1/988 1296/1/988 1299/1/988
f 1299/1/988 660/1/988 665/1/988
f 665/1/989 664/1/989 1300/1/989
f 1300/1/990 1296/1/990 665/1/990
f 664/1/991 641/1/991 1306/1/991
f 1306/1/992 1300/1/992 664/1/992
f 1300/1/993 1306/1/993 1307/1/993
f 1307/1/994 1301/1/994 1300/1/994
f 1308/1/995 1304/1/995 1301/1/995
f 1301/1/996 1307/1/996 1308/1/996
f 1304/1/997 1308/1/997 1256/1/997
f 1256/1/997 1277/1/997 1304/1/997
f 1304/1/998 1277/1/998 1276/1/998
f 1276/1/998 1302/1/998 1304/1/998
f 1302/1/999 1276/1/999 1275/1/999
f 1275/1/999 1303/1/999 1302/1/999
f 1275/1/1000 15/1/1000 1309/1/1000
f 1309/1/1001 1303/1/1001 1275/1/1001
f 1303/1/1002 1309/1/1002 1310/1/1002
f 1310/1/1002 1298/1/1002 1303/1/1002
f 1298/1/1003 1310/1/1003 1305/1/1003
f 1305/1/1003 1299/1/1003 1298/1/1003
f 1311/1/1004 1312/1/1004 1313/1/1004
f 1313/1/1005 1314/1/1005 1311/1/1005
f 1315/1/1006 1316/1/1006 1312/1/1006
f 1312/1/1006 1311/1/1006 1315/1/1006
f 1312/1/1007 1317/1/1007 1318/1/1007
f 1318/1/1008 1313/1/1008 1312/1/1008
f 1312/1/1009 1316/1/1009 1319/1/1009
f 1319/1/1009 1317/1/1009 1312/1/1009
f 1314/1/1010 1320/1/1010 141/1/1010
f 141/1/1011 140/1/1011 1314/1/1011
f 1314/1/1012 140/1/1012 150/1/1012
f 150/1/1012 1311/1/1012 1314/1/1012
f 1315/1/1013 1311/1/1013 150/1/1013
f 150/1/1013 149/1/1013 1315/1/1013
f 149/1/1014 121/1/1014 1321/1/1014
f 1321/1/1015 1315/1/1015 149/1/1015
f 1315/1/1016 1321/1/1016 1322/1/1016
f 1322/1/1016 1316/1/1016 1315/1/1016
f 1323/1/1017 1319/1/1017 1316/1/1017
f 1316/1/1018 1322/1/1018 1323/1/1018
f 736/1/1019 759/1/1019 1319/1/1019
f 1319/1/1020 1323/1/1020 736/1/1020
f 1319/1/1021 759/1/1021 758/1/1021
f 758/1/1021 1317/1/1021 1319/1/1021
f 758/1/1022 757/1/1022 1318/1/1022
f 1318/1/1023 1317/1/1023 758/1/1023
f 757/1/1024 756/1/1024 1324/1/1024
f 1324/1/1024 1318/1/1024 757/1/1024
f 1325/1/1025 1313/1/1025 1318/1/1025
f 1318/1/1025 1324/1/1025 1325/1/1025
f 1313/1/1026 1325/1/1026 1320/1/1026
f 1320/1/1027 1314/1/1027 1313/1/1027
f 1326/1/1028 1327/1/1028 1328/1/1028
f 1328/1/1028 1329/1/1028 1326/1/1028
f 1330/1/1029 1331/1/1029 1327/1/1029
f 1327/1/1029 1326/1/1029 1330/1/1029
f 1327/1/1030 1332/1/1030 1333/1/1030
f 1333/1/1031 1328/1/1031 1327/1/1031
f 1334/1/1032 1332/1/1032 1327/1/1032
f 1327/1/1032 1331/1/1032 1334/1/1032
f 1329/1/1033 1291/1/1033 546/1/1033
f 546/1/1033 568/1/1033 1329/1/1033
f 1329/1/1034 568/1/1034 567/1/1034
f 567/1/1035 1326/1/1035 1329/1/1035
f 1330/1/1036 1326/1/1036 567/1/1036
f 567/1/1037 565/1/1037 1330/1/1037
f 1335/1/1038 1330/1/1038 565/1/1038
f 565/1/1038 566/1/1038 1335/1/1038
f 1335/1/1039 1336/1/1039 1331/1/1039
f 1331/1/1039 1330/1/1039 1335/1/1039
f 1337/1/1040 1334/1/1040 1331/1/1040
f 1331/1/1040 1336/1/1040 1337/1/1040
f 1334/1/1041 1337/1/1041 1183/1/1041
f 1183/1/1042 1182/1/1042 1334/1/1042
f 1334/1/1043 1182/1/1043 1181/1/1043
f 1181/1/1043 1332/1/1043 1334/1/1043
f 1181/1/1044 1180/1/1044 1333/1/1044
f 1333/1/1044 1332/1/1044 1181/1/1044
f 1163/1/1045 1293/1/1045 1333/1/1045
f 1333/1/1046 1180/1/1046 1163/1/1046
f 1328/1/1047 1333/1/1047 1293/1/1047
f 1293/1/1047 1292/1/1047 1328/1/1047
f 1329/1/1048 1328/1/1048 1292/1/1048
f 1292/1/1049 1291/1/1049 1329/1/1049
f 1338/1/1050 1339/1/1050 1340/1/1050
f 1340/1/1050 1341/1/1050 1338/1/1050
f 1342/1/1051 1343/1/1051 1339/1/1051
f 1339/1/1051 1338/1/1051 1342/1/1051
f 1339/1/1052 1344/1/1052 1345/1/1052
f 1345/1/1052 1340/1/1052 1339/1/1052
f 1343/1/1053 1346/1/1053 1344/1/1053
f 1344/1/1053 1339/1/1053 1343/1/1053
f 1347/1/1054 45/1/1054 43/1/1054
f 43/1/1054 1341/1/1054 1347/1/1054
f 42/1/1055 1338/1/1055 1341/1/1055
f 1341/1/1055 43/1/1055 42/1/1055
f 41/1/1056 1342/1/1056 1338/1/1056
f 1338/1/1057 42/1/1057 41/1/1057
f 1348/1/1058 1342/1/1058 41/1/1058
f 41/1/1058 40/1/1058 1348/1/1058
f 1348/1/1059 1349/1/1059 1343/1/1059
f 1343/1/1059 1342/1/1059 1348/1/1059
f 1350/1/1060 1346/1/1060 1343/1/1060
f 1343/1/1061 1349/1/1061 1350/1/1061
f 1350/1/1062 23/1/1062 22/1/1062
f 22/1/1063 1346/1/1063 1350/1/1063
f 1344/1/1064 1346/1/1064 22/1/1064
f 22/1/1065 21/1/1065 1344/1/1065
f 1345/1/1066 1344/1/1066 21/1/1066
f 21/1/1066 19/1/1066 1345/1/1066
f 19/1/1067 20/1/1067 1351/1/1067
f 1351/1/1067 1345/1/1067 19/1/1067
f 1340/1/1068 1345/1/1068 1351/1/1068
f 1351/1/1068 1352/1/1068 1340/1/1068
f 1352/1/1069 1347/1/1069 1341/1/1069
f 1341/1/1070 1340/1/1070 1352/1/1070
f 1353/1/1071 1354/1/1071 1355/1/1071
f 1355/1/1072 1356/1/1072 1353/1/1072
f 1357/1/1073 1358/1/1073 1354/1/1073
f 1354/1/1074 1353/1/1074 1357/1/1074
f 1354/1/1075 1359/1/1075 1360/1/1075
f 1360/1/1075 1355/1/1075 1354/1/1075
f 1358/1/1076 1361/1/1076 1359/1/1076
f 1359/1/1076 1354/1/1076 1358/1/1076
f 1362/1/1077 161/1/1077 160/1/1077
f 160/1/1077 1356/1/1077 1362/1/1077
f 170/1/1078 1353/1/1078 1356/1/1078
f 1356/1/1078 160/1/1078 170/1/1078
f 170/1/1079 169/1/1079 1357/1/1079
f 1357/1/1079 1353/1/1079 170/1/1079
f 1320/1/1080 1357/1/1080 169/1/1080
f 169/1/1080 141/1/1080 1320/1/1080
f 1358/1/1081 1357/1/1081 1320/1/1081
f 1320/1/1081 1325/1/1081 1358/1/1081
f 1358/1/1082 1325/1/1082 1324/1/1082
f 1324/1/1082 1361/1/1082 1358/1/1082
f 756/1/1083 779/1/1083 1361/1/1083
f 1361/1/1083 1324/1/1083 756/1/1083
f 1361/1/1084 779/1/1084 778/1/1084
f 778/1/1084 1359/1/1084 1361/1/1084
f 1359/1/1085 778/1/1085 777/1/1085
f 777/1/1086 1360/1/1086 1359/1/1086
f 776/1/1087 1363/1/1087 1360/1/1087
f 1360/1/1088 777/1/1088 776/1/1088
f 1364/1/1089 1355/1/1089 1360/1/1089
f 1360/1/1090 1363/1/1090 1364/1/1090
f 1364/1/1091 1362/1/1091 1356/1/1091
f 1356/1/1092 1355/1/1092 1364/1/1092
f 1365/1/1093 1366/1/1093 1367/1/1093
f 1367/1/1094 1368/1/1094 1365/1/1094
f 1369/1/1095 1370/1/1095 1366/1/1095
f 1366/1/1095 1365/1/1095 1369/1/1095
f 1366/1/1096 1371/1/1096 1372/1/1096
f 1372/1/1096 1367/1/1096 1366/1/1096
f 1373/1/1097 1371/1/1097 1366/1/1097
f 1366/1/1098 1370/1/1098 1373/1/1098
f 1335/1/1099 566/1/1099 588/1/1099
f 588/1/1099 1368/1/1099 1335/1/1099
f 1368/1/1100 588/1/1100 587/1/1100
f 587/1/1100 1365/1/1100 1368/1/1100
f 1369/1/1101 1365/1/1101 587/1/1101
f 587/1/1101 585/1/1101 1369/1/1101
f 1374/1/1102 1369/1/1102 585/1/1102
f 585/1/1102 586/1/1102 1374/1/1102
f 1374/1/1103 1375/1/1103 1370/1/1103
f 1370/1/1104 1369/1/1104 1374/1/1104
f 1375/1/1105 1376/1/1105 1373/1/1105
f 1373/1/1105 1370/1/1105 1375/1/1105
f 1373/1/1106 1376/1/1106 1203/1/1106
f 1203/1/1106 1202/1/1106 1373/1/1106
f 1373/1/1107 1202/1/1107 1201/1/1107
f 1201/1/1107 1371/1/1107 1373/1/1107
f 1201/1/1108 1200/1/1108 1372/1/1108
f 1372/1/1108 1371/1/1108 1201/1/1108
f 1200/1/1109 1183/1/1109 1337/1/1109
f 1337/1/1110 1372/1/1110 1200/1/1110
f 1337/1/1111 1336/1/1111 1367/1/1111
f 1367/1/1112 1372/1/1112 1337/1/1112
f 1335/1/1113 1368/1/1113 1367/1/1113
f 1367/1/1113 1336/1/1113 1335/1/1113
f 1377/1/1114 1378/1/1114 1379/1/1114
f 1379/1/1114 1380/1/1114 1377/1/1114
f 1381/1/1115 1382/1/1115 1378/1/1115
f 1378/1/1115 1377/1/1115 1381/1/1115
f 1378/1/1116 1383/1/1116 1384/1/1116
f 1384/1/1116 1379/1/1116 1378/1/1116
f 1382/1/1117 1385/1/1117 1383/1/1117
f 1383/1/1118 1378/1/1118 1382/1/1118
f 1348/1/1119 40/1/1119 68/1/1119
f 68/1/1119 1380/1/1119 1348/1/1119
f 67/1/1120 1377/1/1120 1380/1/1120
f 1380/1/1120 68/1/1120 67/1/1120
f 66/1/1121 1381/1/1121 1377/1/1121
f 1377/1/1122 67/1/1122 66/1/1122
f 66/1/1123 65/1/1123 1386/1/1123
f 1386/1/1124 1381/1/1124 66/1/1124
f 1386/1/1125 1387/1/1125 1382/1/1125
f 1382/1/1125 1381/1/1125 1386/1/1125
f 1388/1/1126 1385/1/1126 1382/1/1126
f 1382/1/1126 1387/1/1126 1388/1/1126
f 1385/1/1127 1388/1/1127 683/1/1127
f 683/1/1127 682/1/1127 1385/1/1127
f 1383/1/1128 1385/1/1128 682/1/1128
f 682/1/1129 681/1/1129 1383/1/1129
f 1384/1/1130 1383/1/1130 681/1/1130
f 681/1/1130 680/1/1130 1384/1/1130
f 680/1/1131 23/1/1131 1350/1/1131
f 1350/1/1131 1384/1/1131 680/1/1131
f 1349/1/1132 1379/1/1132 1384/1/1132
f 1384/1/1132 1350/1/1132 1349/1/1132
f 1380/1/1133 1379/1/1133 1349/1/1133
f 1349/1/1133 1348/1/1133 1380/1/1133
f 1389/1/1134 1390/1/1134 1391/1/1134
f 1391/1/1134 1392/1/1134 1389/1/1134
f 1393/1/1135 1394/1/1135 1390/1/1135
f 1390/1/1135 1389/1/1135 1393/1/1135
f 1390/1/1136 1395/1/1136 1396/1/1136
f 1396/1/1136 1391/1/1136 1390/1/1136
f 1394/1/1137 1397/1/1137 1395/1/1137
f 1395/1/1137 1390/1/1137 1394/1/1137
f 1392/1/1138 1398/1/1138 181/1/1138
f 181/1/1139 180/1/1139 1392/1/1139
f 190/1/1140 1389/1/1140 1392/1/1140
f 1392/1/1141 180/1/1141 190/1/1141
f 190/1/1142 189/1/1142 1393/1/1142
f 1393/1/1142 1389/1/1142 190/1/1142
f 161/1/1143 1362/1/1143 1393/1/1143
f 1393/1/1144 189/1/1144 161/1/1144
f 1362/1/1145 1364/1/1145 1394/1/1145
f 1394/1/1145 1393/1/1145 1362/1/1145
f 1397/1/1146 1394/1/1146 1364/1/1146
f 1364/1/1147 1363/1/1147 1397/1/1147
f 1397/1/1148 1363/1/1148 776/1/1148
f 776/1/1148 799/1/1148 1397/1/1148
f 1397/1/1149 799/1/1149 798/1/1149
f 798/1/1150 1395/1/1150 1397/1/1150
f 1395/1/1151 798/1/1151 797/1/1151
f 797/1/1151 1396/1/1151 1395/1/1151
f 797/1/1152 796/1/1152 1399/1/1152
f 1399/1/1152 1396/1/1152 797/1/1152
f 1391/1/1153 1396/1/1153 1399/1/1153
f 1399/1/1154 1400/1/1154 1391/1/1154
f 1400/1/1155 1398/1/1155 1392/1/1155
f 1392/1/1155 1391/1/1155 1400/1/1155
f 1401/1/1156 1402/1/1156 1403/1/1156
f 1403/1/1156 1404/1/1156 1401/1/1156
f 1405/1/1157 1406/1/1157 1402/1/1157
f 1402/1/1157 1401/1/1157 1405/1/1157
f 1402/1/1158 1407/1/1158 1408/1/1158
f 1408/1/1158 1403/1/1158 1402/1/1158
f 1409/1/1159 1407/1/1159 1402/1/1159
f 1402/1/1159 1406/1/1159 1409/1/1159
f 1374/1/1160 586/1/1160 608/1/1160
f 608/1/1161 1404/1/1161 1374/1/1161
f 1404/1/1162 608/1/1162 607/1/1162
f 607/1/1163 1401/1/1163 1404/1/1163
f 1405/1/1164 1401/1/1164 607/1/1164
f 607/1/1164 605/1/1164 1405/1/1164
f 1410/1/1165 1405/1/1165 605/1/1165
f 605/1/1165 606/1/1165 1410/1/1165
f 1410/1/1166 1411/1/1166 1406/1/1166
f 1406/1/1167 1405/1/1167 1410/1/1167
f 1409/1/1168 1406/1/1168 1411/1/1168
f 1411/1/1169 1412/1/1169 1409/1/1169
f 1409/1/1170 1412/1/1170 1223/1/1170
f 1223/1/1171 1222/1/1171 1409/1/1171
f 1409/1/1172 1222/1/1172 1221/1/1172
f 1221/1/1172 1407/1/1172 1409/1/1172
f 1221/1/1173 1220/1/1173 1408/1/1173
f 1408/1/1173 1407/1/1173 1221/1/1173
f 1203/1/1174 1376/1/1174 1408/1/1174
f 1408/1/1174 1220/1/1174 1203/1/1174
f 1375/1/1175 1403/1/1175 1408/1/1175
f 1408/1/1175 1376/1/1175 1375/1/1175
f 1404/1/1176 1403/1/1176 1375/1/1176
f 1375/1/1176 1374/1/1176 1404/1/1176
f 1413/1/1177 1414/1/1177 1415/1/1177
f 1415/1/1177 1416/1/1177 1413/1/1177
f 1417/1/1178 1418/1/1178 1414/1/1178
f 1414/1/1178 1413/1/1178 1417/1/1178
f 1414/1/1179 1419/1/1179 1420/1/1179
f 1420/1/1179 1415/1/1179 1414/1/1179
f 1418/1/1180 1421/1/1180 1419/1/1180
f 1419/1/1180 1414/1/1180 1418/1/1180
f 1386/1/1181 65/1/1181 88/1/1181
f 88/1/1181 1416/1/1181 1386/1/1181
f 1416/1/1182 88/1/1182 87/1/1182
f 87/1/1182 1413/1/1182 1416/1/1182
f 86/1/1183 1417/1/1183 1413/1/1183
f 1413/1/1184 87/1/1184 86/1/1184
f 86/1/1185 85/1/1185 1422/1/1185
f 1422/1/1185 1417/1/1185 86/1/1185
f 1422/1/1186 1423/1/1186 1418/1/1186
f 1418/1/1186 1417/1/1186 1422/1/1186
f 1421/1/1187 1418/1/1187 1423/1/1187
f 1423/1/1187 1424/1/1187 1421/1/1187
f 1421/1/1188 1424/1/1188 703/1/1188
f 703/1/1188 702/1/1189 1421/1/1188
f 1419/1/1190 1421/1/1190 702/1/1190
f 702/1/1190 701/1/1190 1419/1/1190
f 701/1/1191 700/1/1191 1420/1/1191
f 1420/1/1191 1419/1/1191 701/1/1191
f 700/1/1192 683/1/1192 1388/1/1192
f 1388/1/1192 1420/1/1192 700/1/1192
f 1387/1/1193 1415/1/1193 1420/1/1193
f 1420/1/1193 1388/1/1193 1387/1/1193
f 1415/1/1194 1387/1/1194 1386/1/1194
f 1386/1/1194 1416/1/1194 1415/1/1194
f 1425/1/1195 1426/1/1195 1427/1/1195
f 1427/1/1196 1428/1/1196 1425/1/1196
f 1429/1/1197 1430/1/1197 1426/1/1197
f 1426/1/1197 1425/1/1197 1429/1/1197
f 1426/1/1198 1431/1/1198 1432/1/1198
f 1432/1/1198 1427/1/1198 1426/1/1198
f 1430/1/1199 1433/1/1199 1431/1/1199
f 1431/1/1199 1426/1/1199 1430/1/1199
f 201/1/1200 200/1/1200 1428/1/1200
f 1428/1/1201 1434/1/1201 201/1/1201
f 210/1/1202 1425/1/1202 1428/1/1202
f 1428/1/1202 200/1/1202 210/1/1202
f 210/1/1203 209/1/1203 1429/1/1203
f 1429/1/1204 1425/1/1204 210/1/1204
f 1429/1/1205 209/1/1205 181/1/1205
f 181/1/1205 1398/1/1205 1429/1/1205
f 1430/1/1206 1429/1/1206 1398/1/1206
f 1398/1/1206 1400/1/1206 1430/1/1206
f 1399/1/1207 1433/1/1207 1430/1/1207
f 1430/1/1207 1400/1/1207 1399/1/1207
f 819/1/1208 1433/1/1208 1399/1/1208
f 1399/1/1208 796/1/1208 819/1/1208
f 1433/1/1209 819/1/1209 818/1/1209
f 818/1/1210 1431/1/1210 1433/1/1210
f 1431/1/1211 818/1/1211 817/1/1211
f 817/1/1211 1432/1/1211 1431/1/1211
f 817/1/1212 816/1/1212 1435/1/1212
f 1435/1/1212 1432/1/1212 817/1/1212
f 1427/1/1213 1432/1/1213 1435/1/1213
f 1435/1/1214 1436/1/1214 1427/1/1214
f 1436/1/1215 1434/1/1215 1428/1/1215
f 1428/1/1215 1427/1/1215 1436/1/1215
f 1437/1/1216 1438/1/1216 1439/1/1216
f 1439/1/1217 1440/1/1217 1437/1/1217
f 1441/1/1218 1442/1/1218 1438/1/1218
f 1438/1/1218 1437/1/1218 1441/1/1218
f 1438/1/1219 1443/1/1219 1444/1/1219
f 1444/1/1220 1439/1/1220 1438/1/1220
f 1445/1/1221 1443/1/1221 1438/1/1221
f 1438/1/1221 1442/1/1221 1445/1/1221
f 1410/1/1222 606/1/1222 628/1/1222
f 628/1/1222 1440/1/1222 1410/1/1222
f 1440/1/1223 628/1/1223 627/1/1223
f 627/1/1223 1437/1/1223 1440/1/1223
f 1441/1/1224 1437/1/1224 627/1/1224
f 627/1/1224 625/1/1224 1441/1/1224
f 1446/1/1225 1441/1/1225 625/1/1225
f 625/1/1226 626/1/1226 1446/1/1226
f 1446/1/1227 1447/1/1227 1442/1/1227
f 1442/1/1227 1441/1/1227 1446/1/1227
f 1445/1/1228 1442/1/1228 1447/1/1228
f 1447/1/1228 1448/1/1228 1445/1/1228
f 1445/1/1229 1448/1/1229 1243/1/1229
f 1243/1/1229 1242/1/1229 1445/1/1229
f 1445/1/1230 1242/1/1230 1241/1/1230
f 1241/1/1231 1443/1/1231 1445/1/1231
f 1241/1/1232 1240/1/1232 1444/1/1232
f 1444/1/1232 1443/1/1232 1241/1/1232
f 1240/1/1233 1223/1/1233 1412/1/1233
f 1412/1/1234 1444/1/1234 1240/1/1234
f 1439/1/1235 1444/1/1235 1412/1/1235
f 1412/1/1235 1411/1/1235 1439/1/1235
f 1440/1/1236 1439/1/1236 1411/1/1236
f 1411/1/1236 1410/1/1236 1440/1/1236
f 1449/1/1237 1450/1/1237 1451/1/1237
f 1451/1/1237 1452/1/1237 1449/1/1237
f 1453/1/1238 1454/1/1238 1450/1/1238
f 1450/1/1238 1449/1/1238 1453/1/1238
f 1450/1/1239 1455/1/1239 1456/1/1239
f 1456/1/1239 1451/1/1239 1450/1/1239
f 1454/1/1240 1457/1/1240 1455/1/1240
f 1455/1/1240 1450/1/1240 1454/1/1240
f 1452/1/1241 1422/1/1241 85/1/1241
f 85/1/1242 108/1/1242 1452/1/1242
f 107/1/1243 1449/1/1243 1452/1/1243
f 1452/1/1243 108/1/1243 107/1/1243
f 105/1/1244 1453/1/1244 1449/1/1244
f 1449/1/1244 107/1/1244 105/1/1244
f 1458/1/1245 1453/1/1245 105/1/1245
f 105/1/1245 106/1/1245 1458/1/1245
f 1458/1/1246 1459/1/1246 1454/1/1246
f 1454/1/1246 1453/1/1246 1458/1/1246
f 1457/1/1247 1454/1/1247 1459/1/1247
f 1459/1/1247 1460/1/1247 1457/1/1247
f 1457/1/1248 1460/1/1248 723/1/1248
f 723/1/1248 722/1/1248 1457/1/1248
f 1455/1/1249 1457/1/1249 722/1/1249
f 722/1/1250 721/1/1250 1455/1/1250
f 1456/1/1251 1455/1/1251 721/1/1251
f 721/1/1251 720/1/1251 1456/1/1251
f 720/1/1252 703/1/1252 1424/1/1252
f 1424/1/1253 1456/1/1253 720/1/1253
f 1423/1/1254 1451/1/1254 1456/1/1254
f 1456/1/1255 1424/1/1255 1423/1/1255
f 1452/1/1256 1451/1/1256 1423/1/1256
f 1423/1/1257 1422/1/1257 1452/1/1257
f 1461/1/964 1462/1/964 1463/1/964
f 1463/1/1258 1464/1/1258 1461/1/1258
f 1465/1/963 1466/1/963 1462/1/963
f 1462/1/963 1461/1/963 1465/1/963
f 1462/1/968 1467/1/968 1468/1/968
f 1468/1/968 1463/1/968 1462/1/968
f 1466/1/966 1469/1/966 1467/1/966
f 1467/1/966 1462/1/966 1466/1/966
f 1464/1/973 1470/1/973 221/1/973
f 221/1/973 220/1/973 1464/1/973
f 230/1/972 1461/1/972 1464/1/972
f 1464/1/972 220/1/972 230/1/972
f 230/1/970 229/1/970 1465/1/970
f 1465/1/970 1461/1/970 230/1/970
f 1434/1/969 1465/1/969 229/1/969
f 229/1/969 201/1/969 1434/1/969
f 1466/1/981 1465/1/981 1434/1/981
f 1434/1/981 1436/1/981 1466/1/981
f 1435/1/980 1469/1/980 1466/1/980
f 1466/1/980 1436/1/980 1435/1/980
f 839/1/979 1469/1/979 1435/1/979
f 1435/1/979 816/1/979 839/1/979
f 1469/1/1259 839/1/1259 838/1/1259
f 838/1/1260 1467/1/1260 1469/1/1260
f 1467/1/1261 838/1/1261 837/1/1261
f 837/1/977 1468/1/977 1467/1/977
f 837/1/976 836/1/976 1471/1/976
f 1471/1/976 1468/1/976 837/1/976
f 1463/1/975 1468/1/975 1471/1/975
f 1471/1/975 1472/1/975 1463/1/975
f 1472/1/974 1470/1/974 1464/1/974
f 1464/1/974 1463/1/974 1472/1/974
f 1473/1/1262 1474/1/1262 1475/1/1262
f 1475/1/1263 1476/1/1263 1473/1/1263
f 1477/1/1264 1478/1/1264 1474/1/1264
f 1474/1/1264 1473/1/1264 1477/1/1264
f 1474/1/1265 1479/1/1265 1480/1/1265
f 1480/1/1265 1475/1/1265 1474/1/1265
f 1481/1/1266 1479/1/1266 1474/1/1266
f 1474/1/1266 1478/1/1266 1481/1/1266
f 1446/1/1267 626/1/1267 648/1/1267
f 648/1/1267 1476/1/1267 1446/1/1267
f 1476/1/1268 648/1/1268 647/1/1268
f 647/1/1268 1473/1/1268 1476/1/1268
f 1477/1/1269 1473/1/1269 647/1/1269
f 647/1/1269 645/1/1269 1477/1/1269
f 1482/1/1270 1477/1/1270 645/1/1270
f 645/1/1270 646/1/1270 1482/1/1270
f 1482/1/1271 1483/1/1271 1478/1/1271
f 1478/1/1271 1477/1/1271 1482/1/1271
f 1481/1/1272 1478/1/1272 1483/1/1272
f 1483/1/1272 1484/1/1272 1481/1/1272
f 1481/1/1273 1484/1/1273 1263/1/1273
f 1263/1/1274 1262/1/1274 1481/1/1274
f 1481/1/1275 1262/1/1275 1261/1/1275
f 1261/1/1275 1479/1/1275 1481/1/1275
f 1261/1/1276 1260/1/1276 1480/1/1276
f 1480/1/1276 1479/1/1276 1261/1/1276
f 1260/1/1277 1243/1/1277 1448/1/1277
f 1448/1/1278 1480/1/1278 1260/1/1278
f 1475/1/1279 1480/1/1279 1448/1/1279
f 1448/1/1280 1447/1/1280 1475/1/1280
f 1476/1/1281 1475/1/1281 1447/1/1281
f 1447/1/1282 1446/1/1282 1476/1/1282
f 1485/1/1283 1486/1/1283 1487/1/1283
f 1487/1/1284 1488/1/1284 1485/1/1284
f 1489/1/1285 1490/1/1285 1486/1/1285
f 1486/1/1285 1485/1/1285 1489/1/1285
f 1486/1/1286 1491/1/1286 1492/1/1286
f 1492/1/1287 1487/1/1287 1486/1/1287
f 1490/1/1288 1493/1/1288 1491/1/1288
f 1491/1/1288 1486/1/1288 1490/1/1288
f 1458/1/1289 106/1/1289 128/1/1289
f 128/1/1289 1488/1/1289 1458/1/1289
f 127/1/1290 1485/1/1290 1488/1/1290
f 1488/1/1290 128/1/1290 127/1/1290
f 126/1/1291 1489/1/1291 1485/1/1291
f 1485/1/1291 127/1/1291 126/1/1291
f 1494/1/1292 1489/1/1292 126/1/1292
f 126/1/1292 125/1/1292 1494/1/1292
f 1494/1/1293 1495/1/1293 1490/1/1293
f 1490/1/1293 1489/1/1293 1494/1/1293
f 1493/1/1294 1490/1/1294 1495/1/1294
f 1495/1/1294 1496/1/1294 1493/1/1294
f 1493/1/1295 1496/1/1295 743/1/1295
f 743/1/1295 742/1/1295 1493/1/1295
f 1491/1/1296 1493/1/1296 742/1/1296
f 742/1/1296 741/1/1296 1491/1/1296
f 1492/1/1297 1491/1/1297 741/1/1297
f 741/1/1297 740/1/1297 1492/1/1297
f 740/1/1298 723/1/1298 1460/1/1298
f 1460/1/1298 1492/1/1298 740/1/1298
f 1459/1/1299 1487/1/1299 1492/1/1299
f 1492/1/1300 1460/1/1300 1459/1/1300
f 1488/1/1301 1487/1/1301 1459/1/1301
f 1459/1/1302 1458/1/1302 1488/1/1302
f 1497/1/1303 1498/1/1303 1499/1/1303
f 1499/1/1304 1500/1/1304 1497/1/1304
f 1501/1/1305 1502/1/1305 1498/1/1305
f 1498/1/1306 1497/1/1306 1501/1/1306
f 1498/1/1032 1503/1/1032 1504/1/1032
f 1504/1/1032 1499/1/1032 1498/1/1032
f 1502/1/1031 1505/1/1031 1503/1/1031
f 1503/1/1031 1498/1/1031 1502/1/1031
f 1500/1/1038 1506/1/1038 241/1/1038
f 241/1/1038 240/1/1038 1500/1/1038
f 250/1/1036 1497/1/1036 1500/1/1036
f 1500/1/1036 240/1/1036 250/1/1036
f 250/1/1034 249/1/1034 1501/1/1034
f 1501/1/1034 1497/1/1034 250/1/1034
f 1470/1/1307 1501/1/1307 249/1/1307
f 249/1/1307 221/1/1307 1470/1/1307
f 1502/1/1049 1501/1/1049 1470/1/1049
f 1470/1/1049 1472/1/1049 1502/1/1049
f 1471/1/1047 1505/1/1047 1502/1/1047
f 1502/1/1047 1472/1/1047 1471/1/1047
f 859/1/1045 1505/1/1045 1471/1/1045
f 1471/1/1045 836/1/1045 859/1/1045
f 1505/1/1308 859/1/1308 858/1/1308
f 858/1/1044 1503/1/1044 1505/1/1044
f 1503/1/1043 858/1/1043 857/1/1043
f 857/1/1043 1504/1/1043 1503/1/1043
f 857/1/1042 856/1/1042 1507/1/1042
f 1507/1/1042 1504/1/1042 857/1/1042
f 1499/1/1309 1504/1/1309 1507/1/1309
f 1507/1/1040 1508/1/1040 1499/1/1040
f 1508/1/1039 1506/1/1039 1500/1/1039
f 1500/1/1039 1499/1/1039 1508/1/1039
f 1509/1/1310 1510/1/1310 1511/1/1310
f 1511/1/1311 1512/1/1311 1509/1/1311
f 1513/1/1312 1514/1/1312 1510/1/1312
f 1510/1/1312 1509/1/1312 1513/1/1312
f 1510/1/1313 1515/1/1313 1516/1/1313
f 1516/1/1314 1511/1/1314 1510/1/1314
f 1517/1/1315 1515/1/1315 1510/1/1315
f 1510/1/1315 1514/1/1315 1517/1/1315
f 1482/1/1316 646/1/1316 663/1/1316
f 663/1/1316 1512/1/1316 1482/1/1316
f 1512/1/1317 663/1/1317 662/1/1317
f 662/1/1318 1509/1/1318 1512/1/1318
f 1513/1/1319 1509/1/1319 662/1/1319
f 662/1/1320 661/1/1320 1513/1/1320
f 1347/1/1321 1513/1/1321 661/1/1321
f 661/1/1322 45/1/1322 1347/1/1322
f 1352/1/1323 1514/1/1323 1513/1/1323
f 1513/1/1323 1347/1/1323 1352/1/1323
f 1351/1/1324 1517/1/1324 1514/1/1324
f 1514/1/1324 1352/1/1324 1351/1/1324
f 1517/1/1325 1351/1/1325 20/1/1325
f 20/1/1326 1280/1/1326 1517/1/1326
f 1517/1/1327 1280/1/1327 1279/1/1327
f 1279/1/1327 1515/1/1327 1517/1/1327
f 1279/1/1328 1278/1/1328 1516/1/1328
f 1516/1/1328 1515/1/1328 1279/1/1328
f 1278/1/1329 1263/1/1329 1484/1/1329
f 1484/1/1330 1516/1/1330 1278/1/1330
f 1511/1/1331 1516/1/1331 1484/1/1331
f 1484/1/1331 1483/1/1331 1511/1/1331
f 1512/1/1332 1511/1/1332 1483/1/1332
f 1483/1/1333 1482/1/1333 1512/1/1333
f 1518/1/1334 1519/1/1334 1520/1/1334
f 1520/1/1335 1521/1/1335 1518/1/1335
f 1522/1/1336 1523/1/1336 1519/1/1336
f 1519/1/1337 1518/1/1337 1522/1/1337
f 1519/1/1338 1524/1/1338 1525/1/1338
f 1525/1/1338 1520/1/1338 1519/1/1338
f 1523/1/1339 1526/1/1339 1524/1/1339
f 1524/1/1339 1519/1/1339 1523/1/1339
f 1494/1/1340 125/1/1340 148/1/1340
f 148/1/1341 1521/1/1341 1494/1/1341
f 147/1/1342 1518/1/1342 1521/1/1342
f 1521/1/1342 148/1/1342 147/1/1342
f 146/1/1343 1522/1/1343 1518/1/1343
f 1518/1/1344 147/1/1344 146/1/1344
f 146/1/1345 145/1/1345 1527/1/1345
f 1527/1/1345 1522/1/1345 146/1/1345
f 1527/1/1346 1528/1/1346 1523/1/1346
f 1523/1/1346 1522/1/1346 1527/1/1346
f 1523/1/1347 1528/1/1347 1529/1/1347
f 1529/1/1347 1526/1/1347 1523/1/1347
f 763/1/1348 762/1/1348 1526/1/1348
f 1526/1/1348 1529/1/1348 763/1/1348
f 1524/1/1349 1526/1/1349 762/1/1349
f 762/1/1349 761/1/1349 1524/1/1349
f 1525/1/1350 1524/1/1350 761/1/1350
f 761/1/1351 760/1/1351 1525/1/1351
f 760/1/1352 743/1/1352 1496/1/1352
f 1496/1/1352 1525/1/1352 760/1/1352
f 1495/1/1353 1520/1/1353 1525/1/1353
f 1525/1/1353 1496/1/1353 1495/1/1353
f 1521/1/1354 1520/1/1354 1495/1/1354
f 1495/1/1355 1494/1/1355 1521/1/1355
f 1530/1/1356 1531/1/1356 1532/1/1356
f 1532/1/1357 1533/1/1357 1530/1/1357
f 1534/1/1093 1535/1/1093 1531/1/1093
f 1531/1/1093 1530/1/1093 1534/1/1093
f 1531/1/1097 1536/1/1097 1537/1/1097
f 1537/1/1098 1532/1/1098 1531/1/1098
f 1535/1/1096 1538/1/1096 1536/1/1096
f 1536/1/1096 1531/1/1096 1535/1/1096
f 1533/1/1358 1539/1/1358 261/1/1358
f 261/1/1102 260/1/1102 1533/1/1102
f 270/1/1101 1530/1/1101 1533/1/1101
f 1533/1/1359 260/1/1359 270/1/1359
f 270/1/1100 269/1/1100 1534/1/1100
f 1534/1/1100 1530/1/1100 270/1/1100
f 1506/1/1099 1534/1/1099 269/1/1099
f 269/1/1099 241/1/1099 1506/1/1099
f 1535/1/1113 1534/1/1113 1506/1/1113
f 1506/1/1113 1508/1/1113 1535/1/1113
f 1507/1/1360 1538/1/1360 1535/1/1360
f 1535/1/1361 1508/1/1362 1507/1/1362
f 879/1/1110 1538/1/1110 1507/1/1110
f 1507/1/1110 856/1/1110 879/1/1110
f 1538/1/1108 879/1/1108 878/1/1108
f 878/1/1108 1536/1/1108 1538/1/1108
f 1536/1/1107 878/1/1107 877/1/1107
f 877/1/1107 1537/1/1107 1536/1/1107
f 1537/1/1363 877/1/1363 876/1/1363
f 876/1/1363 1540/1/1363 1537/1/1363
f 1537/1/1364 1540/1/1364 1541/1/1364
f 1541/1/1105 1532/1/1105 1537/1/1105
f 1532/1/1104 1541/1/1104 1539/1/1104
f 1539/1/1104 1533/1/1104 1532/1/1104
f 1542/1/1365 1543/1/1365 1544/1/1365
f 1544/1/1365 1545/1/1365 1542/1/1365
f 1546/1/1366 1547/1/1366 1543/1/1366
f 1543/1/1367 1542/1/1367 1546/1/1367
f 1543/1/1368 1548/1/1368 1549/1/1368
f 1549/1/1368 1544/1/1368 1543/1/1368
f 1550/1/1369 1548/1/1369 1543/1/1369
f 1543/1/1369 1547/1/1369 1550/1/1369
f 1527/1/1370 145/1/1370 168/1/1370
f 168/1/1370 1545/1/1370 1527/1/1370
f 1545/1/1371 168/1/1371 167/1/1371
f 167/1/1372 1542/1/1372 1545/1/1372
f 1546/1/1373 1542/1/1373 167/1/1373
f 167/1/1373 166/1/1373 1546/1/1373
f 1551/1/1374 1546/1/1374 166/1/1374
f 166/1/1374 165/1/1374 1551/1/1374
f 1551/1/1375 1552/1/1375 1547/1/1375
f 1547/1/1375 1546/1/1375 1551/1/1375
f 1550/1/1376 1547/1/1376 1552/1/1376
f 1552/1/1377 1553/1/1377 1550/1/1377
f 783/1/1378 782/1/1378 1550/1/1378
f 1550/1/1378 1553/1/1378 783/1/1378
f 1550/1/1379 782/1/1379 781/1/1379
f 781/1/1379 1548/1/1379 1550/1/1379
f 781/1/1380 780/1/1380 1549/1/1380
f 1549/1/1380 1548/1/1380 781/1/1380
f 780/1/1381 763/1/1381 1529/1/1381
f 1529/1/1381 1549/1/1381 780/1/1381
f 1544/1/1382 1549/1/1382 1529/1/1382
f 1529/1/1382 1528/1/1382 1544/1/1382
f 1545/1/1383 1544/1/1383 1528/1/1383
f 1528/1/1383 1527/1/1383 1545/1/1383
f 1554/1/1157 1555/1/1157 1556/1/1157
f 1556/1/1157 1557/1/1157 1554/1/1157
f 1558/1/1156 1559/1/1156 1555/1/1156
f 1555/1/1156 1554/1/1156 1558/1/1156
f 1555/1/1159 1560/1/1159 1561/1/1159
f 1561/1/1159 1556/1/1159 1555/1/1159
f 1559/1/1158 1562/1/1158 1560/1/1158
f 1560/1/1158 1555/1/1158 1559/1/1158
f 1557/1/1165 1563/1/1165 281/1/1165
f 281/1/1165 280/1/1165 1557/1/1165
f 290/1/1164 1554/1/1164 1557/1/1164
f 1557/1/1164 280/1/1164 290/1/1164
f 290/1/1384 289/1/1385 1558/1/1385
f 1558/1/1386 1554/1/1386 290/1/1386
f 289/1/1387 261/1/1387 1539/1/1387
f 1539/1/1388 1558/1/1388 289/1/1388
f 1559/1/1176 1558/1/1176 1539/1/1176
f 1539/1/1176 1541/1/1176 1559/1/1176
f 1540/1/1175 1562/1/1175 1559/1/1175
f 1559/1/1175 1541/1/1175 1540/1/1175
f 1540/1/1174 876/1/1174 899/1/1174
f 899/1/1174 1562/1/1174 1540/1/1174
f 1562/1/1173 899/1/1173 898/1/1173
f 898/1/1173 1560/1/1173 1562/1/1173
f 1560/1/1389 898/1/1389 897/1/1389
f 897/1/1172 1561/1/1172 1560/1/1172
f 1561/1/1170 897/1/1170 896/1/1170
f 896/1/1170 1564/1/1170 1561/1/1170
f 1565/1/1169 1556/1/1169 1561/1/1169
f 1561/1/1169 1564/1/1169 1565/1/1169
f 1556/1/1167 1565/1/1167 1563/1/1167
f 1563/1/1167 1557/1/1390 1556/1/1390
f 1566/1/1391 1567/1/1391 1568/1/1391
f 1568/1/1391 1569/1/1391 1566/1/1391
f 1570/1/1392 1571/1/1392 1567/1/1392
f 1567/1/1392 1566/1/1392 1570/1/1392
f 1567/1/1393 1572/1/1393 1573/1/1393
f 1573/1/1393 1568/1/1393 1567/1/1393
f 1574/1/1394 1572/1/1394 1567/1/1394
f 1567/1/1394 1571/1/1394 1574/1/1394
f 1551/1/1395 165/1/1395 188/1/1395
f 188/1/1395 1569/1/1395 1551/1/1395
f 1569/1/1396 188/1/1396 187/1/1396
f 187/1/1397 1566/1/1397 1569/1/1397
f 1570/1/1398 1566/1/1398 187/1/1398
f 187/1/1399 185/1/1399 1570/1/1399
f 1570/1/1400 185/1/1400 186/1/1400
f 186/1/1400 1575/1/1400 1570/1/1400
f 1575/1/1401 1576/1/1401 1571/1/1401
f 1571/1/1401 1570/1/1401 1575/1/1401
f 1574/1/1402 1571/1/1402 1576/1/1402
f 1576/1/1402 1577/1/1402 1574/1/1402
f 803/1/1403 802/1/1403 1574/1/1403
f 1574/1/1404 1577/1/1404 803/1/1404
f 1574/1/1405 802/1/1405 801/1/1405
f 801/1/1406 1572/1/1406 1574/1/1406
f 801/1/1407 800/1/1407 1573/1/1407
f 1573/1/1407 1572/1/1407 801/1/1407
f 800/1/1408 783/1/1408 1553/1/1408
f 1553/1/1408 1573/1/1408 800/1/1408
f 1552/1/1409 1568/1/1409 1573/1/1409
f 1573/1/1410 1553/1/1410 1552/1/1410
f 1568/1/1411 1552/1/1411 1551/1/1411
f 1551/1/1412 1569/1/1412 1568/1/1412
f 1578/1/1218 1579/1/1218 1580/1/1218
f 1580/1/1218 1581/1/1218 1578/1/1218
f 1582/1/1217 1583/1/1217 1579/1/1217
f 1579/1/1413 1578/1/1413 1582/1/1413
f 1579/1/1221 1584/1/1221 1585/1/1221
f 1585/1/1221 1580/1/1221 1579/1/1221
f 1583/1/1219 1586/1/1219 1584/1/1219
f 1584/1/1219 1579/1/1219 1583/1/1219
f 1581/1/1225 1587/1/1225 301/1/1225
f 301/1/1414 300/1/1414 1581/1/1414
f 310/1/1224 1578/1/1224 1581/1/1224
f 1581/1/1415 300/1/1415 310/1/1415
f 310/1/1416 309/1/1416 1582/1/1416
f 1582/1/1223 1578/1/1223 310/1/1223
f 309/1/1222 281/1/1222 1563/1/1222
f 1563/1/1222 1582/1/1222 309/1/1222
f 1583/1/1236 1582/1/1236 1563/1/1236
f 1563/1/1236 1565/1/1236 1583/1/1236
f 1564/1/1235 1586/1/1235 1583/1/1235
f 1583/1/1235 1565/1/1235 1564/1/1235
f 1564/1/1233 896/1/1233 919/1/1233
f 919/1/1233 1586/1/1233 1564/1/1233
f 1586/1/1417 919/1/1417 918/1/1417
f 918/1/1418 1584/1/1418 1586/1/1418
f 1584/1/1419 918/1/1419 917/1/1419
f 917/1/1231 1585/1/1231 1584/1/1231
f 1585/1/1229 917/1/1229 916/1/1229
f 916/1/1229 1588/1/1229 1585/1/1229
f 1589/1/1228 1580/1/1228 1585/1/1228
f 1585/1/1228 1588/1/1228 1589/1/1228
f 1580/1/1227 1589/1/1227 1587/1/1227
f 1587/1/1227 1581/1/1227 1580/1/1227
f 1590/1/1420 1591/1/1420 1592/1/1420
f 1592/1/1421 1593/1/1421 1590/1/1421
f 1594/1/1422 1595/1/1422 1591/1/1422
f 1591/1/1422 1590/1/1422 1594/1/1422
f 1591/1/1423 1596/1/1423 1597/1/1423
f 1597/1/1423 1592/1/1423 1591/1/1423
f 1598/1/1424 1596/1/1424 1591/1/1424
f 1591/1/1424 1595/1/1424 1598/1/1424
f 1575/1/1425 186/1/1425 208/1/1425
f 208/1/1425 1593/1/1425 1575/1/1425
f 1593/1/1426 208/1/1426 207/1/1426
f 207/1/1427 1590/1/1427 1593/1/1427
f 1594/1/1428 1590/1/1428 207/1/1428
f 207/1/1429 205/1/1429 1594/1/1429
f 1594/1/1430 205/1/1430 206/1/1430
f 206/1/1431 1599/1/1431 1594/1/1431
f 1599/1/1432 1600/1/1432 1595/1/1432
f 1595/1/1433 1594/1/1433 1599/1/1433
f 1598/1/1434 1595/1/1434 1600/1/1434
f 1600/1/1435 1601/1/1435 1598/1/1435
f 823/1/1436 822/1/1436 1598/1/1436
f 1598/1/1436 1601/1/1436 823/1/1436
f 1598/1/1437 822/1/1437 821/1/1437
f 821/1/1437 1596/1/1437 1598/1/1437
f 821/1/1438 820/1/1438 1597/1/1438
f 1597/1/1439 1596/1/1439 821/1/1439
f 820/1/1440 803/1/1440 1577/1/1440
f 1577/1/1440 1597/1/1440 820/1/1440
f 1576/1/1441 1592/1/1441 1597/1/1441
f 1597/1/1442 1577/1/1442 1576/1/1442
f 1575/1/1443 1593/1/1443 1592/1/1443
f 1592/1/1443 1576/1/1443 1575/1/1443
f 1602/1/1264 1603/1/1264 1604/1/1264
f 1604/1/1444 1605/1/1444 1602/1/1444
f 1606/1/1262 1607/1/1262 1603/1/1262
f 1603/1/1262 1602/1/1262 1606/1/1262
f 1603/1/1266 1608/1/1266 1609/1/1266
f 1609/1/1266 1604/1/1266 1603/1/1266
f 1607/1/1265 1610/1/1265 1608/1/1265
f 1608/1/1265 1603/1/1265 1607/1/1265
f 1605/1/1270 1611/1/1270 321/1/1270
f 321/1/1445 320/1/1445 1605/1/1445
f 330/1/1269 1602/1/1269 1605/1/1269
f 1605/1/1446 320/1/1446 330/1/1446
f 330/1/1268 329/1/1268 1606/1/1268
f 1606/1/1268 1602/1/1268 330/1/1268
f 329/1/1447 301/1/1447 1587/1/1447
f 1587/1/1448 1606/1/1448 329/1/1448
f 1607/1/1281 1606/1/1281 1587/1/1281
f 1587/1/1282 1589/1/1282 1607/1/1282
f 1588/1/1280 1610/1/1280 1607/1/1280
f 1607/1/1280 1589/1/1280 1588/1/1280
f 1588/1/1449 916/1/1449 939/1/1449
f 939/1/1449 1610/1/1449 1588/1/1449
f 1610/1/1450 939/1/1450 938/1/1450
f 938/1/1276 1608/1/1276 1610/1/1276
f 1608/1/1275 938/1/1275 937/1/1275
f 937/1/1275 1609/1/1275 1608/1/1275
f 1609/1/1274 937/1/1274 936/1/1274
f 936/1/1451 1612/1/1451 1609/1/1451
f 1609/1/1272 1612/1/1272 1613/1/1272
f 1613/1/1272 1604/1/1272 1609/1/1272
f 1604/1/1452 1613/1/1452 1611/1/1452
f 1611/1/1453 1605/1/1453 1604/1/1453
f 1614/1/1454 1615/1/1454 1616/1/1454
f 1616/1/1454 1617/1/1454 1614/1/1454
f 1618/1/1455 1619/1/1455 1615/1/1455
f 1615/1/1455 1614/1/1455 1618/1/1455
f 1615/1/1456 1620/1/1456 1621/1/1456
f 1621/1/1457 1616/1/1457 1615/1/1457
f 1622/1/1458 1620/1/1458 1615/1/1458
f 1615/1/1458 1619/1/1458 1622/1/1458
f 1599/1/1459 206/1/1459 228/1/1459
f 228/1/1459 1617/1/1459 1599/1/1459
f 1617/1/1460 228/1/1460 227/1/1460
f 227/1/1460 1614/1/1460 1617/1/1460
f 1618/1/1461 1614/1/1461 227/1/1461
f 227/1/1461 225/1/1461 1618/1/1461
f 1618/1/1462 225/1/1462 226/1/1462
f 226/1/1462 1623/1/1462 1618/1/1462
f 1623/1/1463 1624/1/1463 1619/1/1463
f 1619/1/1463 1618/1/1463 1623/1/1463
f 1622/1/1464 1619/1/1464 1624/1/1464
f 1624/1/1464 1625/1/1464 1622/1/1464
f 843/1/1465 842/1/1465 1622/1/1465
f 1622/1/1465 1625/1/1465 843/1/1465
f 1622/1/1466 842/1/1466 841/1/1466
f 841/1/1466 1620/1/1466 1622/1/1466
f 841/1/1467 840/1/1467 1621/1/1467
f 1621/1/1467 1620/1/1467 841/1/1467
f 840/1/1468 823/1/1468 1601/1/1468
f 1601/1/1468 1621/1/1468 840/1/1468
f 1600/1/1469 1616/1/1469 1621/1/1469
f 1621/1/1469 1601/1/1469 1600/1/1469
f 1616/1/1470 1600/1/1470 1599/1/1470
f 1599/1/1471 1617/1/1471 1616/1/1471
f 1626/1/1312 1627/1/1312 1628/1/1312
f 1628/1/1312 1629/1/1312 1626/1/1312
f 1630/1/1472 1631/1/1472 1627/1/1472
f 1627/1/1310 1626/1/1310 1630/1/1310
f 1627/1/1315 1632/1/1315 1633/1/1315
f 1633/1/1315 1628/1/1315 1627/1/1315
f 1631/1/1314 1634/1/1314 1632/1/1314
f 1632/1/1314 1627/1/1314 1631/1/1314
f 1629/1/1322 1635/1/1322 341/1/1322
f 341/1/1322 340/1/1322 1629/1/1322
f 350/1/1320 1626/1/1320 1629/1/1320
f 1629/1/1320 340/1/1320 350/1/1320
f 350/1/1473 349/1/1473 1630/1/1473
f 1630/1/1474 1626/1/1474 350/1/1474
f 349/1/1475 321/1/1475 1611/1/1475
f 1611/1/1475 1630/1/1475 349/1/1475
f 1631/1/1476 1630/1/1476 1611/1/1476
f 1611/1/1477 1613/1/1477 1631/1/1477
f 1612/1/1478 1634/1/1478 1631/1/1478
f 1631/1/1478 1613/1/1478 1612/1/1478
f 1612/1/1479 936/1/1479 959/1/1479
f 959/1/1479 1634/1/1479 1612/1/1479
f 1634/1/1480 959/1/1480 958/1/1480
f 958/1/1480 1632/1/1480 1634/1/1480
f 1632/1/1327 958/1/1327 957/1/1327
f 957/1/1327 1633/1/1327 1632/1/1327
f 1633/1/1325 957/1/1325 956/1/1325
f 956/1/1325 1636/1/1325 1633/1/1325
f 1637/1/1324 1628/1/1324 1633/1/1324
f 1633/1/1324 1636/1/1324 1637/1/1324
f 1628/1/1323 1637/1/1323 1635/1/1323
f 1635/1/1323 1629/1/1323 1628/1/1323
f 1638/1/1481 1639/1/1481 1640/1/1481
f 1640/1/1482 1641/1/1482 1638/1/1482
f 1642/1/1483 1643/1/1483 1639/1/1483
f 1639/1/1483 1638/1/1483 1642/1/1483
f 1639/1/1484 1644/1/1484 1645/1/1484
f 1645/1/1484 1640/1/1484 1639/1/1484
f 1646/1/1485 1644/1/1485 1639/1/1485
f 1639/1/1486 1643/1/1486 1646/1/1486
f 1623/1/1487 226/1/1487 248/1/1487
f 248/1/1487 1641/1/1487 1623/1/1487
f 1641/1/1488 248/1/1488 247/1/1488
f 247/1/1489 1638/1/1489 1641/1/1489
f 1642/1/1490 1638/1/1490 247/1/1490
f 247/1/1491 245/1/1491 1642/1/1491
f 1642/1/1492 245/1/1492 246/1/1492
f 246/1/1492 1647/1/1492 1642/1/1492
f 1647/1/1493 1648/1/1493 1643/1/1493
f 1643/1/1494 1642/1/1494 1647/1/1494
f 1646/1/1495 1643/1/1495 1648/1/1495
f 1648/1/1496 1649/1/1496 1646/1/1496
f 863/1/1497 862/1/1497 1646/1/1497
f 1646/1/1498 1649/1/1498 863/1/1498
f 1646/1/1499 862/1/1499 861/1/1499
f 861/1/1499 1644/1/1499 1646/1/1499
f 861/1/1500 860/1/1500 1645/1/1500
f 1645/1/1501 1644/1/1501 861/1/1501
f 860/1/1502 843/1/1502 1625/1/1502
f 1625/1/1502 1645/1/1502 860/1/1502
f 1624/1/1503 1640/1/1503 1645/1/1503
f 1645/1/1503 1625/1/1503 1624/1/1503
f 1640/1/1504 1624/1/1504 1623/1/1504
f 1623/1/1504 1641/1/1504 1640/1/1504
f 1650/1/1051 1651/1/1051 1652/1/1051
f 1652/1/1051 1653/1/1051 1650/1/1051
f 1654/1/1050 1655/1/1050 1651/1/1050
f 1651/1/1050 1650/1/1050 1654/1/1050
f 1651/1/1053 1656/1/1053 1657/1/1053
f 1657/1/1053 1652/1/1053 1651/1/1053
f 1655/1/1052 1658/1/1052 1656/1/1052
f 1656/1/1505 1651/1/1505 1655/1/1505
f 1653/1/1506 1659/1/1506 361/1/1506
f 361/1/1058 360/1/1058 1653/1/1058
f 370/1/1056 1650/1/1056 1653/1/1056
f 1653/1/1056 360/1/1056 370/1/1056
f 370/1/1055 369/1/1055 1654/1/1055
f 1654/1/1055 1650/1/1055 370/1/1055
f 369/1/1054 341/1/1054 1635/1/1054
f 1635/1/1054 1654/1/1054 369/1/1054
f 1655/1/1070 1654/1/1070 1635/1/1070
f 1635/1/1070 1637/1/1070 1655/1/1070
f 1636/1/1068 1658/1/1068 1655/1/1068
f 1655/1/1068 1637/1/1068 1636/1/1068
f 1636/1/1067 956/1/1067 979/1/1067
f 979/1/1067 1658/1/1067 1636/1/1067
f 1658/1/1066 979/1/1066 978/1/1066
f 978/1/1066 1656/1/1066 1658/1/1066
f 1656/1/1507 978/1/1507 977/1/1507
f 977/1/1508 1657/1/1508 1656/1/1508
f 1657/1/1509 977/1/1509 976/1/1509
f 976/1/1509 1660/1/1509 1657/1/1509
f 1661/1/1060 1652/1/1060 1657/1/1060
f 1657/1/1060 1660/1/1060 1661/1/1060
f 1652/1/1510 1661/1/1510 1659/1/1510
f 1659/1/1059 1653/1/1059 1652/1/1059
f 1662/1/1511 1663/1/1511 1664/1/1511
f 1664/1/1511 1665/1/1511 1662/1/1511
f 1666/1/1512 1667/1/1512 1663/1/1512
f 1663/1/1513 1662/1/1513 1666/1/1513
f 1663/1/1514 1668/1/1514 1669/1/1514
f 1669/1/1514 1664/1/1514 1663/1/1514
f 1670/1/1515 1668/1/1515 1663/1/1515
f 1663/1/1515 1667/1/1515 1670/1/1515
f 1647/1/1516 246/1/1516 268/1/1516
f 268/1/1516 1665/1/1516 1647/1/1516
f 1665/1/1517 268/1/1517 267/1/1517
f 267/1/1517 1662/1/1517 1665/1/1517
f 1666/1/1518 1662/1/1518 267/1/1518
f 267/1/1519 265/1/1519 1666/1/1519
f 1666/1/1520 265/1/1520 266/1/1520
f 266/1/1521 1671/1/1521 1666/1/1521
f 1671/1/1522 1672/1/1522 1667/1/1522
f 1667/1/1522 1666/1/1522 1671/1/1522
f 1670/1/1523 1667/1/1523 1672/1/1523
f 1672/1/1523 1673/1/1523 1670/1/1523
f 883/1/1524 882/1/1524 1670/1/1524
f 1670/1/1524 1673/1/1524 883/1/1524
f 1670/1/1525 882/1/1525 881/1/1525
f 881/1/1525 1668/1/1525 1670/1/1525
f 881/1/1526 880/1/1526 1669/1/1526
f 1669/1/1526 1668/1/1526 881/1/1526
f 880/1/1527 863/1/1527 1649/1/1527
f 1649/1/1527 1669/1/1527 880/1/1527
f 1648/1/1528 1664/1/1528 1669/1/1528
f 1669/1/1528 1649/1/1528 1648/1/1528
f 1647/1/1529 1665/1/1529 1664/1/1529
f 1664/1/1529 1648/1/1529 1647/1/1529
f 1674/1/1530 1675/1/1530 1676/1/1530
f 1676/1/1115 1677/1/1115 1674/1/1115
f 1678/1/1114 1679/1/1114 1675/1/1114
f 1675/1/1114 1674/1/1114 1678/1/1114
f 1675/1/1118 1680/1/1118 1681/1/1118
f 1681/1/1118 1676/1/1118 1675/1/1118
f 1679/1/1531 1682/1/1531 1680/1/1531
f 1680/1/1531 1675/1/1531 1679/1/1531
f 1677/1/1532 1683/1/1532 381/1/1532
f 381/1/1533 380/1/1533 1677/1/1533
f 390/1/1534 1674/1/1534 1677/1/1534
f 1677/1/1534 380/1/1534 390/1/1534
f 390/1/1120 389/1/1120 1678/1/1120
f 1678/1/1120 1674/1/1120 390/1/1120
f 389/1/1535 361/1/1535 1659/1/1535
f 1659/1/1119 1678/1/1119 389/1/1119
f 1679/1/1133 1678/1/1133 1659/1/1133
f 1659/1/1133 1661/1/1133 1679/1/1133
f 1660/1/1132 1682/1/1132 1679/1/1132
f 1679/1/1536 1661/1/1536 1660/1/1536
f 1660/1/1537 976/1/1537 999/1/1537
f 999/1/1538 1682/1/1538 1660/1/1538
f 1682/1/1130 999/1/1130 998/1/1130
f 998/1/1130 1680/1/1130 1682/1/1130
f 1680/1/1129 998/1/1129 997/1/1129
f 997/1/1129 1681/1/1129 1680/1/1129
f 1681/1/1539 997/1/1539 996/1/1539
f 996/1/1539 1684/1/1539 1681/1/1539
f 1685/1/1540 1676/1/1540 1681/1/1540
f 1681/1/1541 1684/1/1541 1685/1/1541
f 1676/1/1125 1685/1/1125 1683/1/1125
f 1683/1/1542 1677/1/1542 1676/1/1542
f 1686/1/1543 1687/1/1543 1688/1/1543
f 1688/1/1543 1689/1/1543 1686/1/1543
f 1690/1/1544 1691/1/1544 1687/1/1544
f 1687/1/1544 1686/1/1544 1690/1/1544
f 1687/1/1545 1692/1/1545 1693/1/1545
f 1693/1/1546 1688/1/1546 1687/1/1546
f 1694/1/1547 1692/1/1547 1687/1/1547
f 1687/1/1548 1691/1/1548 1694/1/1548
f 1671/1/1549 266/1/1549 288/1/1549
f 288/1/1549 1689/1/1549 1671/1/1549
f 1689/1/1550 288/1/1550 287/1/1550
f 287/1/1550 1686/1/1550 1689/1/1550
f 1690/1/1551 1686/1/1551 287/1/1551
f 287/1/1551 285/1/1551 1690/1/1551
f 1690/1/1552 285/1/1552 286/1/1552
f 286/1/1553 1695/1/1553 1690/1/1553
f 1695/1/1554 1696/1/1554 1691/1/1554
f 1691/1/1554 1690/1/1554 1695/1/1554
f 1694/1/1555 1691/1/1555 1696/1/1555
f 1696/1/1556 1697/1/1556 1694/1/1556
f 903/1/1557 902/1/1557 1694/1/1557
f 1694/1/1558 1697/1/1558 903/1/1558
f 1694/1/1559 902/1/1559 901/1/1559
f 901/1/1559 1692/1/1559 1694/1/1559
f 901/1/1560 900/1/1560 1693/1/1560
f 1693/1/1560 1692/1/1560 901/1/1560
f 900/1/1561 883/1/1561 1673/1/1561
f 1673/1/1562 1693/1/1562 900/1/1562
f 1672/1/1563 1688/1/1563 1693/1/1563
f 1693/1/1563 1673/1/1563 1672/1/1563
f 1671/1/1564 1689/1/1564 1688/1/1564
f 1688/1/1564 1672/1/1564 1671/1/1564
f 1698/1/1178 1699/1/1178 1700/1/1178
f 1700/1/1178 1701/1/1178 1698/1/1178
f 1702/1/1177 1703/1/1177 1699/1/1177
f 1699/1/1565 1698/1/1565 1702/1/1565
f 1699/1/1180 1704/1/1180 1705/1/1180
f 1705/1/1180 1700/1/1180 1699/1/1180
f 1703/1/1179 1706/1/1179 1704/1/1179
f 1704/1/1179 1699/1/1179 1703/1/1179
f 1701/1/1566 1707/1/1566 401/1/1566
f 401/1/1185 400/1/1185 1701/1/1185
f 410/1/1184 1698/1/1184 1701/1/1184
f 1701/1/1567 400/1/1567 410/1/1567
f 410/1/1182 409/1/1182 1702/1/1182
f 1702/1/1568 1698/1/1568 410/1/1568
f 409/1/1181 381/1/1181 1683/1/1181
f 1683/1/1181 1702/1/1181 409/1/1181
f 1703/1/1194 1702/1/1194 1683/1/1194
f 1683/1/1194 1685/1/1194 1703/1/1194
f 1684/1/1193 1706/1/1193 1703/1/1193
f 1703/1/1193 1685/1/1193 1684/1/1193
f 1684/1/1569 996/1/1569 1019/1/1569
f 1019/1/1192 1706/1/1192 1684/1/1192
f 1706/1/1191 1019/1/1191 1018/1/1191
f 1018/1/1191 1704/1/1191 1706/1/1191
f 1704/1/1570 1018/1/1570 1017/1/1570
f 1017/1/1571 1705/1/1571 1704/1/1571
f 1705/1/1188 1017/1/1188 1016/1/1188
f 1016/1/1188 1708/1/1188 1705/1/1188
f 1709/1/1572 1700/1/1572 1705/1/1572
f 1705/1/1187 1708/1/1187 1709/1/1187
f 1700/1/1186 1709/1/1186 1707/1/1186
f 1707/1/1186 1701/1/1186 1700/1/1186
f 1710/1/1573 1711/1/1573 1712/1/1573
f 1712/1/1574 1713/1/1574 1710/1/1574
f 1714/1/1575 1715/1/1575 1711/1/1575
f 1711/1/1575 1710/1/1575 1714/1/1575
f 1711/1/1576 1716/1/1576 1717/1/1576
f 1717/1/1576 1712/1/1576 1711/1/1576
f 1718/1/1577 1716/1/1577 1711/1/1577
f 1711/1/1577 1715/1/1577 1718/1/1577
f 1695/1/1578 286/1/1578 308/1/1578
f 308/1/1579 1713/1/1579 1695/1/1579
f 1713/1/1580 308/1/1580 307/1/1580
f 307/1/1581 1710/1/1581 1713/1/1581
f 1714/1/1582 1710/1/1582 307/1/1582
f 307/1/1582 305/1/1582 1714/1/1582
f 1714/1/1583 305/1/1583 306/1/1583
f 306/1/1584 1719/1/1584 1714/1/1584
f 1719/1/1585 1720/1/1585 1715/1/1585
f 1715/1/1585 1714/1/1585 1719/1/1585
f 1718/1/1586 1715/1/1586 1720/1/1586
f 1720/1/1586 1721/1/1586 1718/1/1586
f 923/1/1587 922/1/1587 1718/1/1587
f 1718/1/1587 1721/1/1587 923/1/1587
f 1718/1/1588 922/1/1588 921/1/1588
f 921/1/1588 1716/1/1588 1718/1/1588
f 921/1/1589 920/1/1589 1717/1/1589
f 1717/1/1589 1716/1/1589 921/1/1589
f 920/1/1590 903/1/1590 1697/1/1590
f 1697/1/1591 1717/1/1591 920/1/1591
f 1696/1/1592 1712/1/1592 1717/1/1592
f 1717/1/1592 1697/1/1592 1696/1/1592
f 1712/1/1593 1696/1/1593 1695/1/1593
f 1695/1/1593 1713/1/1593 1712/1/1593
f 1722/1/1238 1723/1/1238 1724/1/1238
f 1724/1/1238 1725/1/1238 1722/1/1238
f 1726/1/1594 1727/1/1594 1723/1/1594
f 1723/1/1237 1722/1/1237 1726/1/1237
f 1723/1/1240 1728/1/1240 1729/1/1240
f 1729/1/1240 1724/1/1240 1723/1/1240
f 1727/1/1239 1730/1/1239 1728/1/1239
f 1728/1/1239 1723/1/1239 1727/1/1239
f 1725/1/1245 1731/1/1245 421/1/1245
f 421/1/1245 420/1/1245 1725/1/1245
f 430/1/1244 1722/1/1244 1725/1/1244
f 1725/1/1244 420/1/1244 430/1/1244
f 430/1/1243 429/1/1243 1726/1/1243
f 1726/1/1243 1722/1/1243 430/1/1243
f 429/1/1242 401/1/1242 1707/1/1242
f 1707/1/1242 1726/1/1242 429/1/1242
f 1727/1/1257 1726/1/1257 1707/1/1257
f 1707/1/1257 1709/1/1257 1727/1/1257
f 1708/1/1595 1730/1/1595 1727/1/1595
f 1727/1/1595 1709/1/1595 1708/1/1595
f 1708/1/1253 1016/1/1253 1039/1/1253
f 1039/1/1253 1730/1/1253 1708/1/1253
f 1730/1/1251 1039/1/1251 1038/1/1251
f 1038/1/1251 1728/1/1251 1730/1/1251
f 1728/1/1249 1038/1/1249 1037/1/1249
f 1037/1/1596 1729/1/1596 1728/1/1596
f 1729/1/1597 1037/1/1597 1036/1/1597
f 1036/1/1597 1732/1/1597 1729/1/1597
f 1733/1/1247 1724/1/1247 1729/1/1247
f 1729/1/1598 1732/1/1598 1733/1/1598
f 1724/1/1246 1733/1/1246 1731/1/1246
f 1731/1/1246 1725/1/1246 1724/1/1246
f 1734/1/1599 1735/1/1599 1736/1/1599
f 1736/1/1599 1737/1/1599 1734/1/1599
f 1738/1/1600 1739/1/1600 1735/1/1600
f 1735/1/1600 1734/1/1600 1738/1/1600
f 1735/1/1601 1740/1/1601 1741/1/1601
f 1741/1/1602 1736/1/1602 1735/1/1602
f 1742/1/1603 1740/1/1603 1735/1/1603
f 1735/1/1603 1739/1/1603 1742/1/1603
f 1719/1/1604 306/1/1604 328/1/1604
f 328/1/1605 1737/1/1605 1719/1/1605
f 1737/1/1606 328/1/1606 327/1/1606
f 327/1/1607 1734/1/1607 1737/1/1607
f 1738/1/1608 1734/1/1608 327/1/1608
f 327/1/1609 325/1/1609 1738/1/1609
f 1738/1/1610 325/1/1610 326/1/1610
f 326/1/1610 1743/1/1610 1738/1/1610
f 1743/1/1611 1744/1/1611 1739/1/1611
f 1739/1/1611 1738/1/1611 1743/1/1611
f 1742/1/1612 1739/1/1612 1744/1/1612
f 1744/1/1612 1745/1/1612 1742/1/1612
f 943/1/1613 942/1/1613 1742/1/1613
f 1742/1/1613 1745/1/1613 943/1/1613
f 1742/1/1614 942/1/1614 941/1/1614
f 941/1/1614 1740/1/1614 1742/1/1614
f 941/1/1615 940/1/1615 1741/1/1615
f 1741/1/1616 1740/1/1616 941/1/1616
f 940/1/1617 923/1/1617 1721/1/1617
f 1721/1/1617 1741/1/1617 940/1/1617
f 1720/1/1618 1736/1/1618 1741/1/1618
f 1741/1/1618 1721/1/1618 1720/1/1618
f 1736/1/1619 1720/1/1619 1719/1/1619
f 1719/1/1619 1737/1/1619 1736/1/1619
f 1746/1/1285 1747/1/1285 1748/1/1285
f 1748/1/1285 1749/1/1285 1746/1/1285
f 1750/1/1283 1751/1/1283 1747/1/1283
f 1747/1/1283 1746/1/1283 1750/1/1283
f 1747/1/1288 1752/1/1288 1753/1/1288
f 1753/1/1288 1748/1/1288 1747/1/1288
f 1751/1/1620 1754/1/1620 1752/1/1620
f 1752/1/1286 1747/1/1286 1751/1/1286
f 1749/1/1621 1755/1/1621 441/1/1621
f 441/1/1292 440/1/1292 1749/1/1292
f 450/1/1291 1746/1/1291 1749/1/1291
f 1749/1/1291 440/1/1291 450/1/1291
f 450/1/1290 449/1/1290 1750/1/1290
f 1750/1/1290 1746/1/1290 450/1/1290
f 449/1/1289 421/1/1289 1731/1/1289
f 1731/1/1289 1750/1/1289 449/1/1289
f 1751/1/1302 1750/1/1302 1731/1/1302
f 1731/1/1622 1733/1/1622 1751/1/1622
f 1732/1/1299 1754/1/1299 1751/1/1299
f 1751/1/1299 1733/1/1299 1732/1/1299
f 1732/1/1623 1036/1/1623 1059/1/1623
f 1059/1/1623 1754/1/1623 1732/1/1623
f 1754/1/1624 1059/1/1624 1058/1/1624
f 1058/1/1624 1752/1/1624 1754/1/1624
f 1752/1/1296 1058/1/1296 1057/1/1296
f 1057/1/1296 1753/1/1296 1752/1/1296
f 1753/1/1295 1057/1/1295 1056/1/1295
f 1056/1/1295 1756/1/1295 1753/1/1295
f 1757/1/1294 1748/1/1294 1753/1/1294
f 1753/1/1294 1756/1/1294 1757/1/1294
f 1748/1/1625 1757/1/1625 1755/1/1625
f 1755/1/1625 1749/1/1625 1748/1/1625
f 1758/1/983 1759/1/983 1760/1/983
f 1760/1/1626 1761/1/1626 1758/1/1626
f 1762/1/982 1763/1/982 1759/1/982
f 1759/1/982 1758/1/982 1762/1/982
f 1759/1/986 1764/1/986 1765/1/986
f 1765/1/986 1760/1/986 1759/1/986
f 1766/1/984 1764/1/984 1759/1/984
f 1759/1/984 1763/1/984 1766/1/984
f 1743/1/1627 326/1/1627 348/1/1627
f 348/1/1627 1761/1/1627 1743/1/1627
f 1761/1/1628 348/1/1628 347/1/1628
f 347/1/1628 1758/1/1628 1761/1/1628
f 1762/1/988 1758/1/988 347/1/988
f 347/1/988 345/1/988 1762/1/988
f 1762/1/987 345/1/987 346/1/987
f 346/1/1629 1767/1/1629 1762/1/1629
f 1767/1/1003 1768/1/1003 1763/1/1003
f 1763/1/1003 1762/1/1003 1767/1/1003
f 1766/1/1002 1763/1/1002 1768/1/1002
f 1768/1/1002 1769/1/1002 1766/1/1002
f 963/1/1000 962/1/1000 1766/1/1000
f 1766/1/1000 1769/1/1000 963/1/1000
f 1766/1/999 962/1/999 961/1/999
f 961/1/999 1764/1/999 1766/1/999
f 961/1/1630 960/1/1630 1765/1/1630
f 1765/1/998 1764/1/998 961/1/998
f 960/1/997 943/1/997 1745/1/997
f 1745/1/997 1765/1/997 960/1/997
f 1744/1/995 1760/1/995 1765/1/995
f 1765/1/995 1745/1/995 1744/1/995
f 1743/1/994 1761/1/994 1760/1/994
f 1760/1/994 1744/1/994 1743/1/994
f 1770/1/1336 1771/1/1336 1772/1/1336
f 1772/1/1336 1773/1/1336 1770/1/1336
f 1774/1/1631 1775/1/1631 1771/1/1631
f 1771/1/1631 1770/1/1631 1774/1/1631
f 1771/1/1632 1776/1/1632 1777/1/1632
f 1777/1/1633 1772/1/1633 1771/1/1633
f 1775/1/1634 1778/1/1634 1776/1/1634
f 1776/1/1635 1771/1/1635 1775/1/1635
f 1773/1/1345 1779/1/1345 461/1/1345
f 461/1/1636 460/1/1636 1773/1/1636
f 470/1/1344 1770/1/1344 1773/1/1344
f 1773/1/1344 460/1/1344 470/1/1344
f 470/1/1342 469/1/1342 1774/1/1342
f 1774/1/1637 1770/1/1637 470/1/1637
f 469/1/1340 441/1/1340 1755/1/1340
f 1755/1/1340 1774/1/1340 469/1/1340
f 1775/1/1354 1774/1/1354 1755/1/1354
f 1755/1/1355 1757/1/1355 1775/1/1355
f 1756/1/1353 1778/1/1353 1775/1/1353
f 1775/1/1353 1757/1/1353 1756/1/1353
f 1756/1/1352 1056/1/1352 1079/1/1352
f 1079/1/1352 1778/1/1352 1756/1/1352
f 1778/1/1350 1079/1/1350 1078/1/1350
f 1078/1/1350 1776/1/1350 1778/1/1350
f 1776/1/1349 1078/1/1349 1077/1/1349
f 1077/1/1349 1777/1/1349 1776/1/1349
f 1777/1/1348 1077/1/1348 1076/1/1348
f 1076/1/1348 1780/1/1348 1777/1/1348
f 1781/1/1347 1772/1/1347 1777/1/1347
f 1777/1/1347 1780/1/1347 1781/1/1347
f 1772/1/1346 1781/1/1346 1779/1/1346
f 1779/1/1346 1773/1/1346 1772/1/1346
f 1782/1/1638 1783/1/1638 1784/1/1638
f 1784/1/1638 1785/1/1638 1782/1/1638
f 1786/1/1639 1787/1/1639 1783/1/1639
f 1783/1/1639 1782/1/1639 1786/1/1639
f 1783/1/1640 1788/1/1640 1789/1/1640
f 1789/1/1640 1784/1/1640 1783/1/1640
f 1790/1/1641 1788/1/1641 1783/1/1641
f 1783/1/1641 1787/1/1641 1790/1/1641
f 1767/1/1642 346/1/1642 368/1/1642
f 368/1/1642 1785/1/1642 1767/1/1642
f 1785/1/1643 368/1/1643 367/1/1643
f 367/1/1643 1782/1/1643 1785/1/1643
f 1786/1/1644 1782/1/1644 367/1/1644
f 367/1/1645 365/1/1645 1786/1/1645
f 1786/1/1646 365/1/1646 366/1/1646
f 366/1/1646 1791/1/1646 1786/1/1646
f 1791/1/1647 1792/1/1647 1787/1/1647
f 1787/1/1648 1786/1/1648 1791/1/1648
f 1790/1/1649 1787/1/1649 1792/1/1649
f 1792/1/1650 1793/1/1650 1790/1/1650
f 983/1/1651 982/1/1651 1790/1/1651
f 1790/1/1651 1793/1/1651 983/1/1651
f 1790/1/1652 982/1/1652 981/1/1652
f 981/1/1652 1788/1/1652 1790/1/1652
f 981/1/1653 980/1/1653 1789/1/1653
f 1789/1/1653 1788/1/1653 981/1/1653
f 980/1/1654 963/1/1654 1769/1/1654
f 1769/1/1654 1789/1/1654 980/1/1654
f 1768/1/1655 1784/1/1655 1789/1/1655
f 1789/1/1655 1769/1/1655 1768/1/1655
f 1767/1/1656 1785/1/1656 1784/1/1656
f 1784/1/1656 1768/1/1656 1767/1/1656
f 1794/1/1367 1795/1/1367 1796/1/1367
f 1796/1/1367 1797/1/1367 1794/1/1367
f 1798/1/1657 1799/1/1657 1795/1/1657
f 1795/1/1657 1794/1/1657 1798/1/1657
f 1795/1/1369 1800/1/1369 1801/1/1369
f 1801/1/1658 1796/1/1658 1795/1/1658
f 1799/1/1368 1802/1/1368 1800/1/1368
f 1800/1/1368 1795/1/1368 1799/1/1368
f 1797/1/1374 1803/1/1374 481/1/1374
f 481/1/1374 480/1/1374 1797/1/1374
f 490/1/1373 1794/1/1373 1797/1/1373
f 1797/1/1373 480/1/1373 490/1/1373
f 490/1/1371 489/1/1371 1798/1/1371
f 1798/1/1371 1794/1/1371 490/1/1371
f 489/1/1370 461/1/1370 1779/1/1370
f 1779/1/1370 1798/1/1370 489/1/1370
f 1799/1/1383 1798/1/1383 1779/1/1383
f 1779/1/1383 1781/1/1383 1799/1/1383
f 1780/1/1382 1802/1/1382 1799/1/1382
f 1799/1/1382 1781/1/1382 1780/1/1382
f 1780/1/1381 1076/1/1381 1099/1/1381
f 1099/1/1381 1802/1/1381 1780/1/1381
f 1802/1/1659 1099/1/1659 1098/1/1659
f 1098/1/1659 1800/1/1659 1802/1/1659
f 1800/1/1379 1098/1/1379 1097/1/1379
f 1097/1/1379 1801/1/1379 1800/1/1379
f 1801/1/1378 1097/1/1378 1096/1/1378
f 1096/1/1378 1804/1/1378 1801/1/1378
f 1801/1/1376 1804/1/1376 1805/1/1376
f 1805/1/1376 1796/1/1376 1801/1/1376
f 1796/1/1375 1805/1/1375 1803/1/1375
f 1803/1/1375 1797/1/1375 1796/1/1375
f 1806/1/1660 1807/1/1660 1808/1/1660
f 1808/1/1660 1809/1/1660 1806/1/1660
f 1810/1/1661 1811/1/1661 1807/1/1661
f 1807/1/1662 1806/1/1662 1810/1/1662
f 1807/1/1663 1812/1/1663 1813/1/1663
f 1813/1/1663 1808/1/1663 1807/1/1663
f 1814/1/1664 1812/1/1664 1807/1/1664
f 1807/1/1665 1811/1/1665 1814/1/1665
f 1791/1/1666 366/1/1666 388/1/1666
f 388/1/1666 1809/1/1666 1791/1/1666
f 1809/1/1667 388/1/1667 387/1/1667
f 387/1/1667 1806/1/1667 1809/1/1667
f 1810/1/1668 1806/1/1668 387/1/1668
f 387/1/1668 385/1/1668 1810/1/1668
f 1810/1/1669 385/1/1669 386/1/1669
f 386/1/1670 1815/1/1670 1810/1/1670
f 1815/1/1671 1816/1/1671 1811/1/1671
f 1811/1/1671 1810/1/1671 1815/1/1671
f 1814/1/1672 1811/1/1672 1816/1/1672
f 1816/1/1672 1817/1/1672 1814/1/1672
f 1003/1/1673 1002/1/1673 1814/1/1673
f 1814/1/1674 1817/1/1674 1003/1/1674
f 1814/1/1675 1002/1/1675 1001/1/1675
f 1001/1/1675 1812/1/1675 1814/1/1675
f 1001/1/1676 1000/1/1676 1813/1/1676
f 1813/1/1676 1812/1/1676 1001/1/1676
f 1000/1/1677 983/1/1677 1793/1/1677
f 1793/1/1677 1813/1/1677 1000/1/1677
f 1792/1/1678 1808/1/1678 1813/1/1678
f 1813/1/1678 1793/1/1678 1792/1/1678
f 1808/1/1679 1792/1/1679 1791/1/1679
f 1791/1/1679 1809/1/1679 1808/1/1679
f 1818/1/1392 1819/1/1392 1820/1/1392
f 1820/1/1392 1821/1/1392 1818/1/1392
f 1822/1/1391 1823/1/1391 1819/1/1391
f 1819/1/1391 1818/1/1391 1822/1/1391
f 1819/1/1394 1824/1/1394 1825/1/1394
f 1825/1/1394 1820/1/1394 1819/1/1394
f 1823/1/1393 1826/1/1393 1824/1/1393
f 1824/1/1393 1819/1/1393 1823/1/1393
f 1821/1/1680 1827/1/1680 501/1/1680
f 501/1/1400 500/1/1400 1821/1/1400
f 510/1/1399 1818/1/1399 1821/1/1399
f 1821/1/1398 500/1/1398 510/1/1398
f 510/1/1681 509/1/1681 1822/1/1681
f 1822/1/1682 1818/1/1682 510/1/1682
f 509/1/1395 481/1/1395 1803/1/1395
f 1803/1/1683 1822/1/1683 509/1/1683
f 1823/1/1684 1822/1/1684 1803/1/1684
f 1803/1/1412 1805/1/1412 1823/1/1412
f 1804/1/1410 1826/1/1410 1823/1/1410
f 1823/1/1410 1805/1/1410 1804/1/1410
f 1804/1/1408 1096/1/1408 1119/1/1408
f 1119/1/1408 1826/1/1408 1804/1/1408
f 1826/1/1407 1119/1/1407 1118/1/1407
f 1118/1/1407 1824/1/1407 1826/1/1407
f 1824/1/1406 1118/1/1406 1117/1/1406
f 1117/1/1685 1825/1/1685 1824/1/1685
f 1825/1/1403 1117/1/1403 1116/1/1403
f 1116/1/1403 1828/1/1403 1825/1/1403
f 1825/1/1402 1828/1/1402 1829/1/1402
f 1829/1/1402 1820/1/1402 1825/1/1402
f 1820/1/1401 1829/1/1401 1827/1/1401
f 1827/1/1401 1821/1/1401 1820/1/1401
f 1830/1/1686 1831/1/1686 1832/1/1686
f 1832/1/1687 1833/1/1687 1830/1/1687
f 1834/1/1688 1835/1/1688 1831/1/1688
f 1831/1/1689 1830/1/1689 1834/1/1689
f 1831/1/1690 1836/1/1690 1837/1/1690
f 1837/1/1691 1832/1/1691 1831/1/1691
f 1838/1/1692 1836/1/1692 1831/1/1692
f 1831/1/1693 1835/1/1693 1838/1/1693
f 1815/1/1694 386/1/1694 408/1/1694
f 408/1/1695 1833/1/1695 1815/1/1695
f 1833/1/1696 408/1/1696 407/1/1696
f 407/1/1696 1830/1/1696 1833/1/1696
f 1834/1/1697 1830/1/1697 407/1/1697
f 407/1/1697 405/1/1697 1834/1/1697
f 1834/1/1698 405/1/1698 406/1/1698
f 406/1/1698 1839/1/1698 1834/1/1698
f 1839/1/1699 1840/1/1699 1835/1/1699
f 1835/1/1700 1834/1/1700 1839/1/1700
f 1838/1/1701 1835/1/1701 1840/1/1701
f 1840/1/1701 1841/1/1701 1838/1/1701
f 1023/1/1702 1022/1/1702 1838/1/1702
f 1838/1/1702 1841/1/1702 1023/1/1702
f 1838/1/1703 1022/1/1703 1021/1/1703
f 1021/1/1703 1836/1/1703 1838/1/1703
f 1021/1/1704 1020/1/1704 1837/1/1704
f 1837/1/1705 1836/1/1705 1021/1/1705
f 1020/1/1706 1003/1/1706 1817/1/1706
f 1817/1/1706 1837/1/1706 1020/1/1706
f 1816/1/1707 1832/1/1707 1837/1/1707
f 1837/1/1707 1817/1/1707 1816/1/1707
f 1815/1/1708 1833/1/1708 1832/1/1708
f 1832/1/1708 1816/1/1708 1815/1/1708
f 1842/1/1422 1843/1/1422 1844/1/1422
f 1844/1/1422 1845/1/1422 1842/1/1422
f 1846/1/1709 1847/1/1709 1843/1/1709
f 1843/1/1420 1842/1/1420 1846/1/1420
f 1843/1/1424 1848/1/1424 1849/1/1424
f 1849/1/1424 1844/1/1424 1843/1/1424
f 1847/1/1423 1850/1/1423 1848/1/1423
f 1848/1/1710 1843/1/1710 1847/1/1710
f 1845/1/1430 1851/1/1430 521/1/1430
f 521/1/1711 520/1/1711 1845/1/1711
f 530/1/1712 1842/1/1712 1845/1/1712
f 1845/1/1713 520/1/1713 530/1/1713
f 530/1/1427 529/1/1427 1846/1/1427
f 1846/1/1427 1842/1/1427 530/1/1427
f 529/1/1425 501/1/1425 1827/1/1425
f 1827/1/1425 1846/1/1425 529/1/1425
f 1847/1/1714 1846/1/1714 1827/1/1714
f 1827/1/1714 1829/1/1714 1847/1/1714
f 1828/1/1442 1850/1/1442 1847/1/1442
f 1847/1/1442 1829/1/1442 1828/1/1442
f 1828/1/1440 1116/1/1440 1139/1/1440
f 1139/1/1440 1850/1/1440 1828/1/1440
f 1850/1/1438 1139/1/1438 1138/1/1438
f 1138/1/1438 1848/1/1438 1850/1/1438
f 1848/1/1437 1138/1/1437 1137/1/1437
f 1137/1/1437 1849/1/1437 1848/1/1437
f 1849/1/1436 1137/1/1436 1136/1/1436
f 1136/1/1436 1852/1/1436 1849/1/1436
f 1853/1/1435 1844/1/1435 1849/1/1435
f 1849/1/1435 1852/1/1435 1853/1/1435
f 1844/1/1715 1853/1/1715 1851/1/1715
f 1851/1/1716 1845/1/1716 1844/1/1716
f 1854/1/1717 1855/1/1717 1856/1/1717
f 1856/1/1717 1857/1/1717 1854/1/1717
f 1858/1/1718 1859/1/1718 1855/1/1718
f 1855/1/1719 1854/1/1719 1858/1/1719
f 1855/1/1720 1860/1/1720 1861/1/1720
f 1861/1/1720 1856/1/1720 1855/1/1720
f 1862/1/1721 1860/1/1721 1855/1/1721
f 1855/1/1722 1859/1/1722 1862/1/1722
f 1839/1/1723 406/1/1723 428/1/1723
f 428/1/1723 1857/1/1723 1839/1/1723
f 1857/1/1724 428/1/1724 427/1/1724
f 427/1/1724 1854/1/1724 1857/1/1724
f 1858/1/1725 1854/1/1725 427/1/1725
f 427/1/1725 425/1/1725 1858/1/1725
f 1858/1/1726 425/1/1726 426/1/1726
f 426/1/1727 1863/1/1727 1858/1/1727
f 1863/1/1728 1864/1/1728 1859/1/1728
f 1859/1/1728 1858/1/1728 1863/1/1728
f 1862/1/1729 1859/1/1729 1864/1/1729
f 1864/1/1729 1865/1/1729 1862/1/1729
f 1043/1/1730 1042/1/1730 1862/1/1730
f 1862/1/1730 1865/1/1730 1043/1/1730
f 1862/1/1731 1042/1/1731 1041/1/1731
f 1041/1/1731 1860/1/1731 1862/1/1731
f 1041/1/1732 1040/1/1732 1861/1/1732
f 1861/1/1732 1860/1/1732 1041/1/1732
f 1040/1/1733 1023/1/1733 1841/1/1733
f 1841/1/1733 1861/1/1733 1040/1/1733
f 1840/1/1734 1856/1/1734 1861/1/1734
f 1861/1/1734 1841/1/1734 1840/1/1734
f 1839/1/1735 1857/1/1735 1856/1/1735
f 1856/1/1736 1840/1/1736 1839/1/1736
f 1866/1/1737 1867/1/1737 1868/1/1737
f 1868/1/1738 1869/1/1738 1866/1/1738
f 1870/1/1454 1871/1/1454 1867/1/1454
f 1867/1/1454 1866/1/1454 1870/1/1454
f 1867/1/1458 1872/1/1458 1873/1/1458
f 1873/1/1458 1868/1/1458 1867/1/1458
f 1871/1/1739 1874/1/1739 1872/1/1739
f 1872/1/1740 1867/1/1741 1871/1/1741
f 1869/1/1462 1875/1/1462 541/1/1462
f 541/1/1462 540/1/1462 1869/1/1462
f 550/1/1742 1866/1/1742 1869/1/1742
f 1869/1/1461 540/1/1461 550/1/1461
f 550/1/1460 549/1/1460 1870/1/1460
f 1870/1/1460 1866/1/1460 550/1/1460
f 549/1/1459 521/1/1459 1851/1/1459
f 1851/1/1459 1870/1/1459 549/1/1459
f 1871/1/1471 1870/1/1471 1851/1/1471
f 1851/1/1743 1853/1/1743 1871/1/1743
f 1852/1/1469 1874/1/1469 1871/1/1469
f 1871/1/1469 1853/1/1469 1852/1/1469
f 1852/1/1468 1136/1/1744 1159/1/1468
f 1159/1/1468 1874/1/1468 1852/1/1468
f 1874/1/1467 1159/1/1467 1158/1/1467
f 1158/1/1467 1872/1/1467 1874/1/1467
f 1872/1/1745 1158/1/1745 1157/1/1745
f 1157/1/1745 1873/1/1745 1872/1/1745
f 1873/1/1465 1157/1/1465 1156/1/1465
f 1156/1/1465 1876/1/1465 1873/1/1465
f 1877/1/1464 1868/1/1464 1873/1/1464
f 1873/1/1464 1876/1/1464 1877/1/1464
f 1868/1/1463 1877/1/1463 1875/1/1463
f 1875/1/1463 1869/1/1463 1868/1/1463
f 1878/1/1746 1879/1/1746 1880/1/1746
f 1880/1/1746 1881/1/1746 1878/1/1746
f 1882/1/1747 1883/1/1747 1879/1/1747
f 1879/1/1747 1878/1/1747 1882/1/1747
f 1879/1/1748 1884/1/1748 1885/1/1748
f 1885/1/1749 1880/1/1749 1879/1/1749
f 1886/1/1750 1884/1/1750 1879/1/1750
f 1879/1/1750 1883/1/1750 1886/1/1750
f 1863/1/1751 426/1/1751 448/1/1751
f 448/1/1751 1881/1/1751 1863/1/1751
f 1881/1/1752 448/1/1753 447/1/1753
f 447/1/1754 1878/1/1754 1881/1/1754
f 1882/1/1755 1878/1/1755 447/1/1755
f 447/1/1755 445/1/1755 1882/1/1755
f 1882/1/1756 445/1/1756 446/1/1756
f 446/1/1756 1887/1/1756 1882/1/1756
f 1887/1/1757 1888/1/1757 1883/1/1757
f 1883/1/1757 1882/1/1757 1887/1/1757
f 1886/1/1758 1883/1/1758 1888/1/1758
f 1888/1/1758 1889/1/1758 1886/1/1758
f 1063/1/1759 1062/1/1759 1886/1/1759
f 1886/1/1760 1889/1/1760 1063/1/1760
f 1886/1/1761 1062/1/1761 1061/1/1761
f 1061/1/1761 1884/1/1761 1886/1/1761
f 1061/1/1762 1060/1/1762 1885/1/1762
f 1885/1/1762 1884/1/1762 1061/1/1762
f 1060/1/1763 1043/1/1763 1865/1/1763
f 1865/1/1764 1885/1/1764 1060/1/1764
f 1864/1/1765 1880/1/1765 1885/1/1765
f 1885/1/1765 1865/1/1765 1864/1/1765
f 1880/1/1766 1864/1/1766 1863/1/1766
f 1863/1/1767 1881/1/1767 1880/1/1767
f 1890/1/1483 1891/1/1483 1892/1/1483
f 1892/1/1483 1893/1/1483 1890/1/1483
f 1894/1/1768 1895/1/1768 1891/1/1768
f 1891/1/1769 1890/1/1769 1894/1/1769
f 1891/1/1770 1896/1/1770 1897/1/1770
f 1897/1/1770 1892/1/1770 1891/1/1770
f 1895/1/1771 1898/1/1771 1896/1/1771
f 1896/1/1772 1891/1/1772 1895/1/1772
f 1893/1/1773 1899/1/1773 561/1/1773
f 561/1/1773 560/1/1773 1893/1/1773
f 570/1/1491 1890/1/1491 1893/1/1491
f 1893/1/1491 560/1/1491 570/1/1491
f 570/1/1489 569/1/1489 1894/1/1489
f 1894/1/1489 1890/1/1489 570/1/1489
f 569/1/1487 541/1/1487 1875/1/1487
f 1875/1/1487 1894/1/1487 569/1/1487
f 1895/1/1504 1894/1/1504 1875/1/1504
f 1875/1/1504 1877/1/1504 1895/1/1504
f 1876/1/1503 1898/1/1503 1895/1/1503
f 1895/1/1503 1877/1/1503 1876/1/1503
f 1876/1/1502 1156/1/1502 1179/1/1502
f 1179/1/1502 1898/1/1502 1876/1/1502
f 1898/1/1500 1179/1/1500 1178/1/1500
f 1178/1/1500 1896/1/1500 1898/1/1500
f 1896/1/1499 1178/1/1499 1177/1/1499
f 1177/1/1499 1897/1/1499 1896/1/1499
f 1897/1/1497 1177/1/1497 1176/1/1497
f 1176/1/1497 1900/1/1497 1897/1/1497
f 1897/1/1774 1900/1/1774 1901/1/1774
f 1901/1/1774 1892/1/1774 1897/1/1774
f 1892/1/1494 1901/1/1494 1899/1/1494
f 1899/1/1494 1893/1/1494 1892/1/1494
f 1902/1/1639 1903/1/1639 1904/1/1639
f 1904/1/1775 1905/1/1775 1902/1/1775
f 1906/1/1638 1907/1/1638 1903/1/1638
f 1903/1/1638 1902/1/1638 1906/1/1638
f 1903/1/1776 1908/1/1776 1909/1/1776
f 1909/1/1777 1904/1/1777 1903/1/1777
f 1903/1/1640 1907/1/1640 1910/1/1640
f 1910/1/1640 1908/1/1640 1903/1/1640
f 1905/1/1646 1911/1/1646 37/1/1646
f 37/1/1646 36/1/1646 1905/1/1646
f 1905/1/1778 36/1/1778 50/1/1778
f 50/1/1778 1902/1/1778 1905/1/1778
f 48/1/1779 1906/1/1779 1902/1/1779
f 1902/1/1643 50/1/1643 48/1/1643
f 1305/1/1780 1906/1/1780 48/1/1780
f 48/1/1781 49/1/1781 1305/1/1781
f 1906/1/1656 1305/1/1656 1310/1/1656
f 1310/1/1656 1907/1/1656 1906/1/1656
f 1907/1/1655 1310/1/1655 1309/1/1655
f 1309/1/1655 1910/1/1655 1907/1/1655
f 15/1/1654 14/1/1654 1910/1/1654
f 1910/1/1654 1309/1/1654 15/1/1654
f 1910/1/1653 14/1/1653 13/1/1653
f 13/1/1653 1908/1/1653 1910/1/1653
f 1909/1/1782 1908/1/1782 13/1/1782
f 13/1/1783 12/1/1783 1909/1/1783
f 12/1/1651 11/1/1651 1912/1/1651
f 1912/1/1651 1909/1/1651 12/1/1651
f 1904/1/1650 1909/1/1650 1912/1/1650
f 1912/1/1650 1913/1/1650 1904/1/1650
f 1904/1/1647 1913/1/1647 1911/1/1647
f 1911/1/1648 1905/1/1648 1904/1/1648
f 1914/1/1784 1915/1/1784 1916/1/1784
f 1916/1/1784 1917/1/1784 1914/1/1784
f 1918/1/1785 1919/1/1785 1915/1/1785
f 1915/1/1785 1914/1/1785 1918/1/1785
f 1915/1/1786 1920/1/1786 1921/1/1786
f 1921/1/1786 1916/1/1786 1915/1/1786
f 1922/1/1787 1920/1/1787 1915/1/1787
f 1915/1/1007 1919/1/1007 1922/1/1007
f 1887/1/1015 446/1/1015 468/1/1015
f 468/1/1015 1917/1/1015 1887/1/1015
f 1917/1/1013 468/1/1013 467/1/1013
f 467/1/1013 1914/1/1013 1917/1/1013
f 1918/1/1012 1914/1/1012 467/1/1012
f 467/1/1012 465/1/1012 1918/1/1012
f 1923/1/1788 1918/1/1788 465/1/1788
f 465/1/1010 466/1/1010 1923/1/1010
f 1923/1/1027 1924/1/1027 1919/1/1027
f 1919/1/1027 1918/1/1027 1923/1/1027
f 1922/1/1789 1919/1/1789 1924/1/1789
f 1924/1/1025 1925/1/1025 1922/1/1025
f 1922/1/1790 1925/1/1790 1083/1/1790
f 1083/1/1791 1082/1/1791 1922/1/1791
f 1922/1/1023 1082/1/1023 1081/1/1023
f 1081/1/1023 1920/1/1023 1922/1/1023
f 1081/1/1021 1080/1/1021 1921/1/1021
f 1921/1/1021 1920/1/1021 1081/1/1021
f 1080/1/1792 1063/1/1792 1889/1/1792
f 1889/1/1792 1921/1/1792 1080/1/1792
f 1889/1/1018 1888/1/1018 1916/1/1018
f 1916/1/1018 1921/1/1018 1889/1/1018
f 1887/1/1016 1917/1/1016 1916/1/1016
f 1916/1/1016 1888/1/1016 1887/1/1016
f 1926/1/1793 1927/1/1793 1928/1/1793
f 1928/1/1794 1929/1/1794 1926/1/1794
f 1930/1/1511 1931/1/1511 1927/1/1511
f 1927/1/1511 1926/1/1511 1930/1/1511
f 1927/1/1795 1932/1/1795 1933/1/1795
f 1933/1/1796 1928/1/1796 1927/1/1796
f 1931/1/1514 1934/1/1514 1932/1/1514
f 1932/1/1514 1927/1/1514 1931/1/1514
f 1929/1/1520 1935/1/1520 581/1/1520
f 581/1/1520 580/1/1520 1929/1/1520
f 590/1/1519 1926/1/1519 1929/1/1519
f 1929/1/1519 580/1/1519 590/1/1519
f 590/1/1797 589/1/1797 1930/1/1797
f 1930/1/1797 1926/1/1797 590/1/1797
f 589/1/1516 561/1/1516 1899/1/1516
f 1899/1/1516 1930/1/1516 589/1/1516
f 1931/1/1798 1930/1/1798 1899/1/1798
f 1899/1/1798 1901/1/1798 1931/1/1798
f 1900/1/1528 1934/1/1528 1931/1/1528
f 1931/1/1528 1901/1/1528 1900/1/1528
f 1900/1/1799 1176/1/1799 1199/1/1799
f 1199/1/1527 1934/1/1527 1900/1/1527
f 1934/1/1526 1199/1/1526 1198/1/1526
f 1198/1/1526 1932/1/1526 1934/1/1526
f 1932/1/1800 1198/1/1800 1197/1/1800
f 1197/1/1801 1933/1/1801 1932/1/1801
f 1197/1/1524 1196/1/1524 1936/1/1524
f 1936/1/1524 1933/1/1524 1197/1/1524
f 1928/1/1523 1933/1/1523 1936/1/1523
f 1936/1/1802 1937/1/1802 1928/1/1802
f 1929/1/1522 1928/1/1522 1937/1/1522
f 1937/1/1803 1935/1/1803 1929/1/1803
f 1938/1/1804 1939/1/1804 1940/1/1804
f 1940/1/1805 1941/1/1805 1938/1/1805
f 1942/1/1660 1943/1/1660 1939/1/1660
f 1939/1/1660 1938/1/1660 1942/1/1660
f 1939/1/1806 1944/1/1806 1945/1/1806
f 1945/1/1806 1940/1/1806 1939/1/1806
f 1939/1/1663 1943/1/1663 1946/1/1663
f 1946/1/1807 1944/1/1807 1939/1/1807
f 61/1/1669 60/1/1669 1941/1/1669
f 1941/1/1669 1947/1/1669 61/1/1669
f 1941/1/1668 60/1/1668 70/1/1668
f 70/1/1668 1938/1/1668 1941/1/1668
f 70/1/1667 69/1/1667 1942/1/1667
f 1942/1/1808 1938/1/1808 70/1/1808
f 1942/1/1809 69/1/1809 37/1/1809
f 37/1/1666 1911/1/1666 1942/1/1666
f 1913/1/1679 1943/1/1679 1942/1/1679
f 1942/1/1679 1911/1/1679 1913/1/1679
f 1912/1/1678 1946/1/1678 1943/1/1678
f 1943/1/1678 1913/1/1678 1912/1/1678
f 11/1/1810 679/1/1810 1946/1/1810
f 1946/1/1811 1912/1/1811 11/1/1811
f 1946/1/1812 679/1/1812 678/1/1812
f 678/1/1676 1944/1/1676 1946/1/1676
f 1945/1/1675 1944/1/1675 678/1/1675
f 678/1/1675 675/1/1675 1945/1/1675
f 675/1/1813 677/1/1813 1948/1/1813
f 1948/1/1813 1945/1/1813 675/1/1813
f 1940/1/1814 1945/1/1814 1948/1/1814
f 1948/1/1672 1949/1/1672 1940/1/1672
f 1940/1/1671 1949/1/1671 1947/1/1671
f 1947/1/1815 1941/1/1815 1940/1/1815
f 1950/1/1816 1951/1/1816 1952/1/1816
f 1952/1/1074 1953/1/1074 1950/1/1074
f 1954/1/1072 1955/1/1072 1951/1/1072
f 1951/1/1071 1950/1/1071 1954/1/1071
f 1951/1/1817 1956/1/1817 1957/1/1817
f 1957/1/1817 1952/1/1817 1951/1/1817
f 1958/1/1075 1956/1/1075 1951/1/1075
f 1951/1/1075 1955/1/1075 1958/1/1075
f 1923/1/1080 466/1/1080 488/1/1080
f 488/1/1080 1953/1/1080 1923/1/1080
f 1953/1/1818 488/1/1818 487/1/1818
f 487/1/1818 1950/1/1818 1953/1/1818
f 1954/1/1078 1950/1/1078 487/1/1078
f 487/1/1078 485/1/1078 1954/1/1078
f 1959/1/1077 1954/1/1077 485/1/1077
f 485/1/1077 486/1/1077 1959/1/1077
f 1959/1/1091 1960/1/1091 1955/1/1091
f 1955/1/1091 1954/1/1091 1959/1/1091
f 1958/1/1090 1955/1/1090 1960/1/1090
f 1960/1/1090 1961/1/1090 1958/1/1090
f 1958/1/1087 1961/1/1087 1103/1/1087
f 1103/1/1087 1102/1/1087 1958/1/1087
f 1958/1/1819 1102/1/1819 1101/1/1819
f 1101/1/1819 1956/1/1819 1958/1/1819
f 1101/1/1084 1100/1/1084 1957/1/1084
f 1957/1/1084 1956/1/1084 1101/1/1084
f 1100/1/1083 1083/1/1083 1925/1/1083
f 1925/1/1083 1957/1/1083 1100/1/1083
f 1952/1/1082 1957/1/1082 1925/1/1082
f 1925/1/1082 1924/1/1082 1952/1/1082
f 1953/1/1081 1952/1/1081 1924/1/1081
f 1924/1/1081 1923/1/1081 1953/1/1081
f 1962/1/1544 1963/1/1544 1964/1/1544
f 1964/1/1544 1965/1/1544 1962/1/1544
f 1966/1/1543 1967/1/1543 1963/1/1543
f 1963/1/1543 1962/1/1543 1966/1/1543
f 1963/1/1820 1968/1/1820 1969/1/1820
f 1969/1/1820 1964/1/1820 1963/1/1820
f 1967/1/1545 1970/1/1545 1968/1/1545
f 1968/1/1545 1963/1/1545 1967/1/1545
f 1965/1/1821 1971/1/1821 601/1/1821
f 601/1/1821 600/1/1821 1965/1/1821
f 610/1/1551 1962/1/1551 1965/1/1551
f 1965/1/1551 600/1/1551 610/1/1551
f 610/1/1550 609/1/1550 1966/1/1550
f 1966/1/1550 1962/1/1550 610/1/1550
f 609/1/1549 581/1/1549 1935/1/1549
f 1935/1/1549 1966/1/1549 609/1/1549
f 1966/1/1564 1935/1/1564 1937/1/1564
f 1937/1/1564 1967/1/1564 1966/1/1564
f 1936/1/1563 1970/1/1563 1967/1/1563
f 1967/1/1563 1937/1/1563 1936/1/1563
f 1219/1/1822 1970/1/1822 1936/1/1822
f 1936/1/1823 1196/1/1823 1219/1/1823
f 1970/1/1560 1219/1/1560 1218/1/1560
f 1218/1/1560 1968/1/1560 1970/1/1560
f 1968/1/1559 1218/1/1559 1217/1/1559
f 1217/1/1559 1969/1/1559 1968/1/1559
f 1217/1/1557 1216/1/1557 1972/1/1557
f 1972/1/1557 1969/1/1557 1217/1/1557
f 1964/1/1824 1969/1/1824 1972/1/1824
f 1972/1/1556 1973/1/1556 1964/1/1556
f 1965/1/1825 1964/1/1825 1973/1/1825
f 1973/1/1825 1971/1/1825 1965/1/1825
f 1974/1/1689 1975/1/1689 1976/1/1689
f 1976/1/1689 1977/1/1689 1974/1/1689
f 1978/1/1687 1979/1/1687 1975/1/1687
f 1975/1/1826 1974/1/1826 1978/1/1826
f 1975/1/1693 1980/1/1693 1981/1/1693
f 1981/1/1693 1976/1/1693 1975/1/1693
f 1975/1/1691 1979/1/1691 1982/1/1691
f 1982/1/1691 1980/1/1691 1975/1/1691
f 1977/1/1698 1983/1/1698 81/1/1698
f 81/1/1698 80/1/1698 1977/1/1698
f 1977/1/1827 80/1/1827 90/1/1827
f 90/1/1697 1974/1/1697 1977/1/1697
f 1974/1/1828 90/1/1828 89/1/1828
f 89/1/1696 1978/1/1696 1974/1/1696
f 89/1/1695 61/1/1695 1947/1/1695
f 1947/1/1695 1978/1/1695 89/1/1695
f 1949/1/1708 1979/1/1708 1978/1/1708
f 1978/1/1708 1947/1/1708 1949/1/1708
f 1948/1/1707 1982/1/1707 1979/1/1707
f 1979/1/1707 1949/1/1707 1948/1/1707
f 699/1/1706 1982/1/1706 1948/1/1706
f 1948/1/1706 677/1/1706 699/1/1706
f 1982/1/1704 699/1/1704 698/1/1704
f 698/1/1704 1980/1/1704 1982/1/1704
f 1981/1/1703 1980/1/1703 698/1/1703
f 698/1/1703 697/1/1703 1981/1/1703
f 697/1/1702 696/1/1702 1984/1/1702
f 1984/1/1829 1981/1/1829 697/1/1829
f 1976/1/1701 1981/1/1701 1984/1/1701
f 1984/1/1701 1985/1/1701 1976/1/1701
f 1976/1/1700 1985/1/1700 1983/1/1700
f 1983/1/1700 1977/1/1700 1976/1/1700
f 1986/1/1135 1987/1/1135 1988/1/1135
f 1988/1/1135 1989/1/1135 1986/1/1135
f 1990/1/1134 1991/1/1134 1987/1/1134
f 1987/1/1134 1986/1/1134 1990/1/1134
f 1987/1/1830 1992/1/1830 1993/1/1830
f 1993/1/1831 1988/1/1831 1987/1/1831
f 1994/1/1832 1992/1/1832 1987/1/1832
f 1987/1/1832 1991/1/1832 1994/1/1832
f 1959/1/1833 486/1/1833 508/1/1833
f 508/1/1144 1989/1/1144 1959/1/1144
f 1989/1/1142 508/1/1142 507/1/1142
f 507/1/1142 1986/1/1142 1989/1/1142
f 1990/1/1834 1986/1/1834 507/1/1834
f 507/1/1141 505/1/1141 1990/1/1141
f 1995/1/1138 1990/1/1138 505/1/1138
f 505/1/1138 506/1/1138 1995/1/1138
f 1995/1/1155 1996/1/1155 1991/1/1155
f 1991/1/1155 1990/1/1155 1995/1/1155
f 1994/1/1153 1991/1/1153 1996/1/1153
f 1996/1/1153 1997/1/1153 1994/1/1153
f 1994/1/1152 1997/1/1152 1123/1/1152
f 1123/1/1152 1122/1/1152 1994/1/1152
f 1994/1/1835 1122/1/1835 1121/1/1835
f 1121/1/1836 1992/1/1836 1994/1/1836
f 1121/1/1837 1120/1/1837 1993/1/1837
f 1993/1/1150 1992/1/1150 1121/1/1150
f 1120/1/1148 1103/1/1148 1961/1/1148
f 1961/1/1148 1993/1/1148 1120/1/1148
f 1988/1/1838 1993/1/1838 1961/1/1838
f 1961/1/1838 1960/1/1838 1988/1/1838
f 1989/1/1145 1988/1/1145 1960/1/1145
f 1960/1/1145 1959/1/1145 1989/1/1145
f 1998/1/1839 1999/1/1839 2000/1/1839
f 2000/1/1840 2001/1/1840 1998/1/1840
f 2002/1/1573 2003/1/1573 1999/1/1573
f 1999/1/1573 1998/1/1573 2002/1/1573
f 1999/1/1841 2004/1/1841 2005/1/1841
f 2005/1/1577 2000/1/1577 1999/1/1577
f 2003/1/1576 2006/1/1576 2004/1/1576
f 2004/1/1576 1999/1/1576 2003/1/1576
f 2001/1/1583 2007/1/1583 621/1/1583
f 621/1/1583 620/1/1583 2001/1/1583
f 630/1/1582 1998/1/1582 2001/1/1582
f 2001/1/1582 620/1/1582 630/1/1582
f 630/1/1842 629/1/1842 2002/1/1842
f 2002/1/1842 1998/1/1842 630/1/1842
f 629/1/1843 601/1/1843 1971/1/1843
f 1971/1/1844 2002/1/1844 629/1/1844
f 2002/1/1593 1971/1/1593 1973/1/1593
f 1973/1/1593 2003/1/1593 2002/1/1593
f 1972/1/1592 2006/1/1592 2003/1/1592
f 2003/1/1592 1973/1/1592 1972/1/1592
f 1239/1/1591 2006/1/1591 1972/1/1591
f 1972/1/1591 1216/1/1591 1239/1/1591
f 2006/1/1589 1239/1/1589 1238/1/1589
f 1238/1/1845 2004/1/1845 2006/1/1845
f 2004/1/1588 1238/1/1588 1237/1/1588
f 1237/1/1588 2005/1/1588 2004/1/1588
f 1237/1/1587 1236/1/1587 2008/1/1587
f 2008/1/1587 2005/1/1587 1237/1/1587
f 2000/1/1586 2005/1/1586 2008/1/1586
f 2008/1/1586 2009/1/1586 2000/1/1586
f 2001/1/1585 2000/1/1585 2009/1/1585
f 2009/1/1585 2007/1/1585 2001/1/1585
f 2010/1/1846 2011/1/1846 2012/1/1846
f 2012/1/1846 2013/1/1846 2010/1/1846
f 2014/1/1717 2015/1/1717 2011/1/1717
f 2011/1/1717 2010/1/1717 2014/1/1717
f 2011/1/1721 2016/1/1721 2017/1/1721
f 2017/1/1721 2012/1/1721 2011/1/1721
f 2011/1/1720 2015/1/1720 2018/1/1720
f 2018/1/1720 2016/1/1720 2011/1/1720
f 2013/1/1847 2019/1/1847 101/1/1847
f 101/1/1848 100/1/1848 2013/1/1848
f 2013/1/1725 100/1/1725 110/1/1725
f 110/1/1725 2010/1/1725 2013/1/1725
f 2014/1/1724 2010/1/1724 110/1/1724
f 110/1/1724 109/1/1724 2014/1/1724
f 109/1/1723 81/1/1723 1983/1/1723
f 1983/1/1723 2014/1/1723 109/1/1723
f 1985/1/1849 2015/1/1850 2014/1/1850
f 2014/1/1735 1983/1/1735 1985/1/1735
f 1984/1/1851 2018/1/1851 2015/1/1851
f 2015/1/1734 1985/1/1734 1984/1/1734
f 719/1/1733 2018/1/1733 1984/1/1733
f 1984/1/1733 696/1/1733 719/1/1733
f 2018/1/1732 719/1/1732 718/1/1732
f 718/1/1732 2016/1/1732 2018/1/1732
f 718/1/1731 717/1/1731 2017/1/1731
f 2017/1/1731 2016/1/1731 718/1/1731
f 717/1/1730 716/1/1730 2020/1/1730
f 2020/1/1730 2017/1/1730 717/1/1730
f 2012/1/1729 2017/1/1729 2020/1/1729
f 2020/1/1729 2021/1/1729 2012/1/1729
f 2012/1/1728 2021/1/1728 2019/1/1728
f 2019/1/1728 2013/1/1728 2012/1/1728
f 2022/1/1197 2023/1/1197 2024/1/1197
f 2024/1/1852 2025/1/1852 2022/1/1852
f 2026/1/1196 2027/1/1196 2023/1/1196
f 2023/1/1853 2022/1/1853 2026/1/1853
f 2023/1/1854 2028/1/1854 2029/1/1854
f 2029/1/1854 2024/1/1854 2023/1/1854
f 2030/1/1198 2028/1/1198 2023/1/1198
f 2023/1/1198 2027/1/1198 2030/1/1198
f 1995/1/1205 506/1/1205 528/1/1205
f 528/1/1855 2025/1/1855 1995/1/1855
f 2025/1/1203 528/1/1203 527/1/1203
f 527/1/1203 2022/1/1203 2025/1/1203
f 2026/1/1202 2022/1/1202 527/1/1202
f 527/1/1202 525/1/1202 2026/1/1202
f 525/1/1856 526/1/1856 1290/1/1856
f 1290/1/1200 2026/1/1200 525/1/1200
f 1295/1/1215 2027/1/1215 2026/1/1215
f 2026/1/1215 1290/1/1215 1295/1/1215
f 2030/1/1857 2027/1/1857 1295/1/1857
f 1295/1/1857 1294/1/1857 2030/1/1857
f 2030/1/1212 1294/1/1212 1143/1/1212
f 1143/1/1212 1142/1/1212 2030/1/1212
f 2030/1/1858 1142/1/1858 1141/1/1858
f 1141/1/1211 2028/1/1211 2030/1/1211
f 1141/1/1859 1140/1/1859 2029/1/1859
f 2029/1/1210 2028/1/1210 1141/1/1210
f 1140/1/1208 1123/1/1208 1997/1/1208
f 1997/1/1860 2029/1/1860 1140/1/1860
f 2024/1/1207 2029/1/1207 1997/1/1207
f 1997/1/1207 1996/1/1207 2024/1/1207
f 2025/1/1206 2024/1/1206 1996/1/1206
f 1996/1/1206 1995/1/1206 2025/1/1206
f 2031/1/1861 2032/1/1861 2033/1/1861
f 2033/1/1600 2034/1/1600 2031/1/1600
f 2035/1/1599 2036/1/1599 2032/1/1599
f 2032/1/1599 2031/1/1599 2035/1/1599
f 2032/1/1603 2037/1/1603 2038/1/1603
f 2038/1/1603 2033/1/1603 2032/1/1603
f 2036/1/1862 2039/1/1862 2037/1/1862
f 2037/1/1602 2032/1/1602 2036/1/1602
f 2034/1/1610 1306/1/1610 641/1/1610
f 641/1/1863 640/1/1863 2034/1/1863
f 650/1/1608 2031/1/1608 2034/1/1608
f 2034/1/1608 640/1/1608 650/1/1608
f 650/1/1607 649/1/1607 2035/1/1607
f 2035/1/1607 2031/1/1607 650/1/1607
f 649/1/1864 621/1/1864 2007/1/1864
f 2007/1/1864 2035/1/1864 649/1/1864
f 2035/1/1619 2007/1/1619 2009/1/1619
f 2009/1/1619 2036/1/1619 2035/1/1619
f 2008/1/1865 2039/1/1865 2036/1/1865
f 2036/1/1618 2009/1/1618 2008/1/1618
f 1259/1/1617 2039/1/1617 2008/1/1617
f 2008/1/1617 1236/1/1617 1259/1/1617
f 2039/1/1615 1259/1/1615 1258/1/1615
f 1258/1/1615 2037/1/1615 2039/1/1615
f 2037/1/1614 1258/1/1614 1257/1/1614
f 1257/1/1614 2038/1/1614 2037/1/1614
f 1257/1/1613 1256/1/1613 1308/1/1613
f 1308/1/1866 2038/1/1866 1257/1/1866
f 2038/1/1612 1308/1/1612 1307/1/1612
f 1307/1/1612 2033/1/1612 2038/1/1612
f 2034/1/1611 2033/1/1611 1307/1/1611
f 1307/1/1611 1306/1/1611 2034/1/1611
f 2040/1/1747 2041/1/1747 2042/1/1747
f 2042/1/1747 2043/1/1747 2040/1/1747
f 2044/1/1867 2045/1/1867 2041/1/1867
f 2041/1/1868 2040/1/1868 2044/1/1868
f 2041/1/1750 2046/1/1750 2047/1/1750
f 2047/1/1750 2042/1/1750 2041/1/1750
f 2041/1/1748 2045/1/1748 2048/1/1748
f 2048/1/1749 2046/1/1749 2041/1/1749
f 2043/1/1756 1321/1/1756 121/1/1756
f 121/1/1756 120/1/1756 2043/1/1756
f 2043/1/1755 120/1/1755 130/1/1755
f 130/1/1755 2040/1/1755 2043/1/1755
f 2044/1/1869 2040/1/1869 130/1/1869
f 130/1/1754 129/1/1754 2044/1/1754
f 129/1/1870 101/1/1870 2019/1/1870
f 2019/1/1871 2044/1/1871 129/1/1871
f 2021/1/1767 2045/1/1767 2044/1/1767
f 2044/1/1767 2019/1/1767 2021/1/1767
f 2020/1/1765 2048/1/1765 2045/1/1765
f 2045/1/1872 2021/1/1872 2020/1/1872
f 739/1/1763 2048/1/1763 2020/1/1763
f 2020/1/1873 716/1/1873 739/1/1873
f 2048/1/1762 739/1/1762 738/1/1762
f 738/1/1762 2046/1/1762 2048/1/1762
f 738/1/1761 737/1/1761 2047/1/1761
f 2047/1/1761 2046/1/1761 738/1/1761
f 737/1/1759 736/1/1759 1323/1/1759
f 1323/1/1759 2047/1/1759 737/1/1759
f 1323/1/1758 1322/1/1758 2042/1/1758
f 2042/1/1758 2047/1/1758 1323/1/1758
f 2043/1/1757 2042/1/1757 1322/1/1757
f 1322/1/1757 1321/1/1757 2043/1/1757
o C_rculo_006_C_rculo_007
v 0.009918 -0.054165 -0.396080
v 0.081818 -0.023365 -0.388380
v 0.150918 0.006135 -0.365580
v 0.214618 0.033435 -0.328580
v 0.270518 0.057335 -0.278680
v 0.316318 0.076935 -0.217980
v 0.350418 0.091535 -0.148680
v 0.371318 0.100435 -0.073480
v 0.378418 0.103535 0.004720
v 0.371318 0.100435 0.082920
v 0.350418 0.091535 0.158120
v 0.316318 0.076935 0.227420
v 0.270518 0.057335 0.288220
v 0.214618 0.033435 0.338020
v 0.150918 0.006135 0.375120
v 0.081818 -0.023365 0.397920
v 0.009918 -0.054165 0.405620
v -0.061982 -0.084965 0.397920
v -0.131182 -0.114465 0.375120
v -0.194882 -0.141765 0.338020
v -0.250682 -0.165665 0.288220
v -0.296582 -0.185265 0.227420
v -0.330582 -0.199865 0.158120
v -0.351582 -0.208765 0.082920
v -0.358682 -0.211865 0.004720
v -0.351582 -0.208765 -0.073480
v -0.330582 -0.199865 -0.148680
v -0.296582 -0.185265 -0.217980
v -0.250682 -0.165665 -0.278680
v -0.061982 -0.084965 -0.388380
v -0.194882 -0.141765 -0.328580
v -0.131182 -0.114465 -0.365580
v -0.299882 -0.329665 0.082920
v -0.253282 -0.348865 0.075920
v -0.259682 -0.351665 0.004720
v -0.306882 -0.332765 0.004720
v -0.079382 -0.235365 0.375120
v -0.143182 -0.262665 0.338020
v 0.061618 -0.175065 -0.396080
v -0.010282 -0.205765 -0.388380
v 0.322218 -0.063565 -0.278680
v 0.368018 -0.043965 -0.217980
v -0.010282 -0.205765 0.397920
v -0.079382 -0.235365 -0.365580
v 0.266418 -0.087465 -0.328580
v 0.061618 -0.175065 0.405620
v -0.143182 -0.262665 -0.328580
v 0.202618 -0.114665 -0.365580
v 0.133518 -0.144265 0.397920
v -0.198982 -0.286565 -0.278680
v 0.133518 -0.144265 -0.388380
v 0.202618 -0.114665 0.375120
v -0.244782 -0.306165 -0.217980
v 0.266418 -0.087465 0.338020
v -0.278882 -0.320765 -0.148680
v 0.322218 -0.063565 0.288220
v -0.299882 -0.329665 -0.073480
v 0.368018 -0.043965 0.227420
v 0.402118 -0.029365 0.158120
v 0.423118 -0.020365 0.082920
v -0.278882 -0.320765 0.158120
v 0.430118 -0.017365 0.004720
v -0.244782 -0.306165 0.227420
v 0.423118 -0.020365 -0.073480
v -0.198982 -0.286565 0.288220
v 0.402118 -0.029365 -0.148680
v -0.161482 -0.309565 0.262820
v -0.173082 -0.335665 0.283720
v -0.218182 -0.354965 0.223920
v -0.203182 -0.327465 0.207520
v 0.404818 -0.067365 0.075920
v 0.385718 -0.075465 0.144420
v -0.234182 -0.340765 0.144420
v 0.411218 -0.064565 0.004720
v 0.404818 -0.067365 -0.066380
v 0.385718 -0.075465 -0.134880
v -0.110582 -0.287865 0.308120
v 0.354718 -0.088765 -0.197980
v -0.052582 -0.263065 0.341920
v 0.010318 -0.236165 -0.353180
v 0.075718 -0.208165 -0.360180
v 0.313018 -0.106665 -0.253280
v 0.010318 -0.236165 0.362620
v -0.052582 -0.263065 -0.332380
v 0.262118 -0.128365 -0.298680
v 0.075718 -0.208165 0.369620
v -0.110582 -0.287865 -0.298680
v 0.204118 -0.153165 -0.332380
v 0.141218 -0.180065 0.362620
v -0.161482 -0.309565 -0.253280
v 0.141218 -0.180065 -0.353180
v 0.204118 -0.153165 0.341920
v -0.203182 -0.327465 -0.197980
v 0.262118 -0.128365 0.308120
v -0.234182 -0.340765 -0.134880
v 0.313018 -0.106665 0.262820
v -0.253282 -0.348865 -0.066380
v 0.354718 -0.088765 0.207520
v -0.055382 -0.285265 0.369220
v 0.012618 -0.256165 0.391620
v 0.072218 -0.395565 0.391620
v 0.004218 -0.424665 0.369220
v 0.418418 -0.082565 -0.146180
v 0.439118 -0.073765 -0.072180
v -0.118082 -0.312165 0.332720
v 0.384918 -0.096965 -0.214380
v 0.012618 -0.256165 -0.382080
v 0.083418 -0.225965 -0.389680
v 0.339818 -0.116265 -0.274180
v -0.055382 -0.285265 -0.359680
v 0.284918 -0.139765 -0.323180
v 0.083418 -0.225965 0.399220
v -0.118082 -0.312165 -0.323180
v 0.222218 -0.166565 -0.359680
v 0.154118 -0.195665 0.391620
v -0.173082 -0.335665 -0.274180
v 0.154118 -0.195665 -0.382080
v 0.222218 -0.166565 0.369220
v -0.218182 -0.354965 -0.214380
v 0.284918 -0.139765 0.332720
v -0.251682 -0.369265 -0.146180
v 0.339818 -0.116265 0.283720
v -0.272282 -0.378065 -0.072180
v 0.384918 -0.096965 0.223920
v -0.279282 -0.381065 0.004720
v 0.418418 -0.082565 0.155720
v -0.272282 -0.378065 0.081720
v 0.439118 -0.073765 0.081720
v -0.251682 -0.369265 0.155720
v 0.446018 -0.070765 0.004720
v 0.281818 -0.305965 0.369220
v 0.283318 -0.350665 0.330220
v 0.222618 -0.376665 0.350220
v 0.213818 -0.335065 0.391620
v 0.004218 -0.424665 -0.359680
v 0.072218 -0.395565 -0.382080
v 0.344518 -0.279065 -0.323180
v 0.399418 -0.255565 -0.274180
v 0.143018 -0.365265 0.399220
v -0.058482 -0.451465 -0.323180
v 0.281818 -0.305965 -0.359680
v -0.113382 -0.475065 -0.274180
v 0.213818 -0.335065 -0.382080
v -0.158482 -0.494365 -0.214380
v 0.143018 -0.365265 -0.389680
v 0.344518 -0.279065 0.332720
v -0.192082 -0.508665 -0.146180
v 0.399418 -0.255565 0.283720
v -0.212682 -0.517465 -0.072180
v 0.444518 -0.236265 0.223920
v -0.219682 -0.520465 0.004720
v 0.478118 -0.221965 0.155720
v -0.212682 -0.517465 0.081720
v 0.498718 -0.213165 0.081720
v -0.192082 -0.508665 0.155720
v 0.505718 -0.210165 0.004720
v -0.158482 -0.494365 0.223920
v 0.498718 -0.213165 -0.072180
v -0.113382 -0.475065 0.283720
v 0.478118 -0.221965 -0.146180
v -0.058482 -0.451465 0.332720
v 0.444518 -0.236265 -0.214380
v 0.428718 -0.288465 0.200420
v 0.479518 -0.320165 0.223320
v 0.434518 -0.339365 0.282920
v 0.388418 -0.305665 0.253820
v -0.109882 -0.518865 -0.190980
v -0.069582 -0.501665 -0.244280
v 0.222618 -0.376665 -0.340780
v 0.159418 -0.403665 -0.347480
v 0.339318 -0.326665 0.297620
v -0.139782 -0.531665 -0.130080
v -0.158182 -0.539565 -0.063980
v -0.164482 -0.542165 0.004720
v 0.458618 -0.275665 0.139520
v -0.158182 -0.539565 0.073520
v 0.477018 -0.267765 0.073520
v -0.139782 -0.531665 0.139520
v 0.483318 -0.265065 0.004720
v -0.109882 -0.518865 0.200420
v 0.477018 -0.267765 -0.063980
v -0.069582 -0.501665 0.253820
v 0.458618 -0.275665 -0.130080
v -0.020482 -0.480665 0.297620
v 0.428718 -0.288465 -0.190980
v 0.035518 -0.456665 0.330220
v 0.096218 -0.430665 -0.340780
v 0.388418 -0.305665 -0.244280
v 0.096218 -0.430665 0.350220
v 0.035518 -0.456665 -0.320680
v 0.339318 -0.326665 -0.288180
v 0.159418 -0.403665 0.357020
v -0.020482 -0.480665 -0.288180
v 0.283318 -0.350665 -0.320680
v 0.599418 -0.431765 0.004720
v 0.592418 -0.434765 0.081520
v 0.533518 -0.297065 0.081520
v 0.540418 -0.294065 0.004720
v -0.175982 -0.600565 -0.071980
v -0.182982 -0.603565 0.004720
v 0.512918 -0.305865 0.155320
v -0.175982 -0.600565 0.081520
v -0.155482 -0.591765 0.155320
v -0.121982 -0.577465 0.223320
v 0.533518 -0.297065 -0.071980
v -0.076982 -0.558265 0.282920
v 0.512918 -0.305865 -0.145780
v -0.022182 -0.534765 0.331920
v 0.479518 -0.320165 -0.213780
v 0.040318 -0.508065 0.368220
v 0.108218 -0.478965 -0.381080
v 0.178718 -0.448865 -0.388680
v 0.434518 -0.339365 -0.273480
v 0.108218 -0.478965 0.390620
v 0.040318 -0.508065 -0.358680
v 0.379718 -0.362865 -0.322380
v 0.178718 -0.448865 0.398220
v -0.022182 -0.534765 -0.322380
v 0.317218 -0.389565 -0.358680
v 0.249318 -0.418665 0.390620
v -0.076982 -0.558265 -0.273480
v 0.249318 -0.418665 -0.381080
v 0.317218 -0.389565 0.368220
v -0.121982 -0.577465 -0.213780
v 0.379718 -0.362865 0.331920
v -0.155482 -0.591765 -0.145780
v 0.538418 -0.457865 -0.213780
v 0.522418 -0.537765 -0.183180
v 0.551718 -0.527065 -0.124680
v 0.571818 -0.443565 -0.145780
v -0.063082 -0.715165 0.223320
v -0.096482 -0.729465 0.155320
v 0.592418 -0.434765 -0.071980
v -0.018082 -0.695965 0.282920
v 0.036718 -0.672465 0.331920
v 0.099218 -0.645765 0.368220
v 0.167118 -0.616765 -0.381080
v 0.237618 -0.586565 -0.388680
v 0.493418 -0.477065 -0.273480
v 0.167118 -0.616765 0.390620
v 0.099218 -0.645765 -0.358680
v 0.438618 -0.500565 -0.322380
v 0.237618 -0.586565 0.398220
v 0.036718 -0.672465 -0.322380
v 0.376118 -0.527265 -0.358680
v 0.308218 -0.556365 0.390620
v -0.018082 -0.695965 -0.273480
v 0.308218 -0.556365 -0.381080
v 0.376118 -0.527265 0.368220
v -0.063082 -0.715165 -0.213780
v 0.438618 -0.500565 0.331920
v -0.096482 -0.729465 -0.145780
v 0.493418 -0.477065 0.282920
v -0.117082 -0.738265 -0.071980
v 0.538418 -0.457865 0.223320
v -0.124082 -0.741265 0.004720
v 0.571818 -0.443565 0.155320
v -0.117082 -0.738265 0.081520
v 0.631118 -0.541865 0.080720
v 0.610318 -0.549565 0.153820
v 0.551718 -0.527065 0.134220
v 0.569818 -0.520465 0.070720
v 0.136718 -0.679265 0.317320
v 0.081718 -0.699365 0.286120
v 0.196318 -0.657365 -0.327080
v 0.258218 -0.634665 -0.333580
v 0.482918 -0.552265 -0.234480
v 0.196318 -0.657365 0.336620
v 0.136718 -0.679265 -0.307880
v 0.434718 -0.569965 -0.276580
v 0.258218 -0.634665 0.343120
v 0.081718 -0.699365 -0.276580
v 0.379818 -0.590065 -0.307880
v 0.320218 -0.611965 0.336620
v 0.033618 -0.716965 -0.234480
v 0.320218 -0.611965 -0.327080
v 0.379818 -0.590065 0.317320
v -0.005882 -0.731465 -0.183180
v 0.434718 -0.569965 0.286120
v -0.035282 -0.742265 -0.124680
v 0.482918 -0.552265 0.244020
v -0.053282 -0.748865 -0.061280
v 0.522418 -0.537765 0.192720
v -0.059382 -0.751065 0.004720
v -0.053282 -0.748865 0.070720
v -0.035282 -0.742265 0.134220
v 0.575918 -0.518165 0.004720
v -0.005882 -0.731465 0.192720
v 0.569818 -0.520465 -0.061280
v 0.033618 -0.716965 0.244020
v 0.610318 -0.549565 -0.144280
v 0.658618 -0.681465 -0.144280
v 0.679418 -0.673765 -0.071180
v 0.631118 -0.541865 -0.071180
v -0.065382 -0.797265 0.153820
v -0.086182 -0.804865 0.080720
v 0.638118 -0.539265 0.004720
v -0.031582 -0.784865 0.221120
v 0.013918 -0.768165 0.280120
v 0.069318 -0.747865 0.328620
v 0.576518 -0.561865 -0.211580
v 0.132518 -0.724665 0.364620
v 0.201118 -0.699565 -0.377280
v 0.272418 -0.673365 -0.384680
v 0.531018 -0.578565 -0.270680
v 0.201118 -0.699565 0.386720
v 0.132518 -0.724665 -0.355080
v 0.475618 -0.598865 -0.319080
v 0.272418 -0.673365 0.394220
v 0.069318 -0.747865 -0.319080
v 0.412418 -0.622065 -0.355080
v 0.343818 -0.647265 0.386720
v 0.013918 -0.768165 -0.270680
v 0.343818 -0.647265 -0.377280
v 0.412418 -0.622065 0.364620
v -0.031582 -0.784865 -0.211580
v 0.475618 -0.598865 0.328620
v -0.065382 -0.797265 -0.144280
v 0.531018 -0.578565 0.280120
v -0.086182 -0.804865 -0.071180
v 0.576518 -0.561865 0.221120
v -0.093282 -0.807465 0.004720
v 0.567018 -0.792965 -0.231080
v 0.579418 -0.710465 -0.270680
v 0.524018 -0.730865 -0.319080
v 0.518618 -0.807565 -0.272480
v 0.117618 -0.879765 0.328620
v 0.062218 -0.900065 0.280120
v 0.624818 -0.693865 -0.211580
v 0.180918 -0.856565 0.364620
v 0.249518 -0.831465 -0.377280
v 0.320818 -0.805265 -0.384680
v 0.249518 -0.831465 0.386720
v 0.180918 -0.856565 -0.355080
v 0.320818 -0.805265 0.394220
v 0.117618 -0.879765 -0.319080
v 0.460718 -0.753965 -0.355080
v 0.392118 -0.779165 0.386720
v 0.062218 -0.900065 -0.270680
v 0.392118 -0.779165 -0.377280
v 0.460718 -0.753965 0.364620
v 0.016718 -0.916765 -0.211580
v 0.524018 -0.730865 0.328620
v -0.017082 -0.929165 -0.144280
v 0.579418 -0.710465 0.280120
v -0.037882 -0.936765 -0.071180
v 0.624818 -0.693865 0.221120
v -0.044882 -0.939365 0.004720
v 0.658618 -0.681465 0.153820
v -0.037882 -0.936765 0.080720
v 0.679418 -0.673765 0.080720
v -0.017082 -0.929165 0.153820
v 0.686518 -0.671265 0.004720
v 0.016718 -0.916765 0.221120
v 0.352618 -0.898865 -0.372380
v 0.423118 -0.877565 -0.365180
v 0.403518 -0.842265 -0.322280
v 0.341218 -0.861065 -0.328680
v 0.341218 -0.861065 0.338220
v 0.278918 -0.879765 0.331820
v 0.163818 -0.914465 -0.272480
v 0.219018 -0.897865 -0.303280
v 0.463418 -0.824165 -0.303280
v 0.403518 -0.842265 0.331820
v 0.115518 -0.929065 -0.231080
v 0.463418 -0.824165 0.312820
v 0.075818 -0.941065 -0.180480
v 0.518618 -0.807565 0.282020
v 0.046318 -0.949965 -0.122880
v 0.567018 -0.792965 0.240520
v 0.028118 -0.955365 -0.060280
v 0.606718 -0.781065 0.190020
v 0.021918 -0.957265 0.004720
v 0.636218 -0.772165 0.132320
v 0.028118 -0.955365 0.069820
v 0.654418 -0.766665 0.069820
v 0.046318 -0.949965 0.132320
v 0.660518 -0.764765 0.004720
v 0.075818 -0.941065 0.190020
v 0.654418 -0.766665 -0.060280
v 0.115518 -0.929065 0.240520
v 0.636218 -0.772165 -0.122880
v 0.163818 -0.914465 0.282020
v 0.606718 -0.781065 -0.180480
v 0.219018 -0.897865 0.312820
v 0.278918 -0.879765 -0.322280
v 0.686218 -0.798265 0.149120
v 0.723518 -0.921965 0.149120
v 0.690118 -0.932065 0.214320
v 0.652918 -0.808365 0.214320
v 0.553218 -0.838365 0.318320
v 0.490818 -0.857165 0.353220
v 0.052418 -0.989365 -0.204780
v 0.019018 -0.999365 -0.139580
v 0.608018 -0.821865 0.271420
v -0.001482 -1.005565 -0.068780
v -0.008482 -1.007665 0.004720
v -0.001482 -1.005565 0.078320
v 0.706818 -0.792065 0.078320
v 0.019018 -0.999365 0.149120
v 0.713718 -0.789965 0.004720
v 0.052418 -0.989365 0.214320
v 0.706818 -0.792065 -0.068780
v 0.097318 -0.975765 0.271420
v 0.686218 -0.798265 -0.139580
v 0.152018 -0.959265 0.318320
v 0.652918 -0.808365 -0.204780
v 0.214418 -0.940465 0.353220
v 0.282218 -0.920065 -0.365180
v 0.608018 -0.821865 -0.261880
v 0.282218 -0.920065 0.374620
v 0.214418 -0.940465 -0.343680
v 0.553218 -0.838365 -0.308780
v 0.352618 -0.898865 0.381920
v 0.152018 -0.959265 -0.308780
v 0.490818 -0.857165 -0.343680
v 0.423118 -0.877565 0.374620
v 0.097318 -0.975765 -0.261880
v 0.712118 -1.001365 0.004720
v 0.751018 -0.913665 0.004720
v 0.744118 -0.915765 -0.068780
v 0.706218 -1.002665 -0.056780
v 0.035718 -1.129265 0.078320
v 0.028818 -1.131365 0.004720
v 0.744118 -0.915765 0.078320
v 0.056318 -1.123065 0.149120
v 0.089718 -1.112965 0.214320
v 0.134618 -1.099465 0.271420
v 0.723518 -0.921965 -0.139580
v 0.189318 -1.082965 0.318320
v 0.690118 -0.932065 -0.204780
v 0.251718 -1.064165 0.353220
v 0.389918 -1.022565 -0.372380
v 0.319518 -1.043765 -0.365180
v 0.645218 -0.945565 -0.261880
v 0.319518 -1.043765 0.374620
v 0.251718 -1.064165 -0.343680
v 0.590518 -0.962065 -0.308780
v 0.389918 -1.022565 0.381920
v 0.189318 -1.082965 -0.308780
v 0.528118 -0.980865 -0.343680
v 0.460318 -1.001265 0.374620
v 0.134618 -1.099465 -0.261880
v 0.460318 -1.001265 -0.365180
v 0.528118 -0.980865 0.353220
v 0.089718 -1.112965 -0.204780
v 0.590518 -0.962065 0.318320
v 0.056318 -1.123065 -0.139580
v 0.645218 -0.945565 0.271420
v 0.035718 -1.129265 -0.068780
v 0.403618 -1.067865 -0.310880
v 0.343418 -1.080865 -0.304780
v 0.346418 -1.140465 -0.352880
v 0.416018 -1.125465 -0.359880
v 0.185418 -1.114965 0.227920
v 0.147018 -1.123165 0.180120
v 0.688618 -1.006465 -0.115980
v 0.232218 -1.104865 0.267220
v 0.660118 -1.012565 -0.170580
v 0.285518 -1.093365 0.296320
v 0.621718 -1.020865 -0.218380
v 0.343418 -1.080865 0.314320
v 0.285518 -1.093365 -0.286780
v 0.575018 -1.030965 -0.257680
v 0.403618 -1.067865 0.320320
v 0.232218 -1.104865 -0.257680
v 0.521618 -1.042465 -0.286780
v 0.463818 -1.054965 0.314320
v 0.185418 -1.114965 -0.218380
v 0.463818 -1.054965 -0.304780
v 0.521618 -1.042465 0.296320
v 0.147018 -1.123165 -0.170580
v 0.575018 -1.030965 0.267220
v 0.118518 -1.129365 -0.115980
v 0.621718 -1.020865 0.227920
v 0.101018 -1.133165 -0.056780
v 0.660118 -1.012565 0.180120
v 0.095118 -1.134365 0.004720
v 0.688618 -1.006465 0.125520
v 0.101018 -1.133165 0.066320
v 0.706218 -1.002665 0.066320
v 0.118518 -1.129365 0.125520
v 0.163918 -1.179765 -0.253080
v 0.191118 -1.305765 -0.253080
v 0.245118 -1.294165 -0.298480
v 0.217918 -1.168165 -0.298480
v 0.668118 -1.071065 -0.253080
v 0.712418 -1.061565 -0.197880
v 0.346418 -1.140465 0.362420
v 0.279618 -1.154865 0.341720
v 0.279618 -1.154865 -0.332180
v 0.614018 -1.082765 -0.298480
v 0.416018 -1.125465 0.369420
v 0.552418 -1.096065 -0.332180
v 0.485518 -1.110465 0.362420
v 0.485518 -1.110465 -0.352880
v 0.552418 -1.096065 0.341720
v 0.119618 -1.189365 -0.197880
v 0.614018 -1.082765 0.308020
v 0.086618 -1.196465 -0.134780
v 0.668118 -1.071065 0.262620
v 0.066318 -1.200865 -0.066380
v 0.712418 -1.061565 0.207320
v 0.059518 -1.202365 0.004720
v 0.745318 -1.054465 0.144320
v 0.066318 -1.200865 0.075920
v 0.765618 -1.050065 0.075920
v 0.086618 -1.196465 0.144320
v 0.772518 -1.048565 0.004720
v 0.119618 -1.189365 0.207320
v 0.765618 -1.050065 -0.066380
v 0.163918 -1.179765 0.262620
v 0.745318 -1.054465 -0.134780
v 0.217918 -1.168165 0.308020
v 0.153318 -1.328465 -0.054880
v 0.170418 -1.325465 -0.112180
v 0.113818 -1.322465 -0.134780
v 0.093518 -1.326765 -0.066380
v 0.512718 -1.236465 -0.352880
v 0.579618 -1.221965 -0.332180
v 0.579618 -1.221965 0.341720
v 0.512718 -1.236465 0.362420
v 0.146718 -1.315365 -0.197880
v 0.443118 -1.251465 -0.359880
v 0.641218 -1.208665 0.308020
v 0.695218 -1.197065 0.262620
v 0.739618 -1.187465 0.207320
v 0.086618 -1.328265 0.004720
v 0.772518 -1.180365 0.144320
v 0.093518 -1.326765 0.075920
v 0.792818 -1.176065 0.075920
v 0.113818 -1.322465 0.144320
v 0.799618 -1.174565 0.004720
v 0.146718 -1.315365 0.207320
v 0.792818 -1.176065 -0.066380
v 0.191118 -1.305765 0.262620
v 0.772518 -1.180365 -0.134780
v 0.245118 -1.294165 0.308020
v 0.739618 -1.187465 -0.197880
v 0.306718 -1.280865 0.341720
v 0.373618 -1.266365 -0.352880
v 0.695218 -1.197065 -0.253080
v 0.373618 -1.266365 0.362420
v 0.306718 -1.280865 -0.332180
v 0.641218 -1.208665 -0.298480
v 0.443118 -1.251465 0.369420
v 0.170418 -1.325465 0.121720
v 0.130518 -1.366365 0.140920
v 0.110618 -1.369865 0.074220
v 0.153318 -1.328465 0.064420
v 0.699118 -1.233765 0.174620
v 0.661718 -1.240265 0.220920
v 0.147518 -1.329465 0.004720
v 0.727018 -1.228965 0.121720
v 0.744118 -1.225965 0.064420
v 0.749918 -1.224965 0.004720
v 0.198318 -1.320665 0.174620
v 0.744118 -1.225965 -0.054880
v 0.235718 -1.314165 0.220920
v 0.727018 -1.228965 -0.112180
v 0.281418 -1.306265 0.258920
v 0.699118 -1.233765 -0.165080
v 0.333418 -1.297165 0.287220
v 0.389918 -1.287365 -0.295080
v 0.448718 -1.277165 -0.300880
v 0.661718 -1.240265 -0.211380
v 0.389918 -1.287365 0.304620
v 0.333418 -1.297165 -0.277680
v 0.616018 -1.248165 -0.249380
v 0.448718 -1.277165 0.310420
v 0.281418 -1.306265 -0.249380
v 0.564018 -1.257265 -0.277680
v 0.507518 -1.267065 0.304620
v 0.235718 -1.314165 -0.211380
v 0.507518 -1.267065 -0.295080
v 0.564018 -1.257265 0.287220
v 0.198318 -1.320665 -0.165080
v 0.616018 -1.248165 0.258920
v 0.259718 -1.343965 0.300620
v 0.281318 -1.468965 0.300620
v 0.228218 -1.478165 0.256320
v 0.206518 -1.353265 0.256320
v 0.805018 -1.249465 0.004720
v 0.798318 -1.250565 0.074220
v 0.162918 -1.360765 0.202420
v 0.798318 -1.250565 -0.064680
v 0.778318 -1.254065 -0.131380
v 0.745918 -1.259665 -0.192880
v 0.320318 -1.333465 0.333520
v 0.386018 -1.322065 -0.344180
v 0.454418 -1.310265 -0.351080
v 0.702318 -1.267265 -0.246880
v 0.386018 -1.322065 0.353720
v 0.320318 -1.333465 -0.323980
v 0.649218 -1.276465 -0.291080
v 0.454418 -1.310265 0.360620
v 0.259718 -1.343965 -0.291080
v 0.588618 -1.286965 -0.323980
v 0.522818 -1.298365 0.353720
v 0.206518 -1.353265 -0.246880
v 0.522818 -1.298365 -0.344180
v 0.588618 -1.286965 0.333520
v 0.162918 -1.360765 -0.192880
v 0.649218 -1.276465 0.300620
v 0.130518 -1.366365 -0.131380
v 0.702318 -1.267265 0.256320
v 0.110618 -1.369865 -0.064680
v 0.745918 -1.259665 0.202420
v 0.103818 -1.371065 0.004720
v 0.778318 -1.254065 0.140920
v 0.476118 -1.435165 0.360620
v 0.484518 -1.483865 0.314820
v 0.424218 -1.487365 0.308820
v 0.407718 -1.446965 0.353720
v 0.767618 -1.384565 -0.192880
v 0.800018 -1.378965 -0.131380
v 0.341918 -1.458365 0.333520
v 0.407718 -1.446965 -0.344180
v 0.476118 -1.435165 -0.351080
v 0.724018 -1.392165 -0.246880
v 0.341918 -1.458365 -0.323980
v 0.670918 -1.401365 -0.291080
v 0.281318 -1.468965 -0.291080
v 0.610218 -1.411865 -0.323980
v 0.544518 -1.423265 0.353720
v 0.228218 -1.478165 -0.246880
v 0.544518 -1.423265 -0.344180
v 0.610218 -1.411865 0.333520
v 0.184618 -1.485665 -0.192880
v 0.670918 -1.401365 0.300620
v 0.152218 -1.491265 -0.131380
v 0.724018 -1.392165 0.256320
v 0.132218 -1.494765 -0.064680
v 0.767618 -1.384565 0.202420
v 0.125518 -1.495965 0.004720
v 0.800018 -1.378965 0.140920
v 0.132218 -1.494765 0.074220
v 0.819918 -1.375565 0.074220
v 0.152218 -1.491265 0.140920
v 0.826718 -1.374365 0.004720
v 0.184618 -1.485665 0.202420
v 0.819918 -1.375565 -0.064680
v 0.656518 -1.474165 0.262520
v 0.680618 -1.496465 0.296620
v 0.620018 -1.499865 0.329020
v 0.603018 -1.477165 0.291220
v 0.312618 -1.493665 -0.253080
v 0.366118 -1.490665 -0.281680
v 0.603018 -1.477165 -0.281680
v 0.656518 -1.474165 -0.253080
v 0.544918 -1.480465 0.308820
v 0.265718 -1.496365 -0.214480
v 0.544918 -1.480465 -0.299380
v 0.227218 -1.498565 -0.167480
v 0.484518 -1.483865 -0.305280
v 0.198618 -1.500165 -0.113880
v 0.703418 -1.471465 0.224020
v 0.180918 -1.501165 -0.055680
v 0.741918 -1.469265 0.177020
v 0.175018 -1.501565 0.004720
v 0.770518 -1.467665 0.123420
v 0.180918 -1.501165 0.065220
v 0.788118 -1.466665 0.065220
v 0.198618 -1.500165 0.123420
v 0.794118 -1.466265 0.004720
v 0.227218 -1.498565 0.177020
v 0.788118 -1.466665 -0.055680
v 0.265718 -1.496365 0.224020
v 0.770518 -1.467665 -0.113880
v 0.312618 -1.493665 0.262520
v 0.741918 -1.469265 -0.167480
v 0.366118 -1.490665 0.291220
v 0.424218 -1.487365 -0.299380
v 0.703418 -1.471465 -0.214480
v 0.809718 -1.489065 0.139120
v 0.816718 -1.612065 0.139120
v 0.784318 -1.613965 0.199820
v 0.777318 -1.490965 0.199820
v 0.194518 -1.524165 -0.190280
v 0.162118 -1.525965 -0.129580
v 0.733718 -1.493465 0.253020
v 0.142218 -1.527065 -0.063680
v 0.135418 -1.527465 0.004720
v 0.142218 -1.527065 0.073220
v 0.829618 -1.487965 0.073220
v 0.162118 -1.525965 0.139120
v 0.836318 -1.487565 0.004720
v 0.194518 -1.524165 0.199820
v 0.829618 -1.487965 -0.063680
v 0.238118 -1.521665 0.253020
v 0.809718 -1.489065 -0.129580
v 0.291218 -1.518665 0.296620
v 0.777318 -1.490965 -0.190280
v 0.351818 -1.515165 0.329020
v 0.417518 -1.511465 -0.339480
v 0.485918 -1.507565 -0.346280
v 0.733718 -1.493465 -0.243480
v 0.417518 -1.511465 0.349020
v 0.351818 -1.515165 -0.319580
v 0.680618 -1.496465 -0.287080
v 0.485918 -1.507565 0.355820
v 0.291218 -1.518665 -0.287080
v 0.620018 -1.499865 -0.319580
v 0.554318 -1.503665 0.349020
v 0.238118 -1.521665 -0.243480
v 0.554318 -1.503665 -0.339480
v 0.836618 -1.610965 -0.063680
v 0.801118 -1.665965 -0.056180
v 0.807118 -1.665965 0.004720
v 0.843418 -1.610565 0.004720
v 0.149218 -1.650065 0.073220
v 0.142418 -1.650465 0.004720
v 0.836618 -1.610965 0.073220
v 0.169118 -1.648965 0.139120
v 0.201518 -1.647165 0.199820
v 0.245118 -1.644665 0.253020
v 0.816718 -1.612065 -0.129580
v 0.298218 -1.641665 0.296620
v 0.784318 -1.613965 -0.190280
v 0.358818 -1.638165 0.329020
v 0.492918 -1.630565 -0.346280
v 0.424518 -1.634465 -0.339480
v 0.740718 -1.616465 -0.243480
v 0.424518 -1.634465 0.349020
v 0.358818 -1.638165 -0.319580
v 0.687618 -1.619465 -0.287080
v 0.492918 -1.630565 0.355820
v 0.298218 -1.641665 -0.287080
v 0.627018 -1.622865 -0.319580
v 0.561318 -1.626665 0.349020
v 0.245118 -1.644665 -0.243480
v 0.561318 -1.626665 -0.339480
v 0.627018 -1.622865 0.329020
v 0.201518 -1.647165 -0.190280
v 0.687618 -1.619465 0.296620
v 0.169118 -1.648965 -0.129580
v 0.740718 -1.616465 0.253020
v 0.149218 -1.650065 -0.063680
v 0.686518 -1.699865 0.291320
v 0.626918 -1.700065 0.323120
v 0.614418 -1.666465 0.293120
v 0.668418 -1.666365 0.264320
v 0.274218 -1.667365 0.225520
v 0.235418 -1.667465 0.178220
v 0.783318 -1.666065 -0.114680
v 0.321518 -1.667165 0.264320
v 0.754518 -1.666065 -0.168680
v 0.375518 -1.667065 0.293120
v 0.434118 -1.666965 -0.301380
v 0.495018 -1.666765 -0.307380
v 0.715718 -1.666165 -0.215980
v 0.434118 -1.666965 0.310920
v 0.375518 -1.667065 -0.283680
v 0.668418 -1.666365 -0.254780
v 0.495018 -1.666765 0.316920
v 0.321518 -1.667165 -0.254780
v 0.614418 -1.666465 -0.283680
v 0.555918 -1.666565 0.310920
v 0.274218 -1.667365 -0.215980
v 0.555918 -1.666565 -0.301380
v 0.235418 -1.667465 -0.168680
v 0.206618 -1.667465 -0.114680
v 0.715718 -1.666165 0.225520
v 0.188818 -1.667565 -0.056180
v 0.754518 -1.666065 0.178220
v 0.182818 -1.667565 0.004720
v 0.783318 -1.666065 0.124220
v 0.188818 -1.667565 0.065620
v 0.801118 -1.665965 0.065620
v 0.206618 -1.667465 0.124220
v 0.781618 -1.699665 0.196220
v 0.813418 -1.699565 0.136620
v 0.813718 -1.765165 0.136620
v 0.781918 -1.765265 0.196220
v 0.176618 -1.701165 -0.127080
v 0.208518 -1.701065 -0.186680
v 0.738718 -1.699765 0.248420
v 0.157018 -1.701265 -0.062480
v 0.150418 -1.701265 0.004720
v 0.157018 -1.701265 0.072020
v 0.833018 -1.699465 0.072020
v 0.176618 -1.701165 0.136620
v 0.839718 -1.699465 0.004720
v 0.208518 -1.701065 0.196220
v 0.833018 -1.699465 -0.062480
v 0.251418 -1.700965 0.248420
v 0.813418 -1.699565 -0.127080
v 0.303618 -1.700865 0.291320
v 0.781618 -1.699665 -0.186680
v 0.363218 -1.700665 0.323120
v 0.427818 -1.700565 -0.333280
v 0.495018 -1.700365 -0.339880
v 0.738718 -1.699765 -0.238880
v 0.427818 -1.700565 0.342720
v 0.363218 -1.700665 -0.313680
v 0.686518 -1.699865 -0.281780
v 0.495018 -1.700365 0.349420
v 0.303618 -1.700865 -0.281780
v 0.626918 -1.700065 -0.313680
v 0.562318 -1.700165 0.342720
v 0.251418 -1.700965 -0.238880
v 0.562318 -1.700165 -0.333280
v 0.428118 -1.766165 -0.333280
v 0.363418 -1.766365 -0.313680
v 0.303918 -1.766465 -0.281780
v 0.251618 -1.766665 -0.238880
v 0.208818 -1.766765 -0.186680
v 0.176918 -1.766865 -0.127080
v 0.157318 -1.766865 -0.062480
v 0.150718 -1.766865 0.004720
v 0.157318 -1.766865 0.072020
v 0.176918 -1.766865 0.136620
v 0.208818 -1.766765 0.196220
v 0.251618 -1.766665 0.248420
v 0.303918 -1.766465 0.291320
v 0.363418 -1.766365 0.323120
v 0.428118 -1.766165 0.342720
v 0.495318 -1.766065 0.349420
v 0.562618 -1.765865 0.342720
v 0.627218 -1.765665 0.323120
v 0.686818 -1.765565 0.291320
v 0.739018 -1.765365 0.248420
v 0.833318 -1.765165 0.072020
v 0.840018 -1.765165 0.004720
v 0.833318 -1.765165 -0.062480
v 0.813718 -1.765165 -0.127080
v 0.781918 -1.765265 -0.186680
v 0.739018 -1.765365 -0.238880
v 0.686818 -1.765565 -0.281780
v 0.627218 -1.765665 -0.313680
v 0.562618 -1.765865 -0.333280
v 0.495318 -1.766065 -0.339880
vn 0.3933 -0.9194 0.0001
vn 0.3933 -0.9194 -0.0000
vn 0.3933 -0.9194 -0.0001
vn 0.3933 -0.9194 0.0002
vn 0.3934 -0.9194 -0.0000
vn 0.3712 0.9259 -0.0695
vn 0.3708 0.9261 -0.0699
vn 0.4334 0.1857 -0.8819
vn 0.4339 0.1856 -0.8816
vn 0.0901 0.0385 0.9952
vn 0.0901 0.0386 0.9952
vn -0.7107 -0.3039 0.6344
vn 0.2668 0.1142 -0.9570
vn 0.2669 0.1142 -0.9569
vn 0.2672 0.1143 0.9568
vn 0.2670 0.1141 0.9569
vn -0.5833 -0.2495 0.7730
vn 0.0901 0.0385 -0.9952
vn 0.4334 0.1854 0.8819
vn -0.4332 -0.1854 0.8820
vn -0.4333 -0.1854 0.8820
vn -0.0901 -0.0385 -0.9952
vn 0.5833 0.2495 0.7730
vn 0.5832 0.2495 0.7730
vn -0.2669 -0.1141 0.9570
vn -0.2670 -0.1143 0.9569
vn -0.2668 -0.1142 -0.9570
vn -0.2670 -0.1142 -0.9569
vn 0.7105 0.3044 0.6344
vn 0.7105 0.3040 0.6346
vn -0.0901 -0.0385 0.9952
vn -0.4334 -0.1853 -0.8819
vn -0.4336 -0.1856 -0.8818
vn 0.8109 0.3469 0.4713
vn 0.8108 0.3469 0.4714
vn -0.5834 -0.2497 -0.7728
vn -0.5832 -0.2495 -0.7731
vn 0.8799 0.3763 0.2902
vn -0.7109 -0.3041 -0.6342
vn -0.7107 -0.3041 -0.6344
vn 0.9150 0.3914 0.0980
vn 0.9148 0.3917 0.0983
vn -0.8106 -0.3466 -0.4719
vn 0.9150 0.3914 -0.0980
vn 0.9151 0.3913 -0.0974
vn -0.8798 -0.3764 -0.2903
vn 0.8799 0.3763 -0.2902
vn -0.9150 -0.3914 -0.0980
vn -0.9148 -0.3917 -0.0982
vn 0.8108 0.3469 -0.4714
vn -0.9150 -0.3914 0.0980
vn -0.9150 -0.3914 0.0978
vn 0.7109 0.3041 -0.6342
vn 0.7107 0.3041 -0.6344
vn -0.8798 -0.3766 0.2899
vn -0.8798 -0.3764 0.2903
vn 0.5832 0.2494 -0.7731
vn -0.8108 -0.3469 0.4714
vn 0.7199 -0.5997 -0.3494
vn 0.7196 -0.6004 -0.3490
vn -0.9011 0.3815 -0.2061
vn -0.9010 0.3817 -0.2059
vn 0.3463 0.9153 -0.2058
vn 0.3464 0.9154 -0.2051
vn -0.9261 0.3709 -0.0694
vn -0.9261 0.3709 -0.0698
vn 0.2974 0.8944 -0.3342
vn 0.2974 0.8943 -0.3343
vn -0.9261 0.3709 0.0694
vn -0.9261 0.3709 0.0698
vn 0.2261 0.8641 -0.4497
vn 0.2264 0.8640 -0.4497
vn -0.9011 0.3817 0.2058
vn -0.9010 0.3819 0.2059
vn 0.1356 0.8255 -0.5479
vn 0.1361 0.8253 -0.5480
vn -0.8525 0.4022 0.3340
vn -0.8522 0.4025 0.3342
vn 0.0296 0.7799 -0.6252
vn 0.0297 0.7800 -0.6250
vn -0.2135 0.6758 0.7055
vn -0.7812 0.4330 0.4497
vn -0.7813 0.4331 0.4495
vn -0.0882 0.7293 -0.6785
vn -0.0881 0.7294 0.6784
vn -0.0882 0.7294 0.6784
vn -0.6909 0.4716 0.5480
vn -0.6910 0.4715 0.5480
vn -0.2139 0.6759 -0.7053
vn -0.2135 0.6758 -0.7055
vn 0.0300 0.7798 0.6253
vn 0.0298 0.7799 0.6252
vn -0.5845 0.5167 0.6256
vn -0.5847 0.5170 0.6252
vn -0.3415 0.6212 -0.7053
vn -0.3413 0.6211 -0.7055
vn 0.1361 0.8254 0.5479
vn -0.4665 0.5677 0.6783
vn -0.4666 0.5675 0.6784
vn -0.4667 0.5675 -0.6783
vn -0.4666 0.5675 -0.6785
vn 0.2264 0.8640 0.4497
vn 0.2257 0.8643 0.4494
vn -0.3413 0.6211 0.7055
vn -0.5847 0.5171 -0.6251
vn -0.5842 0.5168 -0.6257
vn 0.2969 0.8944 0.3344
vn 0.2974 0.8944 0.3342
vn -0.6909 0.4715 -0.5480
vn 0.3463 0.9153 0.2056
vn 0.3463 0.9153 0.2059
vn -0.7812 0.4329 -0.4497
vn -0.7813 0.4329 -0.4497
vn 0.3708 0.9261 0.0698
vn 0.3709 0.9260 0.0699
vn -0.8522 0.4025 -0.3344
vn -0.8523 0.4022 -0.3344
vn 0.2668 0.1141 -0.9570
vn -0.1561 -0.9747 0.1597
vn -0.1557 -0.9748 0.1597
vn 0.6494 -0.6303 -0.4254
vn 0.6494 -0.6304 -0.4254
vn -0.1177 -0.9586 0.2594
vn 0.5669 -0.6657 -0.4853
vn 0.5669 -0.6657 -0.4852
vn 0.3778 -0.7467 0.5475
vn 0.3780 -0.7465 0.5476
vn -0.0623 -0.9350 0.3492
vn -0.0626 -0.9350 0.3492
vn 0.4753 -0.7049 -0.5266
vn 0.4753 -0.7048 0.5266
vn 0.4753 -0.7049 0.5265
vn 0.0075 -0.9050 0.4254
vn 0.0073 -0.9051 0.4252
vn 0.3780 -0.7465 -0.5476
vn 0.5671 -0.6655 0.4853
vn 0.5669 -0.6657 0.4853
vn 0.0900 -0.8697 0.4853
vn 0.2789 -0.7889 -0.5475
vn 0.2789 -0.7889 -0.5476
vn 0.6494 -0.6304 0.4254
vn 0.1816 -0.8305 0.5266
vn 0.1816 -0.8305 -0.5265
vn 0.7195 -0.6005 0.3488
vn 0.7195 -0.6004 0.3491
vn 0.2789 -0.7889 0.5476
vn 0.0899 -0.8697 -0.4853
vn 0.0900 -0.8697 -0.4853
vn 0.7746 -0.5769 0.2594
vn 0.7746 -0.5768 0.2596
vn 0.0072 -0.9050 -0.4253
vn 0.0069 -0.9048 -0.4257
vn 0.8127 -0.5605 0.1596
vn 0.8125 -0.5607 0.1597
vn -0.0626 -0.9350 -0.3491
vn -0.0623 -0.9348 -0.3496
vn 0.8318 -0.5525 0.0539
vn 0.8320 -0.5522 0.0538
vn -0.1177 -0.9586 -0.2594
vn 0.8320 -0.5521 -0.0541
vn 0.8319 -0.5523 -0.0539
vn -0.1555 -0.9748 -0.1597
vn -0.1557 -0.9748 -0.1597
vn 0.8126 -0.5606 -0.1597
vn 0.8125 -0.5605 -0.1603
vn -0.1751 -0.9831 -0.0540
vn -0.1747 -0.9831 -0.0540
vn 0.7746 -0.5768 -0.2594
vn -0.1750 -0.9831 0.0539
vn -0.1751 -0.9830 0.0545
vn -0.4672 0.5723 -0.6739
vn -0.4672 0.5718 -0.6743
vn 0.2669 0.1142 0.9569
vn -0.5832 -0.2495 0.7731
vn 0.0903 0.0387 -0.9952
vn 0.0903 0.0386 -0.9952
vn 0.4333 0.1853 0.8820
vn -0.4334 -0.1854 0.8819
vn -0.0901 -0.0386 -0.9952
vn -0.0903 -0.0387 -0.9952
vn 0.5835 0.2495 0.7729
vn -0.2669 -0.1142 0.9569
vn -0.2668 -0.1141 0.9570
vn -0.2670 -0.1143 -0.9569
vn -0.2669 -0.1142 -0.9569
vn 0.7107 0.3039 0.6345
vn 0.7107 0.3041 0.6344
vn -0.0901 -0.0386 0.9952
vn -0.0903 -0.0387 0.9952
vn -0.4334 -0.1854 -0.8819
vn -0.4331 -0.1854 -0.8821
vn 0.8106 0.3466 0.4720
vn 0.8800 0.3763 0.2897
vn 0.8798 0.3764 0.2903
vn -0.7108 -0.3041 -0.6342
vn 0.9150 0.3912 0.0986
vn -0.8109 -0.3468 -0.4714
vn -0.8108 -0.3469 -0.4714
vn 0.9150 0.3912 -0.0984
vn 0.9150 0.3915 -0.0977
vn -0.8797 -0.3761 -0.2908
vn 0.8800 0.3763 -0.2897
vn -0.9150 -0.3912 -0.0984
vn 0.8107 0.3468 -0.4716
vn -0.9150 -0.3914 0.0977
vn 0.7107 0.3044 -0.6342
vn -0.8800 -0.3763 0.2897
vn -0.8795 -0.3767 0.2908
vn 0.5831 0.2495 -0.7731
vn 0.5830 0.2494 -0.7733
vn -0.8108 -0.3469 0.4715
vn 0.4334 0.1854 -0.8819
vn 0.0903 0.0386 0.9952
vn 0.0903 0.0387 0.9952
vn -0.7108 -0.3041 0.6342
vn -0.2938 -0.8226 -0.4868
vn -0.2940 -0.8225 -0.4868
vn 0.2216 0.8666 0.4472
vn 0.2219 0.8665 0.4472
vn -0.3426 0.6252 0.7012
vn -0.3426 0.6252 0.7013
vn -0.5845 0.5217 -0.6215
vn 0.2923 0.8969 0.3320
vn 0.2922 0.8969 0.3320
vn -0.6899 0.4766 -0.5448
vn -0.6901 0.4765 -0.5447
vn 0.3412 0.9174 0.2046
vn 0.3409 0.9176 0.2046
vn -0.7799 0.4379 -0.4472
vn -0.7800 0.4380 -0.4469
vn 0.3655 0.9283 0.0689
vn 0.3657 0.9282 0.0691
vn -0.8505 0.4079 -0.3322
vn 0.3657 0.9282 -0.0691
vn 0.3656 0.9282 -0.0692
vn -0.8991 0.3871 -0.2046
vn 0.3412 0.9174 -0.2049
vn 0.3409 0.9176 -0.2046
vn -0.9238 0.3765 -0.0691
vn -0.9239 0.3764 -0.0691
vn 0.2923 0.8968 -0.3322
vn 0.2921 0.8969 -0.3321
vn -0.9238 0.3765 0.0691
vn -0.9238 0.3767 0.0691
vn 0.2217 0.8669 -0.4465
vn 0.2217 0.8666 -0.4470
vn -0.8991 0.3871 0.2046
vn -0.8990 0.3872 0.2046
vn 0.1314 0.8284 -0.5445
vn 0.1319 0.8282 -0.5447
vn -0.8505 0.4079 0.3322
vn 0.0262 0.7830 -0.6215
vn 0.0265 0.7830 -0.6215
vn -0.2156 0.6795 0.7013
vn -0.2153 0.6792 0.7017
vn -0.7800 0.4380 0.4471
vn -0.7799 0.4381 0.4470
vn -0.0910 0.7328 -0.6743
vn -0.0912 0.7327 0.6744
vn -0.0910 0.7328 0.6743
vn -0.6901 0.4765 0.5447
vn -0.6901 0.4766 0.5446
vn -0.2156 0.6795 -0.7013
vn -0.2153 0.6792 -0.7017
vn 0.0263 0.7830 0.6215
vn -0.5845 0.5217 0.6215
vn -0.5844 0.5217 0.6215
vn -0.3426 0.6253 -0.7012
vn -0.3426 0.6252 -0.7013
vn 0.1319 0.8282 0.5447
vn -0.4670 0.5719 0.6744
vn -0.4672 0.5718 0.6743
vn -0.9148 -0.3920 -0.0975
vn 0.9546 -0.2881 0.0753
vn -0.3710 -0.8551 -0.3621
vn -0.3709 -0.8551 -0.3621
vn 0.9547 -0.2880 -0.0752
vn 0.9546 -0.2881 -0.0753
vn -0.4238 -0.8779 -0.2229
vn -0.4237 -0.8779 -0.2230
vn 0.9276 -0.2997 -0.2229
vn 0.9276 -0.2999 -0.2227
vn -0.4510 -0.8893 -0.0753
vn -0.4508 -0.8894 -0.0755
vn 0.8747 -0.3223 -0.3620
vn 0.8748 -0.3220 -0.3618
vn -0.4506 -0.8895 0.0753
vn -0.4509 -0.8894 0.0754
vn 0.7977 -0.3553 -0.4873
vn 0.7976 -0.3552 -0.4875
vn -0.4237 -0.8779 0.2229
vn -0.4238 -0.8779 0.2230
vn 0.6999 -0.3971 -0.5937
vn 0.6997 -0.3969 -0.5941
vn -0.3711 -0.8551 0.3621
vn -0.3710 -0.8552 0.3619
vn 0.5848 -0.4464 -0.6773
vn 0.5851 -0.4462 -0.6772
vn 0.3211 -0.5592 0.7643
vn 0.3212 -0.5594 0.7642
vn -0.2939 -0.8222 0.4874
vn -0.2941 -0.8220 0.4876
vn 0.4572 -0.5011 -0.7348
vn 0.4568 -0.5009 -0.7352
vn 0.4568 -0.5011 0.7350
vn 0.4569 -0.5011 0.7350
vn -0.1961 -0.7804 0.5937
vn 0.3212 -0.5594 -0.7642
vn 0.5848 -0.4464 0.6773
vn 0.5849 -0.4464 0.6772
vn -0.0806 -0.7316 0.6770
vn -0.0810 -0.7312 0.6773
vn 0.1827 -0.6184 -0.7643
vn 0.6999 -0.3971 0.5937
vn 0.6999 -0.3971 0.5936
vn 0.0469 -0.6762 0.7352
vn 0.0467 -0.6769 0.7346
vn 0.0468 -0.6765 -0.7350
vn 0.0467 -0.6765 -0.7350
vn 0.7976 -0.3554 0.4873
vn 0.7977 -0.3553 0.4872
vn 0.1827 -0.6184 0.7643
vn -0.0810 -0.7313 -0.6773
vn -0.0810 -0.7312 -0.6773
vn 0.8745 -0.3225 0.3622
vn 0.8746 -0.3223 0.3621
vn -0.1961 -0.7804 -0.5937
vn 0.9277 -0.2997 0.2227
vn 0.9276 -0.2999 0.2227
vn -0.8745 0.3110 0.3723
vn -0.8744 0.3110 0.3723
vn 0.8107 0.3470 -0.4716
vn -0.9150 -0.3914 0.0981
vn 0.7106 0.3040 -0.6345
vn -0.8798 -0.3763 0.2904
vn 0.5833 0.2495 -0.7730
vn -0.8106 -0.3470 0.4717
vn -0.8107 -0.3469 0.4715
vn 0.4332 0.1853 -0.8821
vn 0.0904 0.0387 0.9952
vn 0.2668 0.1140 -0.9570
vn 0.2668 0.1140 0.9570
vn -0.5830 -0.2494 0.7732
vn 0.0907 0.0388 -0.9951
vn 0.0901 0.0386 -0.9952
vn 0.4335 0.1855 0.8818
vn -0.4332 -0.1853 0.8821
vn -0.4336 -0.1856 0.8818
vn 0.5830 0.2494 0.7732
vn -0.2672 -0.1144 0.9568
vn -0.2672 -0.1144 -0.9568
vn -0.2668 -0.1141 -0.9570
vn 0.7106 0.3041 0.6345
vn -0.4335 -0.1855 -0.8818
vn -0.5833 -0.2495 -0.7730
vn -0.5835 -0.2496 -0.7728
vn 0.8798 0.3763 0.2905
vn 0.8798 0.3766 0.2901
vn -0.7107 -0.3043 -0.6342
vn -0.7106 -0.3040 -0.6345
vn 0.9150 0.3914 0.0983
vn -0.8107 -0.3469 -0.4715
vn -0.8109 -0.3469 -0.4713
vn 0.9150 0.3914 -0.0983
vn -0.8798 -0.3763 -0.2904
vn 0.8796 0.3769 -0.2905
vn 0.8798 0.3764 -0.2903
vn -0.2983 -0.9367 -0.1835
vn -0.2983 -0.9368 -0.1828
vn -0.0225 0.8395 -0.5429
vn -0.2115 0.7087 0.6731
vn -0.7921 0.3575 0.4948
vn -0.1085 0.7781 -0.6187
vn -0.1085 0.7781 0.6187
vn -0.6898 0.4161 0.5925
vn -0.2115 0.7087 -0.6731
vn -0.0225 0.8395 0.5429
vn -0.5737 0.4840 0.6608
vn -0.3274 0.6340 -0.7006
vn 0.0445 0.8906 0.4525
vn -0.4505 0.5579 0.6970
vn -0.4505 0.5579 -0.6970
vn 0.0930 0.9306 0.3539
vn -0.3274 0.6340 0.7006
vn -0.5737 0.4840 -0.6608
vn 0.1251 0.9596 0.2522
vn -0.6898 0.4161 -0.5925
vn 0.1440 0.9781 0.1505
vn -0.7921 0.3575 -0.4948
vn 0.1526 0.9870 0.0500
vn -0.8744 0.3110 -0.3723
vn -0.8745 0.3110 -0.3723
vn 0.1526 0.9870 -0.0500
vn -0.9321 0.2788 -0.2312
vn 0.1440 0.9781 -0.1505
vn -0.9618 0.2623 -0.0784
vn -0.9618 0.2625 -0.0782
vn 0.1251 0.9596 -0.2522
vn -0.9618 0.2623 0.0784
vn 0.0930 0.9306 -0.3539
vn -0.9321 0.2788 0.2312
vn 0.0445 0.8906 -0.4525
vn -0.8986 -0.3290 0.2903
vn 0.8332 -0.5218 -0.1828
vn 0.8331 -0.5220 -0.1828
vn -0.3206 -0.9452 -0.0619
vn -0.3210 -0.9451 -0.0617
vn 0.7888 -0.5383 -0.2967
vn 0.7888 -0.5383 -0.2968
vn -0.3208 -0.9451 0.0617
vn -0.3210 -0.9451 0.0617
vn 0.7245 -0.5616 -0.3997
vn 0.7246 -0.5615 -0.3995
vn -0.2981 -0.9369 0.1827
vn -0.2983 -0.9367 0.1835
vn 0.6425 -0.5919 -0.4868
vn 0.6424 -0.5919 -0.4867
vn -0.2546 -0.9206 0.2961
vn -0.2541 -0.9206 0.2966
vn 0.5461 -0.6272 -0.5553
vn 0.3255 -0.7082 0.6265
vn 0.3253 -0.7081 0.6267
vn -0.1897 -0.8969 0.3995
vn -0.1897 -0.8968 0.3996
vn 0.4389 -0.6664 -0.6027
vn 0.4390 -0.6664 -0.6026
vn 0.4389 -0.6668 0.6023
vn 0.4390 -0.6666 0.6024
vn -0.1076 -0.8669 0.4868
vn -0.1073 -0.8669 0.4868
vn 0.3252 -0.7081 -0.6267
vn 0.3253 -0.7081 -0.6267
vn 0.5461 -0.6272 0.5553
vn 0.5458 -0.6275 0.5553
vn -0.0114 -0.8313 0.5557
vn -0.0113 -0.8316 0.5552
vn 0.2093 -0.7506 -0.6267
vn 0.2092 -0.7505 -0.6269
vn 0.6425 -0.5919 0.4868
vn 0.6426 -0.5916 0.4869
vn 0.0961 -0.7924 0.6024
vn 0.0958 -0.7923 0.6026
vn 0.0961 -0.7922 -0.6026
vn 0.0958 -0.7923 -0.6026
vn 0.7245 -0.5617 0.3995
vn 0.7244 -0.5618 0.3995
vn 0.2094 -0.7506 0.6267
vn 0.2092 -0.7507 0.6267
vn -0.0113 -0.8316 -0.5553
vn -0.0110 -0.8317 -0.5551
vn 0.7888 -0.5382 0.2968
vn 0.7888 -0.5383 0.2968
vn -0.1074 -0.8669 -0.4868
vn -0.1077 -0.8669 -0.4868
vn 0.8331 -0.5221 0.1827
vn 0.8331 -0.5220 0.1828
vn -0.1895 -0.8967 -0.4000
vn -0.1896 -0.8969 -0.3995
vn 0.8558 -0.5137 0.0615
vn 0.8558 -0.5136 0.0617
vn -0.2541 -0.9205 -0.2966
vn -0.2541 -0.9206 -0.2966
vn -0.2540 -0.9205 -0.2968
vn 0.8558 -0.5137 -0.0617
vn 0.8556 -0.5139 -0.0618
vn -0.6722 0.4089 0.6172
vn 0.5956 0.2184 -0.7730
vn 0.5959 0.2184 -0.7728
vn -0.8280 -0.3036 0.4714
vn 0.4422 0.1623 -0.8821
vn 0.4428 0.1621 -0.8818
vn 0.0920 0.0337 0.9952
vn 0.0921 0.0337 0.9952
vn -0.7258 -0.2661 0.6344
vn 0.2726 0.0999 -0.9569
vn 0.2725 0.0999 -0.9570
vn 0.2725 0.0999 0.9570
vn 0.2724 0.0999 0.9570
vn -0.5952 -0.2183 0.7733
vn -0.5954 -0.2185 0.7732
vn 0.0922 0.0338 -0.9952
vn 0.4427 0.1624 0.8818
vn 0.4423 0.1620 0.8821
vn -0.4428 -0.1621 0.8818
vn -0.4424 -0.1622 0.8820
vn -0.0923 -0.0338 -0.9952
vn -0.0922 -0.0338 -0.9952
vn 0.5955 0.2181 0.7732
vn -0.2729 -0.0999 0.9568
vn -0.2725 -0.0999 0.9570
vn -0.2726 -0.0999 -0.9569
vn -0.2725 -0.0999 -0.9569
vn 0.7258 0.2661 0.6344
vn -0.0920 -0.0337 0.9952
vn -0.0919 -0.0337 0.9952
vn -0.4428 -0.1621 -0.8818
vn -0.4424 -0.1622 -0.8820
vn 0.8280 0.3036 0.4714
vn -0.5959 -0.2187 -0.7727
vn -0.5958 -0.2184 -0.7729
vn 0.8987 0.3291 0.2899
vn -0.7257 -0.2659 -0.6345
vn -0.7257 -0.2661 -0.6344
vn 0.9343 0.3428 0.0979
vn 0.9344 0.3425 0.0980
vn -0.8281 -0.3035 -0.4714
vn -0.8280 -0.3038 -0.4712
vn 0.9344 0.3425 -0.0982
vn 0.9343 0.3428 -0.0978
vn -0.8986 -0.3290 -0.2903
vn 0.8985 0.3294 -0.2903
vn -0.9344 -0.3426 -0.0978
vn -0.9344 -0.3424 -0.0983
vn 0.8280 0.3036 -0.4714
vn 0.8280 0.3037 -0.4713
vn -0.9344 -0.3426 0.0979
vn -0.9344 -0.3425 0.0979
vn 0.7258 0.2663 -0.6342
vn 0.7258 0.2661 -0.6344
vn 0.1505 -0.7276 0.6693
vn -0.1561 0.6844 -0.7122
vn 0.0545 0.8123 0.5807
vn -0.5482 0.4720 0.6904
vn -0.2828 0.6131 -0.7377
vn 0.1313 0.8636 0.4867
vn -0.4159 0.5411 0.7309
vn -0.4159 0.5411 -0.7309
vn 0.1880 0.9046 0.3827
vn -0.2828 0.6131 0.7377
vn -0.5482 0.4720 -0.6904
vn 0.2266 0.9347 0.2739
vn -0.6722 0.4089 -0.6172
vn -0.6721 0.4089 -0.6173
vn 0.2499 0.9543 0.1640
vn -0.7807 0.3549 -0.5143
vn 0.2606 0.9639 0.0546
vn -0.8679 0.3122 -0.3864
vn 0.2606 0.9639 -0.0546
vn -0.9288 0.2828 -0.2396
vn 0.2499 0.9543 -0.1640
vn -0.9601 0.2677 -0.0812
vn -0.9601 0.2676 -0.0814
vn 0.2266 0.9347 -0.2739
vn -0.9601 0.2677 0.0812
vn -0.9601 0.2676 0.0812
vn 0.1880 0.9045 -0.3827
vn 0.1880 0.9046 -0.3827
vn -0.9288 0.2828 0.2396
vn 0.1313 0.8636 -0.4867
vn -0.8679 0.3122 0.3864
vn 0.0545 0.8123 -0.5807
vn -0.1561 0.6844 0.7122
vn -0.7807 0.3549 0.5143
vn -0.0421 0.7518 -0.6580
vn -0.0421 0.7518 0.6580
vn -0.8444 -0.2545 -0.4714
vn -0.8444 -0.2545 -0.4715
vn -0.0904 -0.8003 -0.5928
vn -0.0900 -0.8001 -0.5931
vn 0.7814 -0.5375 0.3170
vn 0.7813 -0.5376 0.3170
vn -0.1950 -0.8317 -0.5199
vn -0.1949 -0.8317 -0.5199
vn 0.8296 -0.5230 0.1953
vn 0.8297 -0.5229 0.1952
vn -0.2842 -0.8586 -0.4266
vn -0.2841 -0.8587 -0.4265
vn 0.8544 -0.5155 0.0659
vn 0.8544 -0.5154 0.0661
vn -0.3543 -0.8798 -0.3170
vn -0.3543 -0.8797 -0.3170
vn 0.8544 -0.5154 -0.0660
vn 0.8544 -0.5155 -0.0659
vn -0.4023 -0.8945 -0.1952
vn -0.4026 -0.8943 -0.1952
vn 0.8297 -0.5229 -0.1952
vn 0.8297 -0.5229 -0.1951
vn -0.4270 -0.9018 -0.0661
vn -0.4272 -0.9018 -0.0658
vn 0.7813 -0.5376 -0.3172
vn 0.7814 -0.5375 -0.3170
vn -0.4269 -0.9019 0.0659
vn -0.4271 -0.9017 0.0664
vn 0.7113 -0.5586 -0.4266
vn -0.4026 -0.8943 0.1952
vn 0.6223 -0.5852 -0.5199
vn 0.6220 -0.5855 -0.5199
vn -0.3543 -0.8798 0.3170
vn -0.3541 -0.8798 0.3170
vn 0.5172 -0.6173 -0.5929
vn 0.5169 -0.6171 -0.5933
vn 0.2765 -0.6896 0.6693
vn 0.2766 -0.6896 0.6693
vn -0.2846 -0.8585 0.4267
vn -0.2842 -0.8586 0.4266
vn 0.4005 -0.6523 -0.6434
vn 0.4004 -0.6522 -0.6437
vn 0.4005 -0.6525 0.6434
vn 0.4007 -0.6522 0.6435
vn -0.1949 -0.8317 0.5199
vn 0.2771 -0.6898 -0.6689
vn 0.2766 -0.6895 -0.6693
vn 0.5171 -0.6171 0.5931
vn -0.0898 -0.8001 0.5931
vn -0.0900 -0.8001 0.5931
vn 0.1506 -0.7277 -0.6691
vn 0.1505 -0.7276 -0.6693
vn 0.6222 -0.5853 0.5198
vn 0.6224 -0.5851 0.5198
vn 0.0267 -0.7649 0.6436
vn 0.0271 -0.7651 0.6433
vn 0.0271 -0.7651 -0.6434
vn 0.0272 -0.7651 -0.6434
vn 0.7113 -0.5586 0.4266
vn -0.9107 0.4059 0.0766
vn 0.9528 0.2872 -0.0980
vn 0.9528 0.2872 -0.0981
vn -0.9161 -0.2762 -0.2907
vn -0.9163 -0.2761 -0.2902
vn 0.9161 0.2762 -0.2907
vn 0.9162 0.2761 -0.2903
vn -0.9528 -0.2872 -0.0980
vn 0.8443 0.2546 -0.4715
vn 0.8445 0.2543 -0.4712
vn -0.9528 -0.2872 0.0980
vn -0.9528 -0.2872 0.0982
vn 0.7399 0.2233 -0.6346
vn 0.7400 0.2231 -0.6346
vn -0.9162 -0.2761 0.2903
vn -0.9163 -0.2761 0.2902
vn 0.6075 0.1832 -0.7729
vn -0.8444 -0.2545 0.4714
vn 0.4515 0.1361 -0.8818
vn 0.4514 0.1361 -0.8819
vn 0.0938 0.0283 0.9952
vn -0.7401 -0.2232 0.6344
vn 0.2778 0.0838 -0.9570
vn 0.2779 0.0838 -0.9570
vn 0.2776 0.0838 0.9570
vn 0.2777 0.0838 0.9570
vn -0.6075 -0.1832 0.7729
vn -0.6073 -0.1830 0.7731
vn 0.0936 0.0283 -0.9952
vn 0.0938 0.0283 -0.9952
vn 0.4513 0.1360 0.8820
vn 0.4514 0.1361 0.8819
vn -0.4513 -0.1360 0.8820
vn -0.4515 -0.1360 0.8819
vn -0.0938 -0.0283 -0.9952
vn 0.6075 0.1832 0.7729
vn -0.2777 -0.0838 0.9570
vn -0.2779 -0.0838 0.9569
vn -0.2779 -0.0838 -0.9570
vn 0.7399 0.2233 0.6346
vn 0.7402 0.2231 0.6343
vn -0.0938 -0.0283 0.9952
vn -0.0936 -0.0283 0.9952
vn -0.4515 -0.1360 -0.8819
vn -0.4512 -0.1360 -0.8820
vn 0.8444 0.2545 0.4714
vn 0.8445 0.2544 0.4713
vn -0.6074 -0.1831 -0.7730
vn 0.9162 0.2761 0.2904
vn -0.7401 -0.2229 -0.6345
vn -0.7401 -0.2230 -0.6344
vn 0.9528 0.2873 0.0977
vn 0.9528 0.2872 0.0980
vn 0.2083 -0.6081 0.7660
vn 0.0542 0.9682 -0.2441
vn -0.8790 0.4202 0.2255
vn 0.0372 0.9417 -0.3343
vn -0.8175 0.4482 0.3617
vn -0.0003 0.9040 -0.4275
vn -0.1490 0.7969 0.5854
vn -0.7300 0.4889 0.4776
vn -0.0625 0.8552 -0.5146
vn -0.0625 0.8552 0.5146
vn -0.6223 0.5404 0.5663
vn -0.1490 0.7969 -0.5854
vn -0.0003 0.9040 0.4275
vn -0.5016 0.6003 0.6229
vn -0.2561 0.7324 -0.6309
vn 0.0372 0.9417 0.3343
vn -0.3765 0.6655 0.6444
vn -0.3765 0.6655 -0.6444
vn 0.0542 0.9682 0.2441
vn -0.2561 0.7324 0.6309
vn -0.5016 0.6003 -0.6229
vn 0.0571 0.9850 0.1627
vn -0.6223 0.5404 -0.5663
vn 0.0535 0.9943 0.0920
vn -0.7300 0.4889 -0.4776
vn 0.0499 0.9983 0.0296
vn -0.8175 0.4482 -0.3617
vn 0.0499 0.9983 -0.0296
vn -0.8790 0.4202 -0.2255
vn 0.0535 0.9943 -0.0920
vn -0.9107 0.4059 -0.0766
vn 0.0571 0.9850 -0.1627
vn 0.6200 0.1337 0.7731
vn 0.6202 0.1337 0.7729
vn -0.4471 -0.7495 0.4882
vn -0.4471 -0.7494 0.4884
vn 0.3532 -0.5770 -0.7364
vn 0.3535 -0.5773 -0.7361
vn 0.3528 -0.5772 0.7365
vn 0.3535 -0.5766 0.7366
vn -0.3426 -0.7271 0.5950
vn -0.3433 -0.7269 0.5948
vn 0.2081 -0.6082 -0.7660
vn 0.2083 -0.6081 -0.7660
vn 0.4889 -0.5480 0.6788
vn 0.4888 -0.5480 0.6788
vn -0.2201 -0.7005 0.6788
vn 0.0608 -0.6399 -0.7660
vn 0.0610 -0.6400 -0.7660
vn 0.6119 -0.5211 0.5950
vn -0.0835 -0.6711 0.7367
vn -0.0839 -0.6715 0.7363
vn -0.0838 -0.6712 -0.7366
vn -0.0842 -0.6712 -0.7365
vn 0.7162 -0.4986 0.4883
vn 0.7163 -0.4985 0.4883
vn 0.0609 -0.6399 0.7661
vn 0.0608 -0.6399 0.7660
vn -0.2202 -0.7005 -0.6789
vn -0.2202 -0.7005 -0.6788
vn 0.7979 -0.4811 0.3632
vn 0.7981 -0.4810 0.3628
vn -0.3428 -0.7269 -0.5950
vn -0.3428 -0.7270 -0.5950
vn 0.8547 -0.4687 0.2234
vn 0.8546 -0.4688 0.2235
vn -0.4471 -0.7494 -0.4883
vn 0.8833 -0.4626 0.0754
vn -0.5291 -0.7671 -0.3628
vn -0.5290 -0.7672 -0.3628
vn 0.8833 -0.4626 -0.0754
vn 0.8834 -0.4625 -0.0756
vn -0.5854 -0.7792 -0.2237
vn -0.5855 -0.7793 -0.2234
vn 0.8545 -0.4689 -0.2235
vn 0.8546 -0.4688 -0.2234
vn -0.6142 -0.7855 -0.0755
vn -0.6145 -0.7853 -0.0754
vn 0.7981 -0.4810 -0.3628
vn 0.7981 -0.4811 -0.3628
vn -0.6143 -0.7855 0.0754
vn -0.6145 -0.7853 0.0754
vn 0.7162 -0.4986 -0.4883
vn -0.5855 -0.7793 0.2234
vn -0.5854 -0.7792 0.2240
vn 0.6119 -0.5215 -0.5946
vn 0.6119 -0.5215 -0.5947
vn -0.5290 -0.7671 0.3628
vn -0.5290 -0.7671 0.3629
vn 0.4888 -0.5480 -0.6788
vn 0.4889 -0.5480 -0.6788
vn 0.0211 0.9977 0.0645
vn -0.2838 -0.0612 0.9569
vn -0.2835 -0.0612 0.9570
vn -0.2838 -0.0612 -0.9569
vn 0.7556 0.1629 0.6344
vn 0.7554 0.1631 0.6346
vn -0.0959 -0.0208 0.9952
vn -0.0958 -0.0206 0.9952
vn -0.4609 -0.0996 -0.8818
vn 0.8621 0.1858 0.4715
vn 0.8622 0.1859 0.4712
vn -0.6201 -0.1337 -0.7730
vn -0.6202 -0.1336 -0.7730
vn 0.9354 0.2021 0.2903
vn 0.9354 0.2017 0.2903
vn -0.7557 -0.1630 -0.6344
vn -0.7556 -0.1629 -0.6344
vn 0.9728 0.2097 0.0981
vn 0.9728 0.2100 0.0977
vn -0.8621 -0.1863 -0.4712
vn 0.9728 0.2095 -0.0984
vn 0.9728 0.2099 -0.0978
vn -0.9354 -0.2019 -0.2903
vn -0.9354 -0.2017 -0.2903
vn 0.9355 0.2016 -0.2903
vn 0.9355 0.2016 -0.2902
vn -0.9728 -0.2098 -0.0978
vn -0.9729 -0.2096 -0.0981
vn 0.8621 0.1859 -0.4714
vn 0.8621 0.1859 -0.4715
vn -0.9728 -0.2099 0.0978
vn -0.9728 -0.2095 0.0984
vn 0.7556 0.1628 -0.6345
vn 0.7557 0.1630 -0.6343
vn -0.9354 -0.2017 0.2903
vn 0.6204 0.1339 -0.7728
vn 0.6200 0.1337 -0.7731
vn -0.8621 -0.1859 0.4714
vn -0.8621 -0.1859 0.4713
vn 0.4610 0.0992 -0.8818
vn 0.4608 0.0994 -0.8819
vn 0.0956 0.0207 0.9952
vn 0.0958 0.0206 0.9952
vn -0.7556 -0.1629 0.6344
vn -0.7555 -0.1632 0.6344
vn 0.2836 0.0611 -0.9570
vn 0.2838 0.0612 -0.9569
vn 0.2836 0.0612 0.9570
vn 0.2834 0.0610 0.9571
vn -0.6203 -0.1338 0.7729
vn -0.6201 -0.1338 0.7730
vn 0.0958 0.0206 -0.9952
vn 0.0956 0.0207 -0.9952
vn 0.4610 0.0992 0.8818
vn 0.4608 0.0994 0.8819
vn -0.4607 -0.0992 0.8820
vn -0.4609 -0.0996 0.8818
vn -0.0956 -0.0206 -0.9952
vn -0.0958 -0.0206 -0.9952
vn 0.6677 -0.7266 -0.1619
vn 0.6677 -0.7267 -0.1615
vn -0.5675 0.7507 -0.3383
vn 0.0211 0.9996 0.0210
vn -0.6358 0.7273 -0.2585
vn 0.0211 0.9996 -0.0210
vn -0.6844 0.7108 -0.1622
vn 0.0211 0.9977 -0.0645
vn -0.7098 0.7022 -0.0555
vn -0.7097 0.7023 -0.0553
vn 0.0191 0.9935 -0.1123
vn -0.7097 0.7023 0.0553
vn 0.0120 0.9861 -0.1655
vn -0.6844 0.7108 0.1622
vn -0.0042 0.9747 -0.2236
vn -0.6358 0.7273 0.2585
vn -0.0335 0.9583 -0.2838
vn -0.1394 0.9100 0.3904
vn -0.5675 0.7507 0.3383
vn -0.0783 0.9367 -0.3413
vn -0.0783 0.9367 0.3413
vn -0.4847 0.7796 0.3966
vn -0.1394 0.9100 -0.3904
vn -0.0335 0.9583 0.2838
vn -0.3940 0.8120 0.4306
vn -0.2152 0.8793 -0.4249
vn -0.0042 0.9747 0.2236
vn -0.3019 0.8460 0.4395
vn -0.3019 0.8460 -0.4395
vn 0.0120 0.9861 0.1655
vn -0.2152 0.8793 0.4249
vn -0.3940 0.8120 -0.4306
vn 0.0191 0.9935 0.1123
vn -0.4847 0.7796 -0.3966
vn 0.6251 0.1084 -0.7730
vn 0.6248 0.1086 -0.7732
vn -0.4052 -0.9126 -0.0545
vn -0.4049 -0.9127 -0.0547
vn 0.6260 -0.7341 -0.2630
vn 0.6265 -0.7338 -0.2629
vn -0.4051 -0.9126 0.0547
vn 0.5665 -0.7441 -0.3541
vn 0.5666 -0.7442 -0.3538
vn -0.3839 -0.9091 0.1619
vn -0.3841 -0.9090 0.1619
vn 0.4904 -0.7575 -0.4310
vn 0.4904 -0.7574 -0.4311
vn -0.3430 -0.9018 0.2628
vn -0.3429 -0.9019 0.2627
vn 0.4009 -0.7729 -0.4919
vn 0.1956 -0.8085 0.5551
vn 0.1955 -0.8084 0.5552
vn -0.2832 -0.8913 0.3541
vn -0.2831 -0.8914 0.3539
vn 0.3013 -0.7902 -0.5337
vn 0.3013 -0.7901 -0.5338
vn 0.3013 -0.7899 0.5341
vn 0.3014 -0.7900 0.5339
vn -0.2069 -0.8782 0.4313
vn -0.2068 -0.8782 0.4313
vn 0.1957 -0.8085 -0.5550
vn 0.1958 -0.8085 -0.5549
vn 0.4009 -0.7729 0.4918
vn 0.4011 -0.7728 0.4919
vn -0.1172 -0.8628 0.4918
vn -0.1170 -0.8626 0.4923
vn 0.0879 -0.8270 -0.5553
vn 0.0880 -0.8272 -0.5550
vn 0.4904 -0.7575 0.4309
vn 0.4904 -0.7574 0.4311
vn -0.0173 -0.8455 0.5336
vn -0.0175 -0.8458 0.5332
vn -0.0172 -0.8457 -0.5334
vn -0.0176 -0.8456 -0.5335
vn 0.5668 -0.7442 0.3534
vn 0.5666 -0.7442 0.3538
vn 0.0880 -0.8273 0.5548
vn 0.0880 -0.8272 0.5550
vn -0.1172 -0.8627 -0.4919
vn -0.1172 -0.8628 -0.4918
vn 0.6263 -0.7339 0.2629
vn 0.6265 -0.7338 0.2629
vn -0.2068 -0.8783 -0.4311
vn 0.6677 -0.7267 0.1616
vn 0.6677 -0.7267 0.1618
vn -0.2830 -0.8915 -0.3538
vn -0.2832 -0.8914 -0.3538
vn 0.6885 -0.7231 0.0550
vn 0.6885 -0.7232 0.0549
vn -0.3429 -0.9019 -0.2628
vn -0.3430 -0.9018 -0.2627
vn 0.6887 -0.7230 -0.0547
vn 0.6885 -0.7232 -0.0548
vn -0.3840 -0.9090 -0.1622
vn -0.3841 -0.9090 -0.1619
vn -0.0146 0.7110 -0.7030
vn -0.8689 -0.1510 0.4715
vn -0.8690 -0.1507 0.4714
vn 0.4647 0.0804 -0.8818
vn 0.4645 0.0805 -0.8819
vn 0.0966 0.0167 0.9952
vn -0.7616 -0.1322 0.6344
vn 0.2856 0.0496 -0.9571
vn 0.2858 0.0496 -0.9570
vn 0.2856 0.0496 0.9571
vn 0.2858 0.0496 0.9570
vn -0.6248 -0.1086 0.7732
vn 0.0965 0.0167 -0.9952
vn 0.0966 0.0167 -0.9952
vn 0.4643 0.0807 0.8820
vn 0.4648 0.0803 0.8818
vn -0.4648 -0.0804 0.8818
vn -0.4646 -0.0805 0.8818
vn -0.0966 -0.0167 -0.9952
vn 0.6251 0.1085 0.7730
vn 0.6249 0.1084 0.7731
vn -0.2856 -0.0494 0.9571
vn -0.2856 -0.0496 0.9571
vn -0.2858 -0.0496 -0.9570
vn -0.2856 -0.0496 -0.9571
vn 0.7616 0.1321 0.6344
vn -0.0966 -0.0167 0.9952
vn -0.4648 -0.0804 -0.8818
vn -0.4641 -0.0806 -0.8821
vn 0.8689 0.1510 0.4715
vn 0.8690 0.1507 0.4714
vn -0.6251 -0.1084 -0.7730
vn 0.9429 0.1635 0.2902
vn 0.9429 0.1635 0.2903
vn -0.7618 -0.1319 -0.6343
vn -0.7614 -0.1323 -0.6346
vn 0.9806 0.1700 0.0980
vn -0.8690 -0.1507 -0.4714
vn -0.8690 -0.1504 -0.4713
vn 0.9806 0.1700 -0.0980
vn 0.9805 0.1704 -0.0975
vn -0.9429 -0.1635 -0.2903
vn 0.9429 0.1635 -0.2903
vn -0.9806 -0.1700 -0.0980
vn -0.9806 -0.1700 -0.0981
vn 0.8689 0.1510 -0.4715
vn 0.8690 0.1507 -0.4714
vn -0.9806 -0.1700 0.0978
vn -0.9806 -0.1700 0.0980
vn 0.7616 0.1323 -0.6344
vn -0.9429 -0.1635 0.2903
vn -0.1871 -0.8769 -0.4427
vn 0.1644 0.8543 0.4931
vn -0.4563 0.4998 0.7362
vn -0.1507 0.6353 -0.7574
vn 0.1948 0.9100 0.3659
vn -0.3022 0.5638 0.7687
vn -0.3022 0.5638 -0.7687
vn 0.1909 0.9500 0.2471
vn -0.1507 0.6353 0.7574
vn -0.4563 0.4998 -0.7362
vn 0.1663 0.9747 0.1495
vn -0.6018 0.4452 -0.6631
vn 0.1377 0.9875 0.0767
vn -0.7292 0.4010 -0.5545
vn 0.1194 0.9926 0.0232
vn -0.8311 0.3677 -0.4173
vn 0.1194 0.9926 -0.0232
vn -0.9020 0.3454 -0.2589
vn 0.1377 0.9875 -0.0767
vn -0.9384 0.3342 -0.0877
vn -0.9384 0.3343 -0.0877
vn 0.1663 0.9747 -0.1495
vn -0.9384 0.3342 0.0878
vn -0.9385 0.3341 0.0876
vn 0.1909 0.9500 -0.2471
vn -0.9020 0.3454 0.2589
vn 0.1948 0.9100 -0.3659
vn -0.8311 0.3677 0.4173
vn 0.1644 0.8543 -0.4931
vn -0.0146 0.7110 0.7030
vn -0.7292 0.4010 0.5545
vn 0.0936 0.7861 -0.6110
vn 0.0936 0.7861 0.6110
vn -0.6018 0.4452 0.6631
vn -0.8804 -0.0501 -0.4715
vn 0.4913 -0.8383 0.2366
vn 0.4907 -0.8385 0.2371
vn -0.2688 -0.8816 -0.3880
vn 0.5287 -0.8362 0.1457
vn 0.5283 -0.8364 0.1463
vn -0.3382 -0.8856 -0.3185
vn -0.3378 -0.8857 -0.3185
vn 0.5479 -0.8351 0.0492
vn 0.5479 -0.8351 0.0491
vn -0.3928 -0.8887 -0.2366
vn -0.3928 -0.8886 -0.2368
vn 0.5479 -0.8351 -0.0492
vn 0.5482 -0.8349 -0.0494
vn -0.4304 -0.8908 -0.1457
vn -0.4303 -0.8909 -0.1457
vn 0.5285 -0.8363 -0.1456
vn 0.5287 -0.8362 -0.1457
vn -0.4496 -0.8919 -0.0492
vn 0.4912 -0.8383 -0.2366
vn -0.4493 -0.8920 0.0492
vn -0.4496 -0.8919 0.0493
vn 0.4367 -0.8414 -0.3184
vn -0.4304 -0.8908 0.1457
vn 0.3671 -0.8454 -0.3880
vn 0.3672 -0.8453 -0.3880
vn -0.3928 -0.8887 0.2366
vn -0.3929 -0.8887 0.2365
vn 0.2858 -0.8499 -0.4427
vn 0.2854 -0.8500 -0.4428
vn 0.0983 -0.8606 0.4996
vn 0.0983 -0.8607 0.4996
vn -0.3380 -0.8856 0.3186
vn -0.3379 -0.8857 0.3183
vn 0.1947 -0.8552 -0.4804
vn 0.1944 -0.8553 -0.4803
vn 0.1946 -0.8552 0.4804
vn 0.1947 -0.8552 0.4804
vn -0.2687 -0.8817 0.3879
vn -0.2687 -0.8816 0.3881
vn 0.0983 -0.8607 -0.4996
vn 0.2854 -0.8500 0.4427
vn -0.1873 -0.8770 0.4424
vn -0.1871 -0.8769 0.4428
vn -0.0000 -0.8663 -0.4996
vn -0.0002 -0.8662 -0.4997
vn 0.3667 -0.8453 0.3885
vn 0.3671 -0.8454 0.3880
vn -0.0963 -0.8718 0.4804
vn -0.0963 -0.8717 0.4805
vn -0.0961 -0.8717 -0.4806
vn -0.0958 -0.8718 -0.4804
vn 0.4363 -0.8415 0.3185
vn 0.4367 -0.8414 0.3184
vn -0.0000 -0.8663 0.4996
vn -0.0000 -0.8662 0.4997
vn -0.8332 0.5471 0.0803
vn 0.9936 0.0566 -0.0980
vn -0.9554 -0.0544 -0.2904
vn 0.9554 0.0544 -0.2903
vn -0.9936 -0.0566 -0.0981
vn -0.9936 -0.0566 -0.0980
vn 0.8805 0.0501 -0.4715
vn -0.9936 -0.0566 0.0981
vn 0.7717 0.0439 -0.6345
vn 0.7719 0.0439 -0.6342
vn -0.9554 -0.0544 0.2904
vn 0.6332 0.0361 -0.7731
vn 0.6333 0.0361 -0.7730
vn -0.8804 -0.0501 0.4715
vn 0.4704 0.0268 -0.8820
vn 0.0979 0.0056 0.9952
vn -0.7717 -0.0439 0.6345
vn 0.2900 0.0165 -0.9569
vn 0.2898 0.0165 -0.9570
vn 0.2899 0.0165 0.9569
vn -0.6330 -0.0360 0.7733
vn -0.6334 -0.0361 0.7730
vn 0.0979 0.0056 -0.9952
vn 0.0983 0.0056 -0.9951
vn 0.4713 0.0268 0.8816
vn 0.4707 0.0268 0.8819
vn -0.4708 -0.0268 0.8818
vn -0.0981 -0.0056 -0.9952
vn -0.0979 -0.0056 -0.9952
vn 0.6332 0.0361 0.7731
vn 0.6333 0.0361 0.7730
vn -0.2898 -0.0165 0.9569
vn -0.2898 -0.0165 -0.9569
vn 0.7717 0.0439 0.6345
vn -0.0986 -0.0056 0.9951
vn -0.0979 -0.0056 0.9952
vn -0.4702 -0.0268 -0.8822
vn 0.8805 0.0501 0.4715
vn -0.6330 -0.0360 -0.7733
vn -0.6333 -0.0361 -0.7730
vn 0.9554 0.0544 0.2903
vn 0.9554 0.0544 0.2904
vn -0.7720 -0.0439 -0.6341
vn -0.7717 -0.0439 -0.6345
vn 0.9936 0.0566 0.0981
vn 0.9935 0.0566 0.0983
vn -0.3380 -0.6941 -0.6356
vn 0.3555 0.8803 -0.3141
vn -0.7985 0.5534 0.2368
vn 0.3135 0.8544 -0.4143
vn -0.7311 0.5660 0.3810
vn 0.2478 0.8228 -0.5114
vn 0.0418 0.7486 0.6617
vn -0.6346 0.5847 0.5054
vn 0.1566 0.7869 -0.5969
vn 0.1566 0.7869 0.5969
vn -0.5147 0.6091 0.6034
vn 0.0418 0.7486 -0.6617
vn 0.2478 0.8228 0.5114
vn -0.3784 0.6387 0.6699
vn -0.0911 0.7099 -0.6984
vn 0.3135 0.8544 0.4143
vn -0.2342 0.6727 0.7018
vn -0.2342 0.6727 -0.7018
vn 0.3555 0.8803 0.3141
vn -0.0911 0.7099 0.6984
vn -0.3784 0.6387 -0.6699
vn 0.3785 0.8998 0.2172
vn -0.5147 0.6091 -0.6034
vn 0.3889 0.9125 0.1265
vn -0.6346 0.5847 -0.5054
vn 0.3924 0.9189 0.0414
vn -0.7311 0.5660 -0.3810
vn 0.3924 0.9189 -0.0414
vn -0.7985 0.5535 -0.2368
vn 0.3889 0.9125 -0.1265
vn -0.8331 0.5473 -0.0801
vn -0.8332 0.5471 -0.0804
vn 0.3785 0.8998 -0.2172
vn -0.8820 -0.0039 -0.4713
vn 0.6373 -0.6917 0.3397
vn 0.6370 -0.6920 0.3398
vn -0.4554 -0.6944 -0.5571
vn 0.6912 -0.6918 0.2088
vn 0.6914 -0.6915 0.2092
vn -0.5553 -0.6947 -0.4572
vn 0.7191 -0.6913 0.0706
vn 0.7188 -0.6916 0.0708
vn -0.6338 -0.6949 -0.3397
vn -0.6338 -0.6949 -0.3398
vn 0.7190 -0.6914 -0.0706
vn 0.7191 -0.6913 -0.0708
vn -0.6878 -0.6950 -0.2097
vn -0.6879 -0.6950 -0.2093
vn 0.6914 -0.6916 -0.2091
vn 0.6915 -0.6915 -0.2091
vn -0.7154 -0.6951 -0.0706
vn 0.6370 -0.6920 -0.3398
vn 0.6373 -0.6917 -0.3397
vn -0.7153 -0.6952 0.0706
vn -0.7152 -0.6953 0.0706
vn 0.5589 -0.6918 -0.4572
vn 0.5594 -0.6913 -0.4574
vn -0.6879 -0.6950 0.2093
vn -0.6879 -0.6950 0.2092
vn 0.4590 -0.6921 -0.5571
vn 0.4592 -0.6919 -0.5571
vn -0.6338 -0.6949 0.3397
vn 0.3415 -0.6924 -0.6356
vn 0.3415 -0.6923 -0.6356
vn 0.0724 -0.6931 0.7172
vn -0.5553 -0.6947 0.4572
vn 0.2107 -0.6928 -0.6896
vn 0.2107 -0.6926 -0.6899
vn 0.2108 -0.6927 0.6897
vn 0.2109 -0.6927 0.6897
vn -0.4554 -0.6944 0.5571
vn 0.0729 -0.6934 -0.7169
vn 0.0725 -0.6931 -0.7172
vn 0.0726 -0.6931 -0.7172
vn 0.3415 -0.6924 0.6356
vn 0.3417 -0.6924 0.6355
vn -0.3377 -0.6945 0.6353
vn -0.3382 -0.6940 0.6356
vn -0.0690 -0.6932 -0.7174
vn -0.0689 -0.6934 -0.7172
vn 0.4590 -0.6921 0.5571
vn 0.4591 -0.6920 0.5571
vn -0.2074 -0.6938 0.6897
vn -0.2074 -0.6940 0.6894
vn -0.2075 -0.6937 -0.6897
vn -0.2076 -0.6937 -0.6897
vn 0.5587 -0.6919 0.4573
vn 0.5594 -0.6913 0.4574
vn -0.0688 -0.6935 0.7172
vn -0.0689 -0.6934 0.7172
vn -0.0026 1.0000 -0.0000
vn -0.0028 1.0000 -0.0000
vn -0.0023 1.0000 -0.0000
vn -0.0026 1.0000 0.0002
vn -0.0025 1.0000 -0.0001
vn -0.0026 1.0000 0.0001
vn -0.0027 1.0000 -0.0003
vn -0.0026 1.0000 -0.0003
vn -0.0026 1.0000 -0.0001
vn -0.0027 1.0000 -0.0000
vn -0.0027 1.0000 -0.0002
vn 0.9952 0.0043 -0.0980
vn -0.9569 -0.0044 -0.2903
vn 0.9569 0.0044 -0.2903
vn -0.9952 -0.0044 -0.0980
vn 0.8816 0.0040 -0.4719
vn 0.8819 0.0039 -0.4715
vn -0.9952 -0.0044 0.0981
vn 0.7730 0.0034 -0.6344
vn -0.9569 -0.0044 0.2903
vn 0.6342 0.0029 -0.7732
vn 0.6344 0.0028 -0.7730
vn -0.8820 -0.0039 0.4713
vn 0.4712 0.0021 -0.8820
vn 0.4714 0.0021 -0.8819
vn 0.0981 0.0004 0.9952
vn 0.0977 0.0004 0.9952
vn -0.7726 -0.0035 0.6349
vn 0.2902 0.0012 -0.9570
vn 0.2903 0.0013 -0.9569
vn 0.2902 0.0013 0.9570
vn 0.2903 0.0009 0.9569
vn -0.6343 -0.0028 0.7731
vn -0.6344 -0.0028 0.7730
vn 0.0978 0.0004 -0.9952
vn 0.0980 0.0004 -0.9952
vn 0.4717 0.0021 0.8818
vn 0.4714 0.0021 0.8819
vn -0.4719 -0.0022 0.8817
vn -0.0978 -0.0004 -0.9952
vn -0.0980 -0.0004 -0.9952
vn 0.6344 0.0028 0.7730
vn -0.2903 -0.0013 0.9569
vn -0.2903 -0.0013 -0.9569
vn 0.7730 0.0033 0.6344
vn 0.7726 0.0035 0.6349
vn -0.0982 -0.0004 0.9952
vn -0.0981 -0.0004 0.9952
vn -0.4714 -0.0021 -0.8819
vn -0.4715 -0.0021 -0.8819
vn 0.8819 0.0039 0.4714
vn 0.8816 0.0040 0.4719
vn -0.6343 -0.0028 -0.7731
vn -0.6344 -0.0028 -0.7730
vn 0.9569 0.0044 0.2903
vn -0.7726 -0.0035 -0.6349
vn 0.9952 0.0046 0.0977
vt 0.000000 0.000000
s 0
usemtl Goddard_None
f 2049/2/1874 2050/2/1874 2051/2/1874
f 2051/2/1875 2052/2/1875 2053/2/1875
f 2049/2/1875 2051/2/1875 2053/2/1875
f 2053/2/1875 2054/2/1875 2055/2/1875
f 2055/2/1875 2056/2/1875 2057/2/1875
f 2053/2/1874 2055/2/1874 2057/2/1874
f 2049/2/1874 2053/2/1874 2057/2/1874
f 2057/2/1875 2058/2/1875 2059/2/1875
f 2059/2/1875 2060/2/1875 2061/2/1875
f 2057/2/1876 2059/2/1876 2061/2/1876
f 2061/2/1875 2062/2/1875 2063/2/1875
f 2063/2/1875 2064/2/1875 2065/2/1875
f 2061/2/1875 2063/2/1875 2065/2/1875
f 2057/2/1877 2061/2/1877 2065/2/1877
f 2065/2/1875 2066/2/1875 2067/2/1875
f 2067/2/1875 2068/2/1875 2069/2/1875
f 2065/2/1875 2067/2/1875 2069/2/1875
f 2069/2/1875 2070/2/1875 2071/2/1875
f 2071/2/1875 2072/2/1875 2073/2/1875
f 2069/2/1875 2071/2/1875 2073/2/1875
f 2065/2/1878 2069/2/1878 2073/2/1878
f 2057/2/1878 2065/2/1878 2073/2/1878
f 2049/2/1878 2057/2/1878 2073/2/1878
f 2074/2/1875 2075/2/1875 2076/2/1875
f 2073/2/1875 2074/2/1875 2076/2/1875
f 2073/2/1878 2076/2/1878 2077/2/1878
f 2049/2/1878 2073/2/1878 2077/2/1878
f 2078/2/1875 2049/2/1875 2077/2/1875
f 2078/2/1875 2077/2/1875 2079/2/1875
f 2078/2/1875 2079/2/1875 2080/2/1875
f 2081/2/1879 2082/2/1879 2083/2/1879
f 2083/2/1880 2084/2/1880 2081/2/1880
f 2067/2/1881 2085/2/1881 2086/2/1881
f 2086/2/1882 2068/2/1882 2067/2/1882
f 2087/2/1883 2049/2/1883 2078/2/1883
f 2078/2/1884 2088/2/1884 2087/2/1884
f 2053/2/1885 2089/2/1885 2090/2/1885
f 2090/2/1885 2054/2/1885 2053/2/1885
f 2066/2/1886 2091/2/1886 2085/2/1886
f 2085/2/1887 2067/2/1887 2066/2/1887
f 2088/2/1888 2078/2/1888 2080/2/1888
f 2080/2/1889 2092/2/1889 2088/2/1889
f 2052/2/1890 2093/2/1890 2089/2/1890
f 2089/2/1890 2053/2/1890 2052/2/1890
f 2065/2/1891 2094/2/1891 2091/2/1891
f 2091/2/1891 2066/2/1891 2065/2/1891
f 2092/2/1892 2080/2/1892 2079/2/1892
f 2079/2/1892 2095/2/1892 2092/2/1892
f 2051/2/1893 2096/2/1893 2093/2/1893
f 2093/2/1894 2052/2/1894 2051/2/1894
f 2064/2/1895 2097/2/1895 2094/2/1895
f 2094/2/1895 2065/2/1895 2064/2/1895
f 2079/2/1896 2077/2/1896 2098/2/1896
f 2098/2/1897 2095/2/1897 2079/2/1897
f 2050/2/1898 2099/2/1898 2096/2/1898
f 2096/2/1899 2051/2/1899 2050/2/1899
f 2063/2/1900 2100/2/1900 2097/2/1900
f 2097/2/1901 2064/2/1901 2063/2/1901
f 2076/2/1902 2101/2/1902 2098/2/1902
f 2098/2/1903 2077/2/1903 2076/2/1903
f 2050/2/1904 2049/2/1904 2087/2/1904
f 2087/2/1904 2099/2/1904 2050/2/1904
f 2062/2/1905 2102/2/1905 2100/2/1905
f 2100/2/1906 2063/2/1906 2062/2/1906
f 2103/2/1907 2101/2/1907 2076/2/1907
f 2076/2/1908 2075/2/1908 2103/2/1908
f 2061/2/1909 2104/2/1909 2102/2/1909
f 2102/2/1910 2062/2/1910 2061/2/1910
f 2074/2/1911 2105/2/1911 2103/2/1911
f 2103/2/1911 2075/2/1911 2074/2/1911
f 2060/2/1912 2106/2/1912 2104/2/1912
f 2104/2/1913 2061/2/1913 2060/2/1913
f 2084/2/1914 2105/2/1914 2074/2/1914
f 2074/2/1915 2073/2/1915 2084/2/1915
f 2059/2/1916 2107/2/1916 2106/2/1916
f 2106/2/1916 2060/2/1916 2059/2/1916
f 2084/2/1917 2073/2/1917 2072/2/1917
f 2072/2/1918 2081/2/1918 2084/2/1918
f 2058/2/1919 2108/2/1919 2107/2/1919
f 2107/2/1919 2059/2/1919 2058/2/1919
f 2072/2/1920 2071/2/1920 2109/2/1920
f 2109/2/1920 2081/2/1920 2072/2/1920
f 2057/2/1921 2110/2/1921 2108/2/1921
f 2108/2/1922 2058/2/1922 2057/2/1922
f 2070/2/1923 2111/2/1923 2109/2/1923
f 2109/2/1923 2071/2/1923 2070/2/1923
f 2056/2/1924 2112/2/1924 2110/2/1924
f 2110/2/1925 2057/2/1925 2056/2/1925
f 2069/2/1926 2113/2/1926 2111/2/1926
f 2111/2/1927 2070/2/1927 2069/2/1927
f 2055/2/1928 2114/2/1928 2112/2/1928
f 2112/2/1929 2056/2/1929 2055/2/1929
f 2068/2/1930 2086/2/1930 2113/2/1930
f 2113/2/1930 2069/2/1930 2068/2/1930
f 2054/2/1931 2090/2/1931 2114/2/1931
f 2114/2/1931 2055/2/1931 2054/2/1931
f 2115/2/1932 2116/2/1932 2117/2/1932
f 2117/2/1933 2118/2/1933 2115/2/1933
f 2108/2/1934 2119/2/1934 2120/2/1934
f 2120/2/1935 2107/2/1935 2108/2/1935
f 2109/2/1936 2121/2/1936 2082/2/1936
f 2082/2/1937 2081/2/1937 2109/2/1937
f 2110/2/1938 2122/2/1938 2119/2/1938
f 2119/2/1939 2108/2/1939 2110/2/1939
f 2111/2/1940 2118/2/1940 2121/2/1940
f 2121/2/1941 2109/2/1941 2111/2/1941
f 2112/2/1942 2123/2/1942 2122/2/1942
f 2122/2/1943 2110/2/1943 2112/2/1943
f 2113/2/1944 2115/2/1944 2118/2/1944
f 2118/2/1945 2111/2/1945 2113/2/1945
f 2114/2/1946 2124/2/1946 2123/2/1946
f 2123/2/1947 2112/2/1947 2114/2/1947
f 2086/2/1948 2125/2/1948 2115/2/1948
f 2115/2/1949 2113/2/1949 2086/2/1949
f 2090/2/1950 2126/2/1950 2124/2/1950
f 2124/2/1951 2114/2/1951 2090/2/1951
f 2085/2/1952 2127/2/1952 2125/2/1952
f 2125/2/1953 2086/2/1953 2085/2/1953
f 2088/2/1954 2128/2/1954 2129/2/1954
f 2129/2/1954 2087/2/1954 2088/2/1954
f 2089/2/1955 2130/2/1955 2126/2/1955
f 2126/2/1956 2090/2/1956 2089/2/1956
f 2091/2/1957 2131/2/1957 2127/2/1957
f 2127/2/1957 2085/2/1957 2091/2/1957
f 2092/2/1958 2132/2/1958 2128/2/1958
f 2128/2/1959 2088/2/1959 2092/2/1959
f 2093/2/1960 2133/2/1960 2130/2/1960
f 2130/2/1961 2089/2/1961 2093/2/1961
f 2094/2/1962 2134/2/1962 2131/2/1962
f 2131/2/1963 2091/2/1963 2094/2/1963
f 2095/2/1964 2135/2/1964 2132/2/1964
f 2132/2/1965 2092/2/1965 2095/2/1965
f 2096/2/1966 2136/2/1966 2133/2/1966
f 2133/2/1967 2093/2/1967 2096/2/1967
f 2097/2/1968 2137/2/1968 2134/2/1968
f 2134/2/1969 2094/2/1969 2097/2/1969
f 2098/2/1970 2138/2/1970 2135/2/1970
f 2135/2/1970 2095/2/1970 2098/2/1970
f 2099/2/1971 2139/2/1971 2136/2/1971
f 2136/2/1972 2096/2/1972 2099/2/1972
f 2100/2/1973 2140/2/1973 2137/2/1973
f 2137/2/1974 2097/2/1974 2100/2/1974
f 2101/2/1975 2141/2/1975 2138/2/1975
f 2138/2/1976 2098/2/1976 2101/2/1976
f 2099/2/1977 2087/2/1977 2129/2/1977
f 2129/2/1977 2139/2/1977 2099/2/1977
f 2102/2/1978 2142/2/1978 2140/2/1978
f 2140/2/1979 2100/2/1979 2102/2/1979
f 2103/2/1980 2143/2/1980 2141/2/1980
f 2141/2/1981 2101/2/1981 2103/2/1981
f 2104/2/1982 2144/2/1982 2142/2/1982
f 2142/2/1982 2102/2/1982 2104/2/1982
f 2105/2/1983 2145/2/1983 2143/2/1983
f 2143/2/1984 2103/2/1984 2105/2/1984
f 2106/2/1985 2146/2/1985 2144/2/1985
f 2144/2/1986 2104/2/1986 2106/2/1986
f 2084/2/1987 2083/2/1987 2145/2/1987
f 2145/2/1988 2105/2/1988 2084/2/1988
f 2107/2/1989 2120/2/1989 2146/2/1989
f 2146/2/1990 2106/2/1990 2107/2/1990
f 2147/2/1991 2148/2/1991 2149/2/1991
f 2149/2/1887 2150/2/1887 2147/2/1887
f 2124/2/1992 2151/2/1992 2152/2/1992
f 2152/2/1993 2123/2/1993 2124/2/1993
f 2125/2/1994 2153/2/1994 2116/2/1994
f 2116/2/1995 2115/2/1995 2125/2/1995
f 2126/2/1996 2154/2/1996 2151/2/1996
f 2151/2/1996 2124/2/1996 2126/2/1996
f 2127/2/1997 2147/2/1997 2153/2/1997
f 2153/2/1998 2125/2/1998 2127/2/1998
f 2128/2/1999 2155/2/1999 2156/2/1999
f 2156/2/2000 2129/2/2000 2128/2/2000
f 2130/2/2001 2157/2/2001 2154/2/2001
f 2154/2/2002 2126/2/2002 2130/2/2002
f 2131/2/2003 2148/2/2003 2147/2/2003
f 2147/2/2003 2127/2/2003 2131/2/2003
f 2132/2/2004 2158/2/2004 2155/2/2004
f 2155/2/2005 2128/2/2005 2132/2/2005
f 2133/2/2006 2159/2/2006 2157/2/2006
f 2157/2/2007 2130/2/2007 2133/2/2007
f 2134/2/2008 2160/2/2008 2148/2/2008
f 2148/2/2008 2131/2/2008 2134/2/2008
f 2135/2/2009 2161/2/2009 2158/2/2009
f 2158/2/2010 2132/2/2010 2135/2/2010
f 2136/2/2011 2162/2/2011 2159/2/2011
f 2159/2/2011 2133/2/2011 2136/2/2011
f 2137/2/2012 2163/2/2012 2160/2/2012
f 2160/2/2013 2134/2/2013 2137/2/2013
f 2138/2/2014 2164/2/2014 2161/2/2014
f 2161/2/2014 2135/2/2014 2138/2/2014
f 2139/2/2015 2165/2/2015 2162/2/2015
f 2162/2/2015 2136/2/2015 2139/2/2015
f 2140/2/2016 2166/2/2016 2163/2/2016
f 2163/2/2016 2137/2/2016 2140/2/2016
f 2141/2/2017 2167/2/2017 2164/2/2017
f 2164/2/2018 2138/2/2018 2141/2/2018
f 2139/2/2019 2129/2/2019 2156/2/2019
f 2156/2/2019 2165/2/2019 2139/2/2019
f 2142/2/2020 2168/2/2020 2166/2/2020
f 2166/2/2021 2140/2/2021 2142/2/2021
f 2143/2/2022 2169/2/2022 2167/2/2022
f 2167/2/2023 2141/2/2023 2143/2/2023
f 2144/2/2024 2170/2/2024 2168/2/2024
f 2168/2/2025 2142/2/2025 2144/2/2025
f 2145/2/2026 2171/2/2026 2169/2/2026
f 2169/2/2027 2143/2/2027 2145/2/2027
f 2146/2/2028 2172/2/2028 2170/2/2028
f 2170/2/2029 2144/2/2029 2146/2/2029
f 2083/2/2030 2173/2/2030 2171/2/2030
f 2171/2/2031 2145/2/2031 2083/2/2031
f 2120/2/2032 2174/2/2032 2172/2/2032
f 2172/2/2032 2146/2/2032 2120/2/2032
f 2082/2/2033 2175/2/2033 2173/2/2033
f 2173/2/2034 2083/2/2034 2082/2/2034
f 2119/2/2035 2176/2/2035 2174/2/2035
f 2174/2/2036 2120/2/2036 2119/2/2036
f 2121/2/2037 2177/2/2037 2175/2/2037
f 2175/2/2038 2082/2/2038 2121/2/2038
f 2122/2/2039 2178/2/2039 2176/2/2039
f 2176/2/2040 2119/2/2040 2122/2/2040
f 2118/2/2041 2117/2/2041 2177/2/2041
f 2177/2/2041 2121/2/2041 2118/2/2041
f 2123/2/2042 2152/2/2042 2178/2/2042
f 2178/2/2043 2122/2/2043 2123/2/2043
f 2179/2/2044 2180/2/2044 2181/2/2044
f 2181/2/2045 2182/2/2045 2179/2/2045
f 2158/2/2046 2183/2/2046 2184/2/2046
f 2184/2/2046 2155/2/2046 2158/2/2046
f 2185/2/2047 2186/2/2047 2157/2/2047
f 2157/2/2047 2159/2/2047 2185/2/2047
f 2148/2/2048 2160/2/2048 2187/2/2048
f 2187/2/2049 2149/2/2049 2148/2/2049
f 2161/2/2050 2188/2/2050 2183/2/2050
f 2183/2/1892 2158/2/1892 2161/2/1892
f 2159/2/2051 2162/2/2051 2189/2/2051
f 2189/2/1894 2185/2/1894 2159/2/1894
f 2160/2/2052 2163/2/2052 2182/2/2052
f 2182/2/2053 2187/2/2053 2160/2/2053
f 2164/2/1896 2190/2/1896 2188/2/1896
f 2188/2/2054 2161/2/2054 2164/2/2054
f 2162/2/2055 2165/2/2055 2191/2/2055
f 2191/2/2056 2189/2/2056 2162/2/2056
f 2163/2/2057 2166/2/2057 2179/2/2057
f 2179/2/2058 2182/2/2058 2163/2/2058
f 2167/2/2059 2192/2/2059 2190/2/2059
f 2190/2/2060 2164/2/2060 2167/2/2060
f 2191/2/2061 2165/2/2061 2156/2/2061
f 2156/2/2062 2193/2/2062 2191/2/2062
f 2166/2/2063 2168/2/2063 2194/2/2063
f 2194/2/2064 2179/2/2064 2166/2/2064
f 2169/2/2065 2195/2/2065 2192/2/2065
f 2192/2/1908 2167/2/1908 2169/2/1908
f 2196/2/1910 2194/2/1910 2168/2/1910
f 2168/2/1910 2170/2/1910 2196/2/1910
f 2171/2/2066 2197/2/2066 2195/2/2066
f 2195/2/2067 2169/2/2067 2171/2/2067
f 2170/2/2068 2172/2/2068 2198/2/2068
f 2198/2/2068 2196/2/2068 2170/2/2068
f 2171/2/2069 2173/2/2069 2199/2/2069
f 2199/2/2069 2197/2/2069 2171/2/2069
f 2172/2/2070 2174/2/2070 2200/2/2070
f 2200/2/2071 2198/2/2071 2172/2/2071
f 2173/2/2072 2175/2/2072 2201/2/2072
f 2201/2/2073 2199/2/2073 2173/2/2073
f 2202/2/1919 2200/2/1919 2174/2/1919
f 2174/2/2074 2176/2/2074 2202/2/2074
f 2201/2/2075 2175/2/2075 2177/2/2075
f 2177/2/2075 2203/2/2075 2201/2/2075
f 2176/2/1921 2178/2/1921 2204/2/1921
f 2204/2/2076 2202/2/2076 2176/2/2076
f 2177/2/1923 2117/2/1923 2205/2/1923
f 2205/2/2077 2203/2/2077 2177/2/2077
f 2178/2/2078 2152/2/2078 2206/2/2078
f 2206/2/1925 2204/2/1925 2178/2/1925
f 2205/2/2079 2117/2/2079 2116/2/2079
f 2116/2/2079 2207/2/2079 2205/2/2079
f 2208/2/2080 2206/2/2080 2152/2/2080
f 2152/2/2081 2151/2/2081 2208/2/2081
f 2207/2/2082 2116/2/2082 2153/2/2082
f 2153/2/2083 2209/2/2083 2207/2/2083
f 2151/2/2084 2154/2/2084 2210/2/2084
f 2210/2/1931 2208/2/1931 2151/2/1931
f 2150/2/2085 2209/2/2085 2153/2/2085
f 2153/2/2085 2147/2/2085 2150/2/2085
f 2155/2/2086 2184/2/2086 2193/2/2086
f 2193/2/2087 2156/2/2087 2155/2/2087
f 2154/2/2088 2157/2/2088 2186/2/2088
f 2186/2/2088 2210/2/2088 2154/2/2088
f 2211/2/2089 2212/2/2089 2213/2/2089
f 2213/2/2090 2214/2/2090 2211/2/2090
f 2192/2/2091 2215/2/2091 2216/2/2091
f 2216/2/2092 2190/2/2092 2192/2/2092
f 2217/2/2093 2191/2/2093 2193/2/2093
f 2193/2/2094 2218/2/2094 2217/2/2094
f 2180/2/2095 2179/2/2095 2194/2/2095
f 2194/2/2095 2219/2/2095 2180/2/2095
f 2220/2/2096 2215/2/2096 2192/2/2096
f 2192/2/2097 2195/2/2097 2220/2/2097
f 2196/2/2098 2214/2/2098 2219/2/2098
f 2219/2/2099 2194/2/2099 2196/2/2099
f 2197/2/2100 2221/2/2100 2220/2/2100
f 2220/2/2101 2195/2/2101 2197/2/2101
f 2198/2/2102 2211/2/2102 2214/2/2102
f 2214/2/2103 2196/2/2103 2198/2/2103
f 2199/2/2104 2222/2/2104 2221/2/2104
f 2221/2/2105 2197/2/2105 2199/2/2105
f 2223/2/2106 2211/2/2106 2198/2/2106
f 2198/2/2106 2200/2/2106 2223/2/2106
f 2201/2/2107 2224/2/2107 2222/2/2107
f 2222/2/2108 2199/2/2108 2201/2/2108
f 2202/2/2109 2225/2/2109 2223/2/2109
f 2223/2/2109 2200/2/2109 2202/2/2109
f 2226/2/2110 2224/2/2110 2201/2/2110
f 2201/2/2111 2203/2/2111 2226/2/2111
f 2204/2/2112 2227/2/2112 2225/2/2112
f 2225/2/2113 2202/2/2113 2204/2/2113
f 2205/2/2114 2228/2/2114 2226/2/2114
f 2226/2/2115 2203/2/2115 2205/2/2115
f 2229/2/2116 2227/2/2116 2204/2/2116
f 2204/2/2117 2206/2/2117 2229/2/2117
f 2207/2/2118 2230/2/2118 2228/2/2118
f 2228/2/2119 2205/2/2119 2207/2/2119
f 2208/2/2120 2231/2/2120 2229/2/2120
f 2229/2/2121 2206/2/2121 2208/2/2121
f 2232/2/2122 2230/2/2122 2207/2/2122
f 2207/2/2123 2209/2/2123 2232/2/2123
f 2210/2/2124 2233/2/2124 2231/2/2124
f 2231/2/2124 2208/2/2124 2210/2/2124
f 2150/2/2125 2234/2/2125 2232/2/2125
f 2232/2/2126 2209/2/2126 2150/2/2126
f 2184/2/2127 2235/2/2127 2218/2/2127
f 2218/2/2128 2193/2/2128 2184/2/2128
f 2233/2/2129 2210/2/2129 2186/2/2129
f 2186/2/2130 2236/2/2130 2233/2/2130
f 2149/2/2131 2237/2/2131 2234/2/2131
f 2234/2/2131 2150/2/2131 2149/2/2131
f 2183/2/2132 2238/2/2132 2235/2/2132
f 2235/2/2133 2184/2/2133 2183/2/2133
f 2185/2/2134 2239/2/2134 2236/2/2134
f 2236/2/2135 2186/2/2135 2185/2/2135
f 2240/2/2136 2237/2/2136 2149/2/2136
f 2149/2/2137 2187/2/2137 2240/2/2137
f 2241/2/2138 2238/2/2138 2183/2/2138
f 2183/2/2138 2188/2/2138 2241/2/2138
f 2189/2/2139 2242/2/2139 2239/2/2139
f 2239/2/2140 2185/2/2140 2189/2/2140
f 2182/2/2141 2181/2/2141 2240/2/2141
f 2240/2/2142 2187/2/2142 2182/2/2142
f 2190/2/2143 2216/2/2143 2241/2/2143
f 2241/2/2143 2188/2/2143 2190/2/2143
f 2217/2/2144 2242/2/2144 2189/2/2144
f 2189/2/2145 2191/2/2145 2217/2/2145
f 2243/2/1921 2244/2/1921 2245/2/1921
f 2245/2/2146 2246/2/2146 2243/2/2146
f 2247/2/2147 2221/2/2147 2222/2/2147
f 2222/2/2147 2248/2/2147 2247/2/2147
f 2223/2/2148 2249/2/2148 2212/2/2148
f 2212/2/2149 2211/2/2149 2223/2/2149
f 2224/2/2150 2250/2/2150 2248/2/2150
f 2248/2/2151 2222/2/2151 2224/2/2151
f 2249/2/2152 2223/2/2152 2225/2/2152
f 2225/2/2153 2245/2/2153 2249/2/2153
f 2226/2/2154 2251/2/2154 2250/2/2154
f 2250/2/2155 2224/2/2155 2226/2/2155
f 2227/2/2156 2246/2/2156 2245/2/2156
f 2245/2/2157 2225/2/2157 2227/2/2157
f 2252/2/2158 2251/2/2158 2226/2/2158
f 2226/2/2159 2228/2/2159 2252/2/2159
f 2229/2/2160 2253/2/2160 2246/2/2160
f 2246/2/2161 2227/2/2161 2229/2/2161
f 2230/2/2162 2254/2/2162 2252/2/2162
f 2252/2/2163 2228/2/2163 2230/2/2163
f 2253/2/2164 2229/2/2164 2231/2/2164
f 2231/2/2165 2255/2/2165 2253/2/2165
f 2232/2/2166 2256/2/2166 2254/2/2166
f 2254/2/2167 2230/2/2167 2232/2/2167
f 2233/2/2168 2257/2/2168 2255/2/2168
f 2255/2/2169 2231/2/2169 2233/2/2169
f 2258/2/2170 2256/2/2170 2232/2/2170
f 2232/2/2171 2234/2/2171 2258/2/2171
f 2218/2/2172 2235/2/2172 2259/2/2172
f 2259/2/2173 2260/2/2173 2218/2/2173
f 2236/2/2174 2261/2/2174 2257/2/2174
f 2257/2/2175 2233/2/2175 2236/2/2175
f 2237/2/2176 2262/2/2176 2258/2/2176
f 2258/2/2177 2234/2/2177 2237/2/2177
f 2238/2/2178 2263/2/2178 2259/2/2178
f 2259/2/2179 2235/2/2179 2238/2/2179
f 2264/2/2180 2261/2/2180 2236/2/2180
f 2236/2/2180 2239/2/2180 2264/2/2180
f 2240/2/2181 2265/2/2181 2262/2/2181
f 2262/2/2181 2237/2/2181 2240/2/2181
f 2241/2/2182 2266/2/2182 2263/2/2182
f 2263/2/2183 2238/2/2183 2241/2/2183
f 2242/2/2184 2267/2/2184 2264/2/2184
f 2264/2/2185 2239/2/2185 2242/2/2185
f 2265/2/2186 2240/2/2186 2181/2/2186
f 2181/2/2186 2268/2/2186 2265/2/2186
f 2216/2/2187 2269/2/2187 2266/2/2187
f 2266/2/2188 2241/2/2188 2216/2/2188
f 2217/2/2189 2270/2/2189 2267/2/2189
f 2267/2/2190 2242/2/2190 2217/2/2190
f 2180/2/2191 2271/2/2191 2268/2/2191
f 2268/2/2192 2181/2/2192 2180/2/2192
f 2269/2/2193 2216/2/2193 2215/2/2193
f 2215/2/2194 2272/2/2194 2269/2/2194
f 2260/2/2195 2270/2/2195 2217/2/2195
f 2217/2/2195 2218/2/2195 2260/2/2195
f 2219/2/2196 2273/2/2196 2271/2/2196
f 2271/2/2197 2180/2/2197 2219/2/2197
f 2220/2/2198 2274/2/2198 2272/2/2198
f 2272/2/2199 2215/2/2199 2220/2/2199
f 2273/2/2200 2219/2/2200 2214/2/2200
f 2214/2/2200 2213/2/2200 2273/2/2200
f 2221/2/2201 2247/2/2201 2274/2/2201
f 2274/2/2202 2220/2/2202 2221/2/2202
f 2275/2/2203 2276/2/2203 2277/2/2203
f 2277/2/2204 2278/2/2204 2275/2/2204
f 2252/2/2205 2279/2/2205 2280/2/2205
f 2280/2/1923 2251/2/1923 2252/2/1923
f 2253/2/2206 2281/2/2206 2243/2/2206
f 2243/2/1924 2246/2/1924 2253/2/1924
f 2282/2/2207 2279/2/2207 2252/2/2207
f 2252/2/2207 2254/2/2207 2282/2/2207
f 2255/2/2208 2278/2/2208 2281/2/2208
f 2281/2/2208 2253/2/2208 2255/2/2208
f 2256/2/2209 2283/2/2209 2282/2/2209
f 2282/2/2209 2254/2/2209 2256/2/2209
f 2275/2/2210 2278/2/2210 2255/2/2210
f 2255/2/2211 2257/2/2211 2275/2/2211
f 2258/2/2212 2284/2/2212 2283/2/2212
f 2283/2/2212 2256/2/2212 2258/2/2212
f 2260/2/1884 2259/2/1884 2285/2/1884
f 2285/2/2213 2286/2/2213 2260/2/2213
f 2261/2/2088 2287/2/2088 2275/2/2088
f 2275/2/2088 2257/2/2088 2261/2/2088
f 2288/2/1887 2284/2/1887 2258/2/1887
f 2258/2/2214 2262/2/2214 2288/2/2214
f 2285/2/2215 2259/2/2215 2263/2/2215
f 2263/2/2046 2289/2/2046 2285/2/2046
f 2264/2/2216 2290/2/2216 2287/2/2216
f 2287/2/2216 2261/2/2216 2264/2/2216
f 2265/2/2217 2291/2/2217 2288/2/2217
f 2288/2/2218 2262/2/2218 2265/2/2218
f 2289/2/2219 2263/2/2219 2266/2/2219
f 2266/2/1892 2292/2/1892 2289/2/1892
f 2293/2/2220 2290/2/2220 2264/2/2220
f 2264/2/2221 2267/2/2221 2293/2/2221
f 2268/2/2052 2294/2/2052 2291/2/2052
f 2291/2/2052 2265/2/2052 2268/2/2052
f 2269/2/1896 2295/2/1896 2292/2/1896
f 2292/2/2222 2266/2/2222 2269/2/2222
f 2270/2/2223 2296/2/2223 2293/2/2223
f 2293/2/2056 2267/2/2056 2270/2/2056
f 2297/2/2224 2294/2/2224 2268/2/2224
f 2268/2/2225 2271/2/2225 2297/2/2225
f 2272/2/2226 2298/2/2226 2295/2/2226
f 2295/2/2060 2269/2/2060 2272/2/2060
f 2286/2/2061 2296/2/2061 2270/2/2061
f 2270/2/2061 2260/2/2061 2286/2/2061
f 2273/2/2063 2299/2/2063 2297/2/2063
f 2297/2/2227 2271/2/2227 2273/2/2227
f 2298/2/1908 2272/2/1908 2274/2/1908
f 2274/2/1908 2300/2/1908 2298/2/1908
f 2213/2/2228 2301/2/2228 2299/2/2228
f 2299/2/2229 2273/2/2229 2213/2/2229
f 2247/2/2230 2302/2/2230 2300/2/2230
f 2300/2/2231 2274/2/2231 2247/2/2231
f 2303/2/2232 2301/2/2232 2213/2/2232
f 2213/2/2233 2212/2/2233 2303/2/2233
f 2248/2/2234 2304/2/2234 2302/2/2234
f 2302/2/1914 2247/2/1914 2248/2/1914
f 2249/2/2235 2305/2/2235 2303/2/2235
f 2303/2/2236 2212/2/2236 2249/2/2236
f 2306/2/1917 2304/2/1917 2248/2/1917
f 2248/2/2237 2250/2/2237 2306/2/2237
f 2245/2/2238 2244/2/2238 2305/2/2238
f 2305/2/2238 2249/2/2238 2245/2/2238
f 2251/2/2239 2280/2/2239 2306/2/2239
f 2306/2/2240 2250/2/2240 2251/2/2240
f 2307/2/2241 2308/2/2241 2309/2/2241
f 2309/2/2242 2310/2/2242 2307/2/2242
f 2284/2/2243 2311/2/2243 2312/2/2243
f 2312/2/2243 2283/2/2243 2284/2/2243
f 2313/2/2244 2314/2/2244 2286/2/2244
f 2286/2/2244 2285/2/2244 2313/2/2244
f 2315/2/2245 2276/2/2245 2275/2/2245
f 2275/2/2245 2287/2/2245 2315/2/2245
f 2288/2/2246 2316/2/2246 2311/2/2246
f 2311/2/2246 2284/2/2246 2288/2/2246
f 2289/2/2247 2317/2/2247 2313/2/2247
f 2313/2/2247 2285/2/2247 2289/2/2247
f 2290/2/2248 2318/2/2248 2315/2/2248
f 2315/2/2248 2287/2/2248 2290/2/2248
f 2319/2/2249 2316/2/2249 2288/2/2249
f 2288/2/2249 2291/2/2249 2319/2/2249
f 2292/2/2250 2320/2/2250 2317/2/2250
f 2317/2/2250 2289/2/2250 2292/2/2250
f 2293/2/2251 2321/2/2251 2318/2/2251
f 2318/2/2251 2290/2/2251 2293/2/2251
f 2294/2/2252 2322/2/2252 2319/2/2252
f 2319/2/2252 2291/2/2252 2294/2/2252
f 2323/2/2253 2320/2/2253 2292/2/2253
f 2292/2/2253 2295/2/2253 2323/2/2253
f 2321/2/2254 2293/2/2254 2296/2/2254
f 2296/2/2254 2324/2/2254 2321/2/2254
f 2297/2/2255 2325/2/2255 2322/2/2255
f 2322/2/2255 2294/2/2255 2297/2/2255
f 2298/2/2256 2326/2/2256 2323/2/2256
f 2323/2/2256 2295/2/2256 2298/2/2256
f 2314/2/2257 2324/2/2257 2296/2/2257
f 2296/2/2257 2286/2/2257 2314/2/2257
f 2325/2/2258 2297/2/2258 2299/2/2258
f 2299/2/2258 2327/2/2258 2325/2/2258
f 2300/2/2259 2328/2/2259 2326/2/2259
f 2326/2/2259 2298/2/2259 2300/2/2259
f 2301/2/2260 2329/2/2260 2327/2/2260
f 2327/2/2260 2299/2/2260 2301/2/2260
f 2330/2/2261 2328/2/2261 2300/2/2261
f 2300/2/2261 2302/2/2261 2330/2/2261
f 2303/2/2262 2331/2/2262 2329/2/2262
f 2329/2/2262 2301/2/2262 2303/2/2262
f 2304/2/2263 2332/2/2263 2330/2/2263
f 2330/2/2263 2302/2/2263 2304/2/2263
f 2309/2/2264 2331/2/2264 2303/2/2264
f 2303/2/2265 2305/2/2265 2309/2/2265
f 2306/2/2266 2333/2/2266 2332/2/2266
f 2332/2/2266 2304/2/2266 2306/2/2266
f 2244/2/2267 2310/2/2267 2309/2/2267
f 2309/2/2267 2305/2/2267 2244/2/2267
f 2333/2/2268 2306/2/2268 2280/2/2268
f 2280/2/2268 2334/2/2268 2333/2/2268
f 2243/2/2269 2335/2/2269 2310/2/2269
f 2310/2/2270 2244/2/2270 2243/2/2270
f 2279/2/2271 2336/2/2271 2334/2/2271
f 2334/2/2271 2280/2/2271 2279/2/2271
f 2335/2/2272 2243/2/2272 2281/2/2272
f 2281/2/2272 2337/2/2272 2335/2/2272
f 2282/2/2273 2338/2/2273 2336/2/2273
f 2336/2/2273 2279/2/2273 2282/2/2273
f 2278/2/2274 2277/2/2274 2337/2/2274
f 2337/2/2274 2281/2/2274 2278/2/2274
f 2312/2/2275 2338/2/2275 2282/2/2275
f 2282/2/2275 2283/2/2275 2312/2/2275
f 2339/2/2276 2340/2/2276 2341/2/2276
f 2341/2/2276 2342/2/2276 2339/2/2276
f 2334/2/2277 2343/2/2277 2344/2/2277
f 2344/2/2278 2333/2/2278 2334/2/2278
f 2335/2/2279 2345/2/2279 2307/2/2279
f 2307/2/2280 2310/2/2280 2335/2/2280
f 2346/2/2281 2343/2/2281 2334/2/2281
f 2334/2/2282 2336/2/2282 2346/2/2282
f 2337/2/2283 2342/2/2283 2345/2/2283
f 2345/2/2284 2335/2/2284 2337/2/2284
f 2338/2/2285 2347/2/2285 2346/2/2285
f 2346/2/2286 2336/2/2286 2338/2/2286
f 2342/2/2287 2337/2/2287 2277/2/2287
f 2277/2/2288 2339/2/2288 2342/2/2288
f 2312/2/2289 2348/2/2289 2347/2/2289
f 2347/2/2290 2338/2/2290 2312/2/2290
f 2276/2/2291 2349/2/2291 2339/2/2291
f 2339/2/2292 2277/2/2292 2276/2/2292
f 2348/2/2293 2312/2/2293 2311/2/2293
f 2311/2/2293 2350/2/2293 2348/2/2293
f 2314/2/2294 2313/2/2294 2351/2/2294
f 2351/2/2295 2352/2/2295 2314/2/2295
f 2315/2/2296 2353/2/2296 2349/2/2296
f 2349/2/2297 2276/2/2297 2315/2/2297
f 2316/2/2298 2354/2/2298 2350/2/2298
f 2350/2/2299 2311/2/2299 2316/2/2299
f 2317/2/2300 2355/2/2300 2351/2/2300
f 2351/2/2301 2313/2/2301 2317/2/2301
f 2356/2/2302 2353/2/2302 2315/2/2302
f 2315/2/2303 2318/2/2303 2356/2/2303
f 2319/2/2304 2357/2/2304 2354/2/2304
f 2354/2/2305 2316/2/2305 2319/2/2305
f 2320/2/2306 2358/2/2306 2355/2/2306
f 2355/2/2307 2317/2/2307 2320/2/2307
f 2321/2/2308 2359/2/2308 2356/2/2308
f 2356/2/2309 2318/2/2309 2321/2/2309
f 2360/2/2310 2357/2/2310 2319/2/2310
f 2319/2/2311 2322/2/2311 2360/2/2311
f 2323/2/2312 2361/2/2312 2358/2/2312
f 2358/2/2313 2320/2/2313 2323/2/2313
f 2324/2/2314 2362/2/2314 2359/2/2314
f 2359/2/2315 2321/2/2315 2324/2/2315
f 2325/2/2316 2363/2/2316 2360/2/2316
f 2360/2/2317 2322/2/2317 2325/2/2317
f 2361/2/2318 2323/2/2318 2326/2/2318
f 2326/2/2319 2364/2/2319 2361/2/2319
f 2352/2/2320 2362/2/2320 2324/2/2320
f 2324/2/2321 2314/2/2321 2352/2/2321
f 2327/2/2322 2365/2/2322 2363/2/2322
f 2363/2/2323 2325/2/2323 2327/2/2323
f 2328/2/2324 2366/2/2324 2364/2/2324
f 2364/2/2325 2326/2/2325 2328/2/2325
f 2365/2/2326 2327/2/2326 2329/2/2326
f 2329/2/2327 2367/2/2327 2365/2/2327
f 2330/2/2328 2368/2/2328 2366/2/2328
f 2366/2/2329 2328/2/2329 2330/2/2329
f 2331/2/2330 2369/2/2330 2367/2/2330
f 2367/2/2331 2329/2/2331 2331/2/2331
f 2370/2/2332 2368/2/2332 2330/2/2332
f 2330/2/2333 2332/2/2333 2370/2/2333
f 2309/2/2334 2308/2/2335 2369/2/2335
f 2369/2/2336 2331/2/2336 2309/2/2336
f 2333/2/2337 2344/2/2337 2370/2/2337
f 2370/2/2338 2332/2/2338 2333/2/2338
f 2371/2/2339 2372/2/2339 2373/2/2339
f 2373/2/2339 2374/2/2339 2371/2/2339
f 2348/2/2340 2375/2/2340 2376/2/2340
f 2376/2/2341 2347/2/2341 2348/2/2341
f 2339/2/2342 2349/2/2342 2377/2/2342
f 2377/2/2342 2340/2/2342 2339/2/2342
f 2350/2/2343 2378/2/2343 2375/2/2343
f 2375/2/2344 2348/2/2344 2350/2/2344
f 2352/2/2345 2351/2/2345 2379/2/2345
f 2379/2/2346 2380/2/2346 2352/2/2346
f 2377/2/2347 2349/2/2347 2353/2/2347
f 2353/2/2347 2372/2/2347 2377/2/2347
f 2350/2/2348 2354/2/2348 2381/2/2348
f 2381/2/2349 2378/2/2349 2350/2/2349
f 2379/2/2350 2351/2/2350 2355/2/2350
f 2355/2/2351 2382/2/2351 2379/2/2351
f 2356/2/2352 2373/2/2352 2372/2/2352
f 2372/2/2353 2353/2/2353 2356/2/2353
f 2381/2/2354 2354/2/2354 2357/2/2354
f 2357/2/2354 2383/2/2354 2381/2/2354
f 2382/2/2355 2355/2/2355 2358/2/2355
f 2358/2/2356 2384/2/2356 2382/2/2356
f 2356/2/2357 2359/2/2357 2385/2/2357
f 2385/2/2358 2373/2/2358 2356/2/2358
f 2360/2/2359 2386/2/2359 2383/2/2359
f 2383/2/2360 2357/2/2360 2360/2/2360
f 2361/2/2361 2387/2/2361 2384/2/2361
f 2384/2/2361 2358/2/2361 2361/2/2361
f 2385/2/2362 2359/2/2362 2362/2/2362
f 2362/2/2363 2388/2/2363 2385/2/2363
f 2360/2/2364 2363/2/2364 2389/2/2364
f 2389/2/2365 2386/2/2365 2360/2/2365
f 2364/2/2366 2390/2/2366 2387/2/2366
f 2387/2/2366 2361/2/2366 2364/2/2366
f 2362/2/2367 2352/2/2367 2380/2/2367
f 2380/2/2368 2388/2/2368 2362/2/2368
f 2389/2/2369 2363/2/2369 2365/2/2369
f 2365/2/2370 2391/2/2370 2389/2/2370
f 2390/2/2371 2364/2/2371 2366/2/2371
f 2366/2/2371 2392/2/2371 2390/2/2371
f 2367/2/2372 2393/2/2372 2391/2/2372
f 2391/2/2373 2365/2/2373 2367/2/2373
f 2368/2/2374 2394/2/2374 2392/2/2374
f 2392/2/2374 2366/2/2374 2368/2/2374
f 2367/2/2375 2369/2/2375 2395/2/2375
f 2395/2/2376 2393/2/2376 2367/2/2376
f 2370/2/2377 2396/2/2377 2394/2/2377
f 2394/2/2378 2368/2/2378 2370/2/2378
f 2395/2/2379 2369/2/2379 2308/2/2379
f 2308/2/2380 2397/2/2380 2395/2/2380
f 2370/2/2381 2344/2/2381 2398/2/2381
f 2398/2/2382 2396/2/2382 2370/2/2382
f 2307/2/2383 2399/2/2383 2397/2/2383
f 2397/2/2383 2308/2/2383 2307/2/2383
f 2398/2/2384 2344/2/2384 2343/2/2384
f 2343/2/2384 2400/2/2384 2398/2/2384
f 2307/2/2385 2345/2/2385 2401/2/2385
f 2401/2/2386 2399/2/2386 2307/2/2386
f 2402/2/2387 2400/2/2387 2343/2/2387
f 2343/2/2388 2346/2/2388 2402/2/2388
f 2401/2/2389 2345/2/2389 2342/2/2389
f 2342/2/2390 2341/2/2390 2401/2/2390
f 2402/2/2391 2346/2/2391 2347/2/2391
f 2347/2/2392 2376/2/2392 2402/2/2392
f 2403/2/2393 2404/2/2393 2405/2/2393
f 2405/2/2393 2406/2/2393 2403/2/2393
f 2383/2/2394 2407/2/2394 2408/2/2394
f 2408/2/2394 2381/2/2394 2383/2/2394
f 2384/2/2395 2409/2/2395 2410/2/2395
f 2410/2/2395 2382/2/2395 2384/2/2395
f 2385/2/2396 2411/2/2396 2374/2/2396
f 2374/2/2396 2373/2/2396 2385/2/2396
f 2407/2/2397 2383/2/2397 2386/2/2397
f 2386/2/2397 2412/2/2397 2407/2/2397
f 2384/2/2398 2387/2/2398 2413/2/2398
f 2413/2/2398 2409/2/2398 2384/2/2398
f 2388/2/2399 2405/2/2399 2411/2/2399
f 2411/2/2399 2385/2/2399 2388/2/2399
f 2389/2/2400 2414/2/2400 2412/2/2400
f 2412/2/2400 2386/2/2400 2389/2/2400
f 2413/2/2401 2387/2/2401 2390/2/2401
f 2390/2/2401 2415/2/2401 2413/2/2401
f 2406/2/2402 2405/2/2402 2388/2/2402
f 2388/2/2402 2380/2/2402 2406/2/2402
f 2391/2/2403 2416/2/2403 2414/2/2403
f 2414/2/2403 2389/2/2403 2391/2/2403
f 2392/2/2404 2417/2/2404 2415/2/2404
f 2415/2/2404 2390/2/2404 2392/2/2404
f 2416/2/2405 2391/2/2405 2393/2/2405
f 2393/2/2406 2418/2/2406 2416/2/2406
f 2392/2/2407 2394/2/2407 2419/2/2407
f 2419/2/2407 2417/2/2407 2392/2/2407
f 2395/2/2408 2420/2/2408 2418/2/2408
f 2418/2/2408 2393/2/2408 2395/2/2408
f 2419/2/2409 2394/2/2409 2396/2/2409
f 2396/2/2409 2421/2/2409 2419/2/2409
f 2397/2/2410 2422/2/2410 2420/2/2410
f 2420/2/2410 2395/2/2410 2397/2/2410
f 2398/2/2411 2423/2/2411 2421/2/2411
f 2421/2/2411 2396/2/2411 2398/2/2411
f 2422/2/2412 2397/2/2412 2399/2/2412
f 2399/2/2412 2424/2/2412 2422/2/2412
f 2400/2/2413 2425/2/2413 2423/2/2413
f 2423/2/2413 2398/2/2413 2400/2/2413
f 2401/2/2414 2426/2/2414 2424/2/2414
f 2424/2/2415 2399/2/2415 2401/2/2415
f 2400/2/2416 2402/2/2416 2427/2/2416
f 2427/2/2416 2425/2/2416 2400/2/2416
f 2341/2/2417 2428/2/2417 2426/2/2417
f 2426/2/2418 2401/2/2418 2341/2/2418
f 2429/2/2419 2427/2/2419 2402/2/2419
f 2402/2/2420 2376/2/2420 2429/2/2420
f 2428/2/2421 2341/2/2421 2340/2/2421
f 2340/2/2421 2430/2/2421 2428/2/2421
f 2429/2/2422 2376/2/2422 2375/2/2422
f 2375/2/2422 2431/2/2422 2429/2/2422
f 2377/2/2423 2432/2/2423 2430/2/2423
f 2430/2/2423 2340/2/2423 2377/2/2423
f 2431/2/2424 2375/2/2424 2378/2/2424
f 2378/2/2424 2433/2/2424 2431/2/2424
f 2379/2/2425 2434/2/2425 2406/2/2425
f 2406/2/2425 2380/2/2425 2379/2/2425
f 2372/2/2426 2371/2/2426 2432/2/2426
f 2432/2/2426 2377/2/2426 2372/2/2426
f 2381/2/2427 2408/2/2427 2433/2/2427
f 2433/2/2427 2378/2/2427 2381/2/2427
f 2434/2/2428 2379/2/2428 2382/2/2428
f 2382/2/2428 2410/2/2428 2434/2/2428
f 2435/2/2429 2436/2/2429 2437/2/2429
f 2437/2/2430 2438/2/2430 2435/2/2430
f 2416/2/2431 2439/2/2431 2440/2/2431
f 2440/2/2432 2414/2/2432 2416/2/2432
f 2441/2/2433 2415/2/2433 2417/2/2433
f 2417/2/2434 2442/2/2434 2441/2/2434
f 2418/2/2435 2443/2/2435 2439/2/2435
f 2439/2/2436 2416/2/2436 2418/2/2436
f 2419/2/2437 2444/2/2437 2442/2/2437
f 2442/2/2438 2417/2/2438 2419/2/2438
f 2443/2/2439 2418/2/2439 2420/2/2439
f 2420/2/2440 2438/2/2440 2443/2/2440
f 2421/2/2441 2445/2/2441 2444/2/2441
f 2444/2/2442 2419/2/2442 2421/2/2442
f 2422/2/2443 2435/2/2443 2438/2/2443
f 2438/2/2444 2420/2/2444 2422/2/2444
f 2445/2/2445 2421/2/2445 2423/2/2445
f 2423/2/2446 2446/2/2446 2445/2/2446
f 2424/2/2447 2447/2/2447 2435/2/2447
f 2435/2/2448 2422/2/2448 2424/2/2448
f 2425/2/2449 2448/2/2449 2446/2/2449
f 2446/2/2450 2423/2/2450 2425/2/2450
f 2447/2/2451 2424/2/2451 2426/2/2451
f 2426/2/2452 2449/2/2452 2447/2/2452
f 2427/2/2453 2450/2/2453 2448/2/2453
f 2448/2/2454 2425/2/2454 2427/2/2454
f 2428/2/2455 2451/2/2455 2449/2/2455
f 2449/2/2456 2426/2/2456 2428/2/2456
f 2450/2/2457 2427/2/2457 2429/2/2457
f 2429/2/2457 2452/2/2457 2450/2/2457
f 2430/2/2458 2453/2/2458 2451/2/2458
f 2451/2/2458 2428/2/2458 2430/2/2458
f 2431/2/2459 2454/2/2459 2452/2/2459
f 2452/2/2460 2429/2/2460 2431/2/2460
f 2453/2/2461 2430/2/2461 2432/2/2461
f 2432/2/2462 2455/2/2462 2453/2/2462
f 2433/2/2463 2456/2/2463 2454/2/2463
f 2454/2/2464 2431/2/2464 2433/2/2464
f 2406/2/2465 2434/2/2465 2457/2/2465
f 2457/2/2466 2403/2/2466 2406/2/2466
f 2371/2/2467 2458/2/2467 2455/2/2467
f 2455/2/2468 2432/2/2468 2371/2/2468
f 2456/2/2469 2433/2/2469 2408/2/2469
f 2408/2/2470 2459/2/2470 2456/2/2470
f 2410/2/2471 2460/2/2471 2457/2/2471
f 2457/2/2472 2434/2/2472 2410/2/2472
f 2374/2/2473 2461/2/2473 2458/2/2473
f 2458/2/2473 2371/2/2473 2374/2/2473
f 2407/2/2474 2462/2/2474 2459/2/2474
f 2459/2/2475 2408/2/2475 2407/2/2475
f 2460/2/2476 2410/2/2476 2409/2/2476
f 2409/2/2476 2463/2/2476 2460/2/2476
f 2461/2/2477 2374/2/2477 2411/2/2477
f 2411/2/2478 2464/2/2478 2461/2/2478
f 2412/2/2479 2465/2/2479 2462/2/2479
f 2462/2/2480 2407/2/2480 2412/2/2480
f 2413/2/2481 2466/2/2481 2463/2/2481
f 2463/2/2482 2409/2/2482 2413/2/2482
f 2405/2/2483 2404/2/2483 2464/2/2483
f 2464/2/2484 2411/2/2484 2405/2/2484
f 2465/2/2485 2412/2/2485 2414/2/2485
f 2414/2/2486 2440/2/2486 2465/2/2486
f 2415/2/2487 2441/2/2487 2466/2/2487
f 2466/2/2487 2413/2/2487 2415/2/2487
f 2467/2/2488 2468/2/2488 2469/2/2488
f 2469/2/2488 2470/2/2488 2467/2/2488
f 2471/2/2489 2472/2/2489 2445/2/2489
f 2445/2/2490 2446/2/2490 2471/2/2490
f 2447/2/2491 2473/2/2491 2436/2/2491
f 2436/2/2492 2435/2/2492 2447/2/2492
f 2448/2/2493 2474/2/2493 2471/2/2493
f 2471/2/2494 2446/2/2494 2448/2/2494
f 2468/2/2495 2473/2/2495 2447/2/2495
f 2447/2/2495 2449/2/2495 2468/2/2495
f 2450/2/2496 2475/2/2496 2474/2/2496
f 2474/2/2497 2448/2/2497 2450/2/2497
f 2451/2/2498 2469/2/2498 2468/2/2498
f 2468/2/2499 2449/2/2499 2451/2/2499
f 2476/2/2500 2475/2/2500 2450/2/2500
f 2450/2/2501 2452/2/2501 2476/2/2501
f 2453/2/2502 2477/2/2502 2469/2/2502
f 2469/2/2503 2451/2/2503 2453/2/2503
f 2454/2/2504 2478/2/2504 2476/2/2504
f 2476/2/2504 2452/2/2504 2454/2/2504
f 2479/2/2505 2477/2/2505 2453/2/2505
f 2453/2/2505 2455/2/2505 2479/2/2505
f 2456/2/2506 2480/2/2506 2478/2/2506
f 2478/2/2507 2454/2/2507 2456/2/2507
f 2481/2/2508 2403/2/2508 2457/2/2508
f 2457/2/2508 2482/2/2508 2481/2/2508
f 2458/2/2509 2483/2/2509 2479/2/2509
f 2479/2/2509 2455/2/2509 2458/2/2509
f 2484/2/2510 2480/2/2510 2456/2/2510
f 2456/2/2511 2459/2/2511 2484/2/2511
f 2482/2/2512 2457/2/2512 2460/2/2512
f 2460/2/2513 2485/2/2513 2482/2/2513
f 2461/2/2514 2486/2/2514 2483/2/2514
f 2483/2/2515 2458/2/2515 2461/2/2515
f 2462/2/2516 2487/2/2516 2484/2/2516
f 2484/2/2517 2459/2/2517 2462/2/2517
f 2463/2/2518 2488/2/2518 2485/2/2518
f 2485/2/2519 2460/2/2519 2463/2/2519
f 2489/2/2520 2486/2/2520 2461/2/2520
f 2461/2/2521 2464/2/2521 2489/2/2521
f 2465/2/2522 2490/2/2522 2487/2/2522
f 2487/2/2522 2462/2/2522 2465/2/2522
f 2488/2/2523 2463/2/2523 2466/2/2523
f 2466/2/2523 2491/2/2523 2488/2/2523
f 2404/2/2524 2492/2/2524 2489/2/2524
f 2489/2/2525 2464/2/2525 2404/2/2525
f 2493/2/2526 2490/2/2526 2465/2/2526
f 2465/2/2526 2440/2/2526 2493/2/2526
f 2441/2/2527 2494/2/2527 2491/2/2527
f 2491/2/2528 2466/2/2528 2441/2/2528
f 2481/2/2529 2492/2/2529 2404/2/2529
f 2404/2/2530 2403/2/2530 2481/2/2530
f 2439/2/2531 2495/2/2531 2493/2/2531
f 2493/2/2532 2440/2/2532 2439/2/2532
f 2442/2/2533 2496/2/2533 2494/2/2533
f 2494/2/2534 2441/2/2534 2442/2/2534
f 2443/2/2535 2497/2/2535 2495/2/2535
f 2495/2/2535 2439/2/2535 2443/2/2535
f 2496/2/2536 2442/2/2536 2444/2/2536
f 2444/2/2536 2498/2/2536 2496/2/2536
f 2437/2/2537 2497/2/2537 2443/2/2537
f 2443/2/2538 2438/2/2538 2437/2/2538
f 2445/2/2539 2472/2/2539 2498/2/2539
f 2498/2/2540 2444/2/2540 2445/2/2540
f 2499/2/2541 2500/2/2541 2501/2/2541
f 2501/2/2541 2502/2/2541 2499/2/2541
f 2476/2/2542 2503/2/2542 2504/2/2542
f 2504/2/2542 2475/2/2542 2476/2/2542
f 2477/2/2543 2505/2/2543 2470/2/2543
f 2470/2/2543 2469/2/2543 2477/2/2543
f 2506/2/2544 2503/2/2544 2476/2/2544
f 2476/2/2544 2478/2/2544 2506/2/2544
f 2479/2/2545 2507/2/2545 2505/2/2545
f 2505/2/2545 2477/2/2545 2479/2/2545
f 2480/2/2546 2508/2/2546 2506/2/2546
f 2506/2/2546 2478/2/2546 2480/2/2546
f 2500/2/2547 2499/2/2547 2481/2/2547
f 2481/2/2547 2482/2/2547 2500/2/2547
f 2509/2/2548 2507/2/2548 2479/2/2548
f 2479/2/2548 2483/2/2548 2509/2/2548
f 2484/2/2549 2510/2/2549 2508/2/2549
f 2508/2/2549 2480/2/2549 2484/2/2549
f 2485/2/2550 2511/2/2550 2500/2/2550
f 2500/2/2550 2482/2/2550 2485/2/2550
f 2486/2/2551 2512/2/2551 2509/2/2551
f 2509/2/2551 2483/2/2551 2486/2/2551
f 2513/2/2552 2510/2/2552 2484/2/2552
f 2484/2/2552 2487/2/2552 2513/2/2552
f 2488/2/2553 2514/2/2553 2511/2/2553
f 2511/2/2553 2485/2/2553 2488/2/2553
f 2489/2/2554 2515/2/2554 2512/2/2554
f 2512/2/2554 2486/2/2554 2489/2/2554
f 2490/2/2555 2516/2/2555 2513/2/2555
f 2513/2/2555 2487/2/2555 2490/2/2555
f 2517/2/2556 2514/2/2556 2488/2/2556
f 2488/2/2556 2491/2/2556 2517/2/2556
f 2518/2/2557 2515/2/2557 2489/2/2557
f 2489/2/2557 2492/2/2557 2518/2/2557
f 2493/2/2558 2519/2/2558 2516/2/2558
f 2516/2/2558 2490/2/2558 2493/2/2558
f 2494/2/2559 2520/2/2559 2517/2/2559
f 2517/2/2559 2491/2/2559 2494/2/2559
f 2518/2/2560 2492/2/2560 2481/2/2560
f 2481/2/2560 2499/2/2560 2518/2/2560
f 2519/2/2561 2493/2/2561 2495/2/2561
f 2495/2/2561 2521/2/2561 2519/2/2561
f 2496/2/2562 2522/2/2562 2520/2/2562
f 2520/2/2562 2494/2/2562 2496/2/2562
f 2497/2/2563 2523/2/2563 2521/2/2563
f 2521/2/2563 2495/2/2563 2497/2/2563
f 2524/2/2564 2522/2/2564 2496/2/2564
f 2496/2/2564 2498/2/2564 2524/2/2564
f 2437/2/2565 2525/2/2565 2523/2/2565
f 2523/2/2565 2497/2/2565 2437/2/2565
f 2472/2/2566 2526/2/2566 2524/2/2566
f 2524/2/2566 2498/2/2566 2472/2/2566
f 2525/2/2567 2437/2/2567 2436/2/2567
f 2436/2/2567 2527/2/2567 2525/2/2567
f 2471/2/2568 2528/2/2568 2526/2/2568
f 2526/2/2568 2472/2/2568 2471/2/2568
f 2473/2/2569 2529/2/2569 2527/2/2569
f 2527/2/2569 2436/2/2569 2473/2/2569
f 2530/2/2570 2528/2/2570 2471/2/2570
f 2471/2/2570 2474/2/2570 2530/2/2570
f 2468/2/2571 2467/2/2571 2529/2/2571
f 2529/2/2571 2473/2/2571 2468/2/2571
f 2475/2/2572 2504/2/2572 2530/2/2572
f 2530/2/2572 2474/2/2572 2475/2/2572
f 2531/2/2573 2532/2/2573 2533/2/2573
f 2533/2/2574 2534/2/2574 2531/2/2574
f 2509/2/2575 2535/2/2575 2536/2/2575
f 2536/2/2576 2507/2/2576 2509/2/2576
f 2510/2/2577 2537/2/2577 2538/2/2577
f 2538/2/2578 2508/2/2578 2510/2/2578
f 2511/2/2579 2539/2/2579 2501/2/2579
f 2501/2/2580 2500/2/2580 2511/2/2580
f 2540/2/2581 2535/2/2581 2509/2/2581
f 2509/2/2582 2512/2/2582 2540/2/2582
f 2513/2/2583 2541/2/2583 2537/2/2583
f 2537/2/2584 2510/2/2584 2513/2/2584
f 2514/2/2585 2534/2/2585 2539/2/2585
f 2539/2/2586 2511/2/2586 2514/2/2586
f 2515/2/2587 2542/2/2587 2540/2/2587
f 2540/2/2587 2512/2/2587 2515/2/2587
f 2541/2/2588 2513/2/2588 2516/2/2588
f 2516/2/2589 2543/2/2589 2541/2/2589
f 2517/2/2590 2531/2/2590 2534/2/2590
f 2534/2/2590 2514/2/2590 2517/2/2590
f 2518/2/2591 2544/2/2591 2542/2/2591
f 2542/2/2592 2515/2/2592 2518/2/2592
f 2519/2/2593 2545/2/2593 2543/2/2593
f 2543/2/2594 2516/2/2594 2519/2/2594
f 2531/2/2595 2517/2/2595 2520/2/2595
f 2520/2/2596 2546/2/2596 2531/2/2596
f 2544/2/2597 2518/2/2597 2499/2/2597
f 2499/2/2598 2502/2/2598 2544/2/2598
f 2521/2/2599 2547/2/2599 2545/2/2599
f 2545/2/2600 2519/2/2600 2521/2/2600
f 2522/2/2601 2548/2/2601 2546/2/2601
f 2546/2/2602 2520/2/2602 2522/2/2602
f 2549/2/2603 2547/2/2603 2521/2/2603
f 2521/2/2604 2523/2/2604 2549/2/2604
f 2524/2/2605 2550/2/2605 2548/2/2605
f 2548/2/2606 2522/2/2606 2524/2/2606
f 2525/2/2607 2551/2/2607 2549/2/2607
f 2549/2/2607 2523/2/2607 2525/2/2607
f 2552/2/2608 2550/2/2608 2524/2/2608
f 2524/2/2608 2526/2/2608 2552/2/2608
f 2527/2/2609 2553/2/2609 2551/2/2609
f 2551/2/2610 2525/2/2610 2527/2/2610
f 2528/2/2611 2554/2/2611 2552/2/2611
f 2552/2/2612 2526/2/2612 2528/2/2612
f 2553/2/2613 2527/2/2613 2529/2/2613
f 2529/2/2614 2555/2/2614 2553/2/2614
f 2530/2/2615 2556/2/2615 2554/2/2615
f 2554/2/2616 2528/2/2616 2530/2/2616
f 2467/2/2617 2557/2/2617 2555/2/2617
f 2555/2/2618 2529/2/2618 2467/2/2618
f 2558/2/2619 2556/2/2619 2530/2/2619
f 2530/2/2620 2504/2/2620 2558/2/2620
f 2470/2/2621 2559/2/2621 2557/2/2621
f 2557/2/2622 2467/2/2622 2470/2/2622
f 2503/2/2623 2560/2/2623 2558/2/2623
f 2558/2/2623 2504/2/2623 2503/2/2623
f 2561/2/2624 2559/2/2624 2470/2/2624
f 2470/2/2625 2505/2/2625 2561/2/2625
f 2506/2/2626 2562/2/2626 2560/2/2626
f 2560/2/2627 2503/2/2627 2506/2/2627
f 2507/2/2628 2536/2/2628 2561/2/2628
f 2561/2/2629 2505/2/2629 2507/2/2629
f 2562/2/2630 2506/2/2630 2508/2/2630
f 2508/2/2631 2538/2/2631 2562/2/2631
f 2563/2/2632 2564/2/2632 2565/2/2632
f 2565/2/2632 2566/2/2632 2563/2/2632
f 2544/2/2633 2567/2/2633 2568/2/2633
f 2568/2/2634 2542/2/2634 2544/2/2634
f 2569/2/2635 2570/2/2635 2543/2/2635
f 2543/2/2635 2545/2/2635 2569/2/2635
f 2546/2/2636 2571/2/2636 2532/2/2636
f 2532/2/2637 2531/2/2637 2546/2/2637
f 2572/2/2638 2567/2/2638 2544/2/2638
f 2544/2/2639 2502/2/2639 2572/2/2639
f 2547/2/2640 2573/2/2640 2569/2/2640
f 2569/2/2640 2545/2/2640 2547/2/2640
f 2571/2/2641 2546/2/2641 2548/2/2641
f 2548/2/2642 2565/2/2642 2571/2/2642
f 2549/2/2643 2574/2/2643 2573/2/2643
f 2573/2/2644 2547/2/2644 2549/2/2644
f 2550/2/2645 2566/2/2645 2565/2/2645
f 2565/2/2646 2548/2/2646 2550/2/2646
f 2575/2/2647 2574/2/2647 2549/2/2647
f 2549/2/2648 2551/2/2648 2575/2/2648
f 2552/2/2649 2576/2/2649 2566/2/2649
f 2566/2/2650 2550/2/2650 2552/2/2650
f 2553/2/2651 2577/2/2651 2575/2/2651
f 2575/2/2651 2551/2/2651 2553/2/2651
f 2578/2/2652 2576/2/2652 2552/2/2652
f 2552/2/2653 2554/2/2653 2578/2/2653
f 2555/2/2654 2579/2/2654 2577/2/2654
f 2577/2/2655 2553/2/2655 2555/2/2655
f 2556/2/2656 2580/2/2656 2578/2/2656
f 2578/2/2657 2554/2/2657 2556/2/2657
f 2581/2/2658 2579/2/2658 2555/2/2658
f 2555/2/2659 2557/2/2659 2581/2/2659
f 2558/2/2660 2582/2/2660 2580/2/2660
f 2580/2/2661 2556/2/2661 2558/2/2661
f 2559/2/2662 2583/2/2662 2581/2/2662
f 2581/2/2663 2557/2/2663 2559/2/2663
f 2584/2/2664 2582/2/2664 2558/2/2664
f 2558/2/2665 2560/2/2665 2584/2/2665
f 2561/2/2666 2585/2/2666 2583/2/2666
f 2583/2/2666 2559/2/2666 2561/2/2666
f 2562/2/2667 2586/2/2667 2584/2/2667
f 2584/2/2668 2560/2/2668 2562/2/2668
f 2587/2/2669 2585/2/2669 2561/2/2669
f 2561/2/2670 2536/2/2670 2587/2/2670
f 2538/2/2671 2588/2/2671 2586/2/2671
f 2586/2/2672 2562/2/2672 2538/2/2672
f 2502/2/2673 2501/2/2673 2589/2/2673
f 2589/2/2674 2572/2/2674 2502/2/2674
f 2535/2/2675 2590/2/2675 2587/2/2675
f 2587/2/2676 2536/2/2676 2535/2/2676
f 2591/2/2677 2588/2/2677 2538/2/2677
f 2538/2/2678 2537/2/2678 2591/2/2678
f 2592/2/2679 2589/2/2679 2501/2/2679
f 2501/2/2680 2539/2/2680 2592/2/2680
f 2540/2/2681 2593/2/2681 2590/2/2681
f 2590/2/2682 2535/2/2682 2540/2/2682
f 2541/2/2683 2594/2/2683 2591/2/2683
f 2591/2/2684 2537/2/2684 2541/2/2684
f 2533/2/2685 2592/2/2685 2539/2/2685
f 2539/2/2686 2534/2/2686 2533/2/2686
f 2568/2/2687 2593/2/2687 2540/2/2687
f 2540/2/2688 2542/2/2688 2568/2/2688
f 2543/2/2689 2570/2/2689 2594/2/2689
f 2594/2/2690 2541/2/2690 2543/2/2690
f 2595/2/2691 2596/2/2691 2597/2/2691
f 2597/2/2692 2598/2/2692 2595/2/2692
f 2575/2/2693 2599/2/2693 2600/2/2693
f 2600/2/2693 2574/2/2693 2575/2/2693
f 2576/2/2694 2601/2/2694 2563/2/2694
f 2563/2/2694 2566/2/2694 2576/2/2694
f 2599/2/2695 2575/2/2695 2577/2/2695
f 2577/2/2695 2602/2/2695 2599/2/2695
f 2578/2/2696 2598/2/2696 2601/2/2696
f 2601/2/2696 2576/2/2696 2578/2/2696
f 2579/2/2697 2603/2/2697 2602/2/2697
f 2602/2/2697 2577/2/2697 2579/2/2697
f 2595/2/2698 2598/2/2698 2578/2/2698
f 2578/2/2698 2580/2/2698 2595/2/2698
f 2581/2/2699 2604/2/2699 2603/2/2699
f 2603/2/2700 2579/2/2700 2581/2/2700
f 2582/2/2701 2605/2/2701 2595/2/2701
f 2595/2/2701 2580/2/2701 2582/2/2701
f 2606/2/2702 2604/2/2702 2581/2/2702
f 2581/2/2702 2583/2/2702 2606/2/2702
f 2584/2/2703 2607/2/2703 2605/2/2703
f 2605/2/2703 2582/2/2703 2584/2/2703
f 2585/2/2704 2608/2/2704 2606/2/2704
f 2606/2/2704 2583/2/2704 2585/2/2704
f 2609/2/2705 2607/2/2705 2584/2/2705
f 2584/2/2705 2586/2/2705 2609/2/2705
f 2587/2/2706 2610/2/2706 2608/2/2706
f 2608/2/2706 2585/2/2706 2587/2/2706
f 2588/2/2707 2611/2/2707 2609/2/2707
f 2609/2/2707 2586/2/2707 2588/2/2707
f 2612/2/2708 2613/2/2708 2572/2/2708
f 2572/2/2708 2589/2/2708 2612/2/2708
f 2614/2/2709 2610/2/2709 2587/2/2709
f 2587/2/2709 2590/2/2709 2614/2/2709
f 2591/2/2710 2615/2/2710 2611/2/2710
f 2611/2/2710 2588/2/2710 2591/2/2710
f 2592/2/2711 2616/2/2711 2612/2/2711
f 2612/2/2711 2589/2/2711 2592/2/2711
f 2593/2/2712 2617/2/2712 2614/2/2712
f 2614/2/2712 2590/2/2712 2593/2/2712
f 2615/2/2713 2591/2/2713 2594/2/2713
f 2594/2/2713 2618/2/2713 2615/2/2713
f 2533/2/2714 2619/2/2714 2616/2/2714
f 2616/2/2714 2592/2/2714 2533/2/2714
f 2568/2/2715 2620/2/2715 2617/2/2715
f 2617/2/2715 2593/2/2715 2568/2/2715
f 2570/2/2716 2621/2/2716 2618/2/2716
f 2618/2/2716 2594/2/2716 2570/2/2716
f 2622/2/2717 2619/2/2717 2533/2/2717
f 2533/2/2717 2532/2/2717 2622/2/2717
f 2623/2/2718 2620/2/2718 2568/2/2718
f 2568/2/2718 2567/2/2718 2623/2/2718
f 2569/2/2719 2624/2/2719 2621/2/2719
f 2621/2/2719 2570/2/2719 2569/2/2719
f 2571/2/2720 2625/2/2720 2622/2/2720
f 2622/2/2720 2532/2/2720 2571/2/2720
f 2613/2/2721 2623/2/2721 2567/2/2721
f 2567/2/2721 2572/2/2721 2613/2/2721
f 2624/2/2722 2569/2/2722 2573/2/2722
f 2573/2/2722 2626/2/2722 2624/2/2722
f 2565/2/2723 2564/2/2723 2625/2/2723
f 2625/2/2723 2571/2/2723 2565/2/2723
f 2574/2/2724 2600/2/2724 2626/2/2724
f 2626/2/2724 2573/2/2724 2574/2/2724
f 2627/2/2725 2628/2/2725 2629/2/2725
f 2629/2/2726 2630/2/2726 2627/2/2726
f 2604/2/2727 2631/2/2727 2632/2/2727
f 2632/2/2728 2603/2/2728 2604/2/2728
f 2633/2/2729 2596/2/2729 2595/2/2729
f 2595/2/2730 2605/2/2730 2633/2/2730
f 2606/2/2731 2634/2/2731 2631/2/2731
f 2631/2/2731 2604/2/2731 2606/2/2731
f 2607/2/2732 2630/2/2732 2633/2/2732
f 2633/2/2733 2605/2/2733 2607/2/2733
f 2634/2/2734 2606/2/2734 2608/2/2734
f 2608/2/2735 2635/2/2735 2634/2/2735
f 2609/2/2736 2627/2/2736 2630/2/2736
f 2630/2/2737 2607/2/2737 2609/2/2737
f 2610/2/2738 2636/2/2738 2635/2/2738
f 2635/2/2739 2608/2/2739 2610/2/2739
f 2627/2/2740 2609/2/2740 2611/2/2740
f 2611/2/2740 2637/2/2740 2627/2/2740
f 2613/2/2741 2612/2/2741 2638/2/2741
f 2638/2/2742 2639/2/2742 2613/2/2742
f 2614/2/2743 2640/2/2743 2636/2/2743
f 2636/2/2744 2610/2/2744 2614/2/2744
f 2615/2/2745 2641/2/2745 2637/2/2745
f 2637/2/2746 2611/2/2746 2615/2/2746
f 2616/2/2747 2642/2/2747 2638/2/2747
f 2638/2/2748 2612/2/2748 2616/2/2748
f 2643/2/2749 2640/2/2749 2614/2/2749
f 2614/2/2750 2617/2/2750 2643/2/2750
f 2618/2/2751 2644/2/2751 2641/2/2751
f 2641/2/2752 2615/2/2752 2618/2/2752
f 2619/2/2753 2645/2/2753 2642/2/2753
f 2642/2/2754 2616/2/2754 2619/2/2754
f 2620/2/2755 2646/2/2755 2643/2/2755
f 2643/2/2756 2617/2/2756 2620/2/2756
f 2647/2/2757 2644/2/2757 2618/2/2757
f 2618/2/2758 2621/2/2758 2647/2/2758
f 2622/2/2759 2648/2/2759 2645/2/2759
f 2645/2/2760 2619/2/2760 2622/2/2760
f 2623/2/2761 2649/2/2761 2646/2/2761
f 2646/2/2762 2620/2/2762 2623/2/2762
f 2624/2/2763 2650/2/2763 2647/2/2763
f 2647/2/2764 2621/2/2764 2624/2/2764
f 2648/2/2765 2622/2/2765 2625/2/2765
f 2625/2/2766 2651/2/2766 2648/2/2766
f 2639/2/2767 2649/2/2767 2623/2/2767
f 2623/2/2768 2613/2/2768 2639/2/2768
f 2626/2/2769 2652/2/2769 2650/2/2769
f 2650/2/2770 2624/2/2770 2626/2/2770
f 2564/2/2771 2653/2/2771 2651/2/2771
f 2651/2/2772 2625/2/2772 2564/2/2772
f 2654/2/2773 2652/2/2773 2626/2/2773
f 2626/2/2773 2600/2/2773 2654/2/2773
f 2563/2/2774 2655/2/2774 2653/2/2774
f 2653/2/2775 2564/2/2775 2563/2/2775
f 2599/2/2776 2656/2/2776 2654/2/2776
f 2654/2/2777 2600/2/2777 2599/2/2777
f 2657/2/2778 2655/2/2778 2563/2/2778
f 2563/2/2779 2601/2/2779 2657/2/2779
f 2602/2/2780 2658/2/2780 2656/2/2780
f 2656/2/2781 2599/2/2781 2602/2/2781
f 2598/2/2782 2597/2/2782 2657/2/2782
f 2657/2/2783 2601/2/2783 2598/2/2783
f 2658/2/2784 2602/2/2784 2603/2/2784
f 2603/2/2785 2632/2/2785 2658/2/2785
f 2659/2/2786 2660/2/2786 2661/2/2786
f 2661/2/2786 2662/2/2786 2659/2/2786
f 2635/2/2787 2636/2/2787 2663/2/2787
f 2663/2/2788 2664/2/2788 2635/2/2788
f 2637/2/2789 2665/2/2789 2628/2/2789
f 2628/2/2790 2627/2/2790 2637/2/2790
f 2639/2/2791 2638/2/2791 2666/2/2791
f 2666/2/2791 2667/2/2791 2639/2/2791
f 2663/2/2792 2636/2/2792 2640/2/2792
f 2640/2/2792 2668/2/2792 2663/2/2792
f 2637/2/2793 2641/2/2793 2662/2/2793
f 2662/2/2794 2665/2/2794 2637/2/2794
f 2666/2/2795 2638/2/2795 2642/2/2795
f 2642/2/2796 2669/2/2796 2666/2/2796
f 2643/2/2797 2670/2/2797 2668/2/2797
f 2668/2/2797 2640/2/2797 2643/2/2797
f 2662/2/2798 2641/2/2798 2644/2/2798
f 2644/2/2799 2659/2/2799 2662/2/2799
f 2671/2/2800 2669/2/2800 2642/2/2800
f 2642/2/2801 2645/2/2801 2671/2/2801
f 2643/2/2802 2646/2/2802 2672/2/2802
f 2672/2/2803 2670/2/2803 2643/2/2803
f 2647/2/2804 2673/2/2804 2659/2/2804
f 2659/2/2804 2644/2/2804 2647/2/2804
f 2648/2/2805 2674/2/2805 2671/2/2805
f 2671/2/2806 2645/2/2806 2648/2/2806
f 2672/2/2807 2646/2/2807 2649/2/2807
f 2649/2/2808 2675/2/2808 2672/2/2808
f 2647/2/2809 2650/2/2809 2676/2/2809
f 2676/2/2810 2673/2/2810 2647/2/2810
f 2651/2/2811 2677/2/2811 2674/2/2811
f 2674/2/2811 2648/2/2811 2651/2/2811
f 2649/2/2812 2639/2/2812 2667/2/2812
f 2667/2/2812 2675/2/2812 2649/2/2812
f 2676/2/2813 2650/2/2813 2652/2/2813
f 2652/2/2814 2678/2/2814 2676/2/2814
f 2679/2/2815 2677/2/2815 2651/2/2815
f 2651/2/2816 2653/2/2816 2679/2/2816
f 2654/2/2817 2680/2/2817 2678/2/2817
f 2678/2/2817 2652/2/2817 2654/2/2817
f 2655/2/2818 2681/2/2818 2679/2/2818
f 2679/2/2819 2653/2/2819 2655/2/2819
f 2654/2/2820 2656/2/2820 2682/2/2820
f 2682/2/2821 2680/2/2821 2654/2/2821
f 2657/2/2822 2683/2/2822 2681/2/2822
f 2681/2/2822 2655/2/2822 2657/2/2822
f 2682/2/2823 2656/2/2823 2658/2/2823
f 2658/2/2824 2684/2/2824 2682/2/2824
f 2657/2/2825 2597/2/2825 2685/2/2825
f 2685/2/2826 2683/2/2826 2657/2/2826
f 2632/2/2827 2686/2/2827 2684/2/2827
f 2684/2/2827 2658/2/2827 2632/2/2827
f 2685/2/2828 2597/2/2828 2596/2/2828
f 2596/2/2828 2687/2/2828 2685/2/2828
f 2632/2/2829 2631/2/2829 2688/2/2829
f 2688/2/2830 2686/2/2830 2632/2/2830
f 2689/2/2831 2687/2/2831 2596/2/2831
f 2596/2/2832 2633/2/2832 2689/2/2832
f 2688/2/2833 2631/2/2833 2634/2/2833
f 2634/2/2834 2690/2/2834 2688/2/2834
f 2689/2/2835 2633/2/2835 2630/2/2835
f 2630/2/2835 2629/2/2835 2689/2/2835
f 2635/2/2836 2664/2/2836 2690/2/2836
f 2690/2/2836 2634/2/2836 2635/2/2836
f 2691/2/2837 2692/2/2837 2693/2/2837
f 2693/2/2837 2694/2/2837 2691/2/2837
f 2671/2/2838 2695/2/2838 2696/2/2838
f 2696/2/2838 2669/2/2838 2671/2/2838
f 2672/2/2839 2697/2/2839 2698/2/2839
f 2698/2/2839 2670/2/2839 2672/2/2839
f 2660/2/2840 2659/2/2840 2673/2/2840
f 2673/2/2840 2699/2/2840 2660/2/2840
f 2671/2/2841 2674/2/2841 2700/2/2841
f 2700/2/2841 2695/2/2841 2671/2/2841
f 2675/2/2842 2701/2/2842 2697/2/2842
f 2697/2/2842 2672/2/2842 2675/2/2842
f 2676/2/2843 2694/2/2843 2699/2/2843
f 2699/2/2843 2673/2/2843 2676/2/2843
f 2700/2/2844 2674/2/2844 2677/2/2844
f 2677/2/2844 2702/2/2844 2700/2/2844
f 2703/2/2845 2701/2/2845 2675/2/2845
f 2675/2/2845 2667/2/2845 2703/2/2845
f 2678/2/2846 2691/2/2846 2694/2/2846
f 2694/2/2846 2676/2/2846 2678/2/2846
f 2679/2/2847 2704/2/2847 2702/2/2847
f 2702/2/2847 2677/2/2847 2679/2/2847
f 2691/2/2848 2678/2/2848 2680/2/2848
f 2680/2/2848 2705/2/2848 2691/2/2848
f 2679/2/2849 2681/2/2849 2706/2/2849
f 2706/2/2849 2704/2/2849 2679/2/2849
f 2682/2/2850 2707/2/2850 2705/2/2850
f 2705/2/2850 2680/2/2850 2682/2/2850
f 2706/2/2851 2681/2/2851 2683/2/2851
f 2683/2/2851 2708/2/2851 2706/2/2851
f 2684/2/2852 2709/2/2852 2707/2/2852
f 2707/2/2852 2682/2/2852 2684/2/2852
f 2685/2/2853 2710/2/2853 2708/2/2853
f 2708/2/2853 2683/2/2853 2685/2/2853
f 2709/2/2854 2684/2/2854 2686/2/2854
f 2686/2/2854 2711/2/2854 2709/2/2854
f 2687/2/2855 2712/2/2855 2710/2/2855
f 2710/2/2855 2685/2/2855 2687/2/2855
f 2688/2/2856 2713/2/2856 2711/2/2856
f 2711/2/2857 2686/2/2857 2688/2/2857
f 2687/2/2858 2689/2/2858 2714/2/2858
f 2714/2/2858 2712/2/2858 2687/2/2858
f 2690/2/2859 2715/2/2859 2713/2/2859
f 2713/2/2860 2688/2/2860 2690/2/2860
f 2716/2/2861 2714/2/2861 2689/2/2861
f 2689/2/2861 2629/2/2861 2716/2/2861
f 2715/2/2862 2690/2/2862 2664/2/2862
f 2664/2/2862 2717/2/2862 2715/2/2862
f 2716/2/2863 2629/2/2863 2628/2/2863
f 2628/2/2863 2718/2/2863 2716/2/2863
f 2663/2/2864 2719/2/2864 2717/2/2864
f 2717/2/2864 2664/2/2864 2663/2/2864
f 2718/2/2865 2628/2/2865 2665/2/2865
f 2665/2/2865 2720/2/2865 2718/2/2865
f 2666/2/2866 2721/2/2866 2703/2/2866
f 2703/2/2866 2667/2/2866 2666/2/2866
f 2668/2/2867 2722/2/2867 2719/2/2867
f 2719/2/2867 2663/2/2867 2668/2/2867
f 2662/2/2868 2661/2/2868 2720/2/2868
f 2720/2/2868 2665/2/2868 2662/2/2868
f 2721/2/2869 2666/2/2869 2669/2/2869
f 2669/2/2869 2696/2/2869 2721/2/2869
f 2722/2/2870 2668/2/2870 2670/2/2870
f 2670/2/2870 2698/2/2870 2722/2/2870
f 2723/2/2871 2724/2/2871 2725/2/2871
f 2725/2/2871 2726/2/2871 2723/2/2871
f 2727/2/2872 2702/2/2872 2704/2/2872
f 2704/2/2873 2728/2/2873 2727/2/2873
f 2705/2/2874 2729/2/2874 2692/2/2874
f 2692/2/2874 2691/2/2874 2705/2/2874
f 2706/2/2875 2730/2/2875 2728/2/2875
f 2728/2/2876 2704/2/2876 2706/2/2876
f 2729/2/2877 2705/2/2877 2707/2/2877
f 2707/2/2878 2726/2/2878 2729/2/2878
f 2708/2/2879 2731/2/2879 2730/2/2879
f 2730/2/2880 2706/2/2880 2708/2/2880
f 2709/2/2881 2723/2/2881 2726/2/2881
f 2726/2/2882 2707/2/2882 2709/2/2882
f 2731/2/2883 2708/2/2883 2710/2/2883
f 2710/2/2884 2732/2/2884 2731/2/2884
f 2711/2/2885 2733/2/2885 2723/2/2885
f 2723/2/2886 2709/2/2886 2711/2/2886
f 2712/2/2887 2734/2/2887 2732/2/2887
f 2732/2/2888 2710/2/2888 2712/2/2888
f 2733/2/2889 2711/2/2889 2713/2/2889
f 2713/2/2889 2735/2/2889 2733/2/2889
f 2714/2/2890 2736/2/2890 2734/2/2890
f 2734/2/2890 2712/2/2890 2714/2/2890
f 2715/2/2891 2737/2/2891 2735/2/2891
f 2735/2/2892 2713/2/2892 2715/2/2892
f 2736/2/2893 2714/2/2893 2716/2/2893
f 2716/2/2893 2738/2/2893 2736/2/2893
f 2717/2/2894 2739/2/2894 2737/2/2894
f 2737/2/2894 2715/2/2894 2717/2/2894
f 2718/2/2895 2740/2/2895 2738/2/2895
f 2738/2/2896 2716/2/2896 2718/2/2896
f 2739/2/2897 2717/2/2897 2719/2/2897
f 2719/2/2898 2741/2/2898 2739/2/2898
f 2720/2/2899 2742/2/2899 2740/2/2899
f 2740/2/2900 2718/2/2900 2720/2/2900
f 2703/2/2901 2721/2/2901 2743/2/2901
f 2743/2/2902 2744/2/2902 2703/2/2902
f 2722/2/2903 2745/2/2903 2741/2/2903
f 2741/2/2904 2719/2/2904 2722/2/2904
f 2742/2/2905 2720/2/2905 2661/2/2905
f 2661/2/2906 2746/2/2906 2742/2/2906
f 2696/2/2907 2747/2/2907 2743/2/2907
f 2743/2/2908 2721/2/2908 2696/2/2908
f 2698/2/2909 2748/2/2909 2745/2/2909
f 2745/2/2910 2722/2/2910 2698/2/2910
f 2660/2/2911 2749/2/2911 2746/2/2911
f 2746/2/2911 2661/2/2911 2660/2/2911
f 2747/2/2912 2696/2/2912 2695/2/2912
f 2695/2/2912 2750/2/2912 2747/2/2912
f 2748/2/2913 2698/2/2913 2697/2/2913
f 2697/2/2914 2751/2/2914 2748/2/2914
f 2699/2/2915 2752/2/2915 2749/2/2915
f 2749/2/2916 2660/2/2916 2699/2/2916
f 2700/2/2917 2753/2/2917 2750/2/2917
f 2750/2/2918 2695/2/2918 2700/2/2918
f 2701/2/2919 2754/2/2919 2751/2/2919
f 2751/2/2920 2697/2/2920 2701/2/2920
f 2752/2/2921 2699/2/2921 2694/2/2921
f 2694/2/2922 2693/2/2922 2752/2/2922
f 2702/2/2923 2727/2/2923 2753/2/2923
f 2753/2/2924 2700/2/2924 2702/2/2924
f 2744/2/2925 2754/2/2925 2701/2/2925
f 2701/2/2926 2703/2/2926 2744/2/2926
f 2755/2/2927 2756/2/2927 2757/2/2927
f 2757/2/2927 2758/2/2927 2755/2/2927
f 2732/2/2928 2759/2/2928 2760/2/2928
f 2760/2/2928 2731/2/2928 2732/2/2928
f 2733/2/2929 2761/2/2929 2724/2/2929
f 2724/2/2929 2723/2/2929 2733/2/2929
f 2734/2/2930 2762/2/2930 2759/2/2930
f 2759/2/2930 2732/2/2930 2734/2/2930
f 2735/2/2931 2758/2/2931 2761/2/2931
f 2761/2/2932 2733/2/2932 2735/2/2932
f 2763/2/2933 2762/2/2933 2734/2/2933
f 2734/2/2933 2736/2/2933 2763/2/2933
f 2737/2/2934 2755/2/2934 2758/2/2934
f 2758/2/2934 2735/2/2934 2737/2/2934
f 2738/2/2935 2764/2/2935 2763/2/2935
f 2763/2/2936 2736/2/2936 2738/2/2936
f 2765/2/2937 2755/2/2937 2737/2/2937
f 2737/2/2937 2739/2/2937 2765/2/2937
f 2764/2/2938 2738/2/2938 2740/2/2938
f 2740/2/2939 2766/2/2939 2764/2/2939
f 2767/2/2940 2765/2/2940 2739/2/2940
f 2739/2/2940 2741/2/2940 2767/2/2940
f 2742/2/2941 2768/2/2941 2766/2/2941
f 2766/2/2941 2740/2/2941 2742/2/2941
f 2769/2/2942 2744/2/2942 2743/2/2942
f 2743/2/2942 2770/2/2942 2769/2/2942
f 2771/2/2943 2767/2/2943 2741/2/2943
f 2741/2/2943 2745/2/2943 2771/2/2943
f 2746/2/2944 2772/2/2944 2768/2/2944
f 2768/2/2945 2742/2/2945 2746/2/2945
f 2770/2/2946 2743/2/2946 2747/2/2946
f 2747/2/2946 2773/2/2946 2770/2/2946
f 2771/2/2947 2745/2/2947 2748/2/2947
f 2748/2/2948 2774/2/2948 2771/2/2948
f 2749/2/2949 2775/2/2949 2772/2/2949
f 2772/2/2950 2746/2/2950 2749/2/2950
f 2750/2/2951 2776/2/2951 2773/2/2951
f 2773/2/2952 2747/2/2952 2750/2/2952
f 2751/2/2953 2777/2/2953 2774/2/2953
f 2774/2/2953 2748/2/2953 2751/2/2953
f 2752/2/2954 2778/2/2954 2775/2/2954
f 2775/2/2955 2749/2/2955 2752/2/2955
f 2776/2/2956 2750/2/2956 2753/2/2956
f 2753/2/2957 2779/2/2957 2776/2/2957
f 2754/2/2958 2780/2/2958 2777/2/2958
f 2777/2/2958 2751/2/2958 2754/2/2958
f 2693/2/2959 2781/2/2959 2778/2/2959
f 2778/2/2959 2752/2/2959 2693/2/2959
f 2727/2/2960 2782/2/2960 2779/2/2960
f 2779/2/2960 2753/2/2960 2727/2/2960
f 2769/2/2961 2780/2/2961 2754/2/2961
f 2754/2/2962 2744/2/2962 2769/2/2962
f 2692/2/2963 2783/2/2963 2781/2/2963
f 2781/2/2963 2693/2/2963 2692/2/2963
f 2728/2/2964 2784/2/2964 2782/2/2964
f 2782/2/2964 2727/2/2964 2728/2/2964
f 2729/2/2965 2785/2/2965 2783/2/2965
f 2783/2/2966 2692/2/2966 2729/2/2966
f 2784/2/2967 2728/2/2967 2730/2/2967
f 2730/2/2968 2786/2/2968 2784/2/2968
f 2726/2/2969 2725/2/2969 2785/2/2969
f 2785/2/2970 2729/2/2970 2726/2/2970
f 2760/2/2971 2786/2/2971 2730/2/2971
f 2730/2/2972 2731/2/2972 2760/2/2972
f 2787/2/2973 2788/2/2973 2789/2/2973
f 2789/2/2973 2790/2/2973 2787/2/2973
f 2791/2/2974 2792/2/2974 2763/2/2974
f 2763/2/2974 2764/2/2974 2791/2/2974
f 2793/2/2975 2756/2/2975 2755/2/2975
f 2755/2/2975 2765/2/2975 2793/2/2975
f 2766/2/2976 2794/2/2976 2791/2/2976
f 2791/2/2976 2764/2/2976 2766/2/2976
f 2795/2/2977 2793/2/2977 2765/2/2977
f 2765/2/2977 2767/2/2977 2795/2/2977
f 2768/2/2978 2796/2/2978 2794/2/2978
f 2794/2/2978 2766/2/2978 2768/2/2978
f 2769/2/2979 2770/2/2979 2797/2/2979
f 2797/2/2979 2798/2/2979 2769/2/2979
f 2771/2/2980 2799/2/2980 2795/2/2980
f 2795/2/2980 2767/2/2980 2771/2/2980
f 2796/2/2981 2768/2/2981 2772/2/2981
f 2772/2/2981 2800/2/2981 2796/2/2981
f 2773/2/2982 2801/2/2982 2797/2/2982
f 2797/2/2982 2770/2/2982 2773/2/2982
f 2799/2/2983 2771/2/2983 2774/2/2983
f 2774/2/2983 2802/2/2983 2799/2/2983
f 2775/2/2984 2803/2/2984 2800/2/2984
f 2800/2/2984 2772/2/2984 2775/2/2984
f 2776/2/2985 2804/2/2985 2801/2/2985
f 2801/2/2985 2773/2/2985 2776/2/2985
f 2805/2/2986 2802/2/2986 2774/2/2986
f 2774/2/2986 2777/2/2986 2805/2/2986
f 2806/2/2987 2803/2/2987 2775/2/2987
f 2775/2/2987 2778/2/2987 2806/2/2987
f 2779/2/2988 2807/2/2988 2804/2/2988
f 2804/2/2988 2776/2/2988 2779/2/2988
f 2780/2/2989 2808/2/2989 2805/2/2989
f 2805/2/2989 2777/2/2989 2780/2/2989
f 2806/2/2990 2778/2/2990 2781/2/2990
f 2781/2/2990 2789/2/2990 2806/2/2990
f 2782/2/2991 2809/2/2991 2807/2/2991
f 2807/2/2991 2779/2/2991 2782/2/2991
f 2798/2/2992 2808/2/2992 2780/2/2992
f 2780/2/2992 2769/2/2992 2798/2/2992
f 2783/2/2993 2790/2/2993 2789/2/2993
f 2789/2/2993 2781/2/2993 2783/2/2993
f 2809/2/2994 2782/2/2994 2784/2/2994
f 2784/2/2994 2810/2/2994 2809/2/2994
f 2790/2/2995 2783/2/2995 2785/2/2995
f 2785/2/2995 2811/2/2995 2790/2/2995
f 2786/2/2996 2812/2/2996 2810/2/2996
f 2810/2/2996 2784/2/2996 2786/2/2996
f 2811/2/2997 2785/2/2997 2725/2/2997
f 2725/2/2997 2813/2/2997 2811/2/2997
f 2814/2/2998 2812/2/2998 2786/2/2998
f 2786/2/2998 2760/2/2998 2814/2/2998
f 2815/2/2999 2813/2/2999 2725/2/2999
f 2725/2/2999 2724/2/2999 2815/2/2999
f 2816/2/3000 2814/2/3000 2760/2/3000
f 2760/2/3000 2759/2/3000 2816/2/3000
f 2761/2/3001 2817/2/3001 2815/2/3001
f 2815/2/3001 2724/2/3001 2761/2/3001
f 2762/2/3002 2818/2/3002 2816/2/3002
f 2816/2/3002 2759/2/3002 2762/2/3002
f 2817/2/3003 2761/2/3003 2758/2/3003
f 2758/2/3004 2757/2/3004 2817/2/3004
f 2762/2/3005 2763/2/3005 2792/2/3005
f 2792/2/3005 2818/2/3005 2762/2/3005
f 2819/2/3006 2820/2/3006 2821/2/3006
f 2821/2/3006 2822/2/3006 2819/2/3006
f 2809/2/3007 2810/2/3007 2823/2/3007
f 2823/2/3008 2824/2/3008 2809/2/3008
f 2811/2/3009 2825/2/3009 2787/2/3009
f 2787/2/3009 2790/2/3009 2811/2/3009
f 2826/2/3010 2823/2/3010 2810/2/3010
f 2810/2/3011 2812/2/3011 2826/2/3011
f 2813/2/3012 2819/2/3012 2825/2/3012
f 2825/2/3012 2811/2/3012 2813/2/3012
f 2814/2/3013 2827/2/3013 2826/2/3013
f 2826/2/3014 2812/2/3014 2814/2/3014
f 2819/2/3015 2813/2/3015 2815/2/3015
f 2815/2/3016 2820/2/3016 2819/2/3016
f 2816/2/3017 2828/2/3017 2827/2/3017
f 2827/2/3018 2814/2/3018 2816/2/3018
f 2817/2/3019 2829/2/3019 2820/2/3019
f 2820/2/3020 2815/2/3020 2817/2/3020
f 2816/2/3021 2818/2/3021 2830/2/3021
f 2830/2/3022 2828/2/3022 2816/2/3022
f 2817/2/3023 2757/2/3023 2831/2/3023
f 2831/2/3023 2829/2/3023 2817/2/3023
f 2792/2/3024 2832/2/3024 2830/2/3024
f 2830/2/3025 2818/2/3025 2792/2/3025
f 2833/2/3026 2831/2/3026 2757/2/3026
f 2757/2/3027 2756/2/3027 2833/2/3027
f 2834/2/3028 2832/2/3028 2792/2/3028
f 2792/2/3029 2791/2/3029 2834/2/3029
f 2833/2/3030 2756/2/3030 2793/2/3030
f 2793/2/3031 2835/2/3031 2833/2/3031
f 2836/2/3032 2834/2/3032 2791/2/3032
f 2791/2/3033 2794/2/3033 2836/2/3033
f 2795/2/3034 2837/2/3034 2835/2/3034
f 2835/2/3034 2793/2/3034 2795/2/3034
f 2794/2/3035 2796/2/3035 2838/2/3035
f 2838/2/3036 2836/2/3036 2794/2/3036
f 2839/2/3037 2840/2/3037 2798/2/3037
f 2798/2/3037 2797/2/3037 2839/2/3037
f 2795/2/3038 2799/2/3038 2841/2/3038
f 2841/2/3038 2837/2/3038 2795/2/3038
f 2838/2/3039 2796/2/3039 2800/2/3039
f 2800/2/3040 2842/2/3040 2838/2/3040
f 2839/2/3041 2797/2/3041 2801/2/3041
f 2801/2/3042 2843/2/3042 2839/2/3042
f 2802/2/3043 2844/2/3043 2841/2/3043
f 2841/2/3043 2799/2/3043 2802/2/3043
f 2800/2/3044 2803/2/3044 2845/2/3044
f 2845/2/3045 2842/2/3045 2800/2/3046
f 2801/2/3047 2804/2/3047 2846/2/3047
f 2846/2/3048 2843/2/3048 2801/2/3048
f 2847/2/3049 2844/2/3049 2802/2/3049
f 2802/2/3050 2805/2/3050 2847/2/3050
f 2806/2/3051 2848/2/3051 2845/2/3051
f 2845/2/3052 2803/2/3052 2806/2/3052
f 2849/2/3053 2846/2/3053 2804/2/3053
f 2804/2/3054 2807/2/3054 2849/2/3054
f 2850/2/3055 2847/2/3055 2805/2/3055
f 2805/2/3056 2808/2/3056 2850/2/3056
f 2848/2/3057 2806/2/3057 2789/2/3057
f 2789/2/3058 2788/2/3058 2848/2/3058
f 2809/2/3059 2824/2/3059 2849/2/3059
f 2849/2/3060 2807/2/3060 2809/2/3060
f 2808/2/3061 2798/2/3061 2840/2/3061
f 2840/2/3062 2850/2/3062 2808/2/3062
f 2851/2/3063 2852/2/3063 2853/2/3063
f 2853/2/3063 2854/2/3063 2855/2/3063
f 2853/2/3064 2855/2/3064 2856/2/3064
f 2851/2/3063 2853/2/3063 2856/2/3063
f 2857/2/3063 2858/2/3063 2859/2/3063
f 2856/2/3063 2857/2/3063 2859/2/3063
f 2859/2/3063 2860/2/3063 2861/2/3063
f 2859/2/3063 2861/2/3063 2862/2/3063
f 2856/2/3065 2859/2/3065 2862/2/3065
f 2856/2/3063 2862/2/3063 2863/2/3063
f 2856/2/3063 2863/2/3063 2864/2/3063
f 2865/2/3063 2866/2/3063 2867/2/3063
f 2864/2/3063 2865/2/3063 2867/2/3063
f 2864/2/3066 2867/2/3066 2868/2/3066
f 2864/2/3063 2868/2/3063 2869/2/3063
f 2856/2/3067 2864/2/3067 2869/2/3067
f 2856/2/3068 2869/2/3068 2870/2/3068
f 2822/2/3063 2821/2/3063 2871/2/3063
f 2870/2/3069 2822/2/3069 2871/2/3069
f 2870/2/3070 2871/2/3070 2872/2/3070
f 2870/2/3063 2872/2/3063 2873/2/3063
f 2856/2/3071 2870/2/3071 2873/2/3071
f 2856/2/3063 2873/2/3063 2874/2/3063
f 2875/2/3063 2876/2/3063 2877/2/3063
f 2874/2/3064 2875/2/3064 2877/2/3064
f 2874/2/3063 2877/2/3063 2878/2/3063
f 2856/2/3072 2874/2/3072 2878/2/3072
f 2856/2/3073 2878/2/3073 2879/2/3073
f 2856/2/3063 2879/2/3063 2880/2/3063
f 2851/2/3063 2856/2/3063 2880/2/3063
f 2859/2/3074 2858/2/3074 2827/2/3074
f 2827/2/3074 2828/2/3074 2859/2/3074
f 2871/2/3075 2821/2/3075 2820/2/3075
f 2820/2/3075 2829/2/3075 2871/2/3075
f 2828/2/3076 2830/2/3076 2860/2/3076
f 2860/2/3076 2859/2/3076 2828/2/3076
f 2831/2/3077 2872/2/3077 2871/2/3077
f 2871/2/3077 2829/2/3077 2831/2/3077
f 2861/2/3078 2860/2/3078 2830/2/3078
f 2830/2/3079 2832/2/3079 2861/2/3079
f 2833/2/3080 2873/2/3080 2872/2/3080
f 2872/2/3080 2831/2/3080 2833/2/3080
f 2834/2/3081 2862/2/3081 2861/2/3081
f 2861/2/3081 2832/2/3081 2834/2/3081
f 2873/2/3082 2833/2/3082 2835/2/3082
f 2835/2/3082 2874/2/3082 2873/2/3082
f 2836/2/3083 2863/2/3083 2862/2/3083
f 2862/2/3084 2834/2/3084 2836/2/3084
f 2874/2/3085 2835/2/3085 2837/2/3085
f 2837/2/3085 2875/2/3085 2874/2/3085
f 2863/2/3086 2836/2/3086 2838/2/3086
f 2838/2/3087 2864/2/3087 2863/2/3087
f 2851/2/3088 2880/2/3088 2840/2/3088
f 2840/2/3089 2839/2/3089 2851/2/3089
f 2837/2/3090 2841/2/3090 2876/2/3090
f 2876/2/3090 2875/2/3090 2837/2/3090
f 2865/2/3091 2864/2/3091 2838/2/3091
f 2838/2/3092 2842/2/3092 2865/2/3092
f 2852/2/3093 2851/2/3093 2839/2/3093
f 2839/2/3094 2843/2/3094 2852/2/3094
f 2877/2/3095 2876/2/3095 2841/2/3095
f 2841/2/3096 2844/2/3096 2877/2/3096
f 2842/2/3097 2845/2/3097 2866/2/3097
f 2866/2/3098 2865/2/3098 2842/2/3098
f 2846/2/3099 2853/2/3099 2852/2/3099
f 2852/2/3100 2843/2/3100 2846/2/3100
f 2847/2/3101 2878/2/3101 2877/2/3101
f 2877/2/3101 2844/2/3101 2847/2/3101
f 2867/2/3102 2866/2/3102 2845/2/3102
f 2845/2/3103 2848/2/3103 2867/2/3103
f 2853/2/3104 2846/2/3104 2849/2/3104
f 2849/2/3104 2854/2/3104 2853/2/3104
f 2850/2/3105 2879/2/3105 2878/2/3105
f 2878/2/3105 2847/2/3105 2850/2/3105
f 2788/2/3106 2868/2/3106 2867/2/3106
f 2867/2/3106 2848/2/3106 2788/2/3106
f 2855/2/3107 2854/2/3107 2849/2/3107
f 2849/2/3108 2824/2/3108 2855/2/3108
f 2879/2/3109 2850/2/3109 2840/2/3109
f 2840/2/3110 2880/2/3110 2879/2/3110
f 2787/2/3111 2869/2/3111 2868/2/3111
f 2868/2/3112 2788/2/3112 2787/2/3112
f 2823/2/3113 2856/2/3113 2855/2/3113
f 2855/2/3114 2824/2/3114 2823/2/3114
f 2869/2/3115 2787/2/3115 2825/2/3115
f 2825/2/3116 2870/2/3116 2869/2/3116
f 2826/2/3117 2857/2/3117 2856/2/3117
f 2856/2/3117 2823/2/3117 2826/2/3117
f 2870/2/3118 2825/2/3118 2819/2/3118
f 2819/2/3118 2822/2/3118 2870/2/3118
f 2857/2/3119 2826/2/3119 2827/2/3119
f 2827/2/3119 2858/2/3119 2857/2/3119
o C_rculo_011_C_rculo_012
v 0.496618 -2.008465 -0.481080
v 0.590118 -2.008465 -0.471880
v 0.680018 -2.008465 -0.444580
v 0.762918 -2.008465 -0.400280
v 0.835518 -2.008465 -0.340680
v 0.895218 -2.008465 -0.268080
v 0.939418 -2.008465 -0.185180
v 0.966718 -2.008465 -0.095280
v 0.975918 -2.008465 -0.001780
v 0.966718 -2.008465 0.091820
v 0.939418 -2.008465 0.181720
v 0.895218 -2.008465 0.264520
v 0.835518 -2.008465 0.337220
v 0.762918 -2.008465 0.396820
v 0.680018 -2.008465 0.441120
v 0.590118 -2.008465 0.468420
v 0.496618 -2.008465 0.477620
v 0.403118 -2.008465 0.468420
v 0.313218 -2.008465 0.441120
v 0.230318 -2.008465 0.396820
v 0.157718 -2.008465 0.337220
v 0.098018 -2.008465 0.264520
v 0.053718 -2.008465 0.181720
v 0.026518 -2.008465 0.091820
v 0.017318 -2.008465 -0.001780
v 0.026518 -2.008465 -0.095280
v 0.053718 -2.008465 -0.185180
v 0.098018 -2.008465 -0.268080
v 0.157718 -2.008465 -0.340680
v 0.403118 -2.008465 -0.471880
v 0.230318 -2.008465 -0.400280
v 0.313218 -2.008465 -0.444580
v 1.001618 -2.029865 -0.102180
v 1.001618 -2.130665 -0.102180
v 1.011518 -2.130665 -0.001780
v 1.011518 -2.029865 -0.001780
v 0.693618 -2.029865 -0.477380
v 0.782618 -2.029865 -0.429880
v 0.597018 -2.029865 0.503220
v 0.496618 -2.029865 0.513120
v 0.132518 -2.029865 -0.365780
v 0.210618 -2.029865 -0.429880
v 0.597018 -2.029865 -0.506680
v 0.693618 -2.029865 0.473920
v 0.068518 -2.029865 -0.287780
v 0.496618 -2.029865 -0.516580
v 0.782618 -2.029865 0.426320
v 0.020918 -2.029865 -0.198780
v 0.860718 -2.029865 0.362320
v -0.008382 -2.029865 -0.102180
v 0.924718 -2.029865 0.284320
v -0.018282 -2.029865 -0.001780
v 0.972318 -2.029865 0.195320
v -0.008382 -2.029865 0.098720
v 1.001618 -2.029865 0.098720
v 0.020918 -2.029865 0.195320
v 0.068518 -2.029865 0.284320
v 0.132518 -2.029865 0.362320
v 0.972318 -2.029865 -0.198780
v 0.210618 -2.029865 0.426320
v 0.924718 -2.029865 -0.287780
v 0.299618 -2.029865 0.473920
v 0.396218 -2.029865 -0.506680
v 0.860718 -2.029865 -0.365780
v 0.396218 -2.029865 0.503220
v 0.299618 -2.029865 -0.477380
v 0.396218 -2.130665 -0.506680
v 0.299618 -2.130665 -0.477380
v 0.210618 -2.130665 -0.429880
v 0.132518 -2.130665 -0.365780
v 0.068518 -2.130665 -0.287780
v 0.020918 -2.130665 -0.198780
v -0.008382 -2.130665 -0.102180
v -0.018282 -2.130665 -0.001780
v -0.008382 -2.130665 0.098720
v 0.020918 -2.130665 0.195320
v 0.068518 -2.130665 0.284320
v 0.132518 -2.130665 0.362320
v 0.210618 -2.130665 0.426320
v 0.299618 -2.130665 0.473920
v 0.396218 -2.130665 0.503220
v 0.496618 -2.130665 0.513120
v 0.597018 -2.130665 0.503220
v 0.693618 -2.130665 0.473920
v 0.782618 -2.130665 0.426320
v 0.860718 -2.130665 0.362320
v 0.924718 -2.130665 0.284320
v 0.972318 -2.130665 0.195320
v 1.001618 -2.130665 0.098720
v 0.972318 -2.130665 -0.198780
v 0.924718 -2.130665 -0.287780
v 0.860718 -2.130665 -0.365780
v 0.782618 -2.130665 -0.429880
v 0.693618 -2.130665 -0.477380
v 0.597018 -2.130665 -0.506680
v 0.496618 -2.130665 -0.516580
vn -0.0000 -1.0000 -0.0000
vn -0.9952 -0.0000 0.0981
vn -0.2440 -0.8556 0.4565
vn -0.2439 -0.8557 0.4564
vn -0.0507 -0.8556 -0.5151
vn -0.0507 -0.8556 -0.5152
vn 0.3283 -0.8557 0.3999
vn 0.3284 -0.8556 0.4001
vn -0.1502 -0.8557 0.4953
vn -0.1502 -0.8556 -0.4953
vn 0.4001 -0.8557 0.3283
vn 0.3998 -0.8557 0.3284
vn -0.0507 -0.8556 0.5152
vn -0.0507 -0.8557 0.5150
vn -0.2441 -0.8556 -0.4565
vn -0.2440 -0.8556 -0.4566
vn 0.4563 -0.8557 0.2440
vn 0.4569 -0.8554 0.2441
vn -0.3280 -0.8557 -0.4003
vn -0.3284 -0.8556 -0.4001
vn 0.4951 -0.8558 0.1502
vn 0.4953 -0.8557 0.1502
vn -0.3999 -0.8558 -0.3281
vn -0.4001 -0.8557 -0.3283
vn 0.5147 -0.8558 0.0508
vn 0.5145 -0.8560 0.0506
vn -0.4559 -0.8559 -0.2439
vn -0.4569 -0.8554 -0.2439
vn 0.5153 -0.8555 -0.0507
vn 0.5148 -0.8558 -0.0507
vn -0.4951 -0.8558 -0.1502
vn -0.4947 -0.8560 -0.1502
vn 0.4956 -0.8555 -0.1501
vn 0.4951 -0.8558 -0.1502
vn -0.5145 -0.8560 -0.0507
vn -0.5153 -0.8555 -0.0507
vn 0.4567 -0.8555 -0.2442
vn 0.4566 -0.8555 -0.2442
vn -0.5147 -0.8558 0.0508
vn -0.5145 -0.8560 0.0506
vn 0.3999 -0.8558 -0.3281
vn 0.4001 -0.8557 -0.3283
vn -0.4951 -0.8557 0.1502
vn -0.4950 -0.8558 0.1503
vn 0.3283 -0.8555 -0.4003
vn 0.3283 -0.8557 -0.3999
vn -0.4565 -0.8556 0.2441
vn -0.4563 -0.8558 0.2437
vn 0.2443 -0.8554 -0.4568
vn 0.2440 -0.8556 -0.4565
vn 0.0507 -0.8556 0.5151
vn -0.4002 -0.8556 0.3284
vn -0.4001 -0.8557 0.3282
vn 0.1502 -0.8556 -0.4953
vn 0.1501 -0.8557 -0.4952
vn 0.1502 -0.8556 0.4953
vn -0.3284 -0.8556 0.4001
vn -0.3283 -0.8557 0.3999
vn 0.0508 -0.8553 -0.5156
vn 0.0507 -0.8555 -0.5153
vn 0.2440 -0.8556 0.4565
vn 0.2436 -0.8557 0.4565
vn -0.0000 1.0000 -0.0000
vn 0.7731 -0.0000 -0.6343
vn -0.9569 -0.0000 0.2903
vn 0.6342 -0.0000 -0.7732
vn -0.8818 -0.0000 0.4716
vn 0.4716 -0.0000 -0.8818
vn 0.0981 -0.0000 0.9952
vn -0.7731 -0.0000 0.6343
vn 0.2903 -0.0000 -0.9569
vn 0.2903 -0.0000 0.9569
vn -0.6344 -0.0000 0.7730
vn 0.0981 -0.0000 -0.9952
vn 0.4711 -0.0000 0.8821
vn 0.4713 -0.0000 0.8820
vn -0.4708 -0.0000 0.8822
vn -0.0981 -0.0000 -0.9952
vn 0.6344 -0.0000 0.7730
vn -0.2903 -0.0000 0.9569
vn -0.2903 -0.0000 -0.9569
vn 0.7731 -0.0000 0.6343
vn -0.0981 -0.0000 0.9952
vn -0.4716 -0.0000 -0.8818
vn 0.8818 -0.0000 0.4716
vn -0.6342 -0.0000 -0.7732
vn -0.6344 -0.0000 -0.7730
vn 0.9569 -0.0000 0.2903
vn -0.7731 -0.0000 -0.6343
vn 0.9952 -0.0000 0.0981
vn -0.8818 -0.0000 -0.4716
vn -0.8821 -0.0000 -0.4711
vn 0.9952 -0.0000 -0.0980
vn -0.9569 -0.0000 -0.2903
vn 0.9569 -0.0000 -0.2903
vn -0.9952 -0.0000 -0.0980
vn 0.8821 -0.0000 -0.4711
vn 0.8818 -0.0000 -0.4716
vt 0.000000 0.000000
s 0
usemtl Goddard_None
f 2881/3/3120 2882/3/3120 2883/3/3120
f 2883/3/3120 2884/3/3120 2885/3/3120
f 2881/3/3120 2883/3/3120 2885/3/3120
f 2885/3/3120 2886/3/3120 2887/3/3120
f 2887/3/3120 2888/3/3120 2889/3/3120
f 2885/3/3120 2887/3/3120 2889/3/3120
f 2881/3/3120 2885/3/3120 2889/3/3120
f 2889/3/3120 2890/3/3120 2891/3/3120
f 2891/3/3120 2892/3/3120 2893/3/3120
f 2889/3/3120 2891/3/3120 2893/3/3120
f 2893/3/3120 2894/3/3120 2895/3/3120
f 2895/3/3120 2896/3/3120 2897/3/3120
f 2893/3/3120 2895/3/3120 2897/3/3120
f 2889/3/3120 2893/3/3120 2897/3/3120
f 2897/3/3120 2898/3/3120 2899/3/3120
f 2899/3/3120 2900/3/3120 2901/3/3120
f 2897/3/3120 2899/3/3120 2901/3/3120
f 2901/3/3120 2902/3/3120 2903/3/3120
f 2903/3/3120 2904/3/3120 2905/3/3120
f 2901/3/3120 2903/3/3120 2905/3/3120
f 2897/3/3120 2901/3/3120 2905/3/3120
f 2889/3/3120 2897/3/3120 2905/3/3120
f 2881/3/3120 2889/3/3120 2905/3/3120
f 2906/3/3120 2907/3/3120 2908/3/3120
f 2905/3/3120 2906/3/3120 2908/3/3120
f 2905/3/3120 2908/3/3120 2909/3/3120
f 2881/3/3120 2905/3/3120 2909/3/3120
f 2910/3/3120 2881/3/3120 2909/3/3120
f 2910/3/3120 2909/3/3120 2911/3/3120
f 2910/3/3120 2911/3/3120 2912/3/3120
f 2913/3/3121 2914/3/3121 2915/3/3121
f 2915/3/3121 2916/3/3121 2913/3/3121
f 2883/3/3122 2917/3/3122 2918/3/3122
f 2918/3/3123 2884/3/3123 2883/3/3123
f 2896/3/3124 2919/3/3124 2920/3/3124
f 2920/3/3125 2897/3/3125 2896/3/3125
f 2911/3/3126 2909/3/3126 2921/3/3126
f 2921/3/3127 2922/3/3127 2911/3/3127
f 2882/3/3128 2923/3/3128 2917/3/3128
f 2917/3/3128 2883/3/3128 2882/3/3128
f 2895/3/3129 2924/3/3129 2919/3/3129
f 2919/3/3129 2896/3/3129 2895/3/3129
f 2908/3/3130 2925/3/3130 2921/3/3130
f 2921/3/3131 2909/3/3131 2908/3/3131
f 2882/3/3132 2881/3/3132 2926/3/3132
f 2926/3/3133 2923/3/3133 2882/3/3133
f 2894/3/3134 2927/3/3134 2924/3/3134
f 2924/3/3135 2895/3/3135 2894/3/3135
f 2928/3/3136 2925/3/3136 2908/3/3136
f 2908/3/3137 2907/3/3137 2928/3/3137
f 2893/3/3138 2929/3/3138 2927/3/3138
f 2927/3/3139 2894/3/3139 2893/3/3139
f 2906/3/3140 2930/3/3140 2928/3/3140
f 2928/3/3141 2907/3/3141 2906/3/3141
f 2892/3/3142 2931/3/3142 2929/3/3142
f 2929/3/3143 2893/3/3143 2892/3/3143
f 2932/3/3144 2930/3/3144 2906/3/3144
f 2906/3/3145 2905/3/3145 2932/3/3145
f 2891/3/3146 2933/3/3146 2931/3/3146
f 2931/3/3147 2892/3/3147 2891/3/3147
f 2932/3/3148 2905/3/3148 2904/3/3148
f 2904/3/3149 2934/3/3149 2932/3/3149
f 2890/3/3150 2935/3/3150 2933/3/3150
f 2933/3/3151 2891/3/3151 2890/3/3151
f 2904/3/3152 2903/3/3152 2936/3/3152
f 2936/3/3153 2934/3/3153 2904/3/3153
f 2889/3/3154 2916/3/3154 2935/3/3154
f 2935/3/3155 2890/3/3155 2889/3/3155
f 2902/3/3156 2937/3/3156 2936/3/3156
f 2936/3/3157 2903/3/3157 2902/3/3157
f 2888/3/3158 2913/3/3158 2916/3/3158
f 2916/3/3159 2889/3/3159 2888/3/3159
f 2901/3/3160 2938/3/3160 2937/3/3160
f 2937/3/3161 2902/3/3161 2901/3/3161
f 2887/3/3162 2939/3/3162 2913/3/3162
f 2913/3/3163 2888/3/3163 2887/3/3163
f 2900/3/3164 2940/3/3164 2938/3/3164
f 2938/3/3165 2901/3/3165 2900/3/3165
f 2886/3/3166 2941/3/3166 2939/3/3166
f 2939/3/3167 2887/3/3167 2886/3/3167
f 2899/3/3168 2942/3/3168 2940/3/3168
f 2940/3/3169 2900/3/3169 2899/3/3169
f 2926/3/3170 2881/3/3170 2910/3/3170
f 2910/3/3170 2943/3/3170 2926/3/3170
f 2885/3/3171 2944/3/3171 2941/3/3171
f 2941/3/3172 2886/3/3172 2885/3/3172
f 2898/3/3173 2945/3/3173 2942/3/3173
f 2942/3/3174 2899/3/3174 2898/3/3174
f 2943/3/3175 2910/3/3175 2912/3/3175
f 2912/3/3175 2946/3/3175 2943/3/3175
f 2884/3/3176 2918/3/3176 2944/3/3176
f 2944/3/3177 2885/3/3177 2884/3/3177
f 2897/3/3178 2920/3/3178 2945/3/3178
f 2945/3/3179 2898/3/3179 2897/3/3179
f 2946/3/3180 2912/3/3180 2911/3/3180
f 2911/3/3181 2922/3/3181 2946/3/3181
f 2947/3/3182 2948/3/3182 2949/3/3182
f 2949/3/3182 2950/3/3182 2951/3/3182
f 2947/3/3182 2949/3/3182 2951/3/3182
f 2951/3/3182 2952/3/3182 2953/3/3182
f 2951/3/3182 2953/3/3182 2954/3/3182
f 2947/3/3182 2951/3/3182 2954/3/3182
f 2947/3/3182 2954/3/3182 2955/3/3182
f 2955/3/3182 2956/3/3182 2957/3/3182
f 2957/3/3182 2958/3/3182 2959/3/3182
f 2955/3/3182 2957/3/3182 2959/3/3182
f 2959/3/3182 2960/3/3182 2961/3/3182
f 2961/3/3182 2962/3/3182 2963/3/3182
f 2959/3/3182 2961/3/3182 2963/3/3182
f 2955/3/3182 2959/3/3182 2963/3/3182
f 2963/3/3182 2964/3/3182 2965/3/3182
f 2965/3/3182 2966/3/3182 2967/3/3182
f 2963/3/3182 2965/3/3182 2967/3/3182
f 2967/3/3182 2968/3/3182 2969/3/3182
f 2969/3/3182 2915/3/3182 2914/3/3182
f 2967/3/3182 2969/3/3182 2914/3/3182
f 2963/3/3182 2967/3/3182 2914/3/3182
f 2955/3/3182 2963/3/3182 2914/3/3182
f 2914/3/3182 2970/3/3182 2971/3/3182
f 2971/3/3182 2972/3/3182 2973/3/3182
f 2914/3/3182 2971/3/3182 2973/3/3182
f 2973/3/3182 2974/3/3182 2975/3/3182
f 2973/3/3182 2975/3/3182 2976/3/3182
f 2914/3/3182 2973/3/3182 2976/3/3182
f 2955/3/3182 2914/3/3182 2976/3/3182
f 2947/3/3182 2955/3/3182 2976/3/3182
f 2938/3/3183 2958/3/3183 2957/3/3183
f 2957/3/3183 2937/3/3183 2938/3/3183
f 2939/3/3184 2970/3/3184 2914/3/3184
f 2914/3/3184 2913/3/3184 2939/3/3184
f 2940/3/3185 2959/3/3185 2958/3/3185
f 2958/3/3185 2938/3/3185 2940/3/3185
f 2941/3/3186 2971/3/3186 2970/3/3186
f 2970/3/3186 2939/3/3186 2941/3/3186
f 2942/3/3187 2960/3/3187 2959/3/3187
f 2959/3/3187 2940/3/3187 2942/3/3187
f 2943/3/3188 2947/3/3188 2976/3/3188
f 2976/3/3188 2926/3/3188 2943/3/3188
f 2944/3/3189 2972/3/3189 2971/3/3189
f 2971/3/3189 2941/3/3189 2944/3/3189
f 2945/3/3190 2961/3/3190 2960/3/3190
f 2960/3/3190 2942/3/3190 2945/3/3190
f 2946/3/3191 2948/3/3191 2947/3/3191
f 2947/3/3191 2943/3/3191 2946/3/3191
f 2918/3/3192 2973/3/3192 2972/3/3192
f 2972/3/3192 2944/3/3192 2918/3/3192
f 2920/3/3193 2962/3/3193 2961/3/3193
f 2961/3/3193 2945/3/3193 2920/3/3193
f 2922/3/3194 2949/3/3194 2948/3/3194
f 2948/3/3195 2946/3/3195 2922/3/3195
f 2917/3/3196 2974/3/3196 2973/3/3196
f 2973/3/3196 2918/3/3196 2917/3/3196
f 2919/3/3197 2963/3/3197 2962/3/3197
f 2962/3/3197 2920/3/3197 2919/3/3197
f 2921/3/3198 2950/3/3198 2949/3/3198
f 2949/3/3198 2922/3/3198 2921/3/3198
f 2923/3/3199 2975/3/3199 2974/3/3199
f 2974/3/3199 2917/3/3199 2923/3/3199
f 2924/3/3200 2964/3/3200 2963/3/3200
f 2963/3/3200 2919/3/3200 2924/3/3200
f 2925/3/3201 2951/3/3201 2950/3/3201
f 2950/3/3201 2921/3/3201 2925/3/3201
f 2923/3/3202 2926/3/3202 2976/3/3202
f 2976/3/3202 2975/3/3202 2923/3/3202
f 2927/3/3203 2965/3/3203 2964/3/3203
f 2964/3/3203 2924/3/3203 2927/3/3203
f 2928/3/3204 2952/3/3204 2951/3/3204
f 2951/3/3204 2925/3/3204 2928/3/3204
f 2929/3/3205 2966/3/3205 2965/3/3205
f 2965/3/3206 2927/3/3206 2929/3/3206
f 2930/3/3207 2953/3/3207 2952/3/3207
f 2952/3/3207 2928/3/3207 2930/3/3207
f 2931/3/3208 2967/3/3208 2966/3/3208
f 2966/3/3208 2929/3/3208 2931/3/3208
f 2932/3/3209 2954/3/3209 2953/3/3209
f 2953/3/3209 2930/3/3209 2932/3/3209
f 2933/3/3210 2968/3/3210 2967/3/3210
f 2967/3/3211 2931/3/3211 2933/3/3211
f 2934/3/3212 2955/3/3212 2954/3/3212
f 2954/3/3212 2932/3/3212 2934/3/3212
f 2935/3/3213 2969/3/3213 2968/3/3213
f 2968/3/3213 2933/3/3213 2935/3/3213
f 2936/3/3214 2956/3/3214 2955/3/3214
f 2955/3/3214 2934/3/3214 2936/3/3214
f 2916/3/3215 2915/3/3215 2969/3/3215
f 2969/3/3215 2935/3/3215 2916/3/3215
f 2937/3/3216 2957/3/3216 2956/3/3216
f 2956/3/3217 2936/3/3217 2937/3/3217
o C_rculo_012_C_rculo_013
v 0.495418 -1.830565 -0.379480
v 0.569018 -1.830565 -0.372180
v 0.639818 -1.830565 -0.350780
v 0.705018 -1.830565 -0.315880
v 0.762218 -1.830565 -0.268980
v 0.809118 -1.830565 -0.211780
v 0.844018 -1.830565 -0.146480
v 0.865518 -1.830565 -0.075680
v 0.872718 -1.830565 -0.002080
v 0.865518 -1.830565 0.071520
v 0.844018 -1.830565 0.142320
v 0.809118 -1.830565 0.207520
v 0.762218 -1.830565 0.264720
v 0.705018 -1.830565 0.311720
v 0.639818 -1.830565 0.346520
v 0.569018 -1.830565 0.368020
v 0.495418 -1.830565 0.375220
v 0.421718 -1.830565 0.368020
v 0.350918 -1.830565 0.346520
v 0.285718 -1.830565 0.311720
v 0.228518 -1.830565 0.264720
v 0.181618 -1.830565 0.207520
v 0.146718 -1.830565 0.142320
v 0.125218 -1.830565 0.071520
v 0.118018 -1.830565 -0.002080
v 0.125218 -1.830565 -0.075680
v 0.146718 -1.830565 -0.146480
v 0.181618 -1.830565 -0.211780
v 0.228518 -1.830565 -0.268980
v 0.421718 -1.830565 -0.372180
v 0.285718 -1.830565 -0.315880
v 0.350918 -1.830565 -0.350780
v 0.402318 -2.009765 -0.469780
v 0.312918 -2.009765 -0.442680
v 0.230418 -2.009765 -0.398580
v 0.158218 -2.009765 -0.339280
v 0.098918 -2.009765 -0.267080
v 0.054818 -2.009765 -0.184580
v 0.027718 -2.009765 -0.095180
v 0.018518 -2.009765 -0.002080
v 0.027718 -2.009765 0.090920
v 0.054818 -2.009765 0.180420
v 0.098918 -2.009765 0.262820
v 0.158218 -2.009765 0.335120
v 0.230418 -2.009765 0.394420
v 0.312918 -2.009765 0.438420
v 0.402318 -2.009765 0.465620
v 0.495418 -2.009765 0.474720
v 0.588418 -2.009765 0.465620
v 0.677818 -2.009765 0.438420
v 0.760318 -2.009765 0.394420
v 0.832518 -2.009765 0.335120
v 0.891918 -2.009765 0.262820
v 0.935918 -2.009765 0.180420
v 0.963118 -2.009765 0.090920
v 0.972218 -2.009765 -0.002080
v 0.963118 -2.009765 -0.095180
v 0.935918 -2.009765 -0.184580
v 0.891918 -2.009765 -0.267080
v 0.832518 -2.009765 -0.339280
v 0.760318 -2.009765 -0.398580
v 0.677818 -2.009765 -0.442680
v 0.588418 -2.009765 -0.469780
v 0.495418 -2.009765 -0.478980
vn -0.0000 -1.0000 -0.0000
vn -0.0000 1.0000 -0.0000
vn 0.8375 -0.4837 0.2542
vn 0.8376 -0.4836 0.2540
vn -0.6767 -0.4835 -0.5552
vn -0.6766 -0.4836 -0.5553
vn 0.8712 -0.4834 0.0861
vn 0.8711 -0.4836 0.0858
vn -0.7719 -0.4836 -0.4127
vn -0.7721 -0.4835 -0.4125
vn 0.8711 -0.4836 -0.0858
vn -0.8376 -0.4836 -0.2541
vn -0.8376 -0.4836 -0.2540
vn 0.8375 -0.4836 -0.2543
vn 0.8376 -0.4836 -0.2541
vn -0.8711 -0.4836 -0.0858
vn 0.7717 -0.4836 -0.4130
vn 0.7719 -0.4836 -0.4126
vn -0.8711 -0.4836 0.0855
vn -0.8711 -0.4836 0.0859
vn 0.6765 -0.4836 -0.5554
vn 0.6766 -0.4836 -0.5553
vn -0.8376 -0.4836 0.2540
vn -0.8376 -0.4836 0.2541
vn 0.5553 -0.4836 -0.6766
vn -0.7720 -0.4836 0.4124
vn -0.7720 -0.4836 0.4126
vn 0.4126 -0.4836 -0.7719
vn 0.0858 -0.4836 0.8711
vn -0.6766 -0.4836 0.5553
vn 0.2541 -0.4836 -0.8376
vn 0.2544 -0.4835 -0.8376
vn 0.2541 -0.4836 0.8376
vn 0.2539 -0.4835 0.8377
vn -0.5553 -0.4836 0.6766
vn 0.0858 -0.4836 -0.8711
vn 0.4127 -0.4836 0.7719
vn 0.4126 -0.4836 0.7719
vn -0.4127 -0.4834 0.7720
vn -0.4126 -0.4836 0.7719
vn -0.0856 -0.4836 -0.8711
vn -0.0858 -0.4836 -0.8711
vn 0.5553 -0.4836 0.6766
vn -0.2539 -0.4837 0.8376
vn -0.2541 -0.4836 0.8376
vn -0.2543 -0.4836 -0.8375
vn -0.2543 -0.4837 -0.8375
vn 0.6766 -0.4836 0.5553
vn -0.0857 -0.4836 0.8711
vn -0.0859 -0.4836 0.8711
vn -0.4127 -0.4836 -0.7719
vn -0.4125 -0.4836 -0.7720
vn 0.7719 -0.4836 0.4126
vn 0.7720 -0.4836 0.4126
vn -0.5555 -0.4836 -0.6764
vn -0.5553 -0.4836 -0.6766
vt 0.000000 0.000000
s 0
usemtl Goddard_None
f 2977/4/3218 2978/4/3218 2979/4/3218
f 2979/4/3218 2980/4/3218 2981/4/3218
f 2977/4/3218 2979/4/3218 2981/4/3218
f 2981/4/3218 2982/4/3218 2983/4/3218
f 2983/4/3218 2984/4/3218 2985/4/3218
f 2981/4/3218 2983/4/3218 2985/4/3218
f 2977/4/3218 2981/4/3218 2985/4/3218
f 2985/4/3218 2986/4/3218 2987/4/3218
f 2987/4/3218 2988/4/3218 2989/4/3218
f 2985/4/3218 2987/4/3218 2989/4/3218
f 2989/4/3218 2990/4/3218 2991/4/3218
f 2991/4/3218 2992/4/3218 2993/4/3218
f 2989/4/3218 2991/4/3218 2993/4/3218
f 2985/4/3218 2989/4/3218 2993/4/3218
f 2993/4/3218 2994/4/3218 2995/4/3218
f 2995/4/3218 2996/4/3218 2997/4/3218
f 2993/4/3218 2995/4/3218 2997/4/3218
f 2997/4/3218 2998/4/3218 2999/4/3218
f 2999/4/3218 3000/4/3218 3001/4/3218
f 2997/4/3218 2999/4/3218 3001/4/3218
f 2993/4/3218 2997/4/3218 3001/4/3218
f 2985/4/3218 2993/4/3218 3001/4/3218
f 2977/4/3218 2985/4/3218 3001/4/3218
f 3002/4/3218 3003/4/3218 3004/4/3218
f 3001/4/3218 3002/4/3218 3004/4/3218
f 3001/4/3218 3004/4/3218 3005/4/3218
f 2977/4/3218 3001/4/3218 3005/4/3218
f 3006/4/3218 2977/4/3218 3005/4/3218
f 3006/4/3218 3005/4/3218 3007/4/3218
f 3006/4/3218 3007/4/3218 3008/4/3218
f 3009/4/3219 3010/4/3219 3011/4/3219
f 3011/4/3219 3012/4/3219 3013/4/3219
f 3009/4/3219 3011/4/3219 3013/4/3219
f 3013/4/3219 3014/4/3219 3015/4/3219
f 3015/4/3219 3016/4/3219 3017/4/3219
f 3013/4/3219 3015/4/3219 3017/4/3219
f 3009/4/3219 3013/4/3219 3017/4/3219
f 3017/4/3219 3018/4/3219 3019/4/3219
f 3019/4/3219 3020/4/3219 3021/4/3219
f 3017/4/3219 3019/4/3219 3021/4/3219
f 3021/4/3219 3022/4/3219 3023/4/3219
f 3023/4/3219 3024/4/3219 3025/4/3219
f 3021/4/3219 3023/4/3219 3025/4/3219
f 3017/4/3219 3021/4/3219 3025/4/3219
f 3009/4/3219 3017/4/3219 3025/4/3219
f 3025/4/3219 3026/4/3219 3027/4/3219
f 3027/4/3219 3028/4/3219 3029/4/3219
f 3025/4/3219 3027/4/3219 3029/4/3219
f 3029/4/3219 3030/4/3219 3031/4/3219
f 3031/4/3219 3032/4/3219 3033/4/3219
f 3029/4/3219 3031/4/3219 3033/4/3219
f 3025/4/3219 3029/4/3219 3033/4/3219
f 3033/4/3219 3034/4/3219 3035/4/3219
f 3035/4/3219 3036/4/3219 3037/4/3219
f 3033/4/3219 3035/4/3219 3037/4/3219
f 3037/4/3219 3038/4/3219 3039/4/3219
f 3037/4/3219 3039/4/3219 3040/4/3219
f 3033/4/3219 3037/4/3219 3040/4/3219
f 3025/4/3219 3033/4/3219 3040/4/3219
f 3009/4/3219 3025/4/3219 3040/4/3219
f 3002/4/3220 3015/4/3220 3014/4/3220
f 3014/4/3221 3003/4/3221 3002/4/3221
f 2988/4/3222 3029/4/3222 3028/4/3222
f 3028/4/3223 2989/4/3223 2988/4/3223
f 3016/4/3224 3015/4/3224 3002/4/3224
f 3002/4/3225 3001/4/3225 3016/4/3225
f 2987/4/3226 3030/4/3226 3029/4/3226
f 3029/4/3227 2988/4/3227 2987/4/3227
f 3016/4/3228 3001/4/3228 3000/4/3228
f 3000/4/3228 3017/4/3228 3016/4/3228
f 2986/4/3229 3031/4/3229 3030/4/3229
f 3030/4/3230 2987/4/3230 2986/4/3230
f 3000/4/3231 2999/4/3231 3018/4/3231
f 3018/4/3232 3017/4/3232 3000/4/3232
f 2985/4/3233 3032/4/3233 3031/4/3233
f 3031/4/3233 2986/4/3233 2985/4/3233
f 2998/4/3234 3019/4/3234 3018/4/3234
f 3018/4/3235 2999/4/3235 2998/4/3235
f 2984/4/3236 3033/4/3236 3032/4/3236
f 3032/4/3237 2985/4/3237 2984/4/3237
f 2997/4/3238 3020/4/3238 3019/4/3238
f 3019/4/3239 2998/4/3239 2997/4/3239
f 2983/4/3240 3034/4/3240 3033/4/3240
f 3033/4/3241 2984/4/3241 2983/4/3241
f 2996/4/3242 3021/4/3242 3020/4/3242
f 3020/4/3242 2997/4/3242 2996/4/3242
f 2982/4/3243 3035/4/3243 3034/4/3243
f 3034/4/3244 2983/4/3244 2982/4/3244
f 2995/4/3245 3022/4/3245 3021/4/3245
f 3021/4/3245 2996/4/3245 2995/4/3245
f 3040/4/3246 2977/4/3246 3006/4/3246
f 3006/4/3246 3009/4/3246 3040/4/3246
f 2981/4/3247 3036/4/3247 3035/4/3247
f 3035/4/3247 2982/4/3247 2981/4/3247
f 2994/4/3248 3023/4/3248 3022/4/3248
f 3022/4/3249 2995/4/3249 2994/4/3249
f 3009/4/3250 3006/4/3250 3008/4/3250
f 3008/4/3251 3010/4/3251 3009/4/3251
f 2980/4/3252 3037/4/3252 3036/4/3252
f 3036/4/3252 2981/4/3252 2980/4/3252
f 2993/4/3253 3024/4/3253 3023/4/3253
f 3023/4/3253 2994/4/3253 2993/4/3253
f 3010/4/3254 3008/4/3254 3007/4/3254
f 3007/4/3255 3011/4/3255 3010/4/3255
f 2979/4/3256 3038/4/3256 3037/4/3256
f 3037/4/3257 2980/4/3257 2979/4/3257
f 2992/4/3258 3025/4/3258 3024/4/3258
f 3024/4/3259 2993/4/3259 2992/4/3259
f 3007/4/3260 3005/4/3260 3012/4/3260
f 3012/4/3260 3011/4/3260 3007/4/3260
f 2978/4/3261 3039/4/3261 3038/4/3261
f 3038/4/3262 2979/4/3262 2978/4/3262
f 2991/4/3263 3026/4/3263 3025/4/3263
f 3025/4/3264 2992/4/3264 2991/4/3264
f 3004/4/3265 3013/4/3265 3012/4/3265
f 3012/4/3265 3005/4/3265 3004/4/3265
f 2978/4/3266 2977/4/3266 3040/4/3266
f 3040/4/3267 3039/4/3267 2978/4/3267
f 2990/4/3268 3027/4/3268 3026/4/3268
f 3026/4/3269 2991/4/3269 2990/4/3269
f 3014/4/3270 3013/4/3270 3004/4/3270
f 3004/4/3271 3003/4/3271 3014/4/3271
f 2989/4/3272 3028/4/3272 3027/4/3272
f 3027/4/3273 2990/4/3273 2989/4/3273
o C_rculo_013_C_rculo_014
v 0.496018 -1.765965 -0.361980
v 0.565818 -1.765965 -0.355080
v 0.633018 -1.765965 -0.334680
v 0.694918 -1.765965 -0.301580
v 0.749218 -1.765965 -0.257080
v 0.793818 -1.765965 -0.202780
v 0.826918 -1.765965 -0.140880
v 0.847218 -1.765965 -0.073680
v 0.854118 -1.765965 -0.003780
v 0.847218 -1.765965 0.066120
v 0.826918 -1.765965 0.133320
v 0.793818 -1.765965 0.195220
v 0.749218 -1.765965 0.249520
v 0.694918 -1.765965 0.294020
v 0.633018 -1.765965 0.327120
v 0.565818 -1.765965 0.347520
v 0.496018 -1.765965 0.354420
v 0.426118 -1.765965 0.347520
v 0.358918 -1.765965 0.327120
v 0.297018 -1.765965 0.294020
v 0.242718 -1.765965 0.249520
v 0.198218 -1.765965 0.195220
v 0.165118 -1.765965 0.133320
v 0.144718 -1.765965 0.066120
v 0.137818 -1.765965 -0.003780
v 0.144718 -1.765965 -0.073680
v 0.165118 -1.765965 -0.140880
v 0.198218 -1.765965 -0.202780
v 0.242718 -1.765965 -0.257080
v 0.426118 -1.765965 -0.355080
v 0.297018 -1.765965 -0.301580
v 0.358918 -1.765965 -0.334680
v 0.228218 -1.796865 -0.271480
v 0.228218 -1.831665 -0.271480
v 0.285618 -1.831665 -0.318580
v 0.285618 -1.796865 -0.318580
v 0.117318 -1.796865 -0.003780
v 0.124618 -1.796865 0.070120
v 0.867318 -1.796865 0.070120
v 0.845818 -1.796865 0.141120
v 0.146118 -1.796865 0.141120
v 0.874618 -1.796865 -0.003780
v 0.181118 -1.796865 0.206620
v 0.867318 -1.796865 -0.077680
v 0.228218 -1.796865 0.264020
v 0.845818 -1.796865 -0.148680
v 0.285618 -1.796865 0.311020
v 0.810818 -1.796865 -0.214180
v 0.351118 -1.796865 0.346020
v 0.496018 -1.796865 -0.382480
v 0.422118 -1.796865 -0.375180
v 0.763718 -1.796865 -0.271480
v 0.422118 -1.796865 0.367620
v 0.351118 -1.796865 -0.353580
v 0.706318 -1.796865 -0.318580
v 0.496018 -1.796865 0.374920
v 0.640918 -1.796865 -0.353580
v 0.569818 -1.796865 0.367620
v 0.569818 -1.796865 -0.375180
v 0.640918 -1.796865 0.346020
v 0.181118 -1.796865 -0.214180
v 0.706318 -1.796865 0.311020
v 0.146118 -1.796865 -0.148680
v 0.763718 -1.796865 0.264020
v 0.124618 -1.796865 -0.077680
v 0.810818 -1.796865 0.206620
v 0.422118 -1.831665 -0.375180
v 0.351118 -1.831665 -0.353580
v 0.181118 -1.831665 -0.214180
v 0.146118 -1.831665 -0.148680
v 0.124618 -1.831665 -0.077680
v 0.117318 -1.831665 -0.003780
v 0.124618 -1.831665 0.070120
v 0.146118 -1.831665 0.141120
v 0.181118 -1.831665 0.206620
v 0.228218 -1.831665 0.264020
v 0.285618 -1.831665 0.311020
v 0.351118 -1.831665 0.346020
v 0.422118 -1.831665 0.367620
v 0.496018 -1.831665 0.374920
v 0.569818 -1.831665 0.367620
v 0.640918 -1.831665 0.346020
v 0.706318 -1.831665 0.311020
v 0.763718 -1.831665 0.264020
v 0.810818 -1.831665 0.206620
v 0.845818 -1.831665 0.141120
v 0.867318 -1.831665 0.070120
v 0.874618 -1.831665 -0.003780
v 0.867318 -1.831665 -0.077680
v 0.845818 -1.831665 -0.148680
v 0.810818 -1.831665 -0.214180
v 0.763718 -1.831665 -0.271480
v 0.706318 -1.831665 -0.318580
v 0.640918 -1.831665 -0.353580
v 0.569818 -1.831665 -0.375180
v 0.496018 -1.831665 -0.382480
vn -0.0000 -1.0000 -0.0000
vn 0.6343 -0.0000 0.7731
vn 0.8305 -0.5510 -0.0820
vn 0.8307 -0.5506 -0.0819
vn -0.7989 -0.5505 -0.2423
vn 0.7989 -0.5505 -0.2423
vn 0.7988 -0.5509 -0.2419
vn -0.8305 -0.5510 -0.0820
vn -0.8308 -0.5505 -0.0818
vn 0.7363 -0.5505 -0.3935
vn 0.7362 -0.5507 -0.3935
vn -0.8308 -0.5505 0.0818
vn -0.8307 -0.5507 0.0819
vn 0.6453 -0.5505 -0.5296
vn -0.7989 -0.5505 0.2423
vn 0.5296 -0.5505 -0.6454
vn 0.5296 -0.5505 -0.6453
vn -0.7361 -0.5507 0.3935
vn -0.7364 -0.5503 0.3936
vn 0.3935 -0.5504 -0.7363
vn 0.3937 -0.5503 -0.7363
vn 0.0818 -0.5506 0.8307
vn 0.0818 -0.5505 0.8308
vn -0.6453 -0.5505 0.5296
vn -0.6454 -0.5506 0.5295
vn 0.2423 -0.5505 -0.7989
vn 0.2424 -0.5504 -0.7989
vn 0.2423 -0.5505 0.7989
vn -0.5296 -0.5505 0.6454
vn -0.5296 -0.5505 0.6453
vn 0.0818 -0.5505 -0.8308
vn 0.0820 -0.5509 -0.8306
vn 0.3936 -0.5503 0.7363
vn 0.3935 -0.5503 0.7364
vn -0.3936 -0.5506 0.7362
vn -0.3937 -0.5503 0.7363
vn -0.0819 -0.5506 -0.8308
vn -0.0818 -0.5505 -0.8308
vn 0.5296 -0.5505 0.6454
vn -0.2426 -0.5509 0.7986
vn -0.2421 -0.5505 0.7990
vn -0.2427 -0.5506 -0.7987
vn -0.2423 -0.5505 -0.7989
vn 0.6453 -0.5505 0.5296
vn 0.6455 -0.5504 0.5296
vn -0.0819 -0.5506 0.8307
vn -0.0822 -0.5509 0.8305
vn -0.3935 -0.5505 -0.7362
vn -0.3936 -0.5508 -0.7360
vn 0.7363 -0.5505 0.3935
vn 0.7362 -0.5505 0.3935
vn -0.5296 -0.5505 -0.6453
vn -0.5292 -0.5505 -0.6457
vn 0.7990 -0.5503 0.2425
vn 0.7988 -0.5506 0.2423
vn -0.6454 -0.5505 -0.5296
vn -0.6453 -0.5505 -0.5296
vn 0.8308 -0.5505 0.0818
vn -0.7364 -0.5502 -0.3936
vn -0.7363 -0.5503 -0.3937
vn -0.0000 1.0000 -0.0000
vn -0.2907 -0.0000 0.9568
vn -0.2904 -0.0000 0.9569
vn -0.2907 -0.0000 -0.9568
vn 0.7731 -0.0000 0.6343
vn 0.7728 -0.0000 0.6346
vn -0.0984 -0.0000 0.9951
vn -0.0980 -0.0000 0.9952
vn -0.4718 -0.0000 -0.8817
vn 0.8820 -0.0000 0.4713
vn -0.6344 -0.0000 -0.7730
vn 0.9571 -0.0000 0.2898
vn 0.9569 -0.0000 0.2903
vn -0.7731 -0.0000 -0.6343
vn 0.9952 -0.0000 0.0978
vn 0.9952 -0.0000 0.0983
vn -0.8820 -0.0000 -0.4713
vn 0.9952 -0.0000 -0.0980
vn 0.9952 -0.0000 -0.0983
vn -0.9571 -0.0000 -0.2898
vn 0.9569 -0.0000 -0.2903
vn -0.9952 -0.0000 -0.0980
vn 0.8820 -0.0000 -0.4713
vn -0.9952 -0.0000 0.0983
vn -0.9952 -0.0000 0.0980
vn 0.7731 -0.0000 -0.6343
vn -0.9571 -0.0000 0.2898
vn -0.9569 -0.0000 0.2903
vn 0.6344 -0.0000 -0.7730
vn -0.8820 -0.0000 0.4713
vn 0.4713 -0.0000 -0.8820
vn 0.0983 -0.0000 0.9952
vn -0.7728 -0.0000 0.6346
vn -0.7731 -0.0000 0.6343
vn 0.2911 -0.0000 -0.9567
vn 0.2905 -0.0000 -0.9569
vn 0.2903 -0.0000 0.9569
vn 0.2901 -0.0000 0.9570
vn -0.6343 -0.0000 0.7731
vn 0.0983 -0.0000 -0.9952
vn 0.4713 -0.0000 0.8820
vn -0.4718 -0.0000 0.8817
vn -0.0984 -0.0000 -0.9951
vn -0.0980 -0.0000 -0.9952
vt 0.000000 0.000000
s 0
usemtl Goddard_None
f 3041/5/3274 3042/5/3274 3043/5/3274
f 3043/5/3274 3044/5/3274 3045/5/3274
f 3041/5/3274 3043/5/3274 3045/5/3274
f 3045/5/3274 3046/5/3274 3047/5/3274
f 3047/5/3274 3048/5/3274 3049/5/3274
f 3045/5/3274 3047/5/3274 3049/5/3274
f 3041/5/3274 3045/5/3274 3049/5/3274
f 3049/5/3274 3050/5/3274 3051/5/3274
f 3051/5/3274 3052/5/3274 3053/5/3274
f 3049/5/3274 3051/5/3274 3053/5/3274
f 3053/5/3274 3054/5/3274 3055/5/3274
f 3055/5/3274 3056/5/3274 3057/5/3274
f 3053/5/3274 3055/5/3274 3057/5/3274
f 3049/5/3274 3053/5/3274 3057/5/3274
f 3057/5/3274 3058/5/3274 3059/5/3274
f 3059/5/3274 3060/5/3274 3061/5/3274
f 3057/5/3274 3059/5/3274 3061/5/3274
f 3061/5/3274 3062/5/3274 3063/5/3274
f 3063/5/3274 3064/5/3274 3065/5/3274
f 3061/5/3274 3063/5/3274 3065/5/3274
f 3057/5/3274 3061/5/3274 3065/5/3274
f 3049/5/3274 3057/5/3274 3065/5/3274
f 3041/5/3274 3049/5/3274 3065/5/3274
f 3066/5/3274 3067/5/3274 3068/5/3274
f 3065/5/3274 3066/5/3274 3068/5/3274
f 3065/5/3274 3068/5/3274 3069/5/3274
f 3041/5/3274 3065/5/3274 3069/5/3274
f 3070/5/3274 3041/5/3274 3069/5/3274
f 3070/5/3274 3069/5/3274 3071/5/3274
f 3070/5/3274 3071/5/3274 3072/5/3274
f 3073/5/3275 3074/5/3275 3075/5/3275
f 3075/5/3275 3076/5/3275 3073/5/3275
f 3077/5/3276 3065/5/3276 3064/5/3276
f 3064/5/3277 3078/5/3277 3077/5/3277
f 3050/5/3278 3079/5/3278 3080/5/3278
f 3080/5/3278 3051/5/3278 3050/5/3278
f 3064/5/3279 3063/5/3279 3081/5/3279
f 3081/5/3280 3078/5/3280 3064/5/3280
f 3049/5/3281 3082/5/3281 3079/5/3281
f 3079/5/3282 3050/5/3282 3049/5/3282
f 3062/5/3283 3083/5/3283 3081/5/3283
f 3081/5/3284 3063/5/3284 3062/5/3284
f 3048/5/3285 3084/5/3285 3082/5/3285
f 3082/5/3286 3049/5/3286 3048/5/3286
f 3061/5/3287 3085/5/3287 3083/5/3287
f 3083/5/3287 3062/5/3287 3061/5/3287
f 3047/5/3288 3086/5/3288 3084/5/3288
f 3084/5/3288 3048/5/3288 3047/5/3288
f 3060/5/3289 3087/5/3289 3085/5/3289
f 3085/5/3290 3061/5/3290 3060/5/3290
f 3046/5/3291 3088/5/3291 3086/5/3291
f 3086/5/3292 3047/5/3292 3046/5/3292
f 3059/5/3293 3089/5/3293 3087/5/3293
f 3087/5/3294 3060/5/3294 3059/5/3294
f 3090/5/3295 3041/5/3295 3070/5/3295
f 3070/5/3296 3091/5/3296 3090/5/3296
f 3045/5/3297 3092/5/3297 3088/5/3297
f 3088/5/3298 3046/5/3298 3045/5/3298
f 3058/5/3299 3093/5/3299 3089/5/3299
f 3089/5/3300 3059/5/3300 3058/5/3300
f 3091/5/3301 3070/5/3301 3072/5/3301
f 3072/5/3301 3094/5/3301 3091/5/3301
f 3044/5/3302 3095/5/3302 3092/5/3302
f 3092/5/3303 3045/5/3303 3044/5/3303
f 3057/5/3304 3096/5/3304 3093/5/3304
f 3093/5/3305 3058/5/3305 3057/5/3305
f 3094/5/3306 3072/5/3306 3071/5/3306
f 3071/5/3307 3076/5/3307 3094/5/3307
f 3043/5/3308 3097/5/3308 3095/5/3308
f 3095/5/3309 3044/5/3309 3043/5/3309
f 3056/5/3310 3098/5/3310 3096/5/3310
f 3096/5/3311 3057/5/3311 3056/5/3311
f 3071/5/3312 3069/5/3312 3073/5/3312
f 3073/5/3312 3076/5/3312 3071/5/3312
f 3042/5/3313 3099/5/3313 3097/5/3313
f 3097/5/3314 3043/5/3314 3042/5/3314
f 3055/5/3315 3100/5/3315 3098/5/3315
f 3098/5/3316 3056/5/3316 3055/5/3316
f 3068/5/3317 3101/5/3317 3073/5/3317
f 3073/5/3318 3069/5/3318 3068/5/3318
f 3042/5/3319 3041/5/3319 3090/5/3319
f 3090/5/3320 3099/5/3320 3042/5/3320
f 3054/5/3321 3102/5/3321 3100/5/3321
f 3100/5/3322 3055/5/3322 3054/5/3322
f 3103/5/3323 3101/5/3323 3068/5/3323
f 3068/5/3324 3067/5/3324 3103/5/3324
f 3053/5/3325 3104/5/3325 3102/5/3325
f 3102/5/3326 3054/5/3326 3053/5/3326
f 3066/5/3327 3105/5/3327 3103/5/3327
f 3103/5/3328 3067/5/3328 3066/5/3328
f 3052/5/3329 3106/5/3329 3104/5/3329
f 3104/5/3330 3053/5/3330 3052/5/3330
f 3077/5/3331 3105/5/3331 3066/5/3331
f 3066/5/3331 3065/5/3331 3077/5/3331
f 3051/5/3332 3080/5/3332 3106/5/3332
f 3106/5/3333 3052/5/3333 3051/5/3333
f 3107/5/3334 3108/5/3334 3075/5/3334
f 3075/5/3334 3074/5/3334 3109/5/3334
f 3107/5/3334 3075/5/3334 3109/5/3334
f 3109/5/3334 3110/5/3334 3111/5/3334
f 3109/5/3334 3111/5/3334 3112/5/3334
f 3107/5/3334 3109/5/3334 3112/5/3334
f 3107/5/3334 3112/5/3334 3113/5/3334
f 3113/5/3334 3114/5/3334 3115/5/3334
f 3115/5/3334 3116/5/3334 3117/5/3334
f 3113/5/3334 3115/5/3334 3117/5/3334
f 3117/5/3334 3118/5/3334 3119/5/3334
f 3119/5/3334 3120/5/3334 3121/5/3334
f 3117/5/3334 3119/5/3334 3121/5/3334
f 3113/5/3334 3117/5/3334 3121/5/3334
f 3121/5/3334 3122/5/3334 3123/5/3334
f 3123/5/3334 3124/5/3334 3125/5/3334
f 3121/5/3334 3123/5/3334 3125/5/3334
f 3125/5/3334 3126/5/3334 3127/5/3334
f 3127/5/3334 3128/5/3334 3129/5/3334
f 3125/5/3334 3127/5/3334 3129/5/3334
f 3121/5/3334 3125/5/3334 3129/5/3334
f 3113/5/3334 3121/5/3334 3129/5/3334
f 3129/5/3334 3130/5/3334 3131/5/3334
f 3131/5/3334 3132/5/3334 3133/5/3334
f 3129/5/3334 3131/5/3334 3133/5/3334
f 3133/5/3334 3134/5/3334 3135/5/3334
f 3133/5/3334 3135/5/3334 3136/5/3334
f 3129/5/3334 3133/5/3334 3136/5/3334
f 3113/5/3334 3129/5/3334 3136/5/3334
f 3107/5/3334 3113/5/3334 3136/5/3334
f 3099/5/3335 3135/5/3335 3134/5/3335
f 3134/5/3336 3097/5/3336 3099/5/3336
f 3100/5/3337 3122/5/3337 3121/5/3337
f 3121/5/3337 3098/5/3337 3100/5/3337
f 3101/5/3338 3109/5/3338 3074/5/3338
f 3074/5/3339 3073/5/3339 3101/5/3339
f 3099/5/3340 3090/5/3340 3136/5/3340
f 3136/5/3341 3135/5/3341 3099/5/3341
f 3102/5/3342 3123/5/3342 3122/5/3342
f 3122/5/3342 3100/5/3342 3102/5/3342
f 3103/5/3343 3110/5/3343 3109/5/3343
f 3109/5/3343 3101/5/3343 3103/5/3343
f 3104/5/3344 3124/5/3344 3123/5/3344
f 3123/5/3344 3102/5/3344 3104/5/3344
f 3105/5/3345 3111/5/3345 3110/5/3345
f 3110/5/3346 3103/5/3346 3105/5/3346
f 3106/5/3347 3125/5/3347 3124/5/3347
f 3124/5/3347 3104/5/3347 3106/5/3347
f 3077/5/3348 3112/5/3348 3111/5/3348
f 3111/5/3349 3105/5/3349 3077/5/3349
f 3080/5/3350 3126/5/3350 3125/5/3350
f 3125/5/3350 3106/5/3350 3080/5/3350
f 3078/5/3351 3113/5/3351 3112/5/3351
f 3112/5/3352 3077/5/3352 3078/5/3352
f 3079/5/3353 3127/5/3353 3126/5/3353
f 3126/5/3353 3080/5/3353 3079/5/3353
f 3081/5/3354 3114/5/3354 3113/5/3354
f 3113/5/3354 3078/5/3354 3081/5/3354
f 3082/5/3355 3128/5/3355 3127/5/3355
f 3127/5/3355 3079/5/3355 3082/5/3355
f 3083/5/3356 3115/5/3356 3114/5/3356
f 3114/5/3356 3081/5/3356 3083/5/3356
f 3084/5/3357 3129/5/3357 3128/5/3357
f 3128/5/3358 3082/5/3358 3084/5/3358
f 3085/5/3359 3116/5/3359 3115/5/3359
f 3115/5/3359 3083/5/3359 3085/5/3359
f 3086/5/3360 3130/5/3360 3129/5/3360
f 3129/5/3361 3084/5/3361 3086/5/3361
f 3087/5/3362 3117/5/3362 3116/5/3362
f 3116/5/3362 3085/5/3362 3087/5/3362
f 3088/5/3363 3131/5/3363 3130/5/3363
f 3130/5/3363 3086/5/3363 3088/5/3363
f 3089/5/3364 3118/5/3364 3117/5/3364
f 3117/5/3364 3087/5/3364 3089/5/3364
f 3091/5/3365 3107/5/3365 3136/5/3365
f 3136/5/3365 3090/5/3365 3091/5/3365
f 3092/5/3366 3132/5/3366 3131/5/3366
f 3131/5/3367 3088/5/3367 3092/5/3367
f 3093/5/3368 3119/5/3368 3118/5/3368
f 3118/5/3369 3089/5/3369 3093/5/3369
f 3094/5/3370 3108/5/3370 3107/5/3370
f 3107/5/3371 3091/5/3371 3094/5/3371
f 3095/5/3372 3133/5/3372 3132/5/3372
f 3132/5/3372 3092/5/3372 3095/5/3372
f 3096/5/3373 3120/5/3373 3119/5/3373
f 3119/5/3373 3093/5/3373 3096/5/3373
f 3076/5/3374 3075/5/3374 3108/5/3374
f 3108/5/3374 3094/5/3374 3076/5/3374
f 3097/5/3375 3134/5/3375 3133/5/3375
f 3133/5/3375 3095/5/3375 3097/5/3375
f 3098/5/3376 3121/5/3376 3120/5/3376
f 3120/5/3377 3096/5/3377 3098/5/3377
o Cilindro_003
v 0.944118 -2.057565 -0.267180
v 0.948018 -2.057565 -0.268680
v 0.948018 -2.131965 -0.268680
v 0.944118 -2.131965 -0.267180
v 0.952118 -2.057565 -0.269380
v 0.952118 -2.131965 -0.269380
v 0.956318 -2.057565 -0.269280
v 0.956318 -2.131965 -0.269280
v 0.960418 -2.057565 -0.268380
v 0.960418 -2.131965 -0.268380
v 0.964218 -2.057565 -0.266580
v 0.964218 -2.131965 -0.266580
v 0.967618 -2.131965 -0.264180
v 0.967618 -2.057565 -0.264180
v 0.970518 -2.131965 -0.261180
v 0.970518 -2.057565 -0.261180
v 0.972718 -2.057565 -0.257580
v 0.972718 -2.131965 -0.257580
v 0.974218 -2.131965 -0.253680
v 0.974218 -2.057565 -0.253680
v 0.974918 -2.131965 -0.249580
v 0.974918 -2.057565 -0.249580
v 0.974818 -2.131965 -0.245380
v 0.974818 -2.057565 -0.245380
v 0.973818 -2.057565 -0.241280
v 0.973818 -2.131965 -0.241280
v 0.972118 -2.131965 -0.237480
v 0.972118 -2.057565 -0.237480
v 0.969718 -2.131965 -0.234080
v 0.969718 -2.057565 -0.234080
v 0.966618 -2.131965 -0.231180
v 0.966618 -2.057565 -0.231180
v 0.963118 -2.131965 -0.228980
v 0.963118 -2.057565 -0.228980
v 0.959218 -2.131965 -0.227480
v 0.959218 -2.057565 -0.227480
v 0.955118 -2.131965 -0.226780
v 0.955118 -2.057565 -0.226780
v 0.950918 -2.131965 -0.226880
v 0.950918 -2.057565 -0.226880
v 0.946818 -2.057565 -0.227880
v 0.946818 -2.131965 -0.227880
v 0.943018 -2.057565 -0.229580
v 0.943018 -2.131965 -0.229580
v 0.939618 -2.131965 -0.231980
v 0.939618 -2.057565 -0.231980
v 0.936718 -2.131965 -0.235080
v 0.936718 -2.057565 -0.235080
v 0.934518 -2.057565 -0.238580
v 0.934518 -2.131965 -0.238580
v 0.933018 -2.057565 -0.242480
v 0.933018 -2.131965 -0.242480
v 0.932318 -2.131965 -0.246680
v 0.932318 -2.057565 -0.246680
v 0.932418 -2.057565 -0.250780
v 0.932418 -2.131965 -0.250780
v 0.933418 -2.131965 -0.254880
v 0.933418 -2.057565 -0.254880
v 0.935118 -2.131965 -0.258680
v 0.935118 -2.057565 -0.258680
v 0.937518 -2.057565 -0.262080
v 0.937518 -2.131965 -0.262080
v 0.964218 -2.039165 -0.253380
v 0.965318 -2.039365 -0.250680
v 0.940618 -2.057565 -0.264980
v 0.940618 -2.131965 -0.264980
v 0.954018 -2.043165 -0.262080
v 0.939618 -2.032365 -0.254880
v 0.939718 -2.030365 -0.252880
v 0.956418 -2.041865 -0.261180
v 0.955618 -2.051565 -0.233880
v 0.958018 -2.049865 -0.234080
v 0.941118 -2.055565 -0.251080
v 0.941318 -2.056365 -0.248280
v 0.958718 -2.040665 -0.259780
v 0.963718 -2.044665 -0.237880
v 0.964918 -2.043165 -0.239980
v 0.944518 -2.056865 -0.240380
v 0.946318 -2.056365 -0.238180
v 0.947018 -2.048065 -0.261380
v 0.949218 -2.046365 -0.262080
v 0.945118 -2.049865 -0.260080
v 0.965918 -2.039865 -0.247880
v 0.953218 -2.053065 -0.234180
v 0.941518 -2.054365 -0.253780
v 0.960918 -2.039865 -0.257980
v 0.962118 -2.046365 -0.236180
v 0.943018 -2.057065 -0.242880
v 0.951618 -2.044665 -0.262380
v 0.966018 -2.040665 -0.245080
v 0.950818 -2.054365 -0.234980
v 0.942218 -2.053065 -0.256180
v 0.962718 -2.039365 -0.255880
v 0.960218 -2.048065 -0.234880
v 0.941918 -2.056865 -0.245580
v 0.965718 -2.041865 -0.242480
v 0.948518 -2.055565 -0.236380
v 0.943518 -2.051565 -0.258280
v 0.940618 -2.037265 -0.257880
v 0.941518 -2.039965 -0.258580
v 0.942718 -2.042565 -0.258880
v 0.944018 -2.045065 -0.258580
v 0.945618 -2.047465 -0.257880
v 0.947218 -2.049465 -0.256580
v 0.948818 -2.051165 -0.254880
v 0.950518 -2.052465 -0.252880
v 0.952018 -2.053165 -0.250480
v 0.953418 -2.053465 -0.247980
v 0.954618 -2.053165 -0.245380
v 0.955518 -2.052465 -0.242680
v 0.956118 -2.051165 -0.240180
v 0.956518 -2.049465 -0.237880
v 0.956518 -2.047465 -0.235780
v 0.956218 -2.045065 -0.234080
v 0.955618 -2.042565 -0.232880
v 0.954618 -2.039965 -0.232080
v 0.953518 -2.037265 -0.231880
v 0.952118 -2.034765 -0.232080
v 0.950618 -2.032365 -0.232880
v 0.949018 -2.030365 -0.234080
v 0.947318 -2.028665 -0.235780
v 0.945718 -2.027365 -0.237880
v 0.944118 -2.026665 -0.240180
v 0.942718 -2.026365 -0.242680
v 0.941618 -2.026665 -0.245380
v 0.940618 -2.027365 -0.247980
v 0.940018 -2.028665 -0.250480
v 0.940018 -2.034765 -0.256580
v 0.985418 -2.057565 0.190920
v 0.985418 -2.131965 0.190920
v 0.982518 -2.131965 0.187920
v 0.982518 -2.057565 0.187920
v 0.987718 -2.131965 0.194420
v 0.987718 -2.057565 0.194420
v 0.989318 -2.057565 0.198220
v 0.989318 -2.131965 0.198220
v 0.990018 -2.131965 0.202420
v 0.990018 -2.057565 0.202420
v 0.990018 -2.057565 0.206520
v 0.990018 -2.131965 0.206520
v 0.989118 -2.131965 0.210620
v 0.989118 -2.057565 0.210620
v 0.987518 -2.131965 0.214520
v 0.987518 -2.057565 0.214520
v 0.985118 -2.057565 0.217920
v 0.985118 -2.131965 0.217920
v 0.982118 -2.131965 0.220920
v 0.982118 -2.057565 0.220920
v 0.978618 -2.057565 0.223120
v 0.978618 -2.131965 0.223120
v 0.974718 -2.057565 0.224720
v 0.974718 -2.131965 0.224720
v 0.970618 -2.131965 0.225520
v 0.970618 -2.057565 0.225520
v 0.966418 -2.057565 0.225420
v 0.966418 -2.131965 0.225420
v 0.962318 -2.057565 0.224620
v 0.962318 -2.131965 0.224620
v 0.958518 -2.131965 0.222920
v 0.958518 -2.057565 0.222920
v 0.955018 -2.057565 0.220620
v 0.955018 -2.131965 0.220620
v 0.952118 -2.057565 0.217620
v 0.952118 -2.131965 0.217620
v 0.949818 -2.131965 0.214120
v 0.949818 -2.057565 0.214120
v 0.948318 -2.131965 0.210220
v 0.948318 -2.057565 0.210220
v 0.947518 -2.057565 0.206120
v 0.947518 -2.131965 0.206120
v 0.947518 -2.131965 0.201920
v 0.947518 -2.057565 0.201920
v 0.948418 -2.057565 0.197820
v 0.948418 -2.131965 0.197820
v 0.950118 -2.057565 0.193920
v 0.950118 -2.131965 0.193920
v 0.952418 -2.131965 0.190520
v 0.952418 -2.057565 0.190520
v 0.955418 -2.131965 0.187620
v 0.955418 -2.057565 0.187620
v 0.958918 -2.057565 0.185320
v 0.958918 -2.131965 0.185320
v 0.962818 -2.131965 0.183720
v 0.962818 -2.057565 0.183720
v 0.966918 -2.057565 0.182920
v 0.966918 -2.131965 0.182920
v 0.971118 -2.057565 0.183020
v 0.971118 -2.131965 0.183020
v 0.975218 -2.131965 0.183920
v 0.975218 -2.057565 0.183920
v 0.975818 -2.039365 0.213920
v 0.977818 -2.039165 0.211820
v 0.979018 -2.057565 0.185520
v 0.979018 -2.131965 0.185520
v 0.981918 -2.041865 0.201620
v 0.981718 -2.043165 0.199020
v 0.969418 -2.032365 0.188720
v 0.967518 -2.030365 0.189520
v 0.956518 -2.051565 0.211820
v 0.957718 -2.049865 0.213820
v 0.966518 -2.055565 0.191620
v 0.964018 -2.056365 0.192920
v 0.981618 -2.040665 0.204220
v 0.965918 -2.043165 0.217920
v 0.963418 -2.044665 0.217620
v 0.956818 -2.056365 0.201520
v 0.958018 -2.056865 0.199020
v 0.978318 -2.048065 0.192920
v 0.979918 -2.046365 0.194620
v 0.976318 -2.049865 0.191620
v 0.973518 -2.039865 0.215620
v 0.955818 -2.053065 0.209420
v 0.969118 -2.054365 0.190820
v 0.980818 -2.039865 0.206920
v 0.961218 -2.046365 0.216820
v 0.959718 -2.057065 0.196620
v 0.981018 -2.044665 0.196620
v 0.971018 -2.040665 0.216820
v 0.955618 -2.054365 0.206920
v 0.971618 -2.053065 0.190620
v 0.979518 -2.039365 0.209420
v 0.959318 -2.048065 0.215520
v 0.961718 -2.056865 0.194620
v 0.968418 -2.041865 0.217620
v 0.956018 -2.055565 0.204220
v 0.974118 -2.051565 0.190820
v 0.974318 -2.042565 0.189920
v 0.974618 -2.045065 0.191220
v 0.974518 -2.047465 0.192920
v 0.974018 -2.049465 0.194920
v 0.973118 -2.051165 0.197120
v 0.971918 -2.052465 0.199420
v 0.970418 -2.053165 0.201820
v 0.968618 -2.053465 0.204120
v 0.966618 -2.053165 0.206220
v 0.964618 -2.052465 0.208120
v 0.962518 -2.051165 0.209720
v 0.960518 -2.049465 0.211020
v 0.958718 -2.047465 0.211820
v 0.957018 -2.045065 0.212220
v 0.955618 -2.042565 0.212120
v 0.954518 -2.039965 0.211620
v 0.953818 -2.037265 0.210620
v 0.953518 -2.034765 0.209320
v 0.953618 -2.032365 0.207520
v 0.954118 -2.030365 0.205620
v 0.955018 -2.028665 0.203420
v 0.956218 -2.027365 0.201120
v 0.957718 -2.026665 0.198720
v 0.959518 -2.026365 0.196420
v 0.961418 -2.026665 0.194320
v 0.963518 -2.027365 0.192420
v 0.965518 -2.028665 0.190820
v 0.971118 -2.034765 0.188320
v 0.973518 -2.039965 0.188920
v 0.972518 -2.037265 0.188420
v 1.017118 -2.057565 -0.047380
v 1.017118 -2.131965 -0.047380
v 1.012918 -2.131965 -0.047580
v 1.012918 -2.057565 -0.047580
v 1.021118 -2.131965 -0.046280
v 1.021118 -2.057565 -0.046280
v 1.024918 -2.057565 -0.044480
v 1.024918 -2.131965 -0.044480
v 1.028218 -2.057565 -0.041980
v 1.028218 -2.131965 -0.041980
v 1.031018 -2.131965 -0.038780
v 1.031018 -2.057565 -0.038780
v 1.033118 -2.057565 -0.035180
v 1.033118 -2.131965 -0.035180
v 1.034518 -2.057565 -0.031280
v 1.034518 -2.131965 -0.031280
v 1.035018 -2.131965 -0.027080
v 1.035018 -2.057565 -0.027080
v 1.034818 -2.057565 -0.022880
v 1.034818 -2.131965 -0.022880
v 1.033718 -2.057565 -0.018880
v 1.033718 -2.131965 -0.018880
v 1.031918 -2.131965 -0.015080
v 1.031918 -2.057565 -0.015080
v 1.029318 -2.057565 -0.011780
v 1.029318 -2.131965 -0.011780
v 1.026218 -2.057565 -0.008980
v 1.026218 -2.131965 -0.008980
v 1.022618 -2.131965 -0.006880
v 1.022618 -2.057565 -0.006880
v 1.018618 -2.131965 -0.005480
v 1.018618 -2.057565 -0.005480
v 1.014518 -2.057565 -0.004980
v 1.014518 -2.131965 -0.004980
v 1.010318 -2.131965 -0.005180
v 1.010318 -2.057565 -0.005180
v 1.006318 -2.131965 -0.006280
v 1.006318 -2.057565 -0.006280
v 1.002518 -2.057565 -0.008080
v 1.002518 -2.131965 -0.008080
v 0.999218 -2.131965 -0.010580
v 0.999218 -2.057565 -0.010580
v 0.996418 -2.057565 -0.013780
v 0.996418 -2.131965 -0.013780
v 0.994318 -2.057565 -0.017380
v 0.994318 -2.131965 -0.017380
v 0.992918 -2.131965 -0.021280
v 0.992918 -2.057565 -0.021280
v 0.992418 -2.131965 -0.025480
v 0.992418 -2.057565 -0.025480
v 0.992618 -2.057565 -0.029680
v 0.992618 -2.131965 -0.029680
v 0.993718 -2.131965 -0.033680
v 0.993718 -2.057565 -0.033680
v 0.995518 -2.057565 -0.037480
v 0.995518 -2.131965 -0.037480
v 0.998018 -2.057565 -0.040780
v 0.998018 -2.131965 -0.040780
v 1.001218 -2.131965 -0.043580
v 1.001218 -2.057565 -0.043580
v 1.004818 -2.057565 -0.045680
v 1.004818 -2.131965 -0.045680
v 1.025518 -2.039165 -0.026680
v 1.025418 -2.039365 -0.023880
v 1.008718 -2.057565 -0.047080
v 1.008718 -2.131965 -0.047080
v 1.019818 -2.043165 -0.038780
v 1.003818 -2.032365 -0.038180
v 1.002918 -2.030365 -0.036380
v 1.021618 -2.041865 -0.037080
v 1.009718 -2.051565 -0.012480
v 1.011918 -2.049865 -0.011680
v 1.003618 -2.055565 -0.034080
v 1.002618 -2.056365 -0.031480
v 1.023218 -2.040665 -0.034880
v 1.020718 -2.043165 -0.014280
v 1.018718 -2.044665 -0.012780
v 1.003018 -2.056365 -0.020180
v 1.002218 -2.056865 -0.022980
v 1.015418 -2.046365 -0.040880
v 1.013118 -2.048065 -0.041080
v 1.010818 -2.049865 -0.040680
v 1.024818 -2.039865 -0.021080
v 1.007618 -2.053065 -0.013780
v 1.004918 -2.054365 -0.036380
v 1.024418 -2.039865 -0.032380
v 1.016518 -2.046365 -0.011880
v 1.001918 -2.057065 -0.025880
v 1.017718 -2.044665 -0.040080
v 1.023818 -2.040665 -0.018480
v 1.005718 -2.054365 -0.015480
v 1.006718 -2.053065 -0.038280
v 1.025218 -2.039365 -0.029580
v 1.014318 -2.048065 -0.011480
v 1.002018 -2.056865 -0.028680
v 1.022418 -2.041865 -0.016180
v 1.004218 -2.055565 -0.017680
v 1.008718 -2.051565 -0.039780
v 1.005818 -2.037265 -0.040480
v 1.007018 -2.039965 -0.040780
v 1.008118 -2.042565 -0.040580
v 1.009318 -2.045065 -0.039780
v 1.010418 -2.047465 -0.038480
v 1.011318 -2.049465 -0.036680
v 1.012118 -2.051165 -0.034480
v 1.012818 -2.052465 -0.031880
v 1.013218 -2.053165 -0.029180
v 1.013518 -2.053465 -0.026280
v 1.013518 -2.053165 -0.023380
v 1.013218 -2.052465 -0.020580
v 1.012818 -2.051165 -0.017980
v 1.012118 -2.049465 -0.015780
v 1.011318 -2.047465 -0.013880
v 1.010318 -2.045065 -0.012480
v 1.009218 -2.042565 -0.011580
v 1.008118 -2.039965 -0.011280
v 1.006918 -2.037265 -0.011480
v 1.005818 -2.034765 -0.012280
v 1.004718 -2.032365 -0.013580
v 1.003718 -2.030365 -0.015480
v 1.002918 -2.028665 -0.017680
v 1.002318 -2.027365 -0.020180
v 1.001818 -2.026665 -0.022980
v 1.001618 -2.026365 -0.025780
v 1.001618 -2.026665 -0.028680
v 1.001818 -2.027365 -0.031480
v 1.002318 -2.028665 -0.034080
v 1.004718 -2.034765 -0.039580
vn -0.3549 -0.0000 -0.9349
vn -0.1657 -0.0000 -0.9862
vn 0.0299 -0.0000 -0.9996
vn 0.2243 -0.0000 -0.9745
vn 0.4101 -0.0000 -0.9120
vn 0.5801 -0.0000 -0.8145
vn 0.7279 -0.0000 -0.6857
vn 0.8477 -0.0000 -0.5305
vn 0.9349 -0.0000 -0.3549
vn 0.9862 -0.0000 -0.1657
vn 0.9996 -0.0000 0.0299
vn 0.9745 -0.0000 0.2243
vn 0.9120 -0.0000 0.4101
vn 0.9121 -0.0000 0.4100
vn 0.8145 -0.0000 0.5802
vn 0.6857 -0.0000 0.7279
vn 0.5305 -0.0000 0.8477
vn 0.3549 -0.0000 0.9349
vn 0.1657 -0.0000 0.9862
vn 0.1658 -0.0000 0.9862
vn -0.0299 -0.0000 0.9996
vn -0.2243 -0.0000 0.9745
vn -0.4101 -0.0000 0.9121
vn -0.5802 -0.0000 0.8145
vn -0.7279 -0.0000 0.6857
vn -0.8477 -0.0000 0.5305
vn -0.9349 -0.0000 0.3549
vn -0.9349 -0.0000 0.3550
vn -0.9862 -0.0000 0.1654
vn -0.9862 -0.0000 0.1657
vn -0.9996 -0.0000 -0.0299
vn -0.9745 -0.0000 -0.2243
vn -0.9120 -0.0000 -0.4101
vn -0.9121 -0.0000 -0.4101
vn -0.8145 -0.0000 -0.5802
vn 0.8312 0.4607 -0.3113
vn -0.6857 -0.0000 -0.7279
vn -0.5307 -0.0000 -0.8476
vn -0.5305 -0.0000 -0.8477
vn -0.0000 -1.0000 -0.0000
vn -0.0000 -1.0000 0.0003
vn -0.0000 -1.0000 0.0002
vn -0.0000 -1.0000 -0.0001
vn -0.0000 -1.0000 0.0005
vn -0.0000 -1.0000 -0.0003
vn -0.0000 -1.0000 0.0001
vn -0.0000 -1.0000 -0.0004
vn 0.0579 0.6233 -0.7799
vn 0.0579 0.6232 -0.7799
vn -0.0799 0.7021 0.7076
vn -0.0799 0.7021 0.7075
vn -0.0799 0.7022 0.7075
vn -0.1629 0.9797 0.1167
vn -0.1629 0.9797 0.1166
vn 0.3330 0.4516 -0.8277
vn 0.6770 0.4608 0.5738
vn 0.6771 0.4608 0.5738
vn -0.1180 0.9930 0.0100
vn -0.1181 0.9930 0.0099
vn -0.4226 0.5301 -0.7351
vn -0.4226 0.5300 -0.7351
vn -0.5559 0.6037 -0.5715
vn -0.5558 0.6037 -0.5715
vn 0.8784 0.4584 -0.1349
vn 0.8785 0.4584 -0.1349
vn -0.2241 0.8075 0.5457
vn -0.2940 0.9504 0.1013
vn -0.2940 0.9504 0.1014
vn 0.4980 0.4548 -0.7383
vn 0.5216 0.4843 0.7024
vn 0.5216 0.4842 0.7025
vn -0.0647 0.9978 0.0115
vn -0.0646 0.9978 0.0116
vn -0.0647 0.9978 0.0116
vn -0.2446 0.4843 -0.8400
vn 0.8892 0.4548 0.0493
vn -0.2814 0.8946 0.3472
vn -0.2814 0.8945 0.3474
vn -0.2814 0.8945 0.3473
vn -0.4467 0.8946 0.0144
vn -0.4467 0.8946 0.0145
vn 0.6383 0.4584 -0.6184
vn 0.3304 0.5301 0.7809
vn -0.0482 0.9978 0.0446
vn -0.0483 0.9978 0.0446
vn -0.0482 0.4608 -0.8862
vn 0.8607 0.4517 0.2348
vn 0.8607 0.4517 0.2347
vn -0.2584 0.9504 0.1729
vn -0.2584 0.9504 0.1730
vn -0.2584 0.9504 0.1731
vn -0.5702 0.8075 -0.1511
vn -0.5713 0.8065 -0.1525
vn 0.7503 0.4606 -0.4743
vn 0.7502 0.4607 -0.4742
vn 0.7503 0.4606 -0.4742
vn 0.1195 0.6037 0.7882
vn -0.0792 0.9930 0.0880
vn -0.0792 0.9930 0.0881
vn 0.1484 0.4521 -0.8796
vn 0.1483 0.4521 -0.8796
vn 0.7905 0.4521 0.4132
vn -0.1914 0.9797 0.0594
vn -0.6121 0.7021 -0.3638
vn -0.6121 0.7021 -0.3639
vn -0.8202 -0.4014 0.4076
vn -0.8202 -0.4015 0.4076
vn -0.8202 -0.4015 0.4075
vn -0.8201 -0.4013 0.4079
vn -0.8203 -0.4014 0.4074
vn -0.8199 -0.4017 0.4079
vn -0.8203 -0.4011 0.4077
vn -0.8203 -0.4015 0.4073
vn -0.8201 -0.4014 0.4077
vn -0.8206 -0.4005 0.4077
vn -0.8206 -0.4006 0.4077
vn -0.8202 -0.4017 0.4073
vn -0.8205 -0.4010 0.4075
vn -0.8203 -0.4015 0.4074
vn -0.8204 -0.4013 0.4073
vn -0.8204 -0.4013 0.4074
vn -0.8203 -0.4013 0.4074
vn -0.8202 -0.4013 0.4078
vn -0.8203 -0.4007 0.4081
vn -0.8203 -0.4015 0.4072
vn -0.8207 -0.4004 0.4076
vn -0.8207 -0.4004 0.4075
vn -0.8201 -0.4019 0.4074
vn -0.8202 -0.4014 0.4075
vn -0.8205 -0.4012 0.4072
vn -0.8205 -0.4012 0.4073
vn -0.9366 -0.1054 -0.3341
vn -0.9366 -0.1055 -0.3341
vn -0.2997 -0.1056 0.9482
vn 0.1544 0.7314 -0.6643
vn -0.5749 -0.0880 -0.8134
vn -0.5749 -0.0879 -0.8135
vn -0.5747 -0.0878 -0.8136
vn -0.5748 -0.0878 -0.8136
vn -0.8931 0.3342 0.3011
vn -0.8931 0.3341 0.3012
vn 0.2406 0.8072 -0.5390
vn 0.2406 0.8073 -0.5390
vn 0.2405 0.8072 -0.5391
vn -0.7744 0.6269 -0.0857
vn -0.7743 0.6269 -0.0858
vn -0.7743 0.6270 -0.0856
vn -0.7744 0.6269 -0.0856
vn 0.3184 0.8550 -0.4094
vn 0.3184 0.8550 -0.4093
vn -0.6106 0.7776 -0.1501
vn 0.3901 0.8780 -0.2774
vn -0.4802 0.8702 -0.1105
vn -0.4802 0.8702 -0.1106
vn 0.4567 0.8780 -0.1431
vn -0.3773 0.9256 -0.0287
vn 0.5186 0.8550 -0.0064
vn 0.5186 0.8550 -0.0065
vn -0.2976 0.9518 0.0748
vn -0.2976 0.9517 0.0751
vn 0.5748 0.8072 0.1341
vn 0.5748 0.8072 0.1342
vn -0.2395 0.9518 0.1916
vn -0.2395 0.9517 0.1919
vn 0.6226 0.7314 0.2783
vn -0.2052 0.9256 0.3180
vn -0.2052 0.9257 0.3179
vn 0.6565 0.6232 0.4251
vn 0.6564 0.6232 0.4251
vn -0.2021 0.8701 0.4495
vn -0.2020 0.8701 0.4495
vn -0.2021 0.8702 0.4494
vn 0.6664 0.4793 0.5711
vn 0.6664 0.4793 0.5712
vn -0.3422 0.0999 -0.9343
vn -0.3422 0.0998 -0.9343
vn -0.2494 0.7775 0.5773
vn -0.2494 0.7775 0.5774
vn -0.2494 0.7776 0.5772
vn 0.6363 0.3010 0.7103
vn -0.1816 0.3010 -0.9362
vn -0.3996 0.6270 0.6688
vn -0.3996 0.6270 0.6687
vn -0.3995 0.6269 0.6689
vn -0.3996 0.6268 0.6689
vn 0.5376 0.0999 0.8372
vn 0.5376 0.0998 0.8373
vn 0.5377 0.0997 0.8372
vn -0.0525 0.4794 -0.8760
vn -0.0525 0.4792 -0.8761
vn -0.7796 0.3343 0.5296
vn -0.7795 0.3343 0.5297
vn -0.7796 0.3342 0.5297
vn 0.3009 -0.0877 0.9496
vn 0.3009 -0.0876 0.9496
vn 0.3010 -0.0878 0.9496
vn 0.7148 -0.0000 -0.6994
vn 0.8374 -0.0000 -0.5466
vn 0.8375 -0.0000 -0.5465
vn 0.9280 -0.0000 -0.3726
vn 0.9828 -0.0000 -0.1844
vn 0.9999 -0.0000 0.0109
vn 0.9786 -0.0000 0.2058
vn 0.9197 -0.0000 0.3927
vn 0.8254 -0.0000 0.5646
vn 0.6993 -0.0000 0.7148
vn 0.5465 -0.0000 0.8375
vn 0.3726 -0.0000 0.9280
vn 0.1844 -0.0000 0.9829
vn -0.0109 -0.0000 0.9999
vn -0.2058 -0.0000 0.9786
vn -0.3927 -0.0000 0.9197
vn -0.5646 -0.0000 0.8254
vn -0.7148 -0.0000 0.6994
vn -0.8375 -0.0000 0.5465
vn -0.9280 -0.0000 0.3726
vn -0.9829 -0.0000 0.1844
vn -0.9999 -0.0000 -0.0109
vn -0.9786 -0.0000 -0.2058
vn -0.9196 -0.0000 -0.3928
vn -0.8254 -0.0000 -0.5646
vn -0.6993 -0.0000 -0.7148
vn -0.5465 -0.0000 -0.8375
vn -0.3726 -0.0000 -0.9280
vn -0.1844 -0.0000 -0.9829
vn 0.0109 -0.0000 -0.9999
vn 0.2058 -0.0000 -0.9786
vn 0.6179 0.4607 0.6372
vn 0.6179 0.4606 0.6372
vn 0.3928 -0.0000 -0.9196
vn 0.5646 -0.0000 -0.8254
vn 0.5646 -0.0000 -0.8253
vn -0.0000 -1.0000 -0.0005
vn 0.7379 0.6232 -0.2591
vn -0.6804 0.7021 0.2099
vn -0.1721 0.9797 -0.1026
vn -0.1721 0.9797 -0.1027
vn 0.8918 0.4517 -0.0260
vn -0.2550 0.4607 0.8501
vn -0.0563 0.9930 -0.1042
vn -0.0563 0.9929 -0.1044
vn 0.5046 0.5300 -0.6815
vn 0.5046 0.5300 -0.6816
vn 0.3013 0.6037 -0.7381
vn 0.4751 0.4584 0.7511
vn -0.5897 0.8075 0.0129
vn -0.5898 0.8075 0.0129
vn -0.2104 0.9504 -0.2289
vn -0.2105 0.9504 -0.2289
vn 0.8759 0.4548 0.1610
vn -0.4350 0.4843 0.7591
vn -0.0364 0.9978 -0.0547
vn -0.0364 0.9978 -0.0546
vn 0.6720 0.4843 -0.5603
vn 0.6720 0.4842 -0.5603
vn 0.3106 0.4548 0.8347
vn -0.4308 0.8946 -0.1189
vn -0.4308 0.8946 -0.1191
vn -0.4308 0.8946 -0.1190
vn -0.1919 0.8946 -0.4036
vn -0.1920 0.8946 -0.4036
vn 0.8222 0.4583 0.3375
vn 0.8222 0.4584 0.3375
vn -0.5835 0.5301 0.6153
vn -0.5835 0.5300 0.6153
vn -0.0602 0.9978 -0.0264
vn -0.0602 0.9978 -0.0263
vn 0.7929 0.4608 -0.3987
vn 0.1292 0.4517 0.8828
vn -0.2619 0.9504 -0.1676
vn -0.0897 0.8075 -0.5830
vn 0.7349 0.4606 0.4978
vn 0.7348 0.4606 0.4978
vn -0.6745 0.6037 0.4249
vn -0.6746 0.6037 0.4249
vn -0.1124 0.9930 -0.0374
vn -0.1125 0.9930 -0.0373
vn 0.8654 0.4521 -0.2160
vn -0.0624 0.4521 0.8898
vn -0.1309 0.9797 -0.1516
vn -0.1309 0.9797 -0.1517
vn 0.0885 0.7022 -0.7065
vn 0.0885 0.7021 -0.7065
vn 0.0885 0.7021 -0.7066
vn -0.7018 -0.4010 -0.5887
vn -0.7018 -0.4010 -0.5888
vn -0.7016 -0.4015 -0.5887
vn -0.7020 -0.4014 -0.5883
vn -0.7016 -0.4013 -0.5888
vn -0.7017 -0.4011 -0.5889
vn -0.7016 -0.4012 -0.5889
vn -0.7021 -0.4012 -0.5884
vn -0.7021 -0.4012 -0.5883
vn -0.7016 -0.4014 -0.5887
vn -0.7016 -0.4014 -0.5888
vn -0.7016 -0.4012 -0.5888
vn -0.7017 -0.4014 -0.5887
vn -0.7016 -0.4013 -0.5889
vn -0.7017 -0.4016 -0.5885
vn -0.7016 -0.4017 -0.5885
vn -0.7018 -0.4021 -0.5881
vn -0.7018 -0.4021 -0.5880
vn -0.7018 -0.4022 -0.5880
vn -0.7017 -0.4014 -0.5886
vn -0.7015 -0.4014 -0.5889
vn -0.7015 -0.4013 -0.5889
vn -0.7017 -0.4015 -0.5886
vn -0.7016 -0.4015 -0.5886
vn -0.0686 -0.1055 -0.9920
vn -0.0685 -0.1054 -0.9921
vn -0.0686 -0.1055 -0.9921
vn -0.9889 -0.1055 0.1047
vn -0.9889 -0.1054 0.1047
vn 0.6706 0.7314 -0.1242
vn 0.6705 0.7314 -0.1242
vn 0.6705 0.7314 -0.1243
vn 0.5157 -0.0878 -0.8523
vn 0.5157 -0.0880 -0.8523
vn 0.5156 -0.0879 -0.8523
vn -0.6332 0.3342 -0.6981
vn -0.6333 0.3342 -0.6980
vn -0.6333 0.3342 -0.6981
vn 0.5902 0.8072 0.0046
vn 0.5902 0.8072 0.0048
vn -0.2312 0.6269 -0.7440
vn -0.2313 0.6269 -0.7440
vn 0.5025 0.8550 0.1281
vn 0.5025 0.8550 0.1280
vn -0.1068 0.7775 -0.6197
vn -0.1069 0.7775 -0.6197
vn -0.1068 0.7776 -0.6197
vn 0.4102 0.8781 0.2464
vn -0.0909 0.8702 -0.4843
vn -0.0908 0.8702 -0.4842
vn -0.0909 0.8702 -0.4842
vn -0.0908 0.8701 -0.4844
vn 0.3139 0.8780 0.3614
vn 0.3140 0.8780 0.3613
vn -0.1246 0.9257 -0.3571
vn -0.1247 0.9256 -0.3573
vn 0.2133 0.8550 0.4726
vn 0.2133 0.8551 0.4726
vn 0.2133 0.8550 0.4727
vn -0.1877 0.9518 -0.2425
vn -0.1877 0.9518 -0.2427
vn 0.1071 0.8072 0.5805
vn 0.1071 0.8073 0.5804
vn -0.2717 0.9517 -0.1428
vn -0.2717 0.9517 -0.1427
vn -0.0059 0.7314 0.6819
vn -0.0059 0.7315 0.6818
vn -0.3736 0.9256 -0.0608
vn -0.3736 0.9256 -0.0609
vn -0.3735 0.9256 -0.0608
vn -0.1270 0.6232 0.7717
vn -0.1270 0.6233 0.7716
vn -0.4927 0.8702 -0.0055
vn -0.4927 0.8702 -0.0053
vn -0.2568 0.4793 0.8392
vn -0.2568 0.4794 0.8392
vn 0.7192 0.0999 -0.6875
vn 0.7192 0.0999 -0.6876
vn 0.7193 0.0998 -0.6875
vn -0.6288 0.7776 0.0025
vn -0.6288 0.7775 0.0024
vn -0.6288 0.7776 0.0024
vn -0.3964 0.3009 0.8673
vn -0.3965 0.3009 0.8673
vn -0.3964 0.3010 0.8674
vn 0.7853 0.3010 -0.5410
vn 0.7853 0.3010 -0.5411
vn 0.7853 0.3009 -0.5411
vn -0.7728 0.6269 -0.0986
vn -0.7731 0.6265 -0.0989
vn -0.7729 0.6269 -0.0985
vn -0.7728 0.6269 -0.0985
vn -0.5523 0.0998 0.8277
vn -0.5521 0.0997 0.8278
vn -0.5521 0.0996 0.8278
vn -0.5522 0.0996 0.8278
vn 0.7819 0.4793 -0.3986
vn -0.7974 0.3343 -0.5024
vn -0.7974 0.3343 -0.5023
vn -0.7498 -0.0878 0.6558
vn -0.7497 -0.0878 0.6560
vn -0.7498 -0.0879 0.6558
vn -0.7499 -0.0879 0.6557
vn 0.0602 -0.0000 -0.9982
vn 0.2538 -0.0000 -0.9673
vn 0.4376 -0.0000 -0.8992
vn 0.6043 -0.0000 -0.7968
vn 0.6046 -0.0000 -0.7965
vn 0.7484 -0.0000 -0.6632
vn 0.8634 -0.0000 -0.5045
vn 0.9452 -0.0000 -0.3264
vn 0.9907 -0.0000 -0.1357
vn 0.9982 -0.0000 0.0602
vn 0.9673 -0.0000 0.2537
vn 0.8992 -0.0000 0.4376
vn 0.7965 -0.0000 0.6046
vn 0.6633 -0.0000 0.7484
vn 0.5045 -0.0000 0.8634
vn 0.3264 -0.0000 0.9452
vn 0.1357 -0.0000 0.9908
vn -0.0602 -0.0000 0.9982
vn -0.2538 -0.0000 0.9673
vn -0.4376 -0.0000 0.8992
vn -0.6043 -0.0000 0.7968
vn -0.6046 -0.0000 0.7965
vn -0.7484 -0.0000 0.6632
vn -0.7484 -0.0000 0.6633
vn -0.8634 -0.0000 0.5044
vn -0.8634 -0.0000 0.5045
vn -0.9452 -0.0000 0.3264
vn -0.9907 -0.0000 0.1357
vn -0.9982 -0.0000 -0.0602
vn -0.9673 -0.0000 -0.2538
vn -0.8992 -0.0000 -0.4376
vn -0.7967 -0.0000 -0.6044
vn -0.7965 -0.0000 -0.6046
vn -0.6633 -0.0000 -0.7484
vn -0.5045 -0.0000 -0.8634
vn -0.5042 -0.0000 -0.8636
vn 0.8857 0.4606 0.0574
vn -0.3264 -0.0000 -0.9452
vn -0.1357 -0.0000 -0.9907
vn -0.0000 -1.0000 0.0006
vn 0.3730 0.6232 -0.6874
vn -0.3634 0.7021 0.6124
vn -0.3634 0.7020 0.6124
vn -0.1964 0.9797 0.0395
vn 0.6435 0.4517 -0.6180
vn 0.3818 0.4608 0.8012
vn -0.1117 0.9930 -0.0393
vn -0.1117 0.9930 -0.0396
vn -0.0836 0.5301 -0.8438
vn -0.2723 0.6036 -0.7493
vn -0.2723 0.6037 -0.7493
vn 0.8564 0.4584 0.2375
vn 0.8564 0.4584 0.2376
vn -0.4284 0.8075 0.4055
vn -0.3097 0.9504 -0.0283
vn 0.7572 0.4548 -0.4688
vn 0.1872 0.4843 0.8547
vn 0.1872 0.4842 0.8547
vn -0.0637 0.9978 -0.0162
vn -0.0637 0.9978 -0.0161
vn 0.1219 0.4843 -0.8664
vn 0.7906 0.4548 0.4100
vn -0.3991 0.8946 0.2011
vn -0.3991 0.8946 0.2010
vn -0.4132 0.8946 -0.1703
vn -0.4132 0.8946 -0.1702
vn 0.8359 0.4584 -0.3018
vn -0.0194 0.5301 0.8477
vn -0.0623 0.9978 0.0209
vn 0.3199 0.4608 -0.8278
vn 0.3199 0.4608 -0.8279
vn 0.6884 0.4517 0.5675
vn -0.3066 0.9504 0.0517
vn -0.4579 0.8075 -0.3719
vn -0.4578 0.8075 -0.3720
vn -0.4579 0.8075 -0.3720
vn 0.8788 0.4606 -0.1245
vn 0.8788 0.4606 -0.1244
vn -0.2147 0.6037 0.7678
vn -0.2146 0.6037 0.7678
vn -0.1084 0.9930 0.0477
vn 0.4964 0.4521 -0.7411
vn 0.5511 0.4521 0.7013
vn -0.1989 0.9797 -0.0245
vn -0.1989 0.9797 -0.0244
vn -0.4087 0.7022 -0.5830
vn -0.4087 0.7021 -0.5831
vn -0.4088 0.7021 -0.5830
vn -0.9152 -0.4015 0.0347
vn -0.9152 -0.4014 0.0348
vn -0.9152 -0.4015 0.0345
vn -0.9152 -0.4014 0.0349
vn -0.9152 -0.4015 0.0348
vn -0.9151 -0.4018 0.0348
vn -0.9152 -0.4014 0.0352
vn -0.9152 -0.4013 0.0352
vn -0.9153 -0.4013 0.0352
vn -0.9152 -0.4016 0.0348
vn -0.9151 -0.4016 0.0351
vn -0.9153 -0.4014 0.0344
vn -0.9153 -0.4014 0.0349
vn -0.9153 -0.4014 0.0345
vn -0.9152 -0.4015 0.0349
vn -0.9154 -0.4010 0.0353
vn -0.9152 -0.4016 0.0347
vn -0.9151 -0.4018 0.0346
vn -0.9153 -0.4013 0.0348
vn -0.9154 -0.4010 0.0352
vn -0.9153 -0.4011 0.0351
vn -0.9154 -0.4011 0.0348
vn -0.9150 -0.4020 0.0349
vn -0.9151 -0.4018 0.0344
vn -0.9151 -0.4018 0.0345
vn -0.9150 -0.4019 0.0345
vn -0.9153 -0.4012 0.0350
vn -0.9153 -0.4013 0.0350
vn -0.9153 -0.4014 0.0348
vn -0.7169 -0.1056 -0.6891
vn -0.7169 -0.1056 -0.6892
vn -0.6626 -0.1055 0.7415
vn -0.6626 -0.1056 0.7415
vn 0.4136 0.7314 -0.5422
vn 0.4135 0.7313 -0.5424
vn -0.1901 -0.0878 -0.9778
vn -0.9380 0.3342 -0.0921
vn -0.9380 0.3341 -0.0919
vn -0.9380 0.3342 -0.0920
vn 0.4406 0.8072 -0.3928
vn -0.6710 0.6269 -0.3960
vn -0.6709 0.6270 -0.3960
vn -0.6709 0.6269 -0.3960
vn -0.6709 0.6269 -0.3961
vn 0.4584 0.8550 -0.2426
vn 0.4584 0.8550 -0.2424
vn -0.4952 0.7775 -0.3875
vn -0.4952 0.7776 -0.3875
vn -0.4952 0.7775 -0.3877
vn 0.4695 0.8780 -0.0928
vn 0.4695 0.8780 -0.0929
vn -0.3925 0.8702 -0.2980
vn 0.4752 0.8780 0.0570
vn -0.3323 0.9256 -0.1810
vn -0.3323 0.9256 -0.1811
vn 0.4755 0.8550 0.2071
vn -0.3021 0.9518 -0.0538
vn -0.3021 0.9518 -0.0537
vn 0.4691 0.8073 0.3581
vn 0.4691 0.8072 0.3582
vn -0.2971 0.9518 0.0764
vn -0.2971 0.9518 0.0768
vn 0.4535 0.7313 0.5095
vn 0.4534 0.7313 0.5095
vn 0.4535 0.7314 0.5093
vn -0.3176 0.9257 0.2056
vn -0.3176 0.9256 0.2057
vn 0.4240 0.6232 0.6572
vn 0.4240 0.6232 0.6571
vn -0.3687 0.8702 0.3269
vn -0.3687 0.8702 0.3268
vn 0.3731 0.4794 0.7943
vn 0.3731 0.4794 0.7944
vn 0.0715 0.0998 -0.9924
vn -0.4644 0.7775 0.4240
vn -0.4644 0.7775 0.4239
vn -0.4644 0.7776 0.4239
vn 0.2885 0.3010 0.9089
vn 0.2188 0.3010 -0.9282
vn -0.6389 0.6269 0.4459
vn -0.6390 0.6268 0.4458
vn -0.6390 0.6268 0.4459
vn -0.6390 0.6270 0.4457
vn -0.6390 0.6269 0.4457
vn 0.1465 0.0998 0.9842
vn 0.3118 0.4794 -0.8203
vn 0.3117 0.4793 -0.8204
vn -0.9283 0.3342 0.1630
vn -0.9283 0.3342 0.1631
vn -0.1154 -0.0878 0.9894
vt 1.000000 1.000000
vt 0.968800 1.000000
vt 0.968800 0.500000
vt 1.000000 0.500000
vt 0.937500 1.000000
vt 0.937500 0.500000
vt 0.906200 1.000000
vt 0.906200 0.500000
vt 0.875000 1.000000
vt 0.875000 0.500000
vt 0.843800 1.000000
vt 0.843800 0.500000
vt 0.812500 0.500000
vt 0.812500 1.000000
vt 0.781200 0.500000
vt 0.781200 1.000000
vt 0.750000 1.000000
vt 0.750000 0.500000
vt 0.718800 0.500000
vt 0.718800 1.000000
vt 0.687500 0.500000
vt 0.687500 1.000000
vt 0.656200 0.500000
vt 0.656200 1.000000
vt 0.625000 1.000000
vt 0.625000 0.500000
vt 0.593800 0.500000
vt 0.593800 1.000000
vt 0.562500 0.500000
vt 0.562500 1.000000
vt 0.531200 0.500000
vt 0.531200 1.000000
vt 0.500000 0.500000
vt 0.500000 1.000000
vt 0.468800 0.500000
vt 0.468800 1.000000
vt 0.437500 0.500000
vt 0.437500 1.000000
vt 0.406200 0.500000
vt 0.406200 1.000000
vt 0.375000 1.000000
vt 0.375000 0.500000
vt 0.343800 1.000000
vt 0.343800 0.500000
vt 0.312500 0.500000
vt 0.312500 1.000000
vt 0.281200 0.500000
vt 0.281200 1.000000
vt 0.250000 1.000000
vt 0.250000 0.500000
vt 0.218800 1.000000
vt 0.218800 0.500000
vt 0.187500 0.500000
vt 0.187500 1.000000
vt 0.156200 1.000000
vt 0.156200 0.500000
vt 0.125000 0.500000
vt 0.125000 1.000000
vt 0.093800 0.500000
vt 0.093800 1.000000
vt 0.062500 1.000000
vt 0.062500 0.500000
vt 0.031200 1.000000
vt 0.031200 0.500000
vt 0.000000 1.000000
vt 0.000000 0.500000
vt 0.796800 0.485400
vt 0.841800 0.471700
vt 0.883300 0.449600
vt 0.919700 0.419700
vt 0.949600 0.383300
vt 0.971700 0.341800
vt 0.985400 0.296800
vt 0.990000 0.250000
vt 0.985400 0.203200
vt 0.971700 0.158200
vt 0.949600 0.116700
vt 0.919700 0.080300
vt 0.883300 0.050400
vt 0.841800 0.028300
vt 0.796800 0.014600
vt 0.750000 0.010000
vt 0.703200 0.014600
vt 0.658200 0.028300
vt 0.616700 0.050400
vt 0.580300 0.080300
vt 0.550400 0.116700
vt 0.528300 0.158200
vt 0.514600 0.203200
vt 0.510000 0.250000
vt 0.514600 0.296800
vt 0.528300 0.341800
vt 0.550400 0.383300
vt 0.580300 0.419700
vt 0.616700 0.449600
vt 0.658200 0.471700
vt 0.750000 0.490000
vt 0.703200 0.485400
vt 0.296800 0.485400
vt 0.250000 0.490000
vt 0.203200 0.485400
vt 0.158200 0.471700
vt 0.116700 0.449600
vt 0.080300 0.419700
vt 0.050400 0.383300
vt 0.028300 0.341800
vt 0.014600 0.296800
vt 0.010000 0.250000
vt 0.014600 0.203200
vt 0.028300 0.158200
vt 0.050400 0.116700
vt 0.080300 0.080300
vt 0.116700 0.050400
vt 0.158200 0.028300
vt 0.203200 0.014600
vt 0.250000 0.010000
vt 0.296800 0.014600
vt 0.341800 0.028300
vt 0.383300 0.050400
vt 0.419700 0.080300
vt 0.449600 0.116700
vt 0.471700 0.158200
vt 0.485400 0.203200
vt 0.490000 0.250000
vt 0.485400 0.296800
vt 0.471700 0.341800
vt 0.449600 0.383300
vt 0.419700 0.419700
vt 0.383300 0.449600
vt 0.341800 0.471700
s 0
usemtl Goddard_None
f 3137/6/3378 3138/7/3378 3139/8/3378
f 3139/8/3378 3140/9/3378 3137/6/3378
f 3138/7/3379 3141/10/3379 3142/11/3379
f 3142/11/3379 3139/8/3379 3138/7/3379
f 3141/10/3380 3143/12/3380 3144/13/3380
f 3144/13/3380 3142/11/3380 3141/10/3380
f 3143/12/3381 3145/14/3381 3146/15/3381
f 3146/15/3381 3144/13/3381 3143/12/3381
f 3147/16/3382 3148/17/3382 3146/15/3382
f 3146/15/3382 3145/14/3382 3147/16/3382
f 3149/18/3383 3148/17/3383 3147/16/3383
f 3147/16/3383 3150/19/3383 3149/18/3383
f 3151/20/3384 3149/18/3384 3150/19/3384
f 3150/19/3384 3152/21/3384 3151/20/3384
f 3153/22/3385 3154/23/3385 3151/20/3385
f 3151/20/3385 3152/21/3385 3153/22/3385
f 3155/24/3386 3154/23/3386 3153/22/3386
f 3153/22/3386 3156/25/3386 3155/24/3386
f 3157/26/3387 3155/24/3387 3156/25/3387
f 3156/25/3387 3158/27/3387 3157/26/3387
f 3159/28/3388 3157/26/3388 3158/27/3388
f 3158/27/3388 3160/29/3388 3159/28/3388
f 3161/30/3389 3162/31/3389 3159/28/3389
f 3159/28/3389 3160/29/3389 3161/30/3389
f 3163/32/3390 3162/31/3390 3161/30/3390
f 3161/30/3391 3164/33/3391 3163/32/3391
f 3165/34/3392 3163/32/3392 3164/33/3392
f 3164/33/3392 3166/35/3392 3165/34/3392
f 3167/36/3393 3165/34/3393 3166/35/3393
f 3166/35/3393 3168/37/3393 3167/36/3393
f 3169/38/3394 3167/36/3394 3168/37/3394
f 3168/37/3394 3170/39/3394 3169/38/3394
f 3171/40/3395 3169/38/3395 3170/39/3395
f 3170/39/3395 3172/41/3395 3171/40/3395
f 3173/42/3396 3171/40/3396 3172/41/3396
f 3172/41/3397 3174/43/3397 3173/42/3397
f 3175/44/3398 3173/42/3398 3174/43/3398
f 3174/43/3398 3176/45/3398 3175/44/3398
f 3177/46/3399 3178/47/3399 3175/44/3399
f 3175/44/3399 3176/45/3399 3177/46/3399
f 3177/46/3400 3179/48/3400 3180/49/3400
f 3180/49/3400 3178/47/3400 3177/46/3400
f 3181/50/3401 3180/49/3401 3179/48/3401
f 3179/48/3401 3182/51/3401 3181/50/3401
f 3183/52/3402 3181/50/3402 3182/51/3402
f 3182/51/3402 3184/53/3402 3183/52/3402
f 3185/54/3403 3186/55/3403 3183/52/3403
f 3183/52/3403 3184/53/3403 3185/54/3403
f 3187/56/3404 3188/57/3404 3186/55/3404
f 3186/55/3405 3185/54/3405 3187/56/3405
f 3189/58/3406 3188/57/3406 3187/56/3406
f 3187/56/3407 3190/59/3407 3189/58/3407
f 3191/60/3408 3192/61/3408 3189/58/3408
f 3189/58/3408 3190/59/3408 3191/60/3408
f 3193/62/3409 3192/61/3409 3191/60/3409
f 3191/60/3409 3194/63/3409 3193/62/3409
f 3195/64/3410 3193/62/3410 3194/63/3410
f 3194/63/3411 3196/65/3411 3195/64/3411
f 3197/66/3412 3198/67/3412 3195/64/3412
f 3195/64/3412 3196/65/3412 3197/66/3412
f 3153/22/3413 3199/22/3413 3200/25/3413
f 3200/25/3413 3156/25/3413 3153/22/3413
f 3201/68/3414 3202/69/3414 3198/67/3414
f 3198/67/3414 3197/66/3414 3201/68/3414
f 3202/69/3415 3201/68/3415 3137/70/3415
f 3137/70/3416 3140/71/3416 3202/69/3416
f 3139/72/3417 3142/73/3417 3144/74/3417
f 3139/72/3417 3144/74/3417 3146/75/3417
f 3146/75/3418 3148/76/3418 3149/77/3418
f 3149/77/3419 3151/78/3419 3154/79/3419
f 3154/79/3420 3155/80/3420 3157/81/3420
f 3149/77/3417 3154/79/3417 3157/81/3417
f 3146/75/3417 3149/77/3417 3157/81/3417
f 3157/81/3417 3159/82/3417 3162/83/3417
f 3162/83/3417 3163/84/3417 3165/85/3417
f 3157/81/3417 3162/83/3417 3165/85/3417
f 3165/85/3418 3167/86/3418 3169/87/3418
f 3169/87/3421 3171/88/3421 3173/89/3421
f 3165/85/3417 3169/87/3417 3173/89/3417
f 3173/89/3417 3175/90/3417 3178/91/3417
f 3178/91/3422 3180/92/3422 3181/93/3422
f 3173/89/3417 3178/91/3417 3181/93/3417
f 3181/93/3422 3183/94/3422 3186/95/3422
f 3186/95/3423 3188/96/3423 3189/97/3423
f 3181/93/3417 3186/95/3417 3189/97/3417
f 3173/89/3417 3181/93/3417 3189/97/3417
f 3165/85/3417 3173/89/3417 3189/97/3417
f 3157/81/3417 3165/85/3417 3189/97/3417
f 3146/75/3417 3157/81/3417 3189/97/3417
f 3189/97/3423 3192/98/3423 3193/99/3423
f 3193/99/3417 3195/100/3417 3198/101/3417
f 3189/97/3417 3193/99/3417 3198/101/3417
f 3146/75/3417 3189/97/3417 3198/101/3417
f 3139/72/3423 3146/75/3423 3198/101/3423
f 3140/102/3424 3139/72/3424 3198/101/3424
f 3140/102/3422 3198/101/3422 3202/103/3422
f 3203/12/3425 3204/12/3425 3205/14/3425
f 3205/14/3426 3206/14/3426 3203/12/3426
f 3207/43/3427 3174/43/3427 3172/41/3428
f 3172/41/3429 3208/41/3429 3207/43/3429
f 3209/60/3430 3191/60/3430 3190/59/3430
f 3190/59/3431 3210/59/3431 3209/60/3431
f 3211/16/3432 3147/16/3432 3145/14/3432
f 3145/14/3432 3206/14/3432 3211/16/3432
f 3212/35/3433 3166/35/3433 3164/33/3433
f 3164/33/3434 3213/33/3434 3212/35/3434
f 3214/53/3435 3184/53/3435 3182/51/3435
f 3182/51/3436 3215/51/3436 3214/53/3436
f 3138/7/3437 3137/6/3437 3216/6/3437
f 3216/6/3437 3217/7/3437 3138/7/3438
f 3201/68/3439 3218/68/3439 3216/70/3440
f 3216/70/3439 3137/70/3439 3201/68/3440
f 3219/27/3441 3158/27/3441 3156/25/3441
f 3156/25/3442 3200/25/3441 3219/27/3441
f 3220/45/3443 3176/45/3443 3174/43/3443
f 3174/43/3443 3207/43/3443 3220/45/3443
f 3209/60/3444 3221/63/3444 3194/63/3444
f 3194/63/3445 3191/60/3445 3209/60/3445
f 3222/19/3446 3150/19/3446 3147/16/3446
f 3147/16/3446 3211/16/3446 3222/19/3446
f 3223/37/3447 3168/37/3447 3166/35/3447
f 3166/35/3447 3212/35/3448 3223/37/3447
f 3224/54/3449 3185/54/3449 3184/53/3449
f 3184/53/3450 3214/53/3451 3224/54/3450
f 3217/7/3452 3225/10/3452 3141/10/3452
f 3141/10/3452 3138/7/3452 3217/7/3452
f 3226/29/3453 3160/29/3453 3158/27/3453
f 3158/27/3453 3219/27/3453 3226/29/3453
f 3220/45/3454 3227/46/3454 3177/46/3454
f 3177/46/3455 3176/45/3456 3220/45/3456
f 3196/65/3457 3194/63/3457 3221/63/3457
f 3221/63/3458 3228/65/3458 3196/65/3458
f 3229/21/3459 3152/21/3459 3150/19/3459
f 3150/19/3459 3222/19/3459 3229/21/3459
f 3230/39/3460 3170/39/3460 3168/37/3460
f 3168/37/3460 3223/37/3460 3230/39/3460
f 3231/56/3461 3187/56/3461 3185/54/3461
f 3185/54/3462 3224/54/3462 3231/56/3462
f 3203/12/3463 3143/12/3463 3141/10/3463
f 3141/10/3463 3225/10/3463 3203/12/3463
f 3232/30/3464 3161/30/3464 3160/29/3464
f 3160/29/3464 3226/29/3465 3232/30/3464
f 3233/48/3466 3179/48/3466 3177/46/3467
f 3177/46/3467 3227/46/3468 3233/48/3468
f 3197/66/3469 3196/65/3469 3228/65/3469
f 3228/65/3470 3234/66/3469 3197/66/3469
f 3152/21/3471 3229/21/3472 3199/22/3471
f 3199/22/3473 3153/22/3473 3152/21/3473
f 3208/41/3474 3172/41/3474 3170/39/3474
f 3170/39/3474 3230/39/3474 3208/41/3474
f 3210/59/3475 3190/59/3475 3187/56/3475
f 3187/56/3476 3231/56/3476 3210/59/3476
f 3145/14/3477 3143/12/3477 3203/12/3477
f 3203/12/3478 3206/14/3478 3145/14/3478
f 3213/33/3479 3164/33/3479 3161/30/3479
f 3161/30/3479 3232/30/3479 3213/33/3479
f 3215/51/3480 3182/51/3480 3179/48/3480
f 3179/48/3480 3233/48/3480 3215/51/3480
f 3201/68/3481 3197/66/3481 3234/66/3481
f 3234/66/3481 3218/68/3482 3201/68/3482
f 3235/104/3483 3236/105/3484 3237/106/3485
f 3237/106/3486 3238/107/3486 3239/108/3486
f 3235/104/3487 3237/106/3487 3239/108/3487
f 3239/108/3488 3240/109/3488 3241/110/3488
f 3241/110/3489 3242/111/3489 3243/112/3489
f 3239/108/3490 3241/110/3490 3243/112/3490
f 3243/112/3491 3244/113/3491 3245/114/3491
f 3245/114/3492 3246/115/3493 3247/116/3493
f 3243/112/3494 3245/114/3494 3247/116/3494
f 3239/108/3487 3243/112/3487 3247/116/3487
f 3247/116/3490 3248/117/3490 3249/118/3490
f 3249/118/3495 3250/119/3495 3251/120/3495
f 3247/116/3496 3249/118/3496 3251/120/3496
f 3251/120/3497 3252/121/3498 3253/122/3499
f 3253/122/3500 3254/123/3500 3255/124/3500
f 3251/120/3487 3253/122/3487 3255/124/3487
f 3247/116/3487 3251/120/3487 3255/124/3487
f 3239/108/3487 3247/116/3487 3255/124/3487
f 3255/124/3501 3256/125/3501 3257/126/3501
f 3257/126/3494 3258/127/3494 3259/128/3494
f 3255/124/3485 3257/126/3485 3259/128/3485
f 3255/124/3502 3259/128/3502 3260/129/3502
f 3239/108/3487 3255/124/3487 3260/129/3487
f 3260/129/3503 3261/130/3504 3262/131/3504
f 3262/131/3505 3263/132/3505 3205/133/3505
f 3260/129/3496 3262/131/3496 3205/133/3496
f 3239/108/3487 3260/129/3487 3205/133/3487
f 3235/104/3494 3239/108/3494 3205/133/3494
f 3235/104/3506 3205/133/3506 3204/134/3506
f 3235/104/3507 3204/134/3508 3264/135/3507
f 3234/66/3509 3238/66/3510 3237/68/3510
f 3237/68/3510 3218/68/3510 3234/66/3510
f 3208/41/3511 3251/41/3511 3250/43/3511
f 3250/43/3511 3207/43/3511 3208/41/3511
f 3206/14/3512 3205/14/3512 3263/16/3512
f 3263/16/3512 3211/16/3512 3206/14/3512
f 3218/68/3513 3237/68/3514 3236/70/3515
f 3236/70/3516 3216/70/3516 3218/68/3516
f 3207/43/3517 3250/43/3517 3249/45/3517
f 3249/45/3518 3220/45/3517 3207/43/3517
f 3211/16/3519 3263/16/3519 3262/19/3520
f 3262/19/3521 3222/19/3521 3211/16/3521
f 3220/45/3522 3249/45/3523 3248/46/3522
f 3248/46/3524 3227/46/3524 3220/45/3525
f 3222/19/3526 3262/19/3526 3261/21/3526
f 3261/21/3527 3229/21/3527 3222/19/3527
f 3227/46/3528 3248/46/3528 3247/48/3528
f 3247/48/3528 3233/48/3528 3227/46/3528
f 3199/22/3529 3229/21/3529 3261/21/3529
f 3261/21/3529 3260/22/3529 3199/22/3529
f 3233/48/3530 3247/48/3530 3246/51/3530
f 3246/51/3531 3215/51/3531 3233/48/3531
f 3199/22/3532 3260/22/3532 3259/25/3532
f 3259/25/3532 3200/25/3532 3199/22/3532
f 3215/51/3533 3246/51/3533 3245/53/3533
f 3245/53/3533 3214/53/3533 3215/51/3533
f 3200/25/3534 3259/25/3534 3258/27/3534
f 3258/27/3535 3219/27/3535 3200/25/3535
f 3214/53/3536 3245/53/3536 3244/54/3536
f 3244/54/3537 3224/54/3537 3214/53/3537
f 3219/27/3538 3258/27/3538 3257/29/3538
f 3257/29/3539 3226/29/3539 3219/27/3539
f 3224/54/3540 3244/54/3540 3243/56/3540
f 3243/56/3541 3231/56/3541 3224/54/3541
f 3226/29/3542 3257/29/3542 3256/30/3542
f 3256/30/3542 3232/30/3542 3226/29/3542
f 3231/56/3543 3243/56/3543 3242/59/3543
f 3242/59/3544 3210/59/3544 3231/56/3544
f 3232/30/3545 3256/30/3546 3255/33/3545
f 3255/33/3546 3213/33/3546 3232/30/3546
f 3210/59/3547 3242/59/3547 3241/60/3548
f 3241/60/3549 3209/60/3549 3210/59/3549
f 3213/33/3550 3255/33/3551 3254/35/3551
f 3254/35/3550 3212/35/3550 3213/33/3550
f 3216/6/3552 3236/6/3552 3235/7/3552
f 3235/7/3553 3217/7/3553 3216/6/3553
f 3209/60/3554 3241/60/3554 3240/63/3555
f 3240/63/3556 3221/63/3554 3209/60/3556
f 3212/35/3557 3254/35/3557 3253/37/3557
f 3253/37/3557 3223/37/3557 3212/35/3557
f 3217/7/3558 3235/7/3558 3264/10/3558
f 3264/10/3558 3225/10/3558 3217/7/3558
f 3221/63/3559 3240/63/3560 3239/65/3560
f 3239/65/3561 3228/65/3561 3221/63/3562
f 3223/37/3563 3253/37/3564 3252/39/3563
f 3252/39/3565 3230/39/3565 3223/37/3565
f 3225/10/3566 3264/10/3566 3204/12/3566
f 3204/12/3567 3203/12/3567 3225/10/3567
f 3228/65/3568 3239/65/3569 3238/66/3570
f 3238/66/3569 3234/66/3568 3228/65/3570
f 3230/39/3571 3252/39/3572 3251/41/3571
f 3251/41/3573 3208/41/3573 3230/39/3573
f 3265/7/3574 3266/8/3574 3267/9/3574
f 3267/9/3574 3268/6/3574 3265/7/3574
f 3269/11/3575 3266/8/3575 3265/7/3575
f 3265/7/3576 3270/10/3576 3269/11/3576
f 3271/12/3577 3272/13/3577 3269/11/3577
f 3269/11/3577 3270/10/3577 3271/12/3577
f 3273/15/3578 3272/13/3578 3271/12/3578
f 3271/12/3578 3274/14/3578 3273/15/3578
f 3275/16/3579 3276/17/3579 3273/15/3579
f 3273/15/3579 3274/14/3579 3275/16/3579
f 3277/18/3580 3276/17/3580 3275/16/3580
f 3275/16/3580 3278/19/3580 3277/18/3580
f 3279/20/3581 3277/18/3581 3278/19/3581
f 3278/19/3581 3280/21/3581 3279/20/3581
f 3281/22/3582 3282/23/3582 3279/20/3582
f 3279/20/3582 3280/21/3582 3281/22/3582
f 3283/24/3583 3282/23/3583 3281/22/3583
f 3281/22/3583 3284/25/3583 3283/24/3583
f 3285/27/3584 3286/26/3584 3283/24/3584
f 3283/24/3584 3284/25/3584 3285/27/3584
f 3287/29/3585 3288/28/3585 3286/26/3585
f 3286/26/3585 3285/27/3585 3287/29/3585
f 3289/31/3586 3288/28/3586 3287/29/3586
f 3287/29/3586 3290/30/3586 3289/31/3586
f 3291/33/3587 3292/32/3587 3289/31/3587
f 3289/31/3587 3290/30/3587 3291/33/3587
f 3293/35/3588 3294/34/3588 3292/32/3588
f 3292/32/3588 3291/33/3588 3293/35/3588
f 3295/36/3589 3294/34/3589 3293/35/3589
f 3293/35/3589 3296/37/3589 3295/36/3589
f 3296/37/3590 3297/39/3590 3298/38/3590
f 3298/38/3590 3295/36/3590 3296/37/3590
f 3299/41/3591 3300/40/3591 3298/38/3591
f 3298/38/3591 3297/39/3591 3299/41/3591
f 3301/42/3592 3300/40/3592 3299/41/3592
f 3299/41/3592 3302/43/3592 3301/42/3592
f 3303/44/3593 3301/42/3593 3302/43/3593
f 3302/43/3593 3304/45/3593 3303/44/3593
f 3305/46/3594 3306/47/3594 3303/44/3594
f 3303/44/3594 3304/45/3594 3305/46/3594
f 3307/49/3595 3306/47/3595 3305/46/3595
f 3305/46/3595 3308/48/3595 3307/49/3595
f 3309/51/3596 3310/50/3596 3307/49/3596
f 3307/49/3596 3308/48/3596 3309/51/3596
f 3311/53/3597 3312/52/3597 3310/50/3597
f 3310/50/3597 3309/51/3597 3311/53/3597
f 3313/55/3598 3312/52/3598 3311/53/3598
f 3311/53/3598 3314/54/3598 3313/55/3598
f 3315/57/3599 3313/55/3599 3314/54/3599
f 3314/54/3599 3316/56/3599 3315/57/3599
f 3317/59/3600 3318/58/3600 3315/57/3600
f 3315/57/3600 3316/56/3600 3317/59/3600
f 3319/61/3601 3318/58/3601 3317/59/3601
f 3317/59/3601 3320/60/3601 3319/61/3601
f 3321/63/3602 3322/62/3602 3319/61/3602
f 3319/61/3602 3320/60/3602 3321/63/3602
f 3323/65/3603 3324/64/3603 3322/62/3603
f 3322/62/3603 3321/63/3603 3323/65/3603
f 3325/67/3604 3324/64/3604 3323/65/3604
f 3323/65/3604 3326/66/3604 3325/67/3604
f 3327/25/3605 3284/25/3605 3281/22/3605
f 3281/22/3606 3328/22/3606 3327/25/3606
f 3329/68/3607 3330/69/3607 3325/67/3607
f 3325/67/3607 3326/66/3607 3329/68/3607
f 3329/68/3608 3268/70/3608 3267/71/3608
f 3267/71/3609 3330/69/3609 3329/68/3609
f 3267/102/3422 3266/72/3422 3269/73/3422
f 3269/73/3423 3272/74/3423 3273/75/3423
f 3267/102/3417 3269/73/3417 3273/75/3417
f 3276/76/3417 3277/77/3417 3279/78/3417
f 3273/75/3417 3276/76/3417 3279/78/3417
f 3273/75/3417 3279/78/3417 3282/79/3417
f 3282/79/3417 3283/80/3417 3286/81/3417
f 3273/75/3417 3282/79/3417 3286/81/3417
f 3273/75/3417 3286/81/3417 3288/82/3417
f 3288/82/3417 3289/83/3417 3292/84/3417
f 3273/75/3417 3288/82/3417 3292/84/3417
f 3273/75/3417 3292/84/3417 3294/85/3417
f 3294/85/3418 3295/86/3418 3298/87/3418
f 3273/75/3417 3294/85/3417 3298/87/3417
f 3273/75/3417 3298/87/3417 3300/88/3417
f 3300/88/3423 3301/89/3423 3303/90/3423
f 3273/75/3417 3300/88/3417 3303/90/3417
f 3273/75/3417 3303/90/3417 3306/91/3417
f 3306/91/3417 3307/92/3417 3310/93/3417
f 3273/75/3417 3306/91/3417 3310/93/3417
f 3273/75/3417 3310/93/3417 3312/94/3417
f 3312/94/3417 3313/95/3417 3315/96/3417
f 3273/75/3417 3312/94/3417 3315/96/3417
f 3273/75/3417 3315/96/3417 3318/97/3417
f 3318/97/3610 3319/98/3610 3322/99/3610
f 3273/75/3417 3318/97/3417 3322/99/3417
f 3273/75/3417 3322/99/3417 3324/100/3417
f 3267/102/3417 3273/75/3417 3324/100/3417
f 3267/102/3417 3324/100/3417 3325/101/3417
f 3267/102/3417 3325/101/3417 3330/103/3417
f 3331/14/3611 3332/12/3611 3333/12/3611
f 3333/12/3611 3334/14/3611 3331/14/3611
f 3335/43/3612 3302/43/3612 3299/41/3612
f 3299/41/3612 3336/41/3612 3335/43/3612
f 3337/60/3613 3320/60/3613 3317/59/3613
f 3317/59/3614 3338/59/3614 3337/60/3614
f 3274/14/3615 3331/14/3615 3339/16/3615
f 3339/16/3615 3275/16/3615 3274/14/3615
f 3291/33/3616 3340/33/3616 3341/35/3616
f 3341/35/3616 3293/35/3616 3291/33/3616
f 3311/53/3617 3309/51/3617 3342/51/3617
f 3342/51/3618 3343/53/3618 3311/53/3618
f 3268/6/3619 3344/6/3619 3345/7/3620
f 3345/7/3619 3265/7/3619 3268/6/3619
f 3268/70/3621 3329/68/3621 3346/68/3621
f 3346/68/3621 3344/70/3621 3268/70/3621
f 3327/25/3622 3347/27/3622 3285/27/3622
f 3285/27/3622 3284/25/3622 3327/25/3622
f 3335/43/3623 3348/45/3623 3304/45/3624
f 3304/45/3623 3302/43/3623 3335/43/3623
f 3337/60/3625 3349/63/3625 3321/63/3625
f 3321/63/3626 3320/60/3626 3337/60/3626
f 3350/19/3627 3278/19/3627 3275/16/3627
f 3275/16/3627 3339/16/3627 3350/19/3627
f 3351/37/3628 3296/37/3628 3293/35/3628
f 3293/35/3628 3341/35/3628 3351/37/3628
f 3352/54/3629 3314/54/3629 3311/53/3629
f 3311/53/3630 3343/53/3630 3352/54/3630
f 3353/10/3631 3270/10/3631 3265/7/3631
f 3265/7/3632 3345/7/3632 3353/10/3632
f 3285/27/3633 3347/27/3633 3354/29/3633
f 3354/29/3633 3287/29/3633 3285/27/3633
f 3305/46/3634 3304/45/3634 3348/45/3634
f 3348/45/3635 3355/46/3636 3305/46/3635
f 3323/65/3637 3321/63/3637 3349/63/3637
f 3349/63/3637 3356/65/3638 3323/65/3637
f 3350/19/3639 3357/21/3639 3280/21/3639
f 3280/21/3640 3278/19/3640 3350/19/3640
f 3351/37/3641 3358/39/3641 3297/39/3641
f 3297/39/3642 3296/37/3642 3351/37/3642
f 3352/54/3643 3359/56/3643 3316/56/3643
f 3316/56/3644 3314/54/3644 3352/54/3644
f 3270/10/3645 3353/10/3645 3332/12/3645
f 3332/12/3645 3271/12/3645 3270/10/3645
f 3360/30/3646 3290/30/3646 3287/29/3646
f 3287/29/3646 3354/29/3646 3360/30/3646
f 3361/48/3647 3308/48/3647 3305/46/3647
f 3305/46/3647 3355/46/3647 3361/48/3647
f 3362/66/3648 3326/66/3648 3323/65/3648
f 3323/65/3648 3356/65/3648 3362/66/3648
f 3280/21/3649 3357/21/3649 3328/22/3649
f 3328/22/3650 3281/22/3650 3280/21/3650
f 3297/39/3651 3358/39/3651 3336/41/3651
f 3336/41/3652 3299/41/3652 3297/39/3652
f 3317/59/3653 3316/56/3653 3359/56/3653
f 3359/56/3654 3338/59/3654 3317/59/3654
f 3331/14/3655 3274/14/3655 3271/12/3655
f 3271/12/3655 3332/12/3655 3331/14/3655
f 3360/30/3656 3340/33/3656 3291/33/3656
f 3291/33/3656 3290/30/3656 3360/30/3656
f 3361/48/3657 3342/51/3657 3309/51/3657
f 3309/51/3658 3308/48/3658 3361/48/3658
f 3362/66/3659 3346/68/3659 3329/68/3660
f 3329/68/3661 3326/66/3661 3362/66/3661
f 3363/106/3662 3364/107/3663 3365/108/3663
f 3363/106/3664 3365/108/3664 3366/109/3664
f 3366/109/3665 3367/110/3665 3368/111/3665
f 3363/106/3666 3366/109/3666 3368/111/3666
f 3363/106/3664 3368/111/3664 3369/112/3664
f 3369/112/3667 3370/113/3667 3371/114/3667
f 3363/106/3664 3369/112/3664 3371/114/3664
f 3363/106/3668 3371/114/3668 3372/115/3668
f 3372/115/3669 3373/116/3670 3374/117/3670
f 3363/106/3671 3372/115/3671 3374/117/3671
f 3363/106/3672 3374/117/3672 3375/118/3672
f 3375/118/3672 3376/119/3672 3377/120/3672
f 3363/106/3671 3375/118/3671 3377/120/3671
f 3363/106/3672 3377/120/3672 3378/121/3672
f 3378/121/3668 3379/122/3673 3380/123/3673
f 3363/106/3674 3378/121/3671 3380/123/3671
f 3363/106/3674 3380/123/3674 3381/124/3674
f 3381/124/3675 3382/125/3675 3383/126/3675
f 3363/106/3672 3381/124/3672 3383/126/3672
f 3363/106/3671 3383/126/3671 3384/127/3671
f 3384/127/3676 3385/128/3677 3386/129/3677
f 3363/106/3671 3384/127/3671 3386/129/3671
f 3386/129/3678 3387/130/3679 3388/131/3680
f 3386/129/3664 3388/131/3671 3389/132/3671
f 3363/106/3671 3386/129/3671 3389/132/3671
f 3363/106/3681 3389/132/3681 3334/133/3681
f 3334/133/3682 3333/134/3682 3390/135/3682
f 3363/106/3671 3334/133/3671 3390/135/3671
f 3391/105/3675 3363/106/3675 3390/135/3683
f 3392/104/3684 3391/105/3685 3390/135/3684
f 3346/68/3686 3362/66/3686 3364/66/3686
f 3364/66/3687 3363/68/3687 3346/68/3688
f 3377/41/3689 3376/43/3689 3335/43/3690
f 3335/43/3689 3336/41/3689 3377/41/3689
f 3339/16/3691 3331/14/3692 3334/14/3691
f 3334/14/3693 3389/16/3693 3339/16/3693
f 3344/70/3694 3346/68/3694 3363/68/3694
f 3363/68/3695 3391/70/3696 3344/70/3695
f 3348/45/3697 3335/43/3697 3376/43/3698
f 3376/43/3698 3375/45/3699 3348/45/3697
f 3388/19/3700 3350/19/3700 3339/16/3700
f 3339/16/3701 3389/16/3701 3388/19/3701
f 3355/46/3702 3348/45/3702 3375/45/3702
f 3375/45/3703 3374/46/3703 3355/46/3703
f 3357/21/3704 3350/19/3704 3388/19/3704
f 3388/19/3705 3387/21/3705 3357/21/3705
f 3374/46/3706 3373/48/3706 3361/48/3707
f 3361/48/3708 3355/46/3707 3374/46/3707
f 3328/22/3709 3357/21/3709 3387/21/3709
f 3387/21/3709 3386/22/3709 3328/22/3709
f 3342/51/3710 3361/48/3711 3373/48/3712
f 3373/48/3713 3372/51/3713 3342/51/3713
f 3386/22/3714 3385/25/3714 3327/25/3714
f 3327/25/3715 3328/22/3715 3386/22/3715
f 3343/53/3716 3342/51/3716 3372/51/3716
f 3372/51/3717 3371/53/3717 3343/53/3717
f 3347/27/3718 3327/25/3719 3385/25/3719
f 3385/25/3720 3384/27/3720 3347/27/3720
f 3371/53/3721 3370/54/3721 3352/54/3721
f 3352/54/3722 3343/53/3722 3371/53/3722
f 3354/29/3723 3347/27/3723 3384/27/3723
f 3384/27/3724 3383/29/3724 3354/29/3724
f 3359/56/3725 3352/54/3725 3370/54/3725
f 3370/54/3726 3369/56/3726 3359/56/3726
f 3383/29/3727 3382/30/3727 3360/30/3727
f 3360/30/3728 3354/29/3728 3383/29/3728
f 3338/59/3729 3359/56/3730 3369/56/3731
f 3369/56/3731 3368/59/3731 3338/59/3731
f 3340/33/3732 3360/30/3732 3382/30/3732
f 3382/30/3733 3381/33/3733 3340/33/3733
f 3368/59/3734 3367/60/3734 3337/60/3734
f 3337/60/3735 3338/59/3735 3368/59/3735
f 3341/35/3736 3340/33/3736 3381/33/3736
f 3381/33/3737 3380/35/3737 3341/35/3737
f 3344/6/3738 3391/6/3739 3392/7/3739
f 3392/7/3740 3345/7/3740 3344/6/3740
f 3349/63/3741 3337/60/3742 3367/60/3743
f 3367/60/3743 3366/63/3743 3349/63/3743
f 3380/35/3744 3379/37/3744 3351/37/3745
f 3351/37/3746 3341/35/3746 3380/35/3746
f 3390/10/3747 3353/10/3747 3345/7/3747
f 3345/7/3748 3392/7/3749 3390/10/3749
f 3356/65/3750 3349/63/3750 3366/63/3750
f 3366/63/3751 3365/65/3752 3356/65/3753
f 3358/39/3754 3351/37/3754 3379/37/3754
f 3379/37/3755 3378/39/3756 3358/39/3757
f 3333/12/3758 3332/12/3758 3353/10/3758
f 3353/10/3758 3390/10/3758 3333/12/3758
f 3365/65/3759 3364/66/3760 3362/66/3759
f 3362/66/3759 3356/65/3759 3365/65/3759
f 3336/41/3761 3358/39/3761 3378/39/3761
f 3378/39/3762 3377/41/3763 3336/41/3764
f 3393/7/3765 3394/8/3765 3395/9/3765
f 3395/9/3765 3396/6/3765 3393/7/3765
f 3397/11/3766 3394/8/3766 3393/7/3766
f 3393/7/3766 3398/10/3766 3397/11/3766
f 3399/12/3767 3400/13/3767 3397/11/3767
f 3397/11/3767 3398/10/3767 3399/12/3767
f 3401/14/3768 3402/15/3768 3400/13/3768
f 3400/13/3769 3399/12/3769 3401/14/3769
f 3403/17/3770 3402/15/3770 3401/14/3770
f 3401/14/3770 3404/16/3770 3403/17/3770
f 3405/19/3771 3406/18/3771 3403/17/3771
f 3403/17/3771 3404/16/3771 3405/19/3771
f 3407/21/3772 3408/20/3772 3406/18/3772
f 3406/18/3772 3405/19/3772 3407/21/3772
f 3409/23/3773 3408/20/3773 3407/21/3773
f 3407/21/3773 3410/22/3773 3409/23/3773
f 3411/25/3774 3412/24/3774 3409/23/3774
f 3409/23/3774 3410/22/3774 3411/25/3774
f 3413/27/3775 3414/26/3775 3412/24/3775
f 3412/24/3775 3411/25/3775 3413/27/3775
f 3415/28/3776 3414/26/3776 3413/27/3776
f 3413/27/3776 3416/29/3776 3415/28/3776
f 3417/30/3777 3418/31/3777 3415/28/3777
f 3415/28/3777 3416/29/3777 3417/30/3777
f 3419/33/3778 3420/32/3778 3418/31/3778
f 3418/31/3778 3417/30/3778 3419/33/3778
f 3421/34/3779 3420/32/3779 3419/33/3779
f 3419/33/3779 3422/35/3779 3421/34/3779
f 3423/36/3780 3421/34/3780 3422/35/3780
f 3422/35/3780 3424/37/3780 3423/36/3780
f 3425/39/3781 3426/38/3781 3423/36/3781
f 3423/36/3781 3424/37/3781 3425/39/3781
f 3427/40/3782 3426/38/3782 3425/39/3782
f 3425/39/3782 3428/41/3782 3427/40/3782
f 3429/42/3783 3427/40/3783 3428/41/3783
f 3428/41/3783 3430/43/3783 3429/42/3783
f 3431/45/3784 3432/44/3784 3429/42/3784
f 3429/42/3784 3430/43/3784 3431/45/3784
f 3433/47/3785 3432/44/3785 3431/45/3785
f 3431/45/3786 3434/46/3786 3433/47/3786
f 3435/48/3787 3436/49/3787 3433/47/3787
f 3433/47/3788 3434/46/3788 3435/48/3788
f 3437/51/3789 3438/50/3789 3436/49/3789
f 3436/49/3790 3435/48/3790 3437/51/3790
f 3439/52/3791 3438/50/3791 3437/51/3791
f 3437/51/3791 3440/53/3791 3439/52/3791
f 3441/55/3792 3439/52/3792 3440/53/3792
f 3440/53/3792 3442/54/3792 3441/55/3792
f 3443/56/3793 3444/57/3793 3441/55/3793
f 3441/55/3793 3442/54/3793 3443/56/3793
f 3445/58/3794 3444/57/3794 3443/56/3794
f 3443/56/3794 3446/59/3794 3445/58/3794
f 3447/60/3795 3448/61/3795 3445/58/3795
f 3445/58/3795 3446/59/3795 3447/60/3795
f 3449/63/3796 3450/62/3796 3448/61/3796
f 3448/61/3797 3447/60/3797 3449/63/3797
f 3451/64/3798 3450/62/3798 3449/63/3798
f 3449/63/3798 3452/65/3798 3451/64/3798
f 3453/66/3799 3454/67/3799 3451/64/3799
f 3451/64/3800 3452/65/3800 3453/66/3800
f 3410/22/3801 3455/22/3801 3456/25/3801
f 3456/25/3801 3411/25/3801 3410/22/3801
f 3457/68/3802 3458/69/3802 3454/67/3802
f 3454/67/3802 3453/66/3802 3457/68/3802
f 3457/68/3803 3396/70/3803 3395/71/3803
f 3395/71/3803 3458/69/3803 3457/68/3803
f 3394/72/3804 3397/73/3804 3400/74/3804
f 3395/102/3417 3394/72/3417 3400/74/3417
f 3395/102/3423 3400/74/3423 3402/75/3423
f 3402/75/3417 3403/76/3417 3406/77/3417
f 3395/102/3417 3402/75/3417 3406/77/3417
f 3395/102/3417 3406/77/3417 3408/78/3417
f 3408/78/3417 3409/79/3417 3412/80/3417
f 3395/102/3417 3408/78/3417 3412/80/3417
f 3395/102/3417 3412/80/3417 3414/81/3417
f 3414/81/3419 3415/82/3419 3418/83/3419
f 3395/102/3417 3414/81/3417 3418/83/3417
f 3395/102/3417 3418/83/3417 3420/84/3417
f 3420/84/3417 3421/85/3417 3423/86/3417
f 3395/102/3417 3420/84/3417 3423/86/3417
f 3395/102/3417 3423/86/3417 3426/87/3417
f 3426/87/3610 3427/88/3610 3429/89/3610
f 3395/102/3417 3426/87/3417 3429/89/3417
f 3395/102/3417 3429/89/3417 3432/90/3417
f 3432/90/3417 3433/91/3417 3436/92/3417
f 3395/102/3417 3432/90/3417 3436/92/3417
f 3395/102/3417 3436/92/3417 3438/93/3417
f 3438/93/3420 3439/94/3420 3441/95/3420
f 3395/102/3417 3438/93/3417 3441/95/3417
f 3395/102/3417 3441/95/3417 3444/96/3417
f 3444/96/3417 3445/97/3417 3448/98/3417
f 3395/102/3417 3444/96/3417 3448/98/3417
f 3395/102/3417 3448/98/3417 3450/99/3417
f 3450/99/3422 3451/100/3422 3454/101/3422
f 3395/102/3423 3450/99/3423 3454/101/3423
f 3395/102/3610 3454/101/3610 3458/103/3610
f 3459/12/3805 3460/12/3805 3461/14/3805
f 3461/14/3805 3462/14/3805 3459/12/3805
f 3463/43/3806 3430/43/3806 3428/41/3806
f 3428/41/3807 3464/41/3807 3463/43/3806
f 3465/60/3808 3447/60/3808 3446/59/3808
f 3446/59/3808 3466/59/3808 3465/60/3808
f 3401/14/3809 3462/14/3809 3467/16/3809
f 3467/16/3809 3404/16/3809 3401/14/3809
f 3422/35/3810 3419/33/3810 3468/33/3810
f 3468/33/3810 3469/35/3810 3422/35/3810
f 3440/53/3811 3437/51/3811 3470/51/3811
f 3470/51/3812 3471/53/3812 3440/53/3812
f 3472/7/3813 3393/7/3813 3396/6/3813
f 3396/6/3813 3473/6/3813 3472/7/3813
f 3474/68/3814 3473/70/3814 3396/70/3814
f 3396/70/3815 3457/68/3815 3474/68/3815
f 3411/25/3816 3456/25/3816 3475/27/3816
f 3475/27/3817 3413/27/3817 3411/25/3817
f 3476/45/3818 3431/45/3818 3430/43/3818
f 3430/43/3818 3463/43/3818 3476/45/3818
f 3477/63/3819 3449/63/3819 3447/60/3819
f 3447/60/3819 3465/60/3819 3477/63/3819
f 3404/16/3820 3467/16/3820 3478/19/3820
f 3478/19/3820 3405/19/3820 3404/16/3820
f 3479/37/3821 3424/37/3821 3422/35/3821
f 3422/35/3821 3469/35/3822 3479/37/3821
f 3480/54/3823 3442/54/3823 3440/53/3823
f 3440/53/3824 3471/53/3824 3480/54/3824
f 3393/7/3825 3472/7/3825 3481/10/3825
f 3481/10/3825 3398/10/3825 3393/7/3825
f 3475/27/3826 3482/29/3826 3416/29/3826
f 3416/29/3826 3413/27/3826 3475/27/3826
f 3434/46/3827 3431/45/3827 3476/45/3827
f 3476/45/3828 3483/46/3828 3434/46/3828
f 3452/65/3829 3449/63/3829 3477/63/3829
f 3477/63/3830 3484/65/3830 3452/65/3830
f 3405/19/3831 3478/19/3831 3485/21/3831
f 3485/21/3831 3407/21/3831 3405/19/3831
f 3486/39/3832 3425/39/3832 3424/37/3832
f 3424/37/3832 3479/37/3832 3486/39/3832
f 3487/56/3833 3443/56/3833 3442/54/3833
f 3442/54/3833 3480/54/3833 3487/56/3833
f 3398/10/3834 3481/10/3834 3459/12/3834
f 3459/12/3835 3399/12/3835 3398/10/3835
f 3482/29/3836 3488/30/3836 3417/30/3836
f 3417/30/3836 3416/29/3836 3482/29/3836
f 3489/48/3837 3435/48/3837 3434/46/3837
f 3434/46/3837 3483/46/3837 3489/48/3837
f 3490/66/3838 3453/66/3838 3452/65/3838
f 3452/65/3839 3484/65/3840 3490/66/3839
f 3407/21/3841 3485/21/3841 3455/22/3841
f 3455/22/3842 3410/22/3842 3407/21/3842
f 3428/41/3843 3425/39/3843 3486/39/3843
f 3486/39/3844 3464/41/3844 3428/41/3844
f 3446/59/3845 3443/56/3845 3487/56/3845
f 3487/56/3845 3466/59/3845 3446/59/3845
f 3399/12/3846 3459/12/3846 3462/14/3846
f 3462/14/3846 3401/14/3846 3399/12/3846
f 3419/33/3847 3417/30/3847 3488/30/3847
f 3488/30/3847 3468/33/3847 3419/33/3847
f 3470/51/3848 3437/51/3848 3435/48/3848
f 3435/48/3849 3489/48/3849 3470/51/3849
f 3474/68/3850 3457/68/3851 3453/66/3850
f 3453/66/3851 3490/66/3851 3474/68/3852
f 3491/104/3853 3492/105/3853 3493/106/3853
f 3493/106/3853 3494/107/3853 3495/108/3853
f 3491/104/3854 3493/106/3854 3495/108/3854
f 3496/109/3855 3497/110/3855 3498/111/3855
f 3495/108/3856 3496/109/3856 3498/111/3856
f 3491/104/3854 3495/108/3854 3498/111/3854
f 3499/112/3857 3500/113/3857 3501/114/3857
f 3498/111/3858 3499/112/3858 3501/114/3858
f 3502/115/3859 3503/116/3860 3504/117/3861
f 3501/114/3862 3502/115/3862 3504/117/3862
f 3498/111/3854 3501/114/3854 3504/117/3854
f 3491/104/3863 3498/111/3863 3504/117/3863
f 3505/118/3864 3506/119/3864 3507/120/3864
f 3504/117/3865 3505/118/3865 3507/120/3865
f 3508/121/3866 3509/122/3866 3510/123/3866
f 3507/120/3867 3508/121/3867 3510/123/3867
f 3504/117/3856 3507/120/3856 3510/123/3856
f 3511/124/3868 3512/125/3868 3513/126/3868
f 3510/123/3869 3511/124/3869 3513/126/3869
f 3514/127/3870 3515/128/3870 3516/129/3870
f 3513/126/3871 3514/127/3871 3516/129/3871
f 3510/123/3854 3513/126/3854 3516/129/3854
f 3504/117/3872 3510/123/3872 3516/129/3872
f 3491/104/3873 3504/117/3873 3516/129/3873
f 3517/130/3874 3518/131/3874 3519/132/3874
f 3516/129/3875 3517/130/3875 3519/132/3875
f 3461/133/3876 3460/134/3877 3520/135/3878
f 3519/132/3879 3461/133/3880 3520/135/3880
f 3516/129/3854 3519/132/3854 3520/135/3854
f 3491/104/3881 3516/129/3881 3520/135/3881
f 3490/66/3882 3494/66/3882 3493/68/3883
f 3493/68/3883 3474/68/3883 3490/66/3883
f 3463/43/3884 3464/41/3884 3507/41/3884
f 3507/41/3885 3506/43/3884 3463/43/3884
f 3519/16/3886 3467/16/3886 3462/14/3886
f 3462/14/3887 3461/14/3887 3519/16/3887
f 3493/68/3888 3492/70/3888 3473/70/3888
f 3473/70/3888 3474/68/3888 3493/68/3888
f 3463/43/3889 3506/43/3889 3505/45/3889
f 3505/45/3890 3476/45/3891 3463/43/3891
f 3478/19/3892 3467/16/3892 3519/16/3892
f 3519/16/3892 3518/19/3892 3478/19/3892
f 3504/46/3893 3483/46/3894 3476/45/3895
f 3476/45/3896 3505/45/3896 3504/46/3896
f 3478/19/3897 3518/19/3897 3517/21/3897
f 3517/21/3898 3485/21/3898 3478/19/3898
f 3489/48/3899 3483/46/3900 3504/46/3900
f 3504/46/3901 3503/48/3901 3489/48/3901
f 3516/22/3902 3455/22/3902 3485/21/3902
f 3485/21/3903 3517/21/3903 3516/22/3903
f 3489/48/3904 3503/48/3904 3502/51/3904
f 3502/51/3904 3470/51/3904 3489/48/3904
f 3456/25/3905 3455/22/3905 3516/22/3905
f 3516/22/3905 3515/25/3905 3456/25/3905
f 3501/53/3906 3471/53/3906 3470/51/3907
f 3470/51/3906 3502/51/3906 3501/53/3906
f 3456/25/3908 3515/25/3908 3514/27/3908
f 3514/27/3908 3475/27/3908 3456/25/3908
f 3480/54/3909 3471/53/3909 3501/53/3909
f 3501/53/3910 3500/54/3910 3480/54/3910
f 3475/27/3911 3514/27/3911 3513/29/3911
f 3513/29/3912 3482/29/3912 3475/27/3912
f 3480/54/3913 3500/54/3913 3499/56/3913
f 3499/56/3914 3487/56/3914 3480/54/3914
f 3513/29/3915 3512/30/3916 3488/30/3916
f 3488/30/3917 3482/29/3917 3513/29/3917
f 3498/59/3918 3466/59/3918 3487/56/3918
f 3487/56/3919 3499/56/3919 3498/59/3919
f 3511/33/3920 3468/33/3920 3488/30/3920
f 3488/30/3921 3512/30/3921 3511/33/3921
f 3465/60/3922 3466/59/3922 3498/59/3922
f 3498/59/3923 3497/60/3923 3465/60/3923
f 3510/35/3924 3469/35/3924 3468/33/3924
f 3468/33/3925 3511/33/3925 3510/35/3925
f 3472/7/3926 3473/6/3926 3492/6/3926
f 3492/6/3926 3491/7/3926 3472/7/3926
f 3465/60/3927 3497/60/3927 3496/63/3927
f 3496/63/3928 3477/63/3929 3465/60/3929
f 3479/37/3930 3469/35/3930 3510/35/3930
f 3510/35/3930 3509/37/3930 3479/37/3930
f 3520/10/3931 3481/10/3931 3472/7/3931
f 3472/7/3931 3491/7/3931 3520/10/3931
f 3495/65/3932 3484/65/3933 3477/63/3934
f 3477/63/3935 3496/63/3936 3495/65/3936
f 3479/37/3937 3509/37/3937 3508/39/3937
f 3508/39/3937 3486/39/3937 3479/37/3937
f 3459/12/3938 3481/10/3938 3520/10/3938
f 3520/10/3939 3460/12/3939 3459/12/3939
f 3490/66/3940 3484/65/3940 3495/65/3940
f 3495/65/3941 3494/66/3941 3490/66/3941
f 3507/41/3942 3464/41/3942 3486/39/3942
f 3486/39/3942 3508/39/3942 3507/41/3942
