# Blender 4.0.2
# www.blender.org
mtllib goddard_mandibula.mtl
o mandibula
v -0.187810 -0.474313 0.300219
v -0.145210 -0.499113 0.339019
v -0.185410 -0.467713 0.356319
v -0.237110 -0.435113 0.314619
v -0.219410 -0.436213 0.377119
v -0.277310 -0.397013 0.332719
v -0.247210 -0.404913 0.400219
v -0.309010 -0.360213 0.353519
v -0.268310 -0.374413 0.424819
v -0.332510 -0.325013 0.376519
v -0.281909 -0.345813 0.450819
v -0.347510 -0.292413 0.401919
v -0.287610 -0.320013 0.478419
v -0.353709 -0.263513 0.429919
v -0.284810 -0.297913 0.507719
v -0.350710 -0.239413 0.460719
v -0.224810 -0.451113 0.254519
v -0.280310 -0.405313 0.266619
v -0.325210 -0.360913 0.282119
v -0.360310 -0.318213 0.300519
v -0.386009 -0.277413 0.321619
v -0.402310 -0.239813 0.345919
v -0.409009 -0.206913 0.374119
v -0.405610 -0.180213 0.406819
v -0.315710 -0.378613 0.213219
v -0.256210 -0.429813 0.203219
v -0.364010 -0.328413 0.226219
v -0.401710 -0.279413 0.241819
v -0.429510 -0.232013 0.260419
v -0.447109 -0.188213 0.283119
v -0.454210 -0.150113 0.311219
v -0.450510 -0.120013 0.346119
v -0.281610 -0.411313 0.147619
v -0.343610 -0.355613 0.155519
v -0.394210 -0.300113 0.165819
v -0.434110 -0.244713 0.178319
v -0.463710 -0.190013 0.193619
v -0.482710 -0.138413 0.213719
v -0.490510 -0.093313 0.241019
v -0.486410 -0.058313 0.278619
v -0.300310 -0.396813 0.088819
v -0.363910 -0.337613 0.094619
v -0.416010 -0.277613 0.101919
v -0.457410 -0.216613 0.111019
v -0.488510 -0.154613 0.122319
v -0.509010 -0.093513 0.138219
v -0.376310 -0.325913 0.031319
v -0.311910 -0.387313 0.027819
v -0.429210 -0.262913 0.035719
v -0.471509 -0.197813 0.041119
v -0.503710 -0.129913 0.047719
v -0.525710 -0.058513 0.057319
v -0.057310 -0.256113 0.703519
v -0.093810 -0.214313 0.691319
v -0.153210 -0.203113 0.664219
v -0.106910 -0.250613 0.682419
v -0.123210 -0.170213 0.678319
v -0.189710 -0.154813 0.645319
v -0.217110 -0.106113 0.626619
v -0.145910 -0.124613 0.665019
v -0.205110 -0.197413 0.633919
v -0.151810 -0.249413 0.658019
v -0.247210 -0.145313 0.608819
v -0.278910 -0.093213 0.583719
v -0.235810 -0.057513 0.609119
v -0.300710 -0.041613 0.559919
v -0.249810 -0.196413 0.600919
v -0.191910 -0.251813 0.630619
v -0.296210 -0.141013 0.569219
v -0.331710 -0.085713 0.536819
v -0.356710 -0.030713 0.505219
v -0.287310 -0.199813 0.565819
v -0.226010 -0.257513 0.600819
v -0.337010 -0.141813 0.527519
v -0.375810 -0.083513 0.486919
v -0.404110 -0.025113 0.445919
v -0.317010 -0.207813 0.529919
v -0.253310 -0.266913 0.569819
v -0.369210 -0.148113 0.485219
v -0.410710 -0.087613 0.436519
v -0.442110 -0.026313 0.385419
v -0.338310 -0.220913 0.494419
v -0.273210 -0.280213 0.538419
v -0.392210 -0.160713 0.444319
v -0.435910 -0.099413 0.388719
v -0.470010 -0.036513 0.328019
v -0.100810 -0.233713 -0.745281
v -0.064310 -0.275313 -0.758181
v -0.113410 -0.268513 -0.737481
v -0.159710 -0.221113 -0.718381
v -0.157810 -0.265913 -0.713481
v -0.211110 -0.213813 -0.688481
v -0.197310 -0.266813 -0.686581
v -0.255210 -0.211213 -0.655781
v -0.230810 -0.271013 -0.657581
v -0.292010 -0.212913 -0.621281
v -0.257710 -0.278813 -0.627281
v -0.321110 -0.219313 -0.586081
v -0.277010 -0.290713 -0.596881
v -0.341910 -0.230813 -0.551581
v -0.288110 -0.307113 -0.567281
v -0.353810 -0.247913 -0.518981
v -0.196310 -0.173013 -0.698481
v -0.130310 -0.190013 -0.731381
v -0.253210 -0.161713 -0.662181
v -0.301510 -0.155613 -0.622881
v -0.341610 -0.154613 -0.581581
v -0.373110 -0.159113 -0.539981
v -0.395610 -0.170013 -0.499981
v -0.408510 -0.188013 -0.463581
v -0.153210 -0.144713 -0.717081
v -0.223810 -0.124513 -0.678681
v -0.284910 -0.109613 -0.635781
v -0.336910 -0.100113 -0.589081
v -0.380310 -0.095913 -0.539481
v -0.414510 -0.098013 -0.489681
v -0.439010 -0.107913 -0.442581
v -0.453110 -0.127013 -0.401181
v -0.168710 -0.099213 -0.703381
v -0.242510 -0.076213 -0.659981
v -0.306710 -0.058213 -0.610781
v -0.361910 -0.045113 -0.556081
v -0.408410 -0.037113 -0.496881
v -0.445709 -0.036113 -0.436681
v -0.472710 -0.044213 -0.379981
v -0.488510 -0.064313 -0.331681
v -0.496610 0.021987 -0.313281
v -0.465710 0.026087 -0.385481
v -0.515110 0.001387 -0.253281
v -0.187010 -0.472113 -0.424981
v -0.146610 -0.503113 -0.408981
v -0.189110 -0.477813 -0.369881
v -0.238510 -0.438913 -0.382681
v -0.225910 -0.454113 -0.323881
v -0.281510 -0.408613 -0.334181
v -0.257110 -0.432313 -0.272381
v -0.316710 -0.381313 -0.280381
v -0.282310 -0.413213 -0.216481
v -0.344310 -0.357713 -0.222281
v -0.300810 -0.398013 -0.157481
v -0.364410 -0.339013 -0.160981
v -0.312110 -0.387913 -0.096381
v -0.376610 -0.326613 -0.097481
v -0.316010 -0.384113 -0.034181
v -0.380610 -0.321913 -0.033081
v -0.221110 -0.441113 -0.444281
v -0.278810 -0.401313 -0.399081
v -0.326510 -0.364613 -0.347781
v -0.365110 -0.331413 -0.291281
v -0.395110 -0.302413 -0.230181
v -0.416610 -0.279213 -0.165881
v -0.429510 -0.263713 -0.099281
v -0.433710 -0.257913 -0.031681
v -0.310810 -0.365013 -0.418181
v -0.249210 -0.410313 -0.465781
v -0.361810 -0.322413 -0.364281
v -0.403010 -0.282813 -0.304781
v -0.435110 -0.247413 -0.240381
v -0.458010 -0.218413 -0.172281
v -0.471810 -0.198713 -0.101781
v -0.476310 -0.191313 -0.030281
v -0.334510 -0.330513 -0.439481
v -0.270510 -0.380613 -0.488781
v -0.387710 -0.282213 -0.383481
v -0.431010 -0.236013 -0.321081
v -0.464810 -0.193113 -0.253181
v -0.489310 -0.156713 -0.180781
v -0.504110 -0.131013 -0.105381
v -0.509010 -0.121013 -0.028681
v -0.349810 -0.298713 -0.463181
v -0.284410 -0.352813 -0.513281
v -0.404310 -0.245413 -0.405881
v -0.448810 -0.193013 -0.341681
v -0.484010 -0.142213 -0.270781
v -0.509910 -0.096113 -0.193881
v -0.526210 -0.059913 -0.111681
v -0.531710 -0.044513 -0.026881
v -0.290509 -0.328013 -0.539481
v -0.356410 -0.270813 -0.489581
v -0.411310 -0.213513 -0.432381
v -0.456310 -0.155913 -0.367881
v -0.492110 -0.097913 -0.295981
v -0.519110 -0.040413 -0.215281
v -0.098810 -0.530113 0.326119
v -0.072910 -0.542513 0.353219
v -0.097010 -0.525213 0.370319
v -0.123410 -0.503713 0.390819
v -0.150510 -0.478313 0.414719
v -0.174110 -0.451713 0.439919
v -0.192410 -0.425313 0.465919
v -0.204510 -0.400013 0.492419
v -0.209510 -0.376613 0.519619
v -0.206810 -0.356113 0.547519
v -0.127510 -0.515213 0.290719
v -0.157710 -0.498313 0.246219
v -0.185010 -0.481813 0.196119
v -0.207510 -0.467213 0.141819
v -0.224510 -0.455513 0.084519
v -0.235310 -0.447813 0.025119
v -0.239110 -0.445113 -0.035281
v 0.017090 -0.293813 0.724719
v -0.003510 -0.266413 0.720919
v -0.013810 -0.295013 0.714319
v -0.025310 -0.232513 0.715019
v -0.046910 -0.191913 0.707019
v -0.044810 0.097487 0.695619
v -0.048710 -0.297313 0.699619
v -0.086410 -0.301113 0.680019
v -0.121710 -0.306813 0.657019
v -0.152410 -0.314813 0.631519
v -0.177510 -0.325413 0.604219
v -0.196010 -0.339113 0.575919
v -0.020710 -0.314113 -0.769681
v -0.010810 -0.286713 -0.775381
v 0.009890 -0.313813 -0.779781
v -0.055210 -0.315313 -0.755381
v -0.092510 -0.317813 -0.736281
v -0.127210 -0.322113 -0.713981
v -0.157410 -0.328613 -0.689281
v -0.182010 -0.337813 -0.662781
v -0.199910 -0.350013 -0.635581
v -0.210310 -0.365813 -0.608381
v -0.032810 -0.253213 -0.768881
v -0.054610 -0.213213 -0.760081
v -0.072510 -0.170713 -0.750381
v -0.044110 0.099187 -0.740581
v -0.100210 -0.533813 -0.397281
v -0.098610 -0.529513 -0.440581
v -0.074310 -0.546613 -0.424281
v -0.128710 -0.518513 -0.361881
v -0.158710 -0.501113 -0.317181
v -0.185810 -0.484113 -0.267081
v -0.208210 -0.468913 -0.212681
v -0.225010 -0.456613 -0.155281
v -0.235510 -0.448313 -0.095781
v -0.125110 -0.508513 -0.460081
v -0.152410 -0.483613 -0.482681
v -0.176210 -0.457713 -0.506481
v -0.194810 -0.432013 -0.530881
v -0.207210 -0.407513 -0.555981
v -0.212610 -0.385113 -0.581781
v 1.531490 -0.795713 0.617619
v 1.616991 -0.819813 0.591019
v 1.646590 -0.804613 0.587119
v 1.555390 -0.776213 0.616819
v 1.680990 -0.787613 0.581119
v 1.584190 -0.755612 0.613819
v 1.715490 -0.767813 0.574419
v 1.654191 -0.593613 0.609619
v 1.453290 -0.745412 0.645819
v 1.433190 -0.768412 0.644619
v 1.477790 -0.721613 0.644919
v 1.503891 -0.696313 0.642819
v 1.341990 -0.711813 0.673419
v 1.324291 -0.737613 0.670919
v 1.363190 -0.685212 0.674119
v 1.430990 -0.534613 0.673519
v 1.207490 -0.703313 0.695419
v 1.223290 -0.675413 0.698919
v 1.241791 -0.646313 0.700719
v 1.261690 -0.616113 0.701319
v 1.099290 -0.636212 0.721619
v 1.084991 -0.665913 0.717519
v 1.115490 -0.605312 0.724219
v 1.190190 -0.377413 0.725619
v 0.971890 -0.594913 0.741019
v 0.958890 -0.625913 0.736619
v 0.985990 -0.562312 0.744119
v 1.001091 -0.528413 0.746019
v 0.831390 -0.583713 0.751919
v 0.842990 -0.551612 0.756519
v 0.855190 -0.517712 0.759719
v 0.881890 -0.364013 0.761819
v 0.714590 -0.506813 0.767519
v 0.704490 -0.539713 0.762919
v 0.724790 -0.471913 0.770719
v 0.735290 -0.435513 0.772819
v 0.588690 -0.461413 0.773919
v 0.580090 -0.494913 0.769619
v 0.596490 -0.425813 0.776819
v 0.604290 -0.388413 0.778619
v 0.460290 -0.450013 0.771719
v 0.466790 -0.416313 0.775619
v 0.471890 -0.380013 0.778019
v 0.493290 -0.267413 0.779219
v 0.350890 -0.372313 0.772519
v 0.346990 -0.406113 0.769219
v 0.352590 -0.335613 0.774019
v 0.353890 -0.296913 0.774319
v 0.242490 -0.330513 0.764519
v 0.242090 -0.364213 0.762319
v 0.240090 -0.293513 0.764819
v 0.254890 -0.169413 0.763819
v 0.147790 -0.325713 0.751419
v 0.143090 -0.292213 0.752019
v 0.135390 -0.254713 0.750519
v 0.127890 -0.214613 0.747619
v 0.053690 -0.258913 0.735419
v 0.065590 -0.292613 0.737419
v 0.039390 -0.220413 0.731219
v 0.070490 0.082387 0.720419
v 1.595191 -0.834013 0.591819
v 1.655090 -0.847213 0.572519
v 1.687490 -0.841013 0.565719
v 1.725290 -0.831413 0.557319
v 1.766591 -0.817813 0.547519
v 1.818990 -0.733613 0.534019
v 0.072290 -0.320313 0.736419
v 0.144690 -0.353413 0.747719
v 0.236190 -0.393313 0.757619
v 0.339390 -0.436213 0.763919
v 0.451490 -0.480613 0.765919
v 0.570390 -0.525612 0.763519
v 0.694090 -0.570313 0.756719
v 0.820490 -0.613813 0.745619
v 0.947590 -0.655313 0.730419
v 1.073390 -0.694213 0.711519
v 1.195490 -0.730213 0.689819
v 1.311890 -0.762812 0.665819
v 1.420190 -0.791513 0.640319
v 1.517390 -0.815713 0.614619
v 0.139890 -0.347613 -0.806081
v 0.057990 -0.313813 -0.791981
v 0.045790 -0.280713 -0.789281
v 0.134890 -0.315013 -0.805981
v 0.031290 -0.242913 -0.784281
v 0.126790 -0.278313 -0.803581
v 0.018490 -0.202413 -0.777981
v 0.119090 -0.239013 -0.799981
v 0.071090 0.083587 -0.771381
v 0.114090 -0.198513 -0.795681
v 0.233990 -0.354113 -0.818481
v 0.233990 -0.386713 -0.817081
v 0.231190 -0.318013 -0.817981
v 0.227990 -0.279613 -0.816181
v 0.260690 -0.107413 -0.813681
v 0.342090 -0.396513 -0.826581
v 0.338690 -0.429213 -0.824181
v 0.343390 -0.360913 -0.827281
v 0.344390 -0.323213 -0.826881
v 0.346490 -0.284313 -0.825581
v 0.457890 -0.441013 -0.829781
v 0.451790 -0.473513 -0.826681
v 0.462590 -0.405913 -0.831381
v 0.466990 -0.368913 -0.831781
v 0.521990 -0.118013 -0.831481
v 0.579590 -0.486513 -0.828181
v 0.571490 -0.518713 -0.824581
v 0.586990 -0.452013 -0.830281
v 0.594390 -0.415813 -0.831381
v 0.602390 -0.378413 -0.831581
v 0.705490 -0.532113 -0.821781
v 0.695790 -0.563713 -0.817981
v 0.715290 -0.498413 -0.824181
v 0.725290 -0.463213 -0.825581
v 0.776990 -0.293713 -0.826081
v 0.833790 -0.576913 -0.810781
v 0.822690 -0.607713 -0.806981
v 0.845590 -0.544313 -0.813181
v 0.857990 -0.510113 -0.814581
v 0.870790 -0.474813 -0.815081
v 0.962690 -0.620113 -0.795281
v 0.950190 -0.649913 -0.791681
v 0.976490 -0.588813 -0.797581
v 0.991090 -0.556013 -0.798681
v 1.046490 -0.412313 -0.798981
v 1.090190 -0.661313 -0.775881
v 1.076391 -0.689713 -0.772581
v 1.105990 -0.631513 -0.777681
v 1.122990 -0.600413 -0.778281
v 1.140290 -0.568013 -0.778181
v 1.214391 -0.700013 -0.753081
v 1.198990 -0.726813 -0.750381
v 1.232491 -0.672213 -0.754081
v 1.251990 -0.643013 -0.753981
v 1.308990 -0.423613 -0.753081
v 1.333190 -0.736013 -0.727581
v 1.315890 -0.760613 -0.725781
v 1.353990 -0.710413 -0.727381
v 1.376390 -0.683613 -0.726081
v 1.398690 -0.655013 -0.724181
v 1.444790 -0.768913 -0.699881
v 1.424990 -0.791013 -0.699381
v 1.468890 -0.746113 -0.698181
v 1.494690 -0.721813 -0.695281
v 1.546590 -0.599413 -0.686681
v 1.547190 -0.799013 -0.670781
v 1.523591 -0.817613 -0.672281
v 1.575591 -0.779213 -0.666881
v 1.605391 -0.757613 -0.661981
v 1.633690 -0.733513 -0.656881
v 1.638690 -0.826513 -0.640981
v 1.609291 -0.841013 -0.645581
v 1.672791 -0.810113 -0.634181
v 1.707090 -0.791113 -0.626681
v 1.695590 -0.693913 -0.622181
v 0.064890 -0.340713 -0.791681
v 1.830791 -0.743213 -0.589181
v 1.758990 -0.839113 -0.600581
v 1.717890 -0.852313 -0.611181
v 1.680490 -0.861413 -0.620281
v 1.647891 -0.867313 -0.627481
v 1.587790 -0.854513 -0.646981
v 1.509790 -0.836613 -0.669981
v 1.412490 -0.812913 -0.695781
v 1.303990 -0.784613 -0.721481
v 1.187490 -0.752513 -0.745581
v 1.065190 -0.716713 -0.767481
v 0.939490 -0.677913 -0.786381
v 0.812290 -0.636513 -0.801581
v 0.685890 -0.592913 -0.812681
v 0.562290 -0.548113 -0.819381
v 0.443490 -0.502813 -0.821681
v 0.331490 -0.458013 -0.819581
v 0.228490 -0.414713 -0.813181
v 0.137190 -0.374313 -0.803081
v 0.048590 -0.600213 0.405219
v 0.036690 -0.586513 0.437519
v -0.049310 -0.543613 0.417519
v -0.031210 -0.560513 0.389819
v 0.141290 -0.643213 0.416719
v 0.133690 -0.631513 0.452219
v 0.245090 -0.687913 0.424819
v 0.240490 -0.677613 0.462219
v 0.357990 -0.733013 0.429519
v 0.355690 -0.723613 0.467919
v 0.477890 -0.777513 0.430719
v 0.477490 -0.768913 0.469419
v 0.602790 -0.820713 0.428519
v 0.603990 -0.812813 0.466919
v 0.730790 -0.861913 0.422719
v 0.733490 -0.854413 0.460419
v 0.859690 -0.900213 0.413519
v 0.863990 -0.893213 0.450119
v 0.987590 -0.935313 0.401319
v 0.993490 -0.928913 0.436419
v 1.112190 -0.966813 0.386419
v 1.120090 -0.960913 0.419719
v 1.231390 -0.994313 0.369419
v 1.241690 -0.989113 0.400319
v 1.343091 -1.017713 0.350719
v 1.356490 -1.013213 0.378619
v 1.444391 -1.036613 0.330719
v 1.462490 -1.033213 0.354919
v 1.533190 -1.051513 0.309619
v 1.558190 -1.049313 0.328819
v 0.021590 -0.569213 0.468219
v -0.069910 -0.522913 0.444919
v 0.123190 -0.616713 0.485219
v 0.233590 -0.664613 0.496719
v 0.351890 -0.712013 0.503219
v 0.476190 -0.758513 0.504919
v 0.604990 -0.803213 0.502119
v 0.736590 -0.845713 0.494919
v 0.869290 -0.885213 0.483619
v 1.001190 -0.921512 0.468519
v 1.130491 -0.954313 0.450019
v 1.255390 -0.983312 0.428419
v 1.374090 -1.008213 0.404119
v 1.485291 -1.029113 0.377119
v 1.587390 -1.045913 0.347319
v 0.006690 -0.549813 0.497519
v -0.089210 -0.500313 0.472319
v 0.112190 -0.599813 0.516219
v 0.226390 -0.649613 0.528819
v 0.347690 -0.698712 0.535819
v 0.474890 -0.746513 0.537619
v 0.606190 -0.792313 0.534419
v 0.740290 -0.835713 0.526519
v 0.875390 -0.876013 0.514219
v 1.009890 -0.913113 0.497819
v 1.142190 -0.946612 0.477719
v 1.270591 -0.976413 0.454219
v 1.393390 -1.002013 0.427619
v 1.509290 -1.023513 0.398119
v 1.616090 -1.040513 0.365719
v -0.005610 -0.529513 0.525819
v -0.104510 -0.477213 0.499519
v 0.103090 -0.581813 0.545419
v 0.220190 -0.633513 0.558619
v 0.344390 -0.684213 0.565919
v 0.474090 -0.733213 0.567619
v 0.607890 -0.780113 0.564019
v 0.744290 -0.824412 0.555419
v 0.881890 -0.865713 0.542219
v 1.018991 -0.903513 0.524819
v 1.153991 -0.937713 0.503319
v 1.285491 -0.968013 0.478319
v 1.411790 -0.994213 0.450019
v 1.531390 -1.016013 0.418619
v 1.641291 -1.032613 0.384219
v -0.013810 -0.509213 0.553319
v -0.114710 -0.454613 0.526519
v 0.097090 -0.563513 0.573219
v 0.216290 -0.616813 0.586519
v 0.342590 -0.668813 0.593819
v 0.474390 -0.719013 0.595219
v 0.610290 -0.766913 0.591119
v 0.748790 -0.812013 0.581919
v 0.888490 -0.854013 0.568019
v 1.027690 -0.892513 0.549619
v 1.165090 -0.927312 0.527119
v 1.299090 -0.958113 0.501019
v 1.427990 -0.984613 0.471419
v 1.550090 -1.006413 0.438719
v 1.661490 -1.022213 0.403119
v -0.016910 -0.489613 0.579919
v -0.119010 -0.433213 0.553419
v 0.095090 -0.545313 0.599519
v 0.215590 -0.599913 0.612619
v 0.343190 -0.652912 0.619519
v 0.476390 -0.704013 0.620619
v 0.613790 -0.752612 0.616019
v 0.753690 -0.798413 0.606319
v 0.894790 -0.841013 0.591719
v 1.035590 -0.880113 0.572619
v 1.174590 -0.915313 0.549419
v 1.310091 -0.946413 0.522519
v 1.440691 -0.973013 0.492219
v 1.564190 -0.994513 0.458819
v 1.675890 -1.009513 0.422819
v -0.014110 -0.471513 0.605719
v -0.116210 -0.414013 0.580119
v 0.098190 -0.528013 0.624619
v 0.219090 -0.583313 0.637019
v 0.347090 -0.637013 0.643419
v 0.480790 -0.688513 0.643919
v 0.618590 -0.737613 0.639019
v 0.758990 -0.783813 0.628819
v 0.900690 -0.826712 0.613719
v 1.041991 -0.866013 0.594119
v 1.181490 -0.901513 0.570519
v 1.317590 -0.932713 0.543219
v 1.448790 -0.959313 0.512719
v 1.572590 -0.980512 0.479219
v 1.683890 -0.994712 0.443319
v -0.004510 -0.455313 0.630719
v -0.106010 -0.397513 0.606619
v 0.107090 -0.512112 0.648419
v 0.227390 -0.567513 0.659919
v 0.354690 -0.621213 0.665519
v 0.487690 -0.672713 0.665519
v 0.624890 -0.721813 0.660119
v 0.764690 -0.767913 0.649519
v 0.905690 -0.810912 0.634219
v 1.046391 -0.850313 0.614419
v 1.185290 -0.885713 0.590619
v 1.320791 -0.916913 0.563319
v 1.451391 -0.943413 0.533019
v 1.574690 -0.964413 0.499919
v 1.685590 -0.978212 0.464619
v 0.010990 -0.440813 0.654519
v -0.089010 -0.383513 0.632419
v 0.121090 -0.497113 0.670719
v 0.239790 -0.552013 0.681119
v 0.365590 -0.605213 0.685819
v 0.496990 -0.656313 0.685219
v 0.632690 -0.705013 0.679419
v 0.770890 -0.750913 0.668619
v 0.910290 -0.793613 0.653119
v 1.049290 -0.832813 0.633319
v 1.186491 -0.868113 0.609719
v 1.320390 -0.899113 0.582719
v 1.449390 -0.925513 0.552919
v 1.571391 -0.946513 0.520719
v 1.681291 -0.960213 0.486519
v -0.066310 -0.371613 0.656819
v 0.031290 -0.427613 0.676719
v 0.138990 -0.482713 0.691219
v 0.255290 -0.536512 0.700419
v 0.378890 -0.588713 0.704319
v 0.508090 -0.639013 0.703119
v 0.641490 -0.687113 0.696919
v 0.777590 -0.732513 0.686019
v 0.914690 -0.774813 0.670419
v 1.051390 -0.813712 0.650719
v 1.186190 -0.848713 0.627419
v 1.317490 -0.879513 0.601019
v 1.443790 -0.905813 0.572119
v 1.563390 -0.926813 0.541019
v 1.671690 -0.940812 0.508319
v -0.038910 -0.361313 0.679219
v 0.055290 -0.415213 0.696819
v 0.159790 -0.468313 0.709619
v 0.273090 -0.520313 0.717719
v 0.393790 -0.571213 0.720819
v 0.520390 -0.620513 0.719119
v 0.651290 -0.667713 0.712619
v 0.784790 -0.712513 0.701619
v 0.919390 -0.754313 0.686119
v 1.053391 -0.792913 0.666619
v 1.185190 -0.827713 0.643719
v 1.313190 -0.858413 0.618019
v 1.435890 -0.884513 0.590019
v 1.551790 -0.905613 0.560419
v 1.657590 -0.920013 0.529519
v -0.008310 -0.352313 0.698919
v 0.081690 -0.403013 0.714319
v 0.182290 -0.453313 0.725719
v 0.291990 -0.503113 0.732819
v 0.409590 -0.552213 0.735319
v 0.533390 -0.600213 0.733119
v 0.661690 -0.646613 0.726519
v 0.792690 -0.690812 0.715419
v 0.924590 -0.732213 0.699919
v 1.055790 -0.770513 0.680719
v 1.184391 -0.805213 0.658319
v 1.308690 -0.835813 0.633319
v 1.426991 -0.862013 0.606419
v 1.538090 -0.883113 0.578219
v 1.639690 -0.898213 0.549519
v 0.023090 -0.343513 0.715319
v 0.107790 -0.389913 0.728819
v 0.204090 -0.436713 0.739119
v 0.310490 -0.483913 0.745619
v 0.425190 -0.531213 0.747619
v 0.546490 -0.578013 0.745219
v 0.672490 -0.623513 0.738519
v 0.801190 -0.667213 0.727319
v 0.930790 -0.708413 0.712019
v 1.059391 -0.746613 0.693019
v 1.184990 -0.781313 0.671119
v 1.305691 -0.812213 0.646719
v 1.419590 -0.838613 0.620619
v 1.525090 -0.860113 0.593919
v 1.620590 -0.875813 0.567319
v 0.050890 -0.333313 0.728019
v 0.130290 -0.374113 0.740119
v 0.222990 -0.417113 0.749919
v 0.326790 -0.461913 0.756019
v 0.439590 -0.507513 0.757919
v 0.558990 -0.553213 0.755419
v 0.683290 -0.598213 0.748519
v 0.810390 -0.641613 0.737419
v 0.938390 -0.682713 0.722219
v 1.064991 -0.721113 0.703419
v 1.188290 -0.756312 0.681619
v 1.306090 -0.787713 0.657619
v 1.416291 -0.815013 0.632219
v 1.516490 -0.837412 0.606419
v 1.604490 -0.854113 0.581619
v -0.018710 -0.572113 0.361419
v 0.052590 -0.608013 0.369919
v 0.143290 -0.650413 0.378019
v 0.245890 -0.694813 0.384219
v 0.357790 -0.739713 0.387819
v 0.476990 -0.784013 0.388719
v 0.601190 -0.827013 0.386719
v 0.728590 -0.868013 0.381619
v 0.856990 -0.906113 0.373519
v 0.984190 -0.940913 0.362719
v 1.108090 -0.972113 0.349819
v 1.226390 -0.999313 0.335119
v 1.336790 -1.022113 0.319319
v 1.436190 -1.040313 0.303319
v 1.515891 -1.053213 0.289119
v 1.607790 -1.062413 0.287419
v 1.577691 -1.061713 0.277019
v 1.642090 -1.061713 0.299919
v 1.678791 -1.058813 0.314719
v 1.712491 -1.053013 0.330519
v 1.740591 -1.044313 0.347419
v 1.762190 -1.032913 0.365519
v 1.776791 -1.019113 0.385019
v 1.784690 -1.003513 0.406019
v 1.785990 -0.986513 0.428319
v 1.780890 -0.968313 0.451519
v 1.769691 -0.948813 0.475219
v 1.752591 -0.928213 0.498619
v 1.730391 -0.906613 0.521219
v 1.704491 -0.884713 0.542019
v 1.678491 -0.864513 0.559319
v 1.710190 -1.081113 -0.295381
v 1.660891 -1.074813 -0.328881
v 1.712290 -1.075513 -0.336181
v 1.773190 -1.081713 -0.299881
v 1.758390 -1.073213 -0.346481
v 1.824990 -1.077613 -0.307581
v 1.798290 -1.067713 -0.358681
v 1.864491 -1.068913 -0.317881
v 1.829690 -1.058713 -0.372581
v 1.895190 -1.057213 -0.330881
v 1.852291 -1.046713 -0.388481
v 1.917990 -1.043113 -0.346481
v 1.933290 -1.027313 -0.365181
v 1.867490 -1.032813 -0.406581
v 1.875890 -1.017813 -0.426981
v 1.941091 -1.010513 -0.386981
v 1.822091 -1.084413 -0.260581
v 1.753690 -1.085713 -0.257881
v 1.876390 -1.077913 -0.266381
v 1.917790 -1.066913 -0.275281
v 1.949990 -1.052713 -0.287281
v 1.974391 -1.036313 -0.302681
v 1.990991 -1.018313 -0.322081
v 1.998691 -0.999313 -0.345681
v 1.789890 -1.088213 -0.216881
v 1.861590 -1.085013 -0.218481
v 1.917891 -1.076313 -0.222981
v 1.960890 -1.062813 -0.230581
v 1.995191 -1.045913 -0.241481
v 2.021990 -1.026613 -0.256381
v 2.040590 -1.005513 -0.276381
v 2.049090 -0.983713 -0.302481
v 1.893190 -1.084513 -0.174181
v 1.817891 -1.088913 -0.173381
v 1.949990 -1.073413 -0.177481
v 1.993690 -1.057113 -0.183581
v 2.029290 -1.037013 -0.192981
v 2.058090 -1.013513 -0.206881
v 2.078990 -0.987713 -0.227181
v 2.089190 -0.961513 -0.256181
v 1.917290 -1.083613 -0.128181
v 1.840090 -1.089213 -0.127981
v 1.973091 -1.070213 -0.130081
v 2.015990 -1.050913 -0.134281
v 2.052091 -1.026913 -0.141281
v 2.082591 -0.998013 -0.152781
v 2.106390 -0.964713 -0.171781
v 2.126091 -0.859413 -0.216181
v 1.934190 -1.083113 -0.080881
v 1.854990 -1.089413 -0.081381
v 1.987491 -1.067513 -0.081281
v 2.028790 -1.045713 -0.082781
v 2.064691 -1.017813 -0.086081
v 2.096790 -0.982513 -0.092581
v 2.149291 -0.824713 -0.114281
v 1.730190 -0.883313 -0.597881
v 1.783990 -0.877313 -0.581781
v 1.838591 -0.901413 -0.552381
v 1.773690 -0.905613 -0.574281
v 1.833291 -0.866313 -0.566481
v 1.887890 -0.889013 -0.532881
v 1.874391 -0.849613 -0.552281
v 1.934290 -0.809713 -0.515981
v 1.878291 -0.922613 -0.523381
v 1.810990 -0.927913 -0.549581
v 1.923891 -0.907513 -0.500681
v 1.959391 -0.886913 -0.480881
v 1.903990 -0.940713 -0.494781
v 1.841590 -0.949413 -0.524081
v 1.950891 -0.925013 -0.468481
v 1.989390 -0.904413 -0.444581
v 2.021290 -0.879213 -0.423481
v 2.007290 -0.771813 -0.449581
v 1.922791 -0.958413 -0.466381
v 1.861791 -0.968313 -0.498481
v 1.972291 -0.942913 -0.436081
v 2.014491 -0.922613 -0.407481
v 2.063591 -0.809813 -0.371481
v 1.935290 -0.975813 -0.438381
v 1.873090 -0.985413 -0.473481
v 1.988091 -0.961213 -0.403981
v 2.034290 -0.941913 -0.370181
v 2.072590 -0.916813 -0.337481
v 1.941491 -0.993213 -0.411581
v 1.877591 -1.001813 -0.449481
v 1.997390 -0.980113 -0.373481
v 2.046490 -0.962313 -0.334481
v 2.102790 -0.853113 -0.288481
v 1.789791 -0.857313 0.527919
v 1.736190 -0.863613 0.543119
v 1.777190 -0.886413 0.519319
v 1.841790 -0.882213 0.498519
v 1.811191 -0.909013 0.494319
v 1.882190 -0.905413 0.469119
v 1.838191 -0.930713 0.468519
v 1.911291 -0.926612 0.439719
v 1.857390 -0.951213 0.442319
v 1.930290 -0.946213 0.410619
v 1.869190 -0.970413 0.416519
v 1.940890 -0.964813 0.382219
v 1.873991 -0.988713 0.391519
v 1.944591 -0.983213 0.354819
v 1.872291 -1.006213 0.367819
v 1.941990 -1.001413 0.329219
v 1.897591 -0.871913 0.479419
v 1.839690 -0.846213 0.513419
v 1.938890 -0.894313 0.446219
v 1.966890 -0.914113 0.413619
v 1.984890 -0.932813 0.381319
v 1.995491 -0.951413 0.349319
v 1.999391 -0.970513 0.318519
v 1.996290 -0.990013 0.290019
v 1.952691 -0.799613 0.459119
v 1.883690 -0.830212 0.500119
v 1.980190 -0.875613 0.426819
v 2.007190 -0.894213 0.390819
v 2.053791 -0.817813 0.357419
v 2.038790 -0.931713 0.317719
v 2.044090 -0.952013 0.281919
v 2.040890 -0.973513 0.249219
v 2.075490 -0.906613 0.287019
v 2.059590 -0.886913 0.330019
v 2.105590 -0.816013 0.245019
v 2.079491 -0.952013 0.205019
v 1.711390 -1.077613 0.225719
v 1.773991 -1.077613 0.231819
v 1.713690 -1.071113 0.267619
v 1.662390 -1.070913 0.258919
v 1.754190 -1.082513 0.188419
v 1.824690 -1.081513 0.192919
v 1.791090 -1.085913 0.147719
v 1.868091 -1.084013 0.151219
v 1.821490 -1.088013 0.104519
v 1.903191 -1.085113 0.107319
v 1.844090 -1.089113 0.059319
v 1.927590 -1.084813 0.061619
v 1.857491 -1.089413 0.012919
v 1.940590 -1.083913 0.014719
v 1.860991 -1.089413 -0.034181
v 1.942290 -1.083113 -0.032981
v 1.759191 -1.068013 0.279319
v 1.826991 -1.073413 0.241119
v 1.883491 -1.075813 0.200519
v 1.927091 -1.075413 0.157719
v 1.956690 -1.072513 0.113019
v 1.976990 -1.069413 0.066319
v 1.989290 -1.067113 0.017919
v 1.992790 -1.066313 -0.031581
v 1.868791 -1.064913 0.253119
v 1.797791 -1.061313 0.293019
v 1.923290 -1.063813 0.211419
v 1.963090 -1.059513 0.167919
v 1.992290 -1.053813 0.122019
v 2.013490 -1.048313 0.073519
v 2.026990 -1.044213 0.022619
v 2.032290 -1.043013 -0.029981
v 1.898390 -1.052013 0.267919
v 1.828090 -1.051213 0.308619
v 1.950891 -1.047713 0.225719
v 1.990690 -1.040313 0.181619
v 2.021491 -1.031413 0.134519
v 2.044790 -1.022613 0.083819
v 2.060390 -1.015513 0.029219
v 2.067390 -1.013013 -0.028281
v 1.919291 -1.036513 0.285519
v 1.849890 -1.038013 0.326219
v 1.971790 -1.029413 0.243519
v 2.012890 -1.018913 0.199219
v 2.046091 -1.006113 0.151419
v 2.072391 -0.992213 0.098519
v 2.091290 -0.979413 0.039119
v 2.100590 -0.972913 -0.026481
v 1.933490 -1.019313 0.306019
v 1.864191 -1.022713 0.346019
v 1.986791 -1.009913 0.264919
v 2.029891 -0.996213 0.221619
v 2.065990 -0.978913 0.174319
v 2.096390 -0.958013 0.120419
v 2.141991 -0.830313 0.053819
v 2.135690 -0.913913 -0.024381
v 2.125690 -0.867613 0.153819
v 1.604691 -1.071113 -0.324981
v 1.576190 -1.065713 -0.348181
v 1.606190 -1.066813 -0.357781
v 1.640390 -1.066513 -0.369181
v 1.677590 -1.064313 -0.382681
v 1.712390 -1.059813 -0.397281
v 1.742790 -1.052913 -0.412781
v 1.767190 -1.043513 -0.429281
v 1.784590 -1.031913 -0.447181
v 1.794190 -1.018313 -0.466681
v 1.636890 -1.076513 -0.295281
v 1.671391 -1.081413 -0.258581
v 1.703190 -1.085313 -0.217981
v 1.729890 -1.087813 -0.174681
v 1.749290 -1.088813 -0.129281
v 1.761691 -1.089113 -0.082581
v 1.766291 -1.089013 -0.035281
v 1.672290 -0.884013 -0.614481
v 1.699390 -0.903413 -0.597981
v 1.727890 -0.925013 -0.577681
v 1.753390 -0.946413 -0.555781
v 1.773890 -0.966713 -0.532981
v 1.788291 -0.985613 -0.510181
v 1.795391 -1.002813 -0.487781
v 1.605990 -1.067413 0.253819
v 1.637990 -1.073213 0.224119
v 1.672290 -1.078613 0.187519
v 1.703691 -1.082813 0.147019
v 1.729790 -1.085713 0.103819
v 1.749490 -1.087513 0.058519
v 1.761890 -1.088513 0.012019
v 1.556291 -1.054313 -0.398781
v 1.531590 -1.056013 -0.380581
v 1.442791 -1.041313 -0.402481
v 1.460590 -1.038413 -0.425581
v 1.341390 -1.022413 -0.423181
v 1.354491 -1.018613 -0.450081
v 1.229690 -0.999113 -0.442581
v 1.239691 -0.994613 -0.472381
v 1.110490 -0.971613 -0.460181
v 1.118090 -0.966513 -0.492381
v 0.985890 -0.940113 -0.475481
v 0.991490 -0.934413 -0.509481
v 0.857990 -0.905013 -0.488081
v 0.861890 -0.898813 -0.523481
v 0.728990 -0.866713 -0.497281
v 0.731390 -0.860013 -0.533881
v 0.601090 -0.825513 -0.502981
v 0.601990 -0.818413 -0.540281
v 0.475390 -0.774513 -0.542481
v 0.476190 -0.782313 -0.504981
v 0.353690 -0.729113 -0.540581
v 0.356290 -0.737813 -0.503281
v 0.238490 -0.683013 -0.534281
v 0.243390 -0.692613 -0.497981
v 0.131690 -0.636913 -0.523681
v 0.139590 -0.647913 -0.489181
v 0.034790 -0.591813 -0.508281
v 0.046890 -0.604813 -0.476881
v -0.032810 -0.565013 -0.460781
v -0.051110 -0.548613 -0.487481
v 1.585490 -1.051613 -0.416081
v 1.483191 -1.035013 -0.446581
v 1.371891 -1.014313 -0.474381
v 1.253090 -0.989513 -0.499381
v 1.128191 -0.960613 -0.521481
v 0.998790 -0.927913 -0.540381
v 0.866890 -0.891713 -0.555781
v 0.734290 -0.852113 -0.567181
v 0.602690 -0.809713 -0.574281
v 0.473891 -0.764913 -0.576781
v 0.349591 -0.718413 -0.574681
v 0.231390 -0.670813 -0.567681
v 0.120990 -0.622813 -0.555481
v 0.019490 -0.575113 -0.537681
v -0.072010 -0.528513 -0.513681
v 1.614491 -1.047213 -0.433181
v 1.506891 -1.030213 -0.466381
v 1.390890 -1.008913 -0.496681
v 1.267990 -0.983413 -0.523881
v 1.139591 -0.953913 -0.547981
v 1.007190 -0.920513 -0.568481
v 0.872690 -0.883413 -0.585081
v 0.737590 -0.843113 -0.597481
v 0.603590 -0.799713 -0.605281
v 0.472190 -0.753813 -0.608181
v 0.345090 -0.706013 -0.605981
v 0.223790 -0.656713 -0.598381
v 0.109790 -0.606713 -0.585181
v 0.004290 -0.556513 -0.565781
v -0.091510 -0.506613 -0.539681
v 1.640590 -1.040613 -0.450381
v 1.528790 -1.023613 -0.485481
v 1.408990 -1.002013 -0.517581
v 1.282590 -0.976013 -0.546581
v 1.151090 -0.945913 -0.572181
v 1.015990 -0.911813 -0.594081
v 0.878790 -0.874013 -0.611781
v 0.741290 -0.832813 -0.624981
v 0.604890 -0.788513 -0.633481
v 0.471090 -0.741513 -0.636881
v 0.341390 -0.692413 -0.634781
v 0.217290 -0.641613 -0.626981
v 0.100290 -0.589613 -0.613081
v -0.008310 -0.537013 -0.592681
v -0.107110 -0.484313 -0.565481
v 1.662090 -1.031813 -0.467981
v 1.547491 -1.015013 -0.504281
v 1.424891 -0.993413 -0.537681
v 1.295790 -0.967113 -0.567881
v 1.161790 -0.936513 -0.594581
v 1.024390 -0.901913 -0.617481
v 0.885090 -0.863413 -0.636081
v 0.745390 -0.821513 -0.650181
v 0.606890 -0.776313 -0.659281
v 0.470990 -0.728313 -0.663081
v 0.339290 -0.678013 -0.661281
v 0.213090 -0.625813 -0.653481
v 0.093890 -0.572213 -0.639481
v -0.016810 -0.517613 -0.618781
v -0.117610 -0.462613 -0.591081
v 1.677990 -1.020913 -0.486281
v 1.561491 -1.004413 -0.523081
v 1.437191 -0.982813 -0.557081
v 1.306391 -0.956513 -0.588081
v 1.170790 -0.925613 -0.615481
v 1.031790 -0.890613 -0.639081
v 0.890990 -0.851613 -0.658481
v 0.749890 -0.809013 -0.673081
v 0.609890 -0.763213 -0.682781
v 0.472690 -0.714413 -0.687081
v 0.339490 -0.663213 -0.685581
v 0.211990 -0.610013 -0.678181
v 0.091590 -0.555113 -0.664481
v -0.020310 -0.499113 -0.643981
v -0.122210 -0.442313 -0.616581
v 1.686990 -1.007813 -0.505481
v 1.569790 -0.991713 -0.542081
v 1.444890 -0.970313 -0.576281
v 1.313490 -0.943913 -0.607481
v 1.177290 -0.912913 -0.635281
v 1.037791 -0.877713 -0.659281
v 0.896390 -0.838513 -0.679081
v 0.754790 -0.795613 -0.694181
v 0.614290 -0.749313 -0.704281
v 0.476490 -0.700213 -0.709081
v 0.342990 -0.648513 -0.708181
v 0.214990 -0.594613 -0.701281
v 0.094290 -0.539013 -0.688181
v -0.017910 -0.482113 -0.668481
v -0.119910 -0.424213 -0.641981
v 1.688190 -0.992713 -0.525681
v 1.571490 -0.976813 -0.561681
v 1.446990 -0.955613 -0.595381
v 1.316190 -0.929313 -0.626281
v 1.180590 -0.898413 -0.654081
v 1.041690 -0.863213 -0.678181
v 0.900990 -0.823913 -0.698181
v 0.759990 -0.781013 -0.713581
v 0.620190 -0.734813 -0.724081
v 0.483090 -0.685613 -0.729281
v 0.350090 -0.633913 -0.728981
v 0.222790 -0.580013 -0.722881
v 0.102690 -0.524313 -0.710681
v -0.008810 -0.467113 -0.692281
v -0.110210 -0.408913 -0.667381
v 1.682390 -0.975713 -0.546481
v 1.567290 -0.960013 -0.581281
v 1.444490 -0.939013 -0.614081
v 1.315390 -0.912913 -0.644481
v 1.181490 -0.882113 -0.671881
v 1.044190 -0.847013 -0.695781
v 0.905090 -0.808013 -0.715781
v 0.765690 -0.765313 -0.731381
v 0.627490 -0.719413 -0.742081
v 0.491890 -0.670613 -0.747681
v 0.360490 -0.619313 -0.747981
v 0.234790 -0.565813 -0.742781
v 0.116190 -0.510613 -0.731881
v 0.006190 -0.454013 -0.714981
v -0.093710 -0.396313 -0.692081
v 1.670790 -0.957013 -0.567281
v 1.558490 -0.941513 -0.600481
v 1.438390 -0.920613 -0.632081
v 1.311990 -0.894713 -0.661581
v 1.180691 -0.864113 -0.688381
v 1.045790 -0.829313 -0.711981
v 0.908990 -0.790513 -0.731781
v 0.771890 -0.748213 -0.747481
v 0.635790 -0.702813 -0.758381
v 0.502490 -0.654613 -0.764381
v 0.373291 -0.604113 -0.765281
v 0.249790 -0.551613 -0.760981
v 0.133590 -0.497513 -0.751281
v 0.025990 -0.442113 -0.736181
v -0.071410 -0.385713 -0.715481
v 1.654390 -0.936913 -0.587581
v 1.546190 -0.921513 -0.618881
v 1.429991 -0.900713 -0.649081
v 1.307190 -0.874913 -0.677481
v 1.179090 -0.844513 -0.703581
v 1.047190 -0.809913 -0.726681
v 0.913190 -0.771413 -0.746281
v 0.778590 -0.729613 -0.761781
v 0.645090 -0.684813 -0.772881
v 0.514290 -0.637413 -0.779181
v 0.387790 -0.588013 -0.780581
v 0.267090 -0.536913 -0.777181
v 0.153890 -0.484513 -0.768681
v 0.049590 -0.431113 -0.755281
v -0.044610 -0.376913 -0.736981
v 1.634591 -0.915713 -0.606681
v 1.531790 -0.900413 -0.635881
v 1.420590 -0.879613 -0.664481
v 1.302191 -0.853713 -0.691781
v 1.177790 -0.823413 -0.717081
v 1.049090 -0.788913 -0.739681
v 0.917890 -0.750713 -0.758981
v 0.785890 -0.709313 -0.774481
v 0.654990 -0.665113 -0.785481
v 0.526790 -0.618613 -0.792081
v 0.403090 -0.570413 -0.793981
v 0.285490 -0.521013 -0.791281
v 0.175890 -0.470913 -0.783781
v 0.075490 -0.420313 -0.771881
v -0.014410 -0.369213 -0.755981
v 1.614191 -0.894313 -0.623681
v 1.518391 -0.878713 -0.650681
v 1.412690 -0.857613 -0.677881
v 1.298690 -0.831413 -0.704181
v 1.177891 -0.800913 -0.728781
v 1.052290 -0.766313 -0.750881
v 0.923590 -0.728313 -0.769981
v 0.793990 -0.687113 -0.785281
v 0.665290 -0.643413 -0.796381
v 0.539390 -0.597713 -0.803081
v 0.418190 -0.550813 -0.805381
v 0.303490 -0.503213 -0.803081
v 0.197290 -0.455613 -0.796381
v 0.101090 -0.408413 -0.785681
v 0.016490 -0.361813 -0.771681
v 1.597490 -0.873613 -0.637381
v 1.509290 -0.857213 -0.662481
v 1.408990 -0.835213 -0.688481
v 1.298690 -0.808313 -0.714181
v 1.180790 -0.777213 -0.738381
v 1.057390 -0.742313 -0.760181
v 0.930690 -0.704013 -0.779081
v 0.802690 -0.662913 -0.794381
v 0.675590 -0.619413 -0.805481
v 0.551390 -0.574413 -0.812181
v 0.431990 -0.528413 -0.814581
v 0.319391 -0.482513 -0.812581
v 0.215690 -0.437313 -0.806181
v 0.123090 -0.393913 -0.796281
v 0.043890 -0.352713 -0.783781
v 1.514390 -1.057313 -0.360981
v 1.434690 -1.044413 -0.375881
v 1.335290 -1.026213 -0.392781
v 1.224890 -1.003413 -0.409281
v 1.106591 -0.976213 -0.424481
v 0.982690 -0.945013 -0.437881
v 0.855490 -0.910213 -0.448981
v 0.727090 -0.872113 -0.457181
v 0.599690 -0.831113 -0.462181
v 0.475490 -0.788113 -0.463881
v 0.356290 -0.743813 -0.462581
v 0.244390 -0.698913 -0.458281
v 0.141790 -0.654513 -0.451381
v 0.051190 -0.612113 -0.442481
v -0.020210 -0.576113 -0.433281
v -0.055810 -0.561713 -0.359681
v -0.035110 -0.571113 -0.399381
v 0.044190 -0.612213 -0.404081
v 0.029290 -0.606913 -0.361381
v 0.125690 -0.653513 -0.364781
v 0.136590 -0.656013 -0.409881
v 0.240290 -0.701313 -0.414981
v 0.232090 -0.700613 -0.368181
v 0.352990 -0.746813 -0.418181
v 0.347090 -0.747413 -0.370481
v 0.472790 -0.791613 -0.419181
v 0.468690 -0.793313 -0.371181
v 0.597690 -0.835013 -0.417681
v 0.595090 -0.837413 -0.369881
v 0.725590 -0.876213 -0.413381
v 0.724490 -0.879113 -0.366281
v 0.854590 -0.914413 -0.406281
v 0.855090 -0.917913 -0.360181
v 0.982490 -0.949413 -0.396681
v 0.984690 -0.953213 -0.351981
v 1.107190 -0.980613 -0.385081
v 1.111490 -0.984713 -0.342081
v 1.233390 -1.012113 -0.331181
v 1.226590 -1.007813 -0.371981
v 1.338390 -1.030513 -0.358181
v 1.348490 -1.035113 -0.319881
v 1.440090 -1.048713 -0.344781
v 1.455190 -1.053513 -0.309081
v 1.529290 -1.062113 -0.333281
v 1.551691 -1.067313 -0.300281
v -0.079610 -0.549513 -0.314481
v 0.010990 -0.598713 -0.314581
v 0.111690 -0.648313 -0.316281
v 0.221690 -0.697713 -0.318381
v 0.339490 -0.746213 -0.319881
v 0.463590 -0.793413 -0.320281
v 0.592290 -0.838613 -0.319181
v 0.723790 -0.881113 -0.316281
v 0.856490 -0.920513 -0.311181
v 0.988590 -0.956413 -0.304281
v 1.118191 -0.988413 -0.296181
v 1.243490 -1.016213 -0.287281
v 1.362790 -1.039513 -0.278181
v 1.474790 -1.058213 -0.269681
v 1.577991 -1.072213 -0.262781
v -0.102310 -0.536613 -0.264481
v -0.007610 -0.589413 -0.263981
v 0.097090 -0.641813 -0.264681
v 0.210490 -0.693513 -0.265881
v 0.331390 -0.743913 -0.266781
v 0.458190 -0.792613 -0.266981
v 0.589390 -0.838913 -0.266181
v 0.723390 -0.882413 -0.263781
v 0.858590 -0.922513 -0.259781
v 0.993290 -0.959013 -0.254281
v 1.125990 -0.991513 -0.247781
v 1.254890 -1.019713 -0.240781
v 1.378390 -1.043413 -0.233581
v 1.495190 -1.062413 -0.226981
v 1.603890 -1.076413 -0.221581
v -0.121710 -0.524813 -0.210681
v -0.023910 -0.580413 -0.210081
v 0.083791 -0.635313 -0.210381
v 0.200190 -0.689013 -0.211081
v 0.323790 -0.741113 -0.211681
v 0.453090 -0.791113 -0.211781
v 0.586790 -0.838613 -0.211181
v 0.723190 -0.883013 -0.209381
v 0.860790 -0.923913 -0.206381
v 0.998190 -0.961013 -0.202281
v 1.133690 -0.994013 -0.197381
v 1.265790 -1.022613 -0.192081
v 1.392890 -1.046513 -0.186681
v 1.513690 -1.065513 -0.181781
v 1.626491 -1.079413 -0.177581
v -0.136610 -0.515013 -0.154081
v -0.036710 -0.572813 -0.153781
v 0.073190 -0.629613 -0.154081
v 0.191690 -0.684913 -0.154481
v 0.317390 -0.738413 -0.154981
v 0.448890 -0.789513 -0.155081
v 0.584590 -0.837913 -0.154681
v 0.723090 -0.883113 -0.153581
v 0.862890 -0.924713 -0.151581
v 1.002491 -0.962313 -0.148781
v 1.140390 -0.995713 -0.145381
v 1.274990 -1.024613 -0.141781
v 1.404790 -1.048713 -0.138081
v 1.528390 -1.067713 -0.134581
v 1.644190 -1.081313 -0.131581
v -0.045110 -0.567513 -0.095881
v -0.146110 -0.508313 -0.095681
v 0.066090 -0.625513 -0.096281
v 0.185990 -0.681913 -0.096781
v 0.313090 -0.736313 -0.097181
v 0.445990 -0.788213 -0.097381
v 0.583090 -0.837313 -0.097281
v 0.723090 -0.883013 -0.096781
v 0.864490 -0.925013 -0.095681
v 1.005590 -0.963013 -0.094181
v 1.145090 -0.996713 -0.092381
v 1.281390 -1.025813 -0.090381
v 1.412890 -1.049913 -0.088281
v 1.538190 -1.068813 -0.086181
v 1.655790 -1.082313 -0.084281
v -0.048010 -0.565313 -0.037081
v -0.149410 -0.505613 -0.036281
v 0.063590 -0.623813 -0.037781
v 0.183990 -0.680613 -0.038381
v 0.311590 -0.735313 -0.038881
v 0.444990 -0.787513 -0.039181
v 0.582690 -0.836813 -0.039381
v 0.723190 -0.882813 -0.039481
v 0.865090 -0.925013 -0.039381
v 1.006891 -0.963113 -0.039181
v 1.146890 -0.996913 -0.038881
v 1.283790 -1.026013 -0.038381
v 1.415990 -1.050213 -0.037781
v 1.541891 -1.069113 -0.037081
v 1.659891 -1.082413 -0.036281
v -0.044910 -0.566913 0.021719
v -0.145910 -0.507713 0.023119
v 0.066290 -0.625013 0.020719
v 0.186190 -0.681413 0.020019
v 0.313290 -0.735813 0.019519
v 0.446090 -0.787813 0.019119
v 0.583290 -0.836813 0.018619
v 0.723290 -0.882613 0.017919
v 0.864590 -0.924613 0.017019
v 1.005790 -0.962613 0.015919
v 1.145290 -0.996313 0.014719
v 1.281490 -1.025313 0.013619
v 1.413090 -1.049413 0.012619
v 1.538391 -1.068313 0.011919
v 1.655890 -1.081713 0.011719
v -0.036410 -0.571813 0.079619
v -0.136210 -0.513913 0.081519
v 0.073490 -0.628613 0.078519
v 0.191990 -0.684013 0.077819
v 0.317690 -0.737513 0.077419
v 0.449190 -0.788713 0.076919
v 0.584890 -0.837113 0.076119
v 0.723390 -0.882313 0.074919
v 0.863190 -0.923813 0.072919
v 1.002790 -0.961413 0.070519
v 1.140690 -0.994813 0.067819
v 1.275290 -1.023713 0.065119
v 1.405190 -1.047713 0.062519
v 1.528790 -1.066713 0.060419
v 1.644490 -1.080213 0.059019
v -0.023410 -0.578913 0.136019
v -0.121110 -0.523113 0.138119
v 0.084290 -0.633813 0.135019
v 0.200690 -0.687613 0.134519
v 0.324290 -0.739813 0.134319
v 0.453590 -0.789813 0.133819
v 0.587190 -0.837313 0.132819
v 0.723590 -0.881713 0.130919
v 0.861290 -0.922613 0.128019
v 0.998690 -0.959613 0.124219
v 1.134190 -0.992613 0.120019
v 1.266290 -1.021213 0.115519
v 1.393490 -1.045113 0.111319
v 1.514190 -1.064013 0.107619
v 1.627090 -1.077813 0.104919
v -0.006910 -0.587313 0.189919
v -0.101610 -0.534513 0.191919
v 0.097790 -0.639913 0.189419
v 0.211190 -0.691613 0.189619
v 0.331990 -0.742113 0.189719
v 0.458890 -0.790813 0.189319
v 0.589990 -0.837113 0.188119
v 0.723990 -0.880613 0.185619
v 0.859190 -0.920713 0.181719
v 0.993990 -0.957213 0.176619
v 1.126590 -0.989713 0.170719
v 1.255491 -1.017813 0.164519
v 1.379090 -1.041513 0.158319
v 1.495991 -1.060313 0.152919
v 1.604691 -1.074213 0.148919
v 0.011890 -0.596213 0.240719
v -0.078610 -0.546813 0.241919
v 0.112590 -0.645913 0.241319
v 0.222490 -0.695313 0.242419
v 0.340290 -0.743913 0.243219
v 0.464390 -0.791113 0.243019
v 0.593090 -0.836313 0.241619
v 0.724590 -0.878913 0.238519
v 0.857290 -0.918213 0.233619
v 0.989390 -0.954113 0.227119
v 1.118990 -0.986013 0.219519
v 1.244290 -1.013813 0.211319
v 1.363690 -1.037113 0.203119
v 1.475690 -1.055713 0.195819
v 1.578990 -1.069613 0.190219
v 0.030390 -0.603913 0.287819
v -0.054710 -0.558613 0.287219
v 0.126790 -0.650513 0.290219
v 0.233190 -0.697713 0.292719
v 0.348090 -0.744513 0.294319
v 0.469690 -0.790413 0.294519
v 0.596090 -0.834613 0.292819
v 0.725590 -0.876313 0.289119
v 0.856090 -0.915013 0.283119
v 0.985690 -0.950313 0.275219
v 1.112490 -0.981813 0.265919
v 1.234490 -1.009213 0.255719
v 1.349591 -1.032113 0.245219
v 1.456290 -1.050513 0.235519
v 1.552791 -1.064113 0.227919
v 0.045490 -0.608713 0.330919
v -0.033810 -0.567513 0.327219
v 0.137890 -0.652513 0.335819
v 0.241490 -0.697813 0.340119
v 0.354290 -0.743413 0.342619
v 0.474090 -0.788213 0.343219
v 0.598890 -0.831613 0.341419
v 0.726890 -0.872713 0.337019
v 0.855790 -0.911013 0.329919
v 0.983690 -0.945913 0.320619
v 1.108490 -0.977113 0.309519
v 1.227790 -1.004313 0.297119
v 1.339690 -1.027013 0.284119
v 1.441391 -1.045113 0.271519
v 1.530591 -1.058513 0.261019
v -0.108210 -0.451013 0.327919
v -0.148910 -0.427113 0.292319
v -0.194910 -0.390913 0.303319
v -0.145910 -0.422113 0.341319
v -0.232010 -0.356313 0.317319
v -0.177610 -0.393413 0.358019
v -0.203410 -0.365213 0.376619
v -0.261009 -0.323313 0.333819
v -0.282310 -0.292413 0.352319
v -0.222810 -0.338313 0.396619
v -0.295810 -0.264213 0.372919
v -0.235410 -0.313413 0.417919
v -0.240710 -0.291413 0.440619
v -0.301410 -0.239813 0.395819
v -0.298810 -0.219913 0.421519
v -0.238410 -0.273113 0.464819
v -0.184210 -0.404913 0.249219
v -0.235810 -0.362513 0.258519
v -0.276910 -0.322313 0.270519
v -0.308510 -0.284213 0.284919
v -0.331510 -0.248513 0.301619
v -0.346010 -0.216213 0.321319
v -0.351810 -0.188513 0.344419
v -0.348910 -0.166413 0.371819
v -0.269310 -0.337313 0.207819
v -0.214310 -0.384513 0.199919
v -0.313210 -0.291913 0.217919
v -0.347010 -0.248413 0.230219
v -0.371610 -0.206913 0.244919
v -0.387110 -0.169213 0.263119
v -0.393310 -0.136913 0.286319
v -0.390110 -0.112013 0.315719
v -0.238510 -0.367013 0.145819
v -0.295610 -0.315713 0.152219
v -0.341410 -0.265613 0.160319
v -0.377010 -0.216413 0.170219
v -0.403210 -0.168313 0.182319
v -0.420510 -0.122113 0.198519
v -0.428110 -0.082713 0.218119
v -0.424510 -0.052613 0.250519
v -0.256210 -0.353213 0.087919
v -0.314710 -0.298813 0.092719
v -0.361810 -0.244813 0.098719
v -0.398610 -0.190513 0.105919
v -0.426210 -0.135813 0.115019
v -0.445110 -0.078713 0.130219
v -0.267310 -0.344213 0.027419
v -0.326310 -0.287913 0.030419
v -0.374110 -0.231213 0.034219
v -0.411710 -0.173213 0.038619
v -0.440310 -0.113213 0.044019
v -0.460910 -0.045713 0.053319
v -0.070710 -0.215013 0.620219
v -0.035510 -0.252813 0.632219
v -0.080310 -0.244813 0.613519
v -0.124510 -0.202013 0.595919
v -0.159310 -0.157813 0.577819
v -0.098610 -0.173613 0.607819
v -0.183610 -0.111713 0.561019
v -0.120710 -0.129213 0.594919
v -0.170910 -0.194013 0.569119
v -0.120710 -0.240813 0.592219
v -0.210510 -0.146713 0.545319
v -0.240110 -0.098913 0.521819
v -0.199810 -0.065513 0.545419
v -0.259810 -0.049313 0.500019
v -0.210410 -0.190313 0.540419
v -0.156410 -0.240213 0.568519
v -0.253610 -0.140313 0.510719
v -0.286410 -0.090113 0.480619
v -0.309210 -0.037413 0.451619
v -0.186710 -0.242813 0.543219
v -0.243410 -0.190813 0.510219
v -0.289210 -0.138613 0.474619
v -0.324910 -0.085913 0.437019
v -0.351010 -0.029913 0.399019
v -0.269410 -0.195713 0.479619
v -0.210910 -0.249013 0.516819
v -0.317210 -0.142013 0.438319
v -0.355410 -0.087413 0.393319
v -0.384810 -0.028313 0.345419
v -0.228310 -0.259013 0.490419
v -0.288010 -0.205213 0.449719
v -0.337209 -0.151013 0.403519
v -0.377310 -0.095713 0.352119
v -0.409710 -0.035013 0.294319
v -0.086710 -0.263513 -0.668481
v -0.042510 -0.272913 -0.686781
v -0.077910 -0.235513 -0.674081
v -0.131010 -0.220913 -0.649981
v -0.176610 -0.211213 -0.623681
v -0.126410 -0.258013 -0.647681
v -0.215410 -0.205813 -0.595481
v -0.161410 -0.255713 -0.624681
v -0.191010 -0.256613 -0.600181
v -0.247610 -0.204413 -0.566081
v -0.272910 -0.207513 -0.536381
v -0.214610 -0.261113 -0.574881
v -0.291010 -0.215413 -0.507581
v -0.231510 -0.269613 -0.549581
v -0.301310 -0.228613 -0.480581
v -0.241110 -0.282313 -0.525181
v -0.165910 -0.177013 -0.630981
v -0.106310 -0.195013 -0.660781
v -0.216310 -0.164013 -0.598781
v -0.258610 -0.155713 -0.564581
v -0.293410 -0.152013 -0.529081
v -0.320709 -0.153413 -0.493581
v -0.340110 -0.160613 -0.459881
v -0.351210 -0.174513 -0.429481
v -0.127410 -0.151413 -0.647381
v -0.191910 -0.131913 -0.612281
v -0.246110 -0.116413 -0.574081
v -0.291510 -0.105413 -0.533081
v -0.329110 -0.099113 -0.489981
v -0.358810 -0.098413 -0.446981
v -0.380010 -0.104713 -0.406681
v -0.392210 -0.119313 -0.371581
v -0.142310 -0.106613 -0.634081
v -0.208610 -0.085213 -0.595081
v -0.265710 -0.066813 -0.551081
v -0.314110 -0.052613 -0.502781
v -0.355010 -0.042613 -0.450481
v -0.387110 -0.040013 -0.398881
v -0.411310 -0.046913 -0.348281
v -0.425010 -0.062313 -0.306881
v -0.405110 0.018587 -0.352181
v -0.433910 0.017387 -0.284781
v -0.450610 0.001287 -0.230981
v -0.109610 -0.454913 -0.399081
v -0.147410 -0.426313 -0.411081
v -0.196210 -0.394713 -0.372481
v -0.150110 -0.430513 -0.363081
v -0.236910 -0.365813 -0.327281
v -0.185310 -0.407813 -0.319681
v -0.215210 -0.387013 -0.270081
v -0.270210 -0.340013 -0.276081
v -0.296410 -0.317713 -0.219981
v -0.239210 -0.368813 -0.215681
v -0.315210 -0.300213 -0.160081
v -0.256710 -0.354413 -0.157581
v -0.267509 -0.344913 -0.096881
v -0.326610 -0.288613 -0.097581
v -0.330310 -0.284313 -0.033481
v -0.271110 -0.341213 -0.034681
v -0.179110 -0.398113 -0.426281
v -0.233410 -0.360513 -0.384881
v -0.278110 -0.325913 -0.337381
v -0.314209 -0.294913 -0.284081
v -0.342210 -0.267813 -0.225781
v -0.362309 -0.246313 -0.163581
v -0.374410 -0.232013 -0.098681
v -0.378310 -0.226613 -0.032181
v -0.205110 -0.370513 -0.443281
v -0.262510 -0.328113 -0.399581
v -0.309910 -0.288413 -0.349781
v -0.348110 -0.251813 -0.294181
v -0.377910 -0.219013 -0.233181
v -0.399210 -0.192313 -0.168181
v -0.412010 -0.174113 -0.100281
v -0.416209 -0.167213 -0.030681
v -0.224610 -0.344413 -0.461581
v -0.283910 -0.297913 -0.416281
v -0.333010 -0.253413 -0.364581
v -0.372810 -0.211013 -0.306581
v -0.404110 -0.171513 -0.242881
v -0.426810 -0.138013 -0.174381
v -0.440609 -0.114313 -0.102581
v -0.445210 -0.105013 -0.029081
v -0.237410 -0.320413 -0.481281
v -0.297610 -0.270613 -0.435181
v -0.347610 -0.221913 -0.382281
v -0.388510 -0.174013 -0.322681
v -0.421010 -0.127513 -0.256581
v -0.445510 -0.083513 -0.184081
v -0.461310 -0.047113 -0.108681
v -0.466610 -0.032413 -0.027381
v -0.303510 -0.247313 -0.456481
v -0.243110 -0.299413 -0.502481
v -0.353810 -0.195313 -0.403581
v -0.395010 -0.142913 -0.343881
v -0.428110 -0.089913 -0.276881
v -0.454110 -0.035113 -0.198181
v -0.062410 -0.476113 0.355819
v -0.039910 -0.491913 0.342219
v -0.064510 -0.480013 0.318119
v -0.087210 -0.456513 0.372319
v -0.112810 -0.433313 0.392219
v -0.135010 -0.409413 0.412919
v -0.152210 -0.386013 0.434219
v -0.163610 -0.363813 0.456119
v -0.168510 -0.343713 0.478619
v -0.166410 -0.326513 0.501819
v -0.092110 -0.465513 0.285419
v -0.121210 -0.449213 0.242819
v -0.147410 -0.433413 0.194219
v -0.169010 -0.419313 0.141119
v -0.185310 -0.408113 0.084319
v -0.195510 -0.400813 0.025019
v -0.199210 -0.398313 -0.035781
v 0.033690 -0.288913 0.651819
v 0.006290 -0.287513 0.642919
v 0.013690 -0.265013 0.647919
v -0.007710 -0.234113 0.642019
v -0.028610 -0.195313 0.634319
v -0.029010 0.093987 0.622119
v -0.025010 -0.286813 0.630419
v -0.059010 -0.287613 0.613519
v -0.090710 -0.290213 0.593919
v -0.118210 -0.294913 0.572319
v -0.140610 -0.302413 0.549219
v -0.156910 -0.312813 0.525519
v 0.026390 -0.309813 -0.706681
v 0.006190 -0.286313 -0.702281
v -0.000610 -0.307413 -0.698181
v -0.031310 -0.305413 -0.686081
v -0.064710 -0.304813 -0.669781
v -0.095809 -0.305813 -0.650981
v -0.122710 -0.309013 -0.630381
v -0.144410 -0.314813 -0.608381
v -0.160310 -0.323813 -0.585781
v -0.169310 -0.336213 -0.563381
v -0.015410 -0.255913 -0.695881
v -0.036510 -0.218313 -0.687381
v -0.052910 -0.176413 -0.678181
v -0.026310 0.094387 -0.667781
v -0.063910 -0.480313 -0.427281
v -0.065810 -0.483613 -0.390381
v -0.041310 -0.495813 -0.414481
v -0.093310 -0.468713 -0.357681
v -0.122210 -0.451913 -0.314981
v -0.148210 -0.435613 -0.266281
v -0.169710 -0.421013 -0.212881
v -0.185810 -0.409313 -0.155981
v -0.195810 -0.401313 -0.096581
v -0.088710 -0.461113 -0.442681
v -0.114410 -0.438513 -0.461181
v -0.136810 -0.415213 -0.480481
v -0.154110 -0.392513 -0.500281
v -0.165810 -0.371213 -0.520581
v -0.171110 -0.352213 -0.541581
v 1.601290 -0.805413 0.519319
v 1.517890 -0.782013 0.545319
v 1.540690 -0.764813 0.544119
v 1.629890 -0.792112 0.515219
v 1.662591 -0.778213 0.509019
v 1.567791 -0.747113 0.541019
v 1.694790 -0.760512 0.502819
v 1.637090 -0.587113 0.536719
v 1.421290 -0.755313 0.571719
v 1.440490 -0.734712 0.572619
v 1.463790 -0.713613 0.571519
v 1.488590 -0.690112 0.569419
v 1.330990 -0.701813 0.599719
v 1.314090 -0.725113 0.597519
v 1.350991 -0.677813 0.600219
v 1.418190 -0.528913 0.599519
v 1.199090 -0.691413 0.621719
v 1.214090 -0.665913 0.624819
v 1.231591 -0.639813 0.626319
v 1.250690 -0.611313 0.626919
v 1.078290 -0.654813 0.643519
v 1.091790 -0.627513 0.647219
v 1.106890 -0.599513 0.649519
v 1.180890 -0.373613 0.650819
v 0.953890 -0.615512 0.662219
v 0.966090 -0.586913 0.666319
v 0.979290 -0.557212 0.669019
v 0.993490 -0.525213 0.670919
v 0.828190 -0.574113 0.677219
v 0.839090 -0.544412 0.681519
v 0.850390 -0.513512 0.684519
v 0.876490 -0.361713 0.686519
v 0.703190 -0.531013 0.688119
v 0.712590 -0.500613 0.692319
v 0.721890 -0.468013 0.695319
v 0.731490 -0.432913 0.697419
v 0.588590 -0.456213 0.698619
v 0.580790 -0.487113 0.694619
v 0.595990 -0.422713 0.701319
v 0.603790 -0.386713 0.703119
v 0.462990 -0.443313 0.696619
v 0.468690 -0.412313 0.700219
v 0.473390 -0.378313 0.702419
v 0.494490 -0.266913 0.703619
v 0.351990 -0.400613 0.694219
v 0.354990 -0.369513 0.697119
v 0.356290 -0.335113 0.698519
v 0.357690 -0.297413 0.698819
v 0.249190 -0.329113 0.689319
v 0.249490 -0.359813 0.687419
v 0.246690 -0.294213 0.689519
v 0.261690 -0.171013 0.688519
v 0.157790 -0.322713 0.676819
v 0.152690 -0.292213 0.677219
v 0.144990 -0.256613 0.675619
v 0.138090 -0.217513 0.672919
v 0.078690 -0.291013 0.663319
v 0.066690 -0.260113 0.661219
v 0.052690 -0.223413 0.657119
v 0.083990 0.078887 0.646419
v 1.639290 -0.828913 0.502019
v 1.580990 -0.816413 0.520819
v 1.670090 -0.824612 0.495119
v 1.706390 -0.816813 0.486519
v 1.745090 -0.806813 0.476719
v 1.796190 -0.726413 0.463119
v 0.086290 -0.314313 0.663019
v 0.156090 -0.346313 0.673819
v 0.244990 -0.385113 0.683419
v 0.345590 -0.427013 0.689519
v 0.455390 -0.470413 0.691519
v 0.572190 -0.514513 0.689119
v 0.693890 -0.558313 0.682519
v 0.818390 -0.601013 0.671619
v 0.943690 -0.641713 0.656719
v 1.067690 -0.679913 0.638219
v 1.188090 -0.715213 0.616819
v 1.302790 -0.747113 0.593219
v 1.409390 -0.775113 0.568119
v 1.504890 -0.798713 0.543019
v 0.070790 -0.313213 -0.717681
v 0.149590 -0.345613 -0.731381
v 0.144090 -0.316013 -0.731081
v 0.058490 -0.283013 -0.714981
v 0.136090 -0.281313 -0.728781
v 0.044390 -0.247313 -0.710181
v 0.128890 -0.242813 -0.725281
v 0.032390 -0.207213 -0.704181
v 0.124490 -0.202013 -0.720981
v 0.086390 0.079287 -0.697781
v 0.241090 -0.383313 -0.742081
v 0.240390 -0.353613 -0.743281
v 0.237390 -0.319613 -0.742781
v 0.234590 -0.282113 -0.740981
v 0.267790 -0.110013 -0.738581
v 0.345990 -0.394713 -0.751081
v 0.343290 -0.424513 -0.748981
v 0.346990 -0.361113 -0.751781
v 0.347990 -0.324413 -0.751381
v 0.350291 -0.285713 -0.750081
v 0.454290 -0.467713 -0.751481
v 0.459491 -0.437913 -0.754281
v 0.463790 -0.404713 -0.755781
v 0.468190 -0.368913 -0.756181
v 0.523290 -0.118413 -0.755881
v 0.579190 -0.482213 -0.752681
v 0.571890 -0.511813 -0.749481
v 0.586190 -0.449613 -0.754781
v 0.593290 -0.414813 -0.755781
v 0.601190 -0.378013 -0.755981
v 0.703190 -0.526813 -0.746481
v 0.694190 -0.555913 -0.742981
v 0.712390 -0.494913 -0.748781
v 0.722090 -0.461213 -0.750081
v 0.773590 -0.292413 -0.750581
v 0.819190 -0.599013 -0.732181
v 0.829590 -0.570613 -0.735681
v 0.840890 -0.539813 -0.737981
v 0.852690 -0.507213 -0.739281
v 0.865290 -0.472613 -0.739781
v 0.944890 -0.640413 -0.717081
v 0.956690 -0.613013 -0.720481
v 0.969790 -0.583413 -0.722581
v 0.983890 -0.552213 -0.723581
v 1.039090 -0.409313 -0.723881
v 1.069290 -0.679413 -0.698381
v 1.082390 -0.653413 -0.701281
v 1.097590 -0.625413 -0.702981
v 1.113791 -0.596113 -0.703581
v 1.130390 -0.564713 -0.703381
v 1.190190 -0.715813 -0.676481
v 1.204790 -0.691513 -0.678881
v 1.222190 -0.665413 -0.679781
v 1.240790 -0.638313 -0.679481
v 1.297390 -0.420213 -0.678581
v 1.305390 -0.749013 -0.652281
v 1.321890 -0.726913 -0.653681
v 1.341890 -0.703113 -0.653481
v 1.363390 -0.678413 -0.652081
v 1.384691 -0.651413 -0.650281
v 1.431490 -0.759213 -0.626481
v 1.412690 -0.778813 -0.626281
v 1.454890 -0.738113 -0.624681
v 1.479390 -0.716113 -0.621781
v 1.530690 -0.595513 -0.613281
v 1.531991 -0.788613 -0.597981
v 1.509490 -0.804913 -0.599781
v 1.559490 -0.770413 -0.594081
v 1.587491 -0.752013 -0.589281
v 1.612590 -0.731513 -0.584981
v 1.621490 -0.815113 -0.568981
v 1.593290 -0.827513 -0.573781
v 1.654390 -0.800313 -0.562181
v 1.685990 -0.784013 -0.555181
v 1.671590 -0.693213 -0.551481
v 0.078690 -0.335513 -0.717981
v 1.737791 -0.827813 -0.529781
v 1.808290 -0.733613 -0.518581
v 1.698590 -0.839013 -0.540181
v 1.662691 -0.846113 -0.549381
v 1.573190 -0.837613 -0.575781
v 1.631791 -0.849913 -0.556881
v 1.496891 -0.820413 -0.598181
v 1.401191 -0.797313 -0.623481
v 1.294490 -0.769813 -0.648681
v 1.179690 -0.738313 -0.672381
v 1.059191 -0.703313 -0.693881
v 0.935190 -0.665213 -0.712381
v 0.809890 -0.624613 -0.727381
v 0.685390 -0.581913 -0.738281
v 0.563790 -0.537913 -0.744881
v 0.447090 -0.493513 -0.747081
v 0.337490 -0.449713 -0.745081
v 0.236990 -0.407413 -0.738781
v 0.148290 -0.368013 -0.729081
v -0.016710 -0.494713 0.397019
v 0.066090 -0.536013 0.416419
v 0.077390 -0.548213 0.388919
v 0.000390 -0.509913 0.373719
v 0.160290 -0.579613 0.430919
v 0.167590 -0.590013 0.400419
v 0.264490 -0.624413 0.440919
v 0.269190 -0.633713 0.408419
v 0.379990 -0.677913 0.413119
v 0.377390 -0.669513 0.446619
v 0.497090 -0.714013 0.448119
v 0.497890 -0.721712 0.414219
v 0.621490 -0.757213 0.445419
v 0.620790 -0.764313 0.411819
v 0.748890 -0.798313 0.438819
v 0.746790 -0.804813 0.405919
v 0.873890 -0.842713 0.396419
v 0.877390 -0.836613 0.428319
v 0.999890 -0.877313 0.383919
v 1.004990 -0.871813 0.414219
v 1.129591 -0.903513 0.397119
v 1.122591 -0.908513 0.368719
v 1.239990 -0.935713 0.351319
v 1.249190 -0.931413 0.377419
v 1.349591 -0.958813 0.332319
v 1.361790 -0.955313 0.355519
v 1.465490 -0.975013 0.331519
v 1.448990 -0.977513 0.312119
v 1.535491 -0.992113 0.291019
v 1.558691 -0.990813 0.305819
v -0.036310 -0.475913 0.420019
v 0.051590 -0.520413 0.442219
v 0.149990 -0.566413 0.458919
v 0.257690 -0.612913 0.470319
v 0.373390 -0.659313 0.476819
v 0.495390 -0.704913 0.478519
v 0.621990 -0.748913 0.475619
v 0.751390 -0.790813 0.468219
v 0.881890 -0.829813 0.456719
v 1.011690 -0.865713 0.441319
v 1.138790 -0.898113 0.422419
v 1.261590 -0.926813 0.400519
v 1.377990 -0.951513 0.376019
v 1.486691 -0.972113 0.349119
v 1.585990 -0.988613 0.319819
v 0.037190 -0.503113 0.466819
v -0.054610 -0.455613 0.442819
v 0.139290 -0.551413 0.484819
v 0.250290 -0.599813 0.497219
v 0.368890 -0.647812 0.504219
v 0.493490 -0.694613 0.505919
v 0.622490 -0.739613 0.502619
v 0.754190 -0.782413 0.494619
v 0.886990 -0.822213 0.482119
v 1.019290 -0.858913 0.465519
v 1.149290 -0.892012 0.445219
v 1.275290 -0.921413 0.421419
v 1.395690 -0.946813 0.394819
v 1.508790 -0.968113 0.365419
v 1.612391 -0.984813 0.333319
v 0.025190 -0.485213 0.490319
v -0.069310 -0.435113 0.465319
v 0.130090 -0.535713 0.509219
v 0.243890 -0.585913 0.522019
v 0.365090 -0.635313 0.529219
v 0.492090 -0.683313 0.530719
v 0.623290 -0.729513 0.526919
v 0.757190 -0.773113 0.518219
v 0.892390 -0.813813 0.504919
v 1.027090 -0.851213 0.487319
v 1.159791 -0.885013 0.465819
v 1.288790 -0.915012 0.440719
v 1.412490 -0.940913 0.412419
v 1.528990 -0.962513 0.381219
v 1.635190 -0.978913 0.346919
v -0.079210 -0.415313 0.487819
v 0.017090 -0.467513 0.513119
v 0.123790 -0.519813 0.532119
v 0.239490 -0.571513 0.545019
v 0.362590 -0.622313 0.552019
v 0.491490 -0.671512 0.553219
v 0.624690 -0.718613 0.548919
v 0.760590 -0.763013 0.539619
v 0.897790 -0.804513 0.525619
v 1.034590 -0.842512 0.507219
v 1.169490 -0.876912 0.484819
v 1.300890 -0.907313 0.458719
v 1.427090 -0.933513 0.429319
v 1.545790 -0.955013 0.396919
v 1.653090 -0.970813 0.361419
v -0.083610 -0.396913 0.510119
v 0.013590 -0.450613 0.535219
v 0.121290 -0.504313 0.553919
v 0.238090 -0.557313 0.566419
v 0.362390 -0.609113 0.573019
v 0.492590 -0.659113 0.573719
v 0.627090 -0.706913 0.569019
v 0.764390 -0.752113 0.559219
v 0.902890 -0.794113 0.544619
v 1.041190 -0.832613 0.525619
v 1.177590 -0.867313 0.502519
v 1.310591 -0.898013 0.475819
v 1.438290 -0.924312 0.445819
v 1.558090 -0.945613 0.412919
v 1.665590 -0.960613 0.377119
v 0.015590 -0.435413 0.556619
v -0.081510 -0.380713 0.532419
v 0.123590 -0.489913 0.574619
v 0.240590 -0.543613 0.586519
v 0.365290 -0.595913 0.592419
v 0.495790 -0.646513 0.592719
v 0.630690 -0.694713 0.587619
v 0.768490 -0.740213 0.577319
v 0.907490 -0.782513 0.562319
v 1.046290 -0.821313 0.542919
v 1.183290 -0.856313 0.519419
v 1.316790 -0.887013 0.492419
v 1.445091 -0.913313 0.462319
v 1.564991 -0.934213 0.429419
v 1.672290 -0.948413 0.394219
v -0.072610 -0.367313 0.554519
v 0.023890 -0.422213 0.577419
v 0.131190 -0.476913 0.594219
v 0.247590 -0.530712 0.605119
v 0.371590 -0.583212 0.610419
v 0.501490 -0.633713 0.610119
v 0.635790 -0.682013 0.604619
v 0.772890 -0.727413 0.594019
v 0.911290 -0.769813 0.578719
v 1.049490 -0.808612 0.559119
v 1.185791 -0.843513 0.535619
v 1.318790 -0.874213 0.508719
v 1.446590 -0.900313 0.478919
v 1.566091 -0.921013 0.446619
v 1.672990 -0.934512 0.412319
v -0.057510 -0.356313 0.576119
v 0.037690 -0.410813 0.597219
v 0.143490 -0.465113 0.612519
v 0.258390 -0.518513 0.622319
v 0.380890 -0.570613 0.626719
v 0.509290 -0.620813 0.625819
v 0.642090 -0.668712 0.619919
v 0.777690 -0.713913 0.609219
v 0.914490 -0.756013 0.593819
v 1.051090 -0.794613 0.574219
v 1.185890 -0.829313 0.550919
v 1.317291 -0.859813 0.524419
v 1.443590 -0.885713 0.495219
v 1.561990 -0.906113 0.463919
v 1.668090 -0.919313 0.430919
v -0.037210 -0.347613 0.596519
v 0.055790 -0.400913 0.615519
v 0.159390 -0.454113 0.629319
v 0.272090 -0.506613 0.637919
v 0.392390 -0.557813 0.641419
v 0.518690 -0.607413 0.640019
v 0.649390 -0.654713 0.633719
v 0.782790 -0.699313 0.622819
v 0.917490 -0.741013 0.607519
v 1.051890 -0.779312 0.588119
v 1.184391 -0.813712 0.565219
v 1.313290 -0.843912 0.539319
v 1.437090 -0.869513 0.511019
v 1.553491 -0.889912 0.480919
v 1.658190 -0.903213 0.449419
v 0.077390 -0.392013 0.632119
v -0.012610 -0.340813 0.615219
v 0.177990 -0.443413 0.644319
v 0.287791 -0.494313 0.651819
v 0.405390 -0.544313 0.654619
v 0.529190 -0.592913 0.652619
v 0.657390 -0.639413 0.646119
v 0.788490 -0.683513 0.635219
v 0.920690 -0.724712 0.619919
v 1.052490 -0.762513 0.600819
v 1.182190 -0.796713 0.578419
v 1.307990 -0.826613 0.553219
v 1.428391 -0.852113 0.525919
v 1.541390 -0.872413 0.497219
v 1.643890 -0.886212 0.467519
v 0.014990 -0.335113 0.631819
v 0.101090 -0.383513 0.646519
v 0.197990 -0.432313 0.657319
v 0.304490 -0.481113 0.664019
v 0.419190 -0.529513 0.666219
v 0.540290 -0.576813 0.663919
v 0.666090 -0.622613 0.657219
v 0.794790 -0.666013 0.646319
v 0.924490 -0.706813 0.631119
v 1.053591 -0.744313 0.612319
v 1.180190 -0.778313 0.590319
v 1.302490 -0.808113 0.565919
v 1.418690 -0.833513 0.539619
v 1.527290 -0.853912 0.512319
v 1.625990 -0.868312 0.484519
v 0.124290 -0.374113 0.658519
v 0.043290 -0.329613 0.645719
v 0.217290 -0.419813 0.668319
v 0.320690 -0.466213 0.674419
v 0.432690 -0.512713 0.676219
v 0.551590 -0.558812 0.673819
v 0.675190 -0.603713 0.667019
v 0.801790 -0.646713 0.656119
v 0.929290 -0.687113 0.641019
v 1.055990 -0.724613 0.622419
v 1.179790 -0.758513 0.600919
v 1.298590 -0.788612 0.577119
v 1.410491 -0.814213 0.551619
v 1.513890 -0.834913 0.525619
v 1.606890 -0.849913 0.499919
v 0.067991 -0.323013 0.656219
v 0.144090 -0.362513 0.667719
v 0.233790 -0.404613 0.677019
v 0.334890 -0.448513 0.682919
v 0.445091 -0.493313 0.684719
v 0.562390 -0.538213 0.682219
v 0.684590 -0.582413 0.675519
v 0.809590 -0.625113 0.664619
v 0.935590 -0.665513 0.649619
v 1.060390 -0.703112 0.631119
v 1.181990 -0.737512 0.609819
v 1.297990 -0.768213 0.586319
v 1.406490 -0.794713 0.561319
v 1.504791 -0.816213 0.536219
v 1.590691 -0.832213 0.512319
v 0.011990 -0.520213 0.350319
v 0.081190 -0.555113 0.358619
v 0.169590 -0.596413 0.366519
v 0.269990 -0.639913 0.372519
v 0.379890 -0.683913 0.375919
v 0.497090 -0.727613 0.376619
v 0.619590 -0.770013 0.374319
v 0.744990 -0.810413 0.369119
v 0.871590 -0.848013 0.360719
v 0.996990 -0.882413 0.349719
v 1.119190 -0.913213 0.336519
v 1.235690 -0.940013 0.321719
v 1.344290 -0.962513 0.305719
v 1.441790 -0.980513 0.289619
v 1.519791 -0.993113 0.275319
v 1.607990 -1.002613 0.270119
v 1.579690 -1.001413 0.263219
v 1.640191 -1.002713 0.278519
v 1.674390 -1.000913 0.288519
v 1.705191 -0.997013 0.299119
v 1.730391 -0.990613 0.310719
v 1.749290 -0.981813 0.324319
v 1.761890 -0.970413 0.340119
v 1.768490 -0.957213 0.358119
v 1.769190 -0.942513 0.377419
v 1.763890 -0.927013 0.397519
v 1.752591 -0.910713 0.417719
v 1.735590 -0.893913 0.437819
v 1.713490 -0.876513 0.457219
v 1.687891 -0.858813 0.475319
v 1.662190 -0.842713 0.490419
v 1.766690 -1.020913 -0.286881
v 1.708291 -1.015413 -0.319481
v 1.659791 -1.014213 -0.316081
v 1.707891 -1.020013 -0.285981
v 1.812790 -1.018013 -0.290081
v 1.750890 -1.014113 -0.325181
v 1.846190 -1.011413 -0.295181
v 1.786291 -1.010213 -0.332581
v 1.871490 -1.002513 -0.303081
v 1.812990 -1.003413 -0.341881
v 1.890090 -0.991713 -0.314081
v 1.831491 -0.994213 -0.353281
v 1.902390 -0.979313 -0.328481
v 1.843690 -0.983213 -0.367381
v 1.907890 -0.966013 -0.346381
v 1.849990 -0.971213 -0.383981
v 1.812591 -1.023413 -0.251181
v 1.749790 -1.024313 -0.251481
v 1.859790 -1.018313 -0.252081
v 1.894290 -1.009913 -0.255581
v 1.920790 -0.998913 -0.262881
v 1.940791 -0.986013 -0.273881
v 1.953890 -0.972013 -0.288581
v 1.959190 -0.957513 -0.307581
v 1.784290 -1.026713 -0.212981
v 1.849590 -1.023913 -0.211781
v 1.897591 -1.016913 -0.211781
v 1.932590 -1.006413 -0.215181
v 1.960290 -0.993113 -0.222581
v 1.981690 -0.978013 -0.233781
v 1.995790 -0.962013 -0.249081
v 1.999691 -0.949013 -0.267781
v 1.878991 -1.023513 -0.169381
v 1.811090 -1.027313 -0.171181
v 1.925991 -1.014613 -0.169281
v 1.960391 -1.001913 -0.173281
v 1.988290 -0.986113 -0.181181
v 2.010490 -0.968013 -0.192881
v 2.024190 -0.951113 -0.208681
v 2.030790 -0.935113 -0.229381
v 1.900990 -1.022913 -0.124381
v 1.832390 -1.027613 -0.126481
v 1.945291 -1.012413 -0.124481
v 1.978090 -0.997513 -0.128781
v 2.005790 -0.978913 -0.136281
v 2.027190 -0.958913 -0.148381
v 2.044090 -0.936813 -0.164881
v 2.062990 -0.837213 -0.199581
v 1.915890 -1.022613 -0.078181
v 1.846890 -1.027813 -0.080481
v 1.956090 -1.010913 -0.078181
v 1.986990 -0.994413 -0.081381
v 2.014791 -0.972813 -0.086281
v 2.037190 -0.949213 -0.091081
v 2.085890 -0.799513 -0.108581
v 1.814090 -0.880913 -0.485881
v 1.762590 -0.860913 -0.512381
v 1.711190 -0.864613 -0.528481
v 1.753690 -0.882913 -0.506881
v 1.855091 -0.872413 -0.469081
v 1.808090 -0.852813 -0.497781
v 1.898090 -0.796913 -0.453381
v 1.843990 -0.837213 -0.485981
v 1.848890 -0.897613 -0.461281
v 1.789490 -0.900713 -0.485281
v 1.887190 -0.887513 -0.440881
v 1.918591 -0.871513 -0.422481
v 1.870690 -0.911513 -0.437881
v 1.817690 -0.917513 -0.463881
v 1.911390 -0.899113 -0.414081
v 1.943491 -0.885413 -0.392381
v 1.969591 -0.863313 -0.376981
v 1.963490 -0.762413 -0.392581
v 1.887691 -0.924913 -0.414081
v 1.835590 -0.932113 -0.443081
v 1.931390 -0.913213 -0.385581
v 1.965691 -0.900313 -0.360481
v 2.011590 -0.794813 -0.325181
v 1.899890 -0.938313 -0.390381
v 1.845891 -0.945313 -0.422681
v 1.946990 -0.927713 -0.357381
v 1.983891 -0.915413 -0.328381
v 2.014890 -0.891913 -0.307281
v 1.906890 -0.952113 -0.367281
v 1.850491 -0.958313 -0.402681
v 1.956591 -0.942513 -0.330781
v 1.994290 -0.931213 -0.300081
v 2.045090 -0.829713 -0.256981
v 1.717590 -0.843413 0.474219
v 1.769091 -0.839113 0.458919
v 1.819191 -0.859313 0.432219
v 1.757690 -0.861713 0.452919
v 1.857191 -0.877413 0.406619
v 1.790990 -0.879513 0.431019
v 1.883690 -0.893613 0.382219
v 1.817091 -0.896613 0.408919
v 1.900391 -0.908913 0.358419
v 1.835391 -0.912913 0.386919
v 1.909590 -0.924213 0.334719
v 1.846390 -0.928813 0.364919
v 1.912790 -0.939913 0.311119
v 1.850791 -0.944613 0.343319
v 1.910491 -0.955913 0.288619
v 1.849491 -0.959913 0.322519
v 1.868190 -0.853613 0.414319
v 1.815691 -0.832713 0.444219
v 1.906590 -0.872013 0.384519
v 1.927590 -0.883013 0.362819
v 1.940691 -0.900413 0.336819
v 1.953490 -0.917013 0.304419
v 1.958691 -0.929613 0.280319
v 1.956090 -0.946513 0.255519
v 1.854391 -0.817913 0.433119
v 1.919691 -0.786613 0.394419
v 1.943790 -0.855713 0.366719
v 1.955690 -0.862413 0.356319
v 2.006590 -0.792713 0.310219
v 1.988491 -0.899513 0.281419
v 1.990291 -0.917513 0.255919
v 1.990891 -0.936513 0.219119
v 2.023991 -0.861113 0.272519
v 2.018590 -0.870713 0.275319
v 2.045691 -0.789313 0.223319
v 2.022191 -0.922113 0.180519
v 1.708890 -1.016613 0.214919
v 1.661090 -1.010413 0.244719
v 1.709590 -1.011313 0.249119
v 1.767790 -1.017113 0.217119
v 1.750490 -1.021213 0.180519
v 1.816391 -1.020613 0.181519
v 1.857390 -1.022913 0.142519
v 1.786390 -1.024413 0.142119
v 1.815890 -1.026413 0.100919
v 1.888990 -1.024213 0.100719
v 1.837491 -1.027413 0.057619
v 1.909990 -1.024313 0.057319
v 1.920990 -1.023713 0.013319
v 1.849990 -1.027813 0.012419
v 1.852991 -1.027813 -0.033981
v 1.922690 -1.022913 -0.031981
v 1.815791 -1.014213 0.221019
v 1.751590 -1.009413 0.255719
v 1.867490 -1.016613 0.183219
v 1.904790 -1.016913 0.143219
v 1.928590 -1.015413 0.102019
v 1.944890 -1.013413 0.058919
v 1.955191 -1.011613 0.014519
v 1.958991 -1.010613 -0.031381
v 1.786191 -1.004913 0.263619
v 1.851090 -1.008413 0.226419
v 1.897690 -1.008313 0.188019
v 1.929891 -1.005813 0.149019
v 1.953791 -1.001813 0.108119
v 1.971490 -0.997713 0.064219
v 1.983090 -0.994513 0.017419
v 1.988390 -0.993213 -0.031881
v 1.812191 -0.997513 0.273519
v 1.874490 -0.999013 0.236119
v 1.918490 -0.996113 0.198819
v 1.951190 -0.990713 0.160219
v 1.976690 -0.984013 0.118719
v 1.996290 -0.977113 0.073119
v 2.009591 -0.971713 0.022919
v 2.015990 -0.969613 -0.031581
v 1.830491 -0.987213 0.286819
v 1.891191 -0.986513 0.250219
v 1.935190 -0.981113 0.213919
v 1.969390 -0.972813 0.175819
v 1.997190 -0.962613 0.134019
v 2.016991 -0.954013 0.088219
v 2.032091 -0.946213 0.030519
v 2.040690 -0.940313 -0.030181
v 1.842490 -0.974313 0.303419
v 1.903090 -0.971813 0.268019
v 1.947890 -0.964113 0.233019
v 1.983891 -0.952813 0.196119
v 2.012590 -0.940713 0.155119
v 2.035891 -0.927713 0.109419
v 2.079491 -0.804513 0.041419
v 2.072490 -0.887913 -0.028281
v 2.065190 -0.839613 0.136619
v 1.606491 -1.006713 -0.341881
v 1.578391 -1.005213 -0.335681
v 1.606190 -1.010213 -0.315381
v 1.638590 -1.007113 -0.349281
v 1.673491 -1.005913 -0.358581
v 1.705690 -1.002813 -0.368381
v 1.733090 -0.997813 -0.379081
v 1.754490 -0.990713 -0.391281
v 1.769290 -0.981613 -0.405181
v 1.776990 -0.970813 -0.420681
v 1.637790 -1.015313 -0.288481
v 1.671590 -1.020113 -0.253981
v 1.702490 -1.023813 -0.215381
v 1.728090 -1.026213 -0.173481
v 1.746891 -1.027213 -0.128981
v 1.758891 -1.027513 -0.082681
v 1.763391 -1.027413 -0.035681
v 1.655690 -0.863413 -0.545181
v 1.682590 -0.879013 -0.530481
v 1.710890 -0.896713 -0.512581
v 1.736190 -0.913713 -0.493681
v 1.756490 -0.929513 -0.474781
v 1.770391 -0.944613 -0.455981
v 1.777290 -0.958513 -0.437681
v 1.607390 -1.006713 0.242819
v 1.638890 -1.012113 0.215919
v 1.672390 -1.017313 0.181619
v 1.702890 -1.021413 0.143019
v 1.728291 -1.024213 0.101319
v 1.747390 -1.025913 0.057119
v 1.759390 -1.026913 0.011219
v 1.463691 -0.979913 -0.403581
v 1.447390 -0.981913 -0.385281
v 1.533890 -0.996313 -0.363281
v 1.556991 -0.995513 -0.377081
v 1.359890 -0.960313 -0.428281
v 1.347991 -0.963213 -0.406281
v 1.247290 -0.936613 -0.450881
v 1.238390 -0.940213 -0.425981
v 1.127690 -0.908713 -0.471281
v 1.120991 -0.913013 -0.443881
v 1.003090 -0.877113 -0.488781
v 0.998290 -0.881913 -0.459481
v 0.875490 -0.841913 -0.503081
v 0.872190 -0.847313 -0.472281
v 0.747090 -0.803613 -0.513681
v 0.745190 -0.809413 -0.481881
v 0.619690 -0.762513 -0.520281
v 0.619190 -0.768913 -0.487681
v 0.495190 -0.719313 -0.522581
v 0.496190 -0.726313 -0.489781
v 0.375590 -0.674813 -0.520581
v 0.378290 -0.682513 -0.488181
v 0.262691 -0.629713 -0.514281
v 0.267590 -0.638213 -0.482981
v 0.158490 -0.584713 -0.503581
v 0.166090 -0.594513 -0.474181
v 0.064390 -0.541013 -0.488281
v 0.075790 -0.552613 -0.461781
v -0.018310 -0.499513 -0.468081
v -0.001110 -0.514313 -0.445781
v 1.484591 -0.977613 -0.419881
v 1.584190 -0.993813 -0.390081
v 1.375790 -0.957213 -0.447581
v 1.259390 -0.932713 -0.472781
v 1.136690 -0.904113 -0.495281
v 1.009490 -0.871713 -0.514581
v 0.879690 -0.835913 -0.530281
v 0.749190 -0.796913 -0.541881
v 0.619890 -0.755013 -0.549181
v 0.493290 -0.711013 -0.551781
v 0.371290 -0.665413 -0.549581
v 0.255690 -0.618913 -0.542481
v 0.148090 -0.572213 -0.530381
v 0.049790 -0.526113 -0.512881
v -0.038110 -0.481313 -0.489881
v 1.506490 -0.974213 -0.434881
v 1.611190 -0.990813 -0.402681
v 1.393190 -0.953313 -0.464981
v 1.272790 -0.928113 -0.492281
v 1.146791 -0.898813 -0.516581
v 1.016790 -0.865713 -0.537381
v 0.884490 -0.829113 -0.554281
v 0.751690 -0.789313 -0.566781
v 0.620090 -0.746613 -0.574781
v 0.491091 -0.701513 -0.577781
v 0.366590 -0.654613 -0.575581
v 0.247990 -0.606613 -0.568081
v 0.137090 -0.558013 -0.554881
v 0.035090 -0.509513 -0.536081
v -0.056510 -0.461713 -0.511281
v 1.526590 -0.969513 -0.449281
v 1.635190 -0.986013 -0.415181
v 1.409690 -0.948213 -0.481081
v 1.285990 -0.922613 -0.509981
v 1.156890 -0.892713 -0.535681
v 1.024190 -0.859013 -0.557681
v 0.889490 -0.821713 -0.575581
v 0.754390 -0.781113 -0.588981
v 0.620490 -0.737413 -0.597581
v 0.489290 -0.691213 -0.601081
v 0.362390 -0.643113 -0.599081
v 0.241290 -0.593613 -0.591381
v 0.127690 -0.543213 -0.577781
v 0.022890 -0.492513 -0.558081
v -0.071410 -0.442013 -0.532281
v 1.543591 -0.963013 -0.463581
v 1.654891 -0.979413 -0.428281
v 1.423890 -0.941713 -0.496481
v 1.297590 -0.915813 -0.526481
v 1.166190 -0.885613 -0.553081
v 1.031291 -0.851413 -0.575981
v 0.894490 -0.813413 -0.594681
v 0.757390 -0.772113 -0.608781
v 0.621590 -0.727613 -0.617981
v 0.488490 -0.680413 -0.621981
v 0.359591 -0.631113 -0.620381
v 0.236690 -0.580213 -0.612881
v 0.121090 -0.528213 -0.599281
v 0.014490 -0.475713 -0.579381
v -0.081610 -0.423213 -0.553181
v 1.555990 -0.954813 -0.478081
v 1.668991 -0.971013 -0.442281
v 1.434790 -0.933613 -0.511481
v 1.306790 -0.907713 -0.542081
v 1.173890 -0.877213 -0.569281
v 1.037490 -0.842613 -0.592781
v 0.899190 -0.804213 -0.612081
v 0.760690 -0.762313 -0.626781
v 0.623490 -0.717113 -0.636481
v 0.489090 -0.669213 -0.640981
v 0.359090 -0.619013 -0.639781
v 0.234890 -0.567113 -0.632781
v 0.118190 -0.513913 -0.619581
v 0.010590 -0.459913 -0.599981
v -0.086310 -0.405813 -0.574081
v 1.676490 -0.960713 -0.457281
v 1.562891 -0.944913 -0.492981
v 1.441090 -0.923813 -0.526481
v 1.312590 -0.897913 -0.557181
v 1.178990 -0.867413 -0.584681
v 1.042090 -0.832613 -0.608481
v 0.903390 -0.793913 -0.628181
v 0.764390 -0.751613 -0.643281
v 0.626690 -0.706113 -0.653481
v 0.491890 -0.657813 -0.658381
v 0.361390 -0.607113 -0.657681
v 0.236990 -0.554513 -0.651281
v 0.120090 -0.500613 -0.638781
v 0.012390 -0.445813 -0.620081
v -0.084610 -0.390813 -0.594981
v 1.563490 -0.933113 -0.508581
v 1.676590 -0.948613 -0.473481
v 1.442091 -0.912213 -0.541681
v 1.314090 -0.886413 -0.572081
v 1.181090 -0.856013 -0.599381
v 1.044791 -0.821213 -0.623181
v 0.906690 -0.782513 -0.643081
v 0.768290 -0.740213 -0.658381
v 0.631290 -0.694813 -0.668881
v 0.497090 -0.646413 -0.674181
v 0.367290 -0.595713 -0.674181
v 0.243490 -0.543013 -0.668481
v 0.127290 -0.488913 -0.656981
v 0.020190 -0.433913 -0.639481
v -0.076110 -0.378613 -0.615781
v 1.558391 -0.919613 -0.524481
v 1.669991 -0.935113 -0.490381
v 1.438490 -0.899013 -0.556581
v 1.312090 -0.873413 -0.586381
v 1.180691 -0.843213 -0.613281
v 1.045890 -0.808713 -0.636781
v 0.909290 -0.770213 -0.656581
v 0.772490 -0.728213 -0.671981
v 0.636990 -0.683013 -0.682681
v 0.504290 -0.635013 -0.688481
v 0.376090 -0.584613 -0.689081
v 0.253790 -0.532213 -0.684281
v 0.138990 -0.478513 -0.673981
v 0.033390 -0.423913 -0.657981
v -0.061510 -0.369113 -0.636181
v 1.657791 -0.920113 -0.507681
v 1.548690 -0.904813 -0.540181
v 1.431490 -0.884313 -0.571181
v 1.307590 -0.859013 -0.599981
v 1.178591 -0.829113 -0.626181
v 1.046090 -0.794913 -0.649281
v 0.911790 -0.756813 -0.668781
v 0.777090 -0.715213 -0.684281
v 0.643690 -0.670513 -0.695081
v 0.513090 -0.623013 -0.701181
v 0.386990 -0.573313 -0.702381
v 0.266890 -0.521813 -0.698581
v 0.154390 -0.469013 -0.689481
v 0.050990 -0.415513 -0.675181
v -0.041810 -0.361913 -0.655481
v 1.640891 -0.904013 -0.524781
v 1.535690 -0.888713 -0.555381
v 1.422190 -0.868413 -0.584881
v 1.301790 -0.843313 -0.612681
v 1.175890 -0.813713 -0.638081
v 1.046191 -0.779813 -0.660681
v 0.914390 -0.742113 -0.679881
v 0.782190 -0.700913 -0.695181
v 0.651190 -0.656813 -0.706181
v 0.522990 -0.610113 -0.712481
v 0.399390 -0.561313 -0.714281
v 0.281990 -0.511013 -0.711181
v 0.172390 -0.459813 -0.703381
v 0.071990 -0.408113 -0.690581
v -0.017810 -0.356613 -0.673181
v 1.620891 -0.886813 -0.541081
v 1.520791 -0.871613 -0.569681
v 1.411990 -0.851413 -0.597581
v 1.295691 -0.826413 -0.624181
v 1.173390 -0.796913 -0.648881
v 1.046690 -0.763213 -0.670881
v 0.917590 -0.725813 -0.689881
v 0.787890 -0.685113 -0.705081
v 0.659290 -0.641613 -0.715981
v 0.533590 -0.595713 -0.722581
v 0.412590 -0.548113 -0.724681
v 0.298090 -0.499413 -0.722281
v 0.191690 -0.450313 -0.715281
v 0.094990 -0.401113 -0.704081
v 0.009190 -0.352413 -0.688781
v 1.600290 -0.869213 -0.555881
v 1.506790 -0.854013 -0.582181
v 1.403291 -0.833713 -0.608681
v 1.291291 -0.808413 -0.634281
v 1.172390 -0.778713 -0.658381
v 1.048590 -0.745013 -0.679981
v 0.921890 -0.707713 -0.698681
v 0.794290 -0.667313 -0.713781
v 0.667790 -0.624313 -0.724681
v 0.544190 -0.579213 -0.731281
v 0.425490 -0.532913 -0.733681
v 0.313690 -0.486013 -0.731581
v 0.210490 -0.439313 -0.725281
v 0.117690 -0.393213 -0.715181
v 0.036790 -0.348413 -0.701981
v 1.583390 -0.852413 -0.567781
v 1.497190 -0.836713 -0.592081
v 1.398790 -0.815513 -0.617481
v 1.290190 -0.789513 -0.642581
v 1.174090 -0.759213 -0.666281
v 1.052490 -0.725113 -0.687681
v 0.927590 -0.687613 -0.706281
v 0.801590 -0.647213 -0.721281
v 0.676590 -0.604513 -0.732081
v 0.554490 -0.560213 -0.738781
v 0.437390 -0.515013 -0.741181
v 0.327291 -0.469813 -0.739281
v 0.226390 -0.425513 -0.733181
v 0.136790 -0.383013 -0.723681
v 0.060990 -0.343113 -0.711781
v 1.518391 -0.997013 -0.348481
v 1.440390 -0.984413 -0.363581
v 1.342891 -0.966413 -0.380481
v 1.234290 -0.943913 -0.397181
v 1.117790 -0.917113 -0.412581
v 0.995690 -0.886313 -0.426281
v 0.870190 -0.851913 -0.437581
v 0.743690 -0.814313 -0.445981
v 0.618190 -0.773913 -0.451081
v 0.495690 -0.731513 -0.453081
v 0.378490 -0.687913 -0.451881
v 0.268590 -0.643813 -0.447881
v 0.168190 -0.600413 -0.441181
v 0.079790 -0.559013 -0.432381
v 0.010590 -0.524213 -0.423281
v 0.058590 -0.553613 -0.358281
v 0.072990 -0.558813 -0.398181
v -0.003710 -0.519113 -0.393681
v -0.023710 -0.509913 -0.356481
v 0.152590 -0.599013 -0.361381
v 0.163090 -0.601613 -0.403581
v 0.256790 -0.645113 -0.364381
v 0.264690 -0.645913 -0.408281
v 0.369590 -0.691213 -0.366281
v 0.375390 -0.690613 -0.411181
v 0.489290 -0.736313 -0.366581
v 0.493290 -0.734813 -0.411881
v 0.613990 -0.779813 -0.364981
v 0.616390 -0.777513 -0.410081
v 0.741590 -0.821013 -0.361181
v 0.742490 -0.818113 -0.405681
v 0.870290 -0.859213 -0.354881
v 0.869690 -0.855913 -0.398281
v 0.998190 -0.894013 -0.346581
v 0.995790 -0.890413 -0.388581
v 1.123291 -0.925113 -0.336781
v 1.118790 -0.921213 -0.376881
v 1.243390 -0.952213 -0.325881
v 1.236390 -0.948013 -0.363781
v 1.356690 -0.974813 -0.314581
v 1.346390 -0.970413 -0.349981
v 1.461190 -0.992813 -0.303881
v 1.446190 -0.988213 -0.336581
v 1.555390 -1.006313 -0.294781
v 1.533290 -1.001413 -0.324981
v 0.040890 -0.545713 -0.313281
v -0.046610 -0.498113 -0.313081
v 0.138990 -0.594013 -0.314781
v 0.246590 -0.642313 -0.316581
v 0.362290 -0.690013 -0.317681
v 0.484490 -0.736413 -0.317681
v 0.611290 -0.781013 -0.316281
v 0.740990 -0.822913 -0.313081
v 0.871890 -0.861813 -0.307881
v 1.002190 -0.897213 -0.300981
v 1.129990 -0.928713 -0.292881
v 1.253490 -0.956113 -0.284081
v 1.370790 -0.979113 -0.274981
v 1.480590 -0.997413 -0.266481
v 1.581290 -1.011113 -0.259181
v 0.022890 -0.536613 -0.263981
v -0.068610 -0.485713 -0.264381
v 0.124790 -0.587713 -0.264481
v 0.235790 -0.638213 -0.265381
v 0.354490 -0.687813 -0.265881
v 0.479290 -0.735613 -0.265781
v 0.608490 -0.781313 -0.264681
v 0.740590 -0.824113 -0.262081
v 0.873990 -0.863713 -0.257981
v 1.006891 -0.899713 -0.252381
v 1.137691 -0.931813 -0.245981
v 1.264690 -0.959613 -0.239081
v 1.386190 -0.982913 -0.231981
v 1.500690 -1.001513 -0.225281
v 1.606690 -1.015113 -0.219581
v 0.007090 -0.527913 -0.210881
v -0.087310 -0.474313 -0.211481
v 0.111890 -0.581313 -0.210981
v 0.225690 -0.633913 -0.211381
v 0.347090 -0.685013 -0.211681
v 0.474390 -0.734213 -0.211481
v 0.605990 -0.781013 -0.210681
v 0.740490 -0.824713 -0.208781
v 0.876190 -0.865113 -0.205581
v 1.011791 -0.901713 -0.201481
v 1.145391 -0.934213 -0.196581
v 1.275491 -0.962413 -0.191381
v 1.400491 -0.985913 -0.186081
v 1.518790 -1.004613 -0.181081
v 1.628790 -1.018113 -0.176781
v -0.005310 -0.520613 -0.154881
v -0.101610 -0.464813 -0.155181
v 0.101590 -0.575813 -0.154981
v 0.217490 -0.629913 -0.155181
v 0.340890 -0.682413 -0.155381
v 0.470190 -0.732713 -0.155381
v 0.603890 -0.780413 -0.154781
v 0.740490 -0.824913 -0.153581
v 0.878290 -0.865913 -0.151481
v 1.015990 -0.903013 -0.148581
v 1.151990 -0.935913 -0.145281
v 1.284490 -0.964413 -0.141681
v 1.412190 -0.988113 -0.138081
v 1.533190 -1.006713 -0.134681
v 1.645990 -1.020013 -0.131681
v -0.013310 -0.515413 -0.096781
v -0.110710 -0.458313 -0.096581
v 0.094790 -0.571813 -0.097081
v 0.211990 -0.627013 -0.097481
v 0.336690 -0.680313 -0.097681
v 0.467391 -0.731413 -0.097881
v 0.602490 -0.779713 -0.097681
v 0.740490 -0.824813 -0.097081
v 0.879890 -0.866313 -0.095981
v 1.019090 -0.903713 -0.094481
v 1.156590 -0.936913 -0.092681
v 1.290790 -0.965513 -0.090681
v 1.420090 -0.989313 -0.088581
v 1.542790 -1.007813 -0.086581
v 1.657190 -1.020913 -0.084681
v -0.016110 -0.513313 -0.037481
v -0.113810 -0.455813 -0.036681
v 0.092391 -0.570113 -0.038181
v 0.210090 -0.625713 -0.038781
v 0.335290 -0.679413 -0.039281
v 0.466390 -0.730713 -0.039581
v 0.602090 -0.779313 -0.039781
v 0.740590 -0.824613 -0.039781
v 0.880490 -0.866213 -0.039781
v 1.020290 -0.903813 -0.039581
v 1.158391 -0.937113 -0.039281
v 1.293190 -0.965813 -0.038881
v 1.422990 -0.989513 -0.038281
v 1.546391 -1.008013 -0.037581
v 1.661090 -1.021013 -0.036781
v -0.013110 -0.514913 0.021719
v -0.110510 -0.457813 0.023119
v 0.094990 -0.571313 0.020619
v 0.212190 -0.626513 0.019919
v 0.336890 -0.679913 0.019319
v 0.467590 -0.731013 0.018719
v 0.602690 -0.779313 0.018219
v 0.740690 -0.824413 0.017519
v 0.879990 -0.865813 0.016519
v 1.019290 -0.903313 0.015319
v 1.156790 -0.936513 0.014119
v 1.290990 -0.965113 0.013019
v 1.420190 -0.988813 0.012019
v 1.542990 -1.007313 0.011319
v 1.657190 -1.020313 0.011019
v -0.004910 -0.519613 0.079819
v -0.101210 -0.463813 0.081719
v 0.101990 -0.574813 0.078519
v 0.217890 -0.629013 0.077719
v 0.341290 -0.681513 0.077019
v 0.470590 -0.731813 0.076319
v 0.604190 -0.779513 0.075419
v 0.740790 -0.824113 0.074119
v 0.878590 -0.865013 0.072119
v 1.016290 -0.902113 0.069619
v 1.152290 -0.935113 0.066919
v 1.284791 -0.963513 0.064119
v 1.412490 -0.987113 0.061619
v 1.533590 -1.005713 0.059419
v 1.646191 -1.018813 0.057919
v 0.007690 -0.526413 0.135819
v -0.086710 -0.472713 0.137919
v 0.112490 -0.579913 0.134619
v 0.226290 -0.632513 0.134019
v 0.347590 -0.683713 0.133419
v 0.474790 -0.732913 0.132719
v 0.606490 -0.779713 0.131419
v 0.740890 -0.823513 0.129419
v 0.876690 -0.863813 0.126419
v 1.012190 -0.900413 0.122619
v 1.145790 -0.932913 0.118319
v 1.275890 -0.961013 0.113919
v 1.400890 -0.984513 0.109619
v 1.519290 -1.003013 0.105919
v 1.629190 -1.016513 0.103019
v 0.023590 -0.534613 0.188919
v -0.067810 -0.483613 0.190719
v 0.125490 -0.585813 0.188319
v 0.236490 -0.636413 0.188119
v 0.355090 -0.685913 0.187919
v 0.479890 -0.733813 0.187219
v 0.609190 -0.779513 0.185719
v 0.741290 -0.822413 0.183019
v 0.874590 -0.862013 0.179019
v 1.007490 -0.897913 0.173819
v 1.138290 -0.930013 0.167919
v 1.265290 -0.957713 0.161719
v 1.386791 -0.981013 0.155619
v 1.501390 -0.999513 0.150119
v 1.607390 -1.013013 0.145719
v 0.041790 -0.543213 0.238419
v -0.045610 -0.495513 0.239419
v 0.139890 -0.591513 0.238819
v 0.247490 -0.639913 0.239619
v 0.363190 -0.687713 0.240019
v 0.485290 -0.734213 0.239419
v 0.612090 -0.778713 0.237719
v 0.741790 -0.820713 0.234419
v 0.872690 -0.859513 0.229319
v 1.002890 -0.894913 0.222719
v 1.130790 -0.926413 0.215119
v 1.254190 -0.953813 0.207019
v 1.371590 -0.976613 0.198819
v 1.481390 -0.994913 0.191319
v 1.582191 -1.008513 0.185319
v 0.059690 -0.550613 0.283619
v -0.022510 -0.506813 0.283019
v 0.153690 -0.596113 0.285619
v 0.257790 -0.642313 0.287819
v 0.370690 -0.688313 0.289019
v 0.490391 -0.733513 0.288819
v 0.614990 -0.777013 0.286919
v 0.742590 -0.818213 0.282919
v 0.871290 -0.856413 0.276719
v 0.999190 -0.891213 0.268719
v 1.124190 -0.922313 0.259419
v 1.244390 -0.949313 0.249219
v 1.357590 -0.971913 0.238719
v 1.462190 -0.989913 0.229019
v 1.556390 -1.003313 0.221019
v 0.074290 -0.555313 0.323819
v -0.002409 -0.515613 0.320319
v 0.164390 -0.598113 0.328319
v 0.265890 -0.642513 0.332219
v 0.376590 -0.687313 0.334519
v 0.494490 -0.731413 0.334719
v 0.617490 -0.774213 0.332619
v 0.743590 -0.814813 0.328019
v 0.870790 -0.852613 0.320819
v 0.996990 -0.887013 0.311319
v 1.119990 -0.917913 0.300019
v 1.237590 -0.944613 0.287619
v 1.347590 -0.967013 0.274519
v 1.447390 -0.984813 0.262019
v 1.534491 -0.997913 0.251419
vn -0.5886 -0.7997 0.1182
vn -0.6278 -0.7610 0.1636
vn -0.6642 -0.7168 0.2121
vn -0.6974 -0.6658 0.2653
vn -0.7241 -0.6100 0.3220
vn -0.7422 -0.5501 0.3828
vn -0.7423 -0.5500 0.3828
vn -0.7492 -0.4880 0.4479
vn -0.6150 -0.7842 0.0826
vn -0.6651 -0.7367 0.1223
vn -0.7126 -0.6810 0.1686
vn -0.7553 -0.6173 0.2201
vn -0.7898 -0.5480 0.2756
vn -0.8133 -0.4746 0.3365
vn -0.8228 -0.4010 0.4027
vn -0.8229 -0.4009 0.4027
vn -0.6377 -0.7683 0.0553
vn -0.6964 -0.7124 0.0865
vn -0.7536 -0.6451 0.1263
vn -0.7536 -0.6450 0.1263
vn -0.8053 -0.5670 0.1731
vn -0.8462 -0.4828 0.2253
vn -0.8732 -0.3954 0.2850
vn -0.8732 -0.3953 0.2850
vn -0.8834 -0.3098 0.3517
vn -0.6575 -0.7527 0.0338
vn -0.6576 -0.7526 0.0338
vn -0.7228 -0.6887 0.0570
vn -0.7877 -0.6097 0.0881
vn -0.8460 -0.5178 0.1271
vn -0.8910 -0.4196 0.1733
vn -0.9197 -0.3180 0.2301
vn -0.9198 -0.3180 0.2301
vn -0.9292 -0.2196 0.2971
vn -0.6737 -0.7388 0.0185
vn -0.7441 -0.6672 0.0346
vn -0.8138 -0.5784 0.0567
vn -0.8757 -0.4752 0.0861
vn -0.8756 -0.4752 0.0861
vn -0.9236 -0.3630 0.1230
vn -0.6855 -0.7281 0.0086
vn -0.7592 -0.6506 0.0177
vn -0.8315 -0.5548 0.0306
vn -0.8314 -0.5548 0.0306
vn -0.8951 -0.4433 0.0485
vn -0.9456 -0.3170 0.0726
vn -0.4119 -0.0726 0.9083
vn -0.4289 0.0061 0.9033
vn -0.4456 0.0667 0.8928
vn -0.4456 0.0667 0.8927
vn -0.4946 -0.1301 0.8593
vn -0.5248 -0.0378 0.8504
vn -0.5486 0.0418 0.8350
vn -0.5486 0.0418 0.8351
vn -0.5686 0.1062 0.8157
vn -0.5685 -0.1882 0.8009
vn -0.6132 -0.0898 0.7848
vn -0.6472 0.0039 0.7623
vn -0.6723 0.0860 0.7353
vn -0.6328 -0.2477 0.7336
vn -0.6894 -0.1459 0.7096
vn -0.6894 -0.1459 0.7095
vn -0.7333 -0.0434 0.6785
vn -0.7334 -0.0434 0.6785
vn -0.7636 0.0525 0.6435
vn -0.6838 -0.3067 0.6620
vn -0.7491 -0.2040 0.6302
vn -0.8004 -0.0975 0.5914
vn -0.8352 0.0066 0.5500
vn -0.7206 -0.3662 0.5887
vn -0.7916 -0.2661 0.5500
vn -0.8481 -0.1610 0.5048
vn -0.8874 -0.0558 0.4577
vn -0.4108 -0.0550 -0.9101
vn -0.4967 -0.1156 -0.8602
vn -0.5732 -0.1768 -0.8001
vn -0.6396 -0.2393 -0.7305
vn -0.6918 -0.3010 -0.6564
vn -0.7288 -0.3625 -0.5808
vn -0.7503 -0.4245 -0.5068
vn -0.4260 0.0261 -0.9043
vn -0.5251 -0.0202 -0.8508
vn -0.6165 -0.0753 -0.7838
vn -0.6950 -0.1346 -0.7063
vn -0.7561 -0.1956 -0.6246
vn -0.7991 -0.2603 -0.5420
vn -0.8233 -0.3282 -0.4631
vn -0.4415 0.0881 -0.8929
vn -0.5471 0.0615 -0.8348
vn -0.6485 0.0209 -0.7609
vn -0.7371 -0.0296 -0.6751
vn -0.8058 -0.0868 -0.5858
vn -0.8541 -0.1532 -0.4970
vn -0.8815 -0.2273 -0.4140
vn -0.4569 0.1361 -0.8790
vn -0.5658 0.1271 -0.8147
vn -0.6716 0.1047 -0.7334
vn -0.7653 0.0684 -0.6401
vn -0.8384 0.0193 -0.5447
vn -0.8916 -0.0464 -0.4504
vn -0.9233 -0.1262 -0.3628
vn -0.9129 0.0587 -0.4040
vn -0.9505 -0.0226 -0.3098
vn -0.5894 -0.8009 -0.1057
vn -0.6152 -0.7853 -0.0702
vn -0.6375 -0.7692 -0.0433
vn -0.6571 -0.7535 -0.0223
vn -0.6732 -0.7394 -0.0075
vn -0.6850 -0.7285 0.0020
vn -0.6915 -0.7223 0.0057
vn -0.6916 -0.7223 0.0058
vn -0.6296 -0.7621 -0.1512
vn -0.6662 -0.7376 -0.1099
vn -0.6969 -0.7133 -0.0743
vn -0.6968 -0.7134 -0.0743
vn -0.7229 -0.6895 -0.0453
vn -0.7439 -0.6679 -0.0234
vn -0.7590 -0.6510 -0.0070
vn -0.7671 -0.6415 0.0031
vn -0.6670 -0.7177 -0.1998
vn -0.7147 -0.6818 -0.1563
vn -0.7551 -0.6456 -0.1141
vn -0.7885 -0.6103 -0.0763
vn -0.8142 -0.5789 -0.0454
vn -0.8316 -0.5551 -0.0199
vn -0.8403 -0.5421 -0.0009
vn -0.7013 -0.6663 -0.2533
vn -0.7585 -0.6175 -0.2080
vn -0.8078 -0.5670 -0.1612
vn -0.8478 -0.5176 -0.1155
vn -0.8768 -0.4750 -0.0750
vn -0.8956 -0.4433 -0.0380
vn -0.9047 -0.4259 -0.0070
vn -0.7292 -0.6098 -0.3104
vn -0.7943 -0.5473 -0.2639
vn -0.8498 -0.4818 -0.2137
vn -0.8937 -0.4184 -0.1620
vn -0.9255 -0.3618 -0.1123
vn -0.9466 -0.3162 -0.0625
vn -0.9566 -0.2909 -0.0160
vn -0.7484 -0.5493 -0.3718
vn -0.8188 -0.4729 -0.3254
vn -0.8778 -0.3929 -0.2740
vn -0.9233 -0.3153 -0.2194
vn -0.9567 -0.2415 -0.1623
vn -0.7424 -0.4268 0.5163
vn -0.7424 -0.4268 0.5164
vn -0.8162 -0.3321 0.4728
vn -0.8755 -0.2327 0.4234
vn -0.9188 -0.1327 0.3717
vn -0.7563 -0.4863 -0.4376
vn -0.8293 -0.3981 -0.3922
vn -0.8888 -0.3058 -0.3414
vn -0.9334 -0.2149 -0.2872
vn -0.9655 -0.1249 -0.2284
vn -0.6916 -0.7222 0.0046
vn -0.6917 -0.7222 0.0046
vn -0.7673 -0.6413 0.0074
vn -0.8403 -0.5419 0.0113
vn -0.8404 -0.5419 0.0113
vn -0.9046 -0.4259 0.0171
vn -0.9563 -0.2912 0.0257
vn -0.5282 -0.8412 0.1161
vn -0.5558 -0.8156 0.1611
vn -0.5823 -0.7866 0.2054
vn -0.6088 -0.7518 0.2532
vn -0.6087 -0.7519 0.2532
vn -0.6329 -0.7108 0.3070
vn -0.6520 -0.6654 0.3636
vn -0.6641 -0.6165 0.4230
vn -0.6674 -0.5646 0.4857
vn -0.6673 -0.5647 0.4856
vn -0.5466 -0.8337 0.0788
vn -0.5637 -0.8243 0.0530
vn -0.5804 -0.8136 0.0332
vn -0.5951 -0.8034 0.0173
vn -0.6072 -0.7945 0.0070
vn -0.6159 -0.7878 0.0020
vn -0.6205 -0.7842 0.0026
vn -0.3204 -0.1020 0.9418
vn -0.3237 -0.0231 0.9459
vn -0.3328 0.0331 0.9424
vn -0.3640 0.0464 0.9302
vn -0.3898 -0.1670 0.9056
vn -0.4526 -0.2256 0.8627
vn -0.5123 -0.2832 0.8108
vn -0.5660 -0.3433 0.7496
vn -0.5660 -0.3433 0.7495
vn -0.6089 -0.4010 0.6844
vn -0.6402 -0.4567 0.6178
vn -0.6597 -0.5113 0.5508
vn -0.3179 -0.0843 -0.9444
vn -0.3179 -0.0844 -0.9444
vn -0.3903 -0.1528 -0.9079
vn -0.4558 -0.2144 -0.8639
vn -0.5177 -0.2748 -0.8102
vn -0.5732 -0.3378 -0.7465
vn -0.6172 -0.3978 -0.6789
vn -0.6486 -0.4551 -0.6100
vn -0.6679 -0.5105 -0.5416
vn -0.6679 -0.5106 -0.5416
vn -0.3193 -0.0028 -0.9476
vn -0.3275 0.0547 -0.9433
vn -0.3398 0.0990 -0.9353
vn -0.3858 0.0839 -0.9187
vn -0.3858 0.0839 -0.9188
vn -0.5288 -0.8424 -0.1034
vn -0.5466 -0.8348 -0.0662
vn -0.5633 -0.8252 -0.0407
vn -0.5798 -0.8145 -0.0215
vn -0.5944 -0.8041 -0.0061
vn -0.6065 -0.7951 0.0037
vn -0.6154 -0.7882 0.0083
vn -0.6203 -0.7843 0.0075
vn -0.5573 -0.8169 -0.1487
vn -0.5847 -0.7879 -0.1931
vn -0.6122 -0.7531 -0.2410
vn -0.6374 -0.7117 -0.2953
vn -0.6575 -0.6659 -0.3524
vn -0.6706 -0.6166 -0.4124
vn -0.6747 -0.5643 -0.4757
vn 0.2328 -0.2300 0.9449
vn 0.2521 -0.1941 0.9480
vn 0.2768 -0.1022 0.9555
vn 0.2029 -0.2194 0.9543
vn 0.2029 -0.2193 0.9543
vn 0.2209 -0.1794 0.9587
vn 0.2684 -0.1058 0.9575
vn 0.1740 -0.2099 0.9621
vn 0.1908 -0.1684 0.9671
vn 0.2087 -0.0967 0.9732
vn 0.1457 -0.2002 0.9689
vn 0.1617 -0.1584 0.9740
vn 0.1966 -0.0956 0.9758
vn 0.1183 -0.1902 0.9746
vn 0.1334 -0.1485 0.9799
vn 0.1500 -0.0625 0.9867
vn 0.0910 -0.1788 0.9797
vn 0.0912 -0.1791 0.9796
vn 0.1054 -0.1371 0.9849
vn 0.1457 -0.0623 0.9874
vn 0.0631 -0.1661 0.9841
vn 0.0628 -0.1656 0.9842
vn 0.0768 -0.1236 0.9894
vn 0.0910 -0.0414 0.9950
vn 0.0330 -0.1508 0.9880
vn 0.0467 -0.1080 0.9931
vn 0.0825 -0.0381 0.9959
vn 0.0030 -0.1344 0.9909
vn 0.0164 -0.0907 0.9957
vn 0.0250 -0.0587 0.9980
vn -0.0276 -0.1161 0.9929
vn -0.0148 -0.0710 0.9974
vn -0.0149 -0.0710 0.9974
vn -0.0063 -0.0189 0.9998
vn -0.0607 -0.0956 0.9936
vn -0.0486 -0.0488 0.9976
vn -0.0347 -0.0048 0.9994
vn -0.0981 -0.0733 0.9925
vn -0.0870 -0.0253 0.9959
vn -0.0871 -0.0253 0.9959
vn -0.0828 0.0126 0.9965
vn -0.0827 0.0126 0.9965
vn -0.1390 -0.0496 0.9891
vn -0.1306 -0.0012 0.9914
vn -0.1312 0.0293 0.9909
vn -0.1854 -0.0252 0.9823
vn -0.1826 0.0215 0.9829
vn -0.1826 0.0215 0.9830
vn -0.1856 0.0518 0.9813
vn -0.1856 0.0517 0.9813
vn 0.2389 -0.2951 0.9251
vn 0.2633 -0.2512 0.9314
vn 0.2842 -0.2195 0.9333
vn 0.3639 -0.1250 0.9230
vn -0.2255 0.0492 0.9730
vn -0.2484 0.0365 0.9680
vn -0.2444 -0.0090 0.9696
vn -0.2502 -0.0735 0.9654
vn -0.2004 -0.0945 0.9751
vn -0.1597 -0.1197 0.9799
vn -0.1196 -0.1401 0.9829
vn -0.0817 -0.1592 0.9839
vn -0.0478 -0.1766 0.9831
vn -0.0166 -0.1924 0.9812
vn 0.0139 -0.2072 0.9782
vn 0.0442 -0.2212 0.9742
vn 0.0440 -0.2214 0.9742
vn 0.0724 -0.2340 0.9695
vn 0.0993 -0.2453 0.9643
vn 0.0991 -0.2451 0.9644
vn 0.1260 -0.2562 0.9584
vn 0.1261 -0.2561 0.9584
vn 0.1537 -0.2667 0.9514
vn 0.1537 -0.2669 0.9514
vn 0.1813 -0.2765 0.9438
vn 0.2094 -0.2829 0.9360
vn -0.1790 -0.0041 -0.9838
vn -0.1758 0.0431 -0.9835
vn -0.1787 0.0762 -0.9809
vn -0.1837 0.0597 -0.9812
vn -0.1327 -0.0294 -0.9907
vn -0.1239 0.0196 -0.9921
vn -0.1227 0.0525 -0.9911
vn -0.1426 0.0503 -0.9885
vn -0.0920 -0.0537 -0.9943
vn -0.0805 -0.0053 -0.9967
vn -0.0763 0.0276 -0.9967
vn -0.0776 0.0306 -0.9965
vn -0.0546 -0.0765 -0.9956
vn -0.0422 -0.0297 -0.9987
vn -0.0364 0.0029 -0.9993
vn -0.0421 0.0137 -0.9990
vn -0.0214 -0.0975 -0.9950
vn -0.0086 -0.0524 -0.9986
vn -0.0013 -0.0203 -0.9998
vn 0.0019 0.0002 -1.0000
vn 0.0019 -0.0000 -1.0000
vn 0.0092 -0.1163 -0.9932
vn 0.0226 -0.0726 -0.9971
vn 0.0311 -0.0408 -0.9987
vn 0.0391 -0.0147 -0.9991
vn 0.0389 -0.0148 -0.9991
vn 0.0393 -0.1327 -0.9904
vn 0.0393 -0.1329 -0.9904
vn 0.0529 -0.0902 -0.9945
vn 0.0624 -0.0586 -0.9963
vn 0.0624 -0.0587 -0.9963
vn 0.0693 -0.0268 -0.9972
vn 0.0692 -0.1480 -0.9866
vn 0.0830 -0.1059 -0.9909
vn 0.0933 -0.0746 -0.9928
vn 0.0930 -0.0744 -0.9929
vn 0.1053 -0.0449 -0.9934
vn 0.0977 -0.1611 -0.9821
vn 0.0977 -0.1616 -0.9820
vn 0.1120 -0.1193 -0.9865
vn 0.1230 -0.0882 -0.9885
vn 0.1228 -0.0882 -0.9885
vn 0.1317 -0.0553 -0.9897
vn 0.1252 -0.1721 -0.9771
vn 0.1403 -0.1303 -0.9815
vn 0.1520 -0.0998 -0.9833
vn 0.1520 -0.0997 -0.9833
vn 0.1800 -0.0491 -0.9824
vn 0.1530 -0.1816 -0.9714
vn 0.1689 -0.1396 -0.9757
vn 0.1815 -0.1095 -0.9773
vn 0.1947 -0.0511 -0.9795
vn 0.1818 -0.1908 -0.9646
vn 0.1818 -0.1908 -0.9647
vn 0.1985 -0.1489 -0.9687
vn 0.2121 -0.1193 -0.9699
vn 0.2515 -0.0561 -0.9662
vn 0.2111 -0.1996 -0.9569
vn 0.2292 -0.1590 -0.9603
vn 0.2440 -0.1307 -0.9609
vn 0.2618 -0.0532 -0.9637
vn 0.2618 -0.0532 -0.9636
vn 0.2416 -0.2096 -0.9475
vn 0.2610 -0.1728 -0.9497
vn 0.2776 -0.1459 -0.9495
vn 0.2776 -0.1459 -0.9496
vn 0.3928 0.0184 -0.9194
vn 0.3927 0.0185 -0.9195
vn 0.3928 0.0184 -0.9195
vn -0.2456 -0.0538 -0.9679
vn -0.2385 0.0123 -0.9711
vn -0.2418 0.0585 -0.9686
vn -0.2497 0.0940 -0.9638
vn -0.2579 0.0660 -0.9639
vn 0.3293 -0.1511 -0.9321
vn 0.2939 -0.1961 -0.9355
vn 0.2724 -0.2292 -0.9345
vn 0.2476 -0.2763 -0.9286
vn 0.2182 -0.2645 -0.9394
vn 0.1894 -0.2585 -0.9473
vn 0.1617 -0.2488 -0.9550
vn 0.1615 -0.2489 -0.9550
vn 0.1336 -0.2386 -0.9619
vn 0.1335 -0.2385 -0.9619
vn 0.1335 -0.2384 -0.9619
vn 0.1062 -0.2279 -0.9679
vn 0.1063 -0.2281 -0.9678
vn 0.0790 -0.2164 -0.9731
vn 0.0791 -0.2164 -0.9731
vn 0.0505 -0.2036 -0.9777
vn 0.0505 -0.2036 -0.9778
vn 0.0201 -0.1896 -0.9817
vn -0.0104 -0.1748 -0.9845
vn -0.0105 -0.1747 -0.9846
vn -0.0419 -0.1586 -0.9864
vn -0.0419 -0.1586 -0.9865
vn -0.0761 -0.1410 -0.9871
vn -0.0761 -0.1409 -0.9871
vn -0.1143 -0.1215 -0.9860
vn -0.1546 -0.1008 -0.9828
vn -0.1955 -0.0750 -0.9778
vn -0.4713 -0.8588 0.2009
vn -0.4349 -0.8776 0.2016
vn -0.4019 -0.8933 0.2014
vn -0.4019 -0.8932 0.2014
vn -0.3713 -0.9064 0.2014
vn -0.3433 -0.9174 0.2015
vn -0.3433 -0.9173 0.2016
vn -0.3170 -0.9266 0.2024
vn -0.3172 -0.9265 0.2024
vn -0.2910 -0.9347 0.2043
vn -0.2646 -0.9419 0.2069
vn -0.2647 -0.9419 0.2069
vn -0.2391 -0.9480 0.2100
vn -0.2392 -0.9481 0.2094
vn -0.2142 -0.9531 0.2139
vn -0.1886 -0.9575 0.2183
vn -0.1618 -0.9614 0.2225
vn -0.1338 -0.9649 0.2262
vn -0.1038 -0.9680 0.2283
vn -0.4834 -0.8384 0.2520
vn -0.4414 -0.8598 0.2568
vn -0.4044 -0.8775 0.2576
vn -0.4044 -0.8775 0.2577
vn -0.3709 -0.8923 0.2573
vn -0.3406 -0.9045 0.2568
vn -0.3120 -0.9146 0.2572
vn -0.2839 -0.9232 0.2589
vn -0.2839 -0.9231 0.2592
vn -0.2558 -0.9307 0.2616
vn -0.2558 -0.9307 0.2615
vn -0.2285 -0.9369 0.2647
vn -0.2016 -0.9418 0.2689
vn -0.1739 -0.9460 0.2736
vn -0.1447 -0.9497 0.2778
vn -0.1139 -0.9531 0.2803
vn -0.0805 -0.9569 0.2792
vn -0.4954 -0.8135 0.3046
vn -0.4480 -0.8375 0.3128
vn -0.4067 -0.8573 0.3156
vn -0.3699 -0.8737 0.3159
vn -0.3366 -0.8872 0.3156
vn -0.3054 -0.8983 0.3160
vn -0.3054 -0.8982 0.3162
vn -0.2751 -0.9073 0.3179
vn -0.2752 -0.9074 0.3177
vn -0.2449 -0.9151 0.3204
vn -0.2156 -0.9214 0.3233
vn -0.2156 -0.9215 0.3231
vn -0.1864 -0.9265 0.3270
vn -0.1566 -0.9305 0.3312
vn -0.1252 -0.9340 0.3345
vn -0.1252 -0.9341 0.3345
vn -0.0918 -0.9377 0.3350
vn -0.0532 -0.9414 0.3331
vn -0.5056 -0.7836 0.3610
vn -0.5056 -0.7837 0.3610
vn -0.4531 -0.8107 0.3708
vn -0.4076 -0.8327 0.3749
vn -0.4076 -0.8326 0.3749
vn -0.3674 -0.8506 0.3763
vn -0.3674 -0.8505 0.3763
vn -0.3310 -0.8651 0.3768
vn -0.3310 -0.8650 0.3770
vn -0.3310 -0.8651 0.3770
vn -0.2969 -0.8769 0.3780
vn -0.2970 -0.8768 0.3782
vn -0.2642 -0.8864 0.3802
vn -0.2644 -0.8862 0.3804
vn -0.2319 -0.8944 0.3824
vn -0.2319 -0.8944 0.3825
vn -0.2006 -0.9010 0.3847
vn -0.1694 -0.9062 0.3874
vn -0.1374 -0.9104 0.3902
vn -0.1038 -0.9141 0.3921
vn -0.1038 -0.9140 0.3921
vn -0.0675 -0.9175 0.3920
vn -0.0217 -0.9203 0.3907
vn -0.0217 -0.9202 0.3907
vn -0.5125 -0.7503 0.4177
vn -0.4556 -0.7801 0.4289
vn -0.4556 -0.7800 0.4289
vn -0.4062 -0.8037 0.4347
vn -0.3626 -0.8228 0.4377
vn -0.3230 -0.8380 0.4399
vn -0.3230 -0.8379 0.4401
vn -0.2863 -0.8501 0.4420
vn -0.2512 -0.8600 0.4442
vn -0.2169 -0.8683 0.4460
vn -0.1838 -0.8752 0.4475
vn -0.1508 -0.8808 0.4488
vn -0.1170 -0.8854 0.4498
vn -0.0816 -0.8894 0.4498
vn -0.0420 -0.8925 0.4491
vn 0.0111 -0.8941 0.4478
vn -0.5149 -0.7136 0.4750
vn -0.4543 -0.7459 0.4872
vn -0.4543 -0.7458 0.4872
vn -0.4015 -0.7708 0.4946
vn -0.3548 -0.7904 0.4993
vn -0.3548 -0.7904 0.4994
vn -0.3125 -0.8059 0.5028
vn -0.2734 -0.8183 0.5056
vn -0.2734 -0.8184 0.5054
vn -0.2362 -0.8285 0.5078
vn -0.2003 -0.8371 0.5091
vn -0.2003 -0.8371 0.5090
vn -0.1657 -0.8442 0.5098
vn -0.1312 -0.8503 0.5097
vn -0.1312 -0.8504 0.5095
vn -0.0960 -0.8555 0.5089
vn -0.0592 -0.8599 0.5070
vn -0.0164 -0.8629 0.5050
vn -0.0164 -0.8630 0.5050
vn 0.0426 -0.8634 0.5027
vn 0.0426 -0.8635 0.5026
vn -0.5116 -0.6736 0.5334
vn -0.4481 -0.7080 0.5458
vn -0.4481 -0.7079 0.5460
vn -0.3927 -0.7339 0.5542
vn -0.3928 -0.7338 0.5543
vn -0.3436 -0.7540 0.5598
vn -0.2992 -0.7698 0.5639
vn -0.2992 -0.7698 0.5638
vn -0.2584 -0.7824 0.5666
vn -0.2584 -0.7823 0.5667
vn -0.2198 -0.7927 0.5686
vn -0.1826 -0.8015 0.5695
vn -0.1826 -0.8014 0.5695
vn -0.1467 -0.8089 0.5694
vn -0.1112 -0.8152 0.5684
vn -0.0751 -0.8207 0.5664
vn -0.0372 -0.8255 0.5632
vn 0.0079 -0.8288 0.5594
vn 0.0079 -0.8289 0.5594
vn 0.0706 -0.8291 0.5546
vn -0.5012 -0.6307 0.5925
vn -0.4363 -0.6668 0.6042
vn -0.3794 -0.6935 0.6125
vn -0.3288 -0.7138 0.6184
vn -0.2833 -0.7296 0.6225
vn -0.2413 -0.7424 0.6250
vn -0.2019 -0.7530 0.6263
vn -0.1639 -0.7618 0.6267
vn -0.1640 -0.7619 0.6266
vn -0.1273 -0.7693 0.6261
vn -0.0911 -0.7756 0.6246
vn -0.0544 -0.7811 0.6220
vn -0.0544 -0.7811 0.6221
vn -0.0162 -0.7862 0.6178
vn -0.0161 -0.7860 0.6180
vn 0.0298 -0.7901 0.6122
vn 0.0297 -0.7900 0.6124
vn 0.0939 -0.7910 0.6045
vn 0.0940 -0.7909 0.6046
vn -0.4833 -0.5844 0.6519
vn -0.4179 -0.6211 0.6630
vn -0.3605 -0.6474 0.6715
vn -0.3605 -0.6473 0.6716
vn -0.3605 -0.6474 0.6716
vn -0.3093 -0.6669 0.6780
vn -0.2631 -0.6821 0.6823
vn -0.2208 -0.6947 0.6846
vn -0.2208 -0.6945 0.6847
vn -0.1809 -0.7052 0.6855
vn -0.1807 -0.7051 0.6857
vn -0.1427 -0.7142 0.6852
vn -0.1059 -0.7217 0.6841
vn -0.1058 -0.7218 0.6840
vn -0.0697 -0.7285 0.6815
vn -0.0333 -0.7346 0.6776
vn -0.0332 -0.7346 0.6777
vn 0.0049 -0.7399 0.6727
vn 0.0494 -0.7456 0.6646
vn 0.1123 -0.7487 0.6533
vn -0.4575 -0.5341 0.7109
vn -0.3930 -0.5702 0.7214
vn -0.3358 -0.5948 0.7304
vn -0.2847 -0.6124 0.7375
vn -0.2385 -0.6261 0.7424
vn -0.1962 -0.6376 0.7449
vn -0.1565 -0.6480 0.7454
vn -0.1564 -0.6480 0.7454
vn -0.1184 -0.6573 0.7443
vn -0.0821 -0.6653 0.7420
vn -0.0466 -0.6729 0.7382
vn -0.0467 -0.6730 0.7381
vn -0.0112 -0.6803 0.7329
vn 0.0255 -0.6870 0.7262
vn 0.0670 -0.6944 0.7165
vn 0.1266 -0.7001 0.7027
vn -0.4240 -0.4782 0.7691
vn -0.3616 -0.5126 0.7787
vn -0.3057 -0.5350 0.7876
vn -0.2553 -0.5502 0.7950
vn -0.2097 -0.5619 0.8002
vn -0.1680 -0.5722 0.8027
vn -0.1291 -0.5822 0.8027
vn -0.1291 -0.5821 0.8028
vn -0.0915 -0.5918 0.8009
vn -0.0917 -0.5921 0.8006
vn -0.0564 -0.6007 0.7975
vn -0.0564 -0.6006 0.7975
vn -0.0225 -0.6095 0.7924
vn 0.0111 -0.6187 0.7855
vn 0.0459 -0.6273 0.7774
vn 0.0842 -0.6358 0.7673
vn 0.1381 -0.6437 0.7527
vn -0.3834 -0.4155 0.8249
vn -0.3242 -0.4473 0.8336
vn -0.2705 -0.4673 0.8417
vn -0.2216 -0.4806 0.8485
vn -0.1775 -0.4904 0.8532
vn -0.1372 -0.4996 0.8553
vn -0.0996 -0.5095 0.8547
vn -0.0635 -0.5194 0.8522
vn -0.0297 -0.5293 0.8479
vn 0.0023 -0.5398 0.8418
vn 0.0337 -0.5508 0.8340
vn 0.0663 -0.5611 0.8251
vn 0.1018 -0.5699 0.8154
vn 0.1480 -0.5793 0.8016
vn -0.3387 -0.3499 0.8734
vn -0.2828 -0.3758 0.8825
vn -0.2318 -0.3922 0.8902
vn -0.1852 -0.4042 0.8957
vn -0.1433 -0.4133 0.8992
vn -0.1433 -0.4133 0.8993
vn -0.1051 -0.4223 0.9003
vn -0.0693 -0.4325 0.8990
vn -0.0693 -0.4324 0.8990
vn -0.0347 -0.4431 0.8958
vn -0.0026 -0.4539 0.8910
vn -0.0026 -0.4539 0.8911
vn 0.0273 -0.4655 0.8846
vn 0.0566 -0.4779 0.8766
vn 0.0869 -0.4899 0.8674
vn 0.1192 -0.5003 0.8576
vn 0.1575 -0.5111 0.8449
vn 0.1575 -0.5111 0.8450
vn -0.2911 -0.2787 0.9152
vn -0.2389 -0.2967 0.9246
vn -0.1916 -0.3106 0.9310
vn -0.1480 -0.3227 0.9349
vn -0.1088 -0.3330 0.9366
vn -0.0732 -0.3432 0.9364
vn -0.0393 -0.3540 0.9344
vn -0.0394 -0.3544 0.9343
vn -0.0064 -0.3655 0.9308
vn -0.0065 -0.3657 0.9307
vn 0.0238 -0.3774 0.9257
vn 0.0238 -0.3774 0.9258
vn 0.0521 -0.3895 0.9195
vn 0.0798 -0.4023 0.9120
vn 0.1083 -0.4150 0.9034
vn 0.1373 -0.4272 0.8937
vn 0.1687 -0.4401 0.8820
vn -0.4964 -0.8558 0.1458
vn -0.4613 -0.8748 0.1480
vn -0.4303 -0.8907 0.1468
vn -0.4303 -0.8907 0.1467
vn -0.4006 -0.9043 0.1477
vn -0.4009 -0.9042 0.1475
vn -0.3722 -0.9162 0.1487
vn -0.3722 -0.9161 0.1490
vn -0.3459 -0.9261 0.1505
vn -0.3456 -0.9262 0.1506
vn -0.3210 -0.9347 0.1526
vn -0.3210 -0.9347 0.1524
vn -0.2963 -0.9425 0.1547
vn -0.2964 -0.9425 0.1546
vn -0.2714 -0.9496 0.1571
vn -0.2714 -0.9495 0.1572
vn -0.2474 -0.9556 0.1600
vn -0.2472 -0.9556 0.1602
vn -0.2242 -0.9608 0.1630
vn -0.2004 -0.9655 0.1662
vn -0.1753 -0.9699 0.1690
vn -0.1753 -0.9698 0.1693
vn -0.1498 -0.9736 0.1722
vn -0.1235 -0.9765 0.1765
vn -0.0953 -0.9797 0.1762
vn -0.0719 -0.9722 0.2227
vn -0.0439 -0.9618 0.2704
vn -0.0439 -0.9617 0.2704
vn -0.0096 -0.9451 0.3267
vn 0.0290 -0.9207 0.3892
vn 0.0674 -0.8907 0.4496
vn 0.1020 -0.8576 0.5041
vn 0.1300 -0.8240 0.5515
vn 0.1300 -0.8240 0.5514
vn 0.1510 -0.7889 0.5956
vn 0.1666 -0.7506 0.6394
vn 0.1666 -0.7507 0.6393
vn 0.1786 -0.7057 0.6856
vn 0.1891 -0.6512 0.7350
vn 0.1978 -0.5868 0.7852
vn 0.2037 -0.5174 0.8311
vn 0.2081 -0.4479 0.8695
vn 0.2151 -0.3755 0.9015
vn 0.1843 -0.3643 0.9129
vn 0.1580 -0.3501 0.9233
vn 0.1309 -0.3385 0.9318
vn 0.1033 -0.3267 0.9395
vn 0.0764 -0.3147 0.9461
vn 0.0492 -0.3029 0.9518
vn 0.0492 -0.3027 0.9518
vn 0.0202 -0.2905 0.9567
vn 0.0202 -0.2904 0.9567
vn -0.0111 -0.2777 0.9606
vn -0.0428 -0.2650 0.9633
vn -0.0429 -0.2651 0.9633
vn -0.0761 -0.2523 0.9647
vn -0.0758 -0.2518 0.9648
vn -0.1123 -0.2391 0.9645
vn -0.1123 -0.2390 0.9645
vn -0.1527 -0.2241 0.9625
vn -0.1527 -0.2240 0.9626
vn -0.1955 -0.2083 0.9583
vn -0.2423 -0.1957 0.9503
vn -0.2928 -0.1734 0.9403
vn -0.3460 -0.2433 0.9061
vn -0.3974 -0.3034 0.8660
vn -0.4474 -0.3633 0.8172
vn -0.4931 -0.4239 0.7597
vn -0.5301 -0.4798 0.6992
vn -0.5578 -0.5314 0.6376
vn -0.5761 -0.5804 0.5756
vn -0.5849 -0.6271 0.5144
vn -0.5852 -0.6714 0.4547
vn -0.5784 -0.7125 0.3972
vn -0.5660 -0.7506 0.3409
vn -0.5496 -0.7849 0.2861
vn -0.5313 -0.8134 0.2370
vn -0.5129 -0.8367 0.1922
vn -0.0248 -0.9902 -0.1376
vn 0.0293 -0.9818 -0.1874
vn 0.1038 -0.9649 -0.2414
vn 0.1864 -0.9372 -0.2947
vn 0.2643 -0.8952 -0.3589
vn 0.2643 -0.8952 -0.3588
vn 0.3234 -0.8497 -0.4164
vn 0.3682 -0.8043 -0.4665
vn 0.0007 -0.9953 -0.0963
vn 0.0007 -0.9954 -0.0963
vn 0.0807 -0.9871 -0.1380
vn 0.1835 -0.9604 -0.2095
vn 0.2728 -0.9225 -0.2730
vn 0.3484 -0.8769 -0.3313
vn 0.4102 -0.8249 -0.3889
vn 0.4609 -0.7673 -0.4460
vn 0.0301 -0.9974 -0.0650
vn 0.1263 -0.9861 -0.1080
vn 0.2433 -0.9547 -0.1711
vn 0.3466 -0.9098 -0.2282
vn 0.4314 -0.8574 -0.2807
vn 0.5044 -0.7941 -0.3390
vn 0.5652 -0.7183 -0.4057
vn 0.0510 -0.9980 -0.0363
vn 0.1669 -0.9826 -0.0815
vn 0.3044 -0.9441 -0.1268
vn 0.4255 -0.8905 -0.1611
vn 0.5313 -0.8244 -0.1950
vn 0.6290 -0.7382 -0.2438
vn 0.7059 -0.6346 -0.3148
vn 0.7058 -0.6346 -0.3148
vn 0.0653 -0.9975 -0.0271
vn 0.2096 -0.9758 -0.0628
vn 0.3705 -0.9251 -0.0837
vn 0.5081 -0.8566 -0.0893
vn 0.6343 -0.7669 -0.0976
vn 0.7495 -0.6499 -0.1257
vn 0.9251 -0.3225 -0.2005
vn 0.0761 -0.9969 -0.0219
vn 0.2558 -0.9654 -0.0510
vn 0.4358 -0.8988 -0.0468
vn 0.5817 -0.8129 -0.0292
vn 0.5816 -0.8129 -0.0292
vn 0.7142 -0.6997 -0.0170
vn 0.9303 -0.3654 0.0306
vn 0.9304 -0.3654 0.0306
vn 0.3123 -0.3473 -0.8842
vn 0.3796 -0.2925 -0.8777
vn 0.5322 -0.2208 -0.8173
vn 0.5321 -0.2208 -0.8174
vn 0.3349 -0.4385 -0.8340
vn 0.4646 -0.3629 -0.8078
vn 0.5818 -0.1858 -0.7919
vn 0.5818 -0.1858 -0.7918
vn 0.3853 -0.5056 -0.7720
vn 0.5302 -0.4451 -0.7217
vn 0.6158 -0.3641 -0.6988
vn 0.6830 -0.1197 -0.7206
vn 0.4339 -0.5690 -0.6986
vn 0.5523 -0.5080 -0.6610
vn 0.6349 -0.4246 -0.6455
vn 0.8354 -0.2998 -0.4606
vn 0.4421 -0.6473 -0.6209
vn 0.5507 -0.5762 -0.6040
vn 0.5508 -0.5761 -0.6040
vn 0.6385 -0.4894 -0.5940
vn 0.7651 -0.1760 -0.6193
vn 0.7651 -0.1760 -0.6194
vn 0.4274 -0.7086 -0.5615
vn 0.5312 -0.6439 -0.5506
vn 0.6292 -0.5626 -0.5363
vn 0.6291 -0.5626 -0.5363
vn 0.8499 -0.4980 -0.1720
vn 0.3003 -0.3860 0.8722
vn 0.3075 -0.4780 0.8227
vn 0.3159 -0.5665 0.7611
vn 0.3267 -0.6431 0.6926
vn 0.3375 -0.7015 0.6277
vn 0.3442 -0.7426 0.5745
vn 0.3444 -0.7425 0.5745
vn 0.3423 -0.7745 0.5319
vn 0.3423 -0.7746 0.5319
vn 0.3461 -0.3418 0.8737
vn 0.3856 -0.4307 0.8160
vn 0.4309 -0.5169 0.7397
vn 0.4685 -0.5951 0.6530
vn 0.4681 -0.5954 0.6530
vn 0.4888 -0.6555 0.5756
vn 0.4888 -0.6555 0.5757
vn 0.4926 -0.7019 0.5145
vn 0.4854 -0.7395 0.4663
vn 0.5003 -0.2444 0.8306
vn 0.5217 -0.1888 0.8320
vn 0.5672 -0.4349 0.6994
vn 0.7890 -0.5328 0.3059
vn 0.7178 -0.3491 0.6024
vn 0.6278 -0.6295 0.4578
vn 0.6121 -0.6838 0.3973
vn 0.5279 -0.4445 0.7237
vn 0.8222 -0.5546 -0.1283
vn 0.8542 -0.3401 0.3932
vn 0.8542 -0.3401 0.3933
vn -0.0222 -0.9879 0.1533
vn -0.0020 -0.9935 0.1137
vn 0.0148 -0.9963 0.0846
vn 0.0283 -0.9979 0.0581
vn 0.0426 -0.9986 0.0316
vn 0.0580 -0.9983 0.0103
vn 0.0715 -0.9974 -0.0045
vn 0.0284 -0.9781 0.2063
vn 0.0625 -0.9846 0.1631
vn 0.1043 -0.9860 0.1304
vn 0.1721 -0.9793 0.1065
vn 0.2526 -0.9636 0.0874
vn 0.3088 -0.9498 0.0497
vn 0.3216 -0.9469 0.0016
vn 0.0929 -0.9570 0.2747
vn 0.1713 -0.9539 0.2464
vn 0.2821 -0.9335 0.2214
vn 0.3917 -0.9043 0.1696
vn 0.4598 -0.8799 0.1202
vn 0.5002 -0.8628 0.0740
vn 0.5002 -0.8627 0.0740
vn 0.5112 -0.8590 0.0277
vn 0.1733 -0.9190 0.3542
vn 0.2937 -0.9019 0.3166
vn 0.4197 -0.8682 0.2647
vn 0.5159 -0.8323 0.2028
vn 0.5822 -0.8001 0.1447
vn 0.6270 -0.7736 0.0915
vn 0.6464 -0.7616 0.0471
vn 0.6463 -0.7616 0.0471
vn 0.2459 -0.8758 0.4153
vn 0.3827 -0.8499 0.3623
vn 0.3827 -0.8498 0.3623
vn 0.5045 -0.8109 0.2966
vn 0.5983 -0.7681 0.2281
vn 0.6716 -0.7228 0.1627
vn 0.6716 -0.7229 0.1627
vn 0.7274 -0.6786 0.1021
vn 0.7600 -0.6477 0.0541
vn 0.2991 -0.8344 0.4630
vn 0.4393 -0.8046 0.3996
vn 0.5592 -0.7620 0.3266
vn 0.6552 -0.7121 0.2522
vn 0.7351 -0.6543 0.1775
vn 0.9222 -0.3843 0.0433
vn 0.8937 -0.3868 0.2272
vn 0.4034 -0.7562 -0.5152
vn 0.5017 -0.7052 -0.5010
vn 0.6066 -0.6384 -0.4739
vn 0.8395 -0.2970 -0.4550
vn 0.3274 -0.8049 0.4949
vn 0.4685 -0.7725 0.4287
vn 0.5901 -0.7255 0.3542
vn 0.5900 -0.7255 0.3543
vn 0.6891 -0.6691 0.2784
vn 0.6890 -0.6692 0.2783
vn 0.8776 -0.4330 0.2059
vn 0.8775 -0.4330 0.2059
vn 0.0784 -0.9969 -0.0119
vn 0.2982 -0.9541 -0.0293
vn 0.4875 -0.8731 -0.0091
vn 0.6313 -0.7753 0.0166
vn 0.7568 -0.6527 0.0352
vn 0.9137 -0.3821 -0.1381
vn -0.0761 -0.9881 -0.1338
vn -0.0445 -0.9827 -0.1796
vn -0.0118 -0.9742 -0.2256
vn 0.0288 -0.9598 -0.2793
vn 0.0805 -0.9370 -0.3398
vn 0.0805 -0.9371 -0.3398
vn 0.1385 -0.9079 -0.3956
vn 0.1936 -0.8746 -0.4445
vn 0.2388 -0.8359 -0.4943
vn 0.2388 -0.8358 -0.4943
vn -0.0675 -0.9930 -0.0965
vn -0.0573 -0.9960 -0.0683
vn -0.0426 -0.9982 -0.0421
vn -0.0234 -0.9995 -0.0216
vn -0.0090 -0.9999 -0.0108
vn -0.0042 -1.0000 -0.0040
vn -0.0042 -1.0000 -0.0041
vn -0.0038 -1.0000 0.0014
vn -0.0039 -1.0000 0.0011
vn 0.2637 -0.3258 -0.9079
vn 0.2978 -0.2748 -0.9142
vn 0.3261 -0.2370 -0.9152
vn 0.3681 -0.1619 -0.9156
vn 0.2635 -0.3994 -0.8781
vn 0.2622 -0.4694 -0.8432
vn 0.2622 -0.4694 -0.8431
vn 0.2597 -0.5440 -0.7979
vn 0.2579 -0.6322 -0.7306
vn 0.2688 -0.6948 -0.6671
vn 0.2783 -0.7431 -0.6086
vn 0.2692 -0.7904 -0.5503
vn 0.2562 -0.3481 0.9018
vn 0.2551 -0.4290 0.8665
vn 0.2518 -0.5082 0.8236
vn 0.2473 -0.5842 0.7730
vn 0.2424 -0.6526 0.7179
vn 0.2381 -0.7086 0.6642
vn 0.2334 -0.7515 0.6171
vn 0.2246 -0.7862 0.5758
vn 0.2881 -0.3033 0.9083
vn 0.3147 -0.2677 0.9107
vn 0.3641 -0.1023 0.9257
vn -0.0749 -0.9860 0.1491
vn -0.0749 -0.9860 0.1492
vn -0.0658 -0.9915 0.1120
vn -0.0546 -0.9951 0.0827
vn -0.0415 -0.9974 0.0587
vn -0.0300 -0.9988 0.0386
vn -0.0208 -0.9995 0.0221
vn -0.0131 -0.9999 0.0106
vn -0.0068 -1.0000 0.0049
vn -0.0435 -0.9797 0.1956
vn -0.0079 -0.9688 0.2479
vn -0.0079 -0.9687 0.2479
vn 0.0361 -0.9499 0.3105
vn 0.0869 -0.9210 0.3797
vn 0.1370 -0.8858 0.4434
vn 0.1796 -0.8492 0.4966
vn 0.2074 -0.8183 0.5360
vn -0.1046 -0.9713 -0.2136
vn -0.1349 -0.9681 -0.2112
vn -0.1633 -0.9646 -0.2071
vn -0.1904 -0.9606 -0.2027
vn -0.2160 -0.9561 -0.1981
vn -0.2410 -0.9509 -0.1942
vn -0.2664 -0.9447 -0.1911
vn -0.2662 -0.9448 -0.1909
vn -0.2927 -0.9374 -0.1887
vn -0.2927 -0.9374 -0.1885
vn -0.3187 -0.9292 -0.1872
vn -0.3186 -0.9293 -0.1869
vn -0.3450 -0.9198 -0.1867
vn -0.3731 -0.9088 -0.1869
vn -0.3730 -0.9088 -0.1870
vn -0.4036 -0.8955 -0.1875
vn -0.4036 -0.8955 -0.1876
vn -0.4367 -0.8797 -0.1882
vn -0.4732 -0.8606 -0.1881
vn -0.0814 -0.9610 -0.2643
vn -0.1147 -0.9572 -0.2658
vn -0.1147 -0.9572 -0.2657
vn -0.1459 -0.9538 -0.2627
vn -0.1755 -0.9500 -0.2581
vn -0.2035 -0.9458 -0.2530
vn -0.2306 -0.9407 -0.2487
vn -0.2583 -0.9344 -0.2454
vn -0.2580 -0.9345 -0.2454
vn -0.2860 -0.9269 -0.2431
vn -0.2861 -0.9268 -0.2433
vn -0.3142 -0.9182 -0.2414
vn -0.3142 -0.9180 -0.2418
vn -0.3428 -0.9078 -0.2415
vn -0.3429 -0.9077 -0.2418
vn -0.3732 -0.8954 -0.2429
vn -0.3732 -0.8954 -0.2430
vn -0.4069 -0.8803 -0.2438
vn -0.4441 -0.8622 -0.2436
vn -0.4861 -0.8405 -0.2394
vn -0.0556 -0.9468 -0.3169
vn -0.0920 -0.9425 -0.3212
vn -0.1260 -0.9389 -0.3202
vn -0.1260 -0.9390 -0.3201
vn -0.1580 -0.9354 -0.3164
vn -0.1884 -0.9313 -0.3118
vn -0.2178 -0.9262 -0.3078
vn -0.2473 -0.9198 -0.3048
vn -0.2778 -0.9118 -0.3025
vn -0.2778 -0.9117 -0.3025
vn -0.3083 -0.9024 -0.3010
vn -0.3395 -0.8912 -0.3009
vn -0.3730 -0.8773 -0.3019
vn -0.4100 -0.8605 -0.3023
vn -0.4515 -0.8403 -0.3001
vn -0.4990 -0.8158 -0.2924
vn -0.0277 -0.9273 -0.3732
vn -0.0674 -0.9230 -0.3788
vn -0.1041 -0.9195 -0.3791
vn -0.1385 -0.9159 -0.3767
vn -0.1711 -0.9117 -0.3734
vn -0.2028 -0.9065 -0.3704
vn -0.2345 -0.8997 -0.3682
vn -0.2342 -0.8997 -0.3685
vn -0.2671 -0.8915 -0.3659
vn -0.2667 -0.8914 -0.3663
vn -0.3000 -0.8818 -0.3640
vn -0.3002 -0.8816 -0.3642
vn -0.3344 -0.8696 -0.3633
vn -0.3712 -0.8546 -0.3632
vn -0.4117 -0.8362 -0.3624
vn -0.4117 -0.8361 -0.3625
vn -0.4576 -0.8135 -0.3589
vn -0.5102 -0.7859 -0.3494
vn 0.0003 -0.9030 -0.4297
vn -0.0423 -0.8989 -0.4362
vn -0.0813 -0.8951 -0.4383
vn -0.1175 -0.8913 -0.4379
vn -0.1521 -0.8868 -0.4364
vn -0.1521 -0.8868 -0.4365
vn -0.1857 -0.8811 -0.4350
vn -0.2195 -0.8741 -0.4334
vn -0.2195 -0.8741 -0.4333
vn -0.2542 -0.8655 -0.4316
vn -0.2542 -0.8656 -0.4315
vn -0.2898 -0.8553 -0.4295
vn -0.2900 -0.8551 -0.4297
vn -0.3270 -0.8427 -0.4277
vn -0.3669 -0.8270 -0.4260
vn -0.4109 -0.8075 -0.4233
vn -0.4109 -0.8074 -0.4233
vn -0.4608 -0.7829 -0.4179
vn -0.5181 -0.7523 -0.4070
vn 0.0274 -0.8737 -0.4857
vn 0.0274 -0.8737 -0.4858
vn -0.0175 -0.8697 -0.4933
vn -0.0582 -0.8657 -0.4971
vn -0.0959 -0.8614 -0.4989
vn -0.1319 -0.8562 -0.4995
vn -0.1319 -0.8563 -0.4994
vn -0.1672 -0.8500 -0.4995
vn -0.1672 -0.8501 -0.4994
vn -0.2027 -0.8427 -0.4988
vn -0.2392 -0.8339 -0.4974
vn -0.2392 -0.8340 -0.4973
vn -0.2770 -0.8235 -0.4951
vn -0.2770 -0.8234 -0.4952
vn -0.3165 -0.8110 -0.4921
vn -0.3167 -0.8107 -0.4924
vn -0.3595 -0.7947 -0.4891
vn -0.3595 -0.7948 -0.4890
vn -0.4068 -0.7744 -0.4845
vn -0.4601 -0.7487 -0.4772
vn -0.5212 -0.7155 -0.4651
vn 0.0530 -0.8389 -0.5417
vn 0.0063 -0.8353 -0.5497
vn -0.0357 -0.8313 -0.5547
vn -0.0356 -0.8312 -0.5549
vn -0.0744 -0.8264 -0.5582
vn -0.0744 -0.8264 -0.5581
vn -0.1115 -0.8208 -0.5602
vn -0.1479 -0.8142 -0.5614
vn -0.1479 -0.8143 -0.5613
vn -0.1846 -0.8068 -0.5613
vn -0.2225 -0.7978 -0.5604
vn -0.2619 -0.7871 -0.5584
vn -0.3036 -0.7742 -0.5554
vn -0.3487 -0.7580 -0.5512
vn -0.3486 -0.7582 -0.5511
vn -0.3985 -0.7376 -0.5451
vn -0.3986 -0.7373 -0.5455
vn -0.4545 -0.7108 -0.5368
vn -0.4545 -0.7105 -0.5371
vn -0.5186 -0.6754 -0.5242
vn 0.0762 -0.7984 -0.5973
vn 0.0286 -0.7955 -0.6053
vn -0.0139 -0.7914 -0.6112
vn -0.0532 -0.7862 -0.6156
vn -0.0529 -0.7862 -0.6157
vn -0.0908 -0.7805 -0.6186
vn -0.0908 -0.7806 -0.6184
vn -0.1277 -0.7740 -0.6202
vn -0.1279 -0.7741 -0.6200
vn -0.1655 -0.7664 -0.6207
vn -0.1653 -0.7662 -0.6210
vn -0.2043 -0.7574 -0.6202
vn -0.2043 -0.7573 -0.6202
vn -0.2446 -0.7466 -0.6187
vn -0.2446 -0.7465 -0.6188
vn -0.2875 -0.7335 -0.6159
vn -0.3339 -0.7173 -0.6116
vn -0.3339 -0.7173 -0.6115
vn -0.3854 -0.6967 -0.6051
vn -0.4431 -0.6694 -0.5963
vn -0.5087 -0.6325 -0.5841
vn 0.0972 -0.7514 -0.6527
vn 0.0498 -0.7489 -0.6608
vn 0.0077 -0.7442 -0.6679
vn 0.0077 -0.7443 -0.6678
vn -0.0312 -0.7385 -0.6736
vn -0.0312 -0.7385 -0.6735
vn -0.0686 -0.7321 -0.6777
vn -0.0686 -0.7321 -0.6778
vn -0.1057 -0.7249 -0.6807
vn -0.1057 -0.7251 -0.6805
vn -0.1438 -0.7174 -0.6816
vn -0.1434 -0.7173 -0.6819
vn -0.1826 -0.7081 -0.6821
vn -0.2235 -0.6972 -0.6811
vn -0.2669 -0.6847 -0.6782
vn -0.3141 -0.6693 -0.6733
vn -0.3663 -0.6497 -0.6662
vn -0.3663 -0.6497 -0.6661
vn -0.4248 -0.6231 -0.6568
vn -0.4909 -0.5856 -0.6450
vn 0.1160 -0.6977 -0.7069
vn 0.0697 -0.6952 -0.7155
vn 0.0292 -0.6893 -0.7239
vn -0.0083 -0.6820 -0.7313
vn -0.0445 -0.6740 -0.7374
vn -0.0445 -0.6741 -0.7373
vn -0.0808 -0.6660 -0.7416
vn -0.1180 -0.6576 -0.7440
vn -0.1178 -0.6578 -0.7440
vn -0.1571 -0.6483 -0.7450
vn -0.1979 -0.6379 -0.7443
vn -0.2413 -0.6264 -0.7412
vn -0.2887 -0.6129 -0.7355
vn -0.3410 -0.5953 -0.7275
vn -0.3994 -0.5707 -0.7175
vn -0.4649 -0.5341 -0.7061
vn 0.1332 -0.6369 -0.7594
vn 0.0891 -0.6341 -0.7681
vn 0.0505 -0.6268 -0.7776
vn 0.0505 -0.6267 -0.7776
vn 0.0150 -0.6173 -0.7866
vn -0.0192 -0.6072 -0.7943
vn -0.0538 -0.5977 -0.7999
vn -0.0900 -0.5885 -0.8035
vn -0.1283 -0.5788 -0.8053
vn -0.1283 -0.5789 -0.8053
vn -0.1682 -0.5690 -0.8049
vn -0.2111 -0.5590 -0.8018
vn -0.2580 -0.5479 -0.7958
vn -0.3097 -0.5331 -0.7874
vn -0.3097 -0.5330 -0.7874
vn -0.3670 -0.5109 -0.7774
vn -0.4305 -0.4761 -0.7668
vn 0.1491 -0.5693 -0.8085
vn 0.1079 -0.5659 -0.8174
vn 0.0719 -0.5570 -0.8274
vn 0.0388 -0.5456 -0.8371
vn 0.0068 -0.5335 -0.8458
vn 0.0068 -0.5335 -0.8457
vn -0.0258 -0.5224 -0.8523
vn -0.0603 -0.5120 -0.8569
vn -0.0602 -0.5121 -0.8568
vn -0.0975 -0.5024 -0.8591
vn -0.0971 -0.5019 -0.8595
vn -0.1358 -0.4925 -0.8597
vn -0.1358 -0.4925 -0.8596
vn -0.1771 -0.4838 -0.8571
vn -0.1771 -0.4839 -0.8570
vn -0.2226 -0.4747 -0.8515
vn -0.2226 -0.4746 -0.8516
vn -0.2729 -0.4621 -0.8438
vn -0.3279 -0.4425 -0.8347
vn -0.3882 -0.4106 -0.8251
vn 0.1629 -0.4999 -0.8506
vn 0.1260 -0.4933 -0.8607
vn 0.1260 -0.4932 -0.8607
vn 0.0934 -0.4819 -0.8712
vn 0.0626 -0.4687 -0.8811
vn 0.0329 -0.4553 -0.8897
vn 0.0025 -0.4432 -0.8964
vn 0.0025 -0.4429 -0.8966
vn -0.0301 -0.4318 -0.9015
vn -0.0653 -0.4210 -0.9047
vn -0.0653 -0.4211 -0.9047
vn -0.1020 -0.4113 -0.9058
vn -0.1412 -0.4028 -0.9043
vn -0.1842 -0.3945 -0.9003
vn -0.1842 -0.3945 -0.9002
vn -0.2321 -0.3832 -0.8940
vn -0.2844 -0.3674 -0.8855
vn -0.3415 -0.3417 -0.8756
vn 0.1763 -0.4280 -0.8864
vn 0.1448 -0.4163 -0.8976
vn 0.1154 -0.4030 -0.9079
vn 0.0866 -0.3894 -0.9170
vn 0.0585 -0.3758 -0.9248
vn 0.0585 -0.3758 -0.9249
vn 0.0299 -0.3631 -0.9313
vn -0.0009 -0.3509 -0.9364
vn -0.0010 -0.3517 -0.9361
vn -0.0343 -0.3396 -0.9399
vn -0.0343 -0.3396 -0.9400
vn -0.0686 -0.3286 -0.9420
vn -0.0686 -0.3288 -0.9419
vn -0.1051 -0.3190 -0.9419
vn -0.1451 -0.3093 -0.9398
vn -0.1897 -0.2978 -0.9356
vn -0.2383 -0.2845 -0.9286
vn -0.2916 -0.2671 -0.9185
vn -0.0963 -0.9822 -0.1612
vn -0.1247 -0.9790 -0.1614
vn -0.1512 -0.9760 -0.1569
vn -0.1769 -0.9721 -0.1539
vn -0.2020 -0.9677 -0.1509
vn -0.2256 -0.9629 -0.1480
vn -0.2258 -0.9629 -0.1478
vn -0.2490 -0.9576 -0.1449
vn -0.2729 -0.9515 -0.1423
vn -0.2728 -0.9515 -0.1421
vn -0.2979 -0.9443 -0.1398
vn -0.2977 -0.9443 -0.1401
vn -0.3222 -0.9366 -0.1379
vn -0.3223 -0.9365 -0.1379
vn -0.3468 -0.9280 -0.1365
vn -0.3468 -0.9280 -0.1364
vn -0.3731 -0.9179 -0.1353
vn -0.3732 -0.9179 -0.1352
vn -0.4016 -0.9059 -0.1342
vn -0.4016 -0.9060 -0.1340
vn -0.4313 -0.8923 -0.1334
vn -0.4313 -0.8923 -0.1333
vn -0.4624 -0.8763 -0.1352
vn -0.4975 -0.8572 -0.1332
vn -0.5148 -0.8383 -0.1798
vn -0.5340 -0.8151 -0.2247
vn -0.5533 -0.7866 -0.2741
vn -0.5708 -0.7522 -0.3294
vn -0.5708 -0.7521 -0.3294
vn -0.5840 -0.7139 -0.3863
vn -0.5918 -0.6724 -0.4446
vn -0.5923 -0.6280 -0.5048
vn -0.5923 -0.6279 -0.5049
vn -0.5841 -0.5811 -0.5667
vn -0.5660 -0.5315 -0.6302
vn -0.5660 -0.5315 -0.6301
vn -0.5382 -0.4786 -0.6938
vn -0.5003 -0.4207 -0.7568
vn -0.4530 -0.3574 -0.8168
vn -0.4010 -0.2945 -0.8675
vn -0.3473 -0.2315 -0.9087
vn -0.2913 -0.1581 -0.9435
vn -0.2401 -0.1803 -0.9539
vn -0.1925 -0.1924 -0.9622
vn -0.1926 -0.1924 -0.9622
vn -0.1925 -0.1924 -0.9623
vn -0.1488 -0.2078 -0.9668
vn -0.1079 -0.2226 -0.9689
vn -0.0710 -0.2358 -0.9692
vn -0.0712 -0.2358 -0.9692
vn -0.0374 -0.2483 -0.9680
vn -0.0376 -0.2484 -0.9679
vn -0.0052 -0.2610 -0.9653
vn -0.0052 -0.2609 -0.9653
vn 0.0264 -0.2738 -0.9614
vn 0.0557 -0.2862 -0.9566
vn 0.0833 -0.2984 -0.9508
vn 0.1105 -0.3108 -0.9440
vn 0.1384 -0.3232 -0.9362
vn 0.1661 -0.3354 -0.9273
vn 0.1925 -0.3499 -0.9168
vn 0.2234 -0.3584 -0.9064
vn 0.2234 -0.3584 -0.9065
vn 0.2144 -0.4289 -0.8775
vn 0.2076 -0.4947 -0.8439
vn 0.1987 -0.5627 -0.8024
vn 0.1863 -0.6314 -0.7527
vn 0.1712 -0.6942 -0.6991
vn 0.1531 -0.7509 -0.6424
vn 0.1322 -0.8006 -0.5844
vn 0.1086 -0.8416 -0.5291
vn 0.0802 -0.8772 -0.4735
vn 0.0802 -0.8771 -0.4735
vn 0.0485 -0.9080 -0.4163
vn 0.0485 -0.9079 -0.4163
vn 0.0157 -0.9333 -0.3588
vn -0.0165 -0.9528 -0.3030
vn -0.0463 -0.9664 -0.2529
vn -0.0727 -0.9755 -0.2077
vn -0.4656 -0.8839 -0.0435
vn -0.4332 -0.9001 -0.0469
vn -0.4038 -0.9134 -0.0509
vn -0.3763 -0.9249 -0.0550
vn -0.3763 -0.9248 -0.0550
vn -0.3512 -0.9344 -0.0591
vn -0.3275 -0.9428 -0.0626
vn -0.3042 -0.9504 -0.0654
vn -0.2806 -0.9574 -0.0676
vn -0.2806 -0.9575 -0.0675
vn -0.2581 -0.9636 -0.0691
vn -0.2581 -0.9636 -0.0692
vn -0.2360 -0.9692 -0.0698
vn -0.2360 -0.9692 -0.0699
vn -0.2134 -0.9745 -0.0699
vn -0.1896 -0.9794 -0.0697
vn -0.1646 -0.9839 -0.0691
vn -0.1375 -0.9881 -0.0690
vn -0.4737 -0.8804 -0.0208
vn -0.4386 -0.8984 -0.0224
vn -0.4077 -0.9127 -0.0261
vn -0.3795 -0.9247 -0.0303
vn -0.3539 -0.9346 -0.0347
vn -0.3539 -0.9346 -0.0349
vn -0.3298 -0.9433 -0.0384
vn -0.3062 -0.9511 -0.0412
vn -0.3062 -0.9511 -0.0414
vn -0.2824 -0.9583 -0.0433
vn -0.2826 -0.9583 -0.0428
vn -0.2598 -0.9646 -0.0445
vn -0.2373 -0.9704 -0.0447
vn -0.2143 -0.9758 -0.0441
vn -0.1899 -0.9809 -0.0433
vn -0.1899 -0.9808 -0.0433
vn -0.1637 -0.9856 -0.0429
vn -0.1343 -0.9900 -0.0443
vn -0.4823 -0.8760 -0.0052
vn -0.4448 -0.8956 -0.0061
vn -0.4123 -0.9110 -0.0092
vn -0.3831 -0.9236 -0.0132
vn -0.3567 -0.9341 -0.0174
vn -0.3319 -0.9431 -0.0209
vn -0.3077 -0.9512 -0.0234
vn -0.2837 -0.9586 -0.0252
vn -0.2838 -0.9586 -0.0249
vn -0.2607 -0.9651 -0.0266
vn -0.2605 -0.9651 -0.0257
vn -0.2374 -0.9711 -0.0262
vn -0.2137 -0.9766 -0.0255
vn -0.1884 -0.9818 -0.0246
vn -0.1608 -0.9867 -0.0243
vn -0.1295 -0.9912 -0.0260
vn -0.4906 -0.8714 0.0060
vn -0.4510 -0.8925 0.0047
vn -0.4170 -0.9089 0.0017
vn -0.3867 -0.9222 -0.0020
vn -0.3594 -0.9332 -0.0056
vn -0.3594 -0.9332 -0.0055
vn -0.3337 -0.9427 -0.0085
vn -0.3337 -0.9426 -0.0085
vn -0.3089 -0.9510 -0.0106
vn -0.2844 -0.9586 -0.0121
vn -0.2606 -0.9654 -0.0130
vn -0.2367 -0.9715 -0.0130
vn -0.2122 -0.9771 -0.0123
vn -0.2123 -0.9771 -0.0122
vn -0.1860 -0.9825 -0.0114
vn -0.1572 -0.9875 -0.0108
vn -0.1243 -0.9922 -0.0116
vn -0.4977 -0.8673 0.0117
vn -0.4565 -0.8897 0.0102
vn -0.4212 -0.9069 0.0076
vn -0.3899 -0.9208 0.0045
vn -0.3617 -0.9323 0.0018
vn -0.3352 -0.9421 -0.0003
vn -0.3352 -0.9422 -0.0005
vn -0.3352 -0.9422 -0.0006
vn -0.3098 -0.9508 -0.0021
vn -0.3100 -0.9507 -0.0019
vn -0.2848 -0.9586 -0.0031
vn -0.2852 -0.9585 -0.0031
vn -0.2600 -0.9656 -0.0041
vn -0.2604 -0.9655 -0.0038
vn -0.2359 -0.9718 -0.0040
vn -0.2106 -0.9776 -0.0035
vn -0.1835 -0.9830 -0.0026
vn -0.1537 -0.9881 -0.0019
vn -0.1194 -0.9928 -0.0020
vn -0.5032 -0.8641 0.0123
vn -0.4608 -0.8874 0.0110
vn -0.4245 -0.9054 0.0091
vn -0.3924 -0.9198 0.0071
vn -0.3634 -0.9316 0.0052
vn -0.3363 -0.9417 0.0038
vn -0.3359 -0.9419 0.0043
vn -0.3104 -0.9506 0.0028
vn -0.3104 -0.9506 0.0025
vn -0.2852 -0.9585 0.0017
vn -0.2850 -0.9585 0.0022
vn -0.2601 -0.9656 0.0015
vn -0.2601 -0.9656 0.0018
vn -0.2350 -0.9720 0.0019
vn -0.2352 -0.9719 0.0013
vn -0.2092 -0.9779 0.0021
vn -0.2092 -0.9779 0.0019
vn -0.1814 -0.9834 0.0026
vn -0.1507 -0.9886 0.0033
vn -0.1154 -0.9933 0.0036
vn -0.5063 -0.8623 0.0083
vn -0.4633 -0.8862 0.0076
vn -0.4263 -0.9046 0.0065
vn -0.4263 -0.9046 0.0067
vn -0.3938 -0.9192 0.0059
vn -0.3937 -0.9192 0.0061
vn -0.3644 -0.9312 0.0049
vn -0.3644 -0.9312 0.0051
vn -0.3368 -0.9416 0.0045
vn -0.3369 -0.9415 0.0046
vn -0.3107 -0.9505 0.0041
vn -0.3103 -0.9506 0.0039
vn -0.2850 -0.9585 0.0041
vn -0.2851 -0.9585 0.0038
vn -0.2597 -0.9657 0.0042
vn -0.2599 -0.9656 0.0039
vn -0.2347 -0.9721 0.0043
vn -0.2349 -0.9720 0.0038
vn -0.2083 -0.9781 0.0043
vn -0.1802 -0.9836 0.0047
vn -0.1803 -0.9836 0.0045
vn -0.1485 -0.9889 0.0051
vn -0.1489 -0.9888 0.0052
vn -0.1129 -0.9936 0.0059
vn -0.5065 -0.8622 0.0010
vn -0.4634 -0.8861 0.0013
vn -0.4635 -0.8861 0.0014
vn -0.4264 -0.9045 0.0018
vn -0.4267 -0.9044 0.0011
vn -0.3938 -0.9192 0.0023
vn -0.3940 -0.9191 0.0023
vn -0.3643 -0.9313 0.0032
vn -0.3644 -0.9312 0.0027
vn -0.3366 -0.9416 0.0033
vn -0.3369 -0.9415 0.0031
vn -0.3109 -0.9504 0.0039
vn -0.3107 -0.9505 0.0036
vn -0.2849 -0.9585 0.0043
vn -0.2599 -0.9656 0.0042
vn -0.2348 -0.9720 0.0041
vn -0.2345 -0.9721 0.0045
vn -0.2082 -0.9781 0.0045
vn -0.2082 -0.9781 0.0047
vn -0.1800 -0.9837 0.0049
vn -0.1800 -0.9837 0.0050
vn -0.1491 -0.9888 0.0055
vn -0.1487 -0.9889 0.0051
vn -0.1125 -0.9936 0.0057
vn -0.5036 -0.8639 -0.0028
vn -0.4612 -0.8873 -0.0020
vn -0.4247 -0.9054 -0.0004
vn -0.4247 -0.9053 -0.0003
vn -0.3925 -0.9197 0.0013
vn -0.3635 -0.9316 0.0029
vn -0.3365 -0.9417 0.0042
vn -0.3364 -0.9417 0.0040
vn -0.3104 -0.9506 0.0053
vn -0.3104 -0.9506 0.0051
vn -0.2849 -0.9585 0.0061
vn -0.2600 -0.9656 0.0069
vn -0.2599 -0.9656 0.0070
vn -0.2353 -0.9719 0.0071
vn -0.2348 -0.9720 0.0071
vn -0.2089 -0.9779 0.0073
vn -0.2089 -0.9779 0.0074
vn -0.1810 -0.9835 0.0073
vn -0.1810 -0.9835 0.0072
vn -0.1502 -0.9886 0.0073
vn -0.1145 -0.9934 0.0077
vn -0.1145 -0.9934 0.0078
vn -0.4983 -0.8670 -0.0018
vn -0.4984 -0.8670 -0.0018
vn -0.4571 -0.8894 -0.0008
vn -0.4216 -0.9068 0.0015
vn -0.3902 -0.9207 0.0042
vn -0.3618 -0.9322 0.0068
vn -0.3618 -0.9322 0.0067
vn -0.3353 -0.9421 0.0089
vn -0.3097 -0.9508 0.0107
vn -0.3097 -0.9508 0.0105
vn -0.2845 -0.9586 0.0114
vn -0.2847 -0.9585 0.0119
vn -0.2597 -0.9656 0.0125
vn -0.2601 -0.9655 0.0127
vn -0.2355 -0.9718 0.0131
vn -0.2101 -0.9776 0.0132
vn -0.2101 -0.9776 0.0131
vn -0.1829 -0.9830 0.0129
vn -0.1529 -0.9882 0.0129
vn -0.1183 -0.9929 0.0137
vn -0.4913 -0.8710 0.0043
vn -0.4516 -0.8922 0.0052
vn -0.4174 -0.9087 0.0079
vn -0.3870 -0.9220 0.0113
vn -0.3595 -0.9330 0.0146
vn -0.3595 -0.9330 0.0148
vn -0.3337 -0.9425 0.0176
vn -0.3088 -0.9509 0.0199
vn -0.3088 -0.9509 0.0197
vn -0.2841 -0.9586 0.0214
vn -0.2842 -0.9585 0.0214
vn -0.2601 -0.9653 0.0226
vn -0.2601 -0.9653 0.0224
vn -0.2364 -0.9714 0.0229
vn -0.2362 -0.9714 0.0228
vn -0.2115 -0.9771 0.0224
vn -0.2115 -0.9771 0.0228
vn -0.1852 -0.9824 0.0223
vn -0.1562 -0.9875 0.0224
vn -0.1231 -0.9921 0.0240
vn -0.4831 -0.8754 0.0162
vn -0.4454 -0.8952 0.0168
vn -0.4128 -0.9106 0.0195
vn -0.3834 -0.9233 0.0233
vn -0.3568 -0.9338 0.0273
vn -0.3318 -0.9429 0.0307
vn -0.3075 -0.9510 0.0333
vn -0.2833 -0.9584 0.0351
vn -0.2833 -0.9584 0.0353
vn -0.2599 -0.9649 0.0365
vn -0.2599 -0.9649 0.0370
vn -0.2368 -0.9709 0.0367
vn -0.2366 -0.9709 0.0369
vn -0.2128 -0.9764 0.0366
vn -0.1873 -0.9816 0.0363
vn -0.1595 -0.9865 0.0367
vn -0.1281 -0.9910 0.0391
vn -0.4743 -0.8798 0.0325
vn -0.4391 -0.8978 0.0338
vn -0.4080 -0.9122 0.0372
vn -0.3796 -0.9242 0.0413
vn -0.3539 -0.9342 0.0456
vn -0.3296 -0.9428 0.0493
vn -0.3058 -0.9507 0.0522
vn -0.2818 -0.9579 0.0547
vn -0.2818 -0.9579 0.0544
vn -0.2592 -0.9642 0.0562
vn -0.2590 -0.9643 0.0558
vn -0.2364 -0.9700 0.0564
vn -0.2133 -0.9754 0.0562
vn -0.1887 -0.9804 0.0560
vn -0.1622 -0.9852 0.0561
vn -0.1327 -0.9894 0.0582
vn -0.4659 -0.8831 0.0558
vn -0.4333 -0.8993 0.0591
vn -0.4039 -0.9126 0.0630
vn -0.3762 -0.9241 0.0670
vn -0.3510 -0.9337 0.0711
vn -0.3271 -0.9420 0.0747
vn -0.3271 -0.9420 0.0746
vn -0.3036 -0.9496 0.0775
vn -0.2799 -0.9567 0.0800
vn -0.2801 -0.9567 0.0795
vn -0.2571 -0.9629 0.0817
vn -0.2573 -0.9629 0.0820
vn -0.2348 -0.9685 0.0829
vn -0.2348 -0.9685 0.0828
vn -0.2121 -0.9737 0.0832
vn -0.1882 -0.9786 0.0834
vn -0.1631 -0.9831 0.0833
vn -0.1358 -0.9872 0.0838
vn -0.4932 -0.8664 -0.0774
vn -0.4932 -0.8665 -0.0774
vn -0.4596 -0.8846 -0.0786
vn -0.4301 -0.8989 -0.0837
vn -0.4301 -0.8989 -0.0835
vn -0.4015 -0.9118 -0.0866
vn -0.4015 -0.9117 -0.0866
vn -0.3740 -0.9231 -0.0896
vn -0.3741 -0.9230 -0.0897
vn -0.3489 -0.9326 -0.0925
vn -0.3251 -0.9409 -0.0953
vn -0.3015 -0.9484 -0.0978
vn -0.2775 -0.9555 -0.0998
vn -0.2777 -0.9554 -0.1003
vn -0.2548 -0.9616 -0.1021
vn -0.2322 -0.9670 -0.1044
vn -0.2325 -0.9670 -0.1038
vn -0.2099 -0.9720 -0.1054
vn -0.2100 -0.9720 -0.1051
vn -0.1858 -0.9768 -0.1062
vn -0.1858 -0.9768 -0.1064
vn -0.1614 -0.9810 -0.1076
vn -0.1614 -0.9810 -0.1075
vn -0.1368 -0.9850 -0.1055
vn -0.1089 -0.9883 -0.1070
vn -0.1058 -0.9916 -0.0744
vn -0.0996 -0.9937 -0.0510
vn -0.0923 -0.9952 -0.0319
vn -0.0845 -0.9963 -0.0151
vn -0.0757 -0.9971 -0.0016
vn -0.0676 -0.9977 0.0036
vn -0.0635 -0.9980 0.0056
vn -0.0635 -0.9980 0.0070
vn -0.0669 -0.9977 0.0095
vn -0.0733 -0.9972 0.0164
vn -0.0815 -0.9963 0.0282
vn -0.0901 -0.9949 0.0452
vn -0.0901 -0.9949 0.0451
vn -0.0979 -0.9930 0.0656
vn -0.1041 -0.9905 0.0897
vn -0.1040 -0.9905 0.0897
vn -0.1073 -0.9866 0.1225
vn -0.1073 -0.9867 0.1225
vn -0.1352 -0.9834 0.1208
vn -0.1597 -0.9796 0.1222
vn -0.1598 -0.9796 0.1217
vn -0.1841 -0.9754 0.1212
vn -0.1842 -0.9754 0.1211
vn -0.2083 -0.9707 0.1201
vn -0.2082 -0.9707 0.1196
vn -0.2310 -0.9658 0.1174
vn -0.2310 -0.9658 0.1175
vn -0.2535 -0.9604 0.1159
vn -0.2535 -0.9604 0.1160
vn -0.2766 -0.9542 0.1139
vn -0.2765 -0.9543 0.1138
vn -0.3003 -0.9473 0.1114
vn -0.3004 -0.9473 0.1113
vn -0.3243 -0.9397 0.1086
vn -0.3483 -0.9314 0.1057
vn -0.3735 -0.9219 0.1026
vn -0.4011 -0.9106 0.0996
vn -0.4298 -0.8977 0.0965
vn -0.4595 -0.8834 0.0915
vn -0.4931 -0.8652 0.0903
vn -0.4931 -0.8653 0.0903
vn -0.5036 -0.8620 0.0585
vn -0.5155 -0.8561 0.0369
vn -0.5276 -0.8492 0.0204
vn -0.5387 -0.8425 0.0074
vn -0.5478 -0.8366 0.0001
vn -0.5546 -0.8321 -0.0019
vn -0.5545 -0.8322 -0.0019
vn -0.5581 -0.8298 0.0013
vn -0.5579 -0.8299 0.0084
vn -0.5579 -0.8298 0.0084
vn -0.5540 -0.8324 0.0118
vn -0.5470 -0.8371 0.0102
vn -0.5378 -0.8431 0.0033
vn -0.5268 -0.8499 -0.0090
vn -0.5149 -0.8569 -0.0250
vn -0.5032 -0.8629 -0.0460
vn 0.5884 0.8000 -0.1176
vn 0.6277 0.7612 -0.1633
vn 0.6640 0.7171 -0.2117
vn 0.6972 0.6661 -0.2650
vn 0.7238 0.6104 -0.3216
vn 0.7420 0.5507 -0.3824
vn 0.7489 0.4886 -0.4477
vn 0.6147 0.7845 -0.0820
vn 0.6648 0.7370 -0.1218
vn 0.7123 0.6814 -0.1682
vn 0.7551 0.6178 -0.2197
vn 0.7551 0.6177 -0.2197
vn 0.7896 0.5485 -0.2752
vn 0.8132 0.4751 -0.3362
vn 0.8131 0.4751 -0.3362
vn 0.8228 0.4013 -0.4025
vn 0.6374 0.7686 -0.0550
vn 0.6960 0.7128 -0.0861
vn 0.7533 0.6455 -0.1258
vn 0.7534 0.6455 -0.1258
vn 0.8051 0.5674 -0.1728
vn 0.8461 0.4832 -0.2250
vn 0.8731 0.3956 -0.2848
vn 0.8833 0.3100 -0.3517
vn 0.6572 0.7529 -0.0337
vn 0.7225 0.6891 -0.0568
vn 0.7874 0.6101 -0.0877
vn 0.8459 0.5180 -0.1268
vn 0.8915 0.4187 -0.1730
vn 0.9201 0.3166 -0.2308
vn 0.9297 0.2180 -0.2969
vn 0.6734 0.7390 -0.0185
vn 0.7438 0.6676 -0.0345
vn 0.8136 0.5787 -0.0565
vn 0.8756 0.4754 -0.0858
vn 0.9243 0.3615 -0.1227
vn 0.6851 0.7284 -0.0087
vn 0.7590 0.6509 -0.0178
vn 0.8312 0.5551 -0.0306
vn 0.8949 0.4437 -0.0484
vn 0.9463 0.3149 -0.0728
vn 0.4110 0.0710 -0.9089
vn 0.4274 -0.0083 -0.9040
vn 0.4440 -0.0662 -0.8936
vn 0.4943 0.1297 -0.8595
vn 0.5240 0.0365 -0.8509
vn 0.5470 -0.0443 -0.8360
vn 0.5666 -0.1071 -0.8170
vn 0.5682 0.1879 -0.8011
vn 0.6128 0.0891 -0.7852
vn 0.6466 -0.0048 -0.7628
vn 0.6710 -0.0875 -0.7363
vn 0.6327 0.2477 -0.7337
vn 0.6892 0.1457 -0.7098
vn 0.7331 0.0428 -0.6787
vn 0.7628 -0.0546 -0.6443
vn 0.6837 0.3068 -0.6622
vn 0.7490 0.2040 -0.6304
vn 0.8004 0.0971 -0.5915
vn 0.8345 -0.0092 -0.5509
vn 0.7204 0.3665 -0.5888
vn 0.7916 0.2663 -0.5499
vn 0.8482 0.1611 -0.5047
vn 0.8481 0.1611 -0.5047
vn 0.8872 0.0532 -0.4583
vn 0.4097 0.0530 0.9107
vn 0.4963 0.1150 0.8605
vn 0.5730 0.1766 0.8003
vn 0.6395 0.2394 0.7305
vn 0.6916 0.3012 0.6565
vn 0.7287 0.3629 0.5808
vn 0.7286 0.3629 0.5808
vn 0.7500 0.4252 0.5066
vn 0.4247 -0.0279 0.9049
vn 0.5241 0.0188 0.8515
vn 0.6160 0.0745 0.7842
vn 0.6948 0.1343 0.7065
vn 0.7560 0.1956 0.6246
vn 0.7990 0.2607 0.5418
vn 0.8232 0.3288 0.4628
vn 0.4401 -0.0898 0.8934
vn 0.5461 -0.0626 0.8354
vn 0.6478 -0.0220 0.7615
vn 0.7369 0.0289 0.6754
vn 0.8058 0.0864 0.5859
vn 0.8542 0.1534 0.4968
vn 0.8815 0.2279 0.4135
vn 0.4561 -0.1357 0.8795
vn 0.5642 -0.1280 0.8157
vn 0.6700 -0.1065 0.7347
vn 0.6700 -0.1065 0.7346
vn 0.7641 -0.0708 0.6413
vn 0.8369 -0.0222 0.5468
vn 0.8370 -0.0222 0.5468
vn 0.8912 0.0434 0.4516
vn 0.9233 0.1269 0.3626
vn 0.9233 0.1268 0.3625
vn 0.9120 -0.0622 0.4054
vn 0.9504 0.0200 0.3103
vn 0.5892 0.8012 0.1050
vn 0.6149 0.7856 0.0696
vn 0.6371 0.7696 0.0430
vn 0.6372 0.7695 0.0430
vn 0.6568 0.7538 0.0222
vn 0.6729 0.7397 0.0075
vn 0.6847 0.7288 -0.0019
vn 0.6912 0.7226 -0.0057
vn 0.6294 0.7623 0.1508
vn 0.6659 0.7380 0.1093
vn 0.6965 0.7138 0.0739
vn 0.7225 0.6899 0.0451
vn 0.7436 0.6683 0.0233
vn 0.7587 0.6514 0.0070
vn 0.7588 0.6513 0.0070
vn 0.7669 0.6418 -0.0031
vn 0.6668 0.7180 0.1994
vn 0.7144 0.6822 0.1558
vn 0.7547 0.6461 0.1137
vn 0.7882 0.6107 0.0759
vn 0.8139 0.5792 0.0453
vn 0.8313 0.5554 0.0198
vn 0.8401 0.5424 0.0009
vn 0.7011 0.6667 0.2529
vn 0.7583 0.6179 0.2076
vn 0.8076 0.5673 0.1608
vn 0.8477 0.5179 0.1151
vn 0.8767 0.4752 0.0748
vn 0.8954 0.4436 0.0379
vn 0.9045 0.4263 0.0069
vn 0.7290 0.6103 0.3100
vn 0.7289 0.6104 0.3100
vn 0.7940 0.5479 0.2634
vn 0.8497 0.4821 0.2133
vn 0.8936 0.4188 0.1616
vn 0.9258 0.3610 0.1118
vn 0.9472 0.3146 0.0620
vn 0.9573 0.2888 0.0161
vn 0.7482 0.5499 0.3714
vn 0.7481 0.5499 0.3714
vn 0.8187 0.4734 0.3250
vn 0.8777 0.3932 0.2738
vn 0.9232 0.3157 0.2191
vn 0.9569 0.2404 0.1628
vn 0.7423 0.4273 -0.5162
vn 0.8161 0.3326 -0.4726
vn 0.8756 0.2332 -0.4231
vn 0.8756 0.2331 -0.4231
vn 0.9191 0.1306 -0.3718
vn 0.7561 0.4869 0.4374
vn 0.8292 0.3985 0.3921
vn 0.8292 0.3985 0.3920
vn 0.8887 0.3061 0.3414
vn 0.9334 0.2153 0.2871
vn 0.9658 0.1234 0.2280
vn 0.6914 0.7225 -0.0047
vn 0.7670 0.6416 -0.0074
vn 0.8402 0.5422 -0.0113
vn 0.9044 0.4264 -0.0171
vn 0.9570 0.2891 -0.0256
vn 0.5281 0.8413 -0.1155
vn 0.5557 0.8156 -0.1613
vn 0.5822 0.7866 -0.2054
vn 0.6087 0.7520 -0.2529
vn 0.6328 0.7110 -0.3068
vn 0.6518 0.6657 -0.3634
vn 0.6638 0.6170 -0.4228
vn 0.6670 0.5651 -0.4855
vn 0.5463 0.8340 -0.0778
vn 0.5634 0.8245 -0.0526
vn 0.5802 0.8138 -0.0331
vn 0.5949 0.8036 -0.0172
vn 0.6069 0.7947 -0.0070
vn 0.6156 0.7880 -0.0021
vn 0.6203 0.7844 -0.0026
vn 0.3196 0.1002 -0.9422
vn 0.3219 0.0203 -0.9466
vn 0.3316 -0.0342 -0.9428
vn 0.3655 -0.0454 -0.9297
vn 0.3902 0.1681 -0.9053
vn 0.4527 0.2263 -0.8625
vn 0.5121 0.2834 -0.8109
vn 0.5658 0.3437 -0.7495
vn 0.6087 0.4015 -0.6843
vn 0.6399 0.4571 -0.6177
vn 0.6594 0.5118 -0.5507
vn 0.3171 0.0822 0.9448
vn 0.3909 0.1541 0.9074
vn 0.4560 0.2153 0.8636
vn 0.5176 0.2751 0.8102
vn 0.5731 0.3384 0.7464
vn 0.6170 0.3984 0.6787
vn 0.6484 0.4557 0.6098
vn 0.6675 0.5112 0.5413
vn 0.3172 -0.0006 0.9484
vn 0.3263 -0.0560 0.9436
vn 0.3388 -0.0993 0.9356
vn 0.3873 -0.0832 0.9182
vn 0.5287 0.8426 0.1028
vn 0.5462 0.8351 0.0652
vn 0.5630 0.8254 0.0403
vn 0.5630 0.8255 0.0403
vn 0.5796 0.8146 0.0214
vn 0.5942 0.8043 0.0061
vn 0.6063 0.7952 -0.0037
vn 0.6063 0.7953 -0.0037
vn 0.6151 0.7884 -0.0082
vn 0.6200 0.7846 -0.0075
vn 0.5572 0.8169 0.1489
vn 0.5846 0.7880 0.1931
vn 0.6121 0.7533 0.2407
vn 0.6372 0.7120 0.2950
vn 0.6372 0.7119 0.2950
vn 0.6573 0.6663 0.3522
vn 0.6703 0.6171 0.4121
vn 0.6744 0.5649 0.4755
vn -0.2330 0.2294 -0.9450
vn -0.2516 0.1955 -0.9479
vn -0.2765 0.1018 -0.9556
vn -0.2030 0.2189 -0.9544
vn -0.2205 0.1805 -0.9585
vn -0.2685 0.1052 -0.9575
vn -0.1741 0.2095 -0.9622
vn -0.1906 0.1690 -0.9670
vn -0.2087 0.0964 -0.9732
vn -0.1458 0.1999 -0.9689
vn -0.1615 0.1592 -0.9739
vn -0.1967 0.0953 -0.9758
vn -0.1184 0.1900 -0.9746
vn -0.1185 0.1903 -0.9746
vn -0.1332 0.1494 -0.9798
vn -0.1501 0.0622 -0.9867
vn -0.0911 0.1788 -0.9797
vn -0.0911 0.1787 -0.9797
vn -0.1051 0.1381 -0.9848
vn -0.1457 0.0620 -0.9874
vn -0.0629 0.1656 -0.9842
vn -0.0769 0.1241 -0.9893
vn -0.0769 0.1242 -0.9893
vn -0.0911 0.0410 -0.9950
vn -0.0331 0.1505 -0.9881
vn -0.0465 0.1084 -0.9930
vn -0.0826 0.0376 -0.9959
vn -0.0031 0.1341 -0.9910
vn -0.0163 0.0908 -0.9957
vn -0.0247 0.0591 -0.9979
vn 0.0275 0.1157 -0.9929
vn 0.0147 0.0710 -0.9974
vn 0.0062 0.0186 -0.9998
vn 0.0606 0.0951 -0.9936
vn 0.0486 0.0488 -0.9976
vn 0.0346 0.0047 -0.9994
vn 0.0341 0.0043 -0.9994
vn 0.0979 0.0729 -0.9925
vn 0.0870 0.0252 -0.9959
vn 0.0827 -0.0127 -0.9965
vn 0.1388 0.0491 -0.9891
vn 0.1305 0.0009 -0.9914
vn 0.1311 -0.0293 -0.9909
vn 0.1851 0.0245 -0.9824
vn 0.1824 -0.0219 -0.9830
vn 0.1854 -0.0518 -0.9813
vn 0.1852 -0.0518 -0.9813
vn -0.2396 0.2933 -0.9255
vn -0.2636 0.2498 -0.9317
vn -0.2831 0.2217 -0.9331
vn -0.3646 0.1229 -0.9230
vn -0.3647 0.1229 -0.9230
vn 0.2245 -0.0494 -0.9732
vn 0.2479 -0.0369 -0.9681
vn 0.2434 0.0076 -0.9699
vn 0.2492 0.0708 -0.9659
vn 0.1995 0.0924 -0.9755
vn 0.1994 0.0924 -0.9756
vn 0.1592 0.1187 -0.9801
vn 0.1193 0.1393 -0.9830
vn 0.0814 0.1585 -0.9840
vn 0.0475 0.1760 -0.9832
vn 0.0164 0.1920 -0.9813
vn 0.0167 0.1917 -0.9813
vn -0.0141 0.2067 -0.9783
vn -0.0443 0.2209 -0.9743
vn -0.0725 0.2335 -0.9696
vn -0.0725 0.2335 -0.9697
vn -0.0995 0.2449 -0.9644
vn -0.0995 0.2450 -0.9644
vn -0.1261 0.2556 -0.9585
vn -0.1263 0.2557 -0.9585
vn -0.1539 0.2661 -0.9516
vn -0.1815 0.2758 -0.9439
vn -0.2098 0.2815 -0.9363
vn 0.1787 0.0033 0.9839
vn 0.1756 -0.0433 0.9835
vn 0.1785 -0.0762 0.9810
vn 0.1832 -0.0595 0.9813
vn 0.1325 0.0288 0.9908
vn 0.1238 -0.0198 0.9921
vn 0.1226 -0.0527 0.9911
vn 0.1428 -0.0503 0.9885
vn 0.0918 0.0531 0.9944
vn 0.0804 0.0051 0.9967
vn 0.0762 -0.0277 0.9967
vn 0.0774 -0.0305 0.9965
vn 0.0545 0.0760 0.9956
vn 0.0421 0.0295 0.9987
vn 0.0363 -0.0030 0.9993
vn 0.0422 -0.0137 0.9990
vn 0.0213 0.0972 0.9950
vn 0.0085 0.0523 0.9986
vn 0.0013 0.0202 0.9998
vn -0.0019 -0.0000 1.0000
vn -0.0093 0.1160 0.9932
vn -0.0093 0.1161 0.9932
vn -0.0227 0.0725 0.9971
vn -0.0311 0.0408 0.9987
vn -0.0389 0.0147 0.9991
vn -0.0389 0.0148 0.9991
vn -0.0394 0.1327 0.9904
vn -0.0394 0.1328 0.9904
vn -0.0530 0.0901 0.9945
vn -0.0624 0.0587 0.9963
vn -0.0693 0.0268 0.9972
vn -0.0693 0.1477 0.9866
vn -0.0831 0.1058 0.9909
vn -0.0831 0.1056 0.9909
vn -0.0931 0.0746 0.9929
vn -0.1053 0.0448 0.9934
vn -0.0978 0.1608 0.9821
vn -0.1122 0.1196 0.9865
vn -0.1120 0.1193 0.9865
vn -0.1228 0.0884 0.9885
vn -0.1316 0.0552 0.9898
vn -0.1316 0.0553 0.9898
vn -0.1253 0.1718 0.9771
vn -0.1252 0.1721 0.9771
vn -0.1403 0.1302 0.9815
vn -0.1519 0.1000 0.9833
vn -0.1801 0.0489 0.9824
vn -0.1531 0.1813 0.9714
vn -0.1689 0.1395 0.9757
vn -0.1813 0.1100 0.9773
vn -0.1947 0.0510 0.9795
vn -0.1819 0.1904 0.9647
vn -0.1986 0.1486 0.9687
vn -0.2118 0.1201 0.9699
vn -0.2517 0.0557 0.9662
vn -0.2112 0.1991 0.9570
vn -0.2292 0.1588 0.9603
vn -0.2431 0.1324 0.9609
vn -0.2602 0.0535 0.9641
vn -0.2418 0.2090 0.9476
vn -0.2610 0.1725 0.9498
vn -0.2763 0.1493 0.9494
vn -0.3935 -0.0272 0.9189
vn 0.2444 0.0506 0.9684
vn 0.2373 -0.0140 0.9713
vn 0.2412 -0.0590 0.9687
vn 0.2493 -0.0936 0.9639
vn 0.2573 -0.0662 0.9641
vn -0.3294 0.1509 0.9321
vn -0.2938 0.1957 0.9356
vn -0.2726 0.2278 0.9348
vn -0.2484 0.2742 0.9290
vn -0.2187 0.2629 0.9397
vn -0.1897 0.2577 0.9474
vn -0.1617 0.2482 0.9551
vn -0.1337 0.2379 0.9621
vn -0.1336 0.2377 0.9621
vn -0.1065 0.2272 0.9680
vn -0.1067 0.2273 0.9680
vn -0.0792 0.2160 0.9732
vn -0.0507 0.2032 0.9778
vn -0.0203 0.1890 0.9818
vn 0.0103 0.1741 0.9847
vn 0.0416 0.1581 0.9865
vn 0.0416 0.1580 0.9866
vn 0.0758 0.1401 0.9872
vn 0.1138 0.1206 0.9862
vn 0.1540 0.0996 0.9830
vn 0.1943 0.0726 0.9783
vn 0.4713 0.8588 -0.2009
vn 0.4349 0.8777 -0.2014
vn 0.4019 0.8933 -0.2012
vn 0.3713 0.9064 -0.2012
vn 0.3433 0.9174 -0.2013
vn 0.3172 0.9265 -0.2024
vn 0.3170 0.9266 -0.2022
vn 0.2910 0.9347 -0.2043
vn 0.2910 0.9348 -0.2037
vn 0.2646 0.9420 -0.2066
vn 0.2392 0.9480 -0.2098
vn 0.2392 0.9480 -0.2100
vn 0.2142 0.9531 -0.2137
vn 0.1887 0.9575 -0.2181
vn 0.1619 0.9614 -0.2224
vn 0.1338 0.9649 -0.2262
vn 0.1338 0.9648 -0.2262
vn 0.1038 0.9680 -0.2285
vn 0.4833 0.8385 -0.2518
vn 0.4833 0.8385 -0.2517
vn 0.4414 0.8599 -0.2565
vn 0.4044 0.8776 -0.2574
vn 0.3709 0.8924 -0.2571
vn 0.3406 0.9045 -0.2565
vn 0.3406 0.9046 -0.2565
vn 0.3120 0.9147 -0.2569
vn 0.3121 0.9148 -0.2564
vn 0.2839 0.9233 -0.2586
vn 0.2840 0.9233 -0.2585
vn 0.2559 0.9307 -0.2612
vn 0.2286 0.9369 -0.2644
vn 0.2016 0.9419 -0.2686
vn 0.1739 0.9460 -0.2735
vn 0.1447 0.9497 -0.2778
vn 0.1139 0.9532 -0.2802
vn 0.0805 0.9569 -0.2792
vn 0.0805 0.9568 -0.2792
vn 0.4953 0.8136 -0.3045
vn 0.4480 0.8376 -0.3127
vn 0.4067 0.8574 -0.3155
vn 0.3699 0.8738 -0.3156
vn 0.3366 0.8872 -0.3155
vn 0.3366 0.8873 -0.3153
vn 0.3053 0.8983 -0.3161
vn 0.3055 0.8984 -0.3156
vn 0.2752 0.9074 -0.3176
vn 0.2756 0.9073 -0.3176
vn 0.2450 0.9151 -0.3202
vn 0.2450 0.9152 -0.3201
vn 0.2156 0.9215 -0.3230
vn 0.1865 0.9265 -0.3268
vn 0.1567 0.9305 -0.3311
vn 0.1252 0.9341 -0.3343
vn 0.0919 0.9378 -0.3348
vn 0.0534 0.9414 -0.3329
vn 0.5054 0.7838 -0.3610
vn 0.4531 0.8107 -0.3707
vn 0.4076 0.8327 -0.3748
vn 0.3674 0.8506 -0.3761
vn 0.3310 0.8652 -0.3767
vn 0.3310 0.8652 -0.3768
vn 0.2971 0.8769 -0.3780
vn 0.2971 0.8769 -0.3779
vn 0.2642 0.8864 -0.3800
vn 0.2318 0.8944 -0.3826
vn 0.2320 0.8945 -0.3822
vn 0.2006 0.9011 -0.3845
vn 0.2006 0.9010 -0.3846
vn 0.1694 0.9063 -0.3872
vn 0.1694 0.9063 -0.3873
vn 0.1375 0.9104 -0.3901
vn 0.1038 0.9141 -0.3920
vn 0.1038 0.9140 -0.3921
vn 0.0676 0.9176 -0.3917
vn 0.0219 0.9204 -0.3904
vn 0.5123 0.7504 -0.4177
vn 0.4555 0.7801 -0.4289
vn 0.4062 0.8038 -0.4346
vn 0.3626 0.8228 -0.4376
vn 0.3230 0.8380 -0.4397
vn 0.2864 0.8501 -0.4419
vn 0.2512 0.8600 -0.4442
vn 0.2512 0.8600 -0.4441
vn 0.2169 0.8684 -0.4460
vn 0.2169 0.8683 -0.4460
vn 0.1838 0.8753 -0.4474
vn 0.1838 0.8752 -0.4474
vn 0.1508 0.8809 -0.4486
vn 0.1170 0.8855 -0.4497
vn 0.0817 0.8895 -0.4496
vn 0.0422 0.8927 -0.4487
vn -0.0109 0.8942 -0.4475
vn 0.5147 0.7138 -0.4749
vn 0.4542 0.7460 -0.4871
vn 0.4014 0.7709 -0.4945
vn 0.3548 0.7905 -0.4993
vn 0.3124 0.8058 -0.5030
vn 0.3125 0.8059 -0.5028
vn 0.2734 0.8183 -0.5056
vn 0.2734 0.8183 -0.5057
vn 0.2362 0.8284 -0.5079
vn 0.2362 0.8285 -0.5078
vn 0.2003 0.8370 -0.5092
vn 0.1656 0.8442 -0.5098
vn 0.1312 0.8503 -0.5097
vn 0.0962 0.8555 -0.5088
vn 0.0960 0.8555 -0.5089
vn 0.0593 0.8600 -0.5069
vn 0.0166 0.8631 -0.5047
vn -0.0425 0.8636 -0.5023
vn 0.5114 0.6739 -0.5333
vn 0.4480 0.7083 -0.5456
vn 0.4480 0.7082 -0.5457
vn 0.3924 0.7341 -0.5542
vn 0.3927 0.7341 -0.5540
vn 0.3436 0.7540 -0.5598
vn 0.2992 0.7697 -0.5639
vn 0.2583 0.7823 -0.5668
vn 0.2197 0.7927 -0.5686
vn 0.2197 0.7927 -0.5687
vn 0.1827 0.8015 -0.5694
vn 0.1826 0.8014 -0.5696
vn 0.1467 0.8088 -0.5695
vn 0.1112 0.8153 -0.5682
vn 0.1112 0.8151 -0.5685
vn 0.0751 0.8206 -0.5665
vn 0.0751 0.8207 -0.5665
vn 0.0373 0.8255 -0.5632
vn 0.0373 0.8256 -0.5631
vn -0.0077 0.8291 -0.5591
vn -0.0706 0.8292 -0.5544
vn 0.5010 0.6310 -0.5923
vn 0.4362 0.6670 -0.6041
vn 0.3793 0.6936 -0.6124
vn 0.3288 0.7139 -0.6183
vn 0.3286 0.7137 -0.6186
vn 0.2833 0.7297 -0.6223
vn 0.2413 0.7425 -0.6248
vn 0.2020 0.7531 -0.6261
vn 0.1641 0.7619 -0.6266
vn 0.1273 0.7693 -0.6260
vn 0.1274 0.7694 -0.6260
vn 0.0912 0.7757 -0.6244
vn 0.0912 0.7758 -0.6244
vn 0.0544 0.7814 -0.6217
vn 0.0544 0.7813 -0.6218
vn 0.0164 0.7865 -0.6174
vn 0.0162 0.7860 -0.6180
vn -0.0296 0.7903 -0.6120
vn -0.0940 0.7911 -0.6044
vn -0.0939 0.7914 -0.6041
vn 0.4831 0.5847 -0.6518
vn 0.4178 0.6213 -0.6629
vn 0.3604 0.6475 -0.6715
vn 0.3093 0.6670 -0.6779
vn 0.2631 0.6822 -0.6822
vn 0.2208 0.6948 -0.6845
vn 0.1810 0.7054 -0.6853
vn 0.1427 0.7144 -0.6850
vn 0.1058 0.7219 -0.6838
vn 0.0697 0.7286 -0.6814
vn 0.0697 0.7285 -0.6815
vn 0.0332 0.7346 -0.6777
vn -0.0049 0.7399 -0.6727
vn -0.0492 0.7457 -0.6645
vn -0.1125 0.7485 -0.6535
vn -0.1125 0.7486 -0.6535
vn 0.4574 0.5345 -0.7107
vn 0.3930 0.5703 -0.7213
vn 0.3358 0.5948 -0.7304
vn 0.2847 0.6124 -0.7375
vn 0.2384 0.6261 -0.7424
vn 0.1962 0.6376 -0.7449
vn 0.1565 0.6480 -0.7454
vn 0.1565 0.6481 -0.7453
vn 0.1184 0.6574 -0.7442
vn 0.1184 0.6573 -0.7443
vn 0.0820 0.6653 -0.7420
vn 0.0466 0.6728 -0.7383
vn 0.0466 0.6728 -0.7384
vn 0.0112 0.6803 -0.7329
vn -0.0256 0.6869 -0.7263
vn -0.0669 0.6943 -0.7165
vn -0.1268 0.6999 -0.7029
vn 0.4240 0.4786 -0.7689
vn 0.4240 0.4787 -0.7689
vn 0.3616 0.5128 -0.7786
vn 0.3056 0.5350 -0.7876
vn 0.2552 0.5501 -0.7951
vn 0.2096 0.5617 -0.8004
vn 0.1679 0.5720 -0.8029
vn 0.1290 0.5821 -0.8028
vn 0.1290 0.5820 -0.8029
vn 0.0916 0.5916 -0.8010
vn 0.0913 0.5918 -0.8009
vn 0.0563 0.6004 -0.7977
vn 0.0561 0.6008 -0.7974
vn 0.0224 0.6093 -0.7926
vn -0.0112 0.6185 -0.7857
vn -0.0460 0.6272 -0.7775
vn -0.0842 0.6356 -0.7674
vn -0.1382 0.6435 -0.7529
vn 0.3833 0.4157 -0.8248
vn 0.3242 0.4473 -0.8336
vn 0.2704 0.4672 -0.8418
vn 0.2215 0.4805 -0.8486
vn 0.1774 0.4902 -0.8534
vn 0.1371 0.4993 -0.8555
vn 0.0994 0.5092 -0.8549
vn 0.0632 0.5188 -0.8526
vn 0.0634 0.5191 -0.8524
vn 0.0296 0.5290 -0.8481
vn -0.0024 0.5395 -0.8420
vn -0.0338 0.5506 -0.8341
vn -0.0664 0.5610 -0.8251
vn -0.1019 0.5695 -0.8156
vn -0.1481 0.5789 -0.8018
vn 0.3387 0.3500 -0.8734
vn 0.2828 0.3757 -0.8825
vn 0.2317 0.3921 -0.8903
vn 0.1851 0.4039 -0.8959
vn 0.1431 0.4129 -0.8995
vn 0.1049 0.4219 -0.9006
vn 0.1049 0.4219 -0.9005
vn 0.0693 0.4322 -0.8991
vn 0.0694 0.4315 -0.8994
vn 0.0345 0.4426 -0.8960
vn 0.0343 0.4425 -0.8961
vn 0.0025 0.4535 -0.8913
vn -0.0274 0.4652 -0.8848
vn -0.0567 0.4777 -0.8767
vn -0.0870 0.4898 -0.8675
vn -0.1193 0.5000 -0.8578
vn -0.1576 0.5109 -0.8451
vn 0.2913 0.2790 -0.9150
vn 0.2388 0.2965 -0.9247
vn 0.1915 0.3103 -0.9312
vn 0.1478 0.3225 -0.9350
vn 0.1086 0.3326 -0.9368
vn 0.0730 0.3428 -0.9366
vn 0.0730 0.3430 -0.9365
vn 0.0392 0.3537 -0.9345
vn 0.0393 0.3536 -0.9346
vn 0.0063 0.3654 -0.9308
vn -0.0240 0.3770 -0.9259
vn -0.0523 0.3891 -0.9197
vn -0.0799 0.4020 -0.9122
vn -0.1084 0.4147 -0.9035
vn -0.1374 0.4270 -0.8938
vn -0.1687 0.4401 -0.8820
vn 0.4966 0.8556 -0.1461
vn 0.4613 0.8748 -0.1480
vn 0.4302 0.8908 -0.1463
vn 0.4006 0.9044 -0.1471
vn 0.4006 0.9043 -0.1472
vn 0.3715 0.9164 -0.1488
vn 0.3719 0.9163 -0.1488
vn 0.3457 0.9262 -0.1503
vn 0.3455 0.9263 -0.1503
vn 0.3210 0.9348 -0.1522
vn 0.2964 0.9425 -0.1544
vn 0.2714 0.9495 -0.1573
vn 0.2714 0.9496 -0.1570
vn 0.2475 0.9556 -0.1597
vn 0.2243 0.9608 -0.1627
vn 0.2242 0.9609 -0.1623
vn 0.2004 0.9656 -0.1659
vn 0.1754 0.9699 -0.1690
vn 0.1499 0.9736 -0.1720
vn 0.1499 0.9736 -0.1719
vn 0.1234 0.9765 -0.1767
vn 0.0949 0.9796 -0.1769
vn 0.0717 0.9721 -0.2235
vn 0.0440 0.9617 -0.2706
vn 0.0098 0.9450 -0.3269
vn -0.0289 0.9206 -0.3895
vn -0.0672 0.8906 -0.4497
vn -0.1019 0.8575 -0.5043
vn -0.1299 0.8238 -0.5518
vn -0.1510 0.7886 -0.5960
vn -0.1665 0.7505 -0.6396
vn -0.1785 0.7058 -0.6856
vn -0.1889 0.6515 -0.7347
vn -0.1976 0.5872 -0.7850
vn -0.2035 0.5181 -0.8308
vn -0.2035 0.5180 -0.8308
vn -0.2076 0.4494 -0.8689
vn -0.2076 0.4493 -0.8689
vn -0.2150 0.3768 -0.9010
vn -0.1841 0.3645 -0.9128
vn -0.1842 0.3645 -0.9128
vn -0.1581 0.3497 -0.9234
vn -0.1310 0.3381 -0.9319
vn -0.1034 0.3263 -0.9396
vn -0.0764 0.3139 -0.9464
vn -0.0765 0.3144 -0.9462
vn -0.0494 0.3023 -0.9519
vn -0.0203 0.2900 -0.9568
vn 0.0109 0.2771 -0.9608
vn 0.0427 0.2645 -0.9634
vn 0.0427 0.2644 -0.9635
vn 0.0759 0.2519 -0.9648
vn 0.0759 0.2518 -0.9648
vn 0.1121 0.2386 -0.9646
vn 0.1524 0.2236 -0.9627
vn 0.1952 0.2077 -0.9585
vn 0.2423 0.1959 -0.9502
vn 0.2938 0.1746 -0.9398
vn 0.3467 0.2452 -0.9053
vn 0.3467 0.2452 -0.9054
vn 0.3975 0.3041 -0.8658
vn 0.4473 0.3638 -0.8171
vn 0.4930 0.4247 -0.7593
vn 0.5299 0.4805 -0.6988
vn 0.5574 0.5319 -0.6375
vn 0.5574 0.5319 -0.6374
vn 0.5757 0.5810 -0.5754
vn 0.5845 0.6275 -0.5143
vn 0.5849 0.6717 -0.4547
vn 0.5781 0.7127 -0.3972
vn 0.5783 0.7127 -0.3970
vn 0.5781 0.7128 -0.3972
vn 0.5658 0.7508 -0.3410
vn 0.5494 0.7851 -0.2860
vn 0.5312 0.8134 -0.2370
vn 0.5312 0.8135 -0.2370
vn 0.5129 0.8366 -0.1927
vn 0.0254 0.9903 0.1368
vn -0.0283 0.9820 0.1870
vn -0.1026 0.9651 0.2408
vn -0.1026 0.9651 0.2409
vn -0.1859 0.9378 0.2932
vn -0.2656 0.8946 0.3593
vn -0.3247 0.8489 0.4170
vn -0.3687 0.8042 0.4661
vn -0.3687 0.8042 0.4662
vn 0.0003 0.9955 0.0952
vn -0.0789 0.9875 0.1362
vn -0.1846 0.9599 0.2109
vn -0.2737 0.9219 0.2743
vn -0.3486 0.8764 0.3322
vn -0.4096 0.8249 0.3896
vn -0.4597 0.7678 0.4464
vn -0.0292 0.9975 0.0644
vn -0.1245 0.9864 0.1069
vn -0.2430 0.9548 0.1712
vn -0.3460 0.9100 0.2286
vn -0.4293 0.8583 0.2811
vn -0.5010 0.7959 0.3398
vn -0.5508 0.7317 0.4015
vn -0.0493 0.9982 0.0356
vn -0.1648 0.9830 0.0812
vn -0.3033 0.9444 0.1267
vn -0.4232 0.8917 0.1604
vn -0.5275 0.8272 0.1939
vn -0.5275 0.8271 0.1939
vn -0.6165 0.7494 0.2416
vn -0.6814 0.6650 0.3058
vn -0.0629 0.9977 0.0271
vn -0.2074 0.9762 0.0638
vn -0.3697 0.9253 0.0841
vn -0.5061 0.8579 0.0889
vn -0.6242 0.7751 0.0979
vn -0.7281 0.6742 0.1239
vn -0.9321 0.3021 0.2000
vn -0.0724 0.9971 0.0225
vn -0.2546 0.9656 0.0529
vn -0.4368 0.8983 0.0474
vn -0.5815 0.8130 0.0291
vn -0.5815 0.8131 0.0291
vn -0.7023 0.7116 0.0188
vn -0.9357 0.3516 -0.0295
vn -0.3120 0.3454 0.8851
vn -0.3751 0.2925 0.8796
vn -0.5380 0.2193 0.8139
vn -0.5379 0.2193 0.8140
vn -0.3324 0.4387 0.8349
vn -0.4641 0.3646 0.8073
vn -0.5837 0.1794 0.7919
vn -0.3846 0.5035 0.7737
vn -0.5305 0.4537 0.7161
vn -0.6124 0.3735 0.6967
vn -0.6124 0.3734 0.6968
vn -0.6713 0.1095 0.7330
vn -0.4366 0.5671 0.6984
vn -0.5538 0.5078 0.6599
vn -0.6279 0.4330 0.6467
vn -0.8402 0.2922 0.4567
vn -0.8402 0.2923 0.4567
vn -0.8403 0.2922 0.4567
vn -0.4432 0.6495 0.6178
vn -0.5511 0.5763 0.6035
vn -0.5511 0.5762 0.6035
vn -0.6288 0.4999 0.5956
vn -0.7381 0.1522 0.6573
vn -0.7381 0.1522 0.6572
vn -0.7382 0.1522 0.6572
vn -0.4273 0.7109 0.5586
vn -0.5306 0.6447 0.5502
vn -0.5305 0.6450 0.5500
vn -0.6154 0.5704 0.5440
vn -0.8617 0.4808 0.1620
vn -0.8617 0.4808 0.1621
vn -0.3004 0.3846 -0.8728
vn -0.3068 0.4782 -0.8229
vn -0.3144 0.5672 -0.7612
vn -0.3245 0.6441 -0.6927
vn -0.3352 0.7025 -0.6278
vn -0.3424 0.7432 -0.5748
vn -0.3409 0.7749 -0.5323
vn -0.3414 0.3489 -0.8728
vn -0.3804 0.4390 -0.8140
vn -0.4192 0.5238 -0.7415
vn -0.4570 0.5940 -0.6620
vn -0.4570 0.5941 -0.6620
vn -0.4751 0.6719 -0.5682
vn -0.4839 0.7131 -0.5073
vn -0.4850 0.7401 -0.4658
vn -0.5041 0.2409 -0.8293
vn -0.5042 0.2409 -0.8293
vn -0.5041 0.2408 -0.8294
vn -0.5210 0.1765 -0.8351
vn -0.5137 0.4108 -0.7532
vn -0.7967 0.4932 -0.3493
vn -0.7967 0.4931 -0.3494
vn -0.7159 0.3346 -0.6128
vn -0.6160 0.6298 -0.4732
vn -0.6160 0.6298 -0.4733
vn -0.5923 0.7034 -0.3929
vn -0.5119 0.2840 -0.8107
vn -0.8673 0.4915 0.0792
vn -0.8617 0.3310 -0.3845
vn 0.0228 0.9881 -0.1522
vn 0.0027 0.9937 -0.1123
vn -0.0137 0.9964 -0.0840
vn -0.0255 0.9980 -0.0582
vn -0.0368 0.9988 -0.0320
vn -0.0499 0.9987 -0.0101
vn -0.0637 0.9980 0.0054
vn -0.0276 0.9783 -0.2053
vn -0.0593 0.9852 -0.1609
vn -0.0969 0.9870 -0.1284
vn -0.1641 0.9808 -0.1056
vn -0.2525 0.9635 -0.0885
vn -0.3145 0.9479 -0.0506
vn -0.3265 0.9452 -0.0008
vn -0.0906 0.9577 -0.2732
vn -0.1676 0.9548 -0.2456
vn -0.2846 0.9320 -0.2244
vn -0.4009 0.8999 -0.1715
vn -0.4671 0.8759 -0.1210
vn -0.5059 0.8593 -0.0749
vn -0.5160 0.8561 -0.0285
vn -0.1714 0.9195 -0.3537
vn -0.2937 0.9018 -0.3169
vn -0.4232 0.8663 -0.2654
vn -0.5188 0.8305 -0.2029
vn -0.5837 0.7989 -0.1450
vn -0.6282 0.7725 -0.0922
vn -0.6282 0.7726 -0.0922
vn -0.6479 0.7602 -0.0479
vn -0.2446 0.8760 -0.4156
vn -0.3836 0.8493 -0.3626
vn -0.5061 0.8099 -0.2964
vn -0.5991 0.7675 -0.2278
vn -0.6660 0.7277 -0.1639
vn -0.7178 0.6884 -0.1045
vn -0.7179 0.6883 -0.1045
vn -0.7510 0.6582 -0.0520
vn -0.2983 0.8341 -0.4640
vn -0.4401 0.8040 -0.3999
vn -0.5600 0.7615 -0.3264
vn -0.6515 0.7158 -0.2515
vn -0.7193 0.6707 -0.1807
vn -0.9266 0.3736 -0.0436
vn -0.8941 0.3801 -0.2369
vn -0.4036 0.7569 0.5140
vn -0.5007 0.7059 0.5011
vn -0.5902 0.6556 0.4711
vn -0.8460 0.2810 0.4531
vn -0.8460 0.2810 0.4530
vn -0.3262 0.8051 -0.4954
vn -0.4686 0.7726 -0.4285
vn -0.5817 0.7339 -0.3507
vn -0.6682 0.6929 -0.2710
vn -0.8833 0.4223 -0.2037
vn -0.0727 0.9973 0.0127
vn -0.2997 0.9535 0.0311
vn -0.4909 0.8712 0.0088
vn -0.6329 0.7740 -0.0173
vn -0.7470 0.6637 -0.0390
vn -0.9149 0.3756 0.1479
vn 0.0762 0.9882 0.1332
vn 0.0444 0.9826 0.1802
vn 0.0121 0.9741 0.2257
vn -0.0276 0.9600 0.2787
vn -0.0789 0.9374 0.3393
vn -0.1369 0.9084 0.3951
vn -0.1923 0.8754 0.4435
vn -0.2378 0.8369 0.4930
vn 0.0680 0.9931 0.0951
vn 0.0578 0.9960 0.0677
vn 0.0431 0.9982 0.0418
vn 0.0237 0.9995 0.0214
vn 0.0092 0.9999 0.0108
vn 0.0046 1.0000 0.0040
vn 0.0046 1.0000 0.0038
vn 0.0042 1.0000 -0.0011
vn 0.0042 1.0000 -0.0013
vn -0.2641 0.3244 0.9083
vn -0.2983 0.2721 0.9149
vn -0.3251 0.2370 0.9155
vn -0.3642 0.1609 0.9173
vn -0.2631 0.4004 0.8777
vn -0.2631 0.4005 0.8777
vn -0.2617 0.4693 0.8433
vn -0.2590 0.5417 0.7997
vn -0.2550 0.6335 0.7306
vn -0.2550 0.6335 0.7305
vn -0.2655 0.6969 0.6662
vn -0.2768 0.7442 0.6079
vn -0.2685 0.7913 0.5494
vn -0.2566 0.3469 -0.9021
vn -0.2546 0.4306 -0.8659
vn -0.2512 0.5097 -0.8229
vn -0.2466 0.5850 -0.7726
vn -0.2417 0.6529 -0.7178
vn -0.2374 0.7085 -0.6646
vn -0.2327 0.7513 -0.6176
vn -0.2238 0.7859 -0.5765
vn -0.2885 0.3008 -0.9090
vn -0.3131 0.2712 -0.9102
vn -0.3605 0.0989 -0.9275
vn 0.0751 0.9861 -0.1485
vn 0.0663 0.9916 -0.1106
vn 0.0663 0.9917 -0.1106
vn 0.0550 0.9951 -0.0820
vn 0.0417 0.9974 -0.0583
vn 0.0302 0.9988 -0.0384
vn 0.0211 0.9995 -0.0220
vn 0.0134 0.9999 -0.0107
vn 0.0072 1.0000 -0.0051
vn 0.0434 0.9796 -0.1962
vn 0.0080 0.9686 -0.2485
vn -0.0358 0.9497 -0.3111
vn -0.0862 0.9209 -0.3802
vn -0.1361 0.8858 -0.4437
vn -0.1789 0.8489 -0.4973
vn -0.2065 0.8183 -0.5364
vn 0.1045 0.9713 0.2139
vn 0.1349 0.9681 0.2111
vn 0.1633 0.9646 0.2069
vn 0.1905 0.9606 0.2025
vn 0.2161 0.9561 0.1979
vn 0.2411 0.9509 0.1938
vn 0.2411 0.9509 0.1940
vn 0.2664 0.9448 0.1908
vn 0.2927 0.9375 0.1885
vn 0.2926 0.9375 0.1885
vn 0.3187 0.9292 0.1869
vn 0.3187 0.9292 0.1870
vn 0.3450 0.9199 0.1864
vn 0.3452 0.9199 0.1861
vn 0.3730 0.9088 0.1867
vn 0.4036 0.8956 0.1872
vn 0.4367 0.8798 0.1880
vn 0.4732 0.8606 0.1881
vn 0.0813 0.9610 0.2643
vn 0.1147 0.9572 0.2657
vn 0.1460 0.9538 0.2626
vn 0.1756 0.9501 0.2579
vn 0.2036 0.9459 0.2527
vn 0.2307 0.9408 0.2483
vn 0.2580 0.9345 0.2451
vn 0.2580 0.9345 0.2452
vn 0.2861 0.9269 0.2429
vn 0.2862 0.9269 0.2428
vn 0.3143 0.9182 0.2411
vn 0.3143 0.9181 0.2413
vn 0.3429 0.9078 0.2414
vn 0.3732 0.8955 0.2426
vn 0.4069 0.8804 0.2436
vn 0.4440 0.8623 0.2434
vn 0.4861 0.8406 0.2392
vn 0.4861 0.8405 0.2392
vn 0.0556 0.9468 0.3169
vn 0.0921 0.9426 0.3211
vn 0.1261 0.9390 0.3201
vn 0.1581 0.9354 0.3162
vn 0.1581 0.9354 0.3163
vn 0.1885 0.9314 0.3115
vn 0.2178 0.9263 0.3075
vn 0.2177 0.9262 0.3077
vn 0.2474 0.9199 0.3044
vn 0.2778 0.9119 0.3021
vn 0.2778 0.9119 0.3022
vn 0.3083 0.9026 0.3006
vn 0.3395 0.8913 0.3006
vn 0.3730 0.8774 0.3016
vn 0.4100 0.8606 0.3020
vn 0.4515 0.8404 0.2999
vn 0.4989 0.8159 0.2922
vn 0.0276 0.9272 0.3735
vn 0.0674 0.9230 0.3789
vn 0.1041 0.9195 0.3790
vn 0.1384 0.9160 0.3765
vn 0.1385 0.9160 0.3765
vn 0.1711 0.9119 0.3731
vn 0.2028 0.9066 0.3701
vn 0.2345 0.8998 0.3678
vn 0.2340 0.9000 0.3676
vn 0.2672 0.8916 0.3656
vn 0.3003 0.8818 0.3638
vn 0.3003 0.8818 0.3637
vn 0.3345 0.8697 0.3630
vn 0.3712 0.8547 0.3629
vn 0.4116 0.8363 0.3622
vn 0.4575 0.8136 0.3588
vn 0.5101 0.7860 0.3494
vn -0.0002 0.9029 0.4299
vn 0.0423 0.8988 0.4363
vn 0.0813 0.8952 0.4382
vn 0.1175 0.8914 0.4376
vn 0.1176 0.8914 0.4377
vn 0.1521 0.8868 0.4364
vn 0.1520 0.8868 0.4364
vn 0.1857 0.8811 0.4349
vn 0.2196 0.8741 0.4333
vn 0.2542 0.8656 0.4314
vn 0.2543 0.8656 0.4313
vn 0.2899 0.8554 0.4292
vn 0.2899 0.8554 0.4293
vn 0.3271 0.8428 0.4274
vn 0.3669 0.8272 0.4257
vn 0.4109 0.8075 0.4231
vn 0.4608 0.7830 0.4178
vn 0.5179 0.7525 0.4070
vn 0.5179 0.7524 0.4070
vn -0.0273 0.8737 0.4858
vn 0.0175 0.8697 0.4933
vn 0.0175 0.8697 0.4932
vn 0.0582 0.8657 0.4971
vn 0.0959 0.8613 0.4989
vn 0.1319 0.8562 0.4995
vn 0.1319 0.8562 0.4994
vn 0.1672 0.8501 0.4994
vn 0.1672 0.8501 0.4995
vn 0.2027 0.8427 0.4988
vn 0.2392 0.8339 0.4974
vn 0.2394 0.8336 0.4977
vn 0.2768 0.8232 0.4957
vn 0.2770 0.8235 0.4952
vn 0.3167 0.8107 0.4924
vn 0.3595 0.7948 0.4890
vn 0.3595 0.7947 0.4891
vn 0.4068 0.7745 0.4844
vn 0.4600 0.7488 0.4771
vn 0.5210 0.7157 0.4650
vn 0.5210 0.7158 0.4650
vn -0.0529 0.8389 0.5417
vn -0.0529 0.8389 0.5418
vn -0.0062 0.8353 0.5497
vn 0.0356 0.8311 0.5550
vn 0.0356 0.8311 0.5549
vn 0.0744 0.8264 0.5582
vn 0.1114 0.8208 0.5603
vn 0.1474 0.8141 0.5617
vn 0.1478 0.8143 0.5612
vn 0.1845 0.8067 0.5614
vn 0.2225 0.7978 0.5604
vn 0.2225 0.7977 0.5605
vn 0.2617 0.7871 0.5586
vn 0.2619 0.7871 0.5585
vn 0.3035 0.7742 0.5554
vn 0.3036 0.7738 0.5559
vn 0.3487 0.7580 0.5512
vn 0.3984 0.7376 0.5452
vn 0.3984 0.7376 0.5453
vn 0.4544 0.7109 0.5368
vn 0.5184 0.6757 0.5241
vn -0.0761 0.7984 0.5973
vn -0.0761 0.7985 0.5972
vn -0.0287 0.7955 0.6052
vn -0.0285 0.7956 0.6052
vn 0.0140 0.7914 0.6111
vn 0.0140 0.7915 0.6110
vn 0.0533 0.7864 0.6154
vn 0.0909 0.7807 0.6182
vn 0.1280 0.7743 0.6198
vn 0.1279 0.7741 0.6200
vn 0.1656 0.7666 0.6204
vn 0.2044 0.7575 0.6200
vn 0.2044 0.7575 0.6201
vn 0.2447 0.7467 0.6185
vn 0.2875 0.7337 0.6157
vn 0.2875 0.7336 0.6157
vn 0.3339 0.7175 0.6113
vn 0.3853 0.6968 0.6050
vn 0.4430 0.6696 0.5962
vn 0.5085 0.6328 0.5839
vn -0.0971 0.7515 0.6526
vn -0.0971 0.7516 0.6525
vn -0.0497 0.7490 0.6607
vn -0.0076 0.7443 0.6678
vn 0.0313 0.7386 0.6734
vn 0.0686 0.7322 0.6776
vn 0.1056 0.7253 0.6803
vn 0.1057 0.7252 0.6803
vn 0.1435 0.7174 0.6817
vn 0.1434 0.7173 0.6818
vn 0.1825 0.7086 0.6816
vn 0.1826 0.7087 0.6814
vn 0.2236 0.6974 0.6809
vn 0.2669 0.6848 0.6781
vn 0.3142 0.6694 0.6732
vn 0.3663 0.6499 0.6660
vn 0.4247 0.6233 0.6566
vn 0.4908 0.5860 0.6448
vn -0.1158 0.6980 0.7067
vn -0.0697 0.6952 0.7154
vn -0.0292 0.6893 0.7239
vn 0.0083 0.6819 0.7314
vn 0.0445 0.6739 0.7375
vn 0.0445 0.6740 0.7374
vn 0.0807 0.6659 0.7416
vn 0.1180 0.6577 0.7440
vn 0.1180 0.6576 0.7440
vn 0.1571 0.6483 0.7450
vn 0.1979 0.6378 0.7443
vn 0.2412 0.6264 0.7413
vn 0.2887 0.6129 0.7355
vn 0.3410 0.5954 0.7274
vn 0.3994 0.5710 0.7173
vn 0.4648 0.5346 0.7058
vn -0.1330 0.6373 0.7591
vn -0.0890 0.6342 0.7680
vn -0.0505 0.6268 0.7776
vn -0.0151 0.6172 0.7867
vn 0.0191 0.6070 0.7945
vn 0.0191 0.6071 0.7944
vn 0.0537 0.5975 0.8001
vn 0.0899 0.5883 0.8036
vn 0.1282 0.5787 0.8054
vn 0.1681 0.5687 0.8052
vn 0.1681 0.5688 0.8051
vn 0.2110 0.5588 0.8020
vn 0.2579 0.5478 0.7959
vn 0.3097 0.5332 0.7873
vn 0.3670 0.5112 0.7772
vn 0.4305 0.4767 0.7664
vn -0.1491 0.5694 0.8084
vn -0.1080 0.5658 0.8174
vn -0.0719 0.5570 0.8274
vn -0.0719 0.5569 0.8274
vn -0.0389 0.5453 0.8373
vn -0.0070 0.5331 0.8460
vn 0.0256 0.5219 0.8526
vn 0.0600 0.5117 0.8571
vn 0.0970 0.5016 0.8597
vn 0.0970 0.5017 0.8596
vn 0.1356 0.4920 0.8600
vn 0.1770 0.4834 0.8573
vn 0.2225 0.4745 0.8517
vn 0.2728 0.4620 0.8439
vn 0.3278 0.4425 0.8347
vn 0.3881 0.4108 0.8250
vn -0.1629 0.5001 0.8505
vn -0.1261 0.4932 0.8607
vn -0.0935 0.4816 0.8714
vn -0.0627 0.4684 0.8813
vn -0.0331 0.4548 0.8900
vn -0.0027 0.4424 0.8968
vn 0.0297 0.4313 0.9017
vn 0.0298 0.4311 0.9018
vn 0.0651 0.4206 0.9049
vn 0.1018 0.4108 0.9060
vn 0.1018 0.4111 0.9059
vn 0.1410 0.4024 0.9045
vn 0.1410 0.4024 0.9046
vn 0.1841 0.3942 0.9004
vn 0.2320 0.3831 0.8941
vn 0.2843 0.3673 0.8856
vn 0.3415 0.3418 0.8755
vn -0.1763 0.4283 0.8863
vn -0.1449 0.4162 0.8976
vn -0.1449 0.4162 0.8977
vn -0.1155 0.4027 0.9080
vn -0.0867 0.3890 0.9172
vn -0.0586 0.3754 0.9250
vn -0.0301 0.3627 0.9314
vn -0.0301 0.3626 0.9315
vn 0.0007 0.3507 0.9365
vn 0.0007 0.3505 0.9365
vn 0.0340 0.3389 0.9402
vn 0.0339 0.3390 0.9402
vn 0.0684 0.3282 0.9421
vn 0.1048 0.3185 0.9421
vn 0.1448 0.3089 0.9400
vn 0.1895 0.2975 0.9357
vn 0.2381 0.2843 0.9287
vn 0.2919 0.2676 0.9183
vn 0.0958 0.9821 0.1621
vn 0.1247 0.9789 0.1616
vn 0.1513 0.9760 0.1566
vn 0.1770 0.9721 0.1538
vn 0.1770 0.9721 0.1537
vn 0.2021 0.9677 0.1506
vn 0.2259 0.9629 0.1476
vn 0.2259 0.9629 0.1475
vn 0.2491 0.9576 0.1445
vn 0.2491 0.9576 0.1446
vn 0.2732 0.9514 0.1419
vn 0.2731 0.9515 0.1418
vn 0.2978 0.9444 0.1397
vn 0.3221 0.9367 0.1374
vn 0.3222 0.9366 0.1377
vn 0.3470 0.9280 0.1359
vn 0.3466 0.9281 0.1361
vn 0.3730 0.9179 0.1351
vn 0.3732 0.9179 0.1348
vn 0.4015 0.9060 0.1339
vn 0.4015 0.9060 0.1337
vn 0.4313 0.8924 0.1330
vn 0.4312 0.8924 0.1331
vn 0.4624 0.8763 0.1351
vn 0.4977 0.8570 0.1336
vn 0.5148 0.8382 0.1803
vn 0.5339 0.8151 0.2248
vn 0.5339 0.8152 0.2248
vn 0.5531 0.7868 0.2740
vn 0.5706 0.7523 0.3295
vn 0.5838 0.7140 0.3864
vn 0.5915 0.6728 0.4445
vn 0.5919 0.6284 0.5047
vn 0.5837 0.5817 0.5665
vn 0.5657 0.5323 0.6298
vn 0.5380 0.4795 0.6933
vn 0.5002 0.4217 0.7563
vn 0.4529 0.3579 0.8166
vn 0.4011 0.2954 0.8671
vn 0.3482 0.2338 0.9078
vn 0.2926 0.1598 0.9428
vn 0.2401 0.1807 0.9538
vn 0.1920 0.1917 0.9625
vn 0.1484 0.2072 0.9670
vn 0.1075 0.2220 0.9691
vn 0.0707 0.2352 0.9694
vn 0.0708 0.2353 0.9693
vn 0.0372 0.2478 0.9681
vn 0.0372 0.2479 0.9681
vn 0.0050 0.2604 0.9655
vn 0.0050 0.2605 0.9655
vn -0.0266 0.2733 0.9616
vn -0.0559 0.2856 0.9567
vn -0.0835 0.2979 0.9509
vn -0.1107 0.3103 0.9442
vn -0.1385 0.3228 0.9363
vn -0.1385 0.3227 0.9363
vn -0.1662 0.3349 0.9275
vn -0.1924 0.3504 0.9166
vn -0.2234 0.3598 0.9059
vn -0.2139 0.4306 0.8768
vn -0.2074 0.4953 0.8436
vn -0.1985 0.5628 0.8024
vn -0.1861 0.6308 0.7533
vn -0.1711 0.6928 0.7005
vn -0.1524 0.7501 0.6435
vn -0.1306 0.8008 0.5845
vn -0.1067 0.8423 0.5284
vn -0.0787 0.8778 0.4725
vn -0.0474 0.9084 0.4153
vn -0.0474 0.9085 0.4153
vn -0.0152 0.9335 0.3583
vn 0.0167 0.9528 0.3030
vn 0.0462 0.9663 0.2532
vn 0.0724 0.9753 0.2087
vn 0.4655 0.8840 0.0432
vn 0.4332 0.9001 0.0467
vn 0.4038 0.9134 0.0508
vn 0.3763 0.9249 0.0548
vn 0.3512 0.9344 0.0589
vn 0.3515 0.9344 0.0586
vn 0.3275 0.9428 0.0625
vn 0.3042 0.9504 0.0654
vn 0.3042 0.9504 0.0655
vn 0.3042 0.9504 0.0652
vn 0.2807 0.9574 0.0676
vn 0.2806 0.9575 0.0675
vn 0.2582 0.9636 0.0689
vn 0.2581 0.9637 0.0689
vn 0.2360 0.9692 0.0697
vn 0.2360 0.9693 0.0697
vn 0.2135 0.9744 0.0700
vn 0.2135 0.9744 0.0697
vn 0.1896 0.9794 0.0694
vn 0.1647 0.9839 0.0688
vn 0.1376 0.9881 0.0687
vn 0.4736 0.8805 0.0208
vn 0.4386 0.8984 0.0224
vn 0.4077 0.9127 0.0260
vn 0.3795 0.9247 0.0303
vn 0.3539 0.9346 0.0346
vn 0.3298 0.9433 0.0384
vn 0.3062 0.9511 0.0411
vn 0.3062 0.9511 0.0412
vn 0.2823 0.9583 0.0434
vn 0.2825 0.9583 0.0432
vn 0.2600 0.9646 0.0442
vn 0.2598 0.9646 0.0444
vn 0.2373 0.9704 0.0446
vn 0.2144 0.9758 0.0440
vn 0.1899 0.9809 0.0432
vn 0.1637 0.9856 0.0428
vn 0.1344 0.9899 0.0441
vn 0.4822 0.8761 0.0052
vn 0.4448 0.8956 0.0061
vn 0.4123 0.9110 0.0092
vn 0.3831 0.9236 0.0132
vn 0.3831 0.9236 0.0131
vn 0.3567 0.9341 0.0174
vn 0.3319 0.9431 0.0209
vn 0.3077 0.9512 0.0233
vn 0.3077 0.9512 0.0234
vn 0.2838 0.9586 0.0248
vn 0.2837 0.9586 0.0252
vn 0.2606 0.9651 0.0262
vn 0.2605 0.9651 0.0260
vn 0.2374 0.9711 0.0261
vn 0.2374 0.9711 0.0262
vn 0.2137 0.9766 0.0254
vn 0.1884 0.9818 0.0245
vn 0.1608 0.9867 0.0243
vn 0.1296 0.9912 0.0259
vn 0.4905 0.8714 -0.0060
vn 0.4510 0.8925 -0.0047
vn 0.4170 0.9089 -0.0017
vn 0.3867 0.9222 0.0019
vn 0.3594 0.9332 0.0055
vn 0.3337 0.9426 0.0085
vn 0.3337 0.9427 0.0087
vn 0.3089 0.9510 0.0106
vn 0.3088 0.9511 0.0106
vn 0.2845 0.9586 0.0120
vn 0.2844 0.9586 0.0121
vn 0.2606 0.9654 0.0131
vn 0.2606 0.9654 0.0129
vn 0.2367 0.9715 0.0130
vn 0.2122 0.9771 0.0123
vn 0.2122 0.9772 0.0123
vn 0.1861 0.9825 0.0114
vn 0.1573 0.9875 0.0108
vn 0.1244 0.9922 0.0116
vn 0.4976 0.8673 -0.0116
vn 0.4565 0.8897 -0.0102
vn 0.4212 0.9069 -0.0075
vn 0.3899 0.9208 -0.0045
vn 0.3617 0.9323 -0.0017
vn 0.3353 0.9421 0.0004
vn 0.3352 0.9422 0.0005
vn 0.3098 0.9508 0.0023
vn 0.3098 0.9508 0.0021
vn 0.2849 0.9586 0.0033
vn 0.2848 0.9586 0.0032
vn 0.2604 0.9655 0.0039
vn 0.2359 0.9718 0.0040
vn 0.2106 0.9776 0.0035
vn 0.1836 0.9830 0.0026
vn 0.1537 0.9881 0.0019
vn 0.1195 0.9928 0.0020
vn 0.5031 0.8641 -0.0123
vn 0.4607 0.8875 -0.0110
vn 0.4244 0.9054 -0.0091
vn 0.3923 0.9198 -0.0070
vn 0.3634 0.9316 -0.0053
vn 0.3634 0.9316 -0.0052
vn 0.3363 0.9418 -0.0038
vn 0.3364 0.9417 -0.0041
vn 0.3104 0.9506 -0.0028
vn 0.3104 0.9506 -0.0030
vn 0.2850 0.9585 -0.0019
vn 0.2851 0.9585 -0.0019
vn 0.2601 0.9656 -0.0018
vn 0.2599 0.9656 -0.0013
vn 0.2352 0.9720 -0.0021
vn 0.2350 0.9720 -0.0014
vn 0.2092 0.9779 -0.0019
vn 0.1815 0.9834 -0.0026
vn 0.1815 0.9834 -0.0028
vn 0.1507 0.9886 -0.0033
vn 0.1155 0.9933 -0.0036
vn 0.5062 0.8624 -0.0083
vn 0.5062 0.8624 -0.0084
vn 0.4632 0.8862 -0.0076
vn 0.4632 0.8862 -0.0078
vn 0.4632 0.8862 -0.0077
vn 0.4263 0.9046 -0.0067
vn 0.3937 0.9192 -0.0057
vn 0.3937 0.9192 -0.0061
vn 0.3644 0.9312 -0.0056
vn 0.3641 0.9313 -0.0049
vn 0.3368 0.9416 -0.0045
vn 0.3369 0.9415 -0.0046
vn 0.3107 0.9505 -0.0042
vn 0.3109 0.9504 -0.0044
vn 0.2850 0.9585 -0.0042
vn 0.2850 0.9585 -0.0038
vn 0.2598 0.9656 -0.0042
vn 0.2601 0.9656 -0.0039
vn 0.2348 0.9720 -0.0043
vn 0.2345 0.9721 -0.0037
vn 0.2083 0.9781 -0.0043
vn 0.2085 0.9780 -0.0040
vn 0.1802 0.9836 -0.0047
vn 0.1490 0.9888 -0.0052
vn 0.1130 0.9936 -0.0059
vn 0.1130 0.9936 -0.0060
vn 0.5064 0.8623 -0.0010
vn 0.4633 0.8862 -0.0012
vn 0.4634 0.8861 -0.0016
vn 0.4264 0.9045 -0.0018
vn 0.4264 0.9046 -0.0018
vn 0.3939 0.9191 -0.0025
vn 0.3938 0.9192 -0.0023
vn 0.3644 0.9313 -0.0026
vn 0.3644 0.9312 -0.0027
vn 0.3369 0.9415 -0.0033
vn 0.3368 0.9416 -0.0032
vn 0.3107 0.9505 -0.0036
vn 0.3106 0.9505 -0.0032
vn 0.2850 0.9585 -0.0039
vn 0.2849 0.9586 -0.0038
vn 0.2599 0.9656 -0.0042
vn 0.2600 0.9656 -0.0043
vn 0.2344 0.9721 -0.0039
vn 0.2347 0.9721 -0.0046
vn 0.2082 0.9781 -0.0047
vn 0.2084 0.9780 -0.0047
vn 0.1800 0.9836 -0.0049
vn 0.1800 0.9837 -0.0049
vn 0.1488 0.9889 -0.0052
vn 0.1489 0.9888 -0.0055
vn 0.1126 0.9936 -0.0057
vn 0.5035 0.8640 0.0028
vn 0.4611 0.8873 0.0019
vn 0.4247 0.9054 0.0004
vn 0.4247 0.9053 0.0004
vn 0.3925 0.9198 -0.0013
vn 0.3635 0.9316 -0.0029
vn 0.3362 0.9418 -0.0044
vn 0.3364 0.9417 -0.0044
vn 0.3104 0.9506 -0.0052
vn 0.3103 0.9506 -0.0048
vn 0.2845 0.9587 -0.0056
vn 0.2849 0.9585 -0.0061
vn 0.2600 0.9656 -0.0070
vn 0.2599 0.9656 -0.0070
vn 0.2349 0.9720 -0.0069
vn 0.2349 0.9720 -0.0071
vn 0.2087 0.9779 -0.0071
vn 0.2089 0.9779 -0.0073
vn 0.1811 0.9834 -0.0072
vn 0.1811 0.9834 -0.0070
vn 0.1502 0.9886 -0.0073
vn 0.1146 0.9934 -0.0078
vn 0.1146 0.9934 -0.0079
vn 0.4982 0.8670 0.0018
vn 0.4570 0.8895 0.0008
vn 0.4216 0.9068 -0.0015
vn 0.3902 0.9207 -0.0042
vn 0.3618 0.9322 -0.0068
vn 0.3353 0.9421 -0.0089
vn 0.3097 0.9508 -0.0105
vn 0.2845 0.9586 -0.0115
vn 0.2601 0.9655 -0.0128
vn 0.2601 0.9655 -0.0127
vn 0.2355 0.9718 -0.0131
vn 0.2354 0.9718 -0.0131
vn 0.2101 0.9776 -0.0131
vn 0.1829 0.9831 -0.0129
vn 0.1529 0.9882 -0.0129
vn 0.1184 0.9929 -0.0137
vn 0.4913 0.8710 -0.0044
vn 0.4516 0.8922 -0.0052
vn 0.4174 0.9087 -0.0079
vn 0.3870 0.9220 -0.0113
vn 0.3595 0.9330 -0.0147
vn 0.3337 0.9425 -0.0175
vn 0.3088 0.9509 -0.0197
vn 0.2840 0.9586 -0.0215
vn 0.2841 0.9586 -0.0215
vn 0.2601 0.9653 -0.0224
vn 0.2601 0.9653 -0.0225
vn 0.2362 0.9714 -0.0228
vn 0.2115 0.9771 -0.0226
vn 0.1852 0.9824 -0.0222
vn 0.1852 0.9825 -0.0222
vn 0.1562 0.9875 -0.0224
vn 0.1232 0.9921 -0.0240
vn 0.4830 0.8755 -0.0161
vn 0.4454 0.8952 -0.0168
vn 0.4127 0.9106 -0.0195
vn 0.3834 0.9233 -0.0233
vn 0.3568 0.9338 -0.0273
vn 0.3318 0.9429 -0.0307
vn 0.3075 0.9510 -0.0333
vn 0.3075 0.9510 -0.0334
vn 0.2833 0.9584 -0.0352
vn 0.2833 0.9584 -0.0353
vn 0.2599 0.9649 -0.0365
vn 0.2599 0.9650 -0.0362
vn 0.2366 0.9709 -0.0365
vn 0.2366 0.9709 -0.0369
vn 0.2128 0.9764 -0.0365
vn 0.1873 0.9816 -0.0362
vn 0.1596 0.9865 -0.0367
vn 0.1282 0.9910 -0.0391
vn 0.4743 0.8798 -0.0324
vn 0.4390 0.8978 -0.0337
vn 0.4080 0.9122 -0.0372
vn 0.3796 0.9242 -0.0413
vn 0.3539 0.9342 -0.0456
vn 0.3296 0.9428 -0.0493
vn 0.3058 0.9507 -0.0521
vn 0.3058 0.9507 -0.0519
vn 0.2817 0.9580 -0.0540
vn 0.2818 0.9579 -0.0543
vn 0.2590 0.9643 -0.0559
vn 0.2589 0.9643 -0.0554
vn 0.2364 0.9700 -0.0563
vn 0.2133 0.9754 -0.0561
vn 0.1887 0.9804 -0.0558
vn 0.1887 0.9805 -0.0558
vn 0.1622 0.9852 -0.0560
vn 0.1327 0.9895 -0.0581
vn 0.4659 0.8831 -0.0556
vn 0.4333 0.8993 -0.0589
vn 0.4039 0.9126 -0.0628
vn 0.3762 0.9241 -0.0668
vn 0.3762 0.9241 -0.0669
vn 0.3510 0.9337 -0.0710
vn 0.3271 0.9420 -0.0745
vn 0.3270 0.9421 -0.0747
vn 0.3036 0.9497 -0.0774
vn 0.2798 0.9567 -0.0796
vn 0.2801 0.9567 -0.0793
vn 0.2571 0.9629 -0.0815
vn 0.2571 0.9629 -0.0816
vn 0.2348 0.9685 -0.0827
vn 0.2348 0.9685 -0.0826
vn 0.2122 0.9737 -0.0830
vn 0.1882 0.9786 -0.0833
vn 0.1882 0.9786 -0.0831
vn 0.1631 0.9831 -0.0831
vn 0.1359 0.9872 -0.0836
vn 0.1359 0.9872 -0.0835
vn 0.4932 0.8665 0.0766
vn 0.4596 0.8847 0.0779
vn 0.4300 0.8990 0.0832
vn 0.4015 0.9118 0.0864
vn 0.4015 0.9118 0.0862
vn 0.3740 0.9231 0.0893
vn 0.3489 0.9326 0.0923
vn 0.3251 0.9409 0.0950
vn 0.3251 0.9409 0.0952
vn 0.3015 0.9484 0.0978
vn 0.3015 0.9485 0.0975
vn 0.2776 0.9555 0.0999
vn 0.2776 0.9555 0.0997
vn 0.2548 0.9616 0.1019
vn 0.2549 0.9616 0.1017
vn 0.2325 0.9671 0.1036
vn 0.2324 0.9671 0.1038
vn 0.2098 0.9721 0.1049
vn 0.2098 0.9721 0.1051
vn 0.1859 0.9768 0.1063
vn 0.1858 0.9769 0.1059
vn 0.1614 0.9811 0.1066
vn 0.1370 0.9850 0.1046
vn 0.1090 0.9884 0.1059
vn 0.1090 0.9884 0.1060
vn 0.1061 0.9916 0.0736
vn 0.0998 0.9937 0.0507
vn 0.0924 0.9952 0.0318
vn 0.0847 0.9963 0.0152
vn 0.0760 0.9971 0.0016
vn 0.0678 0.9977 -0.0036
vn 0.0636 0.9980 -0.0056
vn 0.0635 0.9980 -0.0068
vn 0.0635 0.9980 -0.0071
vn 0.0670 0.9977 -0.0095
vn 0.0735 0.9972 -0.0164
vn 0.0816 0.9963 -0.0281
vn 0.0817 0.9963 -0.0281
vn 0.0902 0.9949 -0.0450
vn 0.0980 0.9930 -0.0653
vn 0.1044 0.9905 -0.0890
vn 0.1074 0.9867 -0.1217
vn 0.1353 0.9835 -0.1201
vn 0.1598 0.9796 -0.1215
vn 0.1842 0.9754 -0.1212
vn 0.1843 0.9754 -0.1210
vn 0.2083 0.9708 -0.1193
vn 0.2082 0.9708 -0.1194
vn 0.2311 0.9658 -0.1179
vn 0.2311 0.9658 -0.1177
vn 0.2535 0.9604 -0.1159
vn 0.2533 0.9604 -0.1158
vn 0.2765 0.9543 -0.1135
vn 0.3007 0.9472 -0.1112
vn 0.3006 0.9473 -0.1109
vn 0.3243 0.9397 -0.1084
vn 0.3484 0.9314 -0.1052
vn 0.3482 0.9314 -0.1057
vn 0.3735 0.9220 -0.1023
vn 0.4011 0.9106 -0.0993
vn 0.4009 0.9107 -0.0994
vn 0.4297 0.8978 -0.0961
vn 0.4594 0.8835 -0.0909
vn 0.4931 0.8653 -0.0895
vn 0.5034 0.8621 -0.0581
vn 0.5154 0.8562 -0.0368
vn 0.5274 0.8494 -0.0203
vn 0.5385 0.8426 -0.0074
vn 0.5476 0.8368 -0.0001
vn 0.5543 0.8323 0.0018
vn 0.5579 0.8299 -0.0013
vn 0.5577 0.8300 -0.0084
vn 0.5538 0.8325 -0.0118
vn 0.5468 0.8372 -0.0102
vn 0.5376 0.8432 -0.0034
vn 0.5266 0.8500 0.0090
vn 0.5266 0.8501 0.0090
vn 0.5147 0.8570 0.0248
vn 0.5030 0.8631 0.0455
vn -0.3470 0.4060 -0.8454
vn -0.3461 0.7060 -0.6179
vn -0.3463 0.7059 -0.6179
vn -0.1043 0.8305 0.5472
vn -0.1535 0.8959 0.4170
vn -0.1535 0.8958 0.4171
vn 0.2432 0.9694 0.0320
vn 0.2432 0.9695 0.0320
vn 0.8113 0.4349 0.3907
vn 0.2335 0.9721 0.0220
vn 0.1892 0.9817 0.0237
vn 0.1277 0.9917 0.0148
vn 0.0429 0.9988 -0.0243
vn -0.0708 0.9903 -0.1194
vn 0.2943 0.9556 -0.0147
vn 0.2697 0.9626 -0.0251
vn 0.2224 0.9743 -0.0352
vn 0.1597 0.9866 -0.0330
vn 0.0742 0.9972 0.0134
vn 0.4360 0.6457 -0.6269
vn 0.0648 0.9957 0.0659
vn -0.0777 0.9558 0.2837
vn -0.1312 0.8900 -0.4366
vn -0.1811 0.9656 -0.1864
vn -0.2321 0.2784 0.9320
vn -0.2160 0.9231 -0.3182
vn -0.2423 0.6637 0.7077
vn -0.1800 0.9683 0.1731
vn -0.1799 0.9683 0.1730
vn -0.8699 0.4118 -0.2715
vn -0.7951 0.5310 0.2930
vn 0.9128 0.3530 -0.2055
vn -0.5283 0.8278 0.1889
vn 0.8957 0.4232 -0.1365
vn -0.4167 0.8997 0.1303
vn 0.9496 0.2930 -0.1117
vn -0.6160 0.7807 0.1055
vn 0.8083 0.5868 -0.0482
vn -0.4354 0.8985 0.0560
vn 0.3402 0.9402 0.0176
vn 0.3402 0.9402 0.0175
vn 0.7376 0.6751 0.0137
vn -0.2121 0.9772 -0.0074
vn 0.7906 0.6106 0.0469
vn -0.3353 0.9398 -0.0664
vn 0.9696 0.1955 0.1469
vn -0.2499 0.9525 0.1738
vn -0.2499 0.9526 0.1738
vn 0.1351 0.9906 -0.0202
vn 0.9750 0.1540 -0.1603
vn -0.5233 0.8467 0.0957
vn 0.8997 0.4332 -0.0534
vn -0.6905 0.7226 0.0321
vn 0.9567 0.2912 -0.0009
vn -0.4399 0.8978 -0.0232
vn 0.8879 0.4583 0.0412
vn -0.3329 0.9410 -0.0610
vn 0.8524 0.5172 0.0765
vn -0.6363 0.7612 -0.1255
vn 0.9187 0.3690 0.1410
vn -0.3267 0.9382 -0.1143
vn 0.8146 0.5496 0.1855
vn -0.4669 0.8689 -0.1646
vn -0.4669 0.8688 -0.1646
vn 0.9482 0.1178 0.2950
vn 0.1411 0.9895 0.0299
vn -0.3096 0.9288 -0.2035
vn -0.1743 0.3776 -0.9094
vn 0.2895 0.2962 0.9102
vn 0.0600 0.3634 -0.9297
vn 0.0598 0.3635 -0.9297
vn -0.3795 0.8511 -0.3628
vn 0.8058 0.4223 0.4150
vn -0.6760 0.4410 -0.5904
vn 0.7439 0.1993 0.6379
vn -0.3568 0.6911 -0.6285
vn 0.6121 0.2292 0.7568
vn -0.1280 0.6513 -0.7479
vn -0.2496 0.9222 0.2953
vn 0.8300 0.4378 -0.3457
vn 0.5258 0.8503 -0.0240
vn -0.2798 0.5963 0.7525
vn -0.2798 0.5962 0.7525
vn 0.8096 0.3571 -0.4658
vn 0.6771 0.6672 -0.3106
vn 0.6771 0.6671 -0.3106
vn 0.0048 0.4782 0.8782
vn 0.4384 0.1898 -0.8785
vn -0.0496 0.5147 0.8560
vn 0.0408 0.4608 0.8866
vn 0.3430 0.6070 -0.7169
vn 0.5001 0.1724 0.8486
vn 0.3165 0.2103 -0.9250
vn 0.2712 0.6443 0.7151
vn 0.8684 0.4172 0.2682
vn 0.7831 0.5842 -0.2135
vt 0.380500 0.052000
vt 0.378800 0.039600
vt 0.382700 0.037900
vt 0.385900 0.050500
vt 0.386400 0.036200
vt 0.391200 0.048900
vt 0.390100 0.034400
vt 0.396400 0.047100
vt 0.393600 0.032500
vt 0.401400 0.045100
vt 0.397100 0.030400
vt 0.406100 0.042900
vt 0.400300 0.028200
vt 0.410500 0.040200
vt 0.403300 0.025700
vt 0.414400 0.037100
vt 0.382000 0.064400
vt 0.388900 0.063100
vt 0.395800 0.061600
vt 0.402500 0.059900
vt 0.409000 0.058000
vt 0.415200 0.055500
vt 0.420900 0.052500
vt 0.425800 0.048700
vt 0.391700 0.075700
vt 0.383300 0.076900
vt 0.400000 0.074400
vt 0.408300 0.072900
vt 0.416500 0.071000
vt 0.424300 0.068500
vt 0.431400 0.065100
vt 0.437500 0.060600
vt 0.384500 0.089300
vt 0.394100 0.088400
vt 0.403800 0.087300
vt 0.413600 0.086000
vt 0.423600 0.084300
vt 0.433400 0.081900
vt 0.442300 0.078400
vt 0.449800 0.073200
vt 0.385400 0.101700
vt 0.395900 0.101000
vt 0.406800 0.100200
vt 0.418000 0.099200
vt 0.429800 0.097900
vt 0.441800 0.095900
vt 0.397100 0.113700
vt 0.386000 0.114200
vt 0.408800 0.113200
vt 0.421000 0.112500
vt 0.434100 0.111700
vt 0.448500 0.110500
vt 0.419500 0.003500
vt 0.431500 0.005200
vt 0.429700 0.010300
vt 0.417500 0.007000
vt 0.443500 0.006700
vt 0.441900 0.013400
vt 0.454100 0.016200
vt 0.455500 0.008100
vt 0.427800 0.015300
vt 0.415500 0.010400
vt 0.440100 0.020000
vt 0.452500 0.024300
vt 0.466300 0.018600
vt 0.465000 0.028100
vt 0.425700 0.020200
vt 0.413300 0.013800
vt 0.438200 0.026500
vt 0.450700 0.032400
vt 0.463500 0.037800
vt 0.423400 0.024900
vt 0.411100 0.017000
vt 0.435900 0.032700
vt 0.448600 0.040300
vt 0.461600 0.047600
vt 0.420800 0.029400
vt 0.408700 0.020100
vt 0.433200 0.038600
vt 0.445800 0.047900
vt 0.459000 0.057200
vt 0.417800 0.033400
vt 0.406100 0.023000
vt 0.429800 0.044000
vt 0.442200 0.054800
vt 0.455200 0.065900
vt 0.426800 0.249400
vt 0.415100 0.248700
vt 0.413500 0.244600
vt 0.425500 0.242200
vt 0.411800 0.240700
vt 0.424100 0.236200
vt 0.410000 0.237300
vt 0.422400 0.230900
vt 0.408100 0.234100
vt 0.420500 0.226100
vt 0.406000 0.231100
vt 0.418300 0.221700
vt 0.403800 0.228400
vt 0.415600 0.217700
vt 0.401300 0.225900
vt 0.412500 0.214300
vt 0.437600 0.239700
vt 0.438600 0.248600
vt 0.436300 0.231800
vt 0.434900 0.224700
vt 0.433000 0.218200
vt 0.430700 0.212200
vt 0.427800 0.206900
vt 0.424000 0.202500
vt 0.450400 0.247300
vt 0.449600 0.237000
vt 0.448700 0.227600
vt 0.447400 0.218800
vt 0.445800 0.210400
vt 0.443500 0.202600
vt 0.440300 0.195800
vt 0.436000 0.190200
vt 0.462300 0.245800
vt 0.461800 0.234500
vt 0.461100 0.223700
vt 0.460100 0.213200
vt 0.458800 0.202900
vt 0.456800 0.193200
vt 0.453500 0.184500
vt 0.448500 0.177400
vt 0.467600 0.172800
vt 0.470500 0.184300
vt 0.461900 0.163600
vt 0.382200 0.215200
vt 0.378600 0.213900
vt 0.380300 0.201400
vt 0.385500 0.202600
vt 0.381800 0.188900
vt 0.388600 0.189900
vt 0.383200 0.176500
vt 0.391400 0.177200
vt 0.384400 0.164000
vt 0.393900 0.164500
vt 0.385300 0.151500
vt 0.395800 0.151800
vt 0.385900 0.139100
vt 0.397100 0.139100
vt 0.386200 0.126600
vt 0.397600 0.126400
vt 0.385700 0.216700
vt 0.390600 0.203900
vt 0.395200 0.191000
vt 0.399600 0.178100
vt 0.403400 0.165200
vt 0.406500 0.152200
vt 0.408600 0.139200
vt 0.409400 0.126100
vt 0.395500 0.205300
vt 0.389100 0.218200
vt 0.401800 0.192400
vt 0.407700 0.179300
vt 0.413200 0.166100
vt 0.417700 0.152700
vt 0.420900 0.139300
vt 0.422100 0.125900
vt 0.400300 0.207000
vt 0.392400 0.219900
vt 0.408100 0.194000
vt 0.415700 0.180800
vt 0.423000 0.167300
vt 0.429400 0.153600
vt 0.433900 0.139600
vt 0.435800 0.125600
vt 0.404800 0.209000
vt 0.395600 0.221700
vt 0.414000 0.196200
vt 0.423400 0.182900
vt 0.432600 0.169300
vt 0.441300 0.155100
vt 0.448200 0.140400
vt 0.451200 0.125400
vt 0.398500 0.223700
vt 0.408900 0.211400
vt 0.419400 0.198900
vt 0.430200 0.186000
vt 0.441300 0.172500
vt 0.452700 0.158000
vt 0.375000 0.041200
vt 0.375000 0.029000
vt 0.377200 0.027200
vt 0.379300 0.025300
vt 0.381500 0.023500
vt 0.383700 0.021700
vt 0.385800 0.019900
vt 0.388000 0.018100
vt 0.390200 0.016300
vt 0.392300 0.014500
vt 0.375000 0.053400
vt 0.375000 0.065700
vt 0.375000 0.077900
vt 0.375000 0.090100
vt 0.375000 0.102400
vt 0.375000 0.114600
vt 0.375000 0.126800
vt 0.409700 0.000000
vt 0.421500 0.000000
vt 0.407500 0.001800
vt 0.433200 0.000000
vt 0.445000 0.000000
vt 0.456800 0.000000
vt 0.405400 0.003600
vt 0.403200 0.005400
vt 0.401000 0.007200
vt 0.398900 0.009100
vt 0.396700 0.010900
vt 0.394500 0.012700
vt 0.403400 0.248400
vt 0.416500 0.255000
vt 0.405300 0.250000
vt 0.401500 0.246800
vt 0.399600 0.245300
vt 0.397700 0.243700
vt 0.395800 0.242100
vt 0.393900 0.240500
vt 0.392000 0.238900
vt 0.390100 0.237400
vt 0.427800 0.258400
vt 0.439400 0.258900
vt 0.451000 0.258500
vt 0.462600 0.257800
vt 0.375000 0.212500
vt 0.376900 0.226300
vt 0.375000 0.224700
vt 0.375000 0.200300
vt 0.375000 0.188000
vt 0.375000 0.175800
vt 0.375000 0.163600
vt 0.375000 0.151300
vt 0.375000 0.139100
vt 0.378800 0.227900
vt 0.380700 0.229500
vt 0.382600 0.231100
vt 0.384500 0.232600
vt 0.386400 0.234200
vt 0.388200 0.235800
vt 0.432600 0.782400
vt 0.433200 0.767400
vt 0.442500 0.769600
vt 0.442500 0.783300
vt 0.452300 0.770400
vt 0.452500 0.783900
vt 0.462400 0.770500
vt 0.462500 0.784100
vt 0.442100 0.797900
vt 0.432000 0.797400
vt 0.452300 0.798300
vt 0.462500 0.798500
vt 0.441600 0.813000
vt 0.431300 0.812800
vt 0.451900 0.813200
vt 0.462200 0.813300
vt 0.430500 0.828200
vt 0.441000 0.828400
vt 0.451500 0.828400
vt 0.461900 0.828500
vt 0.440400 0.843800
vt 0.429700 0.843800
vt 0.451000 0.843900
vt 0.461500 0.843900
vt 0.439700 0.859400
vt 0.428900 0.859400
vt 0.450400 0.859400
vt 0.461100 0.859400
vt 0.428100 0.875000
vt 0.439000 0.875000
vt 0.449800 0.875000
vt 0.460600 0.875000
vt 0.438300 0.890600
vt 0.427300 0.890600
vt 0.449200 0.890600
vt 0.460100 0.890600
vt 0.437600 0.906300
vt 0.426500 0.906300
vt 0.448600 0.906300
vt 0.459600 0.906300
vt 0.425600 0.921900
vt 0.436900 0.921900
vt 0.448000 0.921900
vt 0.459200 0.921900
vt 0.436100 0.937500
vt 0.424800 0.937500
vt 0.447400 0.937500
vt 0.458700 0.937500
vt 0.435400 0.953100
vt 0.424000 0.953100
vt 0.446800 0.953100
vt 0.458200 0.953100
vt 0.423100 0.968800
vt 0.434700 0.968800
vt 0.446200 0.968800
vt 0.457700 0.968800
vt 0.434000 0.984400
vt 0.422300 0.984400
vt 0.445600 0.984400
vt 0.457300 0.984400
vt 0.423800 0.765600
vt 0.424700 0.750000
vt 0.433200 0.754500
vt 0.442000 0.757600
vt 0.451800 0.758100
vt 0.461900 0.757800
vt 0.456800 1.000000
vt 0.445000 1.000000
vt 0.433200 1.000000
vt 0.421500 1.000000
vt 0.409700 1.000000
vt 0.410600 0.984400
vt 0.411600 0.968800
vt 0.412500 0.953100
vt 0.413500 0.937500
vt 0.414400 0.921900
vt 0.415300 0.906200
vt 0.416300 0.890600
vt 0.417200 0.875000
vt 0.418200 0.859400
vt 0.419100 0.843800
vt 0.420000 0.828100
vt 0.421000 0.812500
vt 0.421900 0.796900
vt 0.422900 0.781200
vt 0.418200 0.282500
vt 0.417400 0.267600
vt 0.428700 0.270000
vt 0.429400 0.283500
vt 0.440100 0.270800
vt 0.440700 0.284100
vt 0.451500 0.270900
vt 0.452000 0.284400
vt 0.463000 0.270700
vt 0.463200 0.284300
vt 0.430100 0.298000
vt 0.418900 0.297500
vt 0.441200 0.298400
vt 0.452400 0.298600
vt 0.463500 0.298600
vt 0.430700 0.313000
vt 0.419600 0.312800
vt 0.441700 0.313200
vt 0.452700 0.313400
vt 0.463700 0.313400
vt 0.431300 0.328300
vt 0.420300 0.328200
vt 0.442200 0.328400
vt 0.453100 0.328500
vt 0.463900 0.328500
vt 0.431900 0.343800
vt 0.421000 0.343800
vt 0.442700 0.343800
vt 0.453400 0.343900
vt 0.464100 0.343900
vt 0.432500 0.359400
vt 0.421800 0.359400
vt 0.443200 0.359400
vt 0.453800 0.359400
vt 0.464400 0.359400
vt 0.433100 0.375000
vt 0.422500 0.375000
vt 0.443700 0.375000
vt 0.454200 0.375000
vt 0.464600 0.375000
vt 0.433700 0.390600
vt 0.423200 0.390600
vt 0.444200 0.390600
vt 0.454600 0.390600
vt 0.464900 0.390600
vt 0.434300 0.406200
vt 0.423900 0.406200
vt 0.444700 0.406200
vt 0.455000 0.406200
vt 0.465200 0.406200
vt 0.434900 0.421700
vt 0.424600 0.421800
vt 0.445200 0.421600
vt 0.455400 0.421600
vt 0.465500 0.421600
vt 0.435400 0.437000
vt 0.425300 0.437200
vt 0.445600 0.436800
vt 0.455700 0.436700
vt 0.465800 0.436700
vt 0.436000 0.452100
vt 0.425900 0.452600
vt 0.446000 0.451800
vt 0.456000 0.451600
vt 0.466100 0.451600
vt 0.436300 0.466700
vt 0.426500 0.467600
vt 0.446200 0.466200
vt 0.456200 0.465900
vt 0.466200 0.466000
vt 0.436400 0.480400
vt 0.427000 0.482600
vt 0.446200 0.479600
vt 0.456200 0.479600
vt 0.466300 0.479800
vt 0.406100 0.265600
vt 0.456000 0.492200
vt 0.445900 0.491900
vt 0.436100 0.492300
vt 0.427000 0.495500
vt 0.418400 0.500000
vt 0.417600 0.484400
vt 0.416700 0.468800
vt 0.415900 0.453100
vt 0.415100 0.437500
vt 0.414300 0.421900
vt 0.413500 0.406200
vt 0.412600 0.390600
vt 0.411800 0.375000
vt 0.411000 0.359400
vt 0.410200 0.343800
vt 0.409400 0.328100
vt 0.408500 0.312500
vt 0.407700 0.296900
vt 0.406900 0.281200
vt 0.156400 0.712500
vt 0.156400 0.716900
vt 0.140800 0.720700
vt 0.140700 0.717800
vt 0.172000 0.708600
vt 0.172000 0.713600
vt 0.187600 0.705400
vt 0.187700 0.710800
vt 0.203200 0.702800
vt 0.203300 0.708400
vt 0.218900 0.700800
vt 0.218900 0.706400
vt 0.234500 0.699200
vt 0.234500 0.704900
vt 0.250100 0.698000
vt 0.250100 0.703700
vt 0.265700 0.697100
vt 0.265700 0.702900
vt 0.281300 0.696700
vt 0.281300 0.702400
vt 0.296900 0.696600
vt 0.297000 0.702200
vt 0.312500 0.696900
vt 0.312500 0.702400
vt 0.328000 0.697700
vt 0.328100 0.702900
vt 0.343600 0.699000
vt 0.343700 0.703800
vt 0.358700 0.701000
vt 0.359400 0.705000
vt 0.156500 0.720500
vt 0.140800 0.723400
vt 0.172100 0.717800
vt 0.187700 0.715300
vt 0.203300 0.713200
vt 0.218900 0.711500
vt 0.234500 0.710000
vt 0.250100 0.708900
vt 0.265800 0.708000
vt 0.281400 0.707500
vt 0.297000 0.707200
vt 0.312600 0.707200
vt 0.328200 0.707500
vt 0.343800 0.708000
vt 0.359400 0.708700
vt 0.156500 0.723600
vt 0.140900 0.725900
vt 0.172100 0.721300
vt 0.187700 0.719300
vt 0.203300 0.717500
vt 0.219000 0.715900
vt 0.234600 0.714600
vt 0.250200 0.713500
vt 0.265800 0.712700
vt 0.281400 0.712100
vt 0.297000 0.711800
vt 0.312600 0.711600
vt 0.328200 0.711700
vt 0.343800 0.711900
vt 0.359400 0.712200
vt 0.156600 0.726300
vt 0.141000 0.728200
vt 0.172200 0.724500
vt 0.187800 0.722800
vt 0.203400 0.721300
vt 0.219000 0.719900
vt 0.234600 0.718700
vt 0.250200 0.717700
vt 0.265800 0.717000
vt 0.281400 0.716400
vt 0.297000 0.716000
vt 0.312600 0.715700
vt 0.328200 0.715600
vt 0.343800 0.715500
vt 0.359400 0.715600
vt 0.156600 0.728800
vt 0.141000 0.730400
vt 0.172200 0.727400
vt 0.187800 0.726000
vt 0.203400 0.724700
vt 0.219000 0.723500
vt 0.234600 0.722500
vt 0.250200 0.721600
vt 0.265800 0.720800
vt 0.281400 0.720300
vt 0.297000 0.719800
vt 0.312600 0.719500
vt 0.328200 0.719200
vt 0.343800 0.719000
vt 0.359400 0.718900
vt 0.156700 0.731200
vt 0.141100 0.732500
vt 0.172300 0.730000
vt 0.187900 0.728900
vt 0.203500 0.727800
vt 0.219100 0.726800
vt 0.234700 0.725900
vt 0.250300 0.725100
vt 0.265900 0.724400
vt 0.281500 0.723900
vt 0.297000 0.723400
vt 0.312600 0.723000
vt 0.328200 0.722700
vt 0.343800 0.722400
vt 0.359400 0.722100
vt 0.156800 0.733500
vt 0.141200 0.734500
vt 0.172300 0.732500
vt 0.187900 0.731600
vt 0.203500 0.730700
vt 0.219100 0.729800
vt 0.234700 0.729100
vt 0.250300 0.728400
vt 0.265900 0.727800
vt 0.281500 0.727200
vt 0.297100 0.726800
vt 0.312600 0.726300
vt 0.328200 0.726000
vt 0.343800 0.725600
vt 0.359400 0.725300
vt 0.156800 0.735700
vt 0.141200 0.736500
vt 0.172400 0.734900
vt 0.188000 0.734200
vt 0.203600 0.733400
vt 0.219200 0.732700
vt 0.234700 0.732100
vt 0.250300 0.731500
vt 0.265900 0.730900
vt 0.281500 0.730400
vt 0.297100 0.730000
vt 0.312700 0.729600
vt 0.328200 0.729200
vt 0.343800 0.728800
vt 0.359400 0.728500
vt 0.156900 0.737900
vt 0.141300 0.738500
vt 0.172500 0.737200
vt 0.188000 0.736600
vt 0.203600 0.736000
vt 0.219200 0.735500
vt 0.234800 0.734900
vt 0.250400 0.734400
vt 0.265900 0.733900
vt 0.281500 0.733500
vt 0.297100 0.733100
vt 0.312700 0.732700
vt 0.328300 0.732300
vt 0.343800 0.732000
vt 0.359400 0.731600
vt 0.141400 0.740500
vt 0.156900 0.740000
vt 0.172500 0.739500
vt 0.188100 0.739000
vt 0.203700 0.738500
vt 0.219200 0.738100
vt 0.234800 0.737600
vt 0.250400 0.737200
vt 0.266000 0.736800
vt 0.281500 0.736400
vt 0.297100 0.736100
vt 0.312700 0.735700
vt 0.328300 0.735400
vt 0.343800 0.735000
vt 0.359400 0.734700
vt 0.141400 0.742400
vt 0.157000 0.742000
vt 0.172600 0.741600
vt 0.188100 0.741300
vt 0.203700 0.740900
vt 0.219300 0.740600
vt 0.234900 0.740200
vt 0.250400 0.739900
vt 0.266000 0.739600
vt 0.281600 0.739300
vt 0.297100 0.739000
vt 0.312700 0.738700
vt 0.328300 0.738400
vt 0.343900 0.738100
vt 0.359400 0.737800
vt 0.141500 0.744300
vt 0.157100 0.744000
vt 0.172600 0.743800
vt 0.188200 0.743500
vt 0.203800 0.743300
vt 0.219300 0.743000
vt 0.234900 0.742700
vt 0.250500 0.742500
vt 0.266000 0.742300
vt 0.281600 0.742000
vt 0.297200 0.741800
vt 0.312700 0.741500
vt 0.328300 0.741300
vt 0.343900 0.741100
vt 0.359400 0.740900
vt 0.141600 0.746200
vt 0.157100 0.746000
vt 0.172700 0.745900
vt 0.188300 0.745700
vt 0.203800 0.745500
vt 0.219400 0.745400
vt 0.234900 0.745200
vt 0.250500 0.745000
vt 0.266100 0.744900
vt 0.281600 0.744700
vt 0.297200 0.744600
vt 0.312800 0.744400
vt 0.328300 0.744200
vt 0.343900 0.744100
vt 0.359400 0.743900
vt 0.141600 0.748100
vt 0.157200 0.748000
vt 0.172800 0.747900
vt 0.188300 0.747900
vt 0.203900 0.747800
vt 0.219400 0.747700
vt 0.235000 0.747600
vt 0.250500 0.747500
vt 0.266100 0.747400
vt 0.281700 0.747400
vt 0.297200 0.747300
vt 0.312800 0.747200
vt 0.328300 0.747100
vt 0.343900 0.747000
vt 0.359400 0.747000
vt 0.125000 0.721000
vt 0.140700 0.713200
vt 0.125100 0.722800
vt 0.156300 0.706600
vt 0.172000 0.702400
vt 0.187600 0.699100
vt 0.203200 0.696500
vt 0.218800 0.694400
vt 0.234500 0.692800
vt 0.250100 0.691600
vt 0.265700 0.690800
vt 0.281300 0.690400
vt 0.296900 0.690400
vt 0.312400 0.690800
vt 0.327800 0.691700
vt 0.343200 0.693300
vt 0.359000 0.696300
vt 0.375000 0.703200
vt 0.375000 0.700000
vt 0.375000 0.706300
vt 0.375000 0.709400
vt 0.375000 0.712500
vt 0.375000 0.715700
vt 0.375000 0.718800
vt 0.375000 0.721900
vt 0.375000 0.725000
vt 0.375000 0.728100
vt 0.375000 0.731300
vt 0.375000 0.734400
vt 0.375000 0.737500
vt 0.375000 0.740600
vt 0.375000 0.743800
vt 0.375000 0.746900
vt 0.375000 0.750000
vt 0.359400 0.750000
vt 0.343900 0.750000
vt 0.328300 0.750000
vt 0.312800 0.750000
vt 0.297200 0.750000
vt 0.281700 0.750000
vt 0.266100 0.750000
vt 0.250600 0.750000
vt 0.235000 0.750000
vt 0.219500 0.750000
vt 0.203900 0.750000
vt 0.188400 0.750000
vt 0.172800 0.750000
vt 0.157300 0.750000
vt 0.141700 0.750000
vt 0.126200 0.750000
vt 0.126100 0.748200
vt 0.126000 0.746400
vt 0.125900 0.744600
vt 0.125900 0.742800
vt 0.125800 0.740900
vt 0.125700 0.739100
vt 0.125600 0.737300
vt 0.125600 0.735500
vt 0.125500 0.733700
vt 0.125400 0.731900
vt 0.125400 0.730100
vt 0.125300 0.728300
vt 0.125200 0.726500
vt 0.125100 0.724700
vt 0.376800 0.561200
vt 0.377300 0.551400
vt 0.382500 0.548700
vt 0.384600 0.559200
vt 0.387300 0.546300
vt 0.391400 0.557200
vt 0.391700 0.543800
vt 0.397500 0.554900
vt 0.395900 0.541100
vt 0.403200 0.552400
vt 0.399800 0.538300
vt 0.408400 0.549600
vt 0.413200 0.546300
vt 0.403500 0.535400
vt 0.407000 0.532100
vt 0.417400 0.542600
vt 0.387000 0.569900
vt 0.377600 0.571400
vt 0.395500 0.568100
vt 0.403200 0.566200
vt 0.410400 0.563800
vt 0.417100 0.561000
vt 0.423000 0.557600
vt 0.428200 0.553400
vt 0.378800 0.581600
vt 0.389400 0.580500
vt 0.399300 0.579100
vt 0.408700 0.577500
vt 0.417600 0.575500
vt 0.425800 0.572800
vt 0.433100 0.569300
vt 0.439300 0.564500
vt 0.391800 0.591200
vt 0.380200 0.592000
vt 0.403000 0.590200
vt 0.413800 0.589000
vt 0.424500 0.587400
vt 0.434600 0.585100
vt 0.443600 0.581500
vt 0.451000 0.576200
vt 0.393800 0.601900
vt 0.381400 0.602400
vt 0.406000 0.601300
vt 0.418200 0.600600
vt 0.430500 0.599600
vt 0.442700 0.597800
vt 0.454300 0.594700
vt 0.463700 0.589000
vt 0.395200 0.612600
vt 0.382400 0.612800
vt 0.408100 0.612500
vt 0.421200 0.612200
vt 0.434900 0.611900
vt 0.449400 0.611100
vt 0.465100 0.609400
vt 0.425400 0.502500
vt 0.435100 0.501900
vt 0.433600 0.509700
vt 0.423300 0.507500
vt 0.445200 0.502600
vt 0.444100 0.512100
vt 0.455500 0.503900
vt 0.454700 0.514500
vt 0.431800 0.516500
vt 0.421000 0.512400
vt 0.442600 0.520600
vt 0.453600 0.524500
vt 0.429600 0.522600
vt 0.418600 0.516800
vt 0.440800 0.528300
vt 0.452100 0.533800
vt 0.463500 0.539000
vt 0.464600 0.528100
vt 0.427200 0.528300
vt 0.416000 0.521000
vt 0.438500 0.535600
vt 0.450100 0.542700
vt 0.462000 0.549700
vt 0.424400 0.533600
vt 0.413200 0.524900
vt 0.435800 0.542200
vt 0.447500 0.551000
vt 0.459700 0.559800
vt 0.421200 0.538300
vt 0.410200 0.528700
vt 0.432400 0.548200
vt 0.444000 0.558300
vt 0.456200 0.568800
vt 0.440800 0.747900
vt 0.431200 0.747200
vt 0.428700 0.741800
vt 0.438900 0.739800
vt 0.426000 0.736700
vt 0.436600 0.732800
vt 0.423100 0.731900
vt 0.434000 0.726400
vt 0.420100 0.727400
vt 0.431100 0.720400
vt 0.416900 0.723100
vt 0.427900 0.714800
vt 0.413500 0.719000
vt 0.424200 0.709700
vt 0.409900 0.715100
vt 0.420100 0.705100
vt 0.449300 0.737600
vt 0.450800 0.747200
vt 0.447400 0.728900
vt 0.445000 0.721000
vt 0.442300 0.713500
vt 0.439100 0.706600
vt 0.435200 0.700300
vt 0.430500 0.694800
vt 0.459800 0.735300
vt 0.461100 0.746100
vt 0.458200 0.725300
vt 0.456200 0.715800
vt 0.453700 0.706700
vt 0.450600 0.698200
vt 0.446600 0.690600
vt 0.441300 0.684200
vt 0.462600 0.689900
vt 0.465500 0.700200
vt 0.458500 0.680700
vt 0.452700 0.673000
vt 0.377300 0.683800
vt 0.385300 0.686100
vt 0.383200 0.696200
vt 0.377700 0.693200
vt 0.378000 0.674000
vt 0.387600 0.675900
vt 0.379100 0.664100
vt 0.389900 0.665500
vt 0.380400 0.654000
vt 0.392200 0.655100
vt 0.381600 0.643800
vt 0.394100 0.644600
vt 0.382500 0.633500
vt 0.395400 0.634000
vt 0.382800 0.623100
vt 0.395800 0.623400
vt 0.388400 0.699000
vt 0.392400 0.688500
vt 0.396300 0.678000
vt 0.400000 0.667300
vt 0.403500 0.656500
vt 0.406300 0.645600
vt 0.408300 0.634700
vt 0.408900 0.623600
vt 0.398800 0.691200
vt 0.393100 0.701900
vt 0.404300 0.680400
vt 0.409500 0.669400
vt 0.414500 0.658200
vt 0.418600 0.646900
vt 0.421400 0.635400
vt 0.422400 0.623900
vt 0.404800 0.694100
vt 0.397700 0.704900
vt 0.411800 0.683100
vt 0.418700 0.671900
vt 0.425300 0.660300
vt 0.431100 0.648500
vt 0.435100 0.636500
vt 0.436600 0.624200
vt 0.410300 0.697300
vt 0.402000 0.708100
vt 0.418700 0.686300
vt 0.427200 0.675000
vt 0.435600 0.663200
vt 0.443500 0.650900
vt 0.449800 0.637900
vt 0.452300 0.624600
vt 0.415500 0.701000
vt 0.406100 0.711500
vt 0.425000 0.690200
vt 0.434800 0.679000
vt 0.445000 0.667300
vt 0.455300 0.654600
vt 0.465700 0.640400
vt 0.475300 0.625100
vt 0.465100 0.660800
vt 0.370400 0.553300
vt 0.375000 0.543600
vt 0.377700 0.540900
vt 0.380400 0.538100
vt 0.383100 0.535400
vt 0.385800 0.532700
vt 0.388600 0.530000
vt 0.391300 0.527200
vt 0.394000 0.524500
vt 0.396700 0.521800
vt 0.367200 0.563000
vt 0.366800 0.572800
vt 0.367200 0.582700
vt 0.367800 0.592700
vt 0.368600 0.602700
vt 0.369200 0.612900
vt 0.369400 0.623000
vt 0.415700 0.502700
vt 0.413000 0.505400
vt 0.410200 0.508200
vt 0.407500 0.510900
vt 0.404800 0.513600
vt 0.402100 0.516300
vt 0.399400 0.519100
vt 0.421600 0.746900
vt 0.418500 0.743800
vt 0.415400 0.740600
vt 0.412300 0.737500
vt 0.409200 0.734400
vt 0.406100 0.731300
vt 0.403000 0.728100
vt 0.399900 0.725000
vt 0.370600 0.691000
vt 0.378100 0.703200
vt 0.367500 0.681800
vt 0.367100 0.672400
vt 0.367400 0.662800
vt 0.368000 0.653000
vt 0.368700 0.643100
vt 0.369200 0.633100
vt 0.381200 0.706300
vt 0.384300 0.709400
vt 0.387400 0.712500
vt 0.390500 0.715700
vt 0.393600 0.718800
vt 0.396800 0.721900
vt 0.359400 0.539700
vt 0.358700 0.543400
vt 0.343600 0.545700
vt 0.343700 0.541200
vt 0.328000 0.547300
vt 0.328100 0.542300
vt 0.312500 0.548300
vt 0.312500 0.543000
vt 0.296900 0.548800
vt 0.296900 0.543400
vt 0.281300 0.548900
vt 0.281300 0.543400
vt 0.265700 0.548600
vt 0.265700 0.543000
vt 0.250100 0.547900
vt 0.250100 0.542300
vt 0.234500 0.546800
vt 0.234500 0.541300
vt 0.218900 0.539900
vt 0.218800 0.545300
vt 0.203300 0.538000
vt 0.203200 0.543400
vt 0.187600 0.535700
vt 0.187600 0.540900
vt 0.172000 0.532900
vt 0.172000 0.537800
vt 0.156400 0.529700
vt 0.156300 0.534000
vt 0.140700 0.528700
vt 0.140800 0.526000
vt 0.359400 0.536400
vt 0.343800 0.537200
vt 0.328200 0.537900
vt 0.312600 0.538400
vt 0.297000 0.538600
vt 0.281400 0.538500
vt 0.265700 0.538100
vt 0.250100 0.537400
vt 0.234500 0.536400
vt 0.218900 0.535000
vt 0.203300 0.533400
vt 0.187700 0.531300
vt 0.172100 0.529000
vt 0.156400 0.526300
vt 0.140800 0.523500
vt 0.359400 0.533200
vt 0.343800 0.533700
vt 0.328200 0.534100
vt 0.312600 0.534300
vt 0.297000 0.534300
vt 0.281400 0.534100
vt 0.265800 0.533600
vt 0.250200 0.533000
vt 0.234500 0.532000
vt 0.218900 0.530800
vt 0.203300 0.529300
vt 0.187700 0.527600
vt 0.172100 0.525700
vt 0.156500 0.523500
vt 0.140900 0.521300
vt 0.359400 0.530200
vt 0.343800 0.530400
vt 0.328200 0.530500
vt 0.312600 0.530500
vt 0.297000 0.530400
vt 0.281400 0.530100
vt 0.265800 0.529700
vt 0.250200 0.529000
vt 0.234600 0.528100
vt 0.219000 0.527000
vt 0.203400 0.525800
vt 0.187700 0.524300
vt 0.172100 0.522700
vt 0.156500 0.521000
vt 0.140900 0.519200
vt 0.359400 0.527300
vt 0.343800 0.527300
vt 0.328200 0.527200
vt 0.312600 0.527100
vt 0.297000 0.526900
vt 0.281400 0.526500
vt 0.265800 0.526000
vt 0.250200 0.525400
vt 0.234600 0.524600
vt 0.219000 0.523700
vt 0.203400 0.522600
vt 0.187800 0.521400
vt 0.172200 0.520100
vt 0.156600 0.518700
vt 0.141000 0.517200
vt 0.359400 0.524400
vt 0.343800 0.524300
vt 0.328200 0.524100
vt 0.312600 0.523900
vt 0.297000 0.523600
vt 0.281400 0.523200
vt 0.265800 0.522800
vt 0.250200 0.522200
vt 0.234600 0.521500
vt 0.219000 0.520600
vt 0.203400 0.519700
vt 0.187800 0.518700
vt 0.172200 0.517700
vt 0.156600 0.516500
vt 0.141000 0.515400
vt 0.359400 0.521600
vt 0.343800 0.521400
vt 0.328200 0.521100
vt 0.312600 0.520900
vt 0.297000 0.520500
vt 0.281400 0.520200
vt 0.265900 0.519700
vt 0.250300 0.519200
vt 0.234700 0.518600
vt 0.219100 0.517900
vt 0.203500 0.517100
vt 0.187900 0.516300
vt 0.172300 0.515400
vt 0.156700 0.514500
vt 0.141100 0.513600
vt 0.359400 0.518800
vt 0.343800 0.518500
vt 0.328200 0.518300
vt 0.312600 0.518000
vt 0.297100 0.517600
vt 0.281500 0.517300
vt 0.265900 0.516800
vt 0.250300 0.516400
vt 0.234700 0.515800
vt 0.219100 0.515300
vt 0.203500 0.514600
vt 0.187900 0.514000
vt 0.172300 0.513300
vt 0.156700 0.512500
vt 0.141200 0.511800
vt 0.359400 0.516100
vt 0.343800 0.515800
vt 0.328200 0.515500
vt 0.312700 0.515200
vt 0.297100 0.514900
vt 0.281500 0.514500
vt 0.265900 0.514100
vt 0.250300 0.513700
vt 0.234700 0.513300
vt 0.219100 0.512800
vt 0.203600 0.512300
vt 0.188000 0.511800
vt 0.172400 0.511200
vt 0.156800 0.510600
vt 0.141200 0.510100
vt 0.359400 0.513300
vt 0.343800 0.513100
vt 0.328300 0.512800
vt 0.312700 0.512500
vt 0.297100 0.512200
vt 0.281500 0.511900
vt 0.265900 0.511600
vt 0.250300 0.511200
vt 0.234800 0.510900
vt 0.219200 0.510500
vt 0.203600 0.510100
vt 0.188000 0.509700
vt 0.172400 0.509200
vt 0.156900 0.508800
vt 0.141300 0.508300
vt 0.359400 0.510700
vt 0.343800 0.510400
vt 0.328300 0.510200
vt 0.312700 0.509900
vt 0.297100 0.509700
vt 0.281500 0.509400
vt 0.266000 0.509100
vt 0.250400 0.508900
vt 0.234800 0.508600
vt 0.219200 0.508300
vt 0.203600 0.507900
vt 0.188100 0.507600
vt 0.172500 0.507300
vt 0.156900 0.507000
vt 0.141300 0.506600
vt 0.359400 0.508000
vt 0.343900 0.507800
vt 0.328300 0.507600
vt 0.312700 0.507400
vt 0.297100 0.507200
vt 0.281600 0.507000
vt 0.266000 0.506800
vt 0.250400 0.506600
vt 0.234800 0.506300
vt 0.219300 0.506100
vt 0.203700 0.505900
vt 0.188100 0.505700
vt 0.172500 0.505400
vt 0.157000 0.505200
vt 0.141400 0.505000
vt 0.359400 0.505300
vt 0.343900 0.505200
vt 0.328300 0.505000
vt 0.312700 0.504900
vt 0.297100 0.504800
vt 0.281600 0.504600
vt 0.266000 0.504500
vt 0.250400 0.504300
vt 0.234900 0.504200
vt 0.219300 0.504000
vt 0.203700 0.503900
vt 0.188200 0.503800
vt 0.172600 0.503600
vt 0.157000 0.503500
vt 0.141500 0.503300
vt 0.359400 0.502700
vt 0.343900 0.502600
vt 0.328300 0.502500
vt 0.312700 0.502400
vt 0.297200 0.502400
vt 0.281600 0.502300
vt 0.266000 0.502200
vt 0.250500 0.502200
vt 0.234900 0.502100
vt 0.219300 0.502000
vt 0.203800 0.501900
vt 0.188200 0.501900
vt 0.172600 0.501800
vt 0.157100 0.501700
vt 0.141500 0.501700
vt 0.359000 0.547900
vt 0.375000 0.540900
vt 0.343200 0.551400
vt 0.327800 0.553200
vt 0.312400 0.554300
vt 0.296900 0.554900
vt 0.281300 0.555100
vt 0.265700 0.554800
vt 0.250100 0.554100
vt 0.234500 0.553100
vt 0.218800 0.551600
vt 0.203200 0.549600
vt 0.187600 0.547100
vt 0.171900 0.543900
vt 0.156300 0.539800
vt 0.140700 0.533100
vt 0.125100 0.523700
vt 0.125000 0.525300
vt 0.125100 0.522100
vt 0.125200 0.520500
vt 0.125300 0.518900
vt 0.125300 0.517400
vt 0.125400 0.515800
vt 0.125400 0.514200
vt 0.125500 0.512600
vt 0.125600 0.511100
vt 0.125600 0.509500
vt 0.125700 0.507900
vt 0.125800 0.506300
vt 0.125800 0.504700
vt 0.125900 0.503200
vt 0.125900 0.501600
vt 0.126000 0.500000
vt 0.141600 0.500000
vt 0.157100 0.500000
vt 0.172700 0.500000
vt 0.188300 0.500000
vt 0.203800 0.500000
vt 0.219400 0.500000
vt 0.234900 0.500000
vt 0.250500 0.500000
vt 0.266100 0.500000
vt 0.281600 0.500000
vt 0.297200 0.500000
vt 0.312800 0.500000
vt 0.328300 0.500000
vt 0.343900 0.500000
vt 0.359400 0.500000
vt 0.375000 0.502700
vt 0.375000 0.500000
vt 0.375000 0.505400
vt 0.375000 0.508200
vt 0.375000 0.510900
vt 0.375000 0.513600
vt 0.375000 0.516300
vt 0.375000 0.519100
vt 0.375000 0.521800
vt 0.375000 0.524500
vt 0.375000 0.527200
vt 0.375000 0.530000
vt 0.375000 0.532700
vt 0.375000 0.535400
vt 0.375000 0.538100
vt 0.140600 0.553500
vt 0.140600 0.542400
vt 0.156300 0.547600
vt 0.156300 0.557000
vt 0.171900 0.560100
vt 0.171900 0.551400
vt 0.187600 0.554400
vt 0.187500 0.562700
vt 0.203200 0.556800
vt 0.203200 0.564800
vt 0.218800 0.558700
vt 0.218800 0.566500
vt 0.234400 0.560100
vt 0.234400 0.567800
vt 0.250100 0.561100
vt 0.250000 0.568700
vt 0.265700 0.561700
vt 0.265700 0.569200
vt 0.281300 0.561900
vt 0.281200 0.569500
vt 0.296800 0.561800
vt 0.296700 0.569300
vt 0.312000 0.568800
vt 0.312200 0.561200
vt 0.327500 0.560100
vt 0.327100 0.567800
vt 0.342500 0.558400
vt 0.341700 0.566500
vt 0.356800 0.556200
vt 0.355300 0.564900
vt 0.140600 0.564700
vt 0.156300 0.567300
vt 0.171900 0.569600
vt 0.187500 0.571700
vt 0.203200 0.573500
vt 0.218800 0.574900
vt 0.234400 0.576000
vt 0.250000 0.576800
vt 0.265700 0.577300
vt 0.281200 0.577500
vt 0.296600 0.577400
vt 0.311800 0.577000
vt 0.326800 0.576300
vt 0.341100 0.575300
vt 0.354600 0.574100
vt 0.140600 0.576200
vt 0.156300 0.578000
vt 0.171900 0.579800
vt 0.187500 0.581400
vt 0.203200 0.582800
vt 0.218800 0.583900
vt 0.234400 0.584800
vt 0.250000 0.585400
vt 0.265600 0.585800
vt 0.281200 0.586000
vt 0.296600 0.585900
vt 0.311700 0.585600
vt 0.326600 0.585100
vt 0.340900 0.584400
vt 0.354500 0.583600
vt 0.140600 0.587800
vt 0.156300 0.589100
vt 0.171900 0.590300
vt 0.187500 0.591400
vt 0.203100 0.592400
vt 0.218800 0.593300
vt 0.234400 0.593900
vt 0.250000 0.594400
vt 0.265600 0.594700
vt 0.281200 0.594900
vt 0.296600 0.594800
vt 0.311700 0.594600
vt 0.326600 0.594300
vt 0.340900 0.593800
vt 0.354800 0.593300
vt 0.140600 0.599500
vt 0.156300 0.600300
vt 0.171900 0.601100
vt 0.187500 0.601800
vt 0.203100 0.602400
vt 0.218800 0.602900
vt 0.234400 0.603400
vt 0.250000 0.603700
vt 0.265600 0.603900
vt 0.281200 0.604000
vt 0.296600 0.604000
vt 0.311800 0.603800
vt 0.326600 0.603700
vt 0.341100 0.603400
vt 0.355100 0.603100
vt 0.156300 0.611600
vt 0.140600 0.611300
vt 0.171900 0.612000
vt 0.187500 0.612300
vt 0.203100 0.612600
vt 0.218800 0.612800
vt 0.234400 0.613000
vt 0.250000 0.613100
vt 0.265600 0.613200
vt 0.281200 0.613300
vt 0.296600 0.613300
vt 0.311800 0.613200
vt 0.326700 0.613100
vt 0.341300 0.613100
vt 0.355500 0.613000
vt 0.156300 0.623000
vt 0.140600 0.623100
vt 0.171900 0.622900
vt 0.187500 0.622900
vt 0.203100 0.622800
vt 0.218800 0.622800
vt 0.234400 0.622700
vt 0.250000 0.622700
vt 0.265600 0.622600
vt 0.281200 0.622600
vt 0.296600 0.622600
vt 0.311800 0.622600
vt 0.326800 0.622700
vt 0.341400 0.622800
vt 0.355700 0.622800
vt 0.156300 0.634400
vt 0.140600 0.634900
vt 0.171900 0.633900
vt 0.187500 0.633500
vt 0.203100 0.633100
vt 0.218800 0.632700
vt 0.234400 0.632400
vt 0.250000 0.632200
vt 0.265600 0.632100
vt 0.281200 0.632000
vt 0.296600 0.632000
vt 0.311800 0.632100
vt 0.326800 0.632200
vt 0.341400 0.632400
vt 0.355500 0.632700
vt 0.156300 0.645700
vt 0.140600 0.646700
vt 0.171900 0.644800
vt 0.187500 0.644000
vt 0.203100 0.643300
vt 0.218800 0.642600
vt 0.234400 0.642100
vt 0.250000 0.641700
vt 0.265600 0.641400
vt 0.281200 0.641300
vt 0.296600 0.641300
vt 0.311800 0.641400
vt 0.326700 0.641600
vt 0.341200 0.642000
vt 0.355200 0.642500
vt 0.156300 0.657000
vt 0.140600 0.658400
vt 0.171900 0.655600
vt 0.187500 0.654400
vt 0.203100 0.653300
vt 0.218800 0.652300
vt 0.234400 0.651500
vt 0.250000 0.651000
vt 0.265600 0.650600
vt 0.281200 0.650400
vt 0.296600 0.650400
vt 0.311700 0.650600
vt 0.326600 0.650900
vt 0.341000 0.651500
vt 0.354900 0.652200
vt 0.156300 0.668000
vt 0.140600 0.670000
vt 0.171900 0.666100
vt 0.187500 0.664400
vt 0.203200 0.663000
vt 0.218800 0.661700
vt 0.234400 0.660700
vt 0.250000 0.660000
vt 0.265700 0.659500
vt 0.281200 0.659200
vt 0.296600 0.659200
vt 0.311800 0.659500
vt 0.326600 0.660000
vt 0.341000 0.660700
vt 0.354600 0.661700
vt 0.156300 0.678800
vt 0.140600 0.681500
vt 0.171900 0.676400
vt 0.187500 0.674100
vt 0.203200 0.672300
vt 0.218800 0.670700
vt 0.234400 0.669500
vt 0.250000 0.668600
vt 0.265700 0.668000
vt 0.281200 0.667700
vt 0.296600 0.667800
vt 0.311900 0.668100
vt 0.326800 0.668800
vt 0.341200 0.669700
vt 0.354800 0.670900
vt 0.156300 0.689200
vt 0.140600 0.692700
vt 0.171900 0.686000
vt 0.187500 0.683300
vt 0.203200 0.681000
vt 0.218800 0.679300
vt 0.234400 0.677900
vt 0.250100 0.676800
vt 0.265700 0.676200
vt 0.281200 0.675800
vt 0.296700 0.675900
vt 0.312000 0.676300
vt 0.327100 0.677100
vt 0.341700 0.678300
vt 0.355400 0.679900
vt 0.156300 0.698600
vt 0.140600 0.703800
vt 0.171900 0.694800
vt 0.187600 0.691700
vt 0.203200 0.689200
vt 0.218800 0.687200
vt 0.234400 0.685600
vt 0.250100 0.684500
vt 0.265700 0.683800
vt 0.281300 0.683400
vt 0.296800 0.683400
vt 0.312200 0.683900
vt 0.327500 0.684800
vt 0.342500 0.686300
vt 0.356800 0.688200
vt 0.125000 0.537500
vt 0.125000 0.708800
vt 0.125000 0.696600
vt 0.125000 0.684300
vt 0.125000 0.672100
vt 0.125000 0.659900
vt 0.125000 0.647600
vt 0.125000 0.635400
vt 0.125000 0.623100
vt 0.125000 0.610900
vt 0.125000 0.598700
vt 0.125000 0.586400
vt 0.125000 0.574200
vt 0.125000 0.562000
vt 0.125000 0.549700
s 0
usemtl Goddard_None
f 1/1/1 2/2/1 3/3/1
f 3/3/1 4/4/1 1/1/1
f 5/5/2 6/6/2 4/4/2
f 4/4/2 3/3/2 5/5/2
f 6/6/3 5/5/3 7/7/3
f 7/7/3 8/8/3 6/6/3
f 8/8/4 7/7/4 9/9/4
f 9/9/4 10/10/4 8/8/4
f 9/9/5 11/11/5 12/12/5
f 12/12/5 10/10/5 9/9/5
f 12/12/6 11/11/6 13/13/6
f 13/13/7 14/14/7 12/12/7
f 14/14/8 13/13/8 15/15/8
f 15/15/8 16/16/8 14/14/8
f 17/17/9 1/1/9 4/4/9
f 4/4/9 18/18/9 17/17/9
f 18/18/10 4/4/10 6/6/10
f 6/6/10 19/19/10 18/18/10
f 6/6/11 8/8/11 20/20/11
f 20/20/11 19/19/11 6/6/11
f 20/20/12 8/8/12 10/10/12
f 10/10/12 21/21/12 20/20/12
f 21/21/13 10/10/13 12/12/13
f 12/12/13 22/22/13 21/21/13
f 12/12/14 14/14/14 23/23/14
f 23/23/14 22/22/14 12/12/14
f 23/23/15 14/14/15 16/16/15
f 16/16/16 24/24/16 23/23/16
f 17/17/17 18/18/17 25/25/17
f 25/25/17 26/26/17 17/17/17
f 25/25/18 18/18/18 19/19/18
f 19/19/18 27/27/18 25/25/18
f 27/27/19 19/19/19 20/20/19
f 20/20/20 28/28/20 27/27/20
f 21/21/21 29/29/21 28/28/21
f 28/28/21 20/20/21 21/21/21
f 29/29/22 21/21/22 22/22/22
f 22/22/22 30/30/22 29/29/22
f 30/30/23 22/22/23 23/23/23
f 23/23/24 31/31/24 30/30/24
f 23/23/25 24/24/25 32/32/25
f 32/32/25 31/31/25 23/23/25
f 33/33/26 26/26/26 25/25/26
f 25/25/27 34/34/27 33/33/27
f 27/27/28 35/35/28 34/34/28
f 34/34/28 25/25/28 27/27/28
f 35/35/29 27/27/29 28/28/29
f 28/28/29 36/36/29 35/35/29
f 36/36/30 28/28/30 29/29/30
f 29/29/30 37/37/30 36/36/30
f 30/30/31 38/38/31 37/37/31
f 37/37/31 29/29/31 30/30/31
f 38/38/32 30/30/32 31/31/32
f 31/31/33 39/39/33 38/38/33
f 39/39/34 31/31/34 32/32/34
f 32/32/34 40/40/34 39/39/34
f 41/41/35 33/33/35 34/34/35
f 34/34/35 42/42/35 41/41/35
f 42/42/36 34/34/36 35/35/36
f 35/35/36 43/43/36 42/42/36
f 35/35/37 36/36/37 44/44/37
f 44/44/37 43/43/37 35/35/37
f 44/44/38 36/36/38 37/37/38
f 37/37/39 45/45/39 44/44/39
f 45/45/40 37/37/40 38/38/40
f 38/38/40 46/46/40 45/45/40
f 41/41/41 42/42/41 47/47/41
f 47/47/41 48/48/41 41/41/41
f 43/43/42 49/49/42 47/47/42
f 47/47/42 42/42/42 43/43/42
f 44/44/43 50/50/43 49/49/43
f 49/49/44 43/43/44 44/44/44
f 44/44/45 45/45/45 51/51/45
f 51/51/45 50/50/45 44/44/45
f 45/45/46 46/46/46 52/52/46
f 52/52/46 51/51/46 45/45/46
f 53/53/47 54/54/47 55/55/47
f 55/55/47 56/56/47 53/53/47
f 57/57/48 58/58/48 55/55/48
f 55/55/48 54/54/48 57/57/48
f 59/59/49 58/58/49 57/57/49
f 57/57/50 60/60/50 59/59/50
f 56/56/51 55/55/51 61/61/51
f 61/61/51 62/62/51 56/56/51
f 55/55/52 58/58/52 63/63/52
f 63/63/52 61/61/52 55/55/52
f 59/59/53 64/64/53 63/63/53
f 63/63/54 58/58/54 59/59/54
f 59/59/55 65/65/55 66/66/55
f 66/66/55 64/64/55 59/59/55
f 61/61/56 67/67/56 68/68/56
f 68/68/56 62/62/56 61/61/56
f 61/61/57 63/63/57 69/69/57
f 69/69/57 67/67/57 61/61/57
f 63/63/58 64/64/58 70/70/58
f 70/70/58 69/69/58 63/63/58
f 64/64/59 66/66/59 71/71/59
f 71/71/59 70/70/59 64/64/59
f 68/68/60 67/67/60 72/72/60
f 72/72/60 73/73/60 68/68/60
f 69/69/61 74/74/61 72/72/61
f 72/72/62 67/67/62 69/69/62
f 69/69/63 70/70/63 75/75/64
f 75/75/64 74/74/64 69/69/64
f 70/70/65 71/71/65 76/76/65
f 76/76/65 75/75/65 70/70/65
f 73/73/66 72/72/66 77/77/66
f 77/77/66 78/78/66 73/73/66
f 72/72/67 74/74/67 79/79/67
f 79/79/67 77/77/67 72/72/67
f 74/74/68 75/75/68 80/80/68
f 80/80/68 79/79/68 74/74/68
f 75/75/69 76/76/69 81/81/69
f 81/81/69 80/80/69 75/75/69
f 78/78/70 77/77/70 82/82/70
f 82/82/70 83/83/70 78/78/70
f 77/77/71 79/79/71 84/84/71
f 84/84/71 82/82/71 77/77/71
f 79/79/72 80/80/72 85/85/72
f 85/85/72 84/84/72 79/79/72
f 81/81/73 86/86/73 85/85/73
f 85/85/73 80/80/73 81/81/73
f 87/87/74 88/88/74 89/89/74
f 89/89/74 90/90/74 87/87/74
f 90/90/75 89/89/75 91/91/75
f 91/91/75 92/92/75 90/90/75
f 93/93/76 94/94/76 92/92/76
f 92/92/76 91/91/76 93/93/76
f 94/94/77 93/93/77 95/95/77
f 95/95/77 96/96/77 94/94/77
f 96/96/78 95/95/78 97/97/78
f 97/97/78 98/98/78 96/96/78
f 97/97/79 99/99/79 100/100/79
f 100/100/79 98/98/79 97/97/79
f 100/100/80 99/99/80 101/101/80
f 101/101/80 102/102/80 100/100/80
f 90/90/81 103/103/81 104/104/81
f 104/104/81 87/87/81 90/90/81
f 103/103/82 90/90/82 92/92/82
f 92/92/82 105/105/82 103/103/82
f 105/105/83 92/92/83 94/94/83
f 94/94/83 106/106/83 105/105/83
f 96/96/84 107/107/84 106/106/84
f 106/106/84 94/94/84 96/96/84
f 107/107/85 96/96/85 98/98/85
f 98/98/85 108/108/85 107/107/85
f 108/108/86 98/98/86 100/100/86
f 100/100/86 109/109/86 108/108/86
f 100/100/87 102/102/87 110/110/87
f 110/110/87 109/109/87 100/100/87
f 111/111/88 104/104/88 103/103/88
f 103/103/88 112/112/88 111/111/88
f 103/103/89 105/105/89 113/113/89
f 113/113/89 112/112/89 103/103/89
f 113/113/90 105/105/90 106/106/90
f 106/106/90 114/114/90 113/113/90
f 114/114/91 106/106/91 107/107/91
f 107/107/91 115/115/91 114/114/91
f 108/108/92 116/116/92 115/115/92
f 115/115/92 107/107/92 108/108/92
f 116/116/93 108/108/93 109/109/93
f 109/109/93 117/117/93 116/116/93
f 117/117/94 109/109/94 110/110/94
f 110/110/94 118/118/94 117/117/94
f 119/119/95 111/111/95 112/112/95
f 112/112/95 120/120/95 119/119/95
f 120/120/96 112/112/96 113/113/96
f 113/113/96 121/121/96 120/120/96
f 114/114/97 122/122/97 121/121/97
f 121/121/97 113/113/97 114/114/97
f 122/122/98 114/114/98 115/115/98
f 115/115/98 123/123/98 122/122/98
f 123/123/99 115/115/99 116/116/99
f 116/116/99 124/124/99 123/123/99
f 117/117/100 125/125/100 124/124/100
f 124/124/100 116/116/100 117/117/100
f 125/125/101 117/117/101 118/118/101
f 118/118/101 126/126/101 125/125/101
f 125/125/102 127/127/102 128/128/102
f 128/128/102 124/124/102 125/125/102
f 125/125/103 126/126/103 129/129/103
f 129/129/103 127/127/103 125/125/103
f 130/130/104 131/131/104 132/132/104
f 132/132/104 133/133/104 130/130/104
f 134/134/105 135/135/105 133/133/105
f 133/133/105 132/132/105 134/134/105
f 135/135/106 134/134/106 136/136/106
f 136/136/106 137/137/106 135/135/106
f 137/137/107 136/136/107 138/138/107
f 138/138/107 139/139/107 137/137/107
f 138/138/108 140/140/108 141/141/108
f 141/141/108 139/139/108 138/138/108
f 141/141/109 140/140/109 142/142/109
f 142/142/109 143/143/109 141/141/109
f 143/143/110 142/142/110 144/144/110
f 144/144/111 145/145/111 143/143/111
f 146/146/112 130/130/112 133/133/112
f 133/133/112 147/147/112 146/146/112
f 147/147/113 133/133/113 135/135/113
f 135/135/113 148/148/113 147/147/113
f 137/137/114 149/149/114 148/148/114
f 148/148/115 135/135/115 137/137/115
f 149/149/116 137/137/116 139/139/116
f 139/139/116 150/150/116 149/149/116
f 150/150/117 139/139/117 141/141/117
f 141/141/117 151/151/117 150/150/117
f 141/141/118 143/143/118 152/152/118
f 152/152/118 151/151/118 141/141/118
f 152/152/119 143/143/119 145/145/119
f 145/145/119 153/153/119 152/152/119
f 154/154/120 155/155/120 146/146/120
f 146/146/120 147/147/120 154/154/120
f 148/148/121 156/156/121 154/154/121
f 154/154/121 147/147/121 148/148/121
f 157/157/122 156/156/122 148/148/122
f 148/148/122 149/149/122 157/157/122
f 149/149/123 150/150/123 158/158/123
f 158/158/123 157/157/123 149/149/123
f 158/158/124 150/150/124 151/151/124
f 151/151/124 159/159/124 158/158/124
f 151/151/125 152/152/125 160/160/125
f 160/160/125 159/159/125 151/151/125
f 161/161/126 160/160/126 152/152/126
f 152/152/126 153/153/126 161/161/126
f 155/155/127 154/154/127 162/162/127
f 162/162/127 163/163/127 155/155/127
f 164/164/128 162/162/128 154/154/128
f 154/154/128 156/156/128 164/164/128
f 165/165/129 164/164/129 156/156/129
f 156/156/129 157/157/129 165/165/129
f 158/158/130 166/166/130 165/165/130
f 165/165/130 157/157/130 158/158/130
f 159/159/131 167/167/131 166/166/131
f 166/166/131 158/158/131 159/159/131
f 160/160/132 168/168/132 167/167/132
f 167/167/132 159/159/132 160/160/132
f 161/161/133 169/169/133 168/168/133
f 168/168/133 160/160/133 161/161/133
f 162/162/134 170/170/134 171/171/134
f 171/171/134 163/163/134 162/162/134
f 164/164/135 172/172/135 170/170/135
f 170/170/135 162/162/135 164/164/135
f 172/172/136 164/164/136 165/165/136
f 165/165/136 173/173/136 172/172/136
f 166/166/137 174/174/137 173/173/137
f 173/173/137 165/165/137 166/166/137
f 167/167/138 175/175/138 174/174/138
f 174/174/138 166/166/138 167/167/138
f 175/175/139 167/167/139 168/168/139
f 168/168/139 176/176/139 175/175/139
f 169/169/140 177/177/140 176/176/140
f 176/176/140 168/168/140 169/169/140
f 178/178/141 171/171/141 170/170/141
f 170/170/141 179/179/141 178/178/141
f 172/172/142 180/180/142 179/179/142
f 179/179/142 170/170/142 172/172/142
f 173/173/143 181/181/143 180/180/143
f 180/180/143 172/172/143 173/173/143
f 181/181/144 173/173/144 174/174/144
f 174/174/144 182/182/144 181/181/144
f 175/175/145 183/183/145 182/182/145
f 182/182/145 174/174/145 175/175/145
f 15/15/146 83/83/146 82/82/146
f 82/82/147 16/16/147 15/15/147
f 16/16/148 82/82/148 84/84/148
f 84/84/148 24/24/148 16/16/148
f 84/84/149 85/85/149 32/32/149
f 32/32/149 24/24/149 84/84/149
f 32/32/150 85/85/150 86/86/150
f 86/86/150 40/40/150 32/32/150
f 101/101/151 178/178/151 179/179/151
f 179/179/151 102/102/151 101/101/151
f 102/102/152 179/179/152 180/180/152
f 180/180/152 110/110/152 102/102/152
f 180/180/153 181/181/153 118/118/153
f 118/118/153 110/110/153 180/180/153
f 118/118/154 181/181/154 182/182/154
f 182/182/154 126/126/154 118/118/154
f 126/126/155 182/182/155 183/183/155
f 183/183/155 129/129/155 126/126/155
f 48/48/156 47/47/156 145/145/156
f 145/145/157 144/144/157 48/48/157
f 145/145/158 47/47/158 49/49/158
f 49/49/158 153/153/158 145/145/158
f 49/49/159 50/50/159 161/161/159
f 161/161/160 153/153/160 49/49/160
f 161/161/161 50/50/161 51/51/161
f 51/51/161 169/169/161 161/161/161
f 51/51/162 52/52/162 177/177/162
f 177/177/162 169/169/162 51/51/162
f 184/184/163 185/185/163 186/186/163
f 186/186/163 2/2/163 184/184/163
f 3/3/164 2/2/164 186/186/164
f 186/186/164 187/187/164 3/3/164
f 5/5/165 3/3/165 187/187/165
f 187/187/165 188/188/165 5/5/165
f 189/189/166 7/7/166 5/5/166
f 5/5/167 188/188/167 189/189/167
f 190/190/168 9/9/168 7/7/168
f 7/7/168 189/189/168 190/190/168
f 191/191/169 11/11/169 9/9/169
f 9/9/169 190/190/169 191/191/169
f 11/11/170 191/191/170 192/192/170
f 192/192/170 13/13/170 11/11/170
f 193/193/171 15/15/171 13/13/171
f 13/13/172 192/192/172 193/193/172
f 194/194/173 184/184/173 2/2/173
f 2/2/173 1/1/173 194/194/173
f 17/17/174 195/195/174 194/194/174
f 194/194/174 1/1/174 17/17/174
f 26/26/175 196/196/175 195/195/175
f 195/195/175 17/17/175 26/26/175
f 33/33/176 197/197/176 196/196/176
f 196/196/176 26/26/176 33/33/176
f 41/41/177 198/198/177 197/197/177
f 197/197/177 33/33/177 41/41/177
f 48/48/178 199/199/178 198/198/178
f 198/198/178 41/41/178 48/48/178
f 144/144/179 200/200/179 199/199/179
f 199/199/179 48/48/179 144/144/179
f 201/201/180 202/202/180 53/53/180
f 53/53/180 203/203/180 201/201/180
f 53/53/181 202/202/181 204/204/181
f 204/204/181 54/54/181 53/53/181
f 204/204/182 205/205/182 57/57/182
f 57/57/182 54/54/182 204/204/182
f 205/205/183 206/206/183 60/60/183
f 60/60/183 57/57/183 205/205/183
f 56/56/184 207/207/184 203/203/184
f 203/203/184 53/53/184 56/56/184
f 56/56/185 62/62/185 208/208/185
f 208/208/185 207/207/185 56/56/185
f 209/209/186 208/208/186 62/62/186
f 62/62/186 68/68/186 209/209/186
f 68/68/187 73/73/187 210/210/187
f 210/210/188 209/209/188 68/68/188
f 210/210/189 73/73/189 78/78/189
f 78/78/189 211/211/189 210/210/189
f 83/83/190 212/212/190 211/211/190
f 211/211/190 78/78/190 83/83/190
f 15/15/191 193/193/191 212/212/191
f 212/212/191 83/83/191 15/15/191
f 213/213/192 88/88/192 214/214/192
f 214/214/192 215/215/193 213/213/192
f 89/89/194 88/88/194 213/213/194
f 213/213/194 216/216/194 89/89/194
f 217/217/195 91/91/195 89/89/195
f 89/89/195 216/216/195 217/217/195
f 218/218/196 93/93/196 91/91/196
f 91/91/196 217/217/196 218/218/196
f 219/219/197 95/95/197 93/93/197
f 93/93/197 218/218/197 219/219/197
f 97/97/198 95/95/198 219/219/198
f 219/219/198 220/220/198 97/97/198
f 99/99/199 97/97/199 220/220/199
f 220/220/199 221/221/199 99/99/199
f 99/99/200 221/221/200 222/222/200
f 222/222/201 101/101/201 99/99/201
f 87/87/202 223/223/202 214/214/202
f 214/214/202 88/88/202 87/87/202
f 223/223/203 87/87/203 104/104/203
f 104/104/203 224/224/203 223/223/203
f 111/111/204 225/225/204 224/224/204
f 224/224/204 104/104/204 111/111/204
f 226/226/205 225/225/205 111/111/205
f 111/111/206 119/119/206 226/226/206
f 227/227/207 131/131/207 228/228/207
f 228/228/207 229/229/207 227/227/207
f 131/131/208 227/227/208 230/230/208
f 230/230/208 132/132/208 131/131/208
f 132/132/209 230/230/209 231/231/209
f 231/231/209 134/134/209 132/132/209
f 134/134/210 231/231/210 232/232/210
f 232/232/210 136/136/210 134/134/210
f 136/136/211 232/232/211 233/233/211
f 233/233/211 138/138/211 136/136/211
f 138/138/212 233/233/212 234/234/212
f 234/234/212 140/140/212 138/138/212
f 140/140/213 234/234/213 235/235/213
f 235/235/213 142/142/213 140/140/213
f 142/142/214 235/235/214 200/200/214
f 200/200/214 144/144/214 142/142/214
f 130/130/215 236/236/215 228/228/215
f 228/228/215 131/131/215 130/130/215
f 146/146/216 237/237/216 236/236/216
f 236/236/216 130/130/216 146/146/216
f 155/155/217 238/238/217 237/237/217
f 237/237/217 146/146/217 155/155/217
f 163/163/218 239/239/218 238/238/218
f 238/238/218 155/155/218 163/163/218
f 171/171/219 240/240/219 239/239/219
f 239/239/219 163/163/219 171/171/219
f 178/178/220 241/241/220 240/240/220
f 240/240/220 171/171/220 178/178/220
f 222/222/221 241/241/221 178/178/221
f 178/178/221 101/101/221 222/222/221
f 242/242/222 243/243/222 244/244/222
f 244/244/222 245/245/222 242/242/222
f 246/246/223 247/247/223 245/245/223
f 245/245/223 244/244/223 246/246/223
f 248/248/224 249/249/224 247/247/224
f 247/247/224 246/246/224 248/248/224
f 245/245/225 250/250/225 251/251/225
f 251/251/226 242/242/226 245/245/226
f 247/247/227 252/252/227 250/250/227
f 250/250/227 245/245/227 247/247/227
f 252/252/228 247/247/228 249/249/228
f 249/249/228 253/253/228 252/252/228
f 250/250/229 254/254/229 255/255/229
f 255/255/229 251/251/229 250/250/229
f 254/254/230 250/250/230 252/252/230
f 252/252/230 256/256/230 254/254/230
f 253/253/231 257/257/231 256/256/231
f 256/256/231 252/252/231 253/253/231
f 258/258/232 255/255/232 254/254/232
f 254/254/232 259/259/232 258/258/232
f 256/256/233 260/260/233 259/259/233
f 259/259/233 254/254/233 256/256/233
f 257/257/234 261/261/234 260/260/234
f 260/260/234 256/256/234 257/257/234
f 259/259/235 262/262/235 263/263/235
f 263/263/235 258/258/235 259/259/235
f 260/260/236 264/264/236 262/262/236
f 262/262/236 259/259/236 260/260/236
f 264/264/237 260/260/237 261/261/237
f 261/261/237 265/265/237 264/264/237
f 262/262/238 266/266/238 267/267/238
f 267/267/239 263/263/239 262/262/239
f 266/266/240 262/262/240 264/264/240
f 264/264/240 268/268/240 266/266/240
f 265/265/241 269/269/241 268/268/241
f 268/268/241 264/264/241 265/265/241
f 270/270/242 267/267/242 266/266/242
f 266/266/243 271/271/243 270/270/243
f 268/268/244 272/272/244 271/271/244
f 271/271/244 266/266/244 268/268/244
f 269/269/245 273/273/245 272/272/245
f 272/272/245 268/268/245 269/269/245
f 271/271/246 274/274/246 275/275/246
f 275/275/246 270/270/246 271/271/246
f 272/272/247 276/276/247 274/274/247
f 274/274/247 271/271/247 272/272/247
f 276/276/248 272/272/248 273/273/248
f 273/273/248 277/277/248 276/276/248
f 274/274/249 278/278/249 279/279/249
f 279/279/249 275/275/249 274/274/249
f 278/278/250 274/274/250 276/276/250
f 276/276/250 280/280/250 278/278/250
f 277/277/251 281/281/251 280/280/251
f 280/280/251 276/276/251 277/277/251
f 282/282/252 279/279/252 278/278/252
f 278/278/252 283/283/252 282/282/252
f 280/280/253 284/284/254 283/283/253
f 283/283/253 278/278/253 280/280/253
f 281/281/255 285/285/255 284/284/255
f 284/284/255 280/280/255 281/281/255
f 283/283/256 286/286/256 287/287/256
f 287/287/256 282/282/256 283/283/256
f 284/284/257 288/288/257 286/286/257
f 286/286/257 283/283/257 284/284/257
f 288/288/258 284/284/258 285/285/258
f 285/285/258 289/289/258 288/288/258
f 286/286/259 290/290/259 291/291/259
f 291/291/259 287/287/259 286/286/259
f 290/290/260 286/286/261 288/288/260
f 288/288/260 292/292/260 290/290/260
f 289/289/262 293/293/262 292/292/262
f 292/292/262 288/288/263 289/289/262
f 294/294/264 291/291/264 290/290/264
f 290/290/264 295/295/264 294/294/264
f 292/292/265 296/296/265 295/295/265
f 295/295/265 290/290/265 292/292/265
f 293/293/266 297/297/266 296/296/266
f 296/296/266 292/292/266 293/293/266
f 295/295/267 298/298/267 299/299/267
f 299/299/267 294/294/267 295/295/267
f 296/296/268 300/300/268 298/298/268
f 298/298/269 295/295/269 296/296/269
f 300/300/270 296/296/270 297/297/270
f 297/297/271 301/301/271 300/300/271
f 302/302/272 303/303/272 304/304/272
f 304/304/272 243/243/272 302/302/272
f 244/244/273 243/243/273 304/304/273
f 304/304/273 305/305/273 244/244/273
f 306/306/274 246/246/274 244/244/274
f 244/244/274 305/305/274 306/306/274
f 307/307/275 248/248/275 246/246/275
f 246/246/275 306/306/275 307/307/275
f 301/301/276 206/308/276 205/309/276
f 205/309/276 300/300/276 301/301/276
f 204/310/277 298/298/277 300/300/277
f 300/300/277 205/309/277 204/310/277
f 204/310/278 202/311/278 299/299/278
f 299/299/278 298/298/278 204/310/278
f 299/299/279 202/311/279 201/312/279
f 201/312/279 308/313/279 299/299/279
f 294/294/280 299/299/280 308/313/280
f 308/313/280 309/314/280 294/294/280
f 309/314/281 310/315/281 291/291/281
f 291/291/281 294/294/281 309/314/281
f 310/315/282 311/316/282 287/287/282
f 287/287/282 291/291/282 310/315/282
f 287/287/283 311/316/283 312/317/283
f 312/317/283 282/282/283 287/287/283
f 282/282/284 312/317/284 313/318/284
f 313/318/284 279/279/284 282/282/284
f 314/319/285 275/275/285 279/279/285
f 279/279/285 313/318/285 314/319/285
f 275/275/286 314/319/286 315/320/286
f 315/320/286 270/270/286 275/275/286
f 270/270/287 315/320/287 316/321/287
f 316/321/288 267/267/288 270/270/288
f 317/322/289 263/263/289 267/267/289
f 267/267/289 316/321/289 317/322/289
f 318/323/290 258/258/290 263/263/290
f 263/263/291 317/322/291 318/323/291
f 319/324/292 255/255/292 258/258/292
f 258/258/293 318/323/293 319/324/293
f 320/325/294 251/251/294 255/255/294
f 255/255/295 319/324/295 320/325/295
f 321/326/296 242/242/296 251/251/296
f 251/251/296 320/325/296 321/326/296
f 242/242/297 321/326/297 302/302/297
f 302/302/297 243/243/297 242/242/297
f 322/327/298 323/328/298 324/329/298
f 324/329/298 325/330/298 322/327/298
f 324/329/299 326/331/299 327/332/299
f 327/332/299 325/330/299 324/329/299
f 326/331/300 328/333/300 329/334/300
f 329/334/300 327/332/300 326/331/300
f 329/334/301 328/333/301 330/335/301
f 330/335/301 331/336/301 329/334/301
f 322/327/302 325/330/302 332/337/302
f 332/337/302 333/338/302 322/327/302
f 325/330/303 327/332/303 334/339/303
f 334/339/303 332/337/303 325/330/303
f 327/332/304 329/334/304 335/340/304
f 335/340/304 334/339/304 327/332/304
f 329/334/305 331/336/305 336/341/305
f 336/341/305 335/340/305 329/334/305
f 333/338/306 332/337/306 337/342/306
f 337/342/306 338/343/306 333/338/306
f 332/337/307 334/339/307 339/344/307
f 339/344/307 337/342/307 332/337/307
f 334/339/308 335/340/308 340/345/308
f 340/345/308 339/344/308 334/339/308
f 335/340/309 336/341/309 341/346/309
f 341/346/309 340/345/309 335/340/309
f 338/343/310 337/342/310 342/347/310
f 342/347/310 343/348/310 338/343/310
f 337/342/311 339/344/311 344/349/311
f 344/349/311 342/347/311 337/342/311
f 339/344/312 340/345/312 345/350/312
f 345/350/312 344/349/312 339/344/312
f 340/345/313 341/346/313 346/351/313
f 346/351/313 345/350/313 340/345/313
f 343/348/314 342/347/314 347/352/314
f 347/352/314 348/353/314 343/348/314
f 342/347/315 344/349/315 349/354/315
f 349/354/315 347/352/315 342/347/315
f 344/349/316 345/350/316 350/355/316
f 350/355/316 349/354/316 344/349/316
f 345/350/317 346/351/317 351/356/317
f 351/356/318 350/355/318 345/350/318
f 348/353/319 347/352/319 352/357/319
f 352/357/319 353/358/319 348/353/319
f 347/352/320 349/354/320 354/359/320
f 354/359/320 352/357/320 347/352/320
f 349/354/321 350/355/321 355/360/321
f 355/360/321 354/359/321 349/354/321
f 351/356/322 356/361/322 355/360/322
f 355/360/323 350/355/323 351/356/323
f 353/358/324 352/357/324 357/362/324
f 357/362/325 358/363/325 353/358/325
f 352/357/326 354/359/326 359/364/326
f 359/364/326 357/362/326 352/357/326
f 354/359/327 355/360/327 360/365/327
f 360/365/328 359/364/328 354/359/328
f 355/360/329 356/361/329 361/366/329
f 361/366/329 360/365/329 355/360/329
f 358/363/330 357/362/330 362/367/330
f 362/367/330 363/368/330 358/363/330
f 357/362/331 359/364/331 364/369/331
f 364/369/331 362/367/331 357/362/331
f 360/365/332 365/370/332 364/369/332
f 364/369/333 359/364/333 360/365/333
f 360/365/334 361/366/334 366/371/334
f 366/371/334 365/370/334 360/365/334
f 363/368/335 362/367/335 367/372/335
f 367/372/336 368/373/336 363/368/336
f 362/367/337 364/369/337 369/374/337
f 369/374/337 367/372/337 362/367/337
f 364/369/338 365/370/338 370/375/338
f 370/375/339 369/374/339 364/369/339
f 366/371/340 371/376/340 370/375/340
f 370/375/340 365/370/340 366/371/340
f 368/373/341 367/372/341 372/377/341
f 372/377/341 373/378/341 368/373/341
f 369/374/342 374/379/342 372/377/342
f 372/377/342 367/372/342 369/374/342
f 369/374/343 370/375/343 375/380/343
f 375/380/344 374/379/344 369/374/344
f 370/375/345 371/376/345 376/381/345
f 376/381/345 375/380/345 370/375/345
f 373/378/346 372/377/346 377/382/346
f 377/382/346 378/383/346 373/378/346
f 372/377/347 374/379/347 379/384/347
f 379/384/347 377/382/347 372/377/347
f 375/380/348 380/385/348 379/384/348
f 379/384/348 374/379/348 375/380/348
f 375/380/349 376/381/349 381/386/349
f 381/386/349 380/385/349 375/380/349
f 378/383/350 377/382/350 382/387/350
f 382/387/351 383/388/351 378/383/351
f 377/382/352 379/384/352 384/389/352
f 384/389/352 382/387/352 377/382/352
f 379/384/353 380/385/353 385/390/353
f 385/390/353 384/389/353 379/384/353
f 380/385/354 381/386/354 386/391/354
f 386/391/354 385/390/354 380/385/354
f 383/388/355 382/387/355 387/392/355
f 387/392/355 388/393/355 383/388/355
f 384/389/356 389/394/356 387/392/356
f 387/392/356 382/387/356 384/389/356
f 384/389/357 385/390/357 390/395/357
f 390/395/357 389/394/357 384/389/357
f 385/390/358 386/391/358 391/396/358
f 391/396/358 390/395/358 385/390/359
f 388/393/360 387/392/360 392/397/360
f 392/397/360 393/398/360 388/393/360
f 387/392/361 389/394/361 394/399/361
f 394/399/361 392/397/361 387/392/361
f 389/394/362 390/395/362 395/400/362
f 395/400/363 394/399/363 389/394/363
f 390/395/364 391/396/365 396/401/364
f 396/401/366 395/400/366 390/395/364
f 215/215/367 214/214/367 323/328/367
f 323/328/367 397/402/367 215/215/367
f 223/223/368 324/329/368 323/328/368
f 323/328/368 214/214/368 223/223/368
f 224/224/369 326/331/369 324/329/369
f 324/329/369 223/223/369 224/224/369
f 225/225/370 328/333/370 326/331/370
f 326/331/370 224/224/370 225/225/370
f 226/226/371 330/335/371 328/333/371
f 328/333/371 225/225/371 226/226/371
f 394/399/372 395/400/372 398/403/372
f 398/403/372 399/404/372 394/399/372
f 394/399/373 399/404/373 400/405/373
f 400/405/373 392/397/373 394/399/373
f 401/406/374 393/398/374 392/397/374
f 392/397/374 400/405/374 401/406/374
f 401/406/375 402/407/375 403/408/375
f 403/408/375 393/398/375 401/406/375
f 393/398/376 403/408/376 404/409/376
f 404/409/376 388/393/376 393/398/376
f 405/410/377 383/388/377 388/393/377
f 388/393/377 404/409/377 405/410/377
f 383/388/378 405/410/378 406/411/378
f 406/411/379 378/383/379 383/388/379
f 378/383/380 406/411/380 407/412/380
f 407/412/381 373/378/382 378/383/382
f 408/413/383 368/373/383 373/378/383
f 373/378/384 407/412/384 408/413/384
f 368/373/385 408/413/385 409/414/385
f 409/414/386 363/368/386 368/373/386
f 363/368/387 409/414/387 410/415/387
f 410/415/388 358/363/388 363/368/388
f 411/416/389 353/358/389 358/363/389
f 358/363/389 410/415/389 411/416/389
f 353/358/390 411/416/390 412/417/390
f 412/417/391 348/353/391 353/358/391
f 348/353/392 412/417/392 413/418/392
f 413/418/393 343/348/393 348/353/393
f 414/419/394 338/343/394 343/348/394
f 343/348/395 413/418/395 414/419/395
f 338/343/396 414/419/396 415/420/396
f 415/420/396 333/338/396 338/343/396
f 333/338/397 415/420/397 416/421/397
f 416/421/397 322/327/397 333/338/397
f 322/327/398 416/421/398 397/402/398
f 397/402/398 323/328/398 322/327/398
f 417/422/399 418/423/399 419/424/399
f 419/424/399 420/425/399 417/422/399
f 417/422/400 421/426/400 422/427/400
f 422/427/400 418/423/400 417/422/400
f 421/426/401 423/428/401 424/429/401
f 424/429/402 422/427/402 421/426/402
f 425/430/403 426/431/403 424/429/403
f 424/429/403 423/428/403 425/430/403
f 425/430/404 427/432/404 428/433/404
f 428/433/405 426/431/405 425/430/405
f 427/432/406 429/434/406 430/435/406
f 430/435/407 428/433/407 427/432/407
f 429/434/408 431/436/408 432/437/408
f 432/437/408 430/435/408 429/434/408
f 431/436/409 433/438/409 434/439/409
f 434/439/410 432/437/410 431/436/410
f 433/438/411 435/440/411 436/441/411
f 436/441/412 434/439/412 433/438/412
f 437/442/413 438/443/413 436/441/413
f 436/441/413 435/440/413 437/442/413
f 437/442/414 439/444/414 440/445/414
f 440/445/414 438/443/414 437/442/414
f 441/446/415 442/447/415 440/445/415
f 440/445/415 439/444/415 441/446/415
f 441/446/416 443/448/416 444/449/416
f 444/449/416 442/447/416 441/446/416
f 443/448/417 445/450/417 446/451/417
f 446/451/417 444/449/417 443/448/417
f 419/424/418 418/423/418 447/452/418
f 447/452/418 448/453/418 419/424/418
f 418/423/419 422/427/419 449/454/419
f 449/454/419 447/452/419 418/423/419
f 422/427/420 424/429/420 450/455/420
f 450/455/421 449/454/421 422/427/421
f 424/429/422 426/431/422 451/456/422
f 451/456/422 450/455/422 424/429/422
f 426/431/423 428/433/423 452/457/423
f 452/457/423 451/456/423 426/431/423
f 428/433/424 430/435/424 453/458/424
f 453/458/424 452/457/424 428/433/424
f 430/435/425 432/437/425 454/459/425
f 454/459/426 453/458/426 430/435/426
f 432/437/427 434/439/427 455/460/427
f 455/460/428 454/459/428 432/437/428
f 434/439/429 436/441/429 456/461/429
f 456/461/429 455/460/429 434/439/429
f 436/441/430 438/443/430 457/462/430
f 457/462/430 456/461/430 436/441/430
f 438/443/431 440/445/431 458/463/431
f 458/463/431 457/462/431 438/443/431
f 442/447/432 459/464/432 458/463/432
f 458/463/432 440/445/432 442/447/432
f 444/449/433 460/465/433 459/464/433
f 459/464/433 442/447/433 444/449/433
f 444/449/434 446/451/434 461/466/434
f 461/466/434 460/465/434 444/449/434
f 447/452/435 462/467/435 463/468/435
f 463/468/435 448/453/435 447/452/435
f 447/452/436 449/454/436 464/469/436
f 464/469/436 462/467/436 447/452/436
f 450/455/437 465/470/437 464/469/437
f 464/469/437 449/454/437 450/455/437
f 451/456/438 466/471/438 465/470/438
f 465/470/438 450/455/438 451/456/438
f 451/456/439 452/457/439 467/472/439
f 467/472/439 466/471/439 451/456/439
f 452/457/440 453/458/440 468/473/440
f 468/473/441 467/472/441 452/457/441
f 454/459/442 469/474/442 468/473/442
f 468/473/443 453/458/443 454/459/443
f 454/459/444 455/460/444 470/475/444
f 470/475/444 469/474/444 454/459/444
f 456/461/445 471/476/445 470/475/445
f 470/475/446 455/460/446 456/461/446
f 457/462/447 472/477/447 471/476/447
f 471/476/447 456/461/447 457/462/447
f 457/462/448 458/463/448 473/478/448
f 473/478/448 472/477/448 457/462/448
f 459/464/449 474/479/449 473/478/449
f 473/478/450 458/463/450 459/464/450
f 460/465/451 475/480/451 474/479/451
f 474/479/451 459/464/451 460/465/451
f 460/465/452 461/466/452 476/481/452
f 476/481/452 475/480/452 460/465/452
f 462/467/453 477/482/453 478/483/453
f 478/483/453 463/468/454 462/467/453
f 462/467/455 464/469/455 479/484/455
f 479/484/455 477/482/455 462/467/455
f 464/469/456 465/470/456 480/485/456
f 480/485/457 479/484/457 464/469/457
f 466/471/458 481/486/458 480/485/458
f 480/485/459 465/470/459 466/471/459
f 466/471/460 467/472/460 482/487/460
f 482/487/461 481/486/462 466/471/461
f 468/473/463 483/488/463 482/487/463
f 482/487/464 467/472/464 468/473/464
f 469/474/465 484/489/465 483/488/465
f 483/488/466 468/473/466 469/474/466
f 469/474/467 470/475/467 485/490/467
f 485/490/468 484/489/468 469/474/468
f 470/475/469 471/476/469 486/491/469
f 486/491/469 485/490/469 470/475/469
f 472/477/470 487/492/470 486/491/470
f 486/491/470 471/476/470 472/477/470
f 472/477/471 473/478/471 488/493/471
f 488/493/471 487/492/471 472/477/471
f 474/479/472 489/494/472 488/493/472
f 488/493/473 473/478/472 474/479/473
f 475/480/474 490/495/474 489/494/474
f 489/494/474 474/479/474 475/480/474
f 475/480/475 476/481/475 491/496/475
f 491/496/476 490/495/476 475/480/476
f 477/482/477 492/497/477 493/498/477
f 493/498/477 478/483/477 477/482/477
f 477/482/478 479/484/478 494/499/478
f 494/499/478 492/497/479 477/482/478
f 479/484/480 480/485/480 495/500/480
f 495/500/480 494/499/480 479/484/480
f 481/486/481 496/501/481 495/500/481
f 495/500/481 480/485/481 481/486/481
f 481/486/482 482/487/482 497/502/482
f 497/502/483 496/501/483 481/486/483
f 482/487/484 483/488/484 498/503/484
f 498/503/484 497/502/484 482/487/484
f 484/489/485 499/504/485 498/503/485
f 498/503/485 483/488/485 484/489/485
f 484/489/486 485/490/486 500/505/486
f 500/505/486 499/504/486 484/489/486
f 486/491/487 501/506/487 500/505/487
f 500/505/487 485/490/487 486/491/487
f 487/492/488 502/507/488 501/506/488
f 501/506/488 486/491/488 487/492/488
f 487/492/489 488/493/489 503/508/489
f 503/508/489 502/507/489 487/492/489
f 489/494/490 504/509/490 503/508/490
f 503/508/490 488/493/490 489/494/490
f 490/495/491 505/510/491 504/509/491
f 504/509/491 489/494/491 490/495/491
f 490/495/492 491/496/492 506/511/492
f 506/511/492 505/510/492 490/495/492
f 492/497/493 507/512/493 508/513/493
f 508/513/493 493/498/493 492/497/493
f 492/497/494 494/499/494 509/514/494
f 509/514/494 507/512/495 492/497/494
f 494/499/496 495/500/496 510/515/496
f 510/515/496 509/514/496 494/499/496
f 496/501/497 511/516/497 510/515/497
f 510/515/498 495/500/498 496/501/498
f 496/501/499 497/502/499 512/517/499
f 512/517/499 511/516/499 496/501/499
f 498/503/500 513/518/500 512/517/500
f 512/517/501 497/502/501 498/503/501
f 499/504/502 514/519/502 513/518/502
f 513/518/502 498/503/502 499/504/502
f 499/504/503 500/505/503 515/520/503
f 515/520/504 514/519/504 499/504/504
f 501/506/505 516/521/505 515/520/505
f 515/520/505 500/505/505 501/506/505
f 502/507/506 517/522/506 516/521/506
f 516/521/507 501/506/507 502/507/507
f 502/507/508 503/508/508 518/523/508
f 518/523/508 517/522/508 502/507/508
f 503/508/509 504/509/509 519/524/509
f 519/524/509 518/523/509 503/508/509
f 505/510/510 520/525/510 519/524/510
f 519/524/511 504/509/511 505/510/511
f 505/510/512 506/511/512 521/526/512
f 521/526/513 520/525/513 505/510/513
f 507/512/514 522/527/514 523/528/514
f 523/528/514 508/513/514 507/512/514
f 507/512/515 509/514/515 524/529/515
f 524/529/516 522/527/516 507/512/516
f 510/515/517 525/530/517 524/529/517
f 524/529/518 509/514/518 510/515/518
f 511/516/519 526/531/519 525/530/519
f 525/530/519 510/515/519 511/516/519
f 511/516/520 512/517/520 527/532/520
f 527/532/521 526/531/521 511/516/521
f 513/518/522 528/533/522 527/532/522
f 527/532/523 512/517/523 513/518/523
f 514/519/524 529/534/524 528/533/524
f 528/533/524 513/518/524 514/519/524
f 514/519/525 515/520/525 530/535/525
f 530/535/526 529/534/526 514/519/526
f 515/520/527 516/521/527 531/536/527
f 531/536/527 530/535/527 515/520/527
f 517/522/528 532/537/528 531/536/528
f 531/536/528 516/521/528 517/522/528
f 517/522/529 518/523/529 533/538/529
f 533/538/529 532/537/529 517/522/529
f 518/523/530 519/524/530 534/539/530
f 534/539/530 533/538/530 518/523/530
f 520/525/531 535/540/531 534/539/531
f 534/539/532 519/524/532 520/525/532
f 520/525/533 521/526/533 536/541/533
f 536/541/533 535/540/533 520/525/533
f 522/527/534 537/542/534 538/543/534
f 538/543/534 523/528/534 522/527/534
f 522/527/535 524/529/535 539/544/535
f 539/544/535 537/542/535 522/527/535
f 524/529/536 525/530/536 540/545/536
f 540/545/536 539/544/536 524/529/536
f 541/546/537 540/545/537 525/530/537
f 525/530/537 526/531/537 541/546/537
f 542/547/538 541/546/538 526/531/538
f 526/531/538 527/532/538 542/547/538
f 542/547/539 527/532/539 528/533/539
f 528/533/539 543/548/539 542/547/539
f 528/533/540 529/534/540 544/549/540
f 544/549/540 543/548/540 528/533/540
f 529/534/541 530/535/541 545/550/541
f 545/550/542 544/549/542 529/534/542
f 530/535/543 531/536/543 546/551/543
f 546/551/543 545/550/543 530/535/543
f 547/552/544 546/551/544 531/536/544
f 531/536/544 532/537/544 547/552/544
f 548/553/545 547/552/545 532/537/545
f 532/537/546 533/538/546 548/553/546
f 534/539/547 549/554/547 548/553/547
f 548/553/548 533/538/548 534/539/548
f 550/555/549 549/554/549 534/539/549
f 534/539/550 535/540/550 550/555/550
f 551/556/551 550/555/551 535/540/551
f 535/540/552 536/541/552 551/556/552
f 552/557/553 553/558/553 538/543/553
f 538/543/553 537/542/553 552/557/553
f 554/559/554 552/557/554 537/542/554
f 537/542/554 539/544/554 554/559/554
f 540/545/555 555/560/555 554/559/555
f 554/559/556 539/544/557 540/545/557
f 555/560/558 540/545/558 541/546/558
f 541/546/558 556/561/558 555/560/558
f 556/561/559 541/546/559 542/547/559
f 542/547/559 557/562/559 556/561/559
f 557/562/560 542/547/560 543/548/560
f 543/548/561 558/563/561 557/562/561
f 559/564/562 558/563/562 543/548/562
f 543/548/563 544/549/563 559/564/563
f 560/565/564 559/564/564 544/549/564
f 544/549/564 545/550/564 560/565/564
f 546/551/565 561/566/565 560/565/565
f 560/565/566 545/550/566 546/551/566
f 561/566/567 546/551/567 547/552/567
f 547/552/567 562/567/567 561/566/567
f 562/567/568 547/552/568 548/553/568
f 548/553/569 563/568/569 562/567/569
f 549/554/570 564/569/570 563/568/570
f 563/568/570 548/553/570 549/554/570
f 564/569/571 549/554/571 550/555/571
f 550/555/571 565/570/571 564/569/571
f 565/570/572 550/555/572 551/556/572
f 551/556/572 566/571/572 565/570/572
f 567/572/573 553/558/573 552/557/573
f 552/557/573 568/573/573 567/572/573
f 568/573/574 552/557/574 554/559/574
f 554/559/574 569/574/574 568/573/574
f 555/560/575 570/575/575 569/574/575
f 569/574/575 554/559/575 555/560/575
f 570/575/576 555/560/576 556/561/576
f 556/561/576 571/576/576 570/575/576
f 571/576/577 556/561/577 557/562/577
f 557/562/577 572/577/577 571/576/577
f 558/563/578 573/578/578 572/577/578
f 572/577/578 557/562/578 558/563/578
f 573/578/579 558/563/579 559/564/579
f 559/564/580 574/579/580 573/578/580
f 574/579/581 559/564/581 560/565/581
f 560/565/581 575/580/581 574/579/581
f 561/566/582 576/581/582 575/580/582
f 575/580/582 560/565/582 561/566/582
f 576/581/583 561/566/583 562/567/583
f 562/567/584 577/582/584 576/581/584
f 577/582/585 562/567/585 563/568/585
f 563/568/585 578/583/585 577/582/585
f 564/569/586 579/584/586 578/583/586
f 578/583/586 563/568/586 564/569/586
f 579/584/587 564/569/587 565/570/587
f 565/570/587 580/585/587 579/584/587
f 580/585/588 565/570/588 566/571/588
f 566/571/588 581/586/588 580/585/588
f 582/587/589 567/572/589 568/573/589
f 568/573/589 583/588/589 582/587/589
f 583/588/590 568/573/590 569/574/590
f 569/574/590 584/589/590 583/588/590
f 570/575/591 585/590/591 584/589/591
f 584/589/591 569/574/591 570/575/591
f 585/590/592 570/575/592 571/576/592
f 571/576/592 586/591/592 585/590/592
f 586/591/593 571/576/593 572/577/593
f 572/577/593 587/592/593 586/591/593
f 573/578/594 588/593/594 587/592/594
f 587/592/594 572/577/594 573/578/594
f 588/593/595 573/578/595 574/579/595
f 574/579/596 589/594/596 588/593/596
f 589/594/597 574/579/597 575/580/597
f 575/580/598 590/595/598 589/594/598
f 576/581/599 591/596/599 590/595/599
f 590/595/600 575/580/600 576/581/600
f 591/596/601 576/581/601 577/582/601
f 577/582/601 592/597/601 591/596/601
f 592/597/602 577/582/602 578/583/602
f 578/583/602 593/598/602 592/597/602
f 579/584/603 594/599/603 593/598/603
f 593/598/603 578/583/603 579/584/603
f 594/599/604 579/584/604 580/585/604
f 580/585/604 595/600/604 594/599/604
f 595/600/605 580/585/605 581/586/605
f 581/586/605 596/601/605 595/600/605
f 597/602/606 582/587/606 583/588/606
f 583/588/606 598/603/606 597/602/606
f 598/603/607 583/588/607 584/589/607
f 584/589/607 599/604/607 598/603/607
f 585/590/608 600/605/608 599/604/608
f 599/604/608 584/589/608 585/590/608
f 600/605/609 585/590/609 586/591/609
f 586/591/609 601/606/609 600/605/609
f 601/606/610 586/591/610 587/592/610
f 587/592/610 602/607/610 601/606/610
f 588/593/611 603/608/611 602/607/611
f 602/607/611 587/592/611 588/593/611
f 603/608/612 588/593/612 589/594/612
f 589/594/612 604/609/612 603/608/612
f 604/609/613 589/594/613 590/595/613
f 590/595/613 605/610/613 604/609/613
f 591/596/614 606/611/614 605/610/614
f 605/610/614 590/595/614 591/596/614
f 606/611/615 591/596/615 592/597/615
f 592/597/615 607/612/615 606/611/615
f 607/612/616 592/597/616 593/598/616
f 593/598/616 608/613/616 607/612/616
f 594/599/617 609/614/617 608/613/617
f 608/613/617 593/598/617 594/599/617
f 609/614/618 594/599/618 595/600/618
f 595/600/618 610/615/618 609/614/618
f 610/615/619 595/600/619 596/601/619
f 596/601/619 611/616/619 610/615/619
f 612/617/620 597/602/620 598/603/620
f 598/603/620 613/618/620 612/617/620
f 613/618/621 598/603/621 599/604/621
f 599/604/621 614/619/621 613/618/621
f 600/605/622 615/620/622 614/619/622
f 614/619/622 599/604/622 600/605/622
f 615/620/623 600/605/623 601/606/623
f 601/606/623 616/621/623 615/620/623
f 616/621/624 601/606/624 602/607/624
f 602/607/625 617/622/625 616/621/625
f 603/608/626 618/623/626 617/622/626
f 617/622/626 602/607/626 603/608/626
f 618/623/627 603/608/627 604/609/627
f 604/609/628 619/624/628 618/623/628
f 619/624/629 604/609/629 605/610/629
f 605/610/629 620/625/629 619/624/629
f 606/611/630 621/626/630 620/625/630
f 620/625/631 605/610/631 606/611/631
f 621/626/632 606/611/632 607/612/632
f 607/612/632 622/627/632 621/626/632
f 622/627/633 607/612/633 608/613/633
f 608/613/633 623/628/633 622/627/633
f 609/614/634 624/629/634 623/628/634
f 623/628/634 608/613/634 609/614/634
f 624/629/635 609/614/635 610/615/635
f 610/615/635 625/630/635 624/629/635
f 625/630/636 610/615/636 611/616/636
f 611/616/637 626/631/637 625/630/637
f 627/632/638 612/617/638 613/618/638
f 613/618/638 628/633/638 627/632/638
f 628/633/639 613/618/639 614/619/639
f 614/619/639 629/634/639 628/633/639
f 615/620/640 630/635/640 629/634/640
f 629/634/640 614/619/640 615/620/640
f 630/635/641 615/620/641 616/621/641
f 616/621/641 631/636/641 630/635/641
f 631/636/642 616/621/642 617/622/642
f 617/622/642 632/637/642 631/636/642
f 618/623/643 633/638/643 632/637/643
f 632/637/643 617/622/643 618/623/643
f 633/638/644 618/623/644 619/624/644
f 619/624/645 634/639/645 633/638/645
f 634/639/646 619/624/646 620/625/646
f 620/625/647 635/640/647 634/639/647
f 621/626/648 636/641/648 635/640/648
f 635/640/649 620/625/649 621/626/649
f 637/642/650 636/641/650 621/626/650
f 621/626/650 622/627/650 637/642/650
f 638/643/651 637/642/651 622/627/651
f 622/627/651 623/628/651 638/643/651
f 623/628/652 624/629/652 639/644/652
f 639/644/652 638/643/652 623/628/652
f 639/644/653 624/629/653 625/630/653
f 625/630/653 640/645/653 639/644/653
f 640/645/654 625/630/654 626/631/654
f 626/631/654 641/646/654 640/645/654
f 185/647/655 642/648/655 420/425/655
f 420/425/655 186/649/655 185/647/655
f 420/425/656 642/648/656 643/650/656
f 643/650/656 417/422/656 420/425/656
f 417/422/657 643/650/657 644/651/657
f 644/651/658 421/426/658 417/422/658
f 644/651/659 645/652/659 423/428/659
f 423/428/660 421/426/660 644/651/660
f 423/428/661 645/652/661 646/653/661
f 646/653/662 425/430/662 423/428/662
f 425/430/663 646/653/663 647/654/663
f 647/654/664 427/432/664 425/430/664
f 648/655/665 429/434/665 427/432/665
f 427/432/666 647/654/666 648/655/666
f 429/434/667 648/655/667 649/656/667
f 649/656/668 431/436/668 429/434/668
f 649/656/669 650/657/669 433/438/669
f 433/438/670 431/436/670 649/656/670
f 433/438/671 650/657/671 651/658/671
f 651/658/672 435/440/672 433/438/672
f 652/659/673 437/442/673 435/440/673
f 435/440/673 651/658/673 652/659/673
f 653/660/674 439/444/674 437/442/674
f 437/442/674 652/659/674 653/660/674
f 439/444/675 653/660/675 654/661/675
f 654/661/676 441/446/676 439/444/676
f 655/662/677 443/448/677 441/446/677
f 441/446/677 654/661/677 655/662/677
f 656/663/678 445/450/678 443/448/678
f 443/448/678 655/662/678 656/663/678
f 657/664/679 445/450/679 656/663/679
f 656/663/679 658/665/679 657/664/679
f 446/451/680 445/450/680 657/664/680
f 657/664/680 659/666/680 446/451/680
f 660/667/681 461/466/681 446/451/681
f 446/451/682 659/666/682 660/667/682
f 661/668/683 476/481/683 461/466/683
f 461/466/683 660/667/683 661/668/683
f 476/481/684 661/668/684 662/669/684
f 662/669/684 491/496/684 476/481/684
f 491/496/685 662/669/685 663/670/685
f 663/670/685 506/511/685 491/496/685
f 506/511/686 663/670/686 664/671/686
f 664/671/686 521/526/686 506/511/686
f 521/526/687 664/671/687 665/672/687
f 665/672/688 536/541/688 521/526/688
f 536/541/689 665/672/689 666/673/689
f 666/673/689 551/556/689 536/541/689
f 566/571/690 551/556/690 666/673/690
f 666/673/691 667/674/691 566/571/691
f 668/675/692 581/586/692 566/571/692
f 566/571/692 667/674/692 668/675/692
f 581/586/693 668/675/693 669/676/693
f 669/676/693 596/601/693 581/586/693
f 596/601/694 669/676/694 670/677/694
f 670/677/694 611/616/694 596/601/694
f 611/616/695 670/677/695 671/678/695
f 671/678/695 626/631/695 611/616/695
f 672/679/696 641/646/696 626/631/696
f 626/631/696 671/678/696 672/679/696
f 672/679/697 303/680/697 302/681/697
f 302/681/697 641/646/697 672/679/697
f 321/682/698 640/645/698 641/646/698
f 641/646/698 302/681/698 321/682/698
f 320/683/699 639/644/699 640/645/699
f 640/645/699 321/682/699 320/683/699
f 639/644/700 320/683/700 319/684/700
f 319/684/700 638/643/700 639/644/700
f 318/685/701 637/642/701 638/643/701
f 638/643/701 319/684/701 318/685/701
f 317/686/702 636/641/702 637/642/702
f 637/642/702 318/685/702 317/686/702
f 636/641/703 317/686/703 316/687/703
f 316/687/704 635/640/704 636/641/704
f 315/688/705 634/639/705 635/640/705
f 635/640/706 316/687/706 315/688/706
f 314/689/707 633/638/707 634/639/707
f 634/639/707 315/688/707 314/689/707
f 314/689/708 313/690/708 632/637/708
f 632/637/709 633/638/709 314/689/709
f 312/691/710 631/636/710 632/637/710
f 632/637/711 313/690/711 312/691/711
f 311/692/712 630/635/712 631/636/712
f 631/636/713 312/691/713 311/692/713
f 311/692/714 310/693/714 629/634/714
f 629/634/715 630/635/715 311/692/715
f 309/694/716 628/633/716 629/634/716
f 629/634/716 310/693/716 309/694/716
f 308/695/717 627/632/717 628/633/717
f 628/633/717 309/694/717 308/695/717
f 627/632/718 308/695/718 201/696/718
f 201/696/718 203/697/718 627/632/718
f 627/632/719 203/697/719 207/698/719
f 207/698/719 612/617/719 627/632/719
f 612/617/720 207/698/720 208/699/720
f 208/699/720 597/602/720 612/617/720
f 208/699/721 209/700/721 582/587/721
f 582/587/721 597/602/721 208/699/721
f 209/700/722 210/701/722 567/572/722
f 567/572/722 582/587/722 209/700/722
f 567/572/723 210/701/723 211/702/723
f 211/702/723 553/558/723 567/572/723
f 553/558/724 211/702/724 212/703/724
f 212/703/724 538/543/724 553/558/724
f 538/543/725 212/703/725 193/704/725
f 193/704/725 523/528/725 538/543/725
f 523/528/726 193/704/726 192/705/726
f 192/705/726 508/513/726 523/528/726
f 192/705/727 191/706/727 493/498/727
f 493/498/727 508/513/727 192/705/727
f 191/706/728 190/707/728 478/483/728
f 478/483/728 493/498/728 191/706/728
f 478/483/729 190/707/729 189/708/729
f 189/708/729 463/468/729 478/483/729
f 463/468/730 189/708/730 188/709/730
f 188/709/730 448/453/730 463/468/730
f 448/453/731 188/709/731 187/710/731
f 187/710/731 419/424/731 448/453/731
f 187/710/732 186/649/732 420/425/732
f 420/425/732 419/424/732 187/710/732
f 673/711/733 674/712/733 675/713/733
f 675/713/733 676/714/733 673/711/733
f 677/715/734 678/716/734 676/714/734
f 676/714/734 675/713/734 677/715/734
f 678/716/735 677/715/735 679/717/735
f 679/717/735 680/718/735 678/716/735
f 681/719/736 682/720/736 680/718/736
f 680/718/736 679/717/736 681/719/736
f 682/720/737 681/719/737 683/721/737
f 683/721/737 684/722/738 682/720/737
f 685/723/739 684/722/739 683/721/739
f 683/721/739 686/724/739 685/723/739
f 686/724/740 687/725/740 688/726/740
f 688/726/740 685/723/740 686/724/740
f 689/727/741 690/728/742 673/711/741
f 673/711/742 676/714/742 689/727/742
f 689/727/743 676/714/743 678/716/743
f 678/716/743 691/729/743 689/727/743
f 691/729/744 678/716/744 680/718/744
f 680/718/744 692/730/744 691/729/744
f 680/718/745 682/720/745 693/731/745
f 693/731/745 692/730/745 680/718/745
f 682/720/746 684/722/746 694/732/746
f 694/732/746 693/731/746 682/720/746
f 694/732/747 684/722/747 685/723/747
f 685/723/747 695/733/747 694/732/747
f 695/733/748 685/723/748 688/726/748
f 688/726/748 696/734/748 695/733/748
f 697/735/749 690/728/749 689/727/749
f 689/727/749 698/736/749 697/735/749
f 698/736/750 689/727/750 691/729/750
f 691/729/750 699/737/750 698/736/750
f 692/730/751 700/738/751 699/737/751
f 699/737/751 691/729/751 692/730/751
f 693/731/752 701/739/752 700/738/752
f 700/738/752 692/730/752 693/731/752
f 702/740/753 701/739/753 693/731/753
f 693/731/753 694/732/753 702/740/753
f 695/733/754 703/741/754 702/740/754
f 702/740/754 694/732/754 695/733/754
f 704/742/755 703/741/755 695/733/755
f 695/733/755 696/734/755 704/742/755
f 705/743/756 706/744/756 697/735/756
f 697/735/756 698/736/756 705/743/756
f 707/745/757 705/743/757 698/736/757
f 698/736/757 699/737/757 707/745/757
f 699/737/758 700/738/758 708/746/758
f 708/746/758 707/745/758 699/737/758
f 700/738/759 701/739/759 709/747/759
f 709/747/759 708/746/759 700/738/759
f 710/748/760 709/747/760 701/739/760
f 701/739/760 702/740/760 710/748/760
f 702/740/761 703/741/761 711/749/761
f 711/749/761 710/748/761 702/740/761
f 704/742/762 712/750/762 711/749/762
f 711/749/763 703/741/763 704/742/763
f 705/743/764 713/751/764 714/752/764
f 714/752/764 706/744/764 705/743/764
f 715/753/765 713/751/765 705/743/765
f 705/743/765 707/745/765 715/753/765
f 716/754/766 715/753/766 707/745/766
f 707/745/766 708/746/766 716/754/766
f 708/746/767 709/747/767 717/755/767
f 717/755/767 716/754/767 708/746/767
f 709/747/768 710/748/768 718/756/768
f 718/756/768 717/755/768 709/747/768
f 719/757/769 718/756/769 710/748/769
f 710/748/769 711/749/769 719/757/769
f 711/749/770 712/750/770 720/758/770
f 720/758/770 719/757/770 711/749/770
f 721/759/771 722/760/771 714/752/771
f 714/752/771 713/751/771 721/759/771
f 715/753/772 723/761/772 721/759/772
f 721/759/772 713/751/772 715/753/772
f 724/762/773 723/761/773 715/753/773
f 715/753/773 716/754/773 724/762/773
f 725/763/774 724/762/775 716/754/775
f 716/754/775 717/755/775 725/763/775
f 717/755/776 718/756/776 726/764/776
f 726/764/776 725/763/776 717/755/776
f 718/756/777 719/757/778 727/765/778
f 727/765/778 726/764/778 718/756/778
f 728/766/779 729/767/779 730/768/779
f 730/768/779 731/769/779 728/766/779
f 729/767/780 732/770/780 733/771/780
f 733/771/780 730/768/780 729/767/780
f 733/771/781 732/770/781 734/772/781
f 734/772/782 735/773/782 733/771/782
f 730/768/783 736/774/783 737/775/783
f 737/775/783 731/769/783 730/768/783
f 736/774/784 730/768/784 733/771/784
f 733/771/784 738/776/784 736/774/784
f 733/771/785 735/773/785 739/777/785
f 739/777/786 738/776/786 733/771/786
f 736/774/787 740/778/787 741/779/787
f 741/779/787 737/775/787 736/774/787
f 742/780/788 740/778/788 736/774/788
f 736/774/788 738/776/788 742/780/788
f 739/777/789 743/781/789 742/780/789
f 742/780/789 738/776/789 739/777/789
f 744/782/790 743/781/790 739/777/790
f 739/777/790 745/783/790 744/782/790
f 741/779/791 740/778/791 746/784/791
f 746/784/791 747/785/791 741/779/791
f 742/780/792 748/786/792 746/784/792
f 746/784/792 740/778/792 742/780/792
f 749/787/793 748/786/793 742/780/793
f 742/780/793 743/781/793 749/787/793
f 744/782/794 750/788/794 749/787/794
f 749/787/794 743/781/794 744/782/794
f 751/789/795 752/790/795 747/785/795
f 747/785/795 746/784/795 751/789/795
f 746/784/796 748/786/796 753/791/796
f 753/791/797 751/789/797 746/784/797
f 749/787/798 754/792/798 753/791/798
f 753/791/798 748/786/798 749/787/798
f 755/793/799 754/792/799 749/787/800
f 749/787/799 750/788/799 755/793/799
f 756/794/801 757/795/801 752/790/801
f 752/790/801 751/789/801 756/794/801
f 758/796/802 756/794/802 751/789/802
f 751/789/802 753/791/802 758/796/802
f 753/791/803 754/792/803 759/797/803
f 759/797/804 758/796/804 753/791/804
f 755/793/805 760/798/805 759/797/805
f 759/797/805 754/792/805 755/793/805
f 761/799/806 762/800/806 763/801/806
f 763/801/806 764/802/806 761/799/806
f 765/803/807 766/804/807 764/802/807
f 764/802/807 763/801/807 765/803/807
f 765/803/808 767/805/808 768/806/808
f 768/806/808 766/804/808 765/803/808
f 768/806/809 767/805/809 769/807/809
f 769/807/809 770/808/809 768/806/809
f 771/809/810 772/810/810 770/808/810
f 770/808/810 769/807/810 771/809/810
f 773/811/811 774/812/812 772/810/811
f 772/810/811 771/809/811 773/811/811
f 774/812/813 773/811/813 775/813/813
f 775/813/814 776/814/814 774/812/814
f 761/799/815 764/802/815 777/815/815
f 777/815/815 778/816/815 761/799/815
f 777/815/816 764/802/816 766/804/816
f 766/804/816 779/817/816 777/815/816
f 768/806/817 780/818/817 779/817/817
f 779/817/817 766/804/817 768/806/817
f 770/808/818 781/819/818 780/818/818
f 780/818/818 768/806/819 770/808/818
f 781/819/820 770/808/820 772/810/820
f 772/810/821 782/820/821 781/819/821
f 774/812/822 783/821/822 782/820/822
f 782/820/822 772/810/822 774/812/822
f 774/812/823 776/814/823 784/822/823
f 784/822/823 783/821/823 774/812/823
f 777/815/824 785/823/824 786/824/824
f 786/824/824 778/816/824 777/815/824
f 779/817/825 787/825/825 785/823/825
f 785/823/825 777/815/825 779/817/825
f 787/825/826 779/817/826 780/818/826
f 780/818/826 788/826/826 787/825/826
f 781/819/827 789/827/827 788/826/827
f 788/826/827 780/818/827 781/819/827
f 781/819/828 782/820/828 790/828/828
f 790/828/828 789/827/828 781/819/828
f 790/828/829 782/820/829 783/821/829
f 783/821/829 791/829/829 790/828/829
f 784/822/830 792/830/830 791/829/830
f 791/829/830 783/821/830 784/822/830
f 789/827/831 790/828/831 793/831/831
f 793/831/831 794/832/831 789/827/831
f 793/831/832 790/828/832 791/829/832
f 791/829/832 795/833/832 793/831/832
f 791/829/833 792/830/834 796/834/834
f 796/834/834 795/833/834 791/829/834
f 797/835/835 798/836/835 799/837/835
f 799/837/835 800/838/835 797/835/835
f 797/835/836 801/839/836 802/840/836
f 802/840/836 798/836/836 797/835/836
f 802/840/837 801/839/837 803/841/837
f 803/841/837 804/842/837 802/840/837
f 805/843/838 806/844/838 804/842/838
f 804/842/838 803/841/838 805/843/838
f 807/845/839 808/846/839 806/844/839
f 806/844/839 805/843/839 807/845/839
f 808/846/840 807/845/840 809/847/840
f 809/847/840 810/848/840 808/846/840
f 811/849/841 812/850/841 810/848/841
f 810/848/841 809/847/841 811/849/841
f 813/851/842 799/837/842 798/836/842
f 798/836/842 814/852/842 813/851/842
f 802/840/843 815/853/843 814/852/843
f 814/852/843 798/836/843 802/840/843
f 804/842/844 816/854/844 815/853/844
f 815/853/844 802/840/844 804/842/844
f 816/854/845 804/842/845 806/844/845
f 806/844/845 817/855/845 816/854/845
f 808/846/846 818/856/846 817/855/846
f 817/855/846 806/844/846 808/846/846
f 808/846/847 810/848/847 819/857/847
f 819/857/847 818/856/847 808/846/847
f 819/857/848 810/848/848 812/850/848
f 812/850/848 820/858/848 819/857/848
f 814/852/849 821/859/849 822/860/849
f 822/860/849 813/851/849 814/852/849
f 821/859/850 814/852/850 815/853/850
f 815/853/850 823/861/850 821/859/850
f 816/854/851 824/862/851 823/861/851
f 823/861/851 815/853/851 816/854/851
f 816/854/852 817/855/852 825/863/852
f 825/863/852 824/862/852 816/854/852
f 825/863/853 817/855/853 818/856/853
f 818/856/853 826/864/853 825/863/853
f 819/857/854 827/865/854 826/864/854
f 826/864/855 818/856/855 819/857/855
f 819/857/856 820/858/856 828/866/856
f 828/866/856 827/865/856 819/857/856
f 821/859/857 829/867/857 830/868/857
f 830/868/857 822/860/857 821/859/857
f 831/869/858 829/867/858 821/859/858
f 821/859/858 823/861/858 831/869/858
f 832/870/859 831/869/859 823/861/859
f 823/861/859 824/862/859 832/870/859
f 824/862/860 825/863/860 833/871/860
f 833/871/860 832/870/860 824/862/860
f 826/864/861 834/872/861 833/871/861
f 833/871/861 825/863/861 826/864/861
f 835/873/862 834/872/862 826/864/862
f 826/864/862 827/865/862 835/873/862
f 828/866/863 836/874/863 835/873/863
f 835/873/864 827/865/864 828/866/864
f 837/875/865 838/876/865 830/868/865
f 830/868/865 829/867/865 837/875/865
f 831/869/866 839/877/866 837/875/866
f 837/875/867 829/867/867 831/869/867
f 840/878/868 839/877/868 831/869/868
f 831/869/868 832/870/868 840/878/868
f 841/879/869 840/878/869 832/870/869
f 832/870/869 833/871/869 841/879/869
f 833/871/870 834/872/870 842/880/870
f 842/880/871 841/879/871 833/871/871
f 835/873/872 843/881/872 842/880/872
f 842/880/872 834/872/872 835/873/872
f 844/882/873 843/881/873 835/873/873
f 835/873/873 836/874/873 844/882/873
f 837/875/874 845/883/874 846/884/874
f 846/884/874 838/876/874 837/875/874
f 847/885/875 845/883/875 837/875/875
f 837/875/875 839/877/875 847/885/875
f 840/878/876 848/886/876 847/885/876
f 847/885/876 839/877/876 840/878/876
f 849/887/877 848/886/877 840/878/877
f 840/878/877 841/879/877 849/887/877
f 850/888/878 849/887/878 841/879/878
f 841/879/878 842/880/878 850/888/878
f 842/880/879 843/881/879 851/889/879
f 851/889/879 850/888/879 842/880/879
f 844/882/880 852/890/880 851/889/880
f 851/889/880 843/881/880 844/882/880
f 756/794/881 688/726/881 687/725/881
f 687/725/881 757/795/881 756/794/881
f 696/734/882 688/726/882 756/794/882
f 756/794/882 758/796/882 696/734/882
f 704/742/883 696/734/883 758/796/883
f 758/796/883 759/797/883 704/742/883
f 759/797/884 760/798/884 712/750/884
f 712/750/884 704/742/884 759/797/884
f 775/813/885 846/884/885 845/883/885
f 845/883/885 776/814/885 775/813/885
f 847/885/886 784/822/886 776/814/886
f 776/814/886 845/883/886 847/885/886
f 792/830/887 784/822/887 847/885/887
f 847/885/888 848/886/888 792/830/888
f 848/886/889 849/887/889 796/834/889
f 796/834/890 792/830/890 848/886/890
f 850/888/891 853/891/891 796/834/891
f 796/834/892 849/887/892 850/888/892
f 722/760/893 721/759/893 812/850/893
f 812/850/893 811/849/893 722/760/893
f 721/759/894 723/761/894 820/858/894
f 820/858/894 812/850/894 721/759/894
f 723/761/895 724/762/895 828/866/895
f 828/866/895 820/858/895 723/761/895
f 724/762/896 725/763/896 836/874/896
f 836/874/896 828/866/896 724/762/896
f 844/882/897 836/874/897 725/763/897
f 725/763/897 726/764/897 844/882/897
f 726/764/898 727/765/898 852/890/898
f 852/890/898 844/882/898 726/764/898
f 854/892/899 855/893/899 856/894/899
f 856/894/899 674/712/899 854/892/899
f 675/713/900 674/712/900 856/894/900
f 856/894/900 857/895/900 675/713/900
f 677/715/901 675/713/901 857/895/901
f 857/895/901 858/896/901 677/715/901
f 677/715/902 858/896/902 859/897/902
f 859/897/902 679/717/902 677/715/902
f 679/717/903 859/897/903 860/898/903
f 860/898/904 681/719/904 679/717/904
f 681/719/905 860/898/905 861/899/905
f 861/899/905 683/721/905 681/719/905
f 686/724/906 683/721/906 861/899/906
f 861/899/906 862/900/906 686/724/906
f 686/724/907 862/900/907 863/901/907
f 863/901/908 687/725/908 686/724/908
f 674/712/909 673/711/909 864/902/909
f 864/902/909 854/892/909 674/712/909
f 865/903/910 864/902/910 673/711/910
f 673/711/910 690/728/910 865/903/910
f 866/904/911 865/903/911 690/728/911
f 690/728/911 697/735/911 866/904/911
f 706/744/912 867/905/912 866/904/912
f 866/904/912 697/735/912 706/744/912
f 868/906/913 867/905/913 706/744/913
f 706/744/913 714/752/913 868/906/913
f 868/906/914 714/752/914 722/760/914
f 722/760/915 869/907/915 868/906/915
f 870/908/916 869/907/916 722/760/916
f 722/760/917 811/849/917 870/908/917
f 401/406/918 728/766/918 871/909/918
f 871/909/918 402/407/918 401/406/918
f 729/767/919 728/766/919 401/406/919
f 401/406/919 400/405/919 729/767/919
f 400/405/920 399/404/920 732/770/920
f 732/770/920 729/767/920 400/405/920
f 732/770/921 399/404/921 398/403/921
f 398/403/921 734/772/921 732/770/921
f 728/766/922 731/769/922 872/910/922
f 872/910/922 871/909/922 728/766/922
f 873/911/923 872/910/923 731/769/923
f 731/769/924 737/775/924 873/911/924
f 737/775/925 741/779/925 874/912/925
f 874/912/925 873/911/925 737/775/925
f 875/913/926 874/912/926 741/779/926
f 741/779/926 747/785/926 875/913/926
f 876/914/927 875/913/927 747/785/927
f 747/785/927 752/790/927 876/914/927
f 877/915/928 876/914/928 752/790/928
f 752/790/928 757/795/928 877/915/928
f 687/725/929 863/901/929 877/915/929
f 877/915/929 757/795/929 687/725/929
f 303/303/930 672/916/930 762/800/930
f 762/800/930 304/304/930 303/303/930
f 763/801/931 762/800/931 672/916/931
f 672/916/931 671/917/931 763/801/931
f 671/917/932 670/918/932 765/803/932
f 765/803/932 763/801/932 671/917/932
f 767/805/933 765/803/933 670/918/933
f 670/918/933 669/919/933 767/805/933
f 769/807/934 767/805/934 669/919/934
f 669/919/934 668/920/934 769/807/934
f 769/807/935 668/920/935 667/921/935
f 667/921/935 771/809/935 769/807/935
f 773/811/936 771/809/936 667/921/936
f 667/921/936 666/922/936 773/811/936
f 775/813/937 773/811/937 666/922/937
f 666/922/937 665/923/937 775/813/937
f 761/799/938 305/305/938 304/304/938
f 304/304/938 762/800/938 761/799/938
f 305/305/939 761/799/939 778/816/939
f 778/816/939 306/306/939 305/305/939
f 786/824/940 307/307/940 306/306/940
f 306/306/940 778/816/940 786/824/940
f 658/665/941 878/924/941 800/838/941
f 800/838/942 657/925/942 658/665/942
f 797/835/943 800/838/943 878/924/943
f 878/924/943 879/926/943 797/835/943
f 797/835/944 879/926/944 880/927/944
f 880/927/944 801/839/944 797/835/944
f 803/841/945 801/839/945 880/927/945
f 880/927/945 881/928/945 803/841/945
f 881/928/946 882/929/946 805/843/946
f 805/843/946 803/841/946 881/928/946
f 805/843/947 882/929/947 883/930/947
f 883/930/947 807/845/947 805/843/947
f 809/847/948 807/845/948 883/930/948
f 883/930/948 884/931/948 809/847/948
f 811/849/949 809/847/949 884/931/949
f 884/931/949 870/908/949 811/849/949
f 659/932/950 657/925/950 800/838/950
f 800/838/950 799/837/950 659/932/950
f 813/851/951 660/933/951 659/932/951
f 659/932/952 799/837/952 813/851/952
f 661/934/953 660/933/953 813/851/953
f 813/851/953 822/860/953 661/934/953
f 661/934/954 822/860/954 830/868/954
f 830/868/954 662/935/954 661/934/954
f 838/876/955 663/936/955 662/935/955
f 662/935/955 830/868/955 838/876/955
f 664/937/956 663/936/956 838/876/956
f 838/876/956 846/884/956 664/937/956
f 665/923/957 664/937/957 846/884/957
f 846/884/957 775/813/957 665/923/957
f 885/938/958 886/939/958 887/940/958
f 887/940/958 888/941/958 885/938/958
f 887/940/959 889/942/959 890/943/959
f 890/943/959 888/941/959 887/940/959
f 890/943/960 889/942/960 891/944/960
f 891/944/960 892/945/960 890/943/960
f 892/945/961 891/944/961 893/946/961
f 893/946/961 894/947/961 892/945/961
f 894/947/962 893/946/962 895/948/962
f 895/948/962 896/949/962 894/947/962
f 896/949/963 895/948/963 897/950/963
f 897/950/963 898/951/963 896/949/963
f 898/951/964 897/950/964 899/952/964
f 899/952/965 900/953/965 898/951/965
f 900/953/966 899/952/966 901/954/966
f 901/954/967 902/955/967 900/953/967
f 903/956/968 902/955/968 901/954/968
f 901/954/969 904/957/969 903/956/969
f 905/958/970 903/956/970 904/957/970
f 904/957/970 906/959/970 905/958/970
f 907/960/971 905/958/971 906/959/971
f 906/959/972 908/961/972 907/960/972
f 909/962/973 907/960/973 908/961/973
f 908/961/974 910/963/974 909/962/974
f 911/964/975 909/962/975 910/963/975
f 910/963/975 912/965/975 911/964/975
f 911/964/976 912/965/976 913/966/976
f 913/966/976 914/967/976 911/964/976
f 915/968/977 885/938/977 888/941/977
f 888/941/977 916/969/977 915/968/977
f 916/969/978 888/941/978 890/943/978
f 890/943/979 917/970/979 916/969/979
f 917/970/980 890/943/980 892/945/980
f 892/945/980 918/971/980 917/970/980
f 918/971/981 892/945/981 894/947/981
f 894/947/981 919/972/981 918/971/981
f 920/973/982 919/972/982 894/947/982
f 894/947/982 896/949/982 920/973/982
f 920/973/983 896/949/983 898/951/983
f 898/951/983 921/974/983 920/973/983
f 921/974/984 898/951/984 900/953/984
f 900/953/985 922/975/985 921/974/985
f 902/955/986 923/976/986 922/975/986
f 922/975/987 900/953/987 902/955/987
f 923/976/988 902/955/988 903/956/988
f 903/956/989 924/977/989 923/976/989
f 924/977/990 903/956/990 905/958/990
f 905/958/991 925/978/991 924/977/991
f 925/978/992 905/958/992 907/960/992
f 907/960/993 926/979/993 925/978/993
f 926/979/994 907/960/994 909/962/994
f 909/962/994 927/980/994 926/979/994
f 927/980/995 909/962/995 911/964/995
f 911/964/995 928/981/995 927/980/995
f 929/982/996 928/981/996 911/964/996
f 911/964/996 914/967/996 929/982/996
f 930/983/997 915/968/997 916/969/997
f 916/969/997 931/984/997 930/983/997
f 917/970/998 932/985/998 931/984/998
f 931/984/998 916/969/998 917/970/998
f 932/985/999 917/970/999 918/971/999
f 918/971/1000 933/986/1000 932/985/1000
f 933/986/1001 918/971/1001 919/972/1001
f 919/972/1001 934/987/1001 933/986/1001
f 934/987/1002 919/972/1002 920/973/1002
f 920/973/1002 935/988/1002 934/987/1002
f 935/988/1003 920/973/1003 921/974/1003
f 921/974/1003 936/989/1003 935/988/1003
f 936/989/1004 921/974/1004 922/975/1004
f 922/975/1004 937/990/1004 936/989/1004
f 938/991/1005 937/990/1005 922/975/1005
f 922/975/1006 923/976/1006 938/991/1006
f 938/991/1007 923/976/1007 924/977/1007
f 924/977/1007 939/992/1007 938/991/1007
f 939/992/1008 924/977/1008 925/978/1008
f 925/978/1008 940/993/1008 939/992/1008
f 926/979/1009 941/994/1009 940/993/1009
f 940/993/1009 925/978/1009 926/979/1009
f 941/994/1010 926/979/1010 927/980/1010
f 927/980/1010 942/995/1010 941/994/1010
f 942/995/1011 927/980/1011 928/981/1011
f 928/981/1011 943/996/1011 942/995/1011
f 943/996/1012 928/981/1012 929/982/1012
f 929/982/1012 944/997/1012 943/996/1012
f 945/998/1013 930/983/1013 931/984/1013
f 931/984/1013 946/999/1013 945/998/1013
f 947/1000/1014 946/999/1014 931/984/1014
f 931/984/1014 932/985/1014 947/1000/1014
f 947/1000/1015 932/985/1015 933/986/1015
f 933/986/1015 948/1001/1015 947/1000/1015
f 948/1001/1016 933/986/1016 934/987/1016
f 934/987/1016 949/1002/1016 948/1001/1016
f 935/988/1017 950/1003/1017 949/1002/1017
f 949/1002/1017 934/987/1017 935/988/1017
f 950/1003/1018 935/988/1018 936/989/1018
f 936/989/1018 951/1004/1018 950/1003/1018
f 951/1004/1019 936/989/1019 937/990/1019
f 937/990/1020 952/1005/1020 951/1004/1020
f 952/1005/1021 937/990/1021 938/991/1021
f 938/991/1022 953/1006/1022 952/1005/1022
f 953/1006/1023 938/991/1023 939/992/1023
f 939/992/1024 954/1007/1024 953/1006/1024
f 954/1007/1025 939/992/1025 940/993/1025
f 940/993/1025 955/1008/1025 954/1007/1025
f 956/1009/1026 955/1008/1026 940/993/1026
f 940/993/1026 941/994/1026 956/1009/1026
f 956/1009/1027 941/994/1027 942/995/1027
f 942/995/1028 957/1010/1028 956/1009/1028
f 957/1010/1029 942/995/1029 943/996/1029
f 943/996/1029 958/1011/1029 957/1010/1029
f 944/997/1030 959/1012/1030 958/1011/1030
f 958/1011/1030 943/996/1030 944/997/1030
f 960/1013/1031 945/998/1031 946/999/1031
f 946/999/1031 961/1014/1031 960/1013/1031
f 961/1014/1032 946/999/1032 947/1000/1032
f 947/1000/1032 962/1015/1032 961/1014/1032
f 962/1015/1033 947/1000/1033 948/1001/1033
f 948/1001/1033 963/1016/1033 962/1015/1033
f 963/1016/1034 948/1001/1034 949/1002/1034
f 949/1002/1034 964/1017/1034 963/1016/1034
f 965/1018/1035 964/1017/1035 949/1002/1035
f 949/1002/1036 950/1003/1036 965/1018/1036
f 965/1018/1037 950/1003/1037 951/1004/1037
f 951/1004/1037 966/1019/1037 965/1018/1037
f 966/1019/1038 951/1004/1038 952/1005/1038
f 952/1005/1039 967/1020/1039 966/1019/1039
f 953/1006/1040 968/1021/1040 967/1020/1040
f 967/1020/1041 952/1005/1041 953/1006/1041
f 968/1021/1042 953/1006/1042 954/1007/1042
f 954/1007/1043 969/1022/1043 968/1021/1043
f 969/1022/1044 954/1007/1044 955/1008/1044
f 955/1008/1044 970/1023/1044 969/1022/1044
f 970/1023/1045 955/1008/1045 956/1009/1045
f 956/1009/1045 971/1024/1045 970/1023/1045
f 971/1024/1046 956/1009/1046 957/1010/1046
f 957/1010/1047 972/1025/1047 971/1024/1047
f 972/1025/1048 957/1010/1048 958/1011/1048
f 958/1011/1048 973/1026/1048 972/1025/1048
f 974/1027/1049 973/1026/1049 958/1011/1049
f 958/1011/1049 959/1012/1049 974/1027/1049
f 975/1028/1050 960/1013/1050 961/1014/1050
f 961/1014/1051 976/1029/1051 975/1028/1051
f 962/1015/1052 977/1030/1052 976/1029/1052
f 976/1029/1052 961/1014/1052 962/1015/1052
f 977/1030/1053 962/1015/1053 963/1016/1053
f 963/1016/1053 978/1031/1053 977/1030/1053
f 978/1031/1054 963/1016/1054 964/1017/1054
f 964/1017/1054 979/1032/1054 978/1031/1054
f 979/1032/1055 964/1017/1055 965/1018/1055
f 965/1018/1056 980/1033/1056 979/1032/1056
f 980/1033/1057 965/1018/1057 966/1019/1057
f 966/1019/1058 981/1034/1058 980/1033/1058
f 981/1034/1059 966/1019/1059 967/1020/1059
f 967/1020/1059 982/1035/1059 981/1034/1059
f 983/1036/1060 982/1035/1060 967/1020/1060
f 967/1020/1061 968/1021/1061 983/1036/1061
f 983/1036/1062 968/1021/1062 969/1022/1062
f 969/1022/1063 984/1037/1063 983/1036/1063
f 984/1037/1064 969/1022/1064 970/1023/1064
f 970/1023/1065 985/1038/1065 984/1037/1065
f 971/1024/1066 986/1039/1066 985/1038/1066
f 985/1038/1067 970/1023/1067 971/1024/1067
f 986/1039/1068 971/1024/1068 972/1025/1068
f 972/1025/1068 987/1040/1068 986/1039/1068
f 987/1040/1069 972/1025/1069 973/1026/1069
f 973/1026/1069 988/1041/1069 987/1040/1069
f 988/1041/1070 973/1026/1070 974/1027/1070
f 974/1027/1070 989/1042/1070 988/1041/1070
f 990/1043/1071 975/1028/1071 976/1029/1071
f 976/1029/1071 991/1044/1071 990/1043/1071
f 992/1045/1072 991/1044/1072 976/1029/1072
f 976/1029/1072 977/1030/1072 992/1045/1072
f 992/1045/1073 977/1030/1073 978/1031/1073
f 978/1031/1074 993/1046/1074 992/1045/1074
f 993/1046/1075 978/1031/1075 979/1032/1075
f 979/1032/1076 994/1047/1076 993/1046/1076
f 980/1033/1077 995/1048/1077 994/1047/1077
f 994/1047/1077 979/1032/1077 980/1033/1077
f 995/1048/1078 980/1033/1078 981/1034/1078
f 981/1034/1079 996/1049/1079 995/1048/1079
f 996/1049/1080 981/1034/1080 982/1035/1080
f 982/1035/1080 997/1050/1080 996/1049/1080
f 997/1050/1081 982/1035/1081 983/1036/1081
f 983/1036/1081 998/1051/1081 997/1050/1081
f 998/1051/1082 983/1036/1082 984/1037/1082
f 984/1037/1082 999/1052/1082 998/1051/1082
f 999/1052/1083 984/1037/1083 985/1038/1083
f 985/1038/1083 1000/1053/1083 999/1052/1083
f 1001/1054/1084 1000/1053/1084 985/1038/1084
f 985/1038/1085 986/1039/1085 1001/1054/1085
f 1001/1054/1086 986/1039/1086 987/1040/1086
f 987/1040/1087 1002/1055/1087 1001/1054/1087
f 1002/1055/1088 987/1040/1088 988/1041/1088
f 988/1041/1089 1003/1056/1089 1002/1055/1089
f 989/1042/1090 1004/1057/1090 1003/1056/1090
f 1003/1056/1090 988/1041/1090 989/1042/1090
f 1005/1058/1091 990/1043/1091 991/1044/1091
f 991/1044/1091 1006/1059/1091 1005/1058/1091
f 1006/1059/1092 991/1044/1092 992/1045/1092
f 992/1045/1092 1007/1060/1092 1006/1059/1092
f 1007/1060/1093 992/1045/1093 993/1046/1093
f 993/1046/1093 1008/1061/1093 1007/1060/1093
f 1008/1061/1094 993/1046/1094 994/1047/1094
f 994/1047/1095 1009/1062/1095 1008/1061/1095
f 1010/1063/1096 1009/1062/1096 994/1047/1096
f 994/1047/1097 995/1048/1097 1010/1063/1097
f 1010/1063/1098 995/1048/1098 996/1049/1098
f 996/1049/1099 1011/1064/1099 1010/1063/1099
f 1011/1064/1100 996/1049/1100 997/1050/1100
f 997/1050/1101 1012/1065/1101 1011/1064/1101
f 998/1051/1102 1013/1066/1102 1012/1065/1102
f 1012/1065/1103 997/1050/1103 998/1051/1103
f 1013/1066/1104 998/1051/1104 999/1052/1104
f 999/1052/1105 1014/1067/1105 1013/1066/1105
f 1014/1067/1106 999/1052/1106 1000/1053/1106
f 1000/1053/1106 1015/1068/1106 1014/1067/1106
f 1015/1068/1107 1000/1053/1107 1001/1054/1107
f 1001/1054/1108 1016/1069/1108 1015/1068/1108
f 1016/1069/1109 1001/1054/1109 1002/1055/1109
f 1002/1055/1109 1017/1070/1109 1016/1069/1109
f 1017/1070/1110 1002/1055/1110 1003/1056/1110
f 1003/1056/1110 1018/1071/1110 1017/1070/1110
f 1019/1072/1111 1018/1071/1111 1003/1056/1111
f 1003/1056/1111 1004/1057/1111 1019/1072/1111
f 1020/1073/1112 1005/1058/1112 1006/1059/1112
f 1006/1059/1112 1021/1074/1112 1020/1073/1112
f 1007/1060/1113 1022/1075/1113 1021/1074/1113
f 1021/1074/1113 1006/1059/1113 1007/1060/1113
f 1022/1075/1114 1007/1060/1114 1008/1061/1114
f 1008/1061/1115 1023/1076/1115 1022/1075/1115
f 1023/1076/1116 1008/1061/1116 1009/1062/1116
f 1009/1062/1117 1024/1077/1117 1023/1076/1117
f 1024/1077/1118 1009/1062/1118 1010/1063/1118
f 1010/1063/1119 1025/1078/1119 1024/1077/1119
f 1025/1078/1120 1010/1063/1120 1011/1064/1120
f 1011/1064/1121 1026/1079/1121 1025/1078/1121
f 1026/1079/1122 1011/1064/1122 1012/1065/1122
f 1012/1065/1123 1027/1080/1123 1026/1079/1123
f 1028/1081/1124 1027/1080/1124 1012/1065/1124
f 1012/1065/1124 1013/1066/1124 1028/1081/1124
f 1028/1081/1125 1013/1066/1125 1014/1067/1125
f 1014/1067/1125 1029/1082/1125 1028/1081/1125
f 1029/1082/1126 1014/1067/1126 1015/1068/1126
f 1015/1068/1126 1030/1083/1126 1029/1082/1126
f 1016/1069/1127 1031/1084/1127 1030/1083/1127
f 1030/1083/1127 1015/1068/1127 1016/1069/1127
f 1031/1084/1128 1016/1069/1128 1017/1070/1128
f 1017/1070/1129 1032/1085/1129 1031/1084/1129
f 1032/1085/1130 1017/1070/1130 1018/1071/1130
f 1018/1071/1130 1033/1086/1130 1032/1085/1130
f 1033/1086/1131 1018/1071/1131 1019/1072/1131
f 1019/1072/1131 1034/1087/1131 1033/1086/1131
f 1035/1088/1132 1020/1073/1132 1021/1074/1132
f 1021/1074/1132 1036/1089/1132 1035/1088/1132
f 1037/1090/1133 1036/1089/1133 1021/1074/1133
f 1021/1074/1133 1022/1075/1133 1037/1090/1133
f 1037/1090/1134 1022/1075/1134 1023/1076/1134
f 1023/1076/1134 1038/1091/1134 1037/1090/1134
f 1038/1091/1135 1023/1076/1135 1024/1077/1135
f 1024/1077/1135 1039/1092/1135 1038/1091/1135
f 1025/1078/1136 1040/1093/1136 1039/1092/1136
f 1039/1092/1137 1024/1077/1137 1025/1078/1137
f 1040/1093/1138 1025/1078/1138 1026/1079/1138
f 1026/1079/1138 1041/1094/1138 1040/1093/1138
f 1041/1094/1139 1026/1079/1139 1027/1080/1139
f 1027/1080/1140 1042/1095/1140 1041/1094/1140
f 1042/1095/1141 1027/1080/1141 1028/1081/1141
f 1028/1081/1141 1043/1096/1141 1042/1095/1141
f 1043/1096/1142 1028/1081/1142 1029/1082/1142
f 1029/1082/1142 1044/1097/1142 1043/1096/1142
f 1044/1097/1143 1029/1082/1143 1030/1083/1143
f 1030/1083/1143 1045/1098/1143 1044/1097/1143
f 1046/1099/1144 1045/1098/1144 1030/1083/1144
f 1030/1083/1144 1031/1084/1144 1046/1099/1144
f 1046/1099/1145 1031/1084/1145 1032/1085/1145
f 1032/1085/1145 1047/1100/1145 1046/1099/1145
f 1047/1100/1146 1032/1085/1146 1033/1086/1146
f 1033/1086/1146 1048/1101/1146 1047/1100/1146
f 1034/1087/1147 1049/1102/1147 1048/1101/1147
f 1048/1101/1147 1033/1086/1147 1034/1087/1147
f 1050/1103/1148 1035/1088/1148 1036/1089/1148
f 1036/1089/1148 1051/1104/1148 1050/1103/1148
f 1051/1104/1149 1036/1089/1149 1037/1090/1149
f 1037/1090/1149 1052/1105/1149 1051/1104/1149
f 1052/1105/1150 1037/1090/1150 1038/1091/1150
f 1038/1091/1151 1053/1106/1151 1052/1105/1151
f 1053/1106/1152 1038/1091/1152 1039/1092/1152
f 1039/1092/1152 1054/1107/1152 1053/1106/1152
f 1055/1108/1153 1054/1107/1153 1039/1092/1153
f 1039/1092/1153 1040/1093/1153 1055/1108/1153
f 1055/1108/1154 1040/1093/1154 1041/1094/1154
f 1041/1094/1154 1056/1109/1154 1055/1108/1154
f 1056/1109/1155 1041/1094/1155 1042/1095/1155
f 1042/1095/1155 1057/1110/1155 1056/1109/1155
f 1043/1096/1156 1058/1111/1156 1057/1110/1156
f 1057/1110/1157 1042/1095/1157 1043/1096/1157
f 1058/1111/1158 1043/1096/1158 1044/1097/1158
f 1044/1097/1158 1059/1112/1158 1058/1111/1158
f 1059/1112/1159 1044/1097/1159 1045/1098/1159
f 1045/1098/1159 1060/1113/1159 1059/1112/1159
f 1060/1113/1160 1045/1098/1160 1046/1099/1160
f 1046/1099/1160 1061/1114/1160 1060/1113/1160
f 1061/1114/1161 1046/1099/1161 1047/1100/1161
f 1047/1100/1162 1062/1115/1162 1061/1114/1162
f 1062/1115/1163 1047/1100/1163 1048/1101/1163
f 1048/1101/1163 1063/1116/1163 1062/1115/1163
f 1064/1117/1164 1063/1116/1164 1048/1101/1164
f 1048/1101/1164 1049/1102/1164 1064/1117/1164
f 1065/1118/1165 1050/1103/1165 1051/1104/1165
f 1051/1104/1165 1066/1119/1165 1065/1118/1165
f 1052/1105/1166 1067/1120/1166 1066/1119/1166
f 1066/1119/1166 1051/1104/1166 1052/1105/1166
f 1067/1120/1167 1052/1105/1167 1053/1106/1167
f 1053/1106/1167 1068/1121/1167 1067/1120/1167
f 1068/1121/1168 1053/1106/1168 1054/1107/1168
f 1054/1107/1168 1069/1122/1168 1068/1121/1168
f 1069/1122/1169 1054/1107/1169 1055/1108/1169
f 1055/1108/1170 1070/1123/1170 1069/1122/1170
f 1070/1123/1171 1055/1108/1171 1056/1109/1171
f 1056/1109/1171 1071/1124/1171 1070/1123/1171
f 1071/1124/1172 1056/1109/1172 1057/1110/1172
f 1057/1110/1173 1072/1125/1173 1071/1124/1173
f 1073/1126/1174 1072/1125/1174 1057/1110/1174
f 1057/1110/1175 1058/1111/1175 1073/1126/1175
f 1073/1126/1176 1058/1111/1176 1059/1112/1176
f 1059/1112/1177 1074/1127/1177 1073/1126/1177
f 1074/1127/1178 1059/1112/1178 1060/1113/1178
f 1060/1113/1179 1075/1128/1179 1074/1127/1179
f 1061/1114/1180 1076/1129/1180 1075/1128/1180
f 1075/1128/1181 1060/1113/1181 1061/1114/1181
f 1076/1129/1182 1061/1114/1182 1062/1115/1182
f 1062/1115/1182 1077/1130/1182 1076/1129/1182
f 1077/1130/1183 1062/1115/1183 1063/1116/1183
f 1063/1116/1183 1078/1131/1183 1077/1130/1183
f 1078/1131/1184 1063/1116/1184 1064/1117/1184
f 1064/1117/1184 1079/1132/1184 1078/1131/1184
f 1080/1133/1185 1065/1118/1185 1066/1119/1185
f 1066/1119/1185 1081/1134/1185 1080/1133/1185
f 1082/1135/1186 1081/1134/1186 1066/1119/1187
f 1066/1119/1187 1067/1120/1187 1082/1135/1187
f 1082/1135/1188 1067/1120/1188 1068/1121/1188
f 1068/1121/1188 1083/1136/1188 1082/1135/1188
f 1083/1136/1189 1068/1121/1189 1069/1122/1189
f 1069/1122/1189 1084/1137/1189 1083/1136/1189
f 1070/1123/1190 1085/1138/1190 1084/1137/1190
f 1084/1137/1190 1069/1122/1190 1070/1123/1190
f 1085/1138/1191 1070/1123/1191 1071/1124/1191
f 1071/1124/1192 1086/1139/1192 1085/1138/1192
f 1086/1139/1193 1071/1124/1193 1072/1125/1193
f 1072/1125/1193 1087/1140/1193 1086/1139/1193
f 1087/1140/1194 1072/1125/1194 1073/1126/1194
f 1073/1126/1195 1088/1141/1195 1087/1140/1195
f 1088/1141/1196 1073/1126/1196 1074/1127/1196
f 1074/1127/1196 1089/1142/1196 1088/1141/1196
f 1089/1142/1197 1074/1127/1197 1075/1128/1197
f 1075/1128/1197 1090/1143/1197 1089/1142/1197
f 1091/1144/1198 1090/1143/1198 1075/1128/1198
f 1075/1128/1199 1076/1129/1199 1091/1144/1199
f 1091/1144/1200 1076/1129/1200 1077/1130/1200
f 1077/1130/1200 1092/1145/1200 1091/1144/1200
f 1092/1145/1201 1077/1130/1201 1078/1131/1201
f 1078/1131/1201 1093/1146/1201 1092/1145/1201
f 1079/1132/1202 1094/1147/1202 1093/1146/1202
f 1093/1146/1202 1078/1131/1202 1079/1132/1202
f 1095/1148/1203 1080/1133/1203 1081/1134/1203
f 1081/1134/1203 1096/1149/1203 1095/1148/1203
f 1096/1149/1204 1081/1134/1204 1082/1135/1204
f 1082/1135/1204 1097/1150/1204 1096/1149/1204
f 1097/1150/1205 1082/1135/1205 1083/1136/1205
f 1083/1136/1205 1098/1151/1205 1097/1150/1205
f 1098/1151/1206 1083/1136/1206 1084/1137/1206
f 1084/1137/1206 1099/1152/1206 1098/1151/1206
f 1100/1153/1207 1099/1152/1207 1084/1137/1207
f 1084/1137/1208 1085/1138/1208 1100/1153/1208
f 1100/1153/1209 1085/1138/1209 1086/1139/1209
f 1086/1139/1209 1101/1154/1209 1100/1153/1209
f 1101/1154/1210 1086/1139/1210 1087/1140/1210
f 1087/1140/1211 1102/1155/1211 1101/1154/1211
f 1088/1141/1212 1103/1156/1212 1102/1155/1212
f 1102/1155/1213 1087/1140/1213 1088/1141/1213
f 1103/1156/1214 1088/1141/1214 1089/1142/1214
f 1089/1142/1215 1104/1157/1215 1103/1156/1215
f 1104/1157/1216 1089/1142/1216 1090/1143/1216
f 1090/1143/1216 1105/1158/1216 1104/1157/1216
f 1105/1158/1217 1090/1143/1217 1091/1144/1217
f 1091/1144/1217 1106/1159/1217 1105/1158/1217
f 1106/1159/1218 1091/1144/1218 1092/1145/1218
f 1092/1145/1218 1107/1160/1218 1106/1159/1218
f 1107/1160/1219 1092/1145/1219 1093/1146/1219
f 1093/1146/1219 1108/1161/1219 1107/1160/1219
f 1109/1162/1220 1108/1161/1220 1093/1146/1220
f 1093/1146/1220 1094/1147/1220 1109/1162/1220
f 855/893/1221 1110/1163/1221 886/939/1221
f 886/939/1221 856/1164/1221 855/893/1221
f 886/939/1222 1110/1163/1222 1111/1165/1222
f 1111/1165/1222 887/940/1222 886/939/1222
f 1111/1165/1223 1112/1166/1223 889/942/1223
f 889/942/1223 887/940/1223 1111/1165/1223
f 889/942/1224 1112/1166/1224 1113/1167/1224
f 1113/1167/1224 891/944/1224 889/942/1224
f 891/944/1225 1113/1167/1225 1114/1168/1225
f 1114/1168/1225 893/946/1225 891/944/1225
f 895/948/1226 893/946/1226 1114/1168/1226
f 1114/1168/1227 1115/1169/1227 895/948/1227
f 895/948/1228 1115/1169/1228 1116/1170/1228
f 1116/1170/1228 897/950/1228 895/948/1228
f 897/950/1229 1116/1170/1229 1117/1171/1229
f 1117/1171/1230 899/952/1230 897/950/1230
f 1118/1172/1231 901/954/1231 899/952/1231
f 899/952/1232 1117/1171/1232 1118/1172/1232
f 901/954/1233 1118/1172/1233 1119/1173/1233
f 1119/1173/1234 904/957/1234 901/954/1234
f 904/957/1235 1119/1173/1235 1120/1174/1235
f 1120/1174/1236 906/959/1236 904/957/1236
f 1121/1175/1237 908/961/1237 906/959/1237
f 906/959/1238 1120/1174/1238 1121/1175/1238
f 1122/1176/1239 910/963/1239 908/961/1239
f 908/961/1240 1121/1175/1240 1122/1176/1240
f 1123/1177/1241 912/965/1241 910/963/1241
f 910/963/1242 1122/1176/1242 1123/1177/1242
f 912/965/1243 1123/1177/1243 1124/1178/1243
f 1124/1178/1243 913/966/1243 912/965/1243
f 228/1179/1244 913/966/1244 1124/1178/1244
f 1124/1178/1244 229/1180/1244 228/1179/1244
f 914/967/1245 913/966/1245 228/1179/1245
f 228/1179/1245 236/1181/1245 914/967/1245
f 929/982/1246 914/967/1246 236/1181/1246
f 236/1181/1246 237/1182/1246 929/982/1246
f 238/1183/1247 944/997/1247 929/982/1247
f 929/982/1247 237/1182/1247 238/1183/1247
f 239/1184/1248 959/1012/1248 944/997/1248
f 944/997/1249 238/1183/1249 239/1184/1249
f 240/1185/1250 974/1027/1250 959/1012/1250
f 959/1012/1250 239/1184/1250 240/1185/1250
f 241/1186/1251 989/1042/1251 974/1027/1251
f 974/1027/1251 240/1185/1251 241/1186/1251
f 222/1187/1252 1004/1057/1252 989/1042/1252
f 989/1042/1253 241/1186/1253 222/1187/1253
f 221/1188/1254 1019/1072/1254 1004/1057/1254
f 1004/1057/1254 222/1187/1254 221/1188/1254
f 220/1189/1255 1034/1087/1255 1019/1072/1255
f 1019/1072/1256 221/1188/1256 220/1189/1256
f 219/1190/1257 1049/1102/1257 1034/1087/1257
f 1034/1087/1257 220/1189/1257 219/1190/1257
f 1049/1102/1258 219/1190/1258 218/1191/1258
f 218/1191/1258 1064/1117/1258 1049/1102/1258
f 1064/1117/1259 218/1191/1259 217/1192/1259
f 217/1192/1259 1079/1132/1259 1064/1117/1259
f 216/1193/1260 1094/1147/1260 1079/1132/1260
f 1079/1132/1260 217/1192/1260 216/1193/1260
f 1094/1147/1261 216/1193/1261 213/1194/1261
f 213/1194/1261 1109/1162/1261 1094/1147/1261
f 215/1195/1262 397/1196/1262 1109/1162/1262
f 1109/1162/1262 213/1194/1262 215/1195/1262
f 416/1197/1263 1108/1161/1263 1109/1162/1263
f 1109/1162/1263 397/1196/1263 416/1197/1263
f 1107/1160/1264 1108/1161/1265 416/1197/1264
f 416/1197/1266 415/1198/1266 1107/1160/1266
f 1106/1159/1267 1107/1160/1267 415/1198/1267
f 415/1198/1267 414/1199/1267 1106/1159/1267
f 414/1199/1268 413/1200/1268 1105/1158/1268
f 1105/1158/1268 1106/1159/1268 414/1199/1268
f 1104/1157/1269 1105/1158/1269 413/1200/1269
f 413/1200/1270 412/1201/1270 1104/1157/1270
f 1103/1156/1271 1104/1157/1271 412/1201/1271
f 412/1201/1272 411/1202/1272 1103/1156/1272
f 411/1202/1273 410/1203/1273 1102/1155/1273
f 1102/1155/1274 1103/1156/1274 411/1202/1274
f 410/1203/1275 409/1204/1275 1101/1154/1275
f 1101/1154/1275 1102/1155/1275 410/1203/1275
f 409/1204/1276 408/1205/1276 1100/1153/1276
f 1100/1153/1276 1101/1154/1276 409/1204/1276
f 1099/1152/1277 1100/1153/1277 408/1205/1277
f 408/1205/1277 407/1206/1277 1099/1152/1277
f 407/1206/1278 406/1207/1278 1098/1151/1278
f 1098/1151/1278 1099/1152/1278 407/1206/1278
f 406/1207/1279 405/1208/1279 1097/1150/1279
f 1097/1150/1279 1098/1151/1279 406/1207/1279
f 404/1209/1280 1096/1149/1280 1097/1150/1280
f 1097/1150/1280 405/1208/1280 404/1209/1280
f 404/1209/1281 403/1210/1281 1095/1148/1281
f 1095/1148/1281 1096/1149/1281 404/1209/1281
f 871/1211/1282 1095/1148/1282 403/1210/1282
f 403/1210/1283 402/1212/1283 871/1211/1283
f 871/1211/1284 872/1213/1284 1080/1133/1284
f 1080/1133/1284 1095/1148/1284 871/1211/1284
f 872/1213/1285 873/1214/1285 1065/1118/1285
f 1065/1118/1285 1080/1133/1285 872/1213/1285
f 873/1214/1286 874/1215/1286 1050/1103/1286
f 1050/1103/1286 1065/1118/1286 873/1214/1286
f 1050/1103/1287 874/1215/1287 875/1216/1287
f 875/1216/1287 1035/1088/1287 1050/1103/1287
f 875/1216/1288 876/1217/1288 1020/1073/1288
f 1020/1073/1288 1035/1088/1288 875/1216/1288
f 877/1218/1289 1005/1058/1289 1020/1073/1289
f 1020/1073/1289 876/1217/1289 877/1218/1289
f 863/1219/1290 990/1043/1290 1005/1058/1290
f 1005/1058/1290 877/1218/1290 863/1219/1290
f 975/1028/1291 990/1043/1291 863/1219/1291
f 863/1219/1291 862/1220/1291 975/1028/1291
f 975/1028/1292 862/1220/1292 861/1221/1292
f 861/1221/1293 960/1013/1293 975/1028/1293
f 861/1221/1294 860/1222/1294 945/998/1294
f 945/998/1295 960/1013/1295 861/1221/1295
f 945/998/1296 860/1222/1296 859/1223/1296
f 859/1223/1296 930/983/1296 945/998/1296
f 930/983/1297 859/1223/1297 858/1224/1297
f 858/1224/1297 915/968/1297 930/983/1297
f 858/1224/1298 857/1225/1298 885/938/1298
f 885/938/1298 915/968/1298 858/1224/1298
f 857/1225/1299 856/1164/1299 886/939/1299
f 886/939/1299 885/938/1299 857/1225/1299
f 1125/1226/1300 1126/1227/1300 1127/1228/1300
f 1127/1228/1300 1128/1229/1300 1125/1226/1300
f 1129/1230/1301 1128/1229/1301 1127/1228/1301
f 1127/1228/1301 1130/1231/1301 1129/1230/1301
f 1129/1230/1302 1130/1231/1302 1131/1232/1302
f 1131/1232/1302 1132/1233/1302 1129/1230/1302
f 1132/1233/1303 1131/1232/1303 1133/1234/1303
f 1133/1234/1304 1134/1235/1304 1132/1233/1304
f 1135/1236/1305 1136/1237/1305 1134/1235/1305
f 1134/1235/1305 1133/1234/1305 1135/1236/1305
f 1136/1237/1306 1135/1236/1306 1137/1238/1306
f 1137/1238/1306 1138/1239/1306 1136/1237/1306
f 1138/1239/1307 1137/1238/1307 1139/1240/1307
f 1139/1240/1307 1140/1241/1307 1138/1239/1307
f 1140/1241/1308 1139/1240/1308 1141/1242/1308
f 1141/1242/1309 1142/1243/1309 1140/1241/1309
f 1142/1243/1310 1141/1242/1310 1143/1244/1310
f 1143/1244/1311 1144/1245/1311 1142/1243/1311
f 1144/1245/1312 1143/1244/1312 1145/1246/1312
f 1145/1246/1313 1146/1247/1313 1144/1245/1313
f 1147/1248/1314 1146/1247/1314 1145/1246/1314
f 1145/1246/1314 1148/1249/1314 1147/1248/1314
f 1147/1248/1315 1148/1249/1315 1149/1250/1315
f 1149/1250/1315 1150/1251/1315 1147/1248/1315
f 1150/1251/1316 1149/1250/1316 1151/1252/1316
f 1151/1252/1316 1152/1253/1316 1150/1251/1316
f 1153/1254/1317 1154/1255/1317 1152/1253/1317
f 1152/1253/1317 1151/1252/1317 1153/1254/1317
f 1155/1256/1318 1125/1226/1318 1128/1229/1318
f 1128/1229/1318 1156/1257/1318 1155/1256/1318
f 1156/1257/1319 1128/1229/1319 1129/1230/1319
f 1129/1230/1319 1157/1258/1319 1156/1257/1319
f 1157/1258/1320 1129/1230/1320 1132/1233/1320
f 1132/1233/1320 1158/1259/1320 1157/1258/1320
f 1158/1259/1321 1132/1233/1321 1134/1235/1321
f 1134/1235/1321 1159/1260/1321 1158/1259/1321
f 1160/1261/1322 1159/1260/1322 1134/1235/1322
f 1134/1235/1323 1136/1237/1323 1160/1261/1323
f 1160/1261/1324 1136/1237/1324 1138/1239/1324
f 1138/1239/1324 1161/1262/1324 1160/1261/1324
f 1161/1262/1325 1138/1239/1325 1140/1241/1325
f 1140/1241/1326 1162/1263/1326 1161/1262/1326
f 1142/1243/1327 1163/1264/1327 1162/1263/1327
f 1162/1263/1328 1140/1241/1328 1142/1243/1328
f 1163/1264/1329 1142/1243/1329 1144/1245/1329
f 1144/1245/1329 1164/1265/1329 1163/1264/1329
f 1164/1265/1330 1144/1245/1330 1146/1247/1330
f 1146/1247/1330 1165/1266/1330 1164/1265/1330
f 1165/1266/1331 1146/1247/1331 1147/1248/1331
f 1147/1248/1331 1166/1267/1331 1165/1266/1331
f 1166/1267/1332 1147/1248/1332 1150/1251/1332
f 1150/1251/1333 1167/1268/1333 1166/1267/1333
f 1167/1268/1334 1150/1251/1334 1152/1253/1334
f 1152/1253/1334 1168/1269/1334 1167/1268/1334
f 1169/1270/1335 1168/1269/1335 1152/1253/1335
f 1152/1253/1335 1154/1255/1335 1169/1270/1335
f 1170/1271/1336 1155/1256/1336 1156/1257/1336
f 1156/1257/1336 1171/1272/1336 1170/1271/1336
f 1157/1258/1337 1172/1273/1337 1171/1272/1337
f 1171/1272/1337 1156/1257/1337 1157/1258/1337
f 1172/1273/1338 1157/1258/1338 1158/1259/1338
f 1158/1259/1338 1173/1274/1338 1172/1273/1338
f 1173/1274/1339 1158/1259/1339 1159/1260/1339
f 1159/1260/1339 1174/1275/1339 1173/1274/1339
f 1174/1275/1340 1159/1260/1340 1160/1261/1340
f 1160/1261/1340 1175/1276/1340 1174/1275/1340
f 1175/1276/1341 1160/1261/1341 1161/1262/1341
f 1161/1262/1341 1176/1277/1341 1175/1276/1341
f 1176/1277/1342 1161/1262/1342 1162/1263/1342
f 1162/1263/1342 1177/1278/1342 1176/1277/1342
f 1178/1279/1343 1177/1278/1343 1162/1263/1343
f 1162/1263/1344 1163/1264/1344 1178/1279/1344
f 1178/1279/1345 1163/1264/1345 1164/1265/1345
f 1164/1265/1346 1179/1280/1346 1178/1279/1346
f 1179/1280/1347 1164/1265/1347 1165/1266/1347
f 1165/1266/1347 1180/1281/1347 1179/1280/1347
f 1166/1267/1348 1181/1282/1348 1180/1281/1348
f 1180/1281/1348 1165/1266/1348 1166/1267/1348
f 1181/1282/1349 1166/1267/1349 1167/1268/1349
f 1167/1268/1349 1182/1283/1349 1181/1282/1349
f 1182/1283/1350 1167/1268/1350 1168/1269/1350
f 1168/1269/1350 1183/1284/1350 1182/1283/1350
f 1183/1284/1351 1168/1269/1351 1169/1270/1351
f 1169/1270/1351 1184/1285/1351 1183/1284/1351
f 1185/1286/1352 1170/1271/1352 1171/1272/1352
f 1171/1272/1352 1186/1287/1352 1185/1286/1352
f 1187/1288/1353 1186/1287/1353 1171/1272/1353
f 1171/1272/1353 1172/1273/1353 1187/1288/1353
f 1187/1288/1354 1172/1273/1354 1173/1274/1354
f 1173/1274/1354 1188/1289/1354 1187/1288/1354
f 1188/1289/1355 1173/1274/1355 1174/1275/1355
f 1174/1275/1355 1189/1290/1355 1188/1289/1355
f 1175/1276/1356 1190/1291/1356 1189/1290/1356
f 1189/1290/1357 1174/1275/1357 1175/1276/1357
f 1190/1291/1358 1175/1276/1358 1176/1277/1358
f 1176/1277/1359 1191/1292/1359 1190/1291/1359
f 1191/1292/1360 1176/1277/1360 1177/1278/1360
f 1177/1278/1360 1192/1293/1360 1191/1292/1360
f 1192/1293/1361 1177/1278/1361 1178/1279/1361
f 1178/1279/1361 1193/1294/1361 1192/1293/1361
f 1193/1294/1362 1178/1279/1362 1179/1280/1362
f 1179/1280/1362 1194/1295/1362 1193/1294/1362
f 1194/1295/1363 1179/1280/1363 1180/1281/1363
f 1180/1281/1363 1195/1296/1363 1194/1295/1363
f 1196/1297/1364 1195/1296/1364 1180/1281/1364
f 1180/1281/1365 1181/1282/1365 1196/1297/1365
f 1196/1297/1366 1181/1282/1366 1182/1283/1366
f 1182/1283/1366 1197/1298/1366 1196/1297/1366
f 1197/1298/1367 1182/1283/1367 1183/1284/1367
f 1183/1284/1367 1198/1299/1367 1197/1298/1367
f 1184/1285/1368 1199/1300/1368 1198/1299/1368
f 1198/1299/1368 1183/1284/1368 1184/1285/1368
f 1200/1301/1369 1185/1286/1369 1186/1287/1369
f 1186/1287/1369 1201/1302/1369 1200/1301/1369
f 1201/1302/1370 1186/1287/1370 1187/1288/1370
f 1187/1288/1370 1202/1303/1370 1201/1302/1370
f 1203/1304/1371 1202/1303/1371 1187/1288/1371
f 1187/1288/1371 1188/1289/1371 1203/1304/1371
f 1204/1305/1372 1203/1304/1372 1188/1289/1372
f 1188/1289/1372 1189/1290/1372 1204/1305/1372
f 1190/1291/1373 1205/1306/1373 1204/1305/1373
f 1204/1305/1373 1189/1290/1373 1190/1291/1373
f 1206/1307/1374 1205/1306/1374 1190/1291/1374
f 1190/1291/1375 1191/1292/1375 1206/1307/1376
f 1207/1308/1377 1206/1307/1377 1191/1292/1377
f 1191/1292/1378 1192/1293/1378 1207/1308/1378
f 1207/1308/1379 1192/1293/1379 1193/1294/1379
f 1193/1294/1380 1208/1309/1380 1207/1308/1380
f 1209/1310/1381 1208/1309/1381 1193/1294/1381
f 1193/1294/1382 1194/1295/1382 1209/1310/1382
f 1210/1311/1383 1209/1310/1383 1194/1295/1383
f 1194/1295/1383 1195/1296/1383 1210/1311/1383
f 1210/1311/1384 1195/1296/1384 1196/1297/1384
f 1196/1297/1384 1211/1312/1384 1210/1311/1384
f 1212/1313/1385 1211/1312/1385 1196/1297/1385
f 1196/1297/1385 1197/1298/1385 1212/1313/1385
f 1213/1314/1386 1212/1313/1386 1197/1298/1386
f 1197/1298/1386 1198/1299/1386 1213/1314/1386
f 1199/1300/1387 1214/1315/1387 1213/1314/1387
f 1213/1314/1387 1198/1299/1387 1199/1300/1387
f 1215/1316/1388 1216/1317/1388 1200/1301/1388
f 1200/1301/1388 1201/1302/1388 1215/1316/1388
f 1202/1303/1389 1217/1318/1389 1215/1316/1389
f 1215/1316/1389 1201/1302/1389 1202/1303/1389
f 1218/1319/1390 1217/1318/1390 1202/1303/1390
f 1202/1303/1390 1203/1304/1390 1218/1319/1390
f 1219/1320/1391 1218/1319/1391 1203/1304/1391
f 1203/1304/1391 1204/1305/1391 1219/1320/1391
f 1204/1305/1392 1205/1306/1392 1220/1321/1392
f 1220/1321/1392 1219/1320/1392 1204/1305/1392
f 1206/1307/1393 1221/1322/1393 1220/1321/1393
f 1220/1321/1394 1205/1306/1394 1206/1307/1394
f 1207/1308/1395 1222/1323/1395 1221/1322/1395
f 1221/1322/1396 1206/1307/1396 1207/1308/1396
f 1222/1323/1397 1207/1308/1397 1208/1309/1397
f 1208/1309/1398 1223/1324/1398 1222/1323/1398
f 1209/1310/1399 1224/1325/1399 1223/1324/1399
f 1223/1324/1400 1208/1309/1400 1209/1310/1400
f 1210/1311/1401 1225/1326/1401 1224/1325/1401
f 1224/1325/1402 1209/1310/1402 1210/1311/1402
f 1211/1312/1403 1226/1327/1403 1225/1326/1403
f 1225/1326/1404 1210/1311/1404 1211/1312/1404
f 1227/1328/1405 1226/1327/1405 1211/1312/1405
f 1211/1312/1405 1212/1313/1405 1227/1328/1405
f 1228/1329/1406 1227/1328/1406 1212/1313/1406
f 1212/1313/1406 1213/1314/1406 1228/1329/1406
f 1213/1314/1407 1214/1315/1407 1229/1330/1407
f 1229/1330/1407 1228/1329/1407 1213/1314/1407
f 1215/1316/1408 1230/1331/1408 1231/1332/1408
f 1231/1332/1408 1216/1317/1408 1215/1316/1408
f 1230/1331/1409 1215/1316/1409 1217/1318/1409
f 1217/1318/1409 1232/1333/1409 1230/1331/1409
f 1218/1319/1410 1233/1334/1410 1232/1333/1410
f 1232/1333/1411 1217/1318/1411 1218/1319/1411
f 1219/1320/1412 1234/1335/1412 1233/1334/1412
f 1233/1334/1413 1218/1319/1413 1219/1320/1413
f 1220/1321/1414 1235/1336/1414 1234/1335/1414
f 1234/1335/1415 1219/1320/1415 1220/1321/1415
f 1236/1337/1416 1235/1336/1416 1220/1321/1416
f 1220/1321/1417 1221/1322/1417 1236/1337/1417
f 1237/1338/1418 1236/1337/1418 1221/1322/1418
f 1221/1322/1419 1222/1323/1419 1237/1338/1419
f 1222/1323/1420 1223/1324/1420 1238/1339/1420
f 1238/1339/1421 1237/1338/1421 1222/1323/1421
f 1224/1325/1422 1239/1340/1422 1238/1339/1422
f 1238/1339/1423 1223/1324/1423 1224/1325/1423
f 1225/1326/1424 1240/1341/1424 1239/1340/1424
f 1239/1340/1425 1224/1325/1425 1225/1326/1425
f 1240/1341/1426 1225/1326/1426 1226/1327/1426
f 1226/1327/1426 1241/1342/1426 1240/1341/1426
f 1227/1328/1427 1242/1343/1427 1241/1342/1427
f 1241/1342/1428 1226/1327/1428 1227/1328/1428
f 1228/1329/1429 1243/1344/1429 1242/1343/1429
f 1242/1343/1430 1227/1328/1430 1228/1329/1430
f 1229/1330/1431 1244/1345/1431 1243/1344/1431
f 1243/1344/1431 1228/1329/1431 1229/1330/1431
f 1245/1346/1432 1246/1347/1432 1231/1332/1432
f 1231/1332/1432 1230/1331/1432 1245/1346/1432
f 1230/1331/1433 1232/1333/1433 1247/1348/1433
f 1247/1348/1434 1245/1346/1434 1230/1331/1434
f 1233/1334/1435 1248/1349/1435 1247/1348/1435
f 1247/1348/1436 1232/1333/1436 1233/1334/1436
f 1234/1335/1437 1249/1350/1437 1248/1349/1437
f 1248/1349/1438 1233/1334/1438 1234/1335/1438
f 1249/1350/1439 1234/1335/1439 1235/1336/1439
f 1235/1336/1440 1250/1351/1440 1249/1350/1440
f 1236/1337/1441 1251/1352/1441 1250/1351/1441
f 1250/1351/1442 1235/1336/1442 1236/1337/1442
f 1237/1338/1443 1252/1353/1443 1251/1352/1443
f 1251/1352/1444 1236/1337/1444 1237/1338/1444
f 1238/1339/1445 1253/1354/1445 1252/1353/1445
f 1252/1353/1421 1237/1338/1421 1238/1339/1421
f 1254/1355/1446 1253/1354/1446 1238/1339/1446
f 1238/1339/1446 1239/1340/1446 1254/1355/1446
f 1255/1356/1447 1254/1355/1447 1239/1340/1447
f 1239/1340/1448 1240/1341/1448 1255/1356/1448
f 1240/1341/1449 1241/1342/1449 1256/1357/1449
f 1256/1357/1450 1255/1356/1450 1240/1341/1450
f 1242/1343/1451 1257/1358/1451 1256/1357/1451
f 1256/1357/1452 1241/1342/1452 1242/1343/1452
f 1243/1344/1453 1258/1359/1453 1257/1358/1453
f 1257/1358/1454 1242/1343/1454 1243/1344/1454
f 1258/1359/1455 1243/1344/1455 1244/1345/1455
f 1244/1345/1455 1259/1360/1455 1258/1359/1455
f 1245/1346/1456 1260/1361/1456 1261/1362/1456
f 1261/1362/1456 1246/1347/1456 1245/1346/1456
f 1247/1348/1457 1262/1363/1457 1260/1361/1457
f 1260/1361/1457 1245/1346/1457 1247/1348/1457
f 1263/1364/1458 1262/1363/1458 1247/1348/1458
f 1247/1348/1459 1248/1349/1459 1263/1364/1459
f 1264/1365/1460 1263/1364/1460 1248/1349/1460
f 1248/1349/1460 1249/1350/1460 1264/1365/1460
f 1249/1350/1461 1250/1351/1461 1265/1366/1461
f 1265/1366/1461 1264/1365/1461 1249/1350/1461
f 1251/1352/1462 1266/1367/1462 1265/1366/1462
f 1265/1366/1463 1250/1351/1463 1251/1352/1463
f 1252/1353/1464 1267/1368/1464 1266/1367/1464
f 1266/1367/1465 1251/1352/1465 1252/1353/1465
f 1267/1368/1466 1252/1353/1466 1253/1354/1466
f 1253/1354/1466 1268/1369/1466 1267/1368/1466
f 1254/1355/1467 1269/1370/1467 1268/1369/1467
f 1268/1369/1468 1253/1354/1468 1254/1355/1468
f 1255/1356/1469 1270/1371/1469 1269/1370/1469
f 1269/1370/1470 1254/1355/1470 1255/1356/1470
f 1256/1357/1471 1271/1372/1471 1270/1371/1471
f 1270/1371/1472 1255/1356/1472 1256/1357/1472
f 1272/1373/1473 1271/1372/1473 1256/1357/1473
f 1256/1357/1474 1257/1358/1474 1272/1373/1474
f 1273/1374/1475 1272/1373/1475 1257/1358/1475
f 1257/1358/1475 1258/1359/1475 1273/1374/1475
f 1258/1359/1476 1259/1360/1476 1274/1375/1476
f 1274/1375/1477 1273/1374/1477 1258/1359/1477
f 1260/1361/1478 1275/1376/1478 1276/1377/1478
f 1276/1377/1479 1261/1362/1479 1260/1361/1479
f 1275/1376/1480 1260/1361/1480 1262/1363/1480
f 1262/1363/1480 1277/1378/1480 1275/1376/1480
f 1263/1364/1481 1278/1379/1481 1277/1378/1481
f 1277/1378/1481 1262/1363/1481 1263/1364/1481
f 1264/1365/1482 1279/1380/1482 1278/1379/1482
f 1278/1379/1482 1263/1364/1482 1264/1365/1482
f 1265/1366/1483 1280/1381/1483 1279/1380/1483
f 1279/1380/1484 1264/1365/1484 1265/1366/1484
f 1281/1382/1485 1280/1381/1485 1265/1366/1485
f 1265/1366/1485 1266/1367/1485 1281/1382/1485
f 1282/1383/1486 1281/1382/1486 1266/1367/1486
f 1266/1367/1487 1267/1368/1487 1282/1383/1487
f 1267/1368/1488 1268/1369/1488 1283/1384/1488
f 1283/1384/1489 1282/1383/1489 1267/1368/1489
f 1269/1370/1490 1284/1385/1490 1283/1384/1490
f 1283/1384/1491 1268/1369/1491 1269/1370/1491
f 1270/1371/1492 1285/1386/1492 1284/1385/1492
f 1284/1385/1492 1269/1370/1492 1270/1371/1492
f 1285/1386/1493 1270/1371/1493 1271/1372/1493
f 1271/1372/1494 1286/1387/1494 1285/1386/1494
f 1272/1373/1495 1287/1388/1495 1286/1387/1495
f 1286/1387/1495 1271/1372/1495 1272/1373/1495
f 1273/1374/1496 1288/1389/1496 1287/1388/1496
f 1287/1388/1496 1272/1373/1496 1273/1374/1496
f 1274/1375/1497 1289/1390/1497 1288/1389/1497
f 1288/1389/1497 1273/1374/1497 1274/1375/1497
f 1290/1391/1498 1291/1392/1498 1276/1377/1498
f 1276/1377/1498 1275/1376/1498 1290/1391/1498
f 1275/1376/1499 1277/1378/1499 1292/1393/1499
f 1292/1393/1499 1290/1391/1499 1275/1376/1499
f 1278/1379/1500 1293/1394/1500 1292/1393/1500
f 1292/1393/1500 1277/1378/1500 1278/1379/1500
f 1279/1380/1501 1294/1395/1501 1293/1394/1501
f 1293/1394/1501 1278/1379/1501 1279/1380/1501
f 1294/1395/1502 1279/1380/1502 1280/1381/1502
f 1280/1381/1503 1295/1396/1503 1294/1395/1503
f 1281/1382/1504 1296/1397/1504 1295/1396/1504
f 1295/1396/1504 1280/1381/1504 1281/1382/1504
f 1282/1383/1505 1297/1398/1505 1296/1397/1505
f 1296/1397/1506 1281/1382/1506 1282/1383/1506
f 1283/1384/1507 1298/1399/1507 1297/1398/1507
f 1297/1398/1508 1282/1383/1508 1283/1384/1508
f 1299/1400/1509 1298/1399/1509 1283/1384/1509
f 1283/1384/1510 1284/1385/1510 1299/1400/1510
f 1300/1401/1511 1299/1400/1511 1284/1385/1511
f 1284/1385/1512 1285/1386/1512 1300/1401/1512
f 1285/1386/1513 1286/1387/1513 1301/1402/1513
f 1301/1402/1514 1300/1401/1514 1285/1386/1514
f 1287/1388/1515 1302/1403/1515 1301/1402/1515
f 1301/1402/1515 1286/1387/1515 1287/1388/1515
f 1288/1389/1516 1303/1404/1516 1302/1403/1516
f 1302/1403/1516 1287/1388/1516 1288/1389/1516
f 1303/1404/1517 1288/1389/1517 1289/1390/1517
f 1289/1390/1517 1304/1405/1517 1303/1404/1517
f 1290/1391/1518 1305/1406/1518 1306/1407/1518
f 1306/1407/1518 1291/1392/1518 1290/1391/1518
f 1292/1393/1519 1307/1408/1519 1305/1406/1519
f 1305/1406/1519 1290/1391/1519 1292/1393/1519
f 1308/1409/1520 1307/1408/1520 1292/1393/1520
f 1292/1393/1520 1293/1394/1520 1308/1409/1520
f 1309/1410/1521 1308/1409/1521 1293/1394/1521
f 1293/1394/1521 1294/1395/1521 1309/1410/1521
f 1294/1395/1522 1295/1396/1522 1310/1411/1522
f 1310/1411/1522 1309/1410/1522 1294/1395/1522
f 1296/1397/1523 1311/1412/1523 1310/1411/1523
f 1310/1411/1523 1295/1396/1523 1296/1397/1523
f 1297/1398/1524 1312/1413/1524 1311/1412/1524
f 1311/1412/1524 1296/1397/1524 1297/1398/1524
f 1312/1413/1525 1297/1398/1525 1298/1399/1525
f 1298/1399/1526 1313/1414/1526 1312/1413/1526
f 1299/1400/1527 1314/1415/1527 1313/1414/1527
f 1313/1414/1528 1298/1399/1528 1299/1400/1528
f 1300/1401/1529 1315/1416/1529 1314/1415/1529
f 1314/1415/1530 1299/1400/1530 1300/1401/1530
f 1301/1402/1531 1316/1417/1531 1315/1416/1531
f 1315/1416/1531 1300/1401/1531 1301/1402/1531
f 1317/1418/1532 1316/1417/1532 1301/1402/1532
f 1301/1402/1532 1302/1403/1532 1317/1418/1532
f 1318/1419/1533 1317/1418/1533 1302/1403/1533
f 1302/1403/1533 1303/1404/1533 1318/1419/1533
f 1303/1404/1534 1304/1405/1534 1319/1420/1534
f 1319/1420/1534 1318/1419/1534 1303/1404/1534
f 1305/1406/1535 1320/1421/1535 1321/1422/1535
f 1321/1422/1535 1306/1407/1535 1305/1406/1535
f 1320/1421/1536 1305/1406/1536 1307/1408/1536
f 1307/1408/1536 1322/1423/1536 1320/1421/1536
f 1308/1409/1537 1323/1424/1537 1322/1423/1537
f 1322/1423/1537 1307/1408/1537 1308/1409/1537
f 1309/1410/1538 1324/1425/1538 1323/1424/1538
f 1323/1424/1538 1308/1409/1538 1309/1410/1538
f 1310/1411/1539 1325/1426/1539 1324/1425/1539
f 1324/1425/1539 1309/1410/1539 1310/1411/1539
f 1326/1427/1540 1325/1426/1540 1310/1411/1540
f 1310/1411/1540 1311/1412/1540 1326/1427/1540
f 1327/1428/1541 1326/1427/1541 1311/1412/1541
f 1311/1412/1541 1312/1413/1541 1327/1428/1541
f 1312/1413/1542 1313/1414/1542 1328/1429/1542
f 1328/1429/1543 1327/1428/1543 1312/1413/1543
f 1314/1415/1544 1329/1430/1544 1328/1429/1544
f 1328/1429/1545 1313/1414/1545 1314/1415/1545
f 1315/1416/1546 1330/1431/1546 1329/1430/1546
f 1329/1430/1546 1314/1415/1546 1315/1416/1546
f 1330/1431/1547 1315/1416/1547 1316/1417/1547
f 1316/1417/1547 1331/1432/1547 1330/1431/1547
f 1317/1418/1548 1332/1433/1548 1331/1432/1548
f 1331/1432/1548 1316/1417/1548 1317/1418/1548
f 1318/1419/1549 1333/1434/1549 1332/1433/1549
f 1332/1433/1549 1317/1418/1549 1318/1419/1549
f 1319/1420/1550 1334/1435/1550 1333/1434/1550
f 1333/1434/1550 1318/1419/1550 1319/1420/1550
f 1335/1436/1551 1336/1437/1551 1321/1422/1551
f 1321/1422/1551 1320/1421/1551 1335/1436/1551
f 1320/1421/1552 1322/1423/1552 1337/1438/1552
f 1337/1438/1552 1335/1436/1552 1320/1421/1552
f 1323/1424/1553 1338/1439/1553 1337/1438/1553
f 1337/1438/1553 1322/1423/1553 1323/1424/1553
f 1324/1425/1554 1339/1440/1554 1338/1439/1554
f 1338/1439/1554 1323/1424/1554 1324/1425/1554
f 1339/1440/1555 1324/1425/1555 1325/1426/1555
f 1325/1426/1555 1340/1441/1555 1339/1440/1555
f 1326/1427/1556 1341/1442/1556 1340/1441/1556
f 1340/1441/1557 1325/1426/1557 1326/1427/1557
f 1327/1428/1558 1342/1443/1558 1341/1442/1558
f 1341/1442/1558 1326/1427/1558 1327/1428/1558
f 1328/1429/1559 1343/1444/1559 1342/1443/1559
f 1342/1443/1560 1327/1428/1560 1328/1429/1560
f 1344/1445/1561 1343/1444/1561 1328/1429/1561
f 1328/1429/1562 1329/1430/1562 1344/1445/1562
f 1345/1446/1563 1344/1445/1563 1329/1430/1563
f 1329/1430/1564 1330/1431/1564 1345/1446/1564
f 1330/1431/1565 1331/1432/1565 1346/1447/1565
f 1346/1447/1565 1345/1446/1565 1330/1431/1565
f 1332/1433/1566 1347/1448/1566 1346/1447/1566
f 1346/1447/1566 1331/1432/1566 1332/1433/1566
f 1333/1434/1567 1348/1449/1567 1347/1448/1567
f 1347/1448/1567 1332/1433/1567 1333/1434/1567
f 1348/1449/1568 1333/1434/1568 1334/1435/1568
f 1334/1435/1568 1349/1450/1568 1348/1449/1568
f 227/1451/1569 229/1180/1569 1124/1178/1569
f 1124/1178/1570 1126/1227/1570 227/1451/1570
f 1123/1177/1571 1127/1228/1571 1126/1227/1571
f 1126/1227/1571 1124/1178/1571 1123/1177/1571
f 1122/1176/1572 1130/1231/1572 1127/1228/1572
f 1127/1228/1573 1123/1177/1573 1122/1176/1573
f 1130/1231/1574 1122/1176/1574 1121/1175/1574
f 1121/1175/1575 1131/1232/1575 1130/1231/1575
f 1131/1232/1576 1121/1175/1576 1120/1174/1576
f 1120/1174/1577 1133/1234/1577 1131/1232/1577
f 1135/1236/1578 1133/1234/1578 1120/1174/1578
f 1120/1174/1578 1119/1173/1578 1135/1236/1578
f 1135/1236/1579 1119/1173/1579 1118/1172/1579
f 1118/1172/1579 1137/1238/1579 1135/1236/1579
f 1137/1238/1580 1118/1172/1580 1117/1171/1580
f 1117/1171/1580 1139/1240/1580 1137/1238/1580
f 1139/1240/1581 1117/1171/1581 1116/1170/1581
f 1116/1170/1582 1141/1242/1582 1139/1240/1582
f 1115/1169/1583 1143/1244/1583 1141/1242/1583
f 1141/1242/1583 1116/1170/1583 1115/1169/1583
f 1145/1246/1584 1143/1244/1584 1115/1169/1584
f 1115/1169/1585 1114/1168/1585 1145/1246/1585
f 1148/1249/1586 1145/1246/1586 1114/1168/1586
f 1114/1168/1587 1113/1167/1587 1148/1249/1587
f 1112/1166/1588 1149/1250/1588 1148/1249/1588
f 1148/1249/1589 1113/1167/1589 1112/1166/1589
f 1111/1165/1590 1151/1252/1590 1149/1250/1590
f 1149/1250/1591 1112/1166/1591 1111/1165/1591
f 1151/1252/1592 1111/1165/1592 1110/1163/1592
f 1110/1163/1592 1153/1254/1592 1151/1252/1592
f 854/892/1593 1153/1254/1593 1110/1163/1593
f 1110/1163/1593 855/893/1593 854/892/1593
f 1154/1255/1594 1153/1254/1594 854/892/1594
f 854/892/1594 864/902/1594 1154/1255/1594
f 1169/1270/1595 1154/1255/1595 864/902/1595
f 864/902/1595 865/903/1595 1169/1270/1595
f 1169/1270/1596 865/903/1596 866/904/1596
f 866/904/1596 1184/1285/1596 1169/1270/1596
f 1199/1300/1597 1184/1285/1597 866/904/1597
f 866/904/1597 867/905/1597 1199/1300/1597
f 1214/1315/1598 1199/1300/1598 867/905/1598
f 867/905/1598 868/906/1598 1214/1315/1598
f 1229/1330/1599 1214/1315/1599 868/906/1599
f 868/906/1599 869/907/1599 1229/1330/1599
f 1229/1330/1600 869/907/1600 870/908/1600
f 870/908/1600 1244/1345/1600 1229/1330/1600
f 1244/1345/1601 870/908/1601 884/931/1601
f 884/931/1601 1259/1360/1601 1244/1345/1601
f 883/930/1602 1274/1375/1602 1259/1360/1602
f 1259/1360/1602 884/931/1602 883/930/1602
f 1274/1375/1603 883/930/1603 882/929/1603
f 882/929/1603 1289/1390/1603 1274/1375/1603
f 882/929/1604 881/928/1604 1304/1405/1604
f 1304/1405/1604 1289/1390/1604 882/929/1604
f 1304/1405/1605 881/928/1605 880/927/1605
f 880/927/1605 1319/1420/1606 1304/1405/1605
f 879/926/1607 1334/1435/1607 1319/1420/1607
f 1319/1420/1607 880/927/1607 879/926/1607
f 878/924/1608 1349/1450/1609 1334/1435/1608
f 1334/1435/1608 879/926/1608 878/924/1608
f 1349/1450/1610 878/924/1610 658/665/1610
f 658/665/1611 656/663/1611 1349/1450/1611
f 1348/1449/1612 1349/1450/1612 656/663/1612
f 656/663/1612 655/662/1612 1348/1449/1612
f 654/661/1613 1347/1448/1613 1348/1449/1613
f 1348/1449/1614 655/662/1614 654/661/1614
f 653/660/1615 1346/1447/1615 1347/1448/1615
f 1347/1448/1616 654/661/1616 653/660/1616
f 1346/1447/1617 653/660/1617 652/659/1617
f 652/659/1618 1345/1446/1618 1346/1447/1618
f 651/658/1619 1344/1445/1619 1345/1446/1619
f 1345/1446/1620 652/659/1620 651/658/1620
f 650/657/1621 1343/1444/1621 1344/1445/1621
f 1344/1445/1622 651/658/1622 650/657/1622
f 1342/1443/1623 1343/1444/1623 650/657/1623
f 650/657/1624 649/656/1624 1342/1443/1624
f 648/655/1625 1341/1442/1625 1342/1443/1625
f 1342/1443/1626 649/656/1626 648/655/1626
f 647/654/1627 1340/1441/1627 1341/1442/1627
f 1341/1442/1627 648/655/1627 647/654/1627
f 1340/1441/1628 647/654/1628 646/653/1628
f 646/653/1628 1339/1440/1628 1340/1441/1628
f 1338/1439/1629 1339/1440/1629 646/653/1629
f 646/653/1629 645/652/1629 1338/1439/1629
f 1337/1438/1630 1338/1439/1630 645/652/1630
f 645/652/1630 644/651/1630 1337/1438/1630
f 643/650/1631 1335/1436/1631 1337/1438/1631
f 1337/1438/1631 644/651/1631 643/650/1631
f 1336/1437/1632 1335/1436/1632 643/650/1632
f 643/650/1632 642/648/1632 1336/1437/1632
f 184/1452/1633 1336/1437/1633 642/648/1633
f 642/648/1634 185/647/1634 184/1452/1634
f 1336/1437/1635 184/1452/1635 194/1453/1635
f 194/1453/1635 1321/1422/1635 1336/1437/1635
f 1321/1422/1636 194/1453/1636 195/1454/1636
f 195/1454/1636 1306/1407/1636 1321/1422/1636
f 195/1454/1637 196/1455/1637 1291/1392/1637
f 1291/1392/1637 1306/1407/1637 195/1454/1637
f 1291/1392/1638 196/1455/1638 197/1456/1638
f 197/1456/1638 1276/1377/1638 1291/1392/1638
f 1276/1377/1639 197/1456/1639 198/1457/1639
f 198/1457/1639 1261/1362/1639 1276/1377/1639
f 198/1457/1640 199/1458/1640 1246/1347/1640
f 1246/1347/1641 1261/1362/1641 198/1457/1641
f 199/1458/1642 200/1459/1642 1231/1332/1642
f 1231/1332/1642 1246/1347/1642 199/1458/1642
f 200/1459/1643 235/1460/1643 1216/1317/1643
f 1216/1317/1644 1231/1332/1644 200/1459/1644
f 1200/1301/1645 1216/1317/1645 235/1460/1645
f 235/1460/1645 234/1461/1645 1200/1301/1645
f 1200/1301/1646 234/1461/1646 233/1462/1646
f 233/1462/1646 1185/1286/1646 1200/1301/1646
f 1185/1286/1647 233/1462/1647 232/1463/1647
f 232/1463/1647 1170/1271/1647 1185/1286/1647
f 1170/1271/1648 232/1463/1648 231/1464/1648
f 231/1464/1648 1155/1256/1648 1170/1271/1648
f 1155/1256/1649 231/1464/1649 230/1465/1649
f 230/1465/1649 1125/1226/1649 1155/1256/1649
f 1125/1226/1650 230/1465/1650 227/1451/1650
f 227/1451/1650 1126/1227/1650 1125/1226/1650
f 1350/2/1651 1351/1/1651 1352/4/1651
f 1352/4/1651 1353/3/1651 1350/2/1651
f 1352/4/1652 1354/6/1652 1355/5/1652
f 1355/5/1652 1353/3/1652 1352/4/1652
f 1356/7/1653 1355/5/1653 1354/6/1653
f 1354/6/1653 1357/8/1653 1356/7/1653
f 1356/7/1654 1357/8/1654 1358/10/1654
f 1358/10/1654 1359/9/1654 1356/7/1654
f 1360/12/1655 1361/11/1655 1359/9/1655
f 1359/9/1655 1358/10/1655 1360/12/1655
f 1362/13/1656 1361/11/1656 1360/12/1656
f 1360/12/1656 1363/14/1656 1362/13/1656
f 1362/13/1657 1363/14/1657 1364/16/1657
f 1364/16/1657 1365/15/1657 1362/13/1657
f 1352/4/1658 1351/1/1658 1366/17/1658
f 1366/17/1658 1367/18/1658 1352/4/1658
f 1352/4/1659 1367/18/1659 1368/19/1659
f 1368/19/1659 1354/6/1659 1352/4/1659
f 1368/19/1660 1369/20/1660 1357/8/1660
f 1357/8/1660 1354/6/1660 1368/19/1660
f 1370/21/1661 1358/10/1661 1357/8/1661
f 1357/8/1662 1369/20/1662 1370/21/1662
f 1371/22/1663 1360/12/1663 1358/10/1663
f 1358/10/1663 1370/21/1663 1371/22/1663
f 1372/23/1664 1363/14/1664 1360/12/1664
f 1360/12/1665 1371/22/1665 1372/23/1665
f 1363/14/1666 1372/23/1666 1373/24/1666
f 1373/24/1666 1364/16/1666 1363/14/1666
f 1374/25/1667 1367/18/1667 1366/17/1667
f 1366/17/1667 1375/26/1667 1374/25/1667
f 1376/27/1668 1368/19/1668 1367/18/1668
f 1367/18/1668 1374/25/1668 1376/27/1668
f 1376/27/1669 1377/28/1669 1369/20/1669
f 1369/20/1670 1368/19/1670 1376/27/1670
f 1377/28/1671 1378/29/1671 1370/21/1671
f 1370/21/1671 1369/20/1671 1377/28/1671
f 1371/22/1672 1370/21/1672 1378/29/1672
f 1378/29/1672 1379/30/1672 1371/22/1672
f 1371/22/1673 1379/30/1673 1380/31/1673
f 1380/31/1673 1372/23/1673 1371/22/1673
f 1381/32/1674 1373/24/1674 1372/23/1674
f 1372/23/1674 1380/31/1674 1381/32/1674
f 1375/26/1675 1382/33/1675 1383/34/1675
f 1383/34/1675 1374/25/1675 1375/26/1675
f 1384/35/1676 1376/27/1676 1374/25/1676
f 1374/25/1676 1383/34/1676 1384/35/1676
f 1377/28/1677 1376/27/1677 1384/35/1677
f 1384/35/1677 1385/36/1677 1377/28/1677
f 1377/28/1678 1385/36/1678 1386/37/1678
f 1386/37/1678 1378/29/1678 1377/28/1678
f 1386/37/1679 1387/38/1679 1379/30/1679
f 1379/30/1679 1378/29/1679 1386/37/1679
f 1380/31/1680 1379/30/1680 1387/38/1680
f 1387/38/1680 1388/39/1680 1380/31/1680
f 1380/31/1681 1388/39/1681 1389/40/1681
f 1389/40/1681 1381/32/1681 1380/31/1681
f 1383/34/1682 1382/33/1682 1390/41/1682
f 1390/41/1682 1391/42/1682 1383/34/1682
f 1383/34/1683 1391/42/1683 1392/43/1683
f 1392/43/1683 1384/35/1683 1383/34/1683
f 1393/44/1684 1385/36/1684 1384/35/1684
f 1384/35/1684 1392/43/1684 1393/44/1684
f 1386/37/1685 1385/36/1685 1393/44/1685
f 1393/44/1685 1394/45/1685 1386/37/1685
f 1386/37/1686 1394/45/1686 1395/46/1686
f 1395/46/1686 1387/38/1686 1386/37/1686
f 1390/41/1687 1396/48/1687 1397/47/1687
f 1397/47/1687 1391/42/1687 1390/41/1687
f 1391/42/1688 1397/47/1688 1398/49/1688
f 1398/49/1688 1392/43/1688 1391/42/1688
f 1399/50/1689 1393/44/1689 1392/43/1689
f 1392/43/1689 1398/49/1689 1399/50/1689
f 1400/51/1690 1394/45/1690 1393/44/1690
f 1393/44/1690 1399/50/1690 1400/51/1690
f 1401/52/1691 1395/46/1691 1394/45/1691
f 1394/45/1691 1400/51/1691 1401/52/1691
f 1402/54/1692 1403/53/1692 1404/56/1692
f 1404/56/1692 1405/55/1692 1402/54/1692
f 1406/58/1693 1407/57/1693 1402/54/1693
f 1402/54/1693 1405/55/1693 1406/58/1693
f 1407/57/1694 1406/58/1694 1408/59/1694
f 1408/59/1694 1409/60/1694 1407/57/1694
f 1410/61/1695 1405/55/1695 1404/56/1695
f 1404/56/1695 1411/62/1695 1410/61/1695
f 1405/55/1696 1410/61/1696 1412/63/1696
f 1412/63/1696 1406/58/1696 1405/55/1696
f 1412/63/1697 1413/64/1697 1408/59/1697
f 1408/59/1697 1406/58/1697 1412/63/1697
f 1414/65/1698 1408/59/1698 1413/64/1698
f 1413/64/1698 1415/66/1698 1414/65/1698
f 1416/67/1699 1410/61/1699 1411/62/1699
f 1411/62/1699 1417/68/1699 1416/67/1699
f 1412/63/1700 1410/61/1700 1416/67/1700
f 1416/67/1700 1418/69/1700 1412/63/1700
f 1412/63/1701 1418/69/1701 1419/70/1701
f 1419/70/1701 1413/64/1701 1412/63/1701
f 1420/71/1702 1415/66/1702 1413/64/1702
f 1413/64/1702 1419/70/1702 1420/71/1702
f 1417/68/1703 1421/73/1703 1422/72/1703
f 1422/72/1703 1416/67/1703 1417/68/1703
f 1422/72/1704 1423/74/1704 1418/69/1704
f 1418/69/1704 1416/67/1704 1422/72/1704
f 1418/69/1705 1423/74/1705 1424/75/1705
f 1424/75/1705 1419/70/1705 1418/69/1705
f 1425/76/1706 1420/71/1706 1419/70/1706
f 1419/70/1706 1424/75/1706 1425/76/1706
f 1426/77/1707 1422/72/1707 1421/73/1707
f 1421/73/1707 1427/78/1707 1426/77/1707
f 1426/77/1708 1428/79/1708 1423/74/1708
f 1423/74/1708 1422/72/1708 1426/77/1708
f 1429/80/1709 1424/75/1709 1423/74/1709
f 1423/74/1709 1428/79/1709 1429/80/1709
f 1430/81/1710 1425/76/1710 1424/75/1710
f 1424/75/1710 1429/80/1710 1430/81/1710
f 1431/83/1711 1432/82/1711 1426/77/1711
f 1426/77/1711 1427/78/1711 1431/83/1711
f 1428/79/1712 1426/77/1712 1432/82/1712
f 1432/82/1712 1433/84/1712 1428/79/1712
f 1428/79/1713 1433/84/1714 1434/85/1713
f 1434/85/1714 1429/80/1714 1428/79/1714
f 1435/86/1715 1430/81/1715 1429/80/1715
f 1429/80/1715 1434/85/1715 1435/86/1715
f 1436/89/1716 1437/88/1716 1438/87/1716
f 1438/87/1716 1439/90/1716 1436/89/1716
f 1436/89/1717 1439/90/1717 1440/92/1717
f 1440/92/1717 1441/91/1717 1436/89/1717
f 1442/94/1718 1443/93/1718 1441/91/1718
f 1441/91/1718 1440/92/1718 1442/94/1718
f 1444/95/1719 1443/93/1719 1442/94/1719
f 1442/94/1719 1445/96/1719 1444/95/1719
f 1444/95/1720 1445/96/1720 1446/98/1720
f 1446/98/1720 1447/97/1720 1444/95/1720
f 1446/98/1721 1448/100/1721 1449/99/1721
f 1449/99/1722 1447/97/1722 1446/98/1722
f 1449/99/1723 1448/100/1723 1450/102/1723
f 1450/102/1723 1451/101/1723 1449/99/1723
f 1452/103/1724 1439/90/1724 1438/87/1724
f 1438/87/1724 1453/104/1724 1452/103/1724
f 1454/105/1725 1440/92/1725 1439/90/1725
f 1439/90/1725 1452/103/1725 1454/105/1725
f 1455/106/1726 1442/94/1726 1440/92/1726
f 1440/92/1726 1454/105/1726 1455/106/1726
f 1456/107/1727 1445/96/1727 1442/94/1727
f 1442/94/1727 1455/106/1727 1456/107/1727
f 1457/108/1728 1446/98/1728 1445/96/1728
f 1445/96/1728 1456/107/1728 1457/108/1728
f 1457/108/1729 1458/109/1729 1448/100/1729
f 1448/100/1729 1446/98/1729 1457/108/1729
f 1458/109/1730 1459/110/1730 1450/102/1730
f 1450/102/1730 1448/100/1730 1458/109/1730
f 1453/104/1731 1460/111/1731 1461/112/1731
f 1461/112/1731 1452/103/1731 1453/104/1731
f 1462/113/1732 1454/105/1732 1452/103/1732
f 1452/103/1732 1461/112/1732 1462/113/1732
f 1455/106/1733 1454/105/1733 1462/113/1733
f 1462/113/1733 1463/114/1733 1455/106/1733
f 1455/106/1734 1463/114/1734 1464/115/1734
f 1464/115/1734 1456/107/1734 1455/106/1734
f 1465/116/1735 1457/108/1735 1456/107/1735
f 1456/107/1735 1464/115/1735 1465/116/1735
f 1458/109/1736 1457/108/1736 1465/116/1736
f 1465/116/1736 1466/117/1736 1458/109/1736
f 1458/109/1737 1466/117/1737 1467/118/1737
f 1467/118/1737 1459/110/1737 1458/109/1737
f 1461/112/1738 1460/111/1738 1468/119/1738
f 1468/119/1738 1469/120/1738 1461/112/1738
f 1461/112/1739 1469/120/1739 1470/121/1739
f 1470/121/1739 1462/113/1739 1461/112/1739
f 1471/122/1740 1463/114/1741 1462/113/1741
f 1462/113/1741 1470/121/1741 1471/122/1741
f 1464/115/1742 1463/114/1742 1471/122/1742
f 1471/122/1742 1472/123/1742 1464/115/1742
f 1464/115/1743 1472/123/1744 1473/124/1744
f 1473/124/1744 1465/116/1744 1464/115/1744
f 1474/125/1745 1466/117/1745 1465/116/1745
f 1465/116/1745 1473/124/1745 1474/125/1745
f 1467/118/1746 1466/117/1747 1474/125/1747
f 1474/125/1747 1475/126/1747 1467/118/1747
f 1474/125/1748 1473/124/1748 1476/128/1748
f 1476/128/1748 1477/127/1748 1474/125/1748
f 1475/126/1749 1474/125/1749 1477/127/1749
f 1477/127/1749 1478/129/1749 1475/126/1749
f 1479/131/1750 1480/130/1750 1481/133/1750
f 1481/133/1750 1482/132/1750 1479/131/1750
f 1483/135/1751 1484/134/1751 1482/132/1751
f 1482/132/1751 1481/133/1751 1483/135/1751
f 1485/136/1752 1484/134/1752 1483/135/1752
f 1483/135/1753 1486/137/1753 1485/136/1753
f 1485/136/1754 1486/137/1754 1487/139/1754
f 1487/139/1754 1488/138/1754 1485/136/1754
f 1489/141/1755 1490/140/1755 1488/138/1755
f 1488/138/1755 1487/139/1755 1489/141/1755
f 1491/142/1756 1490/140/1756 1489/141/1756
f 1489/141/1756 1492/143/1756 1491/142/1756
f 1491/142/1757 1492/143/1757 1493/145/1757
f 1493/145/1757 1494/144/1757 1491/142/1757
f 1481/133/1758 1480/130/1758 1495/146/1758
f 1495/146/1758 1496/147/1758 1481/133/1758
f 1481/133/1759 1496/147/1759 1497/148/1759
f 1497/148/1759 1483/135/1759 1481/133/1759
f 1498/149/1760 1486/137/1760 1483/135/1760
f 1483/135/1760 1497/148/1760 1498/149/1760
f 1487/139/1761 1486/137/1761 1498/149/1761
f 1498/149/1761 1499/150/1761 1487/139/1761
f 1500/151/1762 1489/141/1762 1487/139/1762
f 1487/139/1762 1499/150/1762 1500/151/1762
f 1501/152/1763 1492/143/1763 1489/141/1763
f 1489/141/1764 1500/151/1764 1501/152/1764
f 1493/145/1765 1492/143/1765 1501/152/1765
f 1501/152/1765 1502/153/1765 1493/145/1765
f 1503/155/1766 1504/154/1766 1496/147/1766
f 1496/147/1766 1495/146/1766 1503/155/1766
f 1497/148/1767 1496/147/1767 1504/154/1767
f 1504/154/1767 1505/156/1767 1497/148/1767
f 1497/148/1768 1505/156/1768 1506/157/1768
f 1506/157/1768 1498/149/1768 1497/148/1768
f 1507/158/1769 1499/150/1769 1498/149/1769
f 1498/149/1769 1506/157/1769 1507/158/1769
f 1500/151/1770 1499/150/1770 1507/158/1770
f 1507/158/1770 1508/159/1770 1500/151/1770
f 1500/151/1771 1508/159/1771 1509/160/1771
f 1509/160/1771 1501/152/1771 1500/151/1771
f 1510/161/1772 1502/153/1772 1501/152/1772
f 1501/152/1772 1509/160/1772 1510/161/1772
f 1503/155/1773 1511/163/1773 1512/162/1773
f 1512/162/1773 1504/154/1773 1503/155/1773
f 1512/162/1774 1513/164/1774 1505/156/1774
f 1505/156/1774 1504/154/1774 1512/162/1774
f 1506/157/1775 1505/156/1775 1513/164/1775
f 1513/164/1775 1514/165/1775 1506/157/1775
f 1506/157/1776 1514/165/1776 1515/166/1776
f 1515/166/1776 1507/158/1776 1506/157/1776
f 1516/167/1777 1508/159/1777 1507/158/1777
f 1507/158/1777 1515/166/1777 1516/167/1777
f 1509/160/1778 1508/159/1778 1516/167/1778
f 1516/167/1778 1517/168/1778 1509/160/1778
f 1518/169/1779 1510/161/1779 1509/160/1779
f 1509/160/1779 1517/168/1779 1518/169/1779
f 1512/162/1780 1511/163/1780 1519/171/1780
f 1519/171/1781 1520/170/1781 1512/162/1781
f 1512/162/1782 1520/170/1782 1521/172/1782
f 1521/172/1782 1513/164/1782 1512/162/1782
f 1521/172/1783 1522/173/1783 1514/165/1783
f 1514/165/1783 1513/164/1783 1521/172/1783
f 1515/166/1784 1514/165/1784 1522/173/1784
f 1522/173/1784 1523/174/1784 1515/166/1784
f 1515/166/1785 1523/174/1785 1524/175/1785
f 1524/175/1785 1516/167/1785 1515/166/1785
f 1525/176/1786 1517/168/1786 1516/167/1786
f 1516/167/1786 1524/175/1786 1525/176/1786
f 1518/169/1787 1517/168/1787 1525/176/1787
f 1525/176/1787 1526/177/1787 1518/169/1787
f 1527/179/1788 1520/170/1788 1519/171/1789
f 1519/171/1789 1528/178/1789 1527/179/1789
f 1521/172/1790 1520/170/1790 1527/179/1790
f 1527/179/1790 1529/180/1790 1521/172/1790
f 1521/172/1791 1529/180/1791 1530/181/1791
f 1530/181/1791 1522/173/1791 1521/172/1791
f 1530/181/1792 1531/182/1792 1523/174/1792
f 1523/174/1792 1522/173/1792 1530/181/1792
f 1524/175/1793 1523/174/1793 1531/182/1793
f 1531/182/1793 1532/183/1793 1524/175/1793
f 1431/83/1794 1365/15/1794 1364/16/1794
f 1364/16/1794 1432/82/1794 1431/83/1794
f 1373/24/1795 1433/84/1795 1432/82/1795
f 1432/82/1795 1364/16/1795 1373/24/1795
f 1381/32/1796 1434/85/1796 1433/84/1796
f 1433/84/1797 1373/24/1797 1381/32/1797
f 1435/86/1798 1434/85/1798 1381/32/1798
f 1381/32/1798 1389/40/1798 1435/86/1798
f 1450/102/1799 1527/179/1799 1528/178/1799
f 1528/178/1799 1451/101/1799 1450/102/1799
f 1459/110/1800 1529/180/1800 1527/179/1800
f 1527/179/1801 1450/102/1801 1459/110/1801
f 1459/110/1802 1467/118/1802 1530/181/1802
f 1530/181/1802 1529/180/1802 1459/110/1802
f 1530/181/1803 1467/118/1803 1475/126/1803
f 1475/126/1803 1531/182/1803 1530/181/1803
f 1478/129/1804 1532/183/1804 1531/182/1804
f 1531/182/1804 1475/126/1804 1478/129/1804
f 1493/145/1805 1397/47/1805 1396/48/1805
f 1396/48/1805 1494/144/1805 1493/145/1805
f 1502/153/1806 1398/49/1806 1397/47/1806
f 1397/47/1806 1493/145/1806 1502/153/1806
f 1399/50/1807 1398/49/1807 1502/153/1807
f 1502/153/1807 1510/161/1807 1399/50/1807
f 1518/169/1808 1400/51/1808 1399/50/1808
f 1399/50/1808 1510/161/1808 1518/169/1808
f 1526/177/1809 1401/52/1809 1400/51/1809
f 1400/51/1809 1518/169/1809 1526/177/1809
f 1350/2/1810 1533/186/1810 1534/185/1810
f 1534/185/1810 1535/184/1810 1350/2/1810
f 1353/3/1811 1536/187/1811 1533/186/1811
f 1533/186/1811 1350/2/1811 1353/3/1811
f 1537/188/1812 1536/187/1812 1353/3/1812
f 1353/3/1812 1355/5/1812 1537/188/1812
f 1537/188/1813 1355/5/1813 1356/7/1813
f 1356/7/1813 1538/189/1813 1537/188/1813
f 1359/9/1814 1539/190/1814 1538/189/1814
f 1538/189/1814 1356/7/1814 1359/9/1814
f 1540/191/1815 1539/190/1815 1359/9/1815
f 1359/9/1815 1361/11/1815 1540/191/1815
f 1540/191/1816 1361/11/1816 1362/13/1816
f 1362/13/1816 1541/192/1816 1540/191/1816
f 1365/15/1817 1542/193/1817 1541/192/1817
f 1541/192/1817 1362/13/1817 1365/15/1817
f 1350/2/1818 1535/184/1818 1543/194/1818
f 1543/194/1818 1351/1/1818 1350/2/1818
f 1366/17/1819 1351/1/1819 1543/194/1819
f 1543/194/1819 1544/195/1819 1366/17/1819
f 1544/195/1820 1545/196/1820 1375/26/1820
f 1375/26/1820 1366/17/1820 1544/195/1820
f 1545/196/1821 1546/197/1821 1382/33/1821
f 1382/33/1821 1375/26/1821 1545/196/1821
f 1390/41/1822 1382/33/1822 1546/197/1822
f 1546/197/1822 1547/198/1822 1390/41/1822
f 1547/198/1823 1548/199/1823 1396/48/1823
f 1396/48/1823 1390/41/1823 1547/198/1823
f 1549/200/1824 1494/144/1824 1396/48/1824
f 1396/48/1824 1548/199/1824 1549/200/1824
f 1550/201/1825 1551/203/1825 1403/53/1825
f 1403/53/1825 1552/202/1825 1550/201/1825
f 1553/204/1826 1552/202/1826 1403/53/1826
f 1403/53/1826 1402/54/1826 1553/204/1826
f 1554/205/1827 1553/204/1827 1402/54/1827
f 1402/54/1827 1407/57/1827 1554/205/1827
f 1409/60/1828 1555/206/1828 1554/205/1828
f 1554/205/1828 1407/57/1828 1409/60/1828
f 1404/56/1829 1403/53/1829 1551/203/1829
f 1551/203/1829 1556/207/1829 1404/56/1829
f 1404/56/1830 1556/207/1830 1557/208/1830
f 1557/208/1830 1411/62/1830 1404/56/1830
f 1411/62/1831 1557/208/1831 1558/209/1831
f 1558/209/1831 1417/68/1831 1411/62/1831
f 1558/209/1832 1559/210/1832 1421/73/1832
f 1421/73/1832 1417/68/1832 1558/209/1832
f 1421/73/1833 1559/210/1833 1560/211/1833
f 1560/211/1833 1427/78/1833 1421/73/1833
f 1561/212/1834 1431/83/1834 1427/78/1834
f 1427/78/1834 1560/211/1834 1561/212/1834
f 1365/15/1835 1431/83/1835 1561/212/1835
f 1561/212/1835 1542/193/1835 1365/15/1835
f 1562/215/1836 1563/214/1836 1437/88/1836
f 1437/88/1836 1564/213/1836 1562/215/1836
f 1565/216/1837 1564/213/1837 1437/88/1837
f 1437/88/1837 1436/89/1837 1565/216/1837
f 1566/217/1838 1565/216/1838 1436/89/1838
f 1436/89/1838 1441/91/1838 1566/217/1838
f 1567/218/1839 1566/217/1839 1441/91/1839
f 1441/91/1839 1443/93/1839 1567/218/1839
f 1568/219/1840 1567/218/1840 1443/93/1840
f 1443/93/1840 1444/95/1840 1568/219/1840
f 1444/95/1841 1447/97/1841 1569/220/1841
f 1569/220/1841 1568/219/1841 1444/95/1841
f 1570/221/1842 1569/220/1842 1447/97/1842
f 1447/97/1842 1449/99/1842 1570/221/1842
f 1571/222/1843 1570/221/1843 1449/99/1843
f 1449/99/1843 1451/101/1843 1571/222/1843
f 1563/214/1844 1572/223/1844 1438/87/1844
f 1438/87/1844 1437/88/1844 1563/214/1844
f 1438/87/1845 1572/223/1845 1573/224/1845
f 1573/224/1845 1453/104/1845 1438/87/1845
f 1573/224/1846 1574/225/1846 1460/111/1846
f 1460/111/1846 1453/104/1846 1573/224/1846
f 1468/119/1847 1460/111/1847 1574/225/1847
f 1574/225/1847 1575/226/1847 1468/119/1847
f 1576/228/1848 1479/131/1848 1577/227/1848
f 1577/227/1848 1578/229/1848 1576/228/1848
f 1482/132/1849 1579/230/1849 1577/227/1849
f 1577/227/1849 1479/131/1849 1482/132/1849
f 1579/230/1850 1482/132/1850 1484/134/1850
f 1484/134/1851 1580/231/1851 1579/230/1851
f 1485/136/1852 1581/232/1852 1580/231/1852
f 1580/231/1852 1484/134/1852 1485/136/1852
f 1488/138/1853 1582/233/1853 1581/232/1853
f 1581/232/1853 1485/136/1853 1488/138/1853
f 1490/140/1854 1583/234/1854 1582/233/1854
f 1582/233/1855 1488/138/1855 1490/140/1855
f 1491/142/1856 1584/235/1856 1583/234/1856
f 1583/234/1856 1490/140/1856 1491/142/1856
f 1494/144/1857 1549/200/1857 1584/235/1857
f 1584/235/1857 1491/142/1857 1494/144/1857
f 1576/228/1858 1585/236/1858 1480/130/1858
f 1480/130/1858 1479/131/1858 1576/228/1858
f 1585/236/1859 1586/237/1859 1495/146/1859
f 1495/146/1859 1480/130/1859 1585/236/1859
f 1495/146/1860 1586/237/1860 1587/238/1860
f 1587/238/1860 1503/155/1860 1495/146/1860
f 1587/238/1861 1588/239/1861 1511/163/1861
f 1511/163/1862 1503/155/1862 1587/238/1862
f 1588/239/1863 1589/240/1863 1519/171/1863
f 1519/171/1863 1511/163/1863 1588/239/1863
f 1519/171/1864 1589/240/1864 1590/241/1864
f 1590/241/1864 1528/178/1864 1519/171/1864
f 1571/222/1865 1451/101/1865 1528/178/1865
f 1528/178/1865 1590/241/1865 1571/222/1865
f 1591/243/1866 1592/242/1866 1593/245/1866
f 1593/245/1866 1594/244/1866 1591/243/1866
f 1595/246/1867 1594/244/1867 1593/245/1867
f 1593/245/1867 1596/247/1867 1595/246/1867
f 1597/248/1868 1595/246/1868 1596/247/1868
f 1596/247/1868 1598/249/1868 1597/248/1868
f 1593/245/1869 1592/242/1869 1599/251/1869
f 1599/251/1869 1600/250/1869 1593/245/1869
f 1601/252/1870 1596/247/1870 1593/245/1870
f 1593/245/1870 1600/250/1870 1601/252/1870
f 1596/247/1871 1601/252/1871 1602/253/1871
f 1602/253/1871 1598/249/1871 1596/247/1871
f 1603/254/1872 1600/250/1872 1599/251/1872
f 1599/251/1872 1604/255/1872 1603/254/1872
f 1600/250/1873 1603/254/1873 1605/256/1873
f 1605/256/1873 1601/252/1873 1600/250/1873
f 1602/253/1874 1601/252/1874 1605/256/1874
f 1605/256/1874 1606/257/1874 1602/253/1874
f 1604/255/1875 1607/258/1875 1608/259/1875
f 1608/259/1875 1603/254/1875 1604/255/1875
f 1605/256/1876 1603/254/1876 1608/259/1876
f 1608/259/1876 1609/260/1876 1605/256/1876
f 1610/261/1877 1606/257/1877 1605/256/1877
f 1605/256/1877 1609/260/1877 1610/261/1877
f 1608/259/1878 1607/258/1878 1611/263/1878
f 1611/263/1879 1612/262/1879 1608/259/1879
f 1613/264/1880 1609/260/1880 1608/259/1880
f 1608/259/1880 1612/262/1880 1613/264/1880
f 1609/260/1881 1613/264/1881 1614/265/1881
f 1614/265/1881 1610/261/1881 1609/260/1881
f 1612/262/1882 1611/263/1882 1615/267/1882
f 1615/267/1883 1616/266/1883 1612/262/1883
f 1612/262/1884 1616/266/1884 1617/268/1884
f 1617/268/1884 1613/264/1884 1612/262/1884
f 1614/265/1885 1613/264/1885 1617/268/1885
f 1617/268/1885 1618/269/1885 1614/265/1885
f 1615/267/1886 1619/270/1886 1620/271/1886
f 1620/271/1886 1616/266/1886 1615/267/1886
f 1617/268/1887 1616/266/1887 1620/271/1887
f 1620/271/1888 1621/272/1888 1617/268/1888
f 1622/273/1889 1618/269/1889 1617/268/1889
f 1617/268/1889 1621/272/1889 1622/273/1889
f 1620/271/1890 1619/270/1890 1623/275/1890
f 1623/275/1890 1624/274/1890 1620/271/1890
f 1624/274/1891 1625/276/1891 1621/272/1891
f 1621/272/1891 1620/271/1891 1624/274/1891
f 1621/272/1892 1625/276/1892 1626/277/1892
f 1626/277/1892 1622/273/1892 1621/272/1892
f 1627/278/1893 1624/274/1893 1623/275/1893
f 1623/275/1893 1628/279/1893 1627/278/1893
f 1624/274/1894 1627/278/1894 1629/280/1894
f 1629/280/1894 1625/276/1894 1624/274/1894
f 1626/277/1895 1625/276/1895 1629/280/1895
f 1629/280/1895 1630/281/1895 1626/277/1895
f 1628/279/1896 1631/282/1896 1632/283/1896
f 1632/283/1896 1627/278/1896 1628/279/1896
f 1629/280/1897 1627/278/1897 1632/283/1897
f 1632/283/1897 1633/284/1897 1629/280/1897
f 1630/281/1898 1629/280/1898 1633/284/1898
f 1633/284/1898 1634/285/1898 1630/281/1898
f 1632/283/1899 1631/282/1899 1635/287/1899
f 1635/287/1899 1636/286/1899 1632/283/1899
f 1637/288/1900 1633/284/1900 1632/283/1900
f 1632/283/1900 1636/286/1900 1637/288/1900
f 1633/284/1901 1637/288/1901 1638/289/1901
f 1638/289/1902 1634/285/1902 1633/284/1902
f 1639/290/1903 1636/286/1903 1635/287/1903
f 1635/287/1903 1640/291/1903 1639/290/1903
f 1636/286/1904 1639/290/1904 1641/292/1904
f 1641/292/1904 1637/288/1904 1636/286/1904
f 1638/289/1905 1637/288/1905 1641/292/1905
f 1641/292/1905 1642/293/1905 1638/289/1905
f 1640/291/1906 1643/294/1906 1644/295/1906
f 1644/295/1906 1639/290/1906 1640/291/1906
f 1641/292/1907 1639/290/1907 1644/295/1907
f 1644/295/1907 1645/296/1907 1641/292/1907
f 1646/297/1908 1642/293/1908 1641/292/1908
f 1641/292/1908 1645/296/1908 1646/297/1908
f 1644/295/1909 1643/294/1909 1647/299/1909
f 1647/299/1909 1648/298/1909 1644/295/1909
f 1649/300/1910 1645/296/1910 1644/295/1910
f 1644/295/1910 1648/298/1910 1649/300/1910
f 1645/296/1911 1649/300/1911 1650/301/1911
f 1650/301/1912 1646/297/1912 1645/296/1912
f 1651/303/1913 1652/302/1913 1591/243/1913
f 1591/243/1913 1653/304/1913 1651/303/1913
f 1594/244/1914 1654/305/1914 1653/304/1914
f 1653/304/1914 1591/243/1914 1594/244/1914
f 1654/305/1915 1594/244/1915 1595/246/1915
f 1595/246/1915 1655/306/1915 1654/305/1915
f 1656/307/1916 1655/306/1916 1595/246/1916
f 1595/246/1916 1597/248/1916 1656/307/1917
f 1555/308/1918 1650/301/1918 1649/300/1918
f 1649/300/1918 1554/309/1918 1555/308/1918
f 1648/298/1919 1553/310/1919 1554/309/1919
f 1554/309/1919 1649/300/1919 1648/298/1919
f 1648/298/1920 1647/299/1920 1552/311/1920
f 1552/311/1920 1553/310/1920 1648/298/1920
f 1657/313/1921 1550/312/1921 1552/311/1921
f 1552/311/1921 1647/299/1921 1657/313/1921
f 1643/294/1922 1658/314/1923 1657/313/1923
f 1657/313/1923 1647/299/1923 1643/294/1923
f 1659/315/1924 1658/314/1924 1643/294/1924
f 1643/294/1924 1640/291/1924 1659/315/1924
f 1640/291/1925 1635/287/1925 1660/316/1925
f 1660/316/1925 1659/315/1925 1640/291/1925
f 1635/287/1926 1631/282/1926 1661/317/1926
f 1661/317/1926 1660/316/1926 1635/287/1926
f 1662/318/1927 1661/317/1927 1631/282/1927
f 1631/282/1927 1628/279/1927 1662/318/1927
f 1623/275/1928 1663/319/1928 1662/318/1928
f 1662/318/1929 1628/279/1929 1623/275/1929
f 1619/270/1930 1664/320/1930 1663/319/1930
f 1663/319/1930 1623/275/1930 1619/270/1930
f 1619/270/1931 1615/267/1931 1665/321/1931
f 1665/321/1931 1664/320/1931 1619/270/1931
f 1665/321/1932 1615/267/1932 1611/263/1932
f 1611/263/1933 1666/322/1933 1665/321/1933
f 1607/258/1934 1667/323/1934 1666/322/1934
f 1666/322/1935 1611/263/1935 1607/258/1935
f 1668/324/1936 1667/323/1936 1607/258/1936
f 1607/258/1937 1604/255/1937 1668/324/1937
f 1604/255/1938 1599/251/1938 1669/325/1938
f 1669/325/1938 1668/324/1938 1604/255/1938
f 1599/251/1939 1592/242/1939 1670/326/1939
f 1670/326/1939 1669/325/1939 1599/251/1939
f 1652/302/1940 1670/326/1940 1592/242/1940
f 1592/242/1940 1591/243/1940 1652/302/1940
f 1671/328/1941 1672/327/1941 1673/330/1941
f 1673/330/1941 1674/329/1941 1671/328/1941
f 1675/332/1942 1676/331/1942 1674/329/1942
f 1674/329/1942 1673/330/1942 1675/332/1942
f 1677/334/1943 1678/333/1943 1676/331/1943
f 1676/331/1943 1675/332/1943 1677/334/1943
f 1678/333/1944 1677/334/1944 1679/336/1944
f 1679/336/1944 1680/335/1944 1678/333/1944
f 1673/330/1945 1672/327/1945 1681/338/1945
f 1681/338/1945 1682/337/1945 1673/330/1945
f 1683/339/1946 1675/332/1946 1673/330/1946
f 1673/330/1946 1682/337/1946 1683/339/1946
f 1684/340/1947 1677/334/1947 1675/332/1947
f 1675/332/1947 1683/339/1947 1684/340/1947
f 1679/336/1948 1677/334/1948 1684/340/1948
f 1684/340/1948 1685/341/1948 1679/336/1948
f 1686/342/1949 1682/337/1949 1681/338/1949
f 1681/338/1949 1687/343/1949 1686/342/1949
f 1688/344/1950 1683/339/1950 1682/337/1950
f 1682/337/1950 1686/342/1950 1688/344/1950
f 1683/339/1951 1688/344/1951 1689/345/1951
f 1689/345/1951 1684/340/1951 1683/339/1951
f 1689/345/1952 1690/346/1952 1685/341/1952
f 1685/341/1952 1684/340/1952 1689/345/1952
f 1687/343/1953 1691/348/1953 1692/347/1953
f 1692/347/1953 1686/342/1953 1687/343/1953
f 1693/349/1954 1688/344/1954 1686/342/1954
f 1686/342/1954 1692/347/1954 1693/349/1954
f 1689/345/1955 1688/344/1955 1693/349/1955
f 1693/349/1955 1694/350/1955 1689/345/1955
f 1689/345/1956 1694/350/1956 1695/351/1956
f 1695/351/1956 1690/346/1956 1689/345/1956
f 1696/352/1957 1692/347/1957 1691/348/1957
f 1691/348/1957 1697/353/1957 1696/352/1957
f 1692/347/1958 1696/352/1958 1698/354/1958
f 1698/354/1958 1693/349/1958 1692/347/1958
f 1698/354/1959 1699/355/1959 1694/350/1959
f 1694/350/1959 1693/349/1959 1698/354/1959
f 1695/351/1960 1694/350/1960 1699/355/1960
f 1699/355/1960 1700/356/1960 1695/351/1960
f 1701/357/1961 1696/352/1961 1697/353/1961
f 1697/353/1962 1702/358/1962 1701/357/1962
f 1698/354/1963 1696/352/1963 1701/357/1963
f 1701/357/1963 1703/359/1963 1698/354/1963
f 1698/354/1964 1703/359/1964 1704/360/1964
f 1704/360/1964 1699/355/1964 1698/354/1964
f 1705/361/1965 1700/356/1965 1699/355/1965
f 1699/355/1966 1704/360/1966 1705/361/1966
f 1702/358/1967 1706/363/1967 1707/362/1967
f 1707/362/1968 1701/357/1968 1702/358/1968
f 1707/362/1969 1708/364/1969 1703/359/1969
f 1703/359/1969 1701/357/1969 1707/362/1969
f 1704/360/1970 1703/359/1970 1708/364/1970
f 1708/364/1970 1709/365/1970 1704/360/1970
f 1704/360/1971 1709/365/1971 1710/366/1971
f 1710/366/1971 1705/361/1971 1704/360/1971
f 1707/362/1972 1706/363/1972 1711/368/1972
f 1711/368/1972 1712/367/1972 1707/362/1972
f 1707/362/1973 1712/367/1973 1713/369/1973
f 1713/369/1974 1708/364/1974 1707/362/1974
f 1714/370/1975 1709/365/1975 1708/364/1975
f 1708/364/1975 1713/369/1975 1714/370/1975
f 1715/371/1976 1710/366/1976 1709/365/1976
f 1709/365/1976 1714/370/1976 1715/371/1976
f 1716/373/1977 1717/372/1977 1712/367/1977
f 1712/367/1977 1711/368/1977 1716/373/1977
f 1713/369/1978 1712/367/1978 1717/372/1978
f 1717/372/1979 1718/374/1979 1713/369/1979
f 1719/375/1980 1714/370/1980 1713/369/1980
f 1713/369/1980 1718/374/1980 1719/375/1980
f 1720/376/1981 1715/371/1981 1714/370/1981
f 1714/370/1982 1719/375/1982 1720/376/1982
f 1716/373/1983 1721/378/1983 1722/377/1983
f 1722/377/1984 1717/372/1984 1716/373/1984
f 1723/379/1985 1718/374/1985 1717/372/1985
f 1717/372/1985 1722/377/1985 1723/379/1985
f 1724/380/1986 1719/375/1986 1718/374/1986
f 1718/374/1986 1723/379/1986 1724/380/1986
f 1719/375/1987 1724/380/1987 1725/381/1987
f 1725/381/1987 1720/376/1987 1719/375/1987
f 1722/377/1988 1721/378/1988 1726/383/1988
f 1726/383/1988 1727/382/1988 1722/377/1988
f 1722/377/1989 1727/382/1989 1728/384/1989
f 1728/384/1989 1723/379/1989 1722/377/1989
f 1729/385/1990 1724/380/1990 1723/379/1990
f 1723/379/1990 1728/384/1990 1729/385/1990
f 1725/381/1991 1724/380/1991 1729/385/1991
f 1729/385/1991 1730/386/1991 1725/381/1991
f 1731/387/1992 1727/382/1992 1726/383/1992
f 1726/383/1992 1732/388/1992 1731/387/1992
f 1733/389/1993 1728/384/1993 1727/382/1993
f 1727/382/1993 1731/387/1993 1733/389/1993
f 1728/384/1994 1733/389/1994 1734/390/1994
f 1734/390/1994 1729/385/1994 1728/384/1994
f 1734/390/1995 1735/391/1995 1730/386/1995
f 1730/386/1995 1729/385/1995 1734/390/1995
f 1736/392/1996 1731/387/1996 1732/388/1996
f 1732/388/1996 1737/393/1996 1736/392/1996
f 1738/394/1997 1733/389/1997 1731/387/1997
f 1731/387/1997 1736/392/1997 1738/394/1997
f 1734/390/1998 1733/389/1998 1738/394/1998
f 1738/394/1998 1739/395/1998 1734/390/1998
f 1734/390/1999 1739/395/1999 1740/396/1999
f 1740/396/1999 1735/391/1999 1734/390/1999
f 1741/397/2000 1736/392/2000 1737/393/2000
f 1737/393/2000 1742/398/2000 1741/397/2000
f 1736/392/2001 1741/397/2001 1743/399/2001
f 1743/399/2001 1738/394/2001 1736/392/2001
f 1743/399/2002 1744/400/2002 1739/395/2002
f 1739/395/2002 1738/394/2002 1743/399/2002
f 1740/396/2003 1739/395/2003 1744/400/2003
f 1744/400/2003 1745/401/2003 1740/396/2003
f 1671/328/2004 1563/214/2004 1562/215/2004
f 1562/215/2004 1746/402/2004 1671/328/2004
f 1563/214/2005 1671/328/2005 1674/329/2005
f 1674/329/2005 1572/223/2005 1563/214/2005
f 1573/224/2006 1572/223/2006 1674/329/2006
f 1674/329/2006 1676/331/2006 1573/224/2006
f 1574/225/2007 1573/224/2007 1676/331/2007
f 1676/331/2007 1678/333/2007 1574/225/2007
f 1575/226/2008 1574/225/2008 1678/333/2008
f 1678/333/2008 1680/335/2008 1575/226/2008
f 1744/400/2009 1743/399/2009 1747/404/2009
f 1747/404/2009 1748/403/2009 1744/400/2009
f 1747/404/2010 1743/399/2010 1741/397/2010
f 1741/397/2010 1749/405/2010 1747/404/2010
f 1741/397/2011 1742/398/2011 1750/406/2011
f 1750/406/2011 1749/405/2011 1741/397/2011
f 1751/408/2012 1752/407/2012 1750/406/2012
f 1750/406/2012 1742/398/2012 1751/408/2012
f 1737/393/2013 1753/409/2013 1751/408/2013
f 1751/408/2013 1742/398/2013 1737/393/2013
f 1754/410/2014 1753/409/2014 1737/393/2014
f 1737/393/2014 1732/388/2014 1754/410/2014
f 1726/383/2015 1755/411/2015 1754/410/2015
f 1754/410/2015 1732/388/2015 1726/383/2015
f 1756/412/2016 1755/411/2016 1726/383/2016
f 1726/383/2017 1721/378/2017 1756/412/2017
f 1756/412/2018 1721/378/2018 1716/373/2018
f 1716/373/2019 1757/413/2019 1756/412/2019
f 1758/414/2020 1757/413/2020 1716/373/2020
f 1716/373/2020 1711/368/2020 1758/414/2020
f 1711/368/2021 1706/363/2021 1759/415/2021
f 1759/415/2021 1758/414/2021 1711/368/2021
f 1706/363/2022 1702/358/2022 1760/416/2022
f 1760/416/2022 1759/415/2022 1706/363/2022
f 1761/417/2023 1760/416/2023 1702/358/2023
f 1702/358/2023 1697/353/2023 1761/417/2023
f 1691/348/2024 1762/418/2024 1761/417/2024
f 1761/417/2025 1697/353/2025 1691/348/2025
f 1763/419/2026 1762/418/2026 1691/348/2026
f 1691/348/2026 1687/343/2026 1763/419/2026
f 1681/338/2027 1764/420/2027 1763/419/2027
f 1763/419/2027 1687/343/2027 1681/338/2027
f 1765/421/2028 1764/420/2028 1681/338/2028
f 1681/338/2028 1672/327/2028 1765/421/2028
f 1746/402/2029 1765/421/2029 1672/327/2029
f 1672/327/2029 1671/328/2029 1746/402/2029
f 1766/424/2030 1767/423/2030 1768/422/2030
f 1768/422/2030 1769/425/2030 1766/424/2030
f 1770/427/2031 1771/426/2031 1768/422/2031
f 1768/422/2031 1767/423/2031 1770/427/2031
f 1772/429/2032 1773/428/2032 1771/426/2032
f 1771/426/2032 1770/427/2032 1772/429/2032
f 1774/430/2033 1773/428/2033 1772/429/2033
f 1772/429/2033 1775/431/2033 1774/430/2033
f 1776/433/2034 1777/432/2034 1774/430/2034
f 1774/430/2034 1775/431/2034 1776/433/2034
f 1778/435/2035 1779/434/2035 1777/432/2035
f 1777/432/2036 1776/433/2036 1778/435/2036
f 1779/434/2037 1778/435/2037 1780/437/2037
f 1780/437/2038 1781/436/2038 1779/434/2038
f 1782/438/2039 1781/436/2039 1780/437/2039
f 1780/437/2039 1783/439/2039 1782/438/2039
f 1784/440/2040 1782/438/2040 1783/439/2040
f 1783/439/2041 1785/441/2041 1784/440/2041
f 1786/443/2042 1787/442/2042 1784/440/2042
f 1784/440/2042 1785/441/2042 1786/443/2042
f 1788/444/2043 1787/442/2043 1786/443/2043
f 1786/443/2043 1789/445/2043 1788/444/2043
f 1790/446/2044 1788/444/2044 1789/445/2044
f 1789/445/2044 1791/447/2044 1790/446/2044
f 1792/449/2045 1793/448/2045 1790/446/2045
f 1790/446/2046 1791/447/2046 1792/449/2046
f 1794/450/2047 1793/448/2047 1792/449/2047
f 1792/449/2047 1795/451/2047 1794/450/2047
f 1766/424/2048 1796/453/2048 1797/452/2048
f 1797/452/2049 1767/423/2048 1766/424/2048
f 1770/427/2050 1767/423/2050 1797/452/2050
f 1797/452/2050 1798/454/2050 1770/427/2050
f 1772/429/2051 1770/427/2051 1798/454/2051
f 1798/454/2051 1799/455/2051 1772/429/2051
f 1799/455/2052 1800/456/2052 1775/431/2052
f 1775/431/2052 1772/429/2052 1799/455/2052
f 1801/457/2053 1776/433/2053 1775/431/2053
f 1775/431/2054 1800/456/2054 1801/457/2054
f 1802/458/2055 1778/435/2055 1776/433/2055
f 1776/433/2056 1801/457/2056 1802/458/2056
f 1780/437/2057 1778/435/2057 1802/458/2057
f 1802/458/2058 1803/459/2058 1780/437/2058
f 1804/460/2059 1783/439/2059 1780/437/2059
f 1780/437/2059 1803/459/2059 1804/460/2059
f 1805/461/2060 1785/441/2060 1783/439/2060
f 1783/439/2060 1804/460/2060 1805/461/2060
f 1785/441/2061 1805/461/2061 1806/462/2061
f 1806/462/2061 1786/443/2061 1785/441/2061
f 1789/445/2062 1786/443/2062 1806/462/2062
f 1806/462/2062 1807/463/2062 1789/445/2062
f 1791/447/2063 1789/445/2063 1807/463/2063
f 1807/463/2063 1808/464/2063 1791/447/2063
f 1809/465/2064 1792/449/2064 1791/447/2064
f 1791/447/2064 1808/464/2064 1809/465/2064
f 1795/451/2065 1792/449/2065 1809/465/2065
f 1809/465/2066 1810/466/2066 1795/451/2066
f 1811/467/2067 1797/452/2067 1796/453/2067
f 1796/453/2067 1812/468/2067 1811/467/2067
f 1798/454/2068 1797/452/2068 1811/467/2068
f 1811/467/2068 1813/469/2068 1798/454/2068
f 1799/455/2069 1798/454/2069 1813/469/2069
f 1813/469/2069 1814/470/2069 1799/455/2069
f 1799/455/2070 1814/470/2070 1815/471/2070
f 1815/471/2070 1800/456/2070 1799/455/2070
f 1801/457/2071 1800/456/2071 1815/471/2071
f 1815/471/2072 1816/472/2072 1801/457/2072
f 1802/458/2073 1801/457/2073 1816/472/2073
f 1816/472/2074 1817/473/2074 1802/458/2074
f 1817/473/2075 1818/474/2075 1803/459/2075
f 1803/459/2076 1802/458/2076 1817/473/2076
f 1819/475/2077 1804/460/2077 1803/459/2077
f 1803/459/2078 1818/474/2078 1819/475/2078
f 1820/476/2079 1805/461/2079 1804/460/2079
f 1804/460/2079 1819/475/2079 1820/476/2079
f 1806/462/2080 1805/461/2080 1820/476/2080
f 1820/476/2080 1821/477/2080 1806/462/2080
f 1822/478/2081 1807/463/2081 1806/462/2081
f 1806/462/2081 1821/477/2081 1822/478/2081
f 1823/479/2082 1808/464/2082 1807/463/2082
f 1807/463/2082 1822/478/2082 1823/479/2082
f 1808/464/2083 1823/479/2083 1824/480/2083
f 1824/480/2083 1809/465/2083 1808/464/2083
f 1810/466/2084 1809/465/2084 1824/480/2084
f 1824/480/2084 1825/481/2084 1810/466/2084
f 1826/482/2085 1811/467/2085 1812/468/2085
f 1812/468/2085 1827/483/2085 1826/482/2085
f 1813/469/2086 1811/467/2086 1826/482/2086
f 1826/482/2086 1828/484/2086 1813/469/2086
f 1814/470/2087 1813/469/2087 1828/484/2087
f 1828/484/2087 1829/485/2087 1814/470/2087
f 1830/486/2088 1815/471/2088 1814/470/2088
f 1814/470/2088 1829/485/2088 1830/486/2088
f 1816/472/2089 1815/471/2089 1830/486/2089
f 1830/486/2090 1831/487/2090 1816/472/2090
f 1817/473/2091 1816/472/2091 1831/487/2091
f 1831/487/2092 1832/488/2092 1817/473/2092
f 1817/473/2093 1832/488/2093 1833/489/2093
f 1833/489/2093 1818/474/2093 1817/473/2093
f 1819/475/2094 1818/474/2094 1833/489/2094
f 1833/489/2095 1834/490/2095 1819/475/2095
f 1820/476/2096 1819/475/2096 1834/490/2096
f 1834/490/2097 1835/491/2097 1820/476/2097
f 1835/491/2098 1836/492/2098 1821/477/2098
f 1821/477/2099 1820/476/2099 1835/491/2099
f 1837/493/2100 1822/478/2100 1821/477/2100
f 1821/477/2100 1836/492/2100 1837/493/2100
f 1838/494/2101 1823/479/2101 1822/478/2101
f 1822/478/2102 1837/493/2102 1838/494/2102
f 1824/480/2103 1823/479/2103 1838/494/2103
f 1838/494/2103 1839/495/2103 1824/480/2103
f 1840/496/2104 1825/481/2104 1824/480/2104
f 1824/480/2104 1839/495/2104 1840/496/2104
f 1827/483/2105 1841/498/2105 1842/497/2105
f 1842/497/2105 1826/482/2105 1827/483/2105
f 1828/484/2106 1826/482/2106 1842/497/2106
f 1842/497/2106 1843/499/2106 1828/484/2106
f 1829/485/2107 1828/484/2107 1843/499/2107
f 1843/499/2107 1844/500/2107 1829/485/2107
f 1845/501/2108 1830/486/2108 1829/485/2108
f 1829/485/2108 1844/500/2108 1845/501/2108
f 1831/487/2109 1830/486/2109 1845/501/2109
f 1845/501/2109 1846/502/2109 1831/487/2109
f 1832/488/2110 1831/487/2110 1846/502/2110
f 1846/502/2110 1847/503/2110 1832/488/2110
f 1848/504/2111 1833/489/2111 1832/488/2111
f 1832/488/2112 1847/503/2112 1848/504/2112
f 1834/490/2113 1833/489/2113 1848/504/2113
f 1848/504/2114 1849/505/2114 1834/490/2114
f 1835/491/2115 1834/490/2115 1849/505/2115
f 1849/505/2116 1850/506/2116 1835/491/2116
f 1835/491/2117 1850/506/2117 1851/507/2117
f 1851/507/2117 1836/492/2117 1835/491/2117
f 1837/493/2118 1836/492/2118 1851/507/2118
f 1851/507/2118 1852/508/2118 1837/493/2118
f 1838/494/2119 1837/493/2119 1852/508/2119
f 1852/508/2119 1853/509/2119 1838/494/2119
f 1853/509/2120 1854/510/2120 1839/495/2120
f 1839/495/2120 1838/494/2120 1853/509/2120
f 1855/511/2121 1840/496/2121 1839/495/2121
f 1839/495/2121 1854/510/2121 1855/511/2121
f 1842/497/2122 1841/498/2122 1856/513/2122
f 1856/513/2122 1857/512/2122 1842/497/2122
f 1858/514/2123 1843/499/2123 1842/497/2123
f 1842/497/2123 1857/512/2123 1858/514/2123
f 1859/515/2124 1844/500/2124 1843/499/2124
f 1843/499/2124 1858/514/2124 1859/515/2124
f 1844/500/2125 1859/515/2125 1860/516/2125
f 1860/516/2125 1845/501/2125 1844/500/2125
f 1846/502/2126 1845/501/2126 1860/516/2126
f 1860/516/2127 1861/517/2127 1846/502/2127
f 1847/503/2128 1846/502/2128 1861/517/2128
f 1861/517/2129 1862/518/2129 1847/503/2129
f 1848/504/2130 1847/503/2130 1862/518/2130
f 1862/518/2131 1863/519/2131 1848/504/2131
f 1849/505/2132 1848/504/2132 1863/519/2132
f 1863/519/2132 1864/520/2132 1849/505/2132
f 1850/506/2133 1849/505/2133 1864/520/2133
f 1864/520/2133 1865/521/2133 1850/506/2133
f 1851/507/2134 1850/506/2134 1865/521/2134
f 1865/521/2134 1866/522/2134 1851/507/2134
f 1852/508/2135 1851/507/2135 1866/522/2135
f 1866/522/2136 1867/523/2136 1852/508/2136
f 1853/509/2137 1852/508/2137 1867/523/2137
f 1867/523/2137 1868/524/2137 1853/509/2137
f 1853/509/2138 1868/524/2138 1869/525/2138
f 1869/525/2138 1854/510/2138 1853/509/2138
f 1870/526/2139 1855/511/2139 1854/510/2139
f 1854/510/2139 1869/525/2139 1870/526/2139
f 1871/527/2140 1857/512/2140 1856/513/2140
f 1856/513/2140 1872/528/2140 1871/527/2140
f 1858/514/2141 1857/512/2141 1871/527/2141
f 1871/527/2142 1873/529/2142 1858/514/2142
f 1859/515/2143 1858/514/2143 1873/529/2143
f 1873/529/2144 1874/530/2144 1859/515/2144
f 1860/516/2145 1859/515/2145 1874/530/2145
f 1874/530/2145 1875/531/2145 1860/516/2145
f 1861/517/2146 1860/516/2146 1875/531/2146
f 1875/531/2146 1876/532/2146 1861/517/2146
f 1862/518/2147 1861/517/2147 1876/532/2147
f 1876/532/2147 1877/533/2147 1862/518/2147
f 1878/534/2148 1863/519/2148 1862/518/2148
f 1862/518/2149 1877/533/2149 1878/534/2149
f 1864/520/2150 1863/519/2150 1878/534/2150
f 1878/534/2151 1879/535/2151 1864/520/2151
f 1865/521/2152 1864/520/2152 1879/535/2152
f 1879/535/2152 1880/536/2152 1865/521/2152
f 1881/537/2153 1866/522/2153 1865/521/2153
f 1865/521/2154 1880/536/2154 1881/537/2154
f 1882/538/2155 1867/523/2155 1866/522/2155
f 1866/522/2156 1881/537/2156 1882/538/2156
f 1883/539/2157 1868/524/2157 1867/523/2157
f 1867/523/2158 1882/538/2158 1883/539/2158
f 1884/540/2159 1869/525/2159 1868/524/2159
f 1868/524/2159 1883/539/2159 1884/540/2159
f 1869/525/2160 1884/540/2160 1885/541/2160
f 1885/541/2160 1870/526/2160 1869/525/2160
f 1872/528/2161 1886/543/2161 1887/542/2161
f 1887/542/2161 1871/527/2161 1872/528/2161
f 1873/529/2162 1871/527/2162 1887/542/2162
f 1887/542/2162 1888/544/2162 1873/529/2162
f 1874/530/2163 1873/529/2163 1888/544/2163
f 1888/544/2163 1889/545/2163 1874/530/2163
f 1875/531/2164 1874/530/2164 1889/545/2164
f 1889/545/2165 1890/546/2165 1875/531/2165
f 1876/532/2166 1875/531/2166 1890/546/2166
f 1890/546/2166 1891/547/2166 1876/532/2166
f 1877/533/2167 1876/532/2167 1891/547/2167
f 1891/547/2167 1892/548/2167 1877/533/2167
f 1878/534/2168 1877/533/2168 1892/548/2168
f 1892/548/2168 1893/549/2168 1878/534/2168
f 1879/535/2169 1878/534/2169 1893/549/2169
f 1893/549/2169 1894/550/2169 1879/535/2169
f 1880/536/2170 1879/535/2170 1894/550/2170
f 1894/550/2171 1895/551/2171 1880/536/2171
f 1880/536/2172 1895/551/2172 1896/552/2172
f 1896/552/2173 1881/537/2173 1880/536/2173
f 1897/553/2174 1882/538/2174 1881/537/2174
f 1881/537/2175 1896/552/2175 1897/553/2175
f 1898/554/2176 1883/539/2176 1882/538/2176
f 1882/538/2177 1897/553/2177 1898/554/2177
f 1899/555/2178 1884/540/2178 1883/539/2178
f 1883/539/2178 1898/554/2178 1899/555/2178
f 1885/541/2179 1884/540/2179 1899/555/2179
f 1899/555/2180 1900/556/2180 1885/541/2180
f 1887/542/2181 1886/543/2181 1901/558/2181
f 1901/558/2181 1902/557/2181 1887/542/2181
f 1888/544/2182 1887/542/2182 1902/557/2182
f 1902/557/2182 1903/559/2182 1888/544/2182
f 1889/545/2183 1888/544/2183 1903/559/2183
f 1903/559/2183 1904/560/2183 1889/545/2183
f 1905/561/2184 1890/546/2184 1889/545/2184
f 1889/545/2184 1904/560/2184 1905/561/2184
f 1891/547/2185 1890/546/2185 1905/561/2185
f 1905/561/2185 1906/562/2185 1891/547/2185
f 1892/548/2186 1891/547/2186 1906/562/2186
f 1906/562/2186 1907/563/2186 1892/548/2186
f 1908/564/2187 1893/549/2187 1892/548/2187
f 1892/548/2187 1907/563/2187 1908/564/2187
f 1909/565/2188 1894/550/2188 1893/549/2188
f 1893/549/2188 1908/564/2188 1909/565/2188
f 1910/566/2189 1895/551/2189 1894/550/2189
f 1894/550/2189 1909/565/2189 1910/566/2189
f 1911/567/2190 1896/552/2190 1895/551/2190
f 1895/551/2191 1910/566/2191 1911/567/2191
f 1896/552/2192 1911/567/2192 1912/568/2192
f 1912/568/2192 1897/553/2192 1896/552/2192
f 1897/553/2193 1912/568/2193 1913/569/2193
f 1913/569/2193 1898/554/2193 1897/553/2193
f 1898/554/2194 1913/569/2194 1914/570/2194
f 1914/570/2194 1899/555/2194 1898/554/2194
f 1900/556/2195 1899/555/2195 1914/570/2195
f 1914/570/2196 1915/571/2196 1900/556/2196
f 1902/557/2197 1901/558/2197 1916/572/2197
f 1916/572/2197 1917/573/2197 1902/557/2197
f 1903/559/2198 1902/557/2198 1917/573/2198
f 1917/573/2198 1918/574/2198 1903/559/2198
f 1904/560/2199 1903/559/2199 1918/574/2199
f 1918/574/2199 1919/575/2199 1904/560/2199
f 1905/561/2200 1904/560/2200 1919/575/2200
f 1919/575/2200 1920/576/2200 1905/561/2200
f 1906/562/2201 1905/561/2201 1920/576/2201
f 1920/576/2201 1921/577/2201 1906/562/2201
f 1907/563/2202 1906/562/2202 1921/577/2202
f 1921/577/2202 1922/578/2202 1907/563/2202
f 1907/563/2203 1922/578/2203 1923/579/2203
f 1923/579/2204 1908/564/2204 1907/563/2204
f 1924/580/2205 1909/565/2205 1908/564/2205
f 1908/564/2206 1923/579/2206 1924/580/2206
f 1925/581/2207 1910/566/2207 1909/565/2207
f 1909/565/2207 1924/580/2207 1925/581/2207
f 1926/582/2208 1911/567/2208 1910/566/2208
f 1910/566/2209 1925/581/2209 1926/582/2209
f 1912/568/2210 1911/567/2210 1926/582/2210
f 1926/582/2210 1927/583/2210 1912/568/2210
f 1913/569/2211 1912/568/2211 1927/583/2211
f 1927/583/2211 1928/584/2211 1913/569/2211
f 1914/570/2212 1913/569/2212 1928/584/2212
f 1928/584/2212 1929/585/2212 1914/570/2212
f 1915/571/2213 1914/570/2213 1929/585/2213
f 1929/585/2213 1930/586/2213 1915/571/2213
f 1931/588/2214 1917/573/2214 1916/572/2214
f 1916/572/2215 1932/587/2215 1931/588/2215
f 1918/574/2216 1917/573/2216 1931/588/2216
f 1931/588/2216 1933/589/2216 1918/574/2216
f 1919/575/2217 1918/574/2217 1933/589/2217
f 1933/589/2217 1934/590/2217 1919/575/2217
f 1935/591/2218 1920/576/2218 1919/575/2218
f 1919/575/2218 1934/590/2218 1935/591/2218
f 1936/592/2219 1921/577/2219 1920/576/2219
f 1920/576/2219 1935/591/2219 1936/592/2219
f 1937/593/2220 1922/578/2220 1921/577/2220
f 1921/577/2220 1936/592/2220 1937/593/2220
f 1938/594/2221 1923/579/2221 1922/578/2221
f 1922/578/2222 1937/593/2222 1938/594/2222
f 1923/579/2223 1938/594/2223 1939/595/2223
f 1939/595/2224 1924/580/2224 1923/579/2224
f 1924/580/2225 1939/595/2225 1940/596/2225
f 1940/596/2226 1925/581/2226 1924/580/2226
f 1925/581/2227 1940/596/2227 1941/597/2227
f 1941/597/2227 1926/582/2227 1925/581/2227
f 1927/583/2228 1926/582/2228 1941/597/2228
f 1941/597/2228 1942/598/2228 1927/583/2228
f 1928/584/2229 1927/583/2229 1942/598/2229
f 1942/598/2229 1943/599/2229 1928/584/2229
f 1929/585/2230 1928/584/2230 1943/599/2230
f 1943/599/2230 1944/600/2230 1929/585/2230
f 1930/586/2231 1929/585/2231 1944/600/2231
f 1944/600/2231 1945/601/2231 1930/586/2231
f 1931/588/2232 1932/587/2232 1946/602/2232
f 1946/602/2232 1947/603/2232 1931/588/2232
f 1933/589/2233 1931/588/2233 1947/603/2233
f 1947/603/2233 1948/604/2233 1933/589/2233
f 1934/590/2234 1933/589/2234 1948/604/2234
f 1948/604/2234 1949/605/2234 1934/590/2234
f 1934/590/2235 1949/605/2235 1950/606/2235
f 1950/606/2235 1935/591/2235 1934/590/2235
f 1951/607/2236 1936/592/2236 1935/591/2236
f 1935/591/2236 1950/606/2236 1951/607/2236
f 1952/608/2237 1937/593/2237 1936/592/2237
f 1936/592/2237 1951/607/2237 1952/608/2237
f 1953/609/2238 1938/594/2238 1937/593/2238
f 1937/593/2238 1952/608/2238 1953/609/2238
f 1939/595/2239 1938/594/2239 1953/609/2239
f 1953/609/2240 1954/610/2240 1939/595/2240
f 1940/596/2241 1939/595/2241 1954/610/2241
f 1954/610/2241 1955/611/2241 1940/596/2241
f 1941/597/2242 1940/596/2242 1955/611/2242
f 1955/611/2242 1956/612/2242 1941/597/2242
f 1942/598/2243 1941/597/2243 1956/612/2243
f 1956/612/2243 1957/613/2243 1942/598/2243
f 1943/599/2244 1942/598/2244 1957/613/2244
f 1957/613/2244 1958/614/2244 1943/599/2244
f 1959/615/2245 1944/600/2245 1943/599/2245
f 1943/599/2245 1958/614/2245 1959/615/2245
f 1945/601/2246 1944/600/2246 1959/615/2246
f 1959/615/2246 1960/616/2246 1945/601/2246
f 1961/618/2247 1947/603/2247 1946/602/2247
f 1946/602/2247 1962/617/2247 1961/618/2247
f 1963/619/2248 1948/604/2248 1947/603/2248
f 1947/603/2248 1961/618/2248 1963/619/2248
f 1964/620/2249 1949/605/2249 1948/604/2249
f 1948/604/2249 1963/619/2249 1964/620/2249
f 1965/621/2250 1950/606/2250 1949/605/2250
f 1949/605/2250 1964/620/2250 1965/621/2250
f 1950/606/2251 1965/621/2251 1966/622/2251
f 1966/622/2251 1951/607/2251 1950/606/2251
f 1951/607/2252 1966/622/2252 1967/623/2252
f 1967/623/2253 1952/608/2253 1951/607/2253
f 1952/608/2254 1967/623/2254 1968/624/2254
f 1968/624/2255 1953/609/2255 1952/608/2255
f 1954/610/2256 1953/609/2256 1968/624/2256
f 1968/624/2257 1969/625/2257 1954/610/2257
f 1955/611/2258 1954/610/2258 1969/625/2258
f 1969/625/2258 1970/626/2258 1955/611/2258
f 1956/612/2259 1955/611/2259 1970/626/2259
f 1970/626/2259 1971/627/2259 1956/612/2259
f 1957/613/2260 1956/612/2260 1971/627/2260
f 1971/627/2260 1972/628/2260 1957/613/2260
f 1958/614/2261 1957/613/2261 1972/628/2261
f 1972/628/2261 1973/629/2261 1958/614/2261
f 1959/615/2262 1958/614/2262 1973/629/2262
f 1973/629/2262 1974/630/2262 1959/615/2262
f 1960/616/2263 1959/615/2263 1974/630/2263
f 1974/630/2263 1975/631/2263 1960/616/2263
f 1962/617/2264 1976/632/2264 1977/633/2264
f 1977/633/2264 1961/618/2264 1962/617/2264
f 1978/634/2265 1963/619/2265 1961/618/2265
f 1961/618/2265 1977/633/2265 1978/634/2265
f 1979/635/2266 1964/620/2266 1963/619/2266
f 1963/619/2266 1978/634/2266 1979/635/2266
f 1979/635/2267 1980/636/2267 1965/621/2267
f 1965/621/2267 1964/620/2267 1979/635/2267
f 1981/637/2268 1966/622/2268 1965/621/2268
f 1965/621/2268 1980/636/2268 1981/637/2268
f 1982/638/2269 1967/623/2269 1966/622/2269
f 1966/622/2270 1981/637/2270 1982/638/2270
f 1968/624/2271 1967/623/2271 1982/638/2271
f 1982/638/2272 1983/639/2272 1968/624/2272
f 1984/640/2273 1969/625/2273 1968/624/2273
f 1968/624/2273 1983/639/2273 1984/640/2273
f 1985/641/2274 1970/626/2274 1969/625/2274
f 1969/625/2274 1984/640/2274 1985/641/2274
f 1986/642/2275 1971/627/2275 1970/626/2275
f 1970/626/2275 1985/641/2275 1986/642/2275
f 1987/643/2276 1972/628/2276 1971/627/2276
f 1971/627/2276 1986/642/2276 1987/643/2276
f 1988/644/2277 1973/629/2277 1972/628/2277
f 1972/628/2277 1987/643/2277 1988/644/2277
f 1989/645/2278 1974/630/2278 1973/629/2278
f 1973/629/2278 1988/644/2278 1989/645/2278
f 1990/646/2279 1975/631/2279 1974/630/2279
f 1974/630/2279 1989/645/2279 1990/646/2279
f 1991/648/2280 1534/647/2280 1533/649/2280
f 1533/649/2280 1769/425/2280 1991/648/2280
f 1768/422/2281 1992/650/2281 1991/648/2281
f 1991/648/2281 1769/425/2281 1768/422/2281
f 1771/426/2282 1993/651/2282 1992/650/2282
f 1992/650/2282 1768/422/2282 1771/426/2282
f 1993/651/2283 1771/426/2283 1773/428/2283
f 1773/428/2284 1994/652/2284 1993/651/2284
f 1774/430/2285 1995/653/2285 1994/652/2285
f 1994/652/2286 1773/428/2286 1774/430/2286
f 1777/432/2287 1996/654/2287 1995/653/2287
f 1995/653/2288 1774/430/2288 1777/432/2288
f 1996/654/2289 1777/432/2289 1779/434/2289
f 1779/434/2289 1997/655/2289 1996/654/2289
f 1998/656/2290 1997/655/2290 1779/434/2290
f 1779/434/2290 1781/436/2290 1998/656/2290
f 1999/657/2291 1998/656/2291 1781/436/2291
f 1781/436/2292 1782/438/2292 1999/657/2292
f 1999/657/2293 1782/438/2293 1784/440/2293
f 1784/440/2293 2000/658/2293 1999/657/2293
f 1787/442/2294 2001/659/2294 2000/658/2294
f 2000/658/2295 1784/440/2295 1787/442/2295
f 2002/660/2296 2001/659/2296 1787/442/2296
f 1787/442/2296 1788/444/2296 2002/660/2296
f 1790/446/2297 2003/661/2297 2002/660/2297
f 2002/660/2297 1788/444/2297 1790/446/2297
f 1793/448/2298 2004/662/2298 2003/661/2298
f 2003/661/2299 1790/446/2299 1793/448/2299
f 2005/663/2300 2004/662/2300 1793/448/2300
f 1793/448/2300 1794/450/2300 2005/663/2300
f 2006/664/2301 2007/665/2301 2005/663/2301
f 2005/663/2301 1794/450/2301 2006/664/2301
f 2006/664/2302 1794/450/2302 1795/451/2302
f 1795/451/2302 2008/666/2302 2006/664/2302
f 2008/666/2303 1795/451/2303 1810/466/2303
f 1810/466/2303 2009/667/2303 2008/666/2303
f 2009/667/2304 1810/466/2304 1825/481/2304
f 1825/481/2304 2010/668/2304 2009/667/2304
f 2011/669/2305 2010/668/2305 1825/481/2305
f 1825/481/2305 1840/496/2305 2011/669/2305
f 2012/670/2306 2011/669/2306 1840/496/2306
f 1840/496/2306 1855/511/2306 2012/670/2306
f 1870/526/2307 2013/671/2307 2012/670/2307
f 2012/670/2307 1855/511/2307 1870/526/2307
f 1885/541/2308 2014/672/2308 2013/671/2308
f 2013/671/2308 1870/526/2308 1885/541/2308
f 1900/556/2309 2015/673/2309 2014/672/2309
f 2014/672/2309 1885/541/2309 1900/556/2309
f 1900/556/2310 1915/571/2310 2016/674/2310
f 2016/674/2310 2015/673/2310 1900/556/2310
f 1930/586/2311 2017/675/2311 2016/674/2311
f 2016/674/2311 1915/571/2311 1930/586/2311
f 1945/601/2312 2018/676/2312 2017/675/2312
f 2017/675/2312 1930/586/2312 1945/601/2312
f 1945/601/2313 1960/616/2313 2019/677/2313
f 2019/677/2313 2018/676/2313 1945/601/2313
f 1975/631/2314 2020/678/2314 2019/677/2314
f 2019/677/2315 1960/616/2315 1975/631/2315
f 1990/646/2316 2021/679/2316 2020/678/2316
f 2020/678/2317 1975/631/2317 1990/646/2317
f 1652/681/2318 1651/680/2318 2021/679/2318
f 2021/679/2318 1990/646/2318 1652/681/2318
f 1989/645/2319 1670/682/2320 1652/681/2320
f 1652/681/2320 1990/646/2320 1989/645/2320
f 1988/644/2321 1669/683/2321 1670/682/2321
f 1670/682/2321 1989/645/2321 1988/644/2321
f 1988/644/2322 1987/643/2322 1668/684/2322
f 1668/684/2322 1669/683/2322 1988/644/2322
f 1986/642/2323 1667/685/2323 1668/684/2323
f 1668/684/2323 1987/643/2323 1986/642/2323
f 1985/641/2324 1666/686/2324 1667/685/2324
f 1667/685/2325 1986/642/2325 1985/641/2325
f 1985/641/2326 1984/640/2326 1665/687/2326
f 1665/687/2326 1666/686/2326 1985/641/2326
f 1983/639/2327 1664/688/2327 1665/687/2327
f 1665/687/2327 1984/640/2327 1983/639/2327
f 1982/638/2328 1663/689/2328 1664/688/2328
f 1664/688/2328 1983/639/2328 1982/638/2328
f 1982/638/2329 1981/637/2329 1662/690/2329
f 1662/690/2330 1663/689/2330 1982/638/2330
f 1980/636/2331 1661/691/2331 1662/690/2331
f 1662/690/2332 1981/637/2332 1980/636/2332
f 1661/691/2333 1980/636/2333 1979/635/2333
f 1979/635/2333 1660/692/2333 1661/691/2333
f 1660/692/2334 1979/635/2334 1978/634/2334
f 1978/634/2334 1659/693/2334 1660/692/2334
f 1978/634/2335 1977/633/2335 1658/694/2335
f 1658/694/2335 1659/693/2335 1978/634/2335
f 1976/632/2336 1657/695/2336 1658/694/2336
f 1658/694/2336 1977/633/2336 1976/632/2336
f 1551/697/2337 1550/696/2337 1657/695/2337
f 1657/695/2337 1976/632/2337 1551/697/2337
f 1556/698/2338 1551/697/2338 1976/632/2338
f 1976/632/2339 1962/617/2339 1556/698/2339
f 1962/617/2340 1946/602/2340 1557/699/2340
f 1557/699/2340 1556/698/2340 1962/617/2340
f 1932/587/2341 1558/700/2341 1557/699/2341
f 1557/699/2341 1946/602/2341 1932/587/2341
f 1932/587/2342 1916/572/2342 1559/701/2342
f 1559/701/2342 1558/700/2342 1932/587/2342
f 1560/702/2343 1559/701/2343 1916/572/2343
f 1916/572/2343 1901/558/2343 1560/702/2343
f 1561/703/2344 1560/702/2344 1901/558/2344
f 1901/558/2345 1886/543/2345 1561/703/2345
f 1886/543/2346 1872/528/2346 1542/704/2346
f 1542/704/2346 1561/703/2346 1886/543/2346
f 1541/705/2347 1542/704/2347 1872/528/2347
f 1872/528/2347 1856/513/2347 1541/705/2347
f 1841/498/2348 1540/706/2348 1541/705/2348
f 1541/705/2348 1856/513/2348 1841/498/2348
f 1539/707/2349 1540/706/2349 1841/498/2349
f 1841/498/2350 1827/483/2351 1539/707/2351
f 1812/468/2352 1538/708/2352 1539/707/2352
f 1539/707/2352 1827/483/2352 1812/468/2352
f 1537/709/2353 1538/708/2353 1812/468/2353
f 1812/468/2353 1796/453/2353 1537/709/2353
f 1536/710/2354 1537/709/2354 1796/453/2354
f 1796/453/2354 1766/424/2355 1536/710/2354
f 1533/649/2356 1536/710/2356 1766/424/2356
f 1766/424/2356 1769/425/2356 1533/649/2356
f 2022/714/2357 2023/713/2357 2024/712/2357
f 2024/712/2357 2025/711/2357 2022/714/2357
f 2023/713/2358 2022/714/2358 2026/716/2358
f 2026/716/2358 2027/715/2358 2023/713/2358
f 2028/718/2359 2029/717/2359 2027/715/2359
f 2027/715/2359 2026/716/2360 2028/718/2359
f 2030/720/2361 2031/719/2361 2029/717/2361
f 2029/717/2361 2028/718/2361 2030/720/2361
f 2031/719/2362 2030/720/2362 2032/722/2362
f 2032/722/2362 2033/721/2362 2031/719/2362
f 2033/721/2363 2032/722/2363 2034/723/2363
f 2034/723/2363 2035/724/2363 2033/721/2363
f 2036/726/2364 2037/725/2364 2035/724/2364
f 2035/724/2365 2034/723/2365 2036/726/2365
f 2038/727/2366 2022/714/2366 2025/711/2366
f 2025/711/2366 2039/728/2366 2038/727/2366
f 2022/714/2367 2038/727/2367 2040/729/2367
f 2040/729/2367 2026/716/2367 2022/714/2367
f 2041/730/2368 2028/718/2368 2026/716/2368
f 2026/716/2368 2040/729/2368 2041/730/2368
f 2028/718/2369 2041/730/2369 2042/731/2369
f 2042/731/2369 2030/720/2369 2028/718/2369
f 2043/732/2370 2032/722/2370 2030/720/2370
f 2030/720/2370 2042/731/2370 2043/732/2370
f 2034/723/2371 2032/722/2371 2043/732/2371
f 2043/732/2371 2044/733/2371 2034/723/2371
f 2045/734/2372 2036/726/2372 2034/723/2372
f 2034/723/2372 2044/733/2372 2045/734/2372
f 2039/728/2373 2046/735/2373 2047/736/2373
f 2047/736/2373 2038/727/2373 2039/728/2373
f 2038/727/2374 2047/736/2374 2048/737/2374
f 2048/737/2374 2040/729/2374 2038/727/2374
f 2040/729/2375 2048/737/2375 2049/738/2375
f 2049/738/2375 2041/730/2375 2040/729/2375
f 2041/730/2376 2049/738/2376 2050/739/2376
f 2050/739/2376 2042/731/2376 2041/730/2376
f 2042/731/2377 2050/739/2377 2051/740/2377
f 2051/740/2377 2043/732/2377 2042/731/2377
f 2044/733/2378 2043/732/2378 2051/740/2378
f 2051/740/2378 2052/741/2378 2044/733/2378
f 2044/733/2379 2052/741/2379 2053/742/2379
f 2053/742/2379 2045/734/2379 2044/733/2379
f 2054/743/2380 2047/736/2380 2046/735/2380
f 2046/735/2380 2055/744/2380 2054/743/2380
f 2047/736/2381 2054/743/2381 2056/745/2381
f 2056/745/2381 2048/737/2381 2047/736/2381
f 2048/737/2382 2056/745/2382 2057/746/2382
f 2057/746/2382 2049/738/2382 2048/737/2382
f 2058/747/2383 2050/739/2383 2049/738/2383
f 2049/738/2383 2057/746/2383 2058/747/2383
f 2050/739/2384 2058/747/2384 2059/748/2385
f 2059/748/2384 2051/740/2384 2050/739/2384
f 2060/749/2386 2052/741/2386 2051/740/2386
f 2051/740/2386 2059/748/2386 2060/749/2386
f 2052/741/2387 2060/749/2387 2061/750/2387
f 2061/750/2387 2053/742/2387 2052/741/2387
f 2062/751/2388 2054/743/2388 2055/744/2388
f 2055/744/2388 2063/752/2388 2062/751/2388
f 2054/743/2389 2062/751/2389 2064/753/2389
f 2064/753/2389 2056/745/2389 2054/743/2389
f 2065/754/2390 2057/746/2390 2056/745/2390
f 2056/745/2390 2064/753/2390 2065/754/2390
f 2066/755/2391 2058/747/2391 2057/746/2391
f 2057/746/2391 2065/754/2391 2066/755/2391
f 2058/747/2392 2066/755/2392 2067/756/2392
f 2067/756/2392 2059/748/2392 2058/747/2392
f 2059/748/2393 2067/756/2393 2068/757/2393
f 2068/757/2393 2060/749/2393 2059/748/2393
f 2060/749/2394 2068/757/2394 2069/758/2394
f 2069/758/2394 2061/750/2394 2060/749/2394
f 2070/759/2395 2062/751/2395 2063/752/2395
f 2063/752/2395 2071/760/2395 2070/759/2395
f 2062/751/2396 2070/759/2396 2072/761/2396
f 2072/761/2396 2064/753/2396 2062/751/2396
f 2064/753/2397 2072/761/2397 2073/762/2397
f 2073/762/2397 2065/754/2397 2064/753/2397
f 2074/763/2398 2066/755/2398 2065/754/2398
f 2065/754/2398 2073/762/2399 2074/763/2399
f 2075/764/2400 2067/756/2400 2066/755/2400
f 2066/755/2400 2074/763/2400 2075/764/2400
f 2068/757/2401 2067/756/2401 2075/764/2401
f 2075/764/2401 2076/765/2401 2068/757/2401
f 2077/768/2402 2078/767/2402 2079/766/2402
f 2079/766/2402 2080/769/2402 2077/768/2402
f 2078/767/2403 2077/768/2403 2081/771/2403
f 2081/771/2403 2082/770/2403 2078/767/2403
f 2082/770/2404 2081/771/2404 2083/773/2404
f 2083/773/2405 2084/772/2404 2082/770/2404
f 2085/774/2406 2077/768/2406 2080/769/2406
f 2080/769/2406 2086/775/2406 2085/774/2406
f 2087/776/2407 2081/771/2407 2077/768/2407
f 2077/768/2407 2085/774/2407 2087/776/2407
f 2081/771/2408 2087/776/2408 2088/777/2408
f 2088/777/2408 2083/773/2408 2081/771/2408
f 2089/778/2409 2085/774/2409 2086/775/2409
f 2086/775/2409 2090/779/2409 2089/778/2409
f 2085/774/2410 2089/778/2410 2091/780/2410
f 2091/780/2410 2087/776/2410 2085/774/2410
f 2087/776/2411 2091/780/2411 2092/781/2411
f 2092/781/2412 2088/777/2412 2087/776/2412
f 2088/777/2413 2092/781/2413 2093/782/2413
f 2093/782/2413 2094/783/2413 2088/777/2413
f 2095/784/2414 2089/778/2414 2090/779/2414
f 2090/779/2414 2096/785/2414 2095/784/2414
f 2089/778/2415 2095/784/2415 2097/786/2415
f 2097/786/2415 2091/780/2415 2089/778/2415
f 2091/780/2416 2097/786/2416 2098/787/2416
f 2098/787/2416 2092/781/2416 2091/780/2416
f 2092/781/2417 2098/787/2417 2099/788/2417
f 2099/788/2418 2093/782/2418 2092/781/2419
f 2100/789/2420 2095/784/2420 2096/785/2420
f 2096/785/2420 2101/790/2420 2100/789/2420
f 2095/784/2421 2100/789/2421 2102/791/2421
f 2102/791/2422 2097/786/2422 2095/784/2422
f 2103/792/2423 2098/787/2423 2097/786/2423
f 2097/786/2423 2102/791/2423 2103/792/2423
f 2104/793/2424 2099/788/2424 2098/787/2424
f 2098/787/2424 2103/792/2425 2104/793/2426
f 2105/794/2427 2100/789/2427 2101/790/2427
f 2101/790/2427 2106/795/2427 2105/794/2427
f 2107/796/2428 2102/791/2428 2100/789/2428
f 2100/789/2429 2105/794/2429 2107/796/2429
f 2103/792/2430 2102/791/2430 2107/796/2430
f 2107/796/2430 2108/797/2430 2103/792/2430
f 2109/798/2431 2104/793/2432 2103/792/2432
f 2103/792/2432 2108/797/2432 2109/798/2432
f 2110/800/2433 2111/799/2433 2112/802/2433
f 2112/802/2433 2113/801/2433 2110/800/2433
f 2114/804/2434 2115/803/2434 2113/801/2434
f 2113/801/2434 2112/802/2434 2114/804/2434
f 2115/803/2435 2114/804/2435 2116/806/2435
f 2116/806/2435 2117/805/2435 2115/803/2435
f 2118/808/2436 2119/807/2436 2117/805/2436
f 2117/805/2436 2116/806/2436 2118/808/2436
f 2119/807/2437 2118/808/2437 2120/810/2437
f 2120/810/2437 2121/809/2437 2119/807/2437
f 2122/812/2438 2123/811/2438 2121/809/2438
f 2121/809/2438 2120/810/2438 2122/812/2438
f 2123/811/2439 2122/812/2439 2124/814/2439
f 2124/814/2439 2125/813/2439 2123/811/2439
f 2126/815/2440 2112/802/2440 2111/799/2440
f 2111/799/2440 2127/816/2440 2126/815/2440
f 2112/802/2441 2126/815/2441 2128/817/2441
f 2128/817/2441 2114/804/2441 2112/802/2441
f 2129/818/2442 2116/806/2442 2114/804/2442
f 2114/804/2442 2128/817/2442 2129/818/2442
f 2130/819/2443 2118/808/2443 2116/806/2443
f 2116/806/2444 2129/818/2444 2130/819/2444
f 2118/808/2445 2130/819/2445 2131/820/2445
f 2131/820/2445 2120/810/2445 2118/808/2445
f 2132/821/2446 2122/812/2446 2120/810/2446
f 2120/810/2446 2131/820/2446 2132/821/2446
f 2122/812/2447 2132/821/2447 2133/822/2447
f 2133/822/2447 2124/814/2447 2122/812/2447
f 2127/816/2448 2134/824/2449 2135/823/2450
f 2135/823/2449 2126/815/2449 2127/816/2449
f 2136/825/2451 2128/817/2451 2126/815/2451
f 2126/815/2451 2135/823/2451 2136/825/2451
f 2128/817/2452 2136/825/2452 2137/826/2452
f 2137/826/2452 2129/818/2452 2128/817/2452
f 2138/827/2453 2130/819/2453 2129/818/2453
f 2129/818/2453 2137/826/2453 2138/827/2454
f 2139/828/2455 2131/820/2455 2130/819/2455
f 2130/819/2455 2138/827/2455 2139/828/2455
f 2132/821/2456 2131/820/2456 2139/828/2456
f 2139/828/2457 2140/829/2457 2132/821/2457
f 2133/822/2458 2132/821/2458 2140/829/2458
f 2140/829/2458 2141/830/2458 2133/822/2458
f 2138/827/2459 2142/832/2459 2143/831/2459
f 2143/831/2459 2139/828/2459 2138/827/2459
f 2140/829/2460 2139/828/2460 2143/831/2460
f 2143/831/2460 2144/833/2460 2140/829/2460
f 2141/830/2461 2140/829/2461 2144/833/2461
f 2144/833/2461 2145/834/2461 2141/830/2461
f 2146/835/2462 2147/838/2462 2148/837/2462
f 2148/837/2462 2149/836/2462 2146/835/2462
f 2150/839/2463 2146/835/2463 2149/836/2463
f 2149/836/2463 2151/840/2463 2150/839/2463
f 2152/842/2464 2153/841/2464 2150/839/2464
f 2150/839/2464 2151/840/2464 2152/842/2464
f 2154/843/2465 2153/841/2465 2152/842/2465
f 2152/842/2465 2155/844/2465 2154/843/2465
f 2156/845/2466 2154/843/2466 2155/844/2466
f 2155/844/2466 2157/846/2466 2156/845/2466
f 2156/845/2467 2157/846/2467 2158/848/2467
f 2158/848/2467 2159/847/2467 2156/845/2467
f 2160/849/2468 2159/847/2468 2158/848/2468
f 2158/848/2468 2161/850/2468 2160/849/2468
f 2162/852/2469 2149/836/2469 2148/837/2469
f 2148/837/2469 2163/851/2469 2162/852/2469
f 2151/840/2470 2149/836/2470 2162/852/2470
f 2162/852/2470 2164/853/2470 2151/840/2470
f 2152/842/2471 2151/840/2471 2164/853/2471
f 2164/853/2471 2165/854/2471 2152/842/2471
f 2166/855/2472 2155/844/2472 2152/842/2472
f 2152/842/2472 2165/854/2472 2166/855/2472
f 2157/846/2473 2155/844/2473 2166/855/2473
f 2166/855/2473 2167/856/2473 2157/846/2473
f 2158/848/2474 2157/846/2474 2167/856/2474
f 2167/856/2474 2168/857/2474 2158/848/2474
f 2158/848/2475 2168/857/2475 2169/858/2475
f 2169/858/2475 2161/850/2475 2158/848/2475
f 2162/852/2476 2163/851/2476 2170/860/2476
f 2170/860/2476 2171/859/2476 2162/852/2476
f 2172/861/2477 2164/853/2477 2162/852/2477
f 2162/852/2477 2171/859/2477 2172/861/2477
f 2165/854/2478 2164/853/2478 2172/861/2478
f 2172/861/2478 2173/862/2478 2165/854/2478
f 2166/855/2479 2165/854/2479 2173/862/2479
f 2173/862/2479 2174/863/2479 2166/855/2479
f 2175/864/2480 2167/856/2480 2166/855/2480
f 2166/855/2480 2174/863/2480 2175/864/2480
f 2168/857/2481 2167/856/2481 2175/864/2481
f 2175/864/2481 2176/865/2481 2168/857/2481
f 2169/858/2482 2168/857/2482 2176/865/2482
f 2176/865/2482 2177/866/2482 2169/858/2482
f 2171/859/2483 2170/860/2483 2178/868/2483
f 2178/868/2483 2179/867/2483 2171/859/2483
f 2172/861/2484 2171/859/2484 2179/867/2484
f 2179/867/2484 2180/869/2484 2172/861/2484
f 2172/861/2485 2180/869/2485 2181/870/2485
f 2181/870/2485 2173/862/2485 2172/861/2485
f 2174/863/2486 2173/862/2486 2181/870/2486
f 2181/870/2486 2182/871/2486 2174/863/2486
f 2175/864/2487 2174/863/2487 2182/871/2487
f 2182/871/2487 2183/872/2487 2175/864/2487
f 2175/864/2488 2183/872/2488 2184/873/2488
f 2184/873/2489 2176/865/2488 2175/864/2488
f 2177/866/2490 2176/865/2490 2184/873/2490
f 2184/873/2490 2185/874/2490 2177/866/2490
f 2178/868/2491 2186/876/2491 2187/875/2491
f 2187/875/2491 2179/867/2491 2178/868/2491
f 2180/869/2492 2179/867/2492 2187/875/2492
f 2187/875/2492 2188/877/2492 2180/869/2492
f 2181/870/2493 2180/869/2493 2188/877/2493
f 2188/877/2493 2189/878/2493 2181/870/2493
f 2181/870/2494 2189/878/2494 2190/879/2494
f 2190/879/2494 2182/871/2494 2181/870/2494
f 2183/872/2495 2182/871/2495 2190/879/2495
f 2190/879/2495 2191/880/2495 2183/872/2495
f 2184/873/2496 2183/872/2496 2191/880/2496
f 2191/880/2497 2192/881/2497 2184/873/2497
f 2193/882/2498 2185/874/2498 2184/873/2498
f 2184/873/2498 2192/881/2498 2193/882/2498
f 2187/875/2499 2186/876/2499 2194/884/2499
f 2194/884/2499 2195/883/2499 2187/875/2499
f 2196/885/2500 2188/877/2500 2187/875/2500
f 2187/875/2500 2195/883/2500 2196/885/2500
f 2189/878/2501 2188/877/2501 2196/885/2501
f 2196/885/2501 2197/886/2501 2189/878/2501
f 2190/879/2502 2189/878/2502 2197/886/2502
f 2197/886/2502 2198/887/2502 2190/879/2502
f 2199/888/2503 2191/880/2503 2190/879/2503
f 2190/879/2503 2198/887/2503 2199/888/2503
f 2192/881/2504 2191/880/2504 2199/888/2504
f 2199/888/2504 2200/889/2504 2192/881/2504
f 2193/882/2505 2192/881/2505 2200/889/2505
f 2200/889/2505 2201/890/2505 2193/882/2505
f 2036/726/2506 2105/794/2506 2106/795/2506
f 2106/795/2506 2037/725/2506 2036/726/2506
f 2045/734/2507 2107/796/2507 2105/794/2507
f 2105/794/2507 2036/726/2507 2045/734/2507
f 2108/797/2508 2107/796/2508 2045/734/2508
f 2045/734/2508 2053/742/2508 2108/797/2508
f 2061/750/2509 2109/798/2509 2108/797/2509
f 2108/797/2510 2053/742/2509 2061/750/2509
f 2194/884/2511 2125/813/2511 2124/814/2511
f 2124/814/2511 2195/883/2511 2194/884/2511
f 2133/822/2512 2196/885/2512 2195/883/2512
f 2195/883/2512 2124/814/2512 2133/822/2512
f 2197/886/2513 2196/885/2513 2133/822/2513
f 2133/822/2513 2141/830/2513 2197/886/2513
f 2145/834/2514 2198/887/2514 2197/886/2514
f 2197/886/2514 2141/830/2514 2145/834/2514
f 2198/887/2515 2145/834/2515 2202/891/2515
f 2202/891/2515 2199/888/2515 2198/887/2515
f 2161/850/2516 2070/759/2516 2071/760/2516
f 2071/760/2516 2160/849/2516 2161/850/2516
f 2169/858/2517 2072/761/2517 2070/759/2517
f 2070/759/2517 2161/850/2517 2169/858/2517
f 2177/866/2518 2073/762/2518 2072/761/2518
f 2072/761/2518 2169/858/2518 2177/866/2518
f 2185/874/2519 2074/763/2519 2073/762/2519
f 2073/762/2519 2177/866/2519 2185/874/2519
f 2193/882/2520 2075/764/2520 2074/763/2520
f 2074/763/2520 2185/874/2520 2193/882/2520
f 2201/890/2521 2076/765/2521 2075/764/2521
f 2075/764/2521 2193/882/2521 2201/890/2521
f 2203/894/2522 2204/893/2522 2205/892/2522
f 2205/892/2522 2024/712/2522 2203/894/2522
f 2023/713/2523 2206/895/2523 2203/894/2523
f 2203/894/2523 2024/712/2523 2023/713/2523
f 2027/715/2524 2207/896/2524 2206/895/2524
f 2206/895/2524 2023/713/2524 2027/715/2524
f 2027/715/2525 2029/717/2525 2208/897/2525
f 2208/897/2525 2207/896/2525 2027/715/2525
f 2031/719/2526 2209/898/2526 2208/897/2526
f 2208/897/2526 2029/717/2526 2031/719/2526
f 2033/721/2527 2210/899/2527 2209/898/2527
f 2209/898/2527 2031/719/2527 2033/721/2527
f 2033/721/2528 2035/724/2528 2211/900/2528
f 2211/900/2528 2210/899/2528 2033/721/2528
f 2037/725/2529 2212/901/2529 2211/900/2529
f 2211/900/2529 2035/724/2529 2037/725/2529
f 2205/892/2530 2213/902/2530 2025/711/2530
f 2025/711/2530 2024/712/2530 2205/892/2530
f 2025/711/2531 2213/902/2531 2214/903/2531
f 2214/903/2531 2039/728/2531 2025/711/2531
f 2214/903/2532 2215/904/2532 2046/735/2532
f 2046/735/2532 2039/728/2532 2214/903/2532
f 2055/744/2533 2046/735/2533 2215/904/2533
f 2215/904/2533 2216/905/2533 2055/744/2533
f 2217/906/2534 2063/752/2534 2055/744/2534
f 2055/744/2534 2216/905/2534 2217/906/2534
f 2218/907/2535 2071/760/2535 2063/752/2535
f 2063/752/2536 2217/906/2536 2218/907/2536
f 2219/908/2537 2160/849/2537 2071/760/2537
f 2071/760/2538 2218/907/2538 2219/908/2538
f 1750/406/2539 1752/407/2539 2220/909/2539
f 2220/909/2539 2079/766/2539 1750/406/2539
f 2078/767/2540 1749/405/2540 1750/406/2540
f 1750/406/2540 2079/766/2540 2078/767/2540
f 2082/770/2541 1747/404/2541 1749/405/2541
f 1749/405/2541 2078/767/2541 2082/770/2541
f 2084/772/2542 1748/403/2542 1747/404/2542
f 1747/404/2542 2082/770/2542 2084/772/2542
f 2079/766/2543 2220/909/2543 2221/910/2543
f 2221/910/2544 2080/769/2544 2079/766/2544
f 2221/910/2545 2222/911/2545 2086/775/2545
f 2086/775/2545 2080/769/2545 2221/910/2545
f 2222/911/2546 2223/912/2546 2090/779/2546
f 2090/779/2546 2086/775/2546 2222/911/2546
f 2224/913/2547 2096/785/2547 2090/779/2547
f 2090/779/2548 2223/912/2548 2224/913/2548
f 2096/785/2549 2224/913/2549 2225/914/2549
f 2225/914/2549 2101/790/2549 2096/785/2549
f 2225/914/2550 2226/915/2550 2106/795/2550
f 2106/795/2550 2101/790/2550 2225/914/2550
f 2212/901/2551 2037/725/2551 2106/795/2551
f 2106/795/2551 2226/915/2551 2212/901/2551
f 2110/800/2552 2021/916/2552 1651/303/2552
f 1651/303/2552 1653/304/2552 2110/800/2552
f 2113/801/2553 2020/917/2553 2021/916/2553
f 2021/916/2553 2110/800/2553 2113/801/2553
f 2115/803/2554 2019/918/2554 2020/917/2554
f 2020/917/2554 2113/801/2554 2115/803/2554
f 2117/805/2555 2018/919/2555 2019/918/2555
f 2019/918/2555 2115/803/2555 2117/805/2555
f 2119/807/2556 2017/920/2556 2018/919/2556
f 2018/919/2556 2117/805/2556 2119/807/2556
f 2121/809/2557 2016/921/2557 2017/920/2557
f 2017/920/2557 2119/807/2557 2121/809/2557
f 2123/811/2558 2015/922/2558 2016/921/2558
f 2016/921/2558 2121/809/2558 2123/811/2558
f 2125/813/2559 2014/923/2559 2015/922/2559
f 2015/922/2559 2123/811/2559 2125/813/2559
f 2111/799/2560 2110/800/2560 1653/304/2560
f 1653/304/2560 1654/305/2560 2111/799/2560
f 2127/816/2561 2111/799/2561 1654/305/2561
f 1654/305/2561 1655/306/2561 2127/816/2561
f 2127/816/2562 1655/306/2562 1656/307/2562
f 1656/307/2562 2134/824/2562 2127/816/2562
f 2007/665/2563 2006/925/2563 2147/838/2563
f 2147/838/2563 2227/924/2563 2007/665/2563
f 2146/835/2564 2228/926/2564 2227/924/2564
f 2227/924/2565 2147/838/2565 2146/835/2565
f 2229/927/2566 2228/926/2566 2146/835/2566
f 2146/835/2566 2150/839/2566 2229/927/2566
f 2153/841/2567 2230/928/2567 2229/927/2567
f 2229/927/2567 2150/839/2567 2153/841/2567
f 2230/928/2568 2153/841/2568 2154/843/2568
f 2154/843/2568 2231/929/2568 2230/928/2568
f 2232/930/2569 2231/929/2569 2154/843/2569
f 2154/843/2569 2156/845/2569 2232/930/2569
f 2159/847/2570 2233/931/2570 2232/930/2570
f 2232/930/2570 2156/845/2570 2159/847/2570
f 2233/931/2571 2159/847/2571 2160/849/2571
f 2160/849/2571 2219/908/2571 2233/931/2571
f 2148/837/2572 2147/838/2572 2006/925/2572
f 2006/925/2572 2008/932/2572 2148/837/2572
f 2163/851/2573 2148/837/2573 2008/932/2573
f 2008/932/2573 2009/933/2573 2163/851/2573
f 2010/934/2574 2170/860/2574 2163/851/2574
f 2163/851/2574 2009/933/2574 2010/934/2574
f 2010/934/2575 2011/935/2575 2178/868/2575
f 2178/868/2575 2170/860/2575 2010/934/2575
f 2011/935/2576 2012/936/2576 2186/876/2576
f 2186/876/2576 2178/868/2576 2011/935/2576
f 2186/876/2577 2012/936/2577 2013/937/2577
f 2013/937/2577 2194/884/2577 2186/876/2577
f 2194/884/2578 2013/937/2578 2014/923/2578
f 2014/923/2578 2125/813/2578 2194/884/2578
f 2234/941/2579 2235/940/2579 2236/939/2579
f 2236/939/2579 2237/938/2579 2234/941/2579
f 2235/940/2580 2234/941/2580 2238/943/2580
f 2238/943/2580 2239/942/2580 2235/940/2580
f 2239/942/2581 2238/943/2581 2240/945/2581
f 2240/945/2581 2241/944/2581 2239/942/2581
f 2242/947/2582 2243/946/2582 2241/944/2582
f 2241/944/2582 2240/945/2582 2242/947/2582
f 2243/946/2583 2242/947/2583 2244/949/2583
f 2244/949/2583 2245/948/2583 2243/946/2583
f 2245/948/2584 2244/949/2584 2246/951/2584
f 2246/951/2585 2247/950/2585 2245/948/2585
f 2248/953/2586 2249/952/2586 2247/950/2586
f 2247/950/2586 2246/951/2586 2248/953/2586
f 2249/952/2587 2248/953/2587 2250/955/2587
f 2250/955/2588 2251/954/2588 2249/952/2588
f 2251/954/2589 2250/955/2589 2252/956/2589
f 2252/956/2590 2253/957/2590 2251/954/2590
f 2254/958/2591 2255/959/2591 2253/957/2591
f 2253/957/2592 2252/956/2592 2254/958/2592
f 2255/959/2593 2254/958/2593 2256/960/2593
f 2256/960/2593 2257/961/2593 2255/959/2593
f 2257/961/2594 2256/960/2594 2258/962/2594
f 2258/962/2594 2259/963/2594 2257/961/2594
f 2260/964/2595 2261/965/2595 2259/963/2595
f 2259/963/2595 2258/962/2595 2260/964/2595
f 2261/965/2596 2260/964/2596 2262/967/2596
f 2262/967/2596 2263/966/2596 2261/965/2596
f 2264/969/2597 2234/941/2597 2237/938/2597
f 2237/938/2597 2265/968/2597 2264/969/2597
f 2234/941/2598 2264/969/2598 2266/970/2598
f 2266/970/2598 2238/943/2598 2234/941/2598
f 2267/971/2599 2240/945/2599 2238/943/2599
f 2238/943/2599 2266/970/2599 2267/971/2599
f 2268/972/2600 2242/947/2600 2240/945/2600
f 2240/945/2600 2267/971/2600 2268/972/2600
f 2269/973/2601 2244/949/2601 2242/947/2601
f 2242/947/2601 2268/972/2601 2269/973/2601
f 2270/974/2602 2246/951/2602 2244/949/2602
f 2244/949/2602 2269/973/2602 2270/974/2602
f 2271/975/2603 2248/953/2603 2246/951/2603
f 2246/951/2604 2270/974/2604 2271/975/2604
f 2272/976/2605 2250/955/2605 2248/953/2605
f 2248/953/2606 2271/975/2606 2272/976/2606
f 2273/977/2607 2252/956/2607 2250/955/2607
f 2250/955/2608 2272/976/2608 2273/977/2608
f 2274/978/2609 2254/958/2609 2252/956/2609
f 2252/956/2609 2273/977/2609 2274/978/2609
f 2275/979/2610 2256/960/2610 2254/958/2610
f 2254/958/2610 2274/978/2610 2275/979/2610
f 2276/980/2611 2258/962/2611 2256/960/2611
f 2256/960/2611 2275/979/2611 2276/980/2611
f 2277/981/2612 2260/964/2612 2258/962/2612
f 2258/962/2612 2276/980/2612 2277/981/2612
f 2278/982/2613 2262/967/2613 2260/964/2614
f 2260/964/2613 2277/981/2613 2278/982/2613
f 2279/984/2615 2264/969/2615 2265/968/2615
f 2265/968/2615 2280/983/2615 2279/984/2615
f 2264/969/2616 2279/984/2616 2281/985/2616
f 2281/985/2616 2266/970/2616 2264/969/2616
f 2266/970/2617 2281/985/2617 2282/986/2617
f 2282/986/2617 2267/971/2617 2266/970/2617
f 2283/987/2618 2268/972/2618 2267/971/2618
f 2267/971/2619 2282/986/2619 2283/987/2619
f 2268/972/2620 2283/987/2620 2284/988/2620
f 2284/988/2620 2269/973/2620 2268/972/2620
f 2269/973/2621 2284/988/2621 2285/989/2621
f 2285/989/2622 2270/974/2622 2269/973/2622
f 2286/990/2623 2271/975/2623 2270/974/2623
f 2270/974/2623 2285/989/2623 2286/990/2623
f 2271/975/2624 2286/990/2624 2287/991/2624
f 2287/991/2625 2272/976/2625 2271/975/2625
f 2272/976/2626 2287/991/2626 2288/992/2626
f 2288/992/2626 2273/977/2626 2272/976/2626
f 2289/993/2627 2274/978/2627 2273/977/2627
f 2273/977/2627 2288/992/2627 2289/993/2627
f 2274/978/2628 2289/993/2628 2290/994/2628
f 2290/994/2628 2275/979/2628 2274/978/2628
f 2275/979/2629 2290/994/2629 2291/995/2629
f 2291/995/2629 2276/980/2629 2275/979/2629
f 2276/980/2630 2291/995/2630 2292/996/2630
f 2292/996/2630 2277/981/2630 2276/980/2630
f 2277/981/2631 2292/996/2631 2293/997/2631
f 2293/997/2631 2278/982/2631 2277/981/2631
f 2294/999/2632 2279/984/2632 2280/983/2632
f 2280/983/2632 2295/998/2632 2294/999/2632
f 2296/1000/2633 2281/985/2633 2279/984/2633
f 2279/984/2633 2294/999/2633 2296/1000/2633
f 2281/985/2634 2296/1000/2634 2297/1001/2634
f 2297/1001/2634 2282/986/2634 2281/985/2634
f 2298/1002/2635 2283/987/2636 2282/986/2636
f 2282/986/2636 2297/1001/2636 2298/1002/2636
f 2283/987/2637 2298/1002/2637 2299/1003/2637
f 2299/1003/2637 2284/988/2637 2283/987/2637
f 2284/988/2638 2299/1003/2638 2300/1004/2638
f 2300/1004/2638 2285/989/2638 2284/988/2638
f 2301/1005/2639 2286/990/2639 2285/989/2639
f 2285/989/2640 2300/1004/2640 2301/1005/2640
f 2302/1006/2641 2287/991/2641 2286/990/2641
f 2286/990/2641 2301/1005/2641 2302/1006/2641
f 2287/991/2642 2302/1006/2642 2303/1007/2642
f 2303/1007/2643 2288/992/2643 2287/991/2643
f 2304/1008/2644 2289/993/2644 2288/992/2644
f 2288/992/2644 2303/1007/2644 2304/1008/2644
f 2305/1009/2645 2290/994/2645 2289/993/2645
f 2289/993/2645 2304/1008/2645 2305/1009/2645
f 2290/994/2646 2305/1009/2646 2306/1010/2646
f 2306/1010/2646 2291/995/2646 2290/994/2646
f 2307/1011/2647 2292/996/2647 2291/995/2647
f 2291/995/2647 2306/1010/2647 2307/1011/2647
f 2308/1012/2648 2293/997/2648 2292/996/2648
f 2292/996/2648 2307/1011/2648 2308/1012/2648
f 2309/1014/2649 2294/999/2649 2295/998/2649
f 2295/998/2649 2310/1013/2649 2309/1014/2649
f 2294/999/2650 2309/1014/2650 2311/1015/2650
f 2311/1015/2650 2296/1000/2650 2294/999/2650
f 2296/1000/2651 2311/1015/2651 2312/1016/2651
f 2312/1016/2651 2297/1001/2651 2296/1000/2651
f 2313/1017/2652 2298/1002/2653 2297/1001/2653
f 2297/1001/2653 2312/1016/2653 2313/1017/2653
f 2298/1002/2654 2313/1017/2654 2314/1018/2654
f 2314/1018/2655 2299/1003/2654 2298/1002/2654
f 2299/1003/2656 2314/1018/2656 2315/1019/2656
f 2315/1019/2656 2300/1004/2656 2299/1003/2656
f 2316/1020/2657 2301/1005/2657 2300/1004/2657
f 2300/1004/2657 2315/1019/2657 2316/1020/2657
f 2301/1005/2658 2316/1020/2658 2317/1021/2658
f 2317/1021/2659 2302/1006/2659 2301/1005/2659
f 2302/1006/2660 2317/1021/2660 2318/1022/2660
f 2318/1022/2661 2303/1007/2661 2302/1006/2661
f 2319/1023/2662 2304/1008/2662 2303/1007/2662
f 2303/1007/2662 2318/1022/2662 2319/1023/2662
f 2304/1008/2663 2319/1023/2663 2320/1024/2663
f 2320/1024/2663 2305/1009/2663 2304/1008/2663
f 2305/1009/2664 2320/1024/2664 2321/1025/2664
f 2321/1025/2664 2306/1010/2664 2305/1009/2664
f 2322/1026/2665 2307/1011/2665 2306/1010/2665
f 2306/1010/2665 2321/1025/2665 2322/1026/2665
f 2323/1027/2666 2308/1012/2666 2307/1011/2666
f 2307/1011/2667 2322/1026/2667 2323/1027/2667
f 2324/1029/2668 2309/1014/2668 2310/1013/2668
f 2310/1013/2668 2325/1028/2668 2324/1029/2668
f 2309/1014/2669 2324/1029/2669 2326/1030/2669
f 2326/1030/2670 2311/1015/2670 2309/1014/2670
f 2311/1015/2671 2326/1030/2671 2327/1031/2671
f 2327/1031/2671 2312/1016/2671 2311/1015/2671
f 2328/1032/2672 2313/1017/2672 2312/1016/2672
f 2312/1016/2672 2327/1031/2672 2328/1032/2672
f 2313/1017/2673 2328/1032/2673 2329/1033/2673
f 2329/1033/2674 2314/1018/2674 2313/1017/2674
f 2314/1018/2675 2329/1033/2675 2330/1034/2675
f 2330/1034/2676 2315/1019/2676 2314/1018/2676
f 2331/1035/2677 2316/1020/2677 2315/1019/2677
f 2315/1019/2677 2330/1034/2677 2331/1035/2677
f 2316/1020/2678 2331/1035/2678 2332/1036/2678
f 2332/1036/2679 2317/1021/2679 2316/1020/2679
f 2317/1021/2680 2332/1036/2680 2333/1037/2680
f 2333/1037/2681 2318/1022/2681 2317/1021/2681
f 2334/1038/2682 2319/1023/2682 2318/1022/2682
f 2318/1022/2682 2333/1037/2682 2334/1038/2682
f 2319/1023/2683 2334/1038/2683 2335/1039/2683
f 2335/1039/2684 2320/1024/2684 2319/1023/2684
f 2320/1024/2685 2335/1039/2685 2336/1040/2685
f 2336/1040/2685 2321/1025/2685 2320/1024/2685
f 2337/1041/2686 2322/1026/2686 2321/1025/2686
f 2321/1025/2686 2336/1040/2686 2337/1041/2686
f 2338/1042/2687 2323/1027/2687 2322/1026/2687
f 2322/1026/2688 2337/1041/2688 2338/1042/2688
f 2325/1028/2689 2339/1043/2689 2340/1044/2689
f 2340/1044/2690 2324/1029/2690 2325/1028/2690
f 2324/1029/2691 2340/1044/2691 2341/1045/2691
f 2341/1045/2691 2326/1030/2691 2324/1029/2691
f 2326/1030/2692 2341/1045/2692 2342/1046/2692
f 2342/1046/2693 2327/1031/2693 2326/1030/2693
f 2343/1047/2694 2328/1032/2694 2327/1031/2694
f 2327/1031/2694 2342/1046/2694 2343/1047/2694
f 2328/1032/2695 2343/1047/2695 2344/1048/2695
f 2344/1048/2695 2329/1033/2695 2328/1032/2695
f 2329/1033/2696 2344/1048/2696 2345/1049/2696
f 2345/1049/2697 2330/1034/2697 2329/1033/2697
f 2346/1050/2698 2331/1035/2698 2330/1034/2698
f 2330/1034/2698 2345/1049/2698 2346/1050/2698
f 2347/1051/2699 2332/1036/2699 2331/1035/2699
f 2331/1035/2700 2346/1050/2700 2347/1051/2700
f 2332/1036/2701 2347/1051/2701 2348/1052/2701
f 2348/1052/2702 2333/1037/2702 2332/1036/2702
f 2349/1053/2703 2334/1038/2703 2333/1037/2703
f 2333/1037/2704 2348/1052/2704 2349/1053/2704
f 2334/1038/2705 2349/1053/2705 2350/1054/2705
f 2350/1054/2705 2335/1039/2705 2334/1038/2705
f 2335/1039/2706 2350/1054/2706 2351/1055/2706
f 2351/1055/2707 2336/1040/2707 2335/1039/2707
f 2352/1056/2708 2337/1041/2708 2336/1040/2708
f 2336/1040/2708 2351/1055/2708 2352/1056/2708
f 2337/1041/2709 2352/1056/2709 2353/1057/2709
f 2353/1057/2709 2338/1042/2709 2337/1041/2709
f 2354/1059/2710 2340/1044/2710 2339/1043/2710
f 2339/1043/2711 2355/1058/2711 2354/1059/2711
f 2356/1060/2712 2341/1045/2712 2340/1044/2712
f 2340/1044/2713 2354/1059/2713 2356/1060/2713
f 2341/1045/2714 2356/1060/2714 2357/1061/2714
f 2357/1061/2715 2342/1046/2715 2341/1045/2715
f 2358/1062/2716 2343/1047/2716 2342/1046/2716
f 2342/1046/2716 2357/1061/2716 2358/1062/2716
f 2343/1047/2717 2358/1062/2717 2359/1063/2717
f 2359/1063/2717 2344/1048/2717 2343/1047/2717
f 2344/1048/2718 2359/1063/2718 2360/1064/2718
f 2360/1064/2719 2345/1049/2719 2344/1048/2719
f 2361/1065/2720 2346/1050/2720 2345/1049/2720
f 2345/1049/2720 2360/1064/2720 2361/1065/2720
f 2362/1066/2721 2347/1051/2721 2346/1050/2721
f 2346/1050/2722 2361/1065/2722 2362/1066/2722
f 2363/1067/2723 2348/1052/2723 2347/1051/2723
f 2347/1051/2723 2362/1066/2723 2363/1067/2723
f 2364/1068/2724 2349/1053/2724 2348/1052/2724
f 2348/1052/2725 2363/1067/2725 2364/1068/2725
f 2350/1054/2726 2349/1053/2726 2364/1068/2726
f 2364/1068/2726 2365/1069/2726 2350/1054/2726
f 2366/1070/2727 2351/1055/2727 2350/1054/2727
f 2350/1054/2727 2365/1069/2727 2366/1070/2727
f 2367/1071/2728 2352/1056/2728 2351/1055/2728
f 2351/1055/2728 2366/1070/2728 2367/1071/2728
f 2368/1072/2729 2353/1057/2729 2352/1056/2729
f 2352/1056/2729 2367/1071/2729 2368/1072/2729
f 2369/1074/2730 2354/1059/2730 2355/1058/2730
f 2355/1058/2731 2370/1073/2731 2369/1074/2731
f 2354/1059/2732 2369/1074/2732 2371/1075/2732
f 2371/1075/2732 2356/1060/2732 2354/1059/2732
f 2372/1076/2733 2357/1061/2733 2356/1060/2733
f 2356/1060/2733 2371/1075/2733 2372/1076/2733
f 2373/1077/2734 2358/1062/2734 2357/1061/2734
f 2357/1061/2734 2372/1076/2734 2373/1077/2734
f 2358/1062/2735 2373/1077/2735 2374/1078/2735
f 2374/1078/2735 2359/1063/2735 2358/1062/2735
f 2375/1079/2736 2360/1064/2736 2359/1063/2736
f 2359/1063/2737 2374/1078/2737 2375/1079/2737
f 2376/1080/2738 2361/1065/2738 2360/1064/2738
f 2360/1064/2739 2375/1079/2739 2376/1080/2739
f 2361/1065/2740 2376/1080/2740 2377/1081/2740
f 2377/1081/2741 2362/1066/2741 2361/1065/2741
f 2363/1067/2742 2362/1066/2742 2377/1081/2742
f 2377/1081/2742 2378/1082/2742 2363/1067/2742
f 2364/1068/2743 2363/1067/2743 2378/1082/2743
f 2378/1082/2743 2379/1083/2743 2364/1068/2743
f 2365/1069/2744 2364/1068/2744 2379/1083/2744
f 2379/1083/2744 2380/1084/2744 2365/1069/2744
f 2381/1085/2745 2366/1070/2745 2365/1069/2745
f 2365/1069/2745 2380/1084/2745 2381/1085/2745
f 2382/1086/2746 2367/1071/2746 2366/1070/2746
f 2366/1070/2746 2381/1085/2746 2382/1086/2746
f 2367/1071/2747 2382/1086/2747 2383/1087/2747
f 2383/1087/2747 2368/1072/2747 2367/1071/2747
f 2369/1074/2748 2370/1073/2748 2384/1088/2748
f 2384/1088/2748 2385/1089/2748 2369/1074/2748
f 2369/1074/2749 2385/1089/2749 2386/1090/2749
f 2386/1090/2749 2371/1075/2749 2369/1074/2749
f 2372/1076/2750 2371/1075/2750 2386/1090/2750
f 2386/1090/2750 2387/1091/2750 2372/1076/2750
f 2373/1077/2751 2372/1076/2751 2387/1091/2751
f 2387/1091/2751 2388/1092/2751 2373/1077/2751
f 2373/1077/2752 2388/1092/2752 2389/1093/2752
f 2389/1093/2753 2374/1078/2753 2373/1077/2753
f 2375/1079/2754 2374/1078/2754 2389/1093/2754
f 2389/1093/2754 2390/1094/2754 2375/1079/2754
f 2376/1080/2755 2375/1079/2755 2390/1094/2755
f 2390/1094/2756 2391/1095/2756 2376/1080/2756
f 2376/1080/2757 2391/1095/2757 2392/1096/2757
f 2392/1096/2757 2377/1081/2757 2376/1080/2757
f 2378/1082/2758 2377/1081/2758 2392/1096/2758
f 2392/1096/2758 2393/1097/2758 2378/1082/2758
f 2379/1083/2759 2378/1082/2759 2393/1097/2759
f 2393/1097/2759 2394/1098/2759 2379/1083/2759
f 2379/1083/2760 2394/1098/2760 2395/1099/2760
f 2395/1099/2760 2380/1084/2760 2379/1083/2760
f 2381/1085/2761 2380/1084/2761 2395/1099/2761
f 2395/1099/2761 2396/1100/2761 2381/1085/2761
f 2382/1086/2762 2381/1085/2762 2396/1100/2762
f 2396/1100/2762 2397/1101/2762 2382/1086/2762
f 2382/1086/2763 2397/1101/2763 2398/1102/2763
f 2398/1102/2763 2383/1087/2763 2382/1086/2763
f 2385/1089/2764 2384/1088/2764 2399/1103/2764
f 2399/1103/2764 2400/1104/2764 2385/1089/2764
f 2385/1089/2765 2400/1104/2765 2401/1105/2765
f 2401/1105/2765 2386/1090/2765 2385/1089/2765
f 2387/1091/2766 2386/1090/2766 2401/1105/2766
f 2401/1105/2766 2402/1106/2766 2387/1091/2766
f 2388/1092/2767 2387/1091/2767 2402/1106/2767
f 2402/1106/2767 2403/1107/2767 2388/1092/2767
f 2388/1092/2768 2403/1107/2768 2404/1108/2768
f 2404/1108/2769 2389/1093/2769 2388/1092/2769
f 2390/1094/2770 2389/1093/2770 2404/1108/2770
f 2404/1108/2770 2405/1109/2770 2390/1094/2770
f 2391/1095/2771 2390/1094/2771 2405/1109/2771
f 2405/1109/2771 2406/1110/2771 2391/1095/2771
f 2391/1095/2772 2406/1110/2772 2407/1111/2772
f 2407/1111/2772 2392/1096/2772 2391/1095/2772
f 2393/1097/2773 2392/1096/2773 2407/1111/2773
f 2407/1111/2774 2408/1112/2774 2393/1097/2774
f 2394/1098/2775 2393/1097/2775 2408/1112/2775
f 2408/1112/2775 2409/1113/2775 2394/1098/2775
f 2394/1098/2776 2409/1113/2776 2410/1114/2776
f 2410/1114/2776 2395/1099/2776 2394/1098/2776
f 2396/1100/2777 2395/1099/2777 2410/1114/2777
f 2410/1114/2777 2411/1115/2777 2396/1100/2777
f 2397/1101/2778 2396/1100/2778 2411/1115/2778
f 2411/1115/2778 2412/1116/2778 2397/1101/2778
f 2397/1101/2779 2412/1116/2779 2413/1117/2779
f 2413/1117/2779 2398/1102/2779 2397/1101/2779
f 2400/1104/2780 2399/1103/2780 2414/1118/2780
f 2414/1118/2780 2415/1119/2780 2400/1104/2780
f 2400/1104/2781 2415/1119/2781 2416/1120/2781
f 2416/1120/2781 2401/1105/2781 2400/1104/2781
f 2402/1106/2782 2401/1105/2782 2416/1120/2782
f 2416/1120/2783 2417/1121/2783 2402/1106/2783
f 2403/1107/2784 2402/1106/2784 2417/1121/2784
f 2417/1121/2784 2418/1122/2784 2403/1107/2784
f 2403/1107/2785 2418/1122/2785 2419/1123/2785
f 2419/1123/2785 2404/1108/2785 2403/1107/2785
f 2405/1109/2786 2404/1108/2786 2419/1123/2786
f 2419/1123/2786 2420/1124/2786 2405/1109/2786
f 2406/1110/2787 2405/1109/2787 2420/1124/2787
f 2420/1124/2787 2421/1125/2787 2406/1110/2787
f 2406/1110/2788 2421/1125/2788 2422/1126/2788
f 2422/1126/2789 2407/1111/2789 2406/1110/2789
f 2408/1112/2790 2407/1111/2790 2422/1126/2790
f 2422/1126/2790 2423/1127/2790 2408/1112/2790
f 2409/1113/2791 2408/1112/2791 2423/1127/2791
f 2423/1127/2791 2424/1128/2791 2409/1113/2791
f 2409/1113/2792 2424/1128/2792 2425/1129/2792
f 2425/1129/2792 2410/1114/2792 2409/1113/2792
f 2411/1115/2793 2410/1114/2793 2425/1129/2793
f 2425/1129/2793 2426/1130/2793 2411/1115/2793
f 2412/1116/2794 2411/1115/2794 2426/1130/2794
f 2426/1130/2794 2427/1131/2794 2412/1116/2794
f 2412/1116/2795 2427/1131/2795 2428/1132/2795
f 2428/1132/2795 2413/1117/2795 2412/1116/2795
f 2415/1119/2796 2414/1118/2796 2429/1133/2796
f 2429/1133/2796 2430/1134/2796 2415/1119/2796
f 2415/1119/2797 2430/1134/2797 2431/1135/2797
f 2431/1135/2797 2416/1120/2797 2415/1119/2797
f 2417/1121/2798 2416/1120/2798 2431/1135/2798
f 2431/1135/2798 2432/1136/2798 2417/1121/2798
f 2418/1122/2799 2417/1121/2799 2432/1136/2799
f 2432/1136/2799 2433/1137/2799 2418/1122/2799
f 2418/1122/2800 2433/1137/2800 2434/1138/2800
f 2434/1138/2800 2419/1123/2800 2418/1122/2800
f 2420/1124/2801 2419/1123/2801 2434/1138/2801
f 2434/1138/2801 2435/1139/2801 2420/1124/2801
f 2421/1125/2802 2420/1124/2802 2435/1139/2802
f 2435/1139/2803 2436/1140/2803 2421/1125/2803
f 2421/1125/2804 2436/1140/2804 2437/1141/2804
f 2437/1141/2804 2422/1126/2804 2421/1125/2804
f 2423/1127/2805 2422/1126/2805 2437/1141/2805
f 2437/1141/2806 2438/1142/2806 2423/1127/2806
f 2424/1128/2807 2423/1127/2807 2438/1142/2807
f 2438/1142/2808 2439/1143/2808 2424/1128/2808
f 2424/1128/2809 2439/1143/2809 2440/1144/2809
f 2440/1144/2809 2425/1129/2809 2424/1128/2809
f 2426/1130/2810 2425/1129/2810 2440/1144/2810
f 2440/1144/2810 2441/1145/2810 2426/1130/2810
f 2427/1131/2811 2426/1130/2811 2441/1145/2811
f 2441/1145/2811 2442/1146/2811 2427/1131/2811
f 2427/1131/2812 2442/1146/2812 2443/1147/2812
f 2443/1147/2812 2428/1132/2812 2427/1131/2812
f 2430/1134/2813 2429/1133/2813 2444/1148/2813
f 2444/1148/2813 2445/1149/2813 2430/1134/2813
f 2430/1134/2814 2445/1149/2814 2446/1150/2814
f 2446/1150/2815 2431/1135/2815 2430/1134/2815
f 2432/1136/2816 2431/1135/2816 2446/1150/2816
f 2446/1150/2816 2447/1151/2816 2432/1136/2816
f 2433/1137/2817 2432/1136/2817 2447/1151/2817
f 2447/1151/2817 2448/1152/2817 2433/1137/2817
f 2433/1137/2818 2448/1152/2818 2449/1153/2818
f 2449/1153/2818 2434/1138/2818 2433/1137/2818
f 2435/1139/2819 2434/1138/2819 2449/1153/2819
f 2449/1153/2820 2450/1154/2820 2435/1139/2820
f 2436/1140/2821 2435/1139/2821 2450/1154/2821
f 2450/1154/2822 2451/1155/2822 2436/1140/2822
f 2436/1140/2823 2451/1155/2823 2452/1156/2823
f 2452/1156/2824 2437/1141/2824 2436/1140/2824
f 2438/1142/2825 2437/1141/2825 2452/1156/2825
f 2452/1156/2825 2453/1157/2825 2438/1142/2825
f 2439/1143/2826 2438/1142/2826 2453/1157/2826
f 2453/1157/2826 2454/1158/2826 2439/1143/2826
f 2439/1143/2827 2454/1158/2827 2455/1159/2827
f 2455/1159/2827 2440/1144/2827 2439/1143/2827
f 2441/1145/2828 2440/1144/2828 2455/1159/2828
f 2455/1159/2828 2456/1160/2828 2441/1145/2828
f 2442/1146/2829 2441/1145/2829 2456/1160/2829
f 2456/1160/2829 2457/1161/2829 2442/1146/2829
f 2458/1162/2830 2443/1147/2830 2442/1146/2830
f 2442/1146/2830 2457/1161/2830 2458/1162/2830
f 2203/1164/2831 2236/939/2831 2459/1163/2831
f 2459/1163/2831 2204/893/2831 2203/1164/2831
f 2460/1165/2832 2459/1163/2832 2236/939/2832
f 2236/939/2832 2235/940/2832 2460/1165/2832
f 2461/1166/2833 2460/1165/2833 2235/940/2833
f 2235/940/2833 2239/942/2833 2461/1166/2833
f 2461/1166/2834 2239/942/2834 2241/944/2834
f 2241/944/2835 2462/1167/2835 2461/1166/2835
f 2463/1168/2836 2462/1167/2836 2241/944/2836
f 2241/944/2836 2243/946/2836 2463/1168/2836
f 2464/1169/2837 2463/1168/2837 2243/946/2837
f 2243/946/2838 2245/948/2838 2464/1169/2838
f 2247/950/2839 2465/1170/2839 2464/1169/2839
f 2464/1169/2840 2245/948/2840 2247/950/2840
f 2465/1170/2841 2247/950/2841 2249/952/2841
f 2249/952/2842 2466/1171/2842 2465/1170/2842
f 2467/1172/2843 2466/1171/2843 2249/952/2843
f 2249/952/2843 2251/954/2843 2467/1172/2843
f 2253/957/2844 2468/1173/2844 2467/1172/2844
f 2467/1172/2845 2251/954/2845 2253/957/2845
f 2468/1173/2846 2253/957/2846 2255/959/2846
f 2255/959/2847 2469/1174/2847 2468/1173/2847
f 2257/961/2848 2470/1175/2848 2469/1174/2848
f 2469/1174/2849 2255/959/2849 2257/961/2849
f 2259/963/2850 2471/1176/2850 2470/1175/2850
f 2470/1175/2851 2257/961/2851 2259/963/2851
f 2471/1176/2852 2259/963/2852 2261/965/2852
f 2261/965/2853 2472/1177/2853 2471/1176/2853
f 2263/966/2854 2473/1178/2854 2472/1177/2854
f 2472/1177/2854 2261/965/2854 2263/966/2854
f 2473/1178/2855 2263/966/2855 1576/1179/2855
f 1576/1179/2855 1578/1180/2855 2473/1178/2855
f 1585/1181/2856 1576/1179/2856 2263/966/2856
f 2263/966/2856 2262/967/2856 1585/1181/2856
f 2278/982/2857 1586/1182/2857 1585/1181/2857
f 1585/1181/2858 2262/967/2858 2278/982/2858
f 2293/997/2859 1587/1183/2859 1586/1182/2859
f 1586/1182/2859 2278/982/2859 2293/997/2859
f 2308/1012/2860 1588/1184/2860 1587/1183/2860
f 1587/1183/2860 2293/997/2860 2308/1012/2860
f 1589/1185/2861 1588/1184/2861 2308/1012/2861
f 2308/1012/2861 2323/1027/2861 1589/1185/2861
f 1590/1186/2862 1589/1185/2862 2323/1027/2862
f 2323/1027/2862 2338/1042/2862 1590/1186/2862
f 1571/1187/2863 1590/1186/2863 2338/1042/2863
f 2338/1042/2863 2353/1057/2863 1571/1187/2863
f 2368/1072/2864 1570/1188/2864 1571/1187/2864
f 1571/1187/2864 2353/1057/2864 2368/1072/2864
f 2383/1087/2865 1569/1189/2865 1570/1188/2865
f 1570/1188/2865 2368/1072/2865 2383/1087/2865
f 1569/1189/2866 2383/1087/2866 2398/1102/2866
f 2398/1102/2866 1568/1190/2866 1569/1189/2866
f 1568/1190/2867 2398/1102/2867 2413/1117/2867
f 2413/1117/2867 1567/1191/2867 1568/1190/2867
f 1566/1192/2868 1567/1191/2868 2413/1117/2868
f 2413/1117/2868 2428/1132/2868 1566/1192/2868
f 1565/1193/2869 1566/1192/2869 2428/1132/2869
f 2428/1132/2869 2443/1147/2869 1565/1193/2869
f 2458/1162/2870 1564/1194/2870 1565/1193/2870
f 1565/1193/2870 2443/1147/2870 2458/1162/2870
f 1746/1196/2871 1562/1195/2871 1564/1194/2871
f 1564/1194/2871 2458/1162/2871 1746/1196/2871
f 2457/1161/2872 1765/1197/2872 1746/1196/2872
f 1746/1196/2872 2458/1162/2872 2457/1161/2872
f 2457/1161/2873 2456/1160/2873 1764/1198/2873
f 1764/1198/2873 1765/1197/2873 2457/1161/2873
f 2456/1160/2874 2455/1159/2874 1763/1199/2874
f 1763/1199/2874 1764/1198/2874 2456/1160/2874
f 2454/1158/2875 1762/1200/2875 1763/1199/2875
f 1763/1199/2875 2455/1159/2875 2454/1158/2875
f 2454/1158/2876 2453/1157/2876 1761/1201/2876
f 1761/1201/2877 1762/1200/2877 2454/1158/2877
f 2453/1157/2878 2452/1156/2878 1760/1202/2878
f 1760/1202/2879 1761/1201/2879 2453/1157/2879
f 2451/1155/2880 1759/1203/2880 1760/1202/2880
f 1760/1202/2881 2452/1156/2881 2451/1155/2881
f 2451/1155/2882 2450/1154/2882 1758/1204/2882
f 1758/1204/2882 1759/1203/2882 2451/1155/2882
f 2450/1154/2883 2449/1153/2883 1757/1205/2883
f 1757/1205/2883 1758/1204/2883 2450/1154/2883
f 1757/1205/2884 2449/1153/2884 2448/1152/2884
f 2448/1152/2884 1756/1206/2884 1757/1205/2884
f 2447/1151/2885 1755/1207/2885 1756/1206/2885
f 1756/1206/2885 2448/1152/2885 2447/1151/2885
f 2446/1150/2886 1754/1208/2886 1755/1207/2886
f 1755/1207/2887 2447/1151/2887 2446/1150/2887
f 1754/1208/2888 2446/1150/2888 2445/1149/2888
f 2445/1149/2888 1753/1209/2888 1754/1208/2888
f 2444/1148/2889 1751/1210/2889 1753/1209/2889
f 1753/1209/2889 2445/1149/2889 2444/1148/2889
f 2220/1211/2890 1752/1212/2890 1751/1210/2890
f 1751/1210/2890 2444/1148/2890 2220/1211/2890
f 2220/1211/2891 2444/1148/2891 2429/1133/2891
f 2429/1133/2891 2221/1213/2891 2220/1211/2891
f 2222/1214/2892 2221/1213/2892 2429/1133/2892
f 2429/1133/2892 2414/1118/2892 2222/1214/2892
f 2222/1214/2893 2414/1118/2893 2399/1103/2893
f 2399/1103/2893 2223/1215/2893 2222/1214/2893
f 2399/1103/2894 2384/1088/2894 2224/1216/2894
f 2224/1216/2894 2223/1215/2894 2399/1103/2894
f 2224/1216/2895 2384/1088/2895 2370/1073/2895
f 2370/1073/2895 2225/1217/2895 2224/1216/2895
f 2355/1058/2896 2226/1218/2896 2225/1217/2896
f 2225/1217/2896 2370/1073/2896 2355/1058/2896
f 2212/1219/2897 2226/1218/2897 2355/1058/2897
f 2355/1058/2897 2339/1043/2897 2212/1219/2897
f 2211/1220/2898 2212/1219/2898 2339/1043/2898
f 2339/1043/2898 2325/1028/2898 2211/1220/2898
f 2211/1220/2899 2325/1028/2899 2310/1013/2899
f 2310/1013/2899 2210/1221/2899 2211/1220/2899
f 2310/1013/2900 2295/998/2900 2209/1222/2901
f 2209/1222/2900 2210/1221/2900 2310/1013/2900
f 2295/998/2902 2280/983/2902 2208/1223/2902
f 2208/1223/2902 2209/1222/2902 2295/998/2902
f 2265/968/2903 2207/1224/2903 2208/1223/2903
f 2208/1223/2903 2280/983/2903 2265/968/2903
f 2206/1225/2904 2207/1224/2904 2265/968/2904
f 2265/968/2904 2237/938/2904 2206/1225/2904
f 2236/939/2905 2203/1164/2905 2206/1225/2905
f 2206/1225/2905 2237/938/2905 2236/939/2905
f 2474/1229/2906 2475/1228/2906 2476/1227/2906
f 2476/1227/2906 2477/1226/2906 2474/1229/2906
f 2475/1228/2907 2474/1229/2907 2478/1230/2907
f 2478/1230/2907 2479/1231/2907 2475/1228/2907
f 2479/1231/2908 2478/1230/2908 2480/1233/2908
f 2480/1233/2908 2481/1232/2908 2479/1231/2908
f 2482/1235/2909 2483/1234/2909 2481/1232/2909
f 2481/1232/2909 2480/1233/2909 2482/1235/2909
f 2484/1237/2910 2485/1236/2910 2483/1234/2910
f 2483/1234/2911 2482/1235/2911 2484/1237/2911
f 2485/1236/2912 2484/1237/2912 2486/1239/2912
f 2486/1239/2912 2487/1238/2912 2485/1236/2912
f 2488/1241/2913 2489/1240/2914 2487/1238/2913
f 2487/1238/2915 2486/1239/2915 2488/1241/2915
f 2489/1240/2916 2488/1241/2916 2490/1243/2916
f 2490/1243/2917 2491/1242/2917 2489/1240/2917
f 2491/1242/2918 2490/1243/2918 2492/1245/2918
f 2492/1245/2919 2493/1244/2919 2491/1242/2919
f 2494/1247/2920 2495/1246/2920 2493/1244/2920
f 2493/1244/2921 2492/1245/2921 2494/1247/2921
f 2495/1246/2922 2494/1247/2922 2496/1248/2922
f 2496/1248/2923 2497/1249/2923 2495/1246/2923
f 2497/1249/2924 2496/1248/2924 2498/1251/2924
f 2498/1251/2924 2499/1250/2924 2497/1249/2924
f 2500/1253/2925 2501/1252/2925 2499/1250/2925
f 2499/1250/2925 2498/1251/2925 2500/1253/2925
f 2502/1255/2926 2503/1254/2926 2501/1252/2926
f 2501/1252/2926 2500/1253/2926 2502/1255/2926
f 2504/1257/2927 2474/1229/2927 2477/1226/2927
f 2477/1226/2927 2505/1256/2927 2504/1257/2927
f 2474/1229/2928 2504/1257/2928 2506/1258/2928
f 2506/1258/2928 2478/1230/2928 2474/1229/2928
f 2478/1230/2929 2506/1258/2929 2507/1259/2929
f 2507/1259/2929 2480/1233/2929 2478/1230/2929
f 2508/1260/2930 2482/1235/2930 2480/1233/2930
f 2480/1233/2930 2507/1259/2930 2508/1260/2930
f 2509/1261/2931 2484/1237/2931 2482/1235/2931
f 2482/1235/2931 2508/1260/2931 2509/1261/2931
f 2484/1237/2932 2509/1261/2932 2510/1262/2932
f 2510/1262/2932 2486/1239/2932 2484/1237/2932
f 2511/1263/2933 2488/1241/2933 2486/1239/2933
f 2486/1239/2934 2510/1262/2934 2511/1263/2934
f 2512/1264/2935 2490/1243/2935 2488/1241/2935
f 2488/1241/2936 2511/1263/2936 2512/1264/2936
f 2490/1243/2937 2512/1264/2937 2513/1265/2937
f 2513/1265/2938 2492/1245/2938 2490/1243/2938
f 2514/1266/2939 2494/1247/2939 2492/1245/2939
f 2492/1245/2939 2513/1265/2939 2514/1266/2939
f 2515/1267/2940 2496/1248/2940 2494/1247/2940
f 2494/1247/2940 2514/1266/2940 2515/1267/2940
f 2496/1248/2941 2515/1267/2941 2516/1268/2941
f 2516/1268/2941 2498/1251/2941 2496/1248/2941
f 2517/1269/2942 2500/1253/2942 2498/1251/2942
f 2498/1251/2942 2516/1268/2942 2517/1269/2942
f 2518/1270/2943 2502/1255/2943 2500/1253/2943
f 2500/1253/2943 2517/1269/2943 2518/1270/2943
f 2519/1272/2944 2504/1257/2944 2505/1256/2944
f 2505/1256/2944 2520/1271/2944 2519/1272/2944
f 2504/1257/2945 2519/1272/2945 2521/1273/2945
f 2521/1273/2945 2506/1258/2945 2504/1257/2945
f 2506/1258/2946 2521/1273/2946 2522/1274/2946
f 2522/1274/2946 2507/1259/2946 2506/1258/2946
f 2523/1275/2947 2508/1260/2947 2507/1259/2947
f 2507/1259/2948 2522/1274/2948 2523/1275/2948
f 2508/1260/2949 2523/1275/2949 2524/1276/2949
f 2524/1276/2949 2509/1261/2949 2508/1260/2949
f 2509/1261/2950 2524/1276/2950 2525/1277/2950
f 2525/1277/2950 2510/1262/2950 2509/1261/2950
f 2526/1278/2951 2511/1263/2951 2510/1262/2951
f 2510/1262/2952 2525/1277/2952 2526/1278/2952
f 2511/1263/2953 2526/1278/2953 2527/1279/2953
f 2527/1279/2954 2512/1264/2954 2511/1263/2954
f 2512/1264/2955 2527/1279/2955 2528/1280/2955
f 2528/1280/2956 2513/1265/2956 2512/1264/2956
f 2529/1281/2957 2514/1266/2957 2513/1265/2957
f 2513/1265/2958 2528/1280/2958 2529/1281/2958
f 2530/1282/2959 2515/1267/2959 2514/1266/2959
f 2514/1266/2959 2529/1281/2959 2530/1282/2959
f 2515/1267/2960 2530/1282/2960 2531/1283/2960
f 2531/1283/2960 2516/1268/2960 2515/1267/2960
f 2532/1284/2961 2517/1269/2961 2516/1268/2961
f 2516/1268/2961 2531/1283/2961 2532/1284/2961
f 2533/1285/2962 2518/1270/2962 2517/1269/2962
f 2517/1269/2962 2532/1284/2962 2533/1285/2962
f 2534/1287/2963 2519/1272/2963 2520/1271/2963
f 2520/1271/2963 2535/1286/2963 2534/1287/2963
f 2519/1272/2964 2534/1287/2964 2536/1288/2964
f 2536/1288/2964 2521/1273/2964 2519/1272/2964
f 2521/1273/2965 2536/1288/2965 2537/1289/2965
f 2537/1289/2965 2522/1274/2965 2521/1273/2965
f 2538/1290/2966 2523/1275/2966 2522/1274/2966
f 2522/1274/2966 2537/1289/2966 2538/1290/2966
f 2523/1275/2967 2538/1290/2967 2539/1291/2967
f 2539/1291/2967 2524/1276/2967 2523/1275/2967
f 2524/1276/2968 2539/1291/2968 2540/1292/2968
f 2540/1292/2969 2525/1277/2969 2524/1276/2969
f 2525/1277/2970 2540/1292/2970 2541/1293/2970
f 2541/1293/2971 2526/1278/2971 2525/1277/2971
f 2526/1278/2972 2541/1293/2972 2542/1294/2972
f 2542/1294/2973 2527/1279/2973 2526/1278/2973
f 2527/1279/2974 2542/1294/2974 2543/1295/2974
f 2543/1295/2975 2528/1280/2975 2527/1279/2975
f 2544/1296/2976 2529/1281/2976 2528/1280/2976
f 2528/1280/2976 2543/1295/2976 2544/1296/2976
f 2545/1297/2977 2530/1282/2977 2529/1281/2977
f 2529/1281/2978 2544/1296/2978 2545/1297/2978
f 2530/1282/2979 2545/1297/2979 2546/1298/2979
f 2546/1298/2979 2531/1283/2979 2530/1282/2979
f 2547/1299/2980 2532/1284/2980 2531/1283/2980
f 2531/1283/2980 2546/1298/2980 2547/1299/2980
f 2548/1300/2981 2533/1285/2981 2532/1284/2981
f 2532/1284/2981 2547/1299/2981 2548/1300/2981
f 2549/1302/2982 2534/1287/2982 2535/1286/2982
f 2535/1286/2982 2550/1301/2982 2549/1302/2982
f 2534/1287/2983 2549/1302/2983 2551/1303/2983
f 2551/1303/2983 2536/1288/2983 2534/1287/2983
f 2536/1288/2984 2551/1303/2984 2552/1304/2984
f 2552/1304/2984 2537/1289/2984 2536/1288/2984
f 2553/1305/2985 2538/1290/2985 2537/1289/2985
f 2537/1289/2985 2552/1304/2985 2553/1305/2985
f 2554/1306/2986 2539/1291/2986 2538/1290/2986
f 2538/1290/2986 2553/1305/2986 2554/1306/2986
f 2539/1291/2987 2554/1306/2987 2555/1307/2987
f 2555/1307/2988 2540/1292/2988 2539/1291/2988
f 2556/1308/2989 2541/1293/2989 2540/1292/2989
f 2540/1292/2990 2555/1307/2990 2556/1308/2990
f 2541/1293/2991 2556/1308/2991 2557/1309/2991
f 2557/1309/2992 2542/1294/2992 2541/1293/2992
f 2542/1294/2993 2557/1309/2993 2558/1310/2993
f 2558/1310/2993 2543/1295/2993 2542/1294/2993
f 2559/1311/2994 2544/1296/2994 2543/1295/2994
f 2543/1295/2994 2558/1310/2994 2559/1311/2994
f 2560/1312/2995 2545/1297/2995 2544/1296/2995
f 2544/1296/2995 2559/1311/2995 2560/1312/2995
f 2545/1297/2996 2560/1312/2996 2561/1313/2996
f 2561/1313/2996 2546/1298/2996 2545/1297/2996
f 2562/1314/2997 2547/1299/2997 2546/1298/2997
f 2546/1298/2997 2561/1313/2997 2562/1314/2997
f 2563/1315/2998 2548/1300/2998 2547/1299/2998
f 2547/1299/2998 2562/1314/2998 2563/1315/2998
f 2564/1316/2999 2549/1302/2999 2550/1301/2999
f 2550/1301/2999 2565/1317/2999 2564/1316/2999
f 2549/1302/3000 2564/1316/3000 2566/1318/3000
f 2566/1318/3000 2551/1303/3000 2549/1302/3000
f 2551/1303/3001 2566/1318/3001 2567/1319/3001
f 2567/1319/3001 2552/1304/3001 2551/1303/3001
f 2568/1320/3002 2553/1305/3002 2552/1304/3002
f 2552/1304/3002 2567/1319/3002 2568/1320/3002
f 2553/1305/3003 2568/1320/3003 2569/1321/3003
f 2569/1321/3004 2554/1306/3004 2553/1305/3004
f 2570/1322/3005 2555/1307/3005 2554/1306/3005
f 2554/1306/3006 2569/1321/3006 2570/1322/3006
f 2571/1323/3007 2556/1308/3007 2555/1307/3007
f 2555/1307/3008 2570/1322/3008 2571/1323/3008
f 2572/1324/3009 2557/1309/3009 2556/1308/3009
f 2556/1308/3010 2571/1323/3010 2572/1324/3010
f 2573/1325/3011 2558/1310/3011 2557/1309/3011
f 2557/1309/3012 2572/1324/3012 2573/1325/3012
f 2574/1326/3013 2559/1311/3013 2558/1310/3013
f 2558/1310/3014 2573/1325/3014 2574/1326/3014
f 2575/1327/3015 2560/1312/3015 2559/1311/3015
f 2559/1311/3015 2574/1326/3015 2575/1327/3015
f 2576/1328/3016 2561/1313/3016 2560/1312/3016
f 2560/1312/3017 2575/1327/3017 2576/1328/3017
f 2577/1329/3018 2562/1314/3018 2561/1313/3018
f 2561/1313/3018 2576/1328/3018 2577/1329/3018
f 2578/1330/3019 2563/1315/3019 2562/1314/3019
f 2562/1314/3019 2577/1329/3019 2578/1330/3019
f 2579/1331/3020 2564/1316/3020 2565/1317/3020
f 2565/1317/3021 2580/1332/3021 2579/1331/3021
f 2581/1333/3022 2566/1318/3022 2564/1316/3022
f 2564/1316/3023 2579/1331/3024 2581/1333/3024
f 2582/1334/3025 2567/1319/3025 2566/1318/3025
f 2566/1318/3025 2581/1333/3025 2582/1334/3025
f 2583/1335/3026 2568/1320/3026 2567/1319/3026
f 2567/1319/3027 2582/1334/3027 2583/1335/3027
f 2568/1320/3028 2583/1335/3028 2584/1336/3028
f 2584/1336/3029 2569/1321/3029 2568/1320/3029
f 2569/1321/3030 2584/1336/3030 2585/1337/3030
f 2585/1337/3031 2570/1322/3031 2569/1321/3031
f 2586/1338/3032 2571/1323/3032 2570/1322/3032
f 2570/1322/3033 2585/1337/3033 2586/1338/3033
f 2587/1339/3034 2572/1324/3034 2571/1323/3034
f 2571/1323/3035 2586/1338/3035 2587/1339/3035
f 2572/1324/3036 2587/1339/3036 2588/1340/3036
f 2588/1340/3037 2573/1325/3037 2572/1324/3037
f 2589/1341/3038 2574/1326/3038 2573/1325/3038
f 2573/1325/3039 2588/1340/3039 2589/1341/3039
f 2574/1326/3040 2589/1341/3040 2590/1342/3040
f 2590/1342/3041 2575/1327/3041 2574/1326/3041
f 2575/1327/3042 2590/1342/3042 2591/1343/3042
f 2591/1343/3042 2576/1328/3042 2575/1327/3042
f 2592/1344/3043 2577/1329/3043 2576/1328/3043
f 2576/1328/3043 2591/1343/3043 2592/1344/3043
f 2593/1345/3044 2578/1330/3044 2577/1329/3044
f 2577/1329/3045 2592/1344/3045 2593/1345/3045
f 2594/1346/3046 2579/1331/3046 2580/1332/3046
f 2580/1332/3046 2595/1347/3046 2594/1346/3046
f 2579/1331/3047 2594/1346/3047 2596/1348/3047
f 2596/1348/3048 2581/1333/3048 2579/1331/3048
f 2581/1333/3049 2596/1348/3049 2597/1349/3049
f 2597/1349/3050 2582/1334/3050 2581/1333/3050
f 2598/1350/3051 2583/1335/3051 2582/1334/3051
f 2582/1334/3052 2597/1349/3052 2598/1350/3052
f 2583/1335/3053 2598/1350/3053 2599/1351/3053
f 2599/1351/3054 2584/1336/3054 2583/1335/3054
f 2584/1336/3055 2599/1351/3055 2600/1352/3055
f 2600/1352/3056 2585/1337/3056 2584/1336/3056
f 2601/1353/3057 2586/1338/3057 2585/1337/3057
f 2585/1337/3058 2600/1352/3058 2601/1353/3058
f 2602/1354/3059 2587/1339/3059 2586/1338/3059
f 2586/1338/3060 2601/1353/3060 2602/1354/3060
f 2587/1339/3061 2602/1354/3061 2603/1355/3061
f 2603/1355/3062 2588/1340/3062 2587/1339/3062
f 2604/1356/3063 2589/1341/3063 2588/1340/3063
f 2588/1340/3064 2603/1355/3064 2604/1356/3064
f 2605/1357/3065 2590/1342/3065 2589/1341/3065
f 2589/1341/3066 2604/1356/3066 2605/1357/3066
f 2590/1342/3067 2605/1357/3067 2606/1358/3067
f 2606/1358/3068 2591/1343/3068 2590/1342/3068
f 2607/1359/3069 2592/1344/3069 2591/1343/3069
f 2591/1343/3070 2606/1358/3070 2607/1359/3070
f 2592/1344/3071 2607/1359/3071 2608/1360/3071
f 2608/1360/3071 2593/1345/3071 2592/1344/3071
f 2609/1361/3072 2594/1346/3072 2595/1347/3072
f 2595/1347/3072 2610/1362/3072 2609/1361/3072
f 2611/1363/3073 2596/1348/3073 2594/1346/3073
f 2594/1346/3073 2609/1361/3073 2611/1363/3073
f 2596/1348/3074 2611/1363/3074 2612/1364/3074
f 2612/1364/3075 2597/1349/3075 2596/1348/3075
f 2613/1365/3076 2598/1350/3076 2597/1349/3076
f 2597/1349/3076 2612/1364/3076 2613/1365/3076
f 2598/1350/3077 2613/1365/3077 2614/1366/3077
f 2614/1366/3077 2599/1351/3077 2598/1350/3077
f 2599/1351/3078 2614/1366/3078 2615/1367/3078
f 2615/1367/3079 2600/1352/3079 2599/1351/3079
f 2616/1368/3080 2601/1353/3080 2600/1352/3080
f 2600/1352/3081 2615/1367/3081 2616/1368/3081
f 2601/1353/3082 2616/1368/3082 2617/1369/3082
f 2617/1369/3083 2602/1354/3083 2601/1353/3083
f 2602/1354/3084 2617/1369/3084 2618/1370/3084
f 2618/1370/3085 2603/1355/3085 2602/1354/3085
f 2619/1371/3086 2604/1356/3086 2603/1355/3086
f 2603/1355/3087 2618/1370/3087 2619/1371/3087
f 2604/1356/3088 2619/1371/3088 2620/1372/3088
f 2620/1372/3089 2605/1357/3089 2604/1356/3089
f 2605/1357/3090 2620/1372/3090 2621/1373/3090
f 2621/1373/3091 2606/1358/3091 2605/1357/3091
f 2622/1374/3092 2607/1359/3092 2606/1358/3092
f 2606/1358/3092 2621/1373/3092 2622/1374/3092
f 2607/1359/3093 2622/1374/3093 2623/1375/3093
f 2623/1375/3094 2608/1360/3094 2607/1359/3094
f 2624/1376/3095 2609/1361/3095 2610/1362/3095
f 2610/1362/3095 2625/1377/3095 2624/1376/3095
f 2626/1378/3096 2611/1363/3096 2609/1361/3096
f 2609/1361/3096 2624/1376/3096 2626/1378/3096
f 2611/1363/3097 2626/1378/3097 2627/1379/3097
f 2627/1379/3097 2612/1364/3097 2611/1363/3097
f 2628/1380/3098 2613/1365/3098 2612/1364/3098
f 2612/1364/3098 2627/1379/3098 2628/1380/3098
f 2613/1365/3099 2628/1380/3099 2629/1381/3099
f 2629/1381/3099 2614/1366/3099 2613/1365/3099
f 2614/1366/3100 2629/1381/3100 2630/1382/3100
f 2630/1382/3100 2615/1367/3100 2614/1366/3100
f 2631/1383/3101 2616/1368/3101 2615/1367/3101
f 2615/1367/3101 2630/1382/3101 2631/1383/3101
f 2632/1384/3102 2617/1369/3102 2616/1368/3102
f 2616/1368/3102 2631/1383/3102 2632/1384/3102
f 2617/1369/3103 2632/1384/3103 2633/1385/3103
f 2633/1385/3104 2618/1370/3104 2617/1369/3104
f 2634/1386/3105 2619/1371/3105 2618/1370/3105
f 2618/1370/3106 2633/1385/3106 2634/1386/3106
f 2619/1371/3107 2634/1386/3107 2635/1387/3107
f 2635/1387/3107 2620/1372/3107 2619/1371/3107
f 2620/1372/3108 2635/1387/3108 2636/1388/3108
f 2636/1388/3108 2621/1373/3108 2620/1372/3108
f 2637/1389/3109 2622/1374/3109 2621/1373/3109
f 2621/1373/3109 2636/1388/3109 2637/1389/3109
f 2622/1374/3110 2637/1389/3110 2638/1390/3110
f 2638/1390/3110 2623/1375/3110 2622/1374/3110
f 2639/1391/3111 2624/1376/3111 2625/1377/3111
f 2625/1377/3111 2640/1392/3111 2639/1391/3111
f 2641/1393/3112 2626/1378/3112 2624/1376/3112
f 2624/1376/3112 2639/1391/3112 2641/1393/3112
f 2626/1378/3113 2641/1393/3113 2642/1394/3113
f 2642/1394/3113 2627/1379/3113 2626/1378/3113
f 2643/1395/3114 2628/1380/3114 2627/1379/3114
f 2627/1379/3114 2642/1394/3114 2643/1395/3114
f 2644/1396/3115 2629/1381/3115 2628/1380/3115
f 2628/1380/3115 2643/1395/3115 2644/1396/3115
f 2629/1381/3116 2644/1396/3116 2645/1397/3116
f 2645/1397/3116 2630/1382/3116 2629/1381/3116
f 2646/1398/3117 2631/1383/3117 2630/1382/3117
f 2630/1382/3117 2645/1397/3117 2646/1398/3117
f 2647/1399/3118 2632/1384/3118 2631/1383/3118
f 2631/1383/3119 2646/1398/3119 2647/1399/3119
f 2632/1384/3120 2647/1399/3120 2648/1400/3120
f 2648/1400/3121 2633/1385/3121 2632/1384/3121
f 2649/1401/3122 2634/1386/3122 2633/1385/3122
f 2633/1385/3122 2648/1400/3122 2649/1401/3122
f 2634/1386/3123 2649/1401/3123 2650/1402/3123
f 2650/1402/3123 2635/1387/3123 2634/1386/3123
f 2635/1387/3124 2650/1402/3124 2651/1403/3124
f 2651/1403/3125 2636/1388/3125 2635/1387/3125
f 2652/1404/3126 2637/1389/3126 2636/1388/3126
f 2636/1388/3126 2651/1403/3126 2652/1404/3126
f 2637/1389/3127 2652/1404/3127 2653/1405/3127
f 2653/1405/3127 2638/1390/3127 2637/1389/3127
f 2654/1406/3128 2639/1391/3128 2640/1392/3128
f 2640/1392/3128 2655/1407/3128 2654/1406/3128
f 2656/1408/3129 2641/1393/3129 2639/1391/3129
f 2639/1391/3129 2654/1406/3129 2656/1408/3129
f 2641/1393/3130 2656/1408/3130 2657/1409/3130
f 2657/1409/3130 2642/1394/3130 2641/1393/3130
f 2658/1410/3131 2643/1395/3131 2642/1394/3131
f 2642/1394/3131 2657/1409/3131 2658/1410/3131
f 2659/1411/3132 2644/1396/3132 2643/1395/3132
f 2643/1395/3132 2658/1410/3132 2659/1411/3132
f 2660/1412/3133 2645/1397/3133 2644/1396/3133
f 2644/1396/3133 2659/1411/3133 2660/1412/3133
f 2661/1413/3134 2646/1398/3134 2645/1397/3134
f 2645/1397/3135 2660/1412/3135 2661/1413/3135
f 2646/1398/3136 2661/1413/3136 2662/1414/3136
f 2662/1414/3137 2647/1399/3137 2646/1398/3137
f 2647/1399/3138 2662/1414/3138 2663/1415/3138
f 2663/1415/3139 2648/1400/3139 2647/1399/3139
f 2664/1416/3140 2649/1401/3140 2648/1400/3140
f 2648/1400/3141 2663/1415/3141 2664/1416/3141
f 2665/1417/3142 2650/1402/3142 2649/1401/3142
f 2649/1401/3142 2664/1416/3142 2665/1417/3142
f 2666/1418/3143 2651/1403/3143 2650/1402/3143
f 2650/1402/3143 2665/1417/3143 2666/1418/3143
f 2667/1419/3144 2652/1404/3144 2651/1403/3144
f 2651/1403/3144 2666/1418/3144 2667/1419/3144
f 2653/1405/3145 2652/1404/3145 2667/1419/3145
f 2667/1419/3145 2668/1420/3145 2653/1405/3145
f 2669/1421/3146 2654/1406/3146 2655/1407/3146
f 2655/1407/3146 2670/1422/3146 2669/1421/3146
f 2671/1423/3147 2656/1408/3147 2654/1406/3147
f 2654/1406/3147 2669/1421/3147 2671/1423/3147
f 2672/1424/3148 2657/1409/3148 2656/1408/3148
f 2656/1408/3148 2671/1423/3148 2672/1424/3148
f 2673/1425/3149 2658/1410/3149 2657/1409/3149
f 2657/1409/3149 2672/1424/3149 2673/1425/3149
f 2658/1410/3150 2673/1425/3150 2674/1426/3150
f 2674/1426/3150 2659/1411/3150 2658/1410/3150
f 2675/1427/3151 2660/1412/3151 2659/1411/3151
f 2659/1411/3151 2674/1426/3151 2675/1427/3151
f 2676/1428/3152 2661/1413/3152 2660/1412/3152
f 2660/1412/3153 2675/1427/3153 2676/1428/3153
f 2661/1413/3154 2676/1428/3154 2677/1429/3154
f 2677/1429/3155 2662/1414/3155 2661/1413/3155
f 2678/1430/3156 2663/1415/3156 2662/1414/3156
f 2662/1414/3157 2677/1429/3157 2678/1430/3157
f 2679/1431/3158 2664/1416/3158 2663/1415/3158
f 2663/1415/3158 2678/1430/3158 2679/1431/3158
f 2664/1416/3159 2679/1431/3159 2680/1432/3159
f 2680/1432/3159 2665/1417/3159 2664/1416/3159
f 2666/1418/3160 2665/1417/3160 2680/1432/3160
f 2680/1432/3161 2681/1433/3161 2666/1418/3160
f 2667/1419/3162 2666/1418/3162 2681/1433/3162
f 2681/1433/3162 2682/1434/3162 2667/1419/3162
f 2668/1420/3163 2667/1419/3163 2682/1434/3163
f 2682/1434/3163 2683/1435/3163 2668/1420/3163
f 2684/1436/3164 2669/1421/3164 2670/1422/3164
f 2670/1422/3164 2685/1437/3164 2684/1436/3164
f 2669/1421/3165 2684/1436/3165 2686/1438/3165
f 2686/1438/3165 2671/1423/3165 2669/1421/3165
f 2672/1424/3166 2671/1423/3166 2686/1438/3166
f 2686/1438/3166 2687/1439/3166 2672/1424/3166
f 2673/1425/3167 2672/1424/3167 2687/1439/3167
f 2687/1439/3168 2688/1440/3168 2673/1425/3168
f 2673/1425/3169 2688/1440/3169 2689/1441/3169
f 2689/1441/3169 2674/1426/3169 2673/1425/3169
f 2675/1427/3170 2674/1426/3170 2689/1441/3170
f 2689/1441/3171 2690/1442/3171 2675/1427/3171
f 2676/1428/3172 2675/1427/3172 2690/1442/3172
f 2690/1442/3172 2691/1443/3172 2676/1428/3172
f 2676/1428/3173 2691/1443/3173 2692/1444/3173
f 2692/1444/3174 2677/1429/3174 2676/1428/3174
f 2678/1430/3175 2677/1429/3175 2692/1444/3175
f 2692/1444/3176 2693/1445/3176 2678/1430/3176
f 2679/1431/3177 2678/1430/3177 2693/1445/3177
f 2693/1445/3178 2694/1446/3178 2679/1431/3178
f 2679/1431/3179 2694/1446/3179 2695/1447/3179
f 2695/1447/3179 2680/1432/3179 2679/1431/3179
f 2681/1433/3180 2680/1432/3180 2695/1447/3180
f 2695/1447/3181 2696/1448/3181 2681/1433/3181
f 2682/1434/3182 2681/1433/3182 2696/1448/3182
f 2696/1448/3182 2697/1449/3182 2682/1434/3182
f 2682/1434/3183 2697/1449/3183 2698/1450/3183
f 2698/1450/3184 2683/1435/3184 2682/1434/3184
f 2473/1178/3185 1578/1180/3185 1577/1451/3185
f 1577/1451/3185 2476/1227/3185 2473/1178/3185
f 2475/1228/3186 2472/1177/3186 2473/1178/3186
f 2473/1178/3186 2476/1227/3186 2475/1228/3186
f 2479/1231/3187 2471/1176/3187 2472/1177/3187
f 2472/1177/3187 2475/1228/3187 2479/1231/3187
f 2481/1232/3188 2470/1175/3188 2471/1176/3188
f 2471/1176/3189 2479/1231/3189 2481/1232/3189
f 2483/1234/3190 2469/1174/3190 2470/1175/3190
f 2470/1175/3190 2481/1232/3190 2483/1234/3190
f 2485/1236/3191 2468/1173/3191 2469/1174/3191
f 2469/1174/3191 2483/1234/3191 2485/1236/3191
f 2487/1238/3192 2467/1172/3192 2468/1173/3192
f 2468/1173/3193 2485/1236/3193 2487/1238/3193
f 2489/1240/3194 2466/1171/3194 2467/1172/3194
f 2467/1172/3195 2487/1238/3195 2489/1240/3195
f 2491/1242/3196 2465/1170/3196 2466/1171/3196
f 2466/1171/3197 2489/1240/3197 2491/1242/3197
f 2493/1244/3198 2464/1169/3198 2465/1170/3198
f 2465/1170/3199 2491/1242/3199 2493/1244/3199
f 2495/1246/3200 2463/1168/3200 2464/1169/3200
f 2464/1169/3201 2493/1244/3201 2495/1246/3201
f 2497/1249/3202 2462/1167/3202 2463/1168/3202
f 2463/1168/3203 2495/1246/3203 2497/1249/3203
f 2499/1250/3204 2461/1166/3204 2462/1167/3204
f 2462/1167/3205 2497/1249/3205 2499/1250/3205
f 2501/1252/3206 2460/1165/3206 2461/1166/3206
f 2461/1166/3206 2499/1250/3206 2501/1252/3206
f 2503/1254/3207 2459/1163/3207 2460/1165/3207
f 2460/1165/3207 2501/1252/3207 2503/1254/3207
f 2205/892/3208 2204/893/3208 2459/1163/3208
f 2459/1163/3209 2503/1254/3209 2205/892/3209
f 2205/892/3210 2503/1254/3210 2502/1255/3210
f 2502/1255/3210 2213/902/3210 2205/892/3210
f 2213/902/3211 2502/1255/3211 2518/1270/3211
f 2518/1270/3211 2214/903/3211 2213/902/3211
f 2518/1270/3212 2533/1285/3212 2215/904/3212
f 2215/904/3212 2214/903/3212 2518/1270/3212
f 2548/1300/3213 2216/905/3213 2215/904/3213
f 2215/904/3213 2533/1285/3213 2548/1300/3213
f 2548/1300/3214 2563/1315/3214 2217/906/3214
f 2217/906/3214 2216/905/3214 2548/1300/3214
f 2578/1330/3215 2218/907/3215 2217/906/3215
f 2217/906/3215 2563/1315/3215 2578/1330/3215
f 2578/1330/3216 2593/1345/3216 2219/908/3216
f 2219/908/3216 2218/907/3216 2578/1330/3216
f 2608/1360/3217 2233/931/3217 2219/908/3217
f 2219/908/3218 2593/1345/3218 2608/1360/3218
f 2608/1360/3219 2623/1375/3219 2232/930/3219
f 2232/930/3219 2233/931/3219 2608/1360/3219
f 2231/929/3220 2232/930/3220 2623/1375/3220
f 2623/1375/3220 2638/1390/3220 2231/929/3220
f 2230/928/3221 2231/929/3221 2638/1390/3221
f 2638/1390/3222 2653/1405/3221 2230/928/3221
f 2229/927/3223 2230/928/3223 2653/1405/3223
f 2653/1405/3223 2668/1420/3223 2229/927/3223
f 2683/1435/3224 2228/926/3224 2229/927/3224
f 2229/927/3224 2668/1420/3224 2683/1435/3224
f 2698/1450/3225 2227/924/3225 2228/926/3225
f 2228/926/3225 2683/1435/3225 2698/1450/3225
f 2698/1450/3226 2005/663/3226 2007/665/3226
f 2007/665/3226 2227/924/3226 2698/1450/3226
f 2698/1450/3227 2697/1449/3227 2004/662/3227
f 2004/662/3227 2005/663/3227 2698/1450/3227
f 2004/662/3228 2697/1449/3228 2696/1448/3228
f 2696/1448/3228 2003/661/3228 2004/662/3228
f 2003/661/3229 2696/1448/3229 2695/1447/3229
f 2695/1447/3230 2002/660/3230 2003/661/3230
f 2695/1447/3231 2694/1446/3231 2001/659/3231
f 2001/659/3232 2002/660/3232 2695/1447/3232
f 2001/659/3233 2694/1446/3233 2693/1445/3233
f 2693/1445/3234 2000/658/3234 2001/659/3234
f 2000/658/3235 2693/1445/3235 2692/1444/3235
f 2692/1444/3236 1999/657/3236 2000/658/3236
f 2692/1444/3237 2691/1443/3237 1998/656/3237
f 1998/656/3237 1999/657/3237 2692/1444/3237
f 1998/656/3238 2691/1443/3238 2690/1442/3238
f 2690/1442/3239 1997/655/3239 1998/656/3239
f 2690/1442/3240 2689/1441/3240 1996/654/3240
f 1996/654/3240 1997/655/3240 2690/1442/3240
f 2689/1441/3241 2688/1440/3241 1995/653/3241
f 1995/653/3242 1996/654/3242 2689/1441/3242
f 1995/653/3243 2688/1440/3243 2687/1439/3243
f 2687/1439/3243 1994/652/3243 1995/653/3243
f 2687/1439/3244 2686/1438/3244 1993/651/3244
f 1993/651/3245 1994/652/3245 2687/1439/3245
f 2686/1438/3246 2684/1436/3246 1992/650/3246
f 1992/650/3246 1993/651/3246 2686/1438/3246
f 1992/650/3247 2684/1436/3247 2685/1437/3247
f 2685/1437/3247 1991/648/3247 1992/650/3247
f 1535/1452/3248 1534/647/3248 1991/648/3248
f 1991/648/3248 2685/1437/3248 1535/1452/3248
f 1543/1453/3249 1535/1452/3249 2685/1437/3249
f 2685/1437/3249 2670/1422/3249 1543/1453/3249
f 1544/1454/3250 1543/1453/3250 2670/1422/3250
f 2670/1422/3250 2655/1407/3250 1544/1454/3250
f 1545/1455/3251 1544/1454/3251 2655/1407/3251
f 2655/1407/3251 2640/1392/3251 1545/1455/3251
f 2625/1377/3252 1546/1456/3252 1545/1455/3252
f 1545/1455/3252 2640/1392/3252 2625/1377/3252
f 1547/1457/3253 1546/1456/3253 2625/1377/3253
f 2625/1377/3253 2610/1362/3253 1547/1457/3253
f 1548/1458/3254 1547/1457/3254 2610/1362/3254
f 2610/1362/3254 2595/1347/3254 1548/1458/3254
f 1549/1459/3255 1548/1458/3255 2595/1347/3255
f 2595/1347/3255 2580/1332/3255 1549/1459/3255
f 2565/1317/3256 1584/1460/3256 1549/1459/3256
f 1549/1459/3256 2580/1332/3256 2565/1317/3256
f 2550/1301/3257 1583/1461/3257 1584/1460/3257
f 1584/1460/3257 2565/1317/3257 2550/1301/3257
f 1582/1462/3258 1583/1461/3258 2550/1301/3258
f 2550/1301/3258 2535/1286/3258 1582/1462/3258
f 1581/1463/3259 1582/1462/3259 2535/1286/3259
f 2535/1286/3259 2520/1271/3259 1581/1463/3259
f 1580/1464/3260 1581/1463/3260 2520/1271/3260
f 2520/1271/3261 2505/1256/3261 1580/1464/3261
f 1579/1465/3262 1580/1464/3262 2505/1256/3262
f 2505/1256/3262 2477/1226/3262 1579/1465/3262
f 2477/1226/3263 2476/1227/3263 1577/1451/3263
f 1577/1451/3263 1579/1465/3263 2477/1226/3263
f 1387/38/3264 38/38/3264 39/39/3264
f 39/39/3264 1388/39/3264 1387/38/3264
f 40/40/3265 1389/40/3265 1388/39/3265
f 1388/39/3266 39/39/3266 40/40/3266
f 1387/38/3267 1395/46/3267 46/46/3267
f 46/46/3267 38/38/3267 1387/38/3267
f 1395/46/3268 1401/52/3268 52/52/3268
f 52/52/3269 46/46/3269 1395/46/3269
f 1408/59/3270 59/59/3270 60/60/3270
f 60/60/3271 1409/60/3270 1408/59/3270
f 1408/59/3272 1414/65/3272 65/65/3272
f 65/65/3272 59/59/3272 1408/59/3272
f 66/66/3273 65/65/3273 1414/65/3273
f 1414/65/3273 1415/66/3273 66/66/3273
f 1420/71/3274 71/71/3274 66/66/3274
f 66/66/3274 1415/66/3274 1420/71/3274
f 76/76/3275 71/71/3275 1420/71/3275
f 1420/71/3275 1425/76/3275 76/76/3275
f 1430/81/3276 81/81/3276 76/76/3276
f 76/76/3276 1425/76/3276 1430/81/3276
f 1435/86/3277 86/86/3277 81/81/3277
f 81/81/3277 1430/81/3277 1435/86/3277
f 1468/119/3278 119/119/3278 120/120/3278
f 120/120/3278 1469/120/3278 1468/119/3278
f 121/121/3279 1470/121/3279 1469/120/3279
f 1469/120/3279 120/120/3279 121/121/3279
f 121/121/3280 122/122/3280 1471/122/3280
f 1471/122/3280 1470/121/3280 121/121/3280
f 1471/122/3281 122/122/3281 123/123/3281
f 123/123/3281 1472/123/3281 1471/122/3281
f 124/124/3282 1473/124/3282 1472/123/3282
f 1472/123/3282 123/123/3282 124/124/3282
f 1473/124/3283 124/124/3283 128/128/3283
f 128/128/3283 1476/128/3283 1473/124/3283
f 1476/128/3284 128/128/3284 127/127/3284
f 127/127/3284 1477/127/3284 1476/128/3284
f 1477/127/3285 127/127/3285 129/129/3285
f 129/129/3285 1478/129/3285 1477/127/3285
f 1524/175/3286 175/175/3286 176/176/3286
f 176/176/3286 1525/176/3286 1524/175/3286
f 176/176/3287 177/177/3287 1526/177/3287
f 1526/177/3287 1525/176/3287 176/176/3287
f 183/183/3288 175/175/3288 1524/175/3288
f 1524/175/3288 1532/183/3288 183/183/3288
f 40/40/3289 86/86/3289 1435/86/3289
f 1435/86/3289 1389/40/3289 40/40/3289
f 1478/129/3290 129/129/3290 183/183/3290
f 183/183/3290 1532/183/3290 1478/129/3290
f 177/177/3291 52/52/3291 1401/52/3291
f 1401/52/3292 1526/177/3292 177/177/3292
f 1555/206/3293 1409/60/3293 60/60/3293
f 60/60/3293 206/206/3293 1555/206/3293
f 1468/119/3294 1575/226/3294 226/226/3294
f 226/226/3294 119/119/3294 1468/119/3294
f 1597/248/3295 1598/249/3295 249/249/3295
f 249/249/3295 248/248/3295 1597/248/3295
f 1598/249/3296 1602/253/3296 253/253/3296
f 253/253/3296 249/249/3296 1598/249/3296
f 253/253/3297 1602/253/3297 1606/257/3297
f 1606/257/3297 257/257/3297 253/253/3297
f 1606/257/3298 1610/261/3298 261/261/3298
f 261/261/3298 257/257/3298 1606/257/3298
f 261/261/3299 1610/261/3299 1614/265/3299
f 1614/265/3299 265/265/3299 261/261/3299
f 269/269/3300 265/265/3300 1614/265/3300
f 1614/265/3300 1618/269/3300 269/269/3300
f 1622/273/3301 273/273/3301 269/269/3301
f 269/269/3301 1618/269/3301 1622/273/3301
f 1622/273/3302 1626/277/3302 277/277/3302
f 277/277/3302 273/273/3302 1622/273/3302
f 277/277/3303 1626/277/3303 1630/281/3303
f 1630/281/3304 281/281/3304 277/277/3304
f 285/285/3305 281/281/3305 1630/281/3305
f 1630/281/3305 1634/285/3305 285/285/3305
f 1638/289/3306 289/289/3306 285/285/3306
f 285/285/3306 1634/285/3306 1638/289/3306
f 1642/293/3307 293/293/3307 289/289/3307
f 289/289/3307 1638/289/3307 1642/293/3307
f 1642/293/3308 1646/297/3308 297/297/3308
f 297/297/3308 293/293/3308 1642/293/3308
f 297/297/3309 1646/297/3309 1650/301/3309
f 1650/301/3309 301/301/3309 297/297/3309
f 1656/307/3310 1597/248/3310 248/248/3310
f 248/248/3311 307/307/3311 1656/307/3311
f 206/308/3312 301/301/3312 1650/301/3312
f 1650/301/3312 1555/308/3312 206/308/3312
f 1680/335/3313 1679/336/3313 331/336/3313
f 331/336/3313 330/335/3313 1680/335/3313
f 1685/341/3314 336/341/3314 331/336/3314
f 331/336/3314 1679/336/3314 1685/341/3314
f 341/346/3315 336/341/3315 1685/341/3315
f 1685/341/3315 1690/346/3315 341/346/3315
f 1690/346/3316 1695/351/3316 346/351/3316
f 346/351/3316 341/346/3316 1690/346/3316
f 1700/356/3317 351/356/3317 346/351/3317
f 346/351/3317 1695/351/3317 1700/356/3317
f 1700/356/3318 1705/361/3318 356/361/3318
f 356/361/3318 351/356/3318 1700/356/3318
f 361/366/3319 356/361/3319 1705/361/3319
f 1705/361/3319 1710/366/3319 361/366/3319
f 1710/366/3320 1715/371/3320 366/371/3320
f 366/371/3320 361/366/3320 1710/366/3320
f 371/376/3321 366/371/3321 1715/371/3321
f 1715/371/3321 1720/376/3321 371/376/3321
f 1725/381/3322 376/381/3322 371/376/3322
f 371/376/3322 1720/376/3322 1725/381/3322
f 376/381/3323 1725/381/3323 1730/386/3323
f 1730/386/3323 381/386/3323 376/381/3323
f 386/391/3324 381/386/3324 1730/386/3324
f 1730/386/3324 1735/391/3324 386/391/3324
f 386/391/3325 1735/391/3325 1740/396/3325
f 1740/396/3325 391/396/3325 386/391/3325
f 1745/401/3326 396/401/3326 391/396/3326
f 391/396/3327 1740/396/3327 1745/401/3327
f 1744/400/3328 395/400/3328 396/401/3328
f 396/401/3328 1745/401/3328 1744/400/3328
f 1575/226/3329 1680/335/3329 330/335/3329
f 330/335/3329 226/226/3329 1575/226/3329
f 398/403/3330 395/400/3330 1744/400/3330
f 1744/400/3330 1748/403/3330 398/403/3330
f 2061/750/3331 2069/758/3331 720/758/3331
f 720/758/3331 712/750/3331 2061/750/3331
f 2068/757/3332 719/757/3332 720/758/3332
f 720/758/3332 2069/758/3332 2068/757/3332
f 2068/757/3333 2076/765/3333 727/765/3333
f 727/765/3334 719/757/3334 2068/757/3334
f 2084/772/3335 2083/773/3335 735/773/3335
f 735/773/3335 734/772/3335 2084/772/3335
f 739/777/3336 735/773/3336 2083/773/3336
f 2083/773/3336 2088/777/3336 739/777/3336
f 2094/783/3337 745/783/3337 739/777/3337
f 739/777/3337 2088/777/3337 2094/783/3337
f 2094/783/3338 2093/782/3338 744/782/3338
f 744/782/3338 745/783/3338 2094/783/3338
f 750/788/3339 744/782/3339 2093/782/3339
f 2093/782/3339 2099/788/3339 750/788/3339
f 755/793/3340 750/788/3340 2099/788/3340
f 2099/788/3340 2104/793/3340 755/793/3340
f 760/798/3341 755/793/3341 2104/793/3341
f 2104/793/3341 2109/798/3341 760/798/3341
f 2134/824/3342 786/824/3342 785/823/3342
f 785/823/3342 2135/823/3342 2134/824/3342
f 2136/825/3343 2135/823/3343 785/823/3343
f 785/823/3343 787/825/3343 2136/825/3343
f 2136/825/3344 787/825/3344 788/826/3344
f 788/826/3344 2137/826/3344 2136/825/3344
f 2137/826/3345 788/826/3345 789/827/3345
f 789/827/3345 2138/827/3346 2137/826/3345
f 789/827/3347 794/832/3347 2142/832/3347
f 2142/832/3347 2138/827/3347 789/827/3347
f 2142/832/3348 794/832/3348 793/831/3348
f 793/831/3348 2143/831/3348 2142/832/3349
f 2143/831/3350 793/831/3350 795/833/3350
f 795/833/3350 2144/833/3350 2143/831/3350
f 796/834/3351 2145/834/3351 2144/833/3351
f 2144/833/3351 795/833/3351 796/834/3351
f 2145/834/3352 796/834/3352 853/891/3352
f 853/891/3352 2202/891/3352 2145/834/3352
f 2200/889/3353 2199/888/3353 850/888/3353
f 850/888/3353 851/889/3353 2200/889/3353
f 852/890/3354 2201/890/3354 2200/889/3354
f 2200/889/3354 851/889/3354 852/890/3354
f 760/798/3355 2109/798/3355 2061/750/3355
f 2061/750/3355 712/750/3355 760/798/3355
f 2199/888/3356 2202/891/3356 853/891/3356
f 853/891/3356 850/888/3356 2199/888/3356
f 2201/890/3357 852/890/3357 727/765/3357
f 727/765/3357 2076/765/3357 2201/890/3357
f 1748/403/3358 2084/772/3358 734/772/3358
f 734/772/3358 398/403/3358 1748/403/3358
f 786/824/3359 2134/824/3359 1656/307/3359
f 1656/307/3359 307/307/3359 786/824/3359
