# Blender 4.0.2
# www.blender.org
mtllib goddard_pata_tra_izq.mtl
o C_rculo_002
v -0.044779 -0.032964 -0.416677
v -0.042179 -0.034464 -0.404377
v -0.023479 -0.026464 -0.406877
v -0.025479 -0.024764 -0.419277
v -0.004579 -0.018464 -0.408377
v -0.006079 -0.016464 -0.420777
v -0.025679 -0.027364 -0.431577
v -0.045579 -0.035864 -0.428977
v -0.005780 -0.018864 -0.433177
v -0.060779 -0.042364 -0.400877
v -0.056180 -0.048064 -0.390777
v -0.037979 -0.040364 -0.394177
v -0.019779 -0.032564 -0.396577
v -0.001380 -0.024764 -0.398077
v 0.017021 -0.016864 -0.398577
v 0.014220 -0.010364 -0.408877
v 0.013321 -0.008164 -0.421277
v 0.014220 -0.010364 -0.433777
v -0.003379 -0.025564 -0.443477
v 0.017021 -0.016864 -0.444077
v -0.023880 -0.034264 -0.441877
v -0.044179 -0.042964 -0.439177
v -0.064379 -0.051564 -0.435377
v -0.065279 -0.044264 -0.425277
v -0.063980 -0.041164 -0.413077
v -0.017679 -0.096564 -0.416677
v 0.001621 -0.088364 -0.419277
v 0.001821 -0.085664 -0.406877
v -0.016979 -0.093664 -0.404377
v -0.020280 -0.095064 -0.428977
v -0.000479 -0.086664 -0.431577
v 0.021021 -0.080064 -0.420777
v 0.020621 -0.077664 -0.408377
v 0.019521 -0.078164 -0.433177
v -0.035579 -0.101564 -0.400877
v -0.018279 -0.086564 -0.394177
v -0.036479 -0.094364 -0.390777
v -0.036879 -0.104764 -0.413077
v -0.039979 -0.103464 -0.425277
v -0.044580 -0.097764 -0.435377
v -0.024480 -0.089164 -0.439177
v -0.004179 -0.080564 -0.441877
v 0.016321 -0.071864 -0.443477
v 0.039520 -0.069564 -0.433777
v 0.036720 -0.063064 -0.444077
v 0.040421 -0.071764 -0.421277
v 0.039520 -0.069564 -0.408877
v 0.018321 -0.070964 -0.398077
v 0.036720 -0.063064 -0.398577
v -0.000080 -0.078764 -0.396577
v -0.092979 -0.128664 -0.396177
v -0.074579 -0.120764 -0.402777
v -0.072179 -0.117264 -0.390877
v -0.090079 -0.124864 -0.384477
v -0.097780 -0.128164 -0.407877
v -0.078779 -0.120064 -0.414677
v -0.055779 -0.112864 -0.408377
v -0.053980 -0.109464 -0.396377
v -0.059479 -0.111864 -0.420477
v -0.089679 -0.116964 -0.374777
v -0.106879 -0.124364 -0.367577
v -0.107680 -0.132364 -0.377077
v -0.111179 -0.136464 -0.388577
v -0.116480 -0.136164 -0.399977
v -0.122880 -0.131164 -0.409577
v -0.103779 -0.123064 -0.417577
v -0.084279 -0.114764 -0.424577
v -0.064580 -0.106364 -0.430477
v -0.054479 -0.101964 -0.386377
v -0.072179 -0.109564 -0.380977
v -0.163279 -0.158664 -0.360077
v -0.146279 -0.151364 -0.370477
v -0.141879 -0.146964 -0.359477
v -0.158279 -0.153964 -0.349377
v -0.170079 -0.158964 -0.370677
v -0.152679 -0.151564 -0.381477
v -0.128979 -0.143964 -0.379977
v -0.124980 -0.139764 -0.368777
v -0.134779 -0.143964 -0.391177
v -0.156179 -0.145364 -0.340577
v -0.171780 -0.151964 -0.329877
v -0.174279 -0.160764 -0.338377
v -0.179680 -0.165664 -0.348777
v -0.186979 -0.166164 -0.359077
v -0.194979 -0.161864 -0.367677
v -0.177679 -0.154564 -0.379577
v -0.159879 -0.146964 -0.390477
v -0.141580 -0.139164 -0.400477
v -0.123680 -0.131564 -0.359377
v -0.140180 -0.138564 -0.350377
v -0.225580 -0.185264 -0.309777
v -0.210879 -0.178964 -0.323577
v -0.204579 -0.173664 -0.313977
v -0.218879 -0.179764 -0.300577
v -0.234180 -0.186364 -0.318977
v -0.219080 -0.179864 -0.333177
v -0.195580 -0.172364 -0.336577
v -0.189680 -0.167364 -0.326577
v -0.203280 -0.173164 -0.346577
v -0.215279 -0.170564 -0.292877
v -0.228580 -0.176264 -0.279077
v -0.232579 -0.185564 -0.286377
v -0.239679 -0.191264 -0.295177
v -0.248680 -0.192464 -0.303977
v -0.243379 -0.182564 -0.326577
v -0.258179 -0.188864 -0.311277
v -0.227880 -0.175964 -0.341177
v -0.211679 -0.169064 -0.354777
v -0.186780 -0.158464 -0.318277
v -0.201280 -0.164564 -0.305977
v -0.277779 -0.207464 -0.247177
v -0.265779 -0.202364 -0.263877
v -0.257879 -0.196464 -0.255977
v -0.269480 -0.201364 -0.239777
v -0.287879 -0.209164 -0.254577
v -0.275579 -0.203964 -0.271777
v -0.253079 -0.196964 -0.279877
v -0.245579 -0.191164 -0.271477
v -0.262479 -0.198364 -0.288177
v -0.264679 -0.191664 -0.233677
v -0.275280 -0.196164 -0.217277
v -0.280379 -0.205964 -0.222977
v -0.288980 -0.212264 -0.229877
v -0.299379 -0.214164 -0.236777
v -0.310079 -0.210964 -0.242577
v -0.298280 -0.205964 -0.260777
v -0.285679 -0.200564 -0.278277
v -0.272280 -0.194864 -0.295177
v -0.241279 -0.181664 -0.264577
v -0.253379 -0.186764 -0.249477
v -0.317680 -0.224464 -0.174777
v -0.308980 -0.220764 -0.193677
v -0.299779 -0.214264 -0.187777
v -0.308280 -0.217864 -0.169477
v -0.328979 -0.226764 -0.180077
v -0.319979 -0.222864 -0.199477
v -0.299379 -0.216664 -0.212077
v -0.290479 -0.210364 -0.205677
v -0.310079 -0.218664 -0.218477
v -0.302480 -0.207764 -0.165077
v -0.309979 -0.210964 -0.146777
v -0.315979 -0.221164 -0.150677
v -0.325580 -0.227864 -0.155477
v -0.337080 -0.230164 -0.160177
v -0.348580 -0.227364 -0.164177
v -0.340279 -0.223864 -0.184477
v -0.331079 -0.219964 -0.204377
v -0.320979 -0.215664 -0.223777
v -0.285179 -0.200364 -0.200377
v -0.294179 -0.204264 -0.182977
v -0.343879 -0.235664 -0.095277
v -0.338679 -0.233464 -0.115677
v -0.328679 -0.226564 -0.112077
v -0.333679 -0.228764 -0.092277
v -0.355879 -0.238164 -0.098277
v -0.350580 -0.235964 -0.119277
v -0.332579 -0.230864 -0.135677
v -0.322779 -0.224064 -0.131577
v -0.344280 -0.233264 -0.139877
v -0.327279 -0.218364 -0.089777
v -0.331280 -0.220064 -0.070177
v -0.337879 -0.230464 -0.072177
v -0.348179 -0.237464 -0.074677
v -0.360279 -0.240064 -0.077077
v -0.372379 -0.237564 -0.079077
v -0.367880 -0.235664 -0.100777
v -0.362379 -0.233264 -0.122277
v -0.355979 -0.230564 -0.143377
v -0.316579 -0.213764 -0.128077
v -0.322379 -0.216264 -0.109077
v -0.355279 -0.240464 -0.011777
v -0.353879 -0.239864 -0.032877
v -0.343379 -0.232864 -0.031577
v -0.344779 -0.233464 -0.011177
v -0.367579 -0.243164 -0.012377
v -0.366179 -0.242564 -0.034077
v -0.351480 -0.238864 -0.053777
v -0.341079 -0.231864 -0.051977
v -0.363680 -0.241564 -0.055677
v -0.338079 -0.222964 -0.010677
v -0.338579 -0.223164 0.009423
v -0.345279 -0.233664 0.009423
v -0.355780 -0.240664 0.009423
v -0.368079 -0.243364 0.009423
v -0.379879 -0.240764 -0.012877
v -0.380379 -0.240964 0.009423
v -0.378379 -0.240064 -0.035077
v -0.375880 -0.239064 -0.057177
v -0.334479 -0.221364 -0.050477
v -0.336679 -0.222364 -0.030577
v -0.351480 -0.238864 0.072623
v -0.353879 -0.239864 0.051623
v -0.343379 -0.232864 0.050423
v -0.341079 -0.231864 0.070723
v -0.363680 -0.241564 0.074423
v -0.366179 -0.242564 0.052823
v -0.355279 -0.240464 0.030523
v -0.344779 -0.233464 0.029923
v -0.367579 -0.243164 0.031123
v -0.334479 -0.221364 0.069223
v -0.331280 -0.220064 0.089023
v -0.337879 -0.230464 0.091023
v -0.348179 -0.237464 0.093423
v -0.360279 -0.240064 0.095823
v -0.375880 -0.239064 0.075923
v -0.372379 -0.237564 0.097823
v -0.378379 -0.240064 0.053823
v -0.379879 -0.240764 0.031623
v -0.338079 -0.222964 0.029423
v -0.336679 -0.222364 0.049323
v -0.332579 -0.230864 0.154523
v -0.338679 -0.233464 0.134423
v -0.328679 -0.226564 0.130823
v -0.322779 -0.224064 0.150323
v -0.344280 -0.233264 0.158723
v -0.350580 -0.235964 0.138023
v -0.343879 -0.235664 0.114023
v -0.333679 -0.228764 0.111023
v -0.355879 -0.238164 0.117023
v -0.316579 -0.213764 0.146823
v -0.309979 -0.210964 0.165523
v -0.315979 -0.221164 0.169423
v -0.325580 -0.227864 0.174223
v -0.337080 -0.230164 0.178923
v -0.355979 -0.230564 0.162123
v -0.348580 -0.227364 0.182923
v -0.362379 -0.233264 0.141023
v -0.367880 -0.235664 0.119523
v -0.327279 -0.218364 0.108523
v -0.322379 -0.216264 0.127823
v -0.299379 -0.216664 0.230823
v -0.308980 -0.220764 0.212423
v -0.299779 -0.214264 0.206523
v -0.290479 -0.210364 0.224423
v -0.310079 -0.218664 0.237223
v -0.319979 -0.222864 0.218323
v -0.317680 -0.224464 0.193523
v -0.308280 -0.217864 0.188223
v -0.328979 -0.226764 0.198823
v -0.285179 -0.200364 0.219123
v -0.275280 -0.196164 0.236023
v -0.280379 -0.205964 0.241723
v -0.288980 -0.212264 0.248623
v -0.299379 -0.214164 0.255623
v -0.320979 -0.215664 0.242523
v -0.310079 -0.210964 0.261323
v -0.331079 -0.219964 0.223123
v -0.340279 -0.223864 0.203223
v -0.302480 -0.207764 0.183823
v -0.294179 -0.204264 0.201723
v -0.253079 -0.196964 0.298623
v -0.265779 -0.202364 0.282623
v -0.257879 -0.196464 0.274723
v -0.245579 -0.191164 0.290323
v -0.262479 -0.198364 0.307023
v -0.275579 -0.203964 0.290523
v -0.277779 -0.207464 0.265923
v -0.269480 -0.201364 0.258523
v -0.287879 -0.209164 0.273323
v -0.241279 -0.181664 0.283323
v -0.228580 -0.176264 0.297823
v -0.232579 -0.185564 0.305123
v -0.239679 -0.191264 0.313923
v -0.248680 -0.192464 0.322723
v -0.272280 -0.194864 0.313923
v -0.258179 -0.188864 0.330023
v -0.285679 -0.200564 0.297023
v -0.298280 -0.205964 0.279523
v -0.264679 -0.191664 0.252423
v -0.253379 -0.186764 0.268223
v -0.195580 -0.172364 0.355323
v -0.210879 -0.178964 0.342323
v -0.204579 -0.173664 0.332723
v -0.189680 -0.167364 0.345323
v -0.203280 -0.173164 0.365323
v -0.219080 -0.179864 0.351923
v -0.225580 -0.185264 0.328523
v -0.218879 -0.179764 0.319323
v -0.234180 -0.186364 0.337723
v -0.186780 -0.158464 0.337023
v -0.171780 -0.151964 0.348623
v -0.174279 -0.160764 0.357123
v -0.179680 -0.165664 0.367523
v -0.186979 -0.166164 0.377823
v -0.211679 -0.169064 0.373623
v -0.194979 -0.161864 0.386423
v -0.227880 -0.175964 0.359923
v -0.243379 -0.182564 0.345323
v -0.215279 -0.170564 0.311623
v -0.201280 -0.164564 0.324723
v -0.128979 -0.143964 0.398723
v -0.146279 -0.151364 0.389223
v -0.141879 -0.146964 0.378223
v -0.124980 -0.139764 0.387523
v -0.134779 -0.143964 0.410023
v -0.152679 -0.151564 0.400223
v -0.163279 -0.158664 0.378823
v -0.158279 -0.153964 0.368123
v -0.170079 -0.158964 0.389523
v -0.123680 -0.131564 0.378223
v -0.106879 -0.124364 0.386323
v -0.107680 -0.132364 0.395823
v -0.111179 -0.136464 0.407323
v -0.116480 -0.136164 0.418823
v -0.141580 -0.139164 0.419323
v -0.122880 -0.131164 0.428323
v -0.159879 -0.146964 0.409323
v -0.177679 -0.154564 0.398323
v -0.156179 -0.145364 0.359323
v -0.140180 -0.138564 0.369223
v -0.055779 -0.112864 0.427223
v -0.074579 -0.120764 0.421523
v -0.072179 -0.117264 0.409623
v -0.053980 -0.109464 0.415123
v -0.059479 -0.111864 0.439223
v -0.078779 -0.120064 0.433423
v -0.092979 -0.128664 0.414923
v -0.090079 -0.124864 0.403223
v -0.097780 -0.128164 0.426623
v -0.054479 -0.101964 0.405123
v -0.036479 -0.094364 0.409523
v -0.035579 -0.101564 0.419623
v -0.036879 -0.104764 0.431823
v -0.039979 -0.103464 0.444023
v -0.064580 -0.106364 0.449223
v -0.044580 -0.097764 0.454123
v -0.084279 -0.114764 0.443323
v -0.103779 -0.123064 0.436323
v -0.089679 -0.116964 0.393523
v -0.072179 -0.109564 0.399823
v 0.021021 -0.080064 0.439523
v 0.001621 -0.088364 0.438023
v 0.001821 -0.085664 0.425623
v 0.020621 -0.077664 0.427123
v 0.019521 -0.078164 0.452023
v -0.000479 -0.086664 0.450423
v -0.017679 -0.096564 0.435423
v -0.016979 -0.093664 0.423123
v -0.020280 -0.095064 0.447723
v 0.018321 -0.070964 0.416823
v 0.036720 -0.063064 0.417323
v 0.039520 -0.069564 0.427623
v 0.040421 -0.071764 0.440123
v 0.039520 -0.069564 0.452523
v 0.016321 -0.071864 0.462323
v 0.036720 -0.063064 0.462823
v -0.004179 -0.080564 0.460623
v -0.024480 -0.089164 0.457923
v -0.018279 -0.086564 0.412923
v -0.000080 -0.078764 0.415423
v 0.098621 -0.046964 0.435423
v 0.079321 -0.055164 0.438023
v 0.077221 -0.053564 0.425623
v 0.096021 -0.045564 0.423123
v 0.099321 -0.044064 0.447723
v 0.079521 -0.052564 0.450423
v 0.059921 -0.063464 0.439523
v 0.058421 -0.061564 0.427123
v 0.059520 -0.061064 0.452023
v 0.091820 -0.039664 0.412923
v 0.109920 -0.031864 0.409523
v 0.114620 -0.037564 0.419623
v 0.117721 -0.038864 0.431823
v 0.119021 -0.035664 0.444023
v 0.097921 -0.036964 0.457923
v 0.118121 -0.028364 0.454123
v 0.077620 -0.045664 0.460623
v 0.057221 -0.054364 0.462323
v 0.055121 -0.055264 0.416823
v 0.073521 -0.047464 0.415423
v 0.173920 -0.014864 0.414923
v 0.155421 -0.022764 0.421523
v 0.151220 -0.021964 0.409623
v 0.169121 -0.014364 0.403223
v 0.176821 -0.011064 0.426623
v 0.157821 -0.019164 0.433423
v 0.136721 -0.030764 0.427223
v 0.133021 -0.029764 0.415123
v 0.138621 -0.027364 0.439223
v 0.163221 -0.009164 0.393523
v 0.180320 -0.001864 0.386323
v 0.186721 -0.006864 0.395823
v 0.192021 -0.007164 0.407323
v 0.195521 -0.003064 0.418823
v 0.177321 -0.003164 0.436323
v 0.196421 0.004936 0.428323
v 0.157821 -0.011464 0.443323
v 0.138121 -0.019864 0.449223
v 0.127920 -0.024264 0.405123
v 0.145721 -0.016664 0.399823
v 0.244121 0.015036 0.378823
v 0.227221 0.007836 0.389223
v 0.220920 0.007736 0.378223
v 0.237321 0.014736 0.368123
v 0.249121 0.019736 0.389523
v 0.231720 0.012336 0.400223
v 0.209820 0.000436 0.398723
v 0.204020 0.000536 0.387523
v 0.213821 0.004736 0.410023
v 0.229721 0.019136 0.359323
v 0.245221 0.025836 0.348623
v 0.253321 0.021536 0.357123
v 0.260521 0.022036 0.367523
v 0.266021 0.026936 0.377823
v 0.251221 0.028336 0.398323
v 0.268521 0.035736 0.386423
v 0.233421 0.020736 0.409323
v 0.215121 0.012936 0.419323
v 0.197220 0.005336 0.378223
v 0.213621 0.012336 0.369223
v 0.306521 0.041636 0.328523
v 0.291821 0.035436 0.342323
v 0.283621 0.034436 0.332723
v 0.297921 0.040536 0.319323
v 0.313321 0.047136 0.337723
v 0.298120 0.040636 0.351923
v 0.276421 0.028836 0.355323
v 0.268721 0.028136 0.345323
v 0.282320 0.033936 0.365323
v 0.288821 0.044336 0.311623
v 0.302121 0.050036 0.297823
v 0.311621 0.046436 0.305123
v 0.320621 0.047636 0.313923
v 0.327721 0.053336 0.322723
v 0.316821 0.056336 0.345323
v 0.331721 0.062636 0.330023
v 0.301321 0.049736 0.359923
v 0.285221 0.042836 0.373623
v 0.260321 0.032236 0.337023
v 0.274821 0.038436 0.324723
v 0.358721 0.063936 0.265923
v 0.346721 0.058836 0.282623
v 0.336920 0.057236 0.274723
v 0.348521 0.062136 0.258523
v 0.366921 0.070036 0.273323
v 0.354621 0.064736 0.290523
v 0.334021 0.053436 0.298623
v 0.324621 0.051936 0.290323
v 0.341521 0.059136 0.307023
v 0.338221 0.065436 0.252423
v 0.348821 0.069936 0.236023
v 0.359421 0.066836 0.241723
v 0.369921 0.068736 0.248723
v 0.378421 0.074936 0.255623
v 0.371821 0.079736 0.279523
v 0.383521 0.084736 0.261323
v 0.359221 0.074336 0.297023
v 0.345821 0.068636 0.313923
v 0.314821 0.055436 0.283323
v 0.326821 0.060636 0.268223
v 0.398621 0.080936 0.193523
v 0.389821 0.077236 0.212423
v 0.378821 0.075036 0.206523
v 0.387321 0.078736 0.188223
v 0.408021 0.087536 0.198823
v 0.399021 0.083636 0.218323
v 0.380321 0.073136 0.230823
v 0.369521 0.071136 0.224423
v 0.389121 0.079436 0.237223
v 0.376021 0.081536 0.183823
v 0.383521 0.084736 0.165523
v 0.395021 0.081936 0.169423
v 0.406521 0.084336 0.174223
v 0.416121 0.090936 0.178923
v 0.413821 0.097636 0.203223
v 0.422121 0.101236 0.182923
v 0.404621 0.093736 0.223123
v 0.394521 0.089436 0.242523
v 0.358621 0.074136 0.219123
v 0.367721 0.078036 0.201723
v 0.424821 0.092136 0.114023
v 0.419621 0.089836 0.134423
v 0.407721 0.087336 0.130823
v 0.412721 0.089536 0.111023
v 0.434921 0.099036 0.117023
v 0.429621 0.096736 0.138023
v 0.413521 0.087236 0.154523
v 0.401821 0.084836 0.150323
v 0.423321 0.094036 0.158723
v 0.400821 0.092136 0.108523
v 0.404821 0.093836 0.089023
v 0.416921 0.091336 0.091023
v 0.429021 0.093936 0.093423
v 0.439321 0.100836 0.095823
v 0.441321 0.109436 0.119523
v 0.445821 0.111336 0.097823
v 0.435921 0.107036 0.141023
v 0.429521 0.104336 0.162123
v 0.390121 0.087536 0.146823
v 0.395921 0.090036 0.127823
v 0.436121 0.096936 0.030523
v 0.434721 0.096336 0.051623
v 0.422421 0.093636 0.050423
v 0.423821 0.094236 0.029923
v 0.446621 0.104036 0.031123
v 0.445221 0.103336 0.052823
v 0.432321 0.095336 0.072623
v 0.420121 0.092636 0.070723
v 0.442721 0.102336 0.074423
v 0.411621 0.096736 0.029423
v 0.412021 0.096936 0.009423
v 0.424321 0.094436 0.009423
v 0.436621 0.097136 0.009423
v 0.447121 0.104236 0.009423
v 0.453321 0.114536 0.031623
v 0.453821 0.114736 0.009423
v 0.451821 0.113836 0.053823
v 0.449321 0.112836 0.075923
v 0.408021 0.095136 0.069223
v 0.410221 0.096136 0.049323
v 0.432321 0.095336 -0.053777
v 0.434721 0.096336 -0.032877
v 0.422421 0.093636 -0.031577
v 0.420121 0.092636 -0.051977
v 0.442721 0.102336 -0.055677
v 0.445221 0.103336 -0.034077
v 0.436121 0.096936 -0.011777
v 0.423821 0.094236 -0.011177
v 0.446621 0.104036 -0.012377
v 0.408021 0.095136 -0.050477
v 0.404821 0.093836 -0.070177
v 0.416921 0.091336 -0.072177
v 0.429021 0.093936 -0.074677
v 0.439321 0.100836 -0.077077
v 0.449321 0.112836 -0.057177
v 0.445821 0.111336 -0.079077
v 0.451821 0.113836 -0.035077
v 0.453321 0.114536 -0.012877
v 0.411621 0.096736 -0.010677
v 0.410221 0.096136 -0.030577
v 0.413521 0.087236 -0.135677
v 0.419621 0.089836 -0.115677
v 0.407721 0.087336 -0.112077
v 0.401821 0.084836 -0.131577
v 0.423321 0.094036 -0.139877
v 0.429621 0.096736 -0.119277
v 0.424821 0.092136 -0.095277
v 0.412721 0.089536 -0.092277
v 0.434921 0.099036 -0.098277
v 0.390121 0.087536 -0.128077
v 0.383521 0.084736 -0.146777
v 0.395021 0.081936 -0.150677
v 0.406521 0.084336 -0.155477
v 0.416121 0.090936 -0.160177
v 0.429521 0.104336 -0.143377
v 0.422121 0.101236 -0.164177
v 0.435921 0.107036 -0.122277
v 0.441321 0.109436 -0.100777
v 0.400821 0.092136 -0.089777
v 0.395921 0.090036 -0.109077
v 0.380321 0.073136 -0.212077
v 0.389821 0.077236 -0.193677
v 0.378821 0.075036 -0.187777
v 0.369521 0.071136 -0.205677
v 0.389121 0.079436 -0.218477
v 0.399021 0.083636 -0.199477
v 0.398621 0.080936 -0.174777
v 0.387321 0.078736 -0.169477
v 0.408021 0.087536 -0.180077
v 0.358621 0.074136 -0.200377
v 0.348821 0.069936 -0.217277
v 0.359421 0.066836 -0.222977
v 0.369921 0.068736 -0.229877
v 0.378421 0.074936 -0.236777
v 0.394521 0.089436 -0.223777
v 0.383521 0.084736 -0.242577
v 0.404621 0.093736 -0.204377
v 0.413821 0.097636 -0.184477
v 0.376021 0.081536 -0.165077
v 0.367721 0.078036 -0.182977
v 0.334021 0.053436 -0.279877
v 0.346721 0.058836 -0.263877
v 0.336920 0.057236 -0.255977
v 0.324621 0.051936 -0.271477
v 0.341521 0.059136 -0.288177
v 0.354621 0.064736 -0.271777
v 0.358721 0.063936 -0.247177
v 0.348521 0.062136 -0.239777
v 0.366921 0.070036 -0.254577
v 0.314821 0.055436 -0.264577
v 0.302121 0.050036 -0.279077
v 0.311621 0.046436 -0.286377
v 0.320621 0.047636 -0.295177
v 0.327721 0.053336 -0.303977
v 0.345821 0.068636 -0.295177
v 0.331721 0.062636 -0.311277
v 0.359221 0.074336 -0.278277
v 0.371821 0.079736 -0.260777
v 0.338221 0.065436 -0.233677
v 0.326821 0.060636 -0.249477
v 0.276421 0.028836 -0.336577
v 0.291821 0.035436 -0.323577
v 0.283621 0.034436 -0.313977
v 0.268721 0.028136 -0.326577
v 0.282320 0.033936 -0.346577
v 0.298120 0.040636 -0.333177
v 0.306521 0.041636 -0.309777
v 0.297921 0.040536 -0.300577
v 0.313321 0.047136 -0.318977
v 0.260321 0.032236 -0.318277
v 0.245221 0.025836 -0.329877
v 0.253321 0.021536 -0.338377
v 0.260521 0.022036 -0.348777
v 0.266021 0.026936 -0.359077
v 0.285221 0.042836 -0.354777
v 0.268521 0.035736 -0.367677
v 0.301321 0.049736 -0.341177
v 0.316821 0.056336 -0.326577
v 0.288821 0.044336 -0.292877
v 0.274821 0.038436 -0.305977
v 0.209820 0.000436 -0.379977
v 0.227221 0.007836 -0.370477
v 0.220920 0.007736 -0.359477
v 0.204020 0.000536 -0.368777
v 0.213821 0.004736 -0.391177
v 0.231720 0.012336 -0.381477
v 0.244121 0.015036 -0.360077
v 0.237321 0.014736 -0.349377
v 0.249121 0.019736 -0.370677
v 0.197220 0.005336 -0.359377
v 0.180320 -0.001864 -0.367577
v 0.186721 -0.006864 -0.377077
v 0.192021 -0.007164 -0.388577
v 0.195521 -0.003064 -0.399977
v 0.215121 0.012936 -0.400477
v 0.196421 0.004936 -0.409577
v 0.233421 0.020736 -0.390477
v 0.251221 0.028336 -0.379577
v 0.229721 0.019136 -0.340577
v 0.213621 0.012336 -0.350377
v 0.136721 -0.030764 -0.408377
v 0.155421 -0.022764 -0.402777
v 0.151220 -0.021964 -0.390877
v 0.133021 -0.029764 -0.396377
v 0.138621 -0.027364 -0.420477
v 0.157821 -0.019164 -0.414677
v 0.173920 -0.014864 -0.396177
v 0.169121 -0.014364 -0.384477
v 0.176821 -0.011064 -0.407877
v 0.127920 -0.024264 -0.386377
v 0.109920 -0.031864 -0.390777
v 0.114620 -0.037564 -0.400877
v 0.117721 -0.038864 -0.413077
v 0.119021 -0.035664 -0.425277
v 0.138121 -0.019864 -0.430477
v 0.118121 -0.028364 -0.435377
v 0.157821 -0.011464 -0.424577
v 0.177321 -0.003164 -0.417577
v 0.163221 -0.009164 -0.374777
v 0.145721 -0.016664 -0.380977
v 0.059921 -0.063464 -0.420777
v 0.079321 -0.055164 -0.419277
v 0.077221 -0.053564 -0.406877
v 0.058421 -0.061564 -0.408377
v 0.059520 -0.061064 -0.433177
v 0.079521 -0.052564 -0.431577
v 0.098621 -0.046964 -0.416677
v 0.096021 -0.045564 -0.404377
v 0.099321 -0.044064 -0.428977
v 0.055121 -0.055264 -0.398077
v 0.057221 -0.054364 -0.443477
v 0.077620 -0.045664 -0.441877
v 0.097921 -0.036964 -0.439177
v 0.091820 -0.039664 -0.394177
v 0.073521 -0.047464 -0.396577
v -0.097379 -0.057964 -0.390877
v -0.101679 -0.057264 -0.402777
v -0.120179 -0.065064 -0.396177
v -0.115379 -0.065664 -0.384477
v -0.079180 -0.050264 -0.396377
v -0.082879 -0.049264 -0.408377
v -0.104079 -0.060864 -0.414677
v -0.123079 -0.068964 -0.407877
v -0.084780 -0.052564 -0.420477
v -0.109380 -0.070764 -0.374777
v -0.132980 -0.073164 -0.377077
v -0.126580 -0.078064 -0.367577
v -0.091880 -0.063364 -0.380977
v -0.074180 -0.055764 -0.386377
v -0.084279 -0.060064 -0.430477
v -0.104079 -0.068464 -0.424577
v -0.123480 -0.076764 -0.417577
v -0.142579 -0.084964 -0.409577
v -0.141680 -0.076864 -0.399977
v -0.138279 -0.072864 -0.388577
v -0.167079 -0.087664 -0.359477
v -0.173379 -0.087864 -0.370477
v -0.190380 -0.095064 -0.360077
v -0.183579 -0.094664 -0.349377
v -0.150280 -0.080464 -0.368777
v -0.156080 -0.080464 -0.379977
v -0.177879 -0.092264 -0.381477
v -0.195279 -0.099764 -0.370677
v -0.159979 -0.084664 -0.391177
v -0.199479 -0.101464 -0.338377
v -0.191479 -0.105764 -0.329877
v -0.175879 -0.099164 -0.340577
v -0.159879 -0.092264 -0.350377
v -0.143379 -0.085264 -0.359377
v -0.161279 -0.092864 -0.400477
v -0.179580 -0.100664 -0.390477
v -0.197379 -0.108264 -0.379577
v -0.214679 -0.115664 -0.367677
v -0.212179 -0.106964 -0.359077
v -0.206779 -0.102064 -0.348777
v -0.229779 -0.114464 -0.313977
v -0.237980 -0.115364 -0.323577
v -0.252679 -0.121664 -0.309777
v -0.244079 -0.120564 -0.300577
v -0.214980 -0.108064 -0.326577
v -0.222680 -0.108864 -0.336577
v -0.244380 -0.120664 -0.333177
v -0.259480 -0.127064 -0.318977
v -0.228580 -0.113864 -0.346577
v -0.257779 -0.126364 -0.286377
v -0.248279 -0.129964 -0.279077
v -0.234980 -0.124364 -0.292877
v -0.221079 -0.118364 -0.305977
v -0.206479 -0.112164 -0.318277
v -0.231480 -0.122764 -0.354777
v -0.247579 -0.129664 -0.341177
v -0.263080 -0.136264 -0.326577
v -0.277879 -0.142664 -0.311277
v -0.273979 -0.133264 -0.303977
v -0.266779 -0.127664 -0.295177
v -0.283180 -0.137164 -0.255977
v -0.292879 -0.138764 -0.263877
v -0.304879 -0.143864 -0.247177
v -0.294779 -0.142164 -0.239777
v -0.270779 -0.131964 -0.271477
v -0.280180 -0.133364 -0.279877
v -0.300879 -0.144764 -0.271777
v -0.313179 -0.149964 -0.254577
v -0.287779 -0.139164 -0.288177
v -0.305679 -0.146764 -0.222977
v -0.294979 -0.149864 -0.217277
v -0.284379 -0.145364 -0.233677
v -0.273080 -0.140564 -0.249477
v -0.260979 -0.135464 -0.264577
v -0.291979 -0.148664 -0.295177
v -0.305380 -0.154364 -0.278277
v -0.317979 -0.159764 -0.260777
v -0.329780 -0.164764 -0.242577
v -0.324679 -0.154864 -0.236777
v -0.316079 -0.148664 -0.229877
v -0.325079 -0.155064 -0.187777
v -0.336079 -0.157164 -0.193677
v -0.344779 -0.160864 -0.174777
v -0.333579 -0.158664 -0.169477
v -0.315779 -0.151064 -0.205677
v -0.326479 -0.153064 -0.212077
v -0.345279 -0.163664 -0.199477
v -0.354180 -0.167464 -0.180077
v -0.335379 -0.159464 -0.218477
v -0.341179 -0.161964 -0.150677
v -0.329679 -0.164664 -0.146777
v -0.322179 -0.161564 -0.165077
v -0.313879 -0.157964 -0.182977
v -0.304879 -0.154164 -0.200377
v -0.340680 -0.169364 -0.223777
v -0.350779 -0.173764 -0.204377
v -0.359980 -0.177664 -0.184477
v -0.368279 -0.181164 -0.164177
v -0.362379 -0.170964 -0.160177
v -0.352679 -0.164264 -0.155477
v -0.353879 -0.167364 -0.112077
v -0.365780 -0.169864 -0.115677
v -0.370979 -0.172064 -0.095277
v -0.358979 -0.169464 -0.092277
v -0.347979 -0.164864 -0.131577
v -0.359679 -0.167264 -0.135677
v -0.375780 -0.176664 -0.119277
v -0.381179 -0.178964 -0.098277
v -0.369579 -0.173964 -0.139877
v -0.363079 -0.171264 -0.072177
v -0.351079 -0.173764 -0.070177
v -0.346979 -0.172064 -0.089777
v -0.342080 -0.169964 -0.109077
v -0.336280 -0.167564 -0.128077
v -0.375679 -0.184364 -0.143377
v -0.382079 -0.187064 -0.122277
v -0.387579 -0.189364 -0.100777
v -0.392079 -0.191264 -0.079077
v -0.385579 -0.180864 -0.077077
v -0.375279 -0.173864 -0.074677
v -0.368680 -0.173664 -0.031577
v -0.380979 -0.176364 -0.032877
v -0.382379 -0.176964 -0.011777
v -0.369980 -0.174264 -0.011177
v -0.366279 -0.172664 -0.051977
v -0.378579 -0.175264 -0.053777
v -0.391379 -0.183364 -0.034077
v -0.392879 -0.183964 -0.012377
v -0.388979 -0.182264 -0.055677
v -0.370479 -0.174464 0.009423
v -0.358279 -0.176864 0.009423
v -0.357780 -0.176664 -0.010677
v -0.356480 -0.176064 -0.030577
v -0.354180 -0.175164 -0.050477
v -0.395579 -0.192764 -0.057177
v -0.398080 -0.193864 -0.035077
v -0.399580 -0.194464 -0.012877
v -0.400079 -0.194764 0.009423
v -0.393379 -0.184164 0.009423
v -0.382879 -0.177164 0.009423
v -0.368680 -0.173664 0.050423
v -0.380979 -0.176364 0.051623
v -0.378579 -0.175264 0.072623
v -0.366279 -0.172664 0.070723
v -0.369980 -0.174264 0.029923
v -0.382379 -0.176964 0.030523
v -0.391379 -0.183364 0.052823
v -0.388979 -0.182264 0.074423
v -0.392879 -0.183964 0.031123
v -0.363079 -0.171264 0.091023
v -0.351079 -0.173764 0.089023
v -0.354180 -0.175164 0.069223
v -0.356480 -0.176064 0.049323
v -0.357780 -0.176664 0.029423
v -0.399580 -0.194464 0.031623
v -0.398080 -0.193864 0.053823
v -0.395579 -0.192764 0.075923
v -0.392079 -0.191264 0.097823
v -0.385579 -0.180864 0.095823
v -0.375279 -0.173864 0.093423
v -0.353879 -0.167364 0.130823
v -0.365780 -0.169864 0.134423
v -0.359679 -0.167264 0.154523
v -0.347979 -0.164864 0.150323
v -0.358979 -0.169464 0.111023
v -0.370979 -0.172064 0.114023
v -0.375780 -0.176664 0.138023
v -0.369579 -0.173964 0.158723
v -0.381179 -0.178964 0.117023
v -0.341179 -0.161964 0.169423
v -0.329679 -0.164664 0.165523
v -0.336280 -0.167564 0.146823
v -0.342080 -0.169964 0.127823
v -0.346979 -0.172064 0.108523
v -0.387579 -0.189364 0.119523
v -0.382079 -0.187064 0.141023
v -0.375679 -0.184364 0.162123
v -0.368279 -0.181164 0.182923
v -0.362379 -0.170964 0.178923
v -0.352679 -0.164264 0.174223
v -0.325079 -0.155064 0.206523
v -0.336079 -0.157164 0.212423
v -0.326479 -0.153064 0.230823
v -0.315779 -0.151064 0.224423
v -0.333579 -0.158664 0.188223
v -0.344779 -0.160864 0.193523
v -0.345279 -0.163664 0.218323
v -0.335379 -0.159464 0.237223
v -0.354180 -0.167464 0.198823
v -0.305679 -0.146764 0.241723
v -0.294979 -0.149864 0.236023
v -0.304879 -0.154164 0.219123
v -0.313879 -0.157964 0.201723
v -0.322179 -0.161564 0.183823
v -0.359980 -0.177664 0.203223
v -0.350779 -0.173764 0.223123
v -0.340680 -0.169364 0.242523
v -0.329780 -0.164764 0.261323
v -0.324679 -0.154864 0.255623
v -0.316079 -0.148664 0.248623
v -0.283180 -0.137164 0.274723
v -0.292879 -0.138764 0.282623
v -0.280180 -0.133364 0.298623
v -0.270779 -0.131964 0.290323
v -0.294779 -0.142164 0.258523
v -0.304879 -0.143864 0.265923
v -0.300879 -0.144764 0.290523
v -0.287779 -0.139164 0.307023
v -0.313179 -0.149964 0.273323
v -0.257779 -0.126364 0.305123
v -0.248279 -0.129964 0.297823
v -0.260979 -0.135464 0.283323
v -0.273080 -0.140564 0.268223
v -0.284379 -0.145364 0.252423
v -0.317979 -0.159764 0.279523
v -0.305380 -0.154364 0.297023
v -0.291979 -0.148664 0.313923
v -0.277879 -0.142664 0.330023
v -0.273979 -0.133264 0.322723
v -0.266779 -0.127664 0.313923
v -0.229779 -0.114464 0.332723
v -0.237980 -0.115364 0.342323
v -0.222680 -0.108864 0.355323
v -0.214980 -0.108064 0.345323
v -0.244079 -0.120564 0.319323
v -0.252679 -0.121664 0.328523
v -0.244380 -0.120664 0.351923
v -0.228580 -0.113864 0.365323
v -0.259480 -0.127064 0.337723
v -0.199479 -0.101464 0.357123
v -0.191479 -0.105764 0.348623
v -0.206479 -0.112164 0.337023
v -0.221079 -0.118364 0.324723
v -0.234980 -0.124364 0.311623
v -0.263080 -0.136264 0.345323
v -0.247579 -0.129664 0.359923
v -0.231480 -0.122764 0.373623
v -0.214679 -0.115664 0.386423
v -0.212179 -0.106964 0.377823
v -0.206779 -0.102064 0.367523
v -0.167079 -0.087664 0.378223
v -0.173379 -0.087864 0.389223
v -0.156080 -0.080464 0.398723
v -0.150280 -0.080464 0.387523
v -0.183579 -0.094664 0.368123
v -0.190380 -0.095064 0.378823
v -0.177879 -0.092264 0.400223
v -0.159979 -0.084664 0.410023
v -0.195279 -0.099764 0.389523
v -0.132980 -0.073164 0.395823
v -0.126580 -0.078064 0.386323
v -0.143379 -0.085264 0.378223
v -0.159879 -0.092264 0.369223
v -0.175879 -0.099164 0.359323
v -0.197379 -0.108264 0.398323
v -0.179580 -0.100664 0.409323
v -0.161279 -0.092864 0.419323
v -0.142579 -0.084964 0.428323
v -0.141680 -0.076864 0.418823
v -0.138279 -0.072864 0.407323
v -0.097379 -0.057964 0.409623
v -0.101679 -0.057264 0.421523
v -0.082879 -0.049264 0.427223
v -0.079180 -0.050264 0.415123
v -0.115379 -0.065664 0.403223
v -0.120179 -0.065064 0.414923
v -0.104079 -0.060864 0.433423
v -0.084780 -0.052564 0.439223
v -0.123079 -0.068964 0.426623
v -0.060779 -0.042364 0.419623
v -0.056180 -0.048064 0.409523
v -0.074180 -0.055764 0.405123
v -0.091880 -0.063364 0.399823
v -0.109380 -0.070764 0.393523
v -0.123480 -0.076764 0.436323
v -0.104079 -0.068464 0.443323
v -0.084279 -0.060064 0.449223
v -0.064379 -0.051564 0.454123
v -0.065279 -0.044264 0.444023
v -0.063980 -0.041164 0.431823
v -0.023479 -0.026464 0.425623
v -0.025479 -0.024764 0.438023
v -0.006079 -0.016464 0.439523
v -0.004579 -0.018464 0.427123
v -0.042179 -0.034464 0.423123
v -0.044779 -0.032964 0.435423
v -0.025679 -0.027364 0.450423
v -0.005780 -0.018864 0.452023
v -0.045579 -0.035864 0.447723
v 0.014220 -0.010364 0.427623
v 0.017021 -0.016864 0.417323
v -0.001380 -0.024764 0.416823
v -0.019779 -0.032564 0.415423
v -0.037979 -0.040364 0.412923
v -0.044179 -0.042964 0.457923
v -0.023880 -0.034264 0.460623
v -0.003379 -0.025564 0.462323
v 0.017021 -0.016864 0.462823
v 0.014220 -0.010364 0.452523
v 0.013321 -0.008164 0.440123
v 0.052021 0.005736 0.425623
v 0.052221 0.008336 0.438023
v 0.071521 0.016636 0.435423
v 0.070721 0.013736 0.423123
v 0.033120 -0.002364 0.427123
v 0.032821 0.000136 0.439523
v 0.054221 0.006636 0.450423
v 0.074121 0.015136 0.447723
v 0.034221 -0.001864 0.452023
v 0.089321 0.021636 0.419623
v 0.090221 0.014336 0.409523
v 0.072121 0.006636 0.412923
v 0.053820 -0.001164 0.415423
v 0.035421 -0.009064 0.416823
v 0.037521 -0.008164 0.462323
v 0.057921 0.000536 0.460623
v 0.078220 0.009236 0.457923
v 0.098420 0.017836 0.454123
v 0.093820 0.023536 0.444023
v 0.090621 0.024736 0.431823
v 0.125921 0.037236 0.409623
v 0.128321 0.040836 0.421523
v 0.146821 0.048736 0.414923
v 0.143921 0.044936 0.403223
v 0.107721 0.029536 0.415123
v 0.109620 0.032836 0.427223
v 0.132620 0.040036 0.433423
v 0.151620 0.048136 0.426623
v 0.113321 0.031836 0.439223
v 0.161521 0.052436 0.395823
v 0.160620 0.044336 0.386323
v 0.143421 0.037036 0.393523
v 0.126021 0.029536 0.399823
v 0.108221 0.022036 0.405123
v 0.118421 0.026336 0.449223
v 0.138121 0.034736 0.443323
v 0.157521 0.043036 0.436323
v 0.176621 0.051236 0.428323
v 0.170221 0.056136 0.418823
v 0.164920 0.056436 0.407323
v 0.195621 0.066936 0.378223
v 0.200120 0.071436 0.389223
v 0.217020 0.078636 0.378823
v 0.212121 0.073936 0.368123
v 0.178821 0.059736 0.387523
v 0.182721 0.064036 0.398723
v 0.206421 0.071536 0.400223
v 0.223820 0.079036 0.389523
v 0.188521 0.063936 0.410023
v 0.228021 0.080736 0.357123
v 0.225521 0.072036 0.348623
v 0.210021 0.065436 0.359323
v 0.193921 0.058536 0.369223
v 0.177520 0.051536 0.378223
v 0.195420 0.059136 0.419323
v 0.213621 0.066936 0.409323
v 0.231521 0.074536 0.398323
v 0.248821 0.081936 0.386423
v 0.240720 0.086236 0.377823
v 0.233421 0.085636 0.367523
v 0.258321 0.093736 0.332723
v 0.264720 0.098936 0.342323
v 0.279421 0.105236 0.328523
v 0.272620 0.099836 0.319323
v 0.243421 0.087336 0.345323
v 0.249320 0.092436 0.355323
v 0.272821 0.099936 0.351923
v 0.288021 0.106336 0.337723
v 0.257121 0.093136 0.365323
v 0.286321 0.105636 0.305123
v 0.282421 0.096236 0.297823
v 0.269021 0.090636 0.311623
v 0.255121 0.084636 0.324723
v 0.240621 0.078436 0.337023
v 0.265521 0.089036 0.373623
v 0.281621 0.095936 0.359923
v 0.297121 0.102536 0.345323
v 0.312021 0.108836 0.330023
v 0.302521 0.112536 0.322723
v 0.293521 0.111236 0.313923
v 0.311721 0.116436 0.274723
v 0.319621 0.122336 0.282623
v 0.331621 0.127436 0.265923
v 0.323321 0.121436 0.258523
v 0.299321 0.111136 0.290323
v 0.306921 0.116936 0.298623
v 0.329421 0.123936 0.290523
v 0.341721 0.129236 0.273323
v 0.316321 0.118436 0.307023
v 0.334221 0.126036 0.241723
v 0.329121 0.116136 0.236023
v 0.318521 0.111636 0.252423
v 0.307121 0.106836 0.268223
v 0.295121 0.101736 0.283323
v 0.326121 0.114936 0.313923
v 0.339521 0.120636 0.297023
v 0.352021 0.125936 0.279523
v 0.363821 0.131036 0.261323
v 0.353221 0.134136 0.255623
v 0.342821 0.132236 0.248723
v 0.353621 0.134336 0.206523
v 0.362721 0.140736 0.212423
v 0.371521 0.144536 0.193523
v 0.362121 0.137936 0.188223
v 0.344321 0.130336 0.224423
v 0.353221 0.136736 0.230823
v 0.373721 0.142936 0.218323
v 0.382721 0.146736 0.198823
v 0.363921 0.138736 0.237223
v 0.369721 0.141236 0.169423
v 0.363721 0.130936 0.165523
v 0.356321 0.127736 0.183823
v 0.348021 0.124236 0.201723
v 0.338921 0.120336 0.219123
v 0.374821 0.135636 0.242523
v 0.384921 0.139936 0.223123
v 0.394121 0.143936 0.203223
v 0.402421 0.147436 0.182923
v 0.390921 0.150236 0.178923
v 0.379421 0.147836 0.174223
v 0.382421 0.146636 0.130823
v 0.392521 0.153436 0.134423
v 0.397620 0.155636 0.114023
v 0.387521 0.148736 0.111023
v 0.376521 0.144136 0.150323
v 0.386421 0.150836 0.154523
v 0.404321 0.155936 0.138023
v 0.409721 0.158236 0.117023
v 0.398121 0.153236 0.158723
v 0.391621 0.150536 0.091023
v 0.385121 0.140036 0.089023
v 0.381121 0.138336 0.108523
v 0.376121 0.136236 0.127823
v 0.370421 0.133836 0.146823
v 0.409721 0.150536 0.162123
v 0.416221 0.153336 0.141023
v 0.421621 0.155636 0.119523
v 0.426121 0.157536 0.097823
v 0.414121 0.160136 0.095823
v 0.401921 0.157436 0.093423
v 0.397221 0.152936 0.050423
v 0.407621 0.159936 0.051623
v 0.409021 0.160536 0.030523
v 0.398521 0.153436 0.029923
v 0.394821 0.151936 0.070723
v 0.405221 0.158936 0.072623
v 0.419921 0.162636 0.052823
v 0.421421 0.163236 0.031123
v 0.417521 0.161536 0.074423
v 0.399021 0.153636 0.009423
v 0.392321 0.143136 0.009423
v 0.391921 0.142936 0.029423
v 0.390521 0.142336 0.049323
v 0.388221 0.141436 0.069223
v 0.429621 0.159036 0.075923
v 0.432121 0.160136 0.053823
v 0.433621 0.160736 0.031623
v 0.434121 0.160936 0.009423
v 0.421921 0.163436 0.009423
v 0.409521 0.160736 0.009423
v 0.397221 0.152936 -0.031577
v 0.407621 0.159936 -0.032877
v 0.405221 0.158936 -0.053777
v 0.394821 0.151936 -0.051977
v 0.398521 0.153436 -0.011177
v 0.409021 0.160536 -0.011777
v 0.419921 0.162636 -0.034077
v 0.417521 0.161536 -0.055677
v 0.421421 0.163236 -0.012377
v 0.391621 0.150536 -0.072177
v 0.385121 0.140036 -0.070177
v 0.388221 0.141436 -0.050477
v 0.390521 0.142336 -0.030577
v 0.391921 0.142936 -0.010677
v 0.433621 0.160736 -0.012877
v 0.432121 0.160136 -0.035077
v 0.429621 0.159036 -0.057177
v 0.426121 0.157536 -0.079077
v 0.414121 0.160136 -0.077077
v 0.401921 0.157436 -0.074677
v 0.382421 0.146636 -0.112077
v 0.392521 0.153436 -0.115677
v 0.386421 0.150836 -0.135677
v 0.376521 0.144136 -0.131577
v 0.387521 0.148736 -0.092277
v 0.397620 0.155636 -0.095277
v 0.404321 0.155936 -0.119277
v 0.398121 0.153236 -0.139877
v 0.409721 0.158236 -0.098277
v 0.369721 0.141236 -0.150677
v 0.363721 0.130936 -0.146777
v 0.370421 0.133836 -0.128077
v 0.376121 0.136236 -0.109077
v 0.381121 0.138336 -0.089777
v 0.421621 0.155636 -0.100777
v 0.416221 0.153336 -0.122277
v 0.409721 0.150536 -0.143377
v 0.402421 0.147436 -0.164177
v 0.390921 0.150236 -0.160177
v 0.379421 0.147836 -0.155477
v 0.353621 0.134336 -0.187777
v 0.362721 0.140736 -0.193677
v 0.353221 0.136736 -0.212077
v 0.344321 0.130336 -0.205677
v 0.362121 0.137936 -0.169477
v 0.371521 0.144536 -0.174777
v 0.373721 0.142936 -0.199477
v 0.363921 0.138736 -0.218477
v 0.382721 0.146736 -0.180077
v 0.334221 0.126036 -0.222977
v 0.329121 0.116136 -0.217277
v 0.338921 0.120336 -0.200377
v 0.348021 0.124236 -0.182977
v 0.356321 0.127736 -0.165077
v 0.394121 0.143936 -0.184477
v 0.384921 0.139936 -0.204377
v 0.374821 0.135636 -0.223777
v 0.363821 0.131036 -0.242577
v 0.353221 0.134136 -0.236777
v 0.342821 0.132236 -0.229877
v 0.311721 0.116436 -0.255977
v 0.319621 0.122336 -0.263877
v 0.306921 0.116936 -0.279877
v 0.299321 0.111136 -0.271477
v 0.323321 0.121436 -0.239777
v 0.331621 0.127436 -0.247177
v 0.329421 0.123936 -0.271777
v 0.316321 0.118436 -0.288177
v 0.341721 0.129236 -0.254577
v 0.286321 0.105636 -0.286377
v 0.282421 0.096236 -0.279077
v 0.295121 0.101736 -0.264577
v 0.307121 0.106836 -0.249477
v 0.318521 0.111636 -0.233677
v 0.352021 0.125936 -0.260777
v 0.339521 0.120636 -0.278277
v 0.326121 0.114936 -0.295177
v 0.312021 0.108836 -0.311277
v 0.302521 0.112536 -0.303977
v 0.293521 0.111236 -0.295177
v 0.258321 0.093736 -0.313977
v 0.264720 0.098936 -0.323577
v 0.249320 0.092436 -0.336577
v 0.243421 0.087336 -0.326577
v 0.272620 0.099836 -0.300577
v 0.279421 0.105236 -0.309777
v 0.272821 0.099936 -0.333177
v 0.257121 0.093136 -0.346577
v 0.288021 0.106336 -0.318977
v 0.228021 0.080736 -0.338377
v 0.225521 0.072036 -0.329877
v 0.240621 0.078436 -0.318277
v 0.255121 0.084636 -0.305977
v 0.269021 0.090636 -0.292877
v 0.297121 0.102536 -0.326577
v 0.281621 0.095936 -0.341177
v 0.265521 0.089036 -0.354777
v 0.248821 0.081936 -0.367677
v 0.240720 0.086236 -0.359077
v 0.233421 0.085636 -0.348777
v 0.195621 0.066936 -0.359477
v 0.200120 0.071436 -0.370477
v 0.182721 0.064036 -0.379977
v 0.178821 0.059736 -0.368777
v 0.212121 0.073936 -0.349377
v 0.217020 0.078636 -0.360077
v 0.206421 0.071536 -0.381477
v 0.188521 0.063936 -0.391177
v 0.223820 0.079036 -0.370677
v 0.161521 0.052436 -0.377077
v 0.160620 0.044336 -0.367577
v 0.177520 0.051536 -0.359377
v 0.193921 0.058536 -0.350377
v 0.210021 0.065436 -0.340577
v 0.231521 0.074536 -0.379577
v 0.213621 0.066936 -0.390477
v 0.195420 0.059136 -0.400477
v 0.176621 0.051236 -0.409577
v 0.170221 0.056136 -0.399977
v 0.164920 0.056436 -0.388577
v 0.125921 0.037236 -0.390877
v 0.128321 0.040836 -0.402777
v 0.109620 0.032836 -0.408377
v 0.107721 0.029536 -0.396377
v 0.143921 0.044936 -0.384477
v 0.146821 0.048736 -0.396177
v 0.132620 0.040036 -0.414677
v 0.113321 0.031836 -0.420477
v 0.151620 0.048136 -0.407877
v 0.089321 0.021636 -0.400877
v 0.090221 0.014336 -0.390777
v 0.108221 0.022036 -0.386377
v 0.126021 0.029536 -0.380977
v 0.143421 0.037036 -0.374777
v 0.157521 0.043036 -0.417577
v 0.138121 0.034736 -0.424577
v 0.118421 0.026336 -0.430477
v 0.098420 0.017836 -0.435377
v 0.093820 0.023536 -0.425277
v 0.090621 0.024736 -0.413077
v 0.052021 0.005736 -0.406877
v 0.052221 0.008336 -0.419277
v 0.032821 0.000136 -0.420777
v 0.033120 -0.002364 -0.408377
v 0.070721 0.013736 -0.404377
v 0.071521 0.016636 -0.416677
v 0.054221 0.006636 -0.431577
v 0.034221 -0.001864 -0.433177
v 0.074121 0.015136 -0.428977
v 0.035421 -0.009064 -0.398077
v 0.053820 -0.001164 -0.396577
v 0.072121 0.006636 -0.394177
v 0.078220 0.009236 -0.439177
v 0.057921 0.000536 -0.441877
v 0.037521 -0.008164 -0.443477
v 0.437021 0.119936 -0.124077
v 0.433521 0.133436 -0.124677
v 0.439121 0.135736 -0.102877
v 0.442621 0.122336 -0.102377
v 0.430521 0.117136 -0.145577
v 0.427021 0.130636 -0.146277
v 0.426321 0.145236 -0.124077
v 0.431821 0.147636 -0.102377
v 0.419821 0.142436 -0.145577
v 0.447121 0.124236 -0.080277
v 0.423120 0.114036 -0.166577
v 0.419521 0.127436 -0.167377
v 0.412321 0.139236 -0.166577
v 0.436421 0.149536 -0.080277
v 0.443721 0.137736 -0.080777
v 0.068521 -0.037164 -0.390277
v 0.062921 -0.024664 -0.388177
v 0.044921 -0.032264 -0.389577
v 0.050421 -0.044864 -0.391677
v 0.086521 -0.029564 -0.387877
v 0.080821 -0.016964 -0.385777
v 0.057721 -0.011864 -0.390277
v 0.039621 -0.019664 -0.391677
v 0.075721 -0.004264 -0.387877
v 0.032320 -0.052664 -0.392177
v 0.104321 -0.021864 -0.384477
v 0.098621 -0.009464 -0.382377
v 0.093621 0.003336 -0.384477
v 0.021520 -0.027364 -0.392177
v 0.026921 -0.039964 -0.390077
v -0.293479 -0.191564 -0.179877
v -0.297179 -0.178164 -0.178877
v -0.305279 -0.181564 -0.161377
v -0.301679 -0.194964 -0.162277
v -0.284580 -0.187764 -0.197077
v -0.288279 -0.174364 -0.195977
v -0.304279 -0.166264 -0.179877
v -0.312379 -0.169764 -0.162277
v -0.295380 -0.162464 -0.197077
v -0.308980 -0.198164 -0.144277
v -0.274879 -0.183564 -0.213677
v -0.278579 -0.170264 -0.212577
v -0.285679 -0.158264 -0.213677
v -0.319780 -0.172864 -0.144277
v -0.312580 -0.184764 -0.143477
v 0.405321 0.106436 -0.207377
v 0.401721 0.119836 -0.208377
v 0.411021 0.123836 -0.188177
v 0.414621 0.110436 -0.187177
v 0.395121 0.102036 -0.226977
v 0.391421 0.115436 -0.228077
v 0.394521 0.131736 -0.207377
v 0.403921 0.135736 -0.187177
v 0.384321 0.127336 -0.226977
v 0.384021 0.097336 -0.246077
v 0.380221 0.110636 -0.247277
v 0.373221 0.122636 -0.246077
v -0.009179 -0.070264 -0.448277
v -0.014779 -0.057764 -0.450377
v 0.006021 -0.048864 -0.452077
v 0.011520 -0.061464 -0.449877
v -0.029779 -0.079064 -0.445477
v -0.035479 -0.066564 -0.447577
v -0.019979 -0.045064 -0.448277
v 0.000720 -0.036164 -0.449877
v -0.040579 -0.053764 -0.445477
v 0.032320 -0.052664 -0.450477
v -0.050280 -0.087864 -0.441577
v -0.055980 -0.075364 -0.443677
v -0.060980 -0.062564 -0.441577
v 0.021520 -0.027364 -0.450477
v 0.026921 -0.039964 -0.452577
v -0.321180 -0.203364 -0.107177
v -0.324679 -0.189864 -0.106577
v -0.329579 -0.191964 -0.087677
v -0.326079 -0.205364 -0.088177
v -0.315480 -0.200964 -0.125877
v -0.319080 -0.187464 -0.125177
v -0.331980 -0.178064 -0.107177
v -0.336779 -0.180164 -0.088177
v -0.326280 -0.175664 -0.125877
v -0.329979 -0.207064 -0.068977
v -0.340779 -0.181864 -0.068977
v -0.333480 -0.193664 -0.068577
v 0.359221 0.086736 -0.282377
v 0.355421 0.100036 -0.283677
v 0.368221 0.105536 -0.265777
v 0.372021 0.092236 -0.264577
v 0.345721 0.081036 -0.299377
v 0.341721 0.094236 -0.300877
v 0.348521 0.112036 -0.282377
v 0.361221 0.117536 -0.264577
v 0.334921 0.106336 -0.299377
v 0.331421 0.074936 -0.315777
v 0.327421 0.088136 -0.317277
v 0.320621 0.100136 -0.315777
v -0.090480 -0.104964 -0.430677
v -0.096479 -0.092564 -0.432677
v -0.076379 -0.083964 -0.438777
v -0.070480 -0.096464 -0.436677
v -0.110179 -0.113364 -0.423577
v -0.116279 -0.101064 -0.425577
v -0.101280 -0.079664 -0.430677
v -0.081280 -0.071164 -0.436677
v -0.120979 -0.088064 -0.423577
v -0.129579 -0.121664 -0.415477
v -0.135679 -0.109364 -0.417377
v -0.140379 -0.096364 -0.415477
v -0.335379 -0.209364 -0.029977
v -0.338779 -0.195864 -0.029777
v -0.340079 -0.196464 -0.010177
v -0.336679 -0.209964 -0.010277
v -0.333079 -0.208464 -0.049577
v -0.336579 -0.194964 -0.049177
v -0.346079 -0.184064 -0.029977
v -0.347479 -0.184664 -0.010277
v -0.343879 -0.183164 -0.049577
v -0.337080 -0.210164 0.009423
v -0.347880 -0.184864 0.009423
v -0.340580 -0.196664 0.009423
v 0.300621 0.061836 -0.346077
v 0.296521 0.074936 -0.347677
v 0.312321 0.081736 -0.332877
v 0.316321 0.068536 -0.331377
v 0.284221 0.054836 -0.359977
v 0.280021 0.067936 -0.361677
v 0.289821 0.087036 -0.346077
v 0.305621 0.093736 -0.331377
v 0.273521 0.080136 -0.359977
v 0.267321 0.047536 -0.372977
v 0.263021 0.060636 -0.374777
v 0.256521 0.072836 -0.372977
v -0.167079 -0.137664 -0.396177
v -0.173379 -0.125364 -0.398077
v -0.154779 -0.117464 -0.408277
v -0.148579 -0.129764 -0.406277
v -0.185179 -0.145364 -0.385077
v -0.191579 -0.133164 -0.386877
v -0.177879 -0.112364 -0.396177
v -0.159379 -0.104464 -0.406277
v -0.195979 -0.120064 -0.385077
v -0.202680 -0.152864 -0.372977
v -0.209180 -0.140664 -0.374777
v -0.213480 -0.127564 -0.372977
v -0.335379 -0.209364 0.048723
v -0.338779 -0.195864 0.048523
v -0.336579 -0.194964 0.068023
v -0.333079 -0.208464 0.068323
v -0.336679 -0.209964 0.029123
v -0.340079 -0.196464 0.029023
v -0.346079 -0.184064 0.048723
v -0.343879 -0.183164 0.068323
v -0.347479 -0.184664 0.029123
v -0.329979 -0.207064 0.087723
v -0.340779 -0.181864 0.087723
v -0.333480 -0.193664 0.087323
v 0.231720 0.032436 -0.396177
v 0.227221 0.045436 -0.398077
v 0.245320 0.053136 -0.386877
v 0.249720 0.040136 -0.385077
v 0.213121 0.024436 -0.406277
v 0.208621 0.037436 -0.408277
v 0.220920 0.057636 -0.396177
v 0.238920 0.065336 -0.385077
v 0.202321 0.049736 -0.406277
v 0.194121 0.016436 -0.415477
v 0.189521 0.029336 -0.417377
v 0.183421 0.041636 -0.415477
v -0.236079 -0.167064 -0.346077
v -0.242679 -0.154964 -0.347677
v -0.226280 -0.147964 -0.361677
v -0.219679 -0.160064 -0.359977
v -0.251779 -0.173764 -0.331377
v -0.258479 -0.161664 -0.332877
v -0.246879 -0.141764 -0.346077
v -0.230479 -0.134764 -0.359977
v -0.262579 -0.148464 -0.331377
v -0.266779 -0.180164 -0.315777
v -0.273579 -0.168064 -0.317277
v -0.277579 -0.154864 -0.315777
v -0.321180 -0.203364 0.125923
v -0.324679 -0.189864 0.125323
v -0.319080 -0.187464 0.143923
v -0.315480 -0.200964 0.144623
v -0.326079 -0.205364 0.106923
v -0.329579 -0.191964 0.106423
v -0.331980 -0.178064 0.125923
v -0.326280 -0.175664 0.144623
v -0.336779 -0.180164 0.106923
v -0.308980 -0.198164 0.163023
v -0.319780 -0.172864 0.163023
v -0.312580 -0.184764 0.162223
v 0.155121 -0.000264 -0.430677
v 0.150220 0.012636 -0.432677
v 0.170021 0.021036 -0.425577
v 0.174821 0.008136 -0.423577
v 0.135021 -0.008764 -0.436677
v 0.130121 0.004036 -0.438777
v 0.144321 0.025036 -0.430677
v 0.164021 0.033436 -0.423577
v 0.124320 0.016436 -0.436677
v 0.114821 -0.017464 -0.441577
v 0.109821 -0.004664 -0.443677
v 0.104021 0.007836 -0.441577
v -0.294680 -0.192064 -0.282377
v -0.301579 -0.180064 -0.283677
v -0.287979 -0.174264 -0.300877
v -0.281179 -0.186264 -0.299377
v -0.307480 -0.197464 -0.264577
v -0.314379 -0.185564 -0.265777
v -0.305480 -0.166764 -0.282377
v -0.291879 -0.160964 -0.299377
v -0.318280 -0.172164 -0.264577
v -0.319379 -0.202564 -0.246077
v -0.326479 -0.190664 -0.247277
v -0.330179 -0.177264 -0.246077
v -0.293479 -0.191564 0.198723
v -0.297179 -0.178164 0.197723
v -0.288279 -0.174364 0.214723
v -0.284580 -0.187764 0.215823
v -0.301679 -0.194964 0.181123
v -0.305279 -0.181564 0.180123
v -0.304279 -0.166264 0.198723
v -0.295380 -0.162464 0.215823
v -0.312379 -0.169764 0.181123
v -0.274879 -0.183564 0.232523
v -0.285679 -0.158264 0.232523
v -0.278579 -0.170264 0.231323
v 0.073721 -0.034964 -0.448277
v 0.068521 -0.022264 -0.450377
v 0.089221 -0.013364 -0.447577
v 0.094321 -0.026164 -0.445477
v 0.053020 -0.043764 -0.449877
v 0.047721 -0.031064 -0.452077
v 0.062921 -0.009664 -0.448277
v 0.083621 -0.000864 -0.445477
v 0.042220 -0.018464 -0.449877
v -0.340779 -0.211664 -0.207377
v -0.347880 -0.199764 -0.208377
v -0.337579 -0.195364 -0.228077
v -0.330480 -0.207364 -0.226977
v -0.350079 -0.215664 -0.187177
v -0.357279 -0.203764 -0.188177
v -0.351579 -0.186364 -0.207377
v -0.341280 -0.182064 -0.226977
v -0.360879 -0.190364 -0.187177
v -0.358479 -0.219264 -0.166577
v -0.365680 -0.207364 -0.167377
v -0.369280 -0.193964 -0.166577
v -0.253279 -0.174364 0.264123
v -0.257179 -0.161064 0.262823
v -0.245379 -0.156064 0.277623
v -0.241380 -0.169364 0.279023
v -0.264380 -0.179164 0.248623
v -0.268279 -0.165864 0.247323
v -0.264079 -0.149064 0.264123
v -0.252180 -0.144064 0.279023
v -0.275180 -0.153864 0.248623
v -0.228879 -0.163964 0.293323
v -0.239679 -0.138764 0.293323
v -0.232880 -0.150764 0.291823
v -0.372479 -0.225264 -0.124077
v -0.379779 -0.213364 -0.124677
v -0.373179 -0.210564 -0.146277
v -0.365979 -0.222464 -0.145577
v -0.378079 -0.227564 -0.102377
v -0.385279 -0.215764 -0.102877
v -0.383279 -0.199964 -0.124077
v -0.376779 -0.197164 -0.145577
v -0.388780 -0.202264 -0.102377
v -0.382579 -0.229564 -0.080277
v -0.389879 -0.217664 -0.080777
v -0.393379 -0.204264 -0.080277
v -0.202079 -0.152564 0.319823
v -0.206180 -0.139364 0.318123
v -0.191980 -0.133264 0.330223
v -0.187779 -0.146464 0.331923
v -0.215779 -0.158364 0.306923
v -0.219880 -0.145164 0.305323
v -0.212879 -0.127264 0.319823
v -0.198579 -0.121164 0.331923
v -0.226579 -0.133164 0.306923
v -0.172979 -0.140164 0.343323
v -0.183679 -0.114864 0.343323
v -0.177279 -0.127064 0.341523
v -0.388680 -0.232064 -0.035677
v -0.395980 -0.220264 -0.035877
v -0.393479 -0.219264 -0.058377
v -0.386079 -0.231064 -0.058077
v -0.390180 -0.232764 -0.013177
v -0.397579 -0.220964 -0.013277
v -0.399480 -0.206864 -0.035677
v -0.396879 -0.205764 -0.058077
v -0.400980 -0.207464 -0.013177
v -0.390679 -0.232964 0.009423
v -0.398080 -0.221164 0.009423
v -0.401479 -0.207664 0.009423
v -0.141879 -0.126864 0.363523
v -0.146279 -0.113864 0.361623
v -0.130180 -0.106964 0.370523
v -0.125680 -0.119964 0.372423
v -0.157579 -0.133564 0.353823
v -0.161979 -0.120564 0.352023
v -0.152579 -0.101564 0.363523
v -0.136480 -0.094664 0.372423
v -0.168379 -0.108364 0.353823
v -0.109079 -0.112864 0.380423
v -0.119879 -0.087664 0.380423
v -0.113680 -0.099964 0.378423
v -0.388680 -0.232064 0.054423
v -0.395980 -0.220264 0.054623
v -0.397579 -0.220964 0.032023
v -0.390180 -0.232764 0.031923
v -0.386079 -0.231064 0.076823
v -0.393479 -0.219264 0.077123
v -0.399480 -0.206864 0.054423
v -0.400980 -0.207464 0.031923
v -0.396879 -0.205764 0.076823
v -0.382579 -0.229564 0.099123
v -0.389879 -0.217664 0.099523
v -0.393379 -0.204264 0.099123
v -0.074979 -0.098364 0.393623
v -0.079780 -0.085464 0.391623
v -0.062379 -0.078064 0.396823
v -0.057480 -0.090864 0.398923
v -0.092179 -0.105664 0.387523
v -0.096879 -0.092764 0.385523
v -0.085680 -0.073064 0.393623
v -0.068280 -0.065664 0.398923
v -0.102979 -0.080364 0.387523
v -0.039779 -0.083364 0.403223
v -0.050579 -0.058064 0.403223
v -0.044779 -0.070564 0.401123
v -0.372479 -0.225264 0.142823
v -0.379779 -0.213364 0.143523
v -0.385279 -0.215764 0.121623
v -0.378079 -0.227564 0.121123
v -0.365979 -0.222464 0.164323
v -0.373179 -0.210564 0.165023
v -0.383279 -0.199964 0.142823
v -0.388780 -0.202264 0.121123
v -0.376779 -0.197164 0.164323
v -0.358479 -0.219264 0.185323
v -0.365680 -0.207364 0.186123
v -0.369280 -0.193964 0.185323
v -0.003879 -0.068064 0.409023
v -0.009079 -0.055364 0.406923
v 0.008821 -0.047664 0.408323
v 0.014121 -0.060364 0.410523
v -0.021879 -0.075764 0.406623
v -0.026979 -0.062964 0.404523
v -0.014679 -0.042764 0.409023
v 0.003420 -0.035064 0.410523
v -0.032679 -0.050464 0.406623
v 0.032320 -0.052664 0.410923
v 0.021520 -0.027364 0.410923
v 0.026921 -0.039964 0.408823
v -0.340779 -0.211664 0.226123
v -0.347880 -0.199764 0.227123
v -0.357279 -0.203764 0.206923
v -0.350079 -0.215664 0.206023
v -0.330480 -0.207364 0.245823
v -0.337579 -0.195364 0.246923
v -0.351579 -0.186364 0.226123
v -0.360879 -0.190364 0.206023
v -0.341280 -0.182064 0.245823
v -0.319379 -0.202564 0.264823
v -0.326479 -0.190664 0.266023
v -0.330179 -0.177264 0.264823
v 0.068521 -0.037164 0.409023
v 0.062921 -0.024664 0.406923
v 0.080821 -0.016964 0.404523
v 0.086521 -0.029564 0.406623
v 0.050421 -0.044864 0.410523
v 0.044921 -0.032264 0.408323
v 0.057721 -0.011864 0.409023
v 0.075721 -0.004264 0.406623
v 0.039621 -0.019664 0.410523
v 0.104321 -0.021864 0.403223
v 0.093621 0.003336 0.403223
v 0.098621 -0.009464 0.401123
v -0.294680 -0.192064 0.301123
v -0.301579 -0.180064 0.302423
v -0.314379 -0.185564 0.284623
v -0.307480 -0.197464 0.283323
v -0.281179 -0.186264 0.318223
v -0.287979 -0.174264 0.319623
v -0.305480 -0.166764 0.301123
v -0.318280 -0.172164 0.283323
v -0.291879 -0.160964 0.318223
v -0.266779 -0.180164 0.334523
v -0.273579 -0.168064 0.336023
v -0.277579 -0.154864 0.334523
v 0.139521 -0.006864 0.393623
v 0.133521 0.005536 0.391623
v 0.150721 0.012836 0.385523
v 0.156721 0.000436 0.387523
v 0.122021 -0.014364 0.398923
v 0.116221 -0.001964 0.396823
v 0.128721 0.018336 0.393623
v 0.145921 0.025736 0.387523
v 0.111221 0.010936 0.398923
v 0.173621 0.007636 0.380423
v 0.162921 0.032936 0.380423
v 0.167521 0.019936 0.378423
v -0.236079 -0.167064 0.364823
v -0.242679 -0.154964 0.366523
v -0.258479 -0.161664 0.351723
v -0.251779 -0.173764 0.350123
v -0.219679 -0.160064 0.378723
v -0.226280 -0.147964 0.380423
v -0.246879 -0.141764 0.364823
v -0.262579 -0.148464 0.350123
v -0.230479 -0.134764 0.378723
v -0.202680 -0.152864 0.391723
v -0.209180 -0.140664 0.393523
v -0.213480 -0.127564 0.391723
v 0.206421 0.021636 0.363523
v 0.200120 0.033836 0.361623
v 0.215821 0.040536 0.352023
v 0.222221 0.028336 0.353823
v 0.190221 0.014736 0.372423
v 0.184021 0.027036 0.370523
v 0.195621 0.046936 0.363523
v 0.211421 0.053636 0.353823
v 0.179421 0.040036 0.372423
v 0.237521 0.034836 0.343323
v 0.226720 0.060136 0.343323
v 0.231020 0.047036 0.341523
v -0.167079 -0.137664 0.414923
v -0.173379 -0.125364 0.416823
v -0.191579 -0.133164 0.405623
v -0.185179 -0.145364 0.403823
v -0.148579 -0.129764 0.425023
v -0.154779 -0.117464 0.427023
v -0.177879 -0.112364 0.414923
v -0.195979 -0.120064 0.403823
v -0.159379 -0.104464 0.425023
v -0.129579 -0.121664 0.434223
v -0.135679 -0.109364 0.436223
v -0.140379 -0.096364 0.434223
v 0.266621 0.047336 0.319823
v 0.260021 0.059436 0.318123
v 0.273621 0.065236 0.305323
v 0.280321 0.053136 0.306923
v 0.252321 0.041236 0.331923
v 0.245821 0.053336 0.330223
v 0.255821 0.072536 0.319823
v 0.269621 0.078436 0.306923
v 0.241521 0.066436 0.331923
v 0.293521 0.058736 0.293323
v 0.282721 0.084036 0.293323
v 0.286721 0.070836 0.291823
v -0.090480 -0.104964 0.449423
v -0.096479 -0.092564 0.451423
v -0.116279 -0.101064 0.444323
v -0.110179 -0.113364 0.442323
v -0.070480 -0.096464 0.455423
v -0.076379 -0.083964 0.457523
v -0.101280 -0.079664 0.449423
v -0.120979 -0.088064 0.442323
v -0.081280 -0.071164 0.455423
v -0.050280 -0.087864 0.460423
v -0.055980 -0.075364 0.462523
v -0.060980 -0.062564 0.460423
v 0.317821 0.069136 0.264123
v 0.310921 0.081136 0.262823
v 0.322021 0.085836 0.247323
v 0.329021 0.073836 0.248623
v 0.306021 0.064036 0.279023
v 0.299121 0.076136 0.277623
v 0.307021 0.094436 0.264123
v 0.318221 0.099136 0.248623
v 0.295221 0.089336 0.279023
v 0.339421 0.078336 0.232523
v 0.328621 0.103636 0.232523
v 0.332421 0.090236 0.231323
v -0.009179 -0.070264 0.467023
v -0.014779 -0.057764 0.469123
v -0.035479 -0.066564 0.466323
v -0.029779 -0.079064 0.464223
v 0.011520 -0.061464 0.468623
v 0.006021 -0.048864 0.470823
v -0.019979 -0.045064 0.467023
v -0.040579 -0.053764 0.464223
v 0.000720 -0.036164 0.468623
v 0.032320 -0.052664 0.469223
v 0.026921 -0.039964 0.471323
v 0.021520 -0.027364 0.469223
v 0.358021 0.086236 0.198723
v 0.350921 0.098136 0.197723
v 0.359021 0.101636 0.180123
v 0.366221 0.089736 0.181123
v 0.349121 0.082436 0.215823
v 0.342021 0.094436 0.214723
v 0.347321 0.111536 0.198723
v 0.355421 0.115036 0.181123
v 0.338321 0.107736 0.215823
v 0.373521 0.092936 0.163023
v 0.362821 0.118136 0.163023
v 0.366321 0.104736 0.162223
v 0.073721 -0.034964 0.467023
v 0.068521 -0.022264 0.469123
v 0.047721 -0.031064 0.470823
v 0.053020 -0.043764 0.468623
v 0.094321 -0.026164 0.464223
v 0.089221 -0.013364 0.466323
v 0.062921 -0.009664 0.467023
v 0.042220 -0.018464 0.468623
v 0.083621 -0.000864 0.464223
v 0.114821 -0.017464 0.460423
v 0.109821 -0.004664 0.462523
v 0.104021 0.007836 0.460423
v 0.385821 0.098136 0.125923
v 0.378521 0.109936 0.125323
v 0.383321 0.111936 0.106423
v 0.390621 0.100136 0.106923
v 0.380121 0.095636 0.144623
v 0.372821 0.107536 0.143923
v 0.375021 0.123336 0.125923
v 0.379821 0.125436 0.106923
v 0.369321 0.120936 0.144623
v 0.394621 0.101836 0.087723
v 0.383821 0.127136 0.087723
v 0.387321 0.113636 0.087323
v 0.155121 -0.000264 0.449423
v 0.150220 0.012636 0.451423
v 0.130121 0.004036 0.457523
v 0.135021 -0.008764 0.455423
v 0.174821 0.008136 0.442323
v 0.170021 0.021036 0.444323
v 0.144321 0.025036 0.449423
v 0.124320 0.016436 0.455423
v 0.164021 0.033436 0.442323
v 0.194121 0.016436 0.434223
v 0.189521 0.029336 0.436223
v 0.183421 0.041636 0.434223
v 0.399921 0.104136 0.048723
v 0.392521 0.115936 0.048523
v 0.393921 0.116536 0.029023
v 0.401221 0.104636 0.029123
v 0.397721 0.103136 0.068323
v 0.390321 0.114936 0.068023
v 0.389121 0.129436 0.048723
v 0.390421 0.129936 0.029123
v 0.386921 0.128436 0.068323
v 0.401721 0.104836 0.009423
v 0.390921 0.130136 0.009423
v 0.394321 0.116636 0.009423
v 0.231720 0.032436 0.414923
v 0.227221 0.045436 0.416823
v 0.208621 0.037436 0.427023
v 0.213121 0.024436 0.425023
v 0.249720 0.040136 0.403823
v 0.245320 0.053136 0.405623
v 0.220920 0.057636 0.414923
v 0.202321 0.049736 0.425023
v 0.238920 0.065336 0.403823
v 0.267321 0.047536 0.391723
v 0.263021 0.060636 0.393523
v 0.256521 0.072836 0.391723
v 0.399921 0.104136 -0.029977
v 0.392521 0.115936 -0.029777
v 0.390321 0.114936 -0.049177
v 0.397721 0.103136 -0.049577
v 0.401221 0.104636 -0.010277
v 0.393921 0.116536 -0.010177
v 0.389121 0.129436 -0.029977
v 0.386921 0.128436 -0.049577
v 0.390421 0.129936 -0.010277
v 0.394621 0.101836 -0.068977
v 0.383821 0.127136 -0.068977
v 0.387321 0.113636 -0.068577
v 0.300621 0.061836 0.364823
v 0.296521 0.074936 0.366523
v 0.280021 0.067936 0.380423
v 0.284221 0.054836 0.378723
v 0.316321 0.068536 0.350123
v 0.312321 0.081736 0.351723
v 0.289821 0.087036 0.364823
v 0.273521 0.080136 0.378723
v 0.305621 0.093736 0.350123
v 0.331421 0.074936 0.334523
v 0.327421 0.088136 0.336023
v 0.320621 0.100136 0.334523
v 0.385821 0.098136 -0.107177
v 0.378521 0.109936 -0.106577
v 0.372821 0.107536 -0.125177
v 0.380121 0.095636 -0.125877
v 0.390621 0.100136 -0.088177
v 0.383321 0.111936 -0.087677
v 0.375021 0.123336 -0.107177
v 0.369321 0.120936 -0.125877
v 0.379821 0.125436 -0.088177
v 0.373521 0.092936 -0.144277
v 0.362821 0.118136 -0.144277
v 0.366321 0.104736 -0.143477
v 0.359221 0.086736 0.301123
v 0.355421 0.100036 0.302423
v 0.341721 0.094236 0.319623
v 0.345721 0.081036 0.318223
v 0.372021 0.092236 0.283323
v 0.368221 0.105536 0.284623
v 0.348521 0.112036 0.301123
v 0.334921 0.106336 0.318223
v 0.361221 0.117536 0.283323
v 0.384021 0.097336 0.264823
v 0.380221 0.110636 0.266023
v 0.373221 0.122636 0.264823
v 0.358021 0.086236 -0.179877
v 0.350921 0.098136 -0.178877
v 0.342021 0.094436 -0.195977
v 0.349121 0.082436 -0.197077
v 0.366221 0.089736 -0.162277
v 0.359021 0.101636 -0.161377
v 0.347321 0.111536 -0.179877
v 0.338321 0.107736 -0.197077
v 0.355421 0.115036 -0.162277
v 0.339421 0.078336 -0.213677
v 0.328621 0.103636 -0.213677
v 0.332421 0.090236 -0.212577
v -0.003879 -0.068064 -0.390277
v -0.009079 -0.055364 -0.388177
v -0.026979 -0.062964 -0.385777
v -0.021879 -0.075764 -0.387877
v 0.014121 -0.060364 -0.391677
v 0.008821 -0.047664 -0.389577
v -0.014679 -0.042764 -0.390277
v -0.032679 -0.050464 -0.387877
v 0.003420 -0.035064 -0.391677
v -0.039779 -0.083364 -0.384477
v -0.050579 -0.058064 -0.384477
v -0.044779 -0.070564 -0.382377
v 0.405321 0.106436 0.226123
v 0.401721 0.119836 0.227123
v 0.391421 0.115436 0.246923
v 0.395121 0.102036 0.245823
v 0.414621 0.110436 0.206023
v 0.411021 0.123836 0.206923
v 0.394521 0.131736 0.226123
v 0.384321 0.127336 0.245823
v 0.403921 0.135736 0.206023
v 0.423120 0.114036 0.185323
v 0.419521 0.127436 0.186123
v 0.412321 0.139236 0.185323
v 0.317821 0.069136 -0.245377
v 0.310921 0.081136 -0.243977
v 0.299121 0.076136 -0.258877
v 0.306021 0.064036 -0.260277
v 0.329021 0.073836 -0.229877
v 0.322021 0.085836 -0.228577
v 0.307021 0.094436 -0.245377
v 0.295221 0.089336 -0.260277
v 0.318221 0.099136 -0.229877
v 0.293521 0.058736 -0.274577
v 0.282721 0.084036 -0.274577
v 0.286721 0.070836 -0.273077
v -0.074979 -0.098364 -0.374877
v -0.079780 -0.085464 -0.372877
v -0.096879 -0.092764 -0.366677
v -0.092179 -0.105664 -0.368677
v -0.057480 -0.090864 -0.380177
v -0.062379 -0.078064 -0.378077
v -0.085680 -0.073064 -0.374877
v -0.102979 -0.080364 -0.368677
v -0.068280 -0.065664 -0.380177
v -0.109079 -0.112864 -0.361577
v -0.119879 -0.087664 -0.361577
v -0.113680 -0.099964 -0.359677
v 0.437021 0.119936 0.142823
v 0.433521 0.133436 0.143523
v 0.427021 0.130636 0.165023
v 0.430521 0.117136 0.164323
v 0.442621 0.122336 0.121123
v 0.439121 0.135736 0.121623
v 0.426321 0.145236 0.142823
v 0.419821 0.142436 0.164323
v 0.431821 0.147636 0.121123
v 0.447121 0.124236 0.099123
v 0.443721 0.137736 0.099523
v 0.436421 0.149536 0.099123
v 0.266621 0.047336 -0.301077
v 0.260021 0.059436 -0.299377
v 0.245821 0.053336 -0.311477
v 0.252321 0.041236 -0.313177
v 0.280321 0.053136 -0.288177
v 0.273621 0.065236 -0.286577
v 0.255821 0.072536 -0.301077
v 0.241521 0.066436 -0.313177
v 0.269621 0.078436 -0.288177
v 0.237521 0.034836 -0.324477
v 0.226720 0.060136 -0.324477
v 0.231020 0.047036 -0.322777
v -0.141879 -0.126864 -0.344777
v -0.146279 -0.113864 -0.342877
v -0.161979 -0.120564 -0.333277
v -0.157579 -0.133564 -0.335077
v -0.125680 -0.119964 -0.353677
v -0.130180 -0.106964 -0.351677
v -0.152579 -0.101564 -0.344777
v -0.168379 -0.108364 -0.335077
v -0.136480 -0.094664 -0.353677
v -0.172979 -0.140164 -0.324477
v -0.183679 -0.114864 -0.324477
v -0.177279 -0.127064 -0.322777
v 0.453221 0.126836 0.054423
v 0.449821 0.140336 0.054623
v 0.447221 0.139236 0.077123
v 0.450721 0.125736 0.076823
v 0.454821 0.127536 0.031923
v 0.451321 0.140936 0.032023
v 0.442421 0.152136 0.054423
v 0.439921 0.151036 0.076823
v 0.444021 0.152836 0.031923
v 0.455321 0.127736 0.009423
v 0.451821 0.141236 0.009423
v 0.444521 0.153036 0.009423
v 0.206421 0.021636 -0.344777
v 0.200120 0.033836 -0.342877
v 0.184021 0.027036 -0.351677
v 0.190221 0.014736 -0.353677
v 0.222221 0.028336 -0.335077
v 0.215821 0.040536 -0.333277
v 0.195621 0.046936 -0.344777
v 0.179421 0.040036 -0.353677
v 0.211421 0.053636 -0.335077
v 0.173621 0.007636 -0.361577
v 0.162921 0.032936 -0.361577
v 0.167521 0.019936 -0.359677
v -0.202079 -0.152564 -0.301077
v -0.206180 -0.139364 -0.299377
v -0.219880 -0.145164 -0.286577
v -0.215779 -0.158364 -0.288177
v -0.187779 -0.146464 -0.313177
v -0.191980 -0.133264 -0.311477
v -0.212879 -0.127264 -0.301077
v -0.226579 -0.133164 -0.288177
v -0.198579 -0.121164 -0.313177
v -0.228879 -0.163964 -0.274577
v -0.239679 -0.138764 -0.274577
v -0.232880 -0.150764 -0.273077
v 0.453221 0.126836 -0.035677
v 0.449821 0.140336 -0.035877
v 0.451321 0.140936 -0.013277
v 0.454821 0.127536 -0.013177
v 0.450721 0.125736 -0.058077
v 0.447221 0.139236 -0.058377
v 0.442421 0.152136 -0.035677
v 0.444021 0.152836 -0.013177
v 0.439921 0.151036 -0.058077
v 0.139521 -0.006864 -0.374877
v 0.133521 0.005536 -0.372877
v 0.116221 -0.001964 -0.378077
v 0.122021 -0.014364 -0.380177
v 0.156721 0.000436 -0.368677
v 0.150721 0.012836 -0.366677
v 0.128721 0.018336 -0.374877
v 0.111221 0.010936 -0.380177
v 0.145921 0.025736 -0.368677
v -0.253279 -0.174364 -0.245377
v -0.257179 -0.161064 -0.243977
v -0.268279 -0.165864 -0.228577
v -0.264380 -0.179164 -0.229877
v -0.241380 -0.169364 -0.260277
v -0.245379 -0.156064 -0.258877
v -0.264079 -0.149064 -0.245377
v -0.275180 -0.153864 -0.229877
v -0.252180 -0.144064 -0.260277
vn -0.3644 0.9127 0.1848
vn -0.3642 0.9128 0.1846
vn -0.3727 0.9092 0.1857
vn -0.4063 0.8949 -0.1848
vn -0.4063 0.8948 -0.1848
vn -0.4062 0.8949 -0.1848
vn -0.3980 0.8984 -0.1857
vn -0.2344 0.7964 0.5575
vn -0.2597 0.7856 0.5616
vn -0.2851 0.7748 0.5643
vn -0.3106 0.7639 0.5657
vn -0.3811 0.9056 0.1862
vn -0.3894 0.9020 -0.1864
vn -0.3896 0.9020 -0.1860
vn -0.3362 0.7530 -0.5657
vn -0.3617 0.7421 -0.5643
vn -0.3871 0.7313 -0.5616
vn -0.4121 0.7206 -0.5576
vn -0.4120 0.7204 -0.5580
vn -0.4145 0.8914 -0.1832
vn -0.4146 0.8913 -0.1836
vn -0.3561 0.9163 0.1835
vn 0.4063 -0.8948 0.1848
vn 0.3644 -0.9127 -0.1848
vn 0.3980 -0.8984 0.1857
vn 0.3727 -0.9092 -0.1857
vn 0.4123 -0.7205 0.5575
vn 0.4146 -0.8913 0.1835
vn 0.3561 -0.9163 -0.1835
vn 0.3561 -0.9162 -0.1835
vn 0.2344 -0.7964 -0.5575
vn 0.2342 -0.7964 -0.5575
vn 0.2597 -0.7856 -0.5616
vn 0.2851 -0.7748 -0.5643
vn 0.3106 -0.7639 -0.5657
vn 0.3811 -0.9056 -0.1862
vn 0.3896 -0.9020 0.1862
vn 0.3362 -0.7530 0.5657
vn 0.3617 -0.7421 0.5643
vn 0.3871 -0.7313 0.5616
vn 0.4391 -0.8809 0.1768
vn 0.4392 -0.8809 0.1768
vn 0.3316 -0.9267 -0.1768
vn 0.3317 -0.9267 -0.1768
vn 0.4310 -0.8843 0.1795
vn 0.3397 -0.9233 -0.1795
vn 0.5107 -0.6786 0.5279
vn 0.5108 -0.6786 0.5279
vn 0.4470 -0.8775 0.1738
vn 0.4471 -0.8774 0.1741
vn 0.3237 -0.9301 -0.1738
vn 0.1361 -0.8383 -0.5280
vn 0.1361 -0.8383 -0.5279
vn 0.1601 -0.8281 -0.5373
vn 0.1845 -0.8177 -0.5453
vn 0.2093 -0.8071 -0.5521
vn 0.3478 -0.9198 -0.1818
vn 0.3478 -0.9198 -0.1817
vn 0.4229 -0.8878 0.1817
vn 0.4374 -0.7098 0.5521
vn 0.4622 -0.6993 0.5453
vn 0.4622 -0.6992 0.5453
vn 0.4866 -0.6888 0.5373
vn 0.4698 -0.8678 0.1620
vn 0.4699 -0.8678 0.1616
vn 0.3009 -0.9398 -0.1620
vn 0.4624 -0.8709 0.1663
vn 0.3083 -0.9366 -0.1663
vn 0.6018 -0.6397 0.4781
vn 0.4770 -0.8647 0.1573
vn 0.2937 -0.9429 -0.1572
vn 0.2937 -0.9429 -0.1573
vn 0.0448 -0.8772 -0.4781
vn 0.0449 -0.8772 -0.4781
vn 0.0668 -0.8678 -0.4923
vn 0.0668 -0.8679 -0.4923
vn 0.0893 -0.8582 -0.5054
vn 0.0893 -0.8582 -0.5055
vn 0.1126 -0.8484 -0.5172
vn 0.1124 -0.8484 -0.5173
vn 0.3159 -0.9334 -0.1702
vn 0.4548 -0.8742 0.1702
vn 0.5343 -0.6685 0.5173
vn 0.5574 -0.6587 0.5054
vn 0.5575 -0.6587 0.5053
vn 0.5799 -0.6493 0.4921
vn 0.5799 -0.6491 0.4923
vn 0.4972 -0.8561 0.1410
vn 0.4972 -0.8561 0.1411
vn 0.2735 -0.9515 -0.1410
vn 0.4907 -0.8589 0.1468
vn 0.2800 -0.9487 -0.1468
vn 0.6823 -0.6054 0.4098
vn 0.5035 -0.8534 0.1349
vn 0.2672 -0.9541 -0.1349
vn 0.2670 -0.9542 -0.1349
vn -0.0355 -0.9115 -0.4098
vn -0.0166 -0.9034 -0.4286
vn -0.0166 -0.9034 -0.4285
vn 0.0032 -0.8950 -0.4461
vn 0.0031 -0.8950 -0.4461
vn 0.0237 -0.8862 -0.4626
vn 0.2867 -0.9458 -0.1522
vn 0.2867 -0.9459 -0.1522
vn 0.4840 -0.8617 0.1522
vn 0.6231 -0.6307 0.4626
vn 0.6436 -0.6219 0.4461
vn 0.6633 -0.6135 0.4285
vn 0.5204 -0.8462 0.1146
vn 0.2502 -0.9614 -0.1146
vn 0.2503 -0.9614 -0.1146
vn 0.5151 -0.8485 0.1216
vn 0.2556 -0.9591 -0.1216
vn 0.7489 -0.5770 0.3258
vn 0.5254 -0.8441 0.1072
vn 0.5254 -0.8441 0.1070
vn 0.2453 -0.9635 -0.1072
vn -0.1023 -0.9399 -0.3258
vn -0.1022 -0.9399 -0.3258
vn -0.0869 -0.9334 -0.3481
vn -0.0708 -0.9265 -0.3696
vn -0.0536 -0.9192 -0.3901
vn 0.2613 -0.9567 -0.1284
vn 0.5094 -0.8509 0.1284
vn 0.7004 -0.5977 0.3902
vn 0.7175 -0.5904 0.3696
vn 0.7337 -0.5835 0.3481
vn 0.5386 -0.8384 0.0838
vn 0.5384 -0.8385 0.0837
vn 0.2323 -0.9690 -0.0837
vn 0.5344 -0.8402 0.0918
vn 0.2363 -0.9673 -0.0918
vn 0.2363 -0.9673 -0.0920
vn 0.7992 -0.5556 0.2293
vn 0.5420 -0.8370 0.0755
vn 0.2287 -0.9706 -0.0755
vn 0.2286 -0.9706 -0.0755
vn -0.1527 -0.9613 -0.2293
vn -0.1526 -0.9613 -0.2293
vn -0.1415 -0.9567 -0.2544
vn -0.1295 -0.9516 -0.2789
vn -0.1164 -0.9459 -0.3027
vn 0.2406 -0.9655 -0.0996
vn 0.2406 -0.9655 -0.0995
vn 0.5301 -0.8420 0.0996
vn 0.5301 -0.8421 0.0996
vn 0.7631 -0.5710 0.3027
vn 0.7763 -0.5654 0.2789
vn 0.7883 -0.5602 0.2544
vn 0.5504 -0.8334 0.0497
vn 0.5504 -0.8334 0.0496
vn 0.2202 -0.9742 -0.0497
vn 0.5480 -0.8344 0.0584
vn 0.2227 -0.9731 -0.0584
vn 0.8312 -0.5419 0.1240
vn 0.5525 -0.8325 0.0408
vn 0.2182 -0.9750 -0.0408
vn -0.1845 -0.9750 -0.1240
vn -0.1783 -0.9723 -0.1509
vn -0.1708 -0.9692 -0.1774
vn -0.1708 -0.9692 -0.1775
vn -0.1621 -0.9655 -0.2038
vn -0.1622 -0.9655 -0.2036
vn 0.2255 -0.9719 -0.0670
vn 0.5452 -0.8356 0.0670
vn 0.8090 -0.5514 0.2036
vn 0.8176 -0.5478 0.1775
vn 0.8176 -0.5477 0.1775
vn 0.8250 -0.5446 0.1508
vn 0.8249 -0.5448 0.1509
vn 0.5562 -0.8309 0.0137
vn 0.2145 -0.9766 -0.0137
vn 0.5554 -0.8313 0.0228
vn 0.2153 -0.9763 -0.0228
vn 0.8437 -0.5366 0.0139
vn 0.5566 -0.8308 0.0046
vn 0.5565 -0.8308 0.0046
vn 0.2141 -0.9768 -0.0046
vn 0.2144 -0.9767 -0.0040
vn -0.1970 -0.9803 -0.0139
vn -0.1957 -0.9798 -0.0416
vn -0.1932 -0.9787 -0.0692
vn -0.1895 -0.9771 -0.0967
vn 0.2166 -0.9757 -0.0318
vn 0.5541 -0.8318 0.0318
vn 0.5543 -0.8317 0.0318
vn 0.8362 -0.5398 0.0967
vn 0.8362 -0.5398 0.0965
vn 0.8400 -0.5382 0.0692
vn 0.8425 -0.5371 0.0416
vn 0.5554 -0.8313 -0.0228
vn 0.5554 -0.8313 -0.0226
vn 0.2153 -0.9763 0.0228
vn 0.5561 -0.8310 -0.0137
vn 0.5562 -0.8310 -0.0137
vn 0.2145 -0.9766 0.0137
vn 0.8362 -0.5398 -0.0967
vn 0.5541 -0.8318 -0.0318
vn 0.5541 -0.8319 -0.0319
vn 0.2166 -0.9757 0.0318
vn -0.1895 -0.9771 0.0967
vn -0.1932 -0.9787 0.0692
vn -0.1957 -0.9798 0.0416
vn -0.1970 -0.9803 0.0139
vn 0.2146 -0.9767 0.0042
vn 0.2143 -0.9768 0.0044
vn 0.5566 -0.8308 -0.0046
vn 0.8437 -0.5366 -0.0139
vn 0.8425 -0.5371 -0.0416
vn 0.8399 -0.5382 -0.0694
vn 0.8400 -0.5382 -0.0692
vn 0.5480 -0.8344 -0.0584
vn 0.2227 -0.9731 0.0584
vn 0.5502 -0.8335 -0.0498
vn 0.5504 -0.8334 -0.0497
vn 0.2203 -0.9742 0.0497
vn 0.8090 -0.5514 -0.2036
vn 0.5452 -0.8356 -0.0670
vn 0.2255 -0.9719 0.0670
vn -0.1622 -0.9655 0.2038
vn -0.1622 -0.9655 0.2036
vn -0.1709 -0.9692 0.1774
vn -0.1709 -0.9692 0.1775
vn -0.1783 -0.9723 0.1509
vn -0.1845 -0.9750 0.1240
vn 0.2182 -0.9750 0.0408
vn 0.5525 -0.8325 -0.0408
vn 0.8312 -0.5419 -0.1240
vn 0.8252 -0.5444 -0.1506
vn 0.8250 -0.5446 -0.1509
vn 0.8176 -0.5478 -0.1775
vn 0.8176 -0.5477 -0.1775
vn 0.5347 -0.8401 -0.0918
vn 0.5344 -0.8402 -0.0918
vn 0.2363 -0.9673 0.0918
vn 0.2362 -0.9673 0.0919
vn 0.5384 -0.8385 -0.0837
vn 0.5384 -0.8385 -0.0839
vn 0.2323 -0.9690 0.0837
vn 0.7632 -0.5709 -0.3027
vn 0.7631 -0.5709 -0.3027
vn 0.5301 -0.8421 -0.0996
vn 0.2406 -0.9655 0.0996
vn -0.1164 -0.9459 0.3027
vn -0.1164 -0.9460 0.3026
vn -0.1295 -0.9515 0.2789
vn -0.1415 -0.9567 0.2544
vn -0.1415 -0.9567 0.2543
vn -0.1525 -0.9613 0.2293
vn 0.2287 -0.9706 0.0755
vn 0.2286 -0.9706 0.0755
vn 0.5420 -0.8370 -0.0755
vn 0.7992 -0.5556 -0.2293
vn 0.7883 -0.5602 -0.2544
vn 0.7763 -0.5653 -0.2789
vn 0.7763 -0.5654 -0.2789
vn 0.5151 -0.8485 -0.1216
vn 0.2556 -0.9591 0.1216
vn 0.5203 -0.8462 -0.1146
vn 0.5204 -0.8462 -0.1146
vn 0.2503 -0.9614 0.1146
vn 0.7004 -0.5977 -0.3901
vn 0.5094 -0.8509 -0.1284
vn 0.2613 -0.9567 0.1284
vn -0.0536 -0.9192 0.3901
vn -0.0708 -0.9265 0.3696
vn -0.0869 -0.9334 0.3481
vn -0.1022 -0.9399 0.3258
vn 0.2453 -0.9635 0.1072
vn 0.5254 -0.8441 -0.1072
vn 0.7489 -0.5770 -0.3258
vn 0.7337 -0.5835 -0.3481
vn 0.7175 -0.5904 -0.3696
vn 0.4907 -0.8589 -0.1468
vn 0.2800 -0.9487 0.1468
vn 0.4972 -0.8561 -0.1410
vn 0.2735 -0.9515 0.1410
vn 0.2735 -0.9515 0.1409
vn 0.6231 -0.6307 -0.4626
vn 0.4840 -0.8617 -0.1522
vn 0.2867 -0.9458 0.1523
vn 0.0237 -0.8863 0.4626
vn 0.0031 -0.8950 0.4461
vn -0.0166 -0.9034 0.4286
vn -0.0166 -0.9034 0.4285
vn -0.0355 -0.9115 0.4098
vn 0.2670 -0.9542 0.1349
vn 0.2672 -0.9542 0.1349
vn 0.5035 -0.8534 -0.1349
vn 0.6823 -0.6054 -0.4098
vn 0.6634 -0.6135 -0.4285
vn 0.6436 -0.6219 -0.4461
vn 0.4624 -0.8710 -0.1661
vn 0.4624 -0.8709 -0.1663
vn 0.3083 -0.9366 0.1663
vn 0.4697 -0.8678 -0.1620
vn 0.4698 -0.8678 -0.1620
vn 0.3009 -0.9398 0.1621
vn 0.3009 -0.9398 0.1620
vn 0.5343 -0.6685 -0.5173
vn 0.4548 -0.8742 -0.1702
vn 0.3159 -0.9334 0.1702
vn 0.3161 -0.9334 0.1700
vn 0.1124 -0.8484 0.5173
vn 0.0893 -0.8582 0.5054
vn 0.0894 -0.8583 0.5053
vn 0.0668 -0.8679 0.4923
vn 0.0668 -0.8679 0.4921
vn 0.0449 -0.8772 0.4781
vn 0.2937 -0.9429 0.1573
vn 0.4770 -0.8647 -0.1575
vn 0.4772 -0.8647 -0.1569
vn 0.6018 -0.6397 -0.4781
vn 0.5799 -0.6491 -0.4924
vn 0.5799 -0.6491 -0.4923
vn 0.5574 -0.6587 -0.5054
vn 0.4310 -0.8843 -0.1795
vn 0.3397 -0.9233 0.1795
vn 0.3396 -0.9233 0.1795
vn 0.4391 -0.8809 -0.1768
vn 0.3316 -0.9267 0.1768
vn 0.3317 -0.9267 0.1768
vn 0.4374 -0.7098 -0.5521
vn 0.4229 -0.8878 -0.1817
vn 0.3478 -0.9198 0.1817
vn 0.2093 -0.8071 0.5521
vn 0.1845 -0.8176 0.5454
vn 0.1601 -0.8281 0.5373
vn 0.1361 -0.8383 0.5279
vn 0.3237 -0.9301 0.1738
vn 0.4470 -0.8775 -0.1737
vn 0.5107 -0.6786 -0.5279
vn 0.4866 -0.6888 -0.5374
vn 0.4866 -0.6888 -0.5373
vn 0.4622 -0.6993 -0.5453
vn 0.3980 -0.8984 -0.1857
vn 0.3727 -0.9092 0.1857
vn 0.4063 -0.8948 -0.1848
vn 0.3644 -0.9127 0.1848
vn 0.3362 -0.7530 -0.5657
vn 0.3362 -0.7529 -0.5657
vn 0.3896 -0.9020 -0.1862
vn 0.3811 -0.9056 0.1862
vn 0.3106 -0.7639 0.5657
vn 0.2851 -0.7748 0.5643
vn 0.2597 -0.7856 0.5616
vn 0.2343 -0.7964 0.5575
vn 0.2344 -0.7964 0.5575
vn 0.3561 -0.9163 0.1835
vn 0.4146 -0.8913 -0.1835
vn 0.4123 -0.7205 -0.5575
vn 0.3871 -0.7313 -0.5616
vn 0.3617 -0.7421 -0.5643
vn 0.3980 -0.8984 0.1856
vn 0.4121 -0.7205 0.5577
vn 0.4125 -0.7205 0.5575
vn 0.3617 -0.7422 0.5643
vn 0.3896 -0.9020 0.1860
vn 0.3812 -0.9056 -0.1862
vn 0.2597 -0.7857 -0.5614
vn 0.2596 -0.7856 -0.5616
vn 0.4391 -0.8809 0.1766
vn 0.3398 -0.9232 -0.1796
vn 0.4311 -0.8843 0.1796
vn 0.3235 -0.9302 -0.1734
vn 0.3237 -0.9301 -0.1737
vn 0.4470 -0.8775 0.1736
vn 0.4375 -0.7098 0.5521
vn 0.3478 -0.9197 -0.1819
vn 0.4699 -0.8678 0.1618
vn 0.4700 -0.8677 0.1620
vn 0.4624 -0.8709 0.1664
vn 0.0450 -0.8771 -0.4781
vn 0.2934 -0.9429 -0.1573
vn 0.4772 -0.8647 0.1569
vn 0.4770 -0.8648 0.1567
vn 0.5800 -0.6491 0.4921
vn 0.3161 -0.9333 -0.1703
vn 0.3159 -0.9334 -0.1703
vn 0.0669 -0.8679 -0.4923
vn 0.4841 -0.8616 0.1523
vn 0.4840 -0.8617 0.1523
vn 0.0237 -0.8863 -0.4626
vn 0.0236 -0.8863 -0.4625
vn 0.0029 -0.8950 -0.4461
vn 0.2501 -0.9614 -0.1146
vn 0.5204 -0.8462 0.1145
vn -0.0536 -0.9192 -0.3902
vn -0.0871 -0.9334 -0.3481
vn -0.1524 -0.9613 -0.2293
vn 0.7762 -0.5655 0.2789
vn 0.7763 -0.5653 0.2789
vn 0.5301 -0.8421 0.0997
vn -0.1164 -0.9460 -0.3027
vn -0.1295 -0.9515 -0.2789
vn 0.5505 -0.8334 0.0497
vn 0.2228 -0.9731 -0.0585
vn 0.2182 -0.9750 -0.0410
vn 0.2184 -0.9750 -0.0408
vn 0.8313 -0.5419 0.1240
vn 0.8250 -0.5446 0.1509
vn -0.1617 -0.9655 -0.2042
vn -0.1709 -0.9692 -0.1775
vn 0.5554 -0.8313 0.0230
vn 0.2144 -0.9767 -0.0043
vn 0.2142 -0.9768 -0.0045
vn 0.8364 -0.5396 0.0967
vn 0.5543 -0.8317 0.0320
vn -0.1932 -0.9787 -0.0693
vn 0.2152 -0.9763 0.0228
vn 0.2143 -0.9767 0.0138
vn 0.5562 -0.8309 -0.0137
vn -0.1895 -0.9771 0.0965
vn 0.5541 -0.8319 -0.0318
vn 0.8436 -0.5367 -0.0139
vn 0.2144 -0.9767 0.0043
vn 0.2143 -0.9767 0.0044
vn -0.1957 -0.9798 0.0417
vn -0.1959 -0.9797 0.0417
vn -0.1932 -0.9787 0.0693
vn 0.2225 -0.9732 0.0586
vn 0.2202 -0.9742 0.0497
vn -0.1623 -0.9655 0.2036
vn 0.8175 -0.5478 -0.1775
vn 0.2184 -0.9750 0.0408
vn -0.1164 -0.9460 0.3027
vn 0.5300 -0.8421 -0.0998
vn 0.7762 -0.5655 -0.2789
vn 0.7762 -0.5656 -0.2787
vn 0.7881 -0.5604 -0.2545
vn 0.7992 -0.5557 -0.2291
vn -0.1295 -0.9516 0.2789
vn 0.2503 -0.9614 0.1144
vn 0.2502 -0.9614 0.1146
vn -0.0538 -0.9193 0.3899
vn 0.7004 -0.5977 -0.3902
vn 0.7337 -0.5836 -0.3481
vn 0.0237 -0.8863 0.4625
vn 0.0237 -0.8862 0.4626
vn 0.2867 -0.9458 0.1522
vn 0.2867 -0.9459 0.1523
vn 0.6436 -0.6219 -0.4462
vn 0.6633 -0.6135 -0.4285
vn 0.2672 -0.9541 0.1349
vn 0.2671 -0.9542 0.1349
vn 0.3081 -0.9367 0.1664
vn 0.3009 -0.9398 0.1619
vn 0.4698 -0.8678 -0.1619
vn 0.3161 -0.9333 0.1703
vn 0.3159 -0.9334 0.1704
vn 0.5799 -0.6491 -0.4922
vn 0.6018 -0.6398 -0.4780
vn 0.4770 -0.8647 -0.1573
vn 0.4767 -0.8649 -0.1572
vn 0.2938 -0.9428 0.1573
vn 0.0447 -0.8775 0.4774
vn 0.0671 -0.8680 0.4920
vn 0.0671 -0.8677 0.4925
vn 0.0893 -0.8583 0.5054
vn 0.0895 -0.8582 0.5055
vn 0.3397 -0.9232 0.1795
vn 0.3397 -0.9232 0.1796
vn 0.3315 -0.9267 0.1770
vn 0.4229 -0.8878 -0.1816
vn 0.5105 -0.6787 -0.5279
vn 0.3235 -0.9302 0.1734
vn 0.3237 -0.9301 0.1737
vn 0.1845 -0.8177 0.5453
vn 0.3727 -0.9092 0.1858
vn 0.3894 -0.9020 -0.1862
vn 0.3895 -0.9020 -0.1864
vn 0.3361 -0.7528 -0.5659
vn 0.3364 -0.7530 -0.5655
vn 0.4120 -0.7207 -0.5576
vn 0.4124 -0.7205 -0.5575
vn 0.2598 -0.7856 0.5616
vn 0.2849 -0.7747 0.5646
vn -0.3316 0.9267 0.1767
vn -0.3316 0.9267 0.1769
vn -0.3397 0.9233 0.1795
vn -0.4391 0.8809 -0.1768
vn -0.4310 0.8843 -0.1795
vn -0.1361 0.8383 0.5280
vn -0.1361 0.8383 0.5279
vn -0.1601 0.8281 0.5373
vn -0.1845 0.8176 0.5454
vn -0.2093 0.8071 0.5521
vn -0.3478 0.9198 0.1817
vn -0.4229 0.8878 -0.1817
vn -0.4372 0.7099 -0.5522
vn -0.4374 0.7098 -0.5521
vn -0.4622 0.6993 -0.5453
vn -0.4866 0.6888 -0.5373
vn -0.4866 0.6889 -0.5373
vn -0.5107 0.6786 -0.5278
vn -0.5107 0.6786 -0.5279
vn -0.4470 0.8775 -0.1737
vn -0.4470 0.8775 -0.1738
vn -0.3237 0.9301 0.1738
vn -0.3009 0.9398 0.1620
vn -0.3083 0.9366 0.1663
vn -0.4698 0.8678 -0.1620
vn -0.4624 0.8709 -0.1663
vn -0.0449 0.8772 0.4781
vn -0.0668 0.8678 0.4923
vn -0.0893 0.8583 0.5054
vn -0.0893 0.8582 0.5054
vn -0.1124 0.8484 0.5173
vn -0.3159 0.9334 0.1703
vn -0.4548 0.8742 -0.1702
vn -0.4547 0.8742 -0.1702
vn -0.5343 0.6685 -0.5173
vn -0.5574 0.6587 -0.5054
vn -0.5799 0.6491 -0.4923
vn -0.6018 0.6397 -0.4781
vn -0.4770 0.8647 -0.1573
vn -0.2937 0.9429 0.1573
vn -0.2735 0.9515 0.1410
vn -0.2800 0.9487 0.1468
vn -0.4970 0.8562 -0.1412
vn -0.4972 0.8561 -0.1410
vn -0.4907 0.8589 -0.1468
vn -0.4908 0.8588 -0.1468
vn 0.0355 0.9115 0.4098
vn 0.0166 0.9034 0.4285
vn -0.0031 0.8950 0.4461
vn -0.0237 0.8863 0.4626
vn -0.2867 0.9458 0.1523
vn -0.4840 0.8617 -0.1522
vn -0.6231 0.6307 -0.4626
vn -0.6436 0.6219 -0.4461
vn -0.6437 0.6218 -0.4460
vn -0.6633 0.6135 -0.4286
vn -0.6633 0.6135 -0.4285
vn -0.6823 0.6054 -0.4098
vn -0.6822 0.6054 -0.4100
vn -0.5035 0.8534 -0.1349
vn -0.2672 0.9542 0.1348
vn -0.2672 0.9542 0.1349
vn -0.2503 0.9614 0.1146
vn -0.2503 0.9614 0.1147
vn -0.2556 0.9591 0.1216
vn -0.5204 0.8462 -0.1147
vn -0.5203 0.8462 -0.1146
vn -0.5145 0.8487 -0.1220
vn -0.5152 0.8484 -0.1218
vn 0.1022 0.9399 0.3258
vn 0.0869 0.9334 0.3481
vn 0.0708 0.9265 0.3696
vn 0.0708 0.9265 0.3695
vn 0.0535 0.9192 0.3903
vn 0.0536 0.9192 0.3901
vn -0.2613 0.9567 0.1284
vn -0.5094 0.8509 -0.1284
vn -0.7005 0.5976 -0.3902
vn -0.7004 0.5977 -0.3901
vn -0.7175 0.5904 -0.3696
vn -0.7175 0.5904 -0.3697
vn -0.7337 0.5835 -0.3481
vn -0.7489 0.5770 -0.3260
vn -0.7489 0.5770 -0.3258
vn -0.5254 0.8441 -0.1071
vn -0.5254 0.8441 -0.1072
vn -0.2453 0.9635 0.1072
vn -0.2323 0.9690 0.0837
vn -0.2363 0.9673 0.0917
vn -0.2363 0.9673 0.0918
vn -0.5385 0.8384 -0.0837
vn -0.5384 0.8385 -0.0837
vn -0.5344 0.8402 -0.0918
vn 0.1524 0.9614 0.2293
vn 0.1415 0.9567 0.2544
vn 0.1295 0.9515 0.2789
vn 0.1164 0.9460 0.3027
vn -0.2407 0.9655 0.0996
vn -0.2406 0.9655 0.0996
vn -0.5301 0.8421 -0.0996
vn -0.5300 0.8421 -0.0996
vn -0.7633 0.5707 -0.3029
vn -0.7632 0.5707 -0.3029
vn -0.7762 0.5654 -0.2789
vn -0.7763 0.5653 -0.2789
vn -0.7883 0.5602 -0.2544
vn -0.7992 0.5556 -0.2293
vn -0.5420 0.8370 -0.0755
vn -0.2287 0.9706 0.0755
vn -0.2201 0.9742 0.0496
vn -0.2203 0.9742 0.0497
vn -0.2227 0.9731 0.0584
vn -0.5503 0.8335 -0.0497
vn -0.5504 0.8334 -0.0497
vn -0.5480 0.8344 -0.0584
vn 0.1845 0.9750 0.1240
vn 0.1846 0.9749 0.1242
vn 0.1783 0.9723 0.1509
vn 0.1709 0.9692 0.1775
vn 0.1621 0.9655 0.2038
vn 0.1622 0.9655 0.2036
vn -0.2255 0.9719 0.0670
vn -0.2253 0.9720 0.0671
vn -0.5452 0.8356 -0.0670
vn -0.5452 0.8356 -0.0669
vn -0.8090 0.5514 -0.2036
vn -0.8176 0.5477 -0.1775
vn -0.8250 0.5446 -0.1509
vn -0.8250 0.5446 -0.1510
vn -0.8312 0.5419 -0.1240
vn -0.8315 0.5415 -0.1240
vn -0.5525 0.8325 -0.0408
vn -0.2182 0.9750 0.0408
vn -0.2145 0.9766 0.0137
vn -0.2145 0.9766 0.0138
vn -0.2153 0.9763 0.0228
vn -0.2155 0.9762 0.0228
vn -0.5562 0.8309 -0.0137
vn -0.5554 0.8313 -0.0228
vn 0.1970 0.9803 0.0139
vn 0.1957 0.9798 0.0416
vn 0.1932 0.9787 0.0692
vn 0.1895 0.9771 0.0967
vn -0.2166 0.9757 0.0318
vn -0.5541 0.8318 -0.0318
vn -0.8362 0.5398 -0.0967
vn -0.8364 0.5395 -0.0967
vn -0.8400 0.5382 -0.0692
vn -0.8425 0.5371 -0.0416
vn -0.8437 0.5366 -0.0139
vn -0.8437 0.5367 -0.0139
vn -0.5566 0.8308 -0.0046
vn -0.2141 0.9768 0.0046
vn -0.2140 0.9768 0.0046
vn -0.2153 0.9763 -0.0228
vn -0.2143 0.9767 -0.0137
vn -0.2145 0.9766 -0.0137
vn -0.5554 0.8313 0.0228
vn -0.5562 0.8309 0.0137
vn 0.1895 0.9771 -0.0967
vn 0.1896 0.9771 -0.0970
vn 0.1932 0.9787 -0.0692
vn 0.1957 0.9798 -0.0416
vn 0.1970 0.9803 -0.0139
vn -0.2140 0.9768 -0.0046
vn -0.5566 0.8308 0.0046
vn -0.8436 0.5367 0.0139
vn -0.8438 0.5365 0.0139
vn -0.8425 0.5371 0.0416
vn -0.8400 0.5382 0.0693
vn -0.8400 0.5382 0.0692
vn -0.8361 0.5400 0.0967
vn -0.8362 0.5398 0.0968
vn -0.5541 0.8318 0.0318
vn -0.2166 0.9757 -0.0318
vn -0.2227 0.9731 -0.0584
vn -0.2203 0.9742 -0.0497
vn -0.5480 0.8344 0.0584
vn -0.5503 0.8335 0.0497
vn -0.5502 0.8336 0.0497
vn 0.1622 0.9655 -0.2036
vn 0.1621 0.9655 -0.2037
vn 0.1709 0.9692 -0.1775
vn 0.1783 0.9723 -0.1509
vn 0.1845 0.9750 -0.1241
vn 0.1845 0.9750 -0.1240
vn -0.2182 0.9750 -0.0408
vn -0.5525 0.8325 0.0408
vn -0.8312 0.5419 0.1240
vn -0.8250 0.5446 0.1511
vn -0.8250 0.5446 0.1509
vn -0.8176 0.5477 0.1775
vn -0.8090 0.5514 0.2036
vn -0.5452 0.8356 0.0670
vn -0.2255 0.9719 -0.0670
vn -0.2253 0.9720 -0.0671
vn -0.2363 0.9673 -0.0919
vn -0.2363 0.9673 -0.0918
vn -0.2323 0.9690 -0.0837
vn -0.2324 0.9690 -0.0837
vn -0.5344 0.8402 0.0920
vn -0.5345 0.8402 0.0918
vn -0.5345 0.8401 0.0918
vn -0.5385 0.8385 0.0837
vn -0.5384 0.8385 0.0837
vn 0.1164 0.9460 -0.3027
vn 0.1295 0.9515 -0.2789
vn 0.1415 0.9567 -0.2544
vn 0.1416 0.9567 -0.2544
vn 0.1525 0.9613 -0.2293
vn -0.2287 0.9706 -0.0755
vn -0.2287 0.9706 -0.0756
vn -0.5420 0.8370 0.0755
vn -0.7992 0.5556 0.2293
vn -0.7883 0.5602 0.2544
vn -0.7883 0.5602 0.2545
vn -0.7763 0.5654 0.2788
vn -0.7763 0.5654 0.2789
vn -0.7632 0.5709 0.3027
vn -0.5301 0.8421 0.0996
vn -0.2406 0.9655 -0.0994
vn -0.2409 0.9654 -0.0994
vn -0.2556 0.9591 -0.1214
vn -0.2556 0.9591 -0.1216
vn -0.2503 0.9614 -0.1146
vn -0.2505 0.9613 -0.1146
vn -0.5151 0.8485 0.1216
vn -0.5150 0.8485 0.1216
vn -0.5203 0.8463 0.1146
vn -0.5204 0.8462 0.1147
vn 0.0536 0.9192 -0.3901
vn 0.0708 0.9265 -0.3696
vn 0.0869 0.9334 -0.3481
vn 0.1022 0.9399 -0.3258
vn -0.2453 0.9635 -0.1072
vn -0.5252 0.8442 0.1072
vn -0.5254 0.8441 0.1072
vn -0.7489 0.5770 0.3258
vn -0.7337 0.5835 0.3481
vn -0.7175 0.5904 0.3696
vn -0.7004 0.5977 0.3902
vn -0.5094 0.8509 0.1284
vn -0.2613 0.9567 -0.1283
vn -0.2613 0.9567 -0.1284
vn -0.2800 0.9487 -0.1468
vn -0.2735 0.9515 -0.1410
vn -0.4907 0.8589 0.1468
vn -0.4972 0.8561 0.1410
vn -0.4972 0.8561 0.1411
vn -0.0237 0.8862 -0.4627
vn -0.0239 0.8862 -0.4627
vn -0.0031 0.8950 -0.4461
vn 0.0166 0.9034 -0.4285
vn 0.0355 0.9115 -0.4098
vn -0.2672 0.9542 -0.1349
vn -0.2671 0.9542 -0.1349
vn -0.5035 0.8534 0.1349
vn -0.6823 0.6054 0.4098
vn -0.6634 0.6135 0.4285
vn -0.6632 0.6136 0.4286
vn -0.6436 0.6219 0.4461
vn -0.6231 0.6307 0.4626
vn -0.4840 0.8617 0.1522
vn -0.2867 0.9458 -0.1522
vn -0.3083 0.9366 -0.1663
vn -0.3009 0.9398 -0.1620
vn -0.4624 0.8709 0.1663
vn -0.4698 0.8678 0.1620
vn -0.1124 0.8484 -0.5173
vn -0.0893 0.8583 -0.5054
vn -0.0893 0.8582 -0.5054
vn -0.0668 0.8678 -0.4923
vn -0.0449 0.8772 -0.4781
vn -0.2937 0.9429 -0.1573
vn -0.4770 0.8647 0.1573
vn -0.6018 0.6397 0.4781
vn -0.5799 0.6491 0.4923
vn -0.5574 0.6587 0.5054
vn -0.5343 0.6685 0.5173
vn -0.4548 0.8742 0.1702
vn -0.3163 0.9333 -0.1701
vn -0.3159 0.9334 -0.1703
vn -0.3397 0.9232 -0.1795
vn -0.3397 0.9233 -0.1795
vn -0.3396 0.9233 -0.1795
vn -0.3316 0.9267 -0.1768
vn -0.4311 0.8843 0.1795
vn -0.4310 0.8843 0.1795
vn -0.4391 0.8809 0.1768
vn -0.4391 0.8809 0.1767
vn -0.2093 0.8071 -0.5521
vn -0.1845 0.8176 -0.5454
vn -0.1845 0.8177 -0.5453
vn -0.1601 0.8281 -0.5373
vn -0.1361 0.8383 -0.5280
vn -0.1361 0.8383 -0.5279
vn -0.3235 0.9302 -0.1734
vn -0.3237 0.9301 -0.1737
vn -0.4470 0.8775 0.1737
vn -0.5107 0.6786 0.5279
vn -0.4866 0.6888 0.5373
vn -0.4866 0.6889 0.5373
vn -0.4622 0.6993 0.5453
vn -0.4375 0.7098 0.5521
vn -0.4229 0.8878 0.1817
vn -0.4228 0.8878 0.1817
vn -0.3478 0.9198 -0.1817
vn -0.3727 0.9092 -0.1857
vn -0.3644 0.9127 -0.1848
vn -0.3980 0.8984 0.1857
vn -0.4063 0.8948 0.1848
vn -0.3106 0.7639 -0.5657
vn -0.2851 0.7748 -0.5643
vn -0.2597 0.7856 -0.5616
vn -0.2598 0.7856 -0.5616
vn -0.2345 0.7964 -0.5575
vn -0.2344 0.7964 -0.5575
vn -0.3561 0.9163 -0.1835
vn -0.4146 0.8913 0.1835
vn -0.4146 0.8913 0.1836
vn -0.4120 0.7207 0.5576
vn -0.4123 0.7205 0.5576
vn -0.3871 0.7313 0.5616
vn -0.3870 0.7313 0.5616
vn -0.3617 0.7421 0.5643
vn -0.3362 0.7530 0.5657
vn -0.3896 0.9020 0.1862
vn -0.3810 0.9057 -0.1860
vn -0.3811 0.9056 -0.1862
vn -0.4064 0.8948 -0.1848
vn -0.3646 0.9127 0.1844
vn -0.4123 0.7205 -0.5575
vn -0.3896 0.9020 -0.1862
vn -0.3811 0.9056 0.1861
vn -0.3106 0.7638 0.5659
vn -0.4146 0.8913 -0.1835
vn -0.3316 0.9267 0.1768
vn -0.4375 0.7098 -0.5521
vn -0.1845 0.8177 0.5453
vn -0.3238 0.9300 0.1739
vn -0.4698 0.8678 -0.1619
vn -0.6021 0.6397 -0.4777
vn -0.4548 0.8742 -0.1703
vn -0.3159 0.9334 0.1704
vn -0.3163 0.9333 0.1701
vn -0.2937 0.9429 0.1572
vn -0.4907 0.8588 -0.1468
vn -0.6634 0.6135 -0.4285
vn -0.6634 0.6134 -0.4285
vn -0.6233 0.6305 -0.4626
vn -0.2867 0.9458 0.1522
vn -0.2867 0.9459 0.1522
vn -0.0237 0.8862 0.4626
vn -0.2672 0.9541 0.1351
vn -0.2672 0.9541 0.1349
vn -0.5204 0.8462 -0.1146
vn -0.5149 0.8486 -0.1217
vn -0.5150 0.8485 -0.1214
vn -0.2503 0.9613 0.1147
vn -0.7004 0.5977 -0.3902
vn -0.7763 0.5654 -0.2789
vn -0.7631 0.5711 -0.3027
vn -0.7631 0.5710 -0.3027
vn 0.1525 0.9613 0.2293
vn -0.2286 0.9706 0.0755
vn -0.5480 0.8345 -0.0584
vn -0.2206 0.9741 0.0497
vn -0.8313 0.5419 -0.1240
vn -0.2181 0.9751 0.0407
vn -0.2181 0.9751 0.0408
vn -0.2182 0.9751 0.0408
vn -0.2143 0.9767 0.0137
vn -0.5554 0.8313 0.0230
vn -0.2145 0.9766 -0.0136
vn -0.8362 0.5398 0.0967
vn -0.8363 0.5398 0.0965
vn -0.8400 0.5382 0.0690
vn -0.8437 0.5366 0.0139
vn -0.5541 0.8318 0.0316
vn -0.5504 0.8334 0.0497
vn -0.2204 0.9741 -0.0497
vn -0.2205 0.9741 -0.0497
vn -0.8177 0.5477 0.1775
vn -0.8250 0.5446 0.1510
vn -0.2181 0.9751 -0.0407
vn -0.5344 0.8402 0.0918
vn -0.7631 0.5709 0.3027
vn -0.7763 0.5653 0.2789
vn -0.7883 0.5602 0.2546
vn 0.1524 0.9614 -0.2292
vn 0.1524 0.9613 -0.2293
vn 0.1295 0.9516 -0.2789
vn 0.1164 0.9459 -0.3027
vn -0.2406 0.9655 -0.0996
vn -0.5204 0.8462 0.1146
vn -0.5204 0.8462 0.1145
vn -0.2503 0.9613 -0.1147
vn -0.5253 0.8442 0.1072
vn 0.0536 0.9192 -0.3902
vn -0.4909 0.8588 0.1468
vn -0.4971 0.8561 0.1410
vn -0.6633 0.6135 0.4285
vn -0.2672 0.9541 -0.1351
vn -0.2672 0.9541 -0.1349
vn -0.0237 0.8862 -0.4626
vn -0.2867 0.9459 -0.1522
vn -0.0449 0.8771 -0.4782
vn -0.0893 0.8582 -0.5056
vn -0.3158 0.9334 -0.1705
vn -0.3159 0.9334 -0.1704
vn -0.4550 0.8742 0.1698
vn -0.4390 0.8809 0.1767
vn -0.3316 0.9267 -0.1769
vn -0.4376 0.7098 0.5521
vn -0.4374 0.7098 0.5521
vn -0.4471 0.8774 0.1740
vn -0.4470 0.8775 0.1738
vn -0.3237 0.9301 -0.1738
vn -0.1362 0.8383 -0.5279
vn -0.1601 0.8281 -0.5372
vn -0.3473 0.9200 -0.1816
vn -0.4229 0.8878 0.1818
vn -0.3646 0.9126 -0.1849
vn -0.4124 0.7205 0.5575
vn -0.4123 0.7205 0.5575
vn -0.3561 0.9162 -0.1835
vn -0.2344 0.7963 -0.5576
vn -0.2851 0.7747 -0.5644
vn 0.9362 0.2326 -0.2636
vn 0.9232 0.2271 -0.3099
vn 0.8160 0.5145 -0.2636
vn 0.8031 0.5090 -0.3099
vn 0.8031 0.5090 -0.3098
vn 0.9746 -0.1166 -0.1911
vn 0.9651 -0.1207 -0.2326
vn 0.9536 -0.1255 -0.2735
vn 0.9404 -0.1312 -0.3138
vn 0.9082 0.2207 -0.3556
vn 0.7880 0.5026 -0.3556
vn 0.5564 0.7694 -0.3138
vn 0.5697 0.7750 -0.2735
vn 0.5811 0.7799 -0.2326
vn 0.5906 0.7840 -0.1911
vn 0.8268 0.5191 -0.2166
vn 0.9470 0.2372 -0.2166
vn -0.0068 -0.1695 0.9855
vn -0.0511 -0.1884 0.9808
vn -0.1269 0.1124 0.9855
vn -0.1270 0.1124 0.9855
vn -0.1714 0.0935 0.9808
vn -0.1713 0.0935 0.9808
vn 0.1721 -0.4588 0.8717
vn 0.1723 -0.4587 0.8717
vn 0.1330 -0.4755 0.8696
vn 0.0938 -0.4922 0.8654
vn 0.0549 -0.5088 0.8592
vn 0.0549 -0.5087 0.8592
vn -0.0953 -0.2072 0.9736
vn -0.2154 0.0747 0.9737
vn -0.2156 0.0747 0.9736
vn -0.3291 0.3918 0.8592
vn -0.2902 0.4084 0.8654
vn -0.2902 0.4084 0.8655
vn -0.2510 0.4251 0.8696
vn -0.2509 0.4253 0.8696
vn -0.2117 0.4419 0.8717
vn -0.2118 0.4419 0.8717
vn -0.0824 0.1314 0.9879
vn 0.0377 -0.1505 0.9879
vn 0.0377 -0.1503 0.9879
vn 0.8720 0.2052 0.4443
vn 0.8720 0.2052 0.4444
vn 0.8510 0.1964 0.4871
vn 0.8510 0.1963 0.4870
vn 0.7519 0.4871 0.4443
vn 0.7519 0.4871 0.4442
vn 0.7308 0.4782 0.4871
vn 0.9253 -0.1376 0.3534
vn 0.9085 -0.1448 0.3921
vn 0.8899 -0.1527 0.4298
vn 0.8697 -0.1613 0.4665
vn 0.8281 0.1865 0.5286
vn 0.7079 0.4684 0.5286
vn 0.7080 0.4683 0.5287
vn 0.4857 0.7392 0.4665
vn 0.5059 0.7479 0.4298
vn 0.5245 0.7558 0.3921
vn 0.5413 0.7630 0.3534
vn 0.7709 0.4953 0.4005
vn 0.8911 0.2133 0.4005
vn 0.8911 0.2134 0.4005
vn 0.8720 0.2052 -0.4443
vn 0.8510 0.1964 -0.4870
vn 0.8510 0.1963 -0.4871
vn 0.7518 0.4871 -0.4443
vn 0.7519 0.4871 -0.4443
vn 0.7308 0.4782 -0.4870
vn 0.7309 0.4782 -0.4870
vn 0.9253 -0.1376 -0.3534
vn 0.9085 -0.1448 -0.3921
vn 0.8899 -0.1527 -0.4298
vn 0.8697 -0.1613 -0.4665
vn 0.8281 0.1865 -0.5286
vn 0.7079 0.4684 -0.5286
vn 0.7079 0.4683 -0.5287
vn 0.4858 0.7392 -0.4664
vn 0.4857 0.7392 -0.4665
vn 0.5061 0.7478 -0.4298
vn 0.5059 0.7479 -0.4298
vn 0.5245 0.7558 -0.3921
vn 0.5244 0.7558 -0.3921
vn 0.5413 0.7629 -0.3534
vn 0.5413 0.7630 -0.3534
vn 0.7709 0.4953 -0.4005
vn 0.8911 0.2134 -0.4005
vn -0.0068 -0.1695 -0.9855
vn -0.0509 -0.1884 -0.9808
vn -0.0511 -0.1884 -0.9808
vn -0.1268 0.1124 -0.9855
vn -0.1270 0.1124 -0.9855
vn -0.1712 0.0936 -0.9808
vn -0.1713 0.0935 -0.9808
vn 0.1723 -0.4587 -0.8717
vn 0.1330 -0.4755 -0.8696
vn 0.0938 -0.4921 -0.8654
vn 0.0935 -0.4923 -0.8654
vn 0.0549 -0.5089 -0.8591
vn 0.0549 -0.5088 -0.8591
vn -0.0953 -0.2072 -0.9737
vn -0.0953 -0.2072 -0.9736
vn -0.2156 0.0747 -0.9736
vn -0.2154 0.0747 -0.9737
vn -0.3291 0.3918 -0.8592
vn -0.2901 0.4082 -0.8656
vn -0.2511 0.4251 -0.8696
vn -0.2510 0.4251 -0.8696
vn -0.2117 0.4419 -0.8717
vn -0.0824 0.1314 -0.9879
vn 0.0378 -0.1505 -0.9879
vn 0.9362 0.2326 0.2636
vn 0.9232 0.2271 0.3099
vn 0.9233 0.2269 0.3099
vn 0.8160 0.5145 0.2636
vn 0.8033 0.5085 0.3101
vn 0.8031 0.5090 0.3099
vn 0.9746 -0.1166 0.1912
vn 0.9746 -0.1166 0.1911
vn 0.9651 -0.1207 0.2326
vn 0.9536 -0.1255 0.2735
vn 0.9404 -0.1312 0.3138
vn 0.9082 0.2207 0.3556
vn 0.7880 0.5026 0.3556
vn 0.5564 0.7694 0.3138
vn 0.5566 0.7692 0.3138
vn 0.5697 0.7750 0.2735
vn 0.5700 0.7749 0.2732
vn 0.5811 0.7799 0.2326
vn 0.5811 0.7798 0.2326
vn 0.5906 0.7840 0.1911
vn 0.8268 0.5191 0.2166
vn 0.8268 0.5191 0.2167
vn 0.9470 0.2372 0.2166
vn 0.7767 0.1646 -0.6080
vn 0.7485 0.1525 -0.6454
vn 0.6565 0.4465 -0.6080
vn 0.6282 0.4344 -0.6455
vn 0.6282 0.4344 -0.6454
vn 0.8478 -0.1707 -0.5021
vn 0.8243 -0.1807 -0.5365
vn 0.7994 -0.1913 -0.5695
vn 0.7730 -0.2026 -0.6012
vn 0.7730 -0.2027 -0.6012
vn 0.7185 0.1398 -0.6814
vn 0.7184 0.1398 -0.6814
vn 0.5983 0.4217 -0.6814
vn 0.3890 0.6979 -0.6013
vn 0.3890 0.6980 -0.6012
vn 0.4154 0.7093 -0.5695
vn 0.4403 0.7199 -0.5365
vn 0.4638 0.7299 -0.5021
vn 0.6831 0.4578 -0.5690
vn 0.8033 0.1760 -0.5690
vn 0.8033 0.1759 -0.5690
vn -0.1824 -0.2443 -0.9524
vn -0.2250 -0.2625 -0.9383
vn -0.3026 0.0376 -0.9524
vn -0.3453 0.0194 -0.9383
vn -0.3452 0.0194 -0.9383
vn 0.0162 -0.5252 -0.8508
vn -0.0220 -0.5415 -0.8404
vn -0.0596 -0.5576 -0.8280
vn -0.0969 -0.5735 -0.8135
vn -0.0967 -0.5734 -0.8136
vn -0.2670 -0.2804 -0.9220
vn -0.3872 0.0015 -0.9220
vn -0.4806 0.3272 -0.8136
vn -0.4806 0.3273 -0.8136
vn -0.4436 0.3429 -0.8280
vn -0.4436 0.3430 -0.8280
vn -0.4060 0.3591 -0.8404
vn -0.3678 0.3753 -0.8508
vn -0.2593 0.0560 -0.9642
vn -0.1391 -0.2259 -0.9642
vn 0.9666 0.2456 0.0727
vn 0.9623 0.2438 0.1209
vn 0.9623 0.2437 0.1209
vn 0.8464 0.5275 0.0727
vn 0.8465 0.5275 0.0727
vn 0.8421 0.5256 0.1209
vn 0.9939 -0.1084 0.0214
vn 0.9919 -0.1092 0.0642
vn 0.9881 -0.1109 0.1067
vn 0.9823 -0.1133 0.1490
vn 0.9557 0.2409 0.1689
vn 0.8357 0.5227 0.1686
vn 0.5983 0.7873 0.1490
vn 0.6041 0.7897 0.1066
vn 0.6041 0.7897 0.1067
vn 0.6080 0.7914 0.0642
vn 0.6099 0.7922 0.0214
vn 0.8486 0.5284 0.0243
vn 0.9688 0.2465 0.0243
vn 0.6538 0.1122 -0.7483
vn 0.6195 0.0975 -0.7789
vn 0.6194 0.0975 -0.7790
vn 0.5336 0.3941 -0.7483
vn 0.4992 0.3794 -0.7790
vn 0.7450 -0.2145 -0.6316
vn 0.7451 -0.2145 -0.6316
vn 0.7159 -0.2269 -0.6603
vn 0.6855 -0.2399 -0.6874
vn 0.6855 -0.2400 -0.6874
vn 0.6539 -0.2534 -0.7129
vn 0.5835 0.0822 -0.8079
vn 0.4634 0.3641 -0.8079
vn 0.2699 0.6472 -0.7129
vn 0.3015 0.6607 -0.6874
vn 0.3319 0.6737 -0.6603
vn 0.3611 0.6861 -0.6316
vn 0.5667 0.4082 -0.7157
vn 0.6869 0.1263 -0.7157
vn -0.3488 -0.3152 -0.8826
vn -0.3486 -0.3152 -0.8827
vn -0.3879 -0.3320 -0.8598
vn -0.4684 -0.0331 -0.8829
vn -0.4688 -0.0333 -0.8827
vn -0.5081 -0.0501 -0.8598
vn -0.5082 -0.0501 -0.8598
vn -0.1331 -0.5889 -0.7972
vn -0.1687 -0.6041 -0.7789
vn -0.2033 -0.6189 -0.7587
vn -0.2371 -0.6333 -0.7367
vn -0.4262 -0.3483 -0.8349
vn -0.5464 -0.0664 -0.8349
vn -0.6212 0.2673 -0.7367
vn -0.6211 0.2673 -0.7367
vn -0.5873 0.2817 -0.7587
vn -0.5873 0.2818 -0.7587
vn -0.5527 0.2965 -0.7789
vn -0.5171 0.3117 -0.7972
vn -0.5172 0.3118 -0.7971
vn -0.4285 -0.0161 -0.9034
vn -0.3083 -0.2980 -0.9034
vn 0.9623 0.2437 -0.1209
vn 0.9666 0.2456 -0.0727
vn 0.8421 0.5256 -0.1209
vn 0.8464 0.5275 -0.0727
vn 0.8465 0.5275 -0.0727
vn 0.9823 -0.1133 -0.1490
vn 0.9824 -0.1131 -0.1488
vn 0.9881 -0.1109 -0.1067
vn 0.9919 -0.1092 -0.0642
vn 0.9939 -0.1084 -0.0214
vn 0.9688 0.2465 -0.0243
vn 0.8486 0.5284 -0.0243
vn 0.6099 0.7922 -0.0214
vn 0.6099 0.7922 -0.0212
vn 0.6079 0.7914 -0.0642
vn 0.6080 0.7913 -0.0642
vn 0.6041 0.7897 -0.1067
vn 0.6041 0.7897 -0.1066
vn 0.5983 0.7873 -0.1490
vn 0.5983 0.7873 -0.1489
vn 0.8356 0.5228 -0.1689
vn 0.8355 0.5228 -0.1689
vn 0.9557 0.2409 -0.1689
vn 0.5082 0.0501 -0.8598
vn 0.5081 0.0501 -0.8598
vn 0.4688 0.0333 -0.8827
vn 0.4687 0.0333 -0.8827
vn 0.3879 0.3321 -0.8598
vn 0.3879 0.3320 -0.8598
vn 0.3486 0.3152 -0.8827
vn 0.6211 -0.2677 -0.7366
vn 0.6211 -0.2673 -0.7367
vn 0.5873 -0.2817 -0.7587
vn 0.5874 -0.2818 -0.7586
vn 0.5527 -0.2965 -0.7789
vn 0.5172 -0.3120 -0.7969
vn 0.5171 -0.3117 -0.7972
vn 0.4285 0.0161 -0.9034
vn 0.3083 0.2980 -0.9034
vn 0.1331 0.5889 -0.7972
vn 0.1688 0.6043 -0.7786
vn 0.1687 0.6041 -0.7789
vn 0.2034 0.6189 -0.7587
vn 0.2371 0.6333 -0.7367
vn 0.4262 0.3483 -0.8349
vn 0.5464 0.0664 -0.8349
vn 0.5464 0.0663 -0.8349
vn -0.4992 -0.3794 -0.7790
vn -0.5336 -0.3941 -0.7483
vn -0.6194 -0.0975 -0.7790
vn -0.6538 -0.1122 -0.7483
vn -0.2699 -0.6472 -0.7129
vn -0.3015 -0.6607 -0.6875
vn -0.3015 -0.6607 -0.6874
vn -0.3319 -0.6737 -0.6603
vn -0.3611 -0.6861 -0.6316
vn -0.5667 -0.4082 -0.7157
vn -0.6869 -0.1263 -0.7157
vn -0.7451 0.2145 -0.6315
vn -0.7451 0.2146 -0.6315
vn -0.7159 0.2269 -0.6603
vn -0.6855 0.2399 -0.6874
vn -0.6539 0.2533 -0.7129
vn -0.6538 0.2536 -0.7129
vn -0.5834 -0.0824 -0.8080
vn -0.5835 -0.0822 -0.8079
vn -0.4634 -0.3641 -0.8079
vn 0.8030 0.5090 -0.3099
vn 0.5812 0.7798 -0.2326
vn 0.3452 -0.0194 -0.9383
vn 0.3452 -0.0193 -0.9383
vn 0.3026 -0.0376 -0.9524
vn 0.2250 0.2625 -0.9383
vn 0.1824 0.2443 -0.9524
vn 0.4806 -0.3272 -0.8136
vn 0.4436 -0.3430 -0.8280
vn 0.4060 -0.3591 -0.8404
vn 0.3678 -0.3753 -0.8508
vn 0.2593 -0.0560 -0.9642
vn 0.1391 0.2259 -0.9642
vn -0.0162 0.5252 -0.8508
vn 0.0220 0.5415 -0.8404
vn 0.0600 0.5579 -0.8277
vn 0.0596 0.5577 -0.8279
vn 0.0967 0.5733 -0.8136
vn 0.0968 0.5737 -0.8134
vn 0.2670 0.2804 -0.9220
vn 0.3872 -0.0014 -0.9220
vn 0.3872 -0.0015 -0.9220
vn -0.6283 -0.4344 -0.6454
vn -0.6282 -0.4345 -0.6455
vn -0.6565 -0.4465 -0.6080
vn -0.7484 -0.1525 -0.6455
vn -0.7484 -0.1525 -0.6454
vn -0.7767 -0.1646 -0.6080
vn -0.3890 -0.6980 -0.6012
vn -0.4154 -0.7093 -0.5695
vn -0.4155 -0.7093 -0.5695
vn -0.4404 -0.7199 -0.5365
vn -0.4403 -0.7199 -0.5365
vn -0.4638 -0.7299 -0.5021
vn -0.6831 -0.4578 -0.5690
vn -0.8033 -0.1759 -0.5690
vn -0.8478 0.1707 -0.5021
vn -0.8243 0.1807 -0.5365
vn -0.7994 0.1913 -0.5695
vn -0.7729 0.2028 -0.6013
vn -0.7730 0.2026 -0.6012
vn -0.7185 -0.1398 -0.6814
vn -0.7185 -0.1398 -0.6813
vn -0.5983 -0.4217 -0.6814
vn -0.5983 -0.4216 -0.6814
vn 0.8510 0.1964 -0.4871
vn 0.8720 0.2053 -0.4443
vn 0.8720 0.2054 -0.4444
vn 0.7309 0.4781 -0.4870
vn 0.8899 -0.1526 -0.4298
vn 0.5413 0.7630 -0.3533
vn 0.5245 0.7558 -0.3920
vn 0.7079 0.4685 -0.5286
vn 0.1713 -0.0935 -0.9808
vn 0.1714 -0.0933 -0.9808
vn 0.1270 -0.1124 -0.9855
vn 0.1269 -0.1124 -0.9855
vn 0.0511 0.1884 -0.9808
vn 0.0068 0.1695 -0.9855
vn 0.3291 -0.3918 -0.8592
vn 0.3295 -0.3914 -0.8592
vn 0.2901 -0.4082 -0.8656
vn 0.2902 -0.4084 -0.8654
vn 0.2510 -0.4251 -0.8696
vn 0.2117 -0.4419 -0.8717
vn 0.0824 -0.1314 -0.9879
vn -0.0377 0.1505 -0.9879
vn -0.1723 0.4587 -0.8717
vn -0.1330 0.4755 -0.8696
vn -0.0938 0.4920 -0.8655
vn -0.0938 0.4921 -0.8655
vn -0.0549 0.5088 -0.8591
vn 0.0953 0.2072 -0.9736
vn 0.0953 0.2072 -0.9737
vn 0.2155 -0.0745 -0.9737
vn 0.2156 -0.0747 -0.9736
vn -0.7308 -0.4782 -0.4870
vn -0.7518 -0.4871 -0.4443
vn -0.7520 -0.4871 -0.4442
vn -0.8510 -0.1963 -0.4871
vn -0.8510 -0.1963 -0.4870
vn -0.8720 -0.2053 -0.4443
vn -0.4857 -0.7392 -0.4665
vn -0.4857 -0.7392 -0.4666
vn -0.5060 -0.7478 -0.4299
vn -0.5059 -0.7479 -0.4298
vn -0.5245 -0.7557 -0.3923
vn -0.5245 -0.7558 -0.3921
vn -0.5412 -0.7630 -0.3534
vn -0.5409 -0.7630 -0.3539
vn -0.7709 -0.4953 -0.4005
vn -0.8911 -0.2134 -0.4005
vn -0.9253 0.1376 -0.3534
vn -0.9253 0.1378 -0.3534
vn -0.9085 0.1448 -0.3921
vn -0.8899 0.1527 -0.4298
vn -0.8697 0.1612 -0.4665
vn -0.8697 0.1613 -0.4665
vn -0.8281 -0.1865 -0.5286
vn -0.7080 -0.4684 -0.5286
vn -0.7079 -0.4685 -0.5286
vn 0.7484 0.1525 -0.6454
vn 0.4150 0.7095 -0.5696
vn -0.8030 -0.5090 -0.3099
vn -0.8160 -0.5145 -0.2636
vn -0.8160 -0.5145 -0.2635
vn -0.9232 -0.2271 -0.3099
vn -0.9362 -0.2326 -0.2636
vn -0.5564 -0.7694 -0.3138
vn -0.5697 -0.7750 -0.2735
vn -0.5696 -0.7751 -0.2735
vn -0.5811 -0.7799 -0.2326
vn -0.5906 -0.7840 -0.1911
vn -0.8268 -0.5191 -0.2166
vn -0.9470 -0.2372 -0.2167
vn -0.9470 -0.2372 -0.2166
vn -0.9746 0.1166 -0.1911
vn -0.9651 0.1207 -0.2326
vn -0.9536 0.1256 -0.2735
vn -0.9404 0.1310 -0.3138
vn -0.9404 0.1313 -0.3138
vn -0.9082 -0.2207 -0.3556
vn -0.7880 -0.5026 -0.3556
vn 0.7451 -0.2143 -0.6316
vn -0.8421 -0.5256 -0.1209
vn -0.8465 -0.5275 -0.0727
vn -0.8465 -0.5274 -0.0727
vn -0.9623 -0.2437 -0.1209
vn -0.9666 -0.2456 -0.0727
vn -0.5982 -0.7874 -0.1490
vn -0.5983 -0.7873 -0.1490
vn -0.6041 -0.7897 -0.1067
vn -0.6080 -0.7914 -0.0642
vn -0.6079 -0.7914 -0.0642
vn -0.6099 -0.7922 -0.0214
vn -0.8486 -0.5284 -0.0243
vn -0.9688 -0.2465 -0.0243
vn -0.9939 0.1086 -0.0216
vn -0.9938 0.1086 -0.0215
vn -0.9919 0.1092 -0.0642
vn -0.9920 0.1093 -0.0639
vn -0.9881 0.1109 -0.1067
vn -0.9823 0.1133 -0.1490
vn -0.9557 -0.2409 -0.1689
vn -0.9557 -0.2410 -0.1689
vn -0.8355 -0.5228 -0.1689
vn 0.5527 -0.2965 -0.7788
vn 0.2027 0.6189 -0.7589
vn 0.2033 0.6189 -0.7587
vn 0.1329 0.5889 -0.7972
vn 0.4287 0.0159 -0.9033
vn -0.8465 -0.5275 0.0727
vn -0.8421 -0.5256 0.1209
vn -0.9666 -0.2456 0.0727
vn -0.9623 -0.2437 0.1209
vn -0.6099 -0.7922 0.0214
vn -0.6079 -0.7914 0.0642
vn -0.6080 -0.7914 0.0642
vn -0.6041 -0.7897 0.1067
vn -0.5983 -0.7873 0.1490
vn -0.8356 -0.5228 0.1689
vn -0.8355 -0.5228 0.1689
vn -0.9557 -0.2409 0.1689
vn -0.9823 0.1133 0.1490
vn -0.9881 0.1109 0.1067
vn -0.9881 0.1109 0.1069
vn -0.9919 0.1092 0.0642
vn -0.9920 0.1092 0.0640
vn -0.9939 0.1086 0.0216
vn -0.9939 0.1083 0.0214
vn -0.9688 -0.2465 0.0243
vn -0.8486 -0.5284 0.0243
vn 0.3451 -0.0194 -0.9384
vn 0.4436 -0.3429 -0.8280
vn 0.3873 -0.0015 -0.9220
vn 0.0967 0.5734 -0.8136
vn 0.0596 0.5576 -0.8280
vn -0.8160 -0.5145 0.2636
vn -0.8031 -0.5089 0.3099
vn -0.8031 -0.5090 0.3099
vn -0.9362 -0.2326 0.2636
vn -0.9233 -0.2271 0.3099
vn -0.9232 -0.2271 0.3099
vn -0.5906 -0.7840 0.1911
vn -0.5811 -0.7799 0.2326
vn -0.5810 -0.7799 0.2326
vn -0.5697 -0.7750 0.2735
vn -0.5564 -0.7694 0.3138
vn -0.7880 -0.5026 0.3556
vn -0.9082 -0.2207 0.3556
vn -0.9404 0.1312 0.3138
vn -0.9536 0.1255 0.2735
vn -0.9536 0.1255 0.2736
vn -0.9651 0.1207 0.2326
vn -0.9747 0.1166 0.1909
vn -0.9746 0.1166 0.1911
vn -0.9470 -0.2372 0.2168
vn -0.9470 -0.2372 0.2166
vn -0.8268 -0.5191 0.2166
vn 0.3294 -0.3914 -0.8592
vn 0.2156 -0.0746 -0.9736
vn -0.0549 0.5089 -0.8591
vn -0.0549 0.5087 -0.8592
vn -0.7518 -0.4871 0.4445
vn -0.7518 -0.4871 0.4443
vn -0.7308 -0.4782 0.4871
vn -0.8720 -0.2053 0.4443
vn -0.8510 -0.1963 0.4871
vn -0.8510 -0.1962 0.4871
vn -0.5412 -0.7631 0.3533
vn -0.5413 -0.7630 0.3534
vn -0.5245 -0.7557 0.3921
vn -0.5245 -0.7558 0.3921
vn -0.5059 -0.7479 0.4298
vn -0.4856 -0.7393 0.4665
vn -0.4857 -0.7392 0.4665
vn -0.7079 -0.4684 0.5286
vn -0.8281 -0.1865 0.5286
vn -0.8698 0.1614 0.4663
vn -0.8697 0.1612 0.4665
vn -0.8899 0.1527 0.4298
vn -0.9085 0.1448 0.3921
vn -0.9253 0.1376 0.3534
vn -0.8911 -0.2134 0.4005
vn -0.7709 -0.4953 0.4005
vn 0.0938 -0.4922 -0.8654
vn 0.0377 -0.1505 -0.9879
vn -0.2902 0.4084 -0.8654
vn -0.3291 0.3916 -0.8592
vn -0.6565 -0.4465 0.6080
vn -0.6565 -0.4467 0.6078
vn -0.6283 -0.4344 0.6454
vn -0.6282 -0.4344 0.6455
vn -0.7767 -0.1646 0.6080
vn -0.7484 -0.1525 0.6454
vn -0.7485 -0.1525 0.6454
vn -0.4638 -0.7299 0.5021
vn -0.4403 -0.7199 0.5365
vn -0.4154 -0.7093 0.5695
vn -0.3890 -0.6980 0.6012
vn -0.3890 -0.6980 0.6013
vn -0.5983 -0.4217 0.6814
vn -0.7185 -0.1398 0.6814
vn -0.7185 -0.1398 0.6813
vn -0.7730 0.2026 0.6012
vn -0.7731 0.2026 0.6011
vn -0.7994 0.1914 0.5695
vn -0.7994 0.1913 0.5695
vn -0.8243 0.1807 0.5365
vn -0.8478 0.1706 0.5021
vn -0.8478 0.1707 0.5021
vn -0.8033 -0.1759 0.5690
vn -0.6831 -0.4578 0.5690
vn -0.3027 0.0376 -0.9523
vn -0.0973 -0.5737 -0.8133
vn -0.0966 -0.5733 -0.8137
vn -0.1391 -0.2260 -0.9642
vn -0.2594 0.0560 -0.9641
vn -0.3678 0.3752 -0.8508
vn -0.5336 -0.3941 0.7483
vn -0.5338 -0.3941 0.7481
vn -0.4992 -0.3794 0.7790
vn -0.6538 -0.1124 0.7483
vn -0.6539 -0.1122 0.7482
vn -0.6194 -0.0973 0.7790
vn -0.6194 -0.0975 0.7790
vn -0.3611 -0.6861 0.6316
vn -0.3319 -0.6737 0.6603
vn -0.3015 -0.6607 0.6874
vn -0.2699 -0.6472 0.7129
vn -0.4634 -0.3641 0.8079
vn -0.5839 -0.0818 0.8077
vn -0.5835 -0.0823 0.8079
vn -0.6539 0.2534 0.7129
vn -0.6855 0.2399 0.6874
vn -0.7159 0.2269 0.6603
vn -0.7158 0.2269 0.6604
vn -0.7453 0.2145 0.6312
vn -0.7451 0.2145 0.6315
vn -0.6869 -0.1263 0.7157
vn -0.5667 -0.4082 0.7157
vn -0.2371 -0.6332 -0.7367
vn -0.2371 -0.6332 -0.7368
vn -0.2034 -0.6189 -0.7587
vn -0.1687 -0.6042 -0.7788
vn -0.1332 -0.5889 -0.7972
vn -0.3083 -0.2981 -0.9034
vn -0.5170 0.3117 -0.7972
vn -0.5171 0.3117 -0.7971
vn -0.3879 -0.3320 0.8598
vn -0.3486 -0.3152 0.8827
vn -0.3484 -0.3150 0.8828
vn -0.5081 -0.0501 0.8598
vn -0.5081 -0.0502 0.8598
vn -0.4683 -0.0331 0.8829
vn -0.4688 -0.0333 0.8827
vn -0.2371 -0.6333 0.7367
vn -0.2370 -0.6332 0.7368
vn -0.2035 -0.6191 0.7585
vn -0.2033 -0.6189 0.7587
vn -0.1687 -0.6041 0.7788
vn -0.1687 -0.6041 0.7789
vn -0.1331 -0.5889 0.7972
vn -0.1330 -0.5889 0.7972
vn -0.3083 -0.2980 0.9034
vn -0.4285 -0.0161 0.9034
vn -0.5171 0.3117 0.7972
vn -0.5172 0.3117 0.7971
vn -0.5527 0.2965 0.7789
vn -0.5873 0.2817 0.7587
vn -0.6211 0.2673 0.7367
vn -0.5464 -0.0664 0.8349
vn -0.4262 -0.3483 0.8349
vn -0.3612 -0.6861 -0.6315
vn -0.2699 -0.6473 -0.7129
vn -0.6539 0.2534 -0.7129
vn -0.7451 0.2145 -0.6316
vn -0.7452 0.2145 -0.6315
vn -0.2250 -0.2625 0.9383
vn -0.1824 -0.2443 0.9524
vn -0.3452 0.0192 0.9383
vn -0.3449 0.0197 0.9384
vn -0.3026 0.0376 0.9524
vn -0.0965 -0.5733 0.8137
vn -0.0967 -0.5734 0.8136
vn -0.0596 -0.5576 0.8280
vn -0.0220 -0.5415 0.8404
vn 0.0162 -0.5252 0.8508
vn -0.1391 -0.2259 0.9642
vn -0.2593 0.0560 0.9642
vn -0.3679 0.3753 0.8508
vn -0.3678 0.3753 0.8508
vn -0.4060 0.3591 0.8404
vn -0.4436 0.3430 0.8280
vn -0.4806 0.3272 0.8136
vn -0.3871 0.0015 0.9220
vn -0.3872 0.0015 0.9220
vn -0.2670 -0.2804 0.9220
vn -0.6282 -0.4344 -0.6455
vn -0.6282 -0.4344 -0.6454
vn -0.7483 -0.1524 -0.6456
vn -0.4638 -0.7298 -0.5022
vn -0.4403 -0.7200 -0.5365
vn -0.3890 -0.6979 -0.6013
vn -0.3890 -0.6980 -0.6013
vn -0.7729 0.2026 -0.6013
vn -0.7733 0.2022 -0.6010
vn -0.7994 0.1913 -0.5696
vn -0.8033 -0.1759 -0.5691
vn -0.1713 0.0933 0.9808
vn -0.1268 0.1124 0.9855
vn 0.1331 -0.4755 0.8696
vn -0.2901 0.4082 0.8656
vn -0.3290 0.3916 0.8593
vn -0.2155 0.0747 0.9737
vn -0.2155 0.0747 0.9736
vn -0.7519 -0.4871 -0.4443
vn -0.7308 -0.4782 -0.4871
vn -0.5413 -0.7630 -0.3534
vn -0.5412 -0.7630 -0.3535
vn -0.4858 -0.7392 -0.4665
vn -0.4857 -0.7393 -0.4665
vn -0.7079 -0.4684 -0.5286
vn -0.8697 0.1614 -0.4665
vn 0.1270 -0.1122 0.9855
vn 0.1270 -0.1124 0.9855
vn 0.1713 -0.0935 0.9808
vn 0.0068 0.1695 0.9855
vn 0.0511 0.1884 0.9808
vn 0.0509 0.1884 0.9808
vn 0.2117 -0.4419 0.8717
vn 0.2510 -0.4251 0.8696
vn 0.2902 -0.4084 0.8654
vn 0.2902 -0.4086 0.8653
vn 0.3291 -0.3918 0.8592
vn 0.2155 -0.0747 0.9736
vn 0.2155 -0.0747 0.9737
vn 0.0953 0.2072 0.9736
vn 0.0954 0.2072 0.9736
vn -0.0549 0.5088 0.8591
vn -0.0549 0.5088 0.8592
vn -0.0938 0.4921 0.8655
vn -0.1330 0.4755 0.8696
vn -0.1723 0.4587 0.8717
vn -0.0377 0.1505 0.9879
vn 0.0824 -0.1314 0.9879
vn -0.8031 -0.5090 -0.3099
vn -0.5906 -0.7840 -0.1909
vn -0.9404 0.1312 -0.3138
vn -0.9536 0.1255 -0.2735
vn -0.9469 -0.2373 -0.2167
vn -0.8268 -0.5191 -0.2168
vn 0.3026 -0.0376 0.9524
vn 0.3452 -0.0194 0.9383
vn 0.1824 0.2443 0.9524
vn 0.2250 0.2625 0.9383
vn 0.3678 -0.3753 0.8508
vn 0.4060 -0.3591 0.8404
vn 0.4059 -0.3591 0.8404
vn 0.4437 -0.3430 0.8279
vn 0.4436 -0.3430 0.8280
vn 0.4807 -0.3272 0.8136
vn 0.4806 -0.3272 0.8136
vn 0.3872 -0.0015 0.9220
vn 0.2670 0.2804 0.9220
vn 0.0967 0.5734 0.8136
vn 0.0600 0.5579 0.8277
vn 0.0596 0.5576 0.8280
vn 0.0220 0.5415 0.8404
vn -0.0162 0.5252 0.8508
vn 0.1391 0.2259 0.9642
vn 0.2593 -0.0560 0.9642
vn -0.9623 -0.2436 -0.1209
vn -0.6041 -0.7898 -0.1065
vn -0.5985 -0.7873 -0.1484
vn -0.9557 -0.2409 -0.1688
vn -0.9939 0.1084 -0.0214
vn 0.4690 0.0334 0.8826
vn 0.4688 0.0333 0.8827
vn 0.5081 0.0501 0.8598
vn 0.5085 0.0504 0.8596
vn 0.3486 0.3152 0.8827
vn 0.3879 0.3321 0.8598
vn 0.3879 0.3320 0.8598
vn 0.5171 -0.3116 0.7972
vn 0.5171 -0.3117 0.7972
vn 0.5527 -0.2965 0.7789
vn 0.5873 -0.2817 0.7587
vn 0.6211 -0.2673 0.7367
vn 0.6209 -0.2674 0.7368
vn 0.5464 0.0664 0.8349
vn 0.5464 0.0666 0.8349
vn 0.4262 0.3483 0.8349
vn 0.2371 0.6334 0.7367
vn 0.2371 0.6333 0.7367
vn 0.2033 0.6189 0.7587
vn 0.1687 0.6041 0.7789
vn 0.1687 0.6040 0.7789
vn 0.1330 0.5889 0.7972
vn 0.1331 0.5889 0.7972
vn 0.3083 0.2980 0.9034
vn 0.4285 0.0161 0.9034
vn -0.5982 -0.7874 0.1489
vn -0.6041 -0.7898 0.1065
vn -0.9939 0.1084 0.0214
vn -0.9823 0.1131 0.1492
vn 0.6194 0.0975 0.7790
vn 0.6196 0.0976 0.7788
vn 0.6538 0.1122 0.7483
vn 0.4992 0.3794 0.7790
vn 0.5336 0.3941 0.7483
vn 0.6539 -0.2534 0.7129
vn 0.6855 -0.2399 0.6874
vn 0.7159 -0.2269 0.6603
vn 0.7450 -0.2145 0.6316
vn 0.6869 0.1263 0.7157
vn 0.5667 0.4082 0.7157
vn 0.3611 0.6861 0.6316
vn 0.3319 0.6737 0.6603
vn 0.3015 0.6607 0.6874
vn 0.2699 0.6472 0.7129
vn 0.4634 0.3641 0.8079
vn 0.5835 0.0822 0.8079
vn -0.9231 -0.2271 0.3102
vn -0.9362 -0.2326 0.2634
vn -0.5811 -0.7799 0.2325
vn -0.9536 0.1256 0.2735
vn 0.7484 0.1525 0.6454
vn 0.7767 0.1646 0.6080
vn 0.6283 0.4344 0.6454
vn 0.6282 0.4344 0.6454
vn 0.6565 0.4465 0.6080
vn 0.7730 -0.2027 0.6012
vn 0.7730 -0.2026 0.6012
vn 0.7995 -0.1910 0.5695
vn 0.7994 -0.1913 0.5695
vn 0.8243 -0.1807 0.5365
vn 0.8478 -0.1707 0.5021
vn 0.8033 0.1759 0.5690
vn 0.6831 0.4578 0.5690
vn 0.4638 0.7299 0.5021
vn 0.4640 0.7298 0.5021
vn 0.4640 0.7298 0.5022
vn 0.4403 0.7199 0.5365
vn 0.4154 0.7094 0.5694
vn 0.4154 0.7093 0.5695
vn 0.3890 0.6980 0.6012
vn 0.3890 0.6980 0.6013
vn 0.5983 0.4217 0.6814
vn 0.5982 0.4217 0.6814
vn 0.7185 0.1398 0.6814
vn -0.7518 -0.4872 0.4444
vn -0.8510 -0.1963 0.4870
vn -0.8721 -0.2052 0.4443
vn -0.8721 -0.2051 0.4443
vn -0.5411 -0.7631 0.3534
vn -0.8697 0.1613 0.4664
vn -0.8697 0.1613 0.4665
vn -0.7079 -0.4682 0.5288
vn 0.1269 -0.1124 0.9855
vn 0.3292 -0.3919 0.8591
vn 0.2902 -0.4084 0.8655
vn 0.2116 -0.4421 0.8717
vn -0.0549 0.5087 0.8592
vn 0.2156 -0.0747 0.9736
vn 0.2156 -0.0746 0.9736
vn 0.8720 0.2053 0.4443
vn 0.7308 0.4782 0.4870
vn 0.7518 0.4871 0.4443
vn 0.9253 -0.1377 0.3534
vn 0.5412 0.7631 0.3534
vn 0.4856 0.7393 0.4665
vn 0.7079 0.4685 0.5286
vn -0.6282 -0.4346 0.6454
vn -0.7483 -0.1527 0.6455
vn -0.3890 -0.6979 0.6014
vn -0.7995 0.1913 0.5695
vn -0.7731 0.2024 0.6011
vn -0.5982 -0.4217 0.6814
vn 0.3677 -0.3754 0.8508
vn 0.1390 0.2265 0.9640
vn -0.0162 0.5253 0.8508
vn 0.2671 0.2806 0.9219
vn 0.3873 -0.0015 0.9220
vn 0.9232 0.2271 0.3100
vn 0.8031 0.5090 0.3097
vn -0.6538 -0.1122 0.7483
vn -0.3015 -0.6607 0.6875
vn -0.3612 -0.6861 0.6315
vn -0.7451 0.2145 0.6316
vn -0.7450 0.2145 0.6316
vn -0.6855 0.2397 0.6875
vn -0.6854 0.2401 0.6875
vn -0.5835 -0.0822 0.8079
vn 0.1686 0.6041 0.7789
vn 0.1687 0.6041 0.7788
vn 0.8421 0.5256 0.1210
vn 0.9823 -0.1134 0.1490
vn 0.9939 -0.1084 0.0213
vn 0.9688 0.2467 0.0243
vn 0.6079 0.7914 0.0641
vn 0.8356 0.5228 0.1689
vn 0.8355 0.5228 0.1689
vn -0.3486 -0.3153 0.8826
vn -0.4688 -0.0332 0.8827
vn -0.2034 -0.6189 0.7587
vn -0.6211 0.2673 0.7368
vn -0.5526 0.2966 0.7789
vn 0.7451 -0.2145 0.6316
vn 0.7451 -0.2144 0.6316
vn 0.5835 0.0823 0.8079
vn 0.9919 -0.1093 -0.0642
vn 0.6041 0.7897 -0.1069
vn 0.6042 0.7896 -0.1067
vn 0.6080 0.7914 -0.0642
vn 0.8487 0.5283 -0.0243
vn -0.3026 0.0377 0.9524
vn -0.3452 0.0194 0.9383
vn -0.3452 0.0193 0.9383
vn 0.0162 -0.5253 0.8507
vn -0.4061 0.3593 0.8403
vn -0.4064 0.3594 0.8401
vn -0.3678 0.3752 0.8508
vn -0.2596 0.0563 0.9641
vn 0.6282 0.4345 0.6454
vn 0.8477 -0.1707 0.5023
vn 0.7186 0.1404 0.6811
vn 0.5984 0.4216 0.6813
vn 0.4154 0.7093 0.5696
vt 0.000000 0.000000
s 0
usemtl Goddard_None
f 1/1/1 2/1/1 3/1/1
f 3/1/2 4/1/2 1/1/2
f 4/1/3 3/1/3 5/1/3
f 5/1/3 6/1/3 4/1/3
f 4/1/4 7/1/5 8/1/5
f 8/1/6 1/1/6 4/1/6
f 9/1/7 7/1/7 4/1/7
f 4/1/7 6/1/7 9/1/7
f 10/1/8 11/1/8 12/1/8
f 12/1/8 2/1/8 10/1/8
f 13/1/9 3/1/9 2/1/9
f 2/1/9 12/1/9 13/1/9
f 13/1/10 14/1/10 5/1/10
f 5/1/10 3/1/10 13/1/10
f 5/1/11 14/1/11 15/1/11
f 15/1/11 16/1/11 5/1/11
f 17/1/12 6/1/12 5/1/12
f 5/1/12 16/1/12 17/1/12
f 17/1/13 18/1/13 9/1/13
f 9/1/14 6/1/14 17/1/14
f 19/1/15 9/1/15 18/1/15
f 18/1/15 20/1/15 19/1/15
f 9/1/16 19/1/16 21/1/16
f 21/1/16 7/1/16 9/1/16
f 7/1/17 21/1/17 22/1/17
f 22/1/17 8/1/17 7/1/17
f 22/1/18 23/1/18 24/1/18
f 24/1/19 8/1/19 22/1/19
f 1/1/20 8/1/20 24/1/20
f 24/1/21 25/1/21 1/1/21
f 10/1/22 2/1/22 1/1/22
f 1/1/22 25/1/22 10/1/22
f 26/1/23 27/1/23 28/1/23
f 28/1/23 29/1/23 26/1/23
f 30/1/24 31/1/24 27/1/24
f 27/1/24 26/1/24 30/1/24
f 27/1/25 32/1/25 33/1/25
f 33/1/25 28/1/25 27/1/25
f 27/1/26 31/1/26 34/1/26
f 34/1/26 32/1/26 27/1/26
f 35/1/27 29/1/27 36/1/27
f 36/1/27 37/1/27 35/1/27
f 26/1/28 29/1/28 35/1/28
f 35/1/28 38/1/28 26/1/28
f 39/1/29 30/1/30 26/1/29
f 26/1/29 38/1/29 39/1/29
f 30/1/31 39/1/31 40/1/31
f 40/1/32 41/1/32 30/1/32
f 42/1/33 31/1/33 30/1/33
f 30/1/33 41/1/33 42/1/33
f 43/1/34 34/1/34 31/1/34
f 31/1/34 42/1/34 43/1/34
f 44/1/35 34/1/35 43/1/35
f 43/1/35 45/1/35 44/1/35
f 44/1/36 46/1/36 32/1/36
f 32/1/36 34/1/36 44/1/36
f 32/1/37 46/1/37 47/1/37
f 47/1/37 33/1/37 32/1/37
f 48/1/38 33/1/38 47/1/38
f 47/1/38 49/1/38 48/1/38
f 28/1/39 33/1/39 48/1/39
f 48/1/39 50/1/39 28/1/39
f 29/1/40 28/1/40 50/1/40
f 50/1/40 36/1/40 29/1/40
f 51/1/41 52/1/41 53/1/41
f 53/1/42 54/1/42 51/1/42
f 55/1/43 56/1/43 52/1/43
f 52/1/44 51/1/44 55/1/44
f 52/1/45 57/1/45 58/1/45
f 58/1/45 53/1/45 52/1/45
f 52/1/46 56/1/46 59/1/46
f 59/1/46 57/1/46 52/1/46
f 54/1/47 60/1/47 61/1/47
f 61/1/48 62/1/48 54/1/48
f 62/1/49 63/1/49 51/1/49
f 51/1/50 54/1/50 62/1/50
f 55/1/51 51/1/51 63/1/51
f 63/1/51 64/1/51 55/1/51
f 64/1/52 65/1/52 66/1/52
f 66/1/53 55/1/53 64/1/53
f 67/1/54 56/1/54 55/1/54
f 55/1/54 66/1/54 67/1/54
f 68/1/55 59/1/55 56/1/55
f 56/1/55 67/1/55 68/1/55
f 39/1/56 59/1/56 68/1/56
f 68/1/56 40/1/56 39/1/56
f 38/1/57 57/1/57 59/1/57
f 59/1/58 39/1/58 38/1/58
f 38/1/59 35/1/59 58/1/59
f 58/1/59 57/1/59 38/1/59
f 35/1/60 37/1/60 69/1/60
f 69/1/60 58/1/60 35/1/60
f 53/1/61 58/1/61 69/1/61
f 69/1/62 70/1/62 53/1/62
f 54/1/63 53/1/63 70/1/63
f 70/1/63 60/1/63 54/1/63
f 71/1/64 72/1/64 73/1/64
f 73/1/65 74/1/65 71/1/65
f 75/1/66 76/1/66 72/1/66
f 72/1/66 71/1/66 75/1/66
f 72/1/67 77/1/67 78/1/67
f 78/1/67 73/1/67 72/1/67
f 72/1/68 76/1/68 79/1/68
f 79/1/68 77/1/68 72/1/68
f 80/1/69 81/1/69 82/1/69
f 82/1/69 74/1/69 80/1/69
f 71/1/70 74/1/70 82/1/70
f 82/1/70 83/1/70 71/1/70
f 75/1/71 71/1/71 83/1/71
f 83/1/72 84/1/72 75/1/72
f 84/1/73 85/1/73 86/1/73
f 86/1/74 75/1/74 84/1/74
f 87/1/75 76/1/75 75/1/75
f 75/1/76 86/1/76 87/1/76
f 88/1/77 79/1/77 76/1/77
f 76/1/78 87/1/78 88/1/78
f 65/1/79 64/1/79 79/1/79
f 79/1/80 88/1/80 65/1/80
f 63/1/81 77/1/81 79/1/81
f 79/1/81 64/1/81 63/1/81
f 63/1/82 62/1/82 78/1/82
f 78/1/82 77/1/82 63/1/82
f 62/1/83 61/1/83 89/1/83
f 89/1/83 78/1/83 62/1/83
f 78/1/84 89/1/84 90/1/84
f 90/1/85 73/1/85 78/1/85
f 74/1/86 73/1/86 90/1/86
f 90/1/87 80/1/87 74/1/87
f 91/1/88 92/1/88 93/1/88
f 93/1/88 94/1/89 91/1/88
f 95/1/90 96/1/90 92/1/90
f 92/1/90 91/1/90 95/1/90
f 92/1/91 97/1/91 98/1/91
f 98/1/91 93/1/91 92/1/91
f 92/1/92 96/1/92 99/1/92
f 99/1/92 97/1/92 92/1/92
f 94/1/93 100/1/93 101/1/93
f 101/1/93 102/1/93 94/1/93
f 94/1/94 102/1/94 103/1/94
f 103/1/94 91/1/94 94/1/94
f 103/1/95 104/1/95 95/1/95
f 95/1/96 91/1/96 103/1/96
f 105/1/97 95/1/97 104/1/97
f 104/1/97 106/1/97 105/1/97
f 96/1/98 95/1/98 105/1/98
f 105/1/99 107/1/99 96/1/99
f 108/1/100 99/1/100 96/1/100
f 96/1/101 107/1/101 108/1/101
f 85/1/102 84/1/102 99/1/102
f 99/1/102 108/1/102 85/1/102
f 83/1/103 97/1/103 99/1/103
f 99/1/104 84/1/104 83/1/104
f 83/1/105 82/1/105 98/1/105
f 98/1/105 97/1/105 83/1/105
f 82/1/106 81/1/106 109/1/106
f 109/1/106 98/1/106 82/1/106
f 98/1/107 109/1/107 110/1/107
f 110/1/107 93/1/107 98/1/107
f 100/1/108 94/1/108 93/1/108
f 93/1/108 110/1/108 100/1/108
f 111/1/109 112/1/109 113/1/109
f 113/1/109 114/1/109 111/1/109
f 115/1/110 116/1/110 112/1/110
f 112/1/111 111/1/111 115/1/111
f 112/1/112 117/1/112 118/1/112
f 118/1/112 113/1/112 112/1/112
f 112/1/113 116/1/113 119/1/113
f 119/1/113 117/1/113 112/1/113
f 114/1/114 120/1/114 121/1/114
f 121/1/114 122/1/114 114/1/114
f 114/1/115 122/1/115 123/1/115
f 123/1/116 111/1/116 114/1/116
f 115/1/117 111/1/117 123/1/117
f 123/1/117 124/1/117 115/1/117
f 124/1/118 125/1/118 126/1/118
f 126/1/119 115/1/119 124/1/119
f 116/1/120 115/1/120 126/1/120
f 126/1/120 127/1/120 116/1/120
f 128/1/121 119/1/121 116/1/121
f 116/1/121 127/1/121 128/1/121
f 104/1/122 119/1/122 128/1/122
f 128/1/122 106/1/122 104/1/122
f 117/1/123 119/1/123 104/1/123
f 104/1/123 103/1/123 117/1/123
f 103/1/124 102/1/124 118/1/124
f 118/1/124 117/1/124 103/1/124
f 102/1/125 101/1/125 129/1/125
f 129/1/125 118/1/125 102/1/125
f 118/1/126 129/1/126 130/1/126
f 130/1/126 113/1/126 118/1/126
f 120/1/127 114/1/127 113/1/127
f 113/1/127 130/1/127 120/1/127
f 131/1/128 132/1/128 133/1/128
f 133/1/129 134/1/129 131/1/129
f 135/1/130 136/1/130 132/1/130
f 132/1/130 131/1/130 135/1/130
f 132/1/131 137/1/131 138/1/131
f 138/1/131 133/1/131 132/1/131
f 132/1/132 136/1/132 139/1/132
f 139/1/133 137/1/133 132/1/133
f 134/1/134 140/1/134 141/1/134
f 141/1/134 142/1/134 134/1/134
f 134/1/135 142/1/135 143/1/135
f 143/1/135 131/1/135 134/1/135
f 135/1/136 131/1/136 143/1/136
f 143/1/137 144/1/137 135/1/137
f 144/1/138 145/1/138 146/1/138
f 146/1/139 135/1/139 144/1/139
f 136/1/140 135/1/140 146/1/140
f 146/1/140 147/1/140 136/1/140
f 148/1/141 139/1/141 136/1/141
f 136/1/141 147/1/141 148/1/141
f 124/1/142 139/1/142 148/1/142
f 148/1/142 125/1/142 124/1/142
f 123/1/143 137/1/143 139/1/143
f 139/1/144 124/1/144 123/1/144
f 123/1/145 122/1/145 138/1/145
f 138/1/146 137/1/146 123/1/146
f 122/1/147 121/1/147 149/1/147
f 149/1/147 138/1/147 122/1/147
f 138/1/148 149/1/148 150/1/148
f 150/1/148 133/1/148 138/1/148
f 140/1/149 134/1/149 133/1/149
f 133/1/149 150/1/149 140/1/149
f 151/1/150 152/1/150 153/1/150
f 153/1/151 154/1/151 151/1/151
f 155/1/152 156/1/152 152/1/152
f 152/1/152 151/1/152 155/1/152
f 152/1/153 157/1/153 158/1/153
f 158/1/153 153/1/153 152/1/153
f 152/1/154 156/1/154 159/1/154
f 159/1/154 157/1/154 152/1/154
f 154/1/155 160/1/155 161/1/155
f 161/1/155 162/1/155 154/1/155
f 154/1/156 162/1/156 163/1/156
f 163/1/156 151/1/156 154/1/156
f 155/1/157 151/1/157 163/1/157
f 163/1/157 164/1/157 155/1/157
f 164/1/158 165/1/158 166/1/158
f 166/1/158 155/1/158 164/1/158
f 156/1/159 155/1/159 166/1/159
f 166/1/159 167/1/159 156/1/159
f 168/1/160 159/1/160 156/1/160
f 156/1/161 167/1/161 168/1/161
f 144/1/162 159/1/162 168/1/162
f 168/1/163 145/1/163 144/1/163
f 143/1/164 157/1/164 159/1/164
f 159/1/164 144/1/164 143/1/164
f 143/1/165 142/1/165 158/1/165
f 158/1/165 157/1/165 143/1/165
f 142/1/166 141/1/166 169/1/166
f 169/1/166 158/1/166 142/1/166
f 158/1/167 169/1/167 170/1/167
f 170/1/168 153/1/168 158/1/168
f 160/1/169 154/1/169 153/1/169
f 153/1/170 170/1/170 160/1/170
f 171/1/171 172/1/171 173/1/171
f 173/1/171 174/1/171 171/1/171
f 175/1/172 176/1/172 172/1/172
f 172/1/172 171/1/172 175/1/172
f 172/1/173 177/1/173 178/1/173
f 178/1/173 173/1/173 172/1/173
f 172/1/174 176/1/174 179/1/174
f 179/1/174 177/1/174 172/1/174
f 174/1/175 180/1/175 181/1/175
f 181/1/175 182/1/175 174/1/175
f 174/1/176 182/1/176 183/1/176
f 183/1/177 171/1/177 174/1/177
f 175/1/178 171/1/178 183/1/178
f 183/1/179 184/1/179 175/1/179
f 185/1/180 175/1/180 184/1/180
f 184/1/180 186/1/180 185/1/180
f 176/1/181 175/1/181 185/1/181
f 185/1/181 187/1/181 176/1/181
f 188/1/182 179/1/182 176/1/182
f 176/1/182 187/1/182 188/1/182
f 164/1/183 179/1/183 188/1/183
f 188/1/183 165/1/183 164/1/183
f 163/1/184 177/1/184 179/1/184
f 179/1/184 164/1/184 163/1/184
f 163/1/185 162/1/185 178/1/185
f 178/1/186 177/1/186 163/1/186
f 162/1/187 161/1/187 189/1/187
f 189/1/188 178/1/188 162/1/188
f 178/1/189 189/1/189 190/1/189
f 190/1/189 173/1/189 178/1/189
f 180/1/190 174/1/190 173/1/190
f 173/1/190 190/1/190 180/1/190
f 191/1/191 192/1/191 193/1/191
f 193/1/192 194/1/192 191/1/192
f 195/1/193 196/1/193 192/1/193
f 192/1/193 191/1/193 195/1/193
f 192/1/194 197/1/194 198/1/194
f 198/1/195 193/1/195 192/1/195
f 192/1/196 196/1/196 199/1/196
f 199/1/196 197/1/196 192/1/196
f 194/1/197 200/1/197 201/1/197
f 201/1/197 202/1/197 194/1/197
f 194/1/198 202/1/198 203/1/198
f 203/1/199 191/1/199 194/1/199
f 195/1/200 191/1/200 203/1/200
f 203/1/200 204/1/200 195/1/200
f 205/1/201 195/1/201 204/1/201
f 204/1/201 206/1/201 205/1/201
f 196/1/202 195/1/202 205/1/202
f 205/1/202 207/1/202 196/1/202
f 208/1/203 199/1/203 196/1/203
f 196/1/203 207/1/203 208/1/203
f 186/1/204 184/1/204 199/1/204
f 199/1/204 208/1/204 186/1/204
f 183/1/205 197/1/205 199/1/205
f 199/1/206 184/1/206 183/1/206
f 183/1/207 182/1/207 198/1/207
f 198/1/207 197/1/207 183/1/207
f 182/1/208 181/1/208 209/1/208
f 209/1/208 198/1/208 182/1/208
f 198/1/209 209/1/209 210/1/209
f 210/1/209 193/1/209 198/1/209
f 200/1/210 194/1/210 193/1/210
f 193/1/211 210/1/211 200/1/211
f 211/1/212 212/1/212 213/1/212
f 213/1/212 214/1/212 211/1/212
f 215/1/213 216/1/213 212/1/213
f 212/1/213 211/1/213 215/1/213
f 212/1/214 217/1/214 218/1/214
f 218/1/215 213/1/215 212/1/215
f 212/1/216 216/1/216 219/1/216
f 219/1/216 217/1/216 212/1/216
f 214/1/217 220/1/217 221/1/217
f 221/1/217 222/1/217 214/1/217
f 214/1/218 222/1/218 223/1/218
f 223/1/218 211/1/218 214/1/218
f 215/1/219 211/1/219 223/1/219
f 223/1/219 224/1/219 215/1/219
f 225/1/220 215/1/220 224/1/220
f 224/1/221 226/1/221 225/1/221
f 216/1/222 215/1/222 225/1/222
f 225/1/223 227/1/223 216/1/223
f 228/1/224 219/1/224 216/1/224
f 216/1/224 227/1/224 228/1/224
f 206/1/225 204/1/225 219/1/225
f 219/1/225 228/1/225 206/1/225
f 203/1/226 217/1/226 219/1/226
f 219/1/226 204/1/226 203/1/226
f 203/1/227 202/1/227 218/1/227
f 218/1/227 217/1/227 203/1/227
f 202/1/228 201/1/228 229/1/228
f 229/1/228 218/1/228 202/1/228
f 218/1/229 229/1/229 230/1/229
f 230/1/230 213/1/230 218/1/230
f 220/1/231 214/1/231 213/1/231
f 213/1/232 230/1/232 220/1/232
f 231/1/233 232/1/233 233/1/233
f 233/1/234 234/1/234 231/1/234
f 235/1/235 236/1/235 232/1/235
f 232/1/236 231/1/236 235/1/236
f 232/1/237 237/1/237 238/1/237
f 238/1/238 233/1/238 232/1/238
f 232/1/239 236/1/239 239/1/239
f 239/1/239 237/1/239 232/1/239
f 234/1/240 240/1/240 241/1/240
f 241/1/241 242/1/241 234/1/241
f 234/1/242 242/1/242 243/1/242
f 243/1/242 231/1/242 234/1/242
f 235/1/243 231/1/243 243/1/243
f 243/1/243 244/1/243 235/1/243
f 245/1/244 235/1/244 244/1/244
f 244/1/245 246/1/245 245/1/245
f 236/1/246 235/1/246 245/1/246
f 245/1/246 247/1/246 236/1/246
f 248/1/247 239/1/247 236/1/247
f 236/1/248 247/1/248 248/1/248
f 226/1/249 224/1/249 239/1/249
f 239/1/249 248/1/249 226/1/249
f 223/1/250 237/1/250 239/1/250
f 239/1/251 224/1/251 223/1/251
f 223/1/252 222/1/252 238/1/252
f 238/1/252 237/1/252 223/1/252
f 222/1/253 221/1/253 249/1/253
f 249/1/253 238/1/253 222/1/253
f 238/1/254 249/1/254 250/1/254
f 250/1/254 233/1/254 238/1/254
f 240/1/255 234/1/255 233/1/255
f 233/1/256 250/1/256 240/1/256
f 251/1/257 252/1/257 253/1/257
f 253/1/257 254/1/257 251/1/257
f 255/1/258 256/1/258 252/1/258
f 252/1/258 251/1/258 255/1/258
f 252/1/259 257/1/259 258/1/259
f 258/1/260 253/1/260 252/1/260
f 252/1/261 256/1/261 259/1/261
f 259/1/261 257/1/261 252/1/261
f 254/1/262 260/1/262 261/1/262
f 261/1/262 262/1/262 254/1/262
f 254/1/263 262/1/263 263/1/263
f 263/1/263 251/1/263 254/1/263
f 255/1/264 251/1/264 263/1/264
f 263/1/264 264/1/264 255/1/264
f 265/1/265 255/1/265 264/1/265
f 264/1/265 266/1/265 265/1/265
f 256/1/266 255/1/266 265/1/266
f 265/1/266 267/1/266 256/1/266
f 268/1/267 259/1/267 256/1/267
f 256/1/267 267/1/267 268/1/267
f 246/1/268 244/1/268 259/1/268
f 259/1/268 268/1/268 246/1/268
f 243/1/269 257/1/269 259/1/269
f 259/1/269 244/1/269 243/1/269
f 243/1/270 242/1/270 258/1/270
f 258/1/270 257/1/270 243/1/270
f 242/1/271 241/1/271 269/1/271
f 269/1/271 258/1/271 242/1/271
f 258/1/272 269/1/272 270/1/272
f 270/1/272 253/1/272 258/1/272
f 260/1/273 254/1/273 253/1/273
f 253/1/273 270/1/273 260/1/273
f 271/1/274 272/1/274 273/1/274
f 273/1/274 274/1/274 271/1/274
f 275/1/275 276/1/275 272/1/275
f 272/1/275 271/1/275 275/1/275
f 272/1/276 277/1/276 278/1/276
f 278/1/276 273/1/276 272/1/276
f 272/1/277 276/1/277 279/1/277
f 279/1/278 277/1/278 272/1/278
f 274/1/279 280/1/279 281/1/279
f 281/1/279 282/1/279 274/1/279
f 274/1/280 282/1/280 283/1/280
f 283/1/280 271/1/280 274/1/280
f 275/1/281 271/1/281 283/1/281
f 283/1/281 284/1/281 275/1/281
f 285/1/282 275/1/282 284/1/282
f 284/1/282 286/1/282 285/1/282
f 276/1/283 275/1/283 285/1/283
f 285/1/283 287/1/283 276/1/283
f 288/1/284 279/1/284 276/1/284
f 276/1/285 287/1/285 288/1/285
f 266/1/286 264/1/286 279/1/286
f 279/1/286 288/1/286 266/1/286
f 263/1/287 277/1/287 279/1/287
f 279/1/288 264/1/288 263/1/288
f 263/1/289 262/1/289 278/1/289
f 278/1/289 277/1/289 263/1/289
f 262/1/290 261/1/290 289/1/290
f 289/1/290 278/1/290 262/1/290
f 278/1/291 289/1/291 290/1/291
f 290/1/291 273/1/291 278/1/291
f 280/1/292 274/1/292 273/1/292
f 273/1/292 290/1/292 280/1/292
f 291/1/293 292/1/293 293/1/293
f 293/1/294 294/1/294 291/1/294
f 295/1/295 296/1/295 292/1/295
f 292/1/295 291/1/295 295/1/295
f 292/1/296 297/1/296 298/1/296
f 298/1/297 293/1/297 292/1/297
f 292/1/298 296/1/298 299/1/298
f 299/1/299 297/1/299 292/1/299
f 294/1/300 300/1/300 301/1/300
f 301/1/300 302/1/300 294/1/300
f 294/1/301 302/1/301 303/1/301
f 303/1/301 291/1/301 294/1/301
f 295/1/302 291/1/302 303/1/302
f 303/1/303 304/1/303 295/1/303
f 305/1/304 295/1/304 304/1/304
f 304/1/304 306/1/304 305/1/304
f 296/1/305 295/1/305 305/1/305
f 305/1/306 307/1/306 296/1/306
f 308/1/307 299/1/307 296/1/307
f 296/1/308 307/1/308 308/1/308
f 286/1/309 284/1/309 299/1/309
f 299/1/309 308/1/309 286/1/309
f 283/1/310 297/1/310 299/1/310
f 299/1/310 284/1/310 283/1/310
f 283/1/311 282/1/311 298/1/311
f 298/1/312 297/1/312 283/1/312
f 282/1/313 281/1/313 309/1/313
f 309/1/313 298/1/313 282/1/313
f 298/1/314 309/1/314 310/1/314
f 310/1/315 293/1/315 298/1/315
f 300/1/316 294/1/316 293/1/316
f 293/1/316 310/1/316 300/1/316
f 311/1/317 312/1/317 313/1/317
f 313/1/317 314/1/317 311/1/317
f 315/1/318 316/1/318 312/1/318
f 312/1/319 311/1/319 315/1/319
f 312/1/320 317/1/320 318/1/320
f 318/1/320 313/1/320 312/1/320
f 312/1/321 316/1/321 319/1/321
f 319/1/322 317/1/322 312/1/322
f 314/1/323 320/1/323 321/1/323
f 321/1/323 322/1/323 314/1/323
f 314/1/324 322/1/324 323/1/324
f 323/1/324 311/1/324 314/1/324
f 315/1/325 311/1/325 323/1/325
f 323/1/325 324/1/325 315/1/325
f 325/1/326 315/1/326 324/1/326
f 324/1/326 326/1/326 325/1/326
f 316/1/327 315/1/327 325/1/327
f 325/1/327 327/1/327 316/1/327
f 328/1/328 319/1/328 316/1/328
f 316/1/328 327/1/328 328/1/328
f 306/1/329 304/1/329 319/1/329
f 319/1/329 328/1/329 306/1/329
f 303/1/330 317/1/330 319/1/330
f 319/1/330 304/1/330 303/1/330
f 303/1/331 302/1/331 318/1/331
f 318/1/331 317/1/331 303/1/331
f 302/1/332 301/1/332 329/1/332
f 329/1/332 318/1/332 302/1/332
f 318/1/333 329/1/333 330/1/333
f 330/1/334 313/1/334 318/1/334
f 320/1/335 314/1/335 313/1/335
f 313/1/335 330/1/335 320/1/335
f 331/1/336 332/1/336 333/1/336
f 333/1/336 334/1/336 331/1/336
f 335/1/337 336/1/337 332/1/337
f 332/1/337 331/1/337 335/1/337
f 332/1/338 337/1/338 338/1/338
f 338/1/338 333/1/338 332/1/338
f 332/1/339 336/1/339 339/1/339
f 339/1/339 337/1/339 332/1/339
f 334/1/340 340/1/340 341/1/340
f 341/1/341 342/1/341 334/1/341
f 334/1/342 342/1/342 343/1/342
f 343/1/342 331/1/342 334/1/342
f 335/1/343 331/1/343 343/1/343
f 343/1/343 344/1/343 335/1/343
f 345/1/344 335/1/344 344/1/344
f 344/1/344 346/1/344 345/1/344
f 336/1/345 335/1/345 345/1/345
f 345/1/345 347/1/345 336/1/345
f 348/1/346 339/1/346 336/1/346
f 336/1/346 347/1/346 348/1/346
f 326/1/347 324/1/347 339/1/347
f 339/1/348 348/1/348 326/1/348
f 323/1/349 337/1/349 339/1/349
f 339/1/349 324/1/349 323/1/349
f 323/1/350 322/1/350 338/1/350
f 338/1/350 337/1/350 323/1/350
f 322/1/351 321/1/351 349/1/351
f 349/1/351 338/1/351 322/1/351
f 338/1/352 349/1/352 350/1/352
f 350/1/352 333/1/352 338/1/352
f 340/1/353 334/1/353 333/1/353
f 333/1/353 350/1/353 340/1/353
f 351/1/24 352/1/24 353/1/24
f 353/1/24 354/1/24 351/1/24
f 355/1/23 356/1/23 352/1/23
f 352/1/23 351/1/23 355/1/23
f 352/1/26 357/1/26 358/1/26
f 358/1/26 353/1/26 352/1/26
f 352/1/354 356/1/354 359/1/354
f 359/1/25 357/1/25 352/1/25
f 354/1/31 360/1/31 361/1/31
f 361/1/31 362/1/31 354/1/31
f 354/1/29 362/1/29 363/1/29
f 363/1/29 351/1/29 354/1/29
f 355/1/28 351/1/28 363/1/28
f 363/1/28 364/1/28 355/1/28
f 365/1/355 355/1/355 364/1/355
f 364/1/356 366/1/356 365/1/356
f 356/1/40 355/1/40 365/1/40
f 365/1/40 367/1/40 356/1/40
f 368/1/357 359/1/357 356/1/357
f 356/1/39 367/1/39 368/1/39
f 346/1/38 344/1/38 359/1/38
f 359/1/38 368/1/38 346/1/38
f 343/1/358 357/1/358 359/1/358
f 359/1/37 344/1/37 343/1/37
f 343/1/359 342/1/359 358/1/359
f 358/1/36 357/1/36 343/1/36
f 342/1/35 341/1/35 369/1/35
f 369/1/35 358/1/35 342/1/35
f 358/1/34 369/1/34 370/1/34
f 370/1/34 353/1/34 358/1/34
f 360/1/360 354/1/360 353/1/360
f 353/1/361 370/1/361 360/1/361
f 371/1/43 372/1/43 373/1/43
f 373/1/43 374/1/43 371/1/43
f 375/1/362 376/1/362 372/1/362
f 372/1/41 371/1/41 375/1/41
f 372/1/363 377/1/363 378/1/363
f 378/1/46 373/1/46 372/1/46
f 372/1/364 376/1/364 379/1/364
f 379/1/45 377/1/45 372/1/45
f 374/1/53 380/1/53 381/1/53
f 381/1/53 382/1/53 374/1/53
f 374/1/365 382/1/365 383/1/365
f 383/1/366 371/1/366 374/1/366
f 375/1/367 371/1/367 383/1/367
f 383/1/49 384/1/49 375/1/49
f 385/1/47 375/1/47 384/1/47
f 384/1/47 386/1/47 385/1/47
f 376/1/63 375/1/63 385/1/63
f 385/1/63 387/1/63 376/1/63
f 388/1/61 379/1/61 376/1/61
f 376/1/61 387/1/61 388/1/61
f 366/1/368 364/1/368 379/1/368
f 379/1/368 388/1/368 366/1/368
f 363/1/59 377/1/59 379/1/59
f 379/1/59 364/1/59 363/1/59
f 363/1/58 362/1/58 378/1/58
f 378/1/369 377/1/369 363/1/369
f 362/1/56 361/1/56 389/1/56
f 389/1/56 378/1/56 362/1/56
f 378/1/55 389/1/55 390/1/55
f 390/1/55 373/1/55 378/1/55
f 380/1/54 374/1/54 373/1/54
f 373/1/54 390/1/54 380/1/54
f 391/1/66 392/1/66 393/1/66
f 393/1/66 394/1/66 391/1/66
f 395/1/370 396/1/370 392/1/370
f 392/1/371 391/1/371 395/1/371
f 392/1/68 397/1/68 398/1/68
f 398/1/68 393/1/68 392/1/68
f 392/1/372 396/1/372 399/1/372
f 399/1/372 397/1/372 392/1/372
f 394/1/373 400/1/373 401/1/373
f 401/1/74 402/1/74 394/1/74
f 394/1/374 402/1/374 403/1/374
f 403/1/72 391/1/72 394/1/72
f 395/1/375 391/1/375 403/1/375
f 403/1/376 404/1/376 395/1/376
f 405/1/69 395/1/69 404/1/69
f 404/1/69 406/1/69 405/1/69
f 396/1/87 395/1/87 405/1/87
f 405/1/377 407/1/377 396/1/377
f 408/1/84 399/1/84 396/1/84
f 396/1/84 407/1/84 408/1/84
f 386/1/83 384/1/83 399/1/83
f 399/1/83 408/1/83 386/1/83
f 383/1/82 397/1/82 399/1/82
f 399/1/82 384/1/82 383/1/82
f 383/1/378 382/1/378 398/1/378
f 398/1/379 397/1/379 383/1/379
f 382/1/80 381/1/80 409/1/80
f 409/1/80 398/1/80 382/1/80
f 398/1/78 409/1/78 410/1/78
f 410/1/77 393/1/77 398/1/77
f 400/1/380 394/1/380 393/1/380
f 393/1/75 410/1/75 400/1/75
f 411/1/90 412/1/90 413/1/90
f 413/1/90 414/1/90 411/1/90
f 415/1/88 416/1/88 412/1/88
f 412/1/88 411/1/88 415/1/88
f 412/1/92 417/1/92 418/1/92
f 418/1/92 413/1/92 412/1/92
f 412/1/91 416/1/91 419/1/91
f 419/1/91 417/1/91 412/1/91
f 414/1/97 420/1/97 421/1/97
f 421/1/97 422/1/97 414/1/97
f 414/1/95 422/1/95 423/1/95
f 423/1/96 411/1/96 414/1/96
f 415/1/94 411/1/94 423/1/94
f 423/1/94 424/1/94 415/1/94
f 425/1/93 415/1/93 424/1/93
f 424/1/93 426/1/93 425/1/93
f 416/1/108 415/1/108 425/1/108
f 425/1/108 427/1/108 416/1/108
f 428/1/107 419/1/107 416/1/107
f 416/1/107 427/1/107 428/1/107
f 406/1/106 404/1/106 419/1/106
f 419/1/106 428/1/106 406/1/106
f 403/1/381 417/1/381 419/1/381
f 419/1/382 404/1/382 403/1/382
f 403/1/103 402/1/103 418/1/103
f 418/1/104 417/1/104 403/1/104
f 402/1/383 401/1/383 429/1/383
f 429/1/384 418/1/384 402/1/384
f 418/1/385 429/1/385 430/1/385
f 430/1/101 413/1/101 418/1/101
f 420/1/99 414/1/99 413/1/99
f 413/1/99 430/1/99 420/1/99
f 431/1/386 432/1/386 433/1/386
f 433/1/111 434/1/111 431/1/111
f 435/1/387 436/1/387 432/1/387
f 432/1/109 431/1/109 435/1/109
f 432/1/113 437/1/113 438/1/113
f 438/1/113 433/1/113 432/1/113
f 432/1/112 436/1/112 439/1/112
f 439/1/112 437/1/112 432/1/112
f 434/1/119 440/1/119 441/1/119
f 441/1/119 442/1/119 434/1/119
f 434/1/117 442/1/117 443/1/117
f 443/1/117 431/1/117 434/1/117
f 435/1/115 431/1/115 443/1/115
f 443/1/115 444/1/115 435/1/115
f 445/1/114 435/1/114 444/1/114
f 444/1/114 446/1/114 445/1/114
f 436/1/127 435/1/127 445/1/127
f 445/1/127 447/1/127 436/1/127
f 448/1/126 439/1/126 436/1/126
f 436/1/126 447/1/126 448/1/126
f 426/1/125 424/1/125 439/1/125
f 439/1/125 448/1/125 426/1/125
f 423/1/124 437/1/124 439/1/124
f 439/1/124 424/1/124 423/1/124
f 423/1/123 422/1/123 438/1/123
f 438/1/123 437/1/123 423/1/123
f 422/1/388 421/1/388 449/1/388
f 449/1/388 438/1/388 422/1/388
f 438/1/121 449/1/121 450/1/121
f 450/1/121 433/1/121 438/1/121
f 440/1/389 434/1/389 433/1/389
f 433/1/120 450/1/120 440/1/120
f 451/1/130 452/1/130 453/1/130
f 453/1/130 454/1/130 451/1/130
f 455/1/129 456/1/129 452/1/129
f 452/1/129 451/1/129 455/1/129
f 452/1/132 457/1/132 458/1/132
f 458/1/132 453/1/132 452/1/132
f 452/1/131 456/1/131 459/1/131
f 459/1/131 457/1/131 452/1/131
f 454/1/390 460/1/390 461/1/390
f 461/1/390 462/1/390 454/1/390
f 454/1/136 462/1/136 463/1/136
f 463/1/136 451/1/136 454/1/136
f 455/1/135 451/1/135 463/1/135
f 463/1/135 464/1/135 455/1/135
f 465/1/134 455/1/134 464/1/134
f 464/1/134 466/1/134 465/1/134
f 456/1/149 455/1/149 465/1/149
f 465/1/149 467/1/149 456/1/149
f 468/1/391 459/1/391 456/1/391
f 456/1/392 467/1/392 468/1/392
f 446/1/147 444/1/147 459/1/147
f 459/1/147 468/1/147 446/1/147
f 443/1/146 457/1/146 459/1/146
f 459/1/393 444/1/393 443/1/393
f 443/1/143 442/1/143 458/1/143
f 458/1/143 457/1/143 443/1/143
f 442/1/394 441/1/394 469/1/394
f 469/1/394 458/1/394 442/1/394
f 458/1/395 469/1/395 470/1/395
f 470/1/395 453/1/395 458/1/395
f 460/1/140 454/1/140 453/1/140
f 453/1/140 470/1/140 460/1/140
f 471/1/152 472/1/152 473/1/152
f 473/1/152 474/1/152 471/1/152
f 475/1/396 476/1/396 472/1/396
f 472/1/396 471/1/396 475/1/396
f 472/1/154 477/1/154 478/1/154
f 478/1/397 473/1/397 472/1/397
f 472/1/153 476/1/153 479/1/153
f 479/1/153 477/1/153 472/1/153
f 474/1/158 480/1/158 481/1/158
f 481/1/158 482/1/158 474/1/158
f 474/1/398 482/1/398 483/1/398
f 483/1/399 471/1/399 474/1/399
f 475/1/156 471/1/156 483/1/156
f 483/1/156 484/1/156 475/1/156
f 485/1/155 475/1/155 484/1/155
f 484/1/400 486/1/400 485/1/400
f 476/1/169 475/1/169 485/1/169
f 485/1/401 487/1/401 476/1/401
f 488/1/168 479/1/168 476/1/168
f 476/1/167 487/1/167 488/1/167
f 466/1/166 464/1/166 479/1/166
f 479/1/166 488/1/166 466/1/166
f 463/1/165 477/1/165 479/1/165
f 479/1/165 464/1/165 463/1/165
f 463/1/164 462/1/164 478/1/164
f 478/1/164 477/1/164 463/1/164
f 462/1/163 461/1/163 489/1/163
f 489/1/402 478/1/402 462/1/402
f 478/1/403 489/1/403 490/1/403
f 490/1/403 473/1/403 478/1/403
f 480/1/159 474/1/159 473/1/159
f 473/1/159 490/1/159 480/1/159
f 491/1/172 492/1/172 493/1/172
f 493/1/172 494/1/172 491/1/172
f 495/1/171 496/1/171 492/1/171
f 492/1/171 491/1/171 495/1/171
f 492/1/174 497/1/174 498/1/174
f 498/1/174 493/1/174 492/1/174
f 492/1/173 496/1/173 499/1/173
f 499/1/404 497/1/404 492/1/404
f 494/1/180 500/1/180 501/1/180
f 501/1/180 502/1/180 494/1/180
f 494/1/405 502/1/405 503/1/405
f 503/1/406 491/1/406 494/1/406
f 495/1/176 491/1/176 503/1/176
f 503/1/176 504/1/176 495/1/176
f 505/1/175 495/1/175 504/1/175
f 504/1/175 506/1/175 505/1/175
f 496/1/190 495/1/190 505/1/190
f 505/1/190 507/1/190 496/1/190
f 508/1/189 499/1/189 496/1/189
f 496/1/189 507/1/189 508/1/189
f 486/1/187 484/1/187 499/1/187
f 499/1/407 508/1/407 486/1/407
f 483/1/408 497/1/408 499/1/408
f 499/1/185 484/1/185 483/1/185
f 483/1/184 482/1/184 498/1/184
f 498/1/184 497/1/184 483/1/184
f 482/1/183 481/1/183 509/1/183
f 509/1/183 498/1/183 482/1/183
f 498/1/182 509/1/182 510/1/182
f 510/1/409 493/1/409 498/1/409
f 500/1/181 494/1/181 493/1/181
f 493/1/181 510/1/181 500/1/181
f 511/1/410 512/1/410 513/1/410
f 513/1/193 514/1/193 511/1/193
f 515/1/191 516/1/191 512/1/191
f 512/1/191 511/1/191 515/1/191
f 512/1/411 517/1/411 518/1/411
f 518/1/196 513/1/196 512/1/196
f 512/1/412 516/1/412 519/1/412
f 519/1/412 517/1/412 512/1/412
f 514/1/413 520/1/413 521/1/413
f 521/1/201 522/1/201 514/1/201
f 514/1/200 522/1/200 523/1/200
f 523/1/200 511/1/200 514/1/200
f 515/1/414 511/1/414 523/1/414
f 523/1/198 524/1/198 515/1/198
f 525/1/197 515/1/197 524/1/197
f 524/1/197 526/1/197 525/1/197
f 516/1/211 515/1/211 525/1/211
f 525/1/211 527/1/211 516/1/211
f 528/1/209 519/1/209 516/1/209
f 516/1/209 527/1/209 528/1/209
f 506/1/415 504/1/415 519/1/415
f 519/1/208 528/1/208 506/1/208
f 503/1/207 517/1/207 519/1/207
f 519/1/207 504/1/207 503/1/207
f 503/1/416 502/1/416 518/1/416
f 518/1/417 517/1/417 503/1/417
f 502/1/204 501/1/204 529/1/204
f 529/1/204 518/1/204 502/1/204
f 518/1/418 529/1/418 530/1/418
f 530/1/419 513/1/419 518/1/419
f 520/1/420 514/1/420 513/1/420
f 513/1/420 530/1/420 520/1/420
f 531/1/421 532/1/421 533/1/421
f 533/1/213 534/1/213 531/1/213
f 535/1/212 536/1/212 532/1/212
f 532/1/212 531/1/212 535/1/212
f 532/1/422 537/1/422 538/1/422
f 538/1/422 533/1/422 532/1/422
f 532/1/215 536/1/215 539/1/215
f 539/1/215 537/1/215 532/1/215
f 534/1/423 540/1/423 541/1/423
f 541/1/423 542/1/423 534/1/423
f 534/1/219 542/1/219 543/1/219
f 543/1/219 531/1/219 534/1/219
f 535/1/218 531/1/218 543/1/218
f 543/1/218 544/1/218 535/1/218
f 545/1/217 535/1/217 544/1/217
f 544/1/217 546/1/217 545/1/217
f 536/1/232 535/1/232 545/1/232
f 545/1/424 547/1/424 536/1/424
f 548/1/230 539/1/230 536/1/230
f 536/1/230 547/1/230 548/1/230
f 526/1/228 524/1/228 539/1/228
f 539/1/228 548/1/228 526/1/228
f 523/1/227 537/1/227 539/1/227
f 539/1/227 524/1/227 523/1/227
f 523/1/226 522/1/226 538/1/226
f 538/1/425 537/1/425 523/1/425
f 522/1/225 521/1/225 549/1/225
f 549/1/225 538/1/225 522/1/225
f 538/1/224 549/1/224 550/1/224
f 550/1/224 533/1/224 538/1/224
f 540/1/223 534/1/223 533/1/223
f 533/1/223 550/1/223 540/1/223
f 551/1/235 552/1/235 553/1/235
f 553/1/235 554/1/235 551/1/235
f 555/1/234 556/1/234 552/1/234
f 552/1/234 551/1/234 555/1/234
f 552/1/239 557/1/239 558/1/239
f 558/1/239 553/1/239 552/1/239
f 552/1/237 556/1/237 559/1/237
f 559/1/237 557/1/237 552/1/237
f 554/1/426 560/1/426 561/1/426
f 561/1/426 562/1/426 554/1/426
f 554/1/243 562/1/243 563/1/243
f 563/1/243 551/1/243 554/1/243
f 555/1/427 551/1/427 563/1/427
f 563/1/242 564/1/242 555/1/242
f 565/1/241 555/1/241 564/1/241
f 564/1/240 566/1/240 565/1/240
f 556/1/428 555/1/428 565/1/428
f 565/1/429 567/1/429 556/1/429
f 568/1/254 559/1/254 556/1/254
f 556/1/430 567/1/430 568/1/430
f 546/1/431 544/1/431 559/1/431
f 559/1/253 568/1/253 546/1/253
f 543/1/252 557/1/252 559/1/252
f 559/1/252 544/1/252 543/1/252
f 543/1/250 542/1/250 558/1/250
f 558/1/250 557/1/250 543/1/250
f 542/1/249 541/1/249 569/1/249
f 569/1/249 558/1/249 542/1/249
f 558/1/247 569/1/247 570/1/247
f 570/1/247 553/1/247 558/1/247
f 560/1/432 554/1/432 553/1/432
f 553/1/432 570/1/432 560/1/432
f 571/1/258 572/1/258 573/1/258
f 573/1/258 574/1/258 571/1/258
f 575/1/257 576/1/257 572/1/257
f 572/1/257 571/1/257 575/1/257
f 572/1/433 577/1/433 578/1/433
f 578/1/434 573/1/434 572/1/434
f 572/1/260 576/1/260 579/1/260
f 579/1/260 577/1/260 572/1/260
f 574/1/435 580/1/435 581/1/435
f 581/1/265 582/1/265 574/1/265
f 574/1/264 582/1/264 583/1/264
f 583/1/264 571/1/264 574/1/264
f 575/1/263 571/1/263 583/1/263
f 583/1/263 584/1/263 575/1/263
f 585/1/436 575/1/436 584/1/436
f 584/1/436 586/1/436 585/1/436
f 576/1/273 575/1/273 585/1/273
f 585/1/273 587/1/273 576/1/273
f 588/1/272 579/1/272 576/1/272
f 576/1/437 587/1/437 588/1/437
f 566/1/271 564/1/271 579/1/271
f 579/1/271 588/1/271 566/1/271
f 563/1/270 577/1/270 579/1/270
f 579/1/270 564/1/270 563/1/270
f 563/1/269 562/1/269 578/1/269
f 578/1/269 577/1/269 563/1/269
f 562/1/268 561/1/268 589/1/268
f 589/1/268 578/1/268 562/1/268
f 578/1/267 589/1/267 590/1/267
f 590/1/267 573/1/267 578/1/267
f 580/1/266 574/1/266 573/1/266
f 573/1/266 590/1/266 580/1/266
f 591/1/275 592/1/275 593/1/275
f 593/1/275 594/1/275 591/1/275
f 595/1/274 596/1/274 592/1/274
f 592/1/274 591/1/274 595/1/274
f 592/1/277 597/1/277 598/1/277
f 598/1/277 593/1/277 592/1/277
f 592/1/276 596/1/276 599/1/276
f 599/1/276 597/1/276 592/1/276
f 594/1/438 600/1/438 601/1/438
f 601/1/439 602/1/439 594/1/439
f 594/1/440 602/1/440 603/1/440
f 603/1/441 591/1/441 594/1/441
f 595/1/280 591/1/280 603/1/280
f 603/1/280 604/1/280 595/1/280
f 605/1/279 595/1/279 604/1/279
f 604/1/279 606/1/279 605/1/279
f 596/1/442 595/1/442 605/1/442
f 605/1/292 607/1/292 596/1/292
f 608/1/443 599/1/443 596/1/443
f 596/1/443 607/1/443 608/1/443
f 586/1/290 584/1/290 599/1/290
f 599/1/290 608/1/290 586/1/290
f 583/1/289 597/1/289 599/1/289
f 599/1/289 584/1/289 583/1/289
f 583/1/444 582/1/444 598/1/444
f 598/1/445 597/1/445 583/1/445
f 582/1/286 581/1/286 609/1/286
f 609/1/286 598/1/286 582/1/286
f 598/1/285 609/1/285 610/1/285
f 610/1/285 593/1/285 598/1/285
f 600/1/283 594/1/283 593/1/283
f 593/1/283 610/1/283 600/1/283
f 611/1/446 612/1/446 613/1/446
f 613/1/295 614/1/295 611/1/295
f 615/1/294 616/1/294 612/1/294
f 612/1/294 611/1/294 615/1/294
f 612/1/299 617/1/299 618/1/299
f 618/1/447 613/1/447 612/1/447
f 612/1/448 616/1/448 619/1/448
f 619/1/448 617/1/448 612/1/448
f 614/1/304 620/1/304 621/1/304
f 621/1/304 622/1/304 614/1/304
f 614/1/449 622/1/449 623/1/449
f 623/1/450 611/1/450 614/1/450
f 615/1/301 611/1/301 623/1/301
f 623/1/301 624/1/301 615/1/301
f 625/1/300 615/1/300 624/1/300
f 624/1/300 626/1/300 625/1/300
f 616/1/316 615/1/316 625/1/316
f 625/1/316 627/1/316 616/1/316
f 628/1/451 619/1/451 616/1/451
f 616/1/315 627/1/315 628/1/315
f 606/1/452 604/1/452 619/1/452
f 619/1/313 628/1/313 606/1/313
f 603/1/453 617/1/453 619/1/453
f 619/1/454 604/1/454 603/1/454
f 603/1/455 602/1/455 618/1/455
f 618/1/310 617/1/310 603/1/310
f 602/1/309 601/1/309 629/1/309
f 629/1/456 618/1/456 602/1/456
f 618/1/457 629/1/457 630/1/457
f 630/1/458 613/1/458 618/1/458
f 620/1/459 614/1/459 613/1/459
f 613/1/460 630/1/460 620/1/460
f 631/1/461 632/1/461 633/1/461
f 633/1/462 634/1/462 631/1/462
f 635/1/317 636/1/317 632/1/317
f 632/1/317 631/1/317 635/1/317
f 632/1/321 637/1/321 638/1/321
f 638/1/463 633/1/463 632/1/463
f 632/1/320 636/1/320 639/1/320
f 639/1/320 637/1/320 632/1/320
f 634/1/326 640/1/326 641/1/326
f 641/1/326 642/1/326 634/1/326
f 634/1/325 642/1/325 643/1/325
f 643/1/325 631/1/325 634/1/325
f 635/1/464 631/1/464 643/1/464
f 643/1/324 644/1/324 635/1/324
f 645/1/323 635/1/323 644/1/323
f 644/1/323 646/1/323 645/1/323
f 636/1/335 635/1/335 645/1/335
f 645/1/335 647/1/335 636/1/335
f 648/1/334 639/1/334 636/1/334
f 636/1/334 647/1/334 648/1/334
f 626/1/332 624/1/332 639/1/332
f 639/1/465 648/1/465 626/1/465
f 623/1/331 637/1/331 639/1/331
f 639/1/331 624/1/331 623/1/331
f 623/1/466 622/1/466 638/1/466
f 638/1/467 637/1/467 623/1/467
f 622/1/329 621/1/329 649/1/329
f 649/1/329 638/1/329 622/1/329
f 638/1/328 649/1/328 650/1/328
f 650/1/328 633/1/328 638/1/328
f 640/1/468 634/1/468 633/1/468
f 633/1/468 650/1/468 640/1/468
f 651/1/337 652/1/337 653/1/337
f 653/1/469 654/1/469 651/1/469
f 655/1/336 656/1/336 652/1/336
f 652/1/336 651/1/336 655/1/336
f 652/1/339 657/1/339 658/1/339
f 658/1/339 653/1/339 652/1/339
f 652/1/338 656/1/338 659/1/338
f 659/1/338 657/1/338 652/1/338
f 654/1/344 660/1/344 49/1/344
f 49/1/344 47/1/344 654/1/344
f 651/1/343 654/1/343 47/1/343
f 47/1/343 46/1/343 651/1/343
f 651/1/470 46/1/470 44/1/470
f 44/1/471 655/1/471 651/1/471
f 44/1/472 45/1/472 661/1/472
f 661/1/473 655/1/473 44/1/473
f 656/1/353 655/1/353 661/1/353
f 661/1/353 662/1/353 656/1/353
f 663/1/352 659/1/352 656/1/352
f 656/1/352 662/1/352 663/1/352
f 646/1/474 644/1/474 659/1/474
f 659/1/475 663/1/475 646/1/475
f 643/1/350 657/1/350 659/1/350
f 659/1/350 644/1/350 643/1/350
f 643/1/349 642/1/349 658/1/349
f 658/1/349 657/1/349 643/1/349
f 642/1/348 641/1/348 664/1/348
f 664/1/348 658/1/348 642/1/348
f 658/1/476 664/1/476 665/1/476
f 665/1/346 653/1/346 658/1/346
f 660/1/477 654/1/477 653/1/477
f 653/1/345 665/1/345 660/1/345
f 666/1/478 667/1/478 668/1/478
f 668/1/479 669/1/479 666/1/479
f 670/1/480 671/1/480 667/1/480
f 667/1/480 666/1/480 670/1/480
f 667/1/481 672/1/481 673/1/481
f 673/1/481 668/1/481 667/1/481
f 667/1/482 671/1/482 674/1/482
f 674/1/482 672/1/482 667/1/482
f 675/1/483 669/1/483 676/1/483
f 676/1/484 677/1/484 675/1/484
f 678/1/485 666/1/485 669/1/485
f 669/1/485 675/1/485 678/1/485
f 666/1/486 678/1/486 679/1/486
f 679/1/486 670/1/486 666/1/486
f 10/1/487 670/1/487 679/1/487
f 679/1/487 11/1/487 10/1/487
f 10/1/488 25/1/488 671/1/488
f 671/1/488 670/1/488 10/1/488
f 24/1/489 674/1/489 671/1/489
f 671/1/489 25/1/489 24/1/489
f 674/1/490 24/1/490 23/1/490
f 23/1/491 680/1/491 674/1/491
f 680/1/492 681/1/492 672/1/492
f 672/1/492 674/1/492 680/1/492
f 672/1/493 681/1/493 682/1/493
f 682/1/494 673/1/494 672/1/494
f 682/1/495 683/1/495 684/1/495
f 684/1/496 673/1/496 682/1/496
f 673/1/497 684/1/497 685/1/497
f 685/1/498 668/1/498 673/1/498
f 669/1/499 668/1/499 685/1/499
f 685/1/499 676/1/499 669/1/499
f 686/1/500 687/1/500 688/1/500
f 688/1/500 689/1/500 686/1/500
f 690/1/501 691/1/501 687/1/501
f 687/1/501 686/1/501 690/1/501
f 687/1/502 692/1/502 693/1/502
f 693/1/502 688/1/502 687/1/502
f 687/1/503 691/1/503 694/1/503
f 694/1/503 692/1/503 687/1/503
f 695/1/504 696/1/504 697/1/504
f 697/1/504 689/1/504 695/1/504
f 697/1/505 698/1/505 686/1/505
f 686/1/505 689/1/505 697/1/505
f 686/1/506 698/1/506 699/1/506
f 699/1/507 690/1/507 686/1/507
f 676/1/508 690/1/508 699/1/508
f 699/1/508 677/1/508 676/1/508
f 690/1/509 676/1/509 685/1/509
f 685/1/509 691/1/509 690/1/509
f 684/1/510 694/1/510 691/1/510
f 691/1/511 685/1/511 684/1/511
f 694/1/512 684/1/512 683/1/512
f 683/1/512 700/1/512 694/1/512
f 700/1/513 701/1/513 692/1/513
f 692/1/513 694/1/513 700/1/513
f 702/1/514 693/1/514 692/1/514
f 692/1/514 701/1/514 702/1/514
f 702/1/515 703/1/515 704/1/515
f 704/1/515 693/1/515 702/1/515
f 688/1/516 693/1/516 704/1/516
f 704/1/516 705/1/516 688/1/516
f 705/1/517 695/1/517 689/1/517
f 689/1/517 688/1/517 705/1/517
f 706/1/518 707/1/518 708/1/518
f 708/1/518 709/1/518 706/1/518
f 710/1/519 711/1/519 707/1/519
f 707/1/519 706/1/519 710/1/519
f 707/1/520 712/1/520 713/1/520
f 713/1/521 708/1/521 707/1/521
f 707/1/522 711/1/522 714/1/522
f 714/1/523 712/1/523 707/1/523
f 715/1/524 716/1/524 717/1/524
f 717/1/524 709/1/524 715/1/524
f 706/1/525 709/1/525 717/1/525
f 717/1/525 718/1/525 706/1/525
f 706/1/526 718/1/526 719/1/526
f 719/1/526 710/1/526 706/1/526
f 695/1/527 710/1/527 719/1/527
f 719/1/527 696/1/527 695/1/527
f 710/1/528 695/1/528 705/1/528
f 705/1/528 711/1/528 710/1/528
f 704/1/529 714/1/529 711/1/529
f 711/1/529 705/1/529 704/1/529
f 714/1/530 704/1/530 703/1/530
f 703/1/530 720/1/530 714/1/530
f 720/1/531 721/1/531 712/1/531
f 712/1/532 714/1/532 720/1/532
f 721/1/533 722/1/533 713/1/533
f 713/1/534 712/1/534 721/1/534
f 722/1/535 723/1/535 724/1/535
f 724/1/536 713/1/536 722/1/536
f 713/1/537 724/1/537 725/1/537
f 725/1/537 708/1/537 713/1/537
f 708/1/538 725/1/538 715/1/538
f 715/1/539 709/1/539 708/1/539
f 726/1/540 727/1/540 728/1/540
f 728/1/541 729/1/541 726/1/541
f 730/1/542 731/1/542 727/1/542
f 727/1/542 726/1/542 730/1/542
f 727/1/543 732/1/543 733/1/543
f 733/1/544 728/1/544 727/1/544
f 727/1/545 731/1/545 734/1/545
f 734/1/546 732/1/546 727/1/546
f 735/1/547 736/1/547 737/1/547
f 737/1/547 729/1/547 735/1/547
f 726/1/548 729/1/548 737/1/548
f 737/1/548 738/1/548 726/1/548
f 726/1/549 738/1/549 739/1/549
f 739/1/550 730/1/550 726/1/550
f 715/1/551 730/1/551 739/1/551
f 739/1/552 716/1/552 715/1/552
f 730/1/553 715/1/553 725/1/553
f 725/1/553 731/1/553 730/1/553
f 731/1/554 725/1/554 724/1/554
f 724/1/554 734/1/554 731/1/554
f 734/1/555 724/1/555 723/1/555
f 723/1/556 740/1/556 734/1/556
f 740/1/557 741/1/557 732/1/557
f 732/1/558 734/1/558 740/1/558
f 741/1/559 742/1/559 733/1/559
f 733/1/559 732/1/559 741/1/559
f 742/1/560 743/1/560 744/1/560
f 744/1/561 733/1/561 742/1/561
f 728/1/562 733/1/562 744/1/562
f 744/1/563 745/1/563 728/1/563
f 728/1/564 745/1/564 735/1/564
f 735/1/564 729/1/564 728/1/564
f 746/1/565 747/1/565 748/1/565
f 748/1/565 749/1/565 746/1/565
f 750/1/566 751/1/566 747/1/566
f 747/1/567 746/1/567 750/1/567
f 747/1/568 752/1/568 753/1/568
f 753/1/569 748/1/569 747/1/569
f 747/1/570 751/1/570 754/1/570
f 754/1/570 752/1/570 747/1/570
f 755/1/571 756/1/571 757/1/571
f 757/1/571 749/1/571 755/1/571
f 746/1/572 749/1/572 757/1/572
f 757/1/572 758/1/572 746/1/572
f 746/1/573 758/1/573 759/1/573
f 759/1/573 750/1/573 746/1/573
f 735/1/574 750/1/574 759/1/574
f 759/1/574 736/1/574 735/1/574
f 750/1/575 735/1/575 745/1/575
f 745/1/576 751/1/576 750/1/576
f 744/1/577 754/1/577 751/1/577
f 751/1/578 745/1/578 744/1/578
f 754/1/579 744/1/579 743/1/579
f 743/1/580 760/1/580 754/1/580
f 760/1/581 761/1/581 752/1/581
f 752/1/582 754/1/582 760/1/582
f 761/1/583 762/1/583 753/1/583
f 753/1/583 752/1/583 761/1/583
f 762/1/584 763/1/584 764/1/584
f 764/1/584 753/1/584 762/1/584
f 748/1/585 753/1/585 764/1/585
f 764/1/585 765/1/585 748/1/585
f 748/1/586 765/1/586 755/1/586
f 755/1/586 749/1/586 748/1/586
f 766/1/587 767/1/587 768/1/587
f 768/1/588 769/1/588 766/1/588
f 770/1/589 771/1/589 767/1/589
f 767/1/589 766/1/589 770/1/589
f 767/1/590 772/1/590 773/1/590
f 773/1/591 768/1/591 767/1/591
f 767/1/592 771/1/592 774/1/592
f 774/1/592 772/1/592 767/1/592
f 775/1/593 776/1/593 777/1/593
f 777/1/594 769/1/594 775/1/594
f 766/1/595 769/1/595 777/1/595
f 777/1/595 778/1/595 766/1/595
f 766/1/596 778/1/596 779/1/596
f 779/1/596 770/1/596 766/1/596
f 755/1/597 770/1/597 779/1/597
f 779/1/598 756/1/598 755/1/598
f 770/1/599 755/1/599 765/1/599
f 765/1/600 771/1/600 770/1/600
f 764/1/601 774/1/601 771/1/601
f 771/1/602 765/1/602 764/1/602
f 774/1/603 764/1/603 763/1/603
f 763/1/603 780/1/603 774/1/603
f 780/1/604 781/1/604 772/1/604
f 772/1/604 774/1/604 780/1/604
f 781/1/605 782/1/605 773/1/605
f 773/1/606 772/1/606 781/1/606
f 782/1/607 783/1/607 784/1/607
f 784/1/608 773/1/608 782/1/608
f 768/1/609 773/1/609 784/1/609
f 784/1/609 785/1/609 768/1/609
f 768/1/610 785/1/610 775/1/610
f 775/1/610 769/1/610 768/1/610
f 786/1/611 787/1/611 788/1/611
f 788/1/612 789/1/612 786/1/612
f 790/1/613 791/1/613 787/1/613
f 787/1/614 786/1/614 790/1/614
f 787/1/615 792/1/615 793/1/615
f 793/1/615 788/1/615 787/1/615
f 787/1/616 791/1/616 794/1/616
f 794/1/616 792/1/616 787/1/616
f 795/1/617 796/1/617 797/1/617
f 797/1/617 789/1/617 795/1/617
f 786/1/618 789/1/618 797/1/618
f 797/1/618 798/1/618 786/1/618
f 786/1/619 798/1/619 799/1/619
f 799/1/619 790/1/619 786/1/619
f 775/1/620 790/1/620 799/1/620
f 799/1/620 776/1/620 775/1/620
f 790/1/621 775/1/621 785/1/621
f 785/1/621 791/1/621 790/1/621
f 784/1/622 794/1/622 791/1/622
f 791/1/622 785/1/622 784/1/622
f 794/1/623 784/1/623 783/1/623
f 783/1/624 800/1/624 794/1/624
f 800/1/625 801/1/625 792/1/625
f 792/1/625 794/1/625 800/1/625
f 801/1/626 802/1/626 793/1/626
f 793/1/626 792/1/626 801/1/626
f 802/1/627 803/1/627 804/1/627
f 804/1/628 793/1/628 802/1/628
f 788/1/629 793/1/629 804/1/629
f 804/1/629 805/1/629 788/1/629
f 788/1/630 805/1/630 795/1/630
f 795/1/631 789/1/631 788/1/631
f 806/1/632 807/1/632 808/1/632
f 808/1/632 809/1/632 806/1/632
f 810/1/633 811/1/633 807/1/633
f 807/1/634 806/1/634 810/1/634
f 807/1/635 812/1/635 813/1/635
f 813/1/635 808/1/635 807/1/635
f 807/1/636 811/1/636 814/1/636
f 814/1/636 812/1/636 807/1/636
f 815/1/637 816/1/637 817/1/637
f 817/1/638 809/1/638 815/1/638
f 806/1/639 809/1/639 817/1/639
f 817/1/639 818/1/639 806/1/639
f 806/1/640 818/1/640 819/1/640
f 819/1/640 810/1/640 806/1/640
f 795/1/641 810/1/641 819/1/641
f 819/1/641 796/1/641 795/1/641
f 810/1/642 795/1/642 805/1/642
f 805/1/642 811/1/642 810/1/642
f 804/1/643 814/1/643 811/1/643
f 811/1/643 805/1/643 804/1/643
f 820/1/644 814/1/644 804/1/644
f 804/1/645 803/1/645 820/1/645
f 820/1/646 821/1/646 812/1/646
f 812/1/646 814/1/646 820/1/646
f 821/1/647 822/1/647 813/1/647
f 813/1/648 812/1/648 821/1/648
f 822/1/649 823/1/649 824/1/649
f 824/1/650 813/1/650 822/1/650
f 808/1/651 813/1/651 824/1/651
f 824/1/651 825/1/651 808/1/651
f 808/1/652 825/1/652 815/1/652
f 815/1/652 809/1/652 808/1/652
f 826/1/653 827/1/653 828/1/653
f 828/1/653 829/1/653 826/1/653
f 830/1/654 831/1/654 827/1/654
f 827/1/654 826/1/654 830/1/654
f 827/1/655 832/1/655 833/1/655
f 833/1/655 828/1/655 827/1/655
f 827/1/656 831/1/656 834/1/656
f 834/1/657 832/1/657 827/1/657
f 835/1/658 836/1/658 837/1/658
f 837/1/659 829/1/659 835/1/659
f 826/1/660 829/1/660 837/1/660
f 837/1/660 838/1/660 826/1/660
f 826/1/661 838/1/661 839/1/661
f 839/1/661 830/1/661 826/1/661
f 815/1/662 830/1/662 839/1/662
f 839/1/663 816/1/663 815/1/663
f 830/1/664 815/1/664 825/1/664
f 825/1/664 831/1/664 830/1/664
f 824/1/665 834/1/665 831/1/665
f 831/1/665 825/1/665 824/1/665
f 834/1/666 824/1/666 823/1/666
f 823/1/666 840/1/666 834/1/666
f 840/1/667 841/1/667 832/1/667
f 832/1/668 834/1/668 840/1/668
f 841/1/669 842/1/669 833/1/669
f 833/1/669 832/1/669 841/1/669
f 842/1/670 843/1/670 844/1/670
f 844/1/670 833/1/670 842/1/670
f 828/1/671 833/1/671 844/1/671
f 844/1/671 845/1/671 828/1/671
f 828/1/672 845/1/672 835/1/672
f 835/1/673 829/1/673 828/1/673
f 846/1/674 847/1/675 848/1/674
f 848/1/675 849/1/675 846/1/675
f 850/1/676 851/1/676 847/1/676
f 847/1/677 846/1/677 850/1/677
f 847/1/678 852/1/678 853/1/678
f 853/1/679 848/1/679 847/1/680
f 847/1/681 851/1/681 854/1/681
f 854/1/682 852/1/682 847/1/682
f 855/1/683 856/1/683 857/1/683
f 857/1/683 849/1/683 855/1/683
f 846/1/684 849/1/684 857/1/684
f 857/1/684 858/1/684 846/1/684
f 846/1/685 858/1/685 859/1/685
f 859/1/686 850/1/686 846/1/686
f 835/1/687 850/1/687 859/1/687
f 859/1/687 836/1/687 835/1/687
f 850/1/688 835/1/688 845/1/688
f 845/1/689 851/1/689 850/1/689
f 844/1/690 854/1/690 851/1/690
f 851/1/690 845/1/690 844/1/690
f 854/1/691 844/1/691 843/1/691
f 843/1/691 860/1/691 854/1/691
f 860/1/692 861/1/693 852/1/692
f 852/1/692 854/1/692 860/1/692
f 861/1/694 862/1/694 853/1/694
f 853/1/695 852/1/695 861/1/695
f 862/1/696 863/1/696 864/1/696
f 864/1/696 853/1/696 862/1/696
f 848/1/697 853/1/697 864/1/697
f 864/1/697 865/1/697 848/1/697
f 848/1/698 865/1/698 855/1/698
f 855/1/699 849/1/699 848/1/699
f 866/1/700 867/1/700 868/1/700
f 868/1/701 869/1/701 866/1/701
f 870/1/702 871/1/702 867/1/702
f 867/1/703 866/1/703 870/1/703
f 867/1/704 872/1/704 873/1/704
f 873/1/705 868/1/705 867/1/705
f 867/1/706 871/1/706 874/1/706
f 874/1/707 872/1/707 867/1/707
f 875/1/708 876/1/708 877/1/708
f 877/1/708 869/1/708 875/1/708
f 866/1/709 869/1/709 877/1/709
f 877/1/709 878/1/709 866/1/709
f 866/1/710 878/1/710 879/1/710
f 879/1/710 870/1/710 866/1/710
f 855/1/711 870/1/711 879/1/711
f 879/1/711 856/1/711 855/1/711
f 870/1/712 855/1/712 865/1/712
f 865/1/712 871/1/712 870/1/712
f 864/1/713 874/1/713 871/1/713
f 871/1/714 865/1/714 864/1/714
f 874/1/715 864/1/715 863/1/715
f 863/1/715 880/1/715 874/1/715
f 880/1/716 881/1/716 872/1/716
f 872/1/716 874/1/716 880/1/716
f 881/1/717 882/1/717 873/1/717
f 873/1/717 872/1/717 881/1/717
f 882/1/718 883/1/718 884/1/718
f 884/1/718 873/1/718 882/1/718
f 868/1/719 873/1/719 884/1/719
f 884/1/719 885/1/719 868/1/719
f 868/1/720 885/1/720 875/1/720
f 875/1/721 869/1/721 868/1/721
f 886/1/722 887/1/722 888/1/722
f 888/1/722 889/1/722 886/1/722
f 890/1/723 891/1/723 887/1/723
f 887/1/723 886/1/723 890/1/723
f 887/1/724 892/1/724 893/1/724
f 893/1/724 888/1/724 887/1/724
f 887/1/725 891/1/725 894/1/725
f 894/1/726 892/1/726 887/1/726
f 895/1/727 896/1/727 897/1/727
f 897/1/728 889/1/728 895/1/728
f 886/1/729 889/1/729 897/1/729
f 897/1/729 898/1/729 886/1/729
f 886/1/730 898/1/730 899/1/730
f 899/1/730 890/1/730 886/1/730
f 875/1/731 890/1/731 899/1/731
f 899/1/731 876/1/731 875/1/731
f 890/1/732 875/1/732 885/1/732
f 885/1/733 891/1/733 890/1/733
f 884/1/734 894/1/734 891/1/734
f 891/1/734 885/1/734 884/1/734
f 894/1/735 884/1/735 883/1/735
f 883/1/735 900/1/735 894/1/735
f 900/1/736 901/1/736 892/1/736
f 892/1/737 894/1/737 900/1/737
f 901/1/738 902/1/738 893/1/738
f 893/1/738 892/1/738 901/1/738
f 902/1/739 903/1/739 904/1/739
f 904/1/739 893/1/739 902/1/739
f 888/1/740 893/1/740 904/1/740
f 904/1/740 905/1/740 888/1/740
f 888/1/741 905/1/741 895/1/741
f 895/1/741 889/1/741 888/1/741
f 906/1/742 907/1/742 908/1/742
f 908/1/742 909/1/742 906/1/742
f 910/1/743 911/1/743 907/1/743
f 907/1/743 906/1/743 910/1/743
f 907/1/744 912/1/744 913/1/744
f 913/1/744 908/1/744 907/1/744
f 907/1/745 911/1/745 914/1/745
f 914/1/745 912/1/745 907/1/745
f 915/1/746 916/1/746 917/1/746
f 917/1/746 909/1/746 915/1/746
f 906/1/747 909/1/747 917/1/747
f 917/1/748 918/1/748 906/1/748
f 906/1/749 918/1/749 919/1/749
f 919/1/749 910/1/749 906/1/749
f 895/1/750 910/1/750 919/1/750
f 919/1/750 896/1/750 895/1/750
f 910/1/751 895/1/751 905/1/751
f 905/1/751 911/1/751 910/1/751
f 904/1/752 914/1/752 911/1/752
f 911/1/752 905/1/752 904/1/752
f 914/1/753 904/1/753 903/1/753
f 903/1/753 920/1/753 914/1/753
f 920/1/754 921/1/754 912/1/754
f 912/1/754 914/1/754 920/1/754
f 921/1/755 922/1/755 913/1/755
f 913/1/755 912/1/755 921/1/755
f 922/1/756 923/1/756 924/1/756
f 924/1/756 913/1/756 922/1/756
f 908/1/757 913/1/757 924/1/757
f 924/1/757 925/1/757 908/1/757
f 908/1/758 925/1/758 915/1/758
f 915/1/759 909/1/759 908/1/759
f 926/1/760 927/1/760 928/1/761
f 928/1/762 929/1/762 926/1/762
f 930/1/763 931/1/763 927/1/763
f 927/1/763 926/1/763 930/1/763
f 927/1/764 932/1/764 933/1/764
f 933/1/765 928/1/765 927/1/765
f 927/1/766 931/1/766 934/1/766
f 934/1/767 932/1/767 927/1/767
f 935/1/768 936/1/768 937/1/768
f 937/1/768 929/1/768 935/1/768
f 926/1/769 929/1/769 937/1/769
f 937/1/770 938/1/770 926/1/770
f 926/1/771 938/1/771 939/1/771
f 939/1/771 930/1/771 926/1/771
f 915/1/772 930/1/772 939/1/772
f 939/1/773 916/1/773 915/1/773
f 930/1/774 915/1/774 925/1/774
f 925/1/775 931/1/775 930/1/775
f 924/1/776 934/1/776 931/1/776
f 931/1/776 925/1/776 924/1/776
f 934/1/777 924/1/777 923/1/777
f 923/1/777 940/1/777 934/1/777
f 940/1/778 941/1/778 932/1/778
f 932/1/779 934/1/779 940/1/779
f 941/1/780 942/1/780 933/1/780
f 933/1/780 932/1/780 941/1/780
f 942/1/781 943/1/781 944/1/781
f 944/1/781 933/1/781 942/1/781
f 928/1/782 933/1/782 944/1/782
f 944/1/783 945/1/783 928/1/783
f 928/1/784 945/1/784 935/1/784
f 935/1/784 929/1/784 928/1/784
f 946/1/785 947/1/785 948/1/785
f 948/1/785 949/1/785 946/1/785
f 950/1/786 951/1/786 947/1/786
f 947/1/786 946/1/786 950/1/786
f 947/1/787 952/1/787 953/1/787
f 953/1/787 948/1/787 947/1/787
f 947/1/788 951/1/788 954/1/788
f 954/1/788 952/1/788 947/1/788
f 955/1/789 956/1/789 957/1/789
f 957/1/789 949/1/789 955/1/789
f 946/1/790 949/1/790 957/1/790
f 957/1/790 958/1/790 946/1/790
f 946/1/791 958/1/791 959/1/791
f 959/1/792 950/1/792 946/1/792
f 935/1/793 950/1/793 959/1/793
f 959/1/794 936/1/794 935/1/794
f 950/1/795 935/1/795 945/1/795
f 945/1/795 951/1/795 950/1/795
f 944/1/796 954/1/796 951/1/796
f 951/1/797 945/1/797 944/1/797
f 954/1/798 944/1/798 943/1/798
f 943/1/799 960/1/799 954/1/799
f 960/1/800 961/1/800 952/1/800
f 952/1/801 954/1/801 960/1/801
f 961/1/802 962/1/802 953/1/802
f 953/1/802 952/1/802 961/1/802
f 962/1/803 963/1/803 964/1/803
f 964/1/803 953/1/803 962/1/803
f 948/1/804 953/1/804 964/1/804
f 964/1/804 965/1/804 948/1/804
f 948/1/805 965/1/805 955/1/805
f 955/1/806 949/1/806 948/1/806
f 966/1/5 967/1/5 968/1/5
f 968/1/807 969/1/807 966/1/807
f 970/1/7 971/1/7 967/1/7
f 967/1/7 966/1/7 970/1/7
f 967/1/808 972/1/808 973/1/808
f 973/1/1 968/1/1 967/1/1
f 967/1/3 971/1/3 974/1/3
f 974/1/3 972/1/3 967/1/3
f 975/1/809 976/1/809 977/1/809
f 977/1/809 969/1/809 975/1/809
f 966/1/17 969/1/17 977/1/17
f 977/1/17 978/1/17 966/1/17
f 966/1/16 978/1/16 979/1/16
f 979/1/16 970/1/16 966/1/16
f 955/1/15 970/1/15 979/1/15
f 979/1/15 956/1/15 955/1/15
f 970/1/810 955/1/810 965/1/810
f 965/1/810 971/1/810 970/1/810
f 964/1/811 974/1/811 971/1/811
f 971/1/12 965/1/12 964/1/12
f 974/1/812 964/1/812 963/1/812
f 963/1/11 980/1/11 974/1/11
f 980/1/10 981/1/10 972/1/10
f 972/1/10 974/1/10 980/1/10
f 981/1/9 982/1/9 973/1/9
f 973/1/9 972/1/9 981/1/9
f 982/1/8 983/1/8 984/1/8
f 984/1/8 973/1/8 982/1/8
f 968/1/22 973/1/22 984/1/22
f 984/1/22 985/1/22 968/1/22
f 968/1/813 985/1/813 975/1/813
f 975/1/813 969/1/813 968/1/813
f 986/1/481 987/1/481 988/1/481
f 988/1/481 989/1/481 986/1/481
f 990/1/482 991/1/482 987/1/482
f 987/1/482 986/1/482 990/1/482
f 987/1/479 992/1/479 993/1/479
f 993/1/814 988/1/814 987/1/814
f 987/1/480 991/1/480 994/1/480
f 994/1/480 992/1/480 987/1/480
f 995/1/496 996/1/496 997/1/496
f 997/1/496 989/1/496 995/1/496
f 986/1/494 989/1/494 997/1/494
f 997/1/493 998/1/493 986/1/493
f 986/1/492 998/1/492 999/1/492
f 999/1/492 990/1/492 986/1/492
f 975/1/815 990/1/815 999/1/815
f 999/1/815 976/1/815 975/1/815
f 990/1/489 975/1/489 985/1/489
f 985/1/489 991/1/489 990/1/489
f 984/1/488 994/1/488 991/1/488
f 991/1/488 985/1/488 984/1/488
f 994/1/487 984/1/487 983/1/487
f 983/1/487 1000/1/487 994/1/487
f 1000/1/816 1001/1/816 992/1/816
f 992/1/816 994/1/816 1000/1/816
f 1001/1/485 1002/1/485 993/1/485
f 993/1/485 992/1/485 1001/1/485
f 1002/1/484 1003/1/484 1004/1/484
f 1004/1/484 993/1/484 1002/1/484
f 988/1/499 993/1/499 1004/1/499
f 1004/1/817 1005/1/817 988/1/817
f 988/1/498 1005/1/498 995/1/498
f 995/1/498 989/1/498 988/1/498
f 1006/1/818 1007/1/818 1008/1/818
f 1008/1/502 1009/1/502 1006/1/502
f 1010/1/503 1011/1/503 1007/1/503
f 1007/1/503 1006/1/503 1010/1/503
f 1007/1/500 1012/1/500 1013/1/500
f 1013/1/500 1008/1/500 1007/1/500
f 1007/1/501 1011/1/501 1014/1/501
f 1014/1/501 1012/1/501 1007/1/501
f 1015/1/819 1016/1/819 1017/1/819
f 1017/1/515 1009/1/515 1015/1/515
f 1006/1/514 1009/1/514 1017/1/514
f 1017/1/514 1018/1/514 1006/1/514
f 1006/1/513 1018/1/513 1019/1/513
f 1019/1/513 1010/1/513 1006/1/513
f 995/1/512 1010/1/512 1019/1/512
f 1019/1/512 996/1/512 995/1/512
f 1010/1/820 995/1/820 1005/1/820
f 1005/1/820 1011/1/820 1010/1/820
f 1004/1/821 1014/1/821 1011/1/821
f 1011/1/822 1005/1/822 1004/1/822
f 1014/1/508 1004/1/508 1003/1/508
f 1003/1/508 1020/1/508 1014/1/508
f 1020/1/507 1021/1/507 1012/1/507
f 1012/1/507 1014/1/507 1020/1/507
f 1021/1/505 1022/1/505 1013/1/505
f 1013/1/505 1012/1/505 1021/1/505
f 1022/1/504 1023/1/504 1024/1/504
f 1024/1/504 1013/1/504 1022/1/504
f 1008/1/517 1013/1/517 1024/1/517
f 1024/1/823 1025/1/823 1008/1/823
f 1008/1/516 1025/1/516 1015/1/516
f 1015/1/516 1009/1/516 1008/1/516
f 1026/1/521 1027/1/521 1028/1/521
f 1028/1/521 1029/1/521 1026/1/521
f 1030/1/522 1031/1/522 1027/1/522
f 1027/1/824 1026/1/824 1030/1/824
f 1027/1/518 1032/1/518 1033/1/518
f 1033/1/518 1028/1/518 1027/1/518
f 1027/1/519 1031/1/519 1034/1/519
f 1034/1/519 1032/1/519 1027/1/519
f 1035/1/535 1036/1/535 1037/1/535
f 1037/1/535 1029/1/535 1035/1/535
f 1026/1/825 1029/1/825 1037/1/825
f 1037/1/826 1038/1/826 1026/1/826
f 1026/1/531 1038/1/531 1039/1/531
f 1039/1/531 1030/1/531 1026/1/531
f 1015/1/530 1030/1/530 1039/1/530
f 1039/1/827 1016/1/827 1015/1/827
f 1030/1/529 1015/1/529 1025/1/529
f 1025/1/529 1031/1/529 1030/1/529
f 1024/1/828 1034/1/828 1031/1/828
f 1031/1/829 1025/1/829 1024/1/829
f 1034/1/830 1024/1/830 1023/1/830
f 1023/1/830 1040/1/830 1034/1/830
f 1040/1/526 1041/1/526 1032/1/526
f 1032/1/526 1034/1/526 1040/1/526
f 1041/1/525 1042/1/525 1033/1/525
f 1033/1/525 1032/1/525 1041/1/525
f 1042/1/524 1043/1/524 1044/1/524
f 1044/1/524 1033/1/524 1042/1/524
f 1028/1/831 1033/1/831 1044/1/831
f 1044/1/832 1045/1/832 1028/1/832
f 1028/1/537 1045/1/537 1035/1/537
f 1035/1/537 1029/1/537 1028/1/537
f 1046/1/833 1047/1/833 1048/1/833
f 1048/1/833 1049/1/833 1046/1/833
f 1050/1/834 1051/1/834 1047/1/834
f 1047/1/835 1046/1/835 1050/1/835
f 1047/1/836 1052/1/836 1053/1/836
f 1053/1/540 1048/1/540 1047/1/540
f 1047/1/542 1051/1/542 1054/1/542
f 1054/1/542 1052/1/542 1047/1/542
f 1055/1/561 1056/1/561 1057/1/561
f 1057/1/561 1049/1/561 1055/1/561
f 1046/1/559 1049/1/559 1057/1/559
f 1057/1/559 1058/1/559 1046/1/559
f 1046/1/557 1058/1/557 1059/1/557
f 1059/1/557 1050/1/557 1046/1/557
f 1035/1/837 1050/1/837 1059/1/837
f 1059/1/837 1036/1/837 1035/1/837
f 1050/1/554 1035/1/554 1045/1/554
f 1045/1/554 1051/1/554 1050/1/554
f 1044/1/553 1054/1/553 1051/1/553
f 1051/1/553 1045/1/553 1044/1/553
f 1054/1/552 1044/1/552 1043/1/552
f 1043/1/552 1060/1/552 1054/1/552
f 1060/1/549 1061/1/549 1052/1/549
f 1052/1/549 1054/1/549 1060/1/549
f 1061/1/548 1062/1/548 1053/1/548
f 1053/1/548 1052/1/548 1061/1/548
f 1062/1/547 1063/1/547 1064/1/547
f 1064/1/547 1053/1/547 1062/1/547
f 1048/1/564 1053/1/564 1064/1/564
f 1064/1/564 1065/1/564 1048/1/564
f 1048/1/563 1065/1/563 1055/1/563
f 1055/1/563 1049/1/563 1048/1/563
f 1066/1/569 1067/1/569 1068/1/569
f 1068/1/569 1069/1/569 1066/1/569
f 1070/1/570 1071/1/570 1067/1/570
f 1067/1/570 1066/1/570 1070/1/570
f 1067/1/565 1072/1/565 1073/1/565
f 1073/1/565 1068/1/565 1067/1/565
f 1067/1/567 1071/1/567 1074/1/567
f 1074/1/567 1072/1/567 1067/1/567
f 1075/1/584 1076/1/584 1077/1/584
f 1077/1/584 1069/1/584 1075/1/584
f 1066/1/583 1069/1/583 1077/1/583
f 1077/1/583 1078/1/583 1066/1/583
f 1066/1/838 1078/1/838 1079/1/838
f 1079/1/838 1070/1/838 1066/1/838
f 1055/1/839 1070/1/839 1079/1/839
f 1079/1/840 1056/1/840 1055/1/840
f 1070/1/577 1055/1/577 1065/1/577
f 1065/1/577 1071/1/577 1070/1/577
f 1064/1/576 1074/1/576 1071/1/576
f 1071/1/576 1065/1/576 1064/1/576
f 1074/1/574 1064/1/574 1063/1/574
f 1063/1/574 1080/1/574 1074/1/574
f 1080/1/573 1081/1/573 1072/1/573
f 1072/1/573 1074/1/573 1080/1/573
f 1081/1/572 1082/1/572 1073/1/572
f 1073/1/572 1072/1/572 1081/1/572
f 1082/1/841 1083/1/841 1084/1/841
f 1084/1/841 1073/1/841 1082/1/841
f 1068/1/842 1073/1/842 1084/1/842
f 1084/1/586 1085/1/586 1068/1/586
f 1068/1/585 1085/1/585 1075/1/585
f 1075/1/585 1069/1/585 1068/1/585
f 1086/1/591 1087/1/591 1088/1/591
f 1088/1/591 1089/1/591 1086/1/591
f 1090/1/843 1091/1/843 1087/1/843
f 1087/1/592 1086/1/592 1090/1/592
f 1087/1/844 1092/1/844 1093/1/844
f 1093/1/588 1088/1/588 1087/1/588
f 1087/1/589 1091/1/589 1094/1/589
f 1094/1/589 1092/1/589 1087/1/589
f 1095/1/845 1096/1/845 1097/1/845
f 1097/1/607 1089/1/607 1095/1/607
f 1086/1/606 1089/1/606 1097/1/606
f 1097/1/605 1098/1/605 1086/1/605
f 1086/1/604 1098/1/604 1099/1/604
f 1099/1/604 1090/1/604 1086/1/604
f 1075/1/603 1090/1/603 1099/1/603
f 1099/1/603 1076/1/603 1075/1/603
f 1090/1/601 1075/1/601 1085/1/601
f 1085/1/601 1091/1/601 1090/1/601
f 1084/1/599 1094/1/599 1091/1/599
f 1091/1/599 1085/1/599 1084/1/599
f 1094/1/598 1084/1/598 1083/1/598
f 1083/1/598 1100/1/598 1094/1/598
f 1100/1/596 1101/1/596 1092/1/596
f 1092/1/596 1094/1/596 1100/1/596
f 1101/1/595 1102/1/595 1093/1/595
f 1093/1/595 1092/1/595 1101/1/595
f 1102/1/593 1103/1/593 1104/1/593
f 1104/1/593 1093/1/593 1102/1/593
f 1088/1/846 1093/1/847 1104/1/847
f 1104/1/848 1105/1/848 1088/1/848
f 1088/1/609 1105/1/609 1095/1/609
f 1095/1/609 1089/1/609 1088/1/609
f 1106/1/615 1107/1/615 1108/1/615
f 1108/1/615 1109/1/615 1106/1/615
f 1110/1/616 1111/1/616 1107/1/616
f 1107/1/616 1106/1/616 1110/1/616
f 1107/1/611 1112/1/611 1113/1/611
f 1113/1/849 1108/1/849 1107/1/849
f 1107/1/613 1111/1/613 1114/1/613
f 1114/1/613 1112/1/613 1107/1/613
f 1115/1/627 1116/1/627 1117/1/627
f 1117/1/627 1109/1/627 1115/1/627
f 1106/1/626 1109/1/626 1117/1/626
f 1117/1/626 1118/1/626 1106/1/626
f 1106/1/625 1118/1/625 1119/1/625
f 1119/1/625 1110/1/625 1106/1/625
f 1095/1/623 1110/1/623 1119/1/623
f 1119/1/623 1096/1/623 1095/1/623
f 1110/1/622 1095/1/622 1105/1/622
f 1105/1/622 1111/1/622 1110/1/622
f 1104/1/621 1114/1/621 1111/1/621
f 1111/1/621 1105/1/621 1104/1/621
f 1114/1/620 1104/1/620 1103/1/620
f 1103/1/620 1120/1/620 1114/1/620
f 1120/1/619 1121/1/619 1112/1/619
f 1112/1/619 1114/1/619 1120/1/619
f 1121/1/618 1122/1/618 1113/1/618
f 1113/1/618 1112/1/618 1121/1/618
f 1122/1/617 1123/1/617 1124/1/617
f 1124/1/617 1113/1/617 1122/1/617
f 1108/1/630 1113/1/630 1124/1/630
f 1124/1/631 1125/1/631 1108/1/631
f 1108/1/629 1125/1/629 1115/1/629
f 1115/1/629 1109/1/629 1108/1/629
f 1126/1/635 1127/1/635 1128/1/635
f 1128/1/850 1129/1/850 1126/1/850
f 1130/1/636 1131/1/636 1127/1/636
f 1127/1/636 1126/1/636 1130/1/636
f 1127/1/632 1132/1/632 1133/1/632
f 1133/1/632 1128/1/632 1127/1/632
f 1127/1/634 1131/1/634 1134/1/634
f 1134/1/851 1132/1/851 1127/1/851
f 1135/1/852 1136/1/852 1137/1/852
f 1137/1/853 1129/1/853 1135/1/853
f 1126/1/648 1129/1/648 1137/1/648
f 1137/1/854 1138/1/854 1126/1/854
f 1126/1/646 1138/1/646 1139/1/646
f 1139/1/646 1130/1/646 1126/1/646
f 1115/1/855 1130/1/855 1139/1/855
f 1139/1/855 1116/1/855 1115/1/855
f 1130/1/643 1115/1/643 1125/1/643
f 1125/1/643 1131/1/643 1130/1/643
f 1124/1/642 1134/1/642 1131/1/642
f 1131/1/642 1125/1/642 1124/1/642
f 1134/1/641 1124/1/641 1123/1/641
f 1123/1/641 1140/1/641 1134/1/641
f 1140/1/640 1141/1/640 1132/1/640
f 1132/1/640 1134/1/640 1140/1/640
f 1141/1/639 1142/1/639 1133/1/639
f 1133/1/639 1132/1/639 1141/1/639
f 1142/1/637 1143/1/637 1144/1/637
f 1144/1/637 1133/1/637 1142/1/637
f 1128/1/652 1133/1/652 1144/1/652
f 1144/1/652 1145/1/652 1128/1/652
f 1128/1/651 1145/1/651 1135/1/651
f 1135/1/856 1129/1/856 1128/1/856
f 1146/1/655 1147/1/655 1148/1/655
f 1148/1/655 1149/1/655 1146/1/655
f 1150/1/857 1151/1/857 1147/1/857
f 1147/1/857 1146/1/857 1150/1/857
f 1147/1/653 1152/1/653 1153/1/653
f 1153/1/653 1148/1/653 1147/1/653
f 1147/1/858 1151/1/858 1154/1/858
f 1154/1/859 1152/1/859 1147/1/859
f 1155/1/670 1156/1/670 1157/1/670
f 1157/1/670 1149/1/670 1155/1/670
f 1146/1/860 1149/1/860 1157/1/860
f 1157/1/669 1158/1/669 1146/1/669
f 1146/1/861 1158/1/861 1159/1/861
f 1159/1/861 1150/1/861 1146/1/861
f 1135/1/666 1150/1/666 1159/1/666
f 1159/1/666 1136/1/666 1135/1/666
f 1150/1/665 1135/1/665 1145/1/665
f 1145/1/665 1151/1/665 1150/1/665
f 1144/1/862 1154/1/862 1151/1/862
f 1151/1/664 1145/1/664 1144/1/664
f 1154/1/663 1144/1/663 1143/1/663
f 1143/1/663 1160/1/663 1154/1/663
f 1160/1/661 1161/1/661 1152/1/661
f 1152/1/661 1154/1/661 1160/1/661
f 1161/1/660 1162/1/660 1153/1/660
f 1153/1/660 1152/1/660 1161/1/660
f 1162/1/658 1163/1/658 1164/1/658
f 1164/1/658 1153/1/658 1162/1/658
f 1148/1/672 1153/1/672 1164/1/672
f 1164/1/672 1165/1/672 1148/1/672
f 1148/1/671 1165/1/671 1155/1/671
f 1155/1/671 1149/1/671 1148/1/671
f 1166/1/863 1167/1/863 1168/1/863
f 1168/1/863 1169/1/863 1166/1/863
f 1170/1/682 1171/1/682 1167/1/682
f 1167/1/682 1166/1/682 1170/1/682
f 1167/1/675 1172/1/675 1173/1/675
f 1173/1/675 1168/1/675 1167/1/675
f 1167/1/676 1171/1/676 1174/1/676
f 1174/1/676 1172/1/676 1167/1/676
f 1175/1/864 1176/1/864 1177/1/864
f 1177/1/696 1169/1/696 1175/1/696
f 1166/1/695 1169/1/695 1177/1/695
f 1177/1/865 1178/1/865 1166/1/865
f 1166/1/866 1178/1/866 1179/1/866
f 1179/1/692 1170/1/692 1166/1/692
f 1155/1/691 1170/1/691 1179/1/691
f 1179/1/691 1156/1/691 1155/1/691
f 1170/1/690 1155/1/690 1165/1/690
f 1165/1/690 1171/1/690 1170/1/690
f 1164/1/688 1174/1/688 1171/1/688
f 1171/1/688 1165/1/688 1164/1/688
f 1174/1/867 1164/1/867 1163/1/867
f 1163/1/868 1180/1/868 1174/1/868
f 1180/1/685 1181/1/685 1172/1/685
f 1172/1/685 1174/1/685 1180/1/685
f 1181/1/869 1182/1/869 1173/1/869
f 1173/1/869 1172/1/869 1181/1/869
f 1182/1/683 1183/1/683 1184/1/683
f 1184/1/870 1173/1/870 1182/1/870
f 1168/1/871 1173/1/871 1184/1/871
f 1184/1/871 1185/1/871 1168/1/871
f 1168/1/697 1185/1/697 1175/1/697
f 1175/1/697 1169/1/697 1168/1/697
f 1186/1/704 1187/1/704 1188/1/704
f 1188/1/704 1189/1/704 1186/1/704
f 1190/1/872 1191/1/872 1187/1/872
f 1187/1/873 1186/1/873 1190/1/873
f 1187/1/701 1192/1/701 1193/1/701
f 1193/1/701 1188/1/701 1187/1/701
f 1187/1/702 1191/1/702 1194/1/702
f 1194/1/874 1192/1/874 1187/1/874
f 1195/1/718 1196/1/718 1197/1/718
f 1197/1/718 1189/1/718 1195/1/718
f 1186/1/717 1189/1/717 1197/1/717
f 1197/1/717 1198/1/717 1186/1/717
f 1186/1/716 1198/1/716 1199/1/716
f 1199/1/716 1190/1/716 1186/1/716
f 1175/1/715 1190/1/715 1199/1/715
f 1199/1/715 1176/1/715 1175/1/715
f 1190/1/875 1175/1/875 1185/1/875
f 1185/1/714 1191/1/714 1190/1/714
f 1184/1/712 1194/1/712 1191/1/712
f 1191/1/712 1185/1/712 1184/1/712
f 1194/1/711 1184/1/711 1183/1/711
f 1183/1/711 1200/1/711 1194/1/711
f 1200/1/710 1201/1/710 1192/1/710
f 1192/1/710 1194/1/710 1200/1/710
f 1201/1/709 1202/1/709 1193/1/709
f 1193/1/709 1192/1/709 1201/1/709
f 1202/1/876 1203/1/876 1204/1/876
f 1204/1/876 1193/1/876 1202/1/876
f 1188/1/721 1193/1/721 1204/1/721
f 1204/1/720 1205/1/721 1188/1/721
f 1188/1/719 1205/1/719 1195/1/719
f 1195/1/719 1189/1/719 1188/1/719
f 1206/1/724 1207/1/724 1208/1/724
f 1208/1/877 1209/1/877 1206/1/877
f 1210/1/725 1211/1/725 1207/1/725
f 1207/1/878 1206/1/725 1210/1/725
f 1207/1/722 1212/1/722 1213/1/722
f 1213/1/722 1208/1/722 1207/1/722
f 1207/1/723 1211/1/723 1214/1/723
f 1214/1/723 1212/1/723 1207/1/723
f 1215/1/739 1216/1/739 1217/1/739
f 1217/1/739 1209/1/739 1215/1/739
f 1206/1/738 1209/1/738 1217/1/738
f 1217/1/738 1218/1/738 1206/1/738
f 1206/1/879 1218/1/879 1219/1/879
f 1219/1/879 1210/1/879 1206/1/879
f 1195/1/735 1210/1/735 1219/1/735
f 1219/1/735 1196/1/735 1195/1/735
f 1210/1/734 1195/1/734 1205/1/734
f 1205/1/734 1211/1/734 1210/1/734
f 1204/1/880 1214/1/880 1211/1/880
f 1211/1/881 1205/1/881 1204/1/881
f 1214/1/731 1204/1/731 1203/1/731
f 1203/1/731 1220/1/731 1214/1/731
f 1220/1/730 1221/1/730 1212/1/730
f 1212/1/730 1214/1/730 1220/1/730
f 1221/1/729 1222/1/729 1213/1/729
f 1213/1/729 1212/1/729 1221/1/729
f 1222/1/882 1223/1/882 1224/1/882
f 1224/1/882 1213/1/882 1222/1/882
f 1208/1/883 1213/1/883 1224/1/883
f 1224/1/883 1225/1/883 1208/1/883
f 1208/1/740 1225/1/740 1215/1/740
f 1215/1/740 1209/1/740 1208/1/740
f 1226/1/744 1227/1/744 1228/1/744
f 1228/1/744 1229/1/744 1226/1/744
f 1230/1/745 1231/1/745 1227/1/745
f 1227/1/745 1226/1/745 1230/1/745
f 1227/1/742 1232/1/742 1233/1/742
f 1233/1/742 1228/1/742 1227/1/742
f 1227/1/743 1231/1/743 1234/1/743
f 1234/1/743 1232/1/743 1227/1/743
f 1235/1/756 1236/1/756 1237/1/756
f 1237/1/756 1229/1/756 1235/1/756
f 1226/1/755 1229/1/755 1237/1/755
f 1237/1/755 1238/1/755 1226/1/755
f 1226/1/754 1238/1/754 1239/1/754
f 1239/1/754 1230/1/754 1226/1/754
f 1215/1/753 1230/1/753 1239/1/753
f 1239/1/753 1216/1/753 1215/1/753
f 1230/1/752 1215/1/752 1225/1/752
f 1225/1/752 1231/1/752 1230/1/752
f 1224/1/751 1234/1/751 1231/1/751
f 1231/1/751 1225/1/751 1224/1/751
f 1234/1/884 1224/1/884 1223/1/884
f 1223/1/750 1240/1/750 1234/1/750
f 1240/1/749 1241/1/749 1232/1/749
f 1232/1/749 1234/1/749 1240/1/749
f 1241/1/885 1242/1/885 1233/1/885
f 1233/1/748 1232/1/748 1241/1/748
f 1242/1/746 1243/1/746 1244/1/746
f 1244/1/746 1233/1/746 1242/1/746
f 1228/1/886 1233/1/886 1244/1/886
f 1244/1/887 1245/1/887 1228/1/887
f 1228/1/888 1245/1/888 1235/1/888
f 1235/1/757 1229/1/757 1228/1/757
f 1246/1/764 1247/1/764 1248/1/764
f 1248/1/765 1249/1/765 1246/1/765
f 1250/1/889 1251/1/889 1247/1/889
f 1247/1/766 1246/1/766 1250/1/766
f 1247/1/761 1252/1/761 1253/1/761
f 1253/1/760 1248/1/760 1247/1/760
f 1247/1/763 1251/1/763 1254/1/763
f 1254/1/890 1252/1/890 1247/1/890
f 1255/1/891 1256/1/891 1257/1/891
f 1257/1/892 1249/1/892 1255/1/892
f 1246/1/780 1249/1/780 1257/1/780
f 1257/1/780 1258/1/780 1246/1/780
f 1246/1/778 1258/1/778 1259/1/778
f 1259/1/778 1250/1/778 1246/1/778
f 1235/1/777 1250/1/777 1259/1/777
f 1259/1/777 1236/1/777 1235/1/777
f 1250/1/893 1235/1/893 1245/1/893
f 1245/1/894 1251/1/894 1250/1/894
f 1244/1/895 1254/1/895 1251/1/895
f 1251/1/895 1245/1/895 1244/1/895
f 1254/1/773 1244/1/896 1243/1/773
f 1243/1/773 1260/1/773 1254/1/773
f 1260/1/771 1261/1/771 1252/1/771
f 1252/1/897 1254/1/897 1260/1/897
f 1261/1/770 1262/1/770 1253/1/770
f 1253/1/770 1252/1/770 1261/1/770
f 1262/1/768 1263/1/768 1264/1/768
f 1264/1/768 1253/1/768 1262/1/768
f 1248/1/784 1253/1/784 1264/1/784
f 1264/1/898 1265/1/898 1248/1/898
f 1248/1/899 1265/1/899 1255/1/899
f 1255/1/782 1249/1/782 1248/1/782
f 1266/1/787 1267/1/787 1268/1/787
f 1268/1/787 1269/1/787 1266/1/787
f 1270/1/788 1271/1/788 1267/1/788
f 1267/1/788 1266/1/788 1270/1/788
f 1267/1/785 1272/1/785 1273/1/785
f 1273/1/785 1268/1/785 1267/1/785
f 1267/1/786 1271/1/786 1274/1/786
f 1274/1/900 1272/1/900 1267/1/900
f 16/1/803 15/1/803 1275/1/803
f 1275/1/803 1269/1/803 16/1/803
f 1266/1/802 1269/1/802 1275/1/802
f 1275/1/802 1276/1/802 1266/1/802
f 1266/1/800 1276/1/800 1277/1/800
f 1277/1/801 1270/1/801 1266/1/801
f 1255/1/901 1270/1/901 1277/1/901
f 1277/1/902 1256/1/902 1255/1/902
f 1270/1/796 1255/1/796 1265/1/796
f 1265/1/796 1271/1/796 1270/1/796
f 1264/1/795 1274/1/903 1271/1/795
f 1271/1/795 1265/1/795 1264/1/795
f 1274/1/794 1264/1/794 1263/1/794
f 1263/1/904 1278/1/904 1274/1/904
f 1278/1/791 1279/1/791 1272/1/791
f 1272/1/791 1274/1/791 1278/1/791
f 1279/1/790 1280/1/790 1273/1/790
f 1273/1/905 1272/1/905 1279/1/905
f 18/1/789 1273/1/789 1280/1/789
f 1280/1/789 20/1/789 18/1/789
f 1273/1/806 18/1/806 17/1/806
f 17/1/806 1268/1/806 1273/1/806
f 1268/1/804 17/1/804 16/1/804
f 16/1/804 1269/1/804 1268/1/804
f 1281/1/906 1282/1/906 1283/1/906
f 1283/1/906 1284/1/906 1281/1/906
f 1285/1/907 1286/1/907 1282/1/907
f 1282/1/907 1281/1/907 1285/1/907
f 1282/1/908 1287/1/908 1288/1/908
f 1288/1/908 1283/1/908 1282/1/908
f 1289/1/909 1287/1/909 1282/1/909
f 1282/1/910 1286/1/910 1289/1/910
f 1290/1/911 526/1/911 548/1/911
f 548/1/911 1284/1/911 1290/1/911
f 1284/1/912 548/1/912 547/1/912
f 547/1/912 1281/1/912 1284/1/912
f 1285/1/913 1281/1/913 547/1/913
f 547/1/913 545/1/913 1285/1/913
f 1285/1/914 545/1/914 546/1/914
f 546/1/914 1291/1/914 1285/1/914
f 1285/1/915 1291/1/915 1292/1/915
f 1292/1/915 1286/1/915 1285/1/915
f 1293/1/916 1289/1/916 1286/1/916
f 1286/1/916 1292/1/916 1293/1/916
f 1289/1/917 1293/1/917 1163/1/917
f 1163/1/917 1162/1/917 1289/1/917
f 1289/1/918 1162/1/918 1161/1/918
f 1161/1/918 1287/1/918 1289/1/918
f 1161/1/919 1160/1/919 1288/1/919
f 1288/1/919 1287/1/919 1161/1/919
f 1160/1/920 1143/1/920 1294/1/920
f 1294/1/920 1288/1/920 1160/1/920
f 1283/1/921 1288/1/921 1294/1/921
f 1294/1/921 1295/1/921 1283/1/921
f 1283/1/922 1295/1/922 1290/1/922
f 1290/1/922 1284/1/922 1283/1/922
f 1296/1/923 1297/1/923 1298/1/923
f 1298/1/923 1299/1/923 1296/1/923
f 1300/1/924 1301/1/924 1297/1/924
f 1297/1/924 1296/1/924 1300/1/924
f 1297/1/925 1302/1/925 1303/1/925
f 1303/1/926 1298/1/926 1297/1/926
f 1301/1/927 1304/1/927 1302/1/927
f 1302/1/928 1297/1/928 1301/1/928
f 49/1/929 660/1/929 1299/1/929
f 1299/1/930 1305/1/930 49/1/930
f 665/1/931 1296/1/931 1299/1/931
f 1299/1/931 660/1/931 665/1/931
f 665/1/932 664/1/932 1300/1/932
f 1300/1/932 1296/1/932 665/1/932
f 664/1/933 641/1/933 1306/1/933
f 1306/1/934 1300/1/934 664/1/934
f 1300/1/935 1306/1/935 1307/1/935
f 1307/1/935 1301/1/935 1300/1/935
f 1308/1/936 1304/1/936 1301/1/936
f 1301/1/937 1307/1/937 1308/1/937
f 1304/1/938 1308/1/938 1256/1/938
f 1256/1/938 1277/1/938 1304/1/938
f 1304/1/939 1277/1/939 1276/1/939
f 1276/1/940 1302/1/940 1304/1/940
f 1302/1/941 1276/1/941 1275/1/941
f 1275/1/942 1303/1/942 1302/1/942
f 1275/1/943 15/1/943 1309/1/943
f 1309/1/944 1303/1/944 1275/1/944
f 1303/1/945 1309/1/945 1310/1/945
f 1310/1/945 1298/1/945 1303/1/945
f 1298/1/946 1310/1/946 1305/1/946
f 1305/1/947 1299/1/947 1298/1/947
f 1311/1/948 1312/1/948 1313/1/948
f 1313/1/949 1314/1/949 1311/1/949
f 1315/1/950 1316/1/950 1312/1/950
f 1312/1/951 1311/1/951 1315/1/951
f 1312/1/952 1317/1/952 1318/1/952
f 1318/1/953 1313/1/953 1312/1/953
f 1312/1/954 1316/1/954 1319/1/954
f 1319/1/954 1317/1/954 1312/1/954
f 1314/1/955 1320/1/955 141/1/955
f 141/1/955 140/1/955 1314/1/955
f 1314/1/956 140/1/956 150/1/956
f 150/1/956 1311/1/956 1314/1/956
f 1315/1/957 1311/1/957 150/1/957
f 150/1/957 149/1/957 1315/1/957
f 149/1/958 121/1/958 1321/1/958
f 1321/1/958 1315/1/958 149/1/958
f 1315/1/959 1321/1/959 1322/1/959
f 1322/1/959 1316/1/959 1315/1/959
f 1323/1/960 1319/1/960 1316/1/960
f 1316/1/961 1322/1/961 1323/1/961
f 736/1/962 759/1/962 1319/1/962
f 1319/1/962 1323/1/962 736/1/962
f 1319/1/963 759/1/963 758/1/963
f 758/1/963 1317/1/963 1319/1/963
f 758/1/964 757/1/964 1318/1/964
f 1318/1/964 1317/1/964 758/1/964
f 757/1/965 756/1/965 1324/1/965
f 1324/1/965 1318/1/965 757/1/965
f 1325/1/966 1313/1/966 1318/1/966
f 1318/1/966 1324/1/966 1325/1/966
f 1313/1/967 1325/1/967 1320/1/967
f 1320/1/968 1314/1/968 1313/1/968
f 1326/1/969 1327/1/969 1328/1/969
f 1328/1/969 1329/1/969 1326/1/969
f 1330/1/970 1331/1/970 1327/1/970
f 1327/1/971 1326/1/971 1330/1/971
f 1327/1/972 1332/1/972 1333/1/972
f 1333/1/973 1328/1/973 1327/1/973
f 1334/1/974 1332/1/974 1327/1/974
f 1327/1/975 1331/1/975 1334/1/975
f 1329/1/976 1291/1/976 546/1/976
f 546/1/976 568/1/976 1329/1/976
f 1329/1/977 568/1/977 567/1/977
f 567/1/977 1326/1/977 1329/1/977
f 1330/1/978 1326/1/978 567/1/978
f 567/1/978 565/1/978 1330/1/978
f 1335/1/979 1330/1/979 565/1/979
f 565/1/979 566/1/979 1335/1/979
f 1335/1/980 1336/1/980 1331/1/980
f 1331/1/980 1330/1/980 1335/1/980
f 1337/1/981 1334/1/981 1331/1/981
f 1331/1/982 1336/1/982 1337/1/982
f 1334/1/983 1337/1/983 1183/1/983
f 1183/1/984 1182/1/984 1334/1/984
f 1334/1/985 1182/1/985 1181/1/985
f 1181/1/986 1332/1/986 1334/1/986
f 1181/1/987 1180/1/987 1333/1/987
f 1333/1/988 1332/1/988 1181/1/988
f 1163/1/989 1293/1/989 1333/1/989
f 1333/1/990 1180/1/990 1163/1/990
f 1328/1/991 1333/1/991 1293/1/991
f 1293/1/991 1292/1/991 1328/1/991
f 1329/1/992 1328/1/992 1292/1/992
f 1292/1/992 1291/1/992 1329/1/992
f 1338/1/993 1339/1/993 1340/1/993
f 1340/1/993 1341/1/993 1338/1/993
f 1342/1/994 1343/1/994 1339/1/994
f 1339/1/995 1338/1/995 1342/1/995
f 1339/1/996 1344/1/996 1345/1/996
f 1345/1/997 1340/1/997 1339/1/997
f 1343/1/998 1346/1/998 1344/1/998
f 1344/1/999 1339/1/999 1343/1/999
f 1347/1/1000 45/1/1000 43/1/1000
f 43/1/1000 1341/1/1000 1347/1/1000
f 42/1/1001 1338/1/1001 1341/1/1001
f 1341/1/1001 43/1/1001 42/1/1001
f 41/1/1002 1342/1/1002 1338/1/1002
f 1338/1/1003 42/1/1003 41/1/1003
f 1348/1/1004 1342/1/1004 41/1/1004
f 41/1/1005 40/1/1005 1348/1/1005
f 1348/1/1006 1349/1/1006 1343/1/1006
f 1343/1/1007 1342/1/1007 1348/1/1007
f 1350/1/1008 1346/1/1008 1343/1/1008
f 1343/1/1009 1349/1/1009 1350/1/1009
f 1350/1/1010 23/1/1010 22/1/1010
f 22/1/1010 1346/1/1010 1350/1/1010
f 1344/1/1011 1346/1/1011 22/1/1011
f 22/1/1011 21/1/1011 1344/1/1011
f 1345/1/1012 1344/1/1012 21/1/1012
f 21/1/1013 19/1/1013 1345/1/1013
f 19/1/1014 20/1/1014 1351/1/1014
f 1351/1/1014 1345/1/1014 19/1/1014
f 1340/1/1015 1345/1/1015 1351/1/1015
f 1351/1/1015 1352/1/1015 1340/1/1015
f 1352/1/1016 1347/1/1016 1341/1/1016
f 1341/1/1016 1340/1/1016 1352/1/1016
f 1353/1/1017 1354/1/1017 1355/1/1017
f 1355/1/1017 1356/1/1017 1353/1/1017
f 1357/1/1018 1358/1/1018 1354/1/1018
f 1354/1/1019 1353/1/1019 1357/1/1019
f 1354/1/1020 1359/1/1020 1360/1/1020
f 1360/1/1020 1355/1/1020 1354/1/1020
f 1358/1/1021 1361/1/1021 1359/1/1021
f 1359/1/1022 1354/1/1022 1358/1/1022
f 1362/1/1023 161/1/1023 160/1/1023
f 160/1/1024 1356/1/1024 1362/1/1024
f 170/1/1025 1353/1/1025 1356/1/1025
f 1356/1/1025 160/1/1025 170/1/1025
f 170/1/1026 169/1/1026 1357/1/1026
f 1357/1/1026 1353/1/1026 170/1/1026
f 1320/1/1027 1357/1/1027 169/1/1027
f 169/1/1027 141/1/1027 1320/1/1027
f 1358/1/1028 1357/1/1028 1320/1/1028
f 1320/1/1028 1325/1/1028 1358/1/1028
f 1358/1/1029 1325/1/1029 1324/1/1029
f 1324/1/1029 1361/1/1029 1358/1/1029
f 756/1/1030 779/1/1030 1361/1/1030
f 1361/1/1031 1324/1/1031 756/1/1031
f 1361/1/1032 779/1/1032 778/1/1032
f 778/1/1033 1359/1/1033 1361/1/1033
f 1359/1/1034 778/1/1034 777/1/1034
f 777/1/1035 1360/1/1035 1359/1/1035
f 776/1/1036 1363/1/1036 1360/1/1036
f 1360/1/1036 777/1/1036 776/1/1036
f 1364/1/1037 1355/1/1037 1360/1/1037
f 1360/1/1038 1363/1/1038 1364/1/1038
f 1364/1/1039 1362/1/1039 1356/1/1039
f 1356/1/1039 1355/1/1039 1364/1/1039
f 1365/1/1040 1366/1/1040 1367/1/1040
f 1367/1/1040 1368/1/1040 1365/1/1040
f 1369/1/1041 1370/1/1041 1366/1/1041
f 1366/1/1041 1365/1/1041 1369/1/1041
f 1366/1/1042 1371/1/1042 1372/1/1042
f 1372/1/1042 1367/1/1042 1366/1/1042
f 1373/1/1043 1371/1/1043 1366/1/1043
f 1366/1/1044 1370/1/1044 1373/1/1044
f 1335/1/1045 566/1/1045 588/1/1045
f 588/1/1045 1368/1/1045 1335/1/1045
f 1368/1/1046 588/1/1046 587/1/1046
f 587/1/1046 1365/1/1046 1368/1/1046
f 1369/1/1047 1365/1/1047 587/1/1047
f 587/1/1047 585/1/1047 1369/1/1047
f 1374/1/1048 1369/1/1048 585/1/1048
f 585/1/1049 586/1/1049 1374/1/1049
f 1374/1/1050 1375/1/1050 1370/1/1050
f 1370/1/1051 1369/1/1051 1374/1/1051
f 1375/1/1052 1376/1/1052 1373/1/1052
f 1373/1/1052 1370/1/1052 1375/1/1052
f 1373/1/1053 1376/1/1053 1203/1/1053
f 1203/1/1054 1202/1/1054 1373/1/1054
f 1373/1/1055 1202/1/1055 1201/1/1055
f 1201/1/1055 1371/1/1055 1373/1/1055
f 1201/1/1056 1200/1/1056 1372/1/1056
f 1372/1/1056 1371/1/1056 1201/1/1056
f 1200/1/1057 1183/1/1057 1337/1/1057
f 1337/1/1057 1372/1/1057 1200/1/1057
f 1337/1/1058 1336/1/1058 1367/1/1058
f 1367/1/1058 1372/1/1058 1337/1/1058
f 1335/1/1059 1368/1/1059 1367/1/1059
f 1367/1/1060 1336/1/1060 1335/1/1060
f 1377/1/1061 1378/1/1061 1379/1/1061
f 1379/1/1061 1380/1/1061 1377/1/1061
f 1381/1/1062 1382/1/1062 1378/1/1062
f 1378/1/1062 1377/1/1062 1381/1/1062
f 1378/1/1063 1383/1/1063 1384/1/1063
f 1384/1/1063 1379/1/1063 1378/1/1063
f 1382/1/1064 1385/1/1064 1383/1/1064
f 1383/1/1065 1378/1/1065 1382/1/1065
f 1348/1/1066 40/1/1066 68/1/1066
f 68/1/1066 1380/1/1066 1348/1/1066
f 67/1/1067 1377/1/1067 1380/1/1067
f 1380/1/1067 68/1/1067 67/1/1067
f 66/1/1068 1381/1/1068 1377/1/1068
f 1377/1/1068 67/1/1068 66/1/1068
f 66/1/1069 65/1/1069 1386/1/1069
f 1386/1/1070 1381/1/1070 66/1/1070
f 1386/1/1071 1387/1/1071 1382/1/1071
f 1382/1/1071 1381/1/1071 1386/1/1071
f 1388/1/1072 1385/1/1072 1382/1/1072
f 1382/1/1072 1387/1/1072 1388/1/1072
f 1385/1/1073 1388/1/1073 683/1/1073
f 683/1/1074 682/1/1074 1385/1/1074
f 1383/1/1075 1385/1/1075 682/1/1075
f 682/1/1076 681/1/1076 1383/1/1076
f 1384/1/1077 1383/1/1077 681/1/1077
f 681/1/1077 680/1/1077 1384/1/1077
f 680/1/1078 23/1/1078 1350/1/1078
f 1350/1/1078 1384/1/1078 680/1/1078
f 1349/1/1079 1379/1/1079 1384/1/1079
f 1384/1/1079 1350/1/1079 1349/1/1079
f 1380/1/1080 1379/1/1080 1349/1/1080
f 1349/1/1080 1348/1/1080 1380/1/1080
f 1389/1/1081 1390/1/1081 1391/1/1081
f 1391/1/1081 1392/1/1081 1389/1/1081
f 1393/1/1082 1394/1/1082 1390/1/1082
f 1390/1/1083 1389/1/1083 1393/1/1083
f 1390/1/1084 1395/1/1084 1396/1/1084
f 1396/1/1085 1391/1/1085 1390/1/1085
f 1394/1/1086 1397/1/1086 1395/1/1086
f 1395/1/1086 1390/1/1086 1394/1/1086
f 1392/1/1087 1398/1/1087 181/1/1087
f 181/1/1087 180/1/1087 1392/1/1087
f 190/1/1088 1389/1/1088 1392/1/1088
f 1392/1/1088 180/1/1088 190/1/1088
f 190/1/1089 189/1/1089 1393/1/1089
f 1393/1/1089 1389/1/1089 190/1/1089
f 161/1/1090 1362/1/1090 1393/1/1090
f 1393/1/1090 189/1/1090 161/1/1090
f 1362/1/1091 1364/1/1091 1394/1/1091
f 1394/1/1091 1393/1/1091 1362/1/1091
f 1397/1/1092 1394/1/1092 1364/1/1092
f 1364/1/1092 1363/1/1092 1397/1/1092
f 1397/1/1093 1363/1/1093 776/1/1093
f 776/1/1093 799/1/1093 1397/1/1093
f 1397/1/1094 799/1/1094 798/1/1094
f 798/1/1095 1395/1/1095 1397/1/1095
f 1395/1/1096 798/1/1096 797/1/1096
f 797/1/1096 1396/1/1096 1395/1/1096
f 797/1/1097 796/1/1097 1399/1/1097
f 1399/1/1097 1396/1/1097 797/1/1097
f 1391/1/1098 1396/1/1098 1399/1/1098
f 1399/1/1098 1400/1/1098 1391/1/1098
f 1400/1/1099 1398/1/1099 1392/1/1099
f 1392/1/1099 1391/1/1099 1400/1/1099
f 1401/1/1100 1402/1/1100 1403/1/1100
f 1403/1/1100 1404/1/1100 1401/1/1100
f 1405/1/1101 1406/1/1101 1402/1/1101
f 1402/1/1102 1401/1/1102 1405/1/1102
f 1402/1/1103 1407/1/1103 1408/1/1103
f 1408/1/1103 1403/1/1103 1402/1/1103
f 1409/1/1104 1407/1/1104 1402/1/1104
f 1402/1/1104 1406/1/1104 1409/1/1104
f 1374/1/1105 586/1/1105 608/1/1105
f 608/1/1106 1404/1/1106 1374/1/1106
f 1404/1/1107 608/1/1107 607/1/1107
f 607/1/1107 1401/1/1107 1404/1/1107
f 1405/1/1108 1401/1/1108 607/1/1108
f 607/1/1109 605/1/1109 1405/1/1109
f 1410/1/1110 1405/1/1110 605/1/1110
f 605/1/1110 606/1/1110 1410/1/1110
f 1410/1/1111 1411/1/1111 1406/1/1111
f 1406/1/1111 1405/1/1111 1410/1/1111
f 1409/1/1112 1406/1/1112 1411/1/1112
f 1411/1/1112 1412/1/1112 1409/1/1112
f 1409/1/1113 1412/1/1113 1223/1/1113
f 1223/1/1113 1222/1/1113 1409/1/1113
f 1409/1/1114 1222/1/1114 1221/1/1114
f 1221/1/1114 1407/1/1114 1409/1/1114
f 1221/1/1115 1220/1/1115 1408/1/1115
f 1408/1/1115 1407/1/1115 1221/1/1115
f 1203/1/1116 1376/1/1116 1408/1/1116
f 1408/1/1116 1220/1/1116 1203/1/1116
f 1375/1/1117 1403/1/1117 1408/1/1117
f 1408/1/1117 1376/1/1117 1375/1/1117
f 1404/1/1118 1403/1/1118 1375/1/1118
f 1375/1/1118 1374/1/1118 1404/1/1118
f 1413/1/1119 1414/1/1119 1415/1/1119
f 1415/1/1120 1416/1/1120 1413/1/1120
f 1417/1/1121 1418/1/1121 1414/1/1121
f 1414/1/1121 1413/1/1121 1417/1/1121
f 1414/1/1122 1419/1/1122 1420/1/1122
f 1420/1/1123 1415/1/1123 1414/1/1123
f 1418/1/1124 1421/1/1124 1419/1/1124
f 1419/1/1125 1414/1/1125 1418/1/1125
f 1386/1/1126 65/1/1126 88/1/1126
f 88/1/1126 1416/1/1126 1386/1/1126
f 1416/1/1127 88/1/1127 87/1/1127
f 87/1/1127 1413/1/1127 1416/1/1127
f 86/1/1128 1417/1/1128 1413/1/1128
f 1413/1/1128 87/1/1128 86/1/1128
f 86/1/1129 85/1/1129 1422/1/1129
f 1422/1/1129 1417/1/1129 86/1/1129
f 1422/1/1130 1423/1/1130 1418/1/1130
f 1418/1/1130 1417/1/1130 1422/1/1130
f 1421/1/1131 1418/1/1131 1423/1/1131
f 1423/1/1131 1424/1/1131 1421/1/1131
f 1421/1/1132 1424/1/1132 703/1/1132
f 703/1/1133 702/1/1133 1421/1/1133
f 1419/1/1134 1421/1/1134 702/1/1134
f 702/1/1135 701/1/1135 1419/1/1135
f 701/1/1136 700/1/1136 1420/1/1136
f 1420/1/1136 1419/1/1136 701/1/1136
f 700/1/1137 683/1/1137 1388/1/1137
f 1388/1/1138 1420/1/1138 700/1/1138
f 1387/1/1139 1415/1/1139 1420/1/1139
f 1420/1/1139 1388/1/1139 1387/1/1139
f 1415/1/1140 1387/1/1140 1386/1/1140
f 1386/1/1140 1416/1/1140 1415/1/1140
f 1425/1/1141 1426/1/1141 1427/1/1141
f 1427/1/1141 1428/1/1141 1425/1/1141
f 1429/1/1142 1430/1/1142 1426/1/1142
f 1426/1/1142 1425/1/1142 1429/1/1142
f 1426/1/1143 1431/1/1143 1432/1/1143
f 1432/1/1143 1427/1/1143 1426/1/1143
f 1430/1/1144 1433/1/1144 1431/1/1144
f 1431/1/1145 1426/1/1145 1430/1/1145
f 201/1/1146 200/1/1146 1428/1/1146
f 1428/1/1147 1434/1/1147 201/1/1147
f 210/1/1148 1425/1/1148 1428/1/1148
f 1428/1/1148 200/1/1148 210/1/1148
f 210/1/1149 209/1/1149 1429/1/1149
f 1429/1/1149 1425/1/1149 210/1/1149
f 1429/1/1150 209/1/1150 181/1/1150
f 181/1/1150 1398/1/1150 1429/1/1150
f 1430/1/1151 1429/1/1151 1398/1/1151
f 1398/1/1151 1400/1/1151 1430/1/1151
f 1399/1/1152 1433/1/1152 1430/1/1152
f 1430/1/1152 1400/1/1152 1399/1/1152
f 819/1/1153 1433/1/1153 1399/1/1153
f 1399/1/1154 796/1/1154 819/1/1154
f 1433/1/1155 819/1/1155 818/1/1155
f 818/1/1156 1431/1/1156 1433/1/1156
f 1431/1/1157 818/1/1157 817/1/1157
f 817/1/1158 1432/1/1158 1431/1/1158
f 817/1/1159 816/1/1159 1435/1/1159
f 1435/1/1160 1432/1/1160 817/1/1160
f 1427/1/1161 1432/1/1161 1435/1/1161
f 1435/1/1162 1436/1/1162 1427/1/1162
f 1436/1/1163 1434/1/1163 1428/1/1163
f 1428/1/1163 1427/1/1163 1436/1/1163
f 1437/1/1164 1438/1/1164 1439/1/1164
f 1439/1/1165 1440/1/1165 1437/1/1165
f 1441/1/1166 1442/1/1166 1438/1/1166
f 1438/1/1167 1437/1/1167 1441/1/1167
f 1438/1/1168 1443/1/1168 1444/1/1168
f 1444/1/1169 1439/1/1169 1438/1/1169
f 1445/1/1170 1443/1/1170 1438/1/1170
f 1438/1/1170 1442/1/1170 1445/1/1170
f 1410/1/1171 606/1/1171 628/1/1171
f 628/1/1172 1440/1/1172 1410/1/1172
f 1440/1/1173 628/1/1173 627/1/1173
f 627/1/1174 1437/1/1174 1440/1/1174
f 1441/1/1175 1437/1/1175 627/1/1175
f 627/1/1175 625/1/1175 1441/1/1175
f 1446/1/1176 1441/1/1176 625/1/1176
f 625/1/1177 626/1/1177 1446/1/1177
f 1446/1/1178 1447/1/1178 1442/1/1178
f 1442/1/1178 1441/1/1178 1446/1/1178
f 1445/1/1179 1442/1/1179 1447/1/1179
f 1447/1/1179 1448/1/1179 1445/1/1179
f 1445/1/1180 1448/1/1180 1243/1/1180
f 1243/1/1180 1242/1/1180 1445/1/1180
f 1445/1/1181 1242/1/1181 1241/1/1181
f 1241/1/1182 1443/1/1182 1445/1/1182
f 1241/1/1183 1240/1/1183 1444/1/1183
f 1444/1/1183 1443/1/1183 1241/1/1183
f 1240/1/1184 1223/1/1184 1412/1/1184
f 1412/1/1184 1444/1/1184 1240/1/1184
f 1439/1/1185 1444/1/1185 1412/1/1185
f 1412/1/1185 1411/1/1185 1439/1/1185
f 1440/1/1186 1439/1/1186 1411/1/1186
f 1411/1/1187 1410/1/1187 1440/1/1187
f 1449/1/1188 1450/1/1188 1451/1/1188
f 1451/1/1188 1452/1/1188 1449/1/1188
f 1453/1/1189 1454/1/1189 1450/1/1189
f 1450/1/1189 1449/1/1189 1453/1/1189
f 1450/1/1190 1455/1/1190 1456/1/1190
f 1456/1/1190 1451/1/1190 1450/1/1190
f 1454/1/1191 1457/1/1191 1455/1/1191
f 1455/1/1191 1450/1/1191 1454/1/1191
f 1452/1/1192 1422/1/1192 85/1/1192
f 85/1/1192 108/1/1192 1452/1/1192
f 107/1/1193 1449/1/1193 1452/1/1193
f 1452/1/1194 108/1/1194 107/1/1194
f 105/1/1195 1453/1/1195 1449/1/1195
f 1449/1/1195 107/1/1195 105/1/1195
f 1458/1/1196 1453/1/1196 105/1/1196
f 105/1/1196 106/1/1196 1458/1/1196
f 1458/1/1197 1459/1/1197 1454/1/1197
f 1454/1/1197 1453/1/1197 1458/1/1197
f 1457/1/1198 1454/1/1198 1459/1/1198
f 1459/1/1198 1460/1/1198 1457/1/1198
f 1457/1/1199 1460/1/1199 723/1/1199
f 723/1/1200 722/1/1200 1457/1/1200
f 1455/1/1201 1457/1/1201 722/1/1201
f 722/1/1201 721/1/1201 1455/1/1201
f 1456/1/1202 1455/1/1202 721/1/1202
f 721/1/1202 720/1/1202 1456/1/1202
f 720/1/1203 703/1/1203 1424/1/1203
f 1424/1/1204 1456/1/1204 720/1/1204
f 1423/1/1205 1451/1/1205 1456/1/1205
f 1456/1/1206 1424/1/1206 1423/1/1206
f 1452/1/1207 1451/1/1207 1423/1/1207
f 1423/1/1207 1422/1/1207 1452/1/1207
f 1461/1/907 1462/1/907 1463/1/907
f 1463/1/907 1464/1/907 1461/1/907
f 1465/1/906 1466/1/906 1462/1/906
f 1462/1/906 1461/1/906 1465/1/906
f 1462/1/1208 1467/1/1208 1468/1/1208
f 1468/1/909 1463/1/909 1462/1/909
f 1466/1/908 1469/1/908 1467/1/908
f 1467/1/908 1462/1/908 1466/1/908
f 1464/1/914 1470/1/914 221/1/914
f 221/1/914 220/1/914 1464/1/914
f 230/1/913 1461/1/913 1464/1/913
f 1464/1/913 220/1/913 230/1/913
f 230/1/912 229/1/912 1465/1/912
f 1465/1/912 1461/1/912 230/1/912
f 1434/1/911 1465/1/911 229/1/911
f 229/1/911 201/1/911 1434/1/911
f 1466/1/922 1465/1/922 1434/1/922
f 1434/1/922 1436/1/922 1466/1/922
f 1435/1/921 1469/1/921 1466/1/921
f 1466/1/921 1436/1/921 1435/1/921
f 839/1/920 1469/1/920 1435/1/920
f 1435/1/920 816/1/920 839/1/920
f 1469/1/1209 839/1/1209 838/1/1209
f 838/1/919 1467/1/919 1469/1/919
f 1467/1/918 838/1/918 837/1/918
f 837/1/918 1468/1/918 1467/1/918
f 837/1/917 836/1/917 1471/1/917
f 1471/1/917 1468/1/917 837/1/917
f 1463/1/916 1468/1/916 1471/1/916
f 1471/1/916 1472/1/916 1463/1/916
f 1472/1/915 1470/1/915 1464/1/915
f 1464/1/915 1463/1/915 1472/1/915
f 1473/1/1210 1474/1/1210 1475/1/1210
f 1475/1/1211 1476/1/1211 1473/1/1211
f 1477/1/1212 1478/1/1212 1474/1/1212
f 1474/1/1212 1473/1/1212 1477/1/1212
f 1474/1/1213 1479/1/1213 1480/1/1213
f 1480/1/1213 1475/1/1213 1474/1/1213
f 1481/1/1214 1479/1/1214 1474/1/1214
f 1474/1/1214 1478/1/1214 1481/1/1214
f 1446/1/1215 626/1/1215 648/1/1215
f 648/1/1215 1476/1/1215 1446/1/1215
f 1476/1/1216 648/1/1216 647/1/1216
f 647/1/1216 1473/1/1216 1476/1/1216
f 1477/1/1217 1473/1/1217 647/1/1217
f 647/1/1217 645/1/1217 1477/1/1217
f 1482/1/1218 1477/1/1218 645/1/1218
f 645/1/1218 646/1/1218 1482/1/1218
f 1482/1/1219 1483/1/1219 1478/1/1219
f 1478/1/1219 1477/1/1219 1482/1/1219
f 1481/1/1220 1478/1/1220 1483/1/1220
f 1483/1/1220 1484/1/1220 1481/1/1220
f 1481/1/1221 1484/1/1221 1263/1/1221
f 1263/1/1221 1262/1/1221 1481/1/1221
f 1481/1/1222 1262/1/1222 1261/1/1222
f 1261/1/1222 1479/1/1222 1481/1/1222
f 1261/1/1223 1260/1/1223 1480/1/1223
f 1480/1/1224 1479/1/1224 1261/1/1224
f 1260/1/1225 1243/1/1225 1448/1/1225
f 1448/1/1226 1480/1/1226 1260/1/1226
f 1475/1/1227 1480/1/1227 1448/1/1227
f 1448/1/1227 1447/1/1227 1475/1/1227
f 1476/1/1228 1475/1/1228 1447/1/1228
f 1447/1/1229 1446/1/1229 1476/1/1229
f 1485/1/1230 1486/1/1230 1487/1/1230
f 1487/1/1231 1488/1/1231 1485/1/1231
f 1489/1/1232 1490/1/1232 1486/1/1232
f 1486/1/1232 1485/1/1232 1489/1/1232
f 1486/1/1233 1491/1/1233 1492/1/1233
f 1492/1/1234 1487/1/1234 1486/1/1234
f 1490/1/1235 1493/1/1235 1491/1/1235
f 1491/1/1235 1486/1/1235 1490/1/1235
f 1458/1/1236 106/1/1236 128/1/1236
f 128/1/1236 1488/1/1236 1458/1/1236
f 127/1/1237 1485/1/1237 1488/1/1237
f 1488/1/1238 128/1/1238 127/1/1238
f 126/1/1239 1489/1/1239 1485/1/1239
f 1485/1/1240 127/1/1240 126/1/1240
f 1494/1/1241 1489/1/1241 126/1/1241
f 126/1/1241 125/1/1241 1494/1/1241
f 1494/1/1242 1495/1/1242 1490/1/1242
f 1490/1/1242 1489/1/1242 1494/1/1242
f 1493/1/1243 1490/1/1243 1495/1/1243
f 1495/1/1243 1496/1/1243 1493/1/1243
f 1493/1/1244 1496/1/1244 743/1/1244
f 743/1/1244 742/1/1244 1493/1/1244
f 1491/1/1245 1493/1/1245 742/1/1245
f 742/1/1245 741/1/1245 1491/1/1245
f 1492/1/1246 1491/1/1246 741/1/1246
f 741/1/1246 740/1/1246 1492/1/1246
f 740/1/1247 723/1/1247 1460/1/1247
f 1460/1/1248 1492/1/1248 740/1/1248
f 1459/1/1249 1487/1/1249 1492/1/1249
f 1492/1/1250 1460/1/1250 1459/1/1250
f 1488/1/1251 1487/1/1251 1459/1/1251
f 1459/1/1252 1458/1/1252 1488/1/1252
f 1497/1/971 1498/1/971 1499/1/971
f 1499/1/1253 1500/1/1253 1497/1/1253
f 1501/1/1254 1502/1/1254 1498/1/1254
f 1498/1/1255 1497/1/1255 1501/1/1255
f 1498/1/1256 1503/1/1256 1504/1/1256
f 1504/1/974 1499/1/974 1498/1/974
f 1502/1/972 1505/1/972 1503/1/972
f 1503/1/973 1498/1/973 1502/1/973
f 1500/1/979 1506/1/979 241/1/979
f 241/1/979 240/1/979 1500/1/979
f 250/1/1257 1497/1/1257 1500/1/1257
f 1500/1/978 240/1/978 250/1/978
f 250/1/977 249/1/977 1501/1/977
f 1501/1/977 1497/1/977 250/1/977
f 1470/1/976 1501/1/976 249/1/976
f 249/1/976 221/1/976 1470/1/976
f 1502/1/992 1501/1/992 1470/1/992
f 1470/1/992 1472/1/992 1502/1/992
f 1471/1/991 1505/1/991 1502/1/991
f 1502/1/991 1472/1/991 1471/1/991
f 859/1/1258 1505/1/1258 1471/1/1258
f 1471/1/990 836/1/990 859/1/990
f 1505/1/1259 859/1/1259 858/1/1259
f 858/1/987 1503/1/987 1505/1/987
f 1503/1/986 858/1/986 857/1/986
f 857/1/986 1504/1/986 1503/1/986
f 857/1/984 856/1/984 1507/1/984
f 1507/1/984 1504/1/984 857/1/984
f 1499/1/981 1504/1/981 1507/1/981
f 1507/1/1260 1508/1/1260 1499/1/1260
f 1508/1/980 1506/1/980 1500/1/980
f 1500/1/980 1499/1/980 1508/1/980
f 1509/1/1261 1510/1/1261 1511/1/1261
f 1511/1/1262 1512/1/1262 1509/1/1262
f 1513/1/1263 1514/1/1263 1510/1/1263
f 1510/1/1264 1509/1/1264 1513/1/1264
f 1510/1/1265 1515/1/1265 1516/1/1265
f 1516/1/1265 1511/1/1265 1510/1/1265
f 1517/1/1266 1515/1/1266 1510/1/1266
f 1510/1/1266 1514/1/1266 1517/1/1266
f 1482/1/1267 646/1/1267 663/1/1267
f 663/1/1268 1512/1/1268 1482/1/1268
f 1512/1/1269 663/1/1269 662/1/1269
f 662/1/1270 1509/1/1270 1512/1/1270
f 1513/1/1271 1509/1/1271 662/1/1271
f 662/1/1271 661/1/1271 1513/1/1271
f 1347/1/1272 1513/1/1272 661/1/1272
f 661/1/1272 45/1/1272 1347/1/1272
f 1352/1/1273 1514/1/1273 1513/1/1273
f 1513/1/1273 1347/1/1273 1352/1/1273
f 1351/1/1274 1517/1/1274 1514/1/1274
f 1514/1/1274 1352/1/1274 1351/1/1274
f 1517/1/1275 1351/1/1275 20/1/1275
f 20/1/1275 1280/1/1275 1517/1/1275
f 1517/1/1276 1280/1/1276 1279/1/1276
f 1279/1/1276 1515/1/1276 1517/1/1276
f 1279/1/1277 1278/1/1277 1516/1/1277
f 1516/1/1278 1515/1/1278 1279/1/1278
f 1278/1/1279 1263/1/1279 1484/1/1279
f 1484/1/1279 1516/1/1279 1278/1/1279
f 1511/1/1280 1516/1/1280 1484/1/1280
f 1484/1/1281 1483/1/1281 1511/1/1281
f 1512/1/1282 1511/1/1282 1483/1/1282
f 1483/1/1283 1482/1/1283 1512/1/1283
f 1518/1/1284 1519/1/1284 1520/1/1284
f 1520/1/1284 1521/1/1284 1518/1/1284
f 1522/1/1285 1523/1/1285 1519/1/1285
f 1519/1/1286 1518/1/1286 1522/1/1286
f 1519/1/1287 1524/1/1287 1525/1/1287
f 1525/1/1288 1520/1/1288 1519/1/1288
f 1523/1/1289 1526/1/1289 1524/1/1289
f 1524/1/1289 1519/1/1289 1523/1/1289
f 1494/1/1290 125/1/1290 148/1/1290
f 148/1/1291 1521/1/1291 1494/1/1291
f 147/1/1292 1518/1/1292 1521/1/1292
f 1521/1/1293 148/1/1293 147/1/1293
f 146/1/1294 1522/1/1294 1518/1/1294
f 1518/1/1295 147/1/1295 146/1/1295
f 146/1/1296 145/1/1296 1527/1/1296
f 1527/1/1297 1522/1/1297 146/1/1297
f 1527/1/1298 1528/1/1298 1523/1/1298
f 1523/1/1298 1522/1/1298 1527/1/1298
f 1523/1/1299 1528/1/1299 1529/1/1299
f 1529/1/1299 1526/1/1299 1523/1/1299
f 763/1/1300 762/1/1300 1526/1/1300
f 1526/1/1301 1529/1/1301 763/1/1301
f 1524/1/1302 1526/1/1302 762/1/1302
f 762/1/1302 761/1/1302 1524/1/1302
f 1525/1/1303 1524/1/1303 761/1/1303
f 761/1/1303 760/1/1303 1525/1/1303
f 760/1/1304 743/1/1304 1496/1/1304
f 1496/1/1305 1525/1/1305 760/1/1305
f 1495/1/1306 1520/1/1306 1525/1/1306
f 1525/1/1306 1496/1/1306 1495/1/1306
f 1521/1/1307 1520/1/1307 1495/1/1307
f 1495/1/1308 1494/1/1308 1521/1/1308
f 1530/1/1309 1531/1/1309 1532/1/1309
f 1532/1/1309 1533/1/1309 1530/1/1309
f 1534/1/1040 1535/1/1040 1531/1/1040
f 1531/1/1040 1530/1/1040 1534/1/1040
f 1531/1/1044 1536/1/1044 1537/1/1044
f 1537/1/1044 1532/1/1044 1531/1/1044
f 1535/1/1042 1538/1/1042 1536/1/1042
f 1536/1/1042 1531/1/1042 1535/1/1042
f 1533/1/1048 1539/1/1048 261/1/1048
f 261/1/1048 260/1/1048 1533/1/1048
f 270/1/1047 1530/1/1047 1533/1/1047
f 1533/1/1047 260/1/1047 270/1/1047
f 270/1/1046 269/1/1046 1534/1/1046
f 1534/1/1046 1530/1/1046 270/1/1046
f 1506/1/1045 1534/1/1045 269/1/1045
f 269/1/1045 241/1/1045 1506/1/1045
f 1535/1/1060 1534/1/1060 1506/1/1060
f 1506/1/1060 1508/1/1060 1535/1/1060
f 1507/1/1058 1538/1/1058 1535/1/1058
f 1535/1/1058 1508/1/1058 1507/1/1058
f 879/1/1057 1538/1/1057 1507/1/1057
f 1507/1/1057 856/1/1057 879/1/1057
f 1538/1/1056 879/1/1056 878/1/1056
f 878/1/1056 1536/1/1056 1538/1/1056
f 1536/1/1055 878/1/1055 877/1/1055
f 877/1/1310 1537/1/1310 1536/1/1310
f 1537/1/1054 877/1/1054 876/1/1054
f 876/1/1054 1540/1/1054 1537/1/1054
f 1537/1/1052 1540/1/1052 1541/1/1052
f 1541/1/1052 1532/1/1052 1537/1/1052
f 1532/1/1051 1541/1/1051 1539/1/1051
f 1539/1/1050 1533/1/1050 1532/1/1050
f 1542/1/1311 1543/1/1311 1544/1/1311
f 1544/1/1311 1545/1/1311 1542/1/1311
f 1546/1/1312 1547/1/1312 1543/1/1312
f 1543/1/1313 1542/1/1313 1546/1/1313
f 1543/1/1314 1548/1/1314 1549/1/1314
f 1549/1/1314 1544/1/1314 1543/1/1314
f 1550/1/1315 1548/1/1315 1543/1/1315
f 1543/1/1315 1547/1/1315 1550/1/1315
f 1527/1/1316 145/1/1316 168/1/1316
f 168/1/1316 1545/1/1316 1527/1/1316
f 1545/1/1317 168/1/1317 167/1/1317
f 167/1/1318 1542/1/1318 1545/1/1318
f 1546/1/1319 1542/1/1319 167/1/1319
f 167/1/1319 166/1/1319 1546/1/1319
f 1551/1/1320 1546/1/1320 166/1/1320
f 166/1/1320 165/1/1320 1551/1/1320
f 1551/1/1321 1552/1/1321 1547/1/1321
f 1547/1/1321 1546/1/1321 1551/1/1321
f 1550/1/1322 1547/1/1322 1552/1/1322
f 1552/1/1323 1553/1/1323 1550/1/1323
f 783/1/1324 782/1/1324 1550/1/1324
f 1550/1/1324 1553/1/1324 783/1/1324
f 1550/1/1325 782/1/1325 781/1/1325
f 781/1/1325 1548/1/1325 1550/1/1325
f 781/1/1326 780/1/1326 1549/1/1326
f 1549/1/1326 1548/1/1326 781/1/1326
f 780/1/1327 763/1/1327 1529/1/1327
f 1529/1/1328 1549/1/1328 780/1/1328
f 1544/1/1329 1549/1/1329 1529/1/1329
f 1529/1/1329 1528/1/1329 1544/1/1329
f 1545/1/1330 1544/1/1330 1528/1/1330
f 1528/1/1330 1527/1/1330 1545/1/1330
f 1554/1/1102 1555/1/1102 1556/1/1102
f 1556/1/1102 1557/1/1102 1554/1/1102
f 1558/1/1100 1559/1/1100 1555/1/1100
f 1555/1/1100 1554/1/1100 1558/1/1100
f 1555/1/1104 1560/1/1104 1561/1/1104
f 1561/1/1104 1556/1/1104 1555/1/1104
f 1559/1/1103 1562/1/1103 1560/1/1103
f 1560/1/1103 1555/1/1103 1559/1/1103
f 1557/1/1110 1563/1/1110 281/1/1110
f 281/1/1110 280/1/1110 1557/1/1110
f 290/1/1108 1554/1/1108 1557/1/1108
f 1557/1/1108 280/1/1108 290/1/1108
f 290/1/1107 289/1/1107 1558/1/1107
f 1558/1/1107 1554/1/1107 290/1/1107
f 289/1/1331 261/1/1331 1539/1/1331
f 1539/1/1105 1558/1/1105 289/1/1105
f 1559/1/1118 1558/1/1118 1539/1/1118
f 1539/1/1118 1541/1/1118 1559/1/1118
f 1540/1/1117 1562/1/1117 1559/1/1117
f 1559/1/1117 1541/1/1117 1540/1/1117
f 1540/1/1116 876/1/1116 899/1/1116
f 899/1/1116 1562/1/1116 1540/1/1116
f 1562/1/1115 899/1/1115 898/1/1115
f 898/1/1115 1560/1/1115 1562/1/1115
f 1560/1/1114 898/1/1114 897/1/1114
f 897/1/1114 1561/1/1114 1560/1/1114
f 1561/1/1113 897/1/1113 896/1/1113
f 896/1/1113 1564/1/1113 1561/1/1113
f 1565/1/1112 1556/1/1112 1561/1/1112
f 1561/1/1112 1564/1/1112 1565/1/1112
f 1556/1/1111 1565/1/1111 1563/1/1111
f 1563/1/1111 1557/1/1111 1556/1/1111
f 1566/1/1332 1567/1/1332 1568/1/1332
f 1568/1/1332 1569/1/1332 1566/1/1332
f 1570/1/1333 1571/1/1333 1567/1/1333
f 1567/1/1334 1566/1/1334 1570/1/1334
f 1567/1/1335 1572/1/1335 1573/1/1335
f 1573/1/1335 1568/1/1335 1567/1/1335
f 1574/1/1336 1572/1/1336 1567/1/1336
f 1567/1/1336 1571/1/1336 1574/1/1336
f 1551/1/1337 165/1/1337 188/1/1337
f 188/1/1338 1569/1/1338 1551/1/1338
f 1569/1/1339 188/1/1339 187/1/1339
f 187/1/1339 1566/1/1339 1569/1/1339
f 1570/1/1340 1566/1/1340 187/1/1340
f 187/1/1341 185/1/1341 1570/1/1341
f 1570/1/1342 185/1/1342 186/1/1342
f 186/1/1342 1575/1/1342 1570/1/1342
f 1575/1/1343 1576/1/1343 1571/1/1343
f 1571/1/1343 1570/1/1343 1575/1/1343
f 1574/1/1344 1571/1/1344 1576/1/1344
f 1576/1/1344 1577/1/1344 1574/1/1344
f 803/1/1345 802/1/1345 1574/1/1345
f 1574/1/1346 1577/1/1346 803/1/1346
f 1574/1/1347 802/1/1347 801/1/1347
f 801/1/1348 1572/1/1348 1574/1/1348
f 801/1/1349 800/1/1349 1573/1/1349
f 1573/1/1349 1572/1/1349 801/1/1349
f 800/1/1350 783/1/1350 1553/1/1350
f 1553/1/1350 1573/1/1350 800/1/1350
f 1552/1/1351 1568/1/1351 1573/1/1351
f 1573/1/1352 1553/1/1352 1552/1/1352
f 1568/1/1353 1552/1/1353 1551/1/1353
f 1551/1/1353 1569/1/1353 1568/1/1353
f 1578/1/1166 1579/1/1166 1580/1/1166
f 1580/1/1166 1581/1/1166 1578/1/1166
f 1582/1/1165 1583/1/1165 1579/1/1165
f 1579/1/1165 1578/1/1165 1582/1/1165
f 1579/1/1170 1584/1/1170 1585/1/1170
f 1585/1/1170 1580/1/1170 1579/1/1170
f 1583/1/1169 1586/1/1169 1584/1/1169
f 1584/1/1169 1579/1/1169 1583/1/1169
f 1581/1/1177 1587/1/1177 301/1/1177
f 301/1/1177 300/1/1177 1581/1/1177
f 310/1/1175 1578/1/1175 1581/1/1175
f 1581/1/1354 300/1/1354 310/1/1354
f 310/1/1173 309/1/1173 1582/1/1173
f 1582/1/1173 1578/1/1173 310/1/1173
f 309/1/1172 281/1/1172 1563/1/1172
f 1563/1/1172 1582/1/1172 309/1/1172
f 1583/1/1186 1582/1/1186 1563/1/1186
f 1563/1/1186 1565/1/1186 1583/1/1186
f 1564/1/1185 1586/1/1185 1583/1/1185
f 1583/1/1185 1565/1/1185 1564/1/1185
f 1564/1/1184 896/1/1184 919/1/1184
f 919/1/1184 1586/1/1184 1564/1/1184
f 1586/1/1355 919/1/1355 918/1/1355
f 918/1/1356 1584/1/1356 1586/1/1356
f 1584/1/1182 918/1/1182 917/1/1182
f 917/1/1182 1585/1/1182 1584/1/1182
f 1585/1/1357 917/1/1357 916/1/1357
f 916/1/1180 1588/1/1180 1585/1/1180
f 1589/1/1179 1580/1/1179 1585/1/1179
f 1585/1/1179 1588/1/1179 1589/1/1179
f 1580/1/1178 1589/1/1178 1587/1/1178
f 1587/1/1358 1581/1/1358 1580/1/1358
f 1590/1/1359 1591/1/1359 1592/1/1359
f 1592/1/1359 1593/1/1359 1590/1/1359
f 1594/1/1360 1595/1/1360 1591/1/1360
f 1591/1/1360 1590/1/1360 1594/1/1360
f 1591/1/1361 1596/1/1361 1597/1/1361
f 1597/1/1361 1592/1/1361 1591/1/1361
f 1598/1/1362 1596/1/1362 1591/1/1362
f 1591/1/1362 1595/1/1362 1598/1/1362
f 1575/1/1363 186/1/1363 208/1/1363
f 208/1/1363 1593/1/1363 1575/1/1363
f 1593/1/1364 208/1/1364 207/1/1364
f 207/1/1365 1590/1/1365 1593/1/1365
f 1594/1/1366 1590/1/1366 207/1/1366
f 207/1/1366 205/1/1366 1594/1/1366
f 1594/1/1367 205/1/1367 206/1/1367
f 206/1/1367 1599/1/1367 1594/1/1367
f 1599/1/1368 1600/1/1368 1595/1/1368
f 1595/1/1369 1594/1/1369 1599/1/1369
f 1598/1/1370 1595/1/1370 1600/1/1370
f 1600/1/1370 1601/1/1370 1598/1/1370
f 823/1/1371 822/1/1371 1598/1/1371
f 1598/1/1371 1601/1/1371 823/1/1371
f 1598/1/1372 822/1/1372 821/1/1372
f 821/1/1373 1596/1/1373 1598/1/1373
f 821/1/1374 820/1/1374 1597/1/1374
f 1597/1/1375 1596/1/1375 821/1/1375
f 820/1/1376 803/1/1376 1577/1/1376
f 1577/1/1377 1597/1/1377 820/1/1377
f 1576/1/1378 1592/1/1378 1597/1/1378
f 1597/1/1378 1577/1/1378 1576/1/1378
f 1575/1/1379 1593/1/1379 1592/1/1379
f 1592/1/1379 1576/1/1379 1575/1/1379
f 1602/1/1212 1603/1/1212 1604/1/1212
f 1604/1/1212 1605/1/1212 1602/1/1212
f 1606/1/1380 1607/1/1380 1603/1/1380
f 1603/1/1210 1602/1/1210 1606/1/1210
f 1603/1/1214 1608/1/1214 1609/1/1214
f 1609/1/1214 1604/1/1214 1603/1/1214
f 1607/1/1213 1610/1/1213 1608/1/1213
f 1608/1/1213 1603/1/1213 1607/1/1213
f 1605/1/1218 1611/1/1218 321/1/1218
f 321/1/1218 320/1/1218 1605/1/1218
f 330/1/1217 1602/1/1217 1605/1/1217
f 1605/1/1217 320/1/1217 330/1/1217
f 330/1/1381 329/1/1381 1606/1/1381
f 1606/1/1216 1602/1/1216 330/1/1216
f 329/1/1215 301/1/1215 1587/1/1215
f 1587/1/1215 1606/1/1215 329/1/1215
f 1607/1/1382 1606/1/1382 1587/1/1382
f 1587/1/1229 1589/1/1229 1607/1/1229
f 1588/1/1227 1610/1/1227 1607/1/1227
f 1607/1/1227 1589/1/1227 1588/1/1227
f 1588/1/1383 916/1/1383 939/1/1383
f 939/1/1383 1610/1/1383 1588/1/1383
f 1610/1/1384 939/1/1384 938/1/1384
f 938/1/1384 1608/1/1384 1610/1/1384
f 1608/1/1222 938/1/1222 937/1/1222
f 937/1/1222 1609/1/1222 1608/1/1222
f 1609/1/1221 937/1/1221 936/1/1221
f 936/1/1221 1612/1/1221 1609/1/1221
f 1609/1/1220 1612/1/1220 1613/1/1220
f 1613/1/1220 1604/1/1220 1609/1/1220
f 1604/1/1219 1613/1/1219 1611/1/1219
f 1611/1/1219 1605/1/1219 1604/1/1219
f 1614/1/1385 1615/1/1385 1616/1/1385
f 1616/1/1385 1617/1/1385 1614/1/1385
f 1618/1/1386 1619/1/1386 1615/1/1386
f 1615/1/1387 1614/1/1387 1618/1/1387
f 1615/1/1388 1620/1/1388 1621/1/1388
f 1621/1/1388 1616/1/1388 1615/1/1388
f 1622/1/1389 1620/1/1389 1615/1/1389
f 1615/1/1390 1619/1/1390 1622/1/1390
f 1599/1/1391 206/1/1391 228/1/1391
f 228/1/1391 1617/1/1391 1599/1/1391
f 1617/1/1392 228/1/1392 227/1/1392
f 227/1/1393 1614/1/1392 1617/1/1392
f 1618/1/1394 1614/1/1394 227/1/1394
f 227/1/1394 225/1/1394 1618/1/1394
f 1618/1/1395 225/1/1395 226/1/1395
f 226/1/1395 1623/1/1395 1618/1/1395
f 1623/1/1396 1624/1/1396 1619/1/1396
f 1619/1/1396 1618/1/1396 1623/1/1396
f 1622/1/1397 1619/1/1397 1624/1/1397
f 1624/1/1397 1625/1/1397 1622/1/1397
f 843/1/1398 842/1/1398 1622/1/1398
f 1622/1/1398 1625/1/1398 843/1/1398
f 1622/1/1399 842/1/1399 841/1/1399
f 841/1/1400 1620/1/1400 1622/1/1400
f 841/1/1401 840/1/1401 1621/1/1401
f 1621/1/1401 1620/1/1401 841/1/1401
f 840/1/1402 823/1/1402 1601/1/1402
f 1601/1/1403 1621/1/1403 840/1/1403
f 1600/1/1404 1616/1/1404 1621/1/1404
f 1621/1/1405 1601/1/1405 1600/1/1405
f 1616/1/1406 1600/1/1406 1599/1/1406
f 1599/1/1406 1617/1/1406 1616/1/1406
f 1626/1/1263 1627/1/1263 1628/1/1263
f 1628/1/1263 1629/1/1263 1626/1/1263
f 1630/1/1261 1631/1/1261 1627/1/1261
f 1627/1/1261 1626/1/1261 1630/1/1261
f 1627/1/1266 1632/1/1266 1633/1/1266
f 1633/1/1266 1628/1/1266 1627/1/1266
f 1631/1/1265 1634/1/1265 1632/1/1265
f 1632/1/1265 1627/1/1265 1631/1/1265
f 1629/1/1272 1635/1/1272 341/1/1272
f 341/1/1272 340/1/1272 1629/1/1272
f 350/1/1271 1626/1/1271 1629/1/1271
f 1629/1/1271 340/1/1271 350/1/1271
f 350/1/1270 349/1/1270 1630/1/1270
f 1630/1/1270 1626/1/1270 350/1/1270
f 349/1/1267 321/1/1267 1611/1/1267
f 1611/1/1407 1630/1/1407 349/1/1407
f 1631/1/1408 1630/1/1408 1611/1/1408
f 1611/1/1283 1613/1/1283 1631/1/1283
f 1612/1/1280 1634/1/1280 1631/1/1280
f 1631/1/1280 1613/1/1280 1612/1/1280
f 1612/1/1409 936/1/1409 959/1/1409
f 959/1/1410 1634/1/1410 1612/1/1410
f 1634/1/1278 959/1/1278 958/1/1278
f 958/1/1278 1632/1/1278 1634/1/1278
f 1632/1/1276 958/1/1276 957/1/1276
f 957/1/1276 1633/1/1276 1632/1/1276
f 1633/1/1275 957/1/1275 956/1/1275
f 956/1/1275 1636/1/1275 1633/1/1275
f 1637/1/1274 1628/1/1274 1633/1/1274
f 1633/1/1274 1636/1/1274 1637/1/1274
f 1628/1/1273 1637/1/1273 1635/1/1273
f 1635/1/1273 1629/1/1273 1628/1/1273
f 1638/1/1411 1639/1/1411 1640/1/1411
f 1640/1/1412 1641/1/1412 1638/1/1412
f 1642/1/1413 1643/1/1413 1639/1/1413
f 1639/1/1413 1638/1/1413 1642/1/1413
f 1639/1/1414 1644/1/1414 1645/1/1414
f 1645/1/1414 1640/1/1414 1639/1/1414
f 1646/1/1415 1644/1/1415 1639/1/1415
f 1639/1/1416 1643/1/1416 1646/1/1416
f 1623/1/1417 226/1/1417 248/1/1417
f 248/1/1418 1641/1/1418 1623/1/1418
f 1641/1/1419 248/1/1419 247/1/1419
f 247/1/1420 1638/1/1420 1641/1/1420
f 1642/1/1421 1638/1/1421 247/1/1421
f 247/1/1421 245/1/1421 1642/1/1421
f 1642/1/1422 245/1/1422 246/1/1422
f 246/1/1423 1647/1/1423 1642/1/1423
f 1647/1/1424 1648/1/1424 1643/1/1424
f 1643/1/1424 1642/1/1424 1647/1/1424
f 1646/1/1425 1643/1/1425 1648/1/1425
f 1648/1/1425 1649/1/1425 1646/1/1425
f 863/1/1426 862/1/1426 1646/1/1426
f 1646/1/1427 1649/1/1427 863/1/1427
f 1646/1/1428 862/1/1428 861/1/1428
f 861/1/1428 1644/1/1428 1646/1/1428
f 861/1/1429 860/1/1429 1645/1/1429
f 1645/1/1429 1644/1/1429 861/1/1429
f 860/1/1430 843/1/1430 1625/1/1430
f 1625/1/1430 1645/1/1430 860/1/1430
f 1624/1/1431 1640/1/1431 1645/1/1431
f 1645/1/1431 1625/1/1431 1624/1/1431
f 1640/1/1432 1624/1/1432 1623/1/1432
f 1623/1/1432 1641/1/1432 1640/1/1432
f 1650/1/995 1651/1/995 1652/1/995
f 1652/1/995 1653/1/995 1650/1/995
f 1654/1/993 1655/1/993 1651/1/993
f 1651/1/993 1650/1/993 1654/1/993
f 1651/1/999 1656/1/999 1657/1/999
f 1657/1/998 1652/1/998 1651/1/998
f 1655/1/997 1658/1/997 1656/1/997
f 1656/1/997 1651/1/997 1655/1/997
f 1653/1/1005 1659/1/1005 361/1/1005
f 361/1/1005 360/1/1005 1653/1/1005
f 370/1/1433 1650/1/1433 1653/1/1433
f 1653/1/1433 360/1/1433 370/1/1433
f 370/1/1001 369/1/1001 1654/1/1001
f 1654/1/1001 1650/1/1001 370/1/1001
f 369/1/1000 341/1/1000 1635/1/1000
f 1635/1/1000 1654/1/1000 369/1/1000
f 1655/1/1434 1654/1/1434 1635/1/1434
f 1635/1/1434 1637/1/1434 1655/1/1434
f 1636/1/1015 1658/1/1015 1655/1/1015
f 1655/1/1015 1637/1/1015 1636/1/1015
f 1636/1/1014 956/1/1014 979/1/1014
f 979/1/1014 1658/1/1014 1636/1/1014
f 1658/1/1013 979/1/1013 978/1/1013
f 978/1/1013 1656/1/1013 1658/1/1013
f 1656/1/1435 978/1/1435 977/1/1435
f 977/1/1435 1657/1/1435 1656/1/1435
f 1657/1/1010 977/1/1010 976/1/1010
f 976/1/1436 1660/1/1436 1657/1/1436
f 1661/1/1008 1652/1/1008 1657/1/1008
f 1657/1/1009 1660/1/1009 1661/1/1009
f 1652/1/1007 1661/1/1007 1659/1/1007
f 1659/1/1007 1653/1/1007 1652/1/1007
f 1662/1/1437 1663/1/1437 1664/1/1437
f 1664/1/1438 1665/1/1438 1662/1/1438
f 1666/1/1439 1667/1/1439 1663/1/1439
f 1663/1/1440 1662/1/1440 1666/1/1440
f 1663/1/1441 1668/1/1441 1669/1/1441
f 1669/1/1441 1664/1/1441 1663/1/1441
f 1670/1/1442 1668/1/1442 1663/1/1442
f 1663/1/1443 1667/1/1443 1670/1/1443
f 1647/1/1444 246/1/1444 268/1/1444
f 268/1/1444 1665/1/1444 1647/1/1444
f 1665/1/1445 268/1/1445 267/1/1445
f 267/1/1445 1662/1/1445 1665/1/1445
f 1666/1/1446 1662/1/1446 267/1/1446
f 267/1/1446 265/1/1446 1666/1/1446
f 1666/1/1447 265/1/1447 266/1/1447
f 266/1/1448 1671/1/1448 1666/1/1448
f 1671/1/1449 1672/1/1449 1667/1/1449
f 1667/1/1449 1666/1/1449 1671/1/1449
f 1670/1/1450 1667/1/1450 1672/1/1450
f 1672/1/1451 1673/1/1451 1670/1/1451
f 883/1/1452 882/1/1452 1670/1/1452
f 1670/1/1453 1673/1/1453 883/1/1453
f 1670/1/1454 882/1/1454 881/1/1454
f 881/1/1455 1668/1/1455 1670/1/1455
f 881/1/1456 880/1/1456 1669/1/1456
f 1669/1/1456 1668/1/1456 881/1/1456
f 880/1/1457 863/1/1457 1649/1/1457
f 1649/1/1458 1669/1/1458 880/1/1458
f 1648/1/1459 1664/1/1459 1669/1/1459
f 1669/1/1459 1649/1/1459 1648/1/1459
f 1647/1/1460 1665/1/1460 1664/1/1460
f 1664/1/1460 1648/1/1460 1647/1/1460
f 1674/1/1062 1675/1/1062 1676/1/1062
f 1676/1/1062 1677/1/1062 1674/1/1062
f 1678/1/1061 1679/1/1061 1675/1/1061
f 1675/1/1061 1674/1/1061 1678/1/1061
f 1675/1/1065 1680/1/1065 1681/1/1065
f 1681/1/1065 1676/1/1065 1675/1/1065
f 1679/1/1461 1682/1/1461 1680/1/1461
f 1680/1/1063 1675/1/1063 1679/1/1063
f 1677/1/1462 1683/1/1462 381/1/1462
f 381/1/1463 380/1/1463 1677/1/1463
f 390/1/1068 1674/1/1068 1677/1/1068
f 1677/1/1068 380/1/1068 390/1/1068
f 390/1/1067 389/1/1067 1678/1/1067
f 1678/1/1067 1674/1/1067 390/1/1067
f 389/1/1066 361/1/1066 1659/1/1066
f 1659/1/1066 1678/1/1066 389/1/1066
f 1679/1/1080 1678/1/1080 1659/1/1080
f 1659/1/1464 1661/1/1464 1679/1/1464
f 1660/1/1465 1682/1/1465 1679/1/1465
f 1679/1/1079 1661/1/1079 1660/1/1079
f 1660/1/1466 976/1/1466 999/1/1466
f 999/1/1078 1682/1/1078 1660/1/1078
f 1682/1/1077 999/1/1077 998/1/1077
f 998/1/1077 1680/1/1077 1682/1/1077
f 1680/1/1076 998/1/1076 997/1/1076
f 997/1/1076 1681/1/1076 1680/1/1076
f 1681/1/1073 997/1/1073 996/1/1073
f 996/1/1073 1684/1/1073 1681/1/1073
f 1685/1/1072 1676/1/1072 1681/1/1072
f 1681/1/1072 1684/1/1072 1685/1/1072
f 1676/1/1071 1685/1/1071 1683/1/1071
f 1683/1/1071 1677/1/1071 1676/1/1071
f 1686/1/1467 1687/1/1467 1688/1/1467
f 1688/1/1468 1689/1/1468 1686/1/1468
f 1690/1/1469 1691/1/1469 1687/1/1469
f 1687/1/1469 1686/1/1469 1690/1/1469
f 1687/1/1470 1692/1/1470 1693/1/1470
f 1693/1/1471 1688/1/1471 1687/1/1471
f 1694/1/1472 1692/1/1472 1687/1/1472
f 1687/1/1473 1691/1/1473 1694/1/1473
f 1671/1/1474 266/1/1474 288/1/1474
f 288/1/1474 1689/1/1474 1671/1/1474
f 1689/1/1475 288/1/1475 287/1/1475
f 287/1/1475 1686/1/1475 1689/1/1475
f 1690/1/1476 1686/1/1476 287/1/1476
f 287/1/1476 285/1/1476 1690/1/1476
f 1690/1/1477 285/1/1477 286/1/1477
f 286/1/1477 1695/1/1477 1690/1/1477
f 1695/1/1478 1696/1/1478 1691/1/1478
f 1691/1/1478 1690/1/1478 1695/1/1478
f 1694/1/1479 1691/1/1479 1696/1/1479
f 1696/1/1480 1697/1/1480 1694/1/1480
f 903/1/1481 902/1/1481 1694/1/1481
f 1694/1/1481 1697/1/1481 903/1/1481
f 1694/1/1482 902/1/1482 901/1/1482
f 901/1/1482 1692/1/1482 1694/1/1482
f 901/1/1483 900/1/1483 1693/1/1483
f 1693/1/1484 1692/1/1484 901/1/1484
f 900/1/1485 883/1/1485 1673/1/1485
f 1673/1/1486 1693/1/1486 900/1/1486
f 1672/1/1487 1688/1/1487 1693/1/1487
f 1693/1/1487 1673/1/1487 1672/1/1487
f 1671/1/1488 1689/1/1488 1688/1/1488
f 1688/1/1488 1672/1/1488 1671/1/1488
f 1698/1/1121 1699/1/1121 1700/1/1121
f 1700/1/1121 1701/1/1121 1698/1/1121
f 1702/1/1120 1703/1/1120 1699/1/1120
f 1699/1/1120 1698/1/1120 1702/1/1120
f 1699/1/1124 1704/1/1124 1705/1/1124
f 1705/1/1124 1700/1/1124 1699/1/1124
f 1703/1/1123 1706/1/1123 1704/1/1123
f 1704/1/1123 1699/1/1123 1703/1/1123
f 1701/1/1489 1707/1/1489 401/1/1489
f 401/1/1490 400/1/1490 1701/1/1490
f 410/1/1491 1698/1/1491 1701/1/1491
f 1701/1/1491 400/1/1491 410/1/1491
f 410/1/1492 409/1/1492 1702/1/1492
f 1702/1/1127 1698/1/1127 410/1/1127
f 409/1/1493 381/1/1493 1683/1/1493
f 1683/1/1126 1702/1/1126 409/1/1126
f 1703/1/1494 1702/1/1494 1683/1/1494
f 1683/1/1140 1685/1/1140 1703/1/1140
f 1684/1/1139 1706/1/1139 1703/1/1139
f 1703/1/1139 1685/1/1139 1684/1/1139
f 1684/1/1495 996/1/1495 1019/1/1495
f 1019/1/1496 1706/1/1496 1684/1/1496
f 1706/1/1136 1019/1/1136 1018/1/1136
f 1018/1/1136 1704/1/1136 1706/1/1136
f 1704/1/1134 1018/1/1134 1017/1/1134
f 1017/1/1134 1705/1/1134 1704/1/1134
f 1705/1/1133 1017/1/1133 1016/1/1133
f 1016/1/1133 1708/1/1133 1705/1/1133
f 1709/1/1131 1700/1/1131 1705/1/1131
f 1705/1/1131 1708/1/1131 1709/1/1131
f 1700/1/1130 1709/1/1130 1707/1/1130
f 1707/1/1130 1701/1/1130 1700/1/1130
f 1710/1/1497 1711/1/1497 1712/1/1497
f 1712/1/1497 1713/1/1497 1710/1/1497
f 1714/1/1498 1715/1/1498 1711/1/1498
f 1711/1/1499 1710/1/1499 1714/1/1499
f 1711/1/1500 1716/1/1500 1717/1/1500
f 1717/1/1501 1712/1/1501 1711/1/1501
f 1718/1/1502 1716/1/1502 1711/1/1502
f 1711/1/1503 1715/1/1503 1718/1/1503
f 1695/1/1504 286/1/1504 308/1/1504
f 308/1/1505 1713/1/1505 1695/1/1505
f 1713/1/1506 308/1/1506 307/1/1506
f 307/1/1507 1710/1/1507 1713/1/1507
f 1714/1/1508 1710/1/1509 307/1/1508
f 307/1/1509 305/1/1509 1714/1/1509
f 1714/1/1510 305/1/1510 306/1/1510
f 306/1/1511 1719/1/1511 1714/1/1511
f 1719/1/1512 1720/1/1512 1715/1/1512
f 1715/1/1512 1714/1/1512 1719/1/1512
f 1718/1/1513 1715/1/1513 1720/1/1513
f 1720/1/1513 1721/1/1513 1718/1/1513
f 923/1/1514 922/1/1514 1718/1/1514
f 1718/1/1515 1721/1/1515 923/1/1515
f 1718/1/1516 922/1/1516 921/1/1516
f 921/1/1516 1716/1/1516 1718/1/1516
f 921/1/1517 920/1/1517 1717/1/1517
f 1717/1/1517 1716/1/1517 921/1/1517
f 920/1/1518 903/1/1518 1697/1/1518
f 1697/1/1518 1717/1/1518 920/1/1518
f 1696/1/1519 1712/1/1519 1717/1/1519
f 1717/1/1519 1697/1/1519 1696/1/1519
f 1712/1/1520 1696/1/1520 1695/1/1520
f 1695/1/1520 1713/1/1520 1712/1/1520
f 1722/1/1189 1723/1/1189 1724/1/1189
f 1724/1/1189 1725/1/1189 1722/1/1189
f 1726/1/1188 1727/1/1188 1723/1/1188
f 1723/1/1188 1722/1/1188 1726/1/1188
f 1723/1/1191 1728/1/1191 1729/1/1191
f 1729/1/1191 1724/1/1191 1723/1/1191
f 1727/1/1190 1730/1/1190 1728/1/1190
f 1728/1/1190 1723/1/1190 1727/1/1190
f 1725/1/1196 1731/1/1196 421/1/1196
f 421/1/1521 420/1/1521 1725/1/1521
f 430/1/1195 1722/1/1195 1725/1/1195
f 1725/1/1195 420/1/1195 430/1/1195
f 430/1/1194 429/1/1194 1726/1/1194
f 1726/1/1194 1722/1/1194 430/1/1194
f 429/1/1522 401/1/1522 1707/1/1522
f 1707/1/1192 1726/1/1192 429/1/1192
f 1727/1/1207 1726/1/1207 1707/1/1207
f 1707/1/1207 1709/1/1207 1727/1/1207
f 1708/1/1206 1730/1/1206 1727/1/1206
f 1727/1/1206 1709/1/1206 1708/1/1206
f 1708/1/1523 1016/1/1523 1039/1/1523
f 1039/1/1523 1730/1/1523 1708/1/1523
f 1730/1/1202 1039/1/1202 1038/1/1202
f 1038/1/1202 1728/1/1202 1730/1/1202
f 1728/1/1201 1038/1/1201 1037/1/1201
f 1037/1/1201 1729/1/1201 1728/1/1201
f 1729/1/1524 1037/1/1524 1036/1/1524
f 1036/1/1525 1732/1/1525 1729/1/1525
f 1733/1/1198 1724/1/1198 1729/1/1198
f 1729/1/1198 1732/1/1198 1733/1/1198
f 1724/1/1197 1733/1/1197 1731/1/1197
f 1731/1/1197 1725/1/1197 1724/1/1197
f 1734/1/1526 1735/1/1526 1736/1/1526
f 1736/1/1526 1737/1/1526 1734/1/1526
f 1738/1/1527 1739/1/1527 1735/1/1527
f 1735/1/1527 1734/1/1527 1738/1/1527
f 1735/1/1528 1740/1/1528 1741/1/1528
f 1741/1/1529 1736/1/1529 1735/1/1529
f 1742/1/1530 1740/1/1530 1735/1/1530
f 1735/1/1530 1739/1/1530 1742/1/1530
f 1719/1/1531 306/1/1531 328/1/1531
f 328/1/1532 1737/1/1532 1719/1/1532
f 1737/1/1533 328/1/1533 327/1/1533
f 327/1/1533 1734/1/1533 1737/1/1533
f 1738/1/1534 1734/1/1534 327/1/1534
f 327/1/1534 325/1/1534 1738/1/1534
f 1738/1/1535 325/1/1535 326/1/1535
f 326/1/1535 1743/1/1535 1738/1/1535
f 1743/1/1536 1744/1/1536 1739/1/1536
f 1739/1/1536 1738/1/1536 1743/1/1536
f 1742/1/1537 1739/1/1537 1744/1/1537
f 1744/1/1537 1745/1/1537 1742/1/1537
f 943/1/1538 942/1/1538 1742/1/1538
f 1742/1/1539 1745/1/1539 943/1/1539
f 1742/1/1540 942/1/1540 941/1/1540
f 941/1/1540 1740/1/1540 1742/1/1540
f 941/1/1541 940/1/1541 1741/1/1541
f 1741/1/1541 1740/1/1541 941/1/1541
f 940/1/1542 923/1/1542 1721/1/1542
f 1721/1/1542 1741/1/1542 940/1/1542
f 1720/1/1543 1736/1/1543 1741/1/1543
f 1741/1/1544 1721/1/1544 1720/1/1544
f 1736/1/1545 1720/1/1545 1719/1/1545
f 1719/1/1545 1737/1/1545 1736/1/1545
f 1746/1/1232 1747/1/1232 1748/1/1232
f 1748/1/1232 1749/1/1232 1746/1/1232
f 1750/1/1546 1751/1/1546 1747/1/1546
f 1747/1/1547 1746/1/1547 1750/1/1547
f 1747/1/1235 1752/1/1235 1753/1/1235
f 1753/1/1235 1748/1/1235 1747/1/1235
f 1751/1/1548 1754/1/1548 1752/1/1548
f 1752/1/1234 1747/1/1234 1751/1/1234
f 1749/1/1549 1755/1/1549 441/1/1549
f 441/1/1241 440/1/1241 1749/1/1241
f 450/1/1550 1746/1/1550 1749/1/1550
f 1749/1/1240 440/1/1240 450/1/1240
f 450/1/1237 449/1/1237 1750/1/1237
f 1750/1/1237 1746/1/1237 450/1/1237
f 449/1/1551 421/1/1551 1731/1/1551
f 1731/1/1552 1750/1/1552 449/1/1552
f 1751/1/1251 1750/1/1251 1731/1/1251
f 1731/1/1251 1733/1/1251 1751/1/1251
f 1732/1/1249 1754/1/1249 1751/1/1249
f 1751/1/1249 1733/1/1249 1732/1/1249
f 1732/1/1553 1036/1/1553 1059/1/1553
f 1059/1/1554 1754/1/1554 1732/1/1554
f 1754/1/1555 1059/1/1555 1058/1/1555
f 1058/1/1246 1752/1/1246 1754/1/1246
f 1752/1/1245 1058/1/1245 1057/1/1245
f 1057/1/1245 1753/1/1245 1752/1/1245
f 1753/1/1244 1057/1/1244 1056/1/1244
f 1056/1/1244 1756/1/1244 1753/1/1244
f 1757/1/1556 1748/1/1556 1753/1/1556
f 1753/1/1556 1756/1/1556 1757/1/1556
f 1748/1/1242 1757/1/1242 1755/1/1242
f 1755/1/1242 1749/1/1242 1748/1/1242
f 1758/1/924 1759/1/924 1760/1/924
f 1760/1/924 1761/1/924 1758/1/924
f 1762/1/923 1763/1/923 1759/1/923
f 1759/1/923 1758/1/923 1762/1/923
f 1759/1/1557 1764/1/1557 1765/1/1557
f 1765/1/928 1760/1/928 1759/1/928
f 1766/1/1558 1764/1/1558 1759/1/1558
f 1759/1/926 1763/1/926 1766/1/926
f 1743/1/933 326/1/933 348/1/933
f 348/1/933 1761/1/933 1743/1/933
f 1761/1/932 348/1/932 347/1/932
f 347/1/932 1758/1/932 1761/1/932
f 1762/1/1559 1758/1/1559 347/1/1559
f 347/1/931 345/1/931 1762/1/931
f 1762/1/930 345/1/930 346/1/930
f 346/1/930 1767/1/930 1762/1/930
f 1767/1/946 1768/1/946 1763/1/946
f 1763/1/946 1762/1/946 1767/1/946
f 1766/1/945 1763/1/945 1768/1/945
f 1768/1/945 1769/1/945 1766/1/945
f 963/1/943 962/1/943 1766/1/943
f 1766/1/943 1769/1/943 963/1/943
f 1766/1/941 962/1/941 961/1/941
f 961/1/941 1764/1/941 1766/1/941
f 961/1/1560 960/1/1560 1765/1/1560
f 1765/1/1560 1764/1/1560 961/1/1560
f 960/1/938 943/1/938 1745/1/938
f 1745/1/1561 1765/1/1561 960/1/1561
f 1744/1/1562 1760/1/1562 1765/1/1562
f 1765/1/1563 1745/1/1563 1744/1/1563
f 1743/1/935 1761/1/935 1760/1/935
f 1760/1/935 1744/1/935 1743/1/935
f 1770/1/1564 1771/1/1564 1772/1/1564
f 1772/1/1285 1773/1/1285 1770/1/1285
f 1774/1/1565 1775/1/1565 1771/1/1565
f 1771/1/1565 1770/1/1565 1774/1/1565
f 1771/1/1289 1776/1/1289 1777/1/1289
f 1777/1/1289 1772/1/1289 1771/1/1289
f 1775/1/1287 1778/1/1287 1776/1/1287
f 1776/1/1288 1771/1/1288 1775/1/1288
f 1773/1/1566 1779/1/1566 461/1/1566
f 461/1/1567 460/1/1567 1773/1/1567
f 470/1/1295 1770/1/1295 1773/1/1295
f 1773/1/1295 460/1/1295 470/1/1295
f 470/1/1293 469/1/1293 1774/1/1293
f 1774/1/1293 1770/1/1293 470/1/1293
f 469/1/1568 441/1/1568 1755/1/1568
f 1755/1/1569 1774/1/1569 469/1/1569
f 1775/1/1570 1774/1/1570 1755/1/1570
f 1755/1/1570 1757/1/1570 1775/1/1570
f 1756/1/1306 1778/1/1306 1775/1/1306
f 1775/1/1306 1757/1/1306 1756/1/1306
f 1756/1/1305 1056/1/1305 1079/1/1305
f 1079/1/1571 1778/1/1571 1756/1/1571
f 1778/1/1303 1079/1/1303 1078/1/1303
f 1078/1/1303 1776/1/1303 1778/1/1303
f 1776/1/1302 1078/1/1302 1077/1/1302
f 1077/1/1302 1777/1/1302 1776/1/1302
f 1777/1/1300 1077/1/1300 1076/1/1300
f 1076/1/1300 1780/1/1300 1777/1/1300
f 1781/1/1299 1772/1/1299 1777/1/1299
f 1777/1/1299 1780/1/1299 1781/1/1299
f 1772/1/1298 1781/1/1298 1779/1/1298
f 1779/1/1298 1773/1/1298 1772/1/1298
f 1782/1/1572 1783/1/1572 1784/1/1572
f 1784/1/1573 1785/1/1573 1782/1/1573
f 1786/1/1574 1787/1/1574 1783/1/1574
f 1783/1/1574 1782/1/1574 1786/1/1574
f 1783/1/1575 1788/1/1575 1789/1/1575
f 1789/1/1575 1784/1/1575 1783/1/1575
f 1790/1/1576 1788/1/1576 1783/1/1576
f 1783/1/1577 1787/1/1577 1790/1/1577
f 1767/1/1578 346/1/1578 368/1/1578
f 368/1/1578 1785/1/1578 1767/1/1578
f 1785/1/1579 368/1/1579 367/1/1579
f 367/1/1579 1782/1/1579 1785/1/1579
f 1786/1/1580 1782/1/1580 367/1/1580
f 367/1/1581 365/1/1581 1786/1/1581
f 1786/1/1582 365/1/1582 366/1/1582
f 366/1/1582 1791/1/1582 1786/1/1582
f 1791/1/1583 1792/1/1583 1787/1/1583
f 1787/1/1584 1786/1/1584 1791/1/1584
f 1790/1/1585 1787/1/1585 1792/1/1585
f 1792/1/1586 1793/1/1586 1790/1/1586
f 983/1/1587 982/1/1587 1790/1/1587
f 1790/1/1588 1793/1/1588 983/1/1588
f 1790/1/1589 982/1/1589 981/1/1589
f 981/1/1589 1788/1/1589 1790/1/1589
f 981/1/1590 980/1/1590 1789/1/1590
f 1789/1/1590 1788/1/1590 981/1/1590
f 980/1/1591 963/1/1591 1769/1/1591
f 1769/1/1591 1789/1/1591 980/1/1591
f 1768/1/1592 1784/1/1592 1789/1/1592
f 1789/1/1592 1769/1/1592 1768/1/1592
f 1767/1/1593 1785/1/1593 1784/1/1593
f 1784/1/1593 1768/1/1593 1767/1/1593
f 1794/1/1312 1795/1/1312 1796/1/1312
f 1796/1/1312 1797/1/1312 1794/1/1312
f 1798/1/1311 1799/1/1311 1795/1/1311
f 1795/1/1594 1794/1/1594 1798/1/1594
f 1795/1/1315 1800/1/1315 1801/1/1315
f 1801/1/1315 1796/1/1315 1795/1/1315
f 1799/1/1314 1802/1/1314 1800/1/1314
f 1800/1/1314 1795/1/1314 1799/1/1314
f 1797/1/1595 1803/1/1595 481/1/1595
f 481/1/1320 480/1/1320 1797/1/1320
f 490/1/1319 1794/1/1319 1797/1/1319
f 1797/1/1319 480/1/1319 490/1/1319
f 490/1/1317 489/1/1317 1798/1/1317
f 1798/1/1317 1794/1/1317 490/1/1317
f 489/1/1316 461/1/1316 1779/1/1316
f 1779/1/1316 1798/1/1316 489/1/1316
f 1799/1/1330 1798/1/1330 1779/1/1330
f 1779/1/1330 1781/1/1330 1799/1/1330
f 1780/1/1329 1802/1/1329 1799/1/1329
f 1799/1/1329 1781/1/1329 1780/1/1329
f 1780/1/1596 1076/1/1596 1099/1/1596
f 1099/1/1596 1802/1/1596 1780/1/1596
f 1802/1/1597 1099/1/1597 1098/1/1597
f 1098/1/1597 1800/1/1597 1802/1/1597
f 1800/1/1325 1098/1/1325 1097/1/1325
f 1097/1/1325 1801/1/1325 1800/1/1325
f 1801/1/1324 1097/1/1324 1096/1/1324
f 1096/1/1324 1804/1/1324 1801/1/1324
f 1801/1/1598 1804/1/1598 1805/1/1598
f 1805/1/1323 1796/1/1323 1801/1/1323
f 1796/1/1599 1805/1/1599 1803/1/1599
f 1803/1/1321 1797/1/1321 1796/1/1321
f 1806/1/1600 1807/1/1600 1808/1/1600
f 1808/1/1600 1809/1/1600 1806/1/1600
f 1810/1/1601 1811/1/1601 1807/1/1601
f 1807/1/1601 1806/1/1601 1810/1/1601
f 1807/1/1602 1812/1/1602 1813/1/1602
f 1813/1/1602 1808/1/1602 1807/1/1602
f 1814/1/1603 1812/1/1603 1807/1/1603
f 1807/1/1603 1811/1/1603 1814/1/1603
f 1791/1/1604 366/1/1604 388/1/1604
f 388/1/1604 1809/1/1604 1791/1/1604
f 1809/1/1605 388/1/1605 387/1/1605
f 387/1/1606 1806/1/1606 1809/1/1606
f 1810/1/1607 1806/1/1607 387/1/1607
f 387/1/1608 385/1/1608 1810/1/1608
f 1810/1/1609 385/1/1609 386/1/1609
f 386/1/1610 1815/1/1610 1810/1/1610
f 1815/1/1611 1816/1/1611 1811/1/1611
f 1811/1/1611 1810/1/1611 1815/1/1611
f 1814/1/1612 1811/1/1612 1816/1/1612
f 1816/1/1612 1817/1/1612 1814/1/1612
f 1003/1/1613 1002/1/1613 1814/1/1613
f 1814/1/1613 1817/1/1613 1003/1/1613
f 1814/1/1614 1002/1/1614 1001/1/1614
f 1001/1/1615 1812/1/1615 1814/1/1615
f 1001/1/1616 1000/1/1616 1813/1/1616
f 1813/1/1616 1812/1/1616 1001/1/1616
f 1000/1/1617 983/1/1617 1793/1/1617
f 1793/1/1617 1813/1/1617 1000/1/1617
f 1792/1/1618 1808/1/1618 1813/1/1618
f 1813/1/1618 1793/1/1618 1792/1/1618
f 1808/1/1619 1792/1/1619 1791/1/1619
f 1791/1/1619 1809/1/1619 1808/1/1619
f 1818/1/1333 1819/1/1333 1820/1/1333
f 1820/1/1333 1821/1/1333 1818/1/1333
f 1822/1/1332 1823/1/1332 1819/1/1332
f 1819/1/1332 1818/1/1332 1822/1/1332
f 1819/1/1336 1824/1/1336 1825/1/1336
f 1825/1/1336 1820/1/1336 1819/1/1336
f 1823/1/1620 1826/1/1620 1824/1/1620
f 1824/1/1620 1819/1/1620 1823/1/1620
f 1821/1/1342 1827/1/1342 501/1/1342
f 501/1/1342 500/1/1342 1821/1/1342
f 510/1/1340 1818/1/1340 1821/1/1340
f 1821/1/1340 500/1/1340 510/1/1340
f 510/1/1621 509/1/1621 1822/1/1621
f 1822/1/1339 1818/1/1339 510/1/1339
f 509/1/1338 481/1/1338 1803/1/1338
f 1803/1/1622 1822/1/1622 509/1/1622
f 1823/1/1353 1822/1/1353 1803/1/1353
f 1803/1/1353 1805/1/1353 1823/1/1353
f 1804/1/1351 1826/1/1623 1823/1/1351
f 1823/1/1351 1805/1/1351 1804/1/1351
f 1804/1/1350 1096/1/1350 1119/1/1350
f 1119/1/1350 1826/1/1350 1804/1/1350
f 1826/1/1349 1119/1/1349 1118/1/1349
f 1118/1/1349 1824/1/1349 1826/1/1349
f 1824/1/1347 1118/1/1347 1117/1/1347
f 1117/1/1347 1825/1/1347 1824/1/1347
f 1825/1/1624 1117/1/1624 1116/1/1624
f 1116/1/1624 1828/1/1624 1825/1/1624
f 1825/1/1344 1828/1/1344 1829/1/1344
f 1829/1/1344 1820/1/1344 1825/1/1344
f 1820/1/1343 1829/1/1343 1827/1/1343
f 1827/1/1343 1821/1/1343 1820/1/1343
f 1830/1/1625 1831/1/1625 1832/1/1625
f 1832/1/1626 1833/1/1626 1830/1/1626
f 1834/1/1627 1835/1/1627 1831/1/1627
f 1831/1/1628 1830/1/1628 1834/1/1628
f 1831/1/1629 1836/1/1629 1837/1/1629
f 1837/1/1629 1832/1/1629 1831/1/1629
f 1838/1/1630 1836/1/1630 1831/1/1630
f 1831/1/1631 1835/1/1631 1838/1/1631
f 1815/1/1632 386/1/1632 408/1/1632
f 408/1/1633 1833/1/1633 1815/1/1633
f 1833/1/1634 408/1/1634 407/1/1634
f 407/1/1634 1830/1/1634 1833/1/1634
f 1834/1/1635 1830/1/1635 407/1/1635
f 407/1/1635 405/1/1635 1834/1/1635
f 1834/1/1636 405/1/1636 406/1/1636
f 406/1/1637 1839/1/1637 1834/1/1637
f 1839/1/1638 1840/1/1638 1835/1/1638
f 1835/1/1639 1834/1/1639 1839/1/1639
f 1838/1/1640 1835/1/1640 1840/1/1640
f 1840/1/1640 1841/1/1640 1838/1/1640
f 1023/1/1641 1022/1/1641 1838/1/1641
f 1838/1/1642 1841/1/1642 1023/1/1642
f 1838/1/1643 1022/1/1643 1021/1/1643
f 1021/1/1643 1836/1/1643 1838/1/1643
f 1021/1/1644 1020/1/1644 1837/1/1644
f 1837/1/1645 1836/1/1645 1021/1/1645
f 1020/1/1646 1003/1/1646 1817/1/1646
f 1817/1/1647 1837/1/1647 1020/1/1647
f 1816/1/1648 1832/1/1648 1837/1/1648
f 1837/1/1648 1817/1/1648 1816/1/1648
f 1815/1/1649 1833/1/1649 1832/1/1649
f 1832/1/1649 1816/1/1649 1815/1/1649
f 1842/1/1360 1843/1/1360 1844/1/1360
f 1844/1/1360 1845/1/1360 1842/1/1360
f 1846/1/1359 1847/1/1359 1843/1/1359
f 1843/1/1359 1842/1/1359 1846/1/1359
f 1843/1/1362 1848/1/1362 1849/1/1362
f 1849/1/1362 1844/1/1362 1843/1/1362
f 1847/1/1361 1850/1/1361 1848/1/1361
f 1848/1/1361 1843/1/1361 1847/1/1361
f 1845/1/1367 1851/1/1367 521/1/1367
f 521/1/1650 520/1/1650 1845/1/1650
f 530/1/1366 1842/1/1366 1845/1/1366
f 1845/1/1651 520/1/1651 530/1/1651
f 530/1/1365 529/1/1365 1846/1/1365
f 1846/1/1365 1842/1/1365 530/1/1365
f 529/1/1363 501/1/1363 1827/1/1363
f 1827/1/1363 1846/1/1363 529/1/1363
f 1847/1/1379 1846/1/1379 1827/1/1379
f 1827/1/1379 1829/1/1379 1847/1/1379
f 1828/1/1378 1850/1/1378 1847/1/1378
f 1847/1/1378 1829/1/1378 1828/1/1378
f 1828/1/1652 1116/1/1652 1139/1/1652
f 1139/1/1652 1850/1/1652 1828/1/1652
f 1850/1/1374 1139/1/1374 1138/1/1374
f 1138/1/1374 1848/1/1374 1850/1/1374
f 1848/1/1372 1138/1/1372 1137/1/1372
f 1137/1/1372 1849/1/1372 1848/1/1372
f 1849/1/1371 1137/1/1371 1136/1/1371
f 1136/1/1653 1852/1/1653 1849/1/1653
f 1853/1/1370 1844/1/1370 1849/1/1370
f 1849/1/1370 1852/1/1370 1853/1/1370
f 1844/1/1369 1853/1/1369 1851/1/1369
f 1851/1/1369 1845/1/1369 1844/1/1369
f 1854/1/1654 1855/1/1654 1856/1/1654
f 1856/1/1655 1857/1/1655 1854/1/1655
f 1858/1/1656 1859/1/1656 1855/1/1656
f 1855/1/1656 1854/1/1656 1858/1/1656
f 1855/1/1657 1860/1/1657 1861/1/1657
f 1861/1/1657 1856/1/1657 1855/1/1657
f 1862/1/1658 1860/1/1658 1855/1/1658
f 1855/1/1658 1859/1/1658 1862/1/1658
f 1839/1/1659 406/1/1659 428/1/1659
f 428/1/1659 1857/1/1659 1839/1/1659
f 1857/1/1660 428/1/1660 427/1/1660
f 427/1/1660 1854/1/1660 1857/1/1660
f 1858/1/1661 1854/1/1661 427/1/1661
f 427/1/1661 425/1/1661 1858/1/1661
f 1858/1/1662 425/1/1662 426/1/1662
f 426/1/1662 1863/1/1662 1858/1/1662
f 1863/1/1663 1864/1/1663 1859/1/1663
f 1859/1/1663 1858/1/1663 1863/1/1663
f 1862/1/1664 1859/1/1664 1864/1/1664
f 1864/1/1664 1865/1/1664 1862/1/1664
f 1043/1/1665 1042/1/1665 1862/1/1665
f 1862/1/1665 1865/1/1665 1043/1/1665
f 1862/1/1666 1042/1/1666 1041/1/1666
f 1041/1/1666 1860/1/1666 1862/1/1666
f 1041/1/1667 1040/1/1667 1861/1/1667
f 1861/1/1667 1860/1/1667 1041/1/1667
f 1040/1/1668 1023/1/1668 1841/1/1668
f 1841/1/1668 1861/1/1668 1040/1/1668
f 1840/1/1669 1856/1/1669 1861/1/1669
f 1861/1/1669 1841/1/1669 1840/1/1669
f 1839/1/1670 1857/1/1670 1856/1/1670
f 1856/1/1670 1840/1/1670 1839/1/1670
f 1866/1/1387 1867/1/1387 1868/1/1387
f 1868/1/1387 1869/1/1387 1866/1/1387
f 1870/1/1385 1871/1/1385 1867/1/1385
f 1867/1/1385 1866/1/1385 1870/1/1385
f 1867/1/1671 1872/1/1671 1873/1/1671
f 1873/1/1390 1868/1/1390 1867/1/1390
f 1871/1/1672 1874/1/1672 1872/1/1672
f 1872/1/1388 1867/1/1388 1871/1/1388
f 1869/1/1395 1875/1/1395 541/1/1395
f 541/1/1395 540/1/1395 1869/1/1395
f 550/1/1394 1866/1/1394 1869/1/1394
f 1869/1/1394 540/1/1394 550/1/1394
f 550/1/1392 549/1/1392 1870/1/1392
f 1870/1/1673 1866/1/1673 550/1/1673
f 549/1/1391 521/1/1391 1851/1/1391
f 1851/1/1391 1870/1/1391 549/1/1391
f 1871/1/1406 1870/1/1406 1851/1/1406
f 1851/1/1406 1853/1/1406 1871/1/1406
f 1852/1/1405 1874/1/1405 1871/1/1405
f 1871/1/1405 1853/1/1405 1852/1/1405
f 1852/1/1403 1136/1/1403 1159/1/1403
f 1159/1/1403 1874/1/1403 1852/1/1403
f 1874/1/1401 1159/1/1401 1158/1/1401
f 1158/1/1401 1872/1/1401 1874/1/1401
f 1872/1/1674 1158/1/1674 1157/1/1674
f 1157/1/1674 1873/1/1674 1872/1/1674
f 1873/1/1398 1157/1/1398 1156/1/1398
f 1156/1/1398 1876/1/1398 1873/1/1398
f 1877/1/1397 1868/1/1397 1873/1/1397
f 1873/1/1397 1876/1/1397 1877/1/1397
f 1868/1/1396 1877/1/1396 1875/1/1396
f 1875/1/1396 1869/1/1396 1868/1/1396
f 1878/1/1675 1879/1/1675 1880/1/1675
f 1880/1/1675 1881/1/1675 1878/1/1675
f 1882/1/1676 1883/1/1676 1879/1/1676
f 1879/1/1676 1878/1/1676 1882/1/1676
f 1879/1/1677 1884/1/1677 1885/1/1677
f 1885/1/1678 1880/1/1678 1879/1/1678
f 1886/1/1679 1884/1/1679 1879/1/1679
f 1879/1/1679 1883/1/1679 1886/1/1679
f 1863/1/1680 426/1/1680 448/1/1680
f 448/1/1681 1881/1/1681 1863/1/1681
f 1881/1/1682 448/1/1682 447/1/1682
f 447/1/1683 1878/1/1683 1881/1/1683
f 1882/1/1684 1878/1/1684 447/1/1684
f 447/1/1684 445/1/1684 1882/1/1684
f 1882/1/1685 445/1/1685 446/1/1685
f 446/1/1685 1887/1/1685 1882/1/1685
f 1887/1/1686 1888/1/1686 1883/1/1686
f 1883/1/1686 1882/1/1686 1887/1/1686
f 1886/1/1687 1883/1/1687 1888/1/1687
f 1888/1/1687 1889/1/1687 1886/1/1687
f 1063/1/1688 1062/1/1688 1886/1/1688
f 1886/1/1689 1889/1/1690 1063/1/1689
f 1886/1/1691 1062/1/1691 1061/1/1691
f 1061/1/1691 1884/1/1691 1886/1/1691
f 1061/1/1692 1060/1/1692 1885/1/1692
f 1885/1/1693 1884/1/1693 1061/1/1693
f 1060/1/1694 1043/1/1694 1865/1/1694
f 1865/1/1695 1885/1/1695 1060/1/1695
f 1864/1/1696 1880/1/1696 1885/1/1696
f 1885/1/1697 1865/1/1697 1864/1/1697
f 1880/1/1698 1864/1/1698 1863/1/1698
f 1863/1/1698 1881/1/1698 1880/1/1698
f 1890/1/1413 1891/1/1413 1892/1/1413
f 1892/1/1413 1893/1/1413 1890/1/1413
f 1894/1/1699 1895/1/1699 1891/1/1699
f 1891/1/1412 1890/1/1412 1894/1/1412
f 1891/1/1700 1896/1/1700 1897/1/1700
f 1897/1/1700 1892/1/1700 1891/1/1700
f 1895/1/1701 1898/1/1701 1896/1/1701
f 1896/1/1702 1891/1/1702 1895/1/1702
f 1893/1/1423 1899/1/1423 561/1/1423
f 561/1/1423 560/1/1423 1893/1/1423
f 570/1/1421 1890/1/1421 1893/1/1421
f 1893/1/1421 560/1/1421 570/1/1421
f 570/1/1420 569/1/1420 1894/1/1420
f 1894/1/1420 1890/1/1420 570/1/1420
f 569/1/1418 541/1/1418 1875/1/1418
f 1875/1/1703 1894/1/1703 569/1/1703
f 1895/1/1432 1894/1/1432 1875/1/1432
f 1875/1/1432 1877/1/1432 1895/1/1432
f 1876/1/1431 1898/1/1431 1895/1/1431
f 1895/1/1431 1877/1/1431 1876/1/1431
f 1876/1/1430 1156/1/1430 1179/1/1430
f 1179/1/1430 1898/1/1430 1876/1/1430
f 1898/1/1429 1179/1/1429 1178/1/1429
f 1178/1/1429 1896/1/1429 1898/1/1429
f 1896/1/1428 1178/1/1428 1177/1/1428
f 1177/1/1428 1897/1/1428 1896/1/1428
f 1897/1/1704 1177/1/1704 1176/1/1704
f 1176/1/1705 1900/1/1705 1897/1/1705
f 1897/1/1425 1900/1/1425 1901/1/1425
f 1901/1/1425 1892/1/1425 1897/1/1425
f 1892/1/1424 1901/1/1424 1899/1/1424
f 1899/1/1706 1893/1/1706 1892/1/1706
f 1902/1/1574 1903/1/1574 1904/1/1574
f 1904/1/1574 1905/1/1574 1902/1/1574
f 1906/1/1573 1907/1/1573 1903/1/1573
f 1903/1/1707 1902/1/1707 1906/1/1707
f 1903/1/1576 1908/1/1576 1909/1/1576
f 1909/1/1576 1904/1/1576 1903/1/1576
f 1903/1/1575 1907/1/1575 1910/1/1575
f 1910/1/1575 1908/1/1575 1903/1/1575
f 1905/1/1708 1911/1/1708 37/1/1708
f 37/1/1582 36/1/1582 1905/1/1582
f 1905/1/1580 36/1/1580 50/1/1580
f 50/1/1709 1902/1/1709 1905/1/1709
f 48/1/1579 1906/1/1579 1902/1/1579
f 1902/1/1579 50/1/1579 48/1/1579
f 1305/1/1710 1906/1/1710 48/1/1710
f 48/1/1578 49/1/1578 1305/1/1578
f 1906/1/1593 1305/1/1593 1310/1/1593
f 1310/1/1593 1907/1/1593 1906/1/1593
f 1907/1/1592 1310/1/1592 1309/1/1592
f 1309/1/1592 1910/1/1592 1907/1/1592
f 15/1/1591 14/1/1591 1910/1/1591
f 1910/1/1591 1309/1/1591 15/1/1591
f 1910/1/1590 14/1/1590 13/1/1590
f 13/1/1590 1908/1/1590 1910/1/1590
f 1909/1/1589 1908/1/1589 13/1/1589
f 13/1/1589 12/1/1589 1909/1/1589
f 12/1/1711 11/1/1711 1912/1/1711
f 1912/1/1711 1909/1/1711 12/1/1711
f 1904/1/1585 1909/1/1585 1912/1/1585
f 1912/1/1585 1913/1/1585 1904/1/1585
f 1904/1/1712 1913/1/1712 1911/1/1712
f 1911/1/1713 1905/1/1713 1904/1/1713
f 1914/1/951 1915/1/951 1916/1/951
f 1916/1/951 1917/1/951 1914/1/951
f 1918/1/1714 1919/1/1714 1915/1/1714
f 1915/1/1714 1914/1/1714 1918/1/1714
f 1915/1/1715 1920/1/1715 1921/1/1715
f 1921/1/1715 1916/1/1715 1915/1/1715
f 1922/1/1716 1920/1/1716 1915/1/1716
f 1915/1/952 1919/1/952 1922/1/952
f 1887/1/958 446/1/958 468/1/958
f 468/1/958 1917/1/958 1887/1/958
f 1917/1/957 468/1/957 467/1/957
f 467/1/957 1914/1/957 1917/1/957
f 1918/1/956 1914/1/956 467/1/956
f 467/1/956 465/1/956 1918/1/956
f 1923/1/955 1918/1/955 465/1/955
f 465/1/1717 466/1/1717 1923/1/1717
f 1923/1/968 1924/1/968 1919/1/968
f 1919/1/968 1918/1/968 1923/1/968
f 1922/1/966 1919/1/966 1924/1/966
f 1924/1/966 1925/1/966 1922/1/966
f 1922/1/965 1925/1/965 1083/1/965
f 1083/1/1718 1082/1/1718 1922/1/1718
f 1922/1/964 1082/1/964 1081/1/964
f 1081/1/964 1920/1/964 1922/1/964
f 1081/1/963 1080/1/963 1921/1/963
f 1921/1/963 1920/1/963 1081/1/963
f 1080/1/962 1063/1/962 1889/1/962
f 1889/1/1719 1921/1/1719 1080/1/1719
f 1889/1/960 1888/1/960 1916/1/960
f 1916/1/1720 1921/1/1720 1889/1/1720
f 1887/1/959 1917/1/959 1916/1/959
f 1916/1/959 1888/1/959 1887/1/959
f 1926/1/1721 1927/1/1721 1928/1/1721
f 1928/1/1440 1929/1/1440 1926/1/1440
f 1930/1/1437 1931/1/1437 1927/1/1437
f 1927/1/1437 1926/1/1437 1930/1/1437
f 1927/1/1722 1932/1/1722 1933/1/1722
f 1933/1/1443 1928/1/1443 1927/1/1443
f 1931/1/1441 1934/1/1441 1932/1/1441
f 1932/1/1441 1927/1/1441 1931/1/1441
f 1929/1/1447 1935/1/1447 581/1/1447
f 581/1/1723 580/1/1723 1929/1/1723
f 590/1/1446 1926/1/1446 1929/1/1446
f 1929/1/1446 580/1/1446 590/1/1446
f 590/1/1445 589/1/1445 1930/1/1445
f 1930/1/1445 1926/1/1445 590/1/1445
f 589/1/1444 561/1/1444 1899/1/1444
f 1899/1/1444 1930/1/1444 589/1/1444
f 1931/1/1460 1930/1/1460 1899/1/1460
f 1899/1/1460 1901/1/1460 1931/1/1460
f 1900/1/1459 1934/1/1459 1931/1/1459
f 1931/1/1459 1901/1/1459 1900/1/1459
f 1900/1/1458 1176/1/1458 1199/1/1458
f 1199/1/1458 1934/1/1458 1900/1/1458
f 1934/1/1456 1199/1/1456 1198/1/1456
f 1198/1/1456 1932/1/1456 1934/1/1456
f 1932/1/1455 1198/1/1455 1197/1/1455
f 1197/1/1724 1933/1/1724 1932/1/1724
f 1197/1/1452 1196/1/1452 1936/1/1452
f 1936/1/1725 1933/1/1725 1197/1/1725
f 1928/1/1450 1933/1/1450 1936/1/1450
f 1936/1/1450 1937/1/1450 1928/1/1450
f 1929/1/1726 1928/1/1726 1937/1/1726
f 1937/1/1449 1935/1/1449 1929/1/1449
f 1938/1/1601 1939/1/1601 1940/1/1601
f 1940/1/1601 1941/1/1601 1938/1/1601
f 1942/1/1600 1943/1/1600 1939/1/1600
f 1939/1/1600 1938/1/1600 1942/1/1600
f 1939/1/1603 1944/1/1603 1945/1/1603
f 1945/1/1603 1940/1/1603 1939/1/1603
f 1939/1/1602 1943/1/1602 1946/1/1602
f 1946/1/1602 1944/1/1602 1939/1/1602
f 61/1/1610 60/1/1610 1941/1/1610
f 1941/1/1610 1947/1/1610 61/1/1610
f 1941/1/1608 60/1/1608 70/1/1608
f 70/1/1608 1938/1/1608 1941/1/1608
f 70/1/1605 69/1/1605 1942/1/1605
f 1942/1/1605 1938/1/1605 70/1/1605
f 1942/1/1727 69/1/1727 37/1/1727
f 37/1/1604 1911/1/1604 1942/1/1604
f 1913/1/1619 1943/1/1619 1942/1/1619
f 1942/1/1619 1911/1/1619 1913/1/1619
f 1912/1/1618 1946/1/1618 1943/1/1618
f 1943/1/1728 1913/1/1728 1912/1/1728
f 11/1/1729 679/1/1729 1946/1/1729
f 1946/1/1617 1912/1/1617 11/1/1617
f 1946/1/1616 679/1/1616 678/1/1616
f 678/1/1616 1944/1/1616 1946/1/1616
f 1945/1/1615 1944/1/1615 678/1/1615
f 678/1/1615 675/1/1615 1945/1/1615
f 675/1/1613 677/1/1613 1948/1/1613
f 1948/1/1613 1945/1/1613 675/1/1613
f 1940/1/1730 1945/1/1730 1948/1/1730
f 1948/1/1612 1949/1/1612 1940/1/1612
f 1940/1/1611 1949/1/1611 1947/1/1611
f 1947/1/1731 1941/1/1731 1940/1/1731
f 1950/1/1732 1951/1/1732 1952/1/1732
f 1952/1/1732 1953/1/1732 1950/1/1732
f 1954/1/1017 1955/1/1017 1951/1/1017
f 1951/1/1017 1950/1/1017 1954/1/1017
f 1951/1/1733 1956/1/1733 1957/1/1733
f 1957/1/1733 1952/1/1733 1951/1/1733
f 1958/1/1020 1956/1/1020 1951/1/1020
f 1951/1/1020 1955/1/1020 1958/1/1020
f 1923/1/1027 466/1/1027 488/1/1027
f 488/1/1027 1953/1/1027 1923/1/1027
f 1953/1/1026 488/1/1026 487/1/1026
f 487/1/1026 1950/1/1026 1953/1/1026
f 1954/1/1025 1950/1/1025 487/1/1025
f 487/1/1025 485/1/1025 1954/1/1025
f 1959/1/1024 1954/1/1024 485/1/1024
f 485/1/1024 486/1/1024 1959/1/1024
f 1959/1/1039 1960/1/1039 1955/1/1039
f 1955/1/1039 1954/1/1039 1959/1/1039
f 1958/1/1037 1955/1/1037 1960/1/1037
f 1960/1/1038 1961/1/1038 1958/1/1038
f 1958/1/1036 1961/1/1036 1103/1/1036
f 1103/1/1036 1102/1/1036 1958/1/1036
f 1958/1/1034 1102/1/1034 1101/1/1034
f 1101/1/1034 1956/1/1034 1958/1/1034
f 1101/1/1032 1100/1/1032 1957/1/1032
f 1957/1/1032 1956/1/1032 1101/1/1032
f 1100/1/1030 1083/1/1030 1925/1/1030
f 1925/1/1030 1957/1/1030 1100/1/1030
f 1952/1/1029 1957/1/1029 1925/1/1029
f 1925/1/1029 1924/1/1029 1952/1/1029
f 1953/1/1028 1952/1/1028 1924/1/1028
f 1924/1/1028 1923/1/1028 1953/1/1028
f 1962/1/1469 1963/1/1469 1964/1/1469
f 1964/1/1469 1965/1/1469 1962/1/1469
f 1966/1/1467 1967/1/1467 1963/1/1467
f 1963/1/1467 1962/1/1467 1966/1/1467
f 1963/1/1473 1968/1/1473 1969/1/1473
f 1969/1/1473 1964/1/1473 1963/1/1473
f 1967/1/1734 1970/1/1734 1968/1/1734
f 1968/1/1734 1963/1/1734 1967/1/1734
f 1965/1/1477 1971/1/1477 601/1/1477
f 601/1/1477 600/1/1477 1965/1/1477
f 610/1/1476 1962/1/1476 1965/1/1476
f 1965/1/1735 600/1/1735 610/1/1735
f 610/1/1475 609/1/1475 1966/1/1475
f 1966/1/1475 1962/1/1475 610/1/1475
f 609/1/1474 581/1/1474 1935/1/1474
f 1935/1/1736 1966/1/1736 609/1/1736
f 1966/1/1488 1935/1/1488 1937/1/1488
f 1937/1/1488 1967/1/1488 1966/1/1488
f 1936/1/1487 1970/1/1487 1967/1/1487
f 1967/1/1487 1937/1/1487 1936/1/1487
f 1219/1/1737 1970/1/1737 1936/1/1737
f 1936/1/1738 1196/1/1738 1219/1/1738
f 1970/1/1483 1219/1/1483 1218/1/1483
f 1218/1/1483 1968/1/1483 1970/1/1483
f 1968/1/1739 1218/1/1739 1217/1/1739
f 1217/1/1740 1969/1/1740 1968/1/1740
f 1217/1/1481 1216/1/1481 1972/1/1481
f 1972/1/1481 1969/1/1481 1217/1/1481
f 1964/1/1741 1969/1/1741 1972/1/1741
f 1972/1/1741 1973/1/1741 1964/1/1741
f 1965/1/1478 1964/1/1478 1973/1/1478
f 1973/1/1478 1971/1/1478 1965/1/1478
f 1974/1/1627 1975/1/1627 1976/1/1627
f 1976/1/1627 1977/1/1627 1974/1/1627
f 1978/1/1626 1979/1/1626 1975/1/1626
f 1975/1/1626 1974/1/1626 1978/1/1626
f 1975/1/1631 1980/1/1631 1981/1/1631
f 1981/1/1631 1976/1/1631 1975/1/1631
f 1975/1/1629 1979/1/1629 1982/1/1629
f 1982/1/1629 1980/1/1629 1975/1/1629
f 1977/1/1636 1983/1/1636 81/1/1636
f 81/1/1636 80/1/1636 1977/1/1636
f 1977/1/1635 80/1/1635 90/1/1635
f 90/1/1635 1974/1/1635 1977/1/1635
f 1974/1/1634 90/1/1634 89/1/1634
f 89/1/1634 1978/1/1634 1974/1/1634
f 89/1/1633 61/1/1633 1947/1/1633
f 1947/1/1633 1978/1/1633 89/1/1633
f 1949/1/1649 1979/1/1649 1978/1/1649
f 1978/1/1649 1947/1/1649 1949/1/1649
f 1948/1/1648 1982/1/1648 1979/1/1648
f 1979/1/1648 1949/1/1648 1948/1/1648
f 699/1/1647 1982/1/1647 1948/1/1647
f 1948/1/1647 677/1/1647 699/1/1647
f 1982/1/1742 699/1/1743 698/1/1743
f 698/1/1644 1980/1/1644 1982/1/1644
f 1981/1/1643 1980/1/1643 698/1/1643
f 698/1/1643 697/1/1643 1981/1/1643
f 697/1/1642 696/1/1642 1984/1/1642
f 1984/1/1642 1981/1/1642 697/1/1642
f 1976/1/1640 1981/1/1640 1984/1/1640
f 1984/1/1640 1985/1/1640 1976/1/1640
f 1976/1/1638 1985/1/1638 1983/1/1638
f 1983/1/1638 1977/1/1638 1976/1/1638
f 1986/1/1083 1987/1/1083 1988/1/1083
f 1988/1/1083 1989/1/1083 1986/1/1083
f 1990/1/1081 1991/1/1081 1987/1/1081
f 1987/1/1081 1986/1/1081 1990/1/1081
f 1987/1/1086 1992/1/1086 1993/1/1086
f 1993/1/1744 1988/1/1744 1987/1/1744
f 1994/1/1085 1992/1/1085 1987/1/1085
f 1987/1/1085 1991/1/1085 1994/1/1085
f 1959/1/1745 486/1/1745 508/1/1745
f 508/1/1090 1989/1/1090 1959/1/1090
f 1989/1/1089 508/1/1089 507/1/1089
f 507/1/1089 1986/1/1089 1989/1/1089
f 1990/1/1088 1986/1/1088 507/1/1088
f 507/1/1088 505/1/1088 1990/1/1088
f 1995/1/1087 1990/1/1087 505/1/1087
f 505/1/1087 506/1/1746 1995/1/1087
f 1995/1/1099 1996/1/1099 1991/1/1099
f 1991/1/1747 1990/1/1747 1995/1/1747
f 1994/1/1098 1991/1/1098 1996/1/1098
f 1996/1/1098 1997/1/1098 1994/1/1098
f 1994/1/1097 1997/1/1097 1123/1/1097
f 1123/1/1097 1122/1/1097 1994/1/1097
f 1994/1/1096 1122/1/1096 1121/1/1096
f 1121/1/1748 1992/1/1748 1994/1/1748
f 1121/1/1095 1120/1/1095 1993/1/1095
f 1993/1/1095 1992/1/1095 1121/1/1095
f 1120/1/1093 1103/1/1093 1961/1/1093
f 1961/1/1093 1993/1/1093 1120/1/1093
f 1988/1/1749 1993/1/1749 1961/1/1749
f 1961/1/1750 1960/1/1750 1988/1/1750
f 1989/1/1091 1988/1/1091 1960/1/1091
f 1960/1/1091 1959/1/1091 1989/1/1091
f 1998/1/1498 1999/1/1498 2000/1/1498
f 2000/1/1751 2001/1/1751 1998/1/1751
f 2002/1/1497 2003/1/1497 1999/1/1497
f 1999/1/1497 1998/1/1497 2002/1/1497
f 1999/1/1503 2004/1/1503 2005/1/1503
f 2005/1/1752 2000/1/1752 1999/1/1752
f 2003/1/1500 2006/1/1500 2004/1/1500
f 2004/1/1500 1999/1/1500 2003/1/1500
f 2001/1/1510 2007/1/1510 621/1/1510
f 621/1/1510 620/1/1510 2001/1/1510
f 630/1/1509 1998/1/1509 2001/1/1509
f 2001/1/1509 620/1/1509 630/1/1509
f 630/1/1753 629/1/1753 2002/1/1753
f 2002/1/1507 1998/1/1507 630/1/1507
f 629/1/1504 601/1/1504 1971/1/1504
f 1971/1/1504 2002/1/1504 629/1/1504
f 2002/1/1520 1971/1/1520 1973/1/1520
f 1973/1/1520 2003/1/1520 2002/1/1520
f 1972/1/1519 2006/1/1519 2003/1/1519
f 2003/1/1519 1973/1/1519 1972/1/1519
f 1239/1/1754 2006/1/1754 1972/1/1754
f 1972/1/1518 1216/1/1518 1239/1/1518
f 2006/1/1517 1239/1/1517 1238/1/1517
f 1238/1/1517 2004/1/1517 2006/1/1517
f 2004/1/1755 1238/1/1755 1237/1/1755
f 1237/1/1516 2005/1/1516 2004/1/1516
f 1237/1/1514 1236/1/1514 2008/1/1514
f 2008/1/1514 2005/1/1514 1237/1/1514
f 2000/1/1513 2005/1/1513 2008/1/1513
f 2008/1/1513 2009/1/1513 2000/1/1513
f 2001/1/1512 2000/1/1512 2009/1/1512
f 2009/1/1512 2007/1/1512 2001/1/1512
f 2010/1/1656 2011/1/1656 2012/1/1656
f 2012/1/1656 2013/1/1656 2010/1/1656
f 2014/1/1654 2015/1/1654 2011/1/1654
f 2011/1/1654 2010/1/1654 2014/1/1654
f 2011/1/1658 2016/1/1658 2017/1/1658
f 2017/1/1658 2012/1/1658 2011/1/1658
f 2011/1/1657 2015/1/1657 2018/1/1657
f 2018/1/1657 2016/1/1657 2011/1/1657
f 2013/1/1756 2019/1/1756 101/1/1756
f 101/1/1757 100/1/1757 2013/1/1757
f 2013/1/1661 100/1/1661 110/1/1661
f 110/1/1661 2010/1/1661 2013/1/1661
f 2014/1/1660 2010/1/1660 110/1/1660
f 110/1/1660 109/1/1660 2014/1/1660
f 109/1/1659 81/1/1659 1983/1/1659
f 1983/1/1659 2014/1/1659 109/1/1659
f 1985/1/1758 2015/1/1758 2014/1/1758
f 2014/1/1758 1983/1/1758 1985/1/1758
f 1984/1/1669 2018/1/1669 2015/1/1669
f 2015/1/1669 1985/1/1669 1984/1/1669
f 719/1/1668 2018/1/1668 1984/1/1668
f 1984/1/1668 696/1/1668 719/1/1668
f 2018/1/1667 719/1/1667 718/1/1667
f 718/1/1667 2016/1/1667 2018/1/1667
f 718/1/1666 717/1/1666 2017/1/1666
f 2017/1/1666 2016/1/1666 718/1/1666
f 717/1/1665 716/1/1665 2020/1/1665
f 2020/1/1665 2017/1/1665 717/1/1665
f 2012/1/1664 2017/1/1664 2020/1/1664
f 2020/1/1664 2021/1/1664 2012/1/1664
f 2012/1/1663 2021/1/1663 2019/1/1663
f 2019/1/1663 2013/1/1663 2012/1/1663
f 2022/1/1142 2023/1/1142 2024/1/1142
f 2024/1/1142 2025/1/1142 2022/1/1142
f 2026/1/1141 2027/1/1141 2023/1/1141
f 2023/1/1141 2022/1/1141 2026/1/1141
f 2023/1/1145 2028/1/1145 2029/1/1145
f 2029/1/1145 2024/1/1145 2023/1/1145
f 2030/1/1143 2028/1/1143 2023/1/1143
f 2023/1/1143 2027/1/1143 2030/1/1143
f 1995/1/1150 506/1/1150 528/1/1150
f 528/1/1150 2025/1/1150 1995/1/1150
f 2025/1/1759 528/1/1759 527/1/1759
f 527/1/1149 2022/1/1149 2025/1/1149
f 2026/1/1148 2022/1/1148 527/1/1148
f 527/1/1148 525/1/1148 2026/1/1148
f 525/1/1146 526/1/1146 1290/1/1146
f 1290/1/1146 2026/1/1146 525/1/1146
f 1295/1/1163 2027/1/1163 2026/1/1163
f 2026/1/1163 1290/1/1163 1295/1/1163
f 2030/1/1162 2027/1/1162 1295/1/1162
f 1295/1/1162 1294/1/1162 2030/1/1162
f 2030/1/1159 1294/1/1159 1143/1/1159
f 1143/1/1159 1142/1/1159 2030/1/1159
f 2030/1/1760 1142/1/1760 1141/1/1760
f 1141/1/1761 2028/1/1761 2030/1/1761
f 1141/1/1762 1140/1/1762 2029/1/1762
f 2029/1/1762 2028/1/1762 1141/1/1762
f 1140/1/1153 1123/1/1153 1997/1/1153
f 1997/1/1153 2029/1/1153 1140/1/1153
f 2024/1/1763 2029/1/1763 1997/1/1763
f 1997/1/1152 1996/1/1152 2024/1/1152
f 2025/1/1151 2024/1/1151 1996/1/1151
f 1996/1/1151 1995/1/1151 2025/1/1151
f 2031/1/1527 2032/1/1527 2033/1/1527
f 2033/1/1527 2034/1/1527 2031/1/1527
f 2035/1/1526 2036/1/1526 2032/1/1526
f 2032/1/1526 2031/1/1526 2035/1/1526
f 2032/1/1530 2037/1/1530 2038/1/1530
f 2038/1/1764 2033/1/1764 2032/1/1764
f 2036/1/1765 2039/1/1765 2037/1/1765
f 2037/1/1766 2032/1/1766 2036/1/1766
f 2034/1/1767 1306/1/1767 641/1/1767
f 641/1/1535 640/1/1535 2034/1/1535
f 650/1/1534 2031/1/1534 2034/1/1534
f 2034/1/1534 640/1/1534 650/1/1534
f 650/1/1533 649/1/1533 2035/1/1533
f 2035/1/1533 2031/1/1533 650/1/1533
f 649/1/1532 621/1/1532 2007/1/1532
f 2007/1/1532 2035/1/1532 649/1/1532
f 2035/1/1545 2007/1/1545 2009/1/1545
f 2009/1/1545 2036/1/1545 2035/1/1545
f 2008/1/1544 2039/1/1544 2036/1/1544
f 2036/1/1544 2009/1/1544 2008/1/1544
f 1259/1/1542 2039/1/1542 2008/1/1542
f 2008/1/1542 1236/1/1542 1259/1/1542
f 2039/1/1541 1259/1/1541 1258/1/1541
f 1258/1/1541 2037/1/1541 2039/1/1541
f 2037/1/1768 1258/1/1768 1257/1/1768
f 1257/1/1769 2038/1/1769 2037/1/1769
f 1257/1/1770 1256/1/1770 1308/1/1770
f 1308/1/1539 2038/1/1539 1257/1/1539
f 2038/1/1537 1308/1/1537 1307/1/1537
f 1307/1/1771 2033/1/1771 2038/1/1771
f 2034/1/1536 2033/1/1536 1307/1/1536
f 1307/1/1536 1306/1/1536 2034/1/1536
f 2040/1/1676 2041/1/1676 2042/1/1676
f 2042/1/1676 2043/1/1676 2040/1/1676
f 2044/1/1675 2045/1/1675 2041/1/1675
f 2041/1/1675 2040/1/1675 2044/1/1675
f 2041/1/1679 2046/1/1679 2047/1/1679
f 2047/1/1679 2042/1/1679 2041/1/1679
f 2041/1/1677 2045/1/1677 2048/1/1677
f 2048/1/1772 2046/1/1772 2041/1/1772
f 2043/1/1773 1321/1/1773 121/1/1773
f 121/1/1685 120/1/1685 2043/1/1685
f 2043/1/1684 120/1/1684 130/1/1684
f 130/1/1684 2040/1/1684 2043/1/1684
f 2044/1/1683 2040/1/1683 130/1/1683
f 130/1/1683 129/1/1683 2044/1/1683
f 129/1/1681 101/1/1681 2019/1/1681
f 2019/1/1681 2044/1/1681 129/1/1681
f 2021/1/1698 2045/1/1698 2044/1/1698
f 2044/1/1774 2019/1/1774 2021/1/1774
f 2020/1/1775 2048/1/1775 2045/1/1775
f 2045/1/1696 2021/1/1696 2020/1/1696
f 739/1/1694 2048/1/1694 2020/1/1694
f 2020/1/1694 716/1/1694 739/1/1694
f 2048/1/1693 739/1/1693 738/1/1693
f 738/1/1776 2046/1/1776 2048/1/1776
f 738/1/1691 737/1/1691 2047/1/1691
f 2047/1/1691 2046/1/1691 738/1/1691
f 737/1/1688 736/1/1688 1323/1/1688
f 1323/1/1688 2047/1/1688 737/1/1688
f 1323/1/1687 1322/1/1687 2042/1/1687
f 2042/1/1687 2047/1/1687 1323/1/1687
f 2043/1/1686 2042/1/1686 1322/1/1686
f 1322/1/1686 1321/1/1686 2043/1/1686
o C_rculo_005_C_rculo_006
v 0.037821 -0.049564 -0.394977
v 0.104920 -0.020764 -0.387277
v 0.169521 0.006836 -0.364377
v 0.228921 0.032236 -0.327377
v 0.281021 0.054536 -0.277577
v 0.323821 0.072836 -0.216777
v 0.355621 0.086436 -0.147477
v 0.375121 0.094836 -0.072277
v 0.381820 0.097636 0.005923
v 0.375121 0.094836 0.084123
v 0.355621 0.086436 0.159323
v 0.323821 0.072836 0.228623
v 0.281021 0.054536 0.289423
v 0.228921 0.032236 0.339223
v 0.169521 0.006836 0.376223
v 0.104920 -0.020764 0.399123
v 0.037821 -0.049564 0.406823
v -0.029179 -0.078264 0.399123
v -0.093779 -0.105864 0.376223
v -0.153180 -0.131264 0.339223
v -0.205279 -0.153564 0.289423
v -0.248079 -0.171864 0.228623
v -0.279879 -0.185464 0.159323
v -0.299479 -0.193864 0.084123
v -0.306080 -0.196664 0.005923
v -0.299479 -0.193864 -0.072277
v -0.279879 -0.185464 -0.147477
v -0.248079 -0.171864 -0.216777
v -0.205279 -0.153564 -0.277577
v -0.029179 -0.078264 -0.387277
v -0.153180 -0.131264 -0.327377
v -0.093779 -0.105864 -0.364377
v -0.271379 -0.259364 0.084123
v -0.233480 -0.264364 0.077123
v -0.239479 -0.266864 0.005923
v -0.277979 -0.262164 0.005923
v -0.065679 -0.171364 0.376223
v -0.125180 -0.196764 0.339223
v 0.065920 -0.115064 -0.394977
v -0.001179 -0.143764 -0.387277
v 0.309121 -0.010964 -0.277577
v 0.351821 0.007336 -0.216777
v -0.001179 -0.143764 0.399123
v -0.065679 -0.171364 -0.364377
v 0.256921 -0.033264 -0.327377
v 0.065920 -0.115064 0.406823
v -0.125180 -0.196764 -0.327377
v 0.197521 -0.058764 -0.364377
v 0.133021 -0.086364 0.399123
v -0.177279 -0.219064 -0.277577
v 0.133021 -0.086364 -0.387277
v 0.197521 -0.058764 0.376223
v -0.220079 -0.237364 -0.216777
v 0.256921 -0.033264 0.339223
v -0.251779 -0.250964 -0.147477
v 0.309121 -0.010964 0.289423
v -0.271379 -0.259364 -0.072277
v 0.351821 0.007336 0.228623
v 0.383621 0.020936 0.159323
v 0.403221 0.029236 0.084123
v -0.251779 -0.250964 0.159323
v 0.409821 0.032036 0.005923
v -0.220079 -0.237364 0.228623
v 0.403221 0.029236 -0.072277
v -0.177279 -0.219064 0.289423
v 0.383621 0.020936 -0.147477
v -0.147779 -0.227664 0.263923
v -0.161580 -0.244964 0.284823
v -0.203679 -0.263064 0.225023
v -0.186679 -0.244364 0.208623
v 0.380621 -0.001564 0.077123
v 0.362821 -0.009264 0.145523
v -0.215680 -0.256764 0.145523
v 0.386621 0.000936 0.005923
v 0.380621 -0.001564 -0.065277
v 0.362821 -0.009264 -0.133677
v -0.100379 -0.207364 0.309323
v 0.333921 -0.021564 -0.196777
v -0.046279 -0.184264 0.343023
v 0.012521 -0.159064 -0.351977
v 0.073621 -0.132964 -0.358977
v 0.294921 -0.038264 -0.252077
v 0.012521 -0.159064 0.363823
v -0.046279 -0.184264 -0.331177
v 0.247520 -0.058564 -0.297477
v 0.073621 -0.132964 0.370823
v -0.100379 -0.207364 -0.297477
v 0.193421 -0.081764 -0.331177
v 0.134621 -0.106864 0.363823
v -0.147779 -0.227664 -0.252077
v 0.134621 -0.106864 -0.351977
v 0.193421 -0.081764 0.343023
v -0.186679 -0.244364 -0.196777
v 0.247520 -0.058564 0.309323
v -0.215680 -0.256764 -0.133677
v 0.294921 -0.038264 0.263923
v -0.233480 -0.264364 -0.065277
v 0.333921 -0.021564 0.208623
v -0.051780 -0.198064 0.370323
v 0.011721 -0.170864 0.392823
v 0.044021 -0.246464 0.392823
v -0.019480 -0.273564 0.370323
v 0.390321 -0.008864 -0.145077
v 0.409621 -0.000664 -0.071077
v -0.110279 -0.223064 0.333923
v 0.359121 -0.022264 -0.213177
v 0.011721 -0.170864 -0.380977
v 0.077721 -0.142664 -0.388577
v 0.317021 -0.040264 -0.272977
v -0.051780 -0.198064 -0.358477
v 0.265721 -0.062164 -0.322077
v 0.077721 -0.142664 0.400423
v -0.110279 -0.223064 -0.322077
v 0.207221 -0.087264 -0.358477
v 0.143720 -0.114364 0.392823
v -0.161580 -0.244964 -0.272977
v 0.143720 -0.114364 -0.380977
v 0.207221 -0.087264 0.370323
v -0.203679 -0.263064 -0.213177
v 0.265721 -0.062164 0.333923
v -0.234980 -0.276364 -0.145077
v 0.317021 -0.040264 0.284823
v -0.254179 -0.284664 -0.071077
v 0.359121 -0.022264 0.225023
v -0.260679 -0.287464 0.005923
v 0.390321 -0.008864 0.156923
v -0.254179 -0.284664 0.082923
v 0.409621 -0.000664 0.082923
v -0.234980 -0.276364 0.156923
v 0.416121 0.002136 0.005923
v 0.239521 -0.162764 0.370323
v 0.234620 -0.189464 0.331323
v 0.177921 -0.213764 0.351423
v 0.176020 -0.189964 0.392823
v -0.019480 -0.273564 -0.358477
v 0.044021 -0.246464 -0.380977
v 0.298021 -0.137764 -0.322077
v 0.349321 -0.115864 -0.272977
v 0.110021 -0.218164 0.400423
v -0.077979 -0.298664 -0.322077
v 0.239521 -0.162764 -0.358477
v -0.129280 -0.320564 -0.272977
v 0.176020 -0.189964 -0.380977
v -0.171379 -0.338564 -0.213177
v 0.110021 -0.218164 -0.388577
v 0.298021 -0.137764 0.333923
v -0.202580 -0.351964 -0.145077
v 0.349321 -0.115864 0.284823
v -0.221879 -0.360164 -0.071077
v 0.391421 -0.097764 0.225023
v -0.228380 -0.362964 0.005923
v 0.422721 -0.084464 0.156923
v -0.221879 -0.360164 0.082923
v 0.441921 -0.076164 0.082923
v -0.202580 -0.351964 0.156923
v 0.448421 -0.073364 0.005923
v -0.171379 -0.338564 0.225023
v 0.441921 -0.076164 -0.071077
v -0.129280 -0.320564 0.284823
v 0.422721 -0.084464 -0.145077
v -0.077979 -0.298664 0.333923
v 0.391421 -0.097764 -0.213177
v 0.370221 -0.131464 0.201623
v 0.410021 -0.143364 0.224523
v 0.368121 -0.161364 0.284123
v 0.332621 -0.147564 0.255023
v -0.132379 -0.346464 -0.189777
v -0.094780 -0.330364 -0.243177
v 0.177921 -0.213764 -0.339577
v 0.118920 -0.238964 -0.346377
v 0.286821 -0.167164 0.298823
v -0.160280 -0.358464 -0.128877
v -0.177480 -0.365764 -0.062777
v -0.183280 -0.368264 0.005923
v 0.398121 -0.119564 0.140723
v -0.177480 -0.365764 0.074623
v 0.415321 -0.112164 0.074623
v -0.160280 -0.358464 0.140723
v 0.421121 -0.109664 0.005923
v -0.132379 -0.346464 0.201623
v 0.415321 -0.112164 -0.062777
v -0.094780 -0.330364 0.255023
v 0.398121 -0.119564 -0.128877
v -0.048980 -0.310764 0.298823
v 0.370221 -0.131464 -0.189777
v 0.003321 -0.288464 0.331323
v 0.059921 -0.264164 -0.339577
v 0.332621 -0.147564 -0.243177
v 0.059921 -0.264164 0.351423
v 0.003321 -0.288464 -0.319477
v 0.286821 -0.167164 -0.286977
v 0.118920 -0.238964 0.358223
v -0.048980 -0.310764 -0.286977
v 0.234620 -0.189464 -0.319477
v 0.498921 -0.193764 0.005923
v 0.492421 -0.196464 0.082723
v 0.460421 -0.121864 0.082723
v 0.466921 -0.119064 0.005923
v -0.201679 -0.405064 -0.070877
v -0.208179 -0.407864 0.005923
v 0.441221 -0.130064 0.156523
v -0.201679 -0.405064 0.082723
v -0.182480 -0.396864 0.156523
v -0.151279 -0.383564 0.224523
v 0.460421 -0.121864 -0.070877
v -0.109280 -0.365564 0.284123
v 0.441221 -0.130064 -0.144677
v -0.058079 -0.343664 0.333023
v 0.410021 -0.143364 -0.212677
v 0.000221 -0.318764 0.369423
v 0.063521 -0.291664 -0.379977
v 0.129421 -0.263464 -0.387477
v 0.368121 -0.161364 -0.272277
v 0.063521 -0.291664 0.391823
v 0.000221 -0.318764 -0.357577
v 0.316921 -0.183264 -0.321177
v 0.129421 -0.263464 0.399323
v -0.058079 -0.343664 -0.321177
v 0.258521 -0.208164 -0.357577
v 0.195221 -0.235264 0.391823
v -0.109280 -0.365564 -0.272277
v 0.195221 -0.235264 -0.379977
v 0.258521 -0.208164 0.369423
v -0.151279 -0.383564 -0.212677
v 0.316921 -0.183264 0.333023
v -0.182480 -0.396864 -0.144677
v 0.442021 -0.218064 -0.212677
v 0.416721 -0.268464 -0.182077
v 0.443821 -0.257864 -0.123577
v 0.473221 -0.204664 -0.144677
v -0.119280 -0.458164 0.224523
v -0.150479 -0.471564 0.156523
v 0.492421 -0.196464 -0.070877
v -0.077379 -0.440264 0.284123
v -0.026179 -0.418364 0.333023
v 0.032220 -0.393364 0.369423
v 0.095521 -0.366264 -0.379977
v 0.161320 -0.338164 -0.387477
v 0.400021 -0.235964 -0.272277
v 0.095521 -0.366264 0.391823
v 0.032220 -0.393364 -0.357577
v 0.348821 -0.257864 -0.321177
v 0.161320 -0.338164 0.399323
v -0.026179 -0.418364 -0.321177
v 0.290521 -0.282864 -0.357577
v 0.227221 -0.309964 0.391823
v -0.077379 -0.440264 -0.272277
v 0.227221 -0.309964 -0.379977
v 0.290521 -0.282864 0.369423
v -0.119280 -0.458164 -0.212677
v 0.348821 -0.257864 0.333023
v -0.150479 -0.471564 -0.144677
v 0.400021 -0.235964 0.284123
v -0.169680 -0.479764 -0.070877
v 0.442021 -0.218064 0.224523
v -0.176180 -0.482564 0.005923
v 0.473221 -0.204664 0.156523
v -0.169680 -0.479764 0.082723
v 0.511021 -0.255564 0.081923
v 0.491721 -0.263164 0.154923
v 0.443821 -0.257864 0.135423
v 0.460521 -0.251364 0.071923
v 0.060121 -0.408264 0.318523
v 0.009320 -0.428164 0.287223
v 0.115221 -0.386664 -0.325877
v 0.172521 -0.364164 -0.332477
v 0.380121 -0.282864 -0.233377
v 0.115221 -0.386664 0.337823
v 0.060121 -0.408264 -0.306677
v 0.335621 -0.300264 -0.275377
v 0.172521 -0.364164 0.344323
v 0.009320 -0.428164 -0.275377
v 0.284921 -0.320164 -0.306677
v 0.229821 -0.341764 0.337823
v -0.035180 -0.445564 -0.233377
v 0.229821 -0.341764 -0.325877
v 0.284921 -0.320164 0.318523
v -0.071679 -0.459964 -0.182077
v 0.335621 -0.300264 0.287223
v -0.098879 -0.470564 -0.123577
v 0.380121 -0.282864 0.245223
v -0.115580 -0.477064 -0.060077
v 0.416721 -0.268464 0.193923
v -0.121179 -0.479264 0.005923
v -0.115580 -0.477064 0.071923
v -0.098879 -0.470564 0.135423
v 0.466221 -0.249064 0.005923
v -0.071679 -0.459964 0.193923
v 0.460521 -0.251364 -0.060077
v -0.035180 -0.445564 0.245223
v 0.491721 -0.263164 -0.143077
v 0.515321 -0.335764 -0.143077
v 0.534521 -0.328264 -0.070077
v 0.511021 -0.255564 -0.070077
v -0.132880 -0.507964 0.154923
v -0.152179 -0.515464 0.081923
v 0.517521 -0.253064 0.005923
v -0.101679 -0.495664 0.222323
v -0.059680 -0.479264 0.281323
v -0.008379 -0.459164 0.329723
v 0.460521 -0.275364 -0.210477
v 0.050021 -0.436264 0.365723
v 0.113421 -0.411364 -0.376077
v 0.179421 -0.385564 -0.383577
v 0.418421 -0.291864 -0.269477
v 0.113421 -0.411364 0.387923
v 0.050021 -0.436264 -0.353877
v 0.367221 -0.311964 -0.317877
v 0.179421 -0.385564 0.395423
v -0.008379 -0.459164 -0.317877
v 0.308821 -0.334864 -0.353877
v 0.245320 -0.359664 0.387923
v -0.059680 -0.479264 -0.269477
v 0.245320 -0.359664 -0.376077
v 0.308821 -0.334864 0.365723
v -0.101679 -0.495664 -0.210477
v 0.367221 -0.311964 0.329723
v -0.132880 -0.507964 -0.143077
v 0.418421 -0.291864 0.281323
v -0.152179 -0.515464 -0.070077
v 0.460521 -0.275364 0.222323
v -0.158680 -0.518064 0.005923
v 0.419521 -0.415964 -0.229877
v 0.442021 -0.364464 -0.269477
v 0.390821 -0.384564 -0.317877
v 0.375221 -0.431564 -0.271377
v 0.015120 -0.531764 0.329723
v -0.036080 -0.551864 0.281323
v 0.484021 -0.348064 -0.210477
v 0.073621 -0.508864 0.365723
v 0.137021 -0.484064 -0.376077
v 0.202921 -0.458164 -0.383577
v 0.137021 -0.484064 0.387923
v 0.073621 -0.508864 -0.353877
v 0.202921 -0.458164 0.395423
v 0.015120 -0.531764 -0.317877
v 0.332321 -0.407464 -0.353877
v 0.268921 -0.432364 0.387923
v -0.036080 -0.551864 -0.269477
v 0.268921 -0.432364 -0.376077
v 0.332321 -0.407464 0.365723
v -0.078079 -0.568364 -0.210477
v 0.390821 -0.384564 0.329723
v -0.109380 -0.580564 -0.143077
v 0.442021 -0.364464 0.281323
v -0.128580 -0.588164 -0.070077
v 0.484021 -0.348064 0.222323
v -0.135080 -0.590664 0.005923
v 0.515321 -0.335764 0.154923
v -0.128580 -0.588164 0.081923
v 0.534521 -0.328264 0.081923
v -0.109380 -0.580564 0.154923
v 0.541021 -0.325664 0.005923
v -0.078079 -0.568364 0.222323
v 0.217521 -0.510064 -0.371177
v 0.282021 -0.487364 -0.363977
v 0.269921 -0.468764 -0.321177
v 0.212921 -0.488864 -0.327577
v 0.212921 -0.488864 0.339423
v 0.155920 -0.509064 0.333023
v 0.050521 -0.546164 -0.271377
v 0.101121 -0.528364 -0.302177
v 0.324721 -0.449464 -0.302177
v 0.269921 -0.468764 0.333023
v 0.006320 -0.561864 -0.229877
v 0.324721 -0.449464 0.314023
v -0.030079 -0.574664 -0.179377
v 0.375221 -0.431564 0.283223
v -0.057079 -0.584164 -0.121677
v 0.419521 -0.415964 0.241723
v -0.073679 -0.590064 -0.059177
v 0.455921 -0.403164 0.191223
v -0.079279 -0.592064 0.005923
v 0.482921 -0.393564 0.133523
v -0.073679 -0.590064 0.071023
v 0.499521 -0.387764 0.071023
v -0.057079 -0.584164 0.133523
v 0.505121 -0.385764 0.005923
v -0.030079 -0.574664 0.191223
v 0.499521 -0.387764 -0.059177
v 0.006320 -0.561864 0.241723
v 0.482921 -0.393564 -0.121677
v 0.050521 -0.546164 0.283223
v 0.455921 -0.403164 -0.179377
v 0.101121 -0.528364 0.314023
v 0.155920 -0.509064 -0.321177
v 0.522821 -0.402264 0.150223
v 0.537921 -0.471564 0.150223
v 0.507321 -0.482364 0.215423
v 0.492321 -0.413064 0.215423
v 0.401121 -0.445264 0.319523
v 0.344021 -0.465464 0.354323
v -0.057279 -0.607064 -0.203577
v -0.087780 -0.617864 -0.138377
v 0.451221 -0.427564 0.272623
v -0.106679 -0.624464 -0.067677
v -0.112980 -0.626764 0.005923
v -0.106679 -0.624464 0.079523
v 0.541621 -0.395664 0.079523
v -0.087780 -0.617864 0.150223
v 0.548021 -0.393464 0.005923
v -0.057279 -0.607064 0.215423
v 0.541621 -0.395664 -0.067677
v -0.016179 -0.592564 0.272623
v 0.522821 -0.402264 -0.138377
v 0.033921 -0.574864 0.319523
v 0.492321 -0.413064 -0.203577
v 0.091021 -0.554664 0.354323
v 0.153020 -0.532864 -0.363977
v 0.451221 -0.427564 -0.260777
v 0.153020 -0.532864 0.375823
v 0.091021 -0.554664 -0.342477
v 0.401121 -0.445264 -0.307677
v 0.217521 -0.510064 0.383023
v 0.033921 -0.574864 -0.307677
v 0.344021 -0.465464 -0.342477
v 0.282021 -0.487364 0.375823
v -0.016179 -0.592564 -0.260777
v 0.516721 -0.521064 0.005923
v 0.563021 -0.462664 0.005923
v 0.556721 -0.464964 -0.067677
v 0.511321 -0.522664 -0.055677
v -0.091579 -0.693764 0.079523
v -0.097979 -0.695964 0.005923
v 0.556721 -0.464964 0.079523
v -0.072779 -0.687064 0.150223
v -0.042279 -0.676364 0.215423
v -0.001179 -0.661764 0.272623
v 0.537921 -0.471564 -0.138377
v 0.048920 -0.644164 0.319523
v 0.507321 -0.482364 -0.203577
v 0.106121 -0.623964 0.354323
v 0.232521 -0.579364 -0.371177
v 0.168120 -0.602064 -0.363977
v 0.466221 -0.496864 -0.260777
v 0.168120 -0.602064 0.375823
v 0.106121 -0.623964 -0.342477
v 0.416121 -0.514564 -0.307677
v 0.232521 -0.579364 0.383023
v 0.048920 -0.644164 -0.307677
v 0.359021 -0.534664 -0.342477
v 0.297021 -0.556564 0.375823
v -0.001179 -0.661764 -0.260777
v 0.297021 -0.556564 -0.363977
v 0.359021 -0.534664 0.354323
v -0.042279 -0.676364 -0.203577
v 0.416121 -0.514564 0.319523
v -0.072779 -0.687064 -0.138377
v 0.466221 -0.496864 0.272623
v -0.091579 -0.693764 -0.067677
v 0.238021 -0.604764 -0.309677
v 0.183721 -0.621064 -0.303577
v 0.177921 -0.656564 -0.351777
v 0.240720 -0.637664 -0.358777
v 0.041020 -0.663964 0.229123
v 0.006420 -0.674364 0.181223
v 0.495521 -0.527364 -0.114877
v 0.083220 -0.651264 0.268323
v 0.469721 -0.535164 -0.169377
v 0.131421 -0.636764 0.297523
v 0.435121 -0.545564 -0.217277
v 0.183721 -0.621064 0.315423
v 0.131421 -0.636764 -0.285677
v 0.392821 -0.558264 -0.256477
v 0.238021 -0.604764 0.321523
v 0.083220 -0.651264 -0.256477
v 0.344721 -0.572664 -0.285677
v 0.292421 -0.588364 0.315423
v 0.041020 -0.663964 -0.217277
v 0.292421 -0.588364 -0.303577
v 0.344721 -0.572664 0.297523
v 0.006420 -0.674364 -0.169377
v 0.392821 -0.558264 0.268323
v -0.019380 -0.682064 -0.114877
v 0.435121 -0.545564 0.229123
v -0.035180 -0.686864 -0.055677
v 0.469721 -0.535164 0.181223
v -0.040579 -0.688464 0.005923
v 0.495521 -0.527364 0.126723
v -0.035180 -0.686864 0.067523
v 0.511321 -0.522664 0.067523
v -0.019380 -0.682064 0.126723
v 0.013121 -0.706064 -0.251977
v 0.019021 -0.778164 -0.251977
v 0.067821 -0.763464 -0.297277
v 0.061921 -0.691464 -0.297277
v 0.468421 -0.569264 -0.251977
v 0.508421 -0.557264 -0.196677
v 0.177921 -0.656564 0.363623
v 0.117520 -0.674664 0.342823
v 0.117520 -0.674664 -0.330977
v 0.419621 -0.583964 -0.297277
v 0.240720 -0.637664 0.370623
v 0.363921 -0.600664 -0.330977
v 0.303521 -0.618764 0.363623
v 0.303521 -0.618764 -0.351777
v 0.363921 -0.600664 0.342823
v -0.026979 -0.718064 -0.196677
v 0.419621 -0.583964 0.309123
v -0.056680 -0.727064 -0.133677
v 0.468421 -0.569264 0.263823
v -0.074979 -0.732564 -0.065177
v 0.508421 -0.557264 0.208523
v -0.081180 -0.734364 0.005923
v 0.538221 -0.548264 0.145523
v -0.074979 -0.732564 0.077023
v 0.556521 -0.542764 0.077023
v -0.056680 -0.727064 0.145523
v 0.562721 -0.540964 0.005923
v -0.026979 -0.718064 0.208523
v 0.556521 -0.542764 -0.065177
v 0.013121 -0.706064 0.263823
v 0.538221 -0.548264 -0.133677
v 0.061921 -0.691464 0.309123
v -0.017180 -0.797164 -0.053677
v -0.001779 -0.792964 -0.111077
v -0.050779 -0.799064 -0.133677
v -0.069179 -0.804564 -0.065177
v 0.309421 -0.690864 -0.351777
v 0.369821 -0.672764 -0.330977
v 0.369821 -0.672764 0.342823
v 0.309421 -0.690864 0.363623
v -0.021079 -0.790164 -0.196677
v 0.246621 -0.709764 -0.358777
v 0.425521 -0.655964 0.309123
v 0.474321 -0.641364 0.263823
v 0.514321 -0.629264 0.208523
v -0.075279 -0.806464 0.005923
v 0.544121 -0.620364 0.145523
v -0.069179 -0.804564 0.077023
v 0.562421 -0.614864 0.077023
v -0.050779 -0.799064 0.145523
v 0.568621 -0.612964 0.005923
v -0.021079 -0.790164 0.208523
v 0.562421 -0.614864 -0.065177
v 0.019021 -0.778164 0.263823
v 0.544121 -0.620364 -0.133677
v 0.067821 -0.763464 0.309123
v 0.514321 -0.629264 -0.196677
v 0.123421 -0.746764 0.342823
v 0.183821 -0.728564 -0.351777
v 0.474321 -0.641364 -0.251977
v 0.183821 -0.728564 0.363623
v 0.123421 -0.746764 -0.330977
v 0.425521 -0.655964 -0.297277
v 0.246621 -0.709764 0.370623
v -0.001779 -0.792964 0.122923
v -0.042380 -0.823264 0.142123
v -0.060280 -0.828164 0.075323
v -0.017180 -0.797164 0.065523
v 0.472521 -0.662864 0.175723
v 0.438921 -0.672164 0.222123
v -0.022380 -0.798564 0.005923
v 0.497521 -0.656064 0.122923
v 0.512920 -0.651864 0.065523
v 0.518021 -0.650464 0.005923
v 0.023221 -0.786064 0.175723
v 0.512920 -0.651864 -0.053677
v 0.056820 -0.776864 0.222123
v 0.497521 -0.656064 -0.111077
v 0.097720 -0.765664 0.260123
v 0.472521 -0.662864 -0.163877
v 0.144420 -0.752864 0.288323
v 0.195120 -0.738964 -0.293877
v 0.247821 -0.724464 -0.299777
v 0.438921 -0.672164 -0.210277
v 0.195120 -0.738964 0.305723
v 0.144420 -0.752864 -0.276477
v 0.398021 -0.683364 -0.248277
v 0.247821 -0.724464 0.311623
v 0.097720 -0.765664 -0.248277
v 0.351221 -0.696164 -0.276477
v 0.300521 -0.710064 0.305723
v 0.056820 -0.776864 -0.210277
v 0.300521 -0.710064 -0.293877
v 0.351221 -0.696164 0.288323
v 0.023221 -0.786064 -0.163877
v 0.398021 -0.683364 0.260123
v 0.073421 -0.791464 0.301723
v 0.074720 -0.863664 0.301723
v 0.027021 -0.876764 0.257523
v 0.025820 -0.804564 0.257523
v 0.562721 -0.657364 0.005923
v 0.556621 -0.659064 0.075323
v -0.013379 -0.815264 0.203623
v 0.556621 -0.659064 -0.063477
v 0.538721 -0.663964 -0.130277
v 0.509721 -0.671864 -0.191777
v 0.127821 -0.776564 0.334623
v 0.186820 -0.760364 -0.343077
v 0.248220 -0.743564 -0.349877
v 0.470621 -0.682664 -0.245677
v 0.186820 -0.760364 0.354923
v 0.127821 -0.776564 -0.322777
v 0.422921 -0.695664 -0.289877
v 0.248220 -0.743564 0.361723
v 0.073421 -0.791464 -0.289877
v 0.368521 -0.710564 -0.322777
v 0.309521 -0.726764 0.354923
v 0.025820 -0.804564 -0.245677
v 0.309521 -0.726764 -0.343077
v 0.368521 -0.710564 0.334623
v -0.013379 -0.815264 -0.191777
v 0.422921 -0.695664 0.301723
v -0.042380 -0.823264 -0.130277
v 0.470621 -0.682664 0.257523
v -0.060280 -0.828164 -0.063477
v 0.509721 -0.671864 0.203623
v -0.066379 -0.829764 0.005923
v 0.538721 -0.663964 0.142123
v 0.249421 -0.815764 0.361723
v 0.249921 -0.843964 0.316023
v 0.196721 -0.854564 0.310023
v 0.188021 -0.832664 0.354923
v 0.510921 -0.744164 -0.191777
v 0.540021 -0.736164 -0.130277
v 0.129020 -0.848764 0.334623
v 0.188021 -0.832664 -0.343077
v 0.249421 -0.815764 -0.349877
v 0.471821 -0.754864 -0.245677
v 0.129020 -0.848764 -0.322777
v 0.424121 -0.767864 -0.289877
v 0.074720 -0.863664 -0.289877
v 0.369821 -0.782764 -0.322777
v 0.310821 -0.798964 0.354923
v 0.027021 -0.876764 -0.245677
v 0.310821 -0.798964 -0.343077
v 0.369821 -0.782764 0.334623
v -0.012079 -0.887464 -0.191777
v 0.424121 -0.767864 0.301723
v -0.041179 -0.895464 -0.130277
v 0.471821 -0.754864 0.257523
v -0.059080 -0.900364 -0.063477
v 0.510921 -0.744164 0.203623
v -0.065079 -0.901964 0.005923
v 0.540021 -0.736164 0.142123
v -0.059080 -0.900364 0.075323
v 0.557921 -0.731264 0.075323
v -0.041179 -0.895464 0.142123
v 0.563921 -0.729564 0.005923
v -0.012079 -0.887464 0.203623
v 0.557921 -0.731264 -0.063477
v 0.401321 -0.813764 0.263723
v 0.419221 -0.823864 0.297823
v 0.365821 -0.834464 0.330223
v 0.354221 -0.823164 0.292423
v 0.098420 -0.874164 -0.251877
v 0.145520 -0.864764 -0.280577
v 0.354221 -0.823164 -0.280577
v 0.401321 -0.813764 -0.251877
v 0.303121 -0.833364 0.310023
v 0.057121 -0.882464 -0.213277
v 0.303121 -0.833364 -0.298177
v 0.023221 -0.889264 -0.166377
v 0.249921 -0.843964 -0.304177
v -0.001979 -0.894264 -0.112777
v 0.442721 -0.805564 0.225123
v -0.017479 -0.897364 -0.054577
v 0.476621 -0.798764 0.178223
v -0.022679 -0.898364 0.005923
v 0.501821 -0.793764 0.124623
v -0.017479 -0.897364 0.066423
v 0.517321 -0.790664 0.066423
v -0.001979 -0.894264 0.124623
v 0.522521 -0.789564 0.005923
v 0.023221 -0.889264 0.178223
v 0.517321 -0.790664 -0.054577
v 0.057121 -0.882464 0.225123
v 0.501821 -0.793764 -0.112777
v 0.098420 -0.874164 0.263723
v 0.476621 -0.798764 -0.166377
v 0.145520 -0.864764 0.292423
v 0.196721 -0.854564 -0.298177
v 0.442721 -0.805564 -0.213277
v 0.532921 -0.801164 0.140223
v 0.521621 -0.874264 0.140223
v 0.493121 -0.879964 0.200923
v 0.504321 -0.806864 0.200923
v -0.008879 -0.909264 -0.189077
v -0.037380 -0.914964 -0.128377
v 0.466021 -0.814464 0.254123
v -0.054979 -0.918464 -0.062577
v -0.060879 -0.919664 0.005923
v -0.054979 -0.918464 0.074423
v 0.550421 -0.797664 0.074423
v -0.037380 -0.914964 0.140223
v 0.556421 -0.796464 0.005923
v -0.008879 -0.909264 0.200923
v 0.550421 -0.797664 -0.062577
v 0.029520 -0.901564 0.254123
v 0.532921 -0.801164 -0.128377
v 0.076220 -0.892264 0.297823
v 0.504321 -0.806864 -0.189077
v 0.129621 -0.881564 0.330223
v 0.187520 -0.870064 -0.338377
v 0.247721 -0.858064 -0.345077
v 0.466021 -0.814464 -0.242277
v 0.187520 -0.870064 0.350223
v 0.129621 -0.881564 -0.318377
v 0.419221 -0.823864 -0.285977
v 0.247721 -0.858064 0.356923
v 0.076220 -0.892264 -0.285977
v 0.365821 -0.834464 -0.318377
v 0.307921 -0.846064 0.350223
v 0.029520 -0.901564 -0.242277
v 0.307921 -0.846064 -0.338377
v 0.539121 -0.870764 -0.062577
v 0.500421 -0.908964 -0.054977
v 0.505621 -0.908064 0.005923
v 0.545121 -0.869564 0.005923
v -0.066280 -0.991564 0.074423
v -0.072179 -0.992764 0.005923
v 0.539121 -0.870764 0.074423
v -0.048679 -0.988064 0.140223
v -0.020180 -0.982364 0.200923
v 0.018221 -0.974764 0.254123
v 0.521621 -0.874264 -0.128377
v 0.065021 -0.965364 0.297823
v 0.493121 -0.879964 -0.189077
v 0.118321 -0.954764 0.330223
v 0.236420 -0.931164 -0.345077
v 0.176221 -0.943164 -0.338377
v 0.454721 -0.887664 -0.242277
v 0.176221 -0.943164 0.350223
v 0.118321 -0.954764 -0.318377
v 0.407921 -0.896964 -0.285977
v 0.236420 -0.931164 0.356923
v 0.065021 -0.965364 -0.285977
v 0.354520 -0.907564 -0.318377
v 0.296621 -0.919164 0.350223
v 0.018221 -0.974764 -0.242277
v 0.296621 -0.919164 -0.338377
v 0.354520 -0.907564 0.330223
v -0.020180 -0.982364 -0.189077
v 0.407921 -0.896964 0.297823
v -0.048679 -0.988064 -0.128377
v 0.454721 -0.887664 0.254123
v -0.066280 -0.991564 -0.062577
v 0.296621 -0.965264 0.350323
v 0.286321 -0.943964 0.312123
v 0.337421 -0.935664 0.294323
v 0.354121 -0.955864 0.330323
v 0.040421 -0.984264 0.226623
v 0.006520 -0.989764 0.179323
v 0.484921 -0.911464 -0.113577
v 0.081720 -0.977464 0.265423
v 0.459721 -0.915564 -0.167477
v 0.128821 -0.969764 0.294323
v 0.179921 -0.961464 -0.300277
v 0.233120 -0.952664 -0.306277
v 0.425821 -0.921164 -0.214777
v 0.179921 -0.961464 0.312123
v 0.128821 -0.969764 -0.282477
v 0.384521 -0.927964 -0.253577
v 0.233120 -0.952664 0.318123
v 0.081720 -0.977464 -0.253577
v 0.337421 -0.935664 -0.282477
v 0.040421 -0.984264 -0.214777
v 0.286321 -0.943964 -0.300277
v 0.006520 -0.989764 -0.167477
v 0.384521 -0.927964 0.265423
v -0.018680 -0.993964 -0.113577
v 0.425821 -0.921164 0.226623
v -0.034179 -0.996464 -0.054977
v 0.459721 -0.915564 0.179323
v -0.039379 -0.997364 0.005923
v 0.484921 -0.911464 0.125423
v -0.034179 -0.996464 0.066823
v 0.500421 -0.908964 0.066823
v -0.018680 -0.993964 0.125423
v 0.462021 -0.991364 0.254223
v 0.453521 -0.939564 0.254223
v 0.491721 -0.933264 0.201023
v 0.500121 -0.985164 0.201023
v -0.018080 -1.016764 -0.189177
v 0.020020 -1.010564 -0.242377
v 0.236821 -0.975064 -0.345177
v 0.296621 -0.965264 -0.338477
v 0.407121 -0.947164 0.297923
v -0.046379 -1.021464 -0.128477
v -0.063880 -1.024264 -0.062577
v -0.069780 -1.025264 0.005923
v 0.520021 -0.928664 0.140323
v -0.063880 -1.024264 0.074423
v 0.537421 -0.925764 0.074423
v -0.046379 -1.021464 0.140323
v 0.543321 -0.924864 0.005923
v -0.018080 -1.016764 0.201023
v 0.537421 -0.925764 -0.062577
v 0.020020 -1.010564 0.254223
v 0.520021 -0.928664 -0.128477
v 0.066521 -1.002964 0.297923
v 0.491721 -0.933264 -0.189177
v 0.119521 -0.994264 0.330323
v 0.177021 -0.984864 -0.338477
v 0.453521 -0.939564 -0.242377
v 0.177021 -0.984864 0.350323
v 0.119521 -0.994264 -0.318477
v 0.407121 -0.947164 -0.286077
v 0.236821 -0.975064 0.357023
v 0.066521 -1.002964 -0.286077
v 0.354121 -0.955864 -0.318477
v 0.523921 -1.049764 0.067523
v 0.545921 -0.977664 0.074423
v 0.551821 -0.976664 0.005923
v 0.529221 -1.049564 0.005923
v -0.055380 -1.076164 -0.062577
v -0.061279 -1.077064 0.005923
v 0.528521 -0.980464 0.140323
v -0.055380 -1.076164 0.074423
v -0.037979 -1.073264 0.140323
v -0.009579 -1.068664 0.201023
v 0.545921 -0.977664 -0.062577
v 0.028521 -1.062364 0.254223
v 0.528521 -0.980464 -0.128477
v 0.074921 -1.054764 0.297923
v 0.500121 -0.985164 -0.189177
v 0.127920 -1.046064 0.330323
v 0.185521 -1.036664 -0.338477
v 0.245320 -1.026864 -0.345177
v 0.462021 -0.991364 -0.242377
v 0.185521 -1.036664 0.350323
v 0.127920 -1.046064 -0.318477
v 0.415621 -0.998964 -0.286077
v 0.245320 -1.026864 0.357023
v 0.074921 -1.054764 -0.286077
v 0.362621 -1.007664 -0.318477
v 0.305121 -1.017064 0.350323
v 0.028521 -1.062364 -0.242377
v 0.305121 -1.017064 -0.338477
v 0.362621 -1.007664 0.330323
v -0.009579 -1.068664 -0.189177
v 0.415621 -0.998964 0.297923
v -0.037979 -1.073264 -0.128477
v 0.195721 -1.057964 -0.303677
v 0.143320 -1.059364 -0.285677
v 0.095121 -1.060564 -0.256477
v 0.052821 -1.061564 -0.217277
v 0.018020 -1.062464 -0.169477
v -0.007679 -1.063164 -0.114877
v -0.023579 -1.063564 -0.055677
v -0.028979 -1.063664 0.005923
v -0.023579 -1.063564 0.067523
v -0.007679 -1.063164 0.126723
v 0.018020 -1.062464 0.181323
v 0.052821 -1.061564 0.229123
v 0.095121 -1.060564 0.268323
v 0.143320 -1.059364 0.297523
v 0.195721 -1.057964 0.315523
v 0.250121 -1.056664 0.321523
v 0.304621 -1.055264 0.315523
v 0.356921 -1.053964 0.297523
v 0.405221 -1.052764 0.268323
v 0.447521 -1.051664 0.229123
v 0.482221 -1.050764 0.181323
v 0.508021 -1.050164 0.126723
v 0.523921 -1.049764 -0.055677
v 0.508021 -1.050164 -0.114877
v 0.482221 -1.050764 -0.169377
v 0.447521 -1.051664 -0.217277
v 0.405221 -1.052764 -0.256477
v 0.356921 -1.053964 -0.285677
v 0.304621 -1.055264 -0.303677
v 0.250121 -1.056664 -0.309677
vn 0.3933 -0.9194 -0.0000
vn 0.3933 -0.9194 -0.0001
vn 0.3932 -0.9194 -0.0000
vn 0.3935 -0.9193 -0.0000
vn 0.3934 -0.9194 0.0001
vn 0.3932 -0.9195 -0.0001
vn 0.3931 -0.9195 -0.0002
vn 0.3930 -0.9195 0.0001
vn 0.3934 -0.9194 -0.0001
vn 0.3933 -0.9194 0.0001
vn 0.3931 -0.9195 -0.0000
vn 0.1218 0.9915 -0.0461
vn 0.1216 0.9915 -0.0461
vn 0.4570 0.1955 -0.8677
vn 0.4570 0.1954 -0.8678
vn 0.0964 0.0411 0.9945
vn 0.0965 0.0412 0.9945
vn -0.7299 -0.3123 0.6080
vn 0.2842 0.1216 -0.9510
vn 0.2842 0.1216 0.9510
vn -0.6072 -0.2598 0.7509
vn -0.6066 -0.2602 0.7512
vn 0.0964 0.0414 -0.9945
vn 0.0966 0.0413 -0.9945
vn 0.4570 0.1955 0.8677
vn -0.4570 -0.1955 0.8677
vn -0.4570 -0.1954 0.8678
vn -0.0964 -0.0413 -0.9945
vn 0.6070 0.2595 0.7512
vn -0.2845 -0.1217 0.9509
vn -0.2842 -0.1216 0.9510
vn -0.2844 -0.1216 -0.9510
vn -0.2845 -0.1218 -0.9509
vn 0.7301 0.3121 0.6079
vn -0.0964 -0.0413 0.9945
vn -0.4570 -0.1955 -0.8677
vn -0.4571 -0.1951 -0.8678
vn 0.8229 0.3520 0.4460
vn 0.8228 0.3520 0.4463
vn -0.6072 -0.2598 -0.7509
vn 0.8846 0.3785 0.2724
vn -0.7299 -0.3123 -0.6081
vn -0.7299 -0.3123 -0.6080
vn 0.9156 0.3915 0.0915
vn -0.8227 -0.3522 -0.4462
vn -0.8227 -0.3521 -0.4463
vn 0.9156 0.3915 -0.0915
vn 0.9155 0.3917 -0.0915
vn -0.8847 -0.3783 -0.2724
vn -0.8847 -0.3785 -0.2722
vn 0.8846 0.3785 -0.2724
vn -0.9155 -0.3917 -0.0915
vn 0.8227 0.3520 -0.4463
vn 0.8228 0.3520 -0.4463
vn -0.9155 -0.3917 0.0915
vn 0.7301 0.3121 -0.6079
vn -0.8846 -0.3785 0.2724
vn 0.6072 0.2598 -0.7509
vn -0.8227 -0.3520 0.4464
vn 0.6235 -0.7524 -0.2124
vn -0.7844 0.6050 -0.1368
vn -0.7845 0.6048 -0.1369
vn 0.1042 0.9851 -0.1368
vn -0.8012 0.5966 -0.0461
vn -0.8011 0.5968 -0.0461
vn 0.0695 0.9724 -0.2226
vn -0.8012 0.5966 0.0461
vn 0.0186 0.9536 -0.3005
vn 0.0189 0.9536 -0.3005
vn -0.7844 0.6049 0.1368
vn -0.7845 0.6049 0.1368
vn -0.0459 0.9289 -0.3674
vn -0.0463 0.9289 -0.3673
vn -0.7513 0.6213 0.2226
vn -0.1227 0.8990 -0.4204
vn -0.1224 0.8991 -0.4203
vn -0.2991 0.8269 0.4761
vn -0.2991 0.8271 0.4759
vn -0.7027 0.6449 0.3005
vn -0.2082 0.8646 -0.4572
vn -0.2077 0.8647 -0.4573
vn -0.2083 0.8646 0.4573
vn -0.2082 0.8647 0.4572
vn -0.6401 0.6747 0.3674
vn -0.6402 0.6747 0.3674
vn -0.2991 0.8271 -0.4759
vn -0.2991 0.8269 -0.4762
vn -0.1222 0.8992 0.4201
vn -0.1226 0.8990 0.4205
vn -0.5656 0.7095 0.4205
vn -0.3915 0.7875 -0.4761
vn -0.3915 0.7875 -0.4760
vn -0.0464 0.9291 0.3670
vn -0.0460 0.9289 0.3674
vn -0.4816 0.7478 0.4571
vn -0.4816 0.7477 0.4572
vn -0.4816 0.7477 -0.4572
vn -0.4817 0.7477 -0.4570
vn 0.0189 0.9536 0.3005
vn -0.3915 0.7875 0.4760
vn -0.5655 0.7095 -0.4204
vn -0.5656 0.7095 -0.4205
vn 0.0695 0.9724 0.2226
vn 0.0697 0.9724 0.2226
vn -0.6401 0.6748 -0.3674
vn 0.1044 0.9851 0.1368
vn 0.1042 0.9851 0.1368
vn -0.7027 0.6449 -0.3005
vn 0.1218 0.9915 0.0461
vn -0.7513 0.6213 -0.2226
vn -0.7514 0.6212 -0.2227
vn 0.2845 0.1217 -0.9509
vn 0.0528 -0.9939 0.0969
vn 0.5787 -0.7732 -0.2592
vn 0.5787 -0.7733 -0.2591
vn 0.0776 -0.9844 0.1576
vn 0.0776 -0.9845 0.1576
vn 0.5257 -0.7975 -0.2962
vn 0.5257 -0.7973 -0.2965
vn 0.4028 -0.8518 0.3349
vn 0.4029 -0.8518 0.3348
vn 0.1131 -0.9706 0.2125
vn 0.1136 -0.9706 0.2124
vn 0.4665 -0.8239 -0.3219
vn 0.4663 -0.8240 -0.3217
vn 0.4663 -0.8240 0.3217
vn 0.4662 -0.8241 0.3216
vn 0.1596 -0.9525 0.2593
vn 0.1596 -0.9525 0.2592
vn 0.4030 -0.8518 -0.3348
vn 0.4028 -0.8518 -0.3349
vn 0.5257 -0.7974 0.2964
vn 0.2138 -0.9309 0.2962
vn 0.2140 -0.9309 0.2961
vn 0.3379 -0.8796 -0.3348
vn 0.3379 -0.8795 -0.3350
vn 0.5787 -0.7732 0.2592
vn 0.2740 -0.9063 0.3217
vn 0.2741 -0.9062 -0.3218
vn 0.2740 -0.9063 -0.3217
vn 0.6235 -0.7524 0.2124
vn 0.6235 -0.7524 0.2122
vn 0.3379 -0.8797 0.3346
vn 0.3379 -0.8796 0.3348
vn 0.2138 -0.9309 -0.2962
vn 0.6585 -0.7359 0.1576
vn 0.6586 -0.7358 0.1576
vn 0.1596 -0.9525 -0.2592
vn 0.6824 -0.7245 0.0968
vn 0.6824 -0.7245 0.0969
vn 0.1136 -0.9706 -0.2124
vn 0.6946 -0.7186 0.0327
vn 0.6945 -0.7187 0.0327
vn 0.0777 -0.9844 -0.1576
vn 0.0774 -0.9845 -0.1576
vn 0.6946 -0.7187 -0.0327
vn 0.6945 -0.7187 -0.0327
vn 0.0528 -0.9939 -0.0969
vn 0.6824 -0.7245 -0.0969
vn 0.6828 -0.7241 -0.0972
vn 0.0406 -0.9986 -0.0329
vn 0.0402 -0.9987 -0.0327
vn 0.6585 -0.7359 -0.1576
vn 0.0402 -0.9987 0.0327
vn -0.4813 0.7505 -0.4530
vn -0.4815 0.7502 -0.4531
vn 0.2845 0.1217 0.9509
vn -0.6069 -0.2598 0.7511
vn -0.6076 -0.2596 0.7506
vn 0.0961 0.0411 -0.9945
vn 0.0965 0.0413 -0.9945
vn 0.4566 0.1953 0.8680
vn -0.4568 -0.1954 0.8679
vn -0.4567 -0.1951 0.8680
vn -0.0962 -0.0413 -0.9945
vn -0.0961 -0.0411 -0.9945
vn 0.6072 0.2598 0.7509
vn 0.6076 0.2596 0.7506
vn -0.2845 -0.1217 -0.9509
vn -0.2848 -0.1217 -0.9508
vn 0.7300 0.3123 0.6079
vn 0.7299 0.3119 0.6083
vn -0.0962 -0.0413 0.9945
vn -0.0961 -0.0411 0.9945
vn -0.4567 -0.1952 -0.8679
vn 0.8227 0.3521 0.4463
vn 0.8227 0.3520 0.4465
vn 0.8846 0.3785 0.2723
vn 0.8846 0.3786 0.2723
vn -0.7300 -0.3123 -0.6079
vn -0.7299 -0.3125 -0.6080
vn 0.9155 0.3917 0.0915
vn -0.8227 -0.3520 -0.4463
vn -0.8228 -0.3521 -0.4461
vn -0.8846 -0.3785 -0.2724
vn -0.8846 -0.3785 -0.2723
vn 0.8847 0.3785 -0.2720
vn 0.8843 0.3790 -0.2726
vn 0.8227 0.3520 -0.4465
vn 0.8227 0.3521 -0.4463
vn 0.7298 0.3122 -0.6083
vn 0.7299 0.3123 -0.6080
vn -0.8847 -0.3785 0.2720
vn -0.8228 -0.3520 0.4462
vn -0.8228 -0.3519 0.4462
vn 0.4568 0.1953 -0.8679
vn 0.4566 0.1953 -0.8680
vn 0.0965 0.0413 0.9945
vn 0.0964 0.0413 0.9945
vn -0.7301 -0.3120 0.6079
vn -0.0844 -0.9362 -0.3413
vn -0.0843 -0.9362 -0.3413
vn 0.0145 0.9545 0.2980
vn 0.0146 0.9545 0.2978
vn -0.3918 0.7898 0.4720
vn -0.3921 0.7898 0.4717
vn -0.5643 0.7127 -0.4166
vn -0.5645 0.7127 -0.4164
vn 0.0646 0.9732 0.2208
vn 0.0648 0.9733 0.2203
vn -0.6383 0.6783 -0.3639
vn -0.6384 0.6782 -0.3641
vn 0.0991 0.9858 0.1356
vn 0.0990 0.9858 0.1356
vn -0.7004 0.6486 -0.2978
vn -0.7005 0.6486 -0.2978
vn 0.1166 0.9921 0.0459
vn 0.1165 0.9921 0.0459
vn -0.7486 0.6252 -0.2206
vn 0.1165 0.9921 -0.0459
vn 0.1166 0.9921 -0.0452
vn -0.7815 0.6090 -0.1356
vn -0.7814 0.6091 -0.1355
vn 0.0991 0.9858 -0.1353
vn 0.0990 0.9858 -0.1356
vn -0.7981 0.6008 -0.0457
vn -0.7982 0.6007 -0.0457
vn 0.0649 0.9732 -0.2205
vn 0.0648 0.9732 -0.2206
vn -0.7981 0.6008 0.0457
vn 0.0146 0.9545 -0.2978
vn 0.0144 0.9545 -0.2980
vn -0.7814 0.6091 0.1356
vn -0.7815 0.6091 0.1356
vn -0.0501 0.9301 -0.3639
vn -0.0497 0.9301 -0.3640
vn -0.7486 0.6252 0.2205
vn -0.7486 0.6252 0.2206
vn -0.1257 0.9004 -0.4165
vn -0.3005 0.8290 0.4717
vn -0.3010 0.8287 0.4719
vn -0.7004 0.6486 0.2978
vn -0.7004 0.6487 0.2976
vn -0.2105 0.8663 -0.4530
vn -0.2105 0.8663 0.4530
vn -0.6385 0.6780 0.3642
vn -0.6384 0.6782 0.3640
vn -0.3005 0.8290 -0.4717
vn -0.1258 0.9004 0.4165
vn -0.1257 0.9004 0.4165
vn -0.5643 0.7127 0.4167
vn -0.5644 0.7127 0.4165
vn -0.3917 0.7898 -0.4720
vn -0.3918 0.7898 -0.4719
vn -0.0501 0.9301 0.3639
vn -0.0497 0.9301 0.3640
vn -0.4812 0.7505 0.4530
vn -0.4810 0.7506 0.4530
vn -0.9156 -0.3915 -0.0915
vn -0.9156 -0.3915 -0.0914
vn 0.8458 -0.5310 0.0522
vn 0.8460 -0.5307 0.0523
vn -0.1414 -0.9572 -0.2525
vn -0.1415 -0.9572 -0.2527
vn 0.8458 -0.5309 -0.0523
vn 0.8460 -0.5307 -0.0523
vn -0.1803 -0.9713 -0.1551
vn -0.1810 -0.9712 -0.1550
vn 0.8271 -0.5402 -0.1551
vn 0.8272 -0.5401 -0.1551
vn -0.2008 -0.9782 -0.0527
vn -0.2009 -0.9782 -0.0526
vn 0.7900 -0.5586 -0.2527
vn 0.7901 -0.5585 -0.2525
vn -0.2006 -0.9783 0.0525
vn -0.2008 -0.9782 0.0525
vn 0.7353 -0.5855 -0.3413
vn 0.7354 -0.5853 -0.3413
vn -0.1805 -0.9713 0.1551
vn 0.6646 -0.6194 -0.4179
vn 0.6646 -0.6195 -0.4177
vn -0.1415 -0.9572 0.2525
vn -0.1415 -0.9571 0.2529
vn 0.5801 -0.6593 -0.4783
vn 0.5801 -0.6593 -0.4784
vn 0.3823 -0.7481 0.5423
vn 0.3822 -0.7481 0.5425
vn -0.0841 -0.9361 0.3415
vn -0.0843 -0.9362 0.3413
vn 0.4848 -0.7028 -0.5207
vn 0.4848 -0.7029 0.5205
vn 0.4848 -0.7027 0.5207
vn -0.0106 -0.9084 0.4179
vn -0.0108 -0.9085 0.4177
vn 0.3823 -0.7481 -0.5423
vn 0.5801 -0.6593 0.4784
vn 0.5801 -0.6592 0.4784
vn 0.0762 -0.8748 0.4784
vn 0.0763 -0.8748 0.4784
vn 0.2771 -0.7932 -0.5423
vn 0.6646 -0.6196 0.4177
vn 0.1735 -0.8359 0.5207
vn 0.1737 -0.8360 -0.5205
vn 0.1738 -0.8360 -0.5205
vn 0.7352 -0.5856 0.3413
vn 0.7354 -0.5854 0.3414
vn 0.2771 -0.7932 0.5423
vn 0.2769 -0.7932 0.5424
vn 0.0762 -0.8748 -0.4784
vn 0.7900 -0.5587 0.2527
vn 0.7899 -0.5587 0.2527
vn -0.0110 -0.9084 -0.4180
vn -0.0106 -0.9084 -0.4179
vn 0.8272 -0.5401 0.1551
vn -0.7937 0.5491 0.2618
vn 0.8227 0.3521 -0.4464
vn 0.8228 0.3519 -0.4463
vn 0.7299 0.3122 -0.6081
vn 0.7299 0.3124 -0.6080
vn -0.8846 -0.3784 0.2724
vn -0.8227 -0.3520 0.4463
vn -0.8227 -0.3521 0.4463
vn 0.4571 0.1955 -0.8677
vn -0.7299 -0.3121 0.6081
vn -0.7299 -0.3124 0.6080
vn 0.2842 0.1215 -0.9510
vn 0.2843 0.1220 -0.9509
vn -0.6071 -0.2597 0.7510
vn 0.4569 0.1957 0.8678
vn -0.4571 -0.1955 0.8677
vn -0.4571 -0.1956 0.8677
vn -0.0965 -0.0413 -0.9945
vn -0.0967 -0.0415 -0.9944
vn -0.2844 -0.1218 0.9509
vn -0.2842 -0.1216 -0.9510
vn -0.2844 -0.1218 -0.9509
vn 0.7299 0.3124 0.6080
vn 0.7299 0.3122 0.6081
vn -0.0965 -0.0413 0.9945
vn -0.0966 -0.0413 0.9945
vn -0.4572 -0.1955 -0.8676
vn 0.8227 0.3520 0.4463
vn 0.8229 0.3519 0.4462
vn -0.6067 -0.2594 -0.7514
vn -0.6074 -0.2599 -0.7507
vn 0.8845 0.3789 0.2722
vn -0.7299 -0.3121 -0.6081
vn 0.9156 0.3915 0.0914
vn -0.8228 -0.3519 -0.4463
vn 0.9156 0.3915 -0.0914
vn 0.9156 0.3917 -0.0915
vn 0.8845 0.3789 -0.2722
vn -0.0606 -0.9911 -0.1184
vn -0.0605 -0.9911 -0.1182
vn -0.1661 0.9238 -0.3449
vn -0.2969 0.8454 0.4440
vn -0.7313 0.5873 0.3468
vn -0.2244 0.8884 -0.4004
vn -0.2244 0.8884 0.4004
vn -0.6536 0.6344 0.4128
vn -0.2969 0.8454 -0.4440
vn -0.1661 0.9238 0.3449
vn -0.5653 0.6872 0.4563
vn -0.3810 0.7960 -0.4704
vn -0.1223 0.9514 0.2825
vn -0.4723 0.7422 0.4754
vn -0.4723 0.7422 -0.4754
vn -0.0919 0.9717 0.2177
vn -0.3810 0.7960 0.4704
vn -0.5653 0.6872 -0.4563
vn -0.0725 0.9855 0.1534
vn -0.6536 0.6344 -0.4128
vn -0.0615 0.9940 0.0908
vn -0.7313 0.5873 -0.3468
vn -0.0566 0.9979 0.0300
vn -0.7937 0.5491 -0.2618
vn -0.0566 0.9979 -0.0300
vn -0.8371 0.5223 -0.1628
vn -0.0615 0.9940 -0.0908
vn -0.8593 0.5085 -0.0554
vn -0.8593 0.5085 -0.0552
vn -0.0725 0.9855 -0.1534
vn -0.8595 0.5082 0.0549
vn -0.8593 0.5085 0.0552
vn -0.0919 0.9717 -0.2177
vn -0.8371 0.5223 0.1628
vn -0.1223 0.9514 -0.2825
vn -0.9154 -0.2971 0.2715
vn -0.9155 -0.2967 0.2717
vn 0.7042 -0.7010 -0.1131
vn 0.7043 -0.7008 -0.1135
vn -0.0763 -0.9963 -0.0399
vn -0.0764 -0.9963 -0.0399
vn 0.6765 -0.7130 -0.1842
vn 0.6764 -0.7131 -0.1842
vn -0.0764 -0.9963 0.0399
vn 0.6359 -0.7305 -0.2491
vn 0.6359 -0.7305 -0.2489
vn -0.0605 -0.9911 0.1182
vn 0.5835 -0.7525 -0.3054
vn 0.5835 -0.7526 -0.3051
vn -0.0293 -0.9810 0.1920
vn 0.5208 -0.7786 -0.3501
vn 0.5211 -0.7783 -0.3502
vn 0.3735 -0.8371 0.3997
vn 0.3734 -0.8371 0.3997
vn 0.0165 -0.9659 0.2583
vn 0.0160 -0.9659 0.2583
vn 0.4501 -0.8071 -0.3821
vn 0.4502 -0.8069 -0.3823
vn 0.4499 -0.8071 0.3823
vn 0.4499 -0.8072 0.3822
vn 0.0741 -0.9463 0.3146
vn 0.0734 -0.9464 0.3146
vn 0.3732 -0.8371 -0.3999
vn 0.3740 -0.8371 -0.3993
vn 0.5212 -0.7781 0.3505
vn 0.5208 -0.7785 0.3504
vn 0.1413 -0.9230 0.3579
vn 0.1412 -0.9229 0.3581
vn 0.2943 -0.8672 -0.4016
vn 0.2943 -0.8673 -0.4016
vn 0.5835 -0.7526 0.3052
vn 0.5833 -0.7526 0.3055
vn 0.2158 -0.8962 0.3876
vn 0.2158 -0.8963 0.3875
vn 0.2157 -0.8962 -0.3876
vn 0.2158 -0.8962 -0.3876
vn 0.6359 -0.7305 0.2491
vn 0.2943 -0.8672 0.4016
vn 0.1409 -0.9229 -0.3584
vn 0.1412 -0.9229 -0.3583
vn 0.6765 -0.7130 0.1842
vn 0.0734 -0.9464 -0.3146
vn 0.0737 -0.9464 -0.3144
vn 0.7042 -0.7010 0.1131
vn 0.7043 -0.7008 0.1133
vn 0.0160 -0.9659 -0.2585
vn 0.0160 -0.9659 -0.2583
vn 0.7181 -0.6949 0.0381
vn 0.7180 -0.6950 0.0382
vn -0.0293 -0.9810 -0.1920
vn 0.7181 -0.6949 -0.0381
vn -0.6444 0.6291 0.4347
vn 0.6292 0.2037 -0.7501
vn 0.6293 0.2039 -0.7499
vn -0.8517 -0.2760 0.4454
vn -0.8516 -0.2762 0.4454
vn 0.4738 0.1536 -0.8671
vn 0.1003 0.0326 0.9944
vn 0.1004 0.0325 0.9944
vn -0.7560 -0.2450 0.6070
vn 0.2948 0.0956 -0.9508
vn 0.2946 0.0955 0.9508
vn 0.2950 0.0958 0.9507
vn -0.6292 -0.2039 0.7500
vn -0.6292 -0.2041 0.7500
vn 0.1003 0.0326 -0.9944
vn 0.1004 0.0325 -0.9944
vn 0.4740 0.1541 0.8669
vn 0.4739 0.1537 0.8671
vn -0.4738 -0.1536 0.8671
vn -0.1003 -0.0326 -0.9944
vn -0.1004 -0.0325 -0.9944
vn 0.6292 0.2039 0.7500
vn -0.2948 -0.0956 0.9508
vn -0.2949 -0.0957 0.9507
vn -0.2948 -0.0956 -0.9508
vn 0.7560 0.2454 0.6068
vn 0.7560 0.2452 0.6069
vn -0.1004 -0.0325 0.9944
vn -0.1003 -0.0326 0.9944
vn -0.4738 -0.1536 -0.8671
vn 0.8518 0.2762 0.4452
vn 0.8518 0.2757 0.4455
vn -0.6292 -0.2039 -0.7500
vn -0.6293 -0.2037 -0.7500
vn 0.9155 0.2967 0.2717
vn -0.7560 -0.2450 -0.6070
vn -0.7560 -0.2452 -0.6069
vn 0.9473 0.3070 0.0913
vn 0.9473 0.3071 0.0913
vn -0.8518 -0.2760 -0.4452
vn -0.8517 -0.2761 -0.4454
vn 0.9471 0.3075 -0.0915
vn 0.9473 0.3070 -0.0913
vn -0.9156 -0.2965 -0.2717
vn -0.9155 -0.2967 -0.2717
vn 0.9154 0.2967 -0.2719
vn 0.9156 0.2964 -0.2717
vn -0.9473 -0.3070 -0.0913
vn -0.9474 -0.3068 -0.0913
vn 0.8518 0.2757 -0.4455
vn 0.8518 0.2762 -0.4452
vn -0.9473 -0.3070 0.0913
vn -0.9474 -0.3068 0.0913
vn 0.7561 0.2451 -0.6068
vn 0.7559 0.2457 -0.6068
vn 0.2536 -0.8596 0.4435
vn 0.2535 -0.8596 0.4437
vn -0.2574 0.8353 -0.4859
vn -0.1073 0.9170 0.3842
vn -0.5511 0.6792 0.4847
vn -0.3512 0.7854 -0.5097
vn -0.0554 0.9468 0.3171
vn -0.4512 0.7324 0.5099
vn -0.4512 0.7324 -0.5099
vn -0.0186 0.9691 0.2459
vn -0.3512 0.7854 0.5097
vn -0.5511 0.6792 -0.4847
vn 0.0055 0.9847 0.1741
vn -0.6444 0.6291 -0.4347
vn 0.0195 0.9944 0.1035
vn -0.7254 0.5852 -0.3624
vn -0.7254 0.5853 -0.3624
vn 0.0258 0.9991 0.0343
vn -0.7895 0.5501 -0.2721
vn 0.0259 0.9991 -0.0343
vn 0.0258 0.9991 -0.0343
vn -0.8338 0.5257 -0.1685
vn 0.0195 0.9944 -0.1035
vn -0.8564 0.5132 -0.0571
vn 0.0055 0.9847 -0.1741
vn -0.8564 0.5132 0.0571
vn -0.0186 0.9691 -0.2459
vn -0.8338 0.5257 0.1685
vn -0.0554 0.9468 -0.3171
vn -0.7895 0.5501 0.2721
vn -0.1073 0.9170 -0.3842
vn -0.2574 0.8353 0.4859
vn -0.7253 0.5853 0.3624
vn -0.7254 0.5852 0.3624
vn -0.1749 0.8796 -0.4423
vn -0.1749 0.8796 0.4423
vn -0.1749 0.8797 0.4423
vn -0.8766 -0.1903 -0.4420
vn -0.8767 -0.1902 -0.4419
vn 0.0785 -0.9133 -0.3997
vn 0.6729 -0.7130 0.1973
vn 0.6730 -0.7129 0.1973
vn 0.0002 -0.9358 -0.3526
vn -0.0000 -0.9358 -0.3525
vn 0.7020 -0.7018 0.1209
vn 0.7021 -0.7017 0.1208
vn -0.0669 -0.9546 -0.2903
vn -0.0672 -0.9545 -0.2905
vn 0.7169 -0.6960 0.0408
vn 0.7169 -0.6960 0.0407
vn -0.1203 -0.9688 -0.2165
vn 0.7169 -0.6959 -0.0409
vn 0.7169 -0.6960 -0.0407
vn -0.1572 -0.9785 -0.1337
vn -0.1571 -0.9785 -0.1336
vn 0.7021 -0.7017 -0.1208
vn 0.7022 -0.7017 -0.1208
vn -0.1757 -0.9834 -0.0452
vn -0.1759 -0.9834 -0.0451
vn 0.6730 -0.7129 -0.1972
vn 0.6729 -0.7129 -0.1973
vn -0.1757 -0.9834 0.0449
vn -0.1759 -0.9834 0.0451
vn 0.6296 -0.7293 -0.2678
vn 0.6294 -0.7296 -0.2674
vn -0.1570 -0.9785 0.1336
vn -0.1571 -0.9785 0.1338
vn 0.5733 -0.7502 -0.3294
vn -0.1203 -0.9688 0.2168
vn -0.1201 -0.9689 0.2165
vn 0.5053 -0.7747 -0.3802
vn 0.5053 -0.7748 -0.3800
vn 0.3425 -0.8307 0.4389
vn -0.0670 -0.9546 0.2903
vn -0.0671 -0.9545 0.2905
vn 0.4275 -0.8020 -0.4172
vn 0.4276 -0.8019 -0.4172
vn 0.4274 -0.8020 0.4172
vn 0.4276 -0.8019 0.4173
vn -0.0000 -0.9356 0.3531
vn 0.0002 -0.9358 0.3525
vn 0.3425 -0.8307 -0.4389
vn 0.5053 -0.7748 0.3801
vn 0.5052 -0.7748 0.3800
vn 0.0785 -0.9133 0.3997
vn 0.2536 -0.8596 -0.4436
vn 0.2535 -0.8596 -0.4437
vn 0.5733 -0.7502 0.3294
vn 0.1643 -0.8875 0.4305
vn 0.1642 -0.8876 0.4304
vn 0.1643 -0.8875 -0.4305
vn 0.1642 -0.8875 -0.4306
vn 0.6300 -0.7290 0.2679
vn 0.6295 -0.7295 0.2677
vn -0.7811 0.6224 0.0499
vn 0.9732 0.2112 -0.0905
vn 0.9732 0.2113 -0.0904
vn -0.9411 -0.2045 -0.2693
vn 0.9411 0.2044 -0.2693
vn 0.9411 0.2044 -0.2695
vn -0.9732 -0.2115 -0.0902
vn -0.9732 -0.2113 -0.0906
vn 0.8766 0.1903 -0.4421
vn 0.8765 0.1904 -0.4422
vn -0.9732 -0.2113 0.0904
vn -0.9732 -0.2113 0.0905
vn 0.7794 0.1690 -0.6033
vn 0.7793 0.1692 -0.6034
vn -0.9411 -0.2046 0.2694
vn -0.9411 -0.2044 0.2694
vn 0.6498 0.1407 -0.7470
vn 0.6496 0.1408 -0.7471
vn -0.8766 -0.1902 0.4420
vn -0.8767 -0.1902 0.4419
vn 0.4901 0.1064 -0.8651
vn 0.1040 0.0225 0.9943
vn 0.1038 0.0225 0.9943
vn -0.7793 -0.1692 0.6034
vn 0.3054 0.0663 -0.9499
vn 0.3054 0.0663 0.9499
vn 0.3058 0.0666 0.9498
vn -0.6497 -0.1406 0.7471
vn -0.6497 -0.1411 0.7470
vn 0.1033 0.0224 -0.9944
vn 0.1040 0.0225 -0.9943
vn 0.4901 0.1064 0.8651
vn 0.4902 0.1064 0.8651
vn -0.4902 -0.1065 0.8651
vn -0.4901 -0.1065 0.8651
vn -0.1038 -0.0225 -0.9943
vn 0.6497 0.1411 0.7470
vn 0.6498 0.1408 0.7470
vn -0.3059 -0.0663 0.9497
vn -0.3056 -0.0663 0.9498
vn -0.3059 -0.0663 -0.9497
vn -0.3056 -0.0663 -0.9498
vn 0.7793 0.1692 0.6034
vn -0.1038 -0.0225 0.9943
vn -0.4902 -0.1065 -0.8651
vn -0.4898 -0.1062 -0.8653
vn 0.8766 0.1903 0.4421
vn 0.8765 0.1904 0.4422
vn -0.6497 -0.1406 -0.7471
vn 0.9411 0.2044 0.2695
vn 0.9409 0.2050 0.2696
vn -0.7793 -0.1692 -0.6034
vn 0.9732 0.2112 0.0905
vn 0.9732 0.2115 0.0902
vn 0.2966 -0.7854 0.5433
vn 0.2965 -0.7853 0.5434
vn -0.1223 0.9819 -0.1448
vn -0.7599 0.6332 0.1471
vn -0.1316 0.9707 -0.2011
vn -0.7182 0.6545 0.2363
vn -0.1546 0.9528 -0.2612
vn -0.2527 0.8942 0.3696
vn -0.6582 0.6850 0.3123
vn -0.1947 0.9273 -0.3197
vn -0.1947 0.9273 0.3197
vn -0.5833 0.7230 0.3702
vn -0.2527 0.8942 -0.3696
vn -0.1546 0.9528 0.2612
vn -0.4986 0.7660 0.4058
vn -0.3263 0.8546 -0.4039
vn -0.1316 0.9707 0.2011
vn -0.4106 0.8109 0.4170
vn -0.4106 0.8109 -0.4170
vn -0.1223 0.9819 0.1448
vn -0.3263 0.8546 0.4039
vn -0.4986 0.7660 -0.4058
vn -0.1217 0.9880 0.0955
vn -0.5833 0.7230 -0.3702
vn -0.1248 0.9907 0.0536
vn -0.6582 0.6850 -0.3123
vn -0.1275 0.9917 0.0172
vn -0.7182 0.6545 -0.2363
vn -0.1275 0.9917 -0.0172
vn -0.7598 0.6332 -0.1471
vn -0.7599 0.6332 -0.1471
vn -0.1248 0.9907 -0.0536
vn -0.7812 0.6223 -0.0499
vn -0.7811 0.6224 -0.0499
vn -0.1217 0.9880 -0.0955
vn 0.6707 0.0548 0.7397
vn 0.6708 0.0548 0.7396
vn -0.2473 -0.8939 0.3740
vn -0.2473 -0.8939 0.3738
vn 0.4036 -0.7589 -0.5110
vn 0.4035 -0.7589 -0.5111
vn 0.4034 -0.7589 0.5111
vn 0.4035 -0.7590 0.5110
vn -0.1554 -0.8787 0.4514
vn -0.1556 -0.8787 0.4514
vn 0.2966 -0.7854 -0.5433
vn 0.2965 -0.7853 -0.5434
vn 0.4993 -0.7338 0.4607
vn 0.4997 -0.7337 0.4605
vn -0.0498 -0.8595 0.5087
vn 0.1821 -0.8118 -0.5548
vn 0.1822 -0.8119 -0.5546
vn 0.5811 -0.7112 0.3955
vn 0.5813 -0.7112 0.3955
vn 0.0646 -0.8370 0.5434
vn 0.0647 -0.8369 0.5435
vn 0.0648 -0.8369 -0.5435
vn 0.0647 -0.8369 -0.5435
vn 0.6477 -0.6920 0.3187
vn 0.1820 -0.8118 0.5548
vn -0.0500 -0.8596 -0.5086
vn -0.0498 -0.8595 -0.5087
vn 0.6979 -0.6771 0.2334
vn 0.6978 -0.6772 0.2334
vn -0.1556 -0.8787 -0.4514
vn -0.1554 -0.8787 -0.4514
vn 0.7315 -0.6669 0.1422
vn 0.7315 -0.6668 0.1422
vn -0.2473 -0.8939 -0.3738
vn -0.2474 -0.8940 -0.3735
vn 0.7482 -0.6617 0.0478
vn 0.7482 -0.6617 0.0481
vn -0.3202 -0.9052 -0.2794
vn -0.3200 -0.9052 -0.2796
vn 0.7482 -0.6617 -0.0482
vn 0.7481 -0.6618 -0.0484
vn -0.3707 -0.9126 -0.1727
vn -0.3706 -0.9126 -0.1727
vn 0.7315 -0.6669 -0.1422
vn 0.7315 -0.6669 -0.1420
vn -0.3965 -0.9162 -0.0582
vn -0.3963 -0.9163 -0.0584
vn 0.6980 -0.6770 -0.2334
vn 0.6978 -0.6772 -0.2334
vn -0.3964 -0.9162 0.0584
vn -0.3964 -0.9162 0.0585
vn 0.6478 -0.6920 -0.3186
vn 0.6477 -0.6920 -0.3187
vn -0.3706 -0.9126 0.1727
vn -0.3708 -0.9125 0.1726
vn 0.5813 -0.7112 -0.3954
vn 0.5813 -0.7111 -0.3954
vn -0.3201 -0.9052 0.2795
vn -0.3202 -0.9052 0.2795
vn 0.4994 -0.7338 -0.4607
vn -0.1463 0.9885 0.0372
vn -0.3182 -0.0260 0.9477
vn -0.3185 -0.0261 -0.9476
vn 0.8010 0.0655 0.5951
vn -0.1081 -0.0088 0.9941
vn -0.5080 -0.0416 -0.8604
vn -0.5081 -0.0416 -0.8603
vn 0.8979 0.0733 0.4341
vn -0.6709 -0.0548 -0.7395
vn 0.9614 0.0785 0.2638
vn 0.9614 0.0785 0.2637
vn -0.8013 -0.0654 -0.5947
vn 0.9928 0.0811 0.0884
vn -0.8979 -0.0733 -0.4341
vn 0.9928 0.0811 -0.0885
vn 0.9928 0.0813 -0.0884
vn -0.9615 -0.0786 -0.2635
vn 0.9613 0.0786 -0.2641
vn 0.9614 0.0783 -0.2638
vn -0.9928 -0.0810 -0.0883
vn -0.9928 -0.0811 -0.0884
vn 0.8979 0.0732 -0.4341
vn 0.8979 0.0733 -0.4341
vn -0.9928 -0.0810 0.0883
vn -0.9927 -0.0814 0.0886
vn 0.8010 0.0655 -0.5951
vn -0.9614 -0.0785 0.2638
vn -0.9614 -0.0785 0.2636
vn 0.6709 0.0548 -0.7396
vn 0.6709 0.0548 -0.7395
vn -0.8979 -0.0733 0.4341
vn 0.5084 0.0415 -0.8601
vn 0.5086 0.0417 -0.8600
vn 0.1081 0.0089 0.9941
vn 0.1082 0.0089 0.9941
vn -0.8013 -0.0654 0.5947
vn -0.8012 -0.0654 0.5948
vn 0.3179 0.0260 -0.9478
vn 0.3180 0.0260 -0.9477
vn 0.3179 0.0260 0.9478
vn 0.3182 0.0260 0.9477
vn 0.3181 0.0260 0.9477
vn -0.6709 -0.0548 0.7395
vn 0.1082 0.0089 -0.9941
vn 0.1081 0.0089 -0.9941
vn 0.5087 0.0416 0.8599
vn 0.5086 0.0417 0.8600
vn -0.5080 -0.0416 0.8604
vn -0.5081 -0.0416 0.8603
vn -0.1081 -0.0088 -0.9941
vn 0.5677 -0.8181 -0.0920
vn 0.5675 -0.8182 -0.0924
vn -0.5104 0.8376 -0.1949
vn -0.1464 0.9892 0.0121
vn -0.5509 0.8213 -0.1483
vn -0.1464 0.9892 -0.0121
vn -0.5793 0.8098 -0.0927
vn -0.1463 0.9885 -0.0372
vn -0.5940 0.8039 -0.0315
vn -0.1473 0.9870 -0.0649
vn -0.5940 0.8039 0.0315
vn -0.5940 0.8039 0.0313
vn -0.1514 0.9838 -0.0959
vn -0.5793 0.8098 0.0927
vn -0.1613 0.9783 -0.1300
vn -0.5509 0.8213 0.1483
vn -0.1795 0.9697 -0.1655
vn -0.2462 0.9419 0.2285
vn -0.5104 0.8376 0.1949
vn -0.2077 0.9576 -0.1996
vn -0.2077 0.9576 0.1996
vn -0.4607 0.8573 0.2297
vn -0.2462 0.9419 -0.2285
vn -0.1795 0.9697 0.1655
vn -0.4052 0.8792 0.2506
vn -0.2939 0.9229 -0.2486
vn -0.1613 0.9783 0.1300
vn -0.3482 0.9016 0.2567
vn -0.3482 0.9016 -0.2567
vn -0.1514 0.9838 0.0959
vn -0.2939 0.9229 0.2486
vn -0.4052 0.8792 -0.2506
vn -0.1473 0.9870 0.0649
vn -0.4607 0.8573 -0.2297
vn 0.6784 0.0117 -0.7346
vn 0.6787 0.0113 -0.7343
vn -0.1537 -0.9874 -0.0369
vn 0.5447 -0.8250 -0.1505
vn 0.5445 -0.8252 -0.1503
vn -0.1537 -0.9874 0.0367
vn -0.1537 -0.9874 0.0369
vn 0.5111 -0.8348 -0.2047
vn 0.5109 -0.8350 -0.2046
vn 0.5109 -0.8350 -0.2045
vn -0.1371 -0.9845 0.1091
vn -0.1370 -0.9845 0.1091
vn 0.4671 -0.8472 -0.2530
vn -0.1048 -0.9787 0.1764
vn -0.1051 -0.9787 0.1762
vn 0.4133 -0.8621 -0.2932
vn 0.4138 -0.8618 -0.2935
vn 0.2837 -0.8955 0.3430
vn -0.0585 -0.9702 0.2353
vn 0.3519 -0.8782 -0.3239
vn 0.3518 -0.8784 -0.3235
vn 0.3519 -0.8782 0.3239
vn 0.3519 -0.8783 0.3236
vn -0.0004 -0.9589 0.2838
vn -0.0006 -0.9590 0.2836
vn 0.2837 -0.8955 -0.3430
vn 0.4134 -0.8621 0.2932
vn 0.4133 -0.8621 0.2931
vn 0.0660 -0.9454 0.3192
vn 0.0659 -0.9453 0.3195
vn 0.2113 -0.9129 -0.3491
vn 0.2114 -0.9129 -0.3492
vn 0.4673 -0.8471 0.2530
vn 0.4671 -0.8472 0.2530
vn 0.1379 -0.9298 0.3412
vn 0.1377 -0.9298 0.3414
vn 0.1377 -0.9298 -0.3414
vn 0.5115 -0.8344 0.2050
vn 0.5109 -0.8349 0.2049
vn 0.2113 -0.9129 0.3491
vn 0.0659 -0.9453 -0.3195
vn 0.0660 -0.9454 -0.3193
vn 0.5447 -0.8250 0.1506
vn -0.0006 -0.9589 -0.2837
vn 0.5673 -0.8184 0.0920
vn 0.5672 -0.8184 0.0923
vn -0.0585 -0.9702 -0.2353
vn -0.0584 -0.9701 -0.2354
vn 0.5788 -0.8149 0.0309
vn -0.1048 -0.9787 -0.1763
vn -0.1050 -0.9788 -0.1758
vn 0.5788 -0.8149 -0.0309
vn -0.1370 -0.9845 -0.1091
vn -0.1371 -0.9845 -0.1091
vn -0.1508 0.8584 -0.4904
vn -0.9032 -0.0155 0.4289
vn -0.9033 -0.0155 0.4288
vn 0.5155 0.0088 -0.8568
vn 0.5156 0.0088 -0.8568
vn 0.1101 0.0019 0.9939
vn 0.1102 0.0019 0.9939
vn -0.8080 -0.0143 0.5890
vn -0.8080 -0.0139 0.5890
vn 0.3232 0.0055 -0.9463
vn 0.3232 0.0055 0.9463
vn 0.3235 0.0055 0.9462
vn -0.6784 -0.0115 0.7346
vn -0.6786 -0.0116 0.7344
vn 0.1102 0.0019 -0.9939
vn 0.1099 0.0019 -0.9939
vn 0.5155 0.0088 0.8568
vn 0.5156 0.0084 0.8568
vn -0.5156 -0.0087 0.8568
vn -0.5155 -0.0088 0.8569
vn -0.1102 -0.0019 -0.9939
vn 0.6783 0.0114 0.7347
vn 0.6786 0.0122 0.7344
vn -0.3232 -0.0055 0.9463
vn -0.3235 -0.0057 0.9462
vn -0.3232 -0.0055 -0.9463
vn 0.8080 0.0139 0.5890
vn -0.1102 -0.0019 0.9939
vn -0.1095 -0.0020 0.9940
vn -0.5156 -0.0088 -0.8568
vn 0.9033 0.0155 0.4288
vn -0.6786 -0.0116 -0.7344
vn 0.9654 0.0166 0.2601
vn 0.9655 0.0163 0.2600
vn -0.8080 -0.0141 -0.5890
vn -0.8080 -0.0139 -0.5890
vn 0.9961 0.0171 0.0871
vn 0.9960 0.0169 0.0874
vn -0.9033 -0.0155 -0.4288
vn -0.9033 -0.0154 -0.4287
vn 0.9960 0.0169 -0.0874
vn 0.9961 0.0174 -0.0868
vn -0.9654 -0.0165 -0.2601
vn 0.9655 0.0163 -0.2600
vn -0.9960 -0.0169 -0.0873
vn -0.9961 -0.0173 -0.0870
vn 0.9033 0.0155 -0.4288
vn 0.9033 0.0154 -0.4288
vn -0.9960 -0.0171 0.0871
vn -0.9961 -0.0171 0.0871
vn 0.8081 0.0139 -0.5889
vn 0.8080 0.0141 -0.5891
vn -0.9654 -0.0166 0.2601
vn -0.9654 -0.0165 0.2601
vn 0.0147 -0.9569 -0.2901
vn 0.0146 -0.9569 -0.2901
vn -0.0284 0.9448 0.3263
vn -0.4846 0.7019 0.5221
vn -0.2528 0.8054 -0.5361
vn -0.0143 0.9720 0.2347
vn -0.3682 0.7520 0.5468
vn -0.3682 0.7520 -0.5468
vn -0.0238 0.9878 0.1540
vn -0.2528 0.8054 0.5361
vn -0.4846 0.7019 -0.5221
vn -0.0453 0.9948 0.0909
vn -0.5914 0.6581 -0.4661
vn -0.0671 0.9967 0.0459
vn -0.6814 0.6222 -0.3853
vn -0.0803 0.9967 0.0138
vn -0.7507 0.5952 -0.2866
vn -0.0803 0.9967 -0.0138
vn -0.7973 0.5773 -0.1763
vn -0.0671 0.9967 -0.0459
vn -0.8207 0.5683 -0.0595
vn -0.8206 0.5683 -0.0595
vn -0.0453 0.9948 -0.0909
vn -0.8206 0.5684 0.0595
vn -0.8206 0.5683 0.0595
vn -0.0238 0.9878 -0.1540
vn -0.7973 0.5773 0.1763
vn -0.0143 0.9720 -0.2347
vn -0.7507 0.5952 0.2866
vn -0.0284 0.9448 -0.3263
vn -0.1508 0.8584 0.4904
vn -0.6814 0.6222 0.3853
vn -0.6815 0.6222 0.3853
vn -0.0738 0.9062 -0.4164
vn -0.0738 0.9062 0.4164
vn -0.5914 0.6581 0.4661
vn -0.9013 0.1393 -0.4101
vn -0.9012 0.1390 -0.4105
vn 0.4556 -0.8804 0.1316
vn -0.0492 -0.9647 -0.2589
vn -0.0492 -0.9646 -0.2589
vn 0.4757 -0.8759 0.0806
vn 0.4760 -0.8757 0.0803
vn -0.1053 -0.9708 -0.2157
vn -0.1052 -0.9708 -0.2157
vn 0.4858 -0.8737 0.0270
vn -0.1504 -0.9752 -0.1622
vn 0.4859 -0.8736 -0.0270
vn 0.4859 -0.8736 -0.0265
vn -0.1825 -0.9780 -0.1006
vn -0.1823 -0.9781 -0.1006
vn 0.4757 -0.8759 -0.0803
vn 0.4758 -0.8759 -0.0801
vn -0.1985 -0.9795 -0.0341
vn 0.4557 -0.8804 -0.1313
vn 0.4556 -0.8804 -0.1316
vn -0.1984 -0.9795 0.0339
vn -0.1985 -0.9795 0.0341
vn 0.4255 -0.8869 -0.1798
vn 0.4257 -0.8869 -0.1795
vn -0.1823 -0.9781 0.1005
vn -0.1825 -0.9780 0.1007
vn 0.3864 -0.8950 -0.2226
vn 0.3863 -0.8951 -0.2225
vn -0.1504 -0.9752 0.1622
vn -0.1506 -0.9752 0.1623
vn 0.3380 -0.9048 -0.2591
vn 0.2191 -0.9264 0.3061
vn -0.1053 -0.9708 0.2157
vn -0.1053 -0.9708 0.2156
vn 0.2818 -0.9154 -0.2875
vn 0.2817 -0.9153 -0.2877
vn 0.2818 -0.9154 0.2875
vn -0.0492 -0.9646 0.2591
vn -0.0492 -0.9647 0.2589
vn 0.2191 -0.9264 -0.3061
vn 0.3380 -0.9048 0.2591
vn 0.0146 -0.9569 0.2901
vn 0.0147 -0.9569 0.2901
vn 0.1519 -0.9374 -0.3133
vn 0.1519 -0.9374 -0.3134
vn 0.3862 -0.8953 0.2221
vn 0.3864 -0.8951 0.2225
vn 0.0827 -0.9477 0.3082
vn 0.0827 -0.9477 -0.3082
vn 0.0826 -0.9478 -0.3081
vn 0.4257 -0.8869 0.1795
vn 0.1519 -0.9374 0.3134
vn -0.6968 0.7156 0.0489
vn -0.6966 0.7158 0.0488
vn 0.9849 -0.1520 -0.0824
vn 0.9849 -0.1520 -0.0825
vn -0.9576 0.1478 -0.2473
vn -0.9576 0.1479 -0.2471
vn 0.9575 -0.1478 -0.2477
vn 0.9576 -0.1477 -0.2475
vn -0.9849 0.1519 -0.0826
vn -0.9849 0.1519 -0.0827
vn 0.9012 -0.1390 -0.4105
vn -0.9849 0.1519 0.0827
vn 0.8129 -0.1255 -0.5688
vn 0.8130 -0.1257 -0.5686
vn -0.9576 0.1478 0.2473
vn -0.9576 0.1477 0.2474
vn 0.6897 -0.1064 -0.7162
vn -0.9012 0.1390 0.4105
vn 0.5295 -0.0817 -0.8443
vn 0.5296 -0.0817 -0.8443
vn 0.1148 -0.0177 0.9932
vn 0.1146 -0.0177 0.9933
vn -0.8130 0.1252 0.5686
vn -0.8131 0.1254 0.5685
vn 0.3353 -0.0518 -0.9407
vn 0.3352 -0.0517 -0.9407
vn 0.3352 -0.0518 0.9407
vn 0.3353 -0.0518 0.9407
vn -0.6897 0.1064 0.7162
vn -0.6898 0.1066 0.7161
vn 0.1146 -0.0177 -0.9933
vn 0.1149 -0.0177 -0.9932
vn 0.5296 -0.0818 0.8443
vn 0.5296 -0.0817 0.8443
vn -0.5296 0.0817 0.8443
vn -0.5294 0.0817 0.8444
vn -0.1148 0.0177 -0.9932
vn 0.6897 -0.1064 0.7162
vn -0.3350 0.0517 0.9408
vn -0.3353 0.0518 0.9407
vn -0.3350 0.0517 -0.9408
vn -0.3353 0.0518 -0.9407
vn 0.8128 -0.1257 0.5688
vn 0.8130 -0.1255 0.5686
vn -0.1148 0.0177 0.9932
vn -0.5295 0.0817 -0.8444
vn -0.5296 0.0817 -0.8443
vn 0.9012 -0.1390 0.4105
vn 0.9013 -0.1393 0.4101
vn -0.6894 0.1062 -0.7165
vn -0.6896 0.1063 -0.7164
vn 0.9573 -0.1480 0.2482
vn -0.8130 0.1251 -0.5686
vn -0.8130 0.1254 -0.5685
vn 0.9849 -0.1520 0.0824
vn 0.9849 -0.1520 0.0825
vn -0.0235 -0.8766 -0.4807
vn -0.0239 -0.8765 -0.4807
vn 0.1211 0.9692 -0.2145
vn -0.6772 0.7213 0.1450
vn 0.0927 0.9540 -0.2851
vn -0.6384 0.7325 0.2363
vn 0.0451 0.9342 -0.3539
vn -0.1100 0.8829 0.4565
vn -0.5806 0.7490 0.3191
vn -0.0232 0.9102 -0.4135
vn -0.0232 0.9102 0.4135
vn -0.5052 0.7703 0.3891
vn -0.1100 0.8829 -0.4565
vn 0.0451 0.9342 0.3539
vn -0.4147 0.7957 0.4414
vn -0.2096 0.8536 -0.4769
vn 0.0927 0.9540 0.2851
vn -0.3139 0.8240 0.4717
vn -0.3139 0.8240 -0.4717
vn 0.1211 0.9692 0.2145
vn -0.2096 0.8536 0.4769
vn -0.4147 0.7957 -0.4414
vn 0.1351 0.9798 0.1471
vn -0.5052 0.7703 -0.3891
vn 0.1401 0.9865 0.0852
vn -0.5806 0.7490 -0.3191
vn 0.1413 0.9896 0.0278
vn -0.6384 0.7325 -0.2363
vn 0.1413 0.9896 -0.0278
vn -0.6772 0.7213 -0.1450
vn -0.6772 0.7214 -0.1449
vn 0.1401 0.9865 -0.0852
vn -0.6967 0.7157 -0.0488
vn -0.6969 0.7155 -0.0489
vn 0.1351 0.9798 -0.1471
vn -0.7985 -0.1308 -0.5877
vn -0.7986 -0.1308 -0.5875
vn 0.5623 -0.7653 0.3132
vn 0.5622 -0.7654 0.3133
vn 0.0845 -0.8612 0.5012
vn 0.0845 -0.8613 0.5011
vn -0.1244 -0.8889 -0.4409
vn 0.6185 -0.7510 0.2312
vn -0.2137 -0.8982 -0.3841
vn -0.2139 -0.8982 -0.3840
vn 0.6565 -0.7409 0.1417
vn -0.2888 -0.9048 -0.3131
vn -0.2888 -0.9047 -0.3131
vn 0.6754 -0.7359 0.0474
vn 0.6758 -0.7356 0.0476
vn -0.3468 -0.9090 -0.2312
vn 0.6759 -0.7355 -0.0476
vn 0.6757 -0.7356 -0.0477
vn -0.3859 -0.9116 -0.1417
vn 0.6565 -0.7409 -0.1417
vn -0.4060 -0.9126 -0.0478
vn -0.4058 -0.9127 -0.0477
vn 0.6185 -0.7510 -0.2312
vn -0.4058 -0.9127 0.0477
vn 0.5623 -0.7653 -0.3131
vn 0.5623 -0.7654 -0.3131
vn -0.3859 -0.9116 0.1417
vn 0.4892 -0.7829 -0.3844
vn 0.4892 -0.7831 -0.3840
vn -0.3467 -0.9091 0.2310
vn -0.3468 -0.9090 0.2313
vn 0.4014 -0.8028 -0.4409
vn 0.1946 -0.8432 0.5012
vn 0.1945 -0.8432 0.5012
vn -0.2888 -0.9048 0.3130
vn -0.2888 -0.9048 0.3131
vn 0.3018 -0.8233 -0.4807
vn 0.3019 -0.8230 -0.4812
vn 0.3016 -0.8232 0.4809
vn 0.3018 -0.8232 0.4808
vn -0.2139 -0.8982 0.3840
vn 0.1946 -0.8432 -0.5012
vn 0.4014 -0.8028 0.4409
vn -0.1244 -0.8889 0.4409
vn -0.1246 -0.8889 0.4409
vn 0.0845 -0.8612 -0.5011
vn 0.0845 -0.8612 -0.5012
vn 0.4893 -0.7830 0.3842
vn 0.4891 -0.7832 0.3840
vn -0.0239 -0.8765 0.4807
vn -0.0235 -0.8766 0.4807
vn -0.9517 0.2964 -0.0798
vn 0.9831 0.1610 0.0870
vn 0.9831 0.1613 0.0868
vn -0.8923 -0.1464 -0.4271
vn -0.8921 -0.1461 -0.4275
vn 0.9831 0.1610 -0.0868
vn 0.9831 0.1610 -0.0870
vn -0.9531 -0.1561 -0.2591
vn -0.9532 -0.1561 -0.2590
vn 0.9531 0.1560 -0.2592
vn 0.9531 0.1561 -0.2591
vn -0.9831 -0.1610 -0.0868
vn 0.8921 0.1461 -0.4275
vn 0.8922 0.1461 -0.4273
vn -0.9831 -0.1610 0.0870
vn -0.9831 -0.1610 0.0868
vn 0.7986 0.1310 -0.5874
vn 0.7987 0.1308 -0.5873
vn -0.9532 -0.1561 0.2590
vn -0.9531 -0.1561 0.2591
vn 0.6712 0.1099 -0.7331
vn 0.6710 0.1101 -0.7332
vn -0.8923 -0.1464 0.4271
vn -0.8921 -0.1461 0.4275
vn 0.5104 0.0836 -0.8559
vn 0.5104 0.0838 -0.8558
vn 0.1093 0.0179 0.9938
vn -0.7985 -0.1308 0.5876
vn -0.7986 -0.1307 0.5875
vn 0.3200 0.0519 -0.9460
vn 0.3199 0.0523 -0.9460
vn 0.3203 0.0524 0.9459
vn 0.3201 0.0524 0.9459
vn -0.6714 -0.1100 0.7329
vn 0.1089 0.0179 -0.9939
vn 0.1092 0.0179 -0.9939
vn 0.5102 0.0834 0.8560
vn 0.5103 0.0836 0.8559
vn -0.5102 -0.0836 0.8560
vn -0.5106 -0.0836 0.8557
vn -0.1089 -0.0179 -0.9939
vn -0.1092 -0.0179 -0.9939
vn 0.6712 0.1099 0.7331
vn 0.6714 0.1100 0.7329
vn -0.3201 -0.0524 0.9459
vn -0.3204 -0.0526 0.9458
vn -0.3199 -0.0523 -0.9460
vn -0.3201 -0.0524 -0.9459
vn 0.7986 0.1310 0.5874
vn 0.7987 0.1308 0.5873
vn -0.1092 -0.0179 0.9939
vn -0.5102 -0.0836 -0.8560
vn -0.5104 -0.0836 -0.8559
vn 0.8921 0.1461 0.4275
vn 0.8922 0.1461 0.4273
vn -0.6712 -0.1099 -0.7330
vn -0.6714 -0.1100 -0.7329
vn 0.9532 0.1561 0.2590
vn 0.9531 0.1559 0.2592
vn -0.0252 0.9997 -0.0000
vn -0.0253 0.9997 -0.0000
vn -0.0251 0.9997 0.0001
vn -0.0251 0.9997 -0.0000
vn -0.0255 0.9997 0.0001
vn -0.0249 0.9997 -0.0001
vn -0.0252 0.9997 -0.0001
vn -0.0254 0.9997 -0.0000
vn -0.0254 0.9997 -0.0001
vn -0.0250 0.9997 -0.0000
vn -0.2350 0.9698 0.0659
vn -0.9517 0.2964 0.0798
vn -0.1189 0.9928 0.0158
vn -0.9205 0.3104 0.2372
vn -0.0071 0.9953 -0.0964
vn -0.8575 0.3388 0.3871
vn 0.0627 0.9641 -0.2579
vn -0.0129 0.8079 0.5892
vn -0.7621 0.3825 0.5224
vn 0.0625 0.8982 -0.4351
vn 0.0625 0.8982 0.4351
vn -0.6350 0.4423 0.6334
vn -0.0129 0.8079 -0.5892
vn 0.0627 0.9641 0.2579
vn -0.4810 0.5180 0.7073
vn -0.1467 0.7071 -0.6917
vn -0.0071 0.9953 0.0964
vn -0.3116 0.6078 0.7304
vn -0.3116 0.6078 -0.7304
vn -0.1189 0.9928 -0.0158
vn -0.1467 0.7071 0.6917
vn -0.4810 0.5180 -0.7073
vn -0.2350 0.9698 -0.0659
vn -0.6350 0.4423 -0.6334
vn -0.3255 0.9435 -0.0622
vn -0.7621 0.3825 -0.5224
vn -0.3739 0.9271 -0.0245
vn -0.8575 0.3388 -0.3871
vn -0.3739 0.9271 0.0245
vn -0.9205 0.3104 -0.2372
vn -0.3255 0.9435 0.0622
vt 0.000000 0.000000
s 0
usemtl Goddard_None
f 2049/2/1777 2050/2/1777 2051/2/1777
f 2051/2/1778 2052/2/1778 2053/2/1778
f 2049/2/1777 2051/2/1777 2053/2/1777
f 2053/2/1777 2054/2/1777 2055/2/1777
f 2055/2/1777 2056/2/1777 2057/2/1777
f 2053/2/1779 2055/2/1779 2057/2/1779
f 2049/2/1777 2053/2/1777 2057/2/1777
f 2057/2/1777 2058/2/1777 2059/2/1777
f 2059/2/1780 2060/2/1780 2061/2/1780
f 2057/2/1779 2059/2/1779 2061/2/1779
f 2061/2/1781 2062/2/1781 2063/2/1781
f 2063/2/1777 2064/2/1777 2065/2/1777
f 2061/2/1782 2063/2/1782 2065/2/1782
f 2057/2/1783 2061/2/1783 2065/2/1783
f 2065/2/1777 2066/2/1777 2067/2/1777
f 2067/2/1777 2068/2/1777 2069/2/1777
f 2065/2/1777 2067/2/1777 2069/2/1777
f 2069/2/1784 2070/2/1784 2071/2/1784
f 2071/2/1777 2072/2/1777 2073/2/1777
f 2069/2/1779 2071/2/1779 2073/2/1779
f 2065/2/1785 2069/2/1785 2073/2/1785
f 2057/2/1778 2065/2/1778 2073/2/1778
f 2049/2/1786 2057/2/1786 2073/2/1786
f 2074/2/1777 2075/2/1777 2076/2/1777
f 2073/2/1777 2074/2/1777 2076/2/1777
f 2073/2/1787 2076/2/1787 2077/2/1787
f 2049/2/1781 2073/2/1781 2077/2/1781
f 2078/2/1777 2049/2/1777 2077/2/1777
f 2078/2/1777 2077/2/1777 2079/2/1777
f 2078/2/1777 2079/2/1777 2080/2/1777
f 2081/2/1788 2082/2/1788 2083/2/1788
f 2083/2/1789 2084/2/1789 2081/2/1789
f 2067/2/1790 2085/2/1790 2086/2/1790
f 2086/2/1791 2068/2/1791 2067/2/1791
f 2087/2/1792 2049/2/1792 2078/2/1792
f 2078/2/1793 2088/2/1793 2087/2/1793
f 2053/2/1794 2089/2/1794 2090/2/1794
f 2090/2/1794 2054/2/1794 2053/2/1794
f 2066/2/1795 2091/2/1795 2085/2/1795
f 2085/2/1795 2067/2/1795 2066/2/1795
f 2088/2/1796 2078/2/1796 2080/2/1796
f 2080/2/1796 2092/2/1796 2088/2/1796
f 2052/2/1797 2093/2/1797 2089/2/1797
f 2089/2/1798 2053/2/1798 2052/2/1798
f 2065/2/1799 2094/2/1799 2091/2/1799
f 2091/2/1800 2066/2/1800 2065/2/1800
f 2092/2/1801 2080/2/1801 2079/2/1801
f 2079/2/1801 2095/2/1801 2092/2/1801
f 2051/2/1802 2096/2/1802 2093/2/1802
f 2093/2/1803 2052/2/1803 2051/2/1803
f 2064/2/1804 2097/2/1804 2094/2/1804
f 2094/2/1804 2065/2/1804 2064/2/1804
f 2079/2/1805 2077/2/1805 2098/2/1805
f 2098/2/1805 2095/2/1805 2079/2/1805
f 2050/2/1806 2099/2/1806 2096/2/1806
f 2096/2/1807 2051/2/1807 2050/2/1807
f 2063/2/1808 2100/2/1808 2097/2/1808
f 2097/2/1809 2064/2/1809 2063/2/1809
f 2076/2/1810 2101/2/1810 2098/2/1810
f 2098/2/1810 2077/2/1810 2076/2/1810
f 2050/2/1811 2049/2/1811 2087/2/1811
f 2087/2/1811 2099/2/1811 2050/2/1811
f 2062/2/1812 2102/2/1812 2100/2/1812
f 2100/2/1813 2063/2/1813 2062/2/1813
f 2103/2/1814 2101/2/1814 2076/2/1814
f 2076/2/1815 2075/2/1815 2103/2/1815
f 2061/2/1816 2104/2/1816 2102/2/1816
f 2102/2/1816 2062/2/1816 2061/2/1816
f 2074/2/1817 2105/2/1817 2103/2/1817
f 2103/2/1817 2075/2/1817 2074/2/1817
f 2060/2/1818 2106/2/1818 2104/2/1818
f 2104/2/1819 2061/2/1819 2060/2/1819
f 2084/2/1820 2105/2/1820 2074/2/1820
f 2074/2/1820 2073/2/1820 2084/2/1820
f 2059/2/1821 2107/2/1821 2106/2/1821
f 2106/2/1822 2060/2/1822 2059/2/1822
f 2084/2/1823 2073/2/1823 2072/2/1823
f 2072/2/1824 2081/2/1824 2084/2/1824
f 2058/2/1825 2108/2/1825 2107/2/1825
f 2107/2/1826 2059/2/1826 2058/2/1826
f 2072/2/1827 2071/2/1827 2109/2/1827
f 2109/2/1827 2081/2/1827 2072/2/1827
f 2057/2/1828 2110/2/1828 2108/2/1828
f 2108/2/1828 2058/2/1828 2057/2/1828
f 2070/2/1829 2111/2/1829 2109/2/1829
f 2109/2/1830 2071/2/1830 2070/2/1830
f 2056/2/1831 2112/2/1831 2110/2/1831
f 2110/2/1831 2057/2/1831 2056/2/1831
f 2069/2/1832 2113/2/1832 2111/2/1832
f 2111/2/1832 2070/2/1832 2069/2/1832
f 2055/2/1833 2114/2/1833 2112/2/1833
f 2112/2/1833 2056/2/1833 2055/2/1833
f 2068/2/1834 2086/2/1834 2113/2/1834
f 2113/2/1834 2069/2/1834 2068/2/1834
f 2054/2/1835 2090/2/1835 2114/2/1835
f 2114/2/1835 2055/2/1835 2054/2/1835
f 2115/2/1836 2116/2/1836 2117/2/1836
f 2117/2/1836 2118/2/1836 2115/2/1836
f 2108/2/1837 2119/2/1837 2120/2/1837
f 2120/2/1838 2107/2/1838 2108/2/1838
f 2109/2/1839 2121/2/1839 2082/2/1839
f 2082/2/1839 2081/2/1839 2109/2/1839
f 2110/2/1840 2122/2/1840 2119/2/1840
f 2119/2/1841 2108/2/1841 2110/2/1841
f 2111/2/1842 2118/2/1842 2121/2/1842
f 2121/2/1842 2109/2/1842 2111/2/1842
f 2112/2/1843 2123/2/1843 2122/2/1843
f 2122/2/1843 2110/2/1843 2112/2/1843
f 2113/2/1844 2115/2/1844 2118/2/1844
f 2118/2/1845 2111/2/1845 2113/2/1845
f 2114/2/1846 2124/2/1846 2123/2/1846
f 2123/2/1847 2112/2/1847 2114/2/1847
f 2086/2/1848 2125/2/1848 2115/2/1848
f 2115/2/1849 2113/2/1849 2086/2/1849
f 2090/2/1850 2126/2/1850 2124/2/1850
f 2124/2/1850 2114/2/1850 2090/2/1850
f 2085/2/1851 2127/2/1851 2125/2/1851
f 2125/2/1852 2086/2/1852 2085/2/1852
f 2088/2/1853 2128/2/1853 2129/2/1853
f 2129/2/1854 2087/2/1854 2088/2/1854
f 2089/2/1855 2130/2/1855 2126/2/1855
f 2126/2/1855 2090/2/1855 2089/2/1855
f 2091/2/1856 2131/2/1856 2127/2/1856
f 2127/2/1857 2085/2/1857 2091/2/1857
f 2092/2/1858 2132/2/1858 2128/2/1858
f 2128/2/1859 2088/2/1859 2092/2/1859
f 2093/2/1860 2133/2/1860 2130/2/1860
f 2130/2/1861 2089/2/1861 2093/2/1861
f 2094/2/1862 2134/2/1862 2131/2/1862
f 2131/2/1863 2091/2/1863 2094/2/1863
f 2095/2/1864 2135/2/1864 2132/2/1864
f 2132/2/1865 2092/2/1865 2095/2/1865
f 2096/2/1866 2136/2/1866 2133/2/1866
f 2133/2/1866 2093/2/1866 2096/2/1866
f 2097/2/1867 2137/2/1867 2134/2/1867
f 2134/2/1868 2094/2/1868 2097/2/1868
f 2098/2/1869 2138/2/1869 2135/2/1869
f 2135/2/1870 2095/2/1870 2098/2/1870
f 2099/2/1871 2139/2/1871 2136/2/1871
f 2136/2/1872 2096/2/1872 2099/2/1872
f 2100/2/1873 2140/2/1873 2137/2/1873
f 2137/2/1874 2097/2/1874 2100/2/1874
f 2101/2/1875 2141/2/1875 2138/2/1875
f 2138/2/1875 2098/2/1875 2101/2/1875
f 2099/2/1876 2087/2/1876 2129/2/1876
f 2129/2/1876 2139/2/1876 2099/2/1876
f 2102/2/1877 2142/2/1877 2140/2/1877
f 2140/2/1878 2100/2/1878 2102/2/1878
f 2103/2/1879 2143/2/1879 2141/2/1879
f 2141/2/1880 2101/2/1880 2103/2/1880
f 2104/2/1881 2144/2/1881 2142/2/1881
f 2142/2/1881 2102/2/1881 2104/2/1881
f 2105/2/1882 2145/2/1882 2143/2/1882
f 2143/2/1883 2103/2/1883 2105/2/1883
f 2106/2/1884 2146/2/1884 2144/2/1884
f 2144/2/1884 2104/2/1884 2106/2/1884
f 2084/2/1885 2083/2/1885 2145/2/1885
f 2145/2/1885 2105/2/1885 2084/2/1885
f 2107/2/1886 2120/2/1886 2146/2/1886
f 2146/2/1887 2106/2/1887 2107/2/1887
f 2147/2/1795 2148/2/1795 2149/2/1795
f 2149/2/1888 2150/2/1888 2147/2/1888
f 2124/2/1889 2151/2/1889 2152/2/1889
f 2152/2/1889 2123/2/1889 2124/2/1889
f 2125/2/1890 2153/2/1890 2116/2/1890
f 2116/2/1891 2115/2/1891 2125/2/1891
f 2126/2/1892 2154/2/1892 2151/2/1892
f 2151/2/1893 2124/2/1893 2126/2/1893
f 2127/2/1894 2147/2/1894 2153/2/1894
f 2153/2/1895 2125/2/1895 2127/2/1895
f 2128/2/1896 2155/2/1896 2156/2/1896
f 2156/2/1897 2129/2/1897 2128/2/1897
f 2130/2/1898 2157/2/1898 2154/2/1898
f 2154/2/1899 2126/2/1899 2130/2/1899
f 2131/2/1900 2148/2/1900 2147/2/1900
f 2147/2/1901 2127/2/1901 2131/2/1901
f 2132/2/1902 2158/2/1902 2155/2/1902
f 2155/2/1903 2128/2/1903 2132/2/1903
f 2133/2/1904 2159/2/1904 2157/2/1904
f 2157/2/1905 2130/2/1905 2133/2/1905
f 2134/2/1906 2160/2/1906 2148/2/1906
f 2148/2/1907 2131/2/1907 2134/2/1907
f 2135/2/1908 2161/2/1908 2158/2/1908
f 2158/2/1908 2132/2/1908 2135/2/1908
f 2136/2/1909 2162/2/1909 2159/2/1909
f 2159/2/1910 2133/2/1910 2136/2/1910
f 2137/2/1911 2163/2/1911 2160/2/1911
f 2160/2/1912 2134/2/1912 2137/2/1912
f 2138/2/1913 2164/2/1913 2161/2/1913
f 2161/2/1913 2135/2/1913 2138/2/1913
f 2139/2/1914 2165/2/1914 2162/2/1914
f 2162/2/1914 2136/2/1914 2139/2/1914
f 2140/2/1915 2166/2/1915 2163/2/1915
f 2163/2/1916 2137/2/1916 2140/2/1916
f 2141/2/1917 2167/2/1917 2164/2/1917
f 2164/2/1918 2138/2/1918 2141/2/1918
f 2139/2/1919 2129/2/1919 2156/2/1919
f 2156/2/1920 2165/2/1920 2139/2/1920
f 2142/2/1921 2168/2/1921 2166/2/1921
f 2166/2/1921 2140/2/1921 2142/2/1921
f 2143/2/1922 2169/2/1922 2167/2/1922
f 2167/2/1923 2141/2/1923 2143/2/1923
f 2144/2/1924 2170/2/1924 2168/2/1924
f 2168/2/1924 2142/2/1924 2144/2/1924
f 2145/2/1925 2171/2/1925 2169/2/1925
f 2169/2/1926 2143/2/1926 2145/2/1926
f 2146/2/1927 2172/2/1927 2170/2/1927
f 2170/2/1927 2144/2/1927 2146/2/1927
f 2083/2/1928 2173/2/1928 2171/2/1928
f 2171/2/1929 2145/2/1929 2083/2/1929
f 2120/2/1930 2174/2/1930 2172/2/1930
f 2172/2/1931 2146/2/1931 2120/2/1931
f 2082/2/1932 2175/2/1932 2173/2/1932
f 2173/2/1933 2083/2/1933 2082/2/1933
f 2119/2/1934 2176/2/1934 2174/2/1934
f 2174/2/1934 2120/2/1934 2119/2/1934
f 2121/2/1935 2177/2/1935 2175/2/1935
f 2175/2/1936 2082/2/1936 2121/2/1936
f 2122/2/1937 2178/2/1937 2176/2/1937
f 2176/2/1938 2119/2/1938 2122/2/1938
f 2118/2/1939 2117/2/1939 2177/2/1939
f 2177/2/1939 2121/2/1939 2118/2/1939
f 2123/2/1940 2152/2/1940 2178/2/1940
f 2178/2/1940 2122/2/1940 2123/2/1940
f 2179/2/1941 2180/2/1941 2181/2/1941
f 2181/2/1942 2182/2/1942 2179/2/1942
f 2158/2/1943 2183/2/1943 2184/2/1943
f 2184/2/1796 2155/2/1796 2158/2/1796
f 2185/2/1944 2186/2/1944 2157/2/1944
f 2157/2/1945 2159/2/1945 2185/2/1945
f 2148/2/1946 2160/2/1946 2187/2/1946
f 2187/2/1947 2149/2/1947 2148/2/1947
f 2161/2/1801 2188/2/1801 2183/2/1801
f 2183/2/1948 2158/2/1948 2161/2/1948
f 2159/2/1949 2162/2/1949 2189/2/1949
f 2189/2/1950 2185/2/1950 2159/2/1950
f 2160/2/1951 2163/2/1951 2182/2/1951
f 2182/2/1952 2187/2/1952 2160/2/1952
f 2164/2/1953 2190/2/1953 2188/2/1953
f 2188/2/1954 2161/2/1954 2164/2/1954
f 2162/2/1807 2165/2/1807 2191/2/1807
f 2191/2/1807 2189/2/1807 2162/2/1807
f 2163/2/1955 2166/2/1955 2179/2/1955
f 2179/2/1956 2182/2/1956 2163/2/1956
f 2167/2/1957 2192/2/1957 2190/2/1957
f 2190/2/1958 2164/2/1958 2167/2/1958
f 2191/2/1959 2165/2/1959 2156/2/1959
f 2156/2/1960 2193/2/1960 2191/2/1960
f 2166/2/1961 2168/2/1961 2194/2/1961
f 2194/2/1812 2179/2/1812 2166/2/1812
f 2169/2/1962 2195/2/1962 2192/2/1962
f 2192/2/1963 2167/2/1963 2169/2/1963
f 2196/2/1816 2194/2/1816 2168/2/1816
f 2168/2/1816 2170/2/1816 2196/2/1816
f 2171/2/1964 2197/2/1964 2195/2/1964
f 2195/2/1965 2169/2/1965 2171/2/1965
f 2170/2/1966 2172/2/1966 2198/2/1966
f 2198/2/1967 2196/2/1967 2170/2/1967
f 2171/2/1968 2173/2/1968 2199/2/1968
f 2199/2/1968 2197/2/1968 2171/2/1968
f 2172/2/1969 2174/2/1969 2200/2/1969
f 2200/2/1970 2198/2/1970 2172/2/1970
f 2173/2/1824 2175/2/1824 2201/2/1824
f 2201/2/1824 2199/2/1824 2173/2/1824
f 2202/2/1971 2200/2/1971 2174/2/1971
f 2174/2/1972 2176/2/1972 2202/2/1972
f 2201/2/1973 2175/2/1973 2177/2/1973
f 2177/2/1974 2203/2/1974 2201/2/1974
f 2176/2/1828 2178/2/1828 2204/2/1828
f 2204/2/1828 2202/2/1828 2176/2/1828
f 2177/2/1975 2117/2/1975 2205/2/1975
f 2205/2/1976 2203/2/1976 2177/2/1976
f 2178/2/1831 2152/2/1831 2206/2/1831
f 2206/2/1831 2204/2/1831 2178/2/1831
f 2205/2/1977 2117/2/1977 2116/2/1977
f 2116/2/1978 2207/2/1978 2205/2/1978
f 2208/2/1979 2206/2/1979 2152/2/1979
f 2152/2/1833 2151/2/1833 2208/2/1833
f 2207/2/1834 2116/2/1834 2153/2/1834
f 2153/2/1834 2209/2/1834 2207/2/1834
f 2151/2/1980 2154/2/1980 2210/2/1980
f 2210/2/1981 2208/2/1981 2151/2/1981
f 2150/2/1982 2209/2/1982 2153/2/1982
f 2153/2/1983 2147/2/1983 2150/2/1983
f 2155/2/1984 2184/2/1984 2193/2/1984
f 2193/2/1985 2156/2/1985 2155/2/1985
f 2154/2/1986 2157/2/1986 2186/2/1986
f 2186/2/1794 2210/2/1794 2154/2/1794
f 2211/2/1987 2212/2/1987 2213/2/1987
f 2213/2/1988 2214/2/1988 2211/2/1988
f 2192/2/1989 2215/2/1989 2216/2/1989
f 2216/2/1990 2190/2/1990 2192/2/1990
f 2217/2/1991 2191/2/1991 2193/2/1991
f 2193/2/1992 2218/2/1992 2217/2/1992
f 2180/2/1993 2179/2/1993 2194/2/1993
f 2194/2/1994 2219/2/1994 2180/2/1994
f 2220/2/1995 2215/2/1995 2192/2/1995
f 2192/2/1996 2195/2/1996 2220/2/1996
f 2196/2/1997 2214/2/1997 2219/2/1997
f 2219/2/1998 2194/2/1998 2196/2/1998
f 2197/2/1999 2221/2/1999 2220/2/1999
f 2220/2/2000 2195/2/2000 2197/2/2000
f 2198/2/2001 2211/2/2001 2214/2/2001
f 2214/2/2002 2196/2/2002 2198/2/2002
f 2199/2/2003 2222/2/2003 2221/2/2003
f 2221/2/2004 2197/2/2004 2199/2/2004
f 2223/2/2005 2211/2/2005 2198/2/2005
f 2198/2/2005 2200/2/2005 2223/2/2005
f 2201/2/2006 2224/2/2006 2222/2/2006
f 2222/2/2007 2199/2/2007 2201/2/2007
f 2202/2/2008 2225/2/2008 2223/2/2008
f 2223/2/2009 2200/2/2009 2202/2/2009
f 2226/2/2010 2224/2/2010 2201/2/2010
f 2201/2/2011 2203/2/2011 2226/2/2011
f 2204/2/2012 2227/2/2012 2225/2/2012
f 2225/2/2013 2202/2/2013 2204/2/2013
f 2205/2/2014 2228/2/2014 2226/2/2014
f 2226/2/2015 2203/2/2015 2205/2/2015
f 2229/2/2016 2227/2/2016 2204/2/2016
f 2204/2/2016 2206/2/2016 2229/2/2016
f 2207/2/2017 2230/2/2017 2228/2/2017
f 2228/2/2018 2205/2/2018 2207/2/2018
f 2208/2/2019 2231/2/2019 2229/2/2019
f 2229/2/2020 2206/2/2020 2208/2/2020
f 2232/2/2021 2230/2/2021 2207/2/2021
f 2207/2/2022 2209/2/2022 2232/2/2022
f 2210/2/2023 2233/2/2023 2231/2/2023
f 2231/2/2024 2208/2/2024 2210/2/2024
f 2150/2/2025 2234/2/2025 2232/2/2025
f 2232/2/2025 2209/2/2025 2150/2/2025
f 2184/2/2026 2235/2/2026 2218/2/2026
f 2218/2/2027 2193/2/2027 2184/2/2027
f 2233/2/2028 2210/2/2028 2186/2/2028
f 2186/2/2029 2236/2/2029 2233/2/2029
f 2149/2/2030 2237/2/2030 2234/2/2030
f 2234/2/2030 2150/2/2030 2149/2/2030
f 2183/2/2031 2238/2/2031 2235/2/2031
f 2235/2/2031 2184/2/2031 2183/2/2031
f 2185/2/2032 2239/2/2032 2236/2/2032
f 2236/2/2033 2186/2/2033 2185/2/2033
f 2240/2/2034 2237/2/2034 2149/2/2034
f 2149/2/2034 2187/2/2034 2240/2/2034
f 2241/2/2035 2238/2/2035 2183/2/2035
f 2183/2/2036 2188/2/2036 2241/2/2036
f 2189/2/2037 2242/2/2037 2239/2/2037
f 2239/2/2038 2185/2/2038 2189/2/2038
f 2182/2/2039 2181/2/2039 2240/2/2039
f 2240/2/2040 2187/2/2040 2182/2/2040
f 2190/2/2041 2216/2/2041 2241/2/2041
f 2241/2/2042 2188/2/2042 2190/2/2042
f 2217/2/2043 2242/2/2043 2189/2/2043
f 2189/2/2044 2191/2/2044 2217/2/2044
f 2243/2/2045 2244/2/2045 2245/2/2045
f 2245/2/2046 2246/2/2046 2243/2/2046
f 2247/2/2047 2221/2/2047 2222/2/2047
f 2222/2/2048 2248/2/2048 2247/2/2048
f 2223/2/2049 2249/2/2049 2212/2/2049
f 2212/2/2050 2211/2/2050 2223/2/2050
f 2224/2/2051 2250/2/2051 2248/2/2051
f 2248/2/2052 2222/2/2052 2224/2/2052
f 2249/2/2053 2223/2/2053 2225/2/2053
f 2225/2/2054 2245/2/2054 2249/2/2054
f 2226/2/2055 2251/2/2055 2250/2/2055
f 2250/2/2056 2224/2/2056 2226/2/2056
f 2227/2/2057 2246/2/2057 2245/2/2057
f 2245/2/2058 2225/2/2058 2227/2/2058
f 2252/2/2059 2251/2/2059 2226/2/2059
f 2226/2/2060 2228/2/2060 2252/2/2060
f 2229/2/2061 2253/2/2061 2246/2/2061
f 2246/2/2062 2227/2/2062 2229/2/2062
f 2230/2/2063 2254/2/2063 2252/2/2063
f 2252/2/2064 2228/2/2064 2230/2/2064
f 2253/2/2065 2229/2/2065 2231/2/2065
f 2231/2/2065 2255/2/2065 2253/2/2065
f 2232/2/2066 2256/2/2066 2254/2/2066
f 2254/2/2067 2230/2/2067 2232/2/2067
f 2233/2/2068 2257/2/2068 2255/2/2068
f 2255/2/2069 2231/2/2069 2233/2/2069
f 2258/2/2070 2256/2/2070 2232/2/2070
f 2232/2/2071 2234/2/2071 2258/2/2071
f 2218/2/2072 2235/2/2072 2259/2/2072
f 2259/2/2073 2260/2/2073 2218/2/2073
f 2236/2/2074 2261/2/2074 2257/2/2074
f 2257/2/2075 2233/2/2075 2236/2/2075
f 2237/2/2076 2262/2/2076 2258/2/2076
f 2258/2/2076 2234/2/2076 2237/2/2076
f 2238/2/2077 2263/2/2077 2259/2/2077
f 2259/2/2078 2235/2/2078 2238/2/2078
f 2264/2/2079 2261/2/2079 2236/2/2079
f 2236/2/2080 2239/2/2080 2264/2/2080
f 2240/2/2081 2265/2/2081 2262/2/2081
f 2262/2/2081 2237/2/2081 2240/2/2081
f 2241/2/2082 2266/2/2082 2263/2/2082
f 2263/2/2083 2238/2/2083 2241/2/2083
f 2242/2/2084 2267/2/2084 2264/2/2084
f 2264/2/2085 2239/2/2085 2242/2/2085
f 2265/2/2086 2240/2/2086 2181/2/2086
f 2181/2/2086 2268/2/2086 2265/2/2086
f 2216/2/2087 2269/2/2087 2266/2/2087
f 2266/2/2087 2241/2/2087 2216/2/2087
f 2217/2/2088 2270/2/2088 2267/2/2088
f 2267/2/2088 2242/2/2088 2217/2/2088
f 2180/2/2089 2271/2/2089 2268/2/2089
f 2268/2/2090 2181/2/2090 2180/2/2090
f 2269/2/2091 2216/2/2091 2215/2/2091
f 2215/2/2092 2272/2/2092 2269/2/2092
f 2260/2/2093 2270/2/2093 2217/2/2093
f 2217/2/2094 2218/2/2094 2260/2/2094
f 2219/2/2095 2273/2/2095 2271/2/2095
f 2271/2/2095 2180/2/2095 2219/2/2095
f 2220/2/2096 2274/2/2096 2272/2/2096
f 2272/2/2097 2215/2/2097 2220/2/2097
f 2273/2/2098 2219/2/2098 2214/2/2098
f 2214/2/2099 2213/2/2099 2273/2/2099
f 2221/2/2100 2247/2/2100 2274/2/2100
f 2274/2/2100 2220/2/2100 2221/2/2100
f 2275/2/2101 2276/2/2101 2277/2/2101
f 2277/2/2101 2278/2/2101 2275/2/2101
f 2252/2/2102 2279/2/2102 2280/2/2102
f 2280/2/2103 2251/2/2103 2252/2/2103
f 2253/2/1831 2281/2/1831 2243/2/1831
f 2243/2/1831 2246/2/1831 2253/2/1831
f 2282/2/2104 2279/2/2104 2252/2/2104
f 2252/2/2105 2254/2/2105 2282/2/2105
f 2255/2/2106 2278/2/2106 2281/2/2106
f 2281/2/1833 2253/2/1833 2255/2/1833
f 2256/2/1834 2283/2/1834 2282/2/1834
f 2282/2/1834 2254/2/1834 2256/2/1834
f 2275/2/2107 2278/2/2107 2255/2/2107
f 2255/2/2108 2257/2/2108 2275/2/2108
f 2258/2/1790 2284/2/1790 2283/2/1790
f 2283/2/2109 2256/2/2109 2258/2/2109
f 2260/2/1984 2259/2/1984 2285/2/1984
f 2285/2/1984 2286/2/1984 2260/2/1984
f 2261/2/2110 2287/2/2110 2275/2/2110
f 2275/2/2111 2257/2/2111 2261/2/2111
f 2288/2/2112 2284/2/2112 2258/2/2112
f 2258/2/2113 2262/2/2113 2288/2/2113
f 2285/2/1796 2259/2/1796 2263/2/1796
f 2263/2/1796 2289/2/1796 2285/2/1796
f 2264/2/1797 2290/2/1797 2287/2/1797
f 2287/2/2114 2261/2/2114 2264/2/2114
f 2265/2/1947 2291/2/1947 2288/2/1947
f 2288/2/1947 2262/2/1947 2265/2/1947
f 2289/2/1801 2263/2/1801 2266/2/1801
f 2266/2/2115 2292/2/2115 2289/2/2115
f 2293/2/2116 2290/2/2116 2264/2/2116
f 2264/2/2117 2267/2/2117 2293/2/2117
f 2268/2/2118 2294/2/2118 2291/2/2118
f 2291/2/2119 2265/2/2119 2268/2/2119
f 2269/2/1953 2295/2/1953 2292/2/1953
f 2292/2/1953 2266/2/1953 2269/2/1953
f 2270/2/1807 2296/2/1807 2293/2/1807
f 2293/2/2120 2267/2/2120 2270/2/2120
f 2297/2/2121 2294/2/2121 2268/2/2121
f 2268/2/2122 2271/2/2122 2297/2/2122
f 2272/2/2123 2298/2/2123 2295/2/2123
f 2295/2/2124 2269/2/2124 2272/2/2124
f 2286/2/2125 2296/2/2125 2270/2/2125
f 2270/2/2126 2260/2/2126 2286/2/2126
f 2273/2/2127 2299/2/2127 2297/2/2127
f 2297/2/1812 2271/2/1812 2273/2/1812
f 2298/2/2128 2272/2/2128 2274/2/2128
f 2274/2/2129 2300/2/2129 2298/2/2129
f 2213/2/2130 2301/2/2130 2299/2/2130
f 2299/2/2131 2273/2/2131 2213/2/2131
f 2247/2/2132 2302/2/2132 2300/2/2132
f 2300/2/2132 2274/2/2132 2247/2/2132
f 2303/2/2133 2301/2/2133 2213/2/2133
f 2213/2/1819 2212/2/1819 2303/2/1819
f 2248/2/2134 2304/2/2134 2302/2/2134
f 2302/2/2134 2247/2/2134 2248/2/2134
f 2249/2/2135 2305/2/2135 2303/2/2135
f 2303/2/1822 2212/2/1822 2249/2/1822
f 2306/2/2136 2304/2/2136 2248/2/2136
f 2248/2/2137 2250/2/2137 2306/2/2137
f 2245/2/1971 2244/2/1971 2305/2/1971
f 2305/2/1971 2249/2/1971 2245/2/1971
f 2251/2/2138 2280/2/2138 2306/2/2138
f 2306/2/1827 2250/2/1827 2251/2/1827
f 2307/2/2139 2308/2/2139 2309/2/2139
f 2309/2/2140 2310/2/2140 2307/2/2140
f 2284/2/2141 2311/2/2141 2312/2/2141
f 2312/2/2141 2283/2/2141 2284/2/2141
f 2313/2/2142 2314/2/2142 2286/2/2142
f 2286/2/2142 2285/2/2142 2313/2/2142
f 2315/2/2143 2276/2/2143 2275/2/2143
f 2275/2/2143 2287/2/2143 2315/2/2143
f 2288/2/2144 2316/2/2144 2311/2/2144
f 2311/2/2144 2284/2/2144 2288/2/2144
f 2289/2/2145 2317/2/2145 2313/2/2145
f 2313/2/2145 2285/2/2145 2289/2/2145
f 2290/2/2146 2318/2/2146 2315/2/2146
f 2315/2/2146 2287/2/2146 2290/2/2146
f 2319/2/2147 2316/2/2147 2288/2/2147
f 2288/2/2147 2291/2/2147 2319/2/2147
f 2292/2/2148 2320/2/2148 2317/2/2148
f 2317/2/2148 2289/2/2148 2292/2/2148
f 2293/2/2149 2321/2/2149 2318/2/2149
f 2318/2/2149 2290/2/2149 2293/2/2149
f 2294/2/2150 2322/2/2150 2319/2/2150
f 2319/2/2150 2291/2/2150 2294/2/2150
f 2323/2/2151 2320/2/2151 2292/2/2151
f 2292/2/2151 2295/2/2151 2323/2/2151
f 2321/2/2152 2293/2/2152 2296/2/2152
f 2296/2/2152 2324/2/2152 2321/2/2152
f 2297/2/2153 2325/2/2153 2322/2/2153
f 2322/2/2153 2294/2/2153 2297/2/2153
f 2298/2/2154 2326/2/2154 2323/2/2154
f 2323/2/2154 2295/2/2154 2298/2/2154
f 2314/2/2155 2324/2/2155 2296/2/2155
f 2296/2/2155 2286/2/2155 2314/2/2155
f 2325/2/2156 2297/2/2156 2299/2/2156
f 2299/2/2156 2327/2/2156 2325/2/2156
f 2300/2/2157 2328/2/2157 2326/2/2157
f 2326/2/2157 2298/2/2157 2300/2/2157
f 2301/2/2158 2329/2/2158 2327/2/2158
f 2327/2/2158 2299/2/2158 2301/2/2158
f 2330/2/2159 2328/2/2159 2300/2/2159
f 2300/2/2159 2302/2/2159 2330/2/2159
f 2303/2/2160 2331/2/2160 2329/2/2160
f 2329/2/2160 2301/2/2160 2303/2/2160
f 2304/2/2161 2332/2/2161 2330/2/2161
f 2330/2/2161 2302/2/2161 2304/2/2161
f 2309/2/2162 2331/2/2162 2303/2/2162
f 2303/2/2162 2305/2/2162 2309/2/2162
f 2306/2/2163 2333/2/2163 2332/2/2163
f 2332/2/2163 2304/2/2163 2306/2/2163
f 2244/2/2164 2310/2/2164 2309/2/2164
f 2309/2/2164 2305/2/2164 2244/2/2164
f 2333/2/2165 2306/2/2165 2280/2/2165
f 2280/2/2165 2334/2/2165 2333/2/2165
f 2243/2/2166 2335/2/2166 2310/2/2166
f 2310/2/2167 2244/2/2167 2243/2/2167
f 2279/2/2168 2336/2/2168 2334/2/2168
f 2334/2/2168 2280/2/2168 2279/2/2168
f 2335/2/2169 2243/2/2169 2281/2/2169
f 2281/2/2170 2337/2/2170 2335/2/2170
f 2282/2/2171 2338/2/2171 2336/2/2171
f 2336/2/2171 2279/2/2171 2282/2/2171
f 2278/2/2172 2277/2/2172 2337/2/2172
f 2337/2/2172 2281/2/2172 2278/2/2172
f 2312/2/2173 2338/2/2173 2282/2/2173
f 2282/2/2173 2283/2/2173 2312/2/2173
f 2339/2/2174 2340/2/2174 2341/2/2174
f 2341/2/2175 2342/2/2175 2339/2/2175
f 2334/2/2176 2343/2/2176 2344/2/2176
f 2344/2/2177 2333/2/2177 2334/2/2177
f 2335/2/2178 2345/2/2178 2307/2/2178
f 2307/2/2179 2310/2/2179 2335/2/2179
f 2346/2/2180 2343/2/2180 2334/2/2180
f 2334/2/2181 2336/2/2181 2346/2/2181
f 2337/2/2182 2342/2/2182 2345/2/2182
f 2345/2/2182 2335/2/2182 2337/2/2182
f 2338/2/2183 2347/2/2183 2346/2/2183
f 2346/2/2184 2336/2/2184 2338/2/2184
f 2342/2/2185 2337/2/2185 2277/2/2185
f 2277/2/2185 2339/2/2185 2342/2/2185
f 2312/2/2186 2348/2/2186 2347/2/2186
f 2347/2/2187 2338/2/2187 2312/2/2187
f 2276/2/2188 2349/2/2188 2339/2/2188
f 2339/2/2188 2277/2/2188 2276/2/2188
f 2348/2/2189 2312/2/2189 2311/2/2189
f 2311/2/2190 2350/2/2190 2348/2/2190
f 2314/2/2191 2313/2/2191 2351/2/2191
f 2351/2/2192 2352/2/2192 2314/2/2192
f 2315/2/2193 2353/2/2193 2349/2/2193
f 2349/2/2194 2276/2/2194 2315/2/2194
f 2316/2/2195 2354/2/2195 2350/2/2195
f 2350/2/2196 2311/2/2196 2316/2/2196
f 2317/2/2197 2355/2/2197 2351/2/2197
f 2351/2/2198 2313/2/2198 2317/2/2198
f 2356/2/2199 2353/2/2199 2315/2/2199
f 2315/2/2200 2318/2/2200 2356/2/2200
f 2319/2/2201 2357/2/2201 2354/2/2201
f 2354/2/2202 2316/2/2202 2319/2/2202
f 2320/2/2203 2358/2/2203 2355/2/2203
f 2355/2/2204 2317/2/2204 2320/2/2204
f 2321/2/2205 2359/2/2205 2356/2/2205
f 2356/2/2206 2318/2/2206 2321/2/2206
f 2360/2/2207 2357/2/2207 2319/2/2207
f 2319/2/2208 2322/2/2208 2360/2/2208
f 2323/2/2209 2361/2/2209 2358/2/2209
f 2358/2/2210 2320/2/2210 2323/2/2210
f 2324/2/2211 2362/2/2211 2359/2/2211
f 2359/2/2212 2321/2/2212 2324/2/2212
f 2325/2/2213 2363/2/2213 2360/2/2213
f 2360/2/2214 2322/2/2214 2325/2/2214
f 2361/2/2215 2323/2/2215 2326/2/2215
f 2326/2/2215 2364/2/2215 2361/2/2215
f 2352/2/2216 2362/2/2216 2324/2/2216
f 2324/2/2216 2314/2/2216 2352/2/2216
f 2327/2/2217 2365/2/2217 2363/2/2217
f 2363/2/2218 2325/2/2218 2327/2/2218
f 2328/2/2219 2366/2/2219 2364/2/2219
f 2364/2/2219 2326/2/2219 2328/2/2219
f 2365/2/2220 2327/2/2220 2329/2/2220
f 2329/2/2221 2367/2/2221 2365/2/2221
f 2330/2/2222 2368/2/2222 2366/2/2222
f 2366/2/2223 2328/2/2223 2330/2/2223
f 2331/2/2224 2369/2/2224 2367/2/2224
f 2367/2/2225 2329/2/2225 2331/2/2225
f 2370/2/2226 2368/2/2226 2330/2/2226
f 2330/2/2227 2332/2/2227 2370/2/2227
f 2309/2/2228 2308/2/2228 2369/2/2228
f 2369/2/2228 2331/2/2228 2309/2/2228
f 2333/2/2229 2344/2/2229 2370/2/2229
f 2370/2/2229 2332/2/2229 2333/2/2229
f 2371/2/2230 2372/2/2230 2373/2/2230
f 2373/2/2230 2374/2/2230 2371/2/2230
f 2348/2/2231 2375/2/2231 2376/2/2231
f 2376/2/2232 2347/2/2232 2348/2/2232
f 2339/2/2233 2349/2/2233 2377/2/2233
f 2377/2/2234 2340/2/2234 2339/2/2234
f 2350/2/2235 2378/2/2235 2375/2/2235
f 2375/2/2235 2348/2/2235 2350/2/2235
f 2352/2/2236 2351/2/2236 2379/2/2236
f 2379/2/2237 2380/2/2237 2352/2/2237
f 2377/2/2238 2349/2/2238 2353/2/2238
f 2353/2/2238 2372/2/2238 2377/2/2238
f 2350/2/2239 2354/2/2239 2381/2/2239
f 2381/2/2239 2378/2/2239 2350/2/2239
f 2379/2/2240 2351/2/2240 2355/2/2240
f 2355/2/2241 2382/2/2241 2379/2/2241
f 2356/2/2242 2373/2/2242 2372/2/2242
f 2372/2/2243 2353/2/2243 2356/2/2243
f 2381/2/2244 2354/2/2244 2357/2/2244
f 2357/2/2245 2383/2/2245 2381/2/2245
f 2382/2/2246 2355/2/2246 2358/2/2246
f 2358/2/2247 2384/2/2247 2382/2/2247
f 2356/2/2248 2359/2/2248 2385/2/2248
f 2385/2/2248 2373/2/2248 2356/2/2248
f 2360/2/2249 2386/2/2249 2383/2/2249
f 2383/2/2250 2357/2/2250 2360/2/2250
f 2361/2/2251 2387/2/2251 2384/2/2251
f 2384/2/2251 2358/2/2251 2361/2/2251
f 2385/2/2252 2359/2/2252 2362/2/2252
f 2362/2/2253 2388/2/2253 2385/2/2253
f 2360/2/2254 2363/2/2254 2389/2/2254
f 2389/2/2254 2386/2/2254 2360/2/2254
f 2364/2/2255 2390/2/2255 2387/2/2255
f 2387/2/2256 2361/2/2256 2364/2/2256
f 2362/2/2257 2352/2/2257 2380/2/2257
f 2380/2/2258 2388/2/2258 2362/2/2258
f 2389/2/2259 2363/2/2259 2365/2/2259
f 2365/2/2259 2391/2/2259 2389/2/2259
f 2390/2/2260 2364/2/2260 2366/2/2260
f 2366/2/2261 2392/2/2261 2390/2/2261
f 2367/2/2262 2393/2/2262 2391/2/2262
f 2391/2/2263 2365/2/2263 2367/2/2263
f 2368/2/2264 2394/2/2264 2392/2/2264
f 2392/2/2264 2366/2/2264 2368/2/2264
f 2367/2/2265 2369/2/2265 2395/2/2265
f 2395/2/2266 2393/2/2266 2367/2/2266
f 2370/2/2267 2396/2/2267 2394/2/2267
f 2394/2/2268 2368/2/2268 2370/2/2268
f 2395/2/2269 2369/2/2269 2308/2/2269
f 2308/2/2270 2397/2/2270 2395/2/2270
f 2370/2/2271 2344/2/2271 2398/2/2271
f 2398/2/2272 2396/2/2272 2370/2/2272
f 2307/2/2273 2399/2/2273 2397/2/2273
f 2397/2/2274 2308/2/2274 2307/2/2274
f 2398/2/2275 2344/2/2275 2343/2/2275
f 2343/2/2276 2400/2/2276 2398/2/2276
f 2307/2/2277 2345/2/2277 2401/2/2277
f 2401/2/2278 2399/2/2278 2307/2/2278
f 2402/2/2279 2400/2/2279 2343/2/2279
f 2343/2/2280 2346/2/2280 2402/2/2280
f 2401/2/2281 2345/2/2281 2342/2/2281
f 2342/2/2282 2341/2/2282 2401/2/2282
f 2402/2/2283 2346/2/2283 2347/2/2283
f 2347/2/2284 2376/2/2284 2402/2/2284
f 2403/2/2285 2404/2/2285 2405/2/2285
f 2405/2/2286 2406/2/2286 2403/2/2286
f 2383/2/2287 2407/2/2287 2408/2/2287
f 2408/2/2287 2381/2/2287 2383/2/2287
f 2384/2/2288 2409/2/2288 2410/2/2288
f 2410/2/2288 2382/2/2288 2384/2/2288
f 2385/2/2289 2411/2/2289 2374/2/2289
f 2374/2/2289 2373/2/2289 2385/2/2289
f 2407/2/2290 2383/2/2290 2386/2/2290
f 2386/2/2290 2412/2/2290 2407/2/2290
f 2384/2/2291 2387/2/2291 2413/2/2291
f 2413/2/2291 2409/2/2291 2384/2/2291
f 2388/2/2292 2405/2/2292 2411/2/2292
f 2411/2/2292 2385/2/2292 2388/2/2292
f 2389/2/2293 2414/2/2293 2412/2/2293
f 2412/2/2293 2386/2/2293 2389/2/2293
f 2413/2/2294 2387/2/2294 2390/2/2294
f 2390/2/2294 2415/2/2294 2413/2/2294
f 2406/2/2295 2405/2/2295 2388/2/2295
f 2388/2/2295 2380/2/2295 2406/2/2295
f 2391/2/2296 2416/2/2296 2414/2/2296
f 2414/2/2296 2389/2/2296 2391/2/2296
f 2392/2/2297 2417/2/2297 2415/2/2297
f 2415/2/2297 2390/2/2297 2392/2/2297
f 2416/2/2298 2391/2/2298 2393/2/2298
f 2393/2/2298 2418/2/2298 2416/2/2298
f 2392/2/2299 2394/2/2299 2419/2/2299
f 2419/2/2299 2417/2/2299 2392/2/2299
f 2395/2/2300 2420/2/2300 2418/2/2300
f 2418/2/2301 2393/2/2301 2395/2/2301
f 2419/2/2302 2394/2/2302 2396/2/2302
f 2396/2/2302 2421/2/2302 2419/2/2302
f 2397/2/2303 2422/2/2303 2420/2/2303
f 2420/2/2303 2395/2/2303 2397/2/2303
f 2398/2/2304 2423/2/2304 2421/2/2304
f 2421/2/2305 2396/2/2305 2398/2/2305
f 2422/2/2306 2397/2/2306 2399/2/2306
f 2399/2/2306 2424/2/2306 2422/2/2306
f 2400/2/2307 2425/2/2307 2423/2/2307
f 2423/2/2307 2398/2/2307 2400/2/2307
f 2401/2/2308 2426/2/2308 2424/2/2308
f 2424/2/2308 2399/2/2308 2401/2/2308
f 2400/2/2309 2402/2/2309 2427/2/2309
f 2427/2/2309 2425/2/2309 2400/2/2309
f 2341/2/2310 2428/2/2310 2426/2/2310
f 2426/2/2310 2401/2/2310 2341/2/2310
f 2429/2/2311 2427/2/2311 2402/2/2311
f 2402/2/2311 2376/2/2311 2429/2/2311
f 2428/2/2312 2341/2/2312 2340/2/2312
f 2340/2/2312 2430/2/2312 2428/2/2312
f 2429/2/2313 2376/2/2313 2375/2/2313
f 2375/2/2313 2431/2/2313 2429/2/2313
f 2377/2/2314 2432/2/2314 2430/2/2314
f 2430/2/2314 2340/2/2314 2377/2/2314
f 2431/2/2315 2375/2/2315 2378/2/2315
f 2378/2/2315 2433/2/2315 2431/2/2315
f 2379/2/2316 2434/2/2316 2406/2/2316
f 2406/2/2316 2380/2/2316 2379/2/2316
f 2372/2/2317 2371/2/2318 2432/2/2318
f 2432/2/2318 2377/2/2318 2372/2/2318
f 2381/2/2319 2408/2/2319 2433/2/2319
f 2433/2/2319 2378/2/2319 2381/2/2319
f 2434/2/2320 2379/2/2320 2382/2/2320
f 2382/2/2321 2410/2/2321 2434/2/2321
f 2435/2/2322 2436/2/2322 2437/2/2322
f 2437/2/2323 2438/2/2323 2435/2/2323
f 2416/2/2324 2439/2/2324 2440/2/2324
f 2440/2/2324 2414/2/2324 2416/2/2324
f 2441/2/2325 2415/2/2325 2417/2/2325
f 2417/2/2326 2442/2/2326 2441/2/2326
f 2418/2/2327 2443/2/2327 2439/2/2327
f 2439/2/2328 2416/2/2328 2418/2/2328
f 2419/2/2329 2444/2/2329 2442/2/2329
f 2442/2/2330 2417/2/2330 2419/2/2330
f 2443/2/2331 2418/2/2331 2420/2/2331
f 2420/2/2332 2438/2/2332 2443/2/2332
f 2421/2/2333 2445/2/2333 2444/2/2333
f 2444/2/2334 2419/2/2334 2421/2/2334
f 2422/2/2335 2435/2/2335 2438/2/2335
f 2438/2/2335 2420/2/2335 2422/2/2335
f 2445/2/2336 2421/2/2336 2423/2/2336
f 2423/2/2337 2446/2/2337 2445/2/2337
f 2424/2/2338 2447/2/2338 2435/2/2338
f 2435/2/2339 2422/2/2339 2424/2/2339
f 2425/2/2340 2448/2/2340 2446/2/2340
f 2446/2/2341 2423/2/2341 2425/2/2341
f 2447/2/2342 2424/2/2342 2426/2/2342
f 2426/2/2343 2449/2/2343 2447/2/2343
f 2427/2/2344 2450/2/2344 2448/2/2344
f 2448/2/2345 2425/2/2345 2427/2/2345
f 2428/2/2346 2451/2/2346 2449/2/2346
f 2449/2/2347 2426/2/2347 2428/2/2347
f 2450/2/2348 2427/2/2348 2429/2/2348
f 2429/2/2349 2452/2/2349 2450/2/2349
f 2430/2/2350 2453/2/2350 2451/2/2350
f 2451/2/2351 2428/2/2351 2430/2/2351
f 2431/2/2352 2454/2/2352 2452/2/2352
f 2452/2/2352 2429/2/2352 2431/2/2352
f 2453/2/2353 2430/2/2353 2432/2/2353
f 2432/2/2354 2455/2/2354 2453/2/2354
f 2433/2/2355 2456/2/2355 2454/2/2355
f 2454/2/2356 2431/2/2356 2433/2/2356
f 2406/2/2357 2434/2/2357 2457/2/2357
f 2457/2/2357 2403/2/2357 2406/2/2357
f 2371/2/2358 2458/2/2358 2455/2/2358
f 2455/2/2359 2432/2/2359 2371/2/2359
f 2456/2/2360 2433/2/2360 2408/2/2360
f 2408/2/2361 2459/2/2361 2456/2/2361
f 2410/2/2362 2460/2/2362 2457/2/2362
f 2457/2/2363 2434/2/2363 2410/2/2363
f 2374/2/2364 2461/2/2364 2458/2/2364
f 2458/2/2365 2371/2/2365 2374/2/2365
f 2407/2/2366 2462/2/2366 2459/2/2366
f 2459/2/2366 2408/2/2366 2407/2/2366
f 2460/2/2367 2410/2/2367 2409/2/2367
f 2409/2/2368 2463/2/2368 2460/2/2368
f 2461/2/2369 2374/2/2369 2411/2/2369
f 2411/2/2369 2464/2/2369 2461/2/2369
f 2412/2/2370 2465/2/2370 2462/2/2370
f 2462/2/2371 2407/2/2371 2412/2/2371
f 2413/2/2372 2466/2/2372 2463/2/2372
f 2463/2/2372 2409/2/2372 2413/2/2372
f 2405/2/2373 2404/2/2373 2464/2/2373
f 2464/2/2374 2411/2/2374 2405/2/2374
f 2465/2/2375 2412/2/2375 2414/2/2375
f 2414/2/2376 2440/2/2376 2465/2/2376
f 2415/2/2377 2441/2/2377 2466/2/2377
f 2466/2/2378 2413/2/2378 2415/2/2378
f 2467/2/2379 2468/2/2379 2469/2/2379
f 2469/2/2379 2470/2/2379 2467/2/2379
f 2471/2/2380 2472/2/2380 2445/2/2380
f 2445/2/2381 2446/2/2381 2471/2/2381
f 2447/2/2382 2473/2/2382 2436/2/2382
f 2436/2/2382 2435/2/2382 2447/2/2382
f 2448/2/2383 2474/2/2383 2471/2/2383
f 2471/2/2384 2446/2/2384 2448/2/2384
f 2468/2/2385 2473/2/2385 2447/2/2385
f 2447/2/2386 2449/2/2386 2468/2/2386
f 2450/2/2387 2475/2/2387 2474/2/2387
f 2474/2/2388 2448/2/2388 2450/2/2388
f 2451/2/2389 2469/2/2389 2468/2/2389
f 2468/2/2390 2449/2/2390 2451/2/2390
f 2476/2/2391 2475/2/2391 2450/2/2391
f 2450/2/2392 2452/2/2392 2476/2/2392
f 2453/2/2393 2477/2/2393 2469/2/2393
f 2469/2/2394 2451/2/2394 2453/2/2394
f 2454/2/2395 2478/2/2395 2476/2/2395
f 2476/2/2396 2452/2/2396 2454/2/2396
f 2479/2/2397 2477/2/2397 2453/2/2397
f 2453/2/2398 2455/2/2398 2479/2/2398
f 2456/2/2399 2480/2/2399 2478/2/2399
f 2478/2/2399 2454/2/2399 2456/2/2399
f 2481/2/2400 2403/2/2400 2457/2/2400
f 2457/2/2401 2482/2/2401 2481/2/2401
f 2458/2/2402 2483/2/2402 2479/2/2402
f 2479/2/2402 2455/2/2402 2458/2/2402
f 2484/2/2403 2480/2/2403 2456/2/2403
f 2456/2/2403 2459/2/2403 2484/2/2403
f 2482/2/2404 2457/2/2404 2460/2/2404
f 2460/2/2405 2485/2/2405 2482/2/2405
f 2461/2/2406 2486/2/2406 2483/2/2406
f 2483/2/2407 2458/2/2407 2461/2/2407
f 2462/2/2408 2487/2/2408 2484/2/2408
f 2484/2/2409 2459/2/2409 2462/2/2409
f 2463/2/2410 2488/2/2410 2485/2/2410
f 2485/2/2411 2460/2/2411 2463/2/2411
f 2489/2/2412 2486/2/2412 2461/2/2412
f 2461/2/2413 2464/2/2413 2489/2/2413
f 2465/2/2414 2490/2/2414 2487/2/2414
f 2487/2/2414 2462/2/2414 2465/2/2414
f 2488/2/2415 2463/2/2415 2466/2/2415
f 2466/2/2416 2491/2/2416 2488/2/2416
f 2404/2/2417 2492/2/2417 2489/2/2417
f 2489/2/2418 2464/2/2418 2404/2/2418
f 2493/2/2419 2490/2/2419 2465/2/2419
f 2465/2/2420 2440/2/2420 2493/2/2420
f 2441/2/2421 2494/2/2421 2491/2/2421
f 2491/2/2421 2466/2/2421 2441/2/2421
f 2481/2/2422 2492/2/2422 2404/2/2422
f 2404/2/2422 2403/2/2422 2481/2/2422
f 2439/2/2423 2495/2/2423 2493/2/2423
f 2493/2/2424 2440/2/2424 2439/2/2424
f 2442/2/2425 2496/2/2425 2494/2/2425
f 2494/2/2426 2441/2/2426 2442/2/2426
f 2443/2/2427 2497/2/2427 2495/2/2427
f 2495/2/2427 2439/2/2427 2443/2/2427
f 2496/2/2428 2442/2/2428 2444/2/2428
f 2444/2/2429 2498/2/2429 2496/2/2429
f 2437/2/2430 2497/2/2430 2443/2/2430
f 2443/2/2430 2438/2/2430 2437/2/2430
f 2445/2/2431 2472/2/2431 2498/2/2431
f 2498/2/2432 2444/2/2432 2445/2/2432
f 2499/2/2433 2500/2/2433 2501/2/2433
f 2501/2/2434 2502/2/2434 2499/2/2434
f 2476/2/2435 2503/2/2435 2504/2/2435
f 2504/2/2435 2475/2/2435 2476/2/2435
f 2477/2/2436 2505/2/2436 2470/2/2436
f 2470/2/2436 2469/2/2436 2477/2/2436
f 2506/2/2437 2503/2/2437 2476/2/2437
f 2476/2/2437 2478/2/2437 2506/2/2437
f 2479/2/2438 2507/2/2438 2505/2/2438
f 2505/2/2438 2477/2/2438 2479/2/2438
f 2480/2/2439 2508/2/2439 2506/2/2439
f 2506/2/2439 2478/2/2439 2480/2/2439
f 2500/2/2440 2499/2/2440 2481/2/2440
f 2481/2/2440 2482/2/2440 2500/2/2440
f 2509/2/2441 2507/2/2441 2479/2/2441
f 2479/2/2441 2483/2/2441 2509/2/2441
f 2484/2/2442 2510/2/2442 2508/2/2442
f 2508/2/2442 2480/2/2442 2484/2/2442
f 2485/2/2443 2511/2/2443 2500/2/2443
f 2500/2/2443 2482/2/2443 2485/2/2443
f 2486/2/2444 2512/2/2444 2509/2/2444
f 2509/2/2444 2483/2/2444 2486/2/2444
f 2513/2/2445 2510/2/2445 2484/2/2445
f 2484/2/2445 2487/2/2445 2513/2/2445
f 2488/2/2446 2514/2/2446 2511/2/2446
f 2511/2/2446 2485/2/2446 2488/2/2446
f 2489/2/2447 2515/2/2447 2512/2/2447
f 2512/2/2447 2486/2/2447 2489/2/2447
f 2490/2/2448 2516/2/2448 2513/2/2448
f 2513/2/2448 2487/2/2448 2490/2/2448
f 2517/2/2449 2514/2/2449 2488/2/2449
f 2488/2/2449 2491/2/2449 2517/2/2449
f 2518/2/2450 2515/2/2450 2489/2/2450
f 2489/2/2450 2492/2/2450 2518/2/2450
f 2493/2/2451 2519/2/2451 2516/2/2451
f 2516/2/2451 2490/2/2451 2493/2/2451
f 2494/2/2452 2520/2/2452 2517/2/2452
f 2517/2/2452 2491/2/2452 2494/2/2452
f 2518/2/2453 2492/2/2453 2481/2/2453
f 2481/2/2453 2499/2/2453 2518/2/2453
f 2519/2/2454 2493/2/2454 2495/2/2454
f 2495/2/2454 2521/2/2454 2519/2/2454
f 2496/2/2455 2522/2/2455 2520/2/2455
f 2520/2/2455 2494/2/2455 2496/2/2455
f 2497/2/2456 2523/2/2456 2521/2/2456
f 2521/2/2456 2495/2/2456 2497/2/2456
f 2524/2/2457 2522/2/2457 2496/2/2457
f 2496/2/2457 2498/2/2457 2524/2/2457
f 2437/2/2458 2525/2/2458 2523/2/2458
f 2523/2/2458 2497/2/2458 2437/2/2458
f 2472/2/2459 2526/2/2459 2524/2/2459
f 2524/2/2459 2498/2/2459 2472/2/2459
f 2525/2/2460 2437/2/2460 2436/2/2460
f 2436/2/2460 2527/2/2460 2525/2/2460
f 2471/2/2461 2528/2/2461 2526/2/2461
f 2526/2/2461 2472/2/2461 2471/2/2461
f 2473/2/2462 2529/2/2463 2527/2/2462
f 2527/2/2462 2436/2/2462 2473/2/2462
f 2530/2/2464 2528/2/2464 2471/2/2464
f 2471/2/2464 2474/2/2464 2530/2/2464
f 2468/2/2465 2467/2/2465 2529/2/2465
f 2529/2/2466 2473/2/2466 2468/2/2466
f 2475/2/2467 2504/2/2467 2530/2/2467
f 2530/2/2467 2474/2/2467 2475/2/2467
f 2531/2/2468 2532/2/2468 2533/2/2468
f 2533/2/2469 2534/2/2469 2531/2/2469
f 2509/2/2470 2535/2/2470 2536/2/2470
f 2536/2/2471 2507/2/2471 2509/2/2471
f 2510/2/2472 2537/2/2472 2538/2/2472
f 2538/2/2473 2508/2/2473 2510/2/2473
f 2511/2/2474 2539/2/2474 2501/2/2474
f 2501/2/2475 2500/2/2475 2511/2/2475
f 2540/2/2476 2535/2/2476 2509/2/2476
f 2509/2/2477 2512/2/2477 2540/2/2477
f 2513/2/2478 2541/2/2478 2537/2/2478
f 2537/2/2479 2510/2/2479 2513/2/2479
f 2514/2/2480 2534/2/2480 2539/2/2480
f 2539/2/2481 2511/2/2481 2514/2/2481
f 2515/2/2482 2542/2/2482 2540/2/2482
f 2540/2/2482 2512/2/2482 2515/2/2482
f 2541/2/2483 2513/2/2483 2516/2/2483
f 2516/2/2484 2543/2/2484 2541/2/2484
f 2517/2/2485 2531/2/2485 2534/2/2485
f 2534/2/2486 2514/2/2486 2517/2/2486
f 2518/2/2487 2544/2/2487 2542/2/2487
f 2542/2/2488 2515/2/2488 2518/2/2488
f 2519/2/2489 2545/2/2489 2543/2/2489
f 2543/2/2490 2516/2/2490 2519/2/2490
f 2531/2/2491 2517/2/2491 2520/2/2491
f 2520/2/2491 2546/2/2491 2531/2/2491
f 2544/2/2492 2518/2/2492 2499/2/2492
f 2499/2/2492 2502/2/2492 2544/2/2492
f 2521/2/2493 2547/2/2493 2545/2/2493
f 2545/2/2494 2519/2/2494 2521/2/2494
f 2522/2/2495 2548/2/2495 2546/2/2495
f 2546/2/2496 2520/2/2496 2522/2/2496
f 2549/2/2497 2547/2/2497 2521/2/2497
f 2521/2/2498 2523/2/2498 2549/2/2498
f 2524/2/2499 2550/2/2499 2548/2/2499
f 2548/2/2500 2522/2/2500 2524/2/2500
f 2525/2/2501 2551/2/2501 2549/2/2501
f 2549/2/2502 2523/2/2502 2525/2/2502
f 2552/2/2503 2550/2/2503 2524/2/2503
f 2524/2/2504 2526/2/2504 2552/2/2504
f 2527/2/2505 2553/2/2505 2551/2/2505
f 2551/2/2506 2525/2/2506 2527/2/2506
f 2528/2/2507 2554/2/2507 2552/2/2507
f 2552/2/2508 2526/2/2508 2528/2/2508
f 2553/2/2509 2527/2/2509 2529/2/2509
f 2529/2/2510 2555/2/2510 2553/2/2510
f 2530/2/2511 2556/2/2511 2554/2/2511
f 2554/2/2512 2528/2/2512 2530/2/2512
f 2467/2/2513 2557/2/2513 2555/2/2513
f 2555/2/2514 2529/2/2514 2467/2/2514
f 2558/2/2515 2556/2/2515 2530/2/2515
f 2530/2/2516 2504/2/2516 2558/2/2516
f 2470/2/2517 2559/2/2517 2557/2/2517
f 2557/2/2518 2467/2/2518 2470/2/2518
f 2503/2/2519 2560/2/2519 2558/2/2519
f 2558/2/2520 2504/2/2520 2503/2/2520
f 2561/2/2521 2559/2/2521 2470/2/2521
f 2470/2/2522 2505/2/2522 2561/2/2522
f 2506/2/2523 2562/2/2523 2560/2/2523
f 2560/2/2524 2503/2/2524 2506/2/2524
f 2507/2/2525 2536/2/2525 2561/2/2525
f 2561/2/2526 2505/2/2526 2507/2/2526
f 2562/2/2527 2506/2/2527 2508/2/2527
f 2508/2/2527 2538/2/2527 2562/2/2527
f 2563/2/2528 2564/2/2528 2565/2/2528
f 2565/2/2528 2566/2/2528 2563/2/2528
f 2544/2/2529 2567/2/2529 2568/2/2529
f 2568/2/2529 2542/2/2529 2544/2/2529
f 2569/2/2530 2570/2/2530 2543/2/2530
f 2543/2/2530 2545/2/2530 2569/2/2530
f 2546/2/2531 2571/2/2531 2532/2/2531
f 2532/2/2531 2531/2/2531 2546/2/2531
f 2572/2/2532 2567/2/2532 2544/2/2532
f 2544/2/2532 2502/2/2532 2572/2/2532
f 2547/2/2533 2573/2/2533 2569/2/2533
f 2569/2/2534 2545/2/2534 2547/2/2534
f 2571/2/2535 2546/2/2535 2548/2/2535
f 2548/2/2535 2565/2/2535 2571/2/2535
f 2549/2/2536 2574/2/2536 2573/2/2536
f 2573/2/2536 2547/2/2536 2549/2/2536
f 2550/2/2537 2566/2/2537 2565/2/2537
f 2565/2/2538 2548/2/2538 2550/2/2538
f 2575/2/2539 2574/2/2539 2549/2/2539
f 2549/2/2539 2551/2/2539 2575/2/2539
f 2552/2/2540 2576/2/2540 2566/2/2540
f 2566/2/2540 2550/2/2540 2552/2/2540
f 2553/2/2541 2577/2/2541 2575/2/2541
f 2575/2/2541 2551/2/2541 2553/2/2541
f 2578/2/2542 2576/2/2542 2552/2/2542
f 2552/2/2543 2554/2/2543 2578/2/2543
f 2555/2/2544 2579/2/2544 2577/2/2544
f 2577/2/2544 2553/2/2544 2555/2/2544
f 2556/2/2545 2580/2/2545 2578/2/2545
f 2578/2/2546 2554/2/2546 2556/2/2546
f 2581/2/2547 2579/2/2547 2555/2/2547
f 2555/2/2548 2557/2/2548 2581/2/2548
f 2558/2/2549 2582/2/2549 2580/2/2549
f 2580/2/2550 2556/2/2550 2558/2/2550
f 2559/2/2551 2583/2/2551 2581/2/2551
f 2581/2/2552 2557/2/2552 2559/2/2552
f 2584/2/2553 2582/2/2553 2558/2/2553
f 2558/2/2553 2560/2/2553 2584/2/2553
f 2561/2/2554 2585/2/2554 2583/2/2554
f 2583/2/2555 2559/2/2555 2561/2/2555
f 2562/2/2556 2586/2/2556 2584/2/2556
f 2584/2/2557 2560/2/2557 2562/2/2557
f 2587/2/2558 2585/2/2558 2561/2/2558
f 2561/2/2558 2536/2/2558 2587/2/2558
f 2538/2/2559 2588/2/2559 2586/2/2559
f 2586/2/2560 2562/2/2560 2538/2/2560
f 2502/2/2561 2501/2/2561 2589/2/2561
f 2589/2/2562 2572/2/2562 2502/2/2562
f 2535/2/2563 2590/2/2563 2587/2/2563
f 2587/2/2564 2536/2/2564 2535/2/2564
f 2591/2/2565 2588/2/2565 2538/2/2565
f 2538/2/2566 2537/2/2566 2591/2/2566
f 2592/2/2567 2589/2/2567 2501/2/2567
f 2501/2/2568 2539/2/2569 2592/2/2568
f 2540/2/2570 2593/2/2570 2590/2/2570
f 2590/2/2570 2535/2/2570 2540/2/2570
f 2541/2/2571 2594/2/2571 2591/2/2571
f 2591/2/2572 2537/2/2572 2541/2/2572
f 2533/2/2573 2592/2/2573 2539/2/2573
f 2539/2/2574 2534/2/2574 2533/2/2574
f 2568/2/2575 2593/2/2575 2540/2/2575
f 2540/2/2576 2542/2/2576 2568/2/2576
f 2543/2/2577 2570/2/2577 2594/2/2577
f 2594/2/2577 2541/2/2577 2543/2/2577
f 2595/2/2578 2596/2/2578 2597/2/2578
f 2597/2/2579 2598/2/2579 2595/2/2579
f 2575/2/2580 2599/2/2580 2600/2/2580
f 2600/2/2580 2574/2/2580 2575/2/2580
f 2576/2/2581 2601/2/2581 2563/2/2581
f 2563/2/2581 2566/2/2581 2576/2/2581
f 2599/2/2582 2575/2/2582 2577/2/2582
f 2577/2/2582 2602/2/2582 2599/2/2582
f 2578/2/2583 2598/2/2583 2601/2/2583
f 2601/2/2583 2576/2/2583 2578/2/2583
f 2579/2/2584 2603/2/2584 2602/2/2584
f 2602/2/2584 2577/2/2584 2579/2/2584
f 2595/2/2585 2598/2/2585 2578/2/2585
f 2578/2/2585 2580/2/2585 2595/2/2585
f 2581/2/2586 2604/2/2586 2603/2/2586
f 2603/2/2586 2579/2/2586 2581/2/2586
f 2582/2/2587 2605/2/2587 2595/2/2587
f 2595/2/2587 2580/2/2587 2582/2/2587
f 2606/2/2588 2604/2/2588 2581/2/2588
f 2581/2/2589 2583/2/2589 2606/2/2589
f 2584/2/2590 2607/2/2590 2605/2/2590
f 2605/2/2590 2582/2/2590 2584/2/2590
f 2585/2/2591 2608/2/2591 2606/2/2591
f 2606/2/2591 2583/2/2591 2585/2/2591
f 2609/2/2592 2607/2/2592 2584/2/2592
f 2584/2/2592 2586/2/2592 2609/2/2592
f 2587/2/2593 2610/2/2593 2608/2/2593
f 2608/2/2593 2585/2/2593 2587/2/2593
f 2588/2/2594 2611/2/2594 2609/2/2594
f 2609/2/2594 2586/2/2594 2588/2/2594
f 2612/2/2595 2613/2/2595 2572/2/2595
f 2572/2/2595 2589/2/2595 2612/2/2595
f 2614/2/2596 2610/2/2596 2587/2/2596
f 2587/2/2596 2590/2/2596 2614/2/2596
f 2591/2/2597 2615/2/2597 2611/2/2597
f 2611/2/2597 2588/2/2597 2591/2/2597
f 2592/2/2598 2616/2/2598 2612/2/2598
f 2612/2/2598 2589/2/2598 2592/2/2598
f 2593/2/2599 2617/2/2599 2614/2/2599
f 2614/2/2599 2590/2/2599 2593/2/2599
f 2615/2/2600 2591/2/2600 2594/2/2600
f 2594/2/2600 2618/2/2600 2615/2/2600
f 2533/2/2601 2619/2/2601 2616/2/2601
f 2616/2/2601 2592/2/2601 2533/2/2601
f 2568/2/2602 2620/2/2602 2617/2/2602
f 2617/2/2602 2593/2/2602 2568/2/2602
f 2570/2/2603 2621/2/2603 2618/2/2603
f 2618/2/2603 2594/2/2603 2570/2/2603
f 2622/2/2604 2619/2/2604 2533/2/2604
f 2533/2/2604 2532/2/2604 2622/2/2604
f 2623/2/2605 2620/2/2605 2568/2/2605
f 2568/2/2605 2567/2/2605 2623/2/2605
f 2569/2/2606 2624/2/2606 2621/2/2606
f 2621/2/2606 2570/2/2606 2569/2/2606
f 2571/2/2607 2625/2/2607 2622/2/2607
f 2622/2/2607 2532/2/2607 2571/2/2607
f 2613/2/2608 2623/2/2608 2567/2/2608
f 2567/2/2608 2572/2/2608 2613/2/2608
f 2624/2/2609 2569/2/2609 2573/2/2609
f 2573/2/2609 2626/2/2609 2624/2/2609
f 2565/2/2610 2564/2/2610 2625/2/2610
f 2625/2/2610 2571/2/2610 2565/2/2610
f 2574/2/2611 2600/2/2611 2626/2/2611
f 2626/2/2611 2573/2/2611 2574/2/2611
f 2627/2/2612 2628/2/2612 2629/2/2612
f 2629/2/2613 2630/2/2613 2627/2/2613
f 2604/2/2614 2631/2/2614 2632/2/2614
f 2632/2/2614 2603/2/2614 2604/2/2614
f 2633/2/2615 2596/2/2615 2595/2/2615
f 2595/2/2616 2605/2/2616 2633/2/2616
f 2606/2/2617 2634/2/2617 2631/2/2617
f 2631/2/2618 2604/2/2618 2606/2/2618
f 2607/2/2619 2630/2/2619 2633/2/2619
f 2633/2/2620 2605/2/2620 2607/2/2621
f 2634/2/2622 2606/2/2622 2608/2/2622
f 2608/2/2623 2635/2/2623 2634/2/2623
f 2609/2/2624 2627/2/2624 2630/2/2624
f 2630/2/2624 2607/2/2624 2609/2/2624
f 2610/2/2625 2636/2/2625 2635/2/2625
f 2635/2/2626 2608/2/2626 2610/2/2626
f 2627/2/2627 2609/2/2627 2611/2/2627
f 2611/2/2628 2637/2/2628 2627/2/2628
f 2613/2/2629 2612/2/2629 2638/2/2629
f 2638/2/2629 2639/2/2629 2613/2/2629
f 2614/2/2630 2640/2/2630 2636/2/2630
f 2636/2/2630 2610/2/2630 2614/2/2630
f 2615/2/2631 2641/2/2631 2637/2/2631
f 2637/2/2632 2611/2/2632 2615/2/2632
f 2616/2/2633 2642/2/2633 2638/2/2633
f 2638/2/2634 2612/2/2634 2616/2/2634
f 2643/2/2635 2640/2/2635 2614/2/2635
f 2614/2/2636 2617/2/2636 2643/2/2636
f 2618/2/2637 2644/2/2637 2641/2/2637
f 2641/2/2637 2615/2/2637 2618/2/2637
f 2619/2/2638 2645/2/2638 2642/2/2638
f 2642/2/2639 2616/2/2639 2619/2/2639
f 2620/2/2640 2646/2/2640 2643/2/2640
f 2643/2/2641 2617/2/2641 2620/2/2641
f 2647/2/2642 2644/2/2642 2618/2/2642
f 2618/2/2643 2621/2/2643 2647/2/2643
f 2622/2/2644 2648/2/2644 2645/2/2644
f 2645/2/2645 2619/2/2645 2622/2/2645
f 2623/2/2646 2649/2/2646 2646/2/2646
f 2646/2/2647 2620/2/2647 2623/2/2647
f 2624/2/2648 2650/2/2648 2647/2/2648
f 2647/2/2648 2621/2/2648 2624/2/2648
f 2648/2/2649 2622/2/2649 2625/2/2649
f 2625/2/2650 2651/2/2650 2648/2/2650
f 2639/2/2651 2649/2/2651 2623/2/2651
f 2623/2/2651 2613/2/2651 2639/2/2651
f 2626/2/2652 2652/2/2652 2650/2/2652
f 2650/2/2653 2624/2/2653 2626/2/2653
f 2564/2/2654 2653/2/2654 2651/2/2654
f 2651/2/2654 2625/2/2654 2564/2/2654
f 2654/2/2655 2652/2/2655 2626/2/2655
f 2626/2/2655 2600/2/2655 2654/2/2655
f 2563/2/2656 2655/2/2656 2653/2/2656
f 2653/2/2657 2564/2/2657 2563/2/2657
f 2599/2/2658 2656/2/2658 2654/2/2658
f 2654/2/2659 2600/2/2659 2599/2/2659
f 2657/2/2660 2655/2/2660 2563/2/2660
f 2563/2/2660 2601/2/2660 2657/2/2660
f 2602/2/2661 2658/2/2661 2656/2/2661
f 2656/2/2662 2599/2/2662 2602/2/2662
f 2598/2/2663 2597/2/2663 2657/2/2663
f 2657/2/2663 2601/2/2663 2598/2/2663
f 2658/2/2664 2602/2/2664 2603/2/2664
f 2603/2/2665 2632/2/2665 2658/2/2665
f 2659/2/2666 2660/2/2666 2661/2/2666
f 2661/2/2666 2662/2/2666 2659/2/2666
f 2635/2/2667 2636/2/2667 2663/2/2667
f 2663/2/2668 2664/2/2668 2635/2/2668
f 2637/2/2669 2665/2/2669 2628/2/2669
f 2628/2/2670 2627/2/2670 2637/2/2670
f 2639/2/2671 2638/2/2671 2666/2/2671
f 2666/2/2672 2667/2/2672 2639/2/2672
f 2663/2/2673 2636/2/2673 2640/2/2673
f 2640/2/2674 2668/2/2674 2663/2/2674
f 2637/2/2675 2641/2/2675 2662/2/2675
f 2662/2/2675 2665/2/2675 2637/2/2675
f 2666/2/2676 2638/2/2676 2642/2/2676
f 2642/2/2677 2669/2/2677 2666/2/2677
f 2643/2/2678 2670/2/2678 2668/2/2678
f 2668/2/2679 2640/2/2679 2643/2/2679
f 2662/2/2680 2641/2/2680 2644/2/2680
f 2644/2/2681 2659/2/2681 2662/2/2681
f 2671/2/2682 2669/2/2682 2642/2/2682
f 2642/2/2683 2645/2/2683 2671/2/2683
f 2643/2/2684 2646/2/2684 2672/2/2684
f 2672/2/2685 2670/2/2685 2643/2/2685
f 2647/2/2686 2673/2/2686 2659/2/2686
f 2659/2/2686 2644/2/2686 2647/2/2686
f 2648/2/2687 2674/2/2687 2671/2/2687
f 2671/2/2688 2645/2/2688 2648/2/2688
f 2672/2/2689 2646/2/2689 2649/2/2689
f 2649/2/2690 2675/2/2690 2672/2/2690
f 2647/2/2691 2650/2/2691 2676/2/2691
f 2676/2/2691 2673/2/2691 2647/2/2691
f 2651/2/2692 2677/2/2692 2674/2/2692
f 2674/2/2692 2648/2/2692 2651/2/2692
f 2649/2/2693 2639/2/2693 2667/2/2693
f 2667/2/2694 2675/2/2694 2649/2/2694
f 2676/2/2695 2650/2/2695 2652/2/2695
f 2652/2/2695 2678/2/2695 2676/2/2695
f 2679/2/2696 2677/2/2696 2651/2/2696
f 2651/2/2696 2653/2/2696 2679/2/2696
f 2654/2/2697 2680/2/2697 2678/2/2697
f 2678/2/2697 2652/2/2697 2654/2/2697
f 2655/2/2698 2681/2/2698 2679/2/2698
f 2679/2/2699 2653/2/2699 2655/2/2699
f 2654/2/2700 2656/2/2700 2682/2/2700
f 2682/2/2701 2680/2/2701 2654/2/2701
f 2657/2/2702 2683/2/2702 2681/2/2702
f 2681/2/2703 2655/2/2703 2657/2/2703
f 2682/2/2704 2656/2/2704 2658/2/2704
f 2658/2/2705 2684/2/2705 2682/2/2705
f 2657/2/2706 2597/2/2706 2685/2/2706
f 2685/2/2707 2683/2/2707 2657/2/2707
f 2632/2/2708 2686/2/2708 2684/2/2708
f 2684/2/2708 2658/2/2708 2632/2/2708
f 2685/2/2709 2597/2/2709 2596/2/2709
f 2596/2/2709 2687/2/2709 2685/2/2709
f 2632/2/2710 2631/2/2710 2688/2/2710
f 2688/2/2711 2686/2/2711 2632/2/2711
f 2689/2/2712 2687/2/2712 2596/2/2712
f 2596/2/2713 2633/2/2713 2689/2/2713
f 2688/2/2714 2631/2/2714 2634/2/2714
f 2634/2/2715 2690/2/2715 2688/2/2715
f 2689/2/2716 2633/2/2716 2630/2/2716
f 2630/2/2717 2629/2/2717 2689/2/2717
f 2635/2/2718 2664/2/2718 2690/2/2718
f 2690/2/2719 2634/2/2719 2635/2/2719
f 2691/2/2720 2692/2/2720 2693/2/2720
f 2693/2/2721 2694/2/2721 2691/2/2721
f 2671/2/2722 2695/2/2722 2696/2/2722
f 2696/2/2722 2669/2/2722 2671/2/2722
f 2672/2/2723 2697/2/2723 2698/2/2723
f 2698/2/2723 2670/2/2723 2672/2/2723
f 2660/2/2724 2659/2/2724 2673/2/2724
f 2673/2/2724 2699/2/2724 2660/2/2724
f 2671/2/2725 2674/2/2725 2700/2/2725
f 2700/2/2725 2695/2/2725 2671/2/2725
f 2675/2/2726 2701/2/2726 2697/2/2726
f 2697/2/2726 2672/2/2726 2675/2/2726
f 2676/2/2727 2694/2/2727 2699/2/2727
f 2699/2/2727 2673/2/2727 2676/2/2727
f 2700/2/2728 2674/2/2728 2677/2/2728
f 2677/2/2728 2702/2/2728 2700/2/2728
f 2703/2/2729 2701/2/2729 2675/2/2729
f 2675/2/2729 2667/2/2729 2703/2/2729
f 2678/2/2730 2691/2/2730 2694/2/2730
f 2694/2/2730 2676/2/2730 2678/2/2730
f 2679/2/2731 2704/2/2731 2702/2/2731
f 2702/2/2731 2677/2/2731 2679/2/2731
f 2691/2/2732 2678/2/2732 2680/2/2732
f 2680/2/2732 2705/2/2732 2691/2/2732
f 2679/2/2733 2681/2/2733 2706/2/2733
f 2706/2/2733 2704/2/2733 2679/2/2733
f 2682/2/2734 2707/2/2734 2705/2/2734
f 2705/2/2734 2680/2/2734 2682/2/2734
f 2706/2/2735 2681/2/2735 2683/2/2735
f 2683/2/2735 2708/2/2735 2706/2/2735
f 2684/2/2736 2709/2/2736 2707/2/2736
f 2707/2/2736 2682/2/2736 2684/2/2736
f 2685/2/2737 2710/2/2737 2708/2/2737
f 2708/2/2737 2683/2/2737 2685/2/2737
f 2709/2/2738 2684/2/2738 2686/2/2738
f 2686/2/2738 2711/2/2738 2709/2/2738
f 2687/2/2739 2712/2/2739 2710/2/2739
f 2710/2/2739 2685/2/2739 2687/2/2739
f 2688/2/2740 2713/2/2740 2711/2/2740
f 2711/2/2741 2686/2/2741 2688/2/2741
f 2687/2/2742 2689/2/2742 2714/2/2742
f 2714/2/2742 2712/2/2742 2687/2/2742
f 2690/2/2743 2715/2/2743 2713/2/2743
f 2713/2/2744 2688/2/2744 2690/2/2744
f 2716/2/2745 2714/2/2745 2689/2/2745
f 2689/2/2745 2629/2/2745 2716/2/2745
f 2715/2/2746 2690/2/2746 2664/2/2746
f 2664/2/2746 2717/2/2746 2715/2/2746
f 2716/2/2747 2629/2/2747 2628/2/2747
f 2628/2/2747 2718/2/2747 2716/2/2747
f 2663/2/2748 2719/2/2748 2717/2/2748
f 2717/2/2748 2664/2/2748 2663/2/2748
f 2718/2/2749 2628/2/2749 2665/2/2749
f 2665/2/2749 2720/2/2749 2718/2/2749
f 2666/2/2750 2721/2/2750 2703/2/2750
f 2703/2/2750 2667/2/2750 2666/2/2750
f 2668/2/2751 2722/2/2751 2719/2/2751
f 2719/2/2752 2663/2/2752 2668/2/2752
f 2662/2/2753 2661/2/2753 2720/2/2753
f 2720/2/2753 2665/2/2753 2662/2/2753
f 2721/2/2754 2666/2/2754 2669/2/2754
f 2669/2/2754 2696/2/2754 2721/2/2754
f 2722/2/2755 2668/2/2755 2670/2/2755
f 2670/2/2755 2698/2/2755 2722/2/2755
f 2723/2/2756 2724/2/2756 2725/2/2756
f 2725/2/2757 2726/2/2757 2723/2/2757
f 2727/2/2758 2702/2/2758 2704/2/2758
f 2704/2/2758 2728/2/2758 2727/2/2758
f 2705/2/2759 2729/2/2759 2692/2/2759
f 2692/2/2760 2691/2/2760 2705/2/2760
f 2706/2/2761 2730/2/2761 2728/2/2761
f 2728/2/2762 2704/2/2762 2706/2/2762
f 2729/2/2763 2705/2/2763 2707/2/2763
f 2707/2/2764 2726/2/2764 2729/2/2764
f 2708/2/2765 2731/2/2765 2730/2/2765
f 2730/2/2765 2706/2/2765 2708/2/2765
f 2709/2/2766 2723/2/2766 2726/2/2766
f 2726/2/2766 2707/2/2766 2709/2/2766
f 2731/2/2767 2708/2/2767 2710/2/2767
f 2710/2/2768 2732/2/2768 2731/2/2768
f 2711/2/2769 2733/2/2769 2723/2/2769
f 2723/2/2770 2709/2/2770 2711/2/2770
f 2712/2/2771 2734/2/2771 2732/2/2771
f 2732/2/2772 2710/2/2772 2712/2/2772
f 2733/2/2773 2711/2/2773 2713/2/2773
f 2713/2/2773 2735/2/2773 2733/2/2773
f 2714/2/2774 2736/2/2774 2734/2/2774
f 2734/2/2775 2712/2/2775 2714/2/2775
f 2715/2/2776 2737/2/2776 2735/2/2776
f 2735/2/2777 2713/2/2777 2715/2/2777
f 2736/2/2778 2714/2/2778 2716/2/2778
f 2716/2/2779 2738/2/2779 2736/2/2779
f 2717/2/2780 2739/2/2780 2737/2/2780
f 2737/2/2781 2715/2/2781 2717/2/2781
f 2718/2/2782 2740/2/2782 2738/2/2782
f 2738/2/2783 2716/2/2783 2718/2/2783
f 2739/2/2784 2717/2/2784 2719/2/2784
f 2719/2/2785 2741/2/2785 2739/2/2785
f 2720/2/2786 2742/2/2786 2740/2/2786
f 2740/2/2786 2718/2/2786 2720/2/2786
f 2703/2/2787 2721/2/2787 2743/2/2787
f 2743/2/2787 2744/2/2787 2703/2/2787
f 2722/2/2788 2745/2/2788 2741/2/2788
f 2741/2/2789 2719/2/2789 2722/2/2789
f 2742/2/2790 2720/2/2790 2661/2/2790
f 2661/2/2791 2746/2/2791 2742/2/2791
f 2696/2/2792 2747/2/2792 2743/2/2792
f 2743/2/2792 2721/2/2792 2696/2/2792
f 2698/2/2793 2748/2/2793 2745/2/2793
f 2745/2/2794 2722/2/2794 2698/2/2794
f 2660/2/2795 2749/2/2795 2746/2/2795
f 2746/2/2795 2661/2/2795 2660/2/2795
f 2747/2/2796 2696/2/2796 2695/2/2796
f 2695/2/2796 2750/2/2796 2747/2/2796
f 2748/2/2797 2698/2/2797 2697/2/2797
f 2697/2/2798 2751/2/2798 2748/2/2798
f 2699/2/2799 2752/2/2799 2749/2/2799
f 2749/2/2800 2660/2/2800 2699/2/2800
f 2700/2/2801 2753/2/2801 2750/2/2801
f 2750/2/2802 2695/2/2802 2700/2/2802
f 2701/2/2803 2754/2/2803 2751/2/2803
f 2751/2/2803 2697/2/2803 2701/2/2803
f 2752/2/2804 2699/2/2804 2694/2/2804
f 2694/2/2805 2693/2/2805 2752/2/2805
f 2702/2/2806 2727/2/2806 2753/2/2806
f 2753/2/2806 2700/2/2806 2702/2/2806
f 2744/2/2807 2754/2/2807 2701/2/2807
f 2701/2/2807 2703/2/2807 2744/2/2807
f 2755/2/2808 2756/2/2808 2757/2/2808
f 2757/2/2809 2758/2/2809 2755/2/2809
f 2732/2/2810 2759/2/2810 2760/2/2810
f 2760/2/2811 2731/2/2811 2732/2/2811
f 2733/2/2812 2761/2/2812 2724/2/2812
f 2724/2/2813 2723/2/2813 2733/2/2813
f 2734/2/2814 2762/2/2814 2759/2/2814
f 2759/2/2815 2732/2/2815 2734/2/2815
f 2735/2/2816 2758/2/2816 2761/2/2816
f 2761/2/2817 2733/2/2817 2735/2/2817
f 2763/2/2818 2762/2/2818 2734/2/2818
f 2734/2/2818 2736/2/2818 2763/2/2818
f 2737/2/2819 2755/2/2819 2758/2/2819
f 2758/2/2819 2735/2/2819 2737/2/2819
f 2738/2/2820 2764/2/2820 2763/2/2820
f 2763/2/2821 2736/2/2821 2738/2/2821
f 2765/2/2822 2755/2/2822 2737/2/2822
f 2737/2/2823 2739/2/2823 2765/2/2823
f 2764/2/2824 2738/2/2824 2740/2/2824
f 2740/2/2824 2766/2/2824 2764/2/2824
f 2767/2/2825 2765/2/2825 2739/2/2825
f 2739/2/2825 2741/2/2825 2767/2/2825
f 2742/2/2826 2768/2/2826 2766/2/2826
f 2766/2/2827 2740/2/2827 2742/2/2827
f 2769/2/2828 2744/2/2828 2743/2/2828
f 2743/2/2829 2770/2/2829 2769/2/2829
f 2771/2/2830 2767/2/2830 2741/2/2830
f 2741/2/2831 2745/2/2831 2771/2/2831
f 2746/2/2832 2772/2/2832 2768/2/2832
f 2768/2/2833 2742/2/2833 2746/2/2833
f 2770/2/2834 2743/2/2834 2747/2/2834
f 2747/2/2835 2773/2/2835 2770/2/2835
f 2771/2/2836 2745/2/2836 2748/2/2836
f 2748/2/2837 2774/2/2837 2771/2/2837
f 2749/2/2838 2775/2/2838 2772/2/2838
f 2772/2/2839 2746/2/2839 2749/2/2839
f 2750/2/2840 2776/2/2840 2773/2/2840
f 2773/2/2841 2747/2/2841 2750/2/2841
f 2751/2/2842 2777/2/2842 2774/2/2842
f 2774/2/2843 2748/2/2843 2751/2/2843
f 2752/2/2844 2778/2/2844 2775/2/2844
f 2775/2/2844 2749/2/2844 2752/2/2844
f 2776/2/2845 2750/2/2845 2753/2/2845
f 2753/2/2845 2779/2/2845 2776/2/2845
f 2754/2/2846 2780/2/2846 2777/2/2846
f 2777/2/2847 2751/2/2847 2754/2/2847
f 2693/2/2848 2781/2/2848 2778/2/2848
f 2778/2/2849 2752/2/2849 2693/2/2849
f 2727/2/2850 2782/2/2850 2779/2/2850
f 2779/2/2851 2753/2/2851 2727/2/2851
f 2769/2/2852 2780/2/2852 2754/2/2852
f 2754/2/2852 2744/2/2852 2769/2/2852
f 2692/2/2853 2783/2/2853 2781/2/2853
f 2781/2/2854 2693/2/2854 2692/2/2854
f 2728/2/2855 2784/2/2855 2782/2/2855
f 2782/2/2856 2727/2/2856 2728/2/2856
f 2729/2/2857 2785/2/2857 2783/2/2857
f 2783/2/2858 2692/2/2858 2729/2/2858
f 2784/2/2859 2728/2/2859 2730/2/2859
f 2730/2/2859 2786/2/2859 2784/2/2859
f 2726/2/2860 2725/2/2860 2785/2/2860
f 2785/2/2861 2729/2/2861 2726/2/2861
f 2760/2/2862 2786/2/2862 2730/2/2862
f 2730/2/2863 2731/2/2863 2760/2/2863
f 2787/2/2864 2788/2/2864 2789/2/2864
f 2789/2/2865 2790/2/2865 2787/2/2865
f 2791/2/2866 2792/2/2866 2763/2/2866
f 2763/2/2866 2764/2/2866 2791/2/2866
f 2793/2/2867 2756/2/2867 2755/2/2867
f 2755/2/2867 2765/2/2867 2793/2/2867
f 2766/2/2868 2794/2/2868 2791/2/2868
f 2791/2/2868 2764/2/2868 2766/2/2868
f 2795/2/2869 2793/2/2869 2765/2/2869
f 2765/2/2869 2767/2/2869 2795/2/2869
f 2768/2/2870 2796/2/2870 2794/2/2870
f 2794/2/2870 2766/2/2870 2768/2/2870
f 2769/2/2871 2770/2/2871 2797/2/2871
f 2797/2/2871 2798/2/2871 2769/2/2871
f 2771/2/2872 2799/2/2872 2795/2/2872
f 2795/2/2872 2767/2/2872 2771/2/2872
f 2796/2/2873 2768/2/2873 2772/2/2873
f 2772/2/2873 2800/2/2873 2796/2/2873
f 2773/2/2874 2801/2/2874 2797/2/2874
f 2797/2/2874 2770/2/2874 2773/2/2874
f 2799/2/2875 2771/2/2875 2774/2/2875
f 2774/2/2875 2802/2/2875 2799/2/2875
f 2775/2/2876 2803/2/2876 2800/2/2876
f 2800/2/2876 2772/2/2876 2775/2/2876
f 2776/2/2877 2804/2/2877 2801/2/2877
f 2801/2/2877 2773/2/2877 2776/2/2877
f 2805/2/2878 2802/2/2878 2774/2/2878
f 2774/2/2878 2777/2/2878 2805/2/2878
f 2788/2/2879 2803/2/2879 2775/2/2879
f 2775/2/2879 2778/2/2879 2788/2/2879
f 2779/2/2880 2806/2/2880 2804/2/2880
f 2804/2/2880 2776/2/2880 2779/2/2880
f 2780/2/2881 2807/2/2881 2805/2/2881
f 2805/2/2881 2777/2/2881 2780/2/2881
f 2788/2/2882 2778/2/2882 2781/2/2882
f 2781/2/2882 2789/2/2882 2788/2/2882
f 2782/2/2883 2808/2/2883 2806/2/2883
f 2806/2/2883 2779/2/2883 2782/2/2883
f 2798/2/2884 2807/2/2884 2780/2/2884
f 2780/2/2884 2769/2/2884 2798/2/2884
f 2783/2/2885 2809/2/2885 2789/2/2885
f 2789/2/2885 2781/2/2885 2783/2/2885
f 2808/2/2886 2782/2/2886 2784/2/2886
f 2784/2/2886 2810/2/2886 2808/2/2886
f 2809/2/2887 2783/2/2887 2785/2/2887
f 2785/2/2887 2811/2/2887 2809/2/2887
f 2786/2/2888 2812/2/2888 2810/2/2888
f 2810/2/2888 2784/2/2888 2786/2/2888
f 2811/2/2889 2785/2/2889 2725/2/2889
f 2725/2/2889 2813/2/2889 2811/2/2889
f 2814/2/2890 2812/2/2890 2786/2/2890
f 2786/2/2890 2760/2/2890 2814/2/2890
f 2815/2/2891 2813/2/2891 2725/2/2891
f 2725/2/2891 2724/2/2891 2815/2/2891
f 2816/2/2892 2814/2/2892 2760/2/2892
f 2760/2/2892 2759/2/2892 2816/2/2892
f 2761/2/2893 2817/2/2893 2815/2/2893
f 2815/2/2894 2724/2/2894 2761/2/2894
f 2762/2/2895 2818/2/2895 2816/2/2895
f 2816/2/2895 2759/2/2895 2762/2/2895
f 2817/2/2896 2761/2/2896 2758/2/2896
f 2758/2/2897 2757/2/2897 2817/2/2897
f 2762/2/2898 2763/2/2898 2792/2/2898
f 2792/2/2898 2818/2/2898 2762/2/2898
f 2819/2/2899 2820/2/2899 2821/2/2899
f 2821/2/2900 2822/2/2900 2819/2/2900
f 2808/2/2901 2823/2/2901 2824/2/2901
f 2824/2/2902 2806/2/2902 2808/2/2902
f 2807/2/2903 2798/2/2903 2825/2/2903
f 2825/2/2904 2826/2/2904 2807/2/2904
f 2827/2/2905 2790/2/2905 2789/2/2905
f 2789/2/2905 2809/2/2905 2827/2/2905
f 2808/2/2906 2810/2/2906 2828/2/2906
f 2828/2/2906 2823/2/2906 2808/2/2906
f 2811/2/2907 2820/2/2907 2827/2/2907
f 2827/2/2908 2809/2/2908 2811/2/2908
f 2829/2/2909 2828/2/2909 2810/2/2909
f 2810/2/2909 2812/2/2909 2829/2/2909
f 2813/2/2910 2821/2/2910 2820/2/2910
f 2820/2/2911 2811/2/2911 2813/2/2911
f 2814/2/2912 2830/2/2912 2829/2/2912
f 2829/2/2913 2812/2/2913 2814/2/2913
f 2821/2/2914 2813/2/2914 2815/2/2914
f 2815/2/2914 2831/2/2914 2821/2/2914
f 2816/2/2915 2832/2/2915 2830/2/2915
f 2830/2/2916 2814/2/2916 2816/2/2916
f 2817/2/2917 2833/2/2917 2831/2/2917
f 2831/2/2917 2815/2/2917 2817/2/2917
f 2816/2/2918 2818/2/2918 2834/2/2918
f 2834/2/2918 2832/2/2918 2816/2/2918
f 2817/2/2919 2757/2/2919 2835/2/2919
f 2835/2/2920 2833/2/2920 2817/2/2920
f 2792/2/2921 2836/2/2921 2834/2/2921
f 2834/2/2921 2818/2/2921 2792/2/2921
f 2837/2/2922 2835/2/2922 2757/2/2922
f 2757/2/2922 2756/2/2922 2837/2/2922
f 2838/2/2923 2836/2/2923 2792/2/2923
f 2792/2/2924 2791/2/2924 2838/2/2924
f 2837/2/2925 2756/2/2925 2793/2/2925
f 2793/2/2925 2839/2/2925 2837/2/2925
f 2840/2/2926 2838/2/2926 2791/2/2926
f 2791/2/2927 2794/2/2927 2840/2/2927
f 2795/2/2928 2841/2/2928 2839/2/2928
f 2839/2/2929 2793/2/2929 2795/2/2929
f 2794/2/2930 2796/2/2930 2842/2/2930
f 2842/2/2930 2840/2/2930 2794/2/2930
f 2843/2/2931 2825/2/2931 2798/2/2931
f 2798/2/2932 2797/2/2932 2843/2/2932
f 2795/2/2933 2799/2/2933 2844/2/2933
f 2844/2/2934 2841/2/2934 2795/2/2934
f 2842/2/2935 2796/2/2935 2800/2/2935
f 2800/2/2936 2845/2/2936 2842/2/2936
f 2843/2/2937 2797/2/2937 2801/2/2937
f 2801/2/2938 2846/2/2938 2843/2/2938
f 2802/2/2939 2847/2/2939 2844/2/2939
f 2844/2/2939 2799/2/2939 2802/2/2939
f 2800/2/2940 2803/2/2940 2848/2/2940
f 2848/2/2940 2845/2/2940 2800/2/2940
f 2801/2/2941 2804/2/2941 2849/2/2941
f 2849/2/2941 2846/2/2941 2801/2/2941
f 2850/2/2942 2847/2/2942 2802/2/2942
f 2802/2/2943 2805/2/2943 2850/2/2943
f 2788/2/2944 2787/2/2944 2848/2/2944
f 2848/2/2945 2803/2/2945 2788/2/2945
f 2824/2/2946 2849/2/2946 2804/2/2946
f 2804/2/2947 2806/2/2947 2824/2/2947
f 2826/2/2948 2850/2/2948 2805/2/2948
f 2805/2/2949 2807/2/2949 2826/2/2949
f 2851/2/2950 2852/2/2950 2853/2/2950
f 2853/2/2950 2854/2/2950 2851/2/2950
f 2855/2/2951 2829/2/2951 2830/2/2951
f 2830/2/2952 2856/2/2952 2855/2/2952
f 2821/2/2953 2831/2/2953 2857/2/2953
f 2857/2/2954 2822/2/2954 2821/2/2954
f 2858/2/2955 2856/2/2955 2830/2/2955
f 2830/2/2956 2832/2/2956 2858/2/2956
f 2852/2/2957 2857/2/2957 2831/2/2957
f 2831/2/2958 2833/2/2958 2852/2/2958
f 2832/2/2959 2834/2/2959 2859/2/2959
f 2859/2/2960 2858/2/2960 2832/2/2960
f 2835/2/2961 2853/2/2961 2852/2/2961
f 2852/2/2961 2833/2/2961 2835/2/2961
f 2860/2/2962 2859/2/2962 2834/2/2962
f 2834/2/2963 2836/2/2963 2860/2/2963
f 2837/2/2964 2861/2/2964 2853/2/2964
f 2853/2/2965 2835/2/2965 2837/2/2965
f 2838/2/2966 2862/2/2966 2860/2/2966
f 2860/2/2967 2836/2/2967 2838/2/2967
f 2861/2/2968 2837/2/2968 2839/2/2968
f 2839/2/2969 2863/2/2969 2861/2/2969
f 2840/2/2970 2864/2/2970 2862/2/2970
f 2862/2/2971 2838/2/2971 2840/2/2971
f 2863/2/2972 2839/2/2972 2841/2/2972
f 2841/2/2973 2865/2/2973 2863/2/2973
f 2864/2/2974 2840/2/2974 2842/2/2974
f 2842/2/2975 2866/2/2975 2864/2/2975
f 2867/2/2976 2868/2/2976 2825/2/2976
f 2825/2/2976 2843/2/2976 2867/2/2976
f 2841/2/2977 2844/2/2977 2869/2/2977
f 2869/2/2978 2865/2/2978 2841/2/2978
f 2870/2/2979 2866/2/2979 2842/2/2979
f 2842/2/2980 2845/2/2980 2870/2/2980
f 2871/2/2981 2867/2/2981 2843/2/2981
f 2843/2/2982 2846/2/2982 2871/2/2982
f 2872/2/2983 2869/2/2983 2844/2/2983
f 2844/2/2983 2847/2/2983 2872/2/2983
f 2845/2/2984 2848/2/2984 2873/2/2984
f 2873/2/2985 2870/2/2985 2845/2/2985
f 2849/2/2986 2874/2/2986 2871/2/2986
f 2871/2/2987 2846/2/2987 2849/2/2987
f 2850/2/2988 2875/2/2988 2872/2/2988
f 2872/2/2989 2847/2/2989 2850/2/2989
f 2876/2/2990 2873/2/2990 2848/2/2990
f 2848/2/2991 2787/2/2991 2876/2/2991
f 2874/2/2992 2849/2/2992 2824/2/2992
f 2824/2/2993 2877/2/2993 2874/2/2993
f 2826/2/2994 2878/2/2994 2875/2/2994
f 2875/2/2995 2850/2/2995 2826/2/2995
f 2790/2/2996 2879/2/2996 2876/2/2996
f 2876/2/2997 2787/2/2997 2790/2/2997
f 2880/2/2998 2877/2/2998 2824/2/2998
f 2824/2/2999 2823/2/2999 2880/2/2999
f 2878/2/3000 2826/2/3000 2825/2/3000
f 2825/2/3000 2868/2/3000 2878/2/3000
f 2827/2/3001 2881/2/3001 2879/2/3001
f 2879/2/3002 2790/2/3002 2827/2/3002
f 2828/2/3003 2882/2/3003 2880/2/3003
f 2880/2/3004 2823/2/3004 2828/2/3004
f 2881/2/3005 2827/2/3005 2820/2/3005
f 2820/2/3006 2819/2/3006 2881/2/3006
f 2829/2/3007 2855/2/3007 2882/2/3007
f 2882/2/3008 2828/2/3008 2829/2/3008
f 2883/2/3009 2884/2/3009 2885/2/3009
f 2883/2/3009 2885/2/3009 2886/2/3009
f 2886/2/3009 2887/2/3009 2888/2/3009
f 2886/2/3010 2888/2/3010 2889/2/3010
f 2883/2/3011 2886/2/3011 2889/2/3011
f 2889/2/3009 2890/2/3009 2891/2/3009
f 2889/2/3012 2891/2/3012 2892/2/3012
f 2893/2/3009 2894/2/3009 2895/2/3009
f 2892/2/3009 2893/2/3009 2895/2/3009
f 2889/2/3010 2892/2/3010 2895/2/3010
f 2883/2/3013 2889/2/3013 2895/2/3013
f 2895/2/3009 2896/2/3009 2897/2/3009
f 2895/2/3009 2897/2/3009 2898/2/3009
f 2899/2/3014 2900/2/3014 2901/2/3014
f 2898/2/3015 2899/2/3015 2901/2/3015
f 2895/2/3012 2898/2/3012 2901/2/3012
f 2883/2/3011 2895/2/3011 2901/2/3011
f 2901/2/3016 2902/2/3016 2903/2/3016
f 2901/2/3009 2903/2/3009 2904/2/3009
f 2901/2/3017 2904/2/3017 2851/2/3017
f 2883/2/3011 2901/2/3011 2851/2/3011
f 2905/2/3009 2906/2/3009 2907/2/3009
f 2854/2/3009 2905/2/3009 2907/2/3009
f 2851/2/3009 2854/2/3009 2907/2/3009
f 2851/2/3009 2907/2/3009 2908/2/3009
f 2883/2/3018 2851/2/3018 2908/2/3018
f 2908/2/3009 2909/2/3009 2910/2/3009
f 2908/2/3009 2910/2/3009 2911/2/3009
f 2908/2/3009 2911/2/3009 2912/2/3009
f 2883/2/3009 2908/2/3009 2912/2/3009
f 2860/2/3019 2893/2/3019 2892/2/3019
f 2892/2/3019 2859/2/3019 2860/2/3019
f 2905/2/3020 2854/2/3020 2853/2/3020
f 2853/2/3020 2861/2/3020 2905/2/3020
f 2893/2/3021 2860/2/3021 2862/2/3021
f 2862/2/3021 2894/2/3021 2893/2/3021
f 2861/2/3022 2863/2/3022 2906/2/3022
f 2906/2/3022 2905/2/3022 2861/2/3022
f 2895/2/3023 2894/2/3023 2862/2/3023
f 2862/2/3023 2864/2/3023 2895/2/3023
f 2907/2/3024 2906/2/3024 2863/2/3024
f 2863/2/3024 2865/2/3024 2907/2/3024
f 2864/2/3025 2866/2/3025 2896/2/3025
f 2896/2/3025 2895/2/3025 2864/2/3025
f 2883/2/3026 2912/2/3026 2868/2/3026
f 2868/2/3026 2867/2/3026 2883/2/3026
f 2869/2/3027 2908/2/3027 2907/2/3027
f 2907/2/3027 2865/2/3027 2869/2/3027
f 2897/2/3028 2896/2/3028 2866/2/3028
f 2866/2/3028 2870/2/3028 2897/2/3028
f 2867/2/3029 2871/2/3029 2884/2/3029
f 2884/2/3029 2883/2/3029 2867/2/3029
f 2872/2/3030 2909/2/3030 2908/2/3030
f 2908/2/3030 2869/2/3030 2872/2/3030
f 2873/2/3031 2898/2/3031 2897/2/3031
f 2897/2/3031 2870/2/3031 2873/2/3031
f 2885/2/3032 2884/2/3032 2871/2/3032
f 2871/2/3032 2874/2/3032 2885/2/3032
f 2909/2/3033 2872/2/3033 2875/2/3033
f 2875/2/3033 2910/2/3033 2909/2/3033
f 2876/2/3034 2899/2/3034 2898/2/3034
f 2898/2/3034 2873/2/3034 2876/2/3034
f 2877/2/3035 2886/2/3035 2885/2/3035
f 2885/2/3035 2874/2/3035 2877/2/3035
f 2911/2/3036 2910/2/3036 2875/2/3036
f 2875/2/3036 2878/2/3036 2911/2/3036
f 2899/2/3037 2876/2/3037 2879/2/3037
f 2879/2/3037 2900/2/3037 2899/2/3037
f 2880/2/3038 2887/2/3038 2886/2/3038
f 2886/2/3038 2877/2/3038 2880/2/3038
f 2868/2/3039 2912/2/3039 2911/2/3039
f 2911/2/3039 2878/2/3039 2868/2/3039
f 2901/2/3040 2900/2/3040 2879/2/3040
f 2879/2/3040 2881/2/3040 2901/2/3040
f 2887/2/3041 2880/2/3041 2882/2/3041
f 2882/2/3041 2888/2/3041 2887/2/3041
f 2881/2/3042 2819/2/3042 2902/2/3042
f 2902/2/3042 2901/2/3042 2881/2/3042
f 2889/2/3043 2888/2/3043 2882/2/3043
f 2882/2/3043 2855/2/3043 2889/2/3043
f 2903/2/3044 2902/2/3044 2819/2/3044
f 2819/2/3044 2822/2/3044 2903/2/3044
f 2855/2/3045 2856/2/3045 2890/2/3045
f 2890/2/3045 2889/2/3045 2855/2/3045
f 2857/2/3046 2904/2/3046 2903/2/3046
f 2903/2/3046 2822/2/3046 2857/2/3046
f 2891/2/3047 2890/2/3047 2856/2/3047
f 2856/2/3047 2858/2/3047 2891/2/3047
f 2852/2/3048 2851/2/3048 2904/2/3048
f 2904/2/3048 2857/2/3048 2852/2/3048
f 2859/2/3049 2892/2/3049 2891/2/3049
f 2891/2/3049 2858/2/3049 2859/2/3049
o C_rculo_017_C_rculo_018
v 0.227521 -1.049964 -0.350577
v 0.297421 -1.049964 -0.343677
v 0.364621 -1.049964 -0.323277
v 0.426521 -1.049964 -0.290177
v 0.480821 -1.049964 -0.245677
v 0.525321 -1.049964 -0.191377
v 0.558421 -1.049964 -0.129477
v 0.578821 -1.049964 -0.062277
v 0.585721 -1.049964 0.007623
v 0.578821 -1.049964 0.077523
v 0.558421 -1.049964 0.144623
v 0.525321 -1.049964 0.206623
v 0.480821 -1.049964 0.260823
v 0.426521 -1.049964 0.305423
v 0.364621 -1.049964 0.338523
v 0.297421 -1.049964 0.358923
v 0.227521 -1.049964 0.365723
v 0.157621 -1.049964 0.358923
v 0.090520 -1.049964 0.338523
v 0.028521 -1.049964 0.305423
v -0.025679 -1.049964 0.260823
v -0.070279 -1.049964 0.206623
v -0.103380 -1.049964 0.144623
v -0.123779 -1.049964 0.077523
v -0.130579 -1.049964 0.007623
v -0.123779 -1.049964 -0.062277
v -0.103380 -1.049964 -0.129477
v -0.070279 -1.049964 -0.191377
v -0.025679 -1.049964 -0.245677
v 0.157621 -1.049964 -0.343677
v 0.028521 -1.049964 -0.290177
v 0.090520 -1.049964 -0.323277
v -0.040180 -1.080864 -0.260177
v -0.040180 -1.115664 -0.260177
v 0.017220 -1.115664 -0.307277
v 0.017220 -1.080864 -0.307277
v -0.151079 -1.080864 0.007623
v -0.143879 -1.080864 0.081523
v 0.598921 -1.080864 0.081523
v 0.577421 -1.080864 0.152523
v -0.122280 -1.080864 0.152523
v 0.606220 -1.080864 0.007623
v -0.087279 -1.080864 0.218023
v 0.598921 -1.080864 -0.066277
v -0.040180 -1.080864 0.275323
v 0.577421 -1.080864 -0.137277
v 0.017220 -1.080864 0.322423
v 0.542421 -1.080864 -0.202777
v 0.082620 -1.080864 0.357423
v 0.227521 -1.080864 -0.371077
v 0.153621 -1.080864 -0.363777
v 0.495320 -1.080864 -0.260177
v 0.153621 -1.080864 0.379023
v 0.082620 -1.080864 -0.342177
v 0.437921 -1.080864 -0.307277
v 0.227521 -1.080864 0.386223
v 0.372421 -1.080864 -0.342177
v 0.301421 -1.080864 0.379023
v 0.301421 -1.080864 -0.363777
v 0.372421 -1.080864 0.357423
v -0.087279 -1.080864 -0.202777
v 0.437921 -1.080864 0.322423
v -0.122280 -1.080864 -0.137277
v 0.495320 -1.080864 0.275323
v -0.143879 -1.080864 -0.066277
v 0.542421 -1.080864 0.218023
v 0.153621 -1.115664 -0.363777
v 0.082620 -1.115664 -0.342177
v -0.087279 -1.115664 -0.202777
v -0.122280 -1.115664 -0.137277
v -0.143879 -1.115664 -0.066277
v -0.151079 -1.115664 0.007623
v -0.143879 -1.115664 0.081523
v -0.122280 -1.115664 0.152523
v -0.087279 -1.115664 0.218023
v -0.040180 -1.115664 0.275323
v 0.017220 -1.115664 0.322423
v 0.082620 -1.115664 0.357423
v 0.153621 -1.115664 0.379023
v 0.227521 -1.115664 0.386223
v 0.301421 -1.115664 0.379023
v 0.372421 -1.115664 0.357423
v 0.437921 -1.115664 0.322423
v 0.495320 -1.115664 0.275323
v 0.542421 -1.115664 0.218023
v 0.577421 -1.115664 0.152523
v 0.598921 -1.115664 0.081523
v 0.606220 -1.115664 0.007623
v 0.598921 -1.115664 -0.066277
v 0.577421 -1.115664 -0.137277
v 0.542421 -1.115664 -0.202777
v 0.495320 -1.115664 -0.260177
v 0.437921 -1.115664 -0.307277
v 0.372421 -1.115664 -0.342177
v 0.301421 -1.115664 -0.363777
v 0.227521 -1.115664 -0.371077
vn -0.0000 -1.0000 -0.0000
vn 0.6343 -0.0000 0.7731
vn 0.8308 -0.5505 -0.0818
vn 0.8308 -0.5505 -0.0817
vn -0.7990 -0.5503 -0.2425
vn -0.7989 -0.5505 -0.2423
vn 0.7989 -0.5505 -0.2423
vn 0.7989 -0.5505 -0.2422
vn -0.8307 -0.5507 -0.0819
vn -0.8306 -0.5509 -0.0820
vn 0.7361 -0.5508 -0.3935
vn 0.7362 -0.5507 -0.3934
vn -0.8308 -0.5505 0.0818
vn -0.8307 -0.5507 0.0819
vn 0.6453 -0.5505 -0.5296
vn 0.6454 -0.5505 -0.5296
vn -0.7988 -0.5506 0.2423
vn -0.7986 -0.5509 0.2424
vn 0.5296 -0.5505 -0.6453
vn -0.7362 -0.5507 0.3935
vn -0.7362 -0.5505 0.3935
vn 0.3936 -0.5506 -0.7361
vn 0.3935 -0.5505 -0.7363
vn 0.0818 -0.5505 0.8308
vn -0.6453 -0.5505 0.5296
vn 0.2423 -0.5505 -0.7989
vn 0.2425 -0.5505 -0.7988
vn 0.2423 -0.5505 0.7989
vn 0.2430 -0.5506 0.7986
vn -0.5296 -0.5505 0.6453
vn 0.0818 -0.5505 -0.8308
vn 0.3935 -0.5506 0.7362
vn 0.3931 -0.5509 0.7362
vn -0.3935 -0.5505 0.7363
vn -0.3935 -0.5507 0.7362
vn -0.0815 -0.5506 -0.8308
vn -0.0818 -0.5505 -0.8308
vn 0.5296 -0.5507 0.6452
vn 0.5295 -0.5507 0.6453
vn -0.2423 -0.5505 0.7989
vn -0.2422 -0.5506 0.7988
vn -0.2423 -0.5505 -0.7989
vn 0.6454 -0.5505 0.5296
vn 0.6453 -0.5505 0.5296
vn -0.0820 -0.5510 0.8305
vn -0.0818 -0.5505 0.8308
vn -0.3935 -0.5503 -0.7364
vn -0.3936 -0.5504 -0.7363
vn 0.7364 -0.5503 0.3935
vn 0.7363 -0.5504 0.3936
vn -0.5296 -0.5505 -0.6453
vn -0.5299 -0.5504 -0.6452
vn 0.7989 -0.5505 0.2422
vn 0.7989 -0.5505 0.2423
vn -0.6453 -0.5505 -0.5296
vn -0.6454 -0.5504 -0.5296
vn 0.8308 -0.5505 0.0818
vn -0.7363 -0.5505 -0.3935
vn -0.7362 -0.5506 -0.3935
vn -0.0000 1.0000 -0.0000
vn -0.2904 -0.0000 0.9569
vn -0.2903 -0.0000 0.9569
vn -0.2903 -0.0000 -0.9569
vn -0.2904 -0.0000 -0.9569
vn 0.7731 -0.0000 0.6343
vn -0.0983 -0.0000 0.9952
vn -0.4713 -0.0000 -0.8820
vn 0.8820 -0.0000 0.4713
vn -0.6343 -0.0000 -0.7731
vn 0.9569 -0.0000 0.2903
vn -0.7728 -0.0000 -0.6346
vn -0.7731 -0.0000 -0.6343
vn 0.9952 -0.0000 0.0979
vn 0.9952 -0.0000 0.0980
vn -0.8820 -0.0000 -0.4713
vn 0.9952 -0.0000 -0.0978
vn 0.9952 -0.0000 -0.0980
vn -0.9571 -0.0000 -0.2898
vn -0.9569 -0.0000 -0.2903
vn 0.9569 -0.0000 -0.2905
vn -0.9952 -0.0000 -0.0980
vn -0.9952 -0.0000 -0.0983
vn 0.8820 -0.0000 -0.4713
vn -0.9952 -0.0000 0.0980
vn -0.9952 -0.0000 0.0983
vn 0.7731 -0.0000 -0.6343
vn 0.7728 -0.0000 -0.6346
vn -0.9571 -0.0000 0.2898
vn -0.9569 -0.0000 0.2903
vn 0.6343 -0.0000 -0.7731
vn -0.8820 -0.0000 0.4713
vn 0.4718 -0.0000 -0.8817
vn 0.4714 -0.0000 -0.8819
vn 0.0983 -0.0000 0.9952
vn -0.7731 -0.0000 0.6343
vn 0.2905 -0.0000 -0.9569
vn 0.2903 -0.0000 0.9569
vn 0.2901 -0.0000 0.9570
vn -0.6343 -0.0000 0.7731
vn 0.0979 -0.0000 -0.9952
vn 0.4712 -0.0000 0.8820
vn 0.4711 -0.0000 0.8821
vn -0.4714 -0.0000 0.8819
vn -0.0979 -0.0000 -0.9952
vt 0.000000 0.000000
s 0
usemtl Goddard_None
f 2913/3/3050 2914/3/3050 2915/3/3050
f 2915/3/3050 2916/3/3050 2917/3/3050
f 2913/3/3050 2915/3/3050 2917/3/3050
f 2917/3/3050 2918/3/3050 2919/3/3050
f 2919/3/3050 2920/3/3050 2921/3/3050
f 2917/3/3050 2919/3/3050 2921/3/3050
f 2913/3/3050 2917/3/3050 2921/3/3050
f 2921/3/3050 2922/3/3050 2923/3/3050
f 2923/3/3050 2924/3/3050 2925/3/3050
f 2921/3/3050 2923/3/3050 2925/3/3050
f 2925/3/3050 2926/3/3050 2927/3/3050
f 2927/3/3050 2928/3/3050 2929/3/3050
f 2925/3/3050 2927/3/3050 2929/3/3050
f 2921/3/3050 2925/3/3050 2929/3/3050
f 2929/3/3050 2930/3/3050 2931/3/3050
f 2931/3/3050 2932/3/3050 2933/3/3050
f 2929/3/3050 2931/3/3050 2933/3/3050
f 2933/3/3050 2934/3/3050 2935/3/3050
f 2935/3/3050 2936/3/3050 2937/3/3050
f 2933/3/3050 2935/3/3050 2937/3/3050
f 2929/3/3050 2933/3/3050 2937/3/3050
f 2921/3/3050 2929/3/3050 2937/3/3050
f 2913/3/3050 2921/3/3050 2937/3/3050
f 2938/3/3050 2939/3/3050 2940/3/3050
f 2937/3/3050 2938/3/3050 2940/3/3050
f 2937/3/3050 2940/3/3050 2941/3/3050
f 2913/3/3050 2937/3/3050 2941/3/3050
f 2942/3/3050 2913/3/3050 2941/3/3050
f 2942/3/3050 2941/3/3050 2943/3/3050
f 2942/3/3050 2943/3/3050 2944/3/3050
f 2945/3/3051 2946/3/3051 2947/3/3051
f 2947/3/3051 2948/3/3051 2945/3/3051
f 2949/3/3052 2937/3/3052 2936/3/3052
f 2936/3/3053 2950/3/3053 2949/3/3053
f 2922/3/3054 2951/3/3054 2952/3/3054
f 2952/3/3055 2923/3/3055 2922/3/3055
f 2936/3/3056 2935/3/3056 2953/3/3056
f 2953/3/3057 2950/3/3057 2936/3/3057
f 2921/3/3058 2954/3/3058 2951/3/3058
f 2951/3/3059 2922/3/3059 2921/3/3059
f 2934/3/3060 2955/3/3060 2953/3/3060
f 2953/3/3061 2935/3/3061 2934/3/3061
f 2920/3/3062 2956/3/3062 2954/3/3062
f 2954/3/3063 2921/3/3063 2920/3/3063
f 2933/3/3064 2957/3/3064 2955/3/3064
f 2955/3/3065 2934/3/3065 2933/3/3065
f 2919/3/3066 2958/3/3066 2956/3/3066
f 2956/3/3067 2920/3/3067 2919/3/3067
f 2932/3/3068 2959/3/3068 2957/3/3068
f 2957/3/3068 2933/3/3068 2932/3/3068
f 2918/3/3069 2960/3/3069 2958/3/3069
f 2958/3/3070 2919/3/3070 2918/3/3070
f 2931/3/3071 2961/3/3071 2959/3/3071
f 2959/3/3072 2932/3/3072 2931/3/3072
f 2962/3/3073 2913/3/3073 2942/3/3073
f 2942/3/3073 2963/3/3073 2962/3/3073
f 2917/3/3074 2964/3/3074 2960/3/3074
f 2960/3/3074 2918/3/3074 2917/3/3074
f 2930/3/3075 2965/3/3075 2961/3/3075
f 2961/3/3076 2931/3/3076 2930/3/3076
f 2963/3/3077 2942/3/3077 2944/3/3077
f 2944/3/3078 2966/3/3078 2963/3/3078
f 2916/3/3079 2967/3/3079 2964/3/3079
f 2964/3/3079 2917/3/3079 2916/3/3079
f 2929/3/3080 2968/3/3080 2965/3/3080
f 2965/3/3080 2930/3/3080 2929/3/3080
f 2966/3/3081 2944/3/3081 2943/3/3081
f 2943/3/3082 2948/3/3082 2966/3/3082
f 2915/3/3083 2969/3/3083 2967/3/3083
f 2967/3/3084 2916/3/3084 2915/3/3084
f 2928/3/3085 2970/3/3085 2968/3/3085
f 2968/3/3086 2929/3/3086 2928/3/3086
f 2943/3/3087 2941/3/3087 2945/3/3087
f 2945/3/3088 2948/3/3088 2943/3/3088
f 2914/3/3089 2971/3/3089 2969/3/3089
f 2969/3/3090 2915/3/3090 2914/3/3090
f 2927/3/3091 2972/3/3091 2970/3/3091
f 2970/3/3091 2928/3/3091 2927/3/3091
f 2940/3/3092 2973/3/3092 2945/3/3092
f 2945/3/3093 2941/3/3093 2940/3/3093
f 2914/3/3094 2913/3/3094 2962/3/3094
f 2962/3/3095 2971/3/3095 2914/3/3095
f 2926/3/3096 2974/3/3096 2972/3/3096
f 2972/3/3097 2927/3/3097 2926/3/3097
f 2975/3/3098 2973/3/3098 2940/3/3098
f 2940/3/3099 2939/3/3099 2975/3/3099
f 2925/3/3100 2976/3/3100 2974/3/3100
f 2974/3/3101 2926/3/3101 2925/3/3101
f 2938/3/3102 2977/3/3102 2975/3/3102
f 2975/3/3103 2939/3/3103 2938/3/3103
f 2924/3/3104 2978/3/3104 2976/3/3104
f 2976/3/3105 2925/3/3105 2924/3/3105
f 2949/3/3106 2977/3/3106 2938/3/3106
f 2938/3/3106 2937/3/3106 2949/3/3106
f 2923/3/3107 2952/3/3107 2978/3/3107
f 2978/3/3108 2924/3/3108 2923/3/3108
f 2979/3/3109 2980/3/3109 2947/3/3109
f 2947/3/3109 2946/3/3109 2981/3/3109
f 2979/3/3109 2947/3/3109 2981/3/3109
f 2981/3/3109 2982/3/3109 2983/3/3109
f 2981/3/3109 2983/3/3109 2984/3/3109
f 2979/3/3109 2981/3/3109 2984/3/3109
f 2979/3/3109 2984/3/3109 2985/3/3109
f 2985/3/3109 2986/3/3109 2987/3/3109
f 2987/3/3109 2988/3/3109 2989/3/3109
f 2985/3/3109 2987/3/3109 2989/3/3109
f 2989/3/3109 2990/3/3109 2991/3/3109
f 2991/3/3109 2992/3/3109 2993/3/3109
f 2989/3/3109 2991/3/3109 2993/3/3109
f 2985/3/3109 2989/3/3109 2993/3/3109
f 2993/3/3109 2994/3/3109 2995/3/3109
f 2995/3/3109 2996/3/3109 2997/3/3109
f 2993/3/3109 2995/3/3109 2997/3/3109
f 2997/3/3109 2998/3/3109 2999/3/3109
f 2999/3/3109 3000/3/3109 3001/3/3109
f 2997/3/3109 2999/3/3109 3001/3/3109
f 2993/3/3109 2997/3/3109 3001/3/3109
f 2985/3/3109 2993/3/3109 3001/3/3109
f 3001/3/3109 3002/3/3109 3003/3/3109
f 3003/3/3109 3004/3/3109 3005/3/3109
f 3001/3/3109 3003/3/3109 3005/3/3109
f 3005/3/3109 3006/3/3109 3007/3/3109
f 3005/3/3109 3007/3/3109 3008/3/3109
f 3001/3/3109 3005/3/3109 3008/3/3109
f 2985/3/3109 3001/3/3109 3008/3/3109
f 2979/3/3109 2985/3/3109 3008/3/3109
f 2971/3/3110 3007/3/3110 3006/3/3110
f 3006/3/3111 2969/3/3111 2971/3/3111
f 2972/3/3112 2994/3/3112 2993/3/3112
f 2993/3/3113 2970/3/3113 2972/3/3113
f 2973/3/3114 2981/3/3114 2946/3/3114
f 2946/3/3114 2945/3/3114 2973/3/3114
f 2971/3/3115 2962/3/3115 3008/3/3115
f 3008/3/3115 3007/3/3115 2971/3/3115
f 2974/3/3116 2995/3/3116 2994/3/3116
f 2994/3/3116 2972/3/3116 2974/3/3116
f 2975/3/3117 2982/3/3117 2981/3/3117
f 2981/3/3117 2973/3/3117 2975/3/3117
f 2976/3/3118 2996/3/3118 2995/3/3118
f 2995/3/3118 2974/3/3118 2976/3/3118
f 2977/3/3119 2983/3/3119 2982/3/3119
f 2982/3/3119 2975/3/3119 2977/3/3119
f 2978/3/3120 2997/3/3120 2996/3/3120
f 2996/3/3121 2976/3/3121 2978/3/3121
f 2949/3/3122 2984/3/3122 2983/3/3122
f 2983/3/3123 2977/3/3123 2949/3/3123
f 2952/3/3124 2998/3/3124 2997/3/3124
f 2997/3/3124 2978/3/3124 2952/3/3124
f 2950/3/3125 2985/3/3125 2984/3/3125
f 2984/3/3126 2949/3/3126 2950/3/3126
f 2951/3/3127 2999/3/3127 2998/3/3127
f 2998/3/3128 2952/3/3128 2951/3/3128
f 2953/3/3129 2986/3/3129 2985/3/3129
f 2985/3/3129 2950/3/3129 2953/3/3129
f 2954/3/3130 3000/3/3130 2999/3/3130
f 2999/3/3131 2951/3/3131 2954/3/3131
f 2955/3/3132 2987/3/3132 2986/3/3132
f 2986/3/3132 2953/3/3132 2955/3/3132
f 2956/3/3133 3001/3/3133 3000/3/3133
f 3000/3/3134 2954/3/3134 2956/3/3134
f 2957/3/3135 2988/3/3135 2987/3/3135
f 2987/3/3136 2955/3/3136 2957/3/3136
f 2958/3/3137 3002/3/3137 3001/3/3137
f 3001/3/3138 2956/3/3138 2958/3/3138
f 2959/3/3139 2989/3/3139 2988/3/3139
f 2988/3/3139 2957/3/3139 2959/3/3139
f 2960/3/3140 3003/3/3140 3002/3/3140
f 3002/3/3140 2958/3/3140 2960/3/3140
f 2961/3/3141 2990/3/3141 2989/3/3141
f 2989/3/3142 2959/3/3142 2961/3/3142
f 2963/3/3143 2979/3/3143 3008/3/3143
f 3008/3/3143 2962/3/3143 2963/3/3143
f 2964/3/3144 3004/3/3144 3003/3/3144
f 3003/3/3144 2960/3/3144 2964/3/3144
f 2965/3/3145 2991/3/3145 2990/3/3145
f 2990/3/3145 2961/3/3145 2965/3/3145
f 2966/3/3146 2980/3/3146 2979/3/3146
f 2979/3/3147 2963/3/3147 2966/3/3147
f 2967/3/3148 3005/3/3148 3004/3/3148
f 3004/3/3148 2964/3/3148 2967/3/3148
f 2968/3/3149 2992/3/3149 2991/3/3149
f 2991/3/3149 2965/3/3149 2968/3/3149
f 2948/3/3150 2947/3/3150 2980/3/3150
f 2980/3/3151 2966/3/3151 2948/3/3151
f 2969/3/3152 3006/3/3152 3005/3/3152
f 3005/3/3152 2967/3/3152 2969/3/3152
f 2970/3/3153 2993/3/3153 2992/3/3153
f 2992/3/3153 2968/3/3153 2970/3/3153
o C_rculo_018_C_rculo_019
v 0.226921 -1.114564 -0.368077
v 0.300521 -1.114564 -0.360877
v 0.371321 -1.114564 -0.339377
v 0.436621 -1.114564 -0.304477
v 0.493821 -1.114564 -0.257577
v 0.540721 -1.114564 -0.200377
v 0.575621 -1.114564 -0.135177
v 0.597021 -1.114564 -0.064377
v 0.604321 -1.114564 0.009323
v 0.597021 -1.114564 0.082923
v 0.575621 -1.114564 0.153723
v 0.540721 -1.114564 0.218923
v 0.493821 -1.114564 0.276123
v 0.436621 -1.114564 0.323023
v 0.371321 -1.114564 0.357923
v 0.300521 -1.114564 0.379423
v 0.226921 -1.114564 0.386623
v 0.153321 -1.114564 0.379423
v 0.082520 -1.114564 0.357923
v 0.017320 -1.114564 0.323023
v -0.039879 -1.114564 0.276123
v -0.086880 -1.114564 0.218923
v -0.121679 -1.114564 0.153723
v -0.143179 -1.114564 0.082923
v -0.150479 -1.114564 0.009323
v -0.143179 -1.114564 -0.064377
v -0.121679 -1.114564 -0.135177
v -0.086880 -1.114564 -0.200377
v -0.039879 -1.114564 -0.257577
v 0.153321 -1.114564 -0.360877
v 0.017320 -1.114564 -0.304477
v 0.082520 -1.114564 -0.339377
v 0.133921 -1.293764 -0.458377
v 0.044420 -1.293764 -0.431277
v -0.037979 -1.293764 -0.387177
v -0.110279 -1.293764 -0.327877
v -0.169580 -1.293764 -0.255677
v -0.213579 -1.293764 -0.173177
v -0.240780 -1.293764 -0.083777
v -0.249879 -1.293764 0.009323
v -0.240780 -1.293764 0.102323
v -0.213579 -1.293764 0.191723
v -0.169580 -1.293764 0.274223
v -0.110279 -1.293764 0.346523
v -0.037979 -1.293764 0.405823
v 0.044420 -1.293764 0.449823
v 0.133921 -1.293764 0.477023
v 0.226921 -1.293764 0.486123
v 0.319921 -1.293764 0.477023
v 0.409421 -1.293764 0.449823
v 0.491821 -1.293764 0.405823
v 0.564121 -1.293764 0.346523
v 0.623421 -1.293764 0.274223
v 0.667521 -1.293764 0.191723
v 0.694620 -1.293764 0.102323
v 0.703821 -1.293764 0.009323
v 0.694620 -1.293764 -0.083777
v 0.667521 -1.293764 -0.173177
v 0.623421 -1.293764 -0.255677
v 0.564121 -1.293764 -0.327877
v 0.491821 -1.293764 -0.387177
v 0.409421 -1.293764 -0.431277
v 0.319921 -1.293764 -0.458377
v 0.226921 -1.293764 -0.467577
vn -0.0000 -1.0000 -0.0000
vn -0.0000 1.0000 -0.0000
vn 0.8376 -0.4836 0.2540
vn 0.8376 -0.4835 0.2544
vn -0.6768 -0.4836 -0.5551
vn -0.6769 -0.4836 -0.5550
vn 0.8711 -0.4836 0.0858
vn 0.8712 -0.4833 0.0863
vn -0.7718 -0.4838 -0.4125
vn -0.7719 -0.4836 -0.4126
vn 0.8711 -0.4836 -0.0858
vn 0.8711 -0.4836 -0.0856
vn -0.8376 -0.4837 -0.2539
vn -0.8376 -0.4836 -0.2541
vn 0.8376 -0.4835 -0.2544
vn 0.8376 -0.4836 -0.2541
vn -0.8711 -0.4836 -0.0855
vn -0.8711 -0.4836 -0.0857
vn 0.7719 -0.4836 -0.4127
vn 0.7721 -0.4836 -0.4124
vn -0.8711 -0.4836 0.0858
vn 0.6766 -0.4836 -0.5553
vn -0.8376 -0.4836 0.2542
vn -0.8376 -0.4836 0.2541
vn 0.5553 -0.4836 -0.6766
vn -0.7719 -0.4836 0.4126
vn -0.7719 -0.4837 0.4125
vn 0.4126 -0.4836 -0.7719
vn 0.4130 -0.4839 -0.7715
vn 0.0858 -0.4836 0.8711
vn -0.6765 -0.4834 0.5556
vn -0.6766 -0.4836 0.5553
vn 0.2545 -0.4837 -0.8374
vn 0.2540 -0.4836 -0.8376
vn 0.2541 -0.4836 0.8376
vn -0.5553 -0.4836 0.6766
vn 0.0858 -0.4836 -0.8711
vn 0.4126 -0.4836 0.7719
vn -0.4130 -0.4836 0.7717
vn -0.4126 -0.4838 0.7718
vn -0.0858 -0.4836 -0.8711
vn 0.5550 -0.4836 0.6769
vn 0.5551 -0.4836 0.6768
vn -0.2542 -0.4837 0.8375
vn -0.2543 -0.4836 0.8375
vn -0.2540 -0.4836 -0.8376
vn -0.2543 -0.4837 -0.8375
vn 0.6767 -0.4836 0.5552
vn 0.6766 -0.4836 0.5553
vn -0.0857 -0.4836 0.8711
vn -0.0858 -0.4836 0.8711
vn -0.4126 -0.4836 -0.7719
vn -0.4126 -0.4836 -0.7720
vn 0.7719 -0.4836 0.4126
vn -0.5555 -0.4836 -0.6765
vn -0.5555 -0.4836 -0.6764
vt 0.000000 0.000000
s 0
usemtl Goddard_None
f 3009/4/3154 3010/4/3154 3011/4/3154
f 3011/4/3154 3012/4/3154 3013/4/3154
f 3009/4/3154 3011/4/3154 3013/4/3154
f 3013/4/3154 3014/4/3154 3015/4/3154
f 3015/4/3154 3016/4/3154 3017/4/3154
f 3013/4/3154 3015/4/3154 3017/4/3154
f 3009/4/3154 3013/4/3154 3017/4/3154
f 3017/4/3154 3018/4/3154 3019/4/3154
f 3019/4/3154 3020/4/3154 3021/4/3154
f 3017/4/3154 3019/4/3154 3021/4/3154
f 3021/4/3154 3022/4/3154 3023/4/3154
f 3023/4/3154 3024/4/3154 3025/4/3154
f 3021/4/3154 3023/4/3154 3025/4/3154
f 3017/4/3154 3021/4/3154 3025/4/3154
f 3025/4/3154 3026/4/3154 3027/4/3154
f 3027/4/3154 3028/4/3154 3029/4/3154
f 3025/4/3154 3027/4/3154 3029/4/3154
f 3029/4/3154 3030/4/3154 3031/4/3154
f 3031/4/3154 3032/4/3154 3033/4/3154
f 3029/4/3154 3031/4/3154 3033/4/3154
f 3025/4/3154 3029/4/3154 3033/4/3154
f 3017/4/3154 3025/4/3154 3033/4/3154
f 3009/4/3154 3017/4/3154 3033/4/3154
f 3034/4/3154 3035/4/3154 3036/4/3154
f 3033/4/3154 3034/4/3154 3036/4/3154
f 3033/4/3154 3036/4/3154 3037/4/3154
f 3009/4/3154 3033/4/3154 3037/4/3154
f 3038/4/3154 3009/4/3154 3037/4/3154
f 3038/4/3154 3037/4/3154 3039/4/3154
f 3038/4/3154 3039/4/3154 3040/4/3154
f 3041/4/3155 3042/4/3155 3043/4/3155
f 3043/4/3155 3044/4/3155 3045/4/3155
f 3041/4/3155 3043/4/3155 3045/4/3155
f 3045/4/3155 3046/4/3155 3047/4/3155
f 3047/4/3155 3048/4/3155 3049/4/3155
f 3045/4/3155 3047/4/3155 3049/4/3155
f 3041/4/3155 3045/4/3155 3049/4/3155
f 3049/4/3155 3050/4/3155 3051/4/3155
f 3051/4/3155 3052/4/3155 3053/4/3155
f 3049/4/3155 3051/4/3155 3053/4/3155
f 3053/4/3155 3054/4/3155 3055/4/3155
f 3055/4/3155 3056/4/3155 3057/4/3155
f 3053/4/3155 3055/4/3155 3057/4/3155
f 3049/4/3155 3053/4/3155 3057/4/3155
f 3041/4/3155 3049/4/3155 3057/4/3155
f 3057/4/3155 3058/4/3155 3059/4/3155
f 3059/4/3155 3060/4/3155 3061/4/3155
f 3057/4/3155 3059/4/3155 3061/4/3155
f 3061/4/3155 3062/4/3155 3063/4/3155
f 3063/4/3155 3064/4/3155 3065/4/3155
f 3061/4/3155 3063/4/3155 3065/4/3155
f 3057/4/3155 3061/4/3155 3065/4/3155
f 3065/4/3155 3066/4/3155 3067/4/3155
f 3067/4/3155 3068/4/3155 3069/4/3155
f 3065/4/3155 3067/4/3155 3069/4/3155
f 3069/4/3155 3070/4/3155 3071/4/3155
f 3069/4/3155 3071/4/3155 3072/4/3155
f 3065/4/3155 3069/4/3155 3072/4/3155
f 3057/4/3155 3065/4/3155 3072/4/3155
f 3041/4/3155 3057/4/3155 3072/4/3155
f 3034/4/3156 3047/4/3156 3046/4/3156
f 3046/4/3157 3035/4/3157 3034/4/3157
f 3020/4/3158 3061/4/3158 3060/4/3158
f 3060/4/3159 3021/4/3159 3020/4/3159
f 3048/4/3160 3047/4/3160 3034/4/3160
f 3034/4/3161 3033/4/3161 3048/4/3161
f 3019/4/3162 3062/4/3162 3061/4/3162
f 3061/4/3163 3020/4/3163 3019/4/3163
f 3048/4/3164 3033/4/3164 3032/4/3164
f 3032/4/3165 3049/4/3165 3048/4/3165
f 3018/4/3166 3063/4/3166 3062/4/3166
f 3062/4/3167 3019/4/3167 3018/4/3167
f 3032/4/3168 3031/4/3168 3050/4/3168
f 3050/4/3169 3049/4/3169 3032/4/3169
f 3017/4/3170 3064/4/3170 3063/4/3170
f 3063/4/3171 3018/4/3171 3017/4/3171
f 3030/4/3172 3051/4/3172 3050/4/3172
f 3050/4/3173 3031/4/3173 3030/4/3173
f 3016/4/3174 3065/4/3174 3064/4/3174
f 3064/4/3174 3017/4/3174 3016/4/3174
f 3029/4/3175 3052/4/3175 3051/4/3175
f 3051/4/3175 3030/4/3175 3029/4/3175
f 3015/4/3176 3066/4/3176 3065/4/3176
f 3065/4/3177 3016/4/3177 3015/4/3177
f 3028/4/3178 3053/4/3178 3052/4/3178
f 3052/4/3178 3029/4/3178 3028/4/3178
f 3014/4/3179 3067/4/3179 3066/4/3179
f 3066/4/3180 3015/4/3180 3014/4/3180
f 3027/4/3181 3054/4/3181 3053/4/3181
f 3053/4/3182 3028/4/3182 3027/4/3182
f 3072/4/3183 3009/4/3183 3038/4/3183
f 3038/4/3183 3041/4/3183 3072/4/3183
f 3013/4/3184 3068/4/3184 3067/4/3184
f 3067/4/3185 3014/4/3185 3013/4/3185
f 3026/4/3186 3055/4/3186 3054/4/3186
f 3054/4/3187 3027/4/3187 3026/4/3187
f 3041/4/3188 3038/4/3188 3040/4/3188
f 3040/4/3188 3042/4/3188 3041/4/3188
f 3012/4/3189 3069/4/3189 3068/4/3189
f 3068/4/3189 3013/4/3189 3012/4/3189
f 3025/4/3190 3056/4/3190 3055/4/3190
f 3055/4/3190 3026/4/3190 3025/4/3190
f 3042/4/3191 3040/4/3191 3039/4/3191
f 3039/4/3191 3043/4/3191 3042/4/3191
f 3011/4/3192 3070/4/3192 3069/4/3192
f 3069/4/3193 3012/4/3193 3011/4/3193
f 3024/4/3194 3057/4/3194 3056/4/3194
f 3056/4/3194 3025/4/3194 3024/4/3194
f 3039/4/3195 3037/4/3195 3044/4/3195
f 3044/4/3196 3043/4/3196 3039/4/3196
f 3010/4/3197 3071/4/3197 3070/4/3197
f 3070/4/3198 3011/4/3198 3010/4/3198
f 3023/4/3199 3058/4/3199 3057/4/3199
f 3057/4/3200 3024/4/3200 3023/4/3200
f 3036/4/3201 3045/4/3201 3044/4/3201
f 3044/4/3202 3037/4/3202 3036/4/3202
f 3010/4/3203 3009/4/3203 3072/4/3203
f 3072/4/3204 3071/4/3204 3010/4/3204
f 3022/4/3205 3059/4/3205 3058/4/3205
f 3058/4/3206 3023/4/3206 3022/4/3206
f 3046/4/3207 3045/4/3207 3036/4/3207
f 3036/4/3207 3035/4/3207 3046/4/3207
f 3021/4/3208 3060/4/3208 3059/4/3208
f 3059/4/3209 3022/4/3209 3021/4/3209
o C_rculo_019_C_rculo_020
v 0.228221 -1.292464 -0.469677
v 0.321721 -1.292464 -0.460477
v 0.411621 -1.292464 -0.433177
v 0.494521 -1.292464 -0.388877
v 0.567121 -1.292464 -0.329277
v 0.626721 -1.292464 -0.256677
v 0.671021 -1.292464 -0.173777
v 0.698321 -1.292464 -0.083877
v 0.707520 -1.292464 0.009623
v 0.698321 -1.292464 0.103123
v 0.671021 -1.292464 0.193123
v 0.626721 -1.292464 0.275923
v 0.567121 -1.292464 0.348623
v 0.494521 -1.292464 0.408223
v 0.411621 -1.292464 0.452523
v 0.321721 -1.292464 0.479823
v 0.228221 -1.292464 0.489023
v 0.134621 -1.292464 0.479823
v 0.044721 -1.292464 0.452523
v -0.038080 -1.292464 0.408223
v -0.110780 -1.292464 0.348623
v -0.170380 -1.292464 0.275923
v -0.214679 -1.292464 0.193123
v -0.241979 -1.292464 0.103123
v -0.251179 -1.292464 0.009623
v -0.241979 -1.292464 -0.083877
v -0.214679 -1.292464 -0.173777
v -0.170380 -1.292464 -0.256677
v -0.110780 -1.292464 -0.329277
v 0.134621 -1.292464 -0.460477
v -0.038080 -1.292464 -0.388877
v 0.044721 -1.292464 -0.433177
v 0.733121 -1.313864 -0.090777
v 0.733121 -1.414664 -0.090777
v 0.743021 -1.414664 0.009623
v 0.743021 -1.313864 0.009623
v 0.425221 -1.313864 -0.465977
v 0.514221 -1.313864 -0.418477
v 0.328621 -1.313864 0.514623
v 0.228221 -1.313864 0.524523
v -0.135880 -1.313864 -0.354377
v -0.057879 -1.313864 -0.418477
v 0.328621 -1.313864 -0.495277
v 0.425221 -1.313864 0.485323
v -0.199880 -1.313864 -0.276377
v 0.228221 -1.313864 -0.505177
v 0.514221 -1.313864 0.437723
v -0.247479 -1.313864 -0.187377
v 0.592221 -1.313864 0.373723
v -0.276779 -1.313864 -0.090777
v 0.656221 -1.313864 0.295723
v -0.286680 -1.313864 0.009623
v 0.703821 -1.313864 0.206623
v -0.276779 -1.313864 0.110123
v 0.733121 -1.313864 0.110123
v -0.247479 -1.313864 0.206623
v -0.199880 -1.313864 0.295723
v -0.135880 -1.313864 0.373723
v 0.703821 -1.313864 -0.187377
v -0.057879 -1.313864 0.437723
v 0.656221 -1.313864 -0.276377
v 0.031121 -1.313864 0.485323
v 0.127721 -1.313864 -0.495277
v 0.592221 -1.313864 -0.354377
v 0.127721 -1.313864 0.514623
v 0.031121 -1.313864 -0.465977
v 0.127721 -1.414664 -0.495277
v 0.031121 -1.414664 -0.465977
v -0.057879 -1.414664 -0.418477
v -0.135880 -1.414664 -0.354377
v -0.199880 -1.414664 -0.276377
v -0.247479 -1.414664 -0.187377
v -0.276779 -1.414664 -0.090777
v -0.286680 -1.414664 0.009623
v -0.276779 -1.414664 0.110123
v -0.247479 -1.414664 0.206623
v -0.199880 -1.414664 0.295723
v -0.135880 -1.414664 0.373723
v -0.057879 -1.414664 0.437723
v 0.031121 -1.414664 0.485323
v 0.127721 -1.414664 0.514623
v 0.228221 -1.414664 0.524523
v 0.328621 -1.414664 0.514623
v 0.425221 -1.414664 0.485323
v 0.514221 -1.414664 0.437723
v 0.592221 -1.414664 0.373723
v 0.656221 -1.414664 0.295723
v 0.703821 -1.414664 0.206623
v 0.733121 -1.414664 0.110123
v 0.703821 -1.414664 -0.187377
v 0.656221 -1.414664 -0.276377
v 0.592221 -1.414664 -0.354377
v 0.514221 -1.414664 -0.418477
v 0.425221 -1.414664 -0.465977
v 0.328621 -1.414664 -0.495277
v 0.228221 -1.414664 -0.505177
vn -0.0000 -1.0000 -0.0000
vn -0.9952 -0.0000 0.0981
vn -0.9952 -0.0000 0.0977
vn -0.2440 -0.8555 0.4567
vn -0.2439 -0.8557 0.4564
vn -0.0508 -0.8554 -0.5154
vn -0.0507 -0.8557 -0.5150
vn 0.3284 -0.8555 0.4003
vn 0.3283 -0.8557 0.3999
vn -0.1502 -0.8557 0.4953
vn -0.1502 -0.8557 -0.4953
vn -0.1502 -0.8556 -0.4953
vn 0.4000 -0.8557 0.3283
vn 0.4001 -0.8556 0.3283
vn -0.0507 -0.8556 0.5152
vn -0.0507 -0.8555 0.5152
vn -0.2441 -0.8556 -0.4565
vn -0.2441 -0.8554 -0.4569
vn 0.4566 -0.8556 0.2441
vn 0.4565 -0.8556 0.2440
vn -0.3283 -0.8556 -0.4001
vn 0.4953 -0.8556 0.1502
vn 0.4957 -0.8554 0.1505
vn -0.3999 -0.8558 -0.3281
vn -0.4004 -0.8555 -0.3284
vn 0.5151 -0.8556 0.0507
vn 0.5150 -0.8557 0.0507
vn -0.4567 -0.8555 -0.2441
vn -0.4566 -0.8555 -0.2443
vn 0.5150 -0.8557 -0.0507
vn -0.4951 -0.8557 -0.1502
vn -0.4955 -0.8555 -0.1502
vn 0.4953 -0.8557 -0.1502
vn 0.4957 -0.8553 -0.1505
vn -0.5149 -0.8558 -0.0507
vn -0.5153 -0.8555 -0.0507
vn 0.4564 -0.8557 -0.2440
vn 0.4565 -0.8556 -0.2441
vn -0.5151 -0.8556 0.0507
vn 0.4001 -0.8557 -0.3282
vn 0.4000 -0.8557 -0.3283
vn -0.4952 -0.8557 0.1502
vn -0.4953 -0.8556 0.1502
vn 0.3284 -0.8556 -0.4002
vn 0.3284 -0.8555 -0.4003
vn -0.4564 -0.8557 0.2440
vn -0.4566 -0.8556 0.2440
vn 0.2443 -0.8554 -0.4568
vn 0.2441 -0.8556 -0.4564
vn 0.0507 -0.8556 0.5151
vn 0.0507 -0.8554 0.5154
vn -0.4000 -0.8557 0.3283
vn -0.4000 -0.8557 0.3282
vn 0.1502 -0.8557 -0.4953
vn 0.1501 -0.8557 -0.4952
vn 0.1501 -0.8557 0.4952
vn 0.1502 -0.8557 0.4953
vn -0.3286 -0.8556 0.3999
vn -0.3283 -0.8556 0.4001
vn 0.0507 -0.8555 -0.5153
vn 0.0507 -0.8556 -0.5151
vn 0.2440 -0.8557 0.4564
vn 0.2438 -0.8558 0.4563
vn -0.0000 1.0000 -0.0000
vn 0.7731 -0.0000 -0.6343
vn -0.9569 -0.0000 0.2903
vn 0.6343 -0.0000 -0.7731
vn -0.8818 -0.0000 0.4716
vn 0.4716 -0.0000 -0.8818
vn 0.0980 -0.0000 0.9952
vn -0.7731 -0.0000 0.6343
vn 0.2903 -0.0000 -0.9569
vn 0.2903 -0.0000 0.9569
vn -0.6344 -0.0000 0.7730
vn 0.0980 -0.0000 -0.9952
vn 0.4708 -0.0000 0.8822
vn -0.4711 -0.0000 0.8821
vn -0.4713 -0.0000 0.8820
vn -0.0981 -0.0000 -0.9952
vn 0.6342 -0.0000 0.7732
vn -0.2903 -0.0000 0.9569
vn -0.2903 -0.0000 -0.9569
vn 0.7731 -0.0000 0.6343
vn -0.0981 -0.0000 0.9952
vn -0.0977 -0.0000 0.9952
vn -0.4716 -0.0000 -0.8818
vn 0.8818 -0.0000 0.4716
vn -0.6343 -0.0000 -0.7731
vn 0.9569 -0.0000 0.2903
vn -0.7731 -0.0000 -0.6343
vn 0.9952 -0.0000 0.0981
vn -0.8820 -0.0000 -0.4712
vn 0.9952 -0.0000 -0.0980
vn -0.9569 -0.0000 -0.2905
vn 0.9569 -0.0000 -0.2905
vn -0.9952 -0.0000 -0.0980
vn 0.8820 -0.0000 -0.4712
vt 0.000000 0.000000
s 0
usemtl Goddard_None
f 3073/5/3210 3074/5/3210 3075/5/3210
f 3075/5/3210 3076/5/3210 3077/5/3210
f 3073/5/3210 3075/5/3210 3077/5/3210
f 3077/5/3210 3078/5/3210 3079/5/3210
f 3079/5/3210 3080/5/3210 3081/5/3210
f 3077/5/3210 3079/5/3210 3081/5/3210
f 3073/5/3210 3077/5/3210 3081/5/3210
f 3081/5/3210 3082/5/3210 3083/5/3210
f 3083/5/3210 3084/5/3210 3085/5/3210
f 3081/5/3210 3083/5/3210 3085/5/3210
f 3085/5/3210 3086/5/3210 3087/5/3210
f 3087/5/3210 3088/5/3210 3089/5/3210
f 3085/5/3210 3087/5/3210 3089/5/3210
f 3081/5/3210 3085/5/3210 3089/5/3210
f 3089/5/3210 3090/5/3210 3091/5/3210
f 3091/5/3210 3092/5/3210 3093/5/3210
f 3089/5/3210 3091/5/3210 3093/5/3210
f 3093/5/3210 3094/5/3210 3095/5/3210
f 3095/5/3210 3096/5/3210 3097/5/3210
f 3093/5/3210 3095/5/3210 3097/5/3210
f 3089/5/3210 3093/5/3210 3097/5/3210
f 3081/5/3210 3089/5/3210 3097/5/3210
f 3073/5/3210 3081/5/3210 3097/5/3210
f 3098/5/3210 3099/5/3210 3100/5/3210
f 3097/5/3210 3098/5/3210 3100/5/3210
f 3097/5/3210 3100/5/3210 3101/5/3210
f 3073/5/3210 3097/5/3210 3101/5/3210
f 3102/5/3210 3073/5/3210 3101/5/3210
f 3102/5/3210 3101/5/3210 3103/5/3210
f 3102/5/3210 3103/5/3210 3104/5/3210
f 3105/5/3211 3106/5/3211 3107/5/3211
f 3107/5/3212 3108/5/3212 3105/5/3212
f 3075/5/3213 3109/5/3213 3110/5/3213
f 3110/5/3214 3076/5/3214 3075/5/3214
f 3088/5/3215 3111/5/3215 3112/5/3215
f 3112/5/3216 3089/5/3216 3088/5/3216
f 3103/5/3217 3101/5/3217 3113/5/3217
f 3113/5/3218 3114/5/3218 3103/5/3218
f 3074/5/3219 3115/5/3219 3109/5/3219
f 3109/5/3219 3075/5/3219 3074/5/3219
f 3087/5/3220 3116/5/3220 3111/5/3220
f 3111/5/3221 3088/5/3221 3087/5/3221
f 3100/5/3222 3117/5/3222 3113/5/3222
f 3113/5/3223 3101/5/3223 3100/5/3223
f 3074/5/3224 3073/5/3224 3118/5/3224
f 3118/5/3225 3115/5/3225 3074/5/3225
f 3086/5/3226 3119/5/3226 3116/5/3226
f 3116/5/3227 3087/5/3227 3086/5/3227
f 3120/5/3228 3117/5/3228 3100/5/3228
f 3100/5/3229 3099/5/3229 3120/5/3229
f 3085/5/3230 3121/5/3230 3119/5/3230
f 3119/5/3230 3086/5/3230 3085/5/3230
f 3098/5/3231 3122/5/3231 3120/5/3231
f 3120/5/3232 3099/5/3232 3098/5/3232
f 3084/5/3233 3123/5/3233 3121/5/3233
f 3121/5/3234 3085/5/3234 3084/5/3234
f 3124/5/3235 3122/5/3235 3098/5/3235
f 3098/5/3236 3097/5/3236 3124/5/3236
f 3083/5/3237 3125/5/3237 3123/5/3237
f 3123/5/3238 3084/5/3238 3083/5/3238
f 3124/5/3239 3097/5/3239 3096/5/3239
f 3096/5/3239 3126/5/3239 3124/5/3239
f 3082/5/3240 3127/5/3240 3125/5/3240
f 3125/5/3241 3083/5/3241 3082/5/3241
f 3096/5/3242 3095/5/3242 3128/5/3242
f 3128/5/3243 3126/5/3243 3096/5/3243
f 3081/5/3244 3108/5/3244 3127/5/3244
f 3127/5/3245 3082/5/3245 3081/5/3245
f 3094/5/3246 3129/5/3246 3128/5/3246
f 3128/5/3247 3095/5/3247 3094/5/3247
f 3080/5/3248 3105/5/3248 3108/5/3248
f 3108/5/3248 3081/5/3248 3080/5/3248
f 3093/5/3249 3130/5/3249 3129/5/3249
f 3129/5/3250 3094/5/3250 3093/5/3250
f 3079/5/3251 3131/5/3251 3105/5/3251
f 3105/5/3252 3080/5/3252 3079/5/3252
f 3092/5/3253 3132/5/3253 3130/5/3253
f 3130/5/3254 3093/5/3254 3092/5/3254
f 3078/5/3255 3133/5/3255 3131/5/3255
f 3131/5/3256 3079/5/3256 3078/5/3256
f 3091/5/3257 3134/5/3257 3132/5/3257
f 3132/5/3258 3092/5/3258 3091/5/3258
f 3118/5/3259 3073/5/3259 3102/5/3259
f 3102/5/3260 3135/5/3260 3118/5/3260
f 3077/5/3261 3136/5/3261 3133/5/3261
f 3133/5/3262 3078/5/3262 3077/5/3262
f 3090/5/3263 3137/5/3263 3134/5/3263
f 3134/5/3264 3091/5/3264 3090/5/3264
f 3135/5/3265 3102/5/3265 3104/5/3265
f 3104/5/3266 3138/5/3266 3135/5/3266
f 3076/5/3267 3110/5/3267 3136/5/3267
f 3136/5/3268 3077/5/3268 3076/5/3268
f 3089/5/3269 3112/5/3269 3137/5/3269
f 3137/5/3270 3090/5/3270 3089/5/3270
f 3138/5/3271 3104/5/3271 3103/5/3271
f 3103/5/3272 3114/5/3272 3138/5/3272
f 3139/5/3273 3140/5/3273 3141/5/3273
f 3141/5/3273 3142/5/3273 3143/5/3273
f 3139/5/3273 3141/5/3273 3143/5/3273
f 3143/5/3273 3144/5/3273 3145/5/3273
f 3143/5/3273 3145/5/3273 3146/5/3273
f 3139/5/3273 3143/5/3273 3146/5/3273
f 3139/5/3273 3146/5/3273 3147/5/3273
f 3147/5/3273 3148/5/3273 3149/5/3273
f 3149/5/3273 3150/5/3273 3151/5/3273
f 3147/5/3273 3149/5/3273 3151/5/3273
f 3151/5/3273 3152/5/3273 3153/5/3273
f 3153/5/3273 3154/5/3273 3155/5/3273
f 3151/5/3273 3153/5/3273 3155/5/3273
f 3147/5/3273 3151/5/3273 3155/5/3273
f 3155/5/3273 3156/5/3273 3157/5/3273
f 3157/5/3273 3158/5/3273 3159/5/3273
f 3155/5/3273 3157/5/3273 3159/5/3273
f 3159/5/3273 3160/5/3273 3161/5/3273
f 3161/5/3273 3107/5/3273 3106/5/3273
f 3159/5/3273 3161/5/3273 3106/5/3273
f 3155/5/3273 3159/5/3273 3106/5/3273
f 3147/5/3273 3155/5/3273 3106/5/3273
f 3106/5/3273 3162/5/3273 3163/5/3273
f 3163/5/3273 3164/5/3273 3165/5/3273
f 3106/5/3273 3163/5/3273 3165/5/3273
f 3165/5/3273 3166/5/3273 3167/5/3273
f 3165/5/3273 3167/5/3273 3168/5/3273
f 3106/5/3273 3165/5/3273 3168/5/3273
f 3147/5/3273 3106/5/3273 3168/5/3273
f 3139/5/3273 3147/5/3273 3168/5/3273
f 3130/5/3274 3150/5/3274 3149/5/3274
f 3149/5/3274 3129/5/3274 3130/5/3274
f 3131/5/3275 3162/5/3275 3106/5/3275
f 3106/5/3275 3105/5/3275 3131/5/3275
f 3132/5/3276 3151/5/3276 3150/5/3276
f 3150/5/3276 3130/5/3276 3132/5/3276
f 3133/5/3277 3163/5/3277 3162/5/3277
f 3162/5/3277 3131/5/3277 3133/5/3277
f 3134/5/3278 3152/5/3278 3151/5/3278
f 3151/5/3278 3132/5/3278 3134/5/3278
f 3135/5/3279 3139/5/3279 3168/5/3279
f 3168/5/3279 3118/5/3279 3135/5/3279
f 3136/5/3280 3164/5/3280 3163/5/3280
f 3163/5/3280 3133/5/3280 3136/5/3280
f 3137/5/3281 3153/5/3281 3152/5/3281
f 3152/5/3281 3134/5/3281 3137/5/3281
f 3138/5/3282 3140/5/3282 3139/5/3282
f 3139/5/3282 3135/5/3282 3138/5/3282
f 3110/5/3283 3165/5/3283 3164/5/3283
f 3164/5/3283 3136/5/3283 3110/5/3283
f 3112/5/3284 3154/5/3284 3153/5/3284
f 3153/5/3284 3137/5/3284 3112/5/3284
f 3114/5/3285 3141/5/3285 3140/5/3285
f 3140/5/3285 3138/5/3285 3114/5/3285
f 3109/5/3286 3166/5/3286 3165/5/3286
f 3165/5/3287 3110/5/3287 3109/5/3287
f 3111/5/3288 3155/5/3288 3154/5/3288
f 3154/5/3288 3112/5/3288 3111/5/3288
f 3113/5/3289 3142/5/3289 3141/5/3289
f 3141/5/3289 3114/5/3289 3113/5/3289
f 3115/5/3290 3167/5/3290 3166/5/3290
f 3166/5/3290 3109/5/3290 3115/5/3290
f 3116/5/3291 3156/5/3291 3155/5/3291
f 3155/5/3291 3111/5/3291 3116/5/3291
f 3117/5/3292 3143/5/3292 3142/5/3292
f 3142/5/3292 3113/5/3292 3117/5/3292
f 3115/5/3293 3118/5/3293 3168/5/3293
f 3168/5/3294 3167/5/3294 3115/5/3294
f 3119/5/3295 3157/5/3295 3156/5/3295
f 3156/5/3295 3116/5/3295 3119/5/3295
f 3120/5/3296 3144/5/3296 3143/5/3296
f 3143/5/3296 3117/5/3296 3120/5/3296
f 3121/5/3297 3158/5/3297 3157/5/3297
f 3157/5/3297 3119/5/3297 3121/5/3297
f 3122/5/3298 3145/5/3298 3144/5/3298
f 3144/5/3298 3120/5/3298 3122/5/3298
f 3123/5/3299 3159/5/3299 3158/5/3299
f 3158/5/3299 3121/5/3299 3123/5/3299
f 3124/5/3300 3146/5/3300 3145/5/3300
f 3145/5/3300 3122/5/3300 3124/5/3300
f 3125/5/3301 3160/5/3301 3159/5/3301
f 3159/5/3301 3123/5/3301 3125/5/3301
f 3126/5/3302 3147/5/3302 3146/5/3302
f 3146/5/3302 3124/5/3302 3126/5/3302
f 3127/5/3303 3161/5/3303 3160/5/3303
f 3160/5/3303 3125/5/3303 3127/5/3303
f 3128/5/3304 3148/5/3304 3147/5/3304
f 3147/5/3304 3126/5/3304 3128/5/3304
f 3108/5/3305 3107/5/3305 3161/5/3305
f 3161/5/3305 3127/5/3305 3108/5/3305
f 3129/5/3306 3149/5/3306 3148/5/3306
f 3148/5/3306 3128/5/3306 3129/5/3306
o Cilindro_004_Cilindro_007
v 0.675721 -1.341564 -0.250477
v 0.679621 -1.341564 -0.251977
v 0.679621 -1.415964 -0.251977
v 0.675721 -1.415964 -0.250477
v 0.683721 -1.341564 -0.252677
v 0.683721 -1.415964 -0.252677
v 0.687921 -1.341564 -0.252577
v 0.687921 -1.415964 -0.252577
v 0.692021 -1.341564 -0.251577
v 0.692021 -1.415964 -0.251577
v 0.695821 -1.341564 -0.249877
v 0.695821 -1.415964 -0.249877
v 0.699221 -1.415964 -0.247477
v 0.699221 -1.341564 -0.247477
v 0.702121 -1.415964 -0.244377
v 0.702121 -1.341564 -0.244377
v 0.704321 -1.341564 -0.240877
v 0.704321 -1.415964 -0.240877
v 0.705821 -1.415964 -0.236977
v 0.705821 -1.341564 -0.236977
v 0.706521 -1.415964 -0.232777
v 0.706521 -1.341564 -0.232777
v 0.706321 -1.415964 -0.228677
v 0.706321 -1.341564 -0.228677
v 0.705420 -1.341564 -0.224577
v 0.705420 -1.415964 -0.224577
v 0.703721 -1.415964 -0.220777
v 0.703721 -1.341564 -0.220777
v 0.701221 -1.415964 -0.217377
v 0.701221 -1.341564 -0.217377
v 0.698220 -1.415964 -0.214477
v 0.698220 -1.341564 -0.214477
v 0.694721 -1.415964 -0.212277
v 0.694721 -1.341564 -0.212277
v 0.690721 -1.415964 -0.210777
v 0.690721 -1.341564 -0.210777
v 0.686621 -1.415964 -0.210077
v 0.686621 -1.341564 -0.210077
v 0.682420 -1.415964 -0.210177
v 0.682420 -1.341564 -0.210177
v 0.678421 -1.341564 -0.211177
v 0.678421 -1.415964 -0.211177
v 0.674520 -1.341564 -0.212877
v 0.674520 -1.415964 -0.212877
v 0.671121 -1.415964 -0.215277
v 0.671121 -1.341564 -0.215277
v 0.668321 -1.415964 -0.218277
v 0.668321 -1.341564 -0.218277
v 0.666021 -1.341564 -0.221877
v 0.666021 -1.415964 -0.221877
v 0.664621 -1.341564 -0.225777
v 0.664621 -1.415964 -0.225777
v 0.663921 -1.415964 -0.229877
v 0.663921 -1.341564 -0.229877
v 0.664021 -1.341564 -0.234077
v 0.664021 -1.415964 -0.234077
v 0.664921 -1.415964 -0.238177
v 0.664921 -1.341564 -0.238177
v 0.666620 -1.415964 -0.241977
v 0.666620 -1.341564 -0.241977
v 0.669121 -1.341564 -0.245377
v 0.669121 -1.415964 -0.245377
v 0.695721 -1.323164 -0.236577
v 0.696820 -1.323364 -0.233977
v 0.672121 -1.341564 -0.248277
v 0.672121 -1.415964 -0.248277
v 0.685621 -1.327164 -0.245277
v 0.671221 -1.316364 -0.238177
v 0.671221 -1.314364 -0.236077
v 0.688021 -1.325864 -0.244477
v 0.687221 -1.335564 -0.217077
v 0.689521 -1.333864 -0.217377
v 0.672721 -1.339564 -0.234377
v 0.672921 -1.340364 -0.231577
v 0.690320 -1.324664 -0.243077
v 0.695320 -1.328664 -0.221177
v 0.696521 -1.327164 -0.223277
v 0.676121 -1.340864 -0.223677
v 0.677921 -1.340364 -0.221477
v 0.678621 -1.332064 -0.244577
v 0.680821 -1.330364 -0.245377
v 0.676621 -1.333864 -0.243377
v 0.697421 -1.323864 -0.231177
v 0.684821 -1.337064 -0.217477
v 0.673021 -1.338364 -0.236977
v 0.692421 -1.323864 -0.241277
v 0.693721 -1.330364 -0.219377
v 0.674621 -1.341064 -0.226077
v 0.683120 -1.328664 -0.245577
v 0.697621 -1.324664 -0.228377
v 0.682321 -1.338364 -0.218277
v 0.673820 -1.337064 -0.239477
v 0.694321 -1.323364 -0.239077
v 0.691720 -1.332064 -0.218077
v 0.673521 -1.340864 -0.228777
v 0.697321 -1.325864 -0.225677
v 0.680021 -1.339564 -0.219677
v 0.675021 -1.335564 -0.241577
v 0.672121 -1.321264 -0.241077
v 0.673021 -1.323964 -0.241877
v 0.674221 -1.326564 -0.242177
v 0.675621 -1.329064 -0.241877
v 0.677121 -1.331464 -0.241077
v 0.678721 -1.333464 -0.239877
v 0.680421 -1.335164 -0.238177
v 0.682021 -1.336464 -0.236177
v 0.683621 -1.337164 -0.233777
v 0.684921 -1.337464 -0.231277
v 0.686121 -1.337164 -0.228577
v 0.687121 -1.336464 -0.225977
v 0.687721 -1.335164 -0.223477
v 0.688021 -1.333464 -0.221077
v 0.688120 -1.331464 -0.219077
v 0.687721 -1.329064 -0.217377
v 0.687121 -1.326564 -0.216177
v 0.686221 -1.323964 -0.215377
v 0.685021 -1.321264 -0.215077
v 0.683721 -1.318764 -0.215377
v 0.682121 -1.316364 -0.216177
v 0.680521 -1.314364 -0.217377
v 0.678921 -1.312664 -0.219077
v 0.677221 -1.311364 -0.221077
v 0.675721 -1.310664 -0.223477
v 0.674321 -1.310364 -0.225977
v 0.673120 -1.310664 -0.228577
v 0.672221 -1.311364 -0.231277
v 0.671620 -1.312664 -0.233777
v 0.671521 -1.318764 -0.239877
v 0.717021 -1.341564 0.207623
v 0.717021 -1.415964 0.207623
v 0.714121 -1.415964 0.204623
v 0.714121 -1.341564 0.204623
v 0.719321 -1.415964 0.211123
v 0.719321 -1.341564 0.211123
v 0.720821 -1.341564 0.215023
v 0.720821 -1.415964 0.215023
v 0.721621 -1.415964 0.219123
v 0.721621 -1.341564 0.219123
v 0.721521 -1.341564 0.223323
v 0.721521 -1.415964 0.223323
v 0.720721 -1.415964 0.227423
v 0.720721 -1.341564 0.227423
v 0.719020 -1.415964 0.231223
v 0.719020 -1.341564 0.231223
v 0.716721 -1.341564 0.234723
v 0.716721 -1.415964 0.234723
v 0.713721 -1.415964 0.237623
v 0.713721 -1.341564 0.237623
v 0.710221 -1.341564 0.239923
v 0.710221 -1.415964 0.239923
v 0.706321 -1.341564 0.241423
v 0.706321 -1.415964 0.241423
v 0.702221 -1.415964 0.242223
v 0.702221 -1.341564 0.242223
v 0.698021 -1.341564 0.242223
v 0.698021 -1.415964 0.242223
v 0.693920 -1.341564 0.241323
v 0.693920 -1.415964 0.241323
v 0.690121 -1.415964 0.239723
v 0.690121 -1.341564 0.239723
v 0.686621 -1.341564 0.237323
v 0.686621 -1.415964 0.237323
v 0.683721 -1.341564 0.234323
v 0.683721 -1.415964 0.234323
v 0.681421 -1.415964 0.230823
v 0.681421 -1.341564 0.230823
v 0.679821 -1.415964 0.226923
v 0.679821 -1.341564 0.226923
v 0.679121 -1.341564 0.222823
v 0.679121 -1.415964 0.222823
v 0.679121 -1.415964 0.218623
v 0.679121 -1.341564 0.218623
v 0.680021 -1.341564 0.214523
v 0.680021 -1.415964 0.214523
v 0.681621 -1.341564 0.210723
v 0.681621 -1.415964 0.210723
v 0.684021 -1.415964 0.207223
v 0.684021 -1.341564 0.207223
v 0.687021 -1.415964 0.204323
v 0.687021 -1.341564 0.204323
v 0.690521 -1.341564 0.202023
v 0.690521 -1.415964 0.202023
v 0.694421 -1.415964 0.200423
v 0.694421 -1.341564 0.200423
v 0.698521 -1.341564 0.199723
v 0.698521 -1.415964 0.199723
v 0.702721 -1.341564 0.199723
v 0.702721 -1.415964 0.199723
v 0.706721 -1.415964 0.200623
v 0.706721 -1.341564 0.200623
v 0.707321 -1.323364 0.230623
v 0.709421 -1.323164 0.228523
v 0.710621 -1.341564 0.202223
v 0.710621 -1.415964 0.202223
v 0.713521 -1.325864 0.218323
v 0.713320 -1.327164 0.215723
v 0.701021 -1.316364 0.205423
v 0.699121 -1.314364 0.206323
v 0.688120 -1.335564 0.228523
v 0.689221 -1.333864 0.230623
v 0.698121 -1.339564 0.208323
v 0.695621 -1.340364 0.209623
v 0.713121 -1.324664 0.221023
v 0.697520 -1.327164 0.234623
v 0.695021 -1.328664 0.234323
v 0.688321 -1.340364 0.218323
v 0.689620 -1.340864 0.215723
v 0.709821 -1.332064 0.209623
v 0.711421 -1.330364 0.211323
v 0.707921 -1.333864 0.208323
v 0.705121 -1.323864 0.232323
v 0.687420 -1.337064 0.226123
v 0.700721 -1.338364 0.207623
v 0.712321 -1.323864 0.223623
v 0.692821 -1.330364 0.233523
v 0.691321 -1.341064 0.213323
v 0.712620 -1.328664 0.213423
v 0.702621 -1.324664 0.233623
v 0.687221 -1.338364 0.223623
v 0.703220 -1.337064 0.207323
v 0.711120 -1.323364 0.226223
v 0.690821 -1.332064 0.232323
v 0.693321 -1.340864 0.211323
v 0.700021 -1.325864 0.234323
v 0.687521 -1.339564 0.220923
v 0.705721 -1.335564 0.207623
v 0.705821 -1.326564 0.206623
v 0.706120 -1.329064 0.208023
v 0.706021 -1.331464 0.209723
v 0.705521 -1.333464 0.211723
v 0.704720 -1.335164 0.213923
v 0.703421 -1.336464 0.216223
v 0.701921 -1.337164 0.218523
v 0.700121 -1.337464 0.220823
v 0.698220 -1.337164 0.222923
v 0.696221 -1.336464 0.224823
v 0.694121 -1.335164 0.226423
v 0.692121 -1.333464 0.227723
v 0.690221 -1.331464 0.228523
v 0.688621 -1.329064 0.228923
v 0.687221 -1.326564 0.228823
v 0.686121 -1.323964 0.228323
v 0.685421 -1.321264 0.227323
v 0.685121 -1.318764 0.226023
v 0.685221 -1.316364 0.224323
v 0.685721 -1.314364 0.222323
v 0.686521 -1.312664 0.220123
v 0.687821 -1.311364 0.217823
v 0.689321 -1.310664 0.215423
v 0.691121 -1.310364 0.213223
v 0.693021 -1.310664 0.211023
v 0.695021 -1.311364 0.209123
v 0.697121 -1.312664 0.207523
v 0.702621 -1.318764 0.205023
v 0.705121 -1.323964 0.205623
v 0.704021 -1.321264 0.205123
v 0.748621 -1.341564 -0.030577
v 0.748621 -1.415964 -0.030577
v 0.744421 -1.415964 -0.030877
v 0.744421 -1.341564 -0.030877
v 0.752721 -1.415964 -0.029577
v 0.752721 -1.341564 -0.029577
v 0.756420 -1.341564 -0.027777
v 0.756420 -1.415964 -0.027777
v 0.759821 -1.341564 -0.025177
v 0.759821 -1.415964 -0.025177
v 0.762521 -1.415964 -0.022077
v 0.762521 -1.341564 -0.022077
v 0.764621 -1.341564 -0.018477
v 0.764621 -1.415964 -0.018477
v 0.766021 -1.341564 -0.014477
v 0.766021 -1.415964 -0.014477
v 0.766621 -1.415964 -0.010377
v 0.766621 -1.341564 -0.010377
v 0.766321 -1.341564 -0.006177
v 0.766321 -1.415964 -0.006177
v 0.765321 -1.341564 -0.002177
v 0.765321 -1.415964 -0.002177
v 0.763421 -1.415964 0.001623
v 0.763421 -1.341564 0.001623
v 0.760921 -1.341564 0.004923
v 0.760921 -1.415964 0.004923
v 0.757820 -1.341564 0.007723
v 0.757820 -1.415964 0.007723
v 0.754220 -1.415964 0.009823
v 0.754220 -1.341564 0.009823
v 0.750221 -1.415964 0.011223
v 0.750221 -1.341564 0.011223
v 0.746121 -1.341564 0.011823
v 0.746121 -1.415964 0.011823
v 0.741921 -1.415964 0.011523
v 0.741921 -1.341564 0.011523
v 0.737821 -1.415964 0.010423
v 0.737821 -1.341564 0.010423
v 0.734120 -1.341564 0.008623
v 0.734120 -1.415964 0.008623
v 0.730721 -1.415964 0.006123
v 0.730721 -1.341564 0.006123
v 0.728021 -1.341564 0.003023
v 0.728021 -1.415964 0.003023
v 0.725921 -1.341564 -0.000677
v 0.725921 -1.415964 -0.000677
v 0.724521 -1.415964 -0.004577
v 0.724521 -1.341564 -0.004577
v 0.723921 -1.415964 -0.008777
v 0.723921 -1.341564 -0.008777
v 0.724221 -1.341564 -0.012877
v 0.724221 -1.415964 -0.012877
v 0.725221 -1.415964 -0.016977
v 0.725221 -1.341564 -0.016977
v 0.727121 -1.341564 -0.020677
v 0.727121 -1.415964 -0.020677
v 0.729621 -1.341564 -0.024077
v 0.729621 -1.415964 -0.024077
v 0.732720 -1.415964 -0.026877
v 0.732720 -1.341564 -0.026877
v 0.736320 -1.341564 -0.028977
v 0.736320 -1.415964 -0.028977
v 0.757120 -1.323164 -0.009977
v 0.756921 -1.323364 -0.007077
v 0.740321 -1.341564 -0.030277
v 0.740321 -1.415964 -0.030277
v 0.751321 -1.327164 -0.022077
v 0.735321 -1.316364 -0.021477
v 0.734521 -1.314364 -0.019577
v 0.753221 -1.325864 -0.020277
v 0.741320 -1.335564 0.004323
v 0.743520 -1.333864 0.005023
v 0.735121 -1.339564 -0.017377
v 0.734120 -1.340364 -0.014777
v 0.754821 -1.324664 -0.018177
v 0.752321 -1.327164 0.002523
v 0.750321 -1.328664 0.003923
v 0.734621 -1.340364 -0.003477
v 0.733821 -1.340864 -0.006177
v 0.747021 -1.330364 -0.024177
v 0.744721 -1.332064 -0.024377
v 0.742421 -1.333864 -0.023977
v 0.756420 -1.323864 -0.004277
v 0.739220 -1.337064 0.003023
v 0.736521 -1.338364 -0.019677
v 0.755921 -1.323864 -0.015577
v 0.748121 -1.330364 0.004823
v 0.733521 -1.341064 -0.009077
v 0.749321 -1.328664 -0.023377
v 0.755421 -1.324664 -0.001677
v 0.737321 -1.338364 0.001223
v 0.738221 -1.337064 -0.021577
v 0.756721 -1.323364 -0.012877
v 0.745821 -1.332064 0.005223
v 0.733621 -1.340864 -0.011977
v 0.754021 -1.325864 0.000623
v 0.735821 -1.339564 -0.000977
v 0.740221 -1.335564 -0.023077
v 0.737421 -1.321264 -0.023777
v 0.738521 -1.323964 -0.024077
v 0.739721 -1.326564 -0.023877
v 0.740821 -1.329064 -0.023077
v 0.741921 -1.331464 -0.021777
v 0.742921 -1.333464 -0.019877
v 0.743721 -1.335164 -0.017677
v 0.744421 -1.336464 -0.015177
v 0.744821 -1.337164 -0.012377
v 0.745021 -1.337464 -0.009577
v 0.745021 -1.337164 -0.006677
v 0.744821 -1.336464 -0.003877
v 0.744321 -1.335164 -0.001277
v 0.743721 -1.333464 0.001023
v 0.742821 -1.331464 0.002823
v 0.741921 -1.329064 0.004223
v 0.740821 -1.326564 0.005123
v 0.739621 -1.323964 0.005423
v 0.738521 -1.321264 0.005223
v 0.737321 -1.318764 0.004423
v 0.736320 -1.316364 0.003123
v 0.735321 -1.314364 0.001323
v 0.734521 -1.312664 -0.000877
v 0.733821 -1.311364 -0.003477
v 0.733420 -1.310664 -0.006177
v 0.733121 -1.310364 -0.009077
v 0.733221 -1.310664 -0.011977
v 0.733420 -1.311364 -0.014777
v 0.733821 -1.312664 -0.017377
v 0.736320 -1.318764 -0.022877
vn -0.3549 -0.0000 -0.9349
vn -0.3550 -0.0000 -0.9349
vn -0.1657 -0.0000 -0.9862
vn 0.0299 -0.0000 -0.9996
vn 0.2243 -0.0000 -0.9745
vn 0.4101 -0.0000 -0.9121
vn 0.4101 -0.0000 -0.9120
vn 0.5802 -0.0000 -0.8145
vn 0.7279 -0.0000 -0.6857
vn 0.8477 -0.0000 -0.5305
vn 0.9349 -0.0000 -0.3549
vn 0.9349 -0.0000 -0.3550
vn 0.9862 -0.0000 -0.1654
vn 0.9862 -0.0000 -0.1657
vn 0.9996 -0.0000 0.0299
vn 0.9745 -0.0000 0.2243
vn 0.9121 -0.0000 0.4100
vn 0.9121 -0.0000 0.4101
vn 0.8145 -0.0000 0.5802
vn 0.6857 -0.0000 0.7279
vn 0.5305 -0.0000 0.8477
vn 0.3549 -0.0000 0.9349
vn 0.1657 -0.0000 0.9862
vn -0.0299 -0.0000 0.9996
vn -0.2243 -0.0000 0.9745
vn -0.4101 -0.0000 0.9120
vn -0.5801 -0.0000 0.8145
vn -0.7279 -0.0000 0.6857
vn -0.8477 -0.0000 0.5305
vn -0.9349 -0.0000 0.3549
vn -0.9862 -0.0000 0.1657
vn -0.9996 -0.0000 -0.0299
vn -0.9745 -0.0000 -0.2243
vn -0.9121 -0.0000 -0.4101
vn -0.8145 -0.0000 -0.5802
vn 0.8312 0.4606 -0.3113
vn -0.6857 -0.0000 -0.7279
vn -0.5305 -0.0000 -0.8477
vn -0.0000 -1.0000 -0.0000
vn -0.0000 -1.0000 0.0001
vn -0.0000 -1.0000 -0.0003
vn -0.0000 -1.0000 0.0003
vn -0.0000 -1.0000 -0.0001
vn 0.0579 0.6232 -0.7799
vn -0.0799 0.7021 0.7076
vn -0.1629 0.9797 0.1167
vn 0.3330 0.4517 -0.8277
vn 0.6771 0.4608 0.5738
vn -0.1180 0.9930 0.0100
vn -0.4227 0.5300 -0.7351
vn -0.5559 0.6036 -0.5715
vn -0.5559 0.6037 -0.5715
vn 0.8784 0.4584 -0.1349
vn -0.2241 0.8075 0.5457
vn -0.2940 0.9504 0.1013
vn -0.2940 0.9504 0.1014
vn 0.4980 0.4548 -0.7383
vn 0.5216 0.4843 0.7024
vn 0.5216 0.4843 0.7025
vn -0.0647 0.9978 0.0115
vn -0.2446 0.4843 -0.8400
vn 0.8892 0.4548 0.0493
vn -0.2815 0.8945 0.3472
vn -0.2814 0.8946 0.3472
vn -0.2814 0.8945 0.3473
vn -0.4467 0.8946 0.0144
vn -0.4467 0.8946 0.0145
vn 0.6383 0.4584 -0.6184
vn 0.3304 0.5300 0.7810
vn -0.0482 0.9978 0.0446
vn -0.0482 0.4608 -0.8862
vn 0.8607 0.4517 0.2348
vn -0.2584 0.9504 0.1730
vn -0.5702 0.8075 -0.1511
vn -0.5702 0.8075 -0.1512
vn 0.7503 0.4606 -0.4742
vn 0.1195 0.6037 0.7882
vn -0.0792 0.9930 0.0880
vn 0.1484 0.4521 -0.8795
vn 0.1484 0.4521 -0.8796
vn 0.7905 0.4521 0.4132
vn -0.1914 0.9797 0.0593
vn -0.6121 0.7021 -0.3638
vn -0.8203 -0.4013 0.4074
vn -0.8203 -0.4014 0.4074
vn -0.8203 -0.4014 0.4075
vn -0.8202 -0.4014 0.4076
vn -0.8202 -0.4017 0.4074
vn -0.8202 -0.4013 0.4077
vn -0.8202 -0.4014 0.4077
vn -0.8202 -0.4015 0.4075
vn -0.8203 -0.4015 0.4074
vn -0.8204 -0.4011 0.4075
vn -0.8203 -0.4015 0.4073
vn -0.8204 -0.4014 0.4072
vn -0.8202 -0.4016 0.4075
vn -0.8202 -0.4016 0.4074
vn -0.8204 -0.4014 0.4073
vn -0.8203 -0.4016 0.4073
vn -0.8202 -0.4015 0.4074
vn -0.8203 -0.4012 0.4076
vn -0.8204 -0.4011 0.4076
vn -0.8201 -0.4020 0.4071
vn -0.9366 -0.1056 -0.3341
vn -0.2997 -0.1056 0.9482
vn -0.2997 -0.1055 0.9482
vn -0.2998 -0.1056 0.9481
vn -0.2999 -0.1056 0.9481
vn 0.1544 0.7314 -0.6643
vn -0.5751 -0.0879 -0.8134
vn -0.5750 -0.0879 -0.8134
vn -0.5749 -0.0879 -0.8135
vn -0.5748 -0.0878 -0.8136
vn -0.8931 0.3342 0.3011
vn -0.8931 0.3341 0.3011
vn 0.2405 0.8072 -0.5390
vn -0.7744 0.6269 -0.0857
vn -0.7744 0.6269 -0.0858
vn 0.3184 0.8550 -0.4094
vn -0.6108 0.7775 -0.1501
vn -0.6107 0.7775 -0.1501
vn 0.3901 0.8780 -0.2773
vn -0.4802 0.8702 -0.1105
vn 0.4567 0.8780 -0.1432
vn 0.4567 0.8780 -0.1431
vn -0.3773 0.9256 -0.0287
vn 0.5186 0.8550 -0.0064
vn -0.2976 0.9517 0.0749
vn -0.2976 0.9518 0.0748
vn 0.5748 0.8072 0.1341
vn 0.5748 0.8072 0.1340
vn 0.5748 0.8072 0.1342
vn -0.2395 0.9518 0.1918
vn 0.6226 0.7314 0.2783
vn -0.2052 0.9256 0.3180
vn 0.6564 0.6233 0.4250
vn 0.6564 0.6232 0.4251
vn -0.2020 0.8702 0.4494
vn -0.2020 0.8702 0.4495
vn -0.2020 0.8702 0.4493
vn 0.6664 0.4794 0.5711
vn -0.3422 0.0998 -0.9343
vn -0.2494 0.7775 0.5774
vn -0.2494 0.7776 0.5772
vn -0.2495 0.7776 0.5772
vn 0.6363 0.3011 0.7103
vn 0.6363 0.3010 0.7103
vn -0.1816 0.3010 -0.9362
vn -0.3996 0.6269 0.6688
vn -0.3996 0.6269 0.6689
vn -0.3995 0.6269 0.6689
vn 0.5377 0.0998 0.8372
vn -0.0525 0.4794 -0.8760
vn -0.0525 0.4795 -0.8760
vn -0.7796 0.3342 0.5297
vn -0.7795 0.3343 0.5297
vn -0.7795 0.3342 0.5297
vn 0.3010 -0.0879 0.9496
vn 0.3010 -0.0878 0.9496
vn 0.7148 -0.0000 -0.6994
vn 0.8375 -0.0000 -0.5465
vn 0.9280 -0.0000 -0.3726
vn 0.9829 -0.0000 -0.1844
vn 0.9999 -0.0000 0.0109
vn 0.9786 -0.0000 0.2058
vn 0.9197 -0.0000 0.3927
vn 0.8254 -0.0000 0.5646
vn 0.6993 -0.0000 0.7148
vn 0.5465 -0.0000 0.8375
vn 0.3726 -0.0000 0.9280
vn 0.1844 -0.0000 0.9829
vn -0.0109 -0.0000 0.9999
vn -0.2058 -0.0000 0.9786
vn -0.3927 -0.0000 0.9197
vn -0.5646 -0.0000 0.8254
vn -0.5646 -0.0000 0.8253
vn -0.7148 -0.0000 0.6994
vn -0.8375 -0.0000 0.5465
vn -0.9280 -0.0000 0.3726
vn -0.9829 -0.0000 0.1844
vn -0.9999 -0.0000 -0.0109
vn -0.9786 -0.0000 -0.2058
vn -0.9197 -0.0000 -0.3926
vn -0.8254 -0.0000 -0.5646
vn -0.6993 -0.0000 -0.7148
vn -0.5465 -0.0000 -0.8375
vn -0.5464 -0.0000 -0.8375
vn -0.3726 -0.0000 -0.9280
vn -0.1844 -0.0000 -0.9829
vn 0.0109 -0.0000 -0.9999
vn 0.2058 -0.0000 -0.9786
vn 0.6179 0.4606 0.6372
vn 0.3927 -0.0000 -0.9197
vn 0.5646 -0.0000 -0.8254
vn -0.0000 -1.0000 -0.0002
vn 0.7379 0.6232 -0.2591
vn -0.6804 0.7021 0.2099
vn -0.6804 0.7022 0.2099
vn -0.1721 0.9797 -0.1026
vn 0.8918 0.4517 -0.0260
vn -0.2550 0.4608 0.8501
vn -0.2550 0.4607 0.8501
vn -0.0563 0.9930 -0.1041
vn -0.0563 0.9930 -0.1042
vn 0.5046 0.5300 -0.6815
vn 0.3013 0.6037 -0.7381
vn 0.4751 0.4584 0.7511
vn -0.5897 0.8075 0.0129
vn -0.2105 0.9504 -0.2289
vn 0.8759 0.4548 0.1610
vn -0.4351 0.4843 0.7591
vn -0.0364 0.9978 -0.0547
vn 0.6720 0.4843 -0.5603
vn 0.3106 0.4548 0.8347
vn -0.4308 0.8946 -0.1189
vn -0.4308 0.8946 -0.1190
vn -0.1919 0.8946 -0.4036
vn -0.1920 0.8946 -0.4036
vn 0.8222 0.4584 0.3375
vn -0.5835 0.5300 0.6153
vn -0.0602 0.9978 -0.0263
vn 0.7929 0.4608 -0.3987
vn 0.1292 0.4517 0.8828
vn -0.2619 0.9504 -0.1676
vn -0.2619 0.9504 -0.1675
vn -0.2619 0.9505 -0.1675
vn -0.0897 0.8075 -0.5830
vn 0.7349 0.4606 0.4978
vn -0.6746 0.6036 0.4249
vn -0.6746 0.6037 0.4249
vn -0.1124 0.9930 -0.0374
vn 0.8654 0.4521 -0.2160
vn -0.0624 0.4521 0.8898
vn -0.1309 0.9797 -0.1517
vn 0.0885 0.7021 -0.7065
vn -0.7017 -0.4012 -0.5888
vn -0.7016 -0.4015 -0.5887
vn -0.7017 -0.4015 -0.5886
vn -0.7017 -0.4015 -0.5885
vn -0.7016 -0.4014 -0.5887
vn -0.7014 -0.4014 -0.5890
vn -0.7017 -0.4014 -0.5887
vn -0.7016 -0.4014 -0.5888
vn -0.7017 -0.4014 -0.5886
vn -0.7014 -0.4013 -0.5891
vn -0.0686 -0.1056 -0.9920
vn -0.0685 -0.1056 -0.9920
vn -0.9889 -0.1055 0.1047
vn -0.9889 -0.1056 0.1047
vn 0.6705 0.7314 -0.1242
vn 0.6706 0.7313 -0.1242
vn 0.5157 -0.0878 -0.8523
vn 0.5157 -0.0877 -0.8522
vn 0.5158 -0.0877 -0.8522
vn -0.6333 0.3342 -0.6980
vn 0.5902 0.8072 0.0047
vn -0.2312 0.6270 -0.7439
vn -0.2312 0.6269 -0.7440
vn -0.2313 0.6269 -0.7439
vn -0.2313 0.6269 -0.7440
vn 0.5026 0.8550 0.1280
vn 0.5026 0.8550 0.1279
vn -0.1068 0.7775 -0.6197
vn -0.1069 0.7775 -0.6197
vn -0.1069 0.7776 -0.6197
vn -0.1069 0.7776 -0.6196
vn 0.4102 0.8780 0.2465
vn -0.0908 0.8702 -0.4843
vn 0.3140 0.8780 0.3612
vn 0.3139 0.8780 0.3612
vn -0.1247 0.9256 -0.3573
vn 0.2133 0.8550 0.4727
vn -0.1877 0.9518 -0.2428
vn -0.1877 0.9518 -0.2427
vn 0.1071 0.8072 0.5804
vn 0.1071 0.8073 0.5804
vn -0.2716 0.9518 -0.1426
vn -0.2716 0.9518 -0.1427
vn -0.0059 0.7313 0.6820
vn -0.0059 0.7314 0.6820
vn -0.3735 0.9256 -0.0608
vn -0.1270 0.6232 0.7717
vn -0.4927 0.8702 -0.0054
vn -0.2568 0.4794 0.8392
vn -0.2568 0.4793 0.8392
vn 0.7193 0.0998 -0.6875
vn -0.6288 0.7776 0.0024
vn -0.6289 0.7775 0.0024
vn -0.6288 0.7775 0.0024
vn -0.3964 0.3011 0.8673
vn -0.3964 0.3010 0.8673
vn -0.3964 0.3010 0.8674
vn 0.7853 0.3010 -0.5410
vn -0.7728 0.6269 -0.0986
vn -0.7728 0.6269 -0.0985
vn -0.5521 0.0998 0.8278
vn -0.5520 0.0998 0.8278
vn 0.7819 0.4794 -0.3986
vn -0.7974 0.3342 -0.5024
vn -0.7974 0.3343 -0.5024
vn -0.7498 -0.0878 0.6558
vn -0.7499 -0.0878 0.6557
vn -0.7499 -0.0879 0.6557
vn 0.0602 -0.0000 -0.9982
vn 0.2538 -0.0000 -0.9673
vn 0.4378 -0.0000 -0.8991
vn 0.6047 -0.0000 -0.7965
vn 0.6046 -0.0000 -0.7965
vn 0.7484 -0.0000 -0.6633
vn 0.8634 -0.0000 -0.5044
vn 0.9452 -0.0000 -0.3264
vn 0.9907 -0.0000 -0.1357
vn 0.9982 -0.0000 0.0602
vn 0.9673 -0.0000 0.2538
vn 0.8992 -0.0000 0.4376
vn 0.7967 -0.0000 0.6044
vn 0.6633 -0.0000 0.7484
vn 0.5042 -0.0000 0.8636
vn 0.5045 -0.0000 0.8634
vn 0.3264 -0.0000 0.9452
vn 0.1357 -0.0000 0.9908
vn -0.0602 -0.0000 0.9982
vn -0.2538 -0.0000 0.9673
vn -0.4375 -0.0000 0.8992
vn -0.6046 -0.0000 0.7965
vn -0.7484 -0.0000 0.6633
vn -0.8634 -0.0000 0.5045
vn -0.9452 -0.0000 0.3264
vn -0.9907 -0.0000 0.1357
vn -0.9982 -0.0000 -0.0602
vn -0.9673 -0.0000 -0.2538
vn -0.8992 -0.0000 -0.4376
vn -0.7965 -0.0000 -0.6046
vn -0.6633 -0.0000 -0.7484
vn -0.5045 -0.0000 -0.8634
vn 0.8857 0.4606 0.0574
vn -0.3264 -0.0000 -0.9452
vn -0.1357 -0.0000 -0.9907
vn -0.0000 -1.0000 -0.0004
vn 0.3730 0.6232 -0.6874
vn 0.3730 0.6232 -0.6873
vn -0.3634 0.7021 0.6124
vn -0.1964 0.9797 0.0395
vn 0.6435 0.4517 -0.6180
vn 0.3818 0.4608 0.8012
vn -0.1117 0.9930 -0.0394
vn -0.1117 0.9930 -0.0393
vn -0.0836 0.5300 -0.8439
vn -0.0836 0.5300 -0.8438
vn -0.2722 0.6037 -0.7493
vn 0.8564 0.4584 0.2376
vn -0.4284 0.8075 0.4055
vn -0.3097 0.9504 -0.0282
vn -0.3097 0.9504 -0.0283
vn -0.3097 0.9504 -0.0284
vn 0.7572 0.4548 -0.4688
vn 0.1872 0.4843 0.8547
vn -0.0637 0.9978 -0.0161
vn 0.1219 0.4843 -0.8664
vn 0.7906 0.4548 0.4100
vn -0.3991 0.8946 0.2012
vn -0.3991 0.8946 0.2010
vn -0.4132 0.8946 -0.1702
vn -0.4132 0.8946 -0.1703
vn 0.8359 0.4584 -0.3019
vn -0.0194 0.5300 0.8478
vn -0.0623 0.9978 0.0209
vn 0.3199 0.4608 -0.8279
vn 0.6885 0.4517 0.5674
vn 0.6885 0.4517 0.5675
vn -0.3066 0.9504 0.0517
vn -0.3066 0.9504 0.0518
vn -0.4579 0.8075 -0.3719
vn 0.8788 0.4606 -0.1244
vn -0.2147 0.6037 0.7678
vn -0.1084 0.9930 0.0477
vn 0.4964 0.4521 -0.7411
vn 0.5512 0.4521 0.7013
vn -0.1989 0.9797 -0.0245
vn -0.1989 0.9797 -0.0246
vn -0.4088 0.7021 -0.5831
vn -0.4088 0.7021 -0.5830
vn -0.9152 -0.4015 0.0350
vn -0.9152 -0.4015 0.0349
vn -0.9152 -0.4015 0.0346
vn -0.9152 -0.4014 0.0348
vn -0.9152 -0.4015 0.0348
vn -0.9151 -0.4016 0.0346
vn -0.9152 -0.4014 0.0347
vn -0.9152 -0.4015 0.0347
vn -0.9153 -0.4013 0.0347
vn -0.9154 -0.4011 0.0347
vn -0.9153 -0.4014 0.0347
vn -0.9153 -0.4014 0.0348
vn -0.9153 -0.4013 0.0349
vn -0.9151 -0.4017 0.0347
vn -0.9151 -0.4018 0.0347
vn -0.9153 -0.4013 0.0345
vn -0.9153 -0.4013 0.0346
vn -0.7169 -0.1056 -0.6891
vn -0.7169 -0.1055 -0.6891
vn -0.6626 -0.1056 0.7415
vn -0.6626 -0.1057 0.7415
vn 0.4135 0.7314 -0.5423
vn 0.4135 0.7314 -0.5424
vn -0.1902 -0.0879 -0.9778
vn -0.1901 -0.0878 -0.9778
vn -0.9380 0.3342 -0.0922
vn -0.9380 0.3342 -0.0923
vn 0.4406 0.8072 -0.3928
vn -0.6708 0.6268 -0.3963
vn -0.6709 0.6268 -0.3963
vn -0.6709 0.6269 -0.3961
vn 0.4584 0.8550 -0.2426
vn -0.4952 0.7776 -0.3875
vn -0.4952 0.7775 -0.3875
vn -0.4953 0.7775 -0.3875
vn -0.4952 0.7775 -0.3876
vn 0.4695 0.8780 -0.0928
vn -0.3925 0.8702 -0.2979
vn -0.3925 0.8702 -0.2978
vn 0.4752 0.8780 0.0569
vn -0.3323 0.9256 -0.1810
vn 0.4755 0.8550 0.2071
vn -0.3021 0.9518 -0.0539
vn -0.3021 0.9518 -0.0540
vn 0.4691 0.8072 0.3582
vn -0.2971 0.9518 0.0766
vn 0.4535 0.7313 0.5094
vn 0.4534 0.7313 0.5094
vn 0.4535 0.7314 0.5093
vn -0.3176 0.9256 0.2057
vn 0.4240 0.6232 0.6571
vn 0.4240 0.6232 0.6572
vn -0.3687 0.8702 0.3268
vn 0.3731 0.4794 0.7943
vn 0.3731 0.4794 0.7944
vn 0.0715 0.0998 -0.9924
vn -0.4644 0.7775 0.4240
vn -0.4645 0.7775 0.4239
vn -0.4645 0.7776 0.4239
vn 0.2886 0.3010 0.9089
vn 0.2887 0.3011 0.9089
vn 0.2188 0.3010 -0.9282
vn 0.2189 0.3010 -0.9282
vn 0.2188 0.3011 -0.9282
vn -0.6389 0.6269 0.4458
vn 0.1465 0.0998 0.9842
vn 0.3118 0.4793 -0.8204
vn -0.9283 0.3342 0.1631
vn -0.9283 0.3341 0.1630
vn -0.9283 0.3342 0.1630
vn -0.1154 -0.0878 0.9894
vn -0.1155 -0.0879 0.9894
vt 1.000000 1.000000
vt 0.968800 1.000000
vt 0.968800 0.500000
vt 1.000000 0.500000
vt 0.937500 1.000000
vt 0.937500 0.500000
vt 0.906200 1.000000
vt 0.906200 0.500000
vt 0.875000 1.000000
vt 0.875000 0.500000
vt 0.843800 1.000000
vt 0.843800 0.500000
vt 0.812500 0.500000
vt 0.812500 1.000000
vt 0.781200 0.500000
vt 0.781200 1.000000
vt 0.750000 1.000000
vt 0.750000 0.500000
vt 0.718800 0.500000
vt 0.718800 1.000000
vt 0.687500 0.500000
vt 0.687500 1.000000
vt 0.656200 0.500000
vt 0.656200 1.000000
vt 0.625000 1.000000
vt 0.625000 0.500000
vt 0.593800 0.500000
vt 0.593800 1.000000
vt 0.562500 0.500000
vt 0.562500 1.000000
vt 0.531200 0.500000
vt 0.531200 1.000000
vt 0.500000 0.500000
vt 0.500000 1.000000
vt 0.468800 0.500000
vt 0.468800 1.000000
vt 0.437500 0.500000
vt 0.437500 1.000000
vt 0.406200 0.500000
vt 0.406200 1.000000
vt 0.375000 1.000000
vt 0.375000 0.500000
vt 0.343800 1.000000
vt 0.343800 0.500000
vt 0.312500 0.500000
vt 0.312500 1.000000
vt 0.281200 0.500000
vt 0.281200 1.000000
vt 0.250000 1.000000
vt 0.250000 0.500000
vt 0.218800 1.000000
vt 0.218800 0.500000
vt 0.187500 0.500000
vt 0.187500 1.000000
vt 0.156200 1.000000
vt 0.156200 0.500000
vt 0.125000 0.500000
vt 0.125000 1.000000
vt 0.093800 0.500000
vt 0.093800 1.000000
vt 0.062500 1.000000
vt 0.062500 0.500000
vt 0.031200 1.000000
vt 0.031200 0.500000
vt 0.000000 1.000000
vt 0.000000 0.500000
vt 0.796800 0.485400
vt 0.841800 0.471700
vt 0.883300 0.449600
vt 0.919700 0.419700
vt 0.949600 0.383300
vt 0.971700 0.341800
vt 0.985400 0.296800
vt 0.990000 0.250000
vt 0.985400 0.203200
vt 0.971700 0.158200
vt 0.949600 0.116700
vt 0.919700 0.080300
vt 0.883300 0.050400
vt 0.841800 0.028300
vt 0.796800 0.014600
vt 0.750000 0.010000
vt 0.703200 0.014600
vt 0.658200 0.028300
vt 0.616700 0.050400
vt 0.580300 0.080300
vt 0.550400 0.116700
vt 0.528300 0.158200
vt 0.514600 0.203200
vt 0.510000 0.250000
vt 0.514600 0.296800
vt 0.528300 0.341800
vt 0.550400 0.383300
vt 0.580300 0.419700
vt 0.616700 0.449600
vt 0.658200 0.471700
vt 0.750000 0.490000
vt 0.703200 0.485400
vt 0.296800 0.485400
vt 0.250000 0.490000
vt 0.203200 0.485400
vt 0.158200 0.471700
vt 0.116700 0.449600
vt 0.080300 0.419700
vt 0.050400 0.383300
vt 0.028300 0.341800
vt 0.014600 0.296800
vt 0.010000 0.250000
vt 0.014600 0.203200
vt 0.028300 0.158200
vt 0.050400 0.116700
vt 0.080300 0.080300
vt 0.116700 0.050400
vt 0.158200 0.028300
vt 0.203200 0.014600
vt 0.250000 0.010000
vt 0.296800 0.014600
vt 0.341800 0.028300
vt 0.383300 0.050400
vt 0.419700 0.080300
vt 0.449600 0.116700
vt 0.471700 0.158200
vt 0.485400 0.203200
vt 0.490000 0.250000
vt 0.485400 0.296800
vt 0.471700 0.341800
vt 0.449600 0.383300
vt 0.419700 0.419700
vt 0.383300 0.449600
vt 0.341800 0.471700
s 0
usemtl Goddard_None
f 3169/6/3307 3170/7/3307 3171/8/3307
f 3171/8/3308 3172/9/3308 3169/6/3308
f 3170/7/3309 3173/10/3309 3174/11/3309
f 3174/11/3309 3171/8/3309 3170/7/3309
f 3173/10/3310 3175/12/3310 3176/13/3310
f 3176/13/3310 3174/11/3310 3173/10/3310
f 3175/12/3311 3177/14/3311 3178/15/3311
f 3178/15/3311 3176/13/3311 3175/12/3311
f 3179/16/3312 3180/17/3312 3178/15/3312
f 3178/15/3313 3177/14/3313 3179/16/3313
f 3181/18/3314 3180/17/3314 3179/16/3314
f 3179/16/3314 3182/19/3314 3181/18/3314
f 3183/20/3315 3181/18/3315 3182/19/3315
f 3182/19/3315 3184/21/3315 3183/20/3315
f 3185/22/3316 3186/23/3316 3183/20/3316
f 3183/20/3316 3184/21/3316 3185/22/3316
f 3187/24/3317 3186/23/3317 3185/22/3317
f 3185/22/3318 3188/25/3318 3187/24/3318
f 3189/26/3319 3187/24/3319 3188/25/3319
f 3188/25/3320 3190/27/3320 3189/26/3320
f 3191/28/3321 3189/26/3321 3190/27/3321
f 3190/27/3321 3192/29/3321 3191/28/3321
f 3193/30/3322 3194/31/3322 3191/28/3322
f 3191/28/3322 3192/29/3322 3193/30/3322
f 3195/32/3323 3194/31/3323 3193/30/3323
f 3193/30/3324 3196/33/3324 3195/32/3324
f 3197/34/3325 3195/32/3325 3196/33/3325
f 3196/33/3325 3198/35/3325 3197/34/3325
f 3199/36/3326 3197/34/3326 3198/35/3326
f 3198/35/3326 3200/37/3326 3199/36/3326
f 3201/38/3327 3199/36/3327 3200/37/3327
f 3200/37/3327 3202/39/3327 3201/38/3327
f 3203/40/3328 3201/38/3328 3202/39/3328
f 3202/39/3328 3204/41/3328 3203/40/3328
f 3205/42/3329 3203/40/3329 3204/41/3329
f 3204/41/3329 3206/43/3329 3205/42/3329
f 3207/44/3330 3205/42/3330 3206/43/3330
f 3206/43/3330 3208/45/3330 3207/44/3330
f 3209/46/3331 3210/47/3331 3207/44/3331
f 3207/44/3331 3208/45/3331 3209/46/3331
f 3209/46/3332 3211/48/3332 3212/49/3332
f 3212/49/3332 3210/47/3332 3209/46/3332
f 3213/50/3333 3212/49/3333 3211/48/3333
f 3211/48/3333 3214/51/3333 3213/50/3333
f 3215/52/3334 3213/50/3334 3214/51/3334
f 3214/51/3334 3216/53/3334 3215/52/3334
f 3217/54/3335 3218/55/3335 3215/52/3335
f 3215/52/3335 3216/53/3335 3217/54/3335
f 3219/56/3336 3220/57/3336 3218/55/3336
f 3218/55/3336 3217/54/3336 3219/56/3336
f 3221/58/3337 3220/57/3337 3219/56/3337
f 3219/56/3337 3222/59/3337 3221/58/3337
f 3223/60/3338 3224/61/3338 3221/58/3338
f 3221/58/3338 3222/59/3338 3223/60/3338
f 3225/62/3339 3224/61/3339 3223/60/3339
f 3223/60/3339 3226/63/3339 3225/62/3339
f 3227/64/3340 3225/62/3340 3226/63/3340
f 3226/63/3340 3228/65/3340 3227/64/3340
f 3229/66/3341 3230/67/3341 3227/64/3341
f 3227/64/3341 3228/65/3341 3229/66/3341
f 3185/22/3342 3231/22/3342 3232/25/3342
f 3232/25/3342 3188/25/3342 3185/22/3342
f 3233/68/3343 3234/69/3343 3230/67/3343
f 3230/67/3343 3229/66/3343 3233/68/3343
f 3234/69/3344 3233/68/3344 3169/70/3344
f 3169/70/3344 3172/71/3344 3234/69/3344
f 3171/72/3345 3174/73/3345 3176/74/3345
f 3171/72/3346 3176/74/3346 3178/75/3346
f 3178/75/3347 3180/76/3347 3181/77/3347
f 3181/77/3347 3183/78/3347 3186/79/3347
f 3186/79/3346 3187/80/3346 3189/81/3346
f 3181/77/3345 3186/79/3345 3189/81/3345
f 3178/75/3345 3181/77/3345 3189/81/3345
f 3189/81/3345 3191/82/3345 3194/83/3345
f 3194/83/3345 3195/84/3345 3197/85/3345
f 3189/81/3345 3194/83/3345 3197/85/3345
f 3197/85/3348 3199/86/3348 3201/87/3348
f 3201/87/3345 3203/88/3345 3205/89/3345
f 3197/85/3345 3201/87/3345 3205/89/3345
f 3205/89/3345 3207/90/3345 3210/91/3345
f 3210/91/3345 3212/92/3345 3213/93/3345
f 3205/89/3345 3210/91/3345 3213/93/3345
f 3213/93/3345 3215/94/3345 3218/95/3345
f 3218/95/3349 3220/96/3349 3221/97/3349
f 3213/93/3345 3218/95/3345 3221/97/3345
f 3205/89/3345 3213/93/3345 3221/97/3345
f 3197/85/3345 3205/89/3345 3221/97/3345
f 3189/81/3345 3197/85/3345 3221/97/3345
f 3178/75/3345 3189/81/3345 3221/97/3345
f 3221/97/3345 3224/98/3345 3225/99/3345
f 3225/99/3345 3227/100/3345 3230/101/3345
f 3221/97/3345 3225/99/3345 3230/101/3345
f 3178/75/3345 3221/97/3345 3230/101/3345
f 3171/72/3345 3178/75/3345 3230/101/3345
f 3172/102/3345 3171/72/3345 3230/101/3345
f 3172/102/3345 3230/101/3345 3234/103/3345
f 3235/12/3350 3236/12/3350 3237/14/3350
f 3237/14/3350 3238/14/3350 3235/12/3350
f 3239/43/3351 3206/43/3351 3204/41/3351
f 3204/41/3351 3240/41/3351 3239/43/3351
f 3241/60/3352 3223/60/3352 3222/59/3352
f 3222/59/3352 3242/59/3352 3241/60/3352
f 3243/16/3353 3179/16/3353 3177/14/3353
f 3177/14/3353 3238/14/3353 3243/16/3353
f 3244/35/3354 3198/35/3354 3196/33/3354
f 3196/33/3354 3245/33/3354 3244/35/3354
f 3246/53/3355 3216/53/3355 3214/51/3355
f 3214/51/3355 3247/51/3355 3246/53/3355
f 3170/7/3356 3169/6/3356 3248/6/3356
f 3248/6/3356 3249/7/3356 3170/7/3356
f 3233/68/3357 3250/68/3358 3248/70/3358
f 3248/70/3358 3169/70/3358 3233/68/3358
f 3251/27/3359 3190/27/3359 3188/25/3359
f 3188/25/3359 3232/25/3359 3251/27/3359
f 3252/45/3360 3208/45/3360 3206/43/3360
f 3206/43/3360 3239/43/3360 3252/45/3360
f 3241/60/3361 3253/63/3361 3226/63/3361
f 3226/63/3362 3223/60/3362 3241/60/3362
f 3254/19/3363 3182/19/3363 3179/16/3363
f 3179/16/3363 3243/16/3363 3254/19/3363
f 3255/37/3364 3200/37/3364 3198/35/3364
f 3198/35/3365 3244/35/3365 3255/37/3365
f 3256/54/3366 3217/54/3366 3216/53/3366
f 3216/53/3366 3246/53/3366 3256/54/3366
f 3249/7/3367 3257/10/3367 3173/10/3367
f 3173/10/3367 3170/7/3367 3249/7/3367
f 3258/29/3368 3192/29/3368 3190/27/3368
f 3190/27/3368 3251/27/3368 3258/29/3368
f 3252/45/3369 3259/46/3369 3209/46/3370
f 3209/46/3371 3208/45/3371 3252/45/3371
f 3228/65/3372 3226/63/3372 3253/63/3372
f 3253/63/3373 3260/65/3373 3228/65/3373
f 3261/21/3374 3184/21/3374 3182/19/3374
f 3182/19/3374 3254/19/3374 3261/21/3374
f 3262/39/3375 3202/39/3375 3200/37/3375
f 3200/37/3375 3255/37/3375 3262/39/3375
f 3263/56/3376 3219/56/3376 3217/54/3376
f 3217/54/3376 3256/54/3376 3263/56/3376
f 3235/12/3377 3175/12/3377 3173/10/3377
f 3173/10/3377 3257/10/3377 3235/12/3377
f 3264/30/3378 3193/30/3378 3192/29/3378
f 3192/29/3378 3258/29/3378 3264/30/3378
f 3265/48/3379 3211/48/3379 3209/46/3379
f 3209/46/3379 3259/46/3379 3265/48/3379
f 3229/66/3380 3228/65/3380 3260/65/3380
f 3260/65/3381 3266/66/3381 3229/66/3381
f 3184/21/3382 3261/21/3382 3231/22/3382
f 3231/22/3382 3185/22/3382 3184/21/3382
f 3240/41/3383 3204/41/3383 3202/39/3383
f 3202/39/3383 3262/39/3383 3240/41/3383
f 3242/59/3384 3222/59/3384 3219/56/3384
f 3219/56/3384 3263/56/3384 3242/59/3384
f 3177/14/3385 3175/12/3385 3235/12/3385
f 3235/12/3386 3238/14/3386 3177/14/3386
f 3245/33/3387 3196/33/3387 3193/30/3387
f 3193/30/3387 3264/30/3387 3245/33/3387
f 3247/51/3388 3214/51/3388 3211/48/3388
f 3211/48/3388 3265/48/3388 3247/51/3388
f 3233/68/3389 3229/66/3389 3266/66/3389
f 3266/66/3389 3250/68/3389 3233/68/3389
f 3267/104/3390 3268/105/3391 3269/106/3390
f 3269/106/3391 3270/107/3391 3271/108/3392
f 3267/104/3392 3269/106/3392 3271/108/3392
f 3271/108/3393 3272/109/3393 3273/110/3393
f 3273/110/3394 3274/111/3394 3275/112/3394
f 3271/108/3391 3273/110/3391 3275/112/3391
f 3275/112/3395 3276/113/3395 3277/114/3396
f 3277/114/3397 3278/115/3397 3279/116/3397
f 3275/112/3398 3277/114/3398 3279/116/3398
f 3271/108/3391 3275/112/3391 3279/116/3391
f 3279/116/3399 3280/117/3399 3281/118/3399
f 3281/118/3398 3282/119/3400 3283/120/3400
f 3279/116/3391 3281/118/3391 3283/120/3391
f 3283/120/3401 3284/121/3401 3285/122/3401
f 3285/122/3397 3286/123/3397 3287/124/3397
f 3283/120/3391 3285/122/3391 3287/124/3391
f 3279/116/3392 3283/120/3392 3287/124/3392
f 3271/108/3391 3279/116/3391 3287/124/3391
f 3287/124/3402 3288/125/3402 3289/126/3403
f 3289/126/3391 3290/127/3391 3291/128/3391
f 3287/124/3404 3289/126/3404 3291/128/3404
f 3287/124/3390 3291/128/3390 3292/129/3390
f 3271/108/3405 3287/124/3405 3292/129/3405
f 3292/129/3406 3293/130/3406 3294/131/3406
f 3294/131/3407 3295/132/3407 3237/133/3408
f 3292/129/3391 3294/131/3391 3237/133/3391
f 3271/108/3391 3292/129/3391 3237/133/3391
f 3267/104/3409 3271/108/3409 3237/133/3409
f 3267/104/3391 3237/133/3391 3236/134/3391
f 3267/104/3397 3236/134/3397 3296/135/3397
f 3266/66/3410 3270/66/3410 3269/68/3410
f 3269/68/3410 3250/68/3410 3266/66/3410
f 3240/41/3411 3283/41/3412 3282/43/3411
f 3282/43/3413 3239/43/3414 3240/41/3413
f 3238/14/3415 3237/14/3415 3295/16/3415
f 3295/16/3415 3243/16/3415 3238/14/3415
f 3250/68/3416 3269/68/3417 3268/70/3418
f 3268/70/3419 3248/70/3419 3250/68/3419
f 3239/43/3420 3282/43/3420 3281/45/3420
f 3281/45/3421 3252/45/3420 3239/43/3420
f 3243/16/3422 3295/16/3422 3294/19/3422
f 3294/19/3422 3254/19/3422 3243/16/3422
f 3252/45/3423 3281/45/3423 3280/46/3423
f 3280/46/3424 3259/46/3424 3252/45/3424
f 3254/19/3425 3294/19/3425 3293/21/3425
f 3293/21/3425 3261/21/3425 3254/19/3425
f 3259/46/3426 3280/46/3426 3279/48/3427
f 3279/48/3427 3265/48/3427 3259/46/3427
f 3231/22/3428 3261/21/3428 3293/21/3428
f 3293/21/3428 3292/22/3428 3231/22/3428
f 3265/48/3429 3279/48/3429 3278/51/3429
f 3278/51/3429 3247/51/3429 3265/48/3429
f 3231/22/3430 3292/22/3430 3291/25/3430
f 3291/25/3431 3232/25/3431 3231/22/3431
f 3247/51/3432 3278/51/3432 3277/53/3432
f 3277/53/3432 3246/53/3432 3247/51/3432
f 3232/25/3433 3291/25/3433 3290/27/3433
f 3290/27/3433 3251/27/3433 3232/25/3433
f 3246/53/3434 3277/53/3434 3276/54/3434
f 3276/54/3435 3256/54/3435 3246/53/3435
f 3251/27/3436 3290/27/3436 3289/29/3437
f 3289/29/3438 3258/29/3438 3251/27/3438
f 3256/54/3439 3276/54/3439 3275/56/3439
f 3275/56/3439 3263/56/3439 3256/54/3439
f 3258/29/3440 3289/29/3440 3288/30/3440
f 3288/30/3440 3264/30/3440 3258/29/3440
f 3263/56/3441 3275/56/3441 3274/59/3441
f 3274/59/3441 3242/59/3441 3263/56/3441
f 3264/30/3442 3288/30/3442 3287/33/3442
f 3287/33/3443 3245/33/3443 3264/30/3443
f 3242/59/3444 3274/59/3445 3273/60/3445
f 3273/60/3446 3241/60/3446 3242/59/3446
f 3245/33/3447 3287/33/3447 3286/35/3447
f 3286/35/3447 3244/35/3447 3245/33/3447
f 3248/6/3448 3268/6/3448 3267/7/3448
f 3267/7/3448 3249/7/3448 3248/6/3448
f 3241/60/3449 3273/60/3449 3272/63/3449
f 3272/63/3450 3253/63/3450 3241/60/3451
f 3244/35/3452 3286/35/3453 3285/37/3453
f 3285/37/3453 3255/37/3453 3244/35/3453
f 3249/7/3454 3267/7/3454 3296/10/3454
f 3296/10/3454 3257/10/3454 3249/7/3454
f 3253/63/3455 3272/63/3455 3271/65/3455
f 3271/65/3455 3260/65/3456 3253/63/3457
f 3255/37/3458 3285/37/3458 3284/39/3458
f 3284/39/3458 3262/39/3458 3255/37/3458
f 3257/10/3459 3296/10/3460 3236/12/3459
f 3236/12/3459 3235/12/3459 3257/10/3459
f 3260/65/3461 3271/65/3461 3270/66/3461
f 3270/66/3462 3266/66/3461 3260/65/3463
f 3262/39/3464 3284/39/3464 3283/41/3465
f 3283/41/3465 3240/41/3465 3262/39/3465
f 3297/7/3466 3298/8/3466 3299/9/3466
f 3299/9/3466 3300/6/3466 3297/7/3466
f 3301/11/3467 3298/8/3467 3297/7/3467
f 3297/7/3467 3302/10/3467 3301/11/3467
f 3303/12/3468 3304/13/3468 3301/11/3468
f 3301/11/3468 3302/10/3468 3303/12/3468
f 3305/15/3469 3304/13/3469 3303/12/3469
f 3303/12/3469 3306/14/3469 3305/15/3469
f 3307/16/3470 3308/17/3470 3305/15/3470
f 3305/15/3470 3306/14/3470 3307/16/3470
f 3309/18/3471 3308/17/3471 3307/16/3471
f 3307/16/3471 3310/19/3471 3309/18/3471
f 3311/20/3472 3309/18/3472 3310/19/3472
f 3310/19/3472 3312/21/3472 3311/20/3472
f 3313/22/3473 3314/23/3473 3311/20/3473
f 3311/20/3473 3312/21/3473 3313/22/3473
f 3315/24/3474 3314/23/3474 3313/22/3474
f 3313/22/3474 3316/25/3474 3315/24/3474
f 3317/27/3475 3318/26/3475 3315/24/3475
f 3315/24/3475 3316/25/3475 3317/27/3475
f 3319/29/3476 3320/28/3476 3318/26/3476
f 3318/26/3476 3317/27/3476 3319/29/3476
f 3321/31/3477 3320/28/3477 3319/29/3477
f 3319/29/3477 3322/30/3477 3321/31/3477
f 3323/33/3478 3324/32/3478 3321/31/3478
f 3321/31/3478 3322/30/3478 3323/33/3478
f 3325/35/3479 3326/34/3479 3324/32/3479
f 3324/32/3479 3323/33/3479 3325/35/3479
f 3327/36/3480 3326/34/3480 3325/35/3480
f 3325/35/3480 3328/37/3480 3327/36/3480
f 3328/37/3481 3329/39/3481 3330/38/3481
f 3330/38/3482 3327/36/3482 3328/37/3482
f 3331/41/3483 3332/40/3483 3330/38/3483
f 3330/38/3483 3329/39/3483 3331/41/3483
f 3333/42/3484 3332/40/3484 3331/41/3484
f 3331/41/3484 3334/43/3484 3333/42/3484
f 3335/44/3485 3333/42/3485 3334/43/3485
f 3334/43/3485 3336/45/3485 3335/44/3485
f 3337/46/3486 3338/47/3486 3335/44/3486
f 3335/44/3486 3336/45/3486 3337/46/3486
f 3339/49/3487 3338/47/3487 3337/46/3487
f 3337/46/3487 3340/48/3487 3339/49/3487
f 3341/51/3488 3342/50/3488 3339/49/3488
f 3339/49/3488 3340/48/3488 3341/51/3488
f 3343/53/3489 3344/52/3489 3342/50/3489
f 3342/50/3489 3341/51/3489 3343/53/3489
f 3345/55/3490 3344/52/3490 3343/53/3490
f 3343/53/3490 3346/54/3490 3345/55/3490
f 3347/57/3491 3345/55/3491 3346/54/3491
f 3346/54/3491 3348/56/3491 3347/57/3491
f 3349/59/3492 3350/58/3492 3347/57/3492
f 3347/57/3493 3348/56/3493 3349/59/3493
f 3351/61/3494 3350/58/3494 3349/59/3494
f 3349/59/3494 3352/60/3494 3351/61/3494
f 3353/63/3495 3354/62/3495 3351/61/3495
f 3351/61/3495 3352/60/3495 3353/63/3495
f 3355/65/3496 3356/64/3496 3354/62/3496
f 3354/62/3496 3353/63/3496 3355/65/3496
f 3357/67/3497 3356/64/3497 3355/65/3497
f 3355/65/3497 3358/66/3497 3357/67/3497
f 3359/25/3498 3316/25/3498 3313/22/3498
f 3313/22/3498 3360/22/3498 3359/25/3498
f 3361/68/3499 3362/69/3499 3357/67/3499
f 3357/67/3499 3358/66/3499 3361/68/3499
f 3361/68/3500 3300/70/3500 3299/71/3500
f 3299/71/3500 3362/69/3500 3361/68/3500
f 3299/102/3345 3298/72/3345 3301/73/3345
f 3301/73/3349 3304/74/3349 3305/75/3349
f 3299/102/3345 3301/73/3345 3305/75/3345
f 3308/76/3349 3309/77/3349 3311/78/3349
f 3305/75/3345 3308/76/3345 3311/78/3345
f 3305/75/3345 3311/78/3345 3314/79/3345
f 3314/79/3348 3315/80/3348 3318/81/3348
f 3305/75/3345 3314/79/3345 3318/81/3345
f 3305/75/3345 3318/81/3345 3320/82/3345
f 3320/82/3347 3321/83/3347 3324/84/3347
f 3305/75/3345 3320/82/3345 3324/84/3345
f 3305/75/3345 3324/84/3345 3326/85/3345
f 3326/85/3347 3327/86/3347 3330/87/3347
f 3305/75/3345 3326/85/3345 3330/87/3345
f 3305/75/3345 3330/87/3345 3332/88/3345
f 3332/88/3349 3333/89/3349 3335/90/3349
f 3305/75/3345 3332/88/3345 3335/90/3345
f 3305/75/3345 3335/90/3345 3338/91/3345
f 3338/91/3345 3339/92/3345 3342/93/3345
f 3305/75/3345 3338/91/3345 3342/93/3345
f 3305/75/3345 3342/93/3345 3344/94/3345
f 3344/94/3345 3345/95/3345 3347/96/3345
f 3305/75/3345 3344/94/3345 3347/96/3345
f 3305/75/3345 3347/96/3345 3350/97/3345
f 3350/97/3345 3351/98/3345 3354/99/3345
f 3305/75/3345 3350/97/3345 3354/99/3345
f 3305/75/3345 3354/99/3345 3356/100/3345
f 3299/102/3345 3305/75/3345 3356/100/3345
f 3299/102/3346 3356/100/3346 3357/101/3346
f 3299/102/3501 3357/101/3501 3362/103/3501
f 3363/14/3502 3364/12/3502 3365/12/3502
f 3365/12/3502 3366/14/3502 3363/14/3502
f 3367/43/3503 3334/43/3503 3331/41/3503
f 3331/41/3504 3368/41/3503 3367/43/3503
f 3369/60/3505 3352/60/3505 3349/59/3505
f 3349/59/3505 3370/59/3505 3369/60/3505
f 3306/14/3506 3363/14/3506 3371/16/3506
f 3371/16/3506 3307/16/3506 3306/14/3506
f 3323/33/3507 3372/33/3508 3373/35/3507
f 3373/35/3507 3325/35/3507 3323/33/3507
f 3343/53/3509 3341/51/3510 3374/51/3510
f 3374/51/3510 3375/53/3510 3343/53/3510
f 3300/6/3511 3376/6/3511 3377/7/3511
f 3377/7/3511 3297/7/3511 3300/6/3511
f 3300/70/3512 3361/68/3512 3378/68/3512
f 3378/68/3512 3376/70/3512 3300/70/3512
f 3359/25/3513 3379/27/3513 3317/27/3513
f 3317/27/3513 3316/25/3513 3359/25/3513
f 3367/43/3514 3380/45/3514 3336/45/3514
f 3336/45/3514 3334/43/3514 3367/43/3514
f 3369/60/3515 3381/63/3515 3353/63/3515
f 3353/63/3515 3352/60/3515 3369/60/3515
f 3382/19/3516 3310/19/3516 3307/16/3516
f 3307/16/3516 3371/16/3516 3382/19/3516
f 3383/37/3517 3328/37/3517 3325/35/3517
f 3325/35/3517 3373/35/3517 3383/37/3517
f 3384/54/3518 3346/54/3518 3343/53/3518
f 3343/53/3518 3375/53/3518 3384/54/3518
f 3385/10/3519 3302/10/3519 3297/7/3519
f 3297/7/3519 3377/7/3519 3385/10/3519
f 3317/27/3520 3379/27/3520 3386/29/3520
f 3386/29/3520 3319/29/3520 3317/27/3520
f 3337/46/3521 3336/45/3521 3380/45/3521
f 3380/45/3522 3387/46/3522 3337/46/3522
f 3355/65/3523 3353/63/3523 3381/63/3523
f 3381/63/3524 3388/65/3523 3355/65/3523
f 3382/19/3525 3389/21/3525 3312/21/3525
f 3312/21/3525 3310/19/3525 3382/19/3525
f 3383/37/3526 3390/39/3526 3329/39/3526
f 3329/39/3526 3328/37/3526 3383/37/3526
f 3384/54/3527 3391/56/3527 3348/56/3527
f 3348/56/3527 3346/54/3527 3384/54/3527
f 3302/10/3528 3385/10/3528 3364/12/3528
f 3364/12/3528 3303/12/3528 3302/10/3528
f 3392/30/3529 3322/30/3529 3319/29/3529
f 3319/29/3529 3386/29/3529 3392/30/3529
f 3393/48/3530 3340/48/3530 3337/46/3530
f 3337/46/3531 3387/46/3532 3393/48/3532
f 3394/66/3533 3358/66/3533 3355/65/3533
f 3355/65/3533 3388/65/3533 3394/66/3533
f 3312/21/3534 3389/21/3534 3360/22/3534
f 3360/22/3534 3313/22/3534 3312/21/3534
f 3329/39/3535 3390/39/3536 3368/41/3535
f 3368/41/3536 3331/41/3536 3329/39/3536
f 3349/59/3537 3348/56/3537 3391/56/3537
f 3391/56/3537 3370/59/3537 3349/59/3537
f 3363/14/3538 3306/14/3538 3303/12/3538
f 3303/12/3538 3364/12/3538 3363/14/3538
f 3392/30/3539 3372/33/3539 3323/33/3539
f 3323/33/3539 3322/30/3539 3392/30/3539
f 3393/48/3540 3374/51/3540 3341/51/3540
f 3341/51/3540 3340/48/3540 3393/48/3540
f 3394/66/3541 3378/68/3541 3361/68/3541
f 3361/68/3541 3358/66/3541 3394/66/3541
f 3395/106/3542 3396/107/3542 3397/108/3542
f 3395/106/3543 3397/108/3543 3398/109/3543
f 3398/109/3544 3399/110/3544 3400/111/3545
f 3395/106/3546 3398/109/3546 3400/111/3546
f 3395/106/3546 3400/111/3546 3401/112/3546
f 3401/112/3547 3402/113/3547 3403/114/3547
f 3395/106/3543 3401/112/3543 3403/114/3543
f 3395/106/3543 3403/114/3543 3404/115/3543
f 3404/115/3544 3405/116/3543 3406/117/3543
f 3395/106/3548 3404/115/3548 3406/117/3548
f 3395/106/3546 3406/117/3546 3407/118/3546
f 3407/118/3544 3408/119/3544 3409/120/3544
f 3395/106/3546 3407/118/3546 3409/120/3546
f 3395/106/3543 3409/120/3543 3410/121/3543
f 3410/121/3548 3411/122/3548 3412/123/3548
f 3395/106/3546 3410/121/3546 3412/123/3546
f 3395/106/3546 3412/123/3546 3413/124/3546
f 3413/124/3546 3414/125/3546 3415/126/3546
f 3395/106/3546 3413/124/3546 3415/126/3546
f 3395/106/3546 3415/126/3546 3416/127/3546
f 3416/127/3546 3417/128/3546 3418/129/3546
f 3395/106/3546 3416/127/3546 3418/129/3546
f 3418/129/3549 3419/130/3549 3420/131/3549
f 3418/129/3550 3420/131/3550 3421/132/3550
f 3395/106/3546 3418/129/3546 3421/132/3546
f 3395/106/3550 3421/132/3550 3366/133/3550
f 3366/133/3546 3365/134/3546 3422/135/3546
f 3395/106/3549 3366/133/3549 3422/135/3549
f 3423/105/3544 3395/106/3544 3422/135/3544
f 3424/104/3551 3423/105/3551 3422/135/3551
f 3378/68/3552 3394/66/3552 3396/66/3552
f 3396/66/3552 3395/68/3553 3378/68/3552
f 3409/41/3554 3408/43/3555 3367/43/3555
f 3367/43/3555 3368/41/3555 3409/41/3555
f 3371/16/3556 3363/14/3556 3366/14/3556
f 3366/14/3557 3421/16/3557 3371/16/3557
f 3376/70/3558 3378/68/3558 3395/68/3558
f 3395/68/3559 3423/70/3560 3376/70/3560
f 3380/45/3561 3367/43/3561 3408/43/3561
f 3408/43/3561 3407/45/3561 3380/45/3561
f 3420/19/3562 3382/19/3562 3371/16/3562
f 3371/16/3562 3421/16/3562 3420/19/3562
f 3387/46/3563 3380/45/3564 3407/45/3564
f 3407/45/3565 3406/46/3566 3387/46/3566
f 3389/21/3567 3382/19/3567 3420/19/3567
f 3420/19/3568 3419/21/3567 3389/21/3568
f 3406/46/3569 3405/48/3569 3393/48/3569
f 3393/48/3570 3387/46/3571 3406/46/3572
f 3360/22/3573 3389/21/3573 3419/21/3573
f 3419/21/3573 3418/22/3573 3360/22/3573
f 3374/51/3574 3393/48/3574 3405/48/3574
f 3405/48/3574 3404/51/3574 3374/51/3574
f 3418/22/3575 3417/25/3575 3359/25/3575
f 3359/25/3576 3360/22/3575 3418/22/3575
f 3375/53/3577 3374/51/3577 3404/51/3577
f 3404/51/3577 3403/53/3577 3375/53/3577
f 3379/27/3578 3359/25/3578 3417/25/3578
f 3417/25/3578 3416/27/3578 3379/27/3578
f 3403/53/3579 3402/54/3579 3384/54/3579
f 3384/54/3580 3375/53/3580 3403/53/3580
f 3386/29/3581 3379/27/3581 3416/27/3581
f 3416/27/3582 3415/29/3582 3386/29/3582
f 3391/56/3583 3384/54/3583 3402/54/3583
f 3402/54/3584 3401/56/3584 3391/56/3584
f 3415/29/3585 3414/30/3585 3392/30/3585
f 3392/30/3586 3386/29/3586 3415/29/3586
f 3370/59/3587 3391/56/3587 3401/56/3587
f 3401/56/3587 3400/59/3587 3370/59/3587
f 3372/33/3588 3392/30/3588 3414/30/3588
f 3414/30/3588 3413/33/3588 3372/33/3588
f 3400/59/3589 3399/60/3589 3369/60/3589
f 3369/60/3589 3370/59/3589 3400/59/3589
f 3373/35/3590 3372/33/3590 3413/33/3591
f 3413/33/3590 3412/35/3590 3373/35/3590
f 3376/6/3592 3423/6/3592 3424/7/3592
f 3424/7/3592 3377/7/3592 3376/6/3592
f 3381/63/3593 3369/60/3593 3399/60/3593
f 3399/60/3594 3398/63/3594 3381/63/3595
f 3412/35/3596 3411/37/3597 3383/37/3597
f 3383/37/3598 3373/35/3598 3412/35/3597
f 3422/10/3599 3385/10/3599 3377/7/3599
f 3377/7/3599 3424/7/3599 3422/10/3599
f 3388/65/3600 3381/63/3601 3398/63/3601
f 3398/63/3600 3397/65/3600 3388/65/3600
f 3390/39/3602 3383/37/3602 3411/37/3602
f 3411/37/3603 3410/39/3602 3390/39/3602
f 3365/12/3604 3364/12/3604 3385/10/3604
f 3385/10/3604 3422/10/3604 3365/12/3604
f 3397/65/3605 3396/66/3605 3394/66/3605
f 3394/66/3605 3388/65/3606 3397/65/3606
f 3368/41/3607 3390/39/3607 3410/39/3607
f 3410/39/3608 3409/41/3608 3368/41/3609
f 3425/7/3610 3426/8/3610 3427/9/3610
f 3427/9/3610 3428/6/3610 3425/7/3610
f 3429/11/3611 3426/8/3611 3425/7/3611
f 3425/7/3611 3430/10/3611 3429/11/3611
f 3431/12/3612 3432/13/3612 3429/11/3612
f 3429/11/3612 3430/10/3612 3431/12/3612
f 3433/14/3613 3434/15/3613 3432/13/3613
f 3432/13/3614 3431/12/3614 3433/14/3614
f 3435/17/3615 3434/15/3615 3433/14/3615
f 3433/14/3615 3436/16/3615 3435/17/3615
f 3437/19/3616 3438/18/3616 3435/17/3616
f 3435/17/3616 3436/16/3616 3437/19/3616
f 3439/21/3617 3440/20/3617 3438/18/3617
f 3438/18/3617 3437/19/3617 3439/21/3617
f 3441/23/3618 3440/20/3618 3439/21/3618
f 3439/21/3618 3442/22/3618 3441/23/3618
f 3443/25/3619 3444/24/3619 3441/23/3619
f 3441/23/3619 3442/22/3619 3443/25/3619
f 3445/27/3620 3446/26/3620 3444/24/3620
f 3444/24/3620 3443/25/3620 3445/27/3620
f 3447/28/3621 3446/26/3621 3445/27/3621
f 3445/27/3621 3448/29/3621 3447/28/3621
f 3449/30/3622 3450/31/3622 3447/28/3622
f 3447/28/3622 3448/29/3622 3449/30/3622
f 3451/33/3623 3452/32/3623 3450/31/3623
f 3450/31/3623 3449/30/3623 3451/33/3623
f 3453/34/3624 3452/32/3624 3451/33/3624
f 3451/33/3625 3454/35/3625 3453/34/3625
f 3455/36/3626 3453/34/3626 3454/35/3626
f 3454/35/3626 3456/37/3626 3455/36/3626
f 3457/39/3627 3458/38/3627 3455/36/3627
f 3455/36/3627 3456/37/3627 3457/39/3627
f 3459/40/3628 3458/38/3628 3457/39/3628
f 3457/39/3628 3460/41/3628 3459/40/3628
f 3461/42/3629 3459/40/3629 3460/41/3629
f 3460/41/3629 3462/43/3629 3461/42/3629
f 3463/45/3630 3464/44/3630 3461/42/3630
f 3461/42/3630 3462/43/3630 3463/45/3630
f 3465/47/3631 3464/44/3631 3463/45/3631
f 3463/45/3631 3466/46/3631 3465/47/3631
f 3467/48/3632 3468/49/3632 3465/47/3632
f 3465/47/3632 3466/46/3632 3467/48/3632
f 3469/51/3633 3470/50/3633 3468/49/3633
f 3468/49/3633 3467/48/3633 3469/51/3633
f 3471/52/3634 3470/50/3634 3469/51/3634
f 3469/51/3634 3472/53/3634 3471/52/3634
f 3473/55/3635 3471/52/3635 3472/53/3635
f 3472/53/3635 3474/54/3635 3473/55/3635
f 3475/56/3636 3476/57/3636 3473/55/3636
f 3473/55/3636 3474/54/3636 3475/56/3636
f 3477/58/3637 3476/57/3637 3475/56/3637
f 3475/56/3637 3478/59/3637 3477/58/3637
f 3479/60/3638 3480/61/3638 3477/58/3638
f 3477/58/3638 3478/59/3638 3479/60/3638
f 3481/63/3639 3482/62/3639 3480/61/3639
f 3480/61/3639 3479/60/3639 3481/63/3639
f 3483/64/3640 3482/62/3640 3481/63/3640
f 3481/63/3640 3484/65/3640 3483/64/3640
f 3485/66/3641 3486/67/3641 3483/64/3641
f 3483/64/3641 3484/65/3641 3485/66/3641
f 3442/22/3642 3487/22/3642 3488/25/3642
f 3488/25/3642 3443/25/3642 3442/22/3642
f 3489/68/3643 3490/69/3643 3486/67/3643
f 3486/67/3643 3485/66/3643 3489/68/3643
f 3489/68/3644 3428/70/3644 3427/71/3644
f 3427/71/3644 3490/69/3644 3489/68/3644
f 3426/72/3348 3429/73/3348 3432/74/3348
f 3427/102/3645 3426/72/3645 3432/74/3645
f 3427/102/3346 3432/74/3346 3434/75/3346
f 3434/75/3345 3435/76/3345 3438/77/3345
f 3427/102/3345 3434/75/3345 3438/77/3345
f 3427/102/3345 3438/77/3345 3440/78/3345
f 3440/78/3345 3441/79/3345 3444/80/3345
f 3427/102/3345 3440/78/3345 3444/80/3345
f 3427/102/3345 3444/80/3345 3446/81/3345
f 3446/81/3349 3447/82/3349 3450/83/3349
f 3427/102/3345 3446/81/3345 3450/83/3345
f 3427/102/3345 3450/83/3345 3452/84/3345
f 3452/84/3345 3453/85/3345 3455/86/3345
f 3427/102/3345 3452/84/3345 3455/86/3345
f 3427/102/3345 3455/86/3345 3458/87/3345
f 3458/87/3345 3459/88/3345 3461/89/3345
f 3427/102/3345 3458/87/3345 3461/89/3345
f 3427/102/3345 3461/89/3345 3464/90/3345
f 3464/90/3345 3465/91/3345 3468/92/3345
f 3427/102/3345 3464/90/3345 3468/92/3345
f 3427/102/3345 3468/92/3345 3470/93/3345
f 3470/93/3345 3471/94/3345 3473/95/3345
f 3427/102/3345 3470/93/3345 3473/95/3345
f 3427/102/3345 3473/95/3345 3476/96/3345
f 3476/96/3346 3477/97/3346 3480/98/3346
f 3427/102/3345 3476/96/3345 3480/98/3345
f 3427/102/3349 3480/98/3349 3482/99/3349
f 3482/99/3345 3483/100/3345 3486/101/3345
f 3427/102/3345 3482/99/3345 3486/101/3345
f 3427/102/3348 3486/101/3348 3490/103/3348
f 3491/12/3646 3492/12/3647 3493/14/3646
f 3493/14/3646 3494/14/3646 3491/12/3646
f 3495/43/3648 3462/43/3648 3460/41/3648
f 3460/41/3648 3496/41/3648 3495/43/3648
f 3497/60/3649 3479/60/3649 3478/59/3649
f 3478/59/3649 3498/59/3649 3497/60/3649
f 3433/14/3650 3494/14/3650 3499/16/3650
f 3499/16/3650 3436/16/3650 3433/14/3650
f 3454/35/3651 3451/33/3651 3500/33/3651
f 3500/33/3651 3501/35/3651 3454/35/3651
f 3472/53/3652 3469/51/3652 3502/51/3652
f 3502/51/3653 3503/53/3653 3472/53/3653
f 3504/7/3654 3425/7/3655 3428/6/3654
f 3428/6/3654 3505/6/3654 3504/7/3654
f 3506/68/3656 3505/70/3656 3428/70/3656
f 3428/70/3656 3489/68/3656 3506/68/3656
f 3443/25/3657 3488/25/3657 3507/27/3657
f 3507/27/3657 3445/27/3657 3443/25/3657
f 3508/45/3658 3463/45/3658 3462/43/3658
f 3462/43/3658 3495/43/3658 3508/45/3658
f 3509/63/3659 3481/63/3660 3479/60/3659
f 3479/60/3661 3497/60/3661 3509/63/3661
f 3436/16/3662 3499/16/3662 3510/19/3662
f 3510/19/3662 3437/19/3662 3436/16/3662
f 3511/37/3663 3456/37/3663 3454/35/3663
f 3454/35/3663 3501/35/3663 3511/37/3663
f 3512/54/3664 3474/54/3664 3472/53/3664
f 3472/53/3664 3503/53/3664 3512/54/3664
f 3425/7/3665 3504/7/3665 3513/10/3665
f 3513/10/3665 3430/10/3665 3425/7/3665
f 3507/27/3666 3514/29/3666 3448/29/3666
f 3448/29/3666 3445/27/3666 3507/27/3666
f 3466/46/3667 3463/45/3667 3508/45/3667
f 3508/45/3668 3515/46/3668 3466/46/3668
f 3484/65/3669 3481/63/3670 3509/63/3669
f 3509/63/3669 3516/65/3669 3484/65/3669
f 3437/19/3671 3510/19/3671 3517/21/3671
f 3517/21/3671 3439/21/3671 3437/19/3671
f 3518/39/3672 3457/39/3672 3456/37/3672
f 3456/37/3672 3511/37/3672 3518/39/3672
f 3519/56/3673 3475/56/3673 3474/54/3673
f 3474/54/3673 3512/54/3673 3519/56/3673
f 3430/10/3674 3513/10/3674 3491/12/3674
f 3491/12/3674 3431/12/3674 3430/10/3674
f 3514/29/3675 3520/30/3675 3449/30/3675
f 3449/30/3676 3448/29/3676 3514/29/3676
f 3521/48/3677 3467/48/3677 3466/46/3677
f 3466/46/3677 3515/46/3678 3521/48/3678
f 3522/66/3679 3485/66/3679 3484/65/3679
f 3484/65/3679 3516/65/3679 3522/66/3679
f 3439/21/3680 3517/21/3680 3487/22/3680
f 3487/22/3680 3442/22/3680 3439/21/3680
f 3460/41/3681 3457/39/3681 3518/39/3681
f 3518/39/3681 3496/41/3681 3460/41/3681
f 3478/59/3682 3475/56/3682 3519/56/3682
f 3519/56/3682 3498/59/3682 3478/59/3682
f 3431/12/3683 3491/12/3683 3494/14/3683
f 3494/14/3683 3433/14/3683 3431/12/3683
f 3451/33/3684 3449/30/3684 3520/30/3684
f 3520/30/3684 3500/33/3684 3451/33/3684
f 3502/51/3685 3469/51/3685 3467/48/3685
f 3467/48/3686 3521/48/3686 3502/51/3686
f 3506/68/3687 3489/68/3687 3485/66/3687
f 3485/66/3687 3522/66/3687 3506/68/3688
f 3523/104/3689 3524/105/3690 3525/106/3690
f 3525/106/3691 3526/107/3691 3527/108/3691
f 3523/104/3692 3525/106/3692 3527/108/3692
f 3528/109/3693 3529/110/3693 3530/111/3693
f 3527/108/3694 3528/109/3694 3530/111/3694
f 3523/104/3695 3527/108/3695 3530/111/3695
f 3531/112/3696 3532/113/3696 3533/114/3696
f 3530/111/3697 3531/112/3697 3533/114/3697
f 3534/115/3698 3535/116/3698 3536/117/3698
f 3533/114/3697 3534/115/3697 3536/117/3697
f 3530/111/3695 3533/114/3695 3536/117/3695
f 3523/104/3695 3530/111/3695 3536/117/3695
f 3537/118/3699 3538/119/3695 3539/120/3695
f 3536/117/3695 3537/118/3695 3539/120/3695
f 3540/121/3700 3541/122/3700 3542/123/3700
f 3539/120/3695 3540/121/3695 3542/123/3695
f 3536/117/3695 3539/120/3695 3542/123/3695
f 3543/124/3701 3544/125/3701 3545/126/3701
f 3542/123/3696 3543/124/3696 3545/126/3695
f 3546/127/3702 3547/128/3702 3548/129/3702
f 3545/126/3696 3546/127/3696 3548/129/3696
f 3542/123/3695 3545/126/3695 3548/129/3695
f 3536/117/3695 3542/123/3695 3548/129/3695
f 3523/104/3695 3536/117/3695 3548/129/3695
f 3549/130/3703 3550/131/3703 3551/132/3703
f 3548/129/3696 3549/130/3696 3551/132/3696
f 3493/133/3704 3492/134/3704 3552/135/3705
f 3551/132/3695 3493/133/3695 3552/135/3695
f 3548/129/3695 3551/132/3695 3552/135/3695
f 3523/104/3693 3548/129/3693 3552/135/3693
f 3522/66/3706 3526/66/3706 3525/68/3707
f 3525/68/3706 3506/68/3706 3522/66/3706
f 3495/43/3708 3496/41/3708 3539/41/3708
f 3539/41/3708 3538/43/3708 3495/43/3709
f 3551/16/3710 3499/16/3710 3494/14/3710
f 3494/14/3711 3493/14/3711 3551/16/3711
f 3525/68/3712 3524/70/3712 3505/70/3712
f 3505/70/3713 3506/68/3713 3525/68/3713
f 3495/43/3714 3538/43/3714 3537/45/3714
f 3537/45/3715 3508/45/3715 3495/43/3715
f 3510/19/3716 3499/16/3716 3551/16/3716
f 3551/16/3716 3550/19/3716 3510/19/3716
f 3536/46/3717 3515/46/3717 3508/45/3718
f 3508/45/3719 3537/45/3719 3536/46/3719
f 3510/19/3720 3550/19/3720 3549/21/3720
f 3549/21/3720 3517/21/3720 3510/19/3720
f 3521/48/3721 3515/46/3722 3536/46/3723
f 3536/46/3724 3535/48/3724 3521/48/3724
f 3548/22/3725 3487/22/3725 3517/21/3725
f 3517/21/3725 3549/21/3725 3548/22/3725
f 3521/48/3726 3535/48/3726 3534/51/3726
f 3534/51/3727 3502/51/3727 3521/48/3727
f 3488/25/3728 3487/22/3728 3548/22/3728
f 3548/22/3728 3547/25/3728 3488/25/3728
f 3533/53/3729 3503/53/3729 3502/51/3729
f 3502/51/3729 3534/51/3729 3533/53/3729
f 3488/25/3730 3547/25/3730 3546/27/3730
f 3546/27/3730 3507/27/3730 3488/25/3730
f 3512/54/3731 3503/53/3731 3533/53/3731
f 3533/53/3732 3532/54/3732 3512/54/3732
f 3507/27/3733 3546/27/3733 3545/29/3733
f 3545/29/3733 3514/29/3733 3507/27/3733
f 3512/54/3734 3532/54/3734 3531/56/3734
f 3531/56/3734 3519/56/3734 3512/54/3734
f 3545/29/3735 3544/30/3736 3520/30/3735
f 3520/30/3737 3514/29/3737 3545/29/3737
f 3530/59/3738 3498/59/3738 3519/56/3738
f 3519/56/3738 3531/56/3738 3530/59/3738
f 3543/33/3739 3500/33/3739 3520/30/3739
f 3520/30/3740 3544/30/3740 3543/33/3740
f 3497/60/3741 3498/59/3741 3530/59/3741
f 3530/59/3741 3529/60/3741 3497/60/3741
f 3542/35/3742 3501/35/3742 3500/33/3742
f 3500/33/3743 3543/33/3743 3542/35/3743
f 3504/7/3744 3505/6/3744 3524/6/3744
f 3524/6/3744 3523/7/3744 3504/7/3744
f 3497/60/3745 3529/60/3745 3528/63/3745
f 3528/63/3746 3509/63/3747 3497/60/3747
f 3511/37/3748 3501/35/3748 3542/35/3748
f 3542/35/3749 3541/37/3749 3511/37/3749
f 3552/10/3750 3513/10/3750 3504/7/3750
f 3504/7/3751 3523/7/3751 3552/10/3752
f 3527/65/3753 3516/65/3753 3509/63/3753
f 3509/63/3753 3528/63/3753 3527/65/3753
f 3511/37/3754 3541/37/3754 3540/39/3754
f 3540/39/3754 3518/39/3754 3511/37/3754
f 3491/12/3755 3513/10/3755 3552/10/3755
f 3552/10/3755 3492/12/3755 3491/12/3755
f 3522/66/3756 3516/65/3756 3527/65/3757
f 3527/65/3758 3526/66/3758 3522/66/3758
f 3539/41/3759 3496/41/3759 3518/39/3759
f 3518/39/3760 3540/39/3760 3539/41/3760
