# Blender 4.5.8 LTS
# www.blender.org
mtllib lamppost .mtl
o Cylinder
v 0.000000 -0.118093 -0.798205
v 0.000000 0.197905 -0.566481
v 0.564416 -0.118093 -0.564416
v 0.400563 0.197905 -0.400563
v 0.798205 -0.118093 0.000000
v 0.566481 0.197905 0.000000
v 0.564416 -0.118093 0.564416
v 0.400563 0.197905 0.400563
v -0.000000 -0.118093 0.798205
v -0.000000 0.197905 0.566481
v -0.564416 -0.118093 0.564416
v -0.400563 0.197905 0.400563
v -0.798205 -0.118093 -0.000000
v -0.566481 0.197905 -0.000000
v -0.564416 -0.118093 -0.564416
v -0.400563 0.197905 -0.400563
v 0.564416 0.197905 -0.564416
v 0.000000 0.197905 -0.798205
v 0.798205 0.197905 0.000000
v 0.564416 0.197905 0.564416
v -0.000000 0.197905 0.798205
v -0.564416 0.197905 0.564416
v -0.798205 0.197905 -0.000000
v -0.564416 0.197905 -0.564416
v 0.304412 0.397689 -0.304412
v 0.000000 0.397689 -0.430503
v 0.430503 0.397689 0.000000
v 0.304412 0.397689 0.304412
v -0.000000 0.397689 0.430503
v -0.304412 0.397689 0.304412
v -0.430503 0.397689 -0.000000
v -0.304412 0.397689 -0.304412
v 0.400563 0.397689 -0.400563
v 0.000000 0.397689 -0.566481
v 0.566481 0.397689 0.000000
v 0.400563 0.397689 0.400563
v -0.000000 0.397689 0.566481
v -0.400563 0.397689 0.400563
v -0.566481 0.397689 -0.000000
v -0.400563 0.397689 -0.400563
v 0.304412 0.691746 -0.304412
v 0.000000 0.691746 -0.430503
v 0.430503 0.691746 0.000000
v 0.304412 0.691746 0.304412
v -0.000000 0.691746 0.430503
v -0.304412 0.691746 0.304412
v -0.430503 0.691746 -0.000000
v -0.304412 0.691746 -0.304412
vn 0.3827 -0.0000 -0.9239
vn 0.9239 -0.0000 -0.3827
vn 0.9239 -0.0000 0.3827
vn 0.3827 -0.0000 0.9239
vn -0.3827 -0.0000 0.9239
vn -0.9239 -0.0000 0.3827
vn -0.9239 -0.0000 -0.3827
vn -0.3827 -0.0000 -0.9239
vn -0.0000 -1.0000 -0.0000
vn -0.0000 1.0000 -0.0000
vt 1.000000 0.500000
vt 1.000000 1.000000
vt 0.875000 1.000000
vt 0.875000 0.500000
vt 0.750000 1.000000
vt 0.750000 0.500000
vt 0.625000 1.000000
vt 0.625000 0.500000
vt 0.500000 1.000000
vt 0.500000 0.500000
vt 0.375000 1.000000
vt 0.375000 0.500000
vt 0.250000 1.000000
vt 0.250000 0.500000
vt 0.370439 0.370439
vt 0.250000 0.420327
vt 0.125000 1.000000
vt 0.125000 0.500000
vt 0.000000 1.000000
vt 0.000000 0.500000
vt 0.750000 0.490000
vt 0.919706 0.419706
vt 0.990000 0.250000
vt 0.919706 0.080294
vt 0.750000 0.010000
vt 0.580294 0.080294
vt 0.510000 0.250000
vt 0.580294 0.419706
vt 0.419706 0.419706
vt 0.250000 0.490000
vt 0.420327 0.250000
vt 0.490000 0.250000
vt 0.370439 0.129561
vt 0.419706 0.080294
vt 0.250000 0.079673
vt 0.250000 0.010000
vt 0.129561 0.129561
vt 0.080294 0.080294
vt 0.079673 0.250000
vt 0.010000 0.250000
vt 0.129561 0.370439
vt 0.080294 0.419706
vt 0.158471 0.341529
vt 0.120559 0.250000
vt 0.250000 0.379441
vt 0.341529 0.341529
vt 0.379441 0.250000
vt 0.341529 0.158471
vt 0.250000 0.120559
vt 0.158471 0.158471
s 0
usemtl Material.001
f 1/1/1 18/2/1 17/3/1 3/4/1
f 3/4/2 17/3/2 19/5/2 5/6/2
f 5/6/3 19/5/3 20/7/3 7/8/3
f 7/8/4 20/7/4 21/9/4 9/10/4
f 9/10/5 21/9/5 22/11/5 11/12/5
f 11/12/6 22/11/6 23/13/6 13/14/6
f 4/15/1 2/16/1 34/16/1 33/15/1
f 13/14/7 23/13/7 24/17/7 15/18/7
f 15/18/8 24/17/8 18/19/8 1/20/8
f 1/21/9 3/22/9 5/23/9 7/24/9 9/25/9 11/26/9 13/27/9 15/28/9
f 2/16/10 4/15/10 17/29/10 18/30/10
f 4/15/10 6/31/10 19/32/10 17/29/10
f 6/31/10 8/33/10 20/34/10 19/32/10
f 8/33/10 10/35/10 21/36/10 20/34/10
f 10/35/10 12/37/10 22/38/10 21/36/10
f 12/37/10 14/39/10 23/40/10 22/38/10
f 14/39/10 16/41/10 24/42/10 23/40/10
f 16/41/10 2/16/10 18/30/10 24/42/10
f 32/43/7 31/44/7 47/44/7 48/43/7
f 2/16/8 16/41/8 40/41/8 34/16/8
f 14/39/6 12/37/6 38/37/6 39/39/6
f 10/35/4 8/33/4 36/33/4 37/35/4
f 6/31/2 4/15/2 33/15/2 35/31/2
f 16/41/7 14/39/7 39/39/7 40/41/7
f 12/37/5 10/35/5 37/35/5 38/37/5
f 8/33/3 6/31/3 35/31/3 36/33/3
f 26/45/10 25/46/10 33/15/10 34/16/10
f 25/46/10 27/47/10 35/31/10 33/15/10
f 27/47/10 28/48/10 36/33/10 35/31/10
f 28/48/10 29/49/10 37/35/10 36/33/10
f 29/49/10 30/50/10 38/37/10 37/35/10
f 30/50/10 31/44/10 39/39/10 38/37/10
f 31/44/10 32/43/10 40/41/10 39/39/10
f 32/43/10 26/45/10 34/16/10 40/41/10
f 41/46/10 42/45/10 48/43/10 47/44/10 46/50/10 45/49/10 44/48/10 43/47/10
f 30/50/5 29/49/5 45/49/5 46/50/5
f 28/48/3 27/47/3 43/47/3 44/48/3
f 25/46/1 26/45/1 42/45/1 41/46/1
f 26/45/8 32/43/8 48/43/8 42/45/8
f 31/44/6 30/50/6 46/50/6 47/44/6
f 29/49/4 28/48/4 44/48/4 45/49/4
f 27/47/2 25/46/2 41/46/2 43/47/2
o Cylinder.001
v 0.000000 0.351509 -0.277588
v -0.000000 2.253152 -0.155046
v 0.027208 0.351509 -0.276251
v 0.015197 2.253152 -0.154299
v 0.054155 0.351509 -0.272254
v 0.030248 2.253152 -0.152067
v 0.080579 0.351509 -0.265635
v 0.045007 2.253152 -0.148370
v 0.106228 0.351509 -0.256458
v 0.059334 2.253152 -0.143244
v 0.130854 0.351509 -0.244810
v 0.073088 2.253152 -0.136738
v 0.154219 0.351509 -0.230806
v 0.086139 2.253152 -0.128916
v 0.176100 0.351509 -0.214578
v 0.098360 2.253152 -0.119852
v 0.196284 0.351509 -0.196284
v 0.109634 2.253152 -0.109634
v 0.214578 0.351509 -0.176100
v 0.119852 2.253152 -0.098360
v 0.230806 0.351509 -0.154219
v 0.128916 2.253152 -0.086139
v 0.244810 0.351509 -0.130854
v 0.136738 2.253152 -0.073088
v 0.256458 0.351509 -0.106228
v 0.143244 2.253152 -0.059334
v 0.265635 0.351509 -0.080579
v 0.148370 2.253152 -0.045007
v 0.272254 0.351509 -0.054155
v 0.152067 2.253152 -0.030248
v 0.276251 0.351509 -0.027208
v 0.154299 2.253152 -0.015197
v 0.277588 0.351509 0.000000
v 0.155046 2.253152 0.000000
v 0.276251 0.351509 0.027208
v 0.154299 2.253152 0.015197
v 0.272254 0.351509 0.054155
v 0.152067 2.253152 0.030248
v 0.265635 0.351509 0.080579
v 0.148370 2.253152 0.045008
v 0.256458 0.351509 0.106228
v 0.143244 2.253152 0.059334
v 0.244810 0.351509 0.130854
v 0.136738 2.253152 0.073088
v 0.230806 0.351509 0.154219
v 0.128916 2.253152 0.086139
v 0.214578 0.351509 0.176100
v 0.119852 2.253152 0.098360
v 0.196284 0.351509 0.196284
v 0.109634 2.253152 0.109634
v 0.176100 0.351509 0.214578
v 0.098360 2.253152 0.119852
v 0.154219 0.351509 0.230806
v 0.086139 2.253152 0.128916
v 0.130854 0.351509 0.244810
v 0.073088 2.253152 0.136738
v 0.106228 0.351509 0.256458
v 0.059334 2.253152 0.143244
v 0.080579 0.351509 0.265635
v 0.045007 2.253152 0.148370
v 0.054155 0.351509 0.272254
v 0.030248 2.253152 0.152067
v 0.027208 0.351509 0.276251
v 0.015197 2.253152 0.154299
v -0.000000 0.351509 0.277588
v -0.000000 2.253152 0.155046
v -0.027208 0.351509 0.276251
v -0.015197 2.253152 0.154299
v -0.054155 0.351509 0.272254
v -0.030248 2.253152 0.152067
v -0.080579 0.351509 0.265635
v -0.045007 2.253152 0.148370
v -0.106228 0.351509 0.256458
v -0.059334 2.253152 0.143244
v -0.130854 0.351509 0.244810
v -0.073088 2.253152 0.136738
v -0.154219 0.351509 0.230806
v -0.086139 2.253152 0.128916
v -0.176100 0.351509 0.214578
v -0.098360 2.253152 0.119852
v -0.196284 0.351509 0.196284
v -0.109634 2.253152 0.109634
v -0.214578 0.351509 0.176100
v -0.119852 2.253152 0.098360
v -0.230806 0.351509 0.154219
v -0.128916 2.253152 0.086139
v -0.244810 0.351509 0.130854
v -0.136738 2.253152 0.073088
v -0.256458 0.351509 0.106228
v -0.143244 2.253152 0.059334
v -0.265635 0.351509 0.080579
v -0.148370 2.253152 0.045007
v -0.272254 0.351509 0.054155
v -0.152067 2.253152 0.030248
v -0.276251 0.351509 0.027208
v -0.154299 2.253152 0.015197
v -0.277588 0.351509 -0.000000
v -0.155046 2.253152 -0.000000
v -0.276251 0.351509 -0.027208
v -0.154299 2.253152 -0.015197
v -0.272254 0.351509 -0.054155
v -0.152067 2.253152 -0.030248
v -0.265635 0.351509 -0.080579
v -0.148370 2.253152 -0.045007
v -0.256458 0.351509 -0.106228
v -0.143244 2.253152 -0.059334
v -0.244810 0.351509 -0.130854
v -0.136738 2.253152 -0.073088
v -0.230806 0.351509 -0.154219
v -0.128916 2.253152 -0.086139
v -0.214578 0.351509 -0.176100
v -0.119852 2.253152 -0.098360
v -0.196284 0.351509 -0.196284
v -0.109634 2.253152 -0.109634
v -0.176100 0.351509 -0.214578
v -0.098360 2.253152 -0.119852
v -0.154219 0.351509 -0.230806
v -0.086139 2.253152 -0.128916
v -0.130854 0.351509 -0.244810
v -0.073088 2.253152 -0.136738
v -0.106228 0.351509 -0.256458
v -0.059334 2.253152 -0.143244
v -0.080579 0.351509 -0.265635
v -0.045008 2.253152 -0.148370
v -0.054155 0.351509 -0.272254
v -0.030248 2.253152 -0.152067
v -0.027208 0.351509 -0.276251
v -0.015197 2.253152 -0.154299
v 0.019774 2.253152 -0.200771
v -0.000000 2.253152 -0.201742
v 0.039358 2.253152 -0.197866
v 0.058563 2.253152 -0.193055
v 0.077203 2.253152 -0.186386
v 0.095101 2.253152 -0.177921
v 0.112082 2.253152 -0.167743
v 0.127984 2.253152 -0.155949
v 0.142653 2.253152 -0.142653
v 0.155949 2.253152 -0.127984
v 0.167743 2.253152 -0.112082
v 0.177921 2.253152 -0.095101
v 0.186386 2.253152 -0.077203
v 0.193055 2.253152 -0.058563
v 0.197866 2.253152 -0.039358
v 0.200771 2.253152 -0.019774
v 0.201742 2.253152 0.000000
v 0.200771 2.253152 0.019774
v 0.197866 2.253152 0.039358
v 0.193055 2.253152 0.058563
v 0.186386 2.253152 0.077203
v 0.177921 2.253152 0.095101
v 0.167743 2.253152 0.112082
v 0.155949 2.253152 0.127984
v 0.142653 2.253152 0.142653
v 0.127984 2.253152 0.155949
v 0.112082 2.253152 0.167743
v 0.095101 2.253152 0.177921
v 0.077203 2.253152 0.186386
v 0.058563 2.253152 0.193055
v 0.039358 2.253152 0.197866
v 0.019774 2.253152 0.200771
v -0.000000 2.253152 0.201742
v -0.019774 2.253152 0.200771
v -0.039358 2.253152 0.197866
v -0.058563 2.253152 0.193055
v -0.077203 2.253152 0.186386
v -0.095101 2.253152 0.177921
v -0.112082 2.253152 0.167743
v -0.127984 2.253152 0.155949
v -0.142653 2.253152 0.142653
v -0.155949 2.253152 0.127984
v -0.167743 2.253152 0.112082
v -0.177921 2.253152 0.095101
v -0.186386 2.253152 0.077204
v -0.193055 2.253152 0.058563
v -0.197866 2.253152 0.039358
v -0.200771 2.253152 0.019774
v -0.201742 2.253152 -0.000000
v -0.200771 2.253152 -0.019774
v -0.197866 2.253152 -0.039358
v -0.193055 2.253152 -0.058563
v -0.186386 2.253152 -0.077204
v -0.177921 2.253152 -0.095101
v -0.167743 2.253152 -0.112082
v -0.155949 2.253152 -0.127984
v -0.142653 2.253152 -0.142653
v -0.127984 2.253152 -0.155949
v -0.112082 2.253152 -0.167743
v -0.095101 2.253152 -0.177921
v -0.077203 2.253152 -0.186386
v -0.058563 2.253152 -0.193055
v -0.039358 2.253152 -0.197866
v -0.019774 2.253152 -0.200771
v 0.013539 6.601809 -0.137476
v -0.000001 6.601809 -0.138142
v 0.026949 6.601809 -0.135487
v 0.040099 6.601809 -0.132193
v 0.052863 6.601809 -0.127626
v 0.065118 6.601809 -0.121830
v 0.076746 6.601809 -0.114861
v 0.087635 6.601809 -0.106785
v 0.097680 6.601809 -0.097681
v 0.106784 6.601809 -0.087636
v 0.114859 6.601809 -0.076747
v 0.121829 6.601809 -0.065119
v 0.127625 6.601809 -0.052864
v 0.132192 6.601809 -0.040100
v 0.135486 6.601809 -0.026950
v 0.137475 6.601809 -0.013540
v 0.138140 6.601809 0.000000
v 0.137475 6.601809 0.013540
v 0.135486 6.601809 0.026950
v 0.132192 6.601809 0.040100
v 0.127625 6.601809 0.052864
v 0.121829 6.601809 0.065119
v 0.114859 6.601809 0.076747
v 0.106784 6.601809 0.087636
v 0.097680 6.601809 0.097681
v 0.087635 6.601809 0.106785
v 0.076746 6.601809 0.114861
v 0.065118 6.601809 0.121830
v 0.052863 6.601809 0.127626
v 0.040099 6.601809 0.132193
v 0.026949 6.601809 0.135487
v 0.013539 6.601809 0.137476
v -0.000001 6.601809 0.138142
v -0.013541 6.601809 0.137476
v -0.026951 6.601809 0.135487
v -0.040102 6.601809 0.132193
v -0.052866 6.601809 0.127626
v -0.065121 6.601809 0.121830
v -0.076749 6.601809 0.114861
v -0.087637 6.601809 0.106785
v -0.097682 6.601809 0.097681
v -0.106786 6.601809 0.087636
v -0.114862 6.601809 0.076747
v -0.121831 6.601809 0.065119
v -0.127627 6.601809 0.052865
v -0.132194 6.601809 0.040100
v -0.135488 6.601809 0.026950
v -0.137478 6.601809 0.013540
v -0.138143 6.601809 -0.000000
v -0.137478 6.601809 -0.013540
v -0.135488 6.601809 -0.026950
v -0.132194 6.601809 -0.040100
v -0.127627 6.601809 -0.052865
v -0.121831 6.601809 -0.065119
v -0.114862 6.601809 -0.076747
v -0.106786 6.601809 -0.087636
v -0.097682 6.601809 -0.097681
v -0.087637 6.601809 -0.106785
v -0.076749 6.601809 -0.114861
v -0.065121 6.601809 -0.121830
v -0.052866 6.601809 -0.127626
v -0.040102 6.601809 -0.132193
v -0.026951 6.601809 -0.135487
v -0.013541 6.601809 -0.137476
v 0.044844 2.397947 0.147831
v 0.043862 3.267678 0.144596
v 0.042881 4.137409 0.141361
v 0.041899 5.007141 0.138125
v 0.028159 5.007141 0.141567
v 0.028819 4.137409 0.144883
v 0.029478 3.267678 0.148199
v 0.030138 2.397947 0.151515
v 0.044844 2.397947 -0.147831
v 0.043862 3.267678 -0.144596
v 0.042881 4.137409 -0.141361
v 0.041899 5.007141 -0.138125
v 0.055236 5.007141 -0.133353
v 0.056530 4.137409 -0.136477
v 0.057824 3.267678 -0.139600
v 0.059118 2.397947 -0.142724
v -0.109236 2.397947 -0.109236
v -0.106846 3.267678 -0.106845
v -0.104455 4.137409 -0.104455
v -0.102065 5.007141 -0.102064
v -0.091569 5.007141 -0.111577
v -0.093714 4.137409 -0.114190
v -0.095859 3.267678 -0.116804
v -0.098003 2.397947 -0.119417
v 0.014147 5.007141 0.143645
v 0.014479 4.137409 0.147010
v 0.014810 3.267678 0.150375
v 0.015142 2.397947 0.153739
v 0.068041 5.007141 -0.127297
v 0.069635 4.137409 -0.130279
v 0.071229 3.267678 -0.133260
v 0.072823 2.397947 -0.136242
v -0.080192 5.007141 -0.120015
v -0.082070 4.137409 -0.122826
v -0.083948 3.267678 -0.125637
v -0.085826 2.397947 -0.128448
v -0.000001 5.007141 0.144341
v -0.000001 4.137409 0.147721
v -0.000000 3.267678 0.151102
v -0.000000 2.397947 0.154483
v 0.080191 5.007141 -0.120015
v 0.082069 4.137409 -0.122826
v 0.083948 3.267678 -0.125637
v 0.085826 2.397947 -0.128448
v -0.068042 5.007141 -0.127297
v -0.069636 4.137409 -0.130279
v -0.071229 3.267678 -0.133260
v -0.072823 2.397947 -0.136242
v -0.014149 5.007141 0.143645
v -0.014480 4.137409 0.147010
v -0.014811 3.267678 0.150375
v -0.015142 2.397947 0.153739
v 0.091568 5.007141 -0.111577
v 0.093713 4.137409 -0.114190
v 0.095858 3.267678 -0.116804
v 0.098003 2.397947 -0.119417
v -0.055237 5.007141 -0.133353
v -0.056531 4.137409 -0.136477
v -0.057825 3.267678 -0.139600
v -0.059118 2.397947 -0.142724
v -0.028160 5.007141 0.141567
v -0.028820 4.137409 0.144883
v -0.029479 3.267678 0.148199
v -0.030138 2.397947 0.151515
v 0.102063 5.007141 -0.102064
v 0.104454 4.137409 -0.104455
v 0.106845 3.267678 -0.106845
v 0.109236 2.397947 -0.109236
v -0.041901 5.007141 -0.138125
v -0.042882 4.137409 -0.141361
v -0.043863 3.267678 -0.144596
v -0.044844 2.397947 -0.147831
v -0.041901 5.007141 0.138125
v -0.042882 4.137409 0.141361
v -0.043863 3.267678 0.144596
v -0.044844 2.397947 0.147831
v 0.111576 5.007141 -0.091569
v 0.114190 4.137409 -0.093713
v 0.116803 3.267678 -0.095858
v 0.119417 2.397947 -0.098003
v -0.028160 5.007141 -0.141567
v -0.028820 4.137409 -0.144883
v -0.029479 3.267678 -0.148199
v -0.030138 2.397947 -0.151515
v -0.055237 5.007141 0.133353
v -0.056531 4.137409 0.136477
v -0.057825 3.267678 0.139600
v -0.059118 2.397947 0.142724
v 0.120014 5.007141 -0.080191
v 0.122825 4.137409 -0.082070
v 0.125637 3.267678 -0.083948
v 0.128448 2.397947 -0.085826
v -0.014149 5.007141 -0.143645
v -0.014480 4.137409 -0.147010
v -0.014811 3.267678 -0.150375
v -0.015142 2.397947 -0.153739
v -0.068042 5.007141 0.127297
v -0.069636 4.137409 0.130279
v -0.071229 3.267678 0.133260
v -0.072823 2.397947 0.136242
v 0.127296 5.007141 -0.068042
v 0.130278 4.137409 -0.069635
v 0.133260 3.267678 -0.071229
v 0.136242 2.397947 -0.072823
v -0.000001 5.007141 -0.144341
v -0.000001 4.137409 -0.147721
v -0.000000 3.267678 -0.151102
v -0.000000 2.397947 -0.154483
v -0.080192 5.007141 0.120015
v -0.082070 4.137409 0.122826
v -0.083948 3.267678 0.125637
v -0.085826 2.397947 0.128448
v 0.133352 5.007141 -0.055237
v 0.136476 4.137409 -0.056531
v 0.139600 3.267678 -0.057824
v 0.142724 2.397947 -0.059118
v -0.091569 5.007141 0.111577
v -0.093714 4.137409 0.114190
v -0.095859 3.267678 0.116804
v -0.098003 2.397947 0.119417
v 0.138125 5.007141 -0.041900
v 0.141360 4.137409 -0.042881
v 0.144596 3.267678 -0.043863
v 0.147831 2.397947 -0.044844
v -0.102065 5.007141 0.102064
v -0.104455 4.137409 0.104455
v -0.106846 3.267678 0.106845
v -0.109236 2.397947 0.109236
v 0.141566 5.007141 -0.028159
v 0.144882 4.137409 -0.028819
v 0.148199 3.267678 -0.029479
v 0.151515 2.397947 -0.030138
v -0.111577 5.007141 0.091569
v -0.114191 4.137409 0.093713
v -0.116804 3.267678 0.095858
v -0.119417 2.397947 0.098003
v 0.143645 5.007141 -0.014148
v 0.147010 4.137409 -0.014479
v 0.150374 3.267678 -0.014811
v 0.153739 2.397947 -0.015142
v -0.120015 5.007141 0.080191
v -0.122826 4.137409 0.082070
v -0.125637 3.267678 0.083948
v -0.128448 2.397947 0.085826
v 0.144340 5.007141 0.000000
v 0.147721 4.137409 0.000000
v 0.151102 3.267678 0.000000
v 0.154483 2.397947 0.000000
v -0.127298 5.007141 0.068042
v -0.130279 4.137409 0.069635
v -0.133261 3.267678 0.071229
v -0.136242 2.397947 0.072823
v 0.143645 5.007141 0.014148
v 0.147010 4.137409 0.014479
v 0.150374 3.267678 0.014811
v 0.153739 2.397947 0.015142
v -0.133354 5.007141 0.055237
v -0.136477 4.137409 0.056531
v -0.139601 3.267678 0.057824
v -0.142724 2.397947 0.059118
v 0.141566 5.007141 0.028159
v 0.144882 4.137409 0.028819
v 0.148199 3.267678 0.029479
v 0.151515 2.397947 0.030138
v -0.138126 5.007141 0.041900
v -0.141361 4.137409 0.042881
v -0.144596 3.267678 0.043863
v -0.147831 2.397947 0.044844
v 0.138124 5.007141 0.041900
v 0.141360 4.137409 0.042881
v 0.144596 3.267678 0.043863
v 0.147831 2.397947 0.044844
v -0.141568 5.007141 0.028159
v -0.144883 4.137409 0.028819
v -0.148199 3.267678 0.029479
v -0.151515 2.397947 0.030138
v 0.133352 5.007141 0.055237
v 0.136476 4.137409 0.056531
v 0.139600 3.267678 0.057824
v 0.142724 2.397947 0.059118
v -0.143646 5.007141 0.014148
v -0.147011 4.137409 0.014479
v -0.150375 3.267678 0.014811
v -0.153739 2.397947 0.015142
v 0.127296 5.007141 0.068042
v 0.130278 4.137409 0.069635
v 0.133260 3.267678 0.071229
v 0.136242 2.397947 0.072823
v -0.144341 5.007141 -0.000000
v -0.147722 4.137409 -0.000000
v -0.151103 3.267678 -0.000000
v -0.154483 2.397947 -0.000000
v 0.120014 5.007141 0.080191
v 0.122825 4.137409 0.082070
v 0.125637 3.267678 0.083948
v 0.128448 2.397947 0.085826
v -0.143646 5.007141 -0.014148
v -0.147011 4.137409 -0.014479
v -0.150375 3.267678 -0.014811
v -0.153739 2.397947 -0.015142
v 0.111576 5.007141 0.091569
v 0.114190 4.137409 0.093713
v 0.116803 3.267678 0.095858
v 0.119417 2.397947 0.098003
v -0.141568 5.007141 -0.028159
v -0.144883 4.137409 -0.028819
v -0.148199 3.267678 -0.029479
v -0.151515 2.397947 -0.030138
v 0.102063 5.007141 0.102064
v 0.104454 4.137409 0.104455
v 0.106845 3.267678 0.106845
v 0.109236 2.397947 0.109236
v -0.138126 5.007141 -0.041900
v -0.141361 4.137409 -0.042881
v -0.144596 3.267678 -0.043863
v -0.147831 2.397947 -0.044844
v 0.091568 5.007141 0.111577
v 0.093713 4.137409 0.114190
v 0.095858 3.267678 0.116804
v 0.098003 2.397947 0.119417
v -0.133354 5.007141 -0.055237
v -0.136477 4.137409 -0.056531
v -0.139601 3.267678 -0.057824
v -0.142724 2.397947 -0.059118
v 0.080191 5.007141 0.120015
v 0.082069 4.137409 0.122826
v 0.083948 3.267678 0.125637
v 0.085826 2.397947 0.128448
v -0.127298 5.007141 -0.068042
v -0.130279 4.137409 -0.069635
v -0.133261 3.267678 -0.071229
v -0.136242 2.397947 -0.072823
v 0.068041 5.007141 0.127297
v 0.069635 4.137409 0.130279
v 0.071229 3.267678 0.133260
v 0.072823 2.397947 0.136242
v 0.014147 5.007141 -0.143645
v 0.014479 4.137409 -0.147010
v 0.014810 3.267678 -0.150375
v 0.015142 2.397947 -0.153739
v -0.120016 5.007141 -0.080191
v -0.122826 4.137409 -0.082070
v -0.125637 3.267678 -0.083948
v -0.128448 2.397947 -0.085826
v 0.055236 5.007141 0.133353
v 0.056530 4.137409 0.136477
v 0.057824 3.267678 0.139600
v 0.059118 2.397947 0.142724
v 0.028159 5.007141 -0.141567
v 0.028819 4.137409 -0.144883
v 0.029478 3.267678 -0.148199
v 0.030138 2.397947 -0.151515
v -0.111577 5.007141 -0.091569
v -0.114191 4.137409 -0.093713
v -0.116804 3.267678 -0.095858
v -0.119417 2.397947 -0.098003
v 0.051094 3.216514 0.168435
v 0.049950 4.188573 0.164666
v 0.033570 4.188573 0.168769
v 0.034338 3.216514 0.172632
v 0.051094 3.216514 -0.168435
v 0.049950 4.188573 -0.164666
v 0.065850 4.188573 -0.158977
v 0.067357 3.216514 -0.162615
v -0.124461 3.216514 -0.124460
v -0.121676 4.188573 -0.121676
v -0.109164 4.188573 -0.133016
v -0.111662 3.216514 -0.136060
v 0.016866 4.188573 0.171247
v 0.017252 3.216514 0.175166
v 0.081115 4.188573 -0.151757
v 0.082972 3.216514 -0.155230
v -0.095601 4.188573 -0.143076
v -0.097788 3.216514 -0.146350
v -0.000001 4.188573 0.172075
v -0.000000 3.216514 0.176014
v 0.095599 4.188573 -0.143075
v 0.097788 3.216514 -0.146350
v -0.081116 4.188573 -0.151757
v -0.082973 3.216514 -0.155230
v -0.016867 4.188573 0.171247
v -0.017253 3.216514 0.175166
v 0.109163 4.188573 -0.133016
v 0.111662 3.216514 -0.136060
v -0.065851 4.188573 -0.158977
v -0.067358 3.216514 -0.162615
v -0.033571 4.188573 0.168769
v -0.034339 3.216514 0.172632
v 0.121675 4.188573 -0.121676
v 0.124460 3.216514 -0.124461
v -0.049951 4.188573 -0.164666
v -0.051094 3.216514 -0.168435
v -0.049951 4.188573 0.164666
v -0.051094 3.216514 0.168435
v 0.133016 4.188573 -0.109164
v 0.136060 3.216514 -0.111662
v -0.033571 4.188573 -0.168769
v -0.034339 3.216514 -0.172632
v -0.065851 4.188573 0.158977
v -0.067358 3.216514 0.162615
v 0.143075 4.188573 -0.095600
v 0.146350 3.216514 -0.097788
v -0.016867 4.188573 -0.171247
v -0.017253 3.216514 -0.175166
v -0.081116 4.188573 0.151757
v -0.082973 3.216514 0.155230
v 0.151756 4.188573 -0.081116
v 0.155230 3.216514 -0.082972
v -0.000001 4.188573 -0.172075
v -0.000000 3.216514 -0.176014
v -0.095601 4.188573 0.143075
v -0.097788 3.216514 0.146350
v 0.158976 4.188573 -0.065850
v 0.162615 3.216514 -0.067358
v -0.109164 4.188573 0.133016
v -0.111662 3.216514 0.136060
v 0.164665 4.188573 -0.049951
v 0.168434 3.216514 -0.051094
v -0.121676 4.188573 0.121676
v -0.124461 3.216514 0.124461
v 0.168769 4.188573 -0.033570
v 0.172631 3.216514 -0.034339
v -0.133017 4.188573 0.109164
v -0.136061 3.216514 0.111662
v 0.171246 4.188573 -0.016866
v 0.175166 3.216514 -0.017252
v -0.143076 4.188573 0.095600
v -0.146350 3.216514 0.097788
v 0.172075 4.188573 0.000000
v 0.176013 3.216514 0.000000
v -0.151758 4.188573 0.081116
v -0.155231 3.216514 0.082972
v 0.171246 4.188573 0.016866
v 0.175166 3.216514 0.017252
v -0.158978 4.188573 0.065850
v -0.162616 3.216514 0.067358
v 0.168769 4.188573 0.033570
v 0.172631 3.216514 0.034339
v -0.164666 4.188573 0.049951
v -0.168435 3.216514 0.051094
v 0.164665 4.188573 0.049951
v 0.168434 3.216514 0.051094
v -0.168770 4.188573 0.033570
v -0.172632 3.216514 0.034339
v 0.158976 4.188573 0.065850
v 0.162615 3.216514 0.067358
v -0.171247 4.188573 0.016866
v -0.175166 3.216514 0.017252
v 0.151756 4.188573 0.081116
v 0.155230 3.216514 0.082972
v -0.172076 4.188573 -0.000000
v -0.176014 3.216514 -0.000000
v 0.143075 4.188573 0.095600
v 0.146350 3.216514 0.097788
v -0.171247 4.188573 -0.016866
v -0.175166 3.216514 -0.017252
v 0.133016 4.188573 0.109164
v 0.136060 3.216514 0.111662
v -0.168770 4.188573 -0.033570
v -0.172632 3.216514 -0.034339
v 0.121675 4.188573 0.121676
v 0.124460 3.216514 0.124460
v -0.164666 4.188573 -0.049951
v -0.168435 3.216514 -0.051094
v 0.109163 4.188573 0.133016
v 0.111662 3.216514 0.136060
v -0.158977 4.188573 -0.065850
v -0.162616 3.216514 -0.067358
v 0.095599 4.188573 0.143076
v 0.097788 3.216514 0.146350
v -0.151758 4.188573 -0.081116
v -0.155231 3.216514 -0.082972
v 0.081115 4.188573 0.151757
v 0.082972 3.216514 0.155230
v 0.016866 4.188573 -0.171247
v 0.017252 3.216514 -0.175166
v -0.143076 4.188573 -0.095600
v -0.146350 3.216514 -0.097788
v 0.065850 4.188573 0.158977
v 0.067357 3.216514 0.162615
v 0.033570 4.188573 -0.168769
v 0.034338 3.216514 -0.172632
v -0.133017 4.188573 -0.109164
v -0.136061 3.216514 -0.111662
vn 0.0490 0.0398 -0.9980
vn 0.1466 0.0398 -0.9884
vn 0.2428 0.0398 -0.9693
vn 0.3366 0.0398 -0.9408
vn 0.4272 0.0398 -0.9033
vn 0.5137 0.0398 -0.8570
vn 0.5952 0.0398 -0.8026
vn 0.6710 0.0398 -0.7404
vn 0.7404 0.0398 -0.6710
vn 0.8026 0.0398 -0.5952
vn 0.8570 0.0398 -0.5137
vn 0.9033 0.0398 -0.4272
vn 0.9408 0.0398 -0.3366
vn 0.9693 0.0398 -0.2428
vn 0.9884 0.0398 -0.1466
vn 0.9980 0.0398 -0.0490
vn 0.9980 0.0398 0.0490
vn 0.9884 0.0398 0.1466
vn 0.9693 0.0398 0.2428
vn 0.9408 0.0398 0.3366
vn 0.9033 0.0398 0.4272
vn 0.8570 0.0398 0.5137
vn 0.8026 0.0398 0.5952
vn 0.7404 0.0398 0.6710
vn 0.6710 0.0398 0.7404
vn 0.5952 0.0398 0.8026
vn 0.5137 0.0398 0.8570
vn 0.4272 0.0398 0.9033
vn 0.3366 0.0398 0.9408
vn 0.2428 0.0398 0.9693
vn 0.1466 0.0398 0.9884
vn 0.0490 0.0398 0.9980
vn -0.0490 0.0398 0.9980
vn -0.1466 0.0398 0.9884
vn -0.2428 0.0398 0.9693
vn -0.3366 0.0398 0.9408
vn -0.4272 0.0398 0.9033
vn -0.5137 0.0398 0.8570
vn -0.5952 0.0398 0.8026
vn -0.6710 0.0398 0.7404
vn -0.7404 0.0398 0.6710
vn -0.8026 0.0398 0.5952
vn -0.8570 0.0398 0.5137
vn -0.9033 0.0398 0.4272
vn -0.9408 0.0398 0.3366
vn -0.9693 0.0398 0.2428
vn -0.9884 0.0398 0.1466
vn -0.9980 0.0398 0.0490
vn -0.9980 0.0398 -0.0490
vn -0.9884 0.0398 -0.1466
vn -0.9693 0.0398 -0.2428
vn -0.9408 0.0398 -0.3366
vn -0.9033 0.0398 -0.4272
vn -0.8570 0.0398 -0.5137
vn -0.8026 0.0398 -0.5952
vn -0.7404 0.0398 -0.6710
vn -0.6710 0.0398 -0.7404
vn -0.5952 0.0398 -0.8026
vn -0.5137 0.0398 -0.8570
vn -0.4272 0.0398 -0.9033
vn -0.3366 0.0398 -0.9408
vn -0.2428 0.0398 -0.9693
vn 0.2430 0.0039 0.9700
vn -0.1466 0.0398 -0.9884
vn -0.0490 0.0398 -0.9980
vn -0.0000 -1.0000 -0.0000
vn -0.0000 1.0000 -0.0000
vn 0.3369 0.0039 -0.9415
vn -0.6716 0.0039 -0.7409
vn 0.1467 0.0039 0.9892
vn 0.4276 0.0039 -0.9040
vn -0.5957 0.0039 -0.8032
vn 0.0491 0.0039 0.9988
vn 0.5141 0.0039 -0.8577
vn -0.5141 0.0039 -0.8577
vn -0.0491 0.0039 0.9988
vn 0.5957 0.0039 -0.8032
vn -0.4276 0.0039 -0.9040
vn -0.1467 0.0039 0.9892
vn 0.6716 0.0039 -0.7409
vn -0.3369 0.0039 -0.9415
vn -0.2430 0.0039 0.9700
vn 0.7409 0.0039 -0.6716
vn -0.2430 0.0039 -0.9700
vn -0.3369 0.0039 0.9415
vn 0.8032 0.0039 -0.5957
vn -0.1467 0.0039 -0.9892
vn -0.4276 0.0039 0.9040
vn 0.8577 0.0039 -0.5141
vn -0.0491 0.0039 -0.9988
vn -0.5141 0.0039 0.8577
vn 0.9040 0.0039 -0.4276
vn -0.5957 0.0039 0.8032
vn 0.9415 0.0039 -0.3369
vn -0.6716 0.0039 0.7409
vn 0.9700 0.0039 -0.2430
vn -0.7409 0.0039 0.6716
vn 0.9892 0.0039 -0.1467
vn -0.8032 0.0039 0.5957
vn 0.9988 0.0039 -0.0491
vn -0.8577 0.0039 0.5141
vn 0.9988 0.0039 0.0491
vn -0.9040 0.0039 0.4276
vn 0.9892 0.0039 0.1467
vn -0.9415 0.0039 0.3369
vn 0.9700 0.0039 0.2430
vn -0.9700 0.0039 0.2430
vn 0.9415 0.0039 0.3369
vn -0.9892 0.0039 0.1467
vn 0.9040 0.0039 0.4276
vn -0.9988 0.0039 0.0491
vn 0.8577 0.0039 0.5141
vn -0.9988 0.0039 -0.0491
vn 0.8032 0.0039 0.5957
vn -0.9892 0.0039 -0.1467
vn 0.7409 0.0039 0.6716
vn -0.9700 0.0039 -0.2430
vn 0.6716 0.0039 0.7409
vn -0.9415 0.0039 -0.3369
vn 0.5957 0.0039 0.8032
vn -0.9040 0.0039 -0.4276
vn 0.5141 0.0039 0.8577
vn 0.0491 0.0039 -0.9988
vn -0.8577 0.0039 -0.5141
vn 0.4276 0.0039 0.9040
vn 0.1467 0.0039 -0.9892
vn -0.8032 0.0039 -0.5957
vn 0.3369 0.0039 0.9415
vn 0.2430 0.0039 -0.9700
vn -0.7409 0.0039 -0.6716
vn 0.5357 -0.4373 -0.7223
vn 0.8503 0.4294 0.3043
vn -0.8723 -0.4373 -0.2185
vn 0.8467 -0.4373 0.3030
vn -0.3043 0.4294 0.8503
vn 0.3043 0.4294 0.8503
vn -0.3030 -0.4373 0.8467
vn -0.8503 0.4294 0.3043
vn 0.3030 -0.4373 0.8467
vn 0.8761 0.4294 -0.2194
vn -0.8467 -0.4373 0.3030
vn -0.5380 0.4294 -0.7254
vn 0.8723 -0.4373 -0.2185
vn -0.5357 -0.4373 -0.7223
vn 0.6065 0.4294 0.6692
vn 0.2194 0.4294 -0.8761
vn 0.6039 -0.4373 0.6663
vn 0.6065 0.4294 -0.6692
vn 0.2185 -0.4373 -0.8723
vn -0.8503 0.4294 -0.3043
vn 0.6039 -0.4373 -0.6663
vn 0.8164 0.4294 0.3861
vn -0.8467 -0.4373 -0.3030
vn 0.8130 -0.4373 0.3845
vn -0.1325 0.4294 -0.8934
vn -0.6692 0.4294 0.6065
vn -0.1320 -0.4373 -0.8896
vn -0.8761 0.4294 0.2194
vn -0.6663 -0.4373 0.6039
vn 0.8934 0.4294 -0.1325
vn -0.8723 -0.4373 0.2185
vn -0.4643 0.4294 -0.7746
vn 0.8896 -0.4373 -0.1320
vn -0.4623 -0.4373 -0.7714
vn -0.3861 0.4294 0.8164
vn 0.2194 0.4294 0.8761
vn -0.3845 -0.4373 0.8130
vn 0.6692 0.4294 -0.6065
vn 0.2185 -0.4373 0.8723
vn -0.8164 0.4294 -0.3861
vn 0.6663 -0.4373 -0.6039
vn -0.0443 0.4294 0.9020
vn -0.8130 -0.4373 -0.3845
vn -0.0441 -0.4373 0.8982
vn 0.5380 0.4294 0.7254
vn 0.3043 0.4294 -0.8503
vn 0.5357 -0.4373 0.7223
vn -0.8934 0.4294 0.1325
vn 0.3030 -0.4373 -0.8467
vn 0.9020 0.4294 -0.0443
vn -0.8896 -0.4373 0.1320
vn 0.7746 0.4294 0.4643
vn 0.8982 -0.4373 -0.0441
vn 0.7714 -0.4373 0.4623
vn -0.0443 0.4294 -0.9020
vn -0.7254 0.4294 0.5380
vn -0.0441 -0.4373 -0.8982
vn 0.7254 0.4294 -0.5380
vn -0.7223 -0.4373 0.5357
vn -0.7746 0.4294 -0.4643
vn 0.7223 -0.4373 -0.5357
vn -0.3861 0.4294 -0.8164
vn -0.7714 -0.4373 -0.4623
vn -0.3845 -0.4373 -0.8130
vn -0.7409 0.0040 -0.6716
vn 0.2430 0.0040 -0.9700
vn 0.3369 0.0040 0.9415
vn -0.8032 0.0040 -0.5957
vn 0.1467 0.0040 -0.9892
vn 0.4276 0.0040 0.9040
vn -0.8577 0.0040 -0.5141
vn 0.0491 0.0040 -0.9988
vn 0.5141 0.0040 0.8577
vn -0.9040 0.0040 -0.4276
vn 0.5957 0.0040 0.8032
vn -0.9415 0.0040 -0.3369
vn 0.6716 0.0040 0.7409
vn -0.9700 0.0040 -0.2430
vn 0.7409 0.0040 0.6716
vn -0.9892 0.0040 -0.1467
vn 0.8032 0.0040 0.5957
vn -0.9988 0.0040 -0.0491
vn 0.8577 0.0040 0.5141
vn -0.9988 0.0040 0.0491
vn 0.9040 0.0040 0.4276
vn -0.9892 0.0040 0.1467
vn 0.9415 0.0040 0.3369
vn -0.9700 0.0040 0.2430
vn 0.9700 0.0040 0.2430
vn -0.9415 0.0040 0.3369
vn 0.9892 0.0040 0.1467
vn -0.9040 0.0040 0.4276
vn 0.9988 0.0040 0.0491
vn -0.8577 0.0040 0.5141
vn 0.9988 0.0040 -0.0491
vn -0.8032 0.0040 0.5957
vn 0.9892 0.0040 -0.1467
vn -0.7409 0.0040 0.6716
vn 0.9700 0.0040 -0.2430
vn -0.6716 0.0040 0.7409
vn 0.9415 0.0040 -0.3369
vn -0.5957 0.0040 0.8032
vn 0.9040 0.0040 -0.4276
vn -0.5141 0.0040 0.8577
vn -0.0491 0.0040 -0.9988
vn 0.8577 0.0040 -0.5141
vn -0.4276 0.0040 0.9040
vn -0.1467 0.0040 -0.9892
vn 0.8032 0.0040 -0.5957
vn -0.3369 0.0040 0.9415
vn -0.2430 0.0040 -0.9700
vn 0.7409 0.0040 -0.6716
vn -0.2430 0.0040 0.9700
vn -0.3369 0.0040 -0.9415
vn 0.6716 0.0040 -0.7409
vn -0.1467 0.0040 0.9892
vn -0.4276 0.0040 -0.9040
vn 0.5957 0.0040 -0.8032
vn -0.0491 0.0040 0.9988
vn -0.5141 0.0040 -0.8577
vn 0.5141 0.0040 -0.8577
vn 0.0491 0.0040 0.9988
vn -0.5957 0.0040 -0.8032
vn 0.4276 0.0040 -0.9040
vn 0.1467 0.0040 0.9892
vn -0.6716 0.0040 -0.7409
vn 0.3369 0.0040 -0.9415
vn 0.2430 0.0040 0.9700
vn -0.8761 0.4294 -0.2194
vn -0.6039 -0.4373 0.6663
vn 0.5380 0.4294 -0.7254
vn -0.2185 -0.4373 -0.8723
vn -0.6065 0.4294 0.6692
vn -0.2194 0.4294 -0.8761
vn -0.6039 -0.4373 -0.6663
vn 0.8467 -0.4373 -0.3030
vn -0.6065 0.4294 -0.6692
vn -0.8130 -0.4373 0.3845
vn 0.8503 0.4294 -0.3043
vn 0.1320 -0.4373 -0.8896
vn -0.8164 0.4294 0.3861
vn 0.1325 0.4294 -0.8934
vn 0.6663 -0.4373 0.6039
vn 0.8723 -0.4373 0.2185
vn 0.6692 0.4294 0.6065
vn -0.8896 -0.4373 -0.1320
vn 0.8761 0.4294 0.2194
vn 0.4623 -0.4373 -0.7714
vn -0.8934 0.4294 -0.1325
vn 0.3845 -0.4373 0.8130
vn 0.4643 0.4294 -0.7746
vn 0.3861 0.4294 0.8164
vn -0.2185 -0.4373 0.8723
vn -0.6663 -0.4373 -0.6039
vn -0.2194 0.4294 0.8761
vn 0.8130 -0.4373 -0.3845
vn -0.6692 0.4294 -0.6065
vn 0.0441 -0.4373 0.8982
vn 0.8164 0.4294 -0.3861
vn -0.5357 -0.4373 0.7223
vn 0.0443 0.4294 0.9020
vn -0.5380 0.4294 0.7254
vn -0.3030 -0.4373 -0.8467
vn 0.8896 -0.4373 0.1320
vn -0.3043 0.4294 -0.8503
vn -0.8982 -0.4373 -0.0441
vn 0.8934 0.4294 0.1325
vn -0.7714 -0.4373 0.4623
vn -0.9020 0.4294 -0.0443
vn 0.0441 -0.4373 -0.8982
vn -0.7746 0.4294 0.4643
vn 0.0443 0.4294 -0.9020
vn 0.7223 -0.4373 0.5357
vn -0.7223 -0.4373 -0.5357
vn 0.7254 0.4294 0.5380
vn 0.7714 -0.4373 -0.4623
vn -0.7254 0.4294 -0.5380
vn 0.3845 -0.4373 -0.8130
vn 0.7746 0.4294 -0.4643
vn 0.4623 -0.4373 0.7714
vn 0.3861 0.4294 -0.8164
vn 0.4643 0.4294 0.7746
vn -0.1320 -0.4373 0.8896
vn 0.8982 -0.4373 0.0441
vn -0.1325 0.4294 0.8934
vn -0.8982 -0.4373 0.0441
vn 0.9020 0.4294 0.0443
vn 0.1320 -0.4373 0.8896
vn -0.9020 0.4294 0.0443
vn -0.4623 -0.4373 0.7714
vn 0.1325 0.4294 0.8934
vn -0.4643 0.4294 0.7746
vt 1.000000 0.500000
vt 1.000000 1.000000
vt 0.984375 1.000000
vt 0.984375 0.500000
vt 0.968750 1.000000
vt 0.968750 0.500000
vt 0.953125 1.000000
vt 0.953125 0.500000
vt 0.937500 1.000000
vt 0.937500 0.500000
vt 0.921875 1.000000
vt 0.921875 0.500000
vt 0.906250 1.000000
vt 0.906250 0.500000
vt 0.890625 1.000000
vt 0.890625 0.500000
vt 0.875000 1.000000
vt 0.875000 0.500000
vt 0.859375 1.000000
vt 0.859375 0.500000
vt 0.843750 1.000000
vt 0.843750 0.500000
vt 0.828125 1.000000
vt 0.828125 0.500000
vt 0.812500 1.000000
vt 0.812500 0.500000
vt 0.796875 1.000000
vt 0.796875 0.500000
vt 0.781250 1.000000
vt 0.781250 0.500000
vt 0.765625 1.000000
vt 0.765625 0.500000
vt 0.750000 1.000000
vt 0.750000 0.500000
vt 0.734375 1.000000
vt 0.734375 0.500000
vt 0.718750 1.000000
vt 0.718750 0.500000
vt 0.703125 1.000000
vt 0.703125 0.500000
vt 0.687500 1.000000
vt 0.687500 0.500000
vt 0.671875 1.000000
vt 0.671875 0.500000
vt 0.656250 1.000000
vt 0.656250 0.500000
vt 0.640625 1.000000
vt 0.640625 0.500000
vt 0.625000 1.000000
vt 0.625000 0.500000
vt 0.609375 1.000000
vt 0.609375 0.500000
vt 0.593750 1.000000
vt 0.593750 0.500000
vt 0.578125 1.000000
vt 0.578125 0.500000
vt 0.562500 1.000000
vt 0.562500 0.500000
vt 0.546875 1.000000
vt 0.546875 0.500000
vt 0.531250 1.000000
vt 0.531250 0.500000
vt 0.515625 1.000000
vt 0.515625 0.500000
vt 0.500000 1.000000
vt 0.500000 0.500000
vt 0.484375 1.000000
vt 0.484375 0.500000
vt 0.468750 1.000000
vt 0.468750 0.500000
vt 0.453125 1.000000
vt 0.453125 0.500000
vt 0.437500 1.000000
vt 0.437500 0.500000
vt 0.421875 1.000000
vt 0.421875 0.500000
vt 0.406250 1.000000
vt 0.406250 0.500000
vt 0.390625 1.000000
vt 0.390625 0.500000
vt 0.375000 1.000000
vt 0.375000 0.500000
vt 0.359375 1.000000
vt 0.359375 0.500000
vt 0.343750 1.000000
vt 0.343750 0.500000
vt 0.328125 1.000000
vt 0.328125 0.500000
vt 0.312500 1.000000
vt 0.312500 0.500000
vt 0.296875 1.000000
vt 0.296875 0.500000
vt 0.281250 1.000000
vt 0.281250 0.500000
vt 0.265625 1.000000
vt 0.265625 0.500000
vt 0.250000 1.000000
vt 0.250000 0.500000
vt 0.234375 1.000000
vt 0.234375 0.500000
vt 0.218750 1.000000
vt 0.218750 0.500000
vt 0.203125 1.000000
vt 0.203125 0.500000
vt 0.187500 1.000000
vt 0.187500 0.500000
vt 0.171875 1.000000
vt 0.171875 0.500000
vt 0.156250 1.000000
vt 0.156250 0.500000
vt 0.140625 1.000000
vt 0.140625 0.500000
vt 0.125000 1.000000
vt 0.125000 0.500000
vt 0.109375 1.000000
vt 0.109375 0.500000
vt 0.093750 1.000000
vt 0.093750 0.500000
vt 0.078125 1.000000
vt 0.078125 0.500000
vt 0.062500 1.000000
vt 0.062500 0.500000
vt 0.046875 1.000000
vt 0.046875 0.500000
vt 0.031250 1.000000
vt 0.031250 0.500000
vt 0.285984 0.069096
vt 0.303543 0.073494
vt 0.303543 0.073494
vt 0.285984 0.069096
vt 0.015625 1.000000
vt 0.015625 0.500000
vt 0.000000 1.000000
vt 0.000000 0.500000
vt 0.750000 0.490000
vt 0.773524 0.488844
vt 0.796822 0.485388
vt 0.819668 0.479666
vt 0.841844 0.471731
vt 0.863135 0.461661
vt 0.883337 0.449553
vt 0.902254 0.435522
vt 0.919706 0.419706
vt 0.935522 0.402254
vt 0.949553 0.383337
vt 0.961661 0.363135
vt 0.971731 0.341844
vt 0.979666 0.319668
vt 0.985388 0.296822
vt 0.988844 0.273524
vt 0.990000 0.250000
vt 0.988844 0.226476
vt 0.985388 0.203178
vt 0.979666 0.180332
vt 0.971731 0.158156
vt 0.961661 0.136865
vt 0.949553 0.116663
vt 0.935522 0.097746
vt 0.919706 0.080294
vt 0.902254 0.064477
vt 0.883337 0.050447
vt 0.863135 0.038339
vt 0.841844 0.028269
vt 0.819668 0.020334
vt 0.796822 0.014612
vt 0.773524 0.011156
vt 0.750000 0.010000
vt 0.726476 0.011156
vt 0.703178 0.014612
vt 0.680332 0.020334
vt 0.658156 0.028269
vt 0.636865 0.038339
vt 0.616663 0.050447
vt 0.597746 0.064477
vt 0.580294 0.080294
vt 0.564478 0.097746
vt 0.550447 0.116663
vt 0.538339 0.136865
vt 0.528269 0.158156
vt 0.520334 0.180332
vt 0.514612 0.203178
vt 0.511156 0.226476
vt 0.510000 0.250000
vt 0.511156 0.273524
vt 0.514612 0.296822
vt 0.520334 0.319668
vt 0.528269 0.341844
vt 0.538339 0.363135
vt 0.550447 0.383337
vt 0.564478 0.402254
vt 0.580294 0.419706
vt 0.597746 0.435523
vt 0.616663 0.449553
vt 0.636865 0.461661
vt 0.658156 0.471731
vt 0.680332 0.479666
vt 0.703178 0.485388
vt 0.726476 0.488844
vt 0.250000 0.434448
vt 0.268079 0.433560
vt 0.273524 0.488844
vt 0.250000 0.490000
vt 0.285984 0.430904
vt 0.296822 0.485388
vt 0.303542 0.426506
vt 0.319668 0.479666
vt 0.320585 0.420408
vt 0.341844 0.471731
vt 0.336948 0.412669
vt 0.363135 0.461661
vt 0.352474 0.403363
vt 0.383337 0.449553
vt 0.367013 0.392580
vt 0.402254 0.435522
vt 0.380425 0.380425
vt 0.419706 0.419706
vt 0.392580 0.367013
vt 0.435522 0.402254
vt 0.403363 0.352474
vt 0.449553 0.383337
vt 0.412669 0.336948
vt 0.461661 0.363135
vt 0.420408 0.320585
vt 0.471731 0.341844
vt 0.426506 0.303543
vt 0.479666 0.319668
vt 0.430904 0.285984
vt 0.485388 0.296822
vt 0.433560 0.268079
vt 0.488844 0.273524
vt 0.434448 0.250000
vt 0.490000 0.250000
vt 0.433560 0.231921
vt 0.488844 0.226476
vt 0.430904 0.214016
vt 0.485388 0.203178
vt 0.426506 0.196457
vt 0.479666 0.180332
vt 0.420408 0.179415
vt 0.471731 0.158156
vt 0.412669 0.163052
vt 0.461661 0.136865
vt 0.403363 0.147526
vt 0.449553 0.116663
vt 0.392580 0.132987
vt 0.435522 0.097746
vt 0.380425 0.119575
vt 0.419706 0.080294
vt 0.367013 0.107420
vt 0.402254 0.064477
vt 0.352474 0.096637
vt 0.383337 0.050447
vt 0.336948 0.087331
vt 0.363135 0.038339
vt 0.320585 0.079592
vt 0.341844 0.028269
vt 0.319668 0.020334
vt 0.296822 0.014612
vt 0.268079 0.066440
vt 0.273524 0.011156
vt 0.250000 0.065552
vt 0.250000 0.010000
vt 0.231921 0.066440
vt 0.226476 0.011156
vt 0.214016 0.069096
vt 0.203178 0.014612
vt 0.196458 0.073494
vt 0.180332 0.020334
vt 0.179415 0.079592
vt 0.158156 0.028269
vt 0.163052 0.087331
vt 0.136865 0.038339
vt 0.147526 0.096637
vt 0.116663 0.050447
vt 0.132987 0.107419
vt 0.097746 0.064477
vt 0.119575 0.119575
vt 0.080294 0.080294
vt 0.107420 0.132987
vt 0.064478 0.097746
vt 0.096637 0.147526
vt 0.050447 0.116663
vt 0.087331 0.163052
vt 0.038339 0.136865
vt 0.079592 0.179415
vt 0.028269 0.158156
vt 0.073494 0.196457
vt 0.020334 0.180332
vt 0.069096 0.214016
vt 0.014612 0.203178
vt 0.066440 0.231921
vt 0.011156 0.226476
vt 0.065552 0.250000
vt 0.010000 0.250000
vt 0.066440 0.268079
vt 0.011156 0.273524
vt 0.069096 0.285984
vt 0.014612 0.296822
vt 0.073494 0.303542
vt 0.020334 0.319668
vt 0.079592 0.320585
vt 0.028269 0.341844
vt 0.087331 0.336948
vt 0.038339 0.363135
vt 0.096637 0.352474
vt 0.050447 0.383337
vt 0.107420 0.367013
vt 0.064478 0.402254
vt 0.119575 0.380425
vt 0.080294 0.419706
vt 0.132987 0.392581
vt 0.097746 0.435523
vt 0.147526 0.403363
vt 0.116663 0.449553
vt 0.163052 0.412669
vt 0.136865 0.461661
vt 0.179415 0.420408
vt 0.158156 0.471731
vt 0.196457 0.426506
vt 0.180332 0.479666
vt 0.214016 0.430904
vt 0.203178 0.485388
vt 0.231921 0.433560
vt 0.226476 0.488844
vt 0.132987 0.392581
vt 0.119575 0.380425
vt 0.268079 0.066440
vt 0.147526 0.403363
vt 0.250000 0.065552
vt 0.352474 0.403363
vt 0.231921 0.066440
vt 0.179415 0.420408
vt 0.214016 0.069096
vt 0.196457 0.426506
vt 0.214016 0.430904
vt 0.179415 0.079592
vt 0.403363 0.352474
vt 0.231921 0.433560
vt 0.163052 0.087331
vt 0.250000 0.434448
vt 0.147526 0.096637
vt 0.420408 0.320585
vt 0.132987 0.107419
vt 0.426506 0.303543
vt 0.107420 0.132987
vt 0.433560 0.268079
vt 0.433560 0.231921
vt 0.079592 0.179415
vt 0.426506 0.196457
vt 0.069096 0.214016
vt 0.420408 0.179415
vt 0.066440 0.231921
vt 0.412669 0.163052
vt 0.065552 0.250000
vt 0.069096 0.285984
vt 0.380425 0.119575
vt 0.367013 0.107420
vt 0.079592 0.320585
vt 0.352474 0.096637
vt 0.087331 0.336948
vt 0.336948 0.087331
vt 0.096637 0.352474
vt 0.320585 0.079592
vt 0.285984 0.430904
vt 0.107420 0.367013
vt 0.107420 0.367013
vt 0.119575 0.380425
vt 0.119575 0.380425
vt 0.132987 0.107419
vt 0.285984 0.430904
vt 0.303542 0.426506
vt 0.320585 0.079592
vt 0.303542 0.073494
vt 0.320585 0.079592
vt 0.303543 0.073494
vt 0.426506 0.196457
vt 0.430904 0.214016
vt 0.079592 0.320585
vt 0.336948 0.087331
vt 0.179415 0.420408
vt 0.196457 0.426506
vt 0.336948 0.087331
vt 0.087331 0.336948
vt 0.250000 0.434448
vt 0.250000 0.434448
vt 0.420408 0.320585
vt 0.426506 0.303543
vt 0.352474 0.096637
vt 0.073494 0.196457
vt 0.069096 0.214016
vt 0.367013 0.107420
vt 0.367013 0.107420
vt 0.426506 0.303543
vt 0.367013 0.107420
vt 0.073494 0.303542
vt 0.380425 0.119575
vt 0.380425 0.119575
vt 0.380425 0.119575
vt 0.069096 0.285984
vt 0.392581 0.132987
vt 0.392580 0.132987
vt 0.132987 0.392581
vt 0.066440 0.268079
vt 0.214016 0.069096
vt 0.119575 0.119575
vt 0.412669 0.163052
vt 0.412669 0.163052
vt 0.426506 0.196457
vt 0.420408 0.179415
vt 0.066440 0.231921
vt 0.420408 0.179415
vt 0.426506 0.196457
vt 0.073494 0.196457
vt 0.430904 0.214016
vt 0.285984 0.069096
vt 0.268079 0.066440
vt 0.430904 0.214016
vt 0.079592 0.179415
vt 0.079592 0.179415
vt 0.392580 0.367013
vt 0.079592 0.179415
vt 0.433560 0.231921
vt 0.285984 0.069096
vt 0.087331 0.163052
vt 0.430904 0.285984
vt 0.434448 0.250000
vt 0.096637 0.147526
vt 0.096637 0.147526
vt 0.107420 0.132987
vt 0.336948 0.412669
vt 0.132987 0.107419
vt 0.214016 0.430904
vt 0.420408 0.320585
vt 0.336948 0.412669
vt 0.412669 0.336948
vt 0.412669 0.336948
vt 0.163052 0.087331
vt 0.403363 0.352474
vt 0.403363 0.352474
vt 0.392580 0.367013
vt 0.147526 0.403363
vt 0.196457 0.073494
vt 0.214016 0.069096
vt 0.179415 0.420408
vt 0.367013 0.392580
vt 0.367013 0.392580
vt 0.367013 0.392580
vt 0.231921 0.066440
vt 0.163052 0.412669
vt 0.352474 0.403363
vt 0.352474 0.403363
vt 0.250000 0.065552
vt 0.132987 0.392581
vt 0.320585 0.420408
vt 0.285984 0.069096
vt 0.000000 0.000000
s 0
usemtl Material.001
f 49/51/11 178/52/11 177/53/11 51/54/11
f 51/54/12 177/53/12 179/55/12 53/56/12
f 53/56/13 179/55/13 180/57/13 55/58/13
f 55/58/14 180/57/14 181/59/14 57/60/14
f 57/60/15 181/59/15 182/61/15 59/62/15
f 59/62/16 182/61/16 183/63/16 61/64/16
f 61/64/17 183/63/17 184/65/17 63/66/17
f 63/66/18 184/65/18 185/67/18 65/68/18
f 65/68/19 185/67/19 186/69/19 67/70/19
f 67/70/20 186/69/20 187/71/20 69/72/20
f 69/72/21 187/71/21 188/73/21 71/74/21
f 71/74/22 188/73/22 189/75/22 73/76/22
f 73/76/23 189/75/23 190/77/23 75/78/23
f 75/78/24 190/77/24 191/79/24 77/80/24
f 77/80/25 191/79/25 192/81/25 79/82/25
f 79/82/26 192/81/26 193/83/26 81/84/26
f 81/84/27 193/83/27 194/85/27 83/86/27
f 83/86/28 194/85/28 195/87/28 85/88/28
f 85/88/29 195/87/29 196/89/29 87/90/29
f 87/90/30 196/89/30 197/91/30 89/92/30
f 89/92/31 197/91/31 198/93/31 91/94/31
f 91/94/32 198/93/32 199/95/32 93/96/32
f 93/96/33 199/95/33 200/97/33 95/98/33
f 95/98/34 200/97/34 201/99/34 97/100/34
f 97/100/35 201/99/35 202/101/35 99/102/35
f 99/102/36 202/101/36 203/103/36 101/104/36
f 101/104/37 203/103/37 204/105/37 103/106/37
f 103/106/38 204/105/38 205/107/38 105/108/38
f 105/108/39 205/107/39 206/109/39 107/110/39
f 107/110/40 206/109/40 207/111/40 109/112/40
f 109/112/41 207/111/41 208/113/41 111/114/41
f 111/114/42 208/113/42 209/115/42 113/116/42
f 113/116/43 209/115/43 210/117/43 115/118/43
f 115/118/44 210/117/44 211/119/44 117/120/44
f 117/120/45 211/119/45 212/121/45 119/122/45
f 119/122/46 212/121/46 213/123/46 121/124/46
f 121/124/47 213/123/47 214/125/47 123/126/47
f 123/126/48 214/125/48 215/127/48 125/128/48
f 125/128/49 215/127/49 216/129/49 127/130/49
f 127/130/50 216/129/50 217/131/50 129/132/50
f 129/132/51 217/131/51 218/133/51 131/134/51
f 131/134/52 218/133/52 219/135/52 133/136/52
f 133/136/53 219/135/53 220/137/53 135/138/53
f 135/138/54 220/137/54 221/139/54 137/140/54
f 137/140/55 221/139/55 222/141/55 139/142/55
f 139/142/56 222/141/56 223/143/56 141/144/56
f 141/144/57 223/143/57 224/145/57 143/146/57
f 143/146/58 224/145/58 225/147/58 145/148/58
f 145/148/59 225/147/59 226/149/59 147/150/59
f 147/150/60 226/149/60 227/151/60 149/152/60
f 149/152/61 227/151/61 228/153/61 151/154/61
f 151/154/62 228/153/62 229/155/62 153/156/62
f 153/156/63 229/155/63 230/157/63 155/158/63
f 155/158/64 230/157/64 231/159/64 157/160/64
f 157/160/65 231/159/65 232/161/65 159/162/65
f 159/162/66 232/161/66 233/163/66 161/164/66
f 161/164/67 233/163/67 234/165/67 163/166/67
f 163/166/68 234/165/68 235/167/68 165/168/68
f 165/168/69 235/167/69 236/169/69 167/170/69
f 167/170/70 236/169/70 237/171/70 169/172/70
f 169/172/71 237/171/71 238/173/71 171/174/71
f 171/174/72 238/173/72 239/175/72 173/176/72
f 309/177/73 308/178/73 270/179/73 271/180/73
f 173/176/74 239/175/74 240/181/74 175/182/74
f 175/182/75 240/181/75 178/183/75 49/184/75
f 49/185/76 51/186/76 53/187/76 55/188/76 57/189/76 59/190/76 61/191/76 63/192/76 65/193/76 67/194/76 69/195/76 71/196/76 73/197/76 75/198/76 77/199/76 79/200/76 81/201/76 83/202/76 85/203/76 87/204/76 89/205/76 91/206/76 93/207/76 95/208/76 97/209/76 99/210/76 101/211/76 103/212/76 105/213/76 107/214/76 109/215/76 111/216/76 113/217/76 115/218/76 117/219/76 119/220/76 121/221/76 123/222/76 125/223/76 127/224/76 129/225/76 131/226/76 133/227/76 135/228/76 137/229/76 139/230/76 141/231/76 143/232/76 145/233/76 147/234/76 149/235/76 151/236/76 153/237/76 155/238/76 157/239/76 159/240/76 161/241/76 163/242/76 165/243/76 167/244/76 169/245/76 171/246/76 173/247/76 175/248/76
f 50/249/77 52/250/77 177/251/77 178/252/77
f 52/250/77 54/253/77 179/254/77 177/251/77
f 54/253/77 56/255/77 180/256/77 179/254/77
f 56/255/77 58/257/77 181/258/77 180/256/77
f 58/257/77 60/259/77 182/260/77 181/258/77
f 60/259/77 62/261/77 183/262/77 182/260/77
f 62/261/77 64/263/77 184/264/77 183/262/77
f 64/263/77 66/265/77 185/266/77 184/264/77
f 66/265/77 68/267/77 186/268/77 185/266/77
f 68/267/77 70/269/77 187/270/77 186/268/77
f 70/269/77 72/271/77 188/272/77 187/270/77
f 72/271/77 74/273/77 189/274/77 188/272/77
f 74/273/77 76/275/77 190/276/77 189/274/77
f 76/275/77 78/277/77 191/278/77 190/276/77
f 78/277/77 80/279/77 192/280/77 191/278/77
f 80/279/77 82/281/77 193/282/77 192/280/77
f 82/281/77 84/283/77 194/284/77 193/282/77
f 84/283/77 86/285/77 195/286/77 194/284/77
f 86/285/77 88/287/77 196/288/77 195/286/77
f 88/287/77 90/289/77 197/290/77 196/288/77
f 90/289/77 92/291/77 198/292/77 197/290/77
f 92/291/77 94/293/77 199/294/77 198/292/77
f 94/293/77 96/295/77 200/296/77 199/294/77
f 96/295/77 98/297/77 201/298/77 200/296/77
f 98/297/77 100/299/77 202/300/77 201/298/77
f 100/299/77 102/301/77 203/302/77 202/300/77
f 102/301/77 104/303/77 204/304/77 203/302/77
f 104/303/77 106/305/77 205/306/77 204/304/77
f 106/305/77 108/179/77 206/307/77 205/306/77
f 108/179/77 110/180/77 207/308/77 206/307/77
f 110/180/77 112/309/77 208/310/77 207/308/77
f 112/309/77 114/311/77 209/312/77 208/310/77
f 114/311/77 116/313/77 210/314/77 209/312/77
f 116/313/77 118/315/77 211/316/77 210/314/77
f 118/315/77 120/317/77 212/318/77 211/316/77
f 120/317/77 122/319/77 213/320/77 212/318/77
f 122/319/77 124/321/77 214/322/77 213/320/77
f 124/321/77 126/323/77 215/324/77 214/322/77
f 126/323/77 128/325/77 216/326/77 215/324/77
f 128/325/77 130/327/77 217/328/77 216/326/77
f 130/327/77 132/329/77 218/330/77 217/328/77
f 132/329/77 134/331/77 219/332/77 218/330/77
f 134/331/77 136/333/77 220/334/77 219/332/77
f 136/333/77 138/335/77 221/336/77 220/334/77
f 138/335/77 140/337/77 222/338/77 221/336/77
f 140/337/77 142/339/77 223/340/77 222/338/77
f 142/339/77 144/341/77 224/342/77 223/340/77
f 144/341/77 146/343/77 225/344/77 224/342/77
f 146/343/77 148/345/77 226/346/77 225/344/77
f 148/345/77 150/347/77 227/348/77 226/346/77
f 150/347/77 152/349/77 228/350/77 227/348/77
f 152/349/77 154/351/77 229/352/77 228/350/77
f 154/351/77 156/353/77 230/354/77 229/352/77
f 156/353/77 158/355/77 231/356/77 230/354/77
f 158/355/77 160/357/77 232/358/77 231/356/77
f 160/357/77 162/359/77 233/360/77 232/358/77
f 162/359/77 164/361/77 234/362/77 233/360/77
f 164/361/77 166/363/77 235/364/77 234/362/77
f 166/363/77 168/365/77 236/366/77 235/364/77
f 168/365/77 170/367/77 237/368/77 236/366/77
f 170/367/77 172/369/77 238/370/77 237/368/77
f 172/369/77 174/371/77 239/372/77 238/370/77
f 174/371/77 176/373/77 240/374/77 239/372/77
f 176/373/77 50/249/77 178/252/77 240/374/77
f 241/250/77 242/249/77 304/373/77 303/371/77 302/369/77 301/367/77 300/365/77 299/363/77 298/361/77 297/359/77 296/357/77 295/355/77 294/353/77 293/351/77 292/349/77 291/347/77 290/345/77 289/343/77 288/341/77 287/339/77 286/337/77 285/335/77 284/333/77 283/331/77 282/329/77 281/327/77 280/325/77 279/323/77 278/321/77 277/319/77 276/317/77 275/315/77 274/313/77 273/311/77 272/309/77 271/180/77 270/179/77 269/305/77 268/303/77 267/301/77 266/299/77 265/297/77 264/295/77 263/293/77 262/291/77 261/289/77 260/287/77 259/285/77 258/283/77 257/281/77 256/279/77 255/277/77 254/275/77 253/273/77 252/271/77 251/269/77 250/267/77 249/265/77 248/263/77 247/261/77 246/259/77 245/257/77 244/255/77 243/253/77
f 317/257/78 316/255/78 244/255/78 245/257/78
f 325/375/79 324/376/79 297/359/79 298/361/79
f 329/377/80 309/177/80 271/180/80 272/309/80
f 333/259/81 317/257/81 245/257/81 246/259/81
f 337/378/82 325/375/82 298/361/82 299/363/82
f 341/379/83 329/377/83 272/309/83 273/311/83
f 345/380/84 333/259/84 246/259/84 247/261/84
f 349/365/85 337/378/85 299/363/85 300/365/85
f 353/381/86 341/379/86 273/311/86 274/313/86
f 357/263/87 345/380/87 247/261/87 248/263/87
f 361/382/88 349/365/88 300/365/88 301/367/88
f 365/383/89 353/381/89 274/313/89 275/315/89
f 369/265/90 357/263/90 248/263/90 249/265/90
f 373/384/91 361/382/91 301/367/91 302/369/91
f 377/317/92 365/383/92 275/315/92 276/317/92
f 381/267/93 369/265/93 249/265/93 250/267/93
f 385/385/94 373/384/94 302/369/94 303/371/94
f 389/386/95 377/317/95 276/317/95 277/319/95
f 393/387/96 381/267/96 250/267/96 251/269/96
f 397/388/97 385/385/97 303/371/97 304/373/97
f 401/389/98 389/386/98 277/319/98 278/321/98
f 405/271/99 393/387/99 251/269/99 252/271/99
f 409/390/100 397/388/100 304/373/100 242/249/100
f 413/391/101 401/389/101 278/321/101 279/323/101
f 417/392/102 405/271/102 252/271/102 253/273/102
f 421/393/103 413/391/103 279/323/103 280/325/103
f 425/394/104 417/392/104 253/273/104 254/275/104
f 429/327/105 421/393/105 280/325/105 281/327/105
f 433/277/106 425/394/106 254/275/106 255/277/106
f 437/395/107 429/327/107 281/327/107 282/329/107
f 441/396/108 433/277/108 255/277/108 256/279/108
f 445/331/109 437/395/109 282/329/109 283/331/109
f 449/281/110 441/396/110 256/279/110 257/281/110
f 453/333/111 445/331/111 283/331/111 284/333/111
f 457/397/112 449/281/112 257/281/112 258/283/112
f 461/398/113 453/333/113 284/333/113 285/335/113
f 465/285/114 457/397/114 258/283/114 259/285/114
f 469/337/115 461/398/115 285/335/115 286/337/115
f 473/399/116 465/285/116 259/285/116 260/287/116
f 477/400/117 469/337/117 286/337/117 287/339/117
f 481/401/118 473/399/118 260/287/118 261/289/118
f 485/402/119 477/400/119 287/339/119 288/341/119
f 489/403/120 481/401/120 261/289/120 262/291/120
f 493/404/121 485/402/121 288/341/121 289/343/121
f 497/293/122 489/403/122 262/291/122 263/293/122
f 501/345/123 493/404/123 289/343/123 290/345/123
f 505/295/124 497/293/124 263/293/124 264/295/124
f 509/405/125 501/345/125 290/345/125 291/347/125
f 513/406/126 505/295/126 264/295/126 265/297/126
f 517/349/127 509/405/127 291/347/127 292/349/127
f 521/407/128 513/406/128 265/297/128 266/299/128
f 525/408/129 517/349/129 292/349/129 293/351/129
f 529/409/130 521/407/130 266/299/130 267/301/130
f 533/410/131 525/408/131 293/351/131 294/353/131
f 537/411/132 529/409/132 267/301/132 268/303/132
f 541/250/133 409/390/133 242/249/133 241/250/133
f 545/412/134 533/410/134 294/353/134 295/355/134
f 549/413/135 537/411/135 268/303/135 269/305/135
f 553/414/136 541/250/136 241/250/136 243/253/136
f 557/415/137 545/412/137 295/355/137 296/357/137
f 308/178/138 549/413/138 269/305/138 270/179/138
f 316/255/139 553/414/139 243/253/139 244/255/139
f 324/376/140 557/415/140 296/357/140 297/359/140
f 162/359/140 160/357/140 560/416/140 321/417/140
f 321/417/140 560/416/140 559/415/140 322/418/140
f 423/419/141 415/323/141 616/323/141 620/419/141
f 323/417/140 558/415/140 557/415/140 324/376/140
f 56/255/139 54/253/139 556/420/139 313/421/139
f 313/421/139 556/420/139 555/414/139 314/255/139
f 518/349/142 526/408/142 671/408/142 667/349/142
f 315/421/139 554/414/139 553/414/139 316/255/139
f 108/179/138 106/305/138 552/422/138 305/423/138
f 305/423/138 552/422/138 551/424/138 306/425/138
f 475/426/143 467/427/143 642/427/143 646/426/143
f 307/178/138 550/422/138 549/413/138 308/178/138
f 160/357/137 158/355/137 548/355/137 560/416/137
f 560/416/137 548/355/137 547/412/137 559/415/137
f 527/428/144 519/349/144 668/349/144 672/428/144
f 558/415/137 546/355/137 545/412/137 557/415/137
f 54/253/136 52/250/136 544/250/136 556/420/136
f 556/420/136 544/250/136 543/250/136 555/414/136
f 315/421/145 318/257/145 567/257/145 566/421/145
f 554/414/136 542/250/136 541/250/136 553/414/136
f 106/305/135 104/303/135 540/411/135 552/422/135
f 552/422/135 540/411/135 539/429/135 551/424/135
f 362/430/146 374/431/146 595/431/146 589/430/146
f 550/422/135 538/432/135 537/411/135 549/413/135
f 158/355/134 156/353/134 536/353/134 548/355/134
f 548/355/134 536/353/134 535/433/134 547/412/134
f 319/257/147 314/255/147 565/255/147 568/257/147
f 546/355/134 534/433/134 533/410/134 545/412/134
f 52/250/133 50/249/133 412/434/133 544/250/133
f 544/250/133 412/434/133 411/435/133 543/250/133
f 418/436/148 426/437/148 621/437/148 617/436/148
f 542/250/133 410/434/133 409/390/133 541/250/133
f 104/303/132 102/301/132 532/438/132 540/411/132
f 540/411/132 532/438/132 531/409/132 539/429/132
f 375/369/149 363/430/149 590/430/149 596/369/149
f 538/432/132 530/409/132 529/409/132 537/411/132
f 156/353/131 154/351/131 528/351/131 536/353/131
f 536/353/131 528/351/131 527/428/131 535/433/131
f 470/439/150 478/440/150 647/440/150 643/439/150
f 534/433/131 526/408/131 525/408/131 533/410/131
f 102/301/130 100/299/130 524/441/130 532/438/130
f 532/438/130 524/441/130 523/442/130 531/409/130
f 427/443/151 419/392/151 618/392/151 622/443/151
f 530/409/130 522/444/130 521/407/130 529/409/130
f 154/351/129 152/349/129 520/445/129 528/351/129
f 528/351/129 520/445/129 519/349/129 527/428/129
f 522/444/152 530/409/152 673/409/152 669/444/152
f 526/408/129 518/349/129 517/349/129 525/408/129
f 100/299/128 98/297/128 516/446/128 524/441/128
f 524/441/128 516/446/128 515/447/128 523/442/128
f 479/440/153 471/337/153 644/337/153 648/440/153
f 522/444/128 514/448/128 513/406/128 521/407/128
f 152/349/127 150/347/127 512/405/127 520/445/127
f 520/445/127 512/405/127 511/449/127 519/349/127
f 531/409/154 523/442/154 670/442/154 674/409/154
f 518/349/127 510/405/127 509/405/127 517/349/127
f 98/297/126 96/295/126 508/450/126 516/446/126
f 516/446/126 508/450/126 507/451/126 515/447/126
f 323/417/155 326/452/155 571/452/155 570/417/155
f 514/448/126 506/295/126 505/295/126 513/406/126
f 150/347/125 148/345/125 504/453/125 512/405/125
f 512/405/125 504/453/125 503/453/125 511/449/125
f 366/454/156 378/317/156 597/317/156 591/454/156
f 510/405/125 502/453/125 501/345/125 509/405/125
f 96/295/124 94/293/124 500/293/124 508/450/124
f 508/450/124 500/293/124 499/293/124 507/451/124
f 327/452/157 322/418/157 569/418/157 572/452/157
f 506/295/124 498/293/124 497/293/124 505/295/124
f 148/345/123 146/343/123 496/343/123 504/453/123
f 504/453/123 496/343/123 495/343/123 503/453/123
f 422/419/158 430/455/158 623/455/158 619/419/158
f 502/453/123 494/343/123 493/404/123 501/345/123
f 94/293/122 92/291/122 492/456/122 500/293/122
f 500/293/122 492/456/122 491/291/122 499/293/122
f 379/317/159 367/383/159 592/383/159 598/317/159
f 498/293/122 490/457/122 489/403/122 497/293/122
f 146/343/121 144/341/121 488/402/121 496/343/121
f 496/343/121 488/402/121 487/402/121 495/343/121
f 474/458/160 482/459/160 649/459/160 645/458/160
f 494/343/121 486/460/121 485/402/121 493/404/121
f 92/291/120 90/289/120 484/289/120 492/456/120
f 492/456/120 484/289/120 483/461/120 491/291/120
f 431/327/161 423/419/161 620/419/161 624/327/161
f 490/457/120 482/459/120 481/401/120 489/403/120
f 144/341/119 142/339/119 480/440/119 488/402/119
f 488/402/119 480/440/119 479/440/119 487/402/119
f 526/408/162 534/433/162 675/433/162 671/408/162
f 486/460/119 478/440/119 477/400/119 485/402/119
f 90/289/118 88/287/118 476/462/118 484/289/118
f 484/289/118 476/462/118 475/426/118 483/461/118
f 483/461/163 475/426/163 646/426/163 650/461/163
f 482/459/118 474/458/118 473/399/118 481/401/118
f 142/339/117 140/337/117 472/463/117 480/440/117
f 480/440/117 472/463/117 471/337/117 479/440/117
f 535/433/164 527/428/164 672/428/164 676/433/164
f 478/440/117 470/439/117 469/337/117 477/400/117
f 88/287/116 86/285/116 468/464/116 476/462/116
f 476/462/116 468/464/116 467/427/116 475/426/116
f 310/465/165 330/466/165 573/466/165 563/465/165
f 474/458/116 466/467/116 465/285/116 473/399/116
f 140/337/115 138/335/115 464/468/115 472/463/115
f 472/463/115 464/468/115 463/469/115 471/337/115
f 370/265/166 382/470/166 599/470/166 593/265/166
f 470/439/115 462/471/115 461/398/115 469/337/115
f 86/285/114 84/283/114 460/472/114 468/464/114
f 468/464/114 460/472/114 459/472/114 467/427/114
f 331/466/167 311/473/167 564/473/167 574/466/167
f 466/467/114 458/472/114 457/397/114 465/285/114
f 138/335/113 136/333/113 456/333/113 464/468/113
f 464/468/113 456/333/113 455/474/113 463/469/113
f 426/437/168 434/475/168 625/475/168 621/437/168
f 462/471/113 454/474/113 453/333/113 461/398/113
f 84/283/112 82/281/112 452/476/112 460/472/112
f 460/472/112 452/476/112 451/281/112 459/472/112
f 383/267/169 371/265/169 594/265/169 600/267/169
f 458/472/112 450/281/112 449/281/112 457/397/112
f 136/333/111 134/331/111 448/477/111 456/333/111
f 456/333/111 448/477/111 447/478/111 455/474/111
f 478/440/170 486/460/170 651/460/170 647/440/170
f 454/474/111 446/477/111 445/331/111 453/333/111
f 82/281/110 80/279/110 444/396/110 452/476/110
f 452/476/110 444/396/110 443/396/110 451/281/110
f 435/475/171 427/443/171 622/443/171 626/475/171
f 450/281/110 442/396/110 441/396/110 449/281/110
f 134/331/109 132/329/109 440/479/109 448/477/109
f 448/477/109 440/479/109 439/329/109 447/478/109
f 530/409/172 538/432/172 677/432/172 673/409/172
f 446/477/109 438/479/109 437/395/109 445/331/109
f 80/279/108 78/277/108 436/277/108 444/396/108
f 444/396/108 436/277/108 435/475/108 443/396/108
f 487/402/173 479/440/173 648/440/173 652/402/173
f 442/396/108 434/475/108 433/277/108 441/396/108
f 132/329/107 130/327/107 432/327/107 440/479/107
f 440/479/107 432/327/107 431/327/107 439/329/107
f 539/429/174 531/409/174 674/409/174 678/429/174
f 438/479/107 430/455/107 429/327/107 437/395/107
f 78/277/106 76/275/106 428/275/106 436/277/106
f 436/277/106 428/275/106 427/443/106 435/475/106
f 318/257/175 334/480/175 575/480/175 567/257/175
f 434/475/106 426/437/106 425/394/106 433/277/106
f 130/327/105 128/325/105 424/481/105 432/327/105
f 432/327/105 424/481/105 423/419/105 431/327/105
f 374/431/176 386/482/176 601/482/176 595/431/176
f 430/455/105 422/419/105 421/393/105 429/327/105
f 76/275/104 74/273/104 420/483/104 428/275/104
f 428/275/104 420/483/104 419/392/104 427/443/104
f 335/484/177 319/257/177 568/257/177 576/484/177
f 426/437/104 418/436/104 417/392/104 425/394/104
f 128/325/103 126/323/103 416/323/103 424/481/103
f 424/481/103 416/323/103 415/323/103 423/419/103
f 430/455/178 438/479/178 627/479/178 623/455/178
f 422/419/103 414/323/103 413/391/103 421/393/103
f 74/273/102 72/271/102 408/485/102 420/483/102
f 420/483/102 408/485/102 407/485/102 419/392/102
f 387/482/179 375/369/179 596/369/179 602/482/179
f 418/436/102 406/486/102 405/271/102 417/392/102
f 126/323/101 124/321/101 404/321/101 416/323/101
f 416/323/101 404/321/101 403/321/101 415/323/101
f 482/459/180 490/457/180 653/457/180 649/459/180
f 414/323/101 402/487/101 401/389/101 413/391/101
f 50/249/100 176/373/100 400/373/100 412/434/100
f 412/434/100 400/373/100 399/373/100 411/435/100
f 439/329/181 431/327/181 624/327/181 628/329/181
f 410/434/100 398/373/100 397/388/100 409/390/100
f 72/271/99 70/269/99 396/488/99 408/485/99
f 408/485/99 396/488/99 395/387/99 407/485/99
f 410/434/182 542/250/182 679/250/182 613/434/182
f 406/486/99 394/489/99 393/387/99 405/271/99
f 124/321/98 122/319/98 392/319/98 404/321/98
f 404/321/98 392/319/98 391/386/98 403/321/98
f 491/291/183 483/461/183 650/461/183 654/291/183
f 402/487/98 390/386/98 389/386/98 401/389/98
f 176/373/97 174/371/97 388/385/97 400/373/97
f 400/373/97 388/385/97 387/482/97 399/373/97
f 543/250/184 411/435/184 614/435/184 680/250/184
f 398/373/97 386/482/97 385/385/97 397/388/97
f 70/269/96 68/267/96 384/490/96 396/488/96
f 396/488/96 384/490/96 383/267/96 395/387/96
f 326/452/185 338/491/185 577/491/185 571/452/185
f 394/489/96 382/470/96 381/267/96 393/387/96
f 122/319/95 120/317/95 380/492/95 392/319/95
f 392/319/95 380/492/95 379/317/95 391/386/95
f 378/317/186 390/386/186 603/386/186 597/317/186
f 390/386/95 378/317/95 377/317/95 389/386/95
f 174/371/94 172/369/94 376/369/94 388/385/94
f 388/385/94 376/369/94 375/369/94 387/482/94
f 339/363/187 327/452/187 572/452/187 578/363/187
f 386/482/94 374/431/94 373/384/94 385/385/94
f 68/267/93 66/265/93 372/265/93 384/490/93
f 384/490/93 372/265/93 371/265/93 383/267/93
f 434/475/188 442/396/188 629/396/188 625/475/188
f 382/470/93 370/265/93 369/265/93 381/267/93
f 120/317/92 118/315/92 368/493/92 380/492/92
f 380/492/92 368/493/92 367/383/92 379/317/92
f 391/386/189 379/317/189 598/317/189 604/386/189
f 378/317/92 366/454/92 365/383/92 377/317/92
f 172/369/91 170/367/91 364/494/91 376/369/91
f 376/369/91 364/494/91 363/430/91 375/369/91
f 486/460/190 494/343/190 655/343/190 651/460/190
f 374/431/91 362/430/91 361/382/91 373/384/91
f 66/265/90 64/263/90 360/495/90 372/265/90
f 372/265/90 360/495/90 359/496/90 371/265/90
f 443/396/191 435/475/191 626/475/191 630/396/191
f 370/265/90 358/497/90 357/263/90 369/265/90
f 118/315/89 116/313/89 356/498/89 368/493/89
f 368/493/89 356/498/89 355/313/89 367/383/89
f 534/433/192 546/355/192 681/355/192 675/433/192
f 366/454/89 354/313/89 353/381/89 365/383/89
f 170/367/88 168/365/88 352/499/88 364/494/88
f 364/494/88 352/499/88 351/365/88 363/430/88
f 495/343/193 487/402/193 652/402/193 656/343/193
f 362/430/88 350/499/88 349/365/88 361/382/88
f 64/263/87 62/261/87 348/261/87 360/495/87
f 360/495/87 348/261/87 347/500/87 359/496/87
f 547/412/194 535/433/194 676/433/194 682/412/194
f 358/497/87 346/501/87 345/380/87 357/263/87
f 116/313/86 114/311/86 344/379/86 356/498/86
f 356/498/86 344/379/86 343/502/86 355/313/86
f 330/466/195 342/379/195 579/379/195 573/466/195
f 354/313/86 342/379/86 341/379/86 353/381/86
f 168/365/85 166/363/85 340/363/85 352/499/85
f 352/499/85 340/363/85 339/363/85 351/365/85
f 382/470/196 394/489/196 605/489/196 599/470/196
f 350/499/85 338/491/85 337/378/85 349/365/85
f 62/261/84 60/259/84 336/259/84 348/261/84
f 348/261/84 336/259/84 335/484/84 347/500/84
f 343/502/197 331/466/197 574/466/197 580/502/197
f 346/501/84 334/480/84 333/259/84 345/380/84
f 114/311/83 112/309/83 332/309/83 344/379/83
f 344/379/83 332/309/83 331/466/83 343/502/83
f 438/479/198 446/477/198 631/477/198 627/479/198
f 342/379/83 330/466/83 329/377/83 341/379/83
f 166/363/82 164/361/82 328/503/82 340/363/82
f 340/363/82 328/503/82 327/452/82 339/363/82
f 395/387/199 383/267/199 600/267/199 606/387/199
f 338/491/82 326/452/82 325/375/82 337/378/82
f 60/259/81 58/257/81 320/504/81 336/259/81
f 336/259/81 320/504/81 319/257/81 335/484/81
f 490/457/200 498/293/200 657/293/200 653/457/200
f 334/480/81 318/257/81 317/257/81 333/259/81
f 112/309/80 110/180/80 312/505/80 332/309/80
f 332/309/80 312/505/80 311/473/80 331/466/80
f 447/478/201 439/329/201 628/329/201 632/478/201
f 330/466/80 310/465/80 309/177/80 329/377/80
f 164/361/79 162/359/79 321/417/79 328/503/79
f 328/503/79 321/417/79 322/418/79 327/452/79
f 538/432/202 550/422/202 683/422/202 677/432/202
f 326/452/79 323/417/79 324/376/79 325/375/79
f 58/257/78 56/255/78 313/421/78 320/504/78
f 320/504/78 313/421/78 314/255/78 319/257/78
f 499/293/203 491/291/203 654/291/203 658/293/203
f 318/257/78 315/421/78 316/255/78 317/257/78
f 110/180/73 108/179/73 305/423/73 312/505/73
f 312/505/73 305/423/73 306/425/73 311/473/73
f 551/424/204 539/429/204 678/429/204 684/424/204
f 310/465/73 307/178/73 308/178/73 309/177/73
f 569/418/205 688/415/205 687/415/205 570/417/205
f 565/255/206 686/414/206 685/414/206 566/421/206
f 561/425/207 684/424/207 683/422/207 562/178/207
f 688/415/208 682/412/208 681/355/208 687/415/208
f 686/414/209 680/250/209 679/250/209 685/414/209
f 684/424/210 678/429/210 677/432/210 683/422/210
f 682/412/211 676/433/211 675/433/211 681/355/211
f 680/250/212 614/435/212 613/434/212 679/250/212
f 678/429/213 674/409/213 673/409/213 677/432/213
f 676/433/214 672/428/214 671/408/214 675/433/214
f 674/409/215 670/442/215 669/444/215 673/409/215
f 672/428/216 668/349/216 667/349/216 671/408/216
f 670/442/217 666/447/217 665/448/217 669/444/217
f 668/349/218 664/449/218 663/405/218 667/349/218
f 666/447/219 662/451/219 661/295/219 665/448/219
f 664/449/220 660/453/220 659/453/220 663/405/220
f 662/451/221 658/293/221 657/293/221 661/295/221
f 660/453/222 656/343/222 655/343/222 659/453/222
f 658/293/223 654/291/223 653/457/223 657/293/223
f 656/343/224 652/402/224 651/460/224 655/343/224
f 654/291/225 650/461/225 649/459/225 653/457/225
f 652/402/226 648/440/226 647/440/226 651/460/226
f 650/461/227 646/426/227 645/458/227 649/459/227
f 648/440/228 644/337/228 643/439/228 647/440/228
f 646/426/229 642/427/229 641/467/229 645/458/229
f 644/337/230 640/469/230 639/471/230 643/439/230
f 642/427/231 638/472/231 637/472/231 641/467/231
f 640/469/232 636/474/232 635/474/232 639/471/232
f 638/472/233 634/281/233 633/281/233 637/472/233
f 636/474/234 632/478/234 631/477/234 635/474/234
f 634/281/235 630/396/235 629/396/235 633/281/235
f 632/478/236 628/329/236 627/479/236 631/477/236
f 630/396/237 626/475/237 625/475/237 629/396/237
f 628/329/238 624/327/238 623/455/238 627/479/238
f 626/475/239 622/443/239 621/437/239 625/475/239
f 624/327/240 620/419/240 619/419/240 623/455/240
f 622/443/241 618/392/241 617/436/241 621/437/241
f 620/419/242 616/323/242 615/323/242 619/419/242
f 618/392/243 612/485/243 611/486/243 617/436/243
f 616/323/244 610/321/244 609/487/244 615/323/244
f 614/435/245 608/373/245 607/373/245 613/434/245
f 612/485/246 606/387/246 605/489/246 611/486/246
f 610/321/247 604/386/247 603/386/247 609/487/247
f 608/373/248 602/482/248 601/482/248 607/373/248
f 606/387/249 600/267/249 599/470/249 605/489/249
f 604/386/250 598/317/250 597/317/250 603/386/250
f 602/482/251 596/369/251 595/431/251 601/482/251
f 600/267/252 594/265/252 593/265/252 599/470/252
f 598/317/253 592/383/253 591/454/253 597/317/253
f 596/369/254 590/430/254 589/430/254 595/431/254
f 594/265/255 588/496/255 587/497/255 593/265/255
f 592/383/256 586/313/256 585/313/256 591/454/256
f 590/430/257 584/365/257 583/499/257 589/430/257
f 588/496/258 582/500/258 581/501/258 587/497/258
f 586/313/259 580/502/259 579/379/259 585/313/259
f 584/365/260 578/363/260 577/491/260 583/499/260
f 582/500/261 576/484/261 575/480/261 581/501/261
f 580/502/262 574/466/262 573/466/262 579/379/262
f 578/363/263 572/452/263 571/452/263 577/491/263
f 576/484/264 568/257/264 567/257/264 575/480/264
f 574/466/265 564/473/265 563/465/265 573/466/265
f 572/452/266 569/418/266 570/417/266 571/452/266
f 568/257/267 565/255/267 566/421/267 567/257/267
f 564/473/268 561/425/268 562/178/268 563/465/268
f 466/467/269 474/458/269 645/458/269 641/467/269
f 371/265/270 359/496/270 588/496/270 594/265/270
f 414/323/271 422/419/271 619/419/271 615/323/271
f 311/473/272 306/425/272 561/425/272 564/473/272
f 358/497/273 370/265/273 593/265/273 587/497/273
f 307/178/274 310/465/274 563/465/274 562/178/274
f 523/442/275 515/447/275 666/447/275 670/442/275
f 471/337/276 463/469/276 640/469/276 644/337/276
f 514/448/277 522/444/277 669/444/277 665/448/277
f 419/392/278 407/485/278 612/485/278 618/392/278
f 462/471/279 470/439/279 643/439/279 639/471/279
f 367/383/280 355/313/280 586/313/280 592/383/280
f 406/486/281 418/436/281 617/436/281 611/486/281
f 354/313/282 366/454/282 591/454/282 585/313/282
f 322/418/283 559/415/283 688/415/283 569/418/283
f 519/349/284 511/449/284 664/449/284 668/349/284
f 558/415/285 323/417/285 570/417/285 687/415/285
f 467/427/286 459/472/286 638/472/286 642/427/286
f 510/405/287 518/349/287 667/349/287 663/405/287
f 415/323/288 403/321/288 610/321/288 616/323/288
f 458/472/289 466/467/289 641/467/289 637/472/289
f 363/430/290 351/365/290 584/365/290 590/430/290
f 402/487/291 414/323/291 615/323/291 609/487/291
f 350/499/292 362/430/292 589/430/292 583/499/292
f 314/255/293 555/414/293 686/414/293 565/255/293
f 515/447/294 507/451/294 662/451/294 666/447/294
f 554/414/295 315/421/295 566/421/295 685/414/295
f 463/469/296 455/474/296 636/474/296 640/469/296
f 506/295/297 514/448/297 665/448/297 661/295/297
f 411/435/298 399/373/298 608/373/298 614/435/298
f 454/474/299 462/471/299 639/471/299 635/474/299
f 359/496/300 347/500/300 582/500/300 588/496/300
f 398/373/301 410/434/301 613/434/301 607/373/301
f 346/501/302 358/497/302 587/497/302 581/501/302
f 306/425/303 551/424/303 684/424/303 561/425/303
f 511/449/304 503/453/304 660/453/304 664/449/304
f 550/422/305 307/178/305 562/178/305 683/422/305
f 459/472/306 451/281/306 634/281/306 638/472/306
f 502/453/307 510/405/307 663/405/307 659/453/307
f 407/485/308 395/387/308 606/387/308 612/485/308
f 450/281/309 458/472/309 637/472/309 633/281/309
f 355/313/310 343/502/310 580/502/310 586/313/310
f 394/489/311 406/486/311 611/486/311 605/489/311
f 342/379/312 354/313/312 585/313/312 579/379/312
f 559/415/313 547/412/313 682/412/313 688/415/313
f 507/451/314 499/293/314 658/293/314 662/451/314
f 546/355/315 558/415/315 687/415/315 681/355/315
f 455/474/316 447/478/316 632/478/316 636/474/316
f 498/293/317 506/295/317 661/295/317 657/293/317
f 403/321/318 391/386/318 604/386/318 610/321/318
f 446/477/319 454/474/319 635/474/319 631/477/319
f 351/365/320 339/363/320 578/363/320 584/365/320
f 390/386/321 402/487/321 609/487/321 603/386/321
f 338/491/322 350/499/322 583/499/322 577/491/322
f 555/414/323 543/250/323 680/250/323 686/414/323
f 503/453/324 495/343/324 656/343/324 660/453/324
f 542/250/325 554/414/325 685/414/325 679/250/325
f 451/281/326 443/396/326 630/396/326 634/281/326
f 494/343/327 502/453/327 659/453/327 655/343/327
f 399/373/328 387/482/328 602/482/328 608/373/328
f 442/396/329 450/281/329 633/281/329 629/396/329
f 347/500/330 335/484/330 576/484/330 582/500/330
f 386/482/331 398/373/331 607/373/331 601/482/331
f 334/480/332 346/501/332 581/501/332 575/480/332
f 681/506/76 687/506/76 570/506/76 571/506/76 577/506/76 583/506/76 589/506/76 595/506/76 601/506/76 607/506/76 613/506/76 679/506/76 685/506/76 566/506/76 567/506/76 575/506/76 581/506/76 587/506/76 593/506/76 599/506/76 605/506/76 611/506/76 617/506/76 621/506/76 625/506/76 629/506/76 633/506/76 637/506/76 641/506/76 645/506/76 649/506/76 653/506/76 657/506/76 661/506/76 665/506/76 669/506/76 673/506/76 677/506/76 683/506/76 562/506/76 563/506/76 573/506/76 579/506/76 585/506/76 591/506/76 597/506/76 603/506/76 609/506/76 615/506/76 619/506/76 623/506/76 627/506/76 631/506/76 635/506/76 639/506/76 643/506/76 647/506/76 651/506/76 655/506/76 659/506/76 663/506/76 667/506/76 671/506/76 675/506/76
f 688/506/77 682/506/77 676/506/77 672/506/77 668/506/77 664/506/77 660/506/77 656/506/77 652/506/77 648/506/77 644/506/77 640/506/77 636/506/77 632/506/77 628/506/77 624/506/77 620/506/77 616/506/77 610/506/77 604/506/77 598/506/77 592/506/77 586/506/77 580/506/77 574/506/77 564/506/77 561/506/77 684/506/77 678/506/77 674/506/77 670/506/77 666/506/77 662/506/77 658/506/77 654/506/77 650/506/77 646/506/77 642/506/77 638/506/77 634/506/77 630/506/77 626/506/77 622/506/77 618/506/77 612/506/77 606/506/77 600/506/77 594/506/77 588/506/77 582/506/77 576/506/77 568/506/77 565/506/77 686/506/77 680/506/77 614/506/77 608/506/77 602/506/77 596/506/77 590/506/77 584/506/77 578/506/77 572/506/77 569/506/77
o Cylinder.002
v 0.000000 6.639753 0.248042
v 0.000000 6.520549 0.213695
v 0.175392 6.639753 0.175392
v 0.151105 6.520549 0.151105
v 0.248042 6.639753 0.000000
v 0.213695 6.520549 -0.000000
v 0.175392 6.639753 -0.175392
v 0.151105 6.520549 -0.151105
v -0.000000 6.639753 -0.248042
v -0.000000 6.520549 -0.213695
v -0.175392 6.639753 -0.175392
v -0.151105 6.520549 -0.151105
v -0.248042 6.639753 0.000000
v -0.213695 6.520549 -0.000000
v -0.175392 6.639753 0.175392
v -0.151105 6.520549 0.151105
v 0.212916 6.520549 0.212916
v 0.000000 6.520549 0.301108
v 0.301109 6.520549 -0.000000
v 0.212916 6.520549 -0.212916
v -0.000000 6.520549 -0.301109
v -0.212916 6.520549 -0.212916
v -0.301109 6.520549 -0.000000
v -0.212916 6.520549 0.212916
v 0.151105 6.445184 0.151105
v 0.000000 6.445184 0.213695
v 0.213695 6.445184 -0.000000
v 0.151105 6.445184 -0.151105
v -0.000000 6.445184 -0.213695
v -0.151105 6.445184 -0.151105
v -0.213695 6.445184 -0.000000
v -0.151105 6.445184 0.151105
v 0.000000 6.639753 0.301109
v 0.212916 6.639753 0.212916
v 0.301109 6.639753 0.000000
v 0.212916 6.639753 -0.212916
v -0.000000 6.639753 -0.301109
v -0.212916 6.639753 -0.212916
v -0.301109 6.639753 0.000000
v -0.212916 6.639753 0.212916
v 0.000000 7.290716 0.305709
v 0.216169 7.290716 0.216169
v 0.305709 7.290716 0.000000
v 0.216169 7.290716 -0.216169
v -0.000000 7.290716 -0.305709
v -0.216169 7.290716 -0.216169
v -0.305709 7.290716 0.000000
v -0.216169 7.290716 0.216169
v 0.000000 7.325818 0.445571
v 0.315066 7.325818 0.315066
v 0.445571 7.325819 0.000000
v 0.315066 7.325819 -0.315066
v -0.000000 7.325819 -0.445571
v -0.315066 7.325819 -0.315066
v -0.445571 7.325819 0.000000
v -0.315066 7.325818 0.315066
v 0.000000 7.145117 0.443922
v 0.313900 7.145117 0.313900
v 0.443922 7.145117 0.000000
v 0.313900 7.145117 -0.313900
v -0.000000 7.145117 -0.443922
v -0.313900 7.145117 -0.313900
v -0.443922 7.145117 0.000000
v -0.313900 7.145117 0.313900
v 0.000000 7.145117 0.465702
v 0.329301 7.145117 0.329301
v 0.465702 7.145117 0.000000
v 0.329301 7.145117 -0.329301
v -0.000000 7.145117 -0.465701
v -0.329301 7.145117 -0.329301
v -0.465702 7.145117 0.000000
v -0.329301 7.145117 0.329301
v 0.000000 7.438856 0.305709
v 0.216169 7.438856 0.216169
v 0.305709 7.438856 0.000000
v 0.216169 7.438856 -0.216169
v -0.000000 7.438856 -0.305709
v -0.216169 7.438856 -0.216169
v -0.305709 7.438856 0.000000
v -0.216169 7.438856 0.216169
v 0.000000 7.522049 0.381994
v 0.270111 7.522050 0.270111
v 0.381994 7.522050 0.000000
v 0.270111 7.522050 -0.270111
v -0.000000 7.522050 -0.381994
v -0.270111 7.522050 -0.270111
v -0.381994 7.522050 0.000000
v -0.270111 7.522050 0.270111
v 0.000000 7.444251 0.413653
v 0.292497 7.444251 0.292497
v 0.413653 7.444251 0.000000
v 0.292497 7.444251 -0.292497
v -0.000000 7.444251 -0.413653
v -0.292497 7.444251 -0.292497
v -0.413653 7.444251 0.000000
v -0.292497 7.444251 0.292497
v 0.222715 6.639753 0.189259
v 0.232514 6.639753 0.165601
v 0.242313 6.639753 0.141944
v 0.252113 6.639753 0.118287
v 0.261912 6.639753 0.094629
v 0.271711 6.639753 0.070972
v 0.281510 6.639753 0.047315
v 0.291309 6.639753 0.023657
v 0.291309 6.520549 0.023657
v 0.281510 6.520549 0.047315
v 0.271711 6.520549 0.070972
v 0.261912 6.520549 0.094629
v 0.252113 6.520549 0.118287
v 0.242313 6.520549 0.141944
v 0.232514 6.520549 0.165601
v 0.222715 6.520549 0.189259
v 0.206741 6.520549 0.016789
v 0.199786 6.520549 0.033579
v 0.192832 6.520549 0.050368
v 0.185877 6.520549 0.067158
v 0.178923 6.520549 0.083947
v 0.171968 6.520549 0.100737
v 0.165014 6.520549 0.117526
v 0.158060 6.520549 0.134316
v 0.206741 6.445184 0.016789
v 0.199786 6.445184 0.033579
v 0.192832 6.445184 0.050368
v 0.185877 6.445184 0.067158
v 0.178923 6.445184 0.083947
v 0.171968 6.445184 0.100737
v 0.165014 6.445184 0.117526
v 0.158060 6.445184 0.134316
v 0.183464 6.639753 0.155904
v 0.191537 6.639753 0.136416
v 0.199609 6.639753 0.116928
v 0.207681 6.639753 0.097440
v 0.215753 6.639753 0.077952
v 0.223825 6.639753 0.058464
v 0.231898 6.639753 0.038976
v 0.239970 6.639753 0.019488
v 0.023657 6.639753 0.291309
v 0.047315 6.639753 0.281510
v 0.070972 6.639753 0.271711
v 0.094629 6.639753 0.261912
v 0.118287 6.639753 0.252113
v 0.141944 6.639753 0.242313
v 0.165601 6.639753 0.232514
v 0.189259 6.639753 0.222715
v 0.189259 6.520549 0.222715
v 0.165601 6.520549 0.232514
v 0.141944 6.520549 0.242313
v 0.118287 6.520549 0.252113
v 0.094629 6.520549 0.261912
v 0.070972 6.520549 0.271711
v 0.047315 6.520549 0.281510
v 0.023657 6.520549 0.291309
v 0.134316 6.520549 0.158060
v 0.117526 6.520549 0.165014
v 0.100737 6.520549 0.171968
v 0.083947 6.520549 0.178923
v 0.067158 6.520549 0.185877
v 0.050368 6.520549 0.192832
v 0.033579 6.520549 0.199786
v 0.016789 6.520549 0.206741
v 0.134316 6.445184 0.158060
v 0.117526 6.445184 0.165014
v 0.100737 6.445184 0.171968
v 0.083947 6.445184 0.178923
v 0.067158 6.445184 0.185877
v 0.050368 6.445184 0.192832
v 0.033579 6.445184 0.199786
v 0.016789 6.445184 0.206741
v 0.019488 6.639753 0.239970
v 0.038976 6.639753 0.231898
v 0.058464 6.639753 0.223825
v 0.077952 6.639753 0.215753
v 0.097440 6.639753 0.207681
v 0.116928 6.639753 0.199609
v 0.136416 6.639753 0.191537
v 0.155904 6.639753 0.183464
v -0.189259 6.639753 0.222715
v -0.165601 6.639753 0.232514
v -0.141944 6.639753 0.242313
v -0.118287 6.639753 0.252113
v -0.094629 6.639753 0.261912
v -0.070972 6.639753 0.271711
v -0.047315 6.639753 0.281510
v -0.023657 6.639753 0.291309
v -0.023657 6.520549 0.291309
v -0.047315 6.520549 0.281510
v -0.070972 6.520549 0.271711
v -0.094629 6.520549 0.261912
v -0.118287 6.520549 0.252113
v -0.141944 6.520549 0.242313
v -0.165601 6.520549 0.232514
v -0.189259 6.520549 0.222715
v -0.016789 6.520549 0.206741
v -0.033579 6.520549 0.199786
v -0.050368 6.520549 0.192832
v -0.067158 6.520549 0.185877
v -0.083947 6.520549 0.178923
v -0.100737 6.520549 0.171968
v -0.117526 6.520549 0.165014
v -0.134316 6.520549 0.158060
v -0.016789 6.445184 0.206741
v -0.033579 6.445184 0.199786
v -0.050368 6.445184 0.192832
v -0.067158 6.445184 0.185877
v -0.083947 6.445184 0.178923
v -0.100737 6.445184 0.171968
v -0.117526 6.445184 0.165014
v -0.134316 6.445184 0.158060
v -0.155904 6.639753 0.183464
v -0.136416 6.639753 0.191537
v -0.116928 6.639753 0.199609
v -0.097440 6.639753 0.207681
v -0.077952 6.639753 0.215753
v -0.058464 6.639753 0.223825
v -0.038976 6.639753 0.231898
v -0.019488 6.639753 0.239970
v -0.291309 6.639753 0.023657
v -0.281510 6.639753 0.047315
v -0.271711 6.639753 0.070972
v -0.261912 6.639753 0.094629
v -0.252113 6.639753 0.118287
v -0.242313 6.639753 0.141944
v -0.232514 6.639753 0.165601
v -0.222715 6.639753 0.189259
v -0.222715 6.520549 0.189258
v -0.232514 6.520549 0.165601
v -0.242313 6.520549 0.141944
v -0.252113 6.520549 0.118287
v -0.261912 6.520549 0.094629
v -0.271711 6.520549 0.070972
v -0.281510 6.520549 0.047315
v -0.291309 6.520549 0.023657
v -0.158060 6.520549 0.134316
v -0.165014 6.520549 0.117526
v -0.171969 6.520549 0.100737
v -0.178923 6.520549 0.083947
v -0.185877 6.520549 0.067158
v -0.192832 6.520549 0.050368
v -0.199786 6.520549 0.033579
v -0.206741 6.520549 0.016789
v -0.158060 6.445184 0.134316
v -0.165014 6.445184 0.117526
v -0.171969 6.445184 0.100737
v -0.178923 6.445184 0.083947
v -0.185877 6.445184 0.067158
v -0.192832 6.445184 0.050368
v -0.199786 6.445184 0.033579
v -0.206741 6.445184 0.016789
v -0.239970 6.639753 0.019488
v -0.231898 6.639753 0.038976
v -0.223825 6.639753 0.058464
v -0.215753 6.639753 0.077952
v -0.207681 6.639753 0.097440
v -0.199609 6.639753 0.116928
v -0.191537 6.639753 0.136416
v -0.183464 6.639753 0.155904
v -0.223234 6.639753 -0.188006
v -0.233033 6.639753 -0.164349
v -0.242832 6.639753 -0.140691
v -0.252631 6.639753 -0.117034
v -0.262431 6.639753 -0.093377
v -0.272230 6.639753 -0.069720
v -0.282029 6.639753 -0.046062
v -0.291828 6.639753 -0.022405
v -0.291828 6.520549 -0.022405
v -0.282029 6.520549 -0.046062
v -0.272230 6.520549 -0.069720
v -0.262431 6.520549 -0.093377
v -0.252631 6.520549 -0.117034
v -0.242832 6.520549 -0.140692
v -0.233033 6.520549 -0.164349
v -0.223234 6.520549 -0.188006
v -0.207109 6.520549 -0.015901
v -0.200154 6.520549 -0.032690
v -0.193200 6.520549 -0.049480
v -0.186246 6.520549 -0.066269
v -0.179291 6.520549 -0.083059
v -0.172337 6.520549 -0.099848
v -0.165382 6.520549 -0.116637
v -0.158428 6.520549 -0.133427
v -0.207109 6.445184 -0.015901
v -0.200154 6.445184 -0.032690
v -0.193200 6.445184 -0.049480
v -0.186246 6.445184 -0.066269
v -0.179291 6.445184 -0.083059
v -0.172337 6.445184 -0.099848
v -0.165382 6.445184 -0.116637
v -0.158428 6.445184 -0.133427
v -0.183892 6.639753 -0.154872
v -0.191964 6.639753 -0.135384
v -0.200036 6.639753 -0.115896
v -0.208108 6.639753 -0.096408
v -0.216181 6.639753 -0.076920
v -0.224253 6.639753 -0.057432
v -0.232325 6.639753 -0.037944
v -0.240397 6.639753 -0.018456
v -0.023657 6.639753 -0.291309
v -0.047315 6.639753 -0.281510
v -0.070972 6.639753 -0.271711
v -0.094629 6.639753 -0.261912
v -0.118287 6.639753 -0.252113
v -0.141944 6.639753 -0.242313
v -0.165601 6.639753 -0.232514
v -0.189259 6.639753 -0.222715
v -0.189259 6.520549 -0.222715
v -0.165601 6.520549 -0.232514
v -0.141944 6.520549 -0.242313
v -0.118287 6.520549 -0.252113
v -0.094629 6.520549 -0.261912
v -0.070972 6.520549 -0.271711
v -0.047315 6.520549 -0.281510
v -0.023657 6.520549 -0.291309
v -0.134316 6.520549 -0.158060
v -0.117526 6.520549 -0.165014
v -0.100737 6.520549 -0.171969
v -0.083947 6.520549 -0.178923
v -0.067158 6.520549 -0.185877
v -0.050368 6.520549 -0.192832
v -0.033579 6.520549 -0.199786
v -0.016789 6.520549 -0.206741
v -0.134316 6.445184 -0.158060
v -0.117526 6.445184 -0.165014
v -0.100737 6.445184 -0.171969
v -0.083947 6.445184 -0.178923
v -0.067158 6.445184 -0.185877
v -0.050368 6.445184 -0.192832
v -0.033579 6.445184 -0.199786
v -0.016789 6.445184 -0.206741
v -0.019488 6.639753 -0.239970
v -0.038976 6.639753 -0.231898
v -0.058464 6.639753 -0.223825
v -0.077952 6.639753 -0.215753
v -0.097440 6.639753 -0.207681
v -0.116928 6.639753 -0.199609
v -0.136416 6.639753 -0.191537
v -0.155904 6.639753 -0.183464
v 0.189259 6.639753 -0.222715
v 0.165601 6.639753 -0.232514
v 0.141944 6.639753 -0.242313
v 0.118287 6.639753 -0.252113
v 0.094629 6.639753 -0.261912
v 0.070972 6.639753 -0.271711
v 0.047315 6.639753 -0.281510
v 0.023657 6.639753 -0.291309
v 0.023657 6.520549 -0.291309
v 0.047315 6.520549 -0.281510
v 0.070972 6.520549 -0.271711
v 0.094629 6.520549 -0.261912
v 0.118287 6.520549 -0.252113
v 0.141944 6.520549 -0.242313
v 0.165601 6.520549 -0.232514
v 0.189259 6.520549 -0.222715
v 0.016789 6.520549 -0.206741
v 0.033579 6.520549 -0.199786
v 0.050368 6.520549 -0.192832
v 0.067158 6.520549 -0.185877
v 0.083947 6.520549 -0.178923
v 0.100737 6.520549 -0.171968
v 0.117526 6.520549 -0.165014
v 0.134316 6.520549 -0.158060
v 0.016789 6.445184 -0.206741
v 0.033579 6.445184 -0.199786
v 0.050368 6.445184 -0.192832
v 0.067158 6.445184 -0.185877
v 0.083947 6.445184 -0.178923
v 0.100737 6.445184 -0.171969
v 0.117526 6.445184 -0.165014
v 0.134316 6.445184 -0.158060
v 0.155904 6.639753 -0.183464
v 0.136416 6.639753 -0.191537
v 0.116928 6.639753 -0.199609
v 0.097440 6.639753 -0.207681
v 0.077952 6.639753 -0.215753
v 0.058464 6.639753 -0.223825
v 0.038976 6.639753 -0.231898
v 0.019488 6.639753 -0.239970
v 0.291309 6.639753 -0.023657
v 0.281510 6.639753 -0.047315
v 0.271711 6.639753 -0.070972
v 0.261912 6.639753 -0.094629
v 0.252113 6.639753 -0.118287
v 0.242313 6.639753 -0.141944
v 0.232514 6.639753 -0.165601
v 0.222715 6.639753 -0.189259
v 0.222715 6.520549 -0.189259
v 0.232514 6.520549 -0.165601
v 0.242313 6.520549 -0.141944
v 0.252113 6.520549 -0.118287
v 0.261912 6.520549 -0.094629
v 0.271711 6.520549 -0.070972
v 0.281510 6.520549 -0.047315
v 0.291309 6.520549 -0.023657
v 0.158060 6.520549 -0.134316
v 0.165014 6.520549 -0.117526
v 0.171968 6.520549 -0.100737
v 0.178923 6.520549 -0.083947
v 0.185877 6.520549 -0.067158
v 0.192832 6.520549 -0.050368
v 0.199786 6.520549 -0.033579
v 0.206741 6.520549 -0.016789
v 0.158060 6.445184 -0.134316
v 0.165014 6.445184 -0.117526
v 0.171968 6.445184 -0.100737
v 0.178923 6.445184 -0.083947
v 0.185877 6.445184 -0.067158
v 0.192832 6.445184 -0.050368
v 0.199786 6.445184 -0.033579
v 0.206741 6.445184 -0.016790
v 0.239970 6.639753 -0.019488
v 0.231898 6.639753 -0.038976
v 0.223825 6.639753 -0.058464
v 0.215753 6.639753 -0.077952
v 0.207681 6.639753 -0.097440
v 0.199609 6.639753 -0.116928
v 0.191537 6.639753 -0.136416
v 0.183464 6.639753 -0.155904
v 0.220268 7.266519 0.259183
v 0.247801 7.266519 0.247779
v 0.339036 7.266519 0.027517
v 0.350440 7.266519 -0.000015
v 0.259205 7.266519 -0.220277
v 0.247801 7.266519 -0.247810
v 0.027539 7.266519 -0.339045
v 0.000006 7.266519 -0.350449
v -0.220255 7.266519 -0.259214
v -0.247788 7.266519 -0.247810
v -0.339627 7.266519 -0.026090
v -0.350427 7.266519 -0.000015
v -0.259192 7.266519 0.220246
v -0.247788 7.266519 0.247779
v -0.027526 7.266519 0.339014
v 0.000006 7.266519 0.350418
v 0.181450 7.266519 0.213503
v 0.204130 7.266519 0.204108
v 0.279286 7.266519 0.022665
v 0.288681 7.266519 -0.000015
v 0.213525 7.266519 -0.181459
v 0.204130 7.266519 -0.204139
v 0.022687 7.266519 -0.279295
v 0.000006 7.266519 -0.288690
v -0.181437 7.266519 -0.213534
v -0.204117 7.266519 -0.204139
v -0.279771 7.266519 -0.021495
v -0.288668 7.266519 -0.000015
v -0.213512 7.266519 0.181428
v -0.204117 7.266519 0.204108
v -0.022674 7.266519 0.279264
v 0.000006 7.266519 0.288659
v 0.259205 7.266519 0.220246
v 0.213525 7.266519 0.181428
v 0.027539 7.266519 0.339014
v 0.022687 7.266519 0.279264
v -0.220255 7.266519 0.259183
v -0.181437 7.266519 0.213503
v -0.339023 7.266519 0.027517
v -0.279273 7.266519 0.022665
v -0.259796 7.266519 -0.218819
v -0.214009 7.266519 -0.180258
v -0.027526 7.266519 -0.339045
v -0.022674 7.266519 -0.279295
v 0.220268 7.266519 -0.259214
v 0.181450 7.266519 -0.213534
v 0.339036 7.266519 -0.027548
v 0.279286 7.266519 -0.022696
v 0.000000 7.206577 0.294558
v 0.208284 7.206577 0.208284
v 0.294558 7.206577 -0.000000
v 0.208284 7.206577 -0.208284
v -0.000000 7.206577 -0.294558
v -0.208284 7.206577 -0.208284
v -0.294558 7.206577 0.000000
v -0.208284 7.206577 0.208284
v 0.000000 7.240399 0.429319
v 0.303574 7.240399 0.303574
v 0.429319 7.240399 -0.000000
v 0.303574 7.240399 -0.303574
v -0.000000 7.240399 -0.429319
v -0.303574 7.240399 -0.303574
v -0.429319 7.240399 0.000000
v -0.303574 7.240399 0.303574
v 0.000000 7.311779 0.299103
v 0.211498 7.311779 0.211498
v 0.299103 7.311779 0.000000
v 0.211498 7.311779 -0.211498
v -0.000000 7.311779 -0.299103
v -0.211498 7.311779 -0.211498
v -0.299103 7.311779 0.000000
v -0.211498 7.311779 0.211498
v -0.203784 7.254439 -0.203784
v -0.000000 7.254439 -0.288194
v 0.203784 7.254439 -0.203784
v 0.288194 7.254439 -0.000000
v 0.000000 7.254439 0.288194
v 0.203784 7.254439 0.203784
v -0.288194 7.254439 0.000000
v -0.203784 7.254439 0.203784
v 0.000000 7.479035 0.010414
v 0.007364 7.479035 0.007364
v 0.010414 7.479035 0.000000
v 0.007364 7.479035 -0.007364
v 0.000000 7.479035 -0.010414
v -0.007364 7.479035 -0.007364
v -0.010414 7.479035 0.000000
v -0.007364 7.479035 0.007364
v 0.000000 7.579838 0.119186
v 0.084277 7.579838 0.084277
v 0.119185 7.579838 0.000000
v 0.084277 7.579838 -0.084277
v 0.000000 7.579838 -0.119186
v -0.084277 7.579838 -0.084277
v -0.119186 7.579838 0.000000
v -0.084277 7.579838 0.084277
vn 0.3827 -0.0000 0.9239
vn 0.9239 -0.0000 0.3827
vn 0.9239 -0.0000 -0.3827
vn 0.3827 -0.0000 -0.9239
vn -0.3827 -0.0000 -0.9239
vn -0.9239 -0.0000 -0.3827
vn -0.9239 -0.0000 0.3827
vn -0.3827 -0.0000 0.9239
vn 0.9208 -0.0816 -0.3814
vn -0.0000 -1.0000 -0.0000
vn -0.9967 -0.0000 -0.0809
vn -0.9214 -0.0725 0.3817
vn -0.3820 0.0598 0.9222
vn 0.0809 -0.0000 0.9967
vn 0.9214 -0.0725 -0.3817
vn -0.9222 0.0598 0.3820
vn 0.6476 -0.0000 0.7620
vn 0.0989 0.9943 -0.0410
vn 0.3814 -0.0816 0.9208
vn -0.3814 -0.0816 0.9208
vn -0.9208 -0.0816 -0.3814
vn 0.3814 -0.0816 -0.9208
vn 0.9208 -0.0816 0.3814
vn -0.9208 -0.0816 0.3814
vn -0.3814 -0.0816 -0.9208
vn -0.3807 -0.1024 0.9190
vn 0.9170 0.1215 -0.3798
vn 0.0953 -0.9947 0.0395
vn 0.9170 0.1215 0.3798
vn 0.0989 0.9943 0.0410
vn 0.3798 0.1215 0.9170
vn 0.0395 -0.9947 0.0953
vn -0.3798 0.1215 0.9170
vn -0.9190 -0.1024 -0.3807
vn 0.9190 -0.1024 -0.3807
vn 0.3807 -0.1024 0.9190
vn -0.9190 -0.1024 0.3807
vn -0.3807 -0.1024 -0.9190
vn 0.3807 -0.1024 -0.9190
vn 0.9190 -0.1024 0.3807
vn -0.0000 1.0000 -0.0000
vn 0.0886 0.9728 0.2139
vn -0.8648 0.3519 0.3582
vn -0.1346 -0.9893 -0.0558
vn -0.0886 0.9728 0.2139
vn -0.0558 -0.9893 -0.1346
vn -0.2139 0.9728 0.0886
vn 0.0558 -0.9893 -0.1346
vn -0.2139 0.9728 -0.0886
vn 0.1346 -0.9893 -0.0558
vn -0.3582 0.3519 -0.8648
vn 0.8648 0.3519 -0.3582
vn 0.3582 0.3519 0.8648
vn -0.3582 0.3519 0.8648
vn -0.8648 0.3519 -0.3582
vn 0.3582 0.3519 -0.8648
vn 0.8648 0.3519 0.3582
vn 0.9214 -0.0725 0.3817
vn -0.9222 0.0598 -0.3820
vn 0.6476 -0.0000 -0.7620
vn 0.9222 0.0598 -0.3820
vn -0.9214 -0.0725 -0.3817
vn 0.0765 -0.0000 -0.9971
vn -0.3820 0.0598 -0.9222
vn -0.7620 -0.0000 -0.6476
vn 0.3820 0.0598 0.9222
vn -0.3817 -0.0725 0.9214
vn 0.9222 0.0598 0.3820
vn 0.7620 -0.0000 -0.6476
vn -0.3817 -0.0725 -0.9214
vn 0.9967 -0.0000 -0.0809
vn 0.3820 0.0598 -0.9222
vn -0.0809 -0.0000 0.9967
vn -0.6442 -0.0000 0.7649
vn 0.3817 -0.0725 -0.9214
vn -0.6476 -0.0000 -0.7620
vn -0.0809 -0.0000 -0.9967
vn 0.9967 -0.0000 0.0809
vn 0.7620 -0.0000 0.6476
vn 0.3817 -0.0725 0.9214
vn -0.7620 -0.0000 0.6476
vn -0.9967 -0.0000 0.0809
vn -0.2422 -0.9650 0.1003
vn -0.1003 -0.9650 -0.2422
vn 0.2422 -0.9650 -0.1003
vn 0.1003 -0.9650 0.2422
vn -0.1003 -0.9650 0.2422
vn -0.2422 -0.9650 -0.1003
vn 0.1003 -0.9650 -0.2422
vn 0.2422 -0.9650 0.1003
vn 0.3798 0.1215 -0.9170
vn -0.0395 -0.9947 0.0953
vn -0.3798 0.1215 -0.9170
vn 0.0410 0.9943 0.0989
vn -0.9170 0.1215 -0.3798
vn -0.0953 -0.9947 0.0395
vn -0.9170 0.1215 0.3798
vn -0.0410 0.9943 0.0989
vn -0.9099 -0.1731 -0.3769
vn -0.3769 -0.1731 -0.9099
vn 0.3769 -0.1731 -0.9099
vn 0.9099 -0.1731 -0.3769
vn -0.9099 -0.1731 0.3769
vn -0.3769 -0.1731 0.9099
vn 0.3769 -0.1731 0.9099
vn 0.9099 -0.1731 0.3769
vn 0.0410 0.9943 -0.0989
vn 0.0953 -0.9947 -0.0395
vn -0.0410 0.9943 -0.0989
vn 0.0395 -0.9947 -0.0953
vn -0.0989 0.9943 -0.0410
vn -0.0395 -0.9947 -0.0953
vn -0.0989 0.9943 0.0410
vn -0.0953 -0.9947 -0.0395
vn -0.6543 0.7060 0.2710
vn -0.2710 0.7060 -0.6543
vn 0.2710 0.7060 -0.6543
vn 0.6543 0.7060 0.2710
vn -0.2710 0.7060 0.6543
vn -0.6543 0.7060 -0.2710
vn 0.6543 0.7060 -0.2710
vn 0.2710 0.7060 0.6543
vn -0.1346 -0.9893 0.0558
vn 0.2139 0.9728 0.0886
vn -0.0558 -0.9893 0.1346
vn 0.2139 0.9728 -0.0886
vn 0.0558 -0.9893 0.1346
vn 0.0886 0.9728 -0.2139
vn 0.1346 -0.9893 0.0558
vn -0.0886 0.9728 -0.2139
vt 0.888889 0.500000
vt 0.888889 1.000000
vt 0.875000 1.000000
vt 0.875000 0.500000
vt 0.763889 0.500000
vt 0.763889 1.000000
vt 0.750000 1.000000
vt 0.750000 0.500000
vt 0.638889 0.500000
vt 0.638889 1.000000
vt 0.625000 1.000000
vt 0.625000 0.500000
vt 0.513889 0.500000
vt 0.513889 1.000000
vt 0.500000 1.000000
vt 0.500000 0.500000
vt 0.388889 0.500000
vt 0.388889 1.000000
vt 0.375000 1.000000
vt 0.375000 0.500000
vt 0.263154 0.500000
vt 0.263154 1.000000
vt 0.250000 1.000000
vt 0.250000 0.500000
vt 0.263382 0.414784
vt 0.250000 0.420327
vt 0.263382 0.414784
vt 0.138889 0.500000
vt 0.138889 1.000000
vt 0.125000 1.000000
vt 0.125000 0.500000
vt 0.013889 0.500000
vt 0.013889 1.000000
vt 0.000000 1.000000
vt 0.000000 0.500000
vt 0.947703 0.250000
vt 0.941269 0.234467
vt 0.934835 0.218934
vt 0.928401 0.203401
vt 0.921967 0.187868
vt 0.915533 0.172335
vt 0.909099 0.156802
vt 0.902665 0.141269
vt 0.896231 0.125736
vt 0.889797 0.110203
vt 0.357057 0.375982
vt 0.370439 0.370439
vt 0.419706 0.419706
vt 0.400849 0.427516
vt 0.414784 0.263382
vt 0.420327 0.250000
vt 0.490000 0.250000
vt 0.482190 0.268856
vt 0.375982 0.142943
vt 0.370439 0.129561
vt 0.419706 0.080294
vt 0.427516 0.099151
vt 0.263382 0.085216
vt 0.250000 0.079673
vt 0.250000 0.010000
vt 0.268856 0.017810
vt 0.142943 0.124018
vt 0.129561 0.129561
vt 0.080294 0.080294
vt 0.099151 0.072484
vt 0.084923 0.237326
vt 0.079673 0.250000
vt 0.010000 0.250000
vt 0.017397 0.232142
vt 0.124018 0.357057
vt 0.129561 0.370439
vt 0.080294 0.419706
vt 0.072484 0.400849
vt 0.236618 0.414784
vt 0.250000 0.490000
vt 0.231144 0.482190
vt 0.357057 0.375982
vt 0.343675 0.381525
vt 0.330293 0.387068
vt 0.316911 0.392611
vt 0.303529 0.398154
vt 0.290146 0.403698
vt 0.276764 0.409241
vt 0.223236 0.409241
vt 0.209854 0.403698
vt 0.196471 0.398154
vt 0.183089 0.392611
vt 0.169707 0.387068
vt 0.156325 0.381525
vt 0.142943 0.375982
vt 0.118475 0.343675
vt 0.112932 0.330293
vt 0.107389 0.316911
vt 0.101846 0.303529
vt 0.096303 0.290146
vt 0.090759 0.276764
vt 0.085216 0.263382
vt 0.084923 0.237326
vt 0.090466 0.223944
vt 0.096009 0.210562
vt 0.101552 0.197180
vt 0.107095 0.183798
vt 0.112638 0.170416
vt 0.118181 0.157034
vt 0.123724 0.143651
vt 0.156325 0.118475
vt 0.169707 0.112932
vt 0.183089 0.107389
vt 0.196472 0.101846
vt 0.209854 0.096303
vt 0.223236 0.090759
vt 0.236618 0.085216
vt 0.276764 0.090759
vt 0.290146 0.096303
vt 0.303528 0.101846
vt 0.316911 0.107389
vt 0.330293 0.112932
vt 0.343675 0.118475
vt 0.357057 0.124018
vt 0.375982 0.142943
vt 0.381525 0.156325
vt 0.387068 0.169707
vt 0.392611 0.183089
vt 0.398154 0.196472
vt 0.403698 0.209854
vt 0.409241 0.223236
vt 0.414784 0.236618
vt 0.414784 0.263382
vt 0.409241 0.276764
vt 0.403698 0.290146
vt 0.398154 0.303528
vt 0.392611 0.316911
vt 0.387068 0.330293
vt 0.381525 0.343675
vt 0.375982 0.357057
vt 0.123724 0.143651
vt 0.357057 0.124018
vt 0.375982 0.357057
vt 0.414784 0.236618
vt 0.734467 0.441269
vt 0.731144 0.482190
vt 0.750000 0.052297
vt 0.765533 0.058731
vt 0.517810 0.268856
vt 0.558731 0.265533
vt 0.874264 0.103769
vt 0.736111 0.500000
vt 0.927516 0.099151
vt 0.750000 0.447703
vt 0.765533 0.441269
vt 0.781066 0.434835
vt 0.796599 0.428401
vt 0.812132 0.421967
vt 0.827665 0.415533
vt 0.843198 0.409099
vt 0.858731 0.402665
vt 0.874264 0.396231
vt 0.889797 0.389797
vt 0.610203 0.389797
vt 0.625736 0.396231
vt 0.641269 0.402665
vt 0.656802 0.409099
vt 0.672335 0.415533
vt 0.687868 0.421967
vt 0.703401 0.428401
vt 0.718934 0.434835
vt 0.610203 0.110203
vt 0.603428 0.126558
vt 0.596994 0.142091
vt 0.590560 0.157624
vt 0.584126 0.173157
vt 0.577692 0.188690
vt 0.571258 0.204223
vt 0.564824 0.219756
vt 0.558390 0.235289
vt 0.552297 0.250000
vt 0.858731 0.097335
vt 0.843198 0.090901
vt 0.827665 0.084467
vt 0.812132 0.078033
vt 0.796599 0.071599
vt 0.781066 0.065165
vt 0.896231 0.374264
vt 0.902665 0.358731
vt 0.909099 0.343198
vt 0.915533 0.327665
vt 0.921967 0.312132
vt 0.928401 0.296599
vt 0.934835 0.281066
vt 0.941269 0.265533
vt 0.565165 0.281066
vt 0.571599 0.296599
vt 0.578033 0.312132
vt 0.584467 0.327665
vt 0.590901 0.343198
vt 0.597335 0.358731
vt 0.603769 0.374264
vt 0.734467 0.058731
vt 0.718934 0.065165
vt 0.703401 0.071599
vt 0.687868 0.078033
vt 0.672335 0.084467
vt 0.656802 0.090901
vt 0.641269 0.097335
vt 0.625736 0.103769
vt 0.883259 0.383259
vt 0.750000 0.438457
vt 0.938457 0.250000
vt 0.883259 0.116741
vt 0.750000 0.061543
vt 0.616741 0.116741
vt 0.561543 0.250000
vt 0.616741 0.383259
vt 0.000000 0.000000
vt 0.974379 0.287712
vt 0.982190 0.268856
vt 0.966569 0.306569
vt 0.958758 0.325425
vt 0.950948 0.344281
vt 0.943137 0.363137
vt 0.935327 0.381993
vt 0.927516 0.400849
vt 0.409241 0.276764
vt 0.403697 0.290146
vt 0.398154 0.303528
vt 0.427516 0.400849
vt 0.435327 0.381993
vt 0.443137 0.363137
vt 0.450948 0.344281
vt 0.458758 0.325425
vt 0.466569 0.306569
vt 0.474379 0.287712
vt 0.861111 1.000000
vt 0.861111 0.500000
vt 0.847222 1.000000
vt 0.847222 0.500000
vt 0.833333 1.000000
vt 0.833333 0.500000
vt 0.819445 1.000000
vt 0.819444 0.500000
vt 0.805556 1.000000
vt 0.805556 0.500000
vt 0.791667 1.000000
vt 0.791667 0.500000
vt 0.777778 1.000000
vt 0.777778 0.500000
vt 0.881993 0.435327
vt 0.900849 0.427516
vt 0.863137 0.443137
vt 0.844281 0.450948
vt 0.825425 0.458758
vt 0.806569 0.466569
vt 0.787712 0.474379
vt 0.768856 0.482190
vt 0.268856 0.482190
vt 0.287712 0.474379
vt 0.306569 0.466569
vt 0.303529 0.398154
vt 0.325425 0.458758
vt 0.316911 0.392611
vt 0.344281 0.450948
vt 0.330293 0.387068
vt 0.363137 0.443137
vt 0.343675 0.381525
vt 0.381993 0.435327
vt 1.000000 0.500000
vt 1.000000 1.000000
vt 0.986111 1.000000
vt 0.986111 0.500000
vt 0.972222 1.000000
vt 0.972222 0.500000
vt 0.958333 1.000000
vt 0.958333 0.500000
vt 0.944445 1.000000
vt 0.944444 0.500000
vt 0.930556 1.000000
vt 0.930556 0.500000
vt 0.916667 1.000000
vt 0.916667 0.500000
vt 0.902778 1.000000
vt 0.902778 0.500000
vt 0.712288 0.474379
vt 0.693431 0.466569
vt 0.674575 0.458758
vt 0.655719 0.450948
vt 0.636863 0.443137
vt 0.618007 0.435327
vt 0.599151 0.427516
vt 0.223236 0.409241
vt 0.209854 0.403697
vt 0.156325 0.381525
vt 0.099151 0.427516
vt 0.118007 0.435327
vt 0.136863 0.443137
vt 0.155719 0.450948
vt 0.174575 0.458758
vt 0.193431 0.466569
vt 0.212288 0.474379
vt 0.111111 1.000000
vt 0.111111 0.500000
vt 0.097222 1.000000
vt 0.097222 0.500000
vt 0.083333 1.000000
vt 0.083333 0.500000
vt 0.069444 1.000000
vt 0.069444 0.500000
vt 0.055556 1.000000
vt 0.055556 0.500000
vt 0.041667 1.000000
vt 0.041667 0.500000
vt 0.027778 1.000000
vt 0.027778 0.500000
vt 0.564673 0.381993
vt 0.572484 0.400849
vt 0.556863 0.363137
vt 0.549052 0.344281
vt 0.541242 0.325425
vt 0.533431 0.306569
vt 0.525621 0.287712
vt 0.112932 0.330293
vt 0.107389 0.316911
vt 0.096303 0.290146
vt 0.017810 0.268856
vt 0.025621 0.287712
vt 0.033431 0.306569
vt 0.041242 0.325425
vt 0.049052 0.344281
vt 0.056863 0.363137
vt 0.064673 0.381993
vt 0.236111 1.000000
vt 0.236111 0.500000
vt 0.222222 1.000000
vt 0.222222 0.500000
vt 0.208333 1.000000
vt 0.208333 0.500000
vt 0.194444 1.000000
vt 0.194444 0.500000
vt 0.180556 1.000000
vt 0.180556 0.500000
vt 0.166667 1.000000
vt 0.166667 0.500000
vt 0.152778 1.000000
vt 0.152778 0.500000
vt 0.360376 0.500000
vt 0.525207 0.213286
vt 0.517397 0.232142
vt 0.533018 0.194430
vt 0.540828 0.175574
vt 0.548639 0.156717
vt 0.556449 0.137861
vt 0.564260 0.119005
vt 0.572070 0.100149
vt 0.090466 0.223944
vt 0.096009 0.210562
vt 0.101552 0.197180
vt 0.107095 0.183798
vt 0.112638 0.170416
vt 0.118181 0.157034
vt 0.072070 0.100149
vt 0.064260 0.119005
vt 0.056449 0.137861
vt 0.048639 0.156717
vt 0.040828 0.175574
vt 0.033018 0.194430
vt 0.025207 0.213286
vt 0.360376 1.000000
vt 0.346487 1.000000
vt 0.346487 0.500000
vt 0.332598 1.000000
vt 0.332598 0.500000
vt 0.318709 1.000000
vt 0.318709 0.500000
vt 0.304820 1.000000
vt 0.304820 0.500000
vt 0.290931 1.000000
vt 0.290931 0.500000
vt 0.277043 1.000000
vt 0.277043 0.500000
vt 0.618007 0.064673
vt 0.599151 0.072484
vt 0.636863 0.056863
vt 0.655719 0.049052
vt 0.674575 0.041242
vt 0.693431 0.033431
vt 0.712288 0.025621
vt 0.731144 0.017810
vt 0.169707 0.112932
vt 0.209854 0.096303
vt 0.223236 0.090759
vt 0.231144 0.017810
vt 0.212288 0.025621
vt 0.193431 0.033431
vt 0.174575 0.041242
vt 0.155719 0.049052
vt 0.136863 0.056863
vt 0.118007 0.064673
vt 0.486111 1.000000
vt 0.486111 0.500000
vt 0.472222 1.000000
vt 0.472222 0.500000
vt 0.458333 1.000000
vt 0.458333 0.500000
vt 0.444444 1.000000
vt 0.444444 0.500000
vt 0.430556 1.000000
vt 0.430556 0.500000
vt 0.416667 1.000000
vt 0.416667 0.500000
vt 0.402778 1.000000
vt 0.402778 0.500000
vt 0.787712 0.025621
vt 0.768856 0.017810
vt 0.806569 0.033431
vt 0.825425 0.041242
vt 0.844281 0.049052
vt 0.863137 0.056863
vt 0.881993 0.064673
vt 0.900850 0.072484
vt 0.343675 0.118475
vt 0.400849 0.072484
vt 0.381993 0.064673
vt 0.363137 0.056863
vt 0.344281 0.049052
vt 0.325425 0.041242
vt 0.306569 0.033431
vt 0.287712 0.025621
vt 0.611111 1.000000
vt 0.611111 0.500000
vt 0.597222 1.000000
vt 0.597222 0.500000
vt 0.583333 1.000000
vt 0.583333 0.500000
vt 0.569444 1.000000
vt 0.569445 0.500000
vt 0.555556 1.000000
vt 0.555556 0.500000
vt 0.541667 1.000000
vt 0.541667 0.500000
vt 0.527778 1.000000
vt 0.527778 0.500000
vt 0.935327 0.118007
vt 0.943137 0.136863
vt 0.950948 0.155719
vt 0.958758 0.174575
vt 0.966568 0.193431
vt 0.974379 0.212288
vt 0.982190 0.231144
vt 0.381525 0.156325
vt 0.392611 0.183089
vt 0.403698 0.209854
vt 0.409241 0.223236
vt 0.482190 0.231144
vt 0.474379 0.212288
vt 0.466569 0.193431
vt 0.458758 0.174575
vt 0.450948 0.155719
vt 0.443137 0.136863
vt 0.435327 0.118007
vt 0.736111 1.000000
vt 0.722222 1.000000
vt 0.722222 0.500000
vt 0.708333 1.000000
vt 0.708333 0.500000
vt 0.694445 1.000000
vt 0.694444 0.500000
vt 0.680556 1.000000
vt 0.680556 0.500000
vt 0.666667 1.000000
vt 0.666667 0.500000
vt 0.652778 1.000000
vt 0.652778 0.500000
vt 0.750000 0.490000
vt 0.919706 0.419706
vt 0.990000 0.250000
vt 0.919706 0.080294
vt 0.750000 0.010000
vt 0.580294 0.080294
vt 0.510000 0.250000
vt 0.580294 0.419706
s 0
usemtl Material.001
f 832/507/333 833/508/333 705/509/333 722/510/333
f 792/511/334 793/512/334 707/513/334 723/514/334
f 1072/515/335 1073/516/335 708/517/335 724/518/335
f 1032/519/336 1033/520/336 709/521/336 725/522/336
f 992/523/337 993/524/337 710/525/337 726/526/337
f 952/527/338 953/528/338 711/529/338 727/530/338
f 848/531/333 690/532/333 714/532/333 856/533/333
f 912/534/339 913/535/339 712/536/339 728/537/339
f 872/538/340 873/539/340 706/540/340 721/541/340
f 841/552/342 692/553/342 705/554/342 833/555/342
f 801/556/342 694/557/342 707/558/342 793/559/342
f 1081/560/342 696/561/342 708/562/342 1073/563/342
f 1041/564/342 698/565/342 709/566/342 1033/567/342
f 1001/568/342 700/569/342 710/570/342 993/571/342
f 961/572/342 702/573/342 711/574/342 953/575/342
f 921/576/342 704/577/342 712/578/342 913/579/342
f 881/580/342 690/532/342 706/581/342 873/582/342
f 713/553/342 849/583/342 850/584/342 851/585/342 852/586/342 853/587/342 854/588/342 855/589/342 856/533/342 714/532/342 889/580/342 890/590/342 891/591/342 892/592/342 893/593/342 894/594/342 895/595/342 896/596/342 720/577/342 929/576/342 930/597/342 931/598/342 932/599/342 933/600/342 934/601/342 935/602/342 936/603/342 719/573/342 969/604/342 970/605/342 971/606/342 972/607/342 973/608/342 974/609/342 975/610/342 976/611/342 718/569/342 1009/568/342 1010/612/342 1011/613/342 1012/614/342 1013/615/342 1014/616/342 1015/617/342 1016/618/342 717/565/342 1049/564/342 1050/619/342 1051/620/342 1052/621/342 1053/622/342 1054/623/342 1055/624/342 1056/625/342 716/561/342 1089/626/342 1090/627/342 1091/628/342 1092/629/342 1093/630/342 1094/631/342 1095/632/342 1096/633/342 715/557/342 809/634/342 810/635/342 811/636/342 812/637/342 813/638/342 814/639/342 815/640/342 816/641/342
f 888/596/340 704/577/340 720/577/340 896/596/340
f 968/642/338 700/569/338 718/569/338 976/611/338
f 1048/643/336 696/561/336 716/561/336 1056/625/336
f 808/644/334 692/553/334 713/553/334 816/641/334
f 928/603/339 702/573/339 719/573/339 936/603/339
f 1008/618/337 698/565/337 717/565/337 1016/618/337
f 1088/645/335 694/557/335 715/557/335 1096/633/335
f 904/646/343 872/647/343 1119/647/343 1135/646/343
f 912/534/344 728/537/344 1118/537/344 1117/534/344
f 697/648/345 1064/649/345 1127/649/345 1128/648/345
f 905/650/346 937/651/346 1144/651/346 1143/650/346
f 1057/652/345 695/551/345 1126/551/345 1150/652/345
f 723/514/347 1065/653/347 1151/653/347 1108/514/347
f 695/551/348 1104/550/348 1125/550/348 1126/551/348
f 1104/550/349 1072/654/349 1109/654/349 1125/550/349
f 1163/542/350 1164/551/350 1179/551/350 1180/542/350
f 740/551/358 741/648/358 757/648/358 756/551/358
f 735/682/359 736/665/359 1160/665/359 1159/682/359
f 739/542/360 738/664/360 1170/664/360 1171/542/360
f 734/673/361 735/682/361 1159/682/361 1158/673/361
f 1162/664/362 1163/542/362 1180/542/362 1182/664/362
f 733/648/363 734/673/363 1158/673/363 1157/648/363
f 738/664/364 737/655/364 1169/655/364 1170/664/364
f 732/551/365 733/648/365 1157/648/365 1156/551/365
f 730/664/337 729/655/337 761/655/337 762/664/337
f 738/664/366 739/542/366 755/542/366 754/664/366
f 743/682/367 744/665/367 760/665/367 759/682/367
f 741/648/368 742/673/368 758/673/368 757/648/368
f 739/542/369 740/551/369 756/551/369 755/542/369
f 737/655/370 738/664/370 754/664/370 753/655/370
f 744/665/371 737/655/371 753/655/371 760/665/371
f 742/673/372 743/682/372 759/682/372 758/673/372
f 746/712/373 745/713/373 753/655/373 754/664/373
f 747/714/373 746/712/373 754/664/373 755/542/373
f 748/715/373 747/714/373 755/542/373 756/551/373
f 749/716/373 748/715/373 756/551/373 757/648/373
f 750/717/373 749/716/373 757/648/373 758/673/373
f 751/718/373 750/717/373 758/673/373 759/682/373
f 752/719/373 751/718/373 759/682/373 760/665/373
f 745/713/373 752/719/373 760/665/373 753/655/373
f 769/655/374 770/664/374 1194/664/374 1193/655/374
f 729/655/336 736/665/336 768/665/336 761/655/336
f 735/682/334 734/673/334 766/673/334 767/682/334
f 733/648/340 732/551/340 764/551/340 765/648/340
f 731/542/338 730/664/338 762/664/338 763/542/338
f 736/665/335 735/682/335 767/682/335 768/665/335
f 734/673/333 733/648/333 765/648/333 766/673/333
f 732/551/339 731/542/339 763/542/339 764/551/339
f 776/665/375 775/682/375 783/682/375 784/665/375
f 763/542/376 762/664/376 1186/664/376 1187/542/376
f 776/665/377 769/655/377 1193/655/377 1200/665/377
f 762/664/378 761/655/378 1185/655/378 1186/664/378
f 775/682/379 776/665/379 1200/665/379 1199/682/379
f 761/655/380 768/665/380 1192/665/380 1185/655/380
f 774/673/381 775/682/381 1199/682/381 1198/673/381
f 768/665/382 767/682/382 1191/682/382 1192/665/382
f 777/720/342 784/720/342 783/720/342 782/720/342 781/720/342 780/720/342 779/720/342 778/720/342
f 774/673/383 773/648/383 781/648/383 782/673/383
f 772/551/384 771/542/384 779/542/384 780/551/384
f 770/664/385 769/655/385 777/655/385 778/664/385
f 769/655/386 776/665/386 784/665/386 777/655/386
f 775/682/387 774/673/387 782/673/387 783/682/387
f 773/648/388 772/551/388 780/551/388 781/648/388
f 771/542/389 770/664/389 778/664/389 779/542/389
f 792/511/390 723/514/390 1108/514/390 1107/511/390
f 824/696/373 823/695/373 791/721/373 792/722/373
f 823/695/373 822/694/373 790/723/373 791/721/373
f 822/694/373 821/693/373 789/724/373 790/723/373
f 821/693/373 820/692/373 788/725/373 789/724/373
f 820/692/373 819/691/373 787/726/373 788/725/373
f 819/691/373 818/690/373 786/727/373 787/726/373
f 818/690/373 817/689/373 785/728/373 786/727/373
f 694/557/334 801/556/334 809/634/334 715/557/334
f 801/556/334 802/729/334 810/635/334 809/634/334
f 802/729/334 803/730/334 811/636/334 810/635/334
f 803/730/334 804/731/334 812/637/334 811/636/334
f 804/731/334 805/638/334 813/638/334 812/637/334
f 805/638/334 806/639/334 814/639/334 813/638/334
f 806/639/334 807/640/334 815/640/334 814/639/334
f 807/640/334 808/644/334 816/641/334 815/640/334
f 692/553/342 808/644/342 800/732/342 705/554/342
f 808/644/342 807/640/342 799/733/342 800/732/342
f 807/640/342 806/639/342 798/734/342 799/733/342
f 806/639/342 805/638/342 797/735/342 798/734/342
f 805/638/342 804/731/342 796/736/342 797/735/342
f 804/731/342 803/730/342 795/737/342 796/736/342
f 803/730/342 802/729/342 794/738/342 795/737/342
f 802/729/342 801/556/342 793/559/342 794/738/342
f 722/510/334 705/509/334 800/739/334 785/740/334
f 785/740/334 800/739/334 799/741/334 786/742/334
f 786/742/334 799/741/334 798/743/334 787/744/334
f 787/744/334 798/743/334 797/745/334 788/746/334
f 788/746/334 797/745/334 796/747/334 789/748/334
f 789/748/334 796/747/334 795/749/334 790/750/334
f 790/750/334 795/749/334 794/751/334 791/752/334
f 791/752/334 794/751/334 793/512/334 792/511/334
f 693/542/391 824/696/391 1123/696/391 1124/542/391
f 864/663/373 863/662/373 831/753/373 832/754/373
f 863/662/373 862/661/373 830/755/373 831/753/373
f 862/661/373 861/660/373 829/756/373 830/755/373
f 861/660/373 860/659/373 828/757/373 829/756/373
f 860/659/373 859/658/373 827/758/373 828/757/373
f 859/658/373 858/657/373 826/759/373 827/758/373
f 858/657/373 857/656/373 825/760/373 826/759/373
f 690/532/342 848/531/342 840/761/342 706/581/342
f 848/531/342 847/589/342 839/762/342 840/761/342
f 847/589/342 846/588/342 838/763/342 839/762/342
f 846/588/342 845/764/342 837/765/342 838/763/342
f 845/764/342 844/766/342 836/767/342 837/765/342
f 844/766/342 843/768/342 835/769/342 836/767/342
f 843/768/342 842/770/342 834/771/342 835/769/342
f 842/770/342 841/552/342 833/555/342 834/771/342
f 692/553/333 841/552/333 849/583/333 713/553/333
f 841/552/333 842/770/333 850/584/333 849/583/333
f 842/770/333 843/768/333 851/585/333 850/584/333
f 843/768/333 844/766/333 852/586/333 851/585/333
f 844/766/333 845/764/333 853/587/333 852/586/333
f 845/764/333 846/588/333 854/588/333 853/587/333
f 846/588/333 847/589/333 855/589/333 854/588/333
f 847/589/333 848/531/333 856/533/333 855/589/333
f 721/772/333 706/773/333 840/774/333 825/775/333
f 825/775/333 840/774/333 839/776/333 826/777/333
f 826/777/333 839/776/333 838/778/333 827/779/333
f 827/779/333 838/778/333 837/780/333 828/781/333
f 828/781/333 837/780/333 836/782/333 829/783/333
f 829/783/333 836/782/333 835/784/333 830/785/333
f 830/785/333 835/784/333 834/786/333 831/787/333
f 831/787/333 834/786/333 833/508/333 832/507/333
f 785/728/392 817/689/392 1138/689/392 1137/728/392
f 904/646/373 903/672/373 871/788/373 872/647/373
f 903/672/373 902/671/373 870/789/373 871/788/373
f 902/671/373 901/670/373 869/790/373 870/789/373
f 901/670/373 900/669/373 868/791/373 869/790/373
f 900/669/373 899/668/373 867/792/373 868/791/373
f 899/668/373 898/667/373 866/793/373 867/792/373
f 898/667/373 897/666/373 865/794/373 866/793/373
f 690/532/340 881/580/340 889/580/340 714/532/340
f 881/580/340 882/795/340 890/590/340 889/580/340
f 882/795/340 883/796/340 891/591/340 890/590/340
f 883/796/340 884/592/340 892/592/340 891/591/340
f 884/592/340 885/593/340 893/593/340 892/592/340
f 885/593/340 886/594/340 894/594/340 893/593/340
f 886/594/340 887/797/340 895/595/340 894/594/340
f 887/797/340 888/596/340 896/596/340 895/595/340
f 704/577/342 888/596/342 880/798/342 712/578/342
f 888/596/342 887/797/342 879/799/342 880/798/342
f 887/797/342 886/594/342 878/800/342 879/799/342
f 886/594/342 885/593/342 877/801/342 878/800/342
f 885/593/342 884/592/342 876/802/342 877/801/342
f 884/592/342 883/796/342 875/803/342 876/802/342
f 883/796/342 882/795/342 874/804/342 875/803/342
f 882/795/342 881/580/342 873/582/342 874/804/342
f 728/537/340 712/536/340 880/805/340 865/806/340
f 865/806/340 880/805/340 879/807/340 866/808/340
f 866/808/340 879/807/340 878/809/340 867/810/340
f 867/810/340 878/809/340 877/811/340 868/812/340
f 868/812/340 877/811/340 876/813/340 869/814/340
f 869/814/340 876/813/340 875/815/340 870/816/340
f 870/816/340 875/815/340 874/817/340 871/818/340
f 871/818/340 874/817/340 873/539/340 872/538/340
f 937/651/393 701/682/393 1132/682/393 1144/651/393
f 944/703/373 943/702/373 911/819/373 912/820/373
f 943/702/373 942/701/373 910/821/373 911/819/373
f 942/701/373 941/700/373 909/822/373 910/821/373
f 941/700/373 940/699/373 908/823/373 909/822/373
f 940/699/373 939/698/373 907/824/373 908/823/373
f 939/698/373 938/697/373 906/825/373 907/824/373
f 938/697/373 937/651/373 905/650/373 906/825/373
f 704/577/339 921/576/339 929/576/339 720/577/339
f 921/576/339 922/597/339 930/597/339 929/576/339
f 922/597/339 923/826/339 931/598/339 930/597/339
f 923/826/339 924/827/339 932/599/339 931/598/339
f 924/827/339 925/600/339 933/600/339 932/599/339
f 925/600/339 926/828/339 934/601/339 933/600/339
f 926/828/339 927/602/339 935/602/339 934/601/339
f 927/602/339 928/603/339 936/603/339 935/602/339
f 702/573/342 928/603/342 920/829/342 711/574/342
f 928/603/342 927/602/342 919/830/342 920/829/342
f 927/602/342 926/828/342 918/831/342 919/830/342
f 926/828/342 925/600/342 917/832/342 918/831/342
f 925/600/342 924/827/342 916/833/342 917/832/342
f 924/827/342 923/826/342 915/834/342 916/833/342
f 923/826/342 922/597/342 914/835/342 915/834/342
f 922/597/342 921/576/342 913/579/342 914/835/342
f 727/530/339 711/529/339 920/836/339 905/837/339
f 905/837/339 920/836/339 919/838/339 906/839/339
f 906/839/339 919/838/339 918/840/339 907/841/339
f 907/841/339 918/840/339 917/842/339 908/843/339
f 908/843/339 917/842/339 916/844/339 909/845/339
f 909/845/339 916/844/339 915/846/339 910/847/339
f 910/847/339 915/846/339 914/848/339 911/849/339
f 911/849/339 914/848/339 913/535/339 912/534/339
f 726/526/394 945/850/394 1145/850/394 1114/526/394
f 984/681/373 983/680/373 951/851/373 952/852/373
f 983/680/373 982/679/373 950/853/373 951/851/373
f 982/679/373 981/678/373 949/854/373 950/853/373
f 981/678/373 980/677/373 948/855/373 949/854/373
f 980/677/373 979/676/373 947/856/373 948/855/373
f 979/676/373 978/675/373 946/857/373 947/856/373
f 978/675/373 977/674/373 945/858/373 946/857/373
f 702/573/338 961/572/338 969/604/338 719/573/338
f 961/572/338 962/859/338 970/605/338 969/604/338
f 962/859/338 963/860/338 971/606/338 970/605/338
f 963/860/338 964/861/338 972/607/338 971/606/338
f 964/861/338 965/862/338 973/608/338 972/607/338
f 965/862/338 966/863/338 974/609/338 973/608/338
f 966/863/338 967/864/338 975/610/338 974/609/338
f 967/864/338 968/642/338 976/611/338 975/610/338
f 700/569/342 968/642/342 960/865/342 710/570/342
f 968/642/342 967/864/342 959/866/342 960/865/342
f 967/864/342 966/863/342 958/867/342 959/866/342
f 966/863/342 965/862/342 957/868/342 958/867/342
f 965/862/342 964/861/342 956/869/342 957/868/342
f 964/861/342 963/860/342 955/870/342 956/869/342
f 963/860/342 962/859/342 954/871/342 955/870/342
f 962/859/342 961/572/342 953/575/342 954/871/342
f 726/526/338 710/525/338 960/872/338 945/850/338
f 945/850/338 960/872/338 959/873/338 946/874/338
f 946/874/338 959/873/338 958/875/338 947/876/338
f 947/876/338 958/875/338 957/877/338 948/878/338
f 948/878/338 957/877/338 956/879/338 949/880/338
f 949/880/338 956/879/338 955/881/338 950/882/338
f 950/882/338 955/881/338 954/883/338 951/884/338
f 951/884/338 954/883/338 953/528/338 952/527/338
f 984/681/395 952/852/395 1115/852/395 1131/681/395
f 1024/711/373 1023/710/373 991/885/373 992/886/373
f 1023/710/373 1022/709/373 990/887/373 991/885/373
f 1022/709/373 1021/708/373 989/888/373 990/887/373
f 1021/708/373 1020/707/373 988/889/373 989/888/373
f 1020/707/373 1019/706/373 987/890/373 988/889/373
f 1019/706/373 1018/705/373 986/891/373 987/890/373
f 1018/705/373 1017/704/373 985/892/373 986/891/373
f 700/569/337 1001/568/337 1009/568/337 718/569/337
f 1001/568/337 1002/612/337 1010/612/337 1009/568/337
f 1002/612/337 1003/893/337 1011/613/337 1010/612/337
f 1003/893/337 1004/614/337 1012/614/337 1011/613/337
f 1004/614/337 1005/615/337 1013/615/337 1012/614/337
f 1005/615/337 1006/894/337 1014/616/337 1013/615/337
f 1006/894/337 1007/895/337 1015/617/337 1014/616/337
f 1007/895/337 1008/618/337 1016/618/337 1015/617/337
f 698/565/342 1008/618/342 1000/896/342 709/566/342
f 1008/618/342 1007/895/342 999/897/342 1000/896/342
f 1007/895/342 1006/894/342 998/898/342 999/897/342
f 1006/894/342 1005/615/342 997/899/342 998/898/342
f 1005/615/342 1004/614/342 996/900/342 997/899/342
f 1004/614/342 1003/893/342 995/901/342 996/900/342
f 1003/893/342 1002/612/342 994/902/342 995/901/342
f 1002/612/342 1001/568/342 993/571/342 994/902/342
f 725/522/337 709/521/337 1000/903/337 985/904/337
f 985/904/337 1000/903/337 999/905/337 986/906/337
f 986/906/337 999/905/337 998/907/337 987/908/337
f 987/908/337 998/907/337 997/909/337 988/910/337
f 988/910/337 997/909/337 996/911/337 989/912/337
f 989/912/337 996/911/337 995/913/337 990/914/337
f 990/914/337 995/913/337 994/915/337 991/916/337
f 991/916/337 994/915/337 993/524/337 992/523/337
f 952/527/394 727/530/394 1116/530/394 1115/527/394
f 1064/649/373 1063/688/373 1031/917/373 1032/918/373
f 1063/688/373 1062/687/373 1030/919/373 1031/917/373
f 1062/687/373 1061/686/373 1029/920/373 1030/919/373
f 1061/686/373 1060/685/373 1028/921/373 1029/920/373
f 1060/685/373 1059/684/373 1027/922/373 1028/921/373
f 1059/684/373 1058/683/373 1026/923/373 1027/922/373
f 1058/683/373 1057/652/373 1025/924/373 1026/923/373
f 698/565/336 1041/564/336 1049/564/336 717/565/336
f 1041/564/336 1042/619/336 1050/619/336 1049/564/336
f 1042/619/336 1043/620/336 1051/620/336 1050/619/336
f 1043/620/336 1044/621/336 1052/621/336 1051/620/336
f 1044/621/336 1045/622/336 1053/622/336 1052/621/336
f 1045/622/336 1046/623/336 1054/623/336 1053/622/336
f 1046/623/336 1047/925/336 1055/624/336 1054/623/336
f 1047/925/336 1048/643/336 1056/625/336 1055/624/336
f 696/561/342 1048/643/342 1040/926/342 708/562/342
f 1048/643/342 1047/925/342 1039/927/342 1040/926/342
f 1047/925/342 1046/623/342 1038/928/342 1039/927/342
f 1046/623/342 1045/622/342 1037/929/342 1038/928/342
f 1045/622/342 1044/621/342 1036/930/342 1037/929/342
f 1044/621/342 1043/620/342 1035/931/342 1036/930/342
f 1043/620/342 1042/619/342 1034/932/342 1035/931/342
f 1042/619/342 1041/564/342 1033/567/342 1034/932/342
f 724/518/336 708/517/336 1040/933/336 1025/934/336
f 1025/934/336 1040/933/336 1039/935/336 1026/936/336
f 1026/936/336 1039/935/336 1038/937/336 1027/938/336
f 1027/938/336 1038/937/336 1037/939/336 1028/940/336
f 1028/940/336 1037/939/336 1036/941/336 1029/942/336
f 1029/942/336 1036/941/336 1035/943/336 1030/944/336
f 1030/944/336 1035/943/336 1034/945/336 1031/946/336
f 1031/946/336 1034/945/336 1033/520/336 1032/519/336
f 691/664/396 864/663/396 1121/663/396 1122/664/396
f 1104/550/373 1103/549/373 1071/947/373 1072/654/373
f 1103/549/373 1102/548/373 1070/948/373 1071/947/373
f 1102/548/373 1101/547/373 1069/949/373 1070/948/373
f 1101/547/373 1100/546/373 1068/950/373 1069/949/373
f 1100/546/373 1099/545/373 1067/951/373 1068/950/373
f 1099/545/373 1098/544/373 1066/952/373 1067/951/373
f 1098/544/373 1097/543/373 1065/953/373 1066/952/373
f 696/561/335 1081/560/335 1089/626/335 716/561/335
f 1081/560/335 1082/954/335 1090/627/335 1089/626/335
f 1082/954/335 1083/628/335 1091/628/335 1090/627/335
f 1083/628/335 1084/955/335 1092/629/335 1091/628/335
f 1084/955/335 1085/630/335 1093/630/335 1092/629/335
f 1085/630/335 1086/956/335 1094/631/335 1093/630/335
f 1086/956/335 1087/957/335 1095/632/335 1094/631/335
f 1087/957/335 1088/645/335 1096/633/335 1095/632/335
f 694/557/342 1088/645/342 1080/958/342 707/558/342
f 1088/645/342 1087/957/342 1079/959/342 1080/958/342
f 1087/957/342 1086/956/342 1078/960/342 1079/959/342
f 1086/956/342 1085/630/342 1077/961/342 1078/960/342
f 1085/630/342 1084/955/342 1076/962/342 1077/961/342
f 1084/955/342 1083/628/342 1075/963/342 1076/962/342
f 1083/628/342 1082/954/342 1074/964/342 1075/963/342
f 1082/954/342 1081/560/342 1073/563/342 1074/964/342
f 723/514/335 707/513/335 1080/965/335 1065/653/335
f 1065/653/335 1080/965/335 1079/966/335 1066/967/335
f 1066/967/335 1079/966/335 1078/968/335 1067/969/335
f 1067/969/335 1078/968/335 1077/970/335 1068/971/335
f 1068/971/335 1077/970/335 1076/972/335 1069/973/335
f 1069/973/335 1076/972/335 1075/974/335 1070/975/335
f 1070/975/335 1075/974/335 1074/976/335 1071/977/335
f 1071/977/335 1074/976/335 1073/516/335 1072/515/335
f 1140/656/373 1136/655/373 1120/978/373 1139/760/373
f 1138/689/373 1122/664/373 1106/979/373 1137/728/373
f 1152/543/373 1124/542/373 1108/980/373 1151/953/373
f 1150/652/373 1126/551/373 1110/981/373 1149/924/373
f 1148/704/373 1128/648/373 1112/982/373 1147/892/373
f 1146/674/373 1130/673/373 1114/983/373 1145/858/373
f 1144/651/373 1132/682/373 1116/984/373 1143/650/373
f 1142/666/373 1134/665/373 1118/985/373 1141/794/373
f 1124/542/373 1123/696/373 1107/722/373 1108/980/373
f 1122/664/373 1121/663/373 1105/754/373 1106/979/373
f 1136/655/373 1135/646/373 1119/647/373 1120/978/373
f 1134/665/373 1133/703/373 1117/820/373 1118/985/373
f 1132/682/373 1131/681/373 1115/852/373 1116/984/373
f 1130/673/373 1129/711/373 1113/886/373 1114/983/373
f 1128/648/373 1127/649/373 1111/918/373 1112/982/373
f 1126/551/373 1125/550/373 1109/654/373 1110/981/373
f 1025/924/397 1057/652/397 1150/652/397 1149/924/397
f 699/673/398 1024/711/398 1129/711/398 1130/673/398
f 728/537/399 865/806/399 1141/806/399 1118/537/399
f 857/656/396 689/655/396 1136/655/396 1140/656/396
f 1072/515/347 724/518/347 1110/518/347 1109/515/347
f 701/682/400 984/681/400 1131/681/400 1132/682/400
f 1024/711/401 992/886/401 1113/886/401 1129/711/401
f 725/522/402 985/904/402 1147/904/402 1112/522/402
f 977/674/400 699/673/400 1130/673/400 1146/674/400
f 825/760/403 857/656/403 1140/656/403 1139/760/403
f 703/665/393 944/703/393 1133/703/393 1134/665/393
f 872/538/399 721/541/399 1120/541/399 1119/538/399
f 689/655/404 904/646/404 1135/646/404 1136/655/404
f 824/696/405 792/722/405 1107/722/405 1123/696/405
f 1097/543/348 693/542/348 1124/542/348 1152/543/348
f 945/858/406 977/674/406 1146/674/406 1145/858/406
f 722/510/390 785/740/390 1137/740/390 1106/510/390
f 1032/519/407 725/522/407 1112/522/407 1111/519/407
f 944/703/408 912/820/408 1117/820/408 1133/703/408
f 1065/953/409 1097/543/409 1152/543/409 1151/953/409
f 727/530/344 905/837/344 1143/837/344 1116/530/344
f 897/666/404 703/665/404 1134/665/404 1142/666/404
f 1064/649/410 1032/918/410 1111/918/410 1127/649/410
f 724/518/407 1025/934/407 1149/934/407 1110/518/407
f 992/523/402 726/526/402 1114/526/402 1113/523/402
f 1017/704/398 697/648/398 1128/648/398 1148/704/398
f 865/794/411 897/666/411 1142/666/411 1141/794/411
f 832/507/412 722/510/412 1106/510/412 1105/507/412
f 864/663/413 832/754/413 1105/754/413 1121/663/413
f 985/892/414 1017/704/414 1148/704/414 1147/892/414
f 721/772/412 825/775/412 1139/775/412 1120/772/412
f 817/689/391 691/664/391 1122/664/391 1138/689/391
f 1159/682/415 1160/665/415 1168/665/415 1167/682/415
f 1157/648/416 1158/673/416 1166/673/416 1165/648/416
f 1155/542/417 1156/551/417 1164/551/417 1163/542/417
f 1153/655/418 1154/664/418 1162/664/418 1161/655/418
f 1160/665/419 1153/655/419 1161/655/419 1168/665/419
f 1158/673/420 1159/682/420 1167/682/420 1166/673/420
f 1156/551/421 1157/648/421 1165/648/421 1164/551/421
f 1154/664/422 1155/542/422 1163/542/422 1162/664/422
f 736/665/423 729/655/423 1153/655/423 1160/665/423
f 737/655/424 744/665/424 1176/665/424 1169/655/424
f 729/655/425 730/664/425 1154/664/425 1153/655/425
f 1161/655/426 1162/664/426 1182/664/426 1181/655/426
f 730/664/427 731/542/427 1155/542/427 1154/664/427
f 744/665/428 743/682/428 1175/682/428 1176/665/428
f 731/542/429 732/551/429 1156/551/429 1155/542/429
f 1168/665/430 1161/655/430 1181/655/430 1184/665/430
f 1175/682/431 1174/673/431 1177/673/431 1183/682/431
f 1174/673/432 1173/648/432 1178/648/432 1177/673/432
f 1173/648/433 1172/551/433 1179/551/433 1178/648/433
f 1172/551/434 1171/542/434 1180/542/434 1179/551/434
f 1176/665/435 1175/682/435 1183/682/435 1184/665/435
f 1169/655/436 1176/665/436 1184/665/436 1181/655/436
f 1170/664/437 1169/655/437 1181/655/437 1182/664/437
f 1171/542/438 1170/664/438 1182/664/438 1180/542/438
f 1164/551/439 1165/648/439 1178/648/439 1179/551/439
f 740/551/440 739/542/440 1171/542/440 1172/551/440
f 1165/648/441 1166/673/441 1177/673/441 1178/648/441
f 741/648/442 740/551/442 1172/551/442 1173/648/442
f 1166/673/443 1167/682/443 1183/682/443 1177/673/443
f 742/673/444 741/648/444 1173/648/444 1174/673/444
f 1167/682/445 1168/665/445 1184/665/445 1183/682/445
f 743/682/446 742/673/446 1174/673/446 1175/682/446
f 1188/551/447 1187/542/447 1195/542/447 1196/551/447
f 1186/664/448 1185/655/448 1193/655/448 1194/664/448
f 1185/655/449 1192/665/449 1200/665/449 1193/655/449
f 1191/682/450 1190/673/450 1198/673/450 1199/682/450
f 1189/648/451 1188/551/451 1196/551/451 1197/648/451
f 1187/542/452 1186/664/452 1194/664/452 1195/542/452
f 1192/665/453 1191/682/453 1199/682/453 1200/665/453
f 1190/673/454 1189/648/454 1197/648/454 1198/673/454
f 764/551/455 763/542/455 1187/542/455 1188/551/455
f 770/664/456 771/542/456 1195/542/456 1194/664/456
f 765/648/457 764/551/457 1188/551/457 1189/648/457
f 771/542/458 772/551/458 1196/551/458 1195/542/458
f 766/673/459 765/648/459 1189/648/459 1190/673/459
f 772/551/460 773/648/460 1197/648/460 1196/551/460
f 767/682/461 766/673/461 1190/673/461 1191/682/461
f 773/648/462 774/673/462 1198/673/462 1197/648/462
f 1200/720/373 1193/720/373 1194/720/373 1195/720/373 1196/720/373 1197/720/373 1198/720/373 1199/720/373
usemtl Material.003
f 693/542/341 1097/543/341 1098/544/341 1099/545/341 1100/546/341 1101/547/341 1102/548/341 1103/549/341 1104/550/341 695/551/341 732/551/341 731/542/341
f 689/655/351 857/656/351 858/657/351 859/658/351 860/659/351 861/660/351 862/661/351 863/662/351 864/663/351 691/664/351 730/664/351 729/655/351
f 703/665/352 897/666/352 898/667/352 899/668/352 900/669/352 901/670/352 902/671/352 903/672/352 904/646/352 689/655/352 729/655/352 736/665/352
f 699/673/353 977/674/353 978/675/353 979/676/353 980/677/353 981/678/353 982/679/353 983/680/353 984/681/353 701/682/353 735/682/353 734/673/353
f 695/551/354 1057/652/354 1058/683/354 1059/684/354 1060/685/354 1061/686/354 1062/687/354 1063/688/354 1064/649/354 697/648/354 733/648/354 732/551/354
f 691/664/355 817/689/355 818/690/355 819/691/355 820/692/355 821/693/355 822/694/355 823/695/355 824/696/355 693/542/355 731/542/355 730/664/355
f 701/682/356 937/651/356 938/697/356 939/698/356 940/699/356 941/700/356 942/701/356 943/702/356 944/703/356 703/665/356 736/665/356 735/682/356
f 697/648/357 1017/704/357 1018/705/357 1019/706/357 1020/707/357 1021/708/357 1022/709/357 1023/710/357 1024/711/357 699/673/357 734/673/357 733/648/357
