# Blender 4.5.8 LTS
# www.blender.org
mtllib mustangCars.mtl
o Cube
v 1.000000 1.000000 -1.000000
v 1.000000 -1.000000 -1.000000
v 1.000000 1.000000 1.000000
v 1.000000 -1.000000 1.000000
v -1.000000 1.000000 -1.000000
v -1.000000 -1.000000 -1.000000
v -1.000000 1.000000 1.000000
v -1.000000 -1.000000 1.000000
vn -0.0000 1.0000 -0.0000
vn -0.0000 -0.0000 1.0000
vn -1.0000 -0.0000 -0.0000
vn -0.0000 -1.0000 -0.0000
vn 1.0000 -0.0000 -0.0000
vn -0.0000 -0.0000 -1.0000
vt 0.625000 0.500000
vt 0.875000 0.500000
vt 0.875000 0.750000
vt 0.625000 0.750000
vt 0.375000 0.750000
vt 0.625000 1.000000
vt 0.375000 1.000000
vt 0.375000 0.000000
vt 0.625000 0.000000
vt 0.625000 0.250000
vt 0.375000 0.250000
vt 0.125000 0.500000
vt 0.375000 0.500000
vt 0.125000 0.750000
s 0
usemtl Material
f 1/1/1 5/2/1 7/3/1 3/4/1
f 4/5/2 3/4/2 7/6/2 8/7/2
f 8/8/3 7/9/3 5/10/3 6/11/3
f 6/12/4 2/13/4 4/5/4 8/14/4
f 2/13/5 1/1/5 3/4/5 4/5/5
f 6/11/6 5/10/6 1/1/6 2/13/6
o sportscar-body
v 5.048855 1.620340 4.388081
v 4.698186 0.943587 4.325725
v 4.544906 1.034480 4.338493
v 5.161771 1.482428 4.382075
v 4.362523 0.553010 4.252326
v 4.446950 0.281699 4.186224
v 2.821895 0.566982 4.304311
v 2.684122 0.054865 4.158115
v 5.722797 1.998161 4.387416
v 5.781744 1.830223 4.390898
v 6.485486 2.122686 4.381077
v 6.483327 1.944983 4.388814
v 7.244925 1.979669 4.387416
v 7.181938 1.813213 4.390898
v 7.909512 1.585587 4.388082
v 7.793278 1.450437 4.382076
v 4.267224 1.199466 4.182677
v 4.844275 1.870077 4.208525
v 5.048855 1.620340 4.388081
v 4.089541 0.705280 4.151156
v 5.616014 2.301623 4.123690
v 5.722797 1.998161 4.387416
v 6.489387 2.443713 4.032405
v 6.485486 2.122686 4.381077
v 7.359027 2.280448 4.037037
v 7.244925 1.979669 4.387416
v 8.120077 1.830280 4.129565
v 7.909512 1.585587 4.388082
v 8.639394 1.146350 4.176627
v 8.264777 1.151633 4.358201
v 8.399057 0.987657 4.338494
v 8.745672 0.761379 4.157628
v 8.586057 0.467737 4.244725
v 8.665720 1.147360 4.176647
v 8.136176 1.848929 4.111743
v 7.367774 2.303376 4.010792
v 6.489684 2.468208 4.005450
v 5.607850 2.324756 4.109170
v 5.255062 2.152310 4.152818
v 4.828655 1.889111 4.197818
v 4.246006 1.212050 4.176957
v 4.064233 0.718623 4.147320
v 4.485139 2.202521 4.170197
v 2.913855 1.572831 4.238208
v 8.807964 1.146209 4.136348
v 9.008712 1.748810 3.986187
v 7.393115 2.376647 3.961202
v 7.422042 2.460162 3.868011
v 6.491183 2.591604 3.917931
v 4.485139 2.202521 4.170197
v 5.494776 2.670594 3.949476
v 2.855687 2.609501 4.113382
v 2.702598 2.904148 3.984147
v 2.918716 2.275888 4.228876
v 2.855064 0.753421 4.224818
v 2.918716 2.275888 4.228876
v 8.312510 2.064155 3.988935
v 9.109089 1.874287 3.860473
v 8.448335 2.229926 3.778344
v 8.885880 2.103478 3.720197
v 9.253005 1.961570 3.657753
v 8.243636 0.900515 4.325726
v 8.399057 0.987657 4.338494
v 8.397819 0.431315 4.235814
v 8.035233 1.154931 4.358245
v 8.264777 1.151633 4.358201
v 8.979385 0.017358 4.095847
v 8.452193 0.023763 4.097642
v 8.985743 0.462104 4.221827
v 8.450702 -0.002268 4.088423
v 8.979069 -0.008686 4.086649
v 9.306178 0.013388 3.994055
v 9.386456 0.457236 4.096735
v 9.300452 -0.012591 3.986495
v 9.602822 0.009784 3.748771
v 9.714643 0.453249 3.820307
v 8.447584 -0.258903 3.986695
v 8.975951 -0.265322 3.984922
v 9.237464 -0.268499 3.903192
v 9.506157 -0.271763 3.685130
v 4.362291 0.023060 4.079620
v 4.416354 0.022381 4.079620
v 2.550013 -0.250437 4.032957
v 4.249928 -0.271732 3.958320
v 2.821895 0.566982 4.304311
v 2.855064 0.753421 4.224818
v 4.064233 0.718623 4.147320
v 4.089541 0.705280 4.151156
v 4.362523 0.553010 4.252326
v 2.657590 0.055187 4.158115
v -3.195234 0.759774 4.327119
v 2.795385 0.567304 4.304311
v -3.027868 0.227677 4.193893
v 2.523481 -0.250094 4.032957
v -2.896248 -0.115060 4.063658
v 2.829155 2.609824 4.113382
v -3.563233 3.196507 3.871844
v 2.676110 2.904470 3.984147
v -3.616411 2.965265 3.991703
v 2.892207 2.276210 4.228876
v -3.618186 2.582005 4.153835
v 2.887323 1.573153 4.238208
v -3.618186 2.582005 4.153835
v 2.892207 2.276210 4.228876
v -3.472712 1.784543 4.223640
v 2.828530 0.753743 4.224818
v -3.263148 0.996257 4.246364
v 2.795385 0.567304 4.304311
v -3.263148 0.996257 4.246364
v 2.828530 0.753743 4.224818
v -3.195234 0.759774 4.327119
v -3.221435 0.760092 4.327119
v -3.443970 1.004372 4.246985
v -3.289346 0.996575 4.246364
v -3.525351 0.798257 4.332883
v -3.576638 1.045689 4.250798
v -3.687800 0.879063 4.344809
v -3.693385 1.118403 4.256426
v -3.815399 1.000150 4.359306
v -3.787448 1.226113 4.262058
v -3.908234 1.157792 4.371964
v -4.085344 2.062958 4.292471
v -4.190222 2.021291 4.349221
v -4.181270 2.510034 4.200654
v -4.336255 2.465916 4.216039
v -4.150969 2.553360 4.185448
v -4.306930 2.602542 4.168355
v -3.644363 2.582323 4.153835
v -3.498889 1.784861 4.223640
v -3.787448 1.226113 4.262058
v -3.289346 0.996575 4.246364
v -3.693385 1.118403 4.256426
v -3.576638 1.045689 4.250798
v -3.443970 1.004372 4.246985
v -5.825291 2.582480 4.189949
v -4.336255 2.465916 4.216039
v -5.012277 2.159770 4.331754
v -5.054809 2.109675 4.335919
v -4.494238 1.425509 4.377062
v -4.777297 1.149506 4.383092
v -5.262880 1.747011 4.432480
v -5.834595 2.559604 4.197995
v -5.965927 2.141339 4.428092
v -6.731233 2.722998 4.096066
v -6.767905 2.284784 4.418426
v -7.641555 2.581556 4.121515
v -7.573262 2.160866 4.401980
v -8.466441 2.151122 4.205864
v -8.282758 1.783698 4.389078
v -9.087134 1.481307 4.247825
v -8.799825 1.198375 4.338955
v -9.388309 0.654000 4.195024
v -9.049583 0.522901 4.233505
v -9.024557 0.152173 4.143239
v -9.454210 0.201975 4.100722
v -9.413682 0.658588 4.194069
v -9.109194 1.493901 4.246029
v -9.333443 1.308941 4.239558
v -8.481772 2.170129 4.200742
v -7.648654 2.604631 4.113026
v -6.946600 2.716105 4.093718
v -10.066463 1.650206 4.141976
v -10.098602 1.362620 4.144415
v -10.708724 1.409426 4.063038
v -10.800524 1.793003 4.051798
v -9.965630 2.287851 4.093563
v -10.924604 2.365987 3.992478
v -9.872388 2.776834 3.976252
v -10.888492 2.789178 3.925421
v -11.035921 2.367339 3.984100
v -8.367131 2.752650 4.039164
v -10.156313 0.716226 4.098794
v -10.732174 0.769533 3.992212
v -11.393218 1.945922 3.896184
v -11.442019 0.832205 3.701841
v -11.631885 1.809687 3.672780
v -11.115396 2.164836 3.995492
v -10.175384 0.283230 4.008904
v -10.733846 0.348806 3.910413
v -11.289268 0.413105 3.648061
v -4.932743 1.062408 4.370346
v -5.262880 1.747011 4.432480
v -4.777297 1.149506 4.383092
v -5.385696 1.612052 4.426541
v -5.965927 2.141339 4.428092
v -6.032596 1.975016 4.430820
v -6.767905 2.284784 4.418426
v -6.770837 2.107200 4.426141
v -7.573262 2.160866 4.401980
v -7.511567 1.992983 4.408074
v -8.282758 1.783698 4.389078
v -8.162724 1.645789 4.389542
v -8.799825 1.198375 4.338955
v -8.636456 1.107403 4.336362
v -9.049583 0.522901 4.233505
v -8.863880 0.445624 4.226278
v -9.024557 0.152173 4.143239
v -8.843453 0.132526 4.151087
v -4.607049 0.550202 4.270835
v -4.782955 0.521613 4.263367
v -4.617007 0.265051 4.194978
v -4.790160 -0.071545 4.086070
v -4.234151 0.425293 4.249333
v -4.318804 0.969975 4.355360
v -4.175940 0.972517 4.355826
v -3.936274 0.254918 4.199191
v -4.412973 1.501405 4.376798
v -2.922446 -0.114631 4.063703
v -3.054048 0.227995 4.193893
v -3.221435 0.760092 4.327119
v -3.525351 0.798257 4.332883
v -3.687800 0.879063 4.344809
v -3.815399 1.000150 4.359306
v -3.908234 1.157792 4.371964
v -4.190222 2.021291 4.349221
v -6.328682 2.677761 4.129741
v -6.729962 2.747392 4.086314
v -6.755953 3.100662 3.923915
v -5.828712 3.060023 3.955880
v -4.306930 2.602542 4.168355
v -4.717798 3.014360 3.974324
v -3.642588 2.965583 3.991703
v -4.664621 3.245469 3.845044
v -3.589432 3.196826 3.871844
v -3.644363 2.582323 4.153835
v -5.770263 3.290912 3.805541
v -6.769367 3.332314 3.761871
v -8.312202 3.361832 3.685061
v -8.339794 3.130723 3.870292
v -8.367131 2.752650 4.039164
v -9.716803 3.384705 3.577790
v -9.781101 3.154083 3.775813
v -10.774867 3.397559 3.480677
v -10.800244 3.166465 3.693883
v -9.872388 2.776834 3.976252
v -10.888492 2.789178 3.925421
v -5.770263 3.290912 3.805541
v -4.664090 3.289225 3.730880
v -4.664621 3.245469 3.845044
v -5.768913 3.334659 3.644318
v -6.766086 3.376015 3.547622
v -6.769367 3.332314 3.761871
v -8.305996 3.405475 3.367000
v -8.312202 3.361832 3.685061
v -9.875161 3.433539 3.177359
v -9.716803 3.384705 3.577790
v -10.882764 3.435935 3.116928
v -10.774867 3.397559 3.480677
v -3.589432 3.196826 3.871844
v -3.600672 3.240747 3.794701
v -3.445473 3.214563 3.808356
v 2.676110 2.904470 3.984147
v 1.374512 2.962538 3.897271
v -8.825311 3.419785 3.268377
v -8.990025 3.428969 3.182102
v -8.367131 2.752650 4.039164
v -9.781101 3.154083 3.775813
v -8.339794 3.130723 3.870292
v -9.872388 2.776834 3.976252
v -8.367131 2.752650 4.039164
v -9.965630 2.287851 4.093563
v -9.872388 2.776834 3.976252
v -8.481772 2.170129 4.200742
v -9.109194 1.493901 4.246029
v -10.066463 1.650206 4.141976
v 9.008712 1.748810 3.986187
v 8.824568 1.146007 4.084565
v 8.807964 1.146209 4.136348
v 9.038020 1.741648 3.933472
v 9.109089 1.874287 3.860473
v 9.133091 1.851937 3.810997
v 8.836639 1.086713 4.131516
v 8.848495 1.099139 4.081152
v 8.932340 0.945930 4.125308
v 8.918322 1.020211 4.077272
v 9.470901 0.939387 4.014117
v 9.440617 1.008435 3.977121
v 9.748240 0.936017 3.751721
v 9.706639 0.989596 3.727316
v 9.253005 1.961570 3.657753
v 9.236667 1.895815 3.610558
v 8.836639 1.086713 4.131516
v 8.932340 0.945930 4.125308
v 9.457994 0.752769 4.000727
v 9.470901 0.939387 4.014117
v 9.731297 0.749448 3.742676
v 9.748240 0.936017 3.751721
v 8.984840 0.530152 3.939434
v 8.898438 0.759523 3.976677
v 8.984840 0.530152 3.939434
v 8.985743 0.462104 4.221827
v 8.586057 0.467737 4.244725
v 9.386456 0.457236 4.096735
v 9.220130 0.527294 3.866082
v 9.714643 0.453249 3.820307
v 9.522205 0.523624 3.659260
v 9.522205 0.523624 3.659260
v 10.311259 0.446001 2.754006
v 9.714643 0.453249 3.820307
v 10.002495 0.517789 2.959655
v 10.311259 0.446001 2.754006
v 9.714643 0.453249 3.820307
v 10.273692 0.120018 2.612290
v 9.602822 0.009784 3.748771
v 10.311259 0.446001 2.754006
v 9.506157 -0.271763 3.685130
v 10.071387 -0.278630 2.675534
v 10.387798 0.286119 2.467869
v 10.626057 0.292336 1.798455
v 10.681416 0.737906 1.803088
v 10.364799 0.741752 2.685331
v 10.382496 0.928312 2.693090
v 9.748240 0.936017 3.751721
v 9.731297 0.749448 3.742676
v 10.699136 0.924466 1.810847
v 10.847438 0.735889 1.007963
v 10.866287 0.922435 1.012994
v 10.949311 0.734652 -0.000037
v 10.968916 0.921188 -0.000037
v 10.792080 0.290320 1.003308
v 10.893953 0.289082 -0.000037
v 9.706639 0.989596 3.727316
v 10.382496 0.928312 2.693090
v 9.748240 0.936017 3.751721
v 10.338897 0.981915 2.672365
v 10.699136 0.924466 1.810847
v 10.655560 0.978068 1.790142
v 10.866287 0.922435 1.012994
v 10.819653 0.976074 1.000072
v 10.968916 0.921188 -0.000037
v 10.920617 0.974848 -0.000037
v -2.922446 -0.114631 4.063703
v -4.791381 -0.172046 4.164611
v -4.790160 -0.071545 4.086070
v -2.897397 -0.209687 4.157871
v -2.896248 -0.115060 4.063658
v 2.522332 -0.344652 4.125218
v 2.523481 -0.250094 4.032957
v 2.550013 -0.250437 4.032957
v 4.258908 -0.366392 4.050560
v 4.249928 -0.271732 3.958320
v -2.897397 -0.209687 4.157871
v -4.797044 -0.638149 3.917884
v -4.791381 -0.172046 4.164611
v -2.903058 -0.675658 3.909129
v 2.517402 -0.750509 3.903656
v 2.522332 -0.344652 4.125218
v 4.380678 -0.773811 3.828929
v 4.258908 -0.366392 4.050560
v 4.416354 0.022381 4.079620
v 4.362291 0.023060 4.079620
v 4.258908 -0.366392 4.050560
v 4.249928 -0.271732 3.958320
v 4.362291 0.023060 4.079620
v -5.768913 3.334659 3.644318
v -4.662942 3.383717 3.698227
v -4.664090 3.289225 3.730880
v -5.765859 3.429063 3.610688
v -3.600672 3.240747 3.794701
v -4.566837 3.466017 3.674421
v -4.551049 3.603208 3.621218
v -3.916137 4.286551 3.343705
v -4.761130 4.246823 3.315021
v -3.894892 4.425646 3.267426
v -3.782513 4.530005 3.206952
v -4.867414 4.339430 3.262483
v -4.919999 4.540102 3.133667
v -4.963165 4.350214 3.250711
v -5.273372 4.480058 3.150515
v -5.248174 4.324237 3.248605
v -6.824332 4.081590 3.234484
v -6.784093 3.913945 3.328186
v -7.761646 3.804069 3.267647
v -6.936260 3.786282 3.370369
v -8.305996 3.405475 3.367000
v -6.916853 3.548060 3.467776
v -6.766086 3.376015 3.547622
v -6.759113 3.466534 3.514969
v -8.825311 3.419785 3.268377
v -3.576180 4.590639 3.169733
v -3.797359 4.704081 3.089377
v -2.464499 4.664611 3.122849
v -2.476902 4.756697 3.065547
v -1.106418 4.644476 3.119081
v -1.077373 4.745148 3.056081
v -0.239176 4.541228 3.175009
v -0.204085 4.628504 3.122139
v 0.254663 4.365945 3.272636
v 0.309843 4.460890 3.202432
v 1.504877 3.733479 3.572031
v 1.555666 3.822869 3.513818
v 2.118330 3.363938 3.726757
v 2.213294 3.439935 3.678391
v 2.689274 2.904243 3.915915
v 2.897941 2.946978 3.871845
v 2.662764 2.904565 3.915915
v 2.210761 3.474107 3.558374
v 2.897941 2.946978 3.871845
v 2.213294 3.439935 3.678391
v 2.988514 2.986335 3.757504
v 1.592622 3.857560 3.394823
v 1.555666 3.822869 3.513818
v 0.348731 4.497750 3.075610
v 0.309843 4.460890 3.202432
v -0.179102 4.690473 2.962823
v -0.204085 4.628504 3.122139
v -1.061474 4.800155 2.899910
v -1.077373 4.745148 3.056081
v -2.485669 4.821648 2.903235
v -2.476902 4.756697 3.065547
v -3.805979 4.768056 2.952936
v -3.797359 4.704081 3.089377
v -4.924501 4.603757 2.998292
v -4.919999 4.540102 3.133667
v -5.288042 4.526283 3.015315
v -5.273372 4.480058 3.150515
v -6.844849 4.126508 3.105603
v -6.824332 4.081590 3.234484
v -7.771475 3.849014 3.142688
v -7.761646 3.804069 3.267647
v -8.990025 3.428969 3.182102
v -8.825311 3.419785 3.268377
v 7.442204 2.475590 3.836601
v 8.645724 2.287894 3.478130
v 8.465476 2.242975 3.752429
v 7.619608 2.532670 3.558975
v 7.422042 2.460162 3.868011
v 8.448335 2.229926 3.778344
v 6.513255 2.610978 3.883085
v 6.689086 2.693683 3.603974
v 6.491183 2.591604 3.917931
v 5.521731 2.695984 3.905431
v 5.693040 2.798738 3.624014
v 5.494776 2.670594 3.949476
v 2.907319 2.932543 3.926222
v 3.375249 3.022429 3.663693
v 2.702598 2.904148 3.984147
v 9.082866 2.131922 3.425704
v 8.905543 2.114368 3.690961
v 8.885880 2.103478 3.720197
v 9.450048 1.992873 3.369375
v 9.268208 1.972004 3.635673
v 9.253005 1.961570 3.657753
v 9.450048 1.992873 3.369375
v 9.433711 1.927141 3.326815
v 9.236667 1.895815 3.610558
v 9.268208 1.972004 3.635673
v 9.253005 1.961570 3.657753
v 8.203506 2.633740 2.702112
v 9.342290 2.380057 2.513779
v 9.303450 2.374700 2.567201
v 8.282091 2.648039 2.605682
v 7.638403 2.532442 3.532440
v 8.664497 2.287666 3.451574
v 7.244742 2.789265 2.773491
v 7.351586 2.808608 2.653233
v 6.707882 2.693455 3.577441
v 6.212639 2.899060 2.827469
v 6.355695 2.928249 2.677971
v 5.711836 2.798510 3.597458
v 3.787947 3.139145 2.911904
v 3.854426 3.209655 2.740285
v 3.394044 3.022201 3.637160
v 9.893231 2.164332 2.427679
v 9.875021 2.163578 2.449869
v 9.101684 2.131694 3.399148
v 10.164840 2.025091 2.368071
v 9.468887 1.992644 3.342819
v 9.468887 1.992644 3.342819
v 10.148502 1.959359 2.325510
v 9.452528 1.926912 3.300256
v 10.164840 2.025091 2.368071
v 10.164840 2.025091 2.368071
v 10.416687 1.956101 1.174729
v 10.433046 2.021833 1.198537
v 10.501717 1.955068 -0.000037
v 10.518076 2.020800 -0.000037
v 8.282091 2.648039 2.605682
v 9.610929 2.418050 1.259387
v 9.342290 2.380057 2.513779
v 8.551115 2.715621 1.304630
v 7.351586 2.808608 2.653233
v 7.620896 2.897891 1.329835
v 6.355695 2.928249 2.677971
v 6.625185 3.032383 1.342958
v 3.854426 3.209655 2.740285
v 4.116049 3.317834 1.363262
v 10.146309 2.191252 1.241697
v 9.893231 2.164332 2.427679
v 10.433046 2.021833 1.198537
v 10.164840 2.025091 2.368071
v 9.695957 2.416950 -0.000037
v 8.636058 2.707496 -0.000037
v 7.705925 2.896858 -0.000037
v 6.710395 3.046269 -0.000037
v 4.163112 3.339541 -0.000038
v 10.518076 2.020800 -0.000037
v 10.231358 2.190153 -0.000037
v 8.984840 0.530152 3.939434
v 9.253847 0.755226 3.866082
v 9.220130 0.527294 3.866082
v 8.898438 0.759523 3.976677
v 9.555923 0.751556 3.659260
v 9.522205 0.523624 3.659260
v 10.036235 0.745721 2.919420
v 10.002495 0.517789 2.959655
v 10.364799 0.741752 2.685331
v 10.002495 0.517789 2.959655
v 10.036235 0.745721 2.919420
v 10.311259 0.446001 2.754006
v 8.898438 0.759523 3.976677
v 9.457994 0.752769 4.000727
v 9.253847 0.755226 3.866082
v 8.898438 0.759523 3.976677
v 8.745672 0.761379 4.157628
v 9.457994 0.752769 4.000727
v 9.253847 0.755226 3.866082
v 9.731297 0.749448 3.742676
v 9.555923 0.751556 3.659260
v 9.555923 0.751556 3.659260
v 10.364799 0.741752 2.685331
v 10.036235 0.745721 2.919420
v 9.731297 0.749448 3.742676
v 9.440617 1.008435 3.977121
v 9.107968 1.095987 3.831347
v 9.728212 1.088452 2.776397
v 8.952300 1.052608 4.033646
v 9.706639 0.989596 3.727316
v 10.338897 0.981915 2.672365
v 9.899355 1.086373 2.287138
v 10.655560 0.978068 1.790142
v 8.848495 1.099139 4.081152
v 9.849836 1.119740 2.313628
v 9.694972 1.118607 2.748708
v 9.817831 1.207986 2.384630
v 9.708221 1.209317 2.664073
v 8.918322 1.020211 4.077272
v 9.591206 1.090117 2.776397
v 8.775192 1.100030 4.081152
v 9.700374 1.088790 1.894175
v 9.860344 1.086847 1.104103
v 10.819653 0.976074 1.000072
v 9.958716 1.085652 -0.000037
v 10.920617 0.974848 -0.000037
v 9.564207 1.090445 2.287138
v 9.849836 1.119740 2.313628
v 9.817831 1.207986 2.384630
v 9.550069 1.211239 2.384630
v 9.694972 1.118607 2.748708
v 9.668411 1.209801 2.664073
v 9.708221 1.209317 2.664073
v 9.842485 1.948889 2.657954
v 9.802675 1.949372 2.657954
v 9.708221 1.209317 2.664073
v 9.970027 1.956384 2.379620
v 9.817831 1.207986 2.384630
v 9.842485 1.948889 2.657954
v 1.374512 2.962538 3.897271
v 2.662764 2.904565 3.915915
v 2.676110 2.904470 3.984147
v 2.662764 2.904565 3.915915
v 2.702598 2.904148 3.984147
v 2.676110 2.904470 3.984147
v 2.689274 2.904243 3.915915
v 2.702598 2.904148 3.984147
v 2.897941 2.946978 3.871845
v 2.907319 2.932543 3.926222
v 2.689274 2.904243 3.915915
v 2.988514 2.986335 3.757504
v 3.375249 3.022429 3.663693
v 10.273692 0.120018 2.612290
v 9.789483 -0.275205 2.660171
v 10.071387 -0.278630 2.675534
v 9.991572 0.105643 2.596927
v 10.387798 0.286119 2.467869
v 10.105653 0.271745 2.452507
v 10.626057 0.292336 1.798455
v 10.343959 0.277940 1.798455
v 10.792080 0.290320 1.003308
v 10.509934 0.275924 1.003308
v 10.893953 0.289082 -0.000037
v 10.611809 0.274664 -0.000037
v 2.891140 2.987518 3.757504
v 2.897941 2.946978 3.871845
v 2.754842 2.930871 3.897915
v 2.897941 2.946978 3.871845
v 2.891140 2.987518 3.757504
v 2.988514 2.986335 3.757504
v 9.789483 -0.275205 2.660171
v 10.386078 -0.282453 1.798455
v 10.071387 -0.278630 2.675534
v 10.104172 -0.279028 1.798455
v 10.552101 -0.284470 1.003308
v 10.270172 -0.281045 1.003308
v 10.653974 -0.285707 -0.000037
v 10.372045 -0.282282 -0.000037
v 10.270172 -0.281045 -1.003360
v 10.552101 -0.284470 -1.003360
v 10.104172 -0.279028 -1.798463
v 10.386078 -0.282453 -1.798463
v 9.789483 -0.275205 -2.660202
v 10.071387 -0.278629 -2.675607
v 8.975951 -0.265322 3.984922
v 8.453208 -0.294265 4.049009
v 8.447584 -0.258903 3.986695
v 8.981529 -0.300683 4.047214
v 9.237464 -0.268499 3.903192
v 9.265651 -0.304135 3.966258
v 9.506157 -0.271763 3.685130
v 9.571162 -0.307847 3.728112
v 10.071387 -0.278630 2.675534
v 9.571162 -0.307847 3.728112
v 9.506157 -0.271763 3.685130
v 10.156187 -0.314954 2.675534
v 10.386078 -0.282453 1.798455
v 10.470897 -0.318755 1.798455
v 10.552101 -0.284470 1.003308
v 10.636875 -0.320771 1.003308
v 10.653974 -0.285707 -0.000037
v 10.738749 -0.322008 -0.000037
v 8.981529 -0.300683 4.047214
v 8.462417 -0.541695 3.890445
v 8.453208 -0.294265 4.049009
v 8.941574 -0.547516 3.888935
v 9.265651 -0.304135 3.966258
v 9.166601 -0.550250 3.812925
v 9.571162 -0.307847 3.728112
v 9.414106 -0.553257 3.617895
v 9.571162 -0.307847 3.728112
v 10.129061 -0.367143 2.685067
v 9.414106 -0.553257 3.617895
v 10.156187 -0.314954 2.675534
v 10.470897 -0.318755 1.798455
v 10.443772 -0.370944 1.798455
v 10.636875 -0.320771 1.003308
v 10.609750 -0.372960 1.003308
v 10.738749 -0.322008 -0.000037
v 10.711623 -0.374197 -0.000037
v 9.625657 -0.555827 2.723859
v 10.001653 -0.560705 1.798455
v 10.167631 -0.562721 1.003308
v 10.269505 -0.563959 -0.000037
v 9.923809 -0.559449 2.723859
v 10.441862 0.276728 1.383946
v 10.403033 -0.282659 1.383945
v 10.202079 -0.280218 1.383945
v 10.643015 0.292130 1.383946
v 10.403033 -0.282659 1.298977
v 10.441862 0.276728 1.298977
v 10.202079 -0.280218 1.298977
v 10.643015 0.292130 1.298977
v 10.643015 0.292130 1.383946
v 10.429612 -0.282982 1.341450
v 10.403033 -0.282659 1.383945
v 10.669591 0.291808 1.341450
v 10.403033 -0.282659 1.298977
v 10.643015 0.292130 1.298977
v 10.429612 -0.282982 1.341450
v 10.669591 0.291808 1.341450
v 10.669591 0.291808 1.341450
v 10.429612 -0.282982 1.341450
v 9.038020 1.741648 3.933472
v 8.751307 1.146897 4.084565
v 8.824568 1.146007 4.084565
v 8.947208 1.742751 3.935512
v 9.133091 1.851937 3.810997
v 9.042256 1.853040 3.813036
v 8.775192 1.100030 4.081152
v 8.848495 1.099139 4.081152
v 9.236667 1.895815 3.610558
v 9.163364 1.896706 3.610558
v 9.433711 1.927141 3.326815
v 9.163364 1.896706 3.610558
v 9.236667 1.895815 3.610558
v 9.360428 1.928031 3.326815
v 9.970027 1.956384 2.379620
v 10.148502 1.959359 2.325510
v 9.878530 1.963326 1.894175
v 10.416687 1.956101 1.174729
v 10.038457 1.961383 1.104103
v 10.501717 1.955068 -0.000037
v 10.136871 1.960166 -0.000037
v 9.842485 1.948889 2.657954
v 9.379226 1.927803 3.300256
v 9.452528 1.926912 3.300256
v 9.702264 1.959637 2.379620
v 9.802675 1.949372 2.657954
v 9.817831 1.207986 2.384630
v 9.702264 1.959637 2.379620
v 9.550069 1.211239 2.384630
v 9.970027 1.956384 2.379620
v -0.178923 4.705214 2.888272
v 0.464502 4.622111 1.578198
v 0.348911 4.512535 3.001107
v -0.149445 4.815878 1.521804
v -1.061295 4.814940 2.825429
v -1.059600 4.952590 1.490371
v -2.485490 4.836409 2.828754
v -2.483499 5.000259 1.489018
v -3.811674 4.782932 2.878408
v -3.856092 4.948013 1.525373
v -4.930197 4.618592 2.923764
v -5.060599 4.784228 1.565827
v 0.492460 4.662451 -0.000038
v -0.142023 4.886730 -0.000038
v -1.058605 5.034493 -0.000038
v -2.482274 5.101026 -0.000039
v -3.879695 5.041586 -0.000039
v -5.129055 4.872117 -0.000039
v -10.890240 3.439243 3.079821
v -10.060503 3.544109 2.163085
v -9.880375 3.436683 3.148741
v -11.075459 3.521367 2.162951
v -10.157299 3.625870 1.052073
v -11.198351 3.589900 1.051939
v -10.157020 3.648921 -0.000040
v -11.239585 3.610132 -0.000040
v -9.194183 3.560054 2.163085
v -9.279255 3.641672 1.052073
v -9.305462 3.665068 -0.000040
v -8.996559 3.433151 3.149426
v 3.375249 3.022429 3.663693
v 3.378455 2.965150 3.621352
v 3.394044 3.022201 3.637160
v 3.351968 2.965472 3.663693
v 3.811855 3.134378 2.824587
v 3.787947 3.139145 2.911904
v 3.854426 3.209655 2.740285
v 4.092790 3.260877 1.363262
v 4.116049 3.317834 1.363262
v 4.139809 3.282606 -0.000038
v 4.163112 3.339541 -0.000038
v 3.351968 2.965472 3.663693
v 2.988514 2.986335 3.757504
v 3.378455 2.965150 3.621352
v 3.348791 3.023372 2.753628
v 3.811855 3.134378 2.824587
v 3.607737 3.057093 1.371264
v 4.092790 3.260877 1.363262
v 3.654082 3.063580 -0.000038
v 4.139809 3.282606 -0.000038
v 4.092790 3.260877 -1.363315
v 3.607737 3.057093 -1.371341
v 3.811856 3.134379 -2.824640
v 3.348792 3.023373 -2.753705
v 3.378456 2.965151 -3.621429
v 2.988516 2.986336 -3.757537
v 3.351969 2.965473 -3.663768
v 3.375249 3.022429 3.663693
v 2.988514 2.986335 3.757504
v 3.351968 2.965472 3.663693
v -10.939283 3.126742 3.142532
v -10.882764 3.435935 3.116928
v -10.774867 3.397559 3.480677
v -10.875099 3.119867 3.421532
v -10.800244 3.166465 3.693883
v -10.897610 2.994706 3.566484
v -10.888492 2.789178 3.925421
v -10.951427 2.853192 3.604149
v -11.035921 2.367339 3.984100
v -11.077683 2.519129 3.629750
v -11.153434 2.304055 3.612971
v -11.115396 2.164836 3.995492
v -11.234138 2.191906 3.476131
v -11.393218 1.945922 3.896184
v -11.380182 2.205097 2.743940
v -11.658004 1.986183 2.743940
v -11.631885 1.809687 3.672780
v -11.840466 1.812221 3.264452
v -11.985574 1.812898 2.756309
v -11.798669 1.987892 1.902772
v -12.126261 1.814607 1.915120
v -11.520847 2.206807 1.902772
v -11.897154 1.989088 1.048016
v -12.224721 1.815804 1.069984
v -11.619329 2.208003 1.048016
v -11.938624 1.989592 -0.000041
v -12.266194 1.816308 -0.000041
v -11.660780 2.208507 -0.000040
v -11.198351 3.589900 1.051939
v -11.286178 3.165385 -0.000040
v -11.239585 3.610132 -0.000040
v -11.244731 3.164882 1.051917
v -11.075459 3.521367 2.162951
v -11.132128 3.157838 2.198753
v -10.890240 3.439243 3.079821
v -11.031006 3.136593 2.743785
v -10.948247 3.127717 3.103585
v -11.520847 2.206807 1.902772
v -11.486638 2.551653 1.048792
v -11.388179 2.550457 1.931279
v -11.619329 2.208003 1.048016
v -11.357713 2.895971 1.049567
v -11.259206 2.894774 1.959188
v -11.191926 3.045991 1.996806
v -11.288355 3.061062 1.051009
v -11.528111 2.552157 -0.000040
v -11.660780 2.208507 -0.000040
v -11.399140 2.896474 -0.000040
v -11.329372 3.062559 -0.000040
v -11.216939 3.164058 1.051917
v -11.258186 3.165068 -0.000040
v -11.104135 3.157498 2.180331
v -11.442019 0.832205 3.701841
v -11.840466 1.812221 3.264452
v -11.631885 1.809687 3.672780
v -11.675537 0.835042 3.279527
v -11.611483 0.542032 3.165277
v -11.553846 0.417450 3.211340
v -11.289268 0.413105 3.648061
v -11.707709 0.668500 2.964372
v -11.748855 0.650156 2.716007
v -11.850946 0.836088 2.637824
v -11.712180 0.493951 2.515105
v -11.971708 0.837555 1.903924
v -11.985574 1.812898 2.756309
v -12.126261 1.814607 1.915120
v -11.685540 0.422065 2.491540
v -11.783645 0.418025 1.890424
v -12.224721 1.815804 1.069984
v -12.191184 1.603792 1.067546
v -12.005631 0.694777 1.018644
v -11.882105 0.419221 1.009776
v -12.266194 1.816308 -0.000041
v -12.234446 1.615669 -0.000041
v -12.044449 0.689396 -0.000041
v -11.923555 0.419725 -0.000041
v -12.005631 0.694777 1.018644
v -12.017063 0.770291 -0.000041
v -12.015620 0.770273 0.928267
v -12.044449 0.689396 -0.000041
v -12.234446 1.615669 -0.000041
v -12.011214 1.492556 0.929995
v -12.012595 1.504766 -0.000041
v -12.191184 1.603792 1.067546
v -12.015620 0.770273 0.928267
v -12.012595 1.504766 -0.000041
v -12.011214 1.492556 0.929995
v -12.017063 0.770291 -0.000041
v -12.011214 1.492556 0.929995
v -12.005631 0.694777 1.018644
v -12.015620 0.770273 0.928267
v -12.191184 1.603792 1.067546
v -11.132128 3.157838 2.198753
v -11.216939 3.164058 1.051917
v -11.244731 3.164882 1.051917
v -11.104135 3.157498 2.180331
v -11.258186 3.165068 -0.000040
v -11.244731 3.164882 1.051917
v -11.258186 3.165068 -0.000040
v -11.286178 3.165385 -0.000040
v -11.244731 3.164882 -1.051976
v -8.843453 0.132526 4.151087
v -8.843866 0.098545 4.205772
v -9.024557 0.152173 4.143239
v -9.454623 0.168017 4.155410
v -9.454210 0.201975 4.100722
v -10.175797 0.249249 4.063592
v -10.175384 0.283230 4.008904
v -10.754519 0.315072 3.965079
v -10.733846 0.348806 3.910413
v -11.329534 0.379609 3.676326
v -11.289268 0.413105 3.648061
v -11.289268 0.413105 3.648061
v -11.574160 0.373293 3.236500
v -11.553846 0.417450 3.211340
v -11.329534 0.379609 3.676326
v -11.641525 0.375552 3.057432
v -11.685540 0.422065 2.491540
v -11.838718 0.384708 1.890424
v -11.783645 0.418025 1.890424
v -11.713004 0.377019 2.653385
v -11.937200 0.385905 1.009776
v -11.882105 0.419221 1.009776
v -11.978652 0.386409 -0.000041
v -11.923555 0.419725 -0.000041
v -8.843866 0.098545 4.205772
v -9.465228 -0.051550 4.030141
v -9.454623 0.168017 4.155410
v -8.846794 -0.144326 4.080505
v -10.162946 0.051610 3.938323
v -10.175797 0.249249 4.063592
v -10.714471 0.137277 3.839833
v -10.754519 0.315072 3.965079
v -11.250234 0.217255 3.596123
v -11.329534 0.379609 3.676326
v -11.329534 0.379609 3.676326
v -11.520226 0.221266 3.182900
v -11.574160 0.373293 3.236500
v -11.587551 0.223525 3.041425
v -11.641525 0.375552 3.057432
v -11.329534 0.379609 3.676326
v -11.250234 0.217255 3.596123
v -11.713004 0.377019 2.653385
v -11.759396 0.222354 1.890424
v -11.838718 0.384708 1.890424
v -11.659051 0.225015 2.637380
v -11.857858 0.223550 1.009776
v -11.937200 0.385905 1.009776
v -11.899353 0.224054 -0.000041
v -11.978652 0.386409 -0.000041
v -11.748855 0.650156 2.716007
v -11.716619 0.394975 2.659282
v -11.712180 0.493951 2.515105
v -11.730649 0.486571 2.777234
v -11.707709 0.668500 2.964372
v -11.709370 0.497375 2.923029
v -11.611483 0.542032 3.165277
v -11.661783 0.423261 3.040984
v -11.553846 0.417450 3.211340
v -11.641525 0.375552 3.057432
v -11.713004 0.377019 2.653385
v -11.685540 0.422065 2.491540
v -11.587551 0.223525 3.041425
v -11.454556 0.373280 3.057432
v -11.641525 0.375552 3.057432
v -11.400604 0.221254 3.041425
v -11.713004 0.377019 2.653385
v -11.472079 0.222743 2.637380
v -11.659051 0.225015 2.637380
v -11.716619 0.394975 2.659282
v -11.529695 0.392704 2.659282
v -11.713004 0.377019 2.653385
v -11.529695 0.392704 2.659282
v -11.472079 0.222743 2.637380
v -11.730649 0.486571 2.777234
v -11.529695 0.392704 2.659282
v -11.716619 0.394975 2.659282
v -11.543680 0.484300 2.777234
v -11.709370 0.497375 2.923029
v -11.522443 0.495104 2.923029
v -11.661783 0.423261 3.040984
v -11.474859 0.420990 3.040984
v -11.641525 0.375552 3.057432
v -11.454556 0.373280 3.057432
v -11.400604 0.221254 3.041425
v -11.472079 0.222743 2.637380
v -11.529695 0.392704 2.659282
v -11.543680 0.484300 2.777234
v -11.522443 0.495104 2.923029
v -11.474859 0.420990 3.040984
v -11.454556 0.373280 3.057432
v 9.923809 -0.559449 2.723859
v 10.129061 -0.367143 2.685067
v 9.625657 -0.555827 2.723859
v 10.606800 0.274725 0.041615
v 10.567968 -0.284663 0.041615
v 10.367014 -0.282221 0.041615
v 10.807949 0.290105 0.041615
v 10.807949 0.290105 0.041615
v 10.594547 -0.284986 -0.000037
v 10.567968 -0.284663 0.041615
v 10.834525 0.289782 -0.000037
v 10.594547 -0.284986 -0.000037
v 10.834525 0.289782 -0.000037
v 10.567968 -0.284663 -0.041689
v 10.606800 0.274725 -0.041689
v 10.367014 -0.282221 -0.041689
v 10.807949 0.290105 -0.041689
v 10.594547 -0.284986 -0.000037
v 10.807949 0.290105 -0.041689
v 10.567968 -0.284663 -0.041689
v 10.834525 0.289782 -0.000037
v 10.594547 -0.284986 -0.000037
v 10.834525 0.289782 -0.000037
v 10.441862 0.276728 1.383946
v 10.403033 -0.282659 1.383945
v 10.202079 -0.280218 1.383945
v 10.403033 -0.282659 1.298977
v 10.441862 0.276728 1.298977
v 10.202079 -0.280218 1.298977
v 5.048857 1.620341 -4.388136
v 4.698188 0.943588 -4.325777
v 5.161773 1.482429 -4.382128
v 4.544908 1.034481 -4.338524
v 4.362525 0.553011 -4.252381
v 4.446951 0.281700 -4.186301
v 2.821896 0.566983 -4.304387
v 2.684123 0.054866 -4.158169
v 5.722799 1.998162 -4.387469
v 5.781745 1.830224 -4.390950
v 6.485488 2.122687 -4.381151
v 6.483329 1.944984 -4.388844
v 7.244927 1.979670 -4.387469
v 7.181940 1.813214 -4.390950
v 7.909513 1.585588 -4.388135
v 7.793280 1.450438 -4.382127
v 4.267225 1.199468 -4.182754
v 4.844275 1.870078 -4.208577
v 5.048857 1.620341 -4.388136
v 4.089542 0.705281 -4.151208
v 5.616015 2.301624 -4.123764
v 5.722799 1.998162 -4.387469
v 6.489388 2.443714 -4.032434
v 6.485488 2.122687 -4.381151
v 7.359028 2.280449 -4.037091
v 7.244927 1.979670 -4.387469
v 8.120079 1.830281 -4.129617
v 7.909513 1.585588 -4.388135
v 8.639396 1.146351 -4.176701
v 8.264779 1.151634 -4.358230
v 8.399059 0.987658 -4.338523
v 8.745674 0.761380 -4.157682
v 8.586059 0.467738 -4.244799
v 8.665722 1.147362 -4.176723
v 8.136178 1.848930 -4.111794
v 7.367774 2.303377 -4.010866
v 6.489685 2.468209 -4.005523
v 5.607851 2.324757 -4.109202
v 5.255063 2.152311 -4.152893
v 4.828656 1.889112 -4.197871
v 4.246007 1.212052 -4.177012
v 4.064234 0.718624 -4.147395
v 8.807966 1.146210 -4.136422
v 9.008714 1.748811 -3.986238
v 7.393116 2.376648 -3.961256
v 8.312511 2.064156 -3.988986
v 7.422043 2.460163 -3.868042
v 6.491184 2.591605 -3.917963
v 4.485140 2.202522 -4.170274
v 5.494777 2.670595 -3.949528
v 2.855689 2.609502 -4.113413
v 2.702599 2.904149 -3.984177
v 2.913857 1.572832 -4.238261
v 2.855066 0.753422 -4.224871
v 2.918718 2.275889 -4.228906
v 9.109091 1.874288 -3.860527
v 8.448337 2.229927 -3.778394
v 8.885881 2.103479 -3.720251
v 9.253007 1.961571 -3.657825
v 4.485140 2.202522 -4.170274
v 2.918718 2.275889 -4.228906
v 8.243638 0.900516 -4.325777
v 8.397777 0.431317 -4.235888
v 8.399059 0.987658 -4.338523
v 8.035234 1.154932 -4.358296
v 8.264779 1.151634 -4.358230
v 8.979387 0.017359 -4.095923
v 8.452195 0.023764 -4.097674
v 8.985744 0.462106 -4.221901
v 8.450704 -0.002266 -4.088497
v 8.979071 -0.008685 -4.086701
v 9.306180 0.013389 -3.994108
v 9.386457 0.457237 -4.096811
v 9.300454 -0.012590 -3.986571
v 9.602824 0.009785 -3.748802
v 9.714645 0.453250 -3.820336
v 8.447586 -0.258902 -3.986749
v 8.975953 -0.265321 -3.984998
v 9.237466 -0.268498 -3.903221
v 9.506159 -0.271763 -3.685203
v 4.246007 1.212052 -4.177012
v 4.485140 2.202522 -4.170274
v 2.913857 1.572832 -4.238261
v 4.828656 1.889112 -4.197871
v 4.362292 0.023062 -4.079674
v 4.416355 0.022382 -4.079674
v 2.550014 -0.250436 -4.032990
v 4.249928 -0.271731 -3.958351
v 4.064234 0.718624 -4.147395
v 2.855066 0.753422 -4.224871
v 2.821896 0.566983 -4.304387
v 4.089542 0.705281 -4.151208
v 4.362525 0.553011 -4.252381
v 2.657591 0.055189 -4.158169
v -3.195232 0.759775 -4.327177
v -3.027867 0.227678 -4.193948
v 2.795387 0.567305 -4.304387
v 2.523483 -0.250092 -4.032990
v -2.896246 -0.115059 -4.063738
v 2.829157 2.609825 -4.113413
v -3.563232 3.196508 -3.871899
v -3.616410 2.965266 -3.991760
v 2.676112 2.904471 -3.984177
v 2.892208 2.276211 -4.228906
v -3.618185 2.582006 -4.153893
v 2.887325 1.573154 -4.238261
v -3.618185 2.582006 -4.153893
v -3.472711 1.784544 -4.223698
v 2.892208 2.276211 -4.228906
v 2.828531 0.753744 -4.224871
v -3.263146 0.996258 -4.246441
v 2.795387 0.567305 -4.304387
v -3.263146 0.996258 -4.246441
v -3.195232 0.759775 -4.327177
v 2.828531 0.753744 -4.224871
v -3.221434 0.760094 -4.327177
v -3.443969 1.004373 -4.247040
v -3.525350 0.798258 -4.332961
v -3.289345 0.996576 -4.246441
v -3.576636 1.045690 -4.250832
v -3.687798 0.879065 -4.344844
v -3.693383 1.118405 -4.256484
v -3.815398 1.000152 -4.359386
v -3.787446 1.226114 -4.262115
v -3.908232 1.157793 -4.372044
v -4.085342 2.062959 -4.292507
v -4.190220 2.021292 -4.349254
v -4.181269 2.510035 -4.200711
v -4.336254 2.465917 -4.216094
v -4.150968 2.553361 -4.185525
v -4.306929 2.602543 -4.168435
v -3.644361 2.582324 -4.153893
v -3.498888 1.784862 -4.223698
v -3.787446 1.226114 -4.262115
v -3.289345 0.996576 -4.246441
v -3.693383 1.118405 -4.256484
v -3.576636 1.045690 -4.250832
v -3.443969 1.004373 -4.247040
v -4.336254 2.465917 -4.216094
v -5.825290 2.582481 -4.190004
v -5.012275 2.159771 -4.331809
v -5.054807 2.109676 -4.335999
v -4.494236 1.425510 -4.377120
v -4.777295 1.149507 -4.383148
v -5.262878 1.747012 -4.432494
v -5.834594 2.559605 -4.198050
v -5.965925 2.141340 -4.428126
v -6.731232 2.722999 -4.096103
v -6.767903 2.284785 -4.418462
v -7.641554 2.581557 -4.121573
v -7.573260 2.160866 -4.402036
v -8.466417 2.151123 -4.205898
v -8.282756 1.783700 -4.389134
v -9.087132 1.481308 -4.247863
v -8.799823 1.198376 -4.339014
v -9.388308 0.654001 -4.195081
v -9.049582 0.522902 -4.233565
v -9.024555 0.152175 -4.143299
v -9.454208 0.201976 -4.100802
v -9.413680 0.658589 -4.194151
v -9.109192 1.493902 -4.246067
v -9.333441 1.308943 -4.239615
v -8.481771 2.170130 -4.200800
v -7.648654 2.604632 -4.113082
v -6.946599 2.716106 -4.093774
v -9.965628 2.287852 -4.093619
v -8.367129 2.752650 -4.039222
v -9.872386 2.776835 -3.976289
v -10.924603 2.365988 -3.992538
v -10.888490 2.789179 -3.925458
v -11.035919 2.367340 -3.984157
v -10.800522 1.793004 -4.051880
v -10.066462 1.650207 -4.142033
v -10.708722 1.409427 -4.063073
v -10.098600 1.362621 -4.144495
v -10.156311 0.716228 -4.098851
v -10.732172 0.769534 -3.992272
v -11.393216 1.945922 -3.896241
v -11.442017 0.832206 -3.701899
v -11.631883 1.809688 -3.672837
v -11.115394 2.164837 -3.995574
v -10.175382 0.283231 -4.008963
v -10.733844 0.348807 -3.910450
v -11.289267 0.413106 -3.648143
v -4.932741 1.062409 -4.370401
v -5.262878 1.747012 -4.432494
v -5.385695 1.612053 -4.426552
v -4.777295 1.149507 -4.383148
v -5.965925 2.141340 -4.428126
v -6.032594 1.975017 -4.430854
v -6.767903 2.284785 -4.418462
v -6.770835 2.107201 -4.426178
v -7.573260 2.160866 -4.402036
v -7.511565 1.992984 -4.408131
v -8.282756 1.783700 -4.389134
v -8.162722 1.645790 -4.389578
v -8.799823 1.198376 -4.339014
v -8.636455 1.107404 -4.336420
v -9.049582 0.522902 -4.233565
v -8.863878 0.445625 -4.226316
v -9.024555 0.152175 -4.143299
v -8.843451 0.132527 -4.151166
v -4.607047 0.550204 -4.270916
v -4.782953 0.521614 -4.263422
v -4.617006 0.265052 -4.195058
v -4.790159 -0.071544 -4.086129
v -4.234149 0.425294 -4.249391
v -4.318802 0.969976 -4.355418
v -4.175938 0.972519 -4.355906
v -3.936273 0.254919 -4.199248
v -4.412971 1.501406 -4.376853
v -2.922444 -0.114630 -4.063760
v -3.054046 0.227996 -4.193948
v -3.221434 0.760094 -4.327177
v -3.525350 0.798258 -4.332961
v -3.687798 0.879065 -4.344844
v -3.815398 1.000152 -4.359386
v -3.908232 1.157793 -4.372044
v -4.190220 2.021292 -4.349254
v -6.328681 2.677762 -4.129796
v -6.729961 2.747393 -4.086370
v -6.755952 3.100663 -3.923973
v -5.828711 3.060024 -3.955937
v -4.306929 2.602543 -4.168435
v -4.717797 3.014361 -3.974381
v -3.642586 2.965584 -3.991760
v -4.664620 3.245470 -3.845098
v -3.589431 3.196827 -3.871899
v -3.644361 2.582324 -4.153893
v -5.770262 3.290913 -3.805574
v -6.769366 3.332315 -3.761906
v -8.312201 3.361833 -3.685139
v -8.339792 3.130723 -3.870326
v -8.367129 2.752650 -4.039222
v -9.716801 3.384706 -3.577850
v -9.781099 3.154084 -3.775872
v -9.872386 2.776835 -3.976289
v -10.774865 3.397560 -3.480734
v -10.800242 3.166466 -3.693940
v -10.888490 2.789179 -3.925458
v -5.770262 3.290913 -3.805574
v -4.664089 3.289226 -3.730937
v -5.768912 3.334660 -3.644396
v -4.664620 3.245470 -3.845098
v -6.766085 3.376016 -3.547680
v -6.769366 3.332315 -3.761906
v -8.305994 3.405476 -3.367036
v -8.312201 3.361833 -3.685139
v -9.875159 3.433540 -3.177393
v -9.716801 3.384706 -3.577850
v -10.882762 3.435936 -3.116943
v -10.774865 3.397560 -3.480734
v -3.589431 3.196827 -3.871899
v -3.600671 3.240748 -3.794734
v -3.445472 3.214564 -3.808413
v 2.676112 2.904471 -3.984177
v 1.374513 2.962539 -3.897324
v -8.825309 3.419786 -3.268391
v -8.990023 3.428970 -3.182116
v 9.008714 1.748811 -3.986238
v 8.824570 1.146008 -4.084617
v 9.038022 1.741649 -3.933501
v 8.807966 1.146210 -4.136422
v 9.109091 1.874288 -3.860527
v 9.133093 1.851938 -3.811048
v 8.836641 1.086714 -4.131590
v 8.848496 1.099141 -4.081181
v 8.932342 0.945931 -4.125384
v 8.918324 1.020213 -4.077346
v 9.470903 0.939388 -4.014145
v 9.440619 1.008436 -3.977149
v 9.748242 0.936018 -3.751750
v 9.706641 0.989597 -3.727366
v 9.253007 1.961571 -3.657825
v 9.236669 1.895816 -3.610633
v 8.836641 1.086714 -4.131590
v 8.932342 0.945931 -4.125384
v 9.457995 0.752770 -4.000758
v 9.470903 0.939388 -4.014145
v 9.731299 0.749449 -3.742728
v 9.748242 0.936018 -3.751750
v 8.984842 0.530154 -3.939487
v 8.898440 0.759524 -3.976727
v 8.984842 0.530154 -3.939487
v 8.586059 0.467738 -4.244799
v 8.985744 0.462106 -4.221901
v 9.386457 0.457237 -4.096811
v 9.220132 0.527295 -3.866113
v 9.714645 0.453250 -3.820336
v 9.522207 0.523625 -3.659335
v 9.522207 0.523625 -3.659335
v 10.311259 0.446002 -2.754059
v 10.002497 0.517790 -2.959705
v 9.714645 0.453250 -3.820336
v 10.311259 0.446002 -2.754059
v 9.714645 0.453250 -3.820336
v 10.273692 0.120019 -2.612341
v 10.311259 0.446002 -2.754059
v 9.602824 0.009785 -3.748802
v 9.506159 -0.271763 -3.685203
v 10.071387 -0.278629 -2.675607
v 10.387798 0.286120 -2.467921
v 10.626057 0.292337 -1.798463
v 10.681416 0.737906 -1.803117
v 10.364799 0.741753 -2.685406
v 10.382496 0.928313 -2.693141
v 9.748242 0.936018 -3.751750
v 9.731299 0.749449 -3.742728
v 10.699136 0.924466 -1.810876
v 10.847438 0.735889 -1.008014
v 10.866287 0.922435 -1.013025
v 10.949311 0.734652 -0.000037
v 10.968916 0.921188 -0.000037
v 10.792080 0.290320 -1.003360
v 10.893953 0.289082 -0.000037
v 9.706641 0.989597 -3.727366
v 10.382496 0.928313 -2.693141
v 10.338897 0.981915 -2.672438
v 9.748242 0.936018 -3.751750
v 10.699136 0.924466 -1.810876
v 10.655560 0.978068 -1.790150
v 10.866287 0.922435 -1.013025
v 10.819653 0.976075 -1.000123
v 10.968916 0.921188 -0.000037
v 10.920617 0.974848 -0.000037
v -2.922444 -0.114630 -4.063760
v -4.791380 -0.172045 -4.164667
v -2.897396 -0.209686 -4.157948
v -4.790159 -0.071544 -4.086129
v -2.896246 -0.115059 -4.063738
v 2.522334 -0.344651 -4.125274
v 2.523483 -0.250092 -4.032990
v 2.550014 -0.250436 -4.032990
v 4.258909 -0.366391 -4.050591
v 4.249928 -0.271731 -3.958351
v -2.897396 -0.209686 -4.157948
v -4.797043 -0.638148 -3.917943
v -2.903057 -0.675657 -3.909186
v -4.791380 -0.172045 -4.164667
v 2.517403 -0.750508 -3.903710
v 2.522334 -0.344651 -4.125274
v 4.380679 -0.773810 -3.828960
v 4.258909 -0.366391 -4.050591
v 4.416355 0.022382 -4.079674
v 4.362292 0.023062 -4.079674
v 4.258909 -0.366391 -4.050591
v 4.362292 0.023062 -4.079674
v 4.249928 -0.271731 -3.958351
v -5.768912 3.334660 -3.644396
v -4.662941 3.383718 -3.698262
v -5.765858 3.429064 -3.610768
v -4.664089 3.289226 -3.730937
v -3.600671 3.240748 -3.794734
v -4.566836 3.466018 -3.674498
v -4.551048 3.603209 -3.621297
v -3.916136 4.286551 -3.343760
v -4.761129 4.246823 -3.315053
v -3.894891 4.425646 -3.267480
v -3.782512 4.530005 -3.206964
v -4.867413 4.339430 -3.262494
v -4.919998 4.540102 -3.133702
v -4.963164 4.350214 -3.250724
v -5.273371 4.480059 -3.150525
v -5.248173 4.324237 -3.248640
v -6.824331 4.081590 -3.234520
v -6.784092 3.913946 -3.328222
v -7.761645 3.804070 -3.267703
v -6.936259 3.786283 -3.370405
v -8.305994 3.405476 -3.367036
v -6.916852 3.548061 -3.467809
v -6.766085 3.376016 -3.547680
v -6.759112 3.466535 -3.515004
v -8.825309 3.419786 -3.268391
v -3.576179 4.590639 -3.169768
v -3.797358 4.704082 -3.089387
v -2.464498 4.664612 -3.122883
v -2.476902 4.756698 -3.065582
v -1.106418 4.644477 -3.119092
v -1.077372 4.745149 -3.056114
v -0.239175 4.541228 -3.175021
v -0.204084 4.628505 -3.122151
v 0.254664 4.365945 -3.272645
v 0.309844 4.460890 -3.202440
v 1.504878 3.733480 -3.572084
v 1.555667 3.822870 -3.513849
v 2.118331 3.363939 -3.726790
v 2.213296 3.439936 -3.678443
v 2.689276 2.904244 -3.915968
v 2.897942 2.946979 -3.871875
v 2.662766 2.904566 -3.915968
v 2.210762 3.474108 -3.558430
v 2.897942 2.946979 -3.871875
v 2.988516 2.986336 -3.757537
v 2.213296 3.439936 -3.678443
v 1.592623 3.857561 -3.394856
v 1.555667 3.822870 -3.513849
v 0.348732 4.497751 -3.075643
v 0.309844 4.460890 -3.202440
v -0.179101 4.690474 -2.962854
v -0.204084 4.628505 -3.122151
v -1.061473 4.800156 -2.899989
v -1.077372 4.745149 -3.056114
v -2.485668 4.821649 -2.903292
v -2.476902 4.756698 -3.065582
v -3.805978 4.768057 -2.952970
v -3.797358 4.704082 -3.089387
v -4.924500 4.603758 -2.998324
v -4.919998 4.540102 -3.133702
v -5.288041 4.526284 -3.015347
v -5.273371 4.480059 -3.150525
v -6.844848 4.126509 -3.105614
v -6.824331 4.081590 -3.234520
v -7.771474 3.849015 -3.142702
v -7.761645 3.804070 -3.267703
v -8.990023 3.428970 -3.182116
v -8.825309 3.419786 -3.268391
v 7.442205 2.475590 -3.836652
v 8.645726 2.287895 -3.478158
v 7.619609 2.532671 -3.559026
v 8.465478 2.242976 -3.752460
v 7.422043 2.460163 -3.868042
v 8.448337 2.229927 -3.778394
v 6.513256 2.610979 -3.883137
v 6.689087 2.693684 -3.604048
v 6.491184 2.591605 -3.917963
v 5.521732 2.695985 -3.905483
v 5.693041 2.798739 -3.624065
v 5.494777 2.670595 -3.949528
v 2.907320 2.932544 -3.926275
v 3.375250 3.022430 -3.663768
v 2.702599 2.904149 -3.984177
v 9.082868 2.131923 -3.425732
v 8.905545 2.114369 -3.691011
v 8.885881 2.103479 -3.720251
v 9.450050 1.992874 -3.369406
v 9.268209 1.972005 -3.635726
v 9.253007 1.961571 -3.657825
v 9.268209 1.972005 -3.635726
v 9.253007 1.961571 -3.657825
v 9.236669 1.895816 -3.610633
v 9.450050 1.992874 -3.369406
v 9.433713 1.927142 -3.326865
v 8.203506 2.633741 -2.702163
v 9.342290 2.380058 -2.513807
v 8.282091 2.648039 -2.605736
v 9.303450 2.374701 -2.567274
v 7.638404 2.532443 -3.532470
v 8.664499 2.287667 -3.451625
v 7.244743 2.789266 -2.773567
v 7.351587 2.808608 -2.653286
v 6.707883 2.693456 -3.577492
v 6.212640 2.899060 -2.827500
v 6.355696 2.928249 -2.678025
v 5.711837 2.798511 -3.597532
v 3.787948 3.139146 -2.911936
v 3.854427 3.209656 -2.740337
v 3.394045 3.022202 -3.637212
v 9.893231 2.164333 -2.427708
v 9.875021 2.163579 -2.449920
v 9.101686 2.131695 -3.399154
v 10.164840 2.025092 -2.368123
v 9.468889 1.992645 -3.342848
v 9.468889 1.992645 -3.342848
v 10.148502 1.959360 -2.325561
v 10.164840 2.025092 -2.368123
v 9.452530 1.926913 -3.300287
v 10.164840 2.025092 -2.368123
v 10.416687 1.956101 -1.174780
v 10.433046 2.021834 -1.198610
v 10.501717 1.955068 -0.000037
v 10.518076 2.020800 -0.000037
v 8.282091 2.648039 -2.605736
v 9.610929 2.418051 -1.259460
v 8.551115 2.715622 -1.304704
v 9.342290 2.380058 -2.513807
v 7.351587 2.808608 -2.653286
v 7.620896 2.897891 -1.329886
v 6.355696 2.928249 -2.678025
v 6.625185 3.032383 -1.343010
v 3.854427 3.209656 -2.740337
v 4.116049 3.317835 -1.363315
v 10.146309 2.191253 -1.241770
v 9.893231 2.164333 -2.427708
v 10.433046 2.021834 -1.198610
v 10.164840 2.025092 -2.368123
v 9.695957 2.416950 -0.000037
v 8.636058 2.707496 -0.000037
v 7.705925 2.896858 -0.000037
v 6.710395 3.046269 -0.000037
v 4.163112 3.339541 -0.000038
v 10.518076 2.020800 -0.000037
v 10.231358 2.190153 -0.000037
v 8.984842 0.530154 -3.939487
v 9.253849 0.755227 -3.866113
v 8.898440 0.759524 -3.976727
v 9.220132 0.527295 -3.866113
v 9.555925 0.751557 -3.659335
v 9.522207 0.523625 -3.659335
v 10.036237 0.745722 -2.919473
v 10.002497 0.517790 -2.959705
v 10.364799 0.741753 -2.685406
v 10.002497 0.517790 -2.959705
v 10.311259 0.446002 -2.754059
v 10.036237 0.745722 -2.919473
v 8.898440 0.759524 -3.976727
v 9.457995 0.752770 -4.000758
v 8.745674 0.761380 -4.157682
v 9.253849 0.755227 -3.866113
v 9.731299 0.749449 -3.742728
v 9.555925 0.751557 -3.659335
v 8.898440 0.759524 -3.976727
v 9.253849 0.755227 -3.866113
v 9.457995 0.752770 -4.000758
v 9.555925 0.751557 -3.659335
v 10.364799 0.741753 -2.685406
v 9.731299 0.749449 -3.742728
v 10.036237 0.745722 -2.919473
v 9.440619 1.008436 -3.977149
v 9.107970 1.095988 -3.831398
v 8.952302 1.052609 -4.033700
v 9.728212 1.088453 -2.776469
v 9.706641 0.989597 -3.727366
v 10.338897 0.981915 -2.672438
v 9.899334 1.086374 -2.287167
v 10.655560 0.978068 -1.790150
v 8.848496 1.099141 -4.081181
v 9.849836 1.119741 -2.313657
v 9.694972 1.118607 -2.748759
v 9.817831 1.207986 -2.384681
v 9.708221 1.209318 -2.664145
v 8.918324 1.020213 -4.077346
v 9.591206 1.090117 -2.776469
v 8.775194 1.100031 -4.081181
v 9.700374 1.088791 -1.894204
v 9.860344 1.086847 -1.104155
v 10.819653 0.976075 -1.000123
v 9.958716 1.085652 -0.000037
v 10.920617 0.974848 -0.000037
v 9.564207 1.090445 -2.287167
v 9.849836 1.119741 -2.313657
v 9.817831 1.207986 -2.384681
v 9.550069 1.211239 -2.384681
v 9.668411 1.209802 -2.664145
v 9.694972 1.118607 -2.748759
v 9.708221 1.209318 -2.664145
v 9.842485 1.948889 -2.658007
v 9.802675 1.949373 -2.658007
v 9.708221 1.209318 -2.664145
v 9.970027 1.956384 -2.379649
v 9.842485 1.948889 -2.658007
v 9.817831 1.207986 -2.384681
v 1.374513 2.962539 -3.897324
v 2.676112 2.904471 -3.984177
v 2.662766 2.904566 -3.915968
v 2.662766 2.904566 -3.915968
v 2.702599 2.904149 -3.984177
v 2.689276 2.904244 -3.915968
v 2.676112 2.904471 -3.984177
v 2.702599 2.904149 -3.984177
v 2.897942 2.946979 -3.871875
v 2.689276 2.904244 -3.915968
v 2.907320 2.932544 -3.926275
v 2.988516 2.986336 -3.757537
v 3.375250 3.022430 -3.663768
v 10.273692 0.120019 -2.612341
v 9.789483 -0.275205 -2.660202
v 9.991549 0.105644 -2.596980
v 10.071387 -0.278629 -2.675607
v 10.387798 0.286120 -2.467921
v 10.105653 0.271746 -2.452559
v 10.626057 0.292337 -1.798463
v 10.343959 0.277940 -1.798463
v 10.792080 0.290320 -1.003360
v 10.509934 0.275924 -1.003360
v 10.893953 0.289082 -0.000037
v 10.611809 0.274664 -0.000037
v 2.891141 2.987519 -3.757537
v 2.754843 2.930871 -3.897968
v 2.897942 2.946979 -3.871875
v 2.897942 2.946979 -3.871875
v 2.988516 2.986336 -3.757537
v 2.891141 2.987519 -3.757537
v 8.975953 -0.265321 -3.984998
v 8.453210 -0.294264 -4.049061
v 8.981531 -0.300682 -4.047265
v 8.447586 -0.258902 -3.986749
v 9.237466 -0.268498 -3.903221
v 9.265653 -0.304134 -3.966310
v 9.506159 -0.271763 -3.685203
v 9.571164 -0.307846 -3.728141
v 10.071387 -0.278629 -2.675607
v 9.571164 -0.307846 -3.728141
v 10.156187 -0.314953 -2.675607
v 9.506159 -0.271763 -3.685203
v 10.386078 -0.282453 -1.798463
v 10.470897 -0.318754 -1.798463
v 10.552101 -0.284470 -1.003360
v 10.636875 -0.320771 -1.003360
v 10.653974 -0.285707 -0.000037
v 10.738749 -0.322008 -0.000037
v 8.981531 -0.300682 -4.047265
v 8.462419 -0.541694 -3.890496
v 8.941576 -0.547515 -3.888989
v 8.453210 -0.294264 -4.049061
v 9.265653 -0.304134 -3.966310
v 9.166603 -0.550249 -3.812954
v 9.571164 -0.307846 -3.728141
v 9.414108 -0.553256 -3.617946
v 9.571164 -0.307846 -3.728141
v 10.129061 -0.367142 -2.685118
v 10.156187 -0.314953 -2.675607
v 9.414108 -0.553256 -3.617946
v 10.470897 -0.318754 -1.798463
v 10.443772 -0.370943 -1.798463
v 10.636875 -0.320771 -1.003360
v 10.609750 -0.372960 -1.003360
v 10.738749 -0.322008 -0.000037
v 10.711623 -0.374197 -0.000037
v 9.625657 -0.555826 -2.723910
v 10.001653 -0.560705 -1.798463
v 10.167631 -0.562721 -1.003360
v 10.269505 -0.563959 -0.000037
v 9.923809 -0.559448 -2.723910
v 10.441862 0.276729 -1.383997
v 10.403033 -0.282659 -1.383997
v 10.643015 0.292131 -1.383997
v 10.202079 -0.280217 -1.383997
v 10.403033 -0.282659 -1.299029
v 10.441862 0.276729 -1.299029
v 10.643015 0.292131 -1.299029
v 10.202079 -0.280217 -1.299029
v 10.643015 0.292131 -1.383997
v 10.429612 -0.282982 -1.341524
v 10.669591 0.291808 -1.341524
v 10.403033 -0.282659 -1.383997
v 10.403033 -0.282659 -1.299029
v 10.643015 0.292131 -1.299029
v 10.429612 -0.282982 -1.341524
v 10.669591 0.291808 -1.341524
v 10.669591 0.291808 -1.341524
v 10.429612 -0.282982 -1.341524
v 9.038022 1.741649 -3.933501
v 8.751309 1.146898 -4.084617
v 8.947210 1.742752 -3.935541
v 8.824570 1.146008 -4.084617
v 9.133093 1.851938 -3.811048
v 9.042258 1.853041 -3.813065
v 8.775194 1.100031 -4.081181
v 8.848496 1.099141 -4.081181
v 9.236669 1.895816 -3.610633
v 9.163366 1.896706 -3.610633
v 9.433713 1.927142 -3.326865
v 9.163366 1.896706 -3.610633
v 9.360430 1.928032 -3.326865
v 9.236669 1.895816 -3.610633
v 9.970027 1.956384 -2.379649
v 9.878530 1.963326 -1.894204
v 10.148502 1.959360 -2.325561
v 10.416687 1.956101 -1.174780
v 10.038457 1.961383 -1.104132
v 10.501717 1.955068 -0.000037
v 10.136871 1.960166 -0.000037
v 9.842485 1.948889 -2.658007
v 9.379228 1.927804 -3.300287
v 9.452530 1.926913 -3.300287
v 9.702264 1.959637 -2.379649
v 9.802675 1.949373 -2.658007
v 9.817831 1.207986 -2.384681
v 9.702264 1.959637 -2.379649
v 9.970027 1.956384 -2.379649
v 9.550069 1.211239 -2.384681
v -0.178922 4.705215 -2.888350
v 0.464502 4.622111 -1.578230
v -0.149445 4.815878 -1.521814
v 0.348912 4.512536 -3.001137
v -1.061294 4.814941 -2.825461
v -1.059600 4.952590 -1.490402
v -2.485489 4.836410 -2.828786
v -2.483498 5.000259 -1.489073
v -3.811673 4.782933 -2.878465
v -3.856091 4.948013 -1.525405
v -4.930196 4.618593 -2.923841
v -5.060598 4.784228 -1.565839
v 0.492460 4.662451 -0.000038
v -0.142023 4.886730 -0.000038
v -1.058605 5.034493 -0.000038
v -2.482274 5.101026 -0.000039
v -3.879695 5.041586 -0.000039
v -5.129055 4.872117 -0.000039
v -10.890238 3.439244 -3.079858
v -10.060503 3.544110 -2.163165
v -11.075459 3.521368 -2.163010
v -9.880373 3.436684 -3.148775
v -10.157299 3.625870 -1.052109
v -11.198351 3.589900 -1.051976
v -10.157020 3.648921 -0.000040
v -11.239585 3.610132 -0.000040
v -9.194183 3.560054 -2.163165
v -9.279255 3.641672 -1.052109
v -9.305462 3.665068 -0.000040
v -8.996557 3.433151 -3.149463
v 3.375250 3.022430 -3.663768
v 3.378456 2.965151 -3.621429
v 3.351969 2.965473 -3.663768
v 3.394045 3.022202 -3.637212
v 3.811856 3.134379 -2.824640
v 3.787948 3.139146 -2.911936
v 3.854427 3.209656 -2.740337
v 4.092790 3.260877 -1.363315
v 4.116049 3.317835 -1.363315
v 4.139809 3.282606 -0.000038
v 4.163112 3.339541 -0.000038
v 3.375250 3.022430 -3.663768
v 3.351969 2.965473 -3.663768
v 2.988516 2.986336 -3.757537
v -10.875097 3.119868 -3.421592
v -10.800242 3.166466 -3.693940
v -10.774865 3.397560 -3.480734
v -10.882762 3.435936 -3.116943
v -10.939281 3.126743 -3.142547
v -10.897608 2.994707 -3.566521
v -10.888490 2.789179 -3.925458
v -10.951425 2.853193 -3.604228
v -11.035919 2.367340 -3.984157
v -11.077682 2.519130 -3.629810
v -11.153432 2.304056 -3.613051
v -11.115394 2.164837 -3.995574
v -11.234136 2.191907 -3.476167
v -11.393216 1.945922 -3.896241
v -11.380182 2.205098 -2.744020
v -11.658004 1.986184 -2.744020
v -11.631883 1.809688 -3.672837
v -11.840464 1.812222 -3.264490
v -11.985574 1.812899 -2.756366
v -11.798669 1.987892 -1.902831
v -12.126261 1.814608 -1.915178
v -11.520847 2.206807 -1.902831
v -11.897154 1.989089 -1.048052
v -12.224721 1.815804 -1.070020
v -11.619329 2.208004 -1.048052
v -11.938624 1.989592 -0.000041
v -12.266194 1.816308 -0.000041
v -11.660780 2.208507 -0.000040
v -11.198351 3.589900 -1.051976
v -11.286178 3.165385 -0.000040
v -11.244731 3.164882 -1.051976
v -11.239585 3.610132 -0.000040
v -11.075459 3.521368 -2.163010
v -11.132128 3.157839 -2.198833
v -10.890238 3.439244 -3.079858
v -11.031006 3.136594 -2.743842
v -10.948245 3.127717 -3.103620
v -11.520847 2.206807 -1.902831
v -11.486638 2.551653 -1.048828
v -11.619329 2.208004 -1.048052
v -11.388179 2.550457 -1.931316
v -11.357713 2.895971 -1.049604
v -11.259206 2.894774 -1.959247
v -11.191926 3.045991 -1.996865
v -11.288355 3.061062 -1.051067
v -11.528111 2.552157 -0.000040
v -11.660780 2.208507 -0.000040
v -11.399140 2.896474 -0.000040
v -11.329372 3.062559 -0.000040
v -11.216939 3.164059 -1.051976
v -11.258186 3.165068 -0.000040
v -11.104135 3.157499 -2.180389
v -11.442017 0.832206 -3.701899
v -11.840464 1.812222 -3.264490
v -11.675535 0.835043 -3.279566
v -11.631883 1.809688 -3.672837
v -11.611481 0.542032 -3.165313
v -11.553844 0.417451 -3.211356
v -11.289267 0.413106 -3.648143
v -11.707707 0.668501 -2.964432
v -11.850946 0.836089 -2.637882
v -11.748855 0.650156 -2.716090
v -11.712180 0.493952 -2.515162
v -11.971708 0.837556 -1.903983
v -11.985574 1.812899 -2.756366
v -12.126261 1.814608 -1.915178
v -11.685540 0.422066 -2.491598
v -11.783645 0.418025 -1.890484
v -12.224721 1.815804 -1.070020
v -12.191184 1.603793 -1.067605
v -12.005631 0.694777 -1.018681
v -11.882105 0.419221 -1.009814
v -12.266194 1.816308 -0.000041
v -12.234446 1.615669 -0.000041
v -12.044449 0.689396 -0.000041
v -11.923555 0.419725 -0.000041
v -12.005631 0.694777 -1.018681
v -12.017063 0.770291 -0.000041
v -12.044449 0.689396 -0.000041
v -12.015620 0.770273 -0.928326
v -12.234446 1.615669 -0.000041
v -12.011214 1.492556 -0.930033
v -12.191184 1.603793 -1.067605
v -12.012595 1.504766 -0.000041
v -12.015620 0.770273 -0.928326
v -12.012595 1.504766 -0.000041
v -12.017063 0.770291 -0.000041
v -12.011214 1.492556 -0.930033
v -12.011214 1.492556 -0.930033
v -12.005631 0.694777 -1.018681
v -12.191184 1.603793 -1.067605
v -12.015620 0.770273 -0.928326
v -11.132128 3.157839 -2.198833
v -11.216939 3.164059 -1.051976
v -11.104135 3.157499 -2.180389
v -11.244731 3.164882 -1.051976
v -11.258186 3.165068 -0.000040
v -8.843451 0.132527 -4.151166
v -9.024555 0.152175 -4.143299
v -8.843864 0.098547 -4.205854
v -9.454621 0.168018 -4.155468
v -9.454208 0.201976 -4.100802
v -10.175795 0.249250 -4.063628
v -10.175382 0.283231 -4.008963
v -10.754518 0.315073 -3.965139
v -10.733844 0.348807 -3.910450
v -11.329532 0.379610 -3.676384
v -11.289267 0.413106 -3.648143
v -11.289267 0.413106 -3.648143
v -11.574158 0.373293 -3.236538
v -11.329532 0.379610 -3.676384
v -11.553844 0.417451 -3.211356
v -11.641523 0.375553 -3.057446
v -11.685540 0.422066 -2.491598
v -11.838718 0.384709 -1.890484
v -11.713004 0.377020 -2.653445
v -11.783645 0.418025 -1.890484
v -11.937200 0.385905 -1.009814
v -11.882105 0.419221 -1.009814
v -11.978652 0.386409 -0.000041
v -11.923555 0.419725 -0.000041
v -8.843864 0.098547 -4.205854
v -9.465226 -0.051549 -4.030222
v -8.846792 -0.144324 -4.080564
v -9.454621 0.168018 -4.155468
v -10.162944 0.051611 -3.938383
v -10.175795 0.249250 -4.063628
v -10.714469 0.137278 -3.839869
v -10.754518 0.315073 -3.965139
v -11.250232 0.217256 -3.596205
v -11.329532 0.379610 -3.676384
v -11.329532 0.379610 -3.676384
v -11.520225 0.221267 -3.182913
v -11.250232 0.217256 -3.596205
v -11.329532 0.379610 -3.676384
v -11.574158 0.373293 -3.236538
v -11.587549 0.223526 -3.041441
v -11.641523 0.375553 -3.057446
v -11.713004 0.377020 -2.653445
v -11.759396 0.222354 -1.890484
v -11.659051 0.225016 -2.637416
v -11.838718 0.384709 -1.890484
v -11.857858 0.223550 -1.009815
v -11.937200 0.385905 -1.009814
v -11.899353 0.224054 -0.000041
v -11.978652 0.386409 -0.000041
v -11.748855 0.650156 -2.716090
v -11.716619 0.394976 -2.659340
v -11.730649 0.486572 -2.777294
v -11.712180 0.493952 -2.515162
v -11.707707 0.668501 -2.964432
v -11.709368 0.497375 -2.923090
v -11.611481 0.542032 -3.165313
v -11.661781 0.423262 -3.041020
v -11.553844 0.417451 -3.211356
v -11.641523 0.375553 -3.057446
v -11.713004 0.377020 -2.653445
v -11.685540 0.422066 -2.491598
v -11.587549 0.223526 -3.041441
v -11.454555 0.373281 -3.057446
v -11.400602 0.221255 -3.041441
v -11.641523 0.375553 -3.057446
v -11.713004 0.377020 -2.653445
v -11.472079 0.222744 -2.637416
v -11.529695 0.392705 -2.659340
v -11.713004 0.377020 -2.653445
v -11.659051 0.225016 -2.637416
v -11.472079 0.222744 -2.637416
v -11.716619 0.394976 -2.659340
v -11.529695 0.392705 -2.659340
v -11.730649 0.486572 -2.777294
v -11.529695 0.392705 -2.659340
v -11.543680 0.484301 -2.777294
v -11.716619 0.394976 -2.659340
v -11.709368 0.497375 -2.923090
v -11.522441 0.495104 -2.923090
v -11.661781 0.423262 -3.041020
v -11.474857 0.420991 -3.041020
v -11.641523 0.375553 -3.057446
v -11.454555 0.373281 -3.057446
v -11.400602 0.221255 -3.041441
v -11.454555 0.373281 -3.057446
v -11.474857 0.420991 -3.041020
v -11.472079 0.222744 -2.637416
v -11.522441 0.495104 -2.923090
v -11.543680 0.484301 -2.777294
v -11.529695 0.392705 -2.659340
v 9.923809 -0.559448 -2.723910
v 9.625657 -0.555826 -2.723910
v 10.129061 -0.367142 -2.685118
v 10.441862 0.276729 -1.383997
v 10.202079 -0.280217 -1.383997
v 10.403033 -0.282659 -1.383997
v 10.403033 -0.282659 -1.299029
v 10.202079 -0.280217 -1.299029
v 10.441862 0.276729 -1.299029
v -10.177684 3.563046 3.511599
v -10.977524 3.780044 3.235127
v -10.303867 3.668973 3.262416
v -10.854078 3.683859 3.462189
v -10.977524 3.780044 3.235127
v -10.520783 3.771612 2.050142
v -10.303867 3.668973 3.262416
v -11.223390 3.857629 2.077584
v -10.617738 3.840585 0.997120
v -11.374787 3.913739 1.010398
v -10.645649 3.863980 -0.000040
v -11.425508 3.934063 -0.000040
v -10.177239 3.599466 -3.515138
v -10.995628 3.762264 -3.101449
v -10.853635 3.720257 -3.465748
v -10.340837 3.651422 -3.128735
v -10.995628 3.762264 -3.101449
v -10.520783 3.771613 -2.050177
v -11.223390 3.857630 -2.077643
v -10.340837 3.651422 -3.128735
v -10.617738 3.840585 -0.997178
v -11.374787 3.913739 -1.010456
v -10.645649 3.863980 -0.000040
v -11.425508 3.934063 -0.000040
v -10.102856 3.470379 3.544052
v -10.303867 3.668973 3.262416
v -10.229045 3.576262 3.262416
v -10.177684 3.563046 3.511599
v -10.741774 3.530194 3.494664
v -10.854078 3.683859 3.462189
v -10.229045 3.576262 3.262416
v -10.520783 3.771612 2.050142
v -10.445961 3.678901 2.050142
v -10.303867 3.668973 3.262416
v -10.617738 3.840585 0.997120
v -10.542910 3.747896 0.997120
v -10.645649 3.863980 -0.000040
v -10.570826 3.771313 -0.000040
v -10.617738 3.840585 -0.997178
v -10.542910 3.747896 -0.997178
v -10.520783 3.771613 -2.050177
v -10.445961 3.678902 -2.050177
v -10.340837 3.651422 -3.128735
v -10.265988 3.558710 -3.128757
v -10.265988 3.558710 -3.128757
v -10.177239 3.599466 -3.515138
v -10.102412 3.506776 -3.547614
v -10.340837 3.651422 -3.128735
v -10.853635 3.720257 -3.465748
v -10.741329 3.566614 -3.498202
v -10.865173 3.626376 3.267580
v -10.854078 3.683859 3.462189
v -10.741774 3.530194 3.494664
v -10.977524 3.780044 3.235127
v -10.229045 3.576262 3.262416
v -10.102856 3.470379 3.544052
v -11.111172 3.691240 2.108553
v -10.977524 3.780044 3.235127
v -10.865173 3.626376 3.267580
v -11.223390 3.857629 2.077584
v -11.262416 3.760117 1.041388
v -11.374787 3.913739 1.010398
v -11.313134 3.780442 0.030950
v -11.425508 3.934063 -0.000040
v -11.262416 3.760118 -0.979466
v -11.374787 3.913739 -1.010456
v -11.111172 3.691240 -2.046653
v -11.223390 3.857630 -2.077643
v -10.883282 3.608596 -3.068996
v -10.995628 3.762264 -3.101449
v -10.445961 3.678901 2.050142
v -10.229045 3.576262 3.262416
v -10.542910 3.747896 0.997120
v -10.570826 3.771313 -0.000040
v -10.265988 3.558710 -3.128757
v -10.445961 3.678902 -2.050177
v -10.542910 3.747896 -0.997178
v -10.741329 3.566614 -3.498202
v -10.995628 3.762264 -3.101449
v -10.883282 3.608596 -3.068996
v -10.853635 3.720257 -3.465748
v -10.102412 3.506776 -3.547614
v -10.265988 3.558710 -3.128757
v -10.560186 3.502870 2.034048
v -10.998637 3.700780 2.001883
v -10.956992 3.511926 2.001883
v -10.601830 3.691702 2.034048
v -11.017795 3.512665 2.092615
v -11.059438 3.701519 2.092615
v -10.541030 3.690963 2.092615
v -10.499364 3.502131 2.092615
v -10.956972 3.511926 2.183324
v -10.601830 3.691702 2.151159
v -10.560186 3.502870 2.151159
v -10.998612 3.700780 2.183324
v -10.499364 3.502131 2.092615
v -10.541030 3.690963 2.092615
v -11.059438 3.701519 2.092615
v -11.017795 3.512665 2.092615
v -10.560186 3.502871 -2.151239
v -10.998637 3.700781 -2.183427
v -10.956972 3.511926 -2.183427
v -10.601830 3.691702 -2.151239
v -11.017795 3.512665 -2.092695
v -11.059438 3.701519 -2.092695
v -10.541008 3.690964 -2.092694
v -10.499364 3.502132 -2.092694
v -10.956972 3.511926 -2.001941
v -10.601830 3.691702 -2.034128
v -10.560186 3.502871 -2.034128
v -10.998612 3.700780 -2.001941
v -10.499364 3.502132 -2.092694
v -10.541008 3.690964 -2.092694
v -11.059438 3.701519 -2.092695
v -11.017795 3.512665 -2.092695
v -12.045835 0.790460 -0.754556
v -12.041691 1.473129 0.755981
v -12.045835 0.790460 0.754585
v -12.041691 1.473129 -0.755952
v -11.580956 2.582107 -0.239471
v -11.530833 2.711431 -0.276513
v -11.480733 2.840711 -0.239471
v -11.617619 2.487424 -0.138255
v -11.444070 2.935393 -0.138255
v -11.631029 2.452782 -0.000040
v -11.430613 2.970058 -0.000040
v -11.617619 2.487424 0.138218
v -11.444070 2.935393 0.138218
v -11.580956 2.582107 0.239413
v -11.480733 2.840711 0.239413
v -11.530833 2.711431 0.276455
v -11.480733 2.840711 0.239413
v -11.478261 2.692060 0.344131
v -11.530833 2.711431 0.276455
v -11.415918 2.853004 0.298023
v -11.444070 2.935393 0.138218
v -11.370235 2.970832 0.172046
v -11.430613 2.970058 -0.000040
v -11.353528 3.013969 -0.000040
v -11.444070 2.935393 -0.138255
v -11.370235 2.970832 -0.172082
v -11.480733 2.840711 -0.239471
v -11.415918 2.853004 -0.298038
v -11.530833 2.711431 -0.276513
v -11.478261 2.692060 -0.344146
v -11.580956 2.582107 -0.239471
v -11.540628 2.531093 -0.298038
v -11.617619 2.487424 -0.138255
v -11.586265 2.413264 -0.172082
v -11.631029 2.452782 -0.000040
v -11.602993 2.370171 -0.000040
v -11.617619 2.487424 0.138218
v -11.586265 2.413264 0.172045
v -11.580956 2.582107 0.239413
v -11.540628 2.531093 0.298023
v -11.567178 2.413033 -0.172082
v -11.583863 2.369939 -0.000040
v -11.586265 2.413264 -0.172082
v -11.521498 2.530861 -0.298038
v -11.540628 2.531093 -0.298038
v -11.459177 2.691828 -0.344146
v -11.478261 2.692060 -0.344146
v -11.396791 2.852772 -0.298038
v -11.415918 2.853004 -0.298038
v -11.351129 2.970600 -0.172082
v -11.370235 2.970832 -0.172082
v -11.334419 3.013737 -0.000040
v -11.353528 3.013969 -0.000040
v -11.351129 2.970600 0.172046
v -11.370235 2.970832 0.172046
v -11.396791 2.852772 0.298023
v -11.415918 2.853004 0.298023
v -11.459177 2.691828 0.344131
v -11.478261 2.692060 0.344131
v -11.521498 2.530861 0.298023
v -11.540628 2.531093 0.298023
v -11.567178 2.413033 0.172045
v -11.586265 2.413264 0.172045
v 9.700374 1.088790 1.894175
v 10.038457 1.961383 1.104103
v 9.860344 1.086847 1.104103
v 9.878530 1.963326 1.894175
v 10.136871 1.960166 -0.000037
v 9.958716 1.085652 -0.000037
v 9.564207 1.090445 2.287138
v 9.702264 1.959637 2.379620
v 9.550069 1.211239 2.384630
v 9.860344 1.086847 -1.104155
v 10.038457 1.961383 -1.104132
v 9.700374 1.088791 -1.894204
v 9.878530 1.963326 -1.894204
v 9.564207 1.090445 -2.287167
v 9.702264 1.959637 -2.379649
v 9.550069 1.211239 -2.384681
v 1.913462 3.235853 -3.979723
v 1.982603 3.060342 -3.844478
v 1.984370 3.234992 -3.768088
v 1.892286 3.067626 -4.027182
v 1.892286 3.067626 -4.027182
v 1.873388 3.284005 -4.027292
v 1.238352 3.344037 -4.863450
v 1.913462 3.235853 -3.979723
v 1.385103 3.578733 -4.509657
v 1.873388 3.284005 -4.027292
v 1.580953 3.586728 -4.085971
v 1.371354 3.290104 -3.936119
v 1.913462 3.235853 -3.979723
v 1.580953 3.586728 -4.085971
v 1.873388 3.284005 -4.027292
v 1.346603 3.639657 -3.994795
v 1.238352 3.344037 -4.863450
v 1.385103 3.578733 -4.509657
v 1.121115 3.571588 -4.828692
v 1.385103 3.578733 -4.509657
v 1.006372 3.623060 -4.856201
v 1.580953 3.586728 -4.085971
v 1.385103 3.578733 -4.509657
v 1.346603 3.639657 -3.994795
v 1.984370 3.234992 -3.768088
v 1.371354 3.290104 -3.936119
v 1.913462 3.235853 -3.979723
v 1.401544 3.289737 -3.751839
v 1.630953 3.085608 -4.465168
v 1.238352 3.344037 -4.863450
v 1.274423 3.134367 -4.827960
v 1.892286 3.067626 -4.027182
v 1.630953 3.085608 -4.465168
v 1.365560 3.021173 -3.949085
v 1.175822 3.038265 -4.430764
v 0.998392 3.084846 -4.863893
v 0.988094 3.364859 -4.895061
v 1.274423 3.134367 -4.827960
v 1.892286 3.067626 -4.027182
v 1.399912 3.014858 -3.862434
v 1.982603 3.060342 -3.844478
v 1.365560 3.021173 -3.949085
v 1.274423 3.134367 -4.827960
v 1.175822 3.038265 -4.430764
v 1.630953 3.085608 -4.465168
v 0.998392 3.084846 -4.863893
v 1.121115 3.571588 -4.828692
v 0.988094 3.364859 -4.895061
v 1.238352 3.344037 -4.863450
v 1.006372 3.623060 -4.856201
v 1.401544 3.289737 -3.751839
v 1.365560 3.021173 -3.949085
v 1.371354 3.290104 -3.936119
v 1.399912 3.014858 -3.862434
v 1.371354 3.290104 -3.936119
v 1.165792 3.294728 -4.460600
v 1.346603 3.639657 -3.994795
v 1.006372 3.623060 -4.856201
v 0.988094 3.364859 -4.895061
v 1.365560 3.021173 -3.949085
v 1.175822 3.038265 -4.430764
v 0.998392 3.084846 -4.863893
v 1.913460 3.235852 3.979690
v 1.982602 3.060341 3.844423
v 1.892285 3.067625 4.027129
v 1.984369 3.234991 3.768058
v 1.892285 3.067625 4.027129
v 1.873387 3.284004 4.027239
v 1.913460 3.235852 3.979690
v 1.238351 3.344035 4.863441
v 1.412011 3.578404 4.509647
v 1.873387 3.284004 4.027239
v 1.580952 3.586727 4.085894
v 1.371353 3.290103 3.936086
v 1.913460 3.235852 3.979690
v 1.580952 3.586727 4.085894
v 1.319693 3.639983 3.994764
v 1.873387 3.284004 4.027239
v 1.238351 3.344035 4.863441
v 1.121113 3.571586 4.828659
v 1.412011 3.578404 4.509647
v 1.412011 3.578404 4.509647
v 1.006370 3.623060 4.856169
v 1.580952 3.586727 4.085894
v 1.319693 3.639983 3.994764
v 1.412011 3.578404 4.509647
v 1.984369 3.234991 3.768058
v 1.371353 3.290103 3.936086
v 1.401543 3.289736 3.751809
v 1.913460 3.235852 3.979690
v 1.630952 3.085607 4.465157
v 1.238351 3.344035 4.863441
v 1.892285 3.067625 4.027129
v 1.274422 3.134367 4.827929
v 1.630952 3.085607 4.465157
v 1.365559 3.021172 3.949054
v 1.175821 3.038265 4.430752
v 0.998391 3.084846 4.863862
v 1.274422 3.134367 4.827929
v 0.988092 3.364857 4.895030
v 1.892285 3.067625 4.027129
v 1.399910 3.014857 3.862401
v 1.365559 3.021172 3.949054
v 1.982602 3.060341 3.844423
v 1.274422 3.134367 4.827929
v 1.175821 3.038265 4.430752
v 0.998391 3.084846 4.863862
v 1.630952 3.085607 4.465157
v 1.121113 3.571586 4.828659
v 0.988092 3.364857 4.895030
v 1.006370 3.623060 4.856169
v 1.238351 3.344035 4.863441
v 1.401543 3.289736 3.751809
v 1.365559 3.021172 3.949054
v 1.399910 3.014857 3.862401
v 1.371353 3.290103 3.936086
v 1.371353 3.290103 3.936086
v 1.319693 3.639983 3.994764
v 1.165790 3.294727 4.460590
v 1.006370 3.623060 4.856169
v 0.988092 3.364857 4.895030
v 1.365559 3.021172 3.949054
v 1.175821 3.038265 4.430752
v 0.998391 3.084846 4.863862
v -6.019976 0.562779 -4.117006
v -6.245175 0.746791 -4.117006
v -6.351223 0.674479 -4.117006
v -6.360094 0.590277 -4.117006
v -6.324803 0.480555 -4.117006
v -5.919957 0.292031 -4.117006
v -6.208341 0.338921 -4.117006
v -6.163938 0.203615 -4.117006
v -5.902996 0.002098 -4.117006
v -6.179990 0.030226 -4.117006
v -6.144271 -0.080833 -4.117006
v -5.954817 -0.017248 -4.117006
v -5.930336 -0.142445 -4.117006
v -6.010634 -0.171886 -4.117006
v -6.207786 0.185614 -4.038489
v -6.230259 -0.010953 -4.038489
v -6.230259 -0.010953 -4.038489
v -6.190322 -0.135984 -4.038489
v -6.190322 -0.135984 -4.038489
v -5.997790 -0.224028 -4.038489
v -6.190322 -0.135984 -4.038489
v -5.902325 -0.189142 -4.038489
v -5.928699 -0.047914 -4.038489
v -5.867034 -0.025031 -4.038489
v -5.902325 -0.189142 -4.038489
v -5.928699 -0.047914 -4.038489
v -5.867034 -0.025031 -4.038489
v -5.881186 0.302822 -4.038489
v -5.993852 0.607332 -4.038489
v -5.993852 0.607332 -4.038489
v -6.256207 0.811283 -4.038489
v -6.382946 0.727382 -4.038489
v -6.382946 0.727382 -4.038489
v -6.431656 0.619457 -4.038489
v -6.392208 0.495961 -4.038489
v -6.392208 0.495961 -4.038489
v -6.392208 0.495961 -4.038489
v -6.257503 0.337877 -4.038489
v -6.257503 0.337877 -4.038489
v -6.207786 0.185614 -4.038489
v -6.351223 0.674479 -3.914019
v -6.245175 0.746791 -3.914019
v -6.019976 0.562779 -3.914019
v -6.360094 0.590277 -3.914019
v -6.324803 0.480555 -3.914019
v -5.919957 0.292031 -3.914019
v -6.208341 0.338920 -3.914019
v -6.163938 0.203615 -3.914019
v -5.902996 0.002098 -3.914019
v -6.179990 0.030226 -3.914019
v -6.144271 -0.080833 -3.914019
v -5.954817 -0.017248 -3.914019
v -5.930336 -0.142445 -3.914019
v -6.010634 -0.171886 -3.914019
v -6.207786 0.185614 -4.038489
v -6.230259 -0.010953 -4.038489
v -6.230259 -0.010953 -4.038489
v -6.190322 -0.135984 -4.038489
v -6.190322 -0.135984 -4.038489
v -5.997790 -0.224028 -4.038489
v -6.190322 -0.135984 -4.038489
v -5.902325 -0.189142 -4.038489
v -5.928699 -0.047914 -4.038489
v -5.867034 -0.025031 -4.038489
v -5.902325 -0.189142 -4.038489
v -5.928699 -0.047914 -4.038489
v -5.867034 -0.025031 -4.038489
v -5.881186 0.302822 -4.038489
v -5.993852 0.607332 -4.038489
v -5.993852 0.607332 -4.038489
v -6.256207 0.811283 -4.038489
v -6.382946 0.727382 -4.038489
v -6.382946 0.727382 -4.038489
v -6.431656 0.619457 -4.038489
v -6.392208 0.495961 -4.038489
v -6.392208 0.495961 -4.038489
v -6.257503 0.337877 -4.038489
v -6.257503 0.337877 -4.038489
v -6.207786 0.185614 -4.038489
v -6.351223 0.674477 4.116950
v -6.245176 0.746790 4.116950
v -6.019977 0.562778 4.116950
v -6.360073 0.590276 4.116950
v -6.324804 0.480554 4.116950
v -5.919958 0.292030 4.116950
v -6.208342 0.338919 4.116950
v -6.163939 0.203614 4.116950
v -5.902997 0.002097 4.116950
v -6.179991 0.030225 4.116950
v -6.144272 -0.080834 4.116950
v -5.954818 -0.017249 4.116950
v -5.930337 -0.142446 4.116950
v -6.010635 -0.171888 4.116950
v -6.207787 0.185592 4.038455
v -6.230260 -0.010954 4.038455
v -6.230260 -0.010954 4.038455
v -6.190323 -0.135985 4.038455
v -6.190323 -0.135985 4.038455
v -5.997791 -0.224029 4.038455
v -6.190323 -0.135985 4.038455
v -5.902304 -0.189143 4.038455
v -5.928700 -0.047915 4.038455
v -5.867035 -0.025032 4.038455
v -5.902304 -0.189143 4.038455
v -5.928700 -0.047915 4.038455
v -5.867035 -0.025032 4.038455
v -5.881186 0.302821 4.038455
v -5.993853 0.607331 4.038455
v -5.993853 0.607331 4.038455
v -6.256207 0.811282 4.038455
v -6.382947 0.727381 4.038455
v -6.382947 0.727381 4.038455
v -6.431657 0.619456 4.038455
v -6.392209 0.495960 4.038455
v -6.392209 0.495960 4.038455
v -6.392209 0.495960 4.038455
v -6.257504 0.337876 4.038455
v -6.257504 0.337876 4.038455
v -6.207787 0.185592 4.038455
v -6.019977 0.562778 3.913985
v -6.245176 0.746790 3.913985
v -6.351223 0.674477 3.913985
v -6.360073 0.590276 3.913985
v -6.324804 0.480554 3.913985
v -5.919958 0.292030 3.913985
v -6.208342 0.338919 3.913985
v -6.163939 0.203614 3.913985
v -5.902997 0.002097 3.913985
v -6.179991 0.030225 3.913985
v -6.144272 -0.080834 3.913985
v -5.954818 -0.017249 3.913985
v -5.930337 -0.142446 3.913985
v -6.010635 -0.171888 3.913985
v -6.207787 0.185592 4.038455
v -6.230260 -0.010954 4.038455
v -6.230260 -0.010954 4.038455
v -6.190323 -0.135985 4.038455
v -6.190323 -0.135985 4.038455
v -5.997791 -0.224029 4.038455
v -6.190323 -0.135985 4.038455
v -5.902304 -0.189143 4.038455
v -5.928700 -0.047915 4.038455
v -5.867035 -0.025032 4.038455
v -5.902304 -0.189143 4.038455
v -5.928700 -0.047915 4.038455
v -5.867035 -0.025032 4.038455
v -5.881186 0.302821 4.038455
v -5.993853 0.607331 4.038455
v -5.993853 0.607331 4.038455
v -6.256207 0.811282 4.038455
v -6.382947 0.727381 4.038455
v -6.382947 0.727381 4.038455
v -6.431657 0.619456 4.038455
v -6.392209 0.495960 4.038455
v -6.392209 0.495960 4.038455
v -6.257504 0.337876 4.038455
v -6.257504 0.337876 4.038455
v -6.207787 0.185592 4.038455
v 5.161771 1.482428 4.382098
v 4.368748 1.172961 2.754627
v 4.698186 0.943587 4.325725
v 4.044388 0.114269 2.754627
v 4.446950 0.281699 4.186224
v 5.781744 1.830223 4.390898
v 5.615725 2.191868 2.754627
v 6.483327 1.944983 4.388814
v 7.227180 2.172291 2.754627
v 7.181938 1.813213 4.390898
v 7.793279 1.450459 4.382098
v 8.209214 1.415722 2.754628
v 8.035233 1.154931 4.358245
v 8.243636 0.900515 4.325726
v 8.626512 0.584165 2.754627
v 8.397775 0.431316 4.235837
v 8.452193 0.023763 4.097642
v 4.003320 -0.800707 2.754627
v 4.416354 0.022381 4.079620
v 4.380678 -0.773789 3.828929
v 4.416354 0.022381 4.079620
v 4.446950 0.281699 4.186224
v 4.044388 0.114269 2.754627
v 8.447584 -0.258903 3.986695
v 8.644327 -0.533352 2.754627
v 8.453208 -0.294265 4.049009
v 8.644327 -0.533352 2.754627
v 8.462417 -0.541695 3.890467
v 8.453208 -0.294265 4.049009
v 8.450702 -0.002268 4.088423
v 8.626512 0.584165 2.754627
v 8.452193 0.023763 4.097642
v 8.447584 -0.258903 3.986695
v -5.385696 1.612052 4.426541
v -4.932743 1.062408 4.370346
v -4.675637 1.284035 2.736292
v -4.377114 0.217776 2.736292
v -4.782955 0.521613 4.263367
v -6.032596 1.975016 4.430820
v -5.897513 2.332936 2.736292
v -6.770837 2.107200 4.426141
v -7.508969 2.352513 2.736292
v -7.511545 1.992983 4.408074
v -8.162724 1.645789 4.389542
v -8.509050 1.620024 2.736292
v -8.636456 1.107403 4.336362
v -8.946469 0.798829 2.736292
v -8.863880 0.445624 4.226278
v -4.358267 -0.697927 2.736292
v -4.790160 -0.071545 4.086070
v -4.791381 -0.172046 4.164611
v -4.791381 -0.172046 4.164611
v -4.797044 -0.638149 3.917884
v -9.077591 -0.130970 2.736292
v -8.843453 0.132526 4.151087
v -8.843843 0.098545 4.205772
v -9.077591 -0.130970 2.736292
v -4.782955 0.521613 4.263367
v -4.790160 -0.071545 4.086070
v -4.377114 0.217776 2.736292
v -8.843453 0.132526 4.151087
v -8.863880 0.445624 4.226278
v -8.946469 0.798829 2.736292
v -8.846794 -0.144326 4.080505
v -8.843843 0.098545 4.205772
v -9.077591 -0.130970 2.736292
v -4.377114 0.217776 2.736292
v -9.077591 -0.130970 2.736292
v -4.675637 1.284035 2.736292
v -5.897513 2.332936 2.736292
v -7.508969 2.352513 2.736292
v -8.509050 1.620024 2.736292
v -8.946469 0.798829 2.736292
v -4.358267 -0.697927 2.736292
v 4.368748 1.172961 2.754627
v 4.003320 -0.800707 2.754627
v 4.044388 0.114269 2.754627
v 5.615725 2.191868 2.754627
v 7.227180 2.172291 2.754627
v 8.209214 1.415722 2.754628
v 8.626512 0.584165 2.754627
v 8.644327 -0.533352 2.754627
v -2.903058 -0.675658 3.909129
v -4.358267 -0.697927 2.736292
v -4.797044 -0.638149 3.917884
v 2.517402 -0.750509 3.903656
v 4.003320 -0.800707 2.754627
v 4.380678 -0.773789 3.828929
v 3.794560 -0.802027 -0.000171
v -4.567049 -0.699247 0.000802
v -9.077591 -0.130970 2.736292
v -9.286350 -0.132290 0.000802
v -11.400604 0.221254 3.041425
v -11.520226 0.221266 3.182900
v -11.250234 0.217255 3.596123
v -10.714448 0.137277 3.839833
v -10.162946 0.051610 3.938323
v -9.465228 -0.051550 4.030141
v -8.846794 -0.144326 4.080505
v -11.587551 0.223525 3.041425
v -11.472060 0.222743 2.637380
v -11.759396 0.222354 1.890424
v -11.659051 0.225015 2.637380
v -11.857858 0.223550 1.009776
v -11.899330 0.224054 0.000801
v -11.857858 0.223550 -1.008151
v -11.759396 0.222354 -1.888821
v -11.472060 0.222722 -2.635776
v -11.400602 0.221255 -3.039779
v -9.077591 -0.130969 -2.734709
v -11.520225 0.221267 -3.181251
v -11.250232 0.217256 -3.594541
v -10.714446 0.137278 -3.838207
v -10.162944 0.051611 -3.936740
v -9.465226 -0.051549 -4.028538
v -8.846792 -0.144324 -4.078922
v -11.587526 0.223526 -3.039779
v -11.659051 0.224993 -2.635776
v -4.358266 -0.697926 -2.734686
v 3.794560 -0.802027 0.001780
v 4.003321 -0.800706 -2.753017
v 2.517425 -0.750508 -3.902048
v -2.903035 -0.675657 -3.907524
v -4.797043 -0.638148 -3.916281
v 4.380679 -0.773788 -3.827297
v 9.374114 -0.533151 0.001626
v 8.644327 -0.533352 -2.753016
v 9.373855 -0.552767 -2.909275
v 9.166603 -0.550249 -3.811292
v 8.941576 -0.547515 -3.887327
v 8.462419 -0.541694 -3.888834
v 9.414108 -0.553256 -3.616284
v 9.923809 -0.559448 -2.722248
v 9.625657 -0.555826 -2.722248
v 9.374114 -0.533151 -0.000037
v 8.644327 -0.533352 2.754627
v 9.373853 -0.552768 2.910886
v 9.166601 -0.550250 3.812925
v 9.414106 -0.553257 3.617895
v 9.923809 -0.559449 2.723859
v 8.941574 -0.547516 3.888935
v 8.462417 -0.541695 3.890467
v 9.625657 -0.555827 2.723859
v 9.373853 -0.552768 2.910886
v 9.991549 0.105644 2.596927
v 9.388206 0.628672 3.193655
v 9.789483 -0.275205 2.660171
v 9.625657 -0.555827 2.723859
v 10.343959 0.277940 1.798455
v 9.388206 0.628672 3.193655
v 10.105653 0.271745 2.452507
v 9.991549 0.105644 2.596927
v 10.509934 0.275924 1.003308
v 9.388467 0.648289 -0.000037
v 10.611810 0.274686 -0.000037
v 9.373853 -0.552768 2.910886
v 9.388467 0.648289 -0.000037
v 9.374114 -0.533151 -0.000037
v 9.388206 0.628672 3.193655
v 5.161773 1.482429 -4.380466
v 4.698188 0.943588 -4.324093
v 4.368749 1.172961 -2.753017
v 4.044389 0.114270 -2.753017
v 4.446951 0.281700 -4.184638
v 5.781745 1.830224 -4.389287
v 5.615726 2.191869 -2.753017
v 6.483329 1.944984 -4.387181
v 7.227203 2.172291 -2.753016
v 7.181940 1.813214 -4.389287
v 7.793303 1.450460 -4.380465
v 8.209214 1.415722 -2.753016
v 8.035234 1.154932 -4.356634
v 8.243638 0.900516 -4.324092
v 8.626512 0.584143 -2.753016
v 8.397820 0.431317 -4.234225
v 8.452195 0.023764 -4.096034
v 4.003321 -0.800706 -2.753017
v 4.416355 0.022382 -4.077990
v 4.416355 0.022382 -4.077990
v 4.380679 -0.773788 -3.827297
v 4.446951 0.281700 -4.184638
v 4.044389 0.114270 -2.753017
v 8.644327 -0.533352 -2.753016
v 8.447586 -0.258902 -3.985109
v 8.453210 -0.294264 -4.047376
v 8.644327 -0.533352 -2.753016
v 8.462419 -0.541694 -3.888834
v 8.453210 -0.294264 -4.047376
v 8.450704 -0.002266 -4.086812
v 8.452195 0.023764 -4.096034
v 8.626512 0.584143 -2.753016
v 8.447586 -0.258902 -3.985109
v -5.385672 1.612053 -4.424890
v -4.675636 1.284036 -2.734686
v -4.932719 1.062409 -4.368739
v -4.377069 0.217777 -2.734686
v -4.782953 0.521614 -4.261760
v -6.032572 1.975016 -4.429192
v -5.897512 2.332937 -2.734686
v -6.770835 2.107201 -4.424515
v -7.508968 2.352514 -2.734686
v -7.511543 1.992984 -4.406468
v -8.162722 1.645790 -4.387916
v -8.509050 1.620025 -2.734686
v -8.636455 1.107404 -4.334757
v -8.946449 0.798829 -2.734686
v -8.863878 0.445625 -4.224654
v -4.358266 -0.697926 -2.734686
v -4.790159 -0.071544 -4.084441
v -4.791380 -0.172045 -4.163005
v -4.791380 -0.172045 -4.163005
v -4.797043 -0.638148 -3.916281
v -8.843429 0.132527 -4.149504
v -9.077591 -0.130969 -2.734709
v -8.843842 0.098546 -4.204192
v -9.077591 -0.130969 -2.734709
v -4.782953 0.521614 -4.261760
v -4.377069 0.217777 -2.734686
v -4.790159 -0.071544 -4.084441
v -8.843429 0.132527 -4.149504
v -8.946449 0.798829 -2.734686
v -8.863878 0.445625 -4.224654
v -8.846792 -0.144324 -4.078922
v -9.077591 -0.130969 -2.734709
v -8.843842 0.098546 -4.204192
v -4.377069 0.217777 -2.734686
v -4.675636 1.284036 -2.734686
v -9.077591 -0.130969 -2.734709
v -5.897512 2.332937 -2.734686
v -7.508968 2.352514 -2.734686
v -8.509050 1.620025 -2.734686
v -8.946449 0.798829 -2.734686
v -4.358266 -0.697926 -2.734686
v 4.368749 1.172961 -2.753017
v 4.044389 0.114270 -2.753017
v 4.003321 -0.800706 -2.753017
v 5.615726 2.191869 -2.753017
v 7.227203 2.172291 -2.753016
v 8.209214 1.415722 -2.753016
v 8.626512 0.584143 -2.753016
v 8.644327 -0.533352 -2.753016
v 9.373855 -0.552767 -2.909275
v 9.991572 0.105644 -2.595295
v 9.789483 -0.275205 -2.658562
v 9.388207 0.628673 -3.191998
v 9.625657 -0.555826 -2.722248
v 10.343959 0.277940 -1.796800
v 10.105653 0.271746 -2.450896
v 9.388207 0.628673 -3.191998
v 9.991572 0.105644 -2.595295
v 10.509934 0.275924 -1.001697
v 9.388467 0.648289 0.001626
v 10.611809 0.274664 0.001626
v 9.373855 -0.552767 -2.909275
v 9.388467 0.648289 0.001626
v 9.388207 0.628673 -3.191998
v 9.374114 -0.533151 0.001626
v -11.759851 0.097370 2.842762
v -10.426245 0.115663 2.736536
v -11.759432 0.131859 2.736535
v -10.426664 0.081173 2.842762
v -10.425147 0.205989 2.670897
v -11.758334 0.222186 2.670896
v -11.759433 0.131859 2.948989
v -10.426246 0.115663 2.948989
v -11.758335 0.222186 3.014625
v -10.425148 0.205989 3.014626
v -11.758334 0.222186 2.670896
v -10.423791 0.317661 2.670897
v -11.756978 0.333857 2.670896
v -10.425147 0.205989 2.670897
v -11.756978 0.333857 2.670896
v -10.422693 0.407987 2.736536
v -11.755880 0.424183 2.736535
v -10.423791 0.317661 2.670897
v -10.422276 0.442499 2.842762
v -11.755463 0.458695 2.842762
v -10.422694 0.407987 2.948989
v -11.755881 0.424183 2.948989
v -10.423792 0.317661 3.014626
v -11.756979 0.333857 3.014625
v -11.756979 0.333857 3.014625
v -10.425148 0.205989 3.014626
v -11.758335 0.222186 3.014625
v -10.423792 0.317661 3.014626
v -11.755461 0.458696 -2.841158
v -10.422692 0.407988 -2.947362
v -10.422274 0.442500 -2.841157
v -11.755879 0.424184 -2.947362
v -10.423790 0.317661 -3.012979
v -11.756977 0.333858 -3.012979
v -11.755880 0.424184 -2.734953
v -10.422693 0.407988 -2.734953
v -11.756978 0.333858 -2.669317
v -10.423791 0.317661 -2.669317
v -11.756977 0.333858 -3.012979
v -10.425146 0.205990 -3.012979
v -10.423790 0.317661 -3.012979
v -11.758333 0.222186 -3.012979
v -11.758333 0.222186 -3.012979
v -10.426244 0.115664 -2.947362
v -10.425146 0.205990 -3.012979
v -11.759431 0.131860 -2.947362
v -10.426662 0.081174 -2.841157
v -11.759850 0.097371 -2.841158
v -10.426245 0.115664 -2.734953
v -11.759432 0.131860 -2.734953
v -10.425147 0.205990 -2.669317
v -11.758334 0.222186 -2.669317
v -11.758334 0.222186 -2.669317
v -10.423791 0.317661 -2.669317
v -10.425147 0.205990 -2.669317
v -11.756978 0.333858 -2.669317
v -11.567827 0.275717 -2.841158
v -11.759850 0.097371 -2.841158
v -11.759431 0.131860 -2.947362
v -11.759432 0.131860 -2.734953
v -11.567827 0.275717 -2.841158
v -11.758333 0.222186 -3.012979
v -11.567827 0.275717 -2.841158
v -11.758334 0.222186 -2.669317
v -11.567827 0.275717 -2.841158
v -11.758333 0.222186 -3.012979
v -11.756977 0.333858 -3.012979
v -11.756978 0.333858 -2.669317
v -11.758334 0.222186 -2.669317
v -11.567827 0.275717 -2.841158
v -11.756977 0.333858 -3.012979
v -11.755879 0.424184 -2.947362
v -11.567827 0.275717 -2.841158
v -11.755461 0.458696 -2.841158
v -11.755880 0.424184 -2.734953
v -11.567827 0.275717 -2.841158
v -11.756978 0.333858 -2.669317
v -11.567829 0.275716 2.842762
v -11.759851 0.097370 2.842762
v -11.759432 0.131859 2.736535
v -11.759433 0.131859 2.948989
v -11.567829 0.275716 2.842762
v -11.758334 0.222186 2.670896
v -11.567829 0.275716 2.842762
v -11.758335 0.222186 3.014625
v -11.567829 0.275716 2.842762
v -11.758334 0.222186 2.670896
v -11.756978 0.333857 2.670896
v -11.756979 0.333857 3.014625
v -11.758335 0.222186 3.014625
v -11.567829 0.275716 2.842762
v -11.756978 0.333857 2.670896
v -11.755880 0.424183 2.736535
v -11.567829 0.275716 2.842762
v -11.755463 0.458695 2.842762
v -11.755881 0.424183 2.948989
v -11.567829 0.275716 2.842762
v -11.756979 0.333857 3.014625
v 8.925457 1.499864 2.868170
v 9.668411 1.209801 2.664073
v 8.922639 1.267899 2.930348
v 9.591206 1.090117 2.776397
v 8.920575 1.098064 3.100174
v 8.920575 1.098064 3.564184
v 8.775192 1.100030 4.081152
v 8.919820 1.035889 3.332179
v 8.751307 1.146897 4.084565
v 8.922639 1.267899 3.734010
v 8.925457 1.499864 3.796166
v 8.947208 1.742751 3.935512
v 8.928275 1.731875 3.734010
v 9.042256 1.853040 3.813036
v 8.930339 1.901687 3.564184
v 9.163364 1.896706 3.610580
v 9.360428 1.928031 3.326815
v 9.360428 1.928031 3.326815
v 8.931094 1.963862 3.332179
v 8.925457 1.499864 2.868170
v 9.668411 1.209801 2.664073
v 9.668411 1.209801 2.664073
v 8.931094 1.963862 3.332179
v 9.379226 1.927803 3.300256
v 9.802675 1.949372 2.657954
v 9.360428 1.928031 3.326815
v 8.930339 1.901687 3.100174
v 8.928275 1.731875 2.930348
v 9.668411 1.209801 2.664073
v 8.922639 1.267899 2.930348
v 8.644327 1.503279 3.332179
v 8.925457 1.499864 2.868170
v 8.920575 1.098064 3.100174
v 8.919820 1.035889 3.332179
v 8.920575 1.098064 3.564184
v 8.922639 1.267899 3.734010
v 8.925457 1.499864 3.796166
v 8.928275 1.731875 3.734010
v 8.930339 1.901687 3.564184
v 8.931094 1.963862 3.332179
v 8.930339 1.901687 3.100174
v 8.928275 1.731875 2.930348
v 8.925459 1.499865 -2.868221
v 8.922641 1.267899 -2.930380
v 9.668411 1.209802 -2.664145
v 9.591206 1.090117 -2.776469
v 8.920577 1.098065 -3.100203
v 8.920577 1.098065 -3.564234
v 8.775194 1.100031 -4.081181
v 8.751309 1.146898 -4.084617
v 8.919822 1.035890 -3.332208
v 8.922641 1.267900 -3.734038
v 8.925459 1.499865 -3.796217
v 8.947210 1.742752 -3.935541
v 8.928277 1.731876 -3.734038
v 9.042258 1.853041 -3.813065
v 8.930341 1.901688 -3.564234
v 9.163366 1.896706 -3.610633
v 9.360430 1.928032 -3.326821
v 8.931096 1.963863 -3.332208
v 9.360430 1.928032 -3.326821
v 8.931096 1.963863 -3.332208
v 9.379228 1.927804 -3.300287
v 9.360430 1.928032 -3.326821
v 9.802675 1.949373 -2.658007
v 8.930341 1.901688 -3.100203
v 8.928277 1.731875 -2.930380
v 9.668411 1.209802 -2.664145
v 8.922641 1.267899 -2.930380
v 8.925459 1.499865 -2.868221
v 8.644329 1.503280 -3.332208
v 8.920577 1.098065 -3.100203
v 8.919822 1.035890 -3.332208
v 8.920577 1.098065 -3.564234
v 8.922641 1.267900 -3.734038
v 8.925459 1.499865 -3.796217
v 8.928277 1.731876 -3.734038
v 8.930341 1.901688 -3.564234
v 8.931096 1.963863 -3.332208
v 8.930341 1.901688 -3.100203
v 8.928277 1.731875 -2.930380
v 5.997615 0.524456 -4.117004
v 5.893356 0.599324 -4.117004
v 5.663731 0.420837 -4.117004
v 6.004416 0.440064 -4.117004
v 5.966492 0.331232 -4.117004
v 5.557163 0.152599 -4.117004
v 5.846623 0.192468 -4.117004
v 5.798946 0.058282 -4.117004
v 5.533165 -0.136837 -4.117004
v 5.810760 -0.115446 -4.117004
v 5.772376 -0.225604 -4.117004
v 5.584545 -0.157436 -4.117004
v 5.556984 -0.282001 -4.117004
v 5.636588 -0.313385 -4.117004
v 5.842344 0.039220 -4.038487
v 5.860036 -0.157834 -4.038487
v 5.860036 -0.157834 -4.038487
v 5.817073 -0.281858 -4.038487
v 5.817073 -0.281858 -4.038487
v 5.622436 -0.365199 -4.038487
v 5.817073 -0.281858 -4.038487
v 5.527825 -0.328003 -4.038487
v 5.557689 -0.187458 -4.038487
v 5.496577 -0.163084 -4.038487
v 5.527825 -0.328003 -4.038487
v 5.557689 -0.187458 -4.038487
v 5.496577 -0.163084 -4.038487
v 5.518711 0.164328 -4.038487
v 5.638741 0.466011 -4.038487
v 5.638741 0.466011 -4.038487
v 5.905929 0.663529 -4.038487
v 6.030592 0.576574 -4.038487
v 6.030592 0.576574 -4.038487
v 6.076689 0.467497 -4.038487
v 6.034232 0.344996 -4.038487
v 6.034232 0.344996 -4.038487
v 6.034232 0.344996 -4.038487
v 5.895724 0.190231 -4.038487
v 5.895724 0.190231 -4.038487
v 5.842344 0.039220 -4.038487
v 5.663731 0.420837 -3.914017
v 5.893356 0.599324 -3.914017
v 5.997615 0.524456 -3.914017
v 6.004416 0.440064 -3.914017
v 5.966492 0.331232 -3.914017
v 5.557163 0.152599 -3.914017
v 5.846623 0.192468 -3.914017
v 5.798946 0.058282 -3.914017
v 5.533165 -0.136837 -3.914017
v 5.810760 -0.115446 -3.914017
v 5.772376 -0.225604 -3.914017
v 5.584545 -0.157436 -3.914017
v 5.556984 -0.282001 -3.914017
v 5.636588 -0.313385 -3.914017
v 5.842344 0.039220 -4.038487
v 5.860036 -0.157834 -4.038487
v 5.860036 -0.157834 -4.038487
v 5.817073 -0.281858 -4.038487
v 5.817073 -0.281858 -4.038487
v 5.622436 -0.365199 -4.038487
v 5.817073 -0.281858 -4.038487
v 5.527825 -0.328003 -4.038487
v 5.557689 -0.187458 -4.038487
v 5.496577 -0.163084 -4.038487
v 5.527825 -0.328003 -4.038487
v 5.557689 -0.187458 -4.038487
v 5.496577 -0.163084 -4.038487
v 5.518711 0.164328 -4.038487
v 5.638741 0.466011 -4.038487
v 5.638741 0.466011 -4.038487
v 5.905929 0.663529 -4.038487
v 6.030592 0.576574 -4.038487
v 6.030592 0.576574 -4.038487
v 6.076689 0.467497 -4.038487
v 6.034232 0.344996 -4.038487
v 6.034232 0.344996 -4.038487
v 5.895724 0.190231 -4.038487
v 5.895724 0.190231 -4.038487
v 5.842344 0.039220 -4.038487
v 5.663730 0.420836 4.116951
v 5.893355 0.599323 4.116951
v 5.997614 0.524455 4.116951
v 6.004415 0.440063 4.116951
v 5.966491 0.331231 4.116951
v 5.557162 0.152598 4.116951
v 5.846622 0.192467 4.116951
v 5.798945 0.058281 4.116951
v 5.533164 -0.136838 4.116951
v 5.810759 -0.115447 4.116951
v 5.772375 -0.225606 4.116951
v 5.584544 -0.157437 4.116951
v 5.556983 -0.282002 4.116951
v 5.636587 -0.313386 4.116951
v 5.842343 0.039219 4.038457
v 5.860035 -0.157835 4.038457
v 5.860035 -0.157835 4.038457
v 5.817072 -0.281859 4.038457
v 5.817072 -0.281859 4.038457
v 5.622435 -0.365200 4.038457
v 5.817072 -0.281859 4.038457
v 5.527868 -0.328005 4.038457
v 5.557688 -0.187459 4.038457
v 5.496576 -0.163085 4.038457
v 5.527868 -0.328005 4.038457
v 5.557688 -0.187459 4.038457
v 5.496576 -0.163085 4.038457
v 5.518710 0.164327 4.038457
v 5.638740 0.466010 4.038457
v 5.638740 0.466010 4.038457
v 5.905928 0.663528 4.038457
v 6.030591 0.576573 4.038457
v 6.030591 0.576573 4.038457
v 6.076688 0.467496 4.038457
v 6.034231 0.344995 4.038457
v 6.034231 0.344995 4.038457
v 6.034231 0.344995 4.038457
v 5.895723 0.190230 4.038457
v 5.895723 0.190230 4.038457
v 5.842343 0.039219 4.038457
v 5.997614 0.524455 3.913987
v 5.893355 0.599323 3.913987
v 5.663730 0.420836 3.913987
v 6.004415 0.440063 3.913987
v 5.966491 0.331231 3.913987
v 5.557162 0.152598 3.913987
v 5.846622 0.192467 3.913987
v 5.798945 0.058281 3.913987
v 5.533164 -0.136838 3.913987
v 5.810759 -0.115447 3.913987
v 5.772375 -0.225605 3.913987
v 5.584544 -0.157437 3.913987
v 5.556983 -0.282002 3.913987
v 5.636587 -0.313386 3.913987
v 5.842343 0.039219 4.038457
v 5.860035 -0.157835 4.038457
v 5.860035 -0.157835 4.038457
v 5.817072 -0.281859 4.038457
v 5.817072 -0.281859 4.038457
v 5.622435 -0.365200 4.038457
v 5.817072 -0.281859 4.038457
v 5.527868 -0.328005 4.038457
v 5.557688 -0.187459 4.038457
v 5.496576 -0.163085 4.038457
v 5.527868 -0.328005 4.038457
v 5.557688 -0.187459 4.038457
v 5.496576 -0.163085 4.038457
v 5.518710 0.164327 4.038457
v 5.638740 0.466010 4.038457
v 5.638740 0.466010 4.038457
v 5.905928 0.663528 4.038457
v 6.030591 0.576573 4.038457
v 6.030591 0.576573 4.038457
v 6.076688 0.467496 4.038457
v 6.034231 0.344995 4.038457
v 6.034231 0.344995 4.038457
v 5.895723 0.190230 4.038457
v 5.895723 0.190230 4.038457
v 5.842343 0.039219 4.038457
v 10.007092 1.520310 1.304984
v 9.623933 1.338701 1.394563
v 10.004589 1.314257 1.360227
v 9.626196 1.524938 1.344642
v 9.622276 1.202358 1.530916
v 10.002756 1.163396 1.511076
v 10.009596 1.726386 1.360227
v 9.628458 1.711175 1.394563
v 10.011429 1.877247 1.511076
v 9.630115 1.847540 1.530916
v 10.002756 1.163396 1.511076
v 9.621671 1.152463 1.717167
v 10.002756 1.163396 1.511076
v 10.002086 1.108181 1.717167
v 10.012099 1.932462 1.717167
v 10.011429 1.877247 1.511076
v 9.630721 1.897457 1.717167
v 10.002086 1.108181 1.717167
v 9.622276 1.202358 1.903440
v 10.002756 1.163396 1.923258
v 9.621671 1.152463 1.717167
v 10.002756 1.163396 1.923258
v 9.623933 1.338701 2.039793
v 10.004589 1.314257 2.074130
v 9.626196 1.524938 2.089692
v 10.007092 1.520310 2.129327
v 9.628458 1.711175 2.039793
v 10.009596 1.726386 2.074130
v 9.630115 1.847540 1.903440
v 10.011429 1.877247 1.923258
v 10.011429 1.877247 1.923258
v 9.630721 1.897457 1.717167
v 10.011429 1.877247 1.923258
v 10.012099 1.932462 1.717167
v 9.962008 1.520858 1.319926
v 10.004589 1.314257 1.360227
v 9.959595 1.322274 1.373128
v 10.007092 1.520310 1.304984
v 10.002756 1.163396 1.511076
v 9.957829 1.176888 1.518546
v 9.964419 1.719442 1.373128
v 10.009596 1.726386 1.360227
v 9.966187 1.864850 1.518546
v 10.011429 1.877247 1.511076
v 9.966833 1.918070 1.717167
v 10.012099 1.932462 1.717167
v 9.966187 1.864850 1.915788
v 10.011429 1.877247 1.923258
v 10.002086 1.108181 1.717167
v 9.957182 1.123669 1.717167
v 10.002756 1.163396 1.511076
v 10.002756 1.163396 1.923258
v 9.957829 1.176888 1.915787
v 10.004589 1.314257 2.074130
v 9.959595 1.322274 2.061185
v 10.007092 1.520310 2.129327
v 9.962008 1.520858 2.114408
v 10.009596 1.726386 2.074130
v 9.964419 1.719442 2.061185
v 10.011429 1.877247 1.923258
v 9.959595 1.322274 1.373128
v 9.857365 1.522129 1.717167
v 9.962008 1.520858 1.319926
v 9.957829 1.176888 1.518546
v 9.957182 1.123669 1.717167
v 9.957829 1.176888 1.915787
v 9.959595 1.322274 2.061185
v 9.962008 1.520858 2.114408
v 9.964419 1.719442 2.061185
v 9.966187 1.864850 1.915788
v 9.966833 1.918070 1.717167
v 9.966187 1.864850 1.518546
v 9.964419 1.719442 1.373128
v 10.007092 1.520311 -1.305037
v 9.623933 1.338701 -1.394593
v 9.626196 1.524938 -1.344694
v 10.004589 1.314257 -1.360255
v 9.622276 1.202359 -1.530923
v 10.002756 1.163396 -1.511128
v 10.009596 1.726387 -1.360255
v 9.628458 1.711176 -1.394593
v 10.011429 1.877247 -1.511128
v 9.630115 1.847540 -1.530923
v 10.002756 1.163396 -1.511128
v 9.621671 1.152464 -1.717197
v 10.002756 1.163396 -1.511128
v 10.002086 1.108181 -1.717197
v 10.012099 1.932463 -1.717197
v 9.630721 1.897458 -1.717197
v 10.011429 1.877247 -1.511128
v 10.002086 1.108181 -1.717197
v 9.622276 1.202359 -1.903470
v 9.621671 1.152464 -1.717197
v 10.002756 1.163396 -1.923266
v 10.002756 1.163396 -1.923266
v 9.623933 1.338701 -2.039822
v 10.004589 1.314257 -2.074160
v 9.626196 1.524938 -2.089721
v 10.007092 1.520311 -2.129379
v 9.628458 1.711176 -2.039822
v 10.009596 1.726387 -2.074160
v 9.630115 1.847540 -1.903470
v 10.011429 1.877247 -1.923265
v 10.011429 1.877247 -1.923265
v 9.630721 1.897458 -1.717197
v 10.011429 1.877247 -1.923265
v 10.012099 1.932463 -1.717197
v 9.962008 1.520858 -1.319978
v 10.004589 1.314257 -1.360255
v 10.007092 1.520311 -1.305037
v 9.959595 1.322275 -1.373201
v 10.002756 1.163396 -1.511128
v 9.957829 1.176889 -1.518576
v 9.964419 1.719443 -1.373201
v 10.009596 1.726387 -1.360255
v 9.966187 1.864850 -1.518576
v 10.011429 1.877247 -1.511128
v 9.966833 1.918071 -1.717197
v 10.012099 1.932463 -1.717197
v 9.966187 1.864850 -1.915817
v 10.011429 1.877247 -1.923265
v 10.002086 1.108181 -1.717197
v 10.002756 1.163396 -1.511128
v 9.957182 1.123669 -1.717197
v 10.002756 1.163396 -1.923266
v 9.957829 1.176889 -1.915817
v 10.004589 1.314257 -2.074160
v 9.959595 1.322275 -2.061214
v 10.007092 1.520311 -2.129379
v 9.962008 1.520859 -2.114438
v 10.009596 1.726387 -2.074160
v 9.964419 1.719443 -2.061214
v 10.011429 1.877247 -1.923265
v 9.959595 1.322275 -1.373201
v 9.962008 1.520858 -1.319978
v 9.857365 1.522130 -1.717197
v 9.957829 1.176889 -1.518576
v 9.957182 1.123669 -1.717197
v 9.957829 1.176889 -1.915817
v 9.959595 1.322275 -2.061214
v 9.962008 1.520859 -2.114438
v 9.964419 1.719443 -2.061214
v 9.966187 1.864850 -1.915817
v 9.966833 1.918071 -1.717197
v 9.966187 1.864850 -1.518576
v 9.964419 1.719443 -1.373201
v 2.684122 0.054865 4.158115
v 2.795361 0.567304 4.304311
v 2.821895 0.566982 4.304311
v 2.657590 0.055187 4.158115
v 2.855665 2.609502 4.113382
v 2.676110 2.904470 3.984147
v 2.702598 2.904148 3.984147
v 2.829155 2.609824 4.113382
v 2.913855 1.572831 4.238208
v 2.892207 2.276210 4.228876
v 2.918716 2.275888 4.228876
v 2.887323 1.573153 4.238208
v 2.855042 0.753421 4.224818
v 2.887323 1.573153 4.238208
v 2.913855 1.572831 4.238208
v 2.828530 0.753743 4.224818
v 2.821895 0.566982 4.304311
v 2.828530 0.753743 4.224818
v 2.855042 0.753421 4.224818
v 2.795361 0.567304 4.304311
v 2.550013 -0.250437 4.032957
v 2.657590 0.055187 4.158115
v 2.684122 0.054865 4.158115
v 2.523481 -0.250094 4.032957
v 2.918716 2.275888 4.228876
v 2.829155 2.609824 4.113382
v 2.855665 2.609502 4.113382
v 2.892207 2.276210 4.228876
v -3.027868 0.227677 4.193893
v -3.221435 0.760092 4.327119
v -3.195234 0.759774 4.327119
v -3.054048 0.227995 4.193893
v -3.616411 2.965265 3.991703
v -3.589432 3.196826 3.871844
v -3.563233 3.196507 3.871844
v -3.642612 2.965584 3.991703
v -3.472712 1.784543 4.223640
v -3.644385 2.582323 4.153835
v -3.618186 2.582005 4.153835
v -3.498889 1.784861 4.223640
v -3.263148 0.996257 4.246364
v -3.498889 1.784861 4.223640
v -3.472712 1.784543 4.223640
v -3.289346 0.996575 4.246364
v -3.195234 0.759774 4.327119
v -3.289346 0.996575 4.246364
v -3.263148 0.996257 4.246364
v -3.221435 0.760092 4.327119
v -2.896248 -0.115060 4.063658
v -3.054048 0.227995 4.193893
v -3.027868 0.227677 4.193893
v -2.922446 -0.114631 4.063703
v -3.618186 2.582005 4.153835
v -3.642612 2.965584 3.991703
v -3.616411 2.965265 3.991703
v -3.644385 2.582323 4.153835
v 7.619608 2.532670 3.558975
v 8.664497 2.287689 3.451574
v 8.645724 2.287917 3.478130
v 7.638403 2.532442 3.532440
v 6.689086 2.693705 3.603974
v 7.638403 2.532442 3.532440
v 7.619608 2.532670 3.558975
v 6.707882 2.693477 3.577441
v 5.693040 2.798738 3.624014
v 6.707882 2.693477 3.577441
v 6.689086 2.693705 3.603974
v 5.711836 2.798510 3.597458
v 3.375249 3.022429 3.663693
v 5.711836 2.798510 3.597458
v 5.693040 2.798738 3.624014
v 3.394044 3.022201 3.637160
v 9.450048 1.992873 3.369375
v 9.452528 1.926912 3.300256
v 9.433711 1.927141 3.326815
v 9.468887 1.992644 3.342819
v 8.645724 2.287917 3.478130
v 9.101684 2.131694 3.399148
v 9.082866 2.131922 3.425704
v 8.664497 2.287689 3.451574
v 9.082866 2.131922 3.425704
v 9.468887 1.992644 3.342819
v 9.450048 1.992873 3.369375
v 9.101684 2.131694 3.399148
v 9.452528 1.926912 3.300256
v 9.360428 1.928031 3.326815
v 9.433711 1.927141 3.326815
v 9.379226 1.927803 3.300256
v -9.880375 3.436683 3.148741
v -10.882764 3.435935 3.116928
v -10.890262 3.439243 3.079821
v -9.875161 3.433539 3.177359
v -9.880375 3.436683 3.148741
v -8.990025 3.428969 3.182102
v -9.875161 3.433539 3.177359
v -8.996559 3.433151 3.149426
v -10.882764 3.435935 3.116928
v -10.948247 3.127717 3.103585
v -10.890262 3.439243 3.079821
v -10.939283 3.126742 3.142532
v -3.445473 3.214563 3.808356
v -3.600672 3.240747 3.794701
v -3.456049 3.254596 3.787630
v -3.916137 4.286551 3.343705
v -3.456049 3.254596 3.787630
v -3.600672 3.240747 3.794701
v -3.752339 4.209031 3.383405
v -3.894892 4.425646 3.267426
v -3.752339 4.209031 3.383405
v -3.916137 4.286551 3.343705
v -3.732459 4.336216 3.315751
v -3.782513 4.530005 3.206952
v -3.732459 4.336216 3.315751
v -3.894892 4.425646 3.267426
v -3.627038 4.431660 3.262217
v -3.576204 4.590640 3.169733
v -3.627038 4.431660 3.262217
v -3.782513 4.530005 3.206952
v -3.433494 4.487037 3.229364
v -2.464499 4.664611 3.122849
v -3.433494 4.487037 3.229364
v -3.576204 4.590640 3.169733
v -2.447406 4.555133 3.188688
v -1.106418 4.644476 3.119081
v -2.447406 4.555133 3.188688
v -2.464499 4.664611 3.122849
v -1.125984 4.535751 3.184631
v -0.239176 4.541228 3.175009
v -1.125984 4.535751 3.184631
v -1.106418 4.644476 3.119081
v -0.279202 4.439960 3.234374
v 0.254663 4.365945 3.272636
v -0.279202 4.439960 3.234374
v -0.239176 4.541228 3.175009
v 0.188625 4.275101 3.323067
v 0.348731 4.497750 3.075610
v 0.464502 4.622111 1.578198
v -0.279202 4.439960 3.234374
v 0.188625 4.275101 3.323067
v 1.504877 3.733479 3.572009
v 0.188625 4.275101 3.323067
v 0.254663 4.365945 3.272636
v 1.254570 3.715594 3.589454
v 2.118330 3.363938 3.726757
v 1.254570 3.715594 3.589454
v 1.504877 3.733479 3.572009
v 1.363958 3.002568 3.874726
v 2.662764 2.904565 3.915915
v 1.363958 3.002568 3.874726
v 2.118330 3.363938 3.726757
v -3.456049 3.254596 3.787630
v 1.374512 2.962538 3.897271
v -3.445473 3.214563 3.808356
v 1.363958 3.002568 3.874726
v 1.363958 3.002568 3.874726
v 2.662764 2.904565 3.915915
v 1.374512 2.962538 3.897271
v -0.179102 4.690473 2.962823
v 0.348911 4.512535 3.001107
v 0.348731 4.497750 3.075610
v -0.178923 4.705214 2.888272
v -1.061474 4.800155 2.899910
v -0.178923 4.705214 2.888272
v -0.179102 4.690473 2.962823
v -1.061295 4.814940 2.825429
v -2.485669 4.821648 2.903235
v -1.061295 4.814940 2.825429
v -1.061474 4.800155 2.899910
v -2.485490 4.836409 2.828754
v -3.805979 4.768056 2.952936
v -2.485490 4.836409 2.828754
v -2.485669 4.821648 2.903235
v -3.811696 4.782933 2.878408
v -4.924501 4.603757 2.998292
v -3.811696 4.782933 2.878408
v -3.805979 4.768056 2.952936
v -4.930197 4.618592 2.923764
v -5.288042 4.526283 3.015315
v -5.102638 4.581448 2.833986
v -4.924501 4.603757 2.998292
v -6.844849 4.126508 3.105603
v -5.288042 4.526283 3.015315
v -6.873917 4.142603 2.935400
v -4.924501 4.603757 2.998292
v -4.930197 4.618592 2.923764
v -6.715567 3.870260 3.352749
v -5.102638 4.581448 2.833986
v -6.715567 3.870260 3.352749
v -5.284144 4.235775 3.283408
v -7.771475 3.848992 3.142688
v -6.873917 4.142603 2.935400
v -6.844849 4.126508 3.105603
v -7.728597 3.887444 2.970470
v -6.857239 3.765214 3.387550
v -6.873917 4.142603 2.935400
v -6.857239 3.765214 3.387550
v -6.715567 3.870260 3.352749
v -8.990025 3.428969 3.182102
v -7.728597 3.887444 2.970470
v -7.771475 3.848992 3.142688
v -8.843884 3.492993 3.007710
v -4.930197 4.618592 2.923764
v -5.199822 4.751358 1.567490
v -5.060599 4.784228 1.565827
v -5.102638 4.581448 2.833986
v -3.433494 4.487037 3.229364
v -5.102638 4.581448 2.833986
v -2.447406 4.555133 3.188688
v -5.060599 4.784228 1.565827
v -5.295715 4.836298 -0.000039
v -5.129055 4.872117 -0.000039
v -5.199822 4.751358 1.567490
v -9.279255 3.641672 1.052073
v -9.015162 3.609710 2.044645
v -9.194183 3.560054 2.163085
v -9.093641 3.684775 0.994548
v -9.305462 3.665046 -0.000040
v -9.093641 3.684775 0.994548
v -9.279255 3.641672 1.052073
v -9.134832 3.710127 -0.000040
v -9.093641 3.684776 -0.994584
v -9.134832 3.710127 -0.000040
v -9.279255 3.641672 -1.052109
v -9.015162 3.609710 2.044645
v -8.843884 3.492993 3.007710
v -8.990025 3.428969 3.182102
v -8.996559 3.433151 3.149426
v -9.194183 3.560054 2.163085
v -4.737396 3.459532 3.654115
v -5.765859 3.429063 3.610688
v -5.765506 3.498358 3.581937
v -4.662942 3.383717 3.698227
v -4.647940 3.527257 3.634497
v -4.662942 3.383717 3.698227
v -4.737396 3.459532 3.654115
v -4.566859 3.466017 3.674421
v -4.633399 3.640367 3.590627
v -4.566859 3.466017 3.674421
v -4.647940 3.527257 3.634497
v -4.551049 3.603208 3.621218
v -4.830040 4.171310 3.338161
v -4.551049 3.603208 3.621218
v -4.633399 3.640367 3.590627
v -4.761130 4.246823 3.315021
v -4.929225 4.247801 3.294845
v -4.761130 4.246823 3.315021
v -4.830040 4.171310 3.338161
v -4.867414 4.339430 3.262483
v -5.018481 4.256824 3.285137
v -4.867414 4.339430 3.262483
v -4.929225 4.247801 3.294845
v -4.963165 4.350214 3.250711
v -5.284144 4.235775 3.283408
v -4.963165 4.350214 3.250711
v -5.018481 4.256824 3.285137
v -5.248174 4.324237 3.248605
v -6.715567 3.870260 3.352749
v -5.248174 4.324237 3.248605
v -5.284144 4.235775 3.283408
v -6.784093 3.913945 3.328186
v -6.857239 3.765214 3.387550
v -6.784093 3.913945 3.328186
v -6.715567 3.870260 3.352749
v -6.936260 3.786282 3.370369
v -5.765506 3.498358 3.581937
v -6.759113 3.466534 3.514949
v -6.691362 3.530533 3.494421
v -5.765859 3.429063 3.610688
v -6.691362 3.530533 3.494421
v -6.916853 3.548060 3.467776
v -6.838500 3.597965 3.455493
v -6.759113 3.466534 3.514949
v -6.838500 3.597965 3.455493
v -6.936260 3.786282 3.370369
v -6.857239 3.765214 3.387550
v -6.916853 3.548060 3.467776
v 2.684123 0.054866 -4.158169
v 2.795362 0.567305 -4.304387
v 2.657591 0.055189 -4.158169
v 2.821896 0.566983 -4.304387
v 2.855667 2.609503 -4.113413
v 2.676112 2.904471 -3.984177
v 2.829157 2.609825 -4.113413
v 2.702599 2.904149 -3.984177
v 2.913857 1.572832 -4.238261
v 2.892208 2.276211 -4.228906
v 2.887325 1.573154 -4.238261
v 2.918718 2.275889 -4.228906
v 2.855043 0.753422 -4.224871
v 2.887325 1.573154 -4.238261
v 2.828531 0.753744 -4.224871
v 2.913857 1.572832 -4.238261
v 2.821896 0.566983 -4.304387
v 2.828531 0.753744 -4.224871
v 2.795362 0.567305 -4.304387
v 2.855043 0.753422 -4.224871
v 2.550014 -0.250436 -4.032990
v 2.657591 0.055189 -4.158169
v 2.523483 -0.250092 -4.032990
v 2.684123 0.054866 -4.158169
v 2.918718 2.275889 -4.228906
v 2.829157 2.609825 -4.113413
v 2.892208 2.276211 -4.228906
v 2.855667 2.609503 -4.113413
v -3.027867 0.227678 -4.193948
v -3.221434 0.760094 -4.327177
v -3.054046 0.227996 -4.193948
v -3.195232 0.759775 -4.327177
v -3.616410 2.965266 -3.991760
v -3.589431 3.196827 -3.871899
v -3.642611 2.965585 -3.991760
v -3.563232 3.196508 -3.871899
v -3.472711 1.784544 -4.223698
v -3.644384 2.582324 -4.153893
v -3.498888 1.784862 -4.223698
v -3.618185 2.582006 -4.153893
v -3.263146 0.996258 -4.246441
v -3.498888 1.784862 -4.223698
v -3.289345 0.996576 -4.246441
v -3.472711 1.784544 -4.223698
v -3.195232 0.759775 -4.327177
v -3.289345 0.996576 -4.246441
v -3.221434 0.760094 -4.327177
v -3.263146 0.996258 -4.246441
v -2.896246 -0.115059 -4.063738
v -3.054046 0.227996 -4.193948
v -2.922444 -0.114630 -4.063760
v -3.027867 0.227678 -4.193948
v -3.618185 2.582006 -4.153893
v -3.642611 2.965585 -3.991760
v -3.644384 2.582324 -4.153893
v -3.616410 2.965266 -3.991760
v 7.619609 2.532671 -3.559026
v 8.664499 2.287690 -3.451625
v 7.638404 2.532443 -3.532470
v 8.645726 2.287918 -3.478158
v 6.689087 2.693706 -3.604048
v 7.638404 2.532443 -3.532470
v 6.707883 2.693478 -3.577492
v 7.619609 2.532671 -3.559026
v 5.693041 2.798739 -3.624065
v 6.707883 2.693478 -3.577492
v 5.711837 2.798511 -3.597532
v 6.689087 2.693706 -3.604048
v 3.375250 3.022430 -3.663768
v 5.711837 2.798511 -3.597532
v 3.394045 3.022202 -3.637212
v 5.693041 2.798739 -3.624065
v 9.450050 1.992874 -3.369406
v 9.452530 1.926913 -3.300287
v 9.468889 1.992645 -3.342848
v 9.433713 1.927142 -3.326865
v 8.645726 2.287918 -3.478158
v 9.101686 2.131695 -3.399154
v 8.664499 2.287690 -3.451625
v 9.082868 2.131923 -3.425732
v 9.082868 2.131923 -3.425732
v 9.468889 1.992645 -3.342848
v 9.101686 2.131695 -3.399154
v 9.450050 1.992874 -3.369406
v 9.452530 1.926913 -3.300287
v 9.360430 1.928032 -3.326865
v 9.379228 1.927804 -3.300287
v 9.433713 1.927142 -3.326865
v -9.880373 3.436684 -3.148775
v -10.882762 3.435936 -3.116943
v -9.875159 3.433540 -3.177393
v -10.890238 3.439244 -3.079858
v -10.882762 3.435936 -3.116943
v -10.948245 3.127717 -3.103620
v -10.939281 3.126743 -3.142547
v -9.880373 3.436684 -3.148775
v -8.990023 3.428970 -3.182116
v -8.996557 3.433151 -3.149463
v -9.875159 3.433540 -3.177393
v -3.445472 3.214564 -3.808413
v -3.456048 3.254597 -3.787663
v -3.600671 3.240748 -3.794734
v -3.916136 4.286551 -3.343760
v -3.456048 3.254597 -3.787663
v -3.752338 4.209031 -3.383462
v 1.374513 2.962539 -3.897324
v 1.363960 3.002569 -3.874781
v -3.445472 3.214564 -3.808413
v 1.363960 3.002569 -3.874781
v 2.662766 2.904566 -3.915968
v -3.894891 4.425646 -3.267480
v -3.752338 4.209031 -3.383462
v -3.732458 4.336216 -3.315785
v -3.916136 4.286551 -3.343760
v -3.782512 4.530005 -3.206964
v -3.732458 4.336216 -3.315785
v -3.627038 4.431660 -3.262249
v -3.894891 4.425646 -3.267480
v -3.576179 4.590639 -3.169768
v -3.627038 4.431660 -3.262249
v -3.433493 4.487037 -3.229396
v -3.782512 4.530005 -3.206964
v -2.464498 4.664612 -3.122883
v -3.433493 4.487037 -3.229396
v -2.447405 4.555133 -3.188698
v -3.576179 4.590639 -3.169768
v -1.106418 4.644477 -3.119092
v -2.447405 4.555133 -3.188698
v -1.125983 4.535751 -3.184662
v -2.464498 4.664612 -3.122883
v -2.447405 4.555133 -3.188698
v -0.239175 4.541228 -3.175021
v -1.125983 4.535751 -3.184662
v -0.279201 4.439960 -3.234408
v -1.106418 4.644477 -3.119092
v 0.254664 4.365945 -3.272645
v -0.279201 4.439960 -3.234408
v 0.188626 4.275101 -3.323098
v -0.239175 4.541228 -3.175021
v 1.504878 3.733480 -3.572084
v 0.188626 4.275101 -3.323098
v 1.254571 3.715595 -3.589506
v 0.254664 4.365945 -3.272645
v 2.118331 3.363939 -3.726790
v 1.254571 3.715595 -3.589506
v 1.363960 3.002569 -3.874781
v 1.504878 3.733480 -3.572084
v 2.662766 2.904566 -3.915968
v 2.118331 3.363939 -3.726790
v -0.179101 4.690474 -2.962854
v 0.348912 4.512536 -3.001137
v -0.178922 4.705215 -2.888350
v 0.348732 4.497751 -3.075643
v -1.061473 4.800156 -2.899989
v -0.178922 4.705215 -2.888350
v -1.061294 4.814941 -2.825461
v -0.179101 4.690474 -2.962854
v -2.485668 4.821649 -2.903292
v -1.061294 4.814941 -2.825461
v -2.485489 4.836410 -2.828786
v -1.061473 4.800156 -2.899989
v -3.805978 4.768057 -2.952970
v -2.485489 4.836410 -2.828786
v -3.811673 4.782933 -2.878465
v -2.485668 4.821649 -2.903292
v -4.924500 4.603758 -2.998324
v -3.811673 4.782933 -2.878465
v -4.930196 4.618593 -2.923841
v -3.805978 4.768057 -2.952970
v -5.288041 4.526284 -3.015347
v -4.924500 4.603758 -2.998324
v -5.102637 4.581449 -2.834040
v -6.844848 4.126509 -3.105614
v -5.102637 4.581449 -2.834040
v -6.873916 4.142604 -2.935458
v -5.288041 4.526284 -3.015347
v -5.102637 4.581449 -2.834040
v -6.715566 3.870261 -3.352805
v -5.284143 4.235775 -3.283443
v -6.873916 4.142604 -2.935458
v -7.771474 3.848993 -3.142702
v -6.873916 4.142604 -2.935458
v -7.728596 3.887444 -2.970481
v -6.844848 4.126509 -3.105614
v -6.873916 4.142604 -2.935458
v -6.857238 3.765215 -3.387609
v -6.715566 3.870261 -3.352805
v -7.728596 3.887444 -2.970481
v -6.873916 4.142604 -2.935458
v -8.990023 3.428970 -3.182116
v -7.728596 3.887444 -2.970481
v -8.843883 3.492994 -3.007747
v -7.771474 3.848993 -3.142702
v -4.924500 4.603758 -2.998324
v -4.930196 4.618593 -2.923841
v -5.102637 4.581449 -2.834040
v -4.930196 4.618593 -2.923841
v -5.199821 4.751358 -1.567502
v -5.102637 4.581449 -2.834040
v -5.060598 4.784228 -1.565839
v -5.284143 4.235775 -3.283443
v -4.038433 4.385822 -3.205213
v -5.018480 4.256824 -3.285195
v -5.060598 4.784228 -1.565839
v -5.295715 4.836298 -0.000039
v -5.199821 4.751358 -1.567502
v -5.129055 4.872117 -0.000039
v -9.279255 3.641672 -1.052109
v -9.015162 3.609710 -2.044680
v -9.093641 3.684776 -0.994584
v -9.194183 3.560054 -2.163165
v -8.990023 3.428970 -3.182116
v -8.843883 3.492994 -3.007747
v -9.015162 3.609710 -2.044680
v -8.996557 3.433151 -3.149463
v -9.194183 3.560054 -2.163165
v -4.737395 3.459533 -3.654170
v -5.765858 3.429064 -3.610768
v -4.662941 3.383718 -3.698262
v -5.765505 3.498359 -3.582015
v -4.647939 3.527258 -3.634552
v -4.662941 3.383718 -3.698262
v -4.566858 3.466018 -3.674498
v -4.737395 3.459533 -3.654170
v -4.633399 3.640368 -3.590706
v -4.566858 3.466018 -3.674498
v -4.551048 3.603209 -3.621297
v -4.647939 3.527258 -3.634552
v -4.830039 4.171310 -3.338173
v -4.551048 3.603209 -3.621297
v -4.761129 4.246823 -3.315053
v -4.633399 3.640368 -3.590706
v -4.929224 4.247801 -3.294858
v -4.761129 4.246823 -3.315053
v -4.867413 4.339430 -3.262494
v -4.830039 4.171310 -3.338173
v -5.018480 4.256824 -3.285195
v -4.867413 4.339430 -3.262494
v -4.963164 4.350214 -3.250724
v -4.929224 4.247801 -3.294858
v -5.284143 4.235775 -3.283443
v -4.963164 4.350214 -3.250724
v -5.248173 4.324237 -3.248640
v -5.018480 4.256824 -3.285195
v -6.715566 3.870261 -3.352805
v -5.248173 4.324237 -3.248640
v -6.784092 3.913946 -3.328222
v -6.715566 3.870261 -3.352805
v -5.284143 4.235775 -3.283443
v -6.857238 3.765215 -3.387609
v -6.784092 3.913946 -3.328222
v -6.936259 3.786283 -3.370405
v -6.715566 3.870261 -3.352805
v -5.765505 3.498359 -3.582015
v -6.759112 3.466535 -3.515004
v -5.765858 3.429064 -3.610768
v -6.691361 3.530534 -3.494454
v -6.691361 3.530534 -3.494454
v -6.916852 3.548061 -3.467809
v -6.759112 3.466535 -3.515004
v -6.838499 3.597965 -3.455551
v -6.838499 3.597965 -3.455551
v -6.936259 3.786283 -3.370405
v -6.916852 3.548061 -3.467809
v -6.838499 3.597965 -3.455551
v -6.857238 3.765215 -3.387609
v -3.456049 3.254596 3.787630
v 1.363960 3.002569 -3.874781
v 1.363958 3.002568 3.874726
v -3.456048 3.254597 -3.787663
v 2.988514 2.986335 3.757504
v 1.363960 3.002569 -3.874781
v 2.988516 2.986336 -3.757537
v 2.210761 3.474107 3.558374
v 1.363958 3.002568 3.874726
v 2.988514 2.986335 3.757504
v 1.254570 3.715594 3.589454
v 1.254570 3.715594 3.589454
v 2.210761 3.474107 3.558374
v 1.592622 3.857560 3.394823
v 0.188625 4.275101 3.323067
v 1.592622 3.857560 3.394823
v 0.348731 4.497750 3.075610
v 1.254570 3.715594 3.589454
v -1.125984 4.535751 3.184631
v 0.464502 4.622111 1.578198
v 0.492460 4.662451 -0.000038
v -0.279202 4.439960 3.234374
v -2.447406 4.555133 3.188688
v 0.492460 4.662451 -0.000038
v -5.199822 4.751358 1.567490
v -1.125984 4.535751 3.184631
v 0.492460 4.662451 -0.000038
v -5.199822 4.751358 1.567490
v -5.295715 4.836298 -0.000039
v -4.170177 3.634739 3.563693
v -3.752339 4.209031 3.383405
v -4.163756 4.163217 3.326346
v -3.456049 3.254596 3.787630
v -3.752339 4.209031 3.383405
v -4.163756 4.163217 3.326346
v -4.633399 3.640367 3.590627
v -4.170177 3.634739 3.563693
v -4.830040 4.171310 3.338161
v -4.929225 4.247801 3.294845
v -4.163756 4.163217 3.326346
v -4.143877 4.290380 3.258690
v -4.170177 3.634739 3.563693
v -4.647940 3.527257 3.634497
v -4.737396 3.459532 3.654115
v -4.633399 3.640367 3.590627
v -4.737396 3.459532 3.654115
v -3.456049 3.254596 3.787630
v -4.170177 3.634739 3.563693
v -4.143877 4.290380 3.258690
v -3.752339 4.209031 3.383405
v -3.732459 4.336216 3.315751
v -4.163756 4.163217 3.326346
v -4.038434 4.385822 3.205156
v -3.732459 4.336216 3.315751
v -3.627038 4.431660 3.262217
v -4.143877 4.290380 3.258690
v -5.018481 4.256824 3.285137
v -4.143877 4.290380 3.258690
v -4.038434 4.385822 3.205156
v -5.018481 4.256824 3.285137
v -4.929225 4.247801 3.294845
v -5.102638 4.581448 2.833986
v -3.627038 4.431660 3.262217
v -3.433494 4.487037 3.229364
v -4.038434 4.385822 3.205156
v -5.284144 4.235775 3.283408
v -4.038434 4.385822 3.205156
v -5.102638 4.581448 2.833986
v -5.018481 4.256824 3.285137
v 3.348791 3.023372 2.753650
v 2.988516 2.986336 -3.757537
v 3.348792 3.023373 -2.753705
v 2.988514 2.986335 3.757504
v 3.607737 3.057093 1.371264
v 3.348792 3.023373 -2.753705
v 3.607737 3.057093 -1.371341
v 3.348791 3.023372 2.753650
v 3.607737 3.057093 -1.371341
v 3.654082 3.063580 -0.000038
v 3.607737 3.057093 1.371264
v -6.838500 3.597965 3.455493
v -7.728597 3.887444 2.970470
v -8.843884 3.492993 3.007710
v -6.857239 3.765214 3.387550
v -6.691362 3.530533 3.494421
v -8.843884 3.492993 3.007710
v -9.015162 3.609710 2.044645
v -6.838500 3.597965 3.455493
v -4.737396 3.459532 3.654115
v -9.015162 3.609710 2.044645
v -9.093641 3.684775 0.994548
v -6.691362 3.530533 3.494421
v -3.456049 3.254596 3.787630
v -9.093641 3.684775 0.994548
v -9.134832 3.710127 -0.000040
v -4.737396 3.459532 3.654115
v -9.134832 3.710127 -0.000040
v -3.456048 3.254597 -3.787663
v 2.210762 3.474108 -3.558430
v 1.363960 3.002569 -3.874781
v 1.254571 3.715595 -3.589506
v 2.988516 2.986336 -3.757537
v 1.254571 3.715595 -3.589506
v 1.592623 3.857561 -3.394856
v 2.210762 3.474108 -3.558430
v 0.188626 4.275101 -3.323098
v 1.592623 3.857561 -3.394856
v 1.254571 3.715595 -3.589506
v 0.348732 4.497751 -3.075643
v -0.279201 4.439960 -3.234408
v 0.348732 4.497751 -3.075643
v 0.188626 4.275101 -3.323098
v 0.464502 4.622111 -1.578230
v -1.125983 4.535751 -3.184662
v 0.464502 4.622111 -1.578230
v -0.279201 4.439960 -3.234408
v -1.125983 4.535751 -3.184662
v 0.492460 4.662451 -0.000038
v -2.447405 4.555133 -3.188698
v 0.492460 4.662451 -0.000038
v -1.125983 4.535751 -3.184662
v -5.199821 4.751358 -1.567502
v -3.433493 4.487037 -3.229396
v -5.199821 4.751358 -1.567502
v -2.447405 4.555133 -3.188698
v -3.433493 4.487037 -3.229396
v -5.102637 4.581449 -2.834040
v -5.199821 4.751358 -1.567502
v -4.170176 3.634740 -3.563751
v -3.752338 4.209031 -3.383462
v -3.456048 3.254597 -3.787663
v -4.163755 4.163217 -3.326381
v -4.737395 3.459533 -3.654170
v -4.170176 3.634740 -3.563751
v -4.647939 3.527258 -3.634552
v -4.633399 3.640368 -3.590706
v -4.143876 4.290380 -3.258703
v -3.752338 4.209031 -3.383462
v -3.732458 4.336216 -3.315785
v -4.163755 4.163217 -3.326381
v -4.633399 3.640368 -3.590706
v -4.830039 4.171310 -3.338173
v -4.170176 3.634740 -3.563751
v -4.170176 3.634740 -3.563751
v -4.737395 3.459533 -3.654170
v -4.647939 3.527258 -3.634552
v -4.929224 4.247801 -3.294858
v -4.163755 4.163217 -3.326381
v -4.830039 4.171310 -3.338173
v -4.143876 4.290380 -3.258703
v -4.163755 4.163217 -3.326381
v -4.038433 4.385822 -3.205213
v -3.732458 4.336216 -3.315785
v -4.143876 4.290380 -3.258703
v -3.627038 4.431660 -3.262249
v -5.018480 4.256824 -3.285195
v -4.143876 4.290380 -3.258703
v -4.929224 4.247801 -3.294858
v -5.018480 4.256824 -3.285195
v -4.038433 4.385822 -3.205213
v -4.143876 4.290380 -3.258703
v -5.102637 4.581449 -2.834040
v -3.627038 4.431660 -3.262249
v -4.038433 4.385822 -3.205213
v -5.102637 4.581449 -2.834040
v -3.433493 4.487037 -3.229396
v -3.627038 4.431660 -3.262249
v -5.199821 4.751358 -1.567502
v -5.295715 4.836298 -0.000039
v 0.492460 4.662451 -0.000038
v -6.838499 3.597965 -3.455551
v -7.728596 3.887444 -2.970481
v -6.857238 3.765215 -3.387609
v -6.838499 3.597965 -3.455551
v -8.843883 3.492994 -3.007747
v -6.691361 3.530534 -3.494454
v -8.843883 3.492994 -3.007747
v -6.838499 3.597965 -3.455551
v -6.691361 3.530534 -3.494454
v -9.015162 3.609710 -2.044680
v -8.843883 3.492994 -3.007747
v -4.737395 3.459533 -3.654170
v -9.015162 3.609710 -2.044680
v -6.691361 3.530534 -3.494454
v -4.737395 3.459533 -3.654170
v -9.093641 3.684776 -0.994584
v -9.015162 3.609710 -2.044680
v -3.456048 3.254597 -3.787663
v -9.093641 3.684776 -0.994584
v -4.737395 3.459533 -3.654170
v -3.456048 3.254597 -3.787663
v -9.134832 3.710127 -0.000040
v -9.093641 3.684776 -0.994584
v 2.210761 3.474107 3.558374
v 2.931350 3.032765 3.698298
v 2.988514 2.986335 3.757504
v 2.219475 3.477880 3.517609
v 3.348769 3.023373 2.753628
v 2.931350 3.032765 3.698298
v 3.278026 3.067151 2.728357
v 1.592600 3.857560 3.394823
v 2.219475 3.477880 3.517609
v 2.210761 3.474107 3.558374
v 1.598562 3.861079 3.352062
v 0.582115 4.564217 1.583718
v 0.348911 4.512535 3.001107
v 0.464502 4.622111 1.578198
v 0.443808 4.462546 3.031143
v 0.628395 4.598083 -0.000038
v 0.464502 4.622111 1.578198
v 0.492460 4.662451 -0.000038
v 0.582115 4.564217 1.583718
v 3.278026 3.067151 2.728357
v 3.607714 3.057093 1.371264
v 3.348769 3.023373 2.753628
v 3.520053 3.104113 1.376364
v 3.654082 3.063580 -0.000038
v 3.520053 3.104113 1.376364
v 3.569423 3.109456 -0.000038
v 3.607714 3.057093 1.371264
v 0.443808 4.462546 3.031143
v 0.348731 4.497750 3.075610
v 0.348911 4.512535 3.001107
v 1.592600 3.857560 3.394823
v 0.348731 4.497750 3.075610
v 0.443808 4.462546 3.031143
v 0.443808 4.462546 3.031143
v 1.598562 3.861079 3.352062
v 1.592600 3.857560 3.394823
v 2.210762 3.474108 -3.558430
v 2.931351 3.032766 -3.698350
v 2.219476 3.477881 -3.517662
v 2.988516 2.986336 -3.757537
v 3.348770 3.023374 -2.753705
v 2.931351 3.032766 -3.698350
v 3.278027 3.067152 -2.728434
v 1.592601 3.857561 -3.394856
v 2.219476 3.477881 -3.517662
v 1.598563 3.861080 -3.352071
v 2.210762 3.474108 -3.558430
v 0.582116 4.564217 -1.583749
v 0.348912 4.512536 -3.001137
v 0.443809 4.462547 -3.031176
v 0.464502 4.622111 -1.578230
v 0.628395 4.598083 -0.000038
v 0.464502 4.622111 -1.578230
v 0.582116 4.564217 -1.583749
v 0.492460 4.662451 -0.000038
v 3.278027 3.067152 -2.728434
v 3.607715 3.057094 -1.371341
v 3.520053 3.104114 -1.376395
v 3.348770 3.023374 -2.753705
v 3.654082 3.063580 -0.000038
v 3.520053 3.104114 -1.376395
v 3.607715 3.057094 -1.371341
v 3.569423 3.109456 -0.000038
v 0.443809 4.462547 -3.031176
v 0.348912 4.512536 -3.001137
v 0.348732 4.497751 -3.075643
v 1.592601 3.857561 -3.394856
v 0.443809 4.462547 -3.031176
v 0.348732 4.497751 -3.075643
v 0.443809 4.462547 -3.031176
v 1.592601 3.857561 -3.394856
v 1.598563 3.861080 -3.352071
v -5.199822 4.751358 1.567490
v -6.873917 4.142603 2.935400
v -6.887994 4.266633 1.596441
v -5.102638 4.581448 2.833986
v -7.728597 3.887444 2.970470
v -7.761445 4.023008 1.616568
v -8.843884 3.492993 3.007710
v -9.015162 3.609710 2.044645
v -5.295692 4.836298 -0.000039
v -6.931380 4.399731 -0.000039
v -7.799221 4.141586 -0.000040
v -9.093641 3.684775 0.994548
v -9.134832 3.710127 -0.000040
v -3.752339 4.209031 3.383405
v -1.731549 4.112984 3.397573
v -3.456049 3.254596 3.787630
v -3.732459 4.336216 3.315751
v -3.627038 4.431660 3.262217
v -3.433494 4.487037 3.229342
v -2.447406 4.555133 3.188688
v -1.125984 4.535751 3.184631
v -0.279202 4.439960 3.234374
v 0.188625 4.275101 3.323067
v 1.254570 3.715594 3.589454
v 1.363958 3.002568 3.874726
v -5.765506 3.498358 3.581937
v -5.579015 3.821624 3.444034
v -4.737396 3.459532 3.654115
v -4.647940 3.527257 3.634497
v -4.633399 3.640367 3.590627
v -4.830040 4.171310 3.338161
v -4.929225 4.247801 3.294845
v -5.018481 4.256824 3.285137
v -5.284144 4.235775 3.283408
v -6.715567 3.870260 3.352749
v -6.857239 3.765214 3.387550
v -6.691362 3.530533 3.494421
v -6.838500 3.597965 3.455493
v 1.592601 3.857561 -3.394856
v 0.348912 4.512536 -3.001137
v 0.348732 4.497751 -3.075643
v -5.199821 4.751358 -1.567502
v -6.873916 4.142604 -2.935458
v -5.102637 4.581449 -2.834040
v -6.887993 4.266633 -1.596475
v -7.728596 3.887444 -2.970481
v -7.761444 4.023008 -1.616603
v -8.843883 3.492994 -3.007747
v -9.015162 3.609710 -2.044680
v -5.295692 4.836298 -0.000039
v -6.931380 4.399731 -0.000039
v -7.799221 4.141586 -0.000040
v -9.093641 3.684776 -0.994584
v -9.134832 3.710127 -0.000040
v -3.752338 4.209031 -3.383462
v -3.456048 3.254597 -3.787663
v -1.731548 4.112984 -3.397626
v -3.732458 4.336216 -3.315785
v -3.627038 4.431660 -3.262249
v -3.433493 4.487037 -3.229396
v -2.447405 4.555133 -3.188698
v -1.125983 4.535751 -3.184662
v -0.279201 4.439960 -3.234408
v 0.188626 4.275101 -3.323098
v 1.254571 3.715595 -3.589506
v 1.363960 3.002569 -3.874781
v -5.765505 3.498359 -3.582015
v -4.737395 3.459533 -3.654170
v -5.579014 3.821625 -3.444067
v -4.647939 3.527258 -3.634552
v -4.633399 3.640368 -3.590706
v -4.830039 4.171310 -3.338173
v -4.929224 4.247801 -3.294858
v -5.018480 4.256824 -3.285195
v -5.284143 4.235775 -3.283443
v -6.715566 3.870261 -3.352805
v -6.857238 3.765215 -3.387609
v -6.691361 3.530534 -3.494454
v -6.838499 3.597965 -3.455551
v 3.278026 3.067151 2.728357
v 2.219475 3.477880 3.517609
v 2.451346 3.578593 2.433109
v 2.931350 3.032765 3.698298
v 1.598562 3.861079 3.352062
v 1.763801 3.958811 2.164949
v 3.520053 3.104113 1.376364
v 2.551499 3.623553 1.432248
v 3.569423 3.109456 -0.000038
v 2.577302 3.647228 -0.000038
v 1.820686 3.993390 1.480772
v 1.846737 4.020917 -0.000038
v 0.443808 4.462546 3.031143
v 0.582115 4.564217 1.583718
v 0.628395 4.598083 -0.000038
v 3.278027 3.067152 -2.728434
v 2.219476 3.477881 -3.517662
v 2.931351 3.032766 -3.698350
v 2.451347 3.578593 -2.433163
v 1.598563 3.861080 -3.352071
v 1.763802 3.958812 -2.165025
v 3.520053 3.104114 -1.376395
v 2.551499 3.623554 -1.432301
v 3.569423 3.109456 -0.000038
v 2.577302 3.647228 -0.000038
v 1.820686 3.993391 -1.480826
v 1.846737 4.020917 -0.000038
v 0.443809 4.462547 -3.031176
v 0.582116 4.564217 -1.583749
v 0.628395 4.598083 -0.000038
v 9.591206 1.090117 -2.776469
v 9.668412 1.209823 -2.664145
v 9.300066 1.512163 -3.395208
v 8.775194 1.100031 -4.081181
v 8.751309 1.146898 -4.084617
v 8.947210 1.742752 -3.935541
v 9.042258 1.853041 -3.813065
v 9.163366 1.896706 -3.610633
v 9.360430 1.928032 -3.326865
v 9.379228 1.927804 -3.300287
v 9.802675 1.949373 -2.658007
v 9.959595 1.322275 -1.373201
v 9.962008 1.520858 -1.319978
v 10.031188 1.520018 -1.717197
v 9.957829 1.176889 -1.518576
v 9.957182 1.123669 -1.717197
v 9.957829 1.176889 -1.915817
v 9.959595 1.322275 -2.061214
v 9.962008 1.520859 -2.114438
v 9.964419 1.719443 -2.061214
v 9.966187 1.864850 -1.915817
v 9.966833 1.918071 -1.717197
v 9.966187 1.864850 -1.518576
v 9.964419 1.719443 -1.373201
v 9.591206 1.090117 2.776397
v 9.300020 1.512162 3.395157
v 9.668411 1.209801 2.664073
v 8.775192 1.100030 4.081152
v 8.751307 1.146897 4.084565
v 8.947208 1.742751 3.935512
v 9.042256 1.853040 3.813036
v 9.163364 1.896706 3.610558
v 9.360406 1.928031 3.326815
v 9.379226 1.927803 3.300256
v 9.802675 1.949372 2.657954
v 9.959595 1.322274 1.373128
v 10.031188 1.520018 1.717167
v 9.962008 1.520858 1.319926
v 9.957829 1.176888 1.518546
v 9.957182 1.123669 1.717167
v 9.957829 1.176888 1.915787
v 9.959595 1.322274 2.061185
v 9.962008 1.520858 2.114408
v 9.964419 1.719442 2.061185
v 9.966187 1.864850 1.915788
v 9.966833 1.918070 1.717167
v 9.966187 1.864850 1.518546
v 9.964419 1.719442 1.373128
v -11.144610 2.862412 -2.744574
v -11.088078 2.528212 -3.605471
v -10.965475 2.842831 -3.580597
v -11.262922 2.546763 -2.744619
v -11.161570 2.325636 -3.589156
v -11.239959 2.220022 -3.456149
v -11.381911 2.232498 -2.744641
v -10.913220 2.976143 -3.543956
v -10.891392 3.094061 -3.403103
v -10.962488 3.101443 -3.094112
v -11.264590 2.882134 -1.982013
v -11.389821 2.557837 -1.954880
v -11.518608 2.234159 -1.927170
v -11.042905 3.109848 -2.744508
v -11.141225 3.129906 -2.214837
v -11.180479 3.083140 -2.041643
v -11.077682 2.519130 -3.629810
v -10.951425 2.853193 -3.604228
v -11.380182 2.205098 -2.744020
v -11.234136 2.191907 -3.476189
v -11.153432 2.304056 -3.613051
v -10.897590 2.994707 -3.566544
v -10.875097 3.119868 -3.421592
v -10.939281 3.126743 -3.142547
v -10.948226 3.127717 -3.103620
v -11.132128 3.157839 -2.198833
v -11.031006 3.136594 -2.743842
v -11.520847 2.206807 -1.902831
v -11.388179 2.550457 -1.931316
v -11.259206 2.894774 -1.959247
v -11.191926 3.045991 -1.996865
v -11.153672 3.105428 -2.018766
v -11.153672 3.105428 -2.018766
v -11.132128 3.157839 -2.198833
v -11.104135 3.157499 -2.180389
v -11.144629 2.862411 2.744495
v -11.088080 2.528211 3.605390
v -11.262922 2.546762 2.744537
v -10.965477 2.842830 3.580518
v -11.381911 2.232497 2.744559
v -11.239961 2.220021 3.456114
v -11.161572 2.325635 3.589096
v -10.962490 3.101442 3.094074
v -10.891394 3.094060 3.403066
v -10.913222 2.976142 3.543919
v -11.264590 2.882134 1.981954
v -11.389821 2.557837 1.954821
v -11.518608 2.234159 1.927133
v -11.180479 3.083140 2.041584
v -11.141225 3.129906 2.214757
v -11.042952 3.109847 2.744426
v -11.077683 2.519129 3.629729
v -10.951427 2.853192 3.604149
v -11.380182 2.205097 2.743940
v -11.234138 2.191906 3.476131
v -11.153434 2.304055 3.612971
v -10.897610 2.994706 3.566484
v -10.875099 3.119867 3.421532
v -10.939283 3.126742 3.142510
v -10.948247 3.127717 3.103585
v -11.388179 2.550457 1.931279
v -11.259206 2.894774 1.959188
v -11.520847 2.206807 1.902772
v -11.191926 3.045991 1.996806
v -11.153695 3.105428 2.018731
v -11.132128 3.157838 2.198753
v -11.031006 3.136593 2.743785
v -11.153672 3.105428 2.018731
v -11.104135 3.157498 2.180310
v -11.132128 3.157838 2.198753
vn -0.2155 0.0222 0.9762
vn 0.0176 -0.1689 0.9855
vn 0.0112 -0.0433 0.9990
vn -0.1623 -0.1275 0.9785
vn 0.0395 -0.3025 0.9523
vn 0.0323 -0.2475 0.9684
vn 0.0390 -0.3417 0.9390
vn 0.0120 0.0195 0.9997
vn 0.0123 0.0430 0.9990
vn 0.0192 -0.0355 0.9992
vn -0.3003 0.1409 0.9434
vn -0.2274 0.3283 0.9168
vn -0.3126 0.4156 0.8541
vn -0.3093 0.0391 0.9502
vn -0.0913 0.5541 0.8274
vn -0.1532 0.6254 0.7651
vn 0.0597 0.7170 0.6945
vn 0.0441 0.7250 0.6873
vn 0.2241 0.6915 0.6868
vn 0.2398 0.6912 0.6817
vn 0.3393 0.4861 0.8054
vn 0.4023 0.5089 0.7611
vn 0.3200 0.1883 0.9285
vn 0.4630 0.3434 0.8171
vn 0.4687 0.1630 0.8682
vn 0.4826 0.0216 0.8756
vn 0.1978 -0.1867 0.9623
vn 0.1700 0.1117 0.9791
vn 0.2288 0.4325 0.8721
vn 0.1683 0.6137 0.7714
vn 0.0822 0.6304 0.7719
vn 0.0017 0.4588 0.8885
vn -0.0157 0.3178 0.9480
vn -0.0569 0.1615 0.9852
vn -0.0818 0.0441 0.9957
vn -0.0668 -0.0110 0.9977
vn 0.0358 0.0427 0.9984
vn 0.0508 -0.0124 0.9986
vn 0.2328 0.1188 0.9652
vn 0.2124 0.3778 0.9012
vn 0.1603 0.6060 0.7792
vn 0.1857 0.7625 0.6198
vn 0.1068 0.7242 0.6813
vn 0.0556 0.3797 0.9234
vn 0.0667 0.6462 0.7602
vn 0.0633 0.3718 0.9261
vn 0.0727 0.4972 0.8646
vn 0.0513 0.0268 0.9983
vn 0.0584 -0.0360 0.9976
vn 0.0630 0.3483 0.9353
vn 0.2228 0.5816 0.7823
vn 0.3176 0.6432 0.6967
vn 0.2641 0.7536 0.6019
vn 0.3266 0.7372 0.5915
vn 0.3895 0.7443 0.5425
vn 0.0099 -0.1531 0.9882
vn 0.1977 -0.1867 0.9623
vn 0.0166 -0.2473 0.9688
vn 0.0186 -0.0826 0.9964
vn 0.0105 -0.1060 0.9943
vn 0.1571 -0.3039 0.9397
vn 0.0158 -0.3179 0.9480
vn 0.1733 -0.2649 0.9486
vn 0.0075 -0.3491 0.9370
vn 0.1488 -0.3430 0.9275
vn 0.4631 -0.2998 0.8341
vn 0.4712 -0.2763 0.8376
vn 0.4546 -0.3467 0.8204
vn 0.7372 -0.3266 0.5915
vn 0.7534 -0.2876 0.5914
vn 0.0073 -0.3648 0.9311
vn 0.1564 -0.3588 0.9202
vn 0.4465 -0.3702 0.8146
vn 0.7211 -0.3656 0.5886
vn 0.0462 -0.3888 0.9202
vn 0.0463 -0.3888 0.9201
vn 0.0650 0.5051 0.8606
vn 0.0650 0.5052 0.8605
vn 0.0087 -0.2550 0.9669
vn 0.0081 -0.3021 0.9532
vn 0.0082 -0.2942 0.9557
vn 0.0073 -0.3648 0.9310
vn 0.0172 0.4430 0.8964
vn 0.0171 0.4430 0.8964
vn 0.0166 0.3959 0.9182
vn 0.0167 0.4037 0.9147
vn 0.0163 0.3724 0.9279
vn -0.0031 0.0667 0.9978
vn 0.0120 0.0194 0.9997
vn 0.0319 0.3643 0.9307
vn 0.0319 0.3644 0.9307
vn 0.0632 0.3640 0.9293
vn 0.1260 0.3632 0.9232
vn 0.0632 0.3639 0.9293
vn 0.1338 0.3631 0.9221
vn 0.2670 0.3536 0.8965
vn 0.2749 0.3535 0.8941
vn 0.4236 0.3282 0.8443
vn 0.5247 0.2485 0.8142
vn 0.5246 0.2485 0.8142
vn 0.2495 0.1970 0.9481
vn 0.3834 0.2424 0.8912
vn 0.1094 0.2928 0.9499
vn 0.1097 0.3163 0.9423
vn 0.1010 0.2458 0.9640
vn 0.0314 0.3251 0.9451
vn 0.1316 0.1827 0.9743
vn 0.1068 0.0732 0.9916
vn 0.0983 0.0263 0.9948
vn 0.0983 0.0262 0.9948
vn 0.0315 0.3330 0.9424
vn -0.0144 0.4277 0.9038
vn -0.0013 0.2157 0.9765
vn 0.0375 0.1838 0.9823
vn 0.0432 0.0112 0.9990
vn 0.0662 -0.0361 0.9972
vn 0.1164 0.2143 0.9698
vn 0.0164 0.3802 0.9248
vn 0.0879 0.4500 0.8887
vn -0.0217 0.4669 0.8840
vn -0.0205 0.5689 0.8221
vn -0.0774 0.4127 0.9076
vn -0.1388 0.5233 0.8408
vn -0.1259 0.2878 0.9494
vn -0.2195 0.3360 0.9159
vn -0.1440 0.0919 0.9853
vn -0.2303 0.0930 0.9687
vn -0.1307 -0.1043 0.9859
vn -0.2096 -0.1426 0.9673
vn -0.1476 -0.2061 0.9673
vn -0.1238 -0.1828 0.9753
vn -0.1073 -0.1124 0.9879
vn -0.0658 0.0674 0.9956
vn -0.0591 -0.0189 0.9981
vn -0.0482 0.2320 0.9715
vn -0.0315 0.3102 0.9501
vn -0.0229 0.3728 0.9276
vn -0.0971 0.0757 0.9924
vn -0.1296 -0.0177 0.9914
vn -0.2084 -0.0485 0.9768
vn -0.1684 0.0216 0.9855
vn -0.0645 0.1773 0.9820
vn -0.0727 0.1460 0.9866
vn -0.0480 0.2477 0.9676
vn -0.0641 0.2086 0.9759
vn -0.0729 0.1303 0.9888
vn -0.0397 0.2868 0.9572
vn -0.1545 -0.1276 0.9797
vn -0.2881 -0.1494 0.9459
vn -0.3659 -0.0936 0.9259
vn -0.6888 -0.2152 0.6922
vn -0.6881 -0.1446 0.7111
vn -0.1603 0.0373 0.9864
vn -0.1630 -0.1824 0.9696
vn -0.2964 -0.1966 0.9346
vn -0.6111 -0.2710 0.7437
vn 0.0180 -0.1296 0.9914
vn 0.0179 -0.1375 0.9903
vn -0.0037 0.0197 0.9998
vn -0.0036 0.0275 0.9996
vn -0.0113 0.0433 0.9990
vn -0.0113 0.0432 0.9990
vn -0.0192 0.0355 0.9992
vn -0.0277 -0.0193 0.9994
vn -0.0365 -0.0976 0.9946
vn -0.0453 -0.1759 0.9834
vn -0.0533 -0.1916 0.9800
vn -0.0617 -0.2385 0.9692
vn -0.0066 -0.2235 0.9747
vn -0.0067 -0.2313 0.9729
vn -0.0151 -0.2704 0.9626
vn -0.0076 -0.3019 0.9533
vn 0.0168 -0.2316 0.9727
vn 0.0260 -0.1219 0.9922
vn 0.0183 -0.1061 0.9942
vn 0.0084 -0.2786 0.9604
vn 0.0122 0.0351 0.9993
vn 0.0155 -0.3414 0.9398
vn 0.0089 -0.2393 0.9709
vn -0.0145 -0.2234 0.9746
vn -0.0222 -0.2076 0.9780
vn -0.0059 -0.1607 0.9870
vn 0.0115 -0.0198 0.9997
vn 0.0214 0.1448 0.9892
vn -0.0224 0.4199 0.9073
vn -0.0224 0.4121 0.9109
vn -0.0134 0.5139 0.8577
vn 0.0020 0.4902 0.8716
vn 0.0248 0.4272 0.9038
vn 0.0175 0.4743 0.8802
vn 0.0173 0.4586 0.8885
vn 0.0022 0.5059 0.8626
vn 0.0176 0.4822 0.8759
vn 0.0027 0.5451 0.8384
vn -0.0124 0.5923 0.8056
vn -0.0276 0.6318 0.7747
vn -0.0288 0.5376 0.8427
vn -0.0300 0.4357 0.8996
vn -0.0429 0.6633 0.7471
vn -0.0440 0.5770 0.8155
vn -0.0506 0.6791 0.7323
vn -0.0515 0.6007 0.7978
vn -0.0450 0.4908 0.8701
vn -0.0447 0.5143 0.8564
vn 0.0311 0.9448 0.3262
vn 0.0315 0.9761 0.2148
vn 0.0238 0.9919 0.1245
vn 0.0082 1.0000 -0.0000
vn 0.0082 1.0000 0.0001
vn 0.0700 0.9208 0.3838
vn 0.0698 0.9051 0.4195
vn 0.0709 0.9914 0.1104
vn 0.0552 0.9985 -0.0000
vn 0.0552 0.9985 -0.0001
vn -0.0440 0.5770 0.8156
vn -0.0659 0.0675 0.9955
vn 0.9389 0.1337 0.3170
vn 0.9387 0.1102 0.3268
vn 0.8879 -0.1951 0.4167
vn 0.8801 -0.1872 0.4363
vn 0.8640 -0.2262 0.4499
vn 0.8629 -0.3124 0.3972
vn 0.8098 0.4804 0.3368
vn 0.8177 0.4803 0.3174
vn 0.3717 0.5720 0.7312
vn 0.5521 0.5776 0.6013
vn 0.4034 0.6030 0.6882
vn 0.3721 0.6033 0.7054
vn 0.6158 0.6553 0.4374
vn 0.6080 0.6554 0.4481
vn 0.8146 -0.4138 0.4063
vn 0.7988 -0.4293 0.4215
vn 0.2396 0.0324 0.9703
vn 0.1842 -0.0140 0.9828
vn 0.4735 -0.0803 0.8771
vn 0.4736 -0.0803 0.8771
vn 0.7870 -0.0998 0.6088
vn 0.6704 -0.0199 0.7417
vn 0.0394 0.9839 0.1743
vn 0.0629 0.9836 0.1690
vn 0.0786 0.9834 0.1634
vn 0.1414 0.9827 0.1200
vn 0.1335 0.9828 0.1279
vn 0.2353 0.9658 0.1087
vn 0.2350 0.9720 0.0002
vn 0.2972 0.9548 -0.0000
vn 0.2350 0.9720 -0.0000
vn 0.2972 0.9548 0.0001
vn 0.2350 0.9720 0.0001
vn 0.7373 -0.3266 0.5913
vn 0.8712 -0.2812 0.4025
vn 0.7534 -0.2876 0.5913
vn 0.9035 -0.2031 0.3774
vn 0.7211 -0.3656 0.5885
vn 0.8310 -0.3591 0.4249
vn 0.9271 -0.1956 0.3198
vn 0.9673 -0.1176 0.2249
vn 0.9674 -0.1020 0.2316
vn 0.9282 -0.1015 0.3579
vn 0.9126 -0.1013 0.3962
vn 0.7871 -0.0998 0.6087
vn 0.9909 -0.1101 0.0776
vn 0.9910 -0.1022 0.0866
vn 0.9948 -0.1019 -0.0000
vn 0.9956 -0.0942 -0.0000
vn 0.9908 -0.1179 0.0666
vn 0.9940 -0.1097 -0.0000
vn 0.6867 0.6780 0.2623
vn 0.7259 0.6775 0.1185
vn 0.7338 0.6774 0.0520
vn 0.7420 0.6704 -0.0000
vn 0.7458 0.6662 -0.0000
vn 0.0357 0.6780 0.7342
vn 0.0280 0.6938 0.7196
vn 0.0359 0.6937 0.7193
vn 0.0283 0.7173 0.6962
vn 0.0439 0.7093 0.7035
vn 0.0282 0.7095 0.7041
vn 0.0361 0.7094 0.7039
vn 0.0517 0.7092 0.7031
vn 0.0061 -0.4668 0.8844
vn 0.0217 -0.4748 0.8798
vn 0.1399 -0.4292 0.8923
vn 0.3055 -0.3527 0.8844
vn 0.4871 -0.2530 0.8359
vn 0.4872 -0.2530 0.8358
vn -0.9188 0.2347 0.3174
vn -0.0468 0.3418 0.9386
vn -0.0468 0.3417 0.9386
vn -0.0624 0.3498 0.9347
vn -0.0227 0.3885 0.9212
vn -0.0309 0.3651 0.9305
vn -0.0225 0.4120 0.9109
vn -0.0379 0.4280 0.9030
vn -0.0451 0.4829 0.8745
vn -0.0443 0.5535 0.8317
vn -0.0445 0.5300 0.8468
vn -0.0444 0.5456 0.8369
vn -0.0445 0.5378 0.8419
vn -0.0603 0.5223 0.8506
vn -0.0603 0.5224 0.8506
vn -0.0922 0.4835 0.8705
vn -0.1089 0.3974 0.9112
vn -0.1007 0.4287 0.8978
vn -0.1399 0.4292 0.8923
vn -0.1014 0.3660 0.9251
vn -0.0859 0.3501 0.9328
vn -0.0860 0.3501 0.9328
vn -0.1554 0.4450 0.8819
vn -0.0127 0.5689 0.8223
vn -0.0284 0.5690 0.8218
vn 0.0185 0.5528 0.8331
vn 0.0028 0.5529 0.8332
vn 0.0183 0.5371 0.8433
vn 0.0341 0.5447 0.8379
vn 0.0655 0.5522 0.8311
vn 0.0809 0.5285 0.8451
vn 0.0883 0.4891 0.8677
vn 0.0961 0.4890 0.8670
vn 0.0801 0.4579 0.8854
vn 0.0960 0.4812 0.8713
vn 0.0166 0.3959 0.9181
vn 0.4454 0.8299 0.3359
vn 0.4374 0.8143 0.3815
vn 0.4456 0.8456 0.2939
vn 0.4374 0.8143 0.3816
vn 0.3988 0.8697 0.2908
vn 0.4067 0.8696 0.2800
vn 0.3050 0.8944 0.3272
vn 0.3128 0.8943 0.3199
vn 0.1799 0.9273 0.3283
vn 0.0625 0.9444 0.3228
vn 0.0624 0.9444 0.3228
vn -0.0004 0.9373 0.3485
vn -0.0633 0.9224 0.3810
vn -0.1340 0.9154 0.3796
vn -0.1809 0.9238 0.3373
vn -0.2281 0.9165 0.3285
vn -0.2281 0.9166 0.3285
vn -0.2677 0.8857 0.3794
vn -0.2838 0.8544 0.4352
vn 0.2890 0.8710 0.3972
vn 0.3130 0.9100 0.2719
vn 0.2108 0.8877 0.4093
vn 0.2270 0.9346 0.2740
vn 0.1857 0.7626 0.6197
vn 0.2641 0.7537 0.6018
vn 0.1325 0.8965 0.4228
vn 0.1565 0.9354 0.3171
vn 0.1068 0.7243 0.6811
vn 0.1009 0.8812 0.4619
vn 0.1093 0.9281 0.3558
vn 0.0667 0.6464 0.7601
vn 0.0925 0.8342 0.5436
vn 0.1013 0.9126 0.3962
vn 0.3755 0.8857 0.2731
vn 0.3671 0.8387 0.4022
vn 0.3266 0.7373 0.5914
vn 0.3911 0.8777 0.2771
vn 0.3984 0.8383 0.3721
vn 0.7591 -0.4681 0.4525
vn 0.7590 -0.4681 0.4525
vn 0.7591 -0.4681 0.4524
vn 0.8146 -0.4139 0.4063
vn 0.3286 0.9019 0.2802
vn 0.3597 0.8780 0.3157
vn 0.2272 0.9502 0.2131
vn 0.2427 0.9344 0.2609
vn 0.2117 0.9583 0.1921
vn 0.2975 0.9259 0.2330
vn 0.1569 0.9668 0.2018
vn 0.1723 0.9509 0.2570
vn 0.1176 0.9673 0.2249
vn 0.1254 0.9593 0.2530
vn 0.1178 0.9829 0.1412
vn 0.1177 0.9751 0.1880
vn 0.1173 0.9359 0.3322
vn 0.1100 0.9830 0.1468
vn 0.4764 0.7982 0.3687
vn 0.4221 0.8459 0.3261
vn 0.3988 0.8697 0.2907
vn 0.4455 0.8378 0.3157
vn 0.4378 0.8457 0.3052
vn 0.7274 -0.4912 0.4791
vn 0.8697 -0.3988 0.2908
vn 0.8142 -0.4452 0.3726
vn 0.8697 -0.3988 0.2907
vn 0.9574 -0.2822 0.0608
vn 0.8143 -0.4452 0.3725
vn 0.9494 -0.2978 0.0998
vn 0.9702 -0.2424 -0.0000
vn 0.3184 0.9480 -0.0000
vn 0.3347 0.9423 -0.0000
vn 0.2259 0.9742 -0.0000
vn 0.1567 0.9876 -0.0000
vn 0.1644 0.9864 -0.0000
vn 0.1327 0.9912 -0.0000
vn 0.1251 0.9921 -0.0000
vn 0.1174 0.9931 -0.0000
vn 0.4534 0.8913 -0.0000
vn 0.4347 0.9006 -0.0000
vn 0.5112 0.8595 -0.0000
vn 0.5054 0.8629 -0.0000
vn 0.1719 0.9851 -0.0000
vn 0.5146 0.8574 -0.0000
vn 0.4346 -0.0563 0.8989
vn 0.4581 -0.0644 0.8866
vn 0.3093 -0.0391 0.9502
vn 0.7246 -0.0755 0.6850
vn 0.7089 -0.0753 0.7012
vn 0.8423 -0.0691 0.5345
vn 0.8423 -0.0690 0.5345
vn 0.5854 0.0831 0.8065
vn 0.5853 0.0831 0.8065
vn -0.0083 -1.0000 -0.0003
vn -0.0082 -1.0000 -0.0003
vn 0.2035 0.9791 -0.0000
vn 0.3893 0.7286 0.5635
vn 0.1871 0.9823 -0.0000
vn 0.2039 0.9662 0.1576
vn 0.7412 0.6459 0.1826
vn 0.7566 0.6222 0.2009
vn 0.9453 0.0082 0.3262
vn 0.9453 0.0161 0.3257
vn 0.4109 0.5715 0.7103
vn 0.0236 0.9762 0.2154
vn 0.0159 0.9999 -0.0000
vn 0.0942 0.9956 -0.0000
vn 0.0225 0.8821 -0.4705
vn 0.0195 0.6390 -0.7689
vn 0.0160 0.3490 -0.9370
vn 0.0160 0.3489 -0.9370
vn 0.0202 0.6939 0.7198
vn 0.0160 0.3488 0.9371
vn 0.9453 0.0080 0.3262
vn 0.9196 -0.1641 0.3568
vn 0.9453 0.0159 0.3257
vn 0.9196 -0.1641 0.3569
vn 0.0474 0.9989 -0.0000
vn 0.0161 0.9999 -0.0000
vn -0.0861 0.9854 0.1468
vn -0.0625 0.9851 0.1600
vn -0.1327 0.9912 -0.0000
vn -0.0157 0.9689 0.2471
vn 0.0723 -0.1852 -0.9800
vn 0.0838 -0.5305 -0.8436
vn 0.0779 -0.3657 -0.9275
vn 0.0786 -0.9540 -0.2894
vn 0.0797 -0.8677 -0.4907
vn 0.0624 -0.9930 0.1004
vn 0.0625 -0.9930 -0.1004
vn 0.0624 -0.9930 -0.1004
vn -0.0394 0.9535 0.2989
vn 0.0233 0.9527 0.3030
vn 0.2642 0.9645 -0.0000
vn 0.2183 0.9759 -0.0000
vn 0.0160 0.9999 -0.0000
vn 0.2643 0.9644 -0.0000
vn 0.0225 0.8821 0.4705
vn 0.0225 0.8822 0.4704
vn 0.0932 0.8891 0.4481
vn 0.2345 0.9031 0.3598
vn 0.2267 0.9032 0.3645
vn 0.3444 0.9096 0.2324
vn 0.3522 0.9095 0.2208
vn 0.3523 0.9095 0.2207
vn 0.2643 0.9644 0.0001
vn 0.3994 0.9168 0.0002
vn 0.2185 0.9758 -0.0000
vn 0.4032 0.9151 -0.0000
vn 0.3966 0.9180 -0.0000
vn 0.0052 -0.5374 0.8433
vn 0.1305 -0.5546 0.8218
vn 0.1227 -0.5545 0.8231
vn 0.3812 -0.5811 0.7190
vn 0.3734 -0.5810 0.7232
vn 0.6242 -0.5919 0.5099
vn 0.6084 -0.5918 0.5287
vn 0.6086 -0.5918 0.5286
vn 0.6623 -0.6865 0.3001
vn 0.6243 -0.5919 0.5098
vn 0.8139 -0.4765 0.3324
vn 0.8772 -0.4303 0.2131
vn 0.6855 -0.7103 0.1596
vn 0.8913 -0.4534 -0.0000
vn 0.6933 -0.7183 0.0587
vn 0.8927 -0.4462 -0.0637
vn 0.6984 -0.7157 -0.0000
vn 0.3850 -0.9106 0.1500
vn 0.3929 -0.9107 0.1274
vn 0.4086 -0.9109 0.0576
vn 0.4007 -0.9108 -0.0992
vn 0.6786 -0.6318 0.3745
vn 0.0119 0.0116 0.9999
vn 0.0128 0.0106 0.9999
vn 0.0051 0.0158 0.9999
vn 0.0119 0.0116 -0.9999
vn 0.0051 0.0158 -0.9999
vn 0.0128 0.0106 -0.9999
vn 0.8078 -0.3275 0.4901
vn 0.9249 -0.3760 -0.0566
vn 0.9249 -0.3760 -0.0565
vn 0.8078 -0.3275 -0.4901
vn 0.8078 -0.3275 -0.4900
vn -0.0048 -0.0745 -0.9972
vn -0.0050 -0.0902 -0.9959
vn -0.0187 -0.5684 -0.8225
vn -0.0170 -0.4273 -0.9040
vn -0.0151 -0.9214 -0.3882
vn -0.0141 -0.8352 -0.5498
vn 0.0128 0.0822 -0.9965
vn 0.0127 0.0822 -0.9965
vn -0.0002 -0.9844 -0.1761
vn -0.0001 -0.9765 -0.2154
vn -0.0001 -0.9765 -0.2153
vn -0.0003 -0.9922 -0.1245
vn 0.0154 -0.9924 -0.1220
vn 0.0160 0.3488 -0.9371
vn 0.0117 -0.0041 -0.9999
vn 0.3184 0.9479 -0.0000
vn 0.0864 0.9963 -0.0000
vn -0.0777 0.9970 -0.0000
vn -0.1250 0.9922 -0.0000
vn 0.3207 0.9472 -0.0000
vn 0.1019 0.9948 -0.0000
vn 0.0004 1.0000 0.0001
vn -0.0075 1.0000 -0.0000
vn 0.0004 1.0000 -0.0000
vn -0.0153 0.9999 -0.0000
vn -0.0231 0.9997 -0.0000
vn -0.7989 0.4215 -0.4292
vn -0.7989 0.4214 -0.4292
vn -0.7840 0.3507 -0.5121
vn -0.7841 0.3507 -0.5121
vn -0.9181 0.2896 -0.2706
vn -0.8220 0.4532 -0.3449
vn -0.9173 0.3602 -0.1700
vn -0.9170 0.3837 -0.1092
vn -0.0544 0.9985 -0.0000
vn -0.0699 0.9976 -0.0000
vn 0.0708 0.9975 -0.0000
vn -0.1872 0.9823 -0.0000
vn -0.2113 0.9774 -0.0000
vn -0.3445 0.9388 -0.0000
vn -0.3534 0.9338 -0.0565
vn -0.3903 0.9207 -0.0000
vn -0.2379 0.1088 -0.9652
vn -0.9341 0.2662 0.2379
vn -0.9341 0.2663 0.2379
vn -0.9259 0.2975 0.2329
vn -0.9096 0.3444 0.2324
vn -0.9013 0.3835 0.2015
vn -0.8936 0.3678 0.2573
vn -0.8935 0.3756 0.2460
vn -0.9016 0.3522 0.2510
vn -0.9016 0.3600 0.2399
vn -0.9015 0.3678 0.2281
vn -0.8130 0.5472 0.1990
vn -0.7013 0.7027 0.1200
vn -0.6300 0.7646 0.1363
vn -0.6302 0.7721 0.0816
vn -0.5349 0.8418 0.0719
vn -0.5666 0.8187 0.0935
vn -0.4007 0.9108 0.0992
vn -0.4316 0.9021 0.0001
vn -0.5327 0.8463 -0.0000
vn -0.4559 0.8879 -0.0607
vn -0.6108 0.7918 -0.0000
vn -0.5349 0.8418 -0.0719
vn -0.4559 0.8880 -0.0607
vn -0.9908 0.1179 -0.0665
vn -0.9828 0.1335 0.1279
vn -0.9744 0.1726 0.1438
vn -0.9665 0.1804 0.1826
vn -0.9505 0.2037 0.2345
vn -0.9584 0.2038 0.2000
vn -0.9251 0.3603 0.1200
vn -0.9251 0.3603 -0.1199
vn -0.9250 0.3681 0.0941
vn -0.9249 0.3760 0.0566
vn -0.9171 0.3759 0.1331
vn -0.8606 0.5007 0.0928
vn -0.8749 0.4843 -0.0000
vn -0.9250 0.3681 -0.0941
vn -0.9236 0.3833 -0.0000
vn -0.8687 0.4851 -0.1004
vn -0.8200 0.5640 -0.0980
vn -0.8172 0.5763 -0.0000
vn -0.8286 0.5552 0.0719
vn -0.6881 -0.1446 0.7110
vn -0.9156 -0.1497 0.3732
vn -0.6890 -0.2152 0.6921
vn -0.9091 -0.2595 0.3259
vn -0.8632 -0.3542 0.3598
vn -0.8236 -0.3233 0.4660
vn -0.6112 -0.2710 0.7436
vn -0.8869 -0.3696 0.2770
vn -0.8869 -0.3697 0.2770
vn -0.9326 -0.2593 0.2510
vn -0.8950 -0.3852 0.2251
vn -0.9485 -0.2748 0.1576
vn -0.9628 -0.1569 0.2202
vn -0.9707 -0.1647 0.1750
vn -0.8951 -0.4009 0.1950
vn -0.9030 -0.4008 0.1549
vn -0.9785 -0.1646 0.1240
vn -0.9336 -0.3377 0.1199
vn -0.9031 -0.4087 0.1322
vn -0.9862 -0.1488 -0.0727
vn -0.9109 -0.4086 -0.0576
vn -0.9906 0.1336 0.0293
vn -0.9906 0.1337 -0.0293
vn -0.9906 0.1338 -0.0293
vn -0.4772 -0.8688 -0.1322
vn -0.4773 -0.8688 0.1321
vn -0.4772 -0.8688 -0.1321
vn -0.9921 0.0081 0.1249
vn -0.9921 0.0081 -0.1250
vn -0.9921 0.0081 0.1250
vn -0.9921 0.0081 -0.1249
vn -0.8047 -0.0647 -0.5901
vn -0.8048 -0.0647 -0.5901
vn -0.8047 -0.0648 -0.5902
vn -0.8047 -0.0648 -0.5901
vn -0.0160 -0.9920 -0.1250
vn -0.0162 -0.9920 -0.1250
vn -0.0160 -0.9920 0.1250
vn 0.0612 0.8424 0.5353
vn 0.0771 0.8579 0.5079
vn 0.0535 0.8504 0.5234
vn 0.0456 0.8505 0.5240
vn 0.0300 0.8585 0.5119
vn -0.0798 0.8520 0.5174
vn -0.0799 0.8520 0.5174
vn -0.4177 0.8012 0.4285
vn -0.3784 0.8086 0.4506
vn -0.7100 0.6322 0.3102
vn -0.6862 0.6554 0.3155
vn -0.3785 0.8086 0.4505
vn -0.4178 0.8012 0.4284
vn -0.7816 0.5468 0.3001
vn -0.5418 0.8405 -0.0000
vn -0.5743 0.8186 -0.0000
vn -0.5087 0.8610 -0.0000
vn -0.1511 -0.4884 0.8594
vn -0.1509 -0.4806 0.8639
vn -0.1272 -0.4651 0.8761
vn -0.1272 -0.4652 0.8760
vn -0.1907 -0.5271 0.8281
vn -0.1908 -0.5350 0.8230
vn -0.3010 -0.5650 0.7682
vn -0.3167 -0.5648 0.7620
vn -0.5752 -0.5460 0.6091
vn -0.5909 -0.5458 0.5941
vn -0.7938 -0.4492 0.4101
vn -0.8015 -0.4413 0.4036
vn -0.5910 -0.5458 0.5940
vn -0.8478 -0.3780 0.3720
vn -0.8478 -0.3779 0.3720
vn -0.5753 -0.5460 0.6090
vn -0.8952 -0.4088 0.1774
vn -0.8952 -0.4088 0.1775
vn -0.9028 -0.3851 0.1915
vn -0.9028 -0.3851 0.1914
vn -0.8955 -0.4323 0.1058
vn -0.8955 -0.4323 -0.1058
vn -0.8955 -0.4323 -0.1057
vn -0.9709 -0.1804 -0.1577
vn -0.9708 -0.1725 -0.1667
vn -0.9931 -0.0703 0.0941
vn -0.9535 -0.0394 0.2988
vn -0.9535 -0.0394 0.2989
vn -0.8760 -0.1188 0.4674
vn -0.8297 -0.1821 0.5276
vn -0.8297 -0.1821 0.5277
vn -0.9403 -0.2435 -0.2379
vn 0.0098 -0.1609 -0.9869
vn 0.0111 -0.0588 -0.9982
vn 0.0131 0.1136 -0.9934
vn -0.0053 -0.1137 0.9935
vn -0.0066 -0.2234 0.9747
vn -0.0094 -0.4509 0.8925
vn 0.0045 -0.6001 0.7999
vn 0.0005 -0.9295 0.3689
vn 0.0002 -0.9530 -0.3029
vn 0.0034 -0.6864 -0.7273
vn 0.0050 -0.5530 -0.8331
vn 0.0098 -0.1610 -0.9869
vn 0.0110 -0.0590 -0.9982
vn -0.9257 -0.3378 0.1700
vn 0.0094 -0.1923 -0.9813
vn 0.9249 -0.3759 -0.0566
vn 0.8083 -0.3246 0.4913
vn 0.8079 -0.3158 0.4976
vn 0.8079 -0.3158 -0.4976
vn 0.8083 -0.3246 -0.4913
vn 0.0112 -0.0433 -0.9990
vn 0.0176 -0.1689 -0.9855
vn -0.2155 0.0222 -0.9763
vn -0.1623 -0.1275 -0.9785
vn 0.0394 -0.3024 -0.9524
vn 0.0323 -0.2475 -0.9683
vn 0.0390 -0.3417 -0.9390
vn 0.0120 0.0195 -0.9997
vn 0.0123 0.0430 -0.9990
vn 0.0192 -0.0355 -0.9992
vn -0.3003 0.1409 -0.9434
vn -0.2274 0.3283 -0.9168
vn -0.3126 0.4156 -0.8541
vn -0.3093 0.0391 -0.9502
vn -0.0913 0.5541 -0.8274
vn -0.1532 0.6254 -0.7651
vn 0.0597 0.7170 -0.6945
vn 0.0441 0.7250 -0.6873
vn 0.2241 0.6915 -0.6868
vn 0.2398 0.6912 -0.6817
vn 0.3393 0.4861 -0.8053
vn 0.4023 0.5089 -0.7611
vn 0.3199 0.1883 -0.9286
vn 0.4630 0.3434 -0.8171
vn 0.4687 0.1629 -0.8682
vn 0.4826 0.0216 -0.8756
vn 0.1978 -0.1867 -0.9623
vn 0.1700 0.1117 -0.9791
vn 0.2288 0.4325 -0.8721
vn 0.1683 0.6137 -0.7714
vn 0.0822 0.6304 -0.7719
vn 0.0017 0.4588 -0.8885
vn -0.0158 0.3178 -0.9480
vn -0.0569 0.1615 -0.9852
vn -0.0818 0.0441 -0.9957
vn -0.0668 -0.0110 -0.9977
vn 0.2329 0.1187 -0.9652
vn 0.2124 0.3779 -0.9011
vn 0.1603 0.6059 -0.7792
vn 0.2228 0.5816 -0.7824
vn 0.1857 0.7625 -0.6198
vn 0.1069 0.7242 -0.6812
vn 0.0556 0.3797 -0.9234
vn 0.0667 0.6463 -0.7602
vn 0.0634 0.3718 -0.9261
vn 0.0727 0.4972 -0.8646
vn 0.0508 -0.0124 -0.9986
vn 0.0584 -0.0360 -0.9976
vn 0.0631 0.3483 -0.9353
vn 0.3176 0.6433 -0.6966
vn 0.2641 0.7536 -0.6019
vn 0.3266 0.7372 -0.5914
vn 0.3895 0.7443 -0.5425
vn 0.0513 0.0268 -0.9983
vn 0.0358 0.0427 -0.9984
vn 0.0166 -0.2473 -0.9688
vn 0.0099 -0.1531 -0.9882
vn 0.1977 -0.1868 -0.9623
vn 0.0186 -0.0826 -0.9964
vn 0.0105 -0.1060 -0.9943
vn 0.1571 -0.3039 -0.9397
vn 0.0157 -0.3179 -0.9480
vn 0.1733 -0.2649 -0.9486
vn 0.0075 -0.3491 -0.9370
vn 0.1488 -0.3430 -0.9275
vn 0.4631 -0.2998 -0.8341
vn 0.4712 -0.2763 -0.8376
vn 0.4546 -0.3467 -0.8204
vn 0.7372 -0.3266 -0.5915
vn 0.7534 -0.2876 -0.5913
vn 0.0073 -0.3648 -0.9311
vn 0.1564 -0.3588 -0.9202
vn 0.4465 -0.3702 -0.8146
vn 0.7210 -0.3657 -0.5885
vn -0.0569 0.1614 -0.9852
vn 0.0462 -0.3888 -0.9202
vn 0.0463 -0.3888 -0.9202
vn 0.0650 0.5051 -0.8606
vn 0.0082 -0.2942 -0.9557
vn 0.0087 -0.2550 -0.9669
vn 0.0081 -0.3021 -0.9532
vn 0.0167 0.4037 -0.9147
vn 0.0172 0.4429 -0.8964
vn 0.0166 0.3959 -0.9182
vn 0.0171 0.4430 -0.8964
vn 0.0163 0.3724 -0.9279
vn -0.0031 0.0667 -0.9978
vn 0.0120 0.0194 -0.9997
vn 0.0319 0.3643 -0.9307
vn 0.0319 0.3644 -0.9307
vn 0.1338 0.3631 -0.9221
vn 0.1260 0.3632 -0.9232
vn 0.0632 0.3639 -0.9293
vn 0.0632 0.3640 -0.9293
vn 0.2671 0.3536 -0.8964
vn 0.2749 0.3535 -0.8941
vn 0.4236 0.3282 -0.8443
vn 0.5246 0.2485 -0.8142
vn 0.5247 0.2485 -0.8142
vn 0.2495 0.1970 -0.9481
vn 0.3834 0.2424 -0.8912
vn 0.1094 0.2928 -0.9499
vn 0.1097 0.3163 -0.9423
vn 0.1010 0.2459 -0.9640
vn 0.0314 0.3251 -0.9452
vn 0.1316 0.1827 -0.9743
vn 0.1068 0.0732 -0.9916
vn 0.0984 0.0263 -0.9948
vn 0.0983 0.0263 -0.9948
vn 0.0983 0.0262 -0.9948
vn 0.0984 0.0262 -0.9948
vn -0.0144 0.4276 -0.9038
vn 0.0315 0.3330 -0.9424
vn -0.0013 0.2157 -0.9765
vn 0.0375 0.1838 -0.9822
vn 0.0433 0.0112 -0.9990
vn 0.0662 -0.0361 -0.9972
vn 0.1163 0.2143 -0.9698
vn 0.0164 0.3802 -0.9248
vn 0.0878 0.4499 -0.8887
vn -0.0218 0.4670 -0.8840
vn -0.0205 0.5689 -0.8221
vn -0.0774 0.4128 -0.9075
vn -0.1388 0.5233 -0.8408
vn -0.1259 0.2878 -0.9494
vn -0.2195 0.3360 -0.9159
vn -0.1440 0.0920 -0.9853
vn -0.2303 0.0930 -0.9687
vn -0.1307 -0.1043 -0.9859
vn -0.2096 -0.1426 -0.9673
vn -0.1476 -0.2061 -0.9673
vn -0.1238 -0.1828 -0.9753
vn -0.1073 -0.1124 -0.9879
vn -0.0659 0.0675 -0.9955
vn -0.0591 -0.0189 -0.9981
vn -0.0482 0.2320 -0.9715
vn -0.0315 0.3102 -0.9501
vn -0.0229 0.3729 -0.9276
vn -0.0645 0.1773 -0.9820
vn -0.0397 0.2868 -0.9572
vn -0.0480 0.2476 -0.9677
vn -0.0727 0.1460 -0.9866
vn -0.0641 0.2086 -0.9759
vn -0.0729 0.1303 -0.9888
vn -0.1684 0.0216 -0.9855
vn -0.0971 0.0757 -0.9924
vn -0.2085 -0.0485 -0.9768
vn -0.1296 -0.0177 -0.9914
vn -0.1545 -0.1275 -0.9797
vn -0.2881 -0.1494 -0.9459
vn -0.3660 -0.0936 -0.9259
vn -0.6889 -0.2152 -0.6922
vn -0.6881 -0.1446 -0.7111
vn -0.1603 0.0372 -0.9864
vn -0.1630 -0.1824 -0.9696
vn -0.2964 -0.1965 -0.9346
vn -0.6111 -0.2710 -0.7437
vn 0.0179 -0.1375 -0.9903
vn 0.0180 -0.1296 -0.9914
vn -0.0037 0.0197 -0.9998
vn -0.0036 0.0275 -0.9996
vn -0.0112 0.0433 -0.9990
vn -0.0114 0.0433 -0.9990
vn -0.0192 0.0355 -0.9992
vn -0.0277 -0.0193 -0.9994
vn -0.0365 -0.0976 -0.9946
vn -0.0453 -0.1759 -0.9834
vn -0.0533 -0.1915 -0.9800
vn -0.0618 -0.2385 -0.9692
vn -0.0066 -0.2235 -0.9747
vn -0.0068 -0.2313 -0.9729
vn -0.0151 -0.2704 -0.9626
vn -0.0076 -0.3019 -0.9533
vn 0.0168 -0.2316 -0.9727
vn 0.0260 -0.1219 -0.9922
vn 0.0183 -0.1061 -0.9942
vn 0.0084 -0.2786 -0.9604
vn 0.0122 0.0351 -0.9993
vn 0.0155 -0.3414 -0.9398
vn 0.0088 -0.2393 -0.9709
vn -0.0145 -0.2234 -0.9746
vn -0.0221 -0.2076 -0.9780
vn -0.0059 -0.1607 -0.9870
vn 0.0115 -0.0198 -0.9997
vn 0.0214 0.1449 -0.9892
vn -0.0224 0.4199 -0.9073
vn -0.0224 0.4121 -0.9109
vn -0.0134 0.5139 -0.8577
vn 0.0020 0.4902 -0.8716
vn 0.0248 0.4272 -0.9038
vn 0.0175 0.4743 -0.8802
vn 0.0173 0.4586 -0.8885
vn 0.0022 0.5059 -0.8626
vn 0.0176 0.4822 -0.8759
vn 0.0027 0.5451 -0.8384
vn -0.0124 0.5923 -0.8056
vn -0.0276 0.6318 -0.7747
vn -0.0288 0.5377 -0.8427
vn -0.0300 0.4357 -0.8996
vn -0.0429 0.6633 -0.7471
vn -0.0440 0.5770 -0.8155
vn -0.0450 0.4908 -0.8701
vn -0.0506 0.6791 -0.7323
vn -0.0515 0.6007 -0.7978
vn -0.0447 0.5143 -0.8564
vn 0.0315 0.9761 -0.2148
vn 0.0311 0.9448 -0.3262
vn 0.0238 0.9919 -0.1245
vn 0.0700 0.9207 -0.3838
vn 0.0698 0.9051 -0.4194
vn 0.0709 0.9913 -0.1105
vn 0.0552 0.9985 0.0001
vn 0.8801 -0.1872 -0.4363
vn 0.9387 0.1101 -0.3268
vn 0.8879 -0.1951 -0.4167
vn 0.9389 0.1337 -0.3170
vn 0.8640 -0.2262 -0.4499
vn 0.8629 -0.3125 -0.3972
vn 0.8098 0.4804 -0.3368
vn 0.8176 0.4803 -0.3175
vn 0.3717 0.5720 -0.7312
vn 0.5521 0.5776 -0.6013
vn 0.4034 0.6030 -0.6882
vn 0.3721 0.6034 -0.7054
vn 0.6158 0.6553 -0.4374
vn 0.6080 0.6554 -0.4481
vn 0.8147 -0.4138 -0.4063
vn 0.7988 -0.4293 -0.4215
vn 0.2396 0.0324 -0.9703
vn 0.1842 -0.0140 -0.9828
vn 0.4736 -0.0803 -0.8771
vn 0.7870 -0.0998 -0.6089
vn 0.7870 -0.0998 -0.6088
vn 0.6704 -0.0199 -0.7417
vn 0.0629 0.9836 -0.1689
vn 0.0394 0.9839 -0.1743
vn 0.0786 0.9834 -0.1634
vn 0.1414 0.9827 -0.1200
vn 0.1335 0.9828 -0.1279
vn 0.2353 0.9658 -0.1087
vn 0.2349 0.9720 -0.0001
vn 0.2351 0.9720 -0.0001
vn 0.2972 0.9548 -0.0001
vn 0.9035 -0.2031 -0.3774
vn 0.8712 -0.2812 -0.4025
vn 0.7373 -0.3266 -0.5914
vn 0.7211 -0.3657 -0.5885
vn 0.8310 -0.3591 -0.4248
vn 0.9271 -0.1956 -0.3198
vn 0.9673 -0.1176 -0.2249
vn 0.9674 -0.1020 -0.2316
vn 0.9282 -0.1015 -0.3579
vn 0.9126 -0.1013 -0.3962
vn 0.7871 -0.0998 -0.6087
vn 0.9675 -0.1020 -0.2316
vn 0.9909 -0.1101 -0.0776
vn 0.9910 -0.1022 -0.0866
vn 0.9908 -0.1179 -0.0666
vn 0.6867 0.6780 -0.2623
vn 0.6159 0.6553 -0.4374
vn 0.7259 0.6775 -0.1184
vn 0.7338 0.6774 -0.0521
vn 0.0359 0.6937 -0.7193
vn 0.0357 0.6780 -0.7342
vn 0.0280 0.6938 -0.7196
vn 0.0283 0.7174 -0.6961
vn 0.0439 0.7093 -0.7035
vn 0.0282 0.7095 -0.7041
vn 0.0361 0.7094 -0.7039
vn 0.0517 0.7092 -0.7031
vn 0.0518 0.7092 -0.7031
vn 0.0061 -0.4668 -0.8844
vn 0.0217 -0.4748 -0.8798
vn 0.1399 -0.4292 -0.8923
vn 0.3056 -0.3528 -0.8844
vn 0.4871 -0.2530 -0.8359
vn 0.4872 -0.2530 -0.8359
vn -0.9188 0.2347 -0.3174
vn -0.0624 0.3498 -0.9347
vn -0.0468 0.3418 -0.9386
vn -0.0227 0.3885 -0.9212
vn -0.0309 0.3651 -0.9305
vn -0.0225 0.4121 -0.9109
vn -0.0378 0.4280 -0.9030
vn -0.0451 0.4829 -0.8745
vn -0.0443 0.5535 -0.8317
vn -0.0445 0.5300 -0.8468
vn -0.0444 0.5457 -0.8368
vn -0.0445 0.5378 -0.8419
vn -0.0603 0.5223 -0.8506
vn -0.0922 0.4835 -0.8705
vn -0.1089 0.3974 -0.9112
vn -0.1007 0.4287 -0.8978
vn -0.1399 0.4292 -0.8923
vn -0.1014 0.3659 -0.9251
vn -0.0860 0.3501 -0.9328
vn -0.0859 0.3501 -0.9328
vn -0.1554 0.4451 -0.8819
vn -0.0284 0.5690 -0.8218
vn -0.0127 0.5688 -0.8224
vn 0.0185 0.5528 -0.8331
vn 0.0028 0.5529 -0.8332
vn 0.0183 0.5370 -0.8434
vn 0.0183 0.5371 -0.8433
vn 0.0341 0.5447 -0.8379
vn 0.0655 0.5522 -0.8311
vn 0.0809 0.5285 -0.8451
vn 0.0809 0.5284 -0.8451
vn 0.0883 0.4892 -0.8677
vn 0.0961 0.4891 -0.8669
vn 0.0801 0.4579 -0.8854
vn 0.0960 0.4812 -0.8713
vn 0.0166 0.3959 -0.9181
vn 0.4374 0.8143 -0.3816
vn 0.4374 0.8143 -0.3815
vn 0.4456 0.8456 -0.2938
vn 0.4454 0.8300 -0.3358
vn 0.3988 0.8697 -0.2907
vn 0.4067 0.8696 -0.2800
vn 0.3050 0.8944 -0.3272
vn 0.3128 0.8943 -0.3199
vn 0.1799 0.9273 -0.3283
vn 0.0625 0.9444 -0.3228
vn -0.0004 0.9373 -0.3485
vn -0.0633 0.9224 -0.3810
vn -0.1340 0.9154 -0.3796
vn -0.1809 0.9238 -0.3373
vn -0.1809 0.9239 -0.3373
vn -0.2281 0.9166 -0.3285
vn -0.2281 0.9165 -0.3285
vn -0.2677 0.8857 -0.3794
vn -0.2838 0.8544 -0.4352
vn 0.2270 0.9346 -0.2740
vn 0.3130 0.9100 -0.2719
vn 0.2108 0.8877 -0.4094
vn 0.2890 0.8711 -0.3971
vn 0.1857 0.7625 -0.6197
vn 0.2641 0.7537 -0.6018
vn 0.1325 0.8965 -0.4228
vn 0.1565 0.9354 -0.3170
vn 0.1068 0.7243 -0.6812
vn 0.1009 0.8812 -0.4619
vn 0.1093 0.9281 -0.3558
vn 0.0667 0.6464 -0.7601
vn 0.0925 0.8342 -0.5436
vn 0.1013 0.9126 -0.3962
vn 0.3755 0.8857 -0.2730
vn 0.3671 0.8387 -0.4022
vn 0.3266 0.7373 -0.5914
vn 0.3911 0.8776 -0.2771
vn 0.3984 0.8383 -0.3721
vn 0.8146 -0.4139 -0.4063
vn 0.7591 -0.4681 -0.4524
vn 0.7590 -0.4681 -0.4525
vn 0.7591 -0.4681 -0.4525
vn 0.2427 0.9344 -0.2608
vn 0.3597 0.8780 -0.3157
vn 0.2272 0.9502 -0.2131
vn 0.3286 0.9019 -0.2802
vn 0.2116 0.9583 -0.1921
vn 0.2975 0.9259 -0.2330
vn 0.1569 0.9668 -0.2018
vn 0.1723 0.9509 -0.2570
vn 0.1176 0.9673 -0.2249
vn 0.1254 0.9593 -0.2530
vn 0.1178 0.9829 -0.1412
vn 0.1177 0.9751 -0.1879
vn 0.1173 0.9359 -0.3322
vn 0.1100 0.9830 -0.1467
vn 0.4764 0.7982 -0.3687
vn 0.4221 0.8459 -0.3260
vn 0.4455 0.8378 -0.3157
vn 0.4377 0.8457 -0.3052
vn 0.8142 -0.4452 -0.3726
vn 0.8696 -0.3989 -0.2908
vn 0.7274 -0.4912 -0.4791
vn 0.7274 -0.4912 -0.4792
vn 0.9574 -0.2822 -0.0608
vn 0.8697 -0.3988 -0.2907
vn 0.8143 -0.4452 -0.3725
vn 0.9494 -0.2978 -0.0998
vn 0.1643 0.9864 -0.0000
vn 0.5146 0.8575 -0.0000
vn 0.3093 -0.0391 -0.9502
vn 0.4581 -0.0644 -0.8866
vn 0.3094 -0.0391 -0.9501
vn 0.4346 -0.0563 -0.8989
vn 0.7246 -0.0755 -0.6850
vn 0.7089 -0.0753 -0.7012
vn 0.8423 -0.0690 -0.5345
vn 0.8423 -0.0691 -0.5345
vn 0.5853 0.0831 -0.8065
vn 0.5854 0.0831 -0.8065
vn 0.3893 0.7287 -0.5635
vn 0.1327 0.9912 -0.0002
vn 0.2039 0.9662 -0.1577
vn 0.7412 0.6459 -0.1826
vn 0.7566 0.6222 -0.2009
vn 0.9453 0.0081 -0.3262
vn 0.9453 0.0160 -0.3257
vn 0.4109 0.5715 -0.7103
vn 0.0236 0.9762 -0.2154
vn 0.0195 0.6390 0.7690
vn 0.0160 0.3489 0.9370
vn 0.0160 0.3490 0.9370
vn 0.0202 0.6939 -0.7198
vn 0.9196 -0.1641 -0.3568
vn 0.9453 0.0159 -0.3257
vn -0.0625 0.9851 -0.1600
vn -0.0861 0.9854 -0.1469
vn -0.0157 0.9689 -0.2471
vn 0.0779 -0.3657 0.9275
vn 0.0723 -0.1852 0.9800
vn 0.0837 -0.5305 0.8436
vn 0.0786 -0.9540 0.2894
vn 0.0797 -0.8677 0.4907
vn -0.0394 0.9535 -0.2989
vn 0.0233 0.9527 -0.3030
vn 0.0932 0.8891 -0.4481
vn 0.0225 0.8821 -0.4704
vn 0.2345 0.9031 -0.3598
vn 0.2267 0.9032 -0.3645
vn 0.3444 0.9096 -0.2324
vn 0.3522 0.9095 -0.2207
vn 0.3994 0.9168 -0.0002
vn 0.2644 0.9644 -0.0000
vn 0.4032 0.9151 -0.0001
vn 0.1227 -0.5545 -0.8231
vn 0.0052 -0.5374 -0.8433
vn 0.1305 -0.5546 -0.8218
vn 0.3812 -0.5811 -0.7190
vn 0.3734 -0.5810 -0.7232
vn 0.6242 -0.5919 -0.5099
vn 0.6085 -0.5917 -0.5287
vn 0.8139 -0.4766 -0.3324
vn 0.6623 -0.6865 -0.3001
vn 0.6243 -0.5920 -0.5098
vn 0.6086 -0.5918 -0.5286
vn 0.8772 -0.4303 -0.2131
vn 0.6855 -0.7103 -0.1596
vn 0.6933 -0.7183 -0.0587
vn 0.3850 -0.9106 -0.1500
vn 0.3929 -0.9107 -0.1274
vn 0.4086 -0.9109 -0.0576
vn 0.6786 -0.6318 -0.3745
vn 0.8078 -0.3275 0.4900
vn -0.0169 -0.4273 0.9040
vn -0.0050 -0.0901 0.9959
vn -0.0187 -0.5685 0.8225
vn -0.0048 -0.0745 0.9972
vn -0.0151 -0.9214 0.3882
vn -0.0141 -0.8352 0.5498
vn 0.0128 0.0822 0.9965
vn -0.0002 -0.9844 0.1761
vn -0.0001 -0.9765 0.2154
vn -0.0003 -0.9922 0.1245
vn -0.0001 -0.9766 0.2153
vn -0.0002 -0.9844 0.1760
vn 0.0154 -0.9924 0.1220
vn 0.0117 -0.0041 0.9999
vn -0.7840 0.3507 0.5121
vn -0.7989 0.4215 0.4291
vn -0.7840 0.3507 0.5122
vn -0.7989 0.4215 0.4292
vn -0.9181 0.2896 0.2705
vn -0.8220 0.4532 0.3449
vn -0.9173 0.3602 0.1700
vn -0.9170 0.3837 0.1092
vn -0.2379 0.1088 0.9652
vn -0.9341 0.2663 -0.2379
vn -0.9096 0.3444 -0.2324
vn -0.9259 0.2975 -0.2329
vn -0.9341 0.2662 -0.2379
vn -0.9013 0.3835 -0.2015
vn -0.8936 0.3677 -0.2573
vn -0.8935 0.3756 -0.2460
vn -0.9017 0.3522 -0.2510
vn -0.9016 0.3600 -0.2399
vn -0.9015 0.3678 -0.2281
vn -0.8130 0.5472 -0.1991
vn -0.7013 0.7027 -0.1200
vn -0.6300 0.7646 -0.1363
vn -0.6299 0.7724 -0.0815
vn -0.5666 0.8187 -0.0935
vn -0.4007 0.9108 -0.0992
vn -0.4316 0.9021 -0.0000
vn -0.4559 0.8880 -0.0608
vn -0.9828 0.1335 -0.1279
vn -0.9908 0.1179 -0.0666
vn -0.9744 0.1726 -0.1438
vn -0.9665 0.1804 -0.1826
vn -0.9505 0.2037 -0.2345
vn -0.9584 0.2038 -0.2000
vn -0.9251 0.3603 -0.1200
vn -0.9249 0.3760 -0.0566
vn -0.9171 0.3759 -0.1331
vn -0.8606 0.5007 -0.0928
vn -0.8207 0.5629 -0.0980
vn -0.8286 0.5552 -0.0719
vn -0.9091 -0.2596 -0.3259
vn -0.9156 -0.1497 -0.3732
vn -0.6890 -0.2152 -0.6920
vn -0.6881 -0.1446 -0.7110
vn -0.8632 -0.3542 -0.3598
vn -0.8236 -0.3234 -0.4660
vn -0.6112 -0.2710 -0.7436
vn -0.8869 -0.3696 -0.2771
vn -0.9326 -0.2593 -0.2510
vn -0.8869 -0.3697 -0.2770
vn -0.8949 -0.3852 -0.2251
vn -0.9485 -0.2748 -0.1576
vn -0.9628 -0.1569 -0.2201
vn -0.9707 -0.1647 -0.1750
vn -0.8951 -0.4009 -0.1950
vn -0.9030 -0.4008 -0.1549
vn -0.9785 -0.1646 -0.1240
vn -0.9336 -0.3377 -0.1199
vn -0.9031 -0.4087 -0.1322
vn -0.9108 -0.4088 -0.0576
vn -0.9906 0.1336 -0.0294
vn -0.9906 0.1336 -0.0293
vn -0.9906 0.1335 -0.0293
vn -0.4773 -0.8688 -0.1321
vn -0.4772 -0.8688 -0.1320
vn -0.8047 -0.0647 0.5902
vn -0.8048 -0.0647 0.5901
vn 0.0771 0.8579 -0.5079
vn 0.0612 0.8424 -0.5353
vn 0.0535 0.8504 -0.5234
vn 0.0456 0.8505 -0.5240
vn 0.0300 0.8585 -0.5119
vn -0.0798 0.8520 -0.5174
vn -0.0799 0.8520 -0.5174
vn -0.4177 0.8012 -0.4285
vn -0.3784 0.8086 -0.4506
vn -0.4178 0.8012 -0.4284
vn -0.6862 0.6554 -0.3155
vn -0.3785 0.8086 -0.4505
vn -0.7100 0.6322 -0.3102
vn -0.7816 0.5468 -0.3001
vn -0.5349 0.8419 -0.0719
vn -0.1272 -0.4651 -0.8761
vn -0.1510 -0.4805 -0.8639
vn -0.1272 -0.4652 -0.8760
vn -0.1511 -0.4884 -0.8594
vn -0.1907 -0.5271 -0.8281
vn -0.1908 -0.5350 -0.8230
vn -0.3010 -0.5650 -0.7682
vn -0.3167 -0.5648 -0.7620
vn -0.5752 -0.5460 -0.6091
vn -0.5910 -0.5458 -0.5940
vn -0.5753 -0.5460 -0.6090
vn -0.8015 -0.4413 -0.4036
vn -0.8015 -0.4412 -0.4036
vn -0.7938 -0.4492 -0.4101
vn -0.8478 -0.3780 -0.3720
vn -0.9028 -0.3851 -0.1915
vn -0.8952 -0.4088 -0.1775
vn -0.8952 -0.4088 -0.1774
vn -0.9931 -0.0703 -0.0941
vn -0.9708 -0.1725 0.1667
vn -0.9709 -0.1804 0.1577
vn -0.9535 -0.0394 -0.2989
vn -0.9535 -0.0394 -0.2988
vn -0.8760 -0.1188 -0.4674
vn -0.8297 -0.1821 -0.5276
vn -0.9403 -0.2435 0.2379
vn 0.0131 0.1136 0.9934
vn 0.0110 -0.0589 0.9982
vn 0.0098 -0.1609 0.9869
vn -0.0094 -0.4509 -0.8925
vn -0.0053 -0.1137 -0.9935
vn -0.0066 -0.2234 -0.9747
vn 0.0045 -0.6001 -0.7999
vn 0.0005 -0.9295 -0.3689
vn 0.0002 -0.9530 0.3029
vn 0.0034 -0.6864 0.7273
vn 0.0051 -0.5530 0.8331
vn 0.0098 -0.1610 0.9869
vn 0.0110 -0.0590 0.9982
vn -0.9257 -0.3378 -0.1700
vn -0.9258 -0.3377 -0.1700
vn 0.0094 -0.1923 0.9813
vn 0.4689 0.8833 -0.0000
vn 0.1567 0.9876 0.0002
vn 0.4674 0.7042 0.5345
vn 0.1161 0.8418 0.5271
vn 0.4688 0.8833 -0.0000
vn 0.4811 0.8767 -0.0000
vn 0.4657 0.8850 -0.0000
vn 0.1408 0.9356 -0.3237
vn 0.4680 0.7591 -0.4525
vn 0.4843 0.8749 -0.0000
vn 0.4810 0.8767 -0.0000
vn 0.7812 0.6242 -0.0000
vn 0.4689 0.8832 -0.0000
vn 0.5367 0.6014 0.5918
vn -0.0402 0.2397 0.9700
vn 0.1162 0.8418 0.5271
vn 0.7781 0.6281 -0.0000
vn 0.4811 0.8766 -0.0000
vn 0.4658 0.8849 -0.0000
vn 0.7780 0.6282 -0.0000
vn 0.7879 0.6140 0.0471
vn 0.6314 0.6473 -0.4270
vn 0.4681 0.7590 -0.4525
vn 0.1408 0.9356 -0.3238
vn -0.0402 0.2397 -0.9700
vn -0.3054 -0.9258 -0.2229
vn -0.8027 -0.5432 0.2460
vn -0.5397 -0.8366 0.0941
vn -0.8184 -0.5430 0.1879
vn -0.0549 -0.9680 -0.2448
vn -0.0624 -0.9366 -0.3449
vn -0.5396 -0.8367 0.0941
vn -0.4851 -0.8687 0.1004
vn -0.8185 -0.5509 0.1630
vn -0.4773 -0.8688 0.1322
vn -0.8110 -0.5745 0.1109
vn -0.4695 -0.8767 0.1046
vn -0.8033 -0.5903 -0.0792
vn -0.4695 -0.8767 -0.1046
vn -0.8032 -0.5824 -0.1250
vn -0.4851 -0.8687 -0.1004
vn -0.7874 -0.5748 -0.2226
vn -0.0317 -0.9918 -0.1235
vn -0.0630 -0.9915 0.1142
vn -0.0238 -0.9919 0.1245
vn -0.7874 -0.5748 -0.2227
vn -0.3681 -0.9250 -0.0941
vn -0.7796 -0.5749 -0.2485
vn -0.0787 -0.9913 0.1058
vn -0.3657 -0.0779 -0.9275
vn -0.4837 -0.1079 -0.8685
vn 0.4601 0.1081 -0.8813
vn 0.3816 0.0934 -0.9196
vn -0.9712 -0.2118 0.1087
vn -0.9713 -0.2118 0.1087
vn 0.9758 0.2187 -0.0000
vn 0.9758 0.2187 0.0001
vn 0.4601 0.1081 0.8813
vn 0.3815 0.0934 0.9196
vn -0.3657 -0.0779 0.9275
vn -0.4837 -0.1079 0.8686
vn 0.9758 0.2187 -0.0002
vn 0.9758 0.2187 -0.0001
vn -0.9713 -0.2117 0.1087
vn -0.4837 -0.1079 -0.8686
vn 0.3815 0.0934 -0.9196
vn -0.9713 -0.2117 0.1088
vn -0.9249 0.3760 -0.0565
vn -0.7142 0.2871 0.6383
vn -0.3711 0.1182 0.9210
vn -0.6008 0.5838 0.5461
vn -0.2951 0.5722 0.7652
vn -0.5197 0.8024 0.2933
vn -0.2444 0.8775 0.4126
vn -0.4843 0.8749 -0.0000
vn -0.5197 0.8024 -0.2933
vn -0.2444 0.8775 -0.4126
vn -0.6008 0.5838 -0.5461
vn -0.2951 0.5723 -0.7651
vn -0.7142 0.2871 -0.6383
vn -0.3711 0.1182 -0.9210
vn -0.8277 -0.0174 -0.5609
vn -0.4631 -0.3513 -0.8137
vn -0.9088 -0.2360 -0.3440
vn -0.5379 -0.6955 -0.4765
vn -0.9411 -0.3141 -0.1250
vn -0.5629 -0.8207 -0.0980
vn -0.9088 -0.2360 0.3440
vn -0.5379 -0.6955 0.4765
vn -0.8277 -0.0174 0.5609
vn -0.4631 -0.3513 0.8137
vn -0.5630 -0.8206 -0.0979
vn 0.0013 -0.8589 -0.5121
vn -0.5379 -0.6955 -0.4764
vn 0.0060 -0.4746 -0.8802
vn 0.0127 0.0743 -0.9972
vn 0.0188 0.5763 -0.8170
vn -0.2950 0.5722 -0.7652
vn 0.0228 0.9057 -0.4234
vn -0.2441 0.8775 -0.4127
vn -0.2111 0.9775 -0.0000
vn 0.0228 0.9057 0.4234
vn -0.2442 0.8775 0.4127
vn 0.0188 0.5763 0.8170
vn -0.2950 0.5722 0.7652
vn 0.0127 0.0744 0.9971
vn -0.3711 0.1182 0.9211
vn 0.0060 -0.4746 0.8802
vn 0.0013 -0.8589 0.5121
vn -0.5379 -0.6955 0.4764
vn 0.9804 -0.1973 0.0001
vn 0.9806 -0.1960 -0.0000
vn 0.9586 -0.1881 0.2139
vn 0.9821 -0.1884 -0.0000
vn 0.9351 -0.1800 0.3052
vn 0.9273 -0.1799 0.3283
vn 0.9803 -0.1973 -0.0000
vn 0.9586 -0.1881 -0.2139
vn 0.9351 -0.1800 -0.3052
vn 0.9273 -0.1799 -0.3283
vn 0.6560 0.7333 -0.1787
vn 0.8382 -0.4141 -0.3549
vn 0.7644 0.6143 -0.1959
vn 0.6710 -0.6160 -0.4127
vn 0.5164 0.2173 -0.8283
vn 0.8049 0.5934 -0.0000
vn 0.6710 -0.6161 -0.4125
vn 0.7643 0.6144 -0.1959
vn 0.5165 0.2172 -0.8283
vn 0.5468 0.7816 -0.3001
vn 0.6016 0.7731 0.2009
vn 0.7644 0.6142 -0.1958
vn -0.3408 0.6826 0.6465
vn 0.8049 0.5934 0.0002
vn -0.3407 0.6827 0.6464
vn 0.2965 0.8475 0.4403
vn 0.4576 0.5396 -0.7067
vn 0.4575 0.5397 -0.7067
vn 0.3171 0.5962 -0.7376
vn 0.5467 0.7817 -0.3001
vn 0.5468 0.7817 -0.3001
vn 0.3171 0.5961 -0.7376
vn 0.2967 0.8474 0.4403
vn 0.7645 0.6142 -0.1959
vn -0.3409 0.6826 0.6465
vn 0.6560 0.7332 -0.1790
vn -0.5113 0.8572 0.0617
vn 0.4845 -0.4726 -0.7361
vn 0.6720 -0.5297 -0.5176
vn 0.6711 -0.6160 -0.4126
vn -0.3681 -0.9250 0.0941
vn 0.6721 -0.5297 -0.5173
vn 0.1254 -0.9781 -0.1664
vn 0.1771 0.0488 -0.9830
vn 0.1693 -0.5864 -0.7921
vn 0.4845 -0.4726 -0.7362
vn -0.6251 -0.7649 0.1553
vn 0.6710 -0.6160 -0.4126
vn 0.6721 -0.5297 -0.5174
vn 0.1254 -0.9780 -0.1664
vn 0.1694 -0.5864 -0.7921
vn 0.1771 0.0490 -0.9830
vn 0.4575 0.5396 -0.7067
vn -0.3408 0.6825 0.6465
vn -0.5113 0.8572 0.0618
vn -0.6250 -0.7651 0.1552
vn -0.9295 -0.0005 0.3689
vn -0.9215 0.0073 0.3882
vn -0.9295 -0.0005 0.3688
vn -0.9214 0.0229 0.3880
vn -0.9294 0.0074 0.3690
vn 0.6710 -0.6161 0.4126
vn 0.8382 -0.4141 0.3550
vn 0.7644 0.6143 0.1958
vn 0.6559 0.7333 0.1788
vn 0.8086 0.5884 -0.0000
vn 0.6709 -0.6161 0.4126
vn 0.5085 0.2094 0.8352
vn 0.5085 0.2096 0.8351
vn 0.5545 0.7737 0.3064
vn 0.5937 0.7732 -0.2227
vn 0.8086 0.5883 -0.0000
vn 0.7643 0.6143 0.1959
vn -0.3329 0.6825 -0.6506
vn 0.2732 0.8556 -0.4396
vn 0.5937 0.7733 -0.2227
vn 0.5546 0.7737 0.3064
vn 0.4497 0.5318 0.7176
vn 0.5085 0.2095 0.8352
vn 0.3093 0.6042 0.7344
vn 0.4496 0.5318 0.7176
vn 0.2732 0.8555 -0.4398
vn 0.3093 0.6041 0.7344
vn -0.5112 0.8572 -0.0619
vn -0.3329 0.6825 -0.6507
vn 0.6561 0.7332 0.1788
vn 0.7644 0.6142 0.1959
vn 0.6711 -0.6159 0.4127
vn 0.6721 -0.5298 0.5174
vn 0.4845 -0.4726 0.7362
vn 0.6710 -0.6160 0.4126
vn 0.6721 -0.5297 0.5174
vn 0.1254 -0.9781 0.1664
vn 0.4845 -0.4726 0.7361
vn 0.5084 0.2096 0.8352
vn 0.1694 -0.5864 0.7921
vn 0.1771 0.0488 0.9830
vn -0.6251 -0.7649 -0.1553
vn 0.6711 -0.6160 0.4126
vn 0.8381 -0.4141 0.3551
vn 0.1693 -0.5864 0.7921
vn 0.4845 -0.4725 0.7362
vn 0.6720 -0.5297 0.5176
vn 0.1771 0.0489 0.9830
vn 0.4496 0.5319 0.7176
vn 0.5084 0.2095 0.8353
vn -0.6250 -0.7651 -0.1553
vn -0.5112 0.8572 -0.0617
vn -0.3331 0.6825 -0.6506
vn -0.9297 -0.0162 -0.3680
vn -0.9303 -0.0632 -0.3614
vn -0.9299 -0.0318 -0.3665
vn -0.9296 -0.0083 -0.3686
vn -0.9214 0.0229 -0.3880
vn -0.9294 0.0074 -0.3690
vn -0.9215 0.0073 -0.3882
vn -0.9213 0.0230 -0.3881
vn -0.4240 0.2914 -0.8575
vn 0.0734 0.5521 -0.8305
vn 0.4784 0.3197 -0.8179
vn -0.4670 -0.0296 -0.8837
vn -0.4466 -0.2808 -0.8495
vn 0.5623 0.1226 -0.8178
vn -0.4538 -0.2337 -0.8599
vn -0.4988 -0.0606 -0.8646
vn 0.5333 -0.3320 -0.7781
vn -0.5140 -0.0212 -0.8575
vn -0.3920 -0.3050 -0.8679
vn 0.4943 -0.3001 -0.8158
vn 0.6131 -0.2153 -0.7601
vn -0.0574 -0.5287 -0.8468
vn -0.9854 -0.0861 -0.1468
vn -0.9782 -0.1332 -0.1596
vn -0.7492 -0.6537 -0.1068
vn -0.7491 -0.6537 -0.1069
vn -0.0316 -0.9918 -0.1235
vn -0.7492 -0.6537 -0.1070
vn 0.8331 -0.5531 -0.0000
vn 0.9067 -0.4219 -0.0000
vn 0.8330 -0.5532 -0.0002
vn 0.9066 -0.4220 -0.0000
vn 0.9794 0.2021 -0.0000
vn 0.7918 0.6108 -0.0000
vn -0.7728 0.6329 -0.0470
vn -0.9917 0.0472 -0.1199
vn -0.7727 0.6330 -0.0469
vn -0.8878 -0.4402 -0.1345
vn -0.8877 -0.4402 -0.1345
vn -0.4539 -0.2337 -0.8599
vn -0.8572 -0.5033 -0.1093
vn -0.8571 -0.5034 -0.1093
vn 0.5339 0.3661 0.7622
vn 0.0667 0.6463 0.7602
vn -0.5016 0.3551 0.7888
vn -0.5612 -0.0285 0.8272
vn -0.5175 -0.3114 0.7970
vn 0.6252 0.1375 0.7683
vn -0.5249 -0.2721 0.8065
vn -0.5851 -0.0674 0.8082
vn 0.5877 -0.3719 0.7186
vn -0.5926 -0.0359 0.8047
vn -0.4633 -0.3669 0.8067
vn 0.5723 -0.3403 0.7461
vn 0.6516 -0.2785 0.7056
vn -0.0664 -0.6228 0.7796
vn -0.9854 -0.0861 -0.1467
vn -0.9782 -0.1331 -0.1596
vn -0.7491 -0.6537 -0.1071
vn -0.7492 -0.6536 -0.1070
vn 0.8331 -0.5531 -0.0002
vn 0.9067 -0.4218 -0.0000
vn 0.8332 -0.5530 -0.0001
vn 0.8330 -0.5532 0.0002
vn 0.9066 -0.4219 -0.0000
vn 0.9793 0.2022 -0.0000
vn -0.7727 0.6330 -0.0471
vn -0.9916 0.0473 -0.1201
vn -0.7727 0.6331 -0.0471
vn -0.8571 -0.5034 -0.1092
vn 0.4784 0.3197 0.8179
vn 0.0734 0.5521 0.8306
vn -0.4240 0.2914 0.8575
vn -0.4671 -0.0296 0.8837
vn -0.4466 -0.2808 0.8495
vn 0.5623 0.1226 0.8178
vn -0.4538 -0.2337 0.8599
vn -0.4988 -0.0606 0.8646
vn 0.5333 -0.3320 0.7781
vn -0.5141 -0.0212 0.8575
vn -0.3920 -0.3050 0.8679
vn 0.4944 -0.3001 0.8158
vn 0.6131 -0.2153 0.7601
vn -0.0574 -0.5288 0.8468
vn -0.9854 -0.0861 0.1468
vn -0.9782 -0.1332 0.1596
vn -0.9782 -0.1331 0.1596
vn -0.7491 -0.6537 0.1069
vn -0.7492 -0.6537 0.1068
vn -0.0317 -0.9918 0.1235
vn 0.8332 -0.5530 -0.0000
vn 0.9067 -0.4217 -0.0000
vn 0.8332 -0.5529 -0.0000
vn 0.8331 -0.5532 -0.0000
vn -0.7728 0.6329 0.0470
vn -0.9917 0.0474 0.1199
vn -0.7727 0.6330 0.0471
vn -0.8878 -0.4402 0.1345
vn -0.8877 -0.4402 0.1345
vn -0.8571 -0.5034 0.1093
vn -0.8877 -0.4403 0.1345
vn -0.8572 -0.5033 0.1093
vn -0.9854 -0.0861 0.1467
vn -0.5017 0.3551 -0.7888
vn 0.5339 0.3661 -0.7622
vn -0.5612 -0.0285 -0.8272
vn -0.5176 -0.3114 -0.7970
vn 0.6252 0.1375 -0.7682
vn -0.5249 -0.2720 -0.8065
vn -0.5851 -0.0674 -0.8082
vn 0.5876 -0.3719 -0.7186
vn -0.5926 -0.0359 -0.8047
vn -0.4633 -0.3669 -0.8067
vn 0.5723 -0.3403 -0.7461
vn 0.6516 -0.2785 -0.7056
vn -0.0664 -0.6228 -0.7796
vn -0.9781 -0.1333 0.1596
vn -0.9781 -0.1332 0.1597
vn -0.7492 -0.6537 0.1071
vn -0.7491 -0.6537 0.1070
vn -0.7492 -0.6537 0.1070
vn 0.9066 -0.4219 0.0002
vn -0.9916 0.0474 0.1200
vn -0.5249 -0.2721 -0.8065
vn -0.8572 -0.5033 0.1092
vn -0.8571 -0.5034 0.1092
vn 0.8610 -0.4693 -0.1959
vn 0.8210 -0.5394 -0.1873
vn 0.6539 -0.7335 -0.1856
vn 0.9672 -0.1255 -0.2210
vn 0.3300 -0.9256 -0.1853
vn 0.3378 -0.9257 -0.1701
vn -0.0393 -0.9761 -0.2139
vn -0.2898 -0.9338 -0.2099
vn -0.3835 -0.9013 -0.2015
vn -0.6559 -0.7254 -0.2087
vn -0.7335 -0.6539 -0.1856
vn -0.8106 -0.5510 -0.1981
vn -0.9559 -0.2434 -0.1641
vn -0.9631 -0.1883 -0.1921
vn -0.9841 0.0237 -0.1761
vn 0.9688 0.0078 -0.2478
vn 0.9689 0.0157 -0.2470
vn 0.9689 0.0157 -0.2471
vn 0.9672 -0.1254 -0.2210
vn 0.9586 -0.1880 -0.2139
vn -0.9843 0.0080 -0.1764
vn -0.9785 -0.1566 -0.1345
vn -0.9560 -0.2432 -0.1642
vn -0.9784 -0.1569 -0.1345
vn -0.9843 0.0080 -0.1763
vn -0.9856 -0.1018 -0.1349
vn -0.9856 -0.1017 -0.1349
vn -0.9843 0.0081 -0.1764
vn -0.9834 0.0786 -0.1634
vn -0.9560 -0.2433 -0.1641
vn -0.9915 0.0552 -0.1174
vn -0.9784 -0.1567 -0.1345
vn -0.8260 -0.5194 -0.2190
vn -0.8643 -0.4484 -0.2279
vn -0.9543 -0.1101 -0.2777
vn -0.9624 -0.1256 -0.2410
vn -0.3367 -0.9175 -0.2116
vn 0.0313 -0.9769 -0.2113
vn 0.2826 -0.9486 -0.1425
vn 0.3772 -0.9105 -0.1693
vn 0.7250 -0.6873 -0.0444
vn 0.9447 -0.3278 -0.0000
vn -0.9527 0.0232 -0.3029
vn -0.9543 -0.1099 -0.2778
vn -0.9529 0.0076 -0.3032
vn -0.9444 0.0624 -0.3228
vn -0.9529 0.0077 -0.3032
vn -0.9112 0.2111 -0.3537
vn -0.9444 0.0625 -0.3228
vn 0.9940 -0.1097 -0.0001
vn 0.9448 -0.3277 -0.0000
vn 0.9989 -0.0474 -0.0000
vn -0.9527 0.0234 -0.3029
vn -0.9624 -0.1254 -0.2410
vn 0.9448 -0.3276 -0.0000
vn 0.9940 -0.1095 -0.0000
vn 0.9933 0.0860 -0.0777
vn -0.0395 -0.9917 0.1220
vn 0.0232 -0.9925 0.1200
vn 0.0311 -0.9926 0.1173
vn -0.0630 -0.9915 -0.1141
vn -0.1335 -0.9828 0.1278
vn -0.1258 -0.9907 -0.0520
vn -0.1413 -0.9827 0.1199
vn -0.1335 -0.9828 0.1279
vn -0.1492 -0.9826 0.1109
vn -0.1414 -0.9827 0.1200
vn -0.1413 -0.9827 0.1200
vn -0.1258 -0.9907 0.0520
vn -0.1101 -0.9909 0.0776
vn -0.1022 -0.9910 0.0866
vn -0.1336 -0.9906 0.0294
vn -0.1101 -0.9909 -0.0776
vn -0.1414 -0.9827 -0.1198
vn -0.1335 -0.9828 -0.1278
vn -0.1335 -0.9828 -0.1279
vn -0.1492 -0.9826 -0.1109
vn -0.1414 -0.9827 -0.1200
vn -0.1413 -0.9827 -0.1200
vn -0.1022 -0.9910 -0.0866
vn -0.0395 -0.9917 -0.1220
vn 0.0311 -0.9926 -0.1173
vn 0.0232 -0.9925 -0.1200
vn 0.0546 -0.9929 -0.1058
vn 0.0546 -0.9929 0.1058
vn -0.6834 -0.4035 -0.6084
vn -0.6777 0.0592 -0.7329
vn -0.5899 0.1915 -0.7845
vn -0.5898 0.1993 -0.7826
vn -0.5822 0.1757 -0.7938
vn -0.6936 -0.5995 -0.3994
vn -0.6834 -0.4035 -0.6085
vn -0.3603 -0.9251 -0.1200
vn -0.6778 0.0592 -0.7329
vn -0.3134 -0.9414 -0.1250
vn -0.2900 -0.9495 -0.1199
vn 1.0000 -0.0083 -0.0000
vn 0.8209 -0.5394 0.1873
vn 0.8610 -0.4693 0.1959
vn 0.6539 -0.7335 0.1856
vn 0.9672 -0.1255 0.2210
vn 0.9586 -0.1882 0.2139
vn 0.3300 -0.9256 0.1853
vn 0.3378 -0.9257 0.1701
vn -0.0393 -0.9761 0.2139
vn -0.2898 -0.9338 0.2099
vn -0.3835 -0.9013 0.2015
vn -0.6559 -0.7254 0.2087
vn -0.7335 -0.6539 0.1856
vn -0.8107 -0.5510 0.1981
vn -0.9560 -0.2433 0.1641
vn -0.9631 -0.1883 0.1921
vn -0.9841 0.0237 0.1761
vn 0.9688 0.0078 0.2478
vn 0.9689 0.0157 0.2470
vn 0.9689 0.0157 0.2471
vn 0.9672 -0.1254 0.2210
vn 0.9586 -0.1881 0.2140
vn -0.9785 -0.1567 0.1345
vn -0.9843 0.0080 0.1764
vn -0.9560 -0.2432 0.1642
vn -0.9784 -0.1568 0.1345
vn -0.9856 -0.1019 0.1349
vn -0.9843 0.0081 0.1764
vn -0.9856 -0.1017 0.1349
vn -0.9834 0.0786 0.1634
vn -0.9560 -0.2431 0.1642
vn -0.9916 0.0552 0.1174
vn -0.9785 -0.1566 0.1345
vn -0.8643 -0.4484 0.2279
vn -0.8260 -0.5194 0.2190
vn -0.9543 -0.1100 0.2777
vn -0.9624 -0.1256 0.2410
vn -0.3367 -0.9175 0.2116
vn 0.0313 -0.9769 0.2113
vn 0.2826 -0.9486 0.1425
vn 0.3772 -0.9105 0.1693
vn 0.7250 -0.6873 0.0444
vn -0.9544 -0.1099 0.2777
vn -0.9527 0.0233 0.3029
vn -0.9529 0.0076 0.3031
vn -0.9444 0.0624 0.3228
vn -0.9112 0.2111 0.3537
vn -0.9529 0.0077 0.3032
vn -0.9444 0.0625 0.3228
vn 0.9940 -0.1096 -0.0000
vn -0.9527 0.0234 0.3029
vn -0.9544 -0.1100 0.2777
vn -0.9624 -0.1255 0.2410
vn 0.9933 0.0860 0.0777
vn -0.5898 0.1993 0.7826
vn -0.6777 0.0592 0.7329
vn -0.5899 0.1915 0.7845
vn -0.6834 -0.4035 0.6084
vn -0.5822 0.1757 0.7938
vn -0.6936 -0.5995 0.3995
vn -0.3603 -0.9251 0.1200
vn -0.6778 0.0592 0.7329
vn -0.3134 -0.9414 0.1250
vn -0.2900 -0.9495 0.1200
vn 0.0020 -0.8040 -0.5946
vn 0.0081 -0.3022 -0.9532
vn 0.0020 -0.8040 0.5946
vn 0.0081 -0.3022 0.9532
vn 0.0156 0.3174 -0.9482
vn 0.0081 -0.3020 -0.9533
vn 0.0217 0.8194 -0.5728
vn 0.0156 0.3175 -0.9481
vn 0.0217 0.8194 0.5728
vn 0.0156 0.3176 0.9481
vn 0.0081 -0.3020 0.9533
vn 0.0156 0.3174 0.9482
vn 0.0156 0.3176 -0.9481
vn -0.6789 0.6083 0.4111
vn -0.6744 0.7384 -0.0000
vn -0.9999 0.0159 -0.0004
vn -0.6789 0.6083 -0.4111
vn -0.6833 0.2476 0.6869
vn -0.6789 0.6083 0.4112
vn -0.9999 0.0161 -0.0005
vn -0.6789 0.6083 -0.4113
vn -0.6833 0.2476 -0.6869
vn -0.9999 0.0160 -0.0003
vn -0.6889 -0.2151 0.6922
vn -0.6833 0.2474 0.6869
vn -0.9999 0.0161 -0.0004
vn -0.6833 0.2474 -0.6869
vn -0.6889 -0.2151 -0.6922
vn -0.9999 0.0160 -0.0002
vn -0.6933 -0.5759 0.4332
vn -0.6889 -0.2152 0.6921
vn -0.6949 -0.7093 -0.1184
vn -0.6933 -0.5760 0.4331
vn -0.9999 0.0162 -0.0003
vn -0.6933 -0.5760 -0.4331
vn -0.6889 -0.2152 -0.6921
vn -0.6933 -0.5759 -0.4332
vn -0.9999 0.0161 -0.0003
vn -0.6789 0.6083 -0.4112
vn -0.6833 0.2475 0.6869
vn -0.6833 0.2475 -0.6869
vn 0.3547 0.4624 0.8127
vn 0.3542 0.4232 0.8340
vn 0.3183 0.0472 0.9468
vn 0.2953 0.7455 0.5976
vn 0.1567 0.9511 0.2662
vn 0.7643 0.6064 0.2194
vn 0.9184 -0.2661 0.2929
vn 0.9583 -0.2116 0.1921
vn 0.9639 -0.2662 -0.0000
vn 0.8129 -0.5628 -0.1501
vn 0.7015 -0.6792 -0.2157
vn 0.1728 -0.9473 -0.2699
vn 0.1413 -0.9547 -0.2618
vn -0.0708 -0.9835 -0.1664
vn 0.0546 -0.9929 0.1057
vn 0.1727 -0.9473 -0.2699
vn -0.0000 -0.0000 1.0000
vn 0.3347 0.1097 0.9359
vn 0.3182 0.0471 0.9469
vn 0.2802 -0.5015 0.8185
vn -0.0787 -0.9913 -0.1058
vn -0.0708 -0.9835 -0.1663
vn 0.2998 -0.8233 0.4819
vn 0.3274 -0.4942 0.8054
vn 0.3347 0.1096 0.9359
vn 0.8667 0.0012 0.4988
vn 0.8699 0.2600 0.4192
vn 0.8722 0.4483 0.1959
vn 0.8610 0.5086 -0.0000
vn 0.8722 0.4483 -0.1959
vn 0.8699 0.2600 -0.4192
vn 0.8667 0.0012 -0.4988
vn 0.8635 -0.2654 -0.4289
vn 0.8612 -0.4536 -0.2292
vn 0.8526 -0.5163 -0.0807
vn 0.8612 -0.4536 0.2292
vn 0.8635 -0.2654 0.4289
vn 0.3539 0.3997 -0.8456
vn 0.3547 0.4624 -0.8127
vn 0.3183 0.0471 -0.9468
vn 0.2953 0.7455 -0.5975
vn 0.1566 0.9511 -0.2662
vn 0.0082 1.0000 -0.0001
vn 0.7643 0.6065 -0.2193
vn 0.9184 -0.2661 -0.2928
vn 0.9583 -0.2116 -0.1921
vn 0.9639 -0.2663 -0.0000
vn 0.8128 -0.5628 0.1501
vn 0.7016 -0.6792 0.2157
vn 0.1729 -0.9472 0.2699
vn 0.1413 -0.9547 0.2618
vn -0.0708 -0.9835 0.1664
vn 0.1728 -0.9473 0.2699
vn -0.0708 -0.9835 0.1663
vn 0.2802 -0.5015 -0.8185
vn 0.2998 -0.8233 -0.4819
vn 0.3274 -0.4942 -0.8054
vn 0.3182 0.0471 -0.9469
vn 0.3266 0.0940 -0.9405
vn 0.8699 0.2600 -0.4191
vn 0.8610 0.5085 -0.0000
vn 0.8721 0.4483 0.1960
vn -0.4548 0.3310 -0.8268
vn 0.4466 0.2808 -0.8495
vn 0.4819 -0.0411 -0.8753
vn 0.4553 -0.2918 -0.8411
vn -0.5435 0.1360 -0.8283
vn 0.4637 -0.2449 -0.8515
vn 0.5129 -0.0729 -0.8554
vn -0.5255 -0.3191 -0.7887
vn 0.5290 -0.0339 -0.8479
vn 0.4001 -0.3147 -0.8608
vn -0.4858 -0.2882 -0.8252
vn -0.6025 -0.2005 -0.7725
vn 0.0602 -0.5302 -0.8457
vn 0.9876 -0.1567 -0.0000
vn 0.9877 -0.1566 -0.0000
vn 0.7411 -0.6639 -0.1003
vn 0.7410 -0.6640 -0.1004
vn -0.8340 -0.5350 -0.1349
vn -0.9030 -0.4007 -0.1549
vn -0.8339 -0.5351 -0.1349
vn -0.9029 -0.4009 -0.1549
vn -0.9658 0.2353 -0.1087
vn -0.7697 0.6384 -0.0000
vn -0.7698 0.6383 -0.0000
vn 0.0239 0.9997 -0.0000
vn 0.7955 0.6059 -0.0000
vn 0.9999 0.0153 -0.0000
vn 0.7954 0.6060 -0.0000
vn 0.8881 -0.4596 -0.0000
vn 0.8526 -0.5163 -0.0809
vn 0.4637 -0.2448 -0.8515
vn 0.5258 0.3426 0.7786
vn -0.0353 0.6475 0.7612
vn -0.5092 0.3787 0.7729
vn 0.5760 -0.0423 0.8164
vn 0.5255 -0.3241 0.7867
vn -0.6060 0.1525 0.7807
vn 0.5338 -0.2849 0.7962
vn 0.5990 -0.0818 0.7966
vn -0.5808 -0.3577 0.7312
vn 0.6072 -0.0505 0.7929
vn 0.4699 -0.3782 0.7976
vn -0.5647 -0.3265 0.7579
vn -0.6425 -0.2628 0.7198
vn 0.0669 -0.6244 0.7782
vn 0.9877 -0.1567 -0.0000
vn 0.7410 -0.6639 -0.1005
vn 0.7410 -0.6639 -0.1006
vn 0.0233 -0.9925 -0.1200
vn -0.8340 -0.5350 -0.1350
vn -0.8340 -0.5351 -0.1350
vn 0.8881 -0.4596 0.0001
vn 0.4466 0.2809 0.8495
vn -0.4548 0.3310 0.8268
vn 0.4819 -0.0412 0.8753
vn 0.4553 -0.2918 0.8411
vn -0.5435 0.1360 0.8283
vn 0.4637 -0.2448 0.8515
vn 0.5129 -0.0729 0.8554
vn -0.5255 -0.3191 0.7887
vn 0.5290 -0.0339 0.8479
vn 0.4001 -0.3147 0.8607
vn -0.4858 -0.2882 0.8252
vn -0.6025 -0.2005 0.7725
vn 0.0602 -0.5302 0.8457
vn 0.9876 -0.1569 -0.0000
vn 0.7410 -0.6640 -0.1005
vn 0.0233 -0.9925 0.1200
vn 0.7411 -0.6639 -0.1005
vn -0.8340 -0.5350 0.1349
vn -0.9030 -0.4008 0.1547
vn -0.8340 -0.5351 0.1349
vn -0.9658 0.2353 0.1087
vn 0.9999 0.0152 -0.0000
vn 0.7955 0.6060 -0.0001
vn 0.8881 -0.4596 -0.0002
vn 0.8526 -0.5162 -0.0808
vn 0.8526 -0.5163 -0.0808
vn -0.5092 0.3787 -0.7729
vn -0.0353 0.6475 -0.7612
vn 0.5258 0.3426 -0.7786
vn 0.5760 -0.0423 -0.8164
vn 0.5255 -0.3241 -0.7867
vn -0.6060 0.1525 -0.7807
vn 0.5338 -0.2849 -0.7962
vn 0.5990 -0.0818 -0.7966
vn -0.5808 -0.3577 -0.7312
vn 0.6072 -0.0505 -0.7929
vn 0.4699 -0.3783 -0.7975
vn -0.5648 -0.3265 -0.7579
vn -0.6424 -0.2628 -0.7199
vn 0.0669 -0.6244 -0.7782
vn 0.7410 -0.6639 -0.1004
vn -0.8341 -0.5349 0.1349
vn -0.8340 -0.5351 0.1348
vn -0.8340 -0.5350 0.1351
vn 0.7956 0.6059 -0.0000
vn 0.7955 0.6060 -0.0000
vn 0.5337 -0.2849 -0.7962
vn 0.8881 -0.4597 -0.0000
vn -0.1040 -0.4890 -0.8661
vn -0.0979 0.0129 -0.9951
vn -0.0979 0.0130 -0.9951
vn -0.1085 -0.8575 -0.5028
vn -0.0919 0.5070 -0.8570
vn -0.0874 0.8756 -0.4750
vn -0.1101 -0.9909 -0.0777
vn -0.1085 -0.8576 -0.5027
vn -0.1084 -0.8576 -0.5028
vn -0.0777 0.9970 -0.0001
vn -0.1085 -0.8576 0.5027
vn -0.1085 -0.8576 0.5028
vn -0.1040 -0.4890 0.8661
vn -0.1085 -0.8575 0.5029
vn -0.1085 -0.8575 0.5030
vn -0.0979 0.0129 0.9951
vn -0.0979 0.0130 0.9951
vn -0.0919 0.5070 0.8570
vn -0.0874 0.8756 0.4751
vn -0.0874 0.8756 0.4750
vn -0.0777 0.9970 0.0002
vn 0.3314 0.4862 0.8086
vn 0.3256 0.0078 0.9455
vn 0.3356 0.8312 0.4432
vn 0.3197 -0.4784 0.8179
vn 0.3155 -0.8235 0.4715
vn 0.3140 -0.9490 -0.0293
vn 0.3155 -0.8235 -0.4715
vn 0.3155 -0.8236 -0.4714
vn 0.3276 0.9448 -0.0000
vn 0.3277 0.9448 -0.0000
vn 0.3356 0.8313 0.4431
vn 0.3356 0.8313 -0.4431
vn 0.3314 0.4862 -0.8086
vn 0.3256 0.0078 -0.9455
vn 0.3197 -0.4784 -0.8179
vn 0.3155 -0.8234 -0.4716
vn 0.9765 -0.0001 0.2154
vn 0.9781 0.1254 0.1664
vn 0.9700 0.2430 -0.0000
vn 0.9781 0.1254 -0.1664
vn 0.9765 -0.0001 -0.2154
vn 0.9749 -0.1334 -0.1782
vn 0.9738 -0.2275 -0.0000
vn 0.9664 -0.2570 -0.0000
vn 0.9738 -0.2275 0.0001
vn 0.9749 -0.1334 0.1782
vn -0.0919 0.5071 0.8570
vn -0.1084 -0.8576 0.5027
vn -0.0874 0.8757 0.4749
vn -0.1085 -0.8575 -0.5029
vn -0.0919 0.5071 -0.8570
vn -0.0874 0.8756 -0.4751
vn -0.0874 0.8757 -0.4749
vn 0.3356 0.8312 -0.4432
vn 0.0132 0.1214 0.9925
vn 0.0122 0.0350 0.9993
vn 0.0080 -0.3099 0.9507
vn 0.0077 -0.3334 0.9428
vn 0.0167 0.4116 0.9112
vn 0.0165 0.3881 0.9215
vn 0.0139 0.1763 0.9842
vn 0.0141 0.1920 0.9813
vn 0.0147 0.1919 0.9813
vn 0.0144 0.2154 0.9764
vn 0.0144 0.2156 0.9764
vn 0.0132 0.1215 0.9925
vn 0.0122 0.0352 0.9993
vn 0.0077 -0.3334 0.9427
vn 0.0072 -0.3727 0.9279
vn 0.0165 0.3880 0.9215
vn 0.0139 0.1764 0.9842
vn 0.0116 -0.0120 0.9999
vn 0.0131 0.1056 0.9943
vn 0.0083 -0.2864 0.9581
vn 0.0171 0.4351 0.9002
vn 0.0170 0.4351 0.9002
vn 0.0148 0.2468 0.9690
vn 0.0149 0.2625 0.9648
vn 0.0126 0.0665 0.9977
vn 0.0127 0.0743 0.9972
vn 0.0127 0.0744 0.9972
vn 0.0144 0.2155 0.9764
vn 0.0137 0.1606 0.9869
vn 0.0137 0.1608 0.9869
vn 0.0116 -0.0119 0.9999
vn 0.0130 0.1059 0.9943
vn 0.0075 -0.3491 0.9371
vn 0.0148 0.2469 0.9689
vn 0.0150 0.2626 0.9648
vn 0.2822 0.9574 0.0608
vn 0.3290 0.9333 0.1438
vn 0.1404 0.9901 -0.0000
vn 0.1097 0.9940 -0.0000
vn 0.3853 -0.8871 0.2542
vn 0.4646 -0.8252 0.3211
vn 0.6933 0.5680 0.4435
vn 0.8265 -0.0846 0.5566
vn 0.3679 0.9093 0.1943
vn 0.3836 0.9091 0.1623
vn 0.2822 0.9574 0.0609
vn 0.6932 0.5681 0.4435
vn 0.8264 -0.0844 0.5568
vn 0.3679 0.9093 0.1944
vn 0.4645 -0.8253 0.3211
vn -0.6459 0.7490 0.1476
vn -0.5904 0.7954 0.1367
vn -0.6458 0.7491 0.1476
vn -0.5903 0.7955 0.1368
vn 0.0016 0.4510 0.8925
vn -0.0146 0.4120 0.9111
vn 0.0016 0.4588 0.8885
vn -0.0066 0.4276 0.9040
vn 0.0178 0.4978 0.8671
vn 0.0178 0.4979 0.8671
vn 0.0179 0.5057 0.8625
vn 0.0180 0.5135 0.8579
vn 0.0181 0.5214 0.8531
vn 0.0290 -0.5219 0.8525
vn 0.0256 0.4899 0.8714
vn -0.0742 -0.6226 0.7790
vn -0.0306 -0.9056 -0.4230
vn 0.0290 -0.5220 0.8525
vn -0.0306 -0.9056 -0.4231
vn -0.0742 -0.6229 0.7788
vn 0.0289 -0.5219 0.8525
vn 0.0246 0.4115 0.9111
vn -0.5530 -0.6482 0.5234
vn -0.5531 -0.6482 0.5234
vn -0.0375 0.4671 0.8834
vn 0.0009 0.3961 0.9182
vn 0.0015 0.4510 0.8925
vn -0.0374 0.4672 0.8834
vn 0.3135 0.9492 0.0272
vn 0.2274 0.9659 0.1235
vn 0.2040 0.9740 0.0980
vn 0.2040 0.9741 0.0980
vn -0.0076 0.9923 0.1235
vn -0.0075 0.9923 0.1235
vn -0.0076 0.9923 0.1236
vn -0.0782 0.9853 0.1517
vn -0.0783 0.9853 0.1517
vn -0.1332 0.9782 0.1596
vn -0.1332 0.9781 0.1596
vn -0.2511 0.9639 0.0887
vn -0.4785 0.3079 -0.8223
vn -0.2261 0.9741 -0.0000
vn -0.4787 0.3079 -0.8222
vn -0.2500 0.9682 -0.0000
vn -0.1091 0.3818 -0.9178
vn -0.2905 0.9487 0.1250
vn -0.4787 0.3078 -0.8223
vn -0.1091 0.3817 -0.9178
vn -0.4786 0.3078 -0.8223
vn 0.2142 -0.7674 -0.6044
vn 0.1432 -0.8057 -0.5747
vn -0.2501 0.9682 -0.0000
vn -0.3047 0.9525 -0.0000
vn -0.1000 0.4837 -0.8695
vn -0.1001 0.4836 -0.8695
vn 0.2389 -0.6736 -0.6994
vn 0.2143 -0.7673 -0.6044
vn 0.2389 -0.6735 -0.6995
vn -0.1001 0.4837 -0.8695
vn -0.1798 0.9837 -0.0000
vn -0.2335 0.9724 -0.0000
vn -0.9933 -0.0860 0.0777
vn -0.2904 0.9487 0.1250
vn -0.9933 -0.0858 0.0777
vn 0.0471 -0.9614 -0.2710
vn -0.2038 0.9790 -0.0000
vn -0.9929 -0.0546 -0.1058
vn -0.9933 -0.0860 0.0776
vn -0.1960 0.9789 0.0576
vn -0.1947 0.9809 -0.0000
vn -0.1797 0.9837 0.0001
vn -0.1881 0.9788 0.0808
vn -0.1960 0.9789 0.0577
vn -0.0617 0.4126 0.9088
vn -0.0617 0.4125 0.9089
vn -0.0770 0.4363 0.8965
vn -0.0928 0.4286 0.8987
vn -0.0771 0.4363 0.8965
vn -0.0929 0.4286 0.8987
vn -0.1480 0.4057 0.9019
vn -0.1401 0.4135 0.8997
vn -0.1482 0.3901 0.9088
vn -0.1561 0.3901 0.9074
vn -0.1482 0.3900 0.9088
vn -0.1246 0.3976 0.9091
vn -0.1168 0.3975 0.9101
vn -0.1167 0.3975 0.9101
vn -0.0854 0.3971 0.9138
vn -0.0463 0.3888 0.9202
vn -0.0541 0.3889 0.9197
vn -0.0462 0.3967 0.9168
vn -0.0384 0.3887 0.9205
vn -0.0384 0.3887 0.9206
vn -0.0616 0.4126 0.9088
vn -0.0695 0.4126 0.9082
vn -0.0695 0.4126 0.9083
vn -0.0698 0.3891 0.9186
vn -0.0777 0.3814 0.9211
vn -0.0856 0.3815 0.9204
vn -0.0698 0.3891 0.9185
vn -0.0856 0.3814 0.9204
vn 0.0077 -0.3334 -0.9428
vn 0.0080 -0.3099 -0.9507
vn 0.0132 0.1214 -0.9925
vn 0.0165 0.3881 -0.9215
vn 0.0168 0.4116 -0.9112
vn 0.0141 0.1919 -0.9813
vn 0.0139 0.1763 -0.9842
vn 0.0164 0.2154 -0.9764
vn 0.0122 0.0353 -0.9993
vn 0.0144 0.2155 -0.9764
vn 0.0132 0.1215 -0.9925
vn 0.0141 0.1920 -0.9813
vn 0.0072 -0.3727 -0.9279
vn 0.0077 -0.3334 -0.9427
vn 0.0073 -0.3727 -0.9279
vn 0.0165 0.3880 -0.9215
vn 0.0139 0.1764 -0.9842
vn 0.0083 -0.2864 -0.9581
vn 0.0130 0.1057 -0.9943
vn 0.0116 -0.0119 -0.9999
vn 0.0171 0.4351 -0.9002
vn 0.0149 0.2625 -0.9648
vn 0.0126 0.0665 -0.9977
vn 0.0148 0.2468 -0.9690
vn 0.0137 0.1606 -0.9869
vn 0.0130 0.1058 -0.9943
vn 0.0137 0.1607 -0.9869
vn 0.0116 -0.0118 -0.9999
vn 0.0150 0.2626 -0.9648
vn 0.0170 0.4351 -0.9002
vn 0.0148 0.2469 -0.9689
vn 0.3290 0.9333 -0.1438
vn 0.2822 0.9574 -0.0608
vn 0.1096 0.9940 -0.0000
vn 0.8265 -0.0846 -0.5566
vn 0.4645 -0.8253 -0.3211
vn 0.6932 0.5681 -0.4436
vn 0.3853 -0.8871 -0.2541
vn 0.3836 0.9091 -0.1623
vn 0.2823 0.9574 -0.0608
vn 0.3679 0.9093 -0.1943
vn 0.8264 -0.0845 -0.5567
vn 0.3679 0.9093 -0.1944
vn 0.3853 -0.8871 -0.2542
vn -0.5904 0.7954 -0.1368
vn -0.6459 0.7490 -0.1476
vn -0.6458 0.7491 -0.1476
vn -0.5903 0.7955 -0.1367
vn -0.0146 0.4120 -0.9111
vn 0.0017 0.4511 -0.8925
vn 0.0016 0.4510 -0.8925
vn 0.0016 0.4588 -0.8885
vn -0.0066 0.4276 -0.9040
vn 0.0173 0.4587 -0.8884
vn 0.0178 0.4979 -0.8671
vn 0.0009 0.3961 -0.9182
vn 0.0178 0.4978 -0.8671
vn 0.0179 0.5057 -0.8625
vn 0.0181 0.5214 -0.8531
vn 0.0180 0.5135 -0.8579
vn 0.0256 0.4978 -0.8669
vn 0.0256 0.4899 -0.8714
vn 0.0329 0.4506 -0.8921
vn 0.0257 0.4978 -0.8669
vn 0.0246 0.4115 -0.9111
vn 0.2040 0.9740 -0.0980
vn 0.3135 0.9492 -0.0272
vn 0.2275 0.9659 -0.1235
vn 0.0709 0.9914 -0.1104
vn 0.2040 0.9741 -0.0980
vn 0.0709 0.9913 -0.1104
vn 0.2274 0.9659 -0.1235
vn -0.0076 0.9923 -0.1235
vn -0.0075 0.9923 -0.1235
vn -0.0782 0.9853 -0.1517
vn -0.1332 0.9782 -0.1596
vn -0.1332 0.9781 -0.1596
vn -0.4787 0.3078 0.8223
vn -0.2511 0.9639 -0.0887
vn -0.1092 0.3818 0.9178
vn -0.2514 0.9679 -0.0002
vn -0.4786 0.3078 0.8223
vn 0.1432 -0.8057 0.5747
vn 0.2142 -0.7674 0.6044
vn -0.1093 0.3817 0.9178
vn -0.1001 0.4837 0.8695
vn -0.1091 0.3818 0.9178
vn 0.2143 -0.7673 0.6044
vn -0.1090 0.3818 0.9178
vn 0.2389 -0.6735 0.6995
vn -0.1091 0.3817 0.9178
vn -0.1000 0.4836 0.8696
vn -0.1000 0.4837 0.8695
vn -0.4786 0.3079 0.8223
vn -0.2905 0.9487 -0.1250
vn -0.2511 0.9639 -0.0888
vn -0.4785 0.3079 0.8223
vn -0.9933 -0.0860 -0.0776
vn -0.2904 0.9487 -0.1250
vn 0.1450 -0.6490 0.7469
vn -0.4788 0.3077 0.8222
vn 0.0650 -0.7813 0.6208
vn -0.9933 -0.0860 -0.0777
vn -0.9929 -0.0546 -0.1057
vn -0.1960 0.9789 -0.0576
vn -0.1947 0.9809 -0.0001
vn -0.1881 0.9788 -0.0808
vn -0.1960 0.9789 -0.0577
vn -0.0928 0.4286 -0.8987
vn -0.0617 0.4125 -0.9089
vn -0.0770 0.4363 -0.8965
vn -0.1401 0.4135 -0.8997
vn -0.0929 0.4286 -0.8987
vn -0.1480 0.4057 -0.9019
vn -0.0771 0.4362 -0.8965
vn -0.1561 0.3902 -0.9074
vn -0.1482 0.3901 -0.9088
vn -0.1480 0.4058 -0.9019
vn -0.1167 0.3975 -0.9101
vn -0.1246 0.3976 -0.9091
vn -0.1482 0.3900 -0.9088
vn -0.0854 0.3971 -0.9138
vn -0.1167 0.3975 -0.9102
vn -0.0541 0.3889 -0.9197
vn -0.0463 0.3888 -0.9202
vn -0.0384 0.3887 -0.9206
vn -0.0462 0.3966 -0.9168
vn -0.0695 0.4126 -0.9082
vn -0.0854 0.3972 -0.9138
vn -0.0695 0.4126 -0.9083
vn -0.0777 0.3814 -0.9212
vn -0.0698 0.3891 -0.9185
vn -0.0777 0.3814 -0.9211
vn -0.0856 0.3815 -0.9204
vn -0.0698 0.3891 -0.9186
vn -0.0856 0.3814 -0.9204
vn 0.0318 0.9995 -0.0000
vn -0.0875 -0.4264 -0.9003
vn -0.0374 0.4671 0.8834
vn -0.1035 -0.4498 -0.8871
vn -0.1684 -0.6294 -0.7586
vn -0.5530 -0.6481 0.5235
vn -0.0307 -0.9056 -0.4231
vn -0.0742 -0.6227 0.7789
vn -0.5530 -0.6482 0.5236
vn -0.0238 -0.9919 -0.1245
vn 0.0288 -0.5220 0.8525
vn -0.9933 -0.0859 0.0777
vn -0.9929 -0.0546 -0.1056
vn 0.0692 -0.4362 -0.8972
vn 0.1556 -0.4293 -0.8897
vn 0.0541 -0.3889 -0.9197
vn 0.1556 -0.4294 -0.8896
vn 0.1327 -0.3742 -0.9178
vn -0.0475 -0.3563 -0.9332
vn -0.0173 -0.4586 -0.8885
vn -0.0173 -0.4587 -0.8884
vn 0.0056 -0.5060 -0.8625
vn 0.0761 -0.5147 -0.8540
vn -0.0702 -0.2854 -0.9558
vn 0.0216 -0.4827 -0.8755
vn 0.1852 -0.5708 -0.7999
vn 0.0693 -0.4362 -0.8972
vn 0.1607 -0.6569 -0.7367
vn 0.1852 -0.5709 -0.7998
vn 0.1451 -0.6488 -0.7470
vn 0.1450 -0.6488 -0.7470
vn 0.0650 -0.7812 -0.6209
vn 0.0056 -0.5061 -0.8625
vn 0.1607 -0.6570 -0.7366
vn 0.1451 -0.6489 -0.7469
vn 0.1431 -0.8057 -0.5747
vn 0.0650 -0.7813 -0.6207
vn -0.0932 0.9956 -0.0000
vn 0.0003 1.0000 -0.0000
vn -0.1173 0.9931 -0.0000
vn -0.1797 0.9837 -0.0000
vn -0.1000 0.4835 -0.8696
vn 0.1322 0.8887 -0.4391
vn -0.1796 0.9837 -0.0000
vn 0.1324 0.8886 -0.4391
vn 0.0786 0.9969 -0.0000
vn 0.1100 0.9831 -0.1466
vn -0.1444 -0.5904 0.7941
vn -0.0876 -0.4264 0.9003
vn -0.1035 -0.4498 0.8871
vn -0.0875 -0.4264 0.9003
vn -0.1685 -0.6294 0.7586
vn -0.1444 -0.5905 0.7940
vn -0.1684 -0.6294 0.7586
vn -0.0538 -0.8739 0.4831
vn -0.0306 -0.9055 0.4232
vn -0.0538 -0.8739 0.4832
vn -0.0306 -0.9056 0.4231
vn 0.0154 -0.9924 0.1221
vn 0.0153 -0.9924 0.1220
vn -0.0238 -0.9920 -0.1243
vn -0.9933 -0.0859 -0.0777
vn 0.0472 -0.9614 0.2710
vn -0.9933 -0.0858 -0.0777
vn 0.0471 -0.9614 0.2710
vn 0.0930 -0.4129 0.9060
vn 0.1556 -0.4294 0.8896
vn 0.0459 -0.4202 0.9063
vn 0.0692 -0.4362 0.8972
vn -0.0168 -0.4116 0.9112
vn -0.0475 -0.3563 0.9332
vn -0.0701 -0.2855 0.9558
vn 0.0762 -0.5147 0.8540
vn 0.1852 -0.5708 0.7999
vn -0.0173 -0.4586 0.8885
vn -0.0702 -0.2854 0.9558
vn -0.0173 -0.4587 0.8884
vn 0.0056 -0.5060 0.8625
vn 0.0761 -0.5147 0.8540
vn 0.1852 -0.5710 0.7998
vn 0.1451 -0.6488 0.7470
vn 0.1607 -0.6569 0.7367
vn 0.0650 -0.7812 0.6209
vn 0.1450 -0.6488 0.7470
vn 0.1606 -0.6570 0.7366
vn -0.9929 -0.0544 -0.1058
vn 0.2400 -0.5872 0.7731
vn -0.1002 0.4834 0.8696
vn -0.2501 0.9682 0.0002
vn 0.2399 -0.5873 0.7730
vn -0.0155 0.9999 0.0001
vn -0.0154 0.9999 -0.0000
vn 0.0161 0.9999 0.0001
vn 0.0083 1.0000 -0.0000
vn 0.0941 0.9956 -0.0000
vn 0.0942 0.9956 0.0001
vn 0.0709 0.9975 0.0001
vn 0.4851 0.8687 0.1005
vn 0.4929 0.8686 0.0509
vn 0.4995 0.8663 -0.0000
vn 0.4995 0.8663 0.0001
vn 0.4903 0.8716 -0.0000
vn 0.4689 0.8832 0.0001
vn 0.4377 0.8991 -0.0000
vn 0.4283 0.9036 -0.0000
vn 0.4750 0.8800 -0.0000
vn 0.4347 0.9006 0.0001
vn 0.4227 0.9008 0.0992
vn 0.4657 0.8849 0.0001
vn 0.4283 0.9036 0.0001
vn 0.4995 0.8663 -0.0001
vn 0.4929 0.8686 -0.0508
vn 0.4851 0.8687 -0.1004
vn 0.4851 0.8687 -0.1005
vn 0.4929 0.8686 -0.0509
vn 0.4227 0.9008 -0.0992
vn 0.4347 0.9006 -0.0001
vn 0.4283 0.9036 -0.0001
vn 0.4689 0.8833 -0.0001
vn 0.4657 0.8849 -0.0000
vn -0.2573 0.9663 -0.0000
vn -0.2811 0.9597 0.0001
vn -0.2811 0.9597 -0.0000
vn -0.2904 0.9565 0.0272
vn -0.2882 0.9576 -0.0000
vn -0.2589 0.9640 -0.0606
vn -0.2739 0.9618 -0.0000
vn 0.0250 0.4428 0.8963
vn 0.0255 0.4821 0.8758
vn 0.0254 0.4742 0.8800
vn 0.0172 0.4508 0.8925
vn 0.0018 0.4745 0.8802
vn 0.0015 0.4431 0.8965
vn -0.0071 0.3883 0.9215
vn 0.0008 0.3882 0.9216
vn -0.0619 0.3890 0.9192
vn -0.0537 0.4203 0.9058
vn -0.0614 0.4361 0.8978
vn -0.0699 0.3813 0.9218
vn -0.0619 0.3968 0.9158
vn -0.0615 0.4282 0.9016
vn -0.0460 0.4123 0.9099
vn -0.0383 0.3966 0.9172
vn -0.0540 0.3967 0.9163
vn -0.2904 0.9565 -0.0272
vn -0.2589 0.9640 -0.0608
vn 0.0250 0.4428 -0.8963
vn 0.0255 0.4821 -0.8758
vn 0.0254 0.4742 -0.8800
vn 0.0172 0.4508 -0.8925
vn 0.0018 0.4745 -0.8803
vn 0.0015 0.4431 -0.8965
vn -0.0070 0.3883 -0.9215
vn 0.0008 0.3882 -0.9216
vn -0.0537 0.4203 -0.9058
vn -0.0619 0.3890 -0.9192
vn -0.0614 0.4361 -0.8978
vn -0.0699 0.3813 -0.9218
vn -0.0619 0.3968 -0.9158
vn -0.0615 0.4282 -0.9016
vn -0.0460 0.4123 -0.9099
vn -0.0383 0.3965 -0.9172
vn -0.0540 0.3967 -0.9164
vn -0.0617 0.4126 -0.9088
vn 0.4773 0.8766 0.0608
vn 0.4903 0.8716 0.0002
vn 0.4503 0.8929 -0.0000
vn 0.4440 0.8960 -0.0000
vn 0.4219 0.9066 -0.0000
vn 0.4773 0.8766 -0.0608
vn 0.4903 0.8716 -0.0002
vn 0.4289 0.9033 -0.0000
vn 0.4217 0.9068 -0.0000
vn 0.8497 -0.1084 -0.5160
vn 0.8731 -0.1243 -0.4715
vn 0.7357 0.1911 -0.6498
vn 0.7433 0.1675 -0.6477
vn 0.8263 -0.1002 -0.5543
vn 0.8426 -0.0456 -0.5365
vn 0.8590 0.0092 -0.5119
vn 0.8272 -0.0218 -0.5614
vn 0.8429 -0.0220 -0.5376
vn 0.8653 -0.1164 -0.4876
vn 1.0000 -0.0004 -0.0000
vn 0.9888 -0.1491 -0.0000
vn 0.9851 -0.1720 -0.0000
vn 0.9963 0.0855 -0.0000
vn 0.9901 0.1403 -0.0000
vn 0.9866 0.1631 -0.0000
vn 0.9963 0.0855 0.0002
vn 0.8731 -0.1243 0.4715
vn 0.8497 -0.1084 0.5160
vn 0.7357 0.1911 0.6498
vn 0.7433 0.1675 0.6477
vn 0.8263 -0.1002 0.5543
vn 0.8426 -0.0455 0.5365
vn 0.8590 0.0092 0.5119
vn 0.8272 -0.0218 0.5614
vn 0.8429 -0.0220 0.5376
vn 0.8653 -0.1164 0.4875
vn 0.9956 -0.0942 -0.0001
vn -0.8777 0.3911 -0.2771
vn -0.8782 0.3440 -0.3322
vn -0.9093 0.3679 -0.1943
vn -0.8948 0.2736 -0.3529
vn -0.9510 0.1645 -0.2618
vn -0.9668 0.1568 -0.2018
vn -0.8773 0.4224 -0.2279
vn -0.8851 0.4225 -0.1950
vn -0.8853 0.4068 -0.2251
vn -0.9249 0.3760 0.0565
vn -0.9738 0.2275 -0.0000
vn -0.9012 0.3914 -0.1863
vn -0.8929 0.4304 -0.1322
vn -0.8606 0.5007 -0.0927
vn -0.8316 0.3121 -0.4595
vn -0.8539 0.4065 -0.3249
vn -0.9773 -0.0626 -0.2024
vn -0.9365 0.0702 -0.3437
vn -0.8644 0.1948 -0.4636
vn -0.8693 0.4302 -0.2433
vn -0.8772 0.4303 -0.2131
vn -0.8852 0.4147 -0.2107
vn -0.8519 0.5237 -0.0000
vn -0.8931 0.4148 -0.1743
vn -0.9826 0.1492 0.1109
vn -0.9089 0.4071 0.0907
vn -0.8846 0.4618 0.0647
vn -0.7967 0.5941 0.1109
vn -0.1569 0.9627 0.2202
vn -0.8782 0.3440 0.3322
vn -0.9093 0.3679 0.1944
vn -0.8777 0.3911 0.2771
vn -0.9668 0.1568 0.2018
vn -0.9510 0.1645 0.2618
vn -0.8948 0.2736 0.3529
vn -0.8853 0.4069 0.2251
vn -0.8851 0.4225 0.1950
vn -0.8773 0.4224 0.2279
vn -0.8929 0.4305 0.1322
vn -0.9012 0.3914 0.1863
vn -0.8316 0.3121 0.4595
vn -0.8539 0.4065 0.3249
vn -0.9773 -0.0626 0.2024
vn -0.9365 0.0702 0.3437
vn -0.8644 0.1948 0.4636
vn -0.8693 0.4302 0.2433
vn -0.8772 0.4303 0.2131
vn -0.8852 0.4147 0.2108
vn -0.8852 0.4147 0.2107
vn -0.9089 0.4071 -0.0908
vn -0.9826 0.1492 -0.1109
vn -0.8846 0.4618 -0.0647
vn -0.7968 0.5940 -0.1109
vn -0.8931 0.4148 0.1743
vn -0.1569 0.9628 -0.2202
vt 0.723364 0.265530
vt 0.729998 0.261704
vt 0.744713 0.290973
vt 0.749628 0.285107
vt 0.715773 0.244757
vt 0.719545 0.233139
vt 0.649549 0.244550
vt 0.643898 0.222465
vt 0.773476 0.307568
vt 0.776092 0.300375
vt 0.806182 0.313319
vt 0.806182 0.305674
vt 0.838902 0.307568
vt 0.836280 0.300375
vt 0.867666 0.290973
vt 0.862743 0.285107
vt 0.711340 0.272485
vt 0.735795 0.301609
vt 0.703956 0.251144
vt 0.768730 0.320550
vt 0.806182 0.327122
vt 0.843649 0.320550
vt 0.876584 0.301609
vt 0.899267 0.272485
vt 0.883156 0.272516
vt 0.889022 0.265530
vt 0.904037 0.255998
vt 0.897319 0.243284
vt 0.900394 0.272546
vt 0.877274 0.302414
vt 0.844009 0.321547
vt 0.806182 0.328164
vt 0.768369 0.321547
vt 0.753301 0.313947
vt 0.735105 0.302414
vt 0.710420 0.273007
vt 0.702859 0.251712
vt 0.720182 0.315704
vt 0.652985 0.287822
vt 0.906506 0.272570
vt 0.914818 0.298573
vt 0.845060 0.324698
vt 0.846256 0.328303
vt 0.806182 0.333463
vt 0.763331 0.336347
vt 0.649941 0.332344
vt 0.643215 0.344920
vt 0.652832 0.318035
vt 0.650891 0.252578
vt 0.884736 0.311754
vt 0.919074 0.304017
vt 0.890479 0.318955
vt 0.909351 0.313748
vt 0.925209 0.307836
vt 0.882381 0.261704
vt 0.889252 0.241620
vt 0.873294 0.272539
vt 0.914465 0.224137
vt 0.891798 0.224137
vt 0.914511 0.243261
vt 0.891752 0.223025
vt 0.914465 0.223025
vt 0.928506 0.224137
vt 0.931734 0.243261
vt 0.928284 0.223025
vt 0.941258 0.224137
vt 0.945829 0.243261
vt 0.891752 0.211983
vt 0.914465 0.211983
vt 0.925707 0.211983
vt 0.937248 0.211983
vt 0.718357 0.221974
vt 0.716041 0.221974
vt 0.638293 0.209276
vt 0.711363 0.209253
vt 0.648422 0.244550
vt 0.390868 0.249687
vt 0.642755 0.222465
vt 0.398344 0.226913
vt 0.637165 0.209276
vt 0.404173 0.212243
vt 0.642065 0.344920
vt 0.373783 0.354221
vt 0.648798 0.332344
vt 0.371613 0.344252
vt 0.651681 0.318035
vt 0.371743 0.327773
vt 0.651850 0.287822
vt 0.378415 0.293581
vt 0.649741 0.252578
vt 0.387831 0.259825
vt 0.386696 0.259825
vt 0.380056 0.260078
vt 0.389748 0.249687
vt 0.376659 0.251167
vt 0.374335 0.261780
vt 0.369642 0.254564
vt 0.369274 0.264847
vt 0.364090 0.259702
vt 0.365179 0.269418
vt 0.360018 0.266420
vt 0.351929 0.305236
vt 0.347450 0.303381
vt 0.347573 0.324392
vt 0.340940 0.322413
vt 0.348861 0.326278
vt 0.342136 0.328303
vt 0.370616 0.327773
vt 0.377288 0.293581
vt 0.276887 0.326646
vt 0.312046 0.308909
vt 0.310251 0.306732
vt 0.334698 0.277615
vt 0.322682 0.265607
vt 0.301494 0.291042
vt 0.276503 0.325657
vt 0.271082 0.307613
vt 0.237886 0.332206
vt 0.236529 0.313365
vt 0.198839 0.325657
vt 0.201998 0.307613
vt 0.163611 0.306732
vt 0.171701 0.291042
vt 0.137286 0.277615
vt 0.149777 0.265607
vt 0.124771 0.241912
vt 0.139402 0.236452
vt 0.140675 0.220540
vt 0.122172 0.222450
vt 0.123675 0.242088
vt 0.136335 0.278152
vt 0.126788 0.270093
vt 0.162936 0.307537
vt 0.198525 0.326646
vt 0.228638 0.331799
vt 0.095118 0.284371
vt 0.093876 0.271994
vt 0.067635 0.273689
vt 0.063494 0.290130
vt 0.099105 0.311831
vt 0.057858 0.314684
vt 0.102871 0.332880
vt 0.059192 0.332880
vt 0.053073 0.314684
vt 0.167560 0.332627
vt 0.091736 0.244182
vt 0.066968 0.246168
vt 0.037943 0.296380
vt 0.036417 0.248499
vt 0.027760 0.290414
vt 0.049760 0.305942
vt 0.091138 0.225571
vt 0.067113 0.228094
vt 0.043204 0.230563
vt 0.316041 0.261788
vt 0.296288 0.285168
vt 0.268306 0.300428
vt 0.236506 0.305735
vt 0.204728 0.300428
vt 0.176923 0.285168
vt 0.156855 0.261788
vt 0.147416 0.233231
vt 0.148466 0.219781
vt 0.330312 0.239949
vt 0.322766 0.238630
vt 0.330028 0.227687
vt 0.322766 0.213133
vt 0.346400 0.234780
vt 0.342481 0.258130
vt 0.348608 0.258314
vt 0.359282 0.227603
vt 0.338149 0.280920
vt 0.403045 0.212259
vt 0.397217 0.226913
vt 0.255201 0.330473
vt 0.237924 0.333256
vt 0.236628 0.348432
vt 0.276496 0.347174
vt 0.324254 0.345778
vt 0.370493 0.344252
vt 0.326432 0.355740
vt 0.372656 0.354221
vt 0.278881 0.357120
vt 0.235923 0.358385
vt 0.169600 0.358845
vt 0.168549 0.348892
vt 0.109235 0.359091
vt 0.106582 0.349145
vt 0.063755 0.359091
vt 0.062789 0.349145
vt 0.367549 0.175113
vt 0.367549 0.169968
vt 0.326991 0.173327
vt 0.327022 0.166065
vt 0.290437 0.161709
vt 0.290337 0.171364
vt 0.233944 0.153566
vt 0.233737 0.167905
vt 0.176394 0.145023
vt 0.182222 0.163067
vt 0.139441 0.142301
vt 0.143405 0.158696
vt 0.407002 0.176325
vt 0.406573 0.172836
vt 0.412278 0.173465
vt 0.636905 0.181386
vt 0.589154 0.177468
vt 0.214904 0.149118
vt 0.208846 0.145230
vt 0.058778 0.362940
vt 0.012170 0.363584
vt 0.058011 0.351177
vt 0.009364 0.351353
vt 0.006542 0.335526
vt 0.054545 0.332298
vt 0.034539 0.310205
vt 0.003490 0.314983
vt 0.907219 0.272570
vt 0.916076 0.298266
vt 0.920117 0.303066
vt 0.907763 0.270016
vt 0.908270 0.270568
vt 0.911958 0.264027
vt 0.911322 0.267202
vt 0.935108 0.264027
vt 0.933774 0.266979
vt 0.947025 0.264027
vt 0.945207 0.266297
vt 0.924541 0.305006
vt 0.934648 0.255998
vt 0.946388 0.255998
vt 0.914427 0.246183
vt 0.910601 0.255998
vt 0.924541 0.246183
vt 0.937524 0.246183
vt 0.959785 0.173994
vt 0.959785 0.125937
vt 0.957285 0.166740
vt 0.957285 0.135215
vt 0.976088 0.170773
vt 0.971755 0.119557
vt 0.986455 0.167913
vt 0.986455 0.122409
vt 0.965613 0.113039
vt 0.965276 0.082879
vt 0.948911 0.083086
vt 0.948911 0.122854
vt 0.942056 0.123191
vt 0.942056 0.170904
vt 0.948911 0.170497
vt 0.942056 0.083432
vt 0.948911 0.047245
vt 0.942056 0.047467
vt 0.948911 0.001818
vt 0.942056 0.001818
vt 0.965276 0.047038
vt 0.965276 0.001818
vt 0.940116 0.169815
vt 0.940116 0.122264
vt 0.940116 0.082496
vt 0.940116 0.046900
vt 0.940116 0.001818
vt 0.322766 0.208808
vt 0.404173 0.208179
vt 0.637165 0.205211
vt 0.711801 0.205188
vt 0.322766 0.188771
vt 0.404173 0.188157
vt 0.637165 0.187766
vt 0.717237 0.187743
vt 0.326432 0.357634
vt 0.326432 0.361683
vt 0.278926 0.359006
vt 0.279003 0.363055
vt 0.372150 0.356092
vt 0.330519 0.365279
vt 0.331125 0.371176
vt 0.358048 0.400883
vt 0.321754 0.398728
vt 0.358891 0.406864
vt 0.363661 0.411404
vt 0.317145 0.402647
vt 0.314776 0.411250
vt 0.313012 0.403060
vt 0.299623 0.408482
vt 0.300781 0.401803
vt 0.233178 0.390546
vt 0.234995 0.383361
vt 0.193034 0.378139
vt 0.228523 0.377809
vt 0.169853 0.360724
vt 0.229482 0.367572
vt 0.236038 0.360264
vt 0.236299 0.364152
vt 0.147523 0.361069
vt 0.372503 0.414118
vt 0.362940 0.418880
vt 0.420238 0.417891
vt 0.419655 0.421840
vt 0.478608 0.417730
vt 0.479805 0.422062
vt 0.515938 0.413750
vt 0.517394 0.417515
vt 0.537240 0.406465
vt 0.539563 0.410575
vt 0.591301 0.379933
vt 0.593441 0.383806
vt 0.617857 0.364374
vt 0.621905 0.367687
vt 0.642640 0.344920
vt 0.651589 0.346860
vt 0.641498 0.344920
vt 0.621775 0.369159
vt 0.655447 0.348608
vt 0.595005 0.385324
vt 0.541228 0.412178
vt 0.518430 0.420184
vt 0.480464 0.424440
vt 0.419248 0.424624
vt 0.362534 0.421633
vt 0.314553 0.413988
vt 0.298964 0.410460
vt 0.232273 0.392471
vt 0.192597 0.380056
vt 0.140437 0.361376
vt 0.849515 0.170934
vt 0.856102 0.158581
vt 0.811879 0.174730
vt 0.818359 0.162223
vt 0.811143 0.176149
vt 0.848886 0.172107
vt 0.777748 0.176823
vt 0.784166 0.164255
vt 0.776958 0.178403
vt 0.741346 0.177836
vt 0.747596 0.165145
vt 0.740373 0.179822
vt 0.645378 0.178763
vt 0.662494 0.166939
vt 0.637871 0.181386
vt 0.872206 0.156219
vt 0.865703 0.168166
vt 0.864990 0.169485
vt 0.885725 0.153665
vt 0.879069 0.165674
vt 0.878517 0.166671
vt 0.877941 0.164547
vt 0.885157 0.151748
vt 0.698109 0.274460
vt 0.694243 0.273257
vt 0.706708 0.307626
vt 0.699760 0.305209
vt 0.766627 0.325106
vt 0.761880 0.294190
vt 0.710851 0.336468
vt 0.702210 0.333193
vt 0.768865 0.353088
vt 0.713633 0.367490
vt 0.702900 0.363112
vt 0.769220 0.382991
vt 0.717101 0.440327
vt 0.704654 0.438240
vt 0.769530 0.452594
vt 0.688594 0.256611
vt 0.690174 0.257172
vt 0.758534 0.280989
vt 0.241480 0.294986
vt 0.250243 0.302140
vt 0.301532 0.303694
vt 0.901897 0.111237
vt 0.901230 0.112226
vt 0.911927 0.108545
vt 0.292261 0.293535
vt 0.885840 0.150560
vt 0.911352 0.106620
vt 0.886415 0.152477
vt 0.921183 0.054768
vt 0.921766 0.055833
vt 0.924304 0.001818
vt 0.924879 0.001818
vt 0.603064 0.264354
vt 0.605193 0.296261
vt 0.605981 0.324237
vt 0.605826 0.354140
vt 0.604520 0.429478
vt 0.602371 0.248206
vt 0.599553 0.239520
vt 0.191489 0.314384
vt 0.249051 0.302094
vt 0.511332 0.260939
vt 0.510149 0.292815
vt 0.509112 0.320773
vt 0.508003 0.350662
vt 0.505166 0.427132
vt 0.512252 0.236147
vt 0.511931 0.244804
vt 0.589867 0.454798
vt 0.588717 0.481515
vt 0.605564 0.454798
vt 0.612420 0.481515
vt 0.557768 0.481515
vt 0.558903 0.454798
vt 0.469100 0.481515
vt 0.474099 0.454798
vt 0.948911 0.133390
vt 0.925868 0.255998
vt 0.938858 0.255998
vt 0.907779 0.133390
vt 0.919833 0.122839
vt 0.890157 0.166732
vt 0.896598 0.170497
vt 0.896338 0.126941
vt 0.873578 0.174500
vt 0.885817 0.181064
vt 0.867888 0.183610
vt 0.895586 0.169807
vt 0.918775 0.122264
vt 0.902610 0.104895
vt 0.930385 0.082496
vt 0.864070 0.185749
vt 0.900770 0.106084
vt 0.895103 0.125699
vt 0.899558 0.109289
vt 0.895540 0.121880
vt 0.866654 0.185573
vt 0.891307 0.126941
vt 0.861378 0.185749
vt 0.895310 0.087189
vt 0.901169 0.051578
vt 0.936404 0.046892
vt 0.904788 0.001818
vt 0.890318 0.104895
vt 0.889735 0.109289
vt 0.894083 0.121880
vt 0.900133 0.121604
vt 0.898677 0.121604
vt 0.904811 0.109059
vt 0.636422 0.178311
vt 0.645025 0.176325
vt 0.637395 0.178311
vt 0.648330 0.171164
vt 0.986455 0.121711
vt 0.972399 0.118859
vt 0.966265 0.112356
vt 0.965927 0.082879
vt 0.965927 0.047038
vt 0.965927 0.001818
vt 0.645447 0.346101
vt 0.651267 0.348608
vt 0.986455 0.082879
vt 0.986455 0.047038
vt 0.986455 0.001818
vt 0.892013 0.210472
vt 0.914719 0.210472
vt 0.926934 0.210472
vt 0.940070 0.210472
vt 0.987751 0.169838
vt 0.987751 0.122409
vt 0.987751 0.082879
vt 0.987751 0.047038
vt 0.987751 0.001818
vt 0.892542 0.199851
vt 0.913131 0.199851
vt 0.922801 0.199851
vt 0.933444 0.199851
vt 0.996815 0.164876
vt 0.989684 0.122831
vt 0.989684 0.082879
vt 0.989684 0.047038
vt 0.989684 0.001818
vt 0.996815 0.124579
vt 0.996838 0.082879
vt 0.996838 0.047038
vt 0.996838 0.001818
vt 0.986455 0.064230
vt 0.965927 0.064230
vt 0.965276 0.064230
vt 0.986455 0.060396
vt 0.965927 0.060396
vt 0.965276 0.060396
vt 0.986455 0.062321
vt 0.965276 0.062321
vt 0.904075 0.272570
vt 0.912188 0.298266
vt 0.916206 0.303066
vt 0.905118 0.270568
vt 0.921382 0.305006
vt 0.875250 0.164547
vt 0.882466 0.151748
vt 0.901452 0.087189
vt 0.907319 0.051578
vt 0.910930 0.001818
vt 0.883156 0.150560
vt 0.894988 0.109059
vt 0.550851 0.137079
vt 0.555038 0.072941
vt 0.531397 0.131987
vt 0.532432 0.070403
vt 0.498998 0.129157
vt 0.498998 0.068984
vt 0.446762 0.129311
vt 0.446762 0.068931
vt 0.398153 0.131542
vt 0.396443 0.070556
vt 0.357197 0.133590
vt 0.352343 0.072389
vt 0.556050 0.001818
vt 0.532677 0.001818
vt 0.498998 0.001818
vt 0.446762 0.001818
vt 0.395538 0.001818
vt 0.349804 0.001818
vt 0.176202 0.143735
vt 0.169539 0.099305
vt 0.139165 0.140629
vt 0.132332 0.099305
vt 0.165965 0.049231
vt 0.127793 0.049231
vt 0.165965 0.001818
vt 0.126282 0.001818
vt 0.201308 0.099305
vt 0.198149 0.049231
vt 0.197183 0.001818
vt 0.208608 0.143758
vt 0.663176 0.165735
vt 0.662632 0.165030
vt 0.661658 0.166939
vt 0.678451 0.129127
vt 0.677569 0.133061
vt 0.679977 0.125323
vt 0.688696 0.063256
vt 0.604494 0.430161
vt 0.690414 0.001818
vt 0.689532 0.063256
vt 0.505140 0.427815
vt 0.218033 0.474153
vt 0.214153 0.478217
vt 0.216829 0.474506
vt 0.435424 0.438943
vt 0.406806 0.446573
vt 0.410686 0.442509
vt 0.433399 0.424811
vt 0.474815 0.432985
vt 0.475038 0.412181
vt 0.513901 0.431873
vt 0.513901 0.410034
vt 0.552748 0.412181
vt 0.552978 0.432985
vt 0.594402 0.424811
vt 0.592370 0.438943
vt 0.617100 0.442509
vt 0.620988 0.446573
vt 0.428335 0.478217
vt 0.424447 0.474153
vt 0.425667 0.474506
vt 0.216829 0.470281
vt 0.118690 0.158696
vt 0.120055 0.142301
vt 0.108691 0.143443
vt 0.108468 0.156019
vt 0.110202 0.168304
vt 0.103868 0.162560
vt 0.096322 0.178733
vt 0.098645 0.164263
vt 0.080794 0.181386
vt 0.086338 0.165405
vt 0.078416 0.164661
vt 0.073332 0.181900
vt 0.074276 0.158489
vt 0.065181 0.177414
vt 0.074690 0.125484
vt 0.066538 0.125484
vt 0.060082 0.167345
vt 0.060082 0.148949
vt 0.060043 0.126052
vt 0.066538 0.087580
vt 0.060043 0.088132
vt 0.074690 0.087580
vt 0.066538 0.049047
vt 0.060043 0.050036
vt 0.074690 0.049047
vt 0.066538 0.001818
vt 0.060043 0.001818
vt 0.074690 0.001818
vt 0.109941 0.001818
vt 0.125553 0.049231
vt 0.109941 0.049231
vt 0.123099 0.099305
vt 0.109741 0.100923
vt 0.120163 0.140629
vt 0.109005 0.125484
vt 0.108722 0.141695
vt 0.087350 0.088853
vt 0.087350 0.049085
vt 0.100033 0.049124
vt 0.100033 0.090118
vt 0.104059 0.091805
vt 0.104573 0.049193
vt 0.087350 0.001818
vt 0.100033 0.001818
vt 0.104611 0.001818
vt 0.108376 0.049231
vt 0.108407 0.001818
vt 0.108185 0.100079
vt 0.024317 0.168664
vt 0.024317 0.149624
vt 0.013604 0.144479
vt 0.009049 0.146557
vt 0.009019 0.166241
vt 0.018197 0.135415
vt 0.017507 0.124234
vt 0.024278 0.120699
vt 0.011787 0.115178
vt 0.024278 0.087626
vt 0.009164 0.114112
vt 0.008980 0.087020
vt 0.052283 0.049929
vt 0.019018 0.047720
vt 0.008980 0.047322
vt 0.052689 0.001818
vt 0.018811 0.001818
vt 0.008980 0.001818
vt 0.021786 0.043648
vt 0.021786 0.001818
vt 0.048725 0.001818
vt 0.048280 0.043733
vt 0.109933 0.049231
vt 0.109741 0.100079
vt 0.148466 0.218324
vt 0.122172 0.220993
vt 0.091138 0.224114
vt 0.066247 0.226636
vt 0.041494 0.229106
vt 0.007431 0.147684
vt 0.007761 0.167514
vt 0.007477 0.139617
vt 0.007723 0.087020
vt 0.007508 0.121413
vt 0.007723 0.047322
vt 0.007723 0.001818
vt 0.121834 0.211553
vt 0.148466 0.207888
vt 0.091805 0.215625
vt 0.068057 0.219007
vt 0.044990 0.222166
vt 0.001879 0.145268
vt 0.001933 0.138896
vt 0.001856 0.163902
vt 0.001818 0.087020
vt 0.001948 0.120684
vt 0.001818 0.047322
vt 0.001818 0.001818
vt 0.008167 0.121666
vt 0.011511 0.126995
vt 0.011925 0.133551
vt 0.009226 0.138881
vt 0.112970 0.139617
vt 0.119833 0.139617
vt 0.115025 0.138896
vt 0.121873 0.138896
vt 0.110217 0.121666
vt 0.117072 0.121666
vt 0.109665 0.126980
vt 0.116520 0.126980
vt 0.110439 0.133551
vt 0.117287 0.133551
vt 0.112218 0.138866
vt 0.119074 0.138866
vt 0.986455 0.003727
vt 0.965927 0.003727
vt 0.965276 0.003727
vt 0.715750 0.287822
vt 0.648537 0.315704
vt 0.658299 0.273007
vt 0.633707 0.302422
vt 0.684543 0.248371
vt 0.754850 0.269899
vt 0.710762 0.439546
vt 0.425667 0.470281
vt 0.350295 0.145023
vt 0.313342 0.142301
vt 0.356115 0.163067
vt 0.317306 0.158696
vt 0.350103 0.143735
vt 0.343440 0.099305
vt 0.313066 0.140629
vt 0.306241 0.099305
vt 0.339851 0.049231
vt 0.301694 0.049231
vt 0.339859 0.001818
vt 0.300183 0.001818
vt 0.340449 0.107357
vt 0.309347 0.109895
vt 0.341162 0.084421
vt 0.310044 0.086959
vt 0.340449 0.110876
vt 0.309347 0.113422
vt 0.310044 0.083447
vt 0.341162 0.080909
vt 0.310044 0.084421
vt 0.341162 0.086959
vt 0.309347 0.107357
vt 0.340449 0.109895
vt 0.310044 0.080909
vt 0.341162 0.083447
vt 0.340449 0.113422
vt 0.309347 0.110876
vt 0.444485 0.491637
vt 0.444715 0.612934
vt 0.200748 0.491637
vt 0.200526 0.612934
vt 0.129104 0.570214
vt 0.125822 0.557952
vt 0.129104 0.545690
vt 0.138083 0.536711
vt 0.138083 0.579193
vt 0.150345 0.533429
vt 0.150345 0.582483
vt 0.162606 0.536711
vt 0.162606 0.579193
vt 0.171578 0.545690
vt 0.171578 0.570214
vt 0.174868 0.557952
vt 0.181386 0.557952
vt 0.177230 0.573480
vt 0.165865 0.584837
vt 0.150345 0.589001
vt 0.134824 0.584837
vt 0.123460 0.573480
vt 0.119296 0.557952
vt 0.123460 0.542439
vt 0.134824 0.531067
vt 0.150345 0.526918
vt 0.165865 0.531067
vt 0.177230 0.542439
vt 0.093738 0.638661
vt 0.004878 0.638661
vt 0.093738 0.558589
vt 0.004878 0.558589
vt 0.004878 0.751944
vt 0.093738 0.751944
vt 0.093738 0.517571
vt 0.004878 0.508775
vt 0.082028 0.507801
vt 0.093738 0.865228
vt 0.004878 0.865228
vt 0.093738 0.945300
vt 0.004878 0.945300
vt 0.093738 0.986317
vt 0.004878 0.995097
vt 0.082028 0.996086
vt 0.990044 0.956319
vt 0.990044 0.994108
vt 0.951664 0.956319
vt 0.951664 0.994108
vt 0.965038 0.946994
vt 0.970965 0.960138
vt 0.977989 1.006124
vt 0.609360 0.808582
vt 0.539050 0.773423
vt 0.539050 0.816404
vt 0.605457 0.738271
vt 0.550775 0.734368
vt 0.484375 0.816404
vt 0.484375 0.781237
vt 0.496092 0.738271
vt 0.964263 0.946895
vt 0.970751 0.958152
vt 0.490095 0.666412
vt 0.486085 0.683612
vt 0.515063 0.704332
vt 0.499113 0.660477
vt 0.512655 0.659932
vt 0.548949 0.704661
vt 0.532808 0.668459
vt 0.549525 0.667907
vt 0.581823 0.693282
vt 0.568189 0.657686
vt 0.581892 0.657134
vt 0.582007 0.685629
vt 0.596853 0.682953
vt 0.597076 0.671097
vt 0.549870 0.662171
vt 0.570858 0.650033
vt 0.586271 0.649373
vt 0.603364 0.670331
vt 0.603095 0.684417
vt 0.586401 0.687592
vt 0.586187 0.696702
vt 0.549218 0.710221
vt 0.511107 0.709822
vt 0.478493 0.685192
vt 0.483018 0.664748
vt 0.493163 0.653353
vt 0.508377 0.652701
vt 0.531052 0.662846
vt 0.893585 0.511015
vt 0.888309 0.482688
vt 0.900854 0.512027
vt 0.883348 0.482688
vt 0.889720 0.508499
vt 0.910647 0.512188
vt 0.907940 0.482688
vt 0.921789 0.512142
vt 0.933567 0.482688
vt 0.932923 0.512188
vt 0.942715 0.512027
vt 0.949333 0.482688
vt 0.946618 0.511597
vt 0.949970 0.511015
vt 0.956127 0.482688
vt 0.952515 0.509389
vt 0.953459 0.506897
vt 0.889283 0.506567
vt 0.882872 0.482688
vt 0.888876 0.502050
vt 0.956626 0.482688
vt 0.953436 0.504888
vt 0.953535 0.506015
vt 0.953727 0.503162
vt 0.953436 0.506728
vt 0.744467 0.482358
vt 0.740411 0.511812
vt 0.733103 0.512832
vt 0.749413 0.482358
vt 0.742903 0.509887
vt 0.722743 0.512901
vt 0.724821 0.482358
vt 0.710988 0.512816
vt 0.699202 0.482358
vt 0.699232 0.512487
vt 0.688934 0.512165
vt 0.683443 0.482358
vt 0.681503 0.511206
vt 0.676642 0.482358
vt 0.678014 0.509212
vt 0.742903 0.506682
vt 0.749897 0.482358
vt 0.742903 0.508108
vt 0.742903 0.503653
vt 0.678405 0.507863
vt 0.674732 0.482358
vt 0.678405 0.508852
vt 0.678405 0.506590
vt 0.746170 0.477450
vt 0.675767 0.477450
vt 0.751170 0.477450
vt 0.726340 0.477450
vt 0.700475 0.477450
vt 0.684555 0.477450
vt 0.677684 0.477450
vt 0.751653 0.477450
vt 0.886392 0.475718
vt 0.885924 0.475718
vt 0.891399 0.475718
vt 0.911222 0.475718
vt 0.937095 0.475718
vt 0.953014 0.475718
vt 0.959869 0.475718
vt 0.960375 0.475718
vt 0.773032 0.503500
vt 0.859231 0.503392
vt 0.879552 0.433021
vt 0.746576 0.433028
vt 0.671412 0.433028
vt 0.637733 0.487856
vt 0.635831 0.490402
vt 0.640118 0.497848
vt 0.648660 0.502242
vt 0.657440 0.504029
vt 0.668559 0.505685
vt 0.634750 0.487856
vt 0.636590 0.480571
vt 0.632020 0.467106
vt 0.633623 0.480571
vt 0.630448 0.451225
vt 0.629796 0.433028
vt 0.630448 0.414839
vt 0.632020 0.398958
vt 0.636590 0.385500
vt 0.637733 0.378215
vt 0.674732 0.383706
vt 0.635831 0.375654
vt 0.640118 0.368208
vt 0.648660 0.363814
vt 0.657440 0.362035
vt 0.668559 0.360379
vt 0.678405 0.359482
vt 0.634750 0.378215
vt 0.633623 0.385500
vt 0.749897 0.383706
vt 0.879552 0.433051
vt 0.882872 0.383376
vt 0.859231 0.362672
vt 0.773032 0.362572
vt 0.742903 0.362411
vt 0.888876 0.364014
vt 0.968228 0.433051
vt 0.956626 0.383376
vt 0.968228 0.380562
vt 0.964938 0.364297
vt 0.961349 0.362932
vt 0.953727 0.362909
vt 0.968864 0.367817
vt 0.976969 0.383936
vt 0.972231 0.383936
vt 0.968228 0.433021
vt 0.968228 0.485494
vt 0.964938 0.501759
vt 0.968864 0.498247
vt 0.976969 0.482121
vt 0.961349 0.503139
vt 0.972231 0.482121
vt 0.972093 0.491154
vt 0.981885 0.480334
vt 0.972093 0.486024
vt 0.978710 0.481476
vt 0.976134 0.482642
vt 0.983679 0.477726
vt 0.987513 0.465871
vt 0.990182 0.451455
vt 0.972093 0.433274
vt 0.991808 0.433274
vt 0.968235 0.432016
vt 0.951511 0.432016
vt 0.968519 0.466454
vt 0.951787 0.469797
vt 0.888309 0.383376
vt 0.893585 0.355057
vt 0.900854 0.354045
vt 0.883348 0.383376
vt 0.889720 0.357572
vt 0.910647 0.353884
vt 0.907940 0.383376
vt 0.921789 0.353922
vt 0.933567 0.383376
vt 0.932923 0.353884
vt 0.942715 0.354045
vt 0.949333 0.383376
vt 0.946618 0.354474
vt 0.949970 0.355057
vt 0.956127 0.383376
vt 0.952515 0.356675
vt 0.953459 0.359167
vt 0.889283 0.359489
vt 0.953436 0.361176
vt 0.953535 0.360041
vt 0.953436 0.359328
vt 0.740411 0.354260
vt 0.744467 0.383706
vt 0.733103 0.353240
vt 0.749413 0.383706
vt 0.742903 0.356184
vt 0.722743 0.353163
vt 0.724821 0.383706
vt 0.710988 0.353247
vt 0.699202 0.383706
vt 0.699232 0.353577
vt 0.688934 0.353907
vt 0.683443 0.383706
vt 0.681503 0.354865
vt 0.676642 0.383706
vt 0.678014 0.356844
vt 0.742903 0.359382
vt 0.742903 0.357956
vt 0.678405 0.358209
vt 0.678405 0.357220
vt 0.675767 0.389127
vt 0.746170 0.389127
vt 0.751170 0.389127
vt 0.726340 0.389127
vt 0.700475 0.389127
vt 0.684555 0.389127
vt 0.677684 0.389127
vt 0.751653 0.389127
vt 0.885924 0.390860
vt 0.886392 0.390860
vt 0.891399 0.390860
vt 0.911222 0.390860
vt 0.937095 0.390860
vt 0.953014 0.390860
vt 0.959869 0.390860
vt 0.960375 0.390860
vt 0.978710 0.385094
vt 0.981885 0.386244
vt 0.972093 0.380554
vt 0.972093 0.375424
vt 0.976134 0.383936
vt 0.983679 0.388851
vt 0.987513 0.400706
vt 0.990182 0.415115
vt 0.972093 0.433304
vt 0.991808 0.433304
vt 0.951787 0.394265
vt 0.951511 0.432047
vt 0.968519 0.397608
vt 0.968235 0.432047
vt 0.729775 0.468172
vt 0.769428 0.468172
vt 0.729775 0.464192
vt 0.769428 0.464192
vt 0.769428 0.470633
vt 0.729775 0.470633
vt 0.729775 0.460212
vt 0.769428 0.460212
vt 0.729775 0.457743
vt 0.769428 0.457743
vt 0.742988 0.396673
vt 0.739015 0.396673
vt 0.739015 0.387640
vt 0.735028 0.396673
vt 0.745457 0.396673
vt 0.732566 0.396673
vt 0.512195 0.549793
vt 0.486200 0.541304
vt 0.507579 0.567177
vt 0.495586 0.531136
vt 0.524787 0.537071
vt 0.559217 0.537071
vt 0.604552 0.531136
vt 0.542002 0.532417
vt 0.604843 0.535062
vt 0.571816 0.549793
vt 0.576417 0.567177
vt 0.592383 0.585504
vt 0.571816 0.584553
vt 0.582161 0.594898
vt 0.559217 0.597275
vt 0.565252 0.601761
vt 0.541557 0.606577
vt 0.542002 0.601929
vt 0.485686 0.603801
vt 0.539334 0.606577
vt 0.524787 0.597275
vt 0.512195 0.584553
vt 0.542002 0.567177
vt 0.570520 0.550192
vt 0.577759 0.545844
vt 0.574937 0.567292
vt 0.583288 0.567292
vt 0.562653 0.530132
vt 0.558489 0.537662
vt 0.570520 0.584408
vt 0.577759 0.588755
vt 0.558489 0.596937
vt 0.562653 0.604460
vt 0.542033 0.524388
vt 0.542033 0.533076
vt 0.542033 0.601515
vt 0.542033 0.610204
vt 0.525577 0.537662
vt 0.521397 0.530132
vt 0.506298 0.545844
vt 0.513537 0.550192
vt 0.500770 0.567292
vt 0.509121 0.567292
vt 0.506298 0.588755
vt 0.513537 0.584408
vt 0.521397 0.604460
vt 0.525577 0.596937
vt 0.566326 0.552707
vt 0.569999 0.550506
vt 0.570083 0.567292
vt 0.574332 0.567292
vt 0.558182 0.538198
vt 0.556058 0.542040
vt 0.566326 0.581885
vt 0.569999 0.584093
vt 0.556058 0.592559
vt 0.558182 0.596393
vt 0.542033 0.596462
vt 0.542033 0.600894
vt 0.528000 0.592559
vt 0.525883 0.596393
vt 0.542033 0.538130
vt 0.542033 0.533705
vt 0.525883 0.538198
vt 0.528000 0.542040
vt 0.514051 0.550506
vt 0.517747 0.552707
vt 0.509734 0.567292
vt 0.513982 0.567292
vt 0.514051 0.584093
vt 0.517747 0.581885
vt 0.542033 0.567292
vt 0.989384 0.957078
vt 0.989384 0.992414
vt 0.954386 0.957078
vt 0.954386 0.992414
vt 0.958803 0.992437
vt 0.963121 0.960636
vt 0.991923 0.960728
vt 0.990726 0.960613
vt 0.989384 0.957776
vt 0.989269 0.957231
vt 0.988924 0.960000
vt 0.981724 0.986056
vt 0.989384 0.955905
vt 0.970467 0.952692
vt 0.934311 0.950943
vt 0.960069 0.930983
vt 0.960675 0.964815
vt 0.987092 0.990688
vt 0.973036 0.956081
vt 0.981256 0.965981
vt 0.975536 1.006907
vt 0.959317 0.992575
vt 0.985857 0.983595
vt 0.988326 0.956955
vt 0.607903 0.088661
vt 0.639404 0.089213
vt 0.607221 0.148688
vt 0.637027 0.152231
vt 0.640225 0.058824
vt 0.608379 0.057605
vt 0.641107 0.019210
vt 0.618447 0.013044
vt 0.570344 0.145230
vt 0.570344 0.087059
vt 0.570344 0.056201
vt 0.593747 0.010207
vt 0.570344 0.008735
vt 0.573956 0.027353
vt 0.597574 0.110132
vt 0.569708 0.116865
vt 0.569960 0.128858
vt 0.571402 0.137968
vt 0.574063 0.143405
vt 0.587636 0.150943
vt 0.605848 0.150621
vt 0.617527 0.142577
vt 0.624007 0.127585
vt 0.638783 0.076147
vt 0.640417 0.009134
vt 0.636966 0.009103
vt 0.610679 0.072289
vt 0.605004 0.013834
vt 0.639711 0.021457
vt 0.640118 0.041808
vt 0.633814 0.136726
vt 0.630693 0.150245
vt 0.627925 0.151664
vt 0.619682 0.147308
vt 0.575336 0.078547
vt 0.570980 0.059368
vt 0.576210 0.017592
vt 0.571625 0.029378
vt 0.626675 0.133498
vt 0.625349 0.134740
vt 0.632388 0.081185
vt 0.637035 0.152231
vt 0.639420 0.089213
vt 0.607236 0.148688
vt 0.607919 0.088661
vt 0.640240 0.058824
vt 0.608394 0.057605
vt 0.641122 0.019210
vt 0.618470 0.013044
vt 0.593755 0.010207
vt 0.665646 0.531740
vt 0.731573 0.545029
vt 0.680840 0.481557
vt 0.740210 0.501844
vt 0.723544 0.582693
vt 0.651675 0.573454
vt 0.598765 0.467748
vt 0.605155 0.526292
vt 0.515799 0.465497
vt 0.518891 0.525503
vt 0.610304 0.570425
vt 0.521167 0.569662
vt 0.707856 0.652673
vt 0.620359 0.645189
vt 0.524960 0.643279
vt 0.740582 0.501841
vt 0.731967 0.545025
vt 0.681211 0.481554
vt 0.665992 0.531737
vt 0.723915 0.582689
vt 0.652024 0.573451
vt 0.599137 0.467745
vt 0.605527 0.526288
vt 0.610679 0.570422
vt 0.708228 0.652669
vt 0.620730 0.645186
vt 0.805545 0.233783
vt 0.853986 0.250761
vt 0.846540 0.257632
vt 0.760103 0.257632
vt 0.759865 0.254986
vt 0.769742 0.220893
vt 0.777855 0.214551
vt 0.791282 0.211975
vt 0.810077 0.210058
vt 0.811833 0.210058
vt 0.854384 0.208532
vt 0.807217 0.233346
vt 0.855159 0.233346
vt 0.848733 0.245677
vt 0.831188 0.254718
vt 0.807217 0.258030
vt 0.783261 0.254718
vt 0.765709 0.245677
vt 0.759290 0.233346
vt 0.765709 0.220993
vt 0.783261 0.211952
vt 0.807217 0.208647
vt 0.831188 0.211952
vt 0.848733 0.220993
vt 0.191945 0.470610
vt 0.194154 0.433925
vt 0.097411 0.465020
vt 0.099121 0.428650
vt 0.193985 0.409356
vt 0.181240 0.398099
vt 0.101958 0.393483
vt 0.186225 0.483194
vt 0.172828 0.490793
vt 0.135031 0.492657
vt 0.012324 0.462804
vt 0.010430 0.425299
vt 0.009624 0.389978
vt 0.097211 0.493538
vt 0.036141 0.493569
vt 0.017783 0.488838
vt 0.196953 0.433044
vt 0.194545 0.471960
vt 0.102035 0.390346
vt 0.183664 0.394994
vt 0.196784 0.407017
vt 0.188663 0.485464
vt 0.174776 0.493868
vt 0.140361 0.495870
vt 0.135967 0.495739
vt 0.034186 0.496706
vt 0.097004 0.496621
vt 0.007025 0.386689
vt 0.008382 0.424317
vt 0.011112 0.464138
vt 0.014417 0.485080
vt 0.016833 0.491706
vt 0.032100 0.496598
s 1
usemtl Material.002
f 11/15/7 10/16/8 9/17/9
f 10/16/8 12/18/9 9/17/9
f 10/16/8 11/15/7 13/19/10
f 13/19/10 14/20/11 10/16/8
f 13/19/10 15/21/12 14/20/11
f 15/21/12 16/22/13 14/20/11
f 9/17/9 12/18/9 17/23/14
f 12/18/9 18/24/14 17/23/14
f 17/23/14 18/24/14 19/25/15
f 18/24/14 20/26/15 19/25/15
f 19/25/15 20/26/15 21/27/14
f 20/26/15 22/28/14 21/27/14
f 21/27/14 22/28/14 23/29/16
f 22/28/14 24/30/16 23/29/16
f 13/19/10 11/15/7 25/31/17
f 25/31/17 11/15/7 26/32/18
f 11/15/7 27/17/19 26/32/18
f 28/33/20 13/19/10 25/31/17
f 26/32/18 27/17/19 29/34/21
f 27/17/19 30/23/22 29/34/21
f 29/34/21 30/23/22 31/35/23
f 30/23/22 32/25/24 31/35/23
f 31/35/23 32/25/24 33/36/25
f 32/25/24 34/27/26 33/36/25
f 33/36/25 34/27/26 35/37/27
f 34/27/26 36/29/28 35/37/27
f 37/38/29 35/37/27 36/29/28
f 38/39/30 37/38/29 36/29/28
f 39/40/31 37/38/29 38/39/30
f 37/38/29 39/40/31 40/41/32
f 39/40/31 41/42/33 40/41/32
f 37/38/29 42/43/34 35/37/27
f 42/43/34 37/38/29 40/41/32
f 42/43/34 43/44/35 35/37/27
f 35/37/27 43/44/35 33/36/25
f 43/44/35 44/45/36 33/36/25
f 33/36/25 44/45/36 31/35/23
f 44/45/36 45/46/37 31/35/23
f 31/35/23 45/46/37 29/34/21
f 45/46/37 46/47/38 29/34/21
f 29/34/21 46/47/38 47/48/39
f 47/48/39 26/32/18 29/34/21
f 47/48/39 48/49/40 26/32/18
f 26/32/18 48/49/40 25/31/17
f 48/49/40 49/50/41 25/31/17
f 28/33/20 25/31/17 49/50/41
f 50/51/42 28/33/20 49/50/41
f 48/49/40 51/52/43 49/50/41
f 47/48/39 51/52/43 48/49/40
f 51/52/43 52/53/44 49/50/41
f 50/51/42 49/50/41 52/53/44
f 43/44/35 42/43/34 53/54/45
f 54/55/46 43/44/35 53/54/45
f 55/56/47 44/45/36 43/44/35
f 45/46/37 44/45/36 55/56/47
f 45/46/37 55/56/47 56/57/48
f 56/57/48 57/58/49 45/46/37
f 47/48/39 46/47/38 58/52/50
f 46/47/38 59/59/51 58/52/50
f 57/58/49 59/59/51 45/46/37
f 59/59/51 46/47/38 45/46/37
f 60/60/52 58/52/50 59/59/51
f 61/61/53 60/60/52 59/59/51
f 51/52/43 62/62/54 52/53/44
f 63/63/55 50/51/42 52/53/44
f 64/62/56 58/52/50 60/60/52
f 56/57/48 55/56/47 65/64/57
f 65/64/57 55/56/47 43/44/35
f 65/64/57 43/44/35 54/55/46
f 66/65/58 65/64/57 54/55/46
f 67/66/59 65/64/57 66/65/58
f 67/66/59 56/57/48 65/64/57
f 68/67/60 67/66/59 66/65/58
f 69/68/61 68/67/60 66/65/58
f 71/40/62 70/69/62 41/42/63
f 70/69/62 72/70/64 41/42/63
f 73/71/65 70/69/62 71/40/62
f 74/39/66 73/71/65 71/40/62
f 73/71/65 74/39/66 24/30/16
f 74/39/66 23/29/16 24/30/16
f 75/72/67 41/42/63 72/70/64
f 76/73/68 75/72/67 72/70/64
f 77/74/69 41/42/63 75/72/67
f 76/73/68 78/75/70 75/72/67
f 78/75/70 79/76/71 75/72/67
f 75/72/67 80/77/72 77/74/69
f 80/77/72 81/78/73 77/74/69
f 79/76/71 82/79/74 75/72/67
f 82/79/74 80/77/72 75/72/67
f 80/77/72 83/80/75 81/78/73
f 82/79/74 83/80/75 80/77/72
f 83/80/75 84/81/76 81/78/73
f 78/75/70 85/82/77 79/76/71
f 85/82/77 86/83/78 79/76/71
f 79/76/71 86/83/78 82/79/74
f 86/83/78 87/84/79 82/79/74
f 82/79/74 87/84/79 83/80/75
f 87/84/79 88/85/80 83/80/75
f 90/86/81 14/20/11 89/87/81
f 14/20/11 16/22/13 89/87/81
f 16/22/13 91/88/82 89/87/81
f 91/88/82 92/89/81 89/87/81
f 95/51/83 94/63/83 93/21/83
f 93/21/83 96/33/83 95/51/83
f 93/21/83 97/19/84 96/33/83
f 100/90/85 99/91/85 98/92/86
f 99/91/85 101/93/87 98/92/86
f 98/92/86 101/93/87 102/94/88
f 101/93/87 103/95/77 102/94/88
f 106/96/89 105/97/90 104/98/91
f 105/97/90 107/99/92 104/98/91
f 104/98/91 107/99/92 108/100/93
f 107/99/92 109/101/93 108/100/93
f 112/100/94 111/101/94 110/102/15
f 111/101/94 113/103/15 110/102/15
f 110/102/15 113/103/15 114/104/95
f 113/103/15 115/105/14 114/104/95
f 118/104/96 117/105/97 116/90/96
f 117/105/97 119/91/96 116/90/96
f 122/106/98 121/107/99 120/108/100
f 121/107/99 123/109/101 120/108/100
f 121/107/99 124/110/102 123/109/101
f 124/110/102 125/111/103 123/109/101
f 124/110/102 126/112/104 125/111/103
f 126/112/104 127/113/104 125/111/103
f 126/112/104 128/114/105 127/113/104
f 128/114/105 129/115/106 127/113/104
f 128/114/105 130/116/107 129/115/106
f 130/116/107 131/117/108 129/115/106
f 130/116/107 132/118/109 131/117/108
f 132/118/109 133/119/110 131/117/108
f 134/120/111 132/118/109 130/116/107
f 132/118/109 135/121/112 133/119/110
f 135/121/112 132/118/109 134/120/111
f 136/122/113 135/121/112 134/120/111
f 134/120/111 137/123/114 136/122/113
f 134/120/111 130/116/107 137/123/114
f 137/123/114 130/116/107 138/114/115
f 138/114/115 139/106/116 137/123/114
f 138/114/115 140/112/116 139/106/116
f 140/112/116 141/110/116 139/106/116
f 141/110/116 142/107/116 139/106/116
f 144/119/117 135/121/112 143/124/118
f 143/124/118 145/125/119 144/119/117
f 146/126/120 145/125/119 143/124/118
f 146/126/120 147/127/121 145/125/119
f 147/127/121 146/126/120 148/128/122
f 146/126/120 149/129/123 148/128/122
f 146/126/120 150/130/124 149/129/123
f 150/130/124 146/126/120 143/124/118
f 150/130/124 151/131/125 149/129/123
f 150/130/124 152/132/126 151/131/125
f 152/132/126 153/133/127 151/131/125
f 152/132/126 154/134/128 153/133/127
f 154/134/128 155/135/129 153/133/127
f 154/134/128 156/136/130 155/135/129
f 156/136/130 157/137/131 155/135/129
f 156/136/130 158/138/132 157/137/131
f 158/138/132 159/139/133 157/137/131
f 158/138/132 160/140/134 159/139/133
f 160/140/134 161/141/135 159/139/133
f 162/142/136 161/141/135 160/140/134
f 162/142/136 160/140/134 163/143/137
f 160/140/134 164/144/138 163/143/137
f 164/144/138 160/140/134 158/138/132
f 165/145/139 164/144/138 158/138/132
f 158/138/132 156/136/130 165/145/139
f 166/146/140 164/144/138 165/145/139
f 156/136/130 167/147/141 165/145/139
f 156/136/130 154/134/128 167/147/141
f 154/134/128 168/148/142 167/147/141
f 154/134/128 152/132/126 168/148/142
f 152/132/126 169/149/143 168/148/142
f 166/146/140 165/145/139 170/150/144
f 171/151/145 166/146/140 170/150/144
f 166/146/140 171/151/145 164/144/138
f 172/152/146 171/151/145 170/150/144
f 173/153/147 172/152/146 170/150/144
f 173/153/147 170/150/144 174/154/148
f 175/155/149 173/153/147 174/154/148
f 174/154/148 176/156/150 175/155/149
f 176/156/150 177/157/151 175/155/149
f 175/155/149 177/157/151 178/158/152
f 173/153/147 175/155/149 178/158/152
f 167/147/141 168/148/142 179/159/153
f 168/148/142 169/149/143 179/159/153
f 171/151/145 172/152/146 180/160/154
f 171/151/145 180/160/154 164/144/138
f 172/152/146 181/161/155 180/160/154
f 172/152/146 173/153/147 182/162/156
f 182/162/156 181/161/155 172/152/146
f 181/161/155 182/162/156 183/163/157
f 182/162/156 184/164/158 183/163/157
f 173/153/147 185/165/159 182/162/156
f 185/165/159 173/153/147 178/158/152
f 164/144/138 180/160/154 163/143/137
f 180/160/154 186/166/160 163/143/137
f 186/166/160 180/160/154 181/161/155
f 181/161/155 183/163/157 187/167/161
f 187/167/161 186/166/160 181/161/155
f 183/163/157 188/168/162 187/167/161
f 191/128/163 190/129/9 189/169/164
f 190/129/9 192/170/9 189/169/164
f 190/129/9 193/131/165 192/170/9
f 193/131/165 194/171/166 192/170/9
f 193/131/165 195/133/167 194/171/166
f 195/133/167 196/172/168 194/171/166
f 195/133/167 197/135/169 196/172/168
f 197/135/169 198/173/169 196/172/168
f 197/135/169 199/137/170 198/173/169
f 199/137/170 200/174/170 198/173/169
f 199/137/170 201/139/171 200/174/170
f 201/139/171 202/175/171 200/174/170
f 201/139/171 203/141/172 202/175/171
f 203/141/172 204/176/173 202/175/171
f 203/141/172 205/142/174 204/176/173
f 205/142/174 206/177/174 204/176/173
f 191/128/163 189/169/164 207/178/175
f 189/169/164 208/179/176 207/178/175
f 207/178/175 208/179/176 209/180/177
f 208/179/176 210/181/178 209/180/177
f 207/178/175 209/180/177 211/182/179
f 212/183/180 207/178/175 211/182/179
f 148/128/122 207/178/175 212/183/180
f 147/127/121 148/128/122 212/183/180
f 213/184/181 212/183/180 211/182/179
f 212/183/180 213/184/181 147/127/121
f 214/185/182 213/184/181 211/182/179
f 214/185/182 209/180/177 210/181/178
f 214/185/182 211/182/179 209/180/177
f 213/184/181 215/186/183 147/127/121
f 147/127/121 215/186/183 145/125/119
f 214/185/182 210/181/178 216/187/184
f 217/188/86 214/185/182 216/187/184
f 214/185/182 217/188/86 218/108/185
f 219/109/186 214/185/182 218/108/185
f 219/109/186 220/111/187 214/185/182
f 213/184/181 214/185/182 221/113/188
f 214/185/182 220/111/187 221/113/188
f 221/113/188 222/115/189 213/184/181
f 215/186/183 213/184/181 222/115/189
f 223/117/190 145/125/119 215/186/183
f 215/186/183 222/115/189 223/117/190
f 145/125/119 223/117/190 144/119/117
f 152/132/126 150/130/124 224/189/191
f 150/130/124 143/124/118 224/189/191
f 224/189/191 225/190/192 152/132/126
f 143/124/118 135/121/112 224/189/191
f 225/190/192 224/189/191 226/191/193
f 224/189/191 227/192/194 226/191/193
f 224/189/191 228/121/195 227/192/194
f 228/121/195 229/193/196 227/192/194
f 229/193/196 228/121/195 230/194/197
f 231/195/198 229/193/196 230/194/197
f 232/196/199 231/195/198 230/194/197
f 228/121/195 233/122/195 230/194/197
f 231/195/198 234/197/200 229/193/196
f 234/197/200 227/192/194 229/193/196
f 234/197/200 235/198/201 227/192/194
f 235/198/201 226/191/193 227/192/194
f 235/198/201 236/199/202 226/191/193
f 236/199/202 237/200/203 226/191/193
f 225/190/192 226/191/193 169/149/143
f 226/191/193 237/200/203 169/149/143
f 238/159/204 169/149/143 237/200/203
f 236/199/202 239/201/205 237/200/203
f 239/201/205 240/202/206 237/200/203
f 239/201/205 241/203/207 240/202/206
f 241/203/207 242/204/208 240/202/206
f 240/202/206 242/204/208 243/156/209
f 242/204/208 244/157/210 243/156/209
f 169/149/143 152/132/126 225/190/192
f 247/205/211 246/206/211 245/207/212
f 246/206/211 248/208/212 245/207/212
f 248/208/212 249/209/213 245/207/212
f 249/209/213 250/210/213 245/207/212
f 249/209/213 251/211/214 250/210/213
f 251/211/214 252/212/215 250/210/213
f 251/211/214 253/213/214 252/212/215
f 253/213/214 254/214/214 252/212/215
f 253/213/214 255/215/214 254/214/214
f 255/215/214 256/216/214 254/214/214
f 247/205/211 257/217/216 246/206/211
f 257/217/216 258/218/217 246/206/211
f 257/217/216 259/219/218 258/218/217
f 257/217/216 260/220/219 259/219/218
f 260/220/219 261/221/220 259/219/218
f 251/211/214 262/222/214 253/213/214
f 262/222/214 263/223/214 253/213/214
f 266/224/203 265/225/221 264/226/204
f 265/225/221 267/227/209 264/226/204
f 270/227/150 269/228/148 268/226/153
f 269/228/148 271/229/141 268/226/153
f 272/230/222 271/229/141 269/228/148
f 273/231/144 272/230/222 269/228/148
f 276/54/223 275/232/224 274/55/225
f 275/232/224 277/233/226 274/55/225
f 274/55/225 277/233/226 278/65/227
f 277/233/226 279/234/228 278/65/227
f 276/54/223 280/235/229 275/232/224
f 280/235/229 281/236/230 275/232/224
f 280/235/229 282/237/231 281/236/230
f 282/237/231 283/238/232 281/236/230
f 282/237/231 284/239/233 283/238/232
f 284/239/233 285/240/234 283/238/232
f 284/239/233 286/241/235 285/240/234
f 286/241/235 287/242/236 285/240/234
f 278/65/227 279/234/228 288/68/237
f 279/234/228 289/243/238 288/68/237
f 42/43/34 40/41/32 53/54/45
f 40/41/32 290/235/239 53/54/45
f 291/237/240 290/235/239 40/41/32
f 40/41/32 292/244/241 291/237/240
f 292/244/241 293/239/242 291/237/240
f 292/244/241 294/245/243 293/239/242
f 294/245/243 295/241/243 293/239/242
f 41/42/33 296/246/244 40/41/32
f 296/246/244 297/247/244 40/41/32
f 300/42/245 299/74/246 298/246/247
f 299/74/246 301/78/248 298/246/247
f 301/78/248 302/248/249 298/246/247
f 301/78/248 303/81/250 302/248/249
f 303/81/250 304/249/251 302/248/249
f 307/250/250 306/251/252 305/252/253
f 309/251/254 308/253/254 305/252/255
f 312/254/256 311/255/257 310/250/258
f 311/255/257 313/251/259 310/250/258
f 312/254/256 314/256/260 311/255/257
f 314/256/260 315/257/261 311/255/257
f 311/255/257 316/258/262 313/251/259
f 316/258/262 317/259/263 313/251/259
f 317/259/263 318/260/264 313/251/259
f 318/260/264 319/261/265 313/251/259
f 319/261/265 318/260/264 320/262/266
f 319/261/265 320/262/266 321/263/267
f 322/264/267 319/261/265 321/263/267
f 318/260/264 323/265/264 320/262/266
f 318/260/264 324/266/268 323/265/264
f 324/266/268 325/267/269 323/265/264
f 324/266/268 326/268/270 325/267/269
f 326/268/270 327/269/271 325/267/269
f 317/259/263 328/270/272 318/260/264
f 328/270/272 324/266/268 318/260/264
f 328/270/272 329/271/273 324/266/268
f 329/271/273 326/268/270 324/266/268
f 332/263/235 331/262/274 330/272/236
f 331/262/274 333/273/274 330/272/236
f 331/262/274 334/265/275 333/273/274
f 334/265/275 335/274/276 333/273/274
f 334/265/275 336/267/277 335/274/276
f 336/267/277 337/275/277 335/274/276
f 336/267/277 338/269/278 337/275/277
f 338/269/278 339/276/278 337/275/277
f 342/181/279 341/277/279 340/187/280
f 341/277/279 343/278/281 340/187/280
f 340/187/280 343/278/281 344/95/282
f 343/278/281 345/279/283 344/95/282
f 345/279/283 346/94/284 344/95/282
f 345/279/283 347/88/285 346/94/284
f 345/279/283 348/280/286 347/88/285
f 348/280/286 349/89/286 347/88/285
f 352/277/287 351/281/287 350/278/287
f 351/281/287 353/282/287 350/278/287
f 353/282/287 354/283/288 350/278/287
f 354/283/288 355/279/288 350/278/287
f 354/283/288 356/284/289 355/279/288
f 356/284/289 357/280/290 355/279/288
f 356/284/289 358/86/291 357/280/290
f 358/86/291 359/87/292 357/280/290
f 362/87/293 361/89/293 360/280/293
f 365/285/294 364/286/295 363/287/296
f 364/286/295 366/288/296 363/287/296
f 365/285/294 367/289/297 364/286/295
f 367/289/297 368/290/298 364/286/295
f 369/291/299 368/290/298 367/289/297
f 370/292/300 369/291/299 367/289/297
f 371/293/301 369/291/299 370/292/300
f 372/294/209 371/293/301 370/292/300
f 372/294/209 373/295/302 371/293/301
f 373/295/302 374/296/303 371/293/301
f 373/295/302 375/297/304 374/296/303
f 375/297/304 376/298/305 374/296/303
f 375/297/304 377/299/306 376/298/305
f 377/299/306 378/300/307 376/298/305
f 377/299/306 379/301/308 378/300/307
f 379/301/308 380/302/308 378/300/307
f 379/301/308 381/303/309 380/302/308
f 381/303/309 382/304/310 380/302/308
f 382/304/310 381/303/309 383/305/311
f 384/306/312 382/304/310 383/305/311
f 384/306/312 383/305/311 385/307/313
f 386/308/314 384/306/312 385/307/313
f 386/308/314 385/307/313 363/287/296
f 366/288/296 386/308/314 363/287/296
f 381/303/309 387/309/315 383/305/311
f 373/295/302 388/310/316 375/297/304
f 388/310/316 389/311/317 375/297/304
f 388/310/316 390/312/318 389/311/317
f 390/312/318 391/313/319 389/311/317
f 390/312/318 392/314/320 391/313/319
f 392/314/320 393/315/320 391/313/319
f 392/314/320 394/316/321 393/315/320
f 394/316/321 395/317/321 393/315/320
f 394/316/321 396/318/322 395/317/321
f 396/318/322 397/319/322 395/317/321
f 396/318/322 398/320/323 397/319/322
f 398/320/323 399/321/323 397/319/322
f 398/320/323 400/322/324 399/321/323
f 400/322/324 401/323/325 399/321/323
f 401/323/325 400/322/324 402/324/326
f 403/325/327 401/323/325 402/324/326
f 400/322/324 404/326/328 402/324/326
f 407/323/329 406/325/330 405/327/331
f 406/325/330 408/328/332 405/327/331
f 407/323/329 405/327/331 409/329/333
f 410/321/334 407/323/329 409/329/333
f 410/321/334 409/329/333 411/330/335
f 412/319/336 410/321/334 411/330/335
f 412/319/336 411/330/335 413/331/337
f 414/317/337 412/319/336 413/331/337
f 414/317/337 413/331/337 415/332/338
f 416/315/339 414/317/337 415/332/338
f 416/315/339 415/332/338 417/333/340
f 418/313/340 416/315/339 417/333/340
f 418/313/340 417/333/340 419/334/341
f 420/311/341 418/313/340 419/334/341
f 420/311/341 419/334/341 421/335/342
f 422/297/342 420/311/341 421/335/342
f 422/297/342 421/335/342 423/336/343
f 424/299/343 422/297/342 423/336/343
f 424/299/343 423/336/343 425/337/344
f 426/301/345 424/299/343 425/337/344
f 426/301/345 425/337/344 427/338/346
f 428/303/346 426/301/345 427/338/346
f 428/303/346 427/338/346 429/339/347
f 430/309/347 428/303/346 429/339/347
f 433/340/348 432/341/349 431/342/350
f 432/341/349 434/343/351 431/342/350
f 431/342/350 435/344/352 433/340/348
f 435/344/352 436/345/353 433/340/348
f 431/342/350 434/343/351 437/346/354
f 434/343/351 438/347/355 437/346/354
f 437/346/354 439/348/356 431/342/350
f 439/348/356 435/344/352 431/342/350
f 437/346/354 438/347/355 440/349/357
f 438/347/355 441/350/358 440/349/357
f 440/349/357 442/351/359 437/346/354
f 442/351/359 439/348/356 437/346/354
f 440/349/357 441/350/358 443/352/360
f 441/350/358 444/353/361 443/352/360
f 443/352/360 445/354/53 440/349/357
f 445/354/53 442/351/359 440/349/357
f 446/355/362 432/341/349 433/340/348
f 447/356/363 446/355/362 433/340/348
f 433/340/348 436/345/353 447/356/363
f 436/345/353 448/357/364 447/356/363
f 449/358/365 446/355/362 447/356/363
f 450/359/366 449/358/365 447/356/363
f 447/356/363 448/357/364 450/359/366
f 448/357/364 451/360/61 450/359/366
f 454/361/238 453/362/367 452/358/368
f 452/358/368 455/359/369 454/361/238
f 455/359/369 456/360/370 454/361/238
f 472/384/385 473/385/386 475/386/388
f 479/388/390 478/389/391 477/390/390
f 478/389/391 480/386/392 477/390/390
f 478/389/393 482/391/394 481/386/395
f 482/391/394 483/392/396 481/386/395
f 482/391/394 484/393/397 483/392/396
f 484/393/397 485/394/397 483/392/396
f 509/411/412 508/412/413 507/413/414
f 508/412/413 510/414/414 507/413/414
f 511/415/415 508/412/413 509/411/412
f 512/416/416 511/415/415 509/411/412
f 513/417/417 511/415/415 512/416/416
f 514/418/418 513/417/417 512/416/416
f 517/419/419 516/253/419 515/261/419
f 516/253/419 518/251/420 515/261/419
f 521/420/421 520/244/421 519/247/421
f 524/244/421 523/41/421 522/247/421
f 526/245/422 524/244/422 525/420/422
f 527/421/422 526/245/422 525/420/422
f 530/422/421 529/423/421 528/424/422
f 529/423/421 531/425/422 528/424/422
f 534/426/250 533/427/403 532/428/423
f 533/427/403 535/429/424 532/428/423
f 532/428/423 536/430/425 534/426/250
f 536/430/425 537/431/425 534/426/250
f 538/432/425 534/426/250 537/431/425
f 539/433/403 538/432/425 537/431/425
f 533/427/403 540/434/426 535/429/424
f 534/426/250 538/432/425 541/435/427
f 542/436/428 534/426/250 541/435/427
f 541/435/427 543/437/429 542/436/428
f 543/437/429 544/438/430 542/436/428
f 535/429/424 540/434/426 545/439/431
f 535/429/424 545/439/431 532/428/423
f 534/426/250 546/440/432 533/427/403
f 546/440/432 547/441/433 533/427/403
f 533/427/403 547/441/433 540/434/426
f 538/432/425 539/433/403 548/442/434
f 549/443/405 548/442/434 539/433/403
f 550/444/405 549/443/405 539/433/403
f 551/445/405 549/443/405 550/444/405
f 552/276/405 551/445/405 550/444/405
f 553/446/435 538/432/425 548/442/434
f 554/435/436 538/432/425 553/446/435
f 555/437/437 554/435/436 553/446/435
f 553/446/435 556/447/438 555/437/437
f 558/448/90 546/440/432 557/436/439
f 557/436/439 559/438/440 558/448/90
f 546/440/432 534/426/250 557/436/439
f 559/438/440 560/449/14 558/448/90
f 560/449/14 561/450/14 558/448/90
f 564/437/441 563/451/442 562/438/443
f 563/451/442 565/449/444 562/438/443
f 568/220/445 567/452/445 566/221/445
f 571/96/446 570/61/446 569/326/446
f 570/61/446 572/324/446 569/326/446
f 575/352/447 574/453/448 573/354/449
f 574/453/448 576/454/449 573/354/449
f 577/455/450 574/453/448 575/352/447
f 578/353/450 577/455/450 575/352/447
f 581/257/451 580/456/451 579/255/452
f 580/456/451 582/457/453 579/255/452
f 579/255/452 582/457/453 583/258/454
f 582/457/453 584/458/455 583/258/454
f 583/258/454 584/458/455 585/259/456
f 584/458/455 586/459/456 585/259/456
f 585/259/456 586/459/456 587/270/456
f 586/459/456 588/460/456 587/270/456
f 587/270/456 588/460/456 589/271/457
f 588/460/456 590/461/458 589/271/457
f 593/462/459 592/325/459 591/463/459
f 596/328/460 595/463/460 594/325/460
f 599/257/461 598/464/462 597/456/463
f 598/464/462 600/464/463 597/456/463
f 598/464/462 601/465/462 600/464/463
f 601/465/462 602/465/463 600/464/463
f 601/465/462 603/466/462 602/465/463
f 603/466/462 604/466/463 602/465/463
f 604/466/463 603/466/462 605/465/463
f 603/466/462 606/465/462 605/465/463
f 605/465/463 606/465/462 607/464/463
f 606/465/462 608/464/462 607/464/463
f 607/464/463 608/464/462 609/456/463
f 608/464/462 610/257/464 609/456/463
f 613/82/465 612/467/466 611/83/467
f 612/467/466 614/468/467 611/83/467
f 611/83/467 614/468/467 615/84/468
f 614/468/467 616/469/469 615/84/468
f 615/84/468 616/469/469 617/85/470
f 616/469/469 618/470/471 617/85/470
f 621/256/470 620/471/472 619/257/473
f 620/471/472 622/472/474 619/257/473
f 619/257/473 622/472/474 623/464/475
f 622/472/474 624/473/476 623/464/475
f 623/464/475 624/473/476 625/465/475
f 624/473/476 626/474/477 625/465/475
f 625/465/475 626/474/477 627/466/475
f 626/474/477 628/475/477 627/466/475
f 631/467/478 630/476/478 629/468/479
f 630/476/478 632/477/480 629/468/479
f 629/468/479 632/477/480 633/469/481
f 632/477/480 634/478/482 633/469/481
f 633/469/481 634/478/482 635/470/483
f 634/478/482 636/479/484 635/470/483
f 639/480/485 638/481/486 637/471/487
f 638/481/486 640/472/488 637/471/487
f 640/472/488 638/481/486 641/473/489
f 638/481/486 642/482/490 641/473/489
f 641/473/489 642/482/490 643/474/491
f 642/482/490 644/483/492 643/474/491
f 643/474/491 644/483/492 645/475/493
f 644/483/492 646/484/494 645/475/493
f 638/481/486 647/485/495 642/482/490
f 647/485/495 648/486/496 642/482/490
f 642/482/490 648/486/496 644/483/492
f 648/486/496 649/487/497 644/483/492
f 644/483/492 649/487/497 646/484/494
f 649/487/497 650/488/498 646/484/494
f 651/485/499 638/481/486 639/480/485
f 654/489/500 653/489/501 652/490/502
f 653/489/501 655/491/500 652/490/502
f 658/492/503 657/493/504 656/492/505
f 657/493/504 659/494/503 656/492/505
f 662/489/506 661/495/507 660/491/506
f 661/495/507 663/496/508 660/491/506
f 663/496/508 661/495/507 664/492/509
f 665/494/510 663/496/508 664/492/509
f 662/489/506 666/495/506 660/491/506
f 667/496/506 660/491/506 666/495/506
f 665/494/510 668/496/510 664/492/510
f 669/495/510 664/492/510 668/496/510
f 672/232/511 671/497/512 670/233/513
f 671/497/512 673/498/514 670/233/513
f 670/233/513 673/498/514 674/234/515
f 673/498/514 675/499/516 674/234/515
f 676/500/517 671/497/512 672/232/511
f 677/236/518 676/500/517 672/232/511
f 674/234/515 675/499/516 678/243/519
f 675/499/516 679/501/520 678/243/519
f 682/361/519 681/502/521 680/362/522
f 681/502/521 683/503/522 680/362/522
f 686/504/522 685/389/523 684/451/523
f 685/389/523 686/504/522 687/391/522
f 686/504/522 688/505/522 687/391/522
f 687/391/522 688/505/522 689/393/522
f 688/505/522 690/506/522 689/393/522
f 684/451/523 685/389/523 691/449/522
f 691/449/522 685/389/523 692/507/522
f 685/389/523 693/388/522 692/507/522
f 686/504/522 684/451/523 694/508/522
f 691/449/522 692/507/522 695/450/522
f 698/447/524 697/508/525 696/437/524
f 697/508/525 699/451/525 696/437/524
f 702/509/526 701/510/398 700/511/400
f 701/510/398 703/512/253 700/511/400
f 700/511/400 703/512/253 704/513/527
f 703/512/253 705/514/434 704/513/527
f 704/513/527 705/514/434 706/515/214
f 705/514/434 707/516/214 706/515/214
f 706/515/214 707/516/214 708/517/528
f 707/516/214 709/518/528 708/517/528
f 708/517/528 709/518/528 710/519/449
f 709/518/528 711/520/529 710/519/449
f 701/510/398 712/521/530 703/512/253
f 712/521/530 713/522/253 703/512/253
f 703/512/253 713/522/253 705/514/434
f 713/522/253 714/523/531 705/514/434
f 705/514/434 714/523/531 707/516/214
f 714/523/531 715/524/214 707/516/214
f 707/516/214 715/524/214 709/518/528
f 715/524/214 716/525/528 709/518/528
f 709/518/528 716/525/528 711/520/529
f 716/525/528 717/526/529 711/520/529
f 720/527/532 719/528/533 718/529/534
f 719/528/533 721/530/533 718/529/534
f 719/528/533 722/531/535 721/530/533
f 722/531/535 723/532/536 721/530/533
f 722/531/535 724/533/535 723/532/536
f 724/533/535 725/534/536 723/532/536
f 719/528/533 726/535/534 722/531/535
f 726/535/534 727/536/533 722/531/535
f 722/531/535 727/536/533 724/533/535
f 727/536/533 728/537/533 724/533/535
f 720/527/532 729/538/214 719/528/533
f 729/538/214 726/535/534 719/528/533
f 732/539/537 731/540/538 730/353/539
f 731/540/538 733/541/540 730/353/539
f 734/542/541 731/540/538 732/539/537
f 735/543/542 734/542/541 732/539/537
f 736/544/543 734/542/541 735/543/542
f 737/545/544 734/542/541 736/544/543
f 739/547/544 737/545/544 738/548/544
f 743/550/545 742/551/546 741/552/547
f 755/567/546 754/568/545 756/569/547
f 759/552/553 758/551/553 757/570/553
f 762/571/554 761/572/555 760/573/555
f 760/573/555 763/574/556 762/571/554
f 763/574/556 764/575/557 762/571/554
f 764/575/557 763/574/556 765/576/558
f 766/577/559 764/575/557 765/576/558
f 767/578/560 766/577/559 765/576/558
f 768/579/561 766/577/559 767/578/560
f 769/580/562 768/579/561 767/578/560
f 768/579/561 769/580/562 770/581/563
f 771/582/564 768/579/561 770/581/563
f 770/581/563 772/583/565 771/582/564
f 773/584/566 771/582/564 772/583/565
f 772/583/565 774/585/567 773/584/566
f 774/585/567 775/586/568 773/584/566
f 773/584/566 775/586/568 776/587/569
f 776/587/569 775/586/568 777/588/570
f 775/586/568 778/589/571 777/588/570
f 775/586/568 779/590/572 778/589/571
f 779/590/572 780/591/573 778/589/571
f 774/585/567 781/592/574 775/586/568
f 781/592/574 779/590/572 775/586/568
f 779/590/572 782/593/572 780/591/573
f 782/593/572 783/594/573 780/591/573
f 781/592/574 784/595/574 779/590/572
f 784/595/574 782/593/572 779/590/572
f 782/593/572 785/596/575 783/594/573
f 785/596/575 786/597/576 783/594/573
f 784/595/574 787/598/574 782/593/572
f 787/598/574 785/596/575 782/593/572
f 790/534/577 789/599/577 788/600/578
f 789/599/577 791/601/578 788/600/578
f 788/600/578 791/601/578 792/602/579
f 791/601/578 793/603/580 792/602/579
f 794/604/581 792/602/579 793/603/580
f 795/605/582 794/604/581 793/603/580
f 796/606/581 794/604/581 795/605/582
f 799/607/583 798/608/584 797/592/585
f 798/608/584 800/595/585 797/592/585
f 801/609/586 798/608/584 799/607/583
f 802/610/587 801/609/586 799/607/583
f 801/609/586 802/610/587 803/611/588
f 804/612/589 801/609/586 803/611/588
f 798/608/584 805/613/584 800/595/585
f 805/613/584 806/598/590 800/595/585
f 801/609/586 807/614/591 798/608/584
f 807/614/591 805/613/584 798/608/584
f 804/612/589 808/615/592 801/609/586
f 808/615/592 807/614/591 801/609/586
f 804/612/589 809/616/593 808/615/592
f 809/616/593 810/617/594 808/615/592
f 803/611/588 811/618/595 804/612/589
f 811/618/595 809/616/593 804/612/589
f 814/587/596 813/588/597 812/619/598
f 813/588/597 815/620/599 812/619/598
f 816/621/600 812/619/598 815/620/599
f 816/621/600 817/622/601 812/619/598
f 817/622/601 818/623/602 812/619/598
f 819/624/603 816/621/600 815/620/599
f 820/625/604 819/624/603 815/620/599
f 820/625/604 815/620/599 821/626/605
f 822/627/606 820/625/604 821/626/605
f 821/626/605 823/628/607 822/627/606
f 813/588/597 824/589/608 815/620/599
f 824/589/608 821/626/605 815/620/599
f 824/589/608 825/591/609 821/626/605
f 825/591/609 823/628/607 821/626/605
f 822/627/606 823/628/607 826/629/610
f 823/628/607 827/630/611 826/629/610
f 823/628/607 825/591/609 828/594/612
f 823/628/607 828/594/612 829/631/612
f 829/631/612 830/632/613 823/628/607
f 827/630/611 823/628/607 830/632/613
f 831/633/614 827/630/611 830/632/613
f 828/594/612 832/597/615 829/631/612
f 832/597/615 833/634/615 829/631/612
f 830/632/613 834/635/616 831/633/614
f 834/635/616 835/636/616 831/633/614
f 838/637/617 837/638/618 836/632/617
f 837/638/618 839/635/619 836/632/617
f 842/639/620 841/640/621 840/634/622
f 841/640/621 843/631/621 840/634/622
f 846/640/623 845/639/624 844/637/625
f 845/639/624 847/638/626 844/637/625
f 850/637/627 849/632/628 848/640/629
f 849/632/628 851/631/630 848/640/629
f 854/601/631 853/641/631 852/603/631
f 853/641/631 855/642/631 852/603/631
f 856/599/631 853/641/631 854/601/631
f 859/599/631 858/599/631 857/601/632
f 858/599/631 859/599/631 860/601/633
f 863/142/634 862/643/635 861/177/635
f 864/644/636 862/643/635 863/142/634
f 865/143/637 864/644/636 863/142/634
f 866/645/638 864/644/636 865/143/637
f 867/166/638 866/645/638 865/143/637
f 868/646/639 866/645/638 867/166/638
f 869/167/640 868/646/639 867/166/638
f 870/647/641 868/646/639 869/167/640
f 871/168/642 870/647/641 869/167/640
f 874/622/643 873/648/644 872/623/645
f 873/648/644 875/649/646 872/623/645
f 876/650/647 873/648/644 874/622/643
f 879/630/648 878/651/575 877/629/649
f 878/651/575 880/652/649 877/629/649
f 881/653/650 878/651/575 879/630/648
f 882/633/650 881/653/650 879/630/648
f 883/654/650 881/653/650 882/633/650
f 884/636/650 883/654/650 882/633/650
f 887/644/651 886/655/652 885/643/653
f 886/655/652 888/656/654 885/643/653
f 889/657/655 886/655/652 887/644/651
f 890/645/656 889/657/655 887/644/651
f 891/658/657 889/657/655 890/645/656
f 892/646/658 891/658/657 890/645/656
f 893/659/659 891/658/657 892/646/658
f 894/647/660 893/659/659 892/646/658
f 897/648/661 896/660/662 895/649/663
f 898/661/664 896/660/662 897/648/661
f 899/650/665 898/661/664 897/648/661
f 896/660/662 901/662/666 900/649/663
f 904/651/667 903/663/668 902/652/669
f 903/663/668 905/664/670 902/652/669
f 906/665/671 903/663/668 904/651/667
f 907/653/671 906/665/671 904/651/667
f 908/666/672 906/665/671 907/653/671
f 909/654/673 908/666/672 907/653/671
f 912/627/674 911/667/675 910/625/676
f 911/667/675 913/668/676 910/625/676
f 910/625/676 913/668/676 914/624/677
f 913/668/676 915/669/678 914/624/677
f 914/624/677 915/669/678 916/621/679
f 915/669/678 917/670/679 916/621/679
f 916/621/679 917/670/679 918/622/680
f 917/670/679 919/650/681 918/622/680
f 920/652/682 911/667/675 912/627/674
f 921/629/682 920/652/682 912/627/674
f 924/671/683 923/672/684 922/673/685
f 923/672/684 925/674/685 922/673/685
f 928/664/686 927/664/686 926/652/687
f 926/652/175 930/667/688 929/667/689
f 933/664/686 932/667/688 931/652/687
f 936/675/689 935/676/688 934/677/690
f 935/676/688 937/678/690 934/677/690
f 934/677/690 937/678/690 938/679/520
f 937/678/690 939/680/691 938/679/520
f 938/679/520 939/680/691 940/681/692
f 939/680/691 941/682/693 940/681/692
f 940/681/692 941/682/693 942/671/694
f 941/682/693 943/672/695 942/671/694
f 946/667/696 945/664/696 944/661/696
f 944/661/696 947/668/696 946/667/696
f 944/661/696 948/669/696 947/668/696
f 944/661/696 949/670/696 948/669/696
f 944/661/696 950/650/696 949/670/696
f 953/485/697 952/481/697 951/485/697
f 956/683/500 955/683/501 954/684/502
f 955/683/501 957/685/500 954/684/502
f 960/683/506 959/466/507 958/685/506
f 959/466/507 961/271/698 958/685/506
f 960/683/506 962/466/699 958/685/700
f 963/271/506 958/685/700 962/466/699
f 966/683/503 965/684/504 964/683/505
f 965/684/504 967/685/503 964/683/505
f 970/683/509 969/685/509 968/466/507
f 969/685/509 971/271/507 968/466/507
f 970/683/509 969/685/701 972/466/702
f 973/271/509 972/466/702 969/685/701
f 976/489/500 975/489/500 974/490/500
f 979/492/503 978/493/503 977/492/503
f 982/18/703 981/16/704 980/17/703
f 981/16/704 983/15/705 980/17/703
f 984/19/706 983/15/705 981/16/704
f 981/16/704 985/20/707 984/19/706
f 985/20/707 986/21/708 984/19/706
f 985/20/707 987/22/709 986/21/708
f 982/18/703 980/17/703 988/23/710
f 989/24/710 982/18/703 988/23/710
f 989/24/710 988/23/710 990/25/711
f 991/26/711 989/24/710 990/25/711
f 991/26/711 990/25/711 992/27/710
f 993/28/710 991/26/711 992/27/710
f 993/28/710 992/27/710 994/29/712
f 995/30/712 993/28/710 994/29/712
f 983/15/705 984/19/706 996/31/713
f 983/15/705 996/31/713 997/32/714
f 998/17/715 983/15/705 997/32/714
f 984/19/706 999/33/716 996/31/713
f 998/17/715 997/32/714 1000/34/717
f 1001/23/718 998/17/715 1000/34/717
f 1001/23/718 1000/34/717 1002/35/719
f 1003/25/720 1001/23/718 1002/35/719
f 1003/25/720 1002/35/719 1004/36/721
f 1005/27/722 1003/25/720 1004/36/721
f 1005/27/722 1004/36/721 1006/37/723
f 1007/29/724 1005/27/722 1006/37/723
f 1006/37/723 1008/38/725 1007/29/724
f 1008/38/725 1009/39/726 1007/29/724
f 1008/38/725 1010/40/727 1009/39/726
f 1010/40/727 1008/38/725 1011/41/728
f 1012/42/729 1010/40/727 1011/41/728
f 1013/43/730 1008/38/725 1006/37/723
f 1008/38/725 1013/43/730 1011/41/728
f 1014/44/731 1013/43/730 1006/37/723
f 1014/44/731 1006/37/723 1004/36/721
f 1015/45/732 1014/44/731 1004/36/721
f 1015/45/732 1004/36/721 1002/35/719
f 1016/46/733 1015/45/732 1002/35/719
f 1016/46/733 1002/35/719 1000/34/717
f 1017/47/734 1016/46/733 1000/34/717
f 1018/48/735 1017/47/734 1000/34/717
f 1000/34/717 997/32/714 1018/48/735
f 997/32/714 1019/49/736 1018/48/735
f 1019/49/736 997/32/714 996/31/713
f 1020/50/737 1019/49/736 996/31/713
f 996/31/713 999/33/716 1020/50/737
f 999/33/716 1021/51/738 1020/50/737
f 1013/43/730 1014/44/731 1022/54/739
f 1011/41/728 1013/43/730 1022/54/739
f 1014/44/731 1023/55/740 1022/54/739
f 1015/45/732 1024/56/741 1014/44/731
f 1024/56/741 1015/45/732 1016/46/733
f 1024/56/741 1025/64/742 1014/44/731
f 1014/44/731 1025/64/742 1023/55/740
f 1026/57/743 1024/56/741 1016/46/733
f 1024/56/741 1026/57/743 1025/64/742
f 1016/46/733 1027/58/744 1026/57/743
f 1017/47/734 1018/48/735 1028/52/745
f 1029/59/746 1017/47/734 1028/52/745
f 1017/47/734 1029/59/746 1016/46/733
f 1029/59/746 1027/58/744 1016/46/733
f 1028/52/745 1030/60/747 1029/59/746
f 1030/60/747 1031/61/748 1029/59/746
f 1020/50/737 1021/51/738 1032/53/749
f 1021/51/738 1033/63/750 1032/53/749
f 1028/52/745 1034/62/751 1030/60/747
f 1025/64/742 1035/65/752 1023/55/740
f 1025/64/742 1036/66/753 1035/65/752
f 1026/57/743 1036/66/753 1025/64/742
f 1036/66/753 1037/67/754 1035/65/752
f 1037/67/754 1038/68/755 1035/65/752
f 1040/62/756 1039/52/757 1032/53/749
f 1039/52/757 1018/48/735 1019/49/736
f 1042/70/758 1041/69/759 1012/42/760
f 1041/69/759 1043/40/759 1012/42/760
f 1041/69/759 1044/71/761 1043/40/759
f 1044/71/761 1045/39/762 1043/40/759
f 1045/39/762 1044/71/761 995/30/712
f 994/29/712 1045/39/762 995/30/712
f 1012/42/760 1046/72/763 1042/70/758
f 1046/72/763 1047/73/764 1042/70/758
f 1012/42/760 1048/74/765 1046/72/763
f 1049/75/766 1047/73/764 1046/72/763
f 1050/76/767 1049/75/766 1046/72/763
f 1051/77/768 1046/72/763 1048/74/765
f 1052/78/769 1051/77/768 1048/74/765
f 1051/77/768 1053/79/770 1046/72/763
f 1053/79/770 1050/76/767 1046/72/763
f 1054/80/771 1051/77/768 1052/78/769
f 1054/80/771 1053/79/770 1051/77/768
f 1055/81/772 1054/80/771 1052/78/769
f 1056/82/773 1049/75/766 1050/76/767
f 1057/83/774 1056/82/773 1050/76/767
f 1057/83/774 1050/76/767 1053/79/770
f 1058/84/775 1057/83/774 1053/79/770
f 1058/84/775 1053/79/770 1054/80/771
f 1059/85/776 1058/84/775 1054/80/771
f 1062/686/749 1061/687/757 1060/688/737
f 1061/687/757 1063/689/777 1060/688/737
f 987/22/709 985/20/707 1064/87/778
f 985/20/707 1065/86/779 1064/87/778
f 1066/88/779 987/22/709 1064/87/778
f 1067/89/779 1066/88/779 1064/87/778
f 1070/21/780 1069/63/780 1068/51/780
f 1068/51/780 1071/33/780 1070/21/780
f 1071/33/780 1072/19/780 1070/21/780
f 1075/93/781 1074/91/782 1073/92/783
f 1074/91/782 1076/90/782 1073/92/783
f 1075/93/781 1073/92/783 1077/94/773
f 1078/95/773 1075/93/781 1077/94/773
f 1081/99/784 1080/97/785 1079/98/786
f 1080/97/785 1082/96/787 1079/98/786
f 1081/99/784 1079/98/786 1083/100/788
f 1084/101/788 1081/99/784 1083/100/788
f 1087/103/711 1086/101/789 1085/102/711
f 1086/101/789 1088/100/789 1085/102/711
f 1087/103/711 1085/102/711 1089/104/790
f 1090/105/710 1087/103/711 1089/104/790
f 1093/91/791 1092/105/791 1091/90/792
f 1092/105/791 1094/104/791 1091/90/792
f 1097/109/793 1096/107/794 1095/108/795
f 1096/107/794 1098/106/796 1095/108/795
f 1099/110/797 1096/107/794 1097/109/793
f 1100/111/798 1099/110/797 1097/109/793
f 1101/112/799 1099/110/797 1100/111/798
f 1102/113/799 1101/112/799 1100/111/798
f 1103/114/800 1101/112/799 1102/113/799
f 1104/115/801 1103/114/800 1102/113/799
f 1105/116/802 1103/114/800 1104/115/801
f 1106/117/803 1105/116/802 1104/115/801
f 1107/118/804 1105/116/802 1106/117/803
f 1108/119/805 1107/118/804 1106/117/803
f 1107/118/804 1109/120/806 1105/116/802
f 1110/121/807 1107/118/804 1108/119/805
f 1107/118/804 1110/121/807 1109/120/806
f 1109/120/806 1110/121/807 1111/122/808
f 1111/122/808 1112/123/809 1109/120/806
f 1112/123/809 1105/116/802 1109/120/806
f 1113/114/810 1105/116/802 1112/123/809
f 1112/123/809 1114/106/811 1113/114/810
f 1114/106/811 1115/112/812 1113/114/810
f 1114/106/811 1116/110/812 1115/112/812
f 1114/106/811 1117/107/813 1116/110/812
f 1119/124/814 1110/121/807 1118/119/815
f 1118/119/815 1120/125/816 1119/124/814
f 1120/125/816 1121/126/817 1119/124/814
f 1122/127/818 1121/126/817 1120/125/816
f 1121/126/817 1122/127/818 1123/128/819
f 1124/129/820 1121/126/817 1123/128/819
f 1125/130/821 1121/126/817 1124/129/820
f 1121/126/817 1125/130/821 1119/124/814
f 1126/131/822 1125/130/821 1124/129/820
f 1127/132/823 1125/130/821 1126/131/822
f 1128/133/824 1127/132/823 1126/131/822
f 1129/134/825 1127/132/823 1128/133/824
f 1130/135/826 1129/134/825 1128/133/824
f 1131/136/827 1129/134/825 1130/135/826
f 1132/137/828 1131/136/827 1130/135/826
f 1133/138/829 1131/136/827 1132/137/828
f 1134/139/830 1133/138/829 1132/137/828
f 1135/140/831 1133/138/829 1134/139/830
f 1136/141/832 1135/140/831 1134/139/830
f 1136/141/832 1137/142/833 1135/140/831
f 1135/140/831 1137/142/833 1138/143/834
f 1139/144/835 1135/140/831 1138/143/834
f 1135/140/831 1139/144/835 1133/138/829
f 1139/144/835 1140/145/836 1133/138/829
f 1131/136/827 1133/138/829 1140/145/836
f 1139/144/835 1141/146/837 1140/145/836
f 1142/147/838 1131/136/827 1140/145/836
f 1129/134/825 1131/136/827 1142/147/838
f 1143/148/839 1129/134/825 1142/147/838
f 1127/132/823 1129/134/825 1143/148/839
f 1144/149/840 1127/132/823 1143/148/839
f 1142/147/838 1140/145/836 1145/154/841
f 1142/147/838 1145/154/841 1146/159/842
f 1144/149/840 1143/148/839 1146/159/842
f 1143/148/839 1142/147/838 1146/159/842
f 1145/154/841 1147/156/843 1146/159/842
f 1147/156/843 1145/154/841 1148/155/844
f 1149/157/845 1147/156/843 1148/155/844
f 1149/157/845 1148/155/844 1150/158/846
f 1151/153/847 1148/155/844 1145/154/841
f 1148/155/844 1151/153/847 1150/158/846
f 1152/150/848 1151/153/847 1145/154/841
f 1140/145/836 1152/150/848 1145/154/841
f 1140/145/836 1141/146/837 1152/150/848
f 1153/152/849 1151/153/847 1152/150/848
f 1154/151/850 1153/152/849 1152/150/848
f 1141/146/837 1154/151/850 1152/150/848
f 1154/151/850 1141/146/837 1139/144/835
f 1155/160/851 1154/151/850 1139/144/835
f 1153/152/849 1154/151/850 1155/160/851
f 1156/161/852 1153/152/849 1155/160/851
f 1151/153/847 1153/152/849 1157/162/853
f 1156/161/852 1157/162/853 1153/152/849
f 1157/162/853 1156/161/852 1158/163/854
f 1159/164/855 1157/162/853 1158/163/854
f 1160/165/856 1151/153/847 1157/162/853
f 1151/153/847 1160/165/856 1150/158/846
f 1155/160/851 1139/144/835 1138/143/834
f 1161/166/857 1155/160/851 1138/143/834
f 1155/160/851 1161/166/857 1156/161/852
f 1158/163/854 1156/161/852 1162/167/858
f 1161/166/857 1162/167/858 1156/161/852
f 1163/168/859 1158/163/854 1162/167/858
f 1166/170/703 1165/129/703 1164/169/860
f 1165/129/703 1167/128/861 1164/169/860
f 1168/131/862 1165/129/703 1166/170/703
f 1169/171/863 1168/131/862 1166/170/703
f 1170/133/864 1168/131/862 1169/171/863
f 1171/172/865 1170/133/864 1169/171/863
f 1172/135/866 1170/133/864 1171/172/865
f 1173/173/866 1172/135/866 1171/172/865
f 1174/137/867 1172/135/866 1173/173/866
f 1175/174/867 1174/137/867 1173/173/866
f 1176/139/868 1174/137/867 1175/174/867
f 1177/175/868 1176/139/868 1175/174/867
f 1178/141/869 1176/139/868 1177/175/868
f 1179/176/870 1178/141/869 1177/175/868
f 1180/142/871 1178/141/869 1179/176/870
f 1181/177/871 1180/142/871 1179/176/870
f 1164/169/860 1167/128/861 1182/178/872
f 1183/179/873 1164/169/860 1182/178/872
f 1183/179/873 1182/178/872 1184/180/874
f 1185/181/875 1183/179/873 1184/180/874
f 1184/180/874 1182/178/872 1186/182/876
f 1182/178/872 1187/183/877 1186/182/876
f 1182/178/872 1123/128/819 1187/183/877
f 1123/128/819 1122/127/818 1187/183/877
f 1187/183/877 1188/184/878 1186/182/876
f 1188/184/878 1187/183/877 1122/127/818
f 1188/184/878 1189/185/879 1186/182/876
f 1184/180/874 1189/185/879 1185/181/875
f 1186/182/876 1189/185/879 1184/180/874
f 1190/186/880 1188/184/878 1122/127/818
f 1190/186/880 1122/127/818 1120/125/816
f 1185/181/875 1189/185/879 1191/187/881
f 1189/185/879 1192/188/783 1191/187/881
f 1192/188/783 1189/185/879 1193/108/882
f 1189/185/879 1194/109/883 1193/108/882
f 1195/111/884 1194/109/883 1189/185/879
f 1195/111/884 1189/185/879 1196/113/885
f 1189/185/879 1188/184/878 1196/113/885
f 1197/115/886 1196/113/885 1188/184/878
f 1197/115/886 1188/184/878 1190/186/880
f 1190/186/880 1120/125/816 1198/117/887
f 1198/117/887 1197/115/886 1190/186/880
f 1118/119/815 1198/117/887 1120/125/816
f 1119/124/814 1125/130/821 1199/189/888
f 1125/130/821 1127/132/823 1199/189/888
f 1200/190/889 1199/189/888 1127/132/823
f 1110/121/807 1119/124/814 1199/189/888
f 1199/189/888 1200/190/889 1201/191/890
f 1202/192/891 1199/189/888 1201/191/890
f 1203/121/892 1199/189/888 1202/192/891
f 1204/193/893 1203/121/892 1202/192/891
f 1203/121/892 1204/193/893 1205/194/894
f 1204/193/893 1206/195/895 1205/194/894
f 1206/195/895 1207/196/896 1205/194/894
f 1208/122/892 1203/121/892 1205/194/894
f 1202/192/891 1209/197/897 1204/193/893
f 1209/197/897 1206/195/895 1204/193/893
f 1201/191/890 1210/198/898 1202/192/891
f 1210/198/898 1209/197/897 1202/192/891
f 1211/199/899 1210/198/898 1201/191/890
f 1212/200/900 1211/199/899 1201/191/890
f 1212/200/900 1201/191/890 1144/149/840
f 1201/191/890 1200/190/889 1144/149/840
f 1127/132/823 1144/149/840 1200/190/889
f 1144/149/840 1213/159/901 1212/200/900
f 1214/201/902 1211/199/899 1212/200/900
f 1215/202/903 1214/201/902 1212/200/900
f 1215/202/903 1212/200/900 1213/159/901
f 1216/156/904 1215/202/903 1213/159/901
f 1217/203/905 1214/201/902 1215/202/903
f 1218/204/906 1217/203/905 1215/202/903
f 1218/204/906 1215/202/903 1216/156/904
f 1219/157/907 1218/204/906 1216/156/904
f 1222/208/908 1221/206/909 1220/207/908
f 1221/206/909 1223/205/909 1220/207/908
f 1224/209/910 1222/208/908 1220/207/908
f 1225/210/910 1224/209/910 1220/207/908
f 1226/211/214 1224/209/910 1225/210/910
f 1227/212/214 1226/211/214 1225/210/910
f 1228/213/214 1226/211/214 1227/212/214
f 1229/214/214 1228/213/214 1227/212/214
f 1230/215/214 1228/213/214 1229/214/214
f 1231/216/214 1230/215/214 1229/214/214
f 1232/217/911 1223/205/909 1221/206/909
f 1233/218/912 1232/217/911 1221/206/909
f 1234/219/913 1232/217/911 1233/218/912
f 1235/220/219 1232/217/911 1234/219/913
f 1236/221/914 1235/220/219 1234/219/913
f 1237/222/214 1226/211/214 1228/213/214
f 1238/223/214 1237/222/214 1228/213/214
f 1241/233/915 1240/232/916 1239/55/917
f 1240/232/916 1242/54/918 1239/55/917
f 1241/233/915 1239/55/917 1243/65/919
f 1244/234/920 1241/233/915 1243/65/919
f 1245/235/921 1242/54/918 1240/232/916
f 1246/236/922 1245/235/921 1240/232/916
f 1247/237/923 1245/235/921 1246/236/922
f 1248/238/924 1247/237/923 1246/236/922
f 1249/239/925 1247/237/923 1248/238/924
f 1250/240/926 1249/239/925 1248/238/924
f 1251/241/927 1249/239/925 1250/240/926
f 1252/242/928 1251/241/927 1250/240/926
f 1244/234/920 1243/65/919 1253/68/929
f 1254/243/930 1244/234/920 1253/68/929
f 1255/235/931 1011/41/728 1022/54/739
f 1255/235/931 1256/237/932 1011/41/728
f 1257/244/933 1011/41/728 1256/237/932
f 1258/239/933 1257/244/933 1256/237/932
f 1259/245/934 1257/244/933 1258/239/933
f 1260/241/935 1259/245/934 1258/239/933
f 1262/247/936 1261/246/936 1011/41/728
f 1261/246/936 1012/42/729 1011/41/728
f 1265/74/937 1264/42/938 1263/246/939
f 1266/78/940 1265/74/937 1263/246/939
f 1267/248/941 1266/78/940 1263/246/939
f 1268/81/942 1266/78/940 1267/248/941
f 1269/249/943 1268/81/942 1267/248/941
f 1272/253/252 1271/251/252 1270/252/944
f 1274/251/945 1273/250/942 1270/252/253
f 1277/251/946 1276/255/947 1275/250/772
f 1276/255/947 1278/254/948 1275/250/772
f 1279/256/949 1278/254/948 1276/255/947
f 1280/257/950 1279/256/949 1276/255/947
f 1281/258/951 1276/255/947 1277/251/946
f 1282/259/952 1281/258/951 1277/251/946
f 1283/260/953 1282/259/952 1277/251/946
f 1284/261/954 1283/260/953 1277/251/946
f 1283/260/953 1284/261/954 1285/262/955
f 1285/262/955 1284/261/954 1286/263/956
f 1284/261/954 1287/264/956 1286/263/956
f 1288/265/957 1283/260/953 1285/262/955
f 1289/266/958 1283/260/953 1288/265/957
f 1290/267/959 1289/266/958 1288/265/957
f 1291/268/270 1289/266/958 1290/267/959
f 1292/269/271 1291/268/270 1290/267/959
f 1289/266/958 1293/270/960 1283/260/953
f 1293/270/960 1282/259/952 1283/260/953
f 1291/268/270 1294/271/273 1289/266/958
f 1294/271/273 1293/270/960 1289/266/958
f 1297/273/961 1296/262/961 1295/272/928
f 1296/262/961 1298/263/962 1295/272/928
f 1299/265/963 1296/262/961 1297/273/961
f 1300/274/964 1299/265/963 1297/273/961
f 1301/267/277 1299/265/963 1300/274/964
f 1302/275/277 1301/267/277 1300/274/964
f 1303/269/278 1301/267/277 1302/275/277
f 1304/276/278 1303/269/278 1302/275/277
f 1307/278/965 1306/277/966 1305/187/967
f 1306/277/966 1308/181/966 1305/187/967
f 1307/278/965 1305/187/967 1309/95/968
f 1310/279/969 1307/278/965 1309/95/968
f 1311/94/970 1310/279/969 1309/95/968
f 1312/88/971 1310/279/969 1311/94/970
f 1313/280/972 1310/279/969 1312/88/971
f 1314/89/973 1313/280/972 1312/88/971
f 1317/282/974 1316/281/974 1315/278/974
f 1316/281/974 1318/277/974 1315/278/974
f 1319/283/975 1317/282/974 1315/278/974
f 1320/279/975 1319/283/975 1315/278/974
f 1321/284/976 1319/283/975 1320/279/975
f 1322/280/977 1321/284/976 1320/279/975
f 1323/86/978 1321/284/976 1322/280/977
f 1324/87/979 1323/86/978 1322/280/977
f 1327/89/980 1326/87/980 1325/280/980
f 1330/288/981 1329/286/982 1328/287/981
f 1329/286/982 1331/285/982 1328/287/981
f 1332/289/983 1331/285/982 1329/286/982
f 1333/290/984 1332/289/983 1329/286/982
f 1333/290/984 1334/291/985 1332/289/983
f 1334/291/985 1335/292/986 1332/289/983
f 1334/291/985 1336/293/987 1335/292/986
f 1336/293/987 1337/294/904 1335/292/986
f 1338/295/988 1337/294/904 1336/293/987
f 1339/296/989 1338/295/988 1336/293/987
f 1340/297/990 1338/295/988 1339/296/989
f 1341/298/991 1340/297/990 1339/296/989
f 1342/299/992 1340/297/990 1341/298/991
f 1343/300/992 1342/299/992 1341/298/991
f 1344/301/993 1342/299/992 1343/300/992
f 1345/302/993 1344/301/993 1343/300/992
f 1346/303/994 1344/301/993 1345/302/993
f 1347/304/995 1346/303/994 1345/302/993
f 1346/303/994 1347/304/995 1348/305/996
f 1347/304/995 1349/306/997 1348/305/996
f 1348/305/996 1349/306/997 1350/307/998
f 1349/306/997 1351/308/999 1350/307/998
f 1350/307/998 1351/308/999 1328/287/981
f 1351/308/999 1330/288/981 1328/287/981
f 1352/309/1000 1346/303/994 1348/305/996
f 1354/311/1001 1353/310/1002 1340/297/990
f 1355/312/1003 1353/310/1002 1354/311/1001
f 1356/313/1004 1355/312/1003 1354/311/1001
f 1357/314/1005 1355/312/1003 1356/313/1004
f 1358/315/1006 1357/314/1005 1356/313/1004
f 1359/316/1007 1357/314/1005 1358/315/1006
f 1360/317/1007 1359/316/1007 1358/315/1006
f 1361/318/1008 1359/316/1007 1360/317/1007
f 1362/319/1008 1361/318/1008 1360/317/1007
f 1363/320/1009 1361/318/1008 1362/319/1008
f 1364/321/1010 1363/320/1009 1362/319/1008
f 1365/322/1011 1363/320/1009 1364/321/1010
f 1366/323/1012 1365/322/1011 1364/321/1010
f 1365/322/1011 1366/323/1012 1367/324/1013
f 1366/323/1012 1368/325/1014 1367/324/1013
f 1369/326/1015 1365/322/1011 1367/324/1013
f 1353/310/1002 1338/295/988 1340/297/990
f 1372/328/1016 1371/325/1017 1370/327/1018
f 1371/325/1017 1373/323/1019 1370/327/1018
f 1370/327/1018 1373/323/1019 1374/329/1020
f 1373/323/1019 1375/321/1021 1374/329/1020
f 1374/329/1020 1375/321/1021 1376/330/1022
f 1375/321/1021 1377/319/1023 1376/330/1022
f 1376/330/1022 1377/319/1023 1378/331/1024
f 1377/319/1023 1379/317/1024 1378/331/1024
f 1378/331/1024 1379/317/1024 1380/332/1025
f 1379/317/1024 1381/315/1025 1380/332/1025
f 1380/332/1025 1381/315/1025 1382/333/1026
f 1381/315/1025 1383/313/1026 1382/333/1026
f 1382/333/1026 1383/313/1026 1384/334/1027
f 1383/313/1026 1385/311/1027 1384/334/1027
f 1384/334/1027 1385/311/1027 1386/335/1028
f 1385/311/1027 1387/297/1028 1386/335/1028
f 1386/335/1028 1387/297/1028 1388/336/1029
f 1387/297/1028 1389/299/1030 1388/336/1029
f 1388/336/1029 1389/299/1030 1390/337/1031
f 1389/299/1030 1391/301/1032 1390/337/1031
f 1390/337/1031 1391/301/1032 1392/338/1033
f 1391/301/1032 1393/303/1033 1392/338/1033
f 1392/338/1033 1393/303/1033 1394/339/1034
f 1393/303/1033 1395/309/1034 1394/339/1034
f 1398/343/1035 1397/341/1036 1396/342/1037
f 1397/341/1036 1399/340/1038 1396/342/1037
f 1400/344/1039 1396/342/1037 1399/340/1038
f 1401/345/1040 1400/344/1039 1399/340/1038
f 1398/343/1035 1396/342/1037 1402/346/1041
f 1403/347/1042 1398/343/1035 1402/346/1041
f 1400/344/1039 1404/348/1043 1396/342/1037
f 1404/348/1043 1402/346/1041 1396/342/1037
f 1403/347/1042 1402/346/1041 1405/349/1044
f 1406/350/1045 1403/347/1042 1405/349/1044
f 1404/348/1043 1407/351/1046 1402/346/1041
f 1407/351/1046 1405/349/1044 1402/346/1041
f 1406/350/1045 1405/349/1044 1408/352/1047
f 1409/353/1048 1406/350/1045 1408/352/1047
f 1407/351/1046 1410/354/748 1405/349/1044
f 1410/354/748 1408/352/1047 1405/349/1044
f 1397/341/1036 1411/355/1049 1399/340/1038
f 1411/355/1049 1412/356/1050 1399/340/1038
f 1401/345/1040 1399/340/1038 1412/356/1050
f 1413/357/1051 1401/345/1040 1412/356/1050
f 1411/355/1049 1414/358/1052 1412/356/1050
f 1414/358/1052 1415/359/1053 1412/356/1050
f 1413/357/1051 1412/356/1050 1415/359/1053
f 1416/360/755 1413/357/1051 1415/359/1053
f 1419/361/930 1418/360/1054 1417/359/1055
f 1417/359/1055 1420/358/1056 1419/361/930
f 1420/358/1056 1421/362/1057 1419/361/930
f 1438/385/1073 1437/384/1072 1440/386/1074
f 1444/386/1076 1443/389/1077 1442/390/1078
f 1443/389/1077 1445/388/1079 1442/390/1078
f 1447/391/1080 1443/389/1081 1446/386/1082
f 1448/392/1083 1447/391/1080 1446/386/1082
f 1449/393/397 1447/391/1080 1448/392/1083
f 1450/394/397 1449/393/397 1448/392/1083
f 1474/414/1086 1473/412/1087 1472/413/1088
f 1473/412/1087 1475/411/1089 1472/413/1088
f 1473/412/1087 1476/415/1090 1475/411/1089
f 1476/415/1090 1477/416/1091 1475/411/1089
f 1476/415/1090 1478/417/1092 1477/416/1091
f 1478/417/1092 1479/418/1093 1477/416/1091
f 1482/251/1094 1481/253/1094 1480/261/1094
f 1481/253/1094 1483/419/1095 1480/261/1094
f 1486/41/422 1485/244/422 1484/247/422
f 1485/244/422 1488/245/421 1487/420/422
f 1488/245/421 1489/421/422 1487/420/422
f 1492/244/422 1491/420/422 1490/247/422
f 1495/425/422 1494/423/421 1493/424/422
f 1494/423/421 1496/422/422 1493/424/422
f 1499/429/1096 1498/427/1097 1497/428/423
f 1498/427/1097 1500/426/942 1497/428/423
f 1501/430/425 1497/428/423 1500/426/942
f 1502/431/425 1501/430/425 1500/426/942
f 1500/426/942 1503/432/425 1502/431/425
f 1503/432/425 1504/433/403 1502/431/425
f 1505/434/1098 1498/427/1097 1499/429/1096
f 1503/432/425 1500/426/942 1506/435/1099
f 1500/426/942 1507/436/1100 1506/435/1099
f 1508/437/1101 1506/435/1099 1507/436/1100
f 1509/438/1102 1508/437/1101 1507/436/1100
f 1505/434/1098 1499/429/1096 1510/439/1103
f 1510/439/1103 1499/429/1096 1497/428/423
f 1511/440/1104 1500/426/942 1498/427/1097
f 1512/441/463 1511/440/1104 1498/427/1097
f 1512/441/463 1498/427/1097 1505/434/1098
f 1504/433/403 1503/432/425 1513/442/434
f 1513/442/434 1514/443/405 1504/433/403
f 1514/443/405 1515/444/405 1504/433/403
f 1514/443/405 1516/445/405 1515/444/405
f 1516/445/405 1517/276/405 1515/444/405
f 1503/432/425 1518/446/465 1513/442/434
f 1518/446/465 1503/432/425 1519/435/1105
f 1518/446/465 1519/435/1105 1520/437/1106
f 1520/437/1106 1521/447/1107 1518/446/465
f 1523/436/1108 1511/440/1104 1522/448/787
f 1522/448/787 1524/438/524 1523/436/1108
f 1523/436/1108 1500/426/942 1511/440/1104
f 1525/449/710 1524/438/524 1522/448/787
f 1526/450/710 1525/449/710 1522/448/787
f 1529/449/1109 1528/451/1109 1527/438/1110
f 1528/451/1109 1530/437/1101 1527/438/1110
f 1533/452/445 1532/220/445 1531/221/445
f 1536/324/446 1535/61/446 1534/326/446
f 1535/61/446 1537/96/446 1534/326/446
f 1540/454/449 1539/453/1111 1538/354/449
f 1539/453/1111 1541/352/1112 1538/354/449
f 1539/453/1111 1542/455/1113 1541/352/1112
f 1542/455/1113 1543/353/1113 1541/352/1112
f 1546/457/1114 1545/456/1115 1544/255/1116
f 1545/456/1115 1547/257/1115 1544/255/1116
f 1546/457/1114 1544/255/1116 1548/258/1117
f 1549/458/1118 1546/457/1114 1548/258/1117
f 1549/458/1118 1548/258/1117 1550/259/458
f 1551/459/457 1549/458/1118 1550/259/458
f 1551/459/457 1550/259/458 1552/270/458
f 1553/460/458 1551/459/457 1552/270/458
f 1553/460/458 1552/270/458 1554/271/458
f 1555/461/458 1553/460/458 1554/271/458
f 1558/325/1119 1557/462/1119 1556/463/1119
f 1561/463/1120 1560/328/1120 1559/325/1120
f 1564/468/1121 1563/467/1122 1562/83/1121
f 1563/467/1122 1565/82/435 1562/83/1121
f 1564/468/1121 1562/83/1121 1566/84/1123
f 1567/469/1124 1564/468/1121 1566/84/1123
f 1567/469/1124 1566/84/1123 1568/85/1125
f 1569/470/1126 1567/469/1124 1568/85/1125
f 1572/472/1127 1571/471/1126 1570/257/1128
f 1571/471/1126 1573/256/1125 1570/257/1128
f 1572/472/1127 1570/257/1128 1574/464/475
f 1575/473/1129 1572/472/1127 1574/464/475
f 1575/473/1129 1574/464/475 1576/465/475
f 1577/474/477 1575/473/1129 1576/465/475
f 1577/474/477 1576/465/475 1578/466/475
f 1579/475/477 1577/474/477 1578/466/475
f 1582/477/1130 1581/476/1131 1580/468/1132
f 1581/476/1131 1583/467/1131 1580/468/1132
f 1582/477/1130 1580/468/1132 1584/469/1133
f 1585/478/1134 1582/477/1130 1584/469/1133
f 1585/478/1134 1584/469/1133 1586/470/1135
f 1587/479/1136 1585/478/1134 1586/470/1135
f 1590/472/1137 1589/481/1138 1588/471/1139
f 1589/481/1138 1591/480/1140 1588/471/1139
f 1589/481/1138 1590/472/1137 1592/473/1141
f 1593/482/1142 1589/481/1138 1592/473/1141
f 1593/482/1142 1592/473/1141 1594/474/491
f 1595/483/1143 1593/482/1142 1594/474/491
f 1595/483/1143 1594/474/491 1596/475/493
f 1597/484/494 1595/483/1143 1596/475/493
f 1598/485/1144 1589/481/1138 1593/482/1142
f 1599/486/1145 1598/485/1144 1593/482/1142
f 1599/486/1145 1593/482/1142 1595/483/1143
f 1600/487/1146 1599/486/1145 1595/483/1143
f 1600/487/1146 1595/483/1143 1597/484/494
f 1601/488/498 1600/487/1146 1597/484/494
f 1589/481/1138 1602/485/1147 1591/480/1140
f 1605/491/503 1604/489/505 1603/490/504
f 1604/489/505 1606/489/503 1603/490/504
f 1609/494/500 1608/493/502 1607/492/501
f 1608/493/502 1610/492/500 1607/492/501
f 1613/496/507 1612/495/507 1611/491/509
f 1612/495/507 1614/489/509 1611/491/509
f 1612/495/507 1613/496/507 1615/492/1148
f 1613/496/507 1616/494/1148 1615/492/1148
f 1617/495/509 1614/489/509 1611/491/509
f 1611/491/509 1618/496/509 1617/495/509
f 1619/496/1148 1616/494/1148 1615/492/1148
f 1615/492/1148 1620/495/1148 1619/496/1148
f 1623/498/1149 1622/497/1150 1621/233/1151
f 1622/497/1150 1624/232/1152 1621/233/1151
f 1623/498/1149 1621/233/1151 1625/234/1153
f 1626/499/1154 1623/498/1149 1625/234/1153
f 1622/497/1150 1627/500/1155 1624/232/1152
f 1627/500/1155 1628/236/1155 1624/232/1152
f 1626/499/1154 1625/234/1153 1629/243/1156
f 1630/501/1157 1626/499/1154 1629/243/1156
f 1633/503/1158 1632/502/1159 1631/362/1158
f 1632/502/1159 1634/361/1160 1631/362/1158
f 1637/389/1161 1636/504/1158 1635/451/1161
f 1636/504/1158 1637/389/1161 1638/391/1158
f 1639/505/1158 1636/504/1158 1638/391/1158
f 1639/505/1158 1638/391/1158 1640/393/522
f 1641/506/522 1639/505/1158 1640/393/522
f 1637/389/1161 1635/451/1161 1642/449/1158
f 1637/389/1161 1642/449/1158 1643/507/1158
f 1644/388/1158 1637/389/1161 1643/507/1158
f 1635/451/1161 1636/504/1158 1645/508/1158
f 1643/507/1158 1642/449/1158 1646/450/1158
f 1649/451/1162 1648/508/1162 1647/437/440
f 1648/508/1162 1650/447/440 1647/437/440
f 1653/512/253 1652/510/398 1651/511/400
f 1652/510/398 1654/509/398 1651/511/400
f 1653/512/253 1651/511/400 1655/513/527
f 1656/514/434 1653/512/253 1655/513/527
f 1656/514/434 1655/513/527 1657/515/214
f 1658/516/214 1656/514/434 1657/515/214
f 1658/516/214 1657/515/214 1659/517/528
f 1660/518/528 1658/516/214 1659/517/528
f 1660/518/528 1659/517/528 1661/519/449
f 1662/520/529 1660/518/528 1661/519/449
f 1663/521/530 1652/510/398 1653/512/253
f 1664/522/253 1663/521/530 1653/512/253
f 1664/522/253 1653/512/253 1656/514/434
f 1665/523/531 1664/522/253 1656/514/434
f 1665/523/531 1656/514/434 1658/516/214
f 1666/524/214 1665/523/531 1658/516/214
f 1666/524/214 1658/516/214 1660/518/528
f 1667/525/528 1666/524/214 1660/518/528
f 1667/525/528 1660/518/528 1662/520/529
f 1668/526/529 1667/525/528 1662/520/529
f 1671/530/533 1670/528/533 1669/529/534
f 1670/528/533 1672/527/534 1669/529/534
f 1673/531/535 1670/528/533 1671/530/533
f 1674/532/536 1673/531/535 1671/530/533
f 1675/533/535 1673/531/535 1674/532/536
f 1676/534/536 1675/533/535 1674/532/536
f 1677/535/534 1670/528/533 1673/531/535
f 1678/536/533 1677/535/534 1673/531/535
f 1678/536/533 1673/531/535 1675/533/535
f 1679/537/533 1678/536/533 1675/533/535
f 1677/535/534 1680/538/214 1670/528/533
f 1680/538/214 1672/527/534 1670/528/533
f 1683/541/1163 1682/540/1164 1681/353/1165
f 1682/540/1164 1684/539/1166 1681/353/1165
f 1682/540/1164 1685/542/1167 1684/539/1166
f 1685/542/1167 1687/544/1169 1686/543/1168
f 1685/542/1167 1688/545/1170 1687/544/1169
f 1688/545/1170 1690/547/544 1689/548/1170
f 1694/567/1171 1693/569/1171 1692/693/1171
f 1697/571/1172 1696/575/1173 1695/574/1174
f 1695/574/1174 1698/572/1172 1697/571/1172
f 1695/574/1174 1699/573/1175 1698/572/1172
f 1695/574/1174 1696/575/1173 1700/576/1176
f 1696/575/1173 1701/577/1177 1700/576/1176
f 1701/577/1177 1702/578/1178 1700/576/1176
f 1701/577/1177 1703/579/1179 1702/578/1178
f 1703/579/1179 1704/580/1180 1702/578/1178
f 1704/580/1180 1703/579/1179 1705/581/1181
f 1703/579/1179 1706/582/1182 1705/581/1181
f 1707/583/1183 1705/581/1181 1706/582/1182
f 1707/583/1183 1706/582/1182 1708/584/1184
f 1708/584/1184 1709/585/1185 1707/583/1183
f 1708/584/1184 1710/586/575 1709/585/1185
f 1710/586/575 1708/584/1184 1711/587/1186
f 1710/586/575 1711/587/1186 1712/588/1187
f 1713/589/1188 1710/586/575 1712/588/1187
f 1714/590/572 1710/586/575 1713/589/1188
f 1715/591/1189 1714/590/572 1713/589/1188
f 1714/590/572 1716/592/574 1710/586/575
f 1716/592/574 1709/585/1185 1710/586/575
f 1717/593/572 1714/590/572 1715/591/1189
f 1718/594/573 1717/593/572 1715/591/1189
f 1717/593/572 1719/595/574 1714/590/572
f 1719/595/574 1716/592/574 1714/590/572
f 1720/596/575 1717/593/572 1718/594/573
f 1721/597/573 1720/596/575 1718/594/573
f 1720/596/575 1722/598/574 1717/593/572
f 1722/598/574 1719/595/574 1717/593/572
f 1725/601/1190 1724/599/577 1723/600/1190
f 1724/599/577 1726/534/1191 1723/600/1190
f 1725/601/1190 1723/600/1190 1727/602/1192
f 1728/603/1193 1725/601/1190 1727/602/1192
f 1727/602/1192 1729/604/1194 1728/603/1193
f 1729/604/1194 1730/605/1195 1728/603/1193
f 1729/604/1194 1731/606/1194 1730/605/1195
f 1734/595/590 1733/608/584 1732/592/590
f 1733/608/584 1735/607/1196 1732/592/590
f 1733/608/584 1736/609/1197 1735/607/1196
f 1736/609/1197 1737/610/1198 1735/607/1196
f 1737/610/1198 1736/609/1197 1738/611/1199
f 1736/609/1197 1739/612/589 1738/611/1199
f 1740/613/584 1733/608/584 1734/595/590
f 1741/598/590 1740/613/584 1734/595/590
f 1740/613/584 1742/614/591 1733/608/584
f 1742/614/591 1736/609/1197 1733/608/584
f 1742/614/591 1743/615/592 1736/609/1197
f 1743/615/592 1739/612/589 1736/609/1197
f 1744/616/1200 1739/612/589 1743/615/592
f 1745/617/594 1744/616/1200 1743/615/592
f 1744/616/1200 1746/618/1201 1739/612/589
f 1746/618/1201 1738/611/1199 1739/612/589
f 1749/620/1202 1748/588/1203 1747/619/1204
f 1748/588/1203 1750/587/1205 1747/619/1204
f 1749/620/1202 1747/619/1204 1751/621/1206
f 1752/622/1207 1751/621/1206 1747/619/1204
f 1753/623/1208 1752/622/1207 1747/619/1204
f 1751/621/1206 1754/624/1209 1749/620/1202
f 1754/624/1209 1755/626/1210 1749/620/1202
f 1754/624/1209 1756/625/1211 1755/626/1210
f 1756/625/1211 1757/627/1212 1755/626/1210
f 1757/627/1212 1758/628/1213 1755/626/1210
f 1755/626/1210 1759/589/1214 1749/620/1202
f 1759/589/1214 1748/588/1203 1749/620/1202
f 1758/628/1213 1760/591/1215 1755/626/1210
f 1760/591/1215 1759/589/1214 1755/626/1210
f 1758/628/1213 1757/627/1212 1761/629/1216
f 1762/630/1217 1758/628/1213 1761/629/1216
f 1763/594/1218 1760/591/1215 1758/628/1213
f 1758/628/1213 1764/631/1218 1763/594/1218
f 1758/628/1213 1765/632/1219 1764/631/1218
f 1758/628/1213 1762/630/1217 1765/632/1219
f 1762/630/1217 1766/633/1220 1765/632/1219
f 1767/597/615 1763/594/1218 1764/631/1218
f 1768/634/615 1767/597/615 1764/631/1218
f 1769/635/1221 1765/632/1219 1766/633/1220
f 1770/636/616 1769/635/1221 1766/633/1220
f 1773/635/1222 1772/638/1223 1771/632/1224
f 1772/638/1223 1774/637/1222 1771/632/1224
f 1777/631/1225 1776/640/1225 1775/634/622
f 1776/640/1225 1778/639/1226 1775/634/622
f 1781/638/624 1780/639/624 1779/637/626
f 1780/639/624 1782/640/626 1779/637/626
f 1785/631/1227 1784/632/1228 1783/640/1227
f 1784/632/1228 1786/637/1227 1783/640/1227
f 1789/642/633 1788/641/633 1787/603/633
f 1788/641/633 1790/601/633 1787/603/633
f 1788/641/633 1791/599/631 1790/601/633
f 1794/643/1229 1793/142/1230 1792/177/1229
f 1794/643/1229 1795/644/1231 1793/142/1230
f 1795/644/1231 1796/143/1232 1793/142/1230
f 1795/644/1231 1797/645/1233 1796/143/1232
f 1797/645/1233 1798/166/1233 1796/143/1232
f 1797/645/1233 1799/646/1234 1798/166/1233
f 1799/646/1234 1800/167/1235 1798/166/1233
f 1799/646/1234 1801/647/1236 1800/167/1235
f 1801/647/1236 1802/168/1237 1800/167/1235
f 1805/649/1238 1804/648/1239 1803/623/1240
f 1804/648/1239 1806/622/1241 1803/623/1240
f 1804/648/1239 1807/650/1242 1806/622/1241
f 1810/652/649 1809/651/1243 1808/629/649
f 1809/651/1243 1811/630/648 1808/629/649
f 1809/651/1243 1812/653/650 1811/630/648
f 1812/653/650 1813/633/650 1811/630/648
f 1812/653/650 1814/654/650 1813/633/650
f 1814/654/650 1815/636/650 1813/633/650
f 1818/656/1244 1817/655/1245 1816/643/1246
f 1817/655/1245 1819/644/1247 1816/643/1246
f 1817/655/1245 1820/657/1248 1819/644/1247
f 1820/657/1248 1821/645/1249 1819/644/1247
f 1820/657/1248 1822/658/1250 1821/645/1249
f 1822/658/1250 1823/646/1251 1821/645/1249
f 1822/658/1250 1824/659/1252 1823/646/1251
f 1824/659/1252 1825/647/1253 1823/646/1251
f 1828/662/1254 1827/660/1255 1826/649/1253
f 1827/660/1256 1830/648/1257 1829/649/1253
f 1827/660/1256 1831/661/1258 1830/648/1257
f 1831/661/1258 1832/650/1258 1830/648/1257
f 1835/664/1259 1834/663/1260 1833/652/1259
f 1834/663/1260 1836/651/1261 1833/652/1259
f 1834/663/1260 1837/665/672 1836/651/1261
f 1837/665/672 1838/653/672 1836/651/1261
f 1837/665/672 1839/666/672 1838/653/672
f 1839/666/672 1840/654/672 1838/653/672
f 1843/668/1262 1842/667/1263 1841/625/1262
f 1842/667/1263 1844/627/1264 1841/625/1262
f 1843/668/1262 1841/625/1262 1845/624/1265
f 1846/669/1266 1843/668/1262 1845/624/1265
f 1846/669/1266 1845/624/1265 1847/621/1267
f 1848/670/1267 1846/669/1266 1847/621/1267
f 1848/670/1267 1847/621/1267 1849/622/1268
f 1850/650/1268 1848/670/1267 1849/622/1268
f 1842/667/1263 1851/652/1269 1844/627/1264
f 1851/652/1269 1852/629/1269 1844/627/1264
f 1855/674/1270 1854/672/1271 1853/673/1270
f 1854/672/1271 1856/671/1272 1853/673/1270
f 1859/667/1273 1858/664/1274 1857/652/872
f 1862/664/1274 1861/664/1274 1860/652/1275
f 1864/667/1273 1860/652/872 1863/667/1276
f 1867/678/1277 1866/676/1273 1865/677/1277
f 1866/676/1273 1868/675/1276 1865/677/1277
f 1867/678/1277 1865/677/1277 1869/679/1157
f 1870/680/1278 1867/678/1277 1869/679/1157
f 1870/680/1278 1869/679/1157 1871/681/1279
f 1872/682/1280 1870/680/1278 1871/681/1279
f 1872/682/1280 1871/681/1279 1873/671/1281
f 1874/672/1282 1872/682/1280 1873/671/1281
f 1877/670/1283 1876/650/1283 1875/661/1283
f 1875/661/1283 1878/664/1283 1877/670/1283
f 1878/664/1283 1879/669/1283 1877/670/1283
f 1878/664/1283 1880/668/1284 1879/669/1283
f 1878/664/1283 1881/667/1283 1880/668/1284
f 1884/481/1285 1883/485/1285 1882/485/1285
f 1887/489/503 1886/489/503 1885/490/503
f 1890/493/500 1889/492/500 1888/492/500
f 1893/694/1286 1892/695/1287 1891/696/1288
f 1892/695/1287 1894/697/1289 1891/696/1288
f 1897/698/1290 1896/699/1291 1895/700/401
f 1896/699/1291 1898/701/404 1895/700/401
f 1896/699/1291 1899/702/1286 1898/701/404
f 1899/702/1286 1900/703/531 1898/701/404
f 1899/702/1286 1901/704/1292 1900/703/531
f 1901/704/1292 1902/705/434 1900/703/531
f 1905/697/1293 1904/695/401 1903/696/1294
f 1904/695/401 1906/694/1295 1903/696/1294
f 1909/701/403 1908/699/1296 1907/700/401
f 1908/699/1296 1910/698/1295 1907/700/401
f 1911/702/1286 1908/699/1296 1909/701/403
f 1912/703/531 1911/702/1286 1909/701/403
f 1913/704/1292 1911/702/1286 1912/703/531
f 1914/705/434 1913/704/1292 1912/703/531
f 1917/694/1297 1916/694/1298 1915/696/1299
f 1916/694/1298 1918/696/1288 1915/696/1299
f 1915/696/1299 1918/696/1288 1919/697/1300
f 1918/696/1288 1920/697/1301 1919/697/1300
f 1923/699/1302 1922/699/1303 1921/698/1297
f 1922/699/1303 1924/698/1298 1921/698/1297
f 1925/702/1298 1922/699/1303 1923/699/1302
f 1926/702/1302 1925/702/1298 1923/699/1302
f 1927/704/1304 1925/702/1298 1926/702/1302
f 1928/704/1305 1927/704/1304 1926/702/1302
f 1929/702/1298 1927/704/1304 1928/704/1305
f 1930/702/1302 1929/702/1298 1928/704/1305
f 1931/699/1303 1929/702/1298 1930/702/1302
f 1932/699/1302 1931/699/1303 1930/702/1302
f 1933/698/1295 1931/699/1303 1932/699/1302
f 1934/698/1306 1933/698/1295 1932/699/1302
f 1937/696/1307 1936/696/1308 1935/694/1306
f 1936/696/1308 1938/694/1295 1935/694/1306
f 1939/697/1309 1936/696/1308 1937/696/1307
f 1940/697/1310 1939/697/1309 1937/696/1307
f 1943/697/1311 1942/697/1312 1941/695/1313
f 1942/697/1312 1944/695/1314 1941/695/1313
f 1943/697/1311 1941/695/1313 1945/695/1315
f 1946/697/1316 1943/697/1311 1945/695/1315
f 1949/700/1317 1948/700/1314 1947/701/1318
f 1948/700/1314 1950/701/1319 1947/701/1318
f 1947/701/1318 1950/701/1319 1951/703/1320
f 1950/701/1319 1952/703/1321 1951/703/1320
f 1951/703/1320 1952/703/1321 1953/705/1322
f 1952/703/1321 1954/705/1323 1953/705/1322
f 1953/705/1322 1954/705/1323 1955/703/1324
f 1954/705/1323 1956/703/1325 1955/703/1324
f 1955/703/1324 1956/703/1325 1957/701/1324
f 1956/703/1325 1958/701/1325 1957/701/1324
f 1957/701/1324 1958/701/1325 1959/700/1326
f 1958/701/1325 1960/700/1327 1959/700/1326
f 1949/700/1317 1947/701/1318 1961/701/1328
f 1962/700/1315 1949/700/1317 1961/701/1328
f 1961/701/1328 1947/701/1318 1963/703/631
f 1947/701/1318 1951/703/1320 1963/703/631
f 1963/703/631 1951/703/1320 1964/705/1158
f 1951/703/1320 1953/705/1322 1964/705/1158
f 1957/701/1324 1959/700/1326 1965/700/1329
f 1966/701/1330 1957/701/1324 1965/700/1329
f 1955/703/1324 1957/701/1324 1966/701/1330
f 1967/703/1158 1955/703/1324 1966/701/1330
f 1964/705/1158 1953/705/1322 1967/703/1158
f 1953/705/1322 1955/703/1324 1967/703/1158
f 1970/695/1326 1969/695/1331 1968/697/1332
f 1969/695/1331 1971/697/1333 1968/697/1332
f 1970/695/1326 1968/697/1332 1972/697/1334
f 1973/695/1329 1970/695/1326 1972/697/1334
f 1976/706/1335 1975/707/1336 1974/708/1337
f 1975/707/1336 1977/709/1338 1974/708/1337
f 1975/707/1336 1976/706/1335 1978/710/1339
f 1979/711/1340 1975/707/1336 1978/710/1339
f 1974/708/1337 1977/709/1338 1980/712/1341
f 1981/713/1342 1974/708/1337 1980/712/1341
f 1984/714/1343 1983/715/1344 1982/716/1345
f 1983/715/1344 1985/717/1346 1982/716/1345
f 1983/715/1344 1984/714/1343 1986/718/1347
f 1987/719/1348 1983/715/1344 1986/718/1347
f 1982/716/1345 1985/717/1346 1988/720/1340
f 1989/721/1349 1982/716/1345 1988/720/1340
f 1992/706/1335 1991/707/1350 1990/708/1337
f 1991/707/1350 1993/709/1351 1990/708/1337
f 1991/707/1350 1992/706/1335 1994/710/1352
f 1995/711/1340 1991/707/1350 1994/710/1352
f 1990/708/1337 1993/709/1351 1996/712/1342
f 1997/713/1342 1990/708/1337 1996/712/1342
f 2000/714/1343 1999/715/1344 1998/716/1345
f 1999/715/1344 2001/717/1346 1998/716/1345
f 1999/715/1344 2000/714/1343 2002/718/1341
f 2003/719/1341 1999/715/1344 2002/718/1341
f 1998/716/1345 2001/717/1346 2004/720/1340
f 2005/721/1349 1998/716/1345 2004/720/1340
f 2008/722/624 2007/723/624 2006/724/624
f 2007/723/624 2009/725/624 2006/724/624
f 2012/726/1197 2011/727/1353 2010/728/1353
f 2010/728/1353 2013/729/1197 2012/726/1197
f 2013/729/1197 2014/730/1353 2012/726/1197
f 2013/729/1197 2015/731/1353 2014/730/1353
f 2015/731/1353 2016/732/1353 2014/730/1353
f 2015/731/1353 2017/733/1197 2016/732/1353
f 2017/733/1197 2018/734/1353 2016/732/1353
f 2017/733/1197 2019/735/1353 2018/734/1353
f 2019/735/1353 2020/736/1197 2018/734/1353
f 2019/735/1353 2021/737/1197 2020/736/1197
f 2024/737/1354 2023/738/1355 2022/736/1356
f 2023/738/1355 2025/739/1357 2022/736/1356
f 2022/736/1356 2025/739/1357 2026/734/1358
f 2025/739/1357 2027/740/1359 2026/734/1358
f 2026/734/1358 2027/740/1359 2028/732/1360
f 2027/740/1359 2029/741/549 2028/732/1360
f 2028/732/1360 2029/741/549 2030/730/1361
f 2029/741/549 2031/742/1362 2030/730/1361
f 2030/730/1361 2031/742/1362 2032/726/1363
f 2031/742/1362 2033/743/1364 2032/726/1363
f 2032/726/1363 2033/743/1364 2034/727/1365
f 2033/743/1364 2035/744/1366 2034/727/1365
f 2034/727/1365 2035/744/1366 2036/728/1367
f 2035/744/1366 2037/745/1368 2036/728/1367
f 2036/728/1367 2037/745/1368 2038/729/1369
f 2037/745/1368 2039/746/1370 2038/729/1369
f 2038/729/1369 2039/746/1370 2040/731/1371
f 2039/746/1370 2041/747/1372 2040/731/1371
f 2040/731/1371 2041/747/1372 2042/733/1373
f 2041/747/1372 2043/748/1374 2042/733/1373
f 2042/733/1373 2043/748/1374 2044/735/1375
f 2043/748/1374 2045/749/1376 2044/735/1375
f 2044/735/1375 2045/749/1376 2024/737/1354
f 2045/749/1376 2023/738/1355 2024/737/1354
f 2047/747/421 2041/747/1377 2046/746/1378
f 2041/747/1377 2048/746/1379 2046/746/1378
f 2046/746/1378 2048/746/1379 2049/745/1380
f 2048/746/1379 2050/745/1368 2049/745/1380
f 2049/745/1380 2050/745/1368 2051/744/1381
f 2050/745/1368 2052/744/1366 2051/744/1381
f 2051/744/1381 2052/744/1366 2053/743/1382
f 2052/744/1366 2054/743/1383 2053/743/1382
f 2053/743/1382 2054/743/1383 2055/742/1384
f 2054/743/1383 2056/742/1385 2055/742/1384
f 2055/742/1384 2056/742/1385 2057/741/446
f 2056/742/1385 2058/741/1386 2057/741/446
f 2057/741/446 2058/741/1386 2059/740/1387
f 2058/741/1386 2060/740/1388 2059/740/1387
f 2059/740/1387 2060/740/1388 2061/739/1389
f 2060/740/1388 2062/739/1390 2061/739/1389
f 2061/739/1389 2062/739/1390 2063/738/1391
f 2062/739/1390 2064/738/1392 2063/738/1391
f 2063/738/1391 2064/738/1392 2065/749/1393
f 2064/738/1392 2066/749/1376 2065/749/1393
f 2065/749/1393 2066/749/1376 2067/748/1394
f 2066/749/1376 2068/748/1395 2067/748/1394
f 2067/748/1394 2068/748/1395 2047/747/421
f 2068/748/1395 2041/747/1377 2047/747/421
f 2071/750/1396 2070/751/1397 2069/752/1398
f 2070/751/1397 2072/753/1398 2069/752/1398
f 2073/754/1399 2070/751/1397 2071/750/1396
f 2074/755/1399 2073/754/1399 2071/750/1396
f 2069/752/1398 2072/753/1398 2075/756/1400
f 2072/753/1398 2076/757/1400 2075/756/1400
f 2077/758/1401 2075/756/1400 2076/757/1400
f 2073/754/1399 2074/755/1399 2078/759/1397
f 2079/760/1402 2073/754/1399 2078/759/1397
f 2079/760/1402 2078/759/1397 2080/761/1403
f 2081/762/1403 2079/760/1402 2080/761/1403
f 2081/762/1403 2080/761/1403 2082/763/1404
f 2083/764/1404 2081/762/1403 2082/763/1404
f 2082/763/1404 2084/765/1405 2083/764/1404
f 2087/766/1406 2086/767/1407 2085/768/1408
f 2086/767/1407 2088/769/1409 2085/768/1408
f 2091/769/1410 2090/768/1411 2089/767/1412
f 2090/768/1411 2092/766/1413 2089/767/1412
f 2094/767/1411 2091/769/1414 2093/768/1415
f 2095/770/1416 2094/767/1411 2093/768/1415
f 2097/766/1417 2094/767/1411 2096/768/1418
f 2099/766/1419 2098/767/1416 2096/768/1420
f 2098/767/1416 2100/769/1421 2096/768/1420
f 2103/766/1422 2102/767/1415 2101/768/1410
f 2103/766/1423 2105/767/1424 2104/768/1425
f 2107/771/1426 2105/767/1427 2106/768/1416
f 2105/767/1427 2108/769/1428 2106/768/1416
f 2111/766/1429 2110/767/1430 2109/768/1431
f 2110/767/1430 2112/769/1432 2109/768/1431
f 2115/772/1433 2114/768/1414 2113/767/1434
f 2114/768/1414 2116/766/1409 2113/767/1434
f 2116/766/1435 2118/767/1436 2117/768/1437
f 2118/767/1436 2119/769/1438 2117/768/1437
f 2121/769/1439 2114/768/1410 2120/767/1440
f 2114/768/1410 2122/766/1441 2120/767/1440
f 2125/766/1407 2124/767/1442 2123/768/1443
f 2124/767/1442 2126/769/1436 2123/768/1443
f 2129/766/1444 2128/767/1445 2127/768/1441
f 2128/767/1445 2130/769/1446 2127/768/1441
f 2133/766/1410 2132/767/1447 2131/768/1448
f 2132/767/1447 2134/769/1424 2131/768/1448
f 2137/766/1449 2136/767/1436 2135/768/1450
f 2136/767/1436 2138/769/1451 2135/768/1450
f 2141/773/1452 2140/774/1453 2139/775/1454
f 2142/776/1453 2140/774/1453 2141/773/1452
f 2143/777/1455 2140/774/1453 2142/776/1453
f 2139/775/1454 2140/774/1453 2144/778/1456
f 2144/778/1456 2140/774/1453 2145/779/1453
f 2145/779/1453 2140/774/1453 2146/780/1455
f 2146/780/1455 2140/774/1453 2143/777/1455
f 2149/769/1457 2148/767/1458 2147/768/1459
f 2148/767/1458 2150/766/1460 2147/768/1459
f 2153/766/1459 2152/768/1461 2151/767/1462
f 2152/768/1461 2154/769/1463 2151/767/1462
f 2154/769/1464 2156/767/1461 2155/768/1465
f 2156/767/1461 2157/781/1466 2155/768/1465
f 2156/767/1467 2159/766/1468 2158/768/1469
f 2161/769/1470 2160/767/1471 2158/768/1469
f 2160/767/1471 2162/766/1461 2158/768/1469
f 2165/767/1472 2164/766/1473 2163/768/1474
f 2167/767/1475 2164/766/1476 2166/768/1465
f 2169/769/1477 2167/767/1478 2168/768/1466
f 2167/767/1478 2170/782/1465 2168/768/1466
f 2173/769/1479 2172/767/1480 2171/768/1481
f 2172/767/1480 2174/766/1482 2171/768/1481
f 2177/766/1483 2176/768/1474 2175/767/1484
f 2176/768/1474 2178/772/1485 2175/767/1484
f 2180/767/1332 2177/766/1486 2179/768/1487
f 2181/769/1488 2180/767/1332 2179/768/1487
f 2183/766/1489 2176/768/1490 2182/767/1491
f 2176/768/1490 2184/769/1492 2182/767/1491
f 2187/769/1332 2186/767/1493 2185/768/1494
f 2186/767/1493 2188/766/1495 2185/768/1494
f 2191/769/1496 2190/767/1488 2189/768/1497
f 2190/767/1488 2192/766/1498 2189/768/1497
f 2195/769/1478 2194/767/1499 2193/768/1500
f 2194/767/1499 2196/766/1501 2193/768/1500
f 2199/769/1502 2198/767/1332 2197/768/1503
f 2198/767/1332 2200/766/1504 2197/768/1503
f 2203/774/1505 2202/773/1506 2201/775/1507
f 2203/774/1505 2204/776/1508 2202/773/1506
f 2203/774/1505 2205/777/1509 2204/776/1508
f 2203/774/1505 2201/775/1507 2206/778/1510
f 2203/774/1505 2206/778/1510 2207/779/1511
f 2203/774/1505 2207/779/1511 2208/780/1512
f 2203/774/1505 2208/780/1512 2205/777/1509
f 2211/783/1513 2210/784/1514 2209/785/1515
f 2209/785/1515 2212/786/1516 2211/783/1513
f 2209/785/1515 2213/787/1517 2212/786/1516
f 2209/785/1515 2214/788/1518 2213/787/1517
f 2214/788/1518 2215/789/1519 2213/787/1517
f 2214/788/1518 2216/790/1520 2215/789/1519
f 2214/788/1518 2217/791/1521 2216/790/1520
f 2217/791/1521 2218/792/1522 2216/790/1520
f 2217/791/1521 2219/793/1523 2218/792/1522
f 2217/791/1521 2220/794/1524 2219/793/1523
f 2220/794/1524 2221/795/1525 2219/793/1523
f 2221/795/1525 2222/796/1526 2219/793/1523
f 2216/790/1520 2218/792/1522 2223/797/1527
f 2218/792/1522 2224/798/1528 2223/797/1527
f 2218/792/1522 2219/793/1523 2225/798/1528
f 2219/793/1523 2226/799/1529 2225/798/1528
f 2219/793/1523 2222/796/1526 2227/799/1530
f 2222/796/1526 2221/795/1525 2228/800/1531
f 2222/796/1526 2228/800/1531 2229/799/1532
f 2221/795/1525 2230/801/1533 2228/800/1531
f 2220/794/1524 2217/791/1521 2231/802/1534
f 2217/791/1521 2232/803/1533 2231/802/1534
f 2221/795/1525 2220/794/1524 2233/801/1535
f 2220/794/1524 2234/802/1536 2233/801/1535
f 2217/791/1521 2214/788/1518 2235/803/1533
f 2214/788/1518 2236/804/1537 2235/803/1533
f 2214/788/1518 2209/785/1515 2236/804/1537
f 2209/785/1515 2237/805/1538 2236/804/1537
f 2209/785/1515 2210/784/1514 2238/805/1538
f 2210/784/1514 2239/806/215 2238/805/1538
f 2210/784/1514 2211/783/1513 2239/806/215
f 2211/783/1513 2240/807/1539 2239/806/215
f 2211/783/1513 2212/786/1516 2240/807/1539
f 2212/786/1516 2242/808/1540 2241/807/1541
f 2212/786/1516 2213/787/1517 2242/808/1540
f 2213/787/1517 2243/809/1542 2242/808/1540
f 2213/787/1517 2215/789/1519 2244/809/1543
f 2215/789/1544 2246/810/1545 2245/809/1542
f 2215/789/1519 2216/790/1520 2247/810/1546
f 2216/790/1520 2248/797/1527 2247/810/1546
f 2251/785/1547 2250/784/1548 2249/783/1549
f 2249/783/1549 2252/786/1550 2251/785/1547
f 2252/786/1550 2253/787/1551 2251/785/1547
f 2253/787/1551 2254/788/1552 2251/785/1547
f 2253/787/1551 2255/789/1553 2254/788/1552
f 2255/789/1553 2256/790/1554 2254/788/1552
f 2256/790/1554 2257/791/1555 2254/788/1552
f 2256/790/1554 2258/792/1556 2257/791/1555
f 2258/792/1556 2259/793/1557 2257/791/1555
f 2259/793/1557 2260/794/1558 2257/791/1555
f 2259/793/1557 2261/795/1559 2260/794/1558
f 2259/793/1557 2262/796/1560 2261/795/1559
f 2258/792/1556 2256/790/1554 2263/797/1561
f 2264/798/1528 2258/792/1556 2263/797/1561
f 2259/793/1557 2258/792/1556 2265/798/1562
f 2266/799/1563 2259/793/1557 2265/798/1562
f 2262/796/1560 2259/793/1557 2267/799/1564
f 2261/795/1559 2262/796/1560 2268/800/1328
f 2268/800/1328 2262/796/1560 2269/799/1532
f 2270/801/1565 2261/795/1559 2268/800/1328
f 2257/791/1555 2260/794/1558 2271/802/1566
f 2272/803/1567 2257/791/1555 2271/802/1566
f 2260/794/1558 2261/795/1559 2273/801/1568
f 2274/802/1569 2260/794/1558 2273/801/1568
f 2276/804/1570 2254/788/1552 2275/803/1533
f 2254/788/1552 2257/791/1555 2275/803/1533
f 2251/785/1547 2254/788/1552 2276/804/1570
f 2277/805/1538 2251/785/1547 2276/804/1570
f 2250/784/1548 2251/785/1547 2278/805/1538
f 2279/806/214 2250/784/1548 2278/805/1538
f 2249/783/1549 2250/784/1548 2279/806/214
f 2280/807/1571 2249/783/1549 2279/806/214
f 2252/786/1550 2249/783/1549 2280/807/1571
f 2282/808/1572 2252/786/1550 2281/807/1573
f 2253/787/1551 2252/786/1550 2282/808/1572
f 2283/809/1542 2253/787/1551 2282/808/1572
f 2255/789/1553 2253/787/1551 2283/809/1542
f 2285/810/1574 2255/789/1553 2284/809/1542
f 2256/790/1554 2255/789/1553 2286/810/1574
f 2287/797/1527 2256/790/1554 2286/810/1574
f 2290/785/1575 2289/784/1576 2288/783/1577
f 2288/783/1577 2291/786/1578 2290/785/1575
f 2291/786/1578 2292/787/1579 2290/785/1575
f 2292/787/1579 2293/788/1580 2290/785/1575
f 2292/787/1579 2294/789/1581 2293/788/1580
f 2294/789/1581 2295/790/1582 2293/788/1580
f 2295/790/1582 2296/791/1583 2293/788/1580
f 2295/790/1582 2297/792/1584 2296/791/1583
f 2297/792/1584 2298/793/1585 2296/791/1583
f 2298/793/1585 2299/794/1586 2296/791/1583
f 2298/793/1585 2300/795/1587 2299/794/1586
f 2298/793/1585 2301/796/1588 2300/795/1587
f 2297/792/1584 2295/790/1582 2302/797/1589
f 2303/798/1590 2297/792/1584 2302/797/1589
f 2298/793/1585 2297/792/1584 2304/798/1591
f 2305/799/1592 2298/793/1585 2304/798/1591
f 2301/796/1588 2298/793/1585 2306/799/1593
f 2300/795/1587 2301/796/1588 2307/800/1594
f 2307/800/1594 2301/796/1588 2308/799/1592
f 2309/801/1595 2300/795/1587 2307/800/1594
f 2296/791/1583 2299/794/1586 2310/802/1596
f 2311/803/1597 2296/791/1583 2310/802/1596
f 2299/794/1586 2300/795/1587 2312/801/1598
f 2313/802/1569 2299/794/1586 2312/801/1598
f 2315/804/1570 2293/788/1580 2314/803/1533
f 2293/788/1580 2296/791/1583 2314/803/1533
f 2290/785/1575 2293/788/1580 2315/804/1570
f 2316/805/1538 2290/785/1575 2315/804/1570
f 2289/784/1576 2290/785/1575 2317/805/1538
f 2318/806/214 2289/784/1576 2317/805/1538
f 2288/783/1577 2289/784/1576 2318/806/214
f 2319/807/1599 2288/783/1577 2318/806/214
f 2291/786/1578 2288/783/1577 2319/807/1599
f 2321/808/1600 2291/786/1578 2320/807/1601
f 2292/787/1579 2291/786/1578 2321/808/1600
f 2322/809/1602 2292/787/1579 2321/808/1600
f 2294/789/1581 2292/787/1579 2323/809/1603
f 2325/810/1604 2294/789/1581 2324/809/1605
f 2295/790/1582 2294/789/1581 2326/810/1606
f 2327/797/1607 2295/790/1582 2326/810/1606
f 2330/783/1608 2329/784/746 2328/785/1609
f 2328/785/1609 2331/786/1610 2330/783/1608
f 2328/785/1609 2332/787/1611 2331/786/1610
f 2328/785/1609 2333/788/1612 2332/787/1611
f 2333/788/1612 2334/789/1613 2332/787/1611
f 2333/788/1612 2335/790/1614 2334/789/1613
f 2333/788/1612 2336/791/1615 2335/790/1614
f 2336/791/1615 2337/792/1616 2335/790/1614
f 2336/791/1615 2338/793/1617 2337/792/1616
f 2336/791/1615 2339/794/1618 2338/793/1617
f 2339/794/1618 2340/795/1619 2338/793/1617
f 2340/795/1619 2341/796/1620 2338/793/1617
f 2335/790/1614 2337/792/1616 2342/797/1607
f 2337/792/1616 2343/798/1621 2342/797/1607
f 2337/792/1616 2338/793/1617 2344/798/1622
f 2338/793/1617 2345/799/1623 2344/798/1622
f 2338/793/1617 2341/796/1620 2346/799/1624
f 2341/796/1620 2340/795/1619 2347/800/1594
f 2341/796/1620 2347/800/1594 2348/799/1625
f 2340/795/1619 2349/801/1533 2347/800/1594
f 2339/794/1618 2336/791/1615 2350/802/1626
f 2336/791/1615 2351/803/1533 2350/802/1626
f 2340/795/1619 2339/794/1618 2352/801/1533
f 2339/794/1618 2353/802/1536 2352/801/1533
f 2336/791/1615 2333/788/1612 2354/803/1533
f 2333/788/1612 2355/804/1537 2354/803/1533
f 2333/788/1612 2328/785/1609 2355/804/1537
f 2328/785/1609 2356/805/1538 2355/804/1537
f 2328/785/1609 2329/784/746 2357/805/1538
f 2329/784/746 2358/806/214 2357/805/1538
f 2329/784/746 2330/783/1608 2358/806/214
f 2330/783/1608 2359/807/1599 2358/806/214
f 2330/783/1608 2331/786/1610 2359/807/1599
f 2331/786/1610 2361/808/1627 2360/807/1601
f 2331/786/1610 2332/787/1611 2361/808/1627
f 2332/787/1611 2362/809/1602 2361/808/1627
f 2332/787/1611 2334/789/1613 2362/809/1602
f 2334/789/1628 2364/810/1629 2363/809/1605
f 2334/789/1613 2335/790/1614 2365/810/1630
f 2335/790/1614 2366/797/1607 2365/810/1630
f 2369/811/1631 2368/812/1632 2367/813/1633
f 2368/812/1632 2369/811/1631 2370/814/1634
f 2369/811/1631 2371/815/1403 2370/814/1634
f 2372/816/1635 2367/813/1633 2368/812/1632
f 2373/817/1636 2372/816/1635 2368/812/1632
f 2374/818/1637 2372/816/1635 2373/817/1636
f 2375/819/1638 2374/818/1637 2373/817/1636
f 2374/818/1637 2375/819/1638 2376/820/1639
f 2377/821/1640 2376/820/1639 2375/819/1638
f 2378/822/1641 2377/821/1640 2375/819/1638
f 2377/821/1640 2378/822/1641 2379/823/1642
f 2380/824/1260 2379/823/1642 2378/822/1641
f 2381/825/1643 2380/824/1260 2378/822/1641
f 2380/824/1260 2381/825/1643 2382/826/1644
f 2382/826/1644 2381/825/1643 2383/827/1645
f 2370/814/1634 2385/828/1646 2384/829/1647
f 2387/828/1646 2386/830/1648 2384/829/1647
f 2387/828/1646 2389/814/1649 2388/815/1650
f 2391/831/1651 2390/832/1652 2381/825/1653
f 2390/832/1654 2393/831/1655 2392/833/1656
f 2395/833/1657 2393/831/1658 2394/834/1659
f 2398/827/1645 2397/825/1660 2396/835/1661
f 2399/832/1662 2396/835/1661 2397/825/1660
f 2402/836/1663 2401/837/1664 2400/838/1640
f 2401/837/1664 2402/836/1663 2403/839/1665
f 2404/840/1666 2401/837/1664 2403/839/1665
f 2400/838/1640 2405/841/1667 2402/836/1663
f 2405/841/1667 2406/842/1667 2402/836/1663
f 2405/841/1667 2407/843/1668 2406/842/1667
f 2407/843/1668 2408/844/1669 2406/842/1667
f 2408/844/1669 2407/843/1668 2409/845/1670
f 2409/845/1670 2410/846/1143 2408/844/1669
f 2410/846/1143 2411/847/1671 2408/844/1669
f 2410/846/1143 2412/848/491 2411/847/1671
f 2412/848/491 2413/849/1672 2411/847/1671
f 2413/849/1672 2412/848/491 2414/850/273
f 2416/851/1673 2403/839/1674 2415/852/1675
f 2417/853/1676 2416/851/1673 2415/852/1675
f 2415/852/1677 2419/854/1678 2418/853/1679
f 2421/855/1680 2420/856/1680 2413/849/1681
f 2423/856/273 2421/855/273 2422/857/1682
f 2426/839/1674 2425/851/1683 2424/840/1684
f 2429/849/1685 2428/850/1686 2427/855/1686
f 2432/856/1686 2431/857/1682 2430/858/1687
f 2435/859/500 2434/860/500 2433/861/500
f 2436/862/500 2434/860/500 2435/859/500
f 2437/863/500 2434/860/500 2436/862/500
f 2438/864/500 2434/860/500 2437/863/500
f 2439/865/500 2434/860/500 2438/864/500
f 2433/861/500 2434/860/500 2440/866/500
f 2443/867/500 2442/868/500 2441/869/500
f 2441/869/500 2442/868/500 2444/870/500
f 2444/870/500 2442/868/500 2445/871/500
f 2445/871/500 2442/868/500 2446/872/500
f 2446/872/500 2442/868/500 2447/873/500
f 2447/873/500 2442/868/500 2448/874/500
f 2451/854/633 2450/852/1688 2449/875/1158
f 2452/876/1158 2449/875/1158 2450/852/1688
f 2453/829/1689 2452/876/1158 2450/852/1688
f 2452/876/1158 2453/829/1689 2454/830/1158
f 2453/829/1689 2450/852/1688 2455/877/1690
f 2450/852/1688 2456/878/1691 2455/877/1690
f 2450/852/1688 2457/856/1692 2456/878/1691
f 2457/856/1692 2458/879/1693 2456/878/1691
f 2459/880/1694 2458/879/1693 2457/856/1692
f 2457/856/1692 2460/881/1692 2459/880/1694
f 2460/881/1692 2457/856/1692 2461/882/1695
f 2461/882/1695 2457/856/1692 2462/883/1696
f 2462/883/1696 2457/856/1692 2463/884/1696
f 2463/884/1696 2457/856/1692 2464/885/1697
f 2464/885/1697 2457/856/1692 2465/858/1696
f 2460/881/1692 2466/886/1698 2459/880/1694
f 2458/879/1693 2459/880/1694 2467/887/1699
f 2468/888/1700 2458/879/1693 2467/887/1699
f 2469/889/1701 2468/888/1700 2467/887/1699
f 2470/890/1699 2458/879/1693 2468/888/1700
f 2471/891/1702 2458/879/1693 2470/890/1699
f 2458/879/1693 2471/891/1702 2472/892/1693
f 2458/879/1693 2472/892/1693 2473/893/1703
f 2458/879/1693 2473/893/1703 2474/894/1693
f 2475/895/1704 2458/879/1693 2474/894/1693
f 2476/896/1705 2458/879/1693 2475/895/1704
f 2475/895/1704 2477/897/1705 2476/896/1705
f 2476/896/1705 2477/897/1705 2478/898/1706
f 2476/896/1705 2478/898/1706 2479/899/1707
f 2476/896/1705 2479/899/1707 2480/900/1707
f 2476/896/1705 2480/900/1707 2481/901/1708
f 2476/896/1705 2481/901/1708 2482/902/1707
f 2475/895/1704 2483/903/1709 2477/897/1705
f 2473/893/1703 2484/904/1710 2474/894/1693
f 2458/879/1693 2476/896/1705 2456/878/1691
f 2476/896/1705 2485/905/1711 2456/878/1691
f 2456/878/1691 2485/905/1711 2486/906/1712
f 2485/905/1711 2487/907/1713 2486/906/1712
f 2488/908/522 2487/907/1713 2485/905/1711
f 2489/909/522 2488/908/522 2485/905/1711
f 2485/905/1711 2490/910/631 2489/909/522
f 2487/907/1713 2488/908/522 2491/911/522
f 2486/906/1712 2487/907/1713 2492/912/1714
f 2487/907/1713 2493/913/1161 2492/912/1714
f 2494/914/633 2492/912/1714 2493/913/1161
f 2493/913/1161 2495/915/633 2494/914/633
f 2493/913/1161 2496/916/633 2495/915/633
f 2493/913/1161 2497/917/633 2496/916/633
f 2494/914/633 2495/915/633 2498/918/633
f 2498/918/633 2499/919/633 2494/914/633
f 2499/919/633 2500/920/422 2494/914/633
f 2502/831/523 2453/829/1689 2501/921/1715
f 2453/829/1689 2455/877/1690 2501/921/1715
f 2502/831/523 2501/921/1715 2503/922/631
f 2503/922/631 2504/923/631 2502/831/523
f 2505/924/631 2504/923/631 2503/922/631
f 2503/922/631 2506/925/631 2505/924/631
f 2504/923/631 2507/926/631 2502/831/523
f 2507/926/631 2508/834/631 2502/831/523
f 2509/927/422 2506/925/631 2503/922/631
f 2512/928/1716 2511/929/1717 2510/930/1718
f 2511/929/1717 2513/931/1719 2510/930/1718
f 2514/932/1720 2510/930/1718 2513/931/1719
f 2517/933/1721 2516/928/1722 2515/934/1723
f 2518/929/1724 2516/928/1722 2517/933/1721
f 2519/935/1725 2515/934/1723 2516/928/1722
f 2520/936/1725 2519/935/1725 2516/928/1722
f 2519/935/1725 2520/936/1725 2521/937/1726
f 2524/938/1727 2523/939/1727 2522/940/1727
f 2523/939/1727 2525/941/1727 2522/940/1727
f 2528/942/1728 2527/943/1729 2526/944/1730
f 2527/943/1729 2528/942/1728 2529/945/1731
f 2530/946/1732 2527/943/1729 2529/945/1731
f 2526/944/1730 2531/947/1733 2528/942/1728
f 2531/947/1733 2532/948/1734 2528/942/1728
f 2531/947/1733 2533/949/1735 2532/948/1734
f 2533/949/1735 2534/950/1736 2532/948/1734
f 2534/950/1736 2533/949/1735 2535/951/1737
f 2535/951/1737 2536/952/1738 2534/950/1736
f 2536/952/1738 2537/953/1739 2534/950/1736
f 2537/953/1739 2536/952/1738 2538/954/1740
f 2538/954/1740 2539/955/668 2537/953/1739
f 2539/955/668 2540/956/1741 2537/953/1739
f 2540/956/1741 2539/955/668 2541/957/1742
f 2540/956/1741 2541/957/1742 2542/958/1743
f 2544/959/1744 2529/945/1731 2543/907/1745
f 2546/911/1746 2545/959/1744 2543/907/1746
f 2548/945/1747 2545/959/1744 2547/946/1748
f 2550/960/1749 2549/913/1750 2540/956/1751
f 2552/913/1750 2550/960/1752 2551/961/1753
f 2552/913/1754 2554/961/1755 2553/917/1756
f 2557/956/1757 2556/958/1743 2555/962/1758
f 2555/962/1758 2558/960/1759 2557/956/1757
f 2561/963/1760 2560/964/1761 2559/965/1738
f 2560/964/1761 2561/963/1760 2562/966/1762
f 2561/963/1760 2563/967/1763 2562/966/1762
f 2564/968/1764 2559/965/1738 2560/964/1761
f 2565/969/1764 2564/968/1764 2560/964/1761
f 2566/970/1765 2564/968/1764 2565/969/1764
f 2567/971/1766 2566/970/1765 2565/969/1764
f 2566/970/1765 2567/971/1766 2568/972/1767
f 2569/973/492 2568/972/1767 2567/971/1766
f 2570/974/1768 2569/973/492 2567/971/1766
f 2571/975/491 2569/973/492 2570/974/1768
f 2572/976/1681 2571/975/491 2570/974/1768
f 2571/975/491 2572/976/1681 2573/977/273
f 2562/966/1769 2575/978/1770 2574/905/1771
f 2575/978/1770 2576/979/1772 2574/905/1771
f 2578/910/1773 2574/905/1774 2577/979/1775
f 2580/896/273 2579/980/1776 2572/976/1681
f 2579/980/273 2582/896/273 2581/981/1682
f 2585/978/1777 2584/966/1778 2583/967/1779
f 2588/977/1686 2587/976/1681 2586/980/1686
f 2591/981/1682 2590/896/1776 2589/902/1780
f 2594/982/503 2593/983/503 2592/984/503
f 2594/982/503 2595/985/503 2593/983/503
f 2594/982/503 2596/986/503 2595/985/503
f 2594/982/503 2597/987/503 2596/986/503
f 2594/982/503 2598/988/503 2597/987/503
f 2594/982/503 2592/984/503 2599/989/503
f 2602/990/503 2601/991/503 2600/992/503
f 2602/990/503 2600/992/503 2603/993/503
f 2602/990/503 2603/993/503 2604/994/503
f 2602/990/503 2604/994/503 2605/995/503
f 2602/990/503 2605/995/503 2606/996/503
f 2602/990/503 2606/996/503 2607/997/503
f 2610/998/1781 2609/999/1782 2608/1000/1783
f 2609/999/1782 2611/1001/1784 2608/1000/1783
f 2608/1000/1783 2612/1002/1785 2610/998/1781
f 2615/1001/1784 2614/1003/1786 2613/1004/1787
f 2615/1001/1784 2616/999/1788 2614/1003/1786
f 2613/1004/1787 2617/1005/1789 2615/1001/1784
f 2617/1005/1789 2618/1006/1789 2615/1001/1784
f 2618/1006/1789 2617/1005/1789 2619/1007/1790
f 2622/1008/1727 2621/1009/1727 2620/1010/1727
f 2621/1009/1727 2623/1011/1727 2620/1010/1727
f 2626/1012/1791 2625/1013/1791 2624/1014/422
f 2625/1013/1791 2627/1015/422 2624/1014/422
f 2628/1016/783 2625/1013/1791 2626/1012/1791
f 2629/1017/1792 2628/1016/783 2626/1012/1791
f 2624/1014/422 2627/1015/422 2630/1018/1793
f 2627/1015/422 2631/1019/1793 2630/1018/1793
f 2630/1018/1793 2631/1019/1793 2632/1020/1794
f 2631/1019/1793 2633/1021/1794 2632/1020/1794
f 2636/1017/1795 2635/1016/1795 2634/1017/1796
f 2635/1016/1795 2637/1016/1796 2634/1017/1796
f 2640/1012/1797 2639/1013/1797 2638/1017/1798
f 2639/1013/1797 2641/1016/1798 2638/1017/1798
f 2642/1015/446 2639/1013/1797 2640/1012/1797
f 2643/1014/446 2642/1015/446 2640/1012/1797
f 2644/1019/1799 2642/1015/446 2643/1014/446
f 2645/1018/1799 2644/1019/1799 2643/1014/446
f 2646/1021/1800 2644/1019/1799 2645/1018/1799
f 2647/1020/1800 2646/1021/1800 2645/1018/1799
f 2650/1020/1801 2649/1021/1801 2648/1020/1802
f 2649/1021/1801 2651/1021/1802 2648/1020/1802
f 2654/1015/446 2653/1013/1797 2652/1014/446
f 2653/1013/1797 2655/1012/1797 2652/1014/446
f 2653/1013/1797 2656/1016/1803 2655/1012/1797
f 2656/1016/1803 2657/1017/1803 2655/1012/1797
f 2654/1015/446 2652/1014/446 2658/1018/1799
f 2659/1019/1799 2654/1015/446 2658/1018/1799
f 2659/1019/1799 2658/1018/1799 2660/1020/1800
f 2661/1021/1800 2659/1019/1799 2660/1020/1800
f 2664/1016/1795 2663/1016/1796 2662/1017/1795
f 2663/1016/1796 2665/1017/1796 2662/1017/1795
f 2668/1016/1792 2667/1013/1791 2666/1017/1792
f 2667/1013/1791 2669/1012/1791 2666/1017/1792
f 2667/1013/1791 2670/1015/422 2669/1012/1791
f 2670/1015/422 2671/1014/422 2669/1012/1791
f 2670/1015/422 2672/1019/1793 2671/1014/422
f 2672/1019/1793 2673/1018/1793 2671/1014/422
f 2672/1019/1793 2674/1021/1794 2673/1018/1793
f 2674/1021/1794 2675/1020/1794 2673/1018/1793
f 2678/1021/1801 2677/1021/1802 2676/1020/1801
f 2677/1021/1802 2679/1020/1802 2676/1020/1801
f 2682/1022/1804 2681/1023/1805 2680/1024/1806
f 2681/1023/1805 2683/1025/1807 2680/1024/1806
f 2685/1026/1808 2682/1022/1809 2684/1024/1810
f 2683/1025/1811 2687/1027/1812 2686/1024/1813
f 2690/1026/1814 2689/1026/1815 2688/1024/1816
f 2692/1027/1817 2691/1027/1818 2688/1024/1819
f 2695/1022/1820 2694/1026/1821 2693/1024/1816
f 2697/1023/1822 2695/1022/1823 2696/1024/1824
f 2698/1025/1825 2697/1023/1822 2696/1024/1824
f 2700/1027/1826 2698/1025/1827 2699/1024/1828
f 2703/1022/1804 2702/1023/1805 2701/1024/1806
f 2702/1023/1805 2704/1025/1807 2701/1024/1806
f 2706/1026/1808 2703/1022/1809 2705/1024/1810
f 2704/1025/1829 2708/1027/1812 2707/1024/1813
f 2711/1026/1814 2710/1026/1830 2709/1024/1810
f 2713/1027/1831 2712/1027/1818 2709/1024/1813
f 2716/1022/1820 2715/1026/1821 2714/1024/1828
f 2718/1023/1822 2716/1022/1823 2717/1024/1824
f 2719/1025/1825 2718/1023/1822 2717/1024/1824
f 2721/1027/1826 2719/1025/1827 2720/1024/1828
f 2724/1028/1832 2723/1029/1833 2722/1030/1834
f 2725/1031/1835 2723/1029/1833 2724/1028/1832
f 2726/1032/1836 2725/1031/1835 2724/1028/1832
f 2725/1031/1835 2726/1032/1836 2727/1033/464
f 2727/1033/464 2728/1034/214 2725/1031/1835
f 2726/1032/1836 2729/1035/214 2727/1033/464
f 2727/1033/464 2730/1036/1837 2728/1034/214
f 2727/1033/464 2731/1037/1838 2730/1036/1837
f 2730/1036/1837 2731/1037/1838 2732/1038/1839
f 2733/1039/1840 2730/1036/1837 2732/1038/1839
f 2733/1039/1840 2732/1038/1839 2734/1040/1841
f 2735/1041/1842 2733/1039/1840 2734/1040/1841
f 2735/1041/1842 2734/1040/1841 2736/1042/1843
f 2737/1043/1844 2735/1041/1842 2736/1042/1843
f 2738/1044/1845 2737/1043/1844 2736/1042/1843
f 2740/1045/1846 2739/1044/1845 2736/1042/1847
s 0
f 2743/1029/1848 2742/1029/1849 2741/1030/1850
s 1
f 2746/1046/1851 2745/1047/1852 2744/1045/1715
f 2745/1047/1852 2747/1044/1853 2744/1045/1715
f 2746/1046/1851 2744/1045/1715 2748/1048/1854
f 2749/1049/1855 2746/1046/1851 2748/1048/1854
f 2746/1046/1851 2749/1049/1855 2722/1030/1850
f 2750/1029/1856 2746/1046/1851 2722/1030/1850
f 2753/1030/1857 2752/1050/1727 2751/1028/1858
f 2751/1028/1858 2752/1050/1727 2754/1032/1859
f 2754/1032/1859 2752/1050/1727 2755/1035/1860
f 2755/1035/1860 2752/1050/1727 2756/1033/1861
f 2756/1033/1861 2752/1050/1727 2757/1037/1862
f 2757/1037/1862 2752/1050/1727 2758/1038/1863
f 2758/1038/1863 2752/1050/1727 2759/1040/1864
f 2759/1040/1864 2752/1050/1727 2760/1042/1865
f 2760/1042/1865 2752/1050/1727 2761/1045/1866
f 2761/1045/1866 2752/1050/1727 2762/1048/1867
f 2762/1048/1867 2752/1050/1727 2763/1049/1868
f 2763/1049/1868 2752/1050/1727 2753/1030/1857
f 2766/1029/1869 2765/1028/1870 2764/1030/1871
f 2766/1029/1869 2767/1031/1872 2765/1028/1870
f 2767/1031/1872 2768/1032/1873 2765/1028/1870
f 2768/1032/1873 2767/1031/1872 2769/1033/464
f 2769/1033/464 2767/1031/1872 2770/1034/1874
f 2770/1034/1874 2771/1036/1875 2769/1033/464
f 2769/1033/464 2772/1035/214 2768/1032/1873
f 2773/1037/1876 2769/1033/464 2771/1036/1875
f 2773/1037/1876 2771/1036/1875 2774/1038/1877
f 2771/1036/1875 2775/1039/1878 2774/1038/1877
f 2774/1038/1877 2775/1039/1878 2776/1040/1879
f 2775/1039/1878 2777/1041/1880 2776/1040/1879
f 2776/1040/1879 2777/1041/1880 2778/1042/1881
f 2777/1041/1880 2779/1043/1882 2778/1042/1881
f 2779/1043/1882 2780/1044/1883 2778/1042/1881
f 2782/1044/1883 2781/1045/1714 2778/1042/1884
f 2785/1044/1885 2784/1047/1334 2783/1045/1714
f 2784/1047/1334 2786/1046/1886 2783/1045/1714
f 2783/1045/1714 2786/1046/1886 2787/1048/1887
f 2786/1046/1886 2788/1049/1888 2787/1048/1887
f 2788/1049/1888 2786/1046/1886 2764/1030/1889
f 2786/1046/1886 2789/1029/1890 2764/1030/1889
f 2792/1050/1727 2791/1030/1863 2790/1028/1891
f 2792/1050/1727 2790/1028/1891 2793/1032/1861
f 2792/1050/1727 2793/1032/1861 2794/1035/1892
f 2792/1050/1727 2794/1035/1892 2795/1033/1893
f 2792/1050/1727 2795/1033/1893 2796/1037/1858
f 2792/1050/1727 2796/1037/1858 2797/1038/1857
f 2792/1050/1727 2797/1038/1857 2798/1040/1868
f 2792/1050/1727 2798/1040/1868 2799/1042/1867
f 2792/1050/1727 2799/1042/1867 2800/1045/1866
f 2792/1050/1727 2800/1045/1866 2801/1048/1865
f 2792/1050/1727 2801/1048/1865 2802/1049/1864
f 2792/1050/1727 2802/1049/1864 2791/1030/1863
f 2805/785/1894 2804/784/988 2803/783/1895
f 2803/783/1895 2806/786/1896 2805/785/1894
f 2806/786/1896 2807/787/1897 2805/785/1894
f 2807/787/1897 2808/788/1898 2805/785/1894
f 2807/787/1897 2809/789/1899 2808/788/1898
f 2809/789/1899 2810/790/1900 2808/788/1898
f 2810/790/1900 2811/791/1901 2808/788/1898
f 2810/790/1900 2812/792/1902 2811/791/1901
f 2812/792/1902 2813/793/1903 2811/791/1901
f 2813/793/1903 2814/794/1904 2811/791/1901
f 2813/793/1903 2815/795/1905 2814/794/1904
f 2813/793/1903 2816/796/1906 2815/795/1905
f 2812/792/1902 2810/790/1900 2817/797/273
f 2818/798/1907 2812/792/1902 2817/797/273
f 2813/793/1903 2812/792/1902 2819/798/1908
f 2820/799/1909 2813/793/1903 2819/798/1908
f 2816/796/1906 2813/793/1903 2821/799/1910
f 2815/795/1905 2816/796/1906 2822/800/1713
f 2822/800/1713 2816/796/1906 2823/799/1910
f 2824/801/1911 2815/795/1905 2822/800/1713
f 2811/791/1901 2814/794/1904 2825/802/1912
f 2826/803/1911 2811/791/1901 2825/802/1912
f 2814/794/1904 2815/795/1905 2827/801/1913
f 2828/802/1914 2814/794/1904 2827/801/1913
f 2830/804/1915 2808/788/1898 2829/803/1913
f 2808/788/1898 2811/791/1901 2829/803/1913
f 2805/785/1894 2808/788/1898 2830/804/1915
f 2831/805/1916 2805/785/1894 2830/804/1915
f 2804/784/988 2805/785/1894 2832/805/1917
f 2833/806/1918 2804/784/988 2832/805/1917
f 2803/783/1895 2804/784/988 2833/806/1918
f 2834/807/1919 2803/783/1895 2833/806/1918
f 2806/786/1896 2803/783/1895 2834/807/1919
f 2836/808/1920 2806/786/1896 2835/807/1921
f 2807/787/1897 2806/786/1896 2836/808/1920
f 2837/809/1922 2807/787/1897 2836/808/1920
f 2809/789/1899 2807/787/1897 2838/809/1922
f 2840/810/1923 2809/789/1924 2839/809/1922
f 2810/790/1900 2809/789/1899 2841/810/1866
f 2842/797/1776 2810/790/1900 2841/810/1866
f 2845/783/1925 2844/784/1926 2843/785/1927
f 2843/785/1927 2846/786/1928 2845/783/1925
f 2843/785/1927 2847/787/1929 2846/786/1928
f 2843/785/1927 2848/788/1930 2847/787/1929
f 2848/788/1930 2849/789/1931 2847/787/1929
f 2848/788/1930 2850/790/1932 2849/789/1931
f 2848/788/1930 2851/791/1933 2850/790/1932
f 2851/791/1933 2852/792/1934 2850/790/1932
f 2851/791/1933 2853/793/1935 2852/792/1934
f 2851/791/1933 2854/794/1936 2853/793/1935
f 2854/794/1936 2855/795/1937 2853/793/1935
f 2855/795/1937 2856/796/1938 2853/793/1935
f 2850/790/1932 2852/792/1934 2857/797/1776
f 2852/792/1934 2858/798/1939 2857/797/1776
f 2852/792/1934 2853/793/1935 2859/798/1907
f 2853/793/1935 2860/799/1940 2859/798/1907
f 2853/793/1935 2856/796/1938 2861/799/1941
f 2856/796/1938 2855/795/1937 2862/800/1942
f 2856/796/1938 2862/800/1942 2863/799/1940
f 2855/795/1937 2864/801/1943 2862/800/1942
f 2854/794/1936 2851/791/1933 2865/802/1217
f 2851/791/1933 2866/803/1943 2865/802/1217
f 2855/795/1937 2854/794/1936 2867/801/1911
f 2854/794/1936 2868/802/1217 2867/801/1911
f 2851/791/1933 2848/788/1930 2869/803/1944
f 2848/788/1930 2870/804/1915 2869/803/1944
f 2848/788/1930 2843/785/1927 2870/804/1915
f 2843/785/1927 2871/805/1916 2870/804/1915
f 2843/785/1927 2844/784/1926 2872/805/1916
f 2844/784/1926 2873/806/1918 2872/805/1916
f 2844/784/1926 2845/783/1925 2873/806/1918
f 2845/783/1925 2874/807/1919 2873/806/1918
f 2845/783/1925 2846/786/1928 2874/807/1919
f 2846/786/1928 2876/808/1920 2875/807/1921
f 2846/786/1928 2847/787/1929 2876/808/1920
f 2847/787/1929 2877/809/1922 2876/808/1920
f 2847/787/1929 2849/789/1931 2877/809/1922
f 2849/789/1931 2879/810/1866 2878/809/1945
f 2849/789/1931 2850/790/1932 2880/810/1866
f 2850/790/1932 2881/797/273 2880/810/1866
f 2884/783/1946 2883/784/302 2882/785/1947
f 2882/785/1947 2885/786/1948 2884/783/1946
f 2882/785/1947 2886/787/1949 2885/786/1948
f 2882/785/1947 2887/788/1950 2886/787/1949
f 2887/788/1950 2888/789/1951 2886/787/1949
f 2887/788/1950 2889/790/1952 2888/789/1951
f 2887/788/1950 2890/791/1953 2889/790/1952
f 2890/791/1953 2891/792/1954 2889/790/1952
f 2890/791/1953 2892/793/1955 2891/792/1954
f 2890/791/1953 2893/794/1956 2892/793/1955
f 2893/794/1956 2894/795/1957 2892/793/1955
f 2894/795/1957 2895/796/1958 2892/793/1955
f 2889/790/1952 2891/792/1954 2896/797/273
f 2891/792/1954 2897/798/1959 2896/797/273
f 2891/792/1954 2892/793/1955 2898/798/1907
f 2892/793/1955 2899/799/1960 2898/798/1907
f 2892/793/1955 2895/796/1958 2900/799/1960
f 2895/796/1958 2894/795/1957 2901/800/1961
f 2895/796/1958 2901/800/1961 2902/799/1962
f 2894/795/1957 2903/801/1963 2901/800/1961
f 2893/794/1956 2890/791/1953 2904/802/1964
f 2890/791/1953 2905/803/1963 2904/802/1964
f 2894/795/1957 2893/794/1956 2906/801/1963
f 2893/794/1956 2907/802/611 2906/801/1963
f 2890/791/1953 2887/788/1950 2908/803/1965
f 2887/788/1950 2909/804/1966 2908/803/1965
f 2887/788/1950 2882/785/1947 2909/804/1966
f 2882/785/1947 2910/805/1916 2909/804/1966
f 2882/785/1947 2883/784/302 2911/805/1916
f 2883/784/302 2912/806/1918 2911/805/1916
f 2883/784/302 2884/783/1946 2912/806/1918
f 2884/783/1946 2913/807/1919 2912/806/1918
f 2884/783/1946 2885/786/1948 2913/807/1919
f 2885/786/1948 2915/808/1967 2914/807/1968
f 2885/786/1948 2886/787/1949 2915/808/1967
f 2886/787/1949 2916/809/1969 2915/808/1967
f 2886/787/1949 2888/789/1951 2917/809/1922
f 2888/789/1951 2919/810/1970 2918/809/1922
f 2888/789/1951 2889/790/1952 2920/810/1971
f 2889/790/1952 2921/797/273 2920/810/1971
f 2924/785/1972 2923/784/1973 2922/783/1974
f 2922/783/1974 2925/786/1975 2924/785/1972
f 2925/786/1975 2926/787/1976 2924/785/1972
f 2926/787/1976 2927/788/1977 2924/785/1972
f 2926/787/1976 2928/789/1978 2927/788/1977
f 2928/789/1978 2929/790/1979 2927/788/1977
f 2929/790/1979 2930/791/1980 2927/788/1977
f 2929/790/1979 2931/792/1981 2930/791/1980
f 2931/792/1981 2932/793/1982 2930/791/1980
f 2932/793/1982 2933/794/1983 2930/791/1980
f 2932/793/1982 2934/795/1984 2933/794/1983
f 2932/793/1982 2935/796/1985 2934/795/1984
f 2931/792/1981 2929/790/1979 2936/797/1680
f 2937/798/1939 2931/792/1981 2936/797/1680
f 2932/793/1982 2931/792/1981 2938/798/1939
f 2939/799/1986 2932/793/1982 2938/798/1939
f 2935/796/1985 2932/793/1982 2940/799/1962
f 2934/795/1984 2935/796/1985 2941/800/1961
f 2941/800/1961 2935/796/1985 2942/799/1940
f 2943/801/1963 2934/795/1984 2941/800/1961
f 2930/791/1980 2933/794/1983 2944/802/611
f 2945/803/1987 2930/791/1980 2944/802/611
f 2933/794/1983 2934/795/1984 2946/801/1988
f 2947/802/611 2933/794/1983 2946/801/1988
f 2949/804/1966 2927/788/1977 2948/803/1989
f 2927/788/1977 2930/791/1980 2948/803/1989
f 2924/785/1972 2927/788/1977 2949/804/1966
f 2950/805/1916 2924/785/1972 2949/804/1966
f 2923/784/1973 2924/785/1972 2951/805/1916
f 2952/806/1918 2923/784/1973 2951/805/1916
f 2922/783/1974 2923/784/1973 2952/806/1918
f 2953/807/1990 2922/783/1974 2952/806/1918
f 2925/786/1975 2922/783/1974 2953/807/1990
f 2955/808/1920 2925/786/1975 2954/807/1991
f 2926/787/1976 2925/786/1975 2955/808/1920
f 2956/809/1922 2926/787/1976 2955/808/1920
f 2928/789/1978 2926/787/1976 2956/809/1922
f 2958/810/1971 2928/789/1992 2957/809/1993
f 2929/790/1979 2928/789/1978 2959/810/1971
f 2960/797/1680 2929/790/1979 2959/810/1971
f 2963/1051/1994 2962/1052/1994 2961/1053/1995
f 2962/1052/1994 2964/1054/1996 2961/1053/1995
f 2965/1055/1997 2962/1052/1994 2963/1051/1994
f 2966/1056/1997 2965/1055/1997 2963/1051/1994
f 2961/1053/1995 2964/1054/1996 2967/1057/1998
f 2964/1054/1996 2968/1058/1998 2967/1057/1998
f 2967/1057/1998 2968/1058/1998 2969/1059/1999
f 2968/1058/1998 2970/1060/1999 2969/1059/1999
f 2972/1061/2000 2965/1055/2001 2971/1056/2002
f 2974/1062/2000 2972/1061/2000 2973/1056/2001
f 2976/1059/1999 2970/1060/1999 2975/1063/528
f 2970/1060/1999 2977/1064/2003 2975/1063/528
f 2980/1065/2004 2979/1066/2005 2978/1062/1703
f 2979/1066/2005 2981/1061/1703 2978/1062/1703
f 2983/1067/2006 2979/1066/2007 2982/1065/2008
f 2984/1068/2006 2983/1067/2006 2982/1065/2008
f 2985/1069/2009 2983/1067/2006 2984/1068/2006
f 2986/1070/2010 2985/1069/2009 2984/1068/2006
f 2987/1071/2011 2985/1069/2009 2986/1070/2010
f 2988/1072/2011 2987/1071/2011 2986/1070/2010
f 2989/1073/2012 2987/1071/2011 2988/1072/2011
f 2990/1074/2012 2989/1073/2012 2988/1072/2011
f 2992/1064/528 2989/1073/2013 2991/1074/2013
f 2994/1063/2014 2992/1064/2014 2993/1074/2013
f 2997/1075/2015 2996/1076/2015 2995/1077/2016
f 2996/1076/2015 2998/1078/2016 2995/1077/2016
f 2999/1079/2017 2996/1076/2015 2997/1075/2015
f 3000/1080/2017 2999/1079/2017 2997/1075/2015
f 2995/1077/2016 2998/1078/2016 3001/1081/2018
f 2998/1078/2016 3002/1082/2018 3001/1081/2018
f 3001/1081/2018 3002/1082/2018 3003/1083/2019
f 3002/1082/2018 3004/1084/2019 3003/1083/2019
f 3003/1083/2019 3004/1084/2019 3005/1085/2020
f 3004/1084/2019 3006/1086/2020 3005/1085/2020
f 3005/1085/2020 3006/1086/2020 3007/1087/2021
f 3006/1086/2020 3008/1088/2022 3007/1087/2021
f 3010/1089/2023 3009/1090/2024 3000/1080/2025
f 3009/1090/2024 3011/1079/2025 3000/1080/2025
f 3012/1091/2026 3009/1090/2024 3010/1089/2023
f 3013/1092/2026 3012/1091/2026 3010/1089/2023
f 3014/1093/2027 3012/1091/2026 3013/1092/2026
f 3015/1094/2027 3014/1093/2027 3013/1092/2026
f 3016/1095/2028 3014/1093/2027 3015/1094/2027
f 3017/1096/2028 3016/1095/2028 3015/1094/2027
f 3018/1097/2029 3016/1095/2028 3017/1096/2028
f 3019/1098/2029 3018/1097/2029 3017/1096/2028
f 3007/1087/2021 3020/1088/2030 3019/1098/2029
f 3020/1088/2030 3018/1097/2029 3019/1098/2029
f 3023/1077/2031 3022/1099/1727 3021/1075/2032
f 3021/1075/2032 3022/1099/1727 3024/1080/1341
f 3024/1080/1341 3022/1099/1727 3025/1089/2033
f 3025/1089/2033 3022/1099/1727 3026/1092/1341
f 3026/1092/1341 3022/1099/1727 3027/1094/2034
f 3027/1094/2034 3022/1099/1727 3028/1096/2035
f 3028/1096/2035 3022/1099/1727 3029/1098/2036
f 3029/1098/2036 3022/1099/1727 3030/1087/2037
f 3030/1087/2037 3022/1099/1727 3031/1085/2038
f 3031/1085/2038 3022/1099/1727 3032/1083/2039
f 3032/1083/2039 3022/1099/1727 3033/1081/2040
f 3033/1081/2040 3022/1099/1727 3023/1077/2031
f 3036/1054/2010 3035/1052/2006 3034/1053/2009
f 3035/1052/2006 3037/1051/2006 3034/1053/2009
f 3035/1052/2006 3038/1055/2008 3037/1051/2006
f 3038/1055/2008 3039/1056/2007 3037/1051/2006
f 3036/1054/2010 3034/1053/2009 3040/1057/2011
f 3041/1058/2041 3036/1054/2010 3040/1057/2011
f 3041/1058/2041 3040/1057/2011 3042/1059/2012
f 3043/1060/2012 3041/1058/2041 3042/1059/2012
f 3038/1055/2004 3045/1061/1703 3044/1056/2004
f 3045/1061/1703 3047/1062/1703 3046/1056/2042
f 3049/1064/528 3043/1060/2013 3048/1063/2014
f 3043/1060/2013 3050/1059/2043 3048/1063/2014
f 3053/1061/2000 3052/1066/2001 3051/1062/2000
f 3052/1066/2001 3054/1065/2001 3051/1062/2000
f 3052/1066/2044 3056/1067/1994 3055/1065/2044
f 3056/1067/1994 3057/1068/1994 3055/1065/2044
f 3056/1067/1994 3058/1069/1996 3057/1068/1994
f 3058/1069/1996 3059/1070/1995 3057/1068/1994
f 3058/1069/1996 3060/1071/2045 3059/1070/1995
f 3060/1071/2045 3061/1072/1998 3059/1070/1995
f 3060/1071/2045 3062/1073/1999 3061/1072/1998
f 3062/1073/1999 3063/1074/2046 3061/1072/1998
f 3062/1073/1999 3065/1064/528 3064/1074/1999
f 3065/1064/528 3067/1063/528 3066/1074/2047
f 3070/1078/2028 3069/1076/2027 3068/1077/2028
f 3069/1076/2027 3071/1075/2027 3068/1077/2028
f 3069/1076/2027 3072/1079/2048 3071/1075/2027
f 3072/1079/2048 3073/1080/2048 3071/1075/2027
f 3070/1078/2028 3068/1077/2028 3074/1081/2029
f 3075/1082/2029 3070/1078/2028 3074/1081/2029
f 3075/1082/2029 3074/1081/2029 3076/1083/2021
f 3077/1084/2021 3075/1082/2029 3076/1083/2021
f 3077/1084/2021 3076/1083/2021 3078/1085/2020
f 3079/1086/2020 3077/1084/2021 3078/1085/2020
f 3079/1086/2020 3078/1085/2020 3080/1087/2019
f 3081/1088/2019 3079/1086/2020 3080/1087/2019
f 3083/1079/2026 3082/1090/2024 3073/1080/2026
f 3082/1090/2024 3084/1089/2024 3073/1080/2026
f 3082/1090/2024 3085/1091/2025 3084/1089/2024
f 3085/1091/2025 3086/1092/2025 3084/1089/2024
f 3085/1091/2025 3087/1093/2015 3086/1092/2025
f 3087/1093/2015 3088/1094/2015 3086/1092/2025
f 3087/1093/2015 3089/1095/2016 3088/1094/2015
f 3089/1095/2016 3090/1096/2016 3088/1094/2015
f 3089/1095/2016 3091/1097/2018 3090/1096/2016
f 3091/1097/2018 3092/1098/2018 3090/1096/2016
f 3091/1097/2018 3093/1088/2019 3092/1098/2018
f 3093/1088/2019 3080/1087/2019 3092/1098/2018
f 3096/1099/1727 3095/1077/2035 3094/1075/2034
f 3096/1099/1727 3094/1075/2034 3097/1080/1348
f 3096/1099/1727 3097/1080/1348 3098/1089/2033
f 3096/1099/1727 3098/1089/2033 3099/1092/1341
f 3096/1099/1727 3099/1092/1341 3100/1094/2032
f 3096/1099/1727 3100/1094/2032 3101/1096/2031
f 3096/1099/1727 3101/1096/2031 3102/1098/2040
f 3096/1099/1727 3102/1098/2040 3103/1087/2037
f 3096/1099/1727 3103/1087/2037 3104/1085/2038
f 3096/1099/1727 3104/1085/2038 3105/1083/2037
f 3096/1099/1727 3105/1083/2037 3106/1081/2036
f 3096/1099/1727 3106/1081/2036 3095/1077/2035
f 3109/1100/2049 3108/1101/2050 3107/1102/2051
f 3108/1101/2050 3110/1103/2052 3107/1102/2051
f 3113/1100/2053 3112/1101/2053 3111/1102/93
f 3112/1101/2053 3114/1103/2054 3111/1102/93
f 3117/1100/2055 3116/1101/2056 3115/1102/500
f 3116/1101/2056 3118/1103/500 3115/1102/500
f 3121/1100/500 3120/1101/500 3119/1102/2057
f 3120/1101/500 3122/1103/2058 3119/1102/2057
f 3125/1100/2056 3124/1101/2059 3123/1102/2060
f 3124/1101/2059 3126/1103/2061 3123/1102/2060
f 3129/1100/2051 3128/1101/2062 3127/1102/2063
f 3128/1101/2062 3130/1103/2063 3127/1102/2063
f 3133/1100/93 3132/1101/2064 3131/1102/2065
f 3132/1101/2064 3134/1103/2056 3131/1102/2065
f 3137/1100/2066 3136/1101/2067 3135/1102/2051
f 3136/1101/2067 3138/1103/2068 3135/1102/2051
f 3141/1100/196 3140/1101/196 3139/1102/2069
f 3140/1101/196 3142/1103/2070 3139/1102/2069
f 3145/1100/2071 3144/1101/2072 3143/1102/2073
f 3144/1101/2072 3146/1103/2074 3143/1102/2073
f 3149/1100/2073 3148/1101/2075 3147/1102/2076
f 3148/1101/2075 3150/1103/2077 3147/1102/2076
f 3153/1100/2059 3152/1101/2078 3151/1102/2079
f 3152/1101/2078 3154/1103/2080 3151/1102/2079
f 3157/1100/2051 3156/1101/2068 3155/1102/70
f 3156/1101/2068 3158/1103/2081 3155/1102/70
f 3161/1100/2069 3160/1101/2070 3159/1102/2082
f 3160/1101/2070 3162/1103/2083 3159/1102/2082
f 3165/1100/2084 3164/1101/2085 3163/1102/423
f 3164/1101/2085 3166/1103/253 3163/1102/423
f 3169/1100/423 3168/1101/255 3167/1102/2086
f 3168/1101/255 3170/1103/401 3167/1102/2086
f 3173/1100/2086 3172/1101/401 3171/1102/531
f 3172/1101/401 3174/1103/2087 3171/1102/531
f 3177/1100/531 3176/1101/2087 3175/1102/531
f 3176/1101/2087 3178/1103/531 3175/1102/531
f 3181/1100/2088 3180/1101/2089 3179/1102/2090
f 3180/1101/2089 3182/1103/2091 3179/1102/2090
f 3185/1100/2092 3184/1101/2093 3183/1102/2094
f 3184/1101/2093 3186/1103/2085 3183/1102/2094
f 3189/1100/2095 3188/1101/2096 3187/1102/2097
f 3188/1101/2096 3190/1103/2093 3187/1102/2097
f 3193/1100/2088 3192/1101/422 3191/1102/2098
f 3192/1101/422 3194/1103/422 3191/1102/2098
f 3197/1103/2099 3196/1102/2100 3195/1101/214
f 3196/1102/2100 3198/1100/214 3195/1101/214
f 3201/1104/214 3200/1102/214 3199/1101/215
f 3200/1102/214 3202/1100/214 3199/1101/215
f 3205/1100/2101 3204/1101/581 3203/1102/2102
f 3204/1101/581 3206/1103/581 3203/1102/2102
f 3209/1103/2103 3208/1102/2104 3207/1101/199
f 3212/1100/2104 3211/1101/2103 3210/1102/2105
f 3211/1101/2103 3213/1103/2106 3210/1102/2105
f 3216/1100/38 3215/1101/2106 3214/1102/2107
f 3215/1101/2106 3217/1103/2107 3214/1102/2107
f 3220/1100/2108 3219/1101/2108 3218/1102/2109
f 3219/1101/2108 3221/1103/2109 3218/1102/2109
f 3224/1100/2109 3223/1101/2109 3222/1102/2110
f 3223/1101/2109 3225/1103/2111 3222/1102/2110
f 3228/1100/2110 3227/1101/2111 3226/1102/2111
f 3227/1101/2111 3229/1103/2111 3226/1102/2111
f 3232/1100/2111 3231/1101/2111 3230/1102/2111
f 3231/1101/2111 3233/1103/2111 3230/1102/2111
f 3236/1100/2111 3235/1101/2111 3234/1102/2110
f 3235/1101/2111 3237/1103/2112 3234/1102/2110
f 3240/1100/2110 3239/1101/2112 3238/1102/2113
f 3239/1101/2112 3241/1103/2114 3238/1102/2113
f 3243/1103/522 3242/1102/2115 3239/1101/2116
f 3242/1102/2117 3245/1105/2118 3244/1101/2119
f 3248/1100/2113 3247/1101/2114 3246/1102/2120
f 3247/1101/2114 3249/1103/2121 3246/1102/2120
f 3252/1100/2120 3251/1101/2122 3250/1102/328
f 3251/1101/2122 3253/1103/2123 3250/1102/328
f 3256/1100/328 3255/1101/2123 3254/1102/2124
f 3259/1100/199 3258/1101/2108 3257/1102/2125
f 3258/1101/2108 3260/1103/2123 3257/1102/2125
f 3263/1100/2107 3262/1101/2124 3261/1102/2126
f 3266/1100/2127 3265/1101/2127 3264/1102/2128
f 3265/1101/2127 3267/1103/2129 3264/1102/2128
f 3270/1100/2128 3269/1101/2130 3268/1102/218
f 3269/1101/2130 3271/1103/218 3268/1102/218
f 3274/1100/218 3273/1101/218 3272/1102/2131
f 3273/1101/218 3275/1103/2132 3272/1102/2131
f 3278/1100/2133 3277/1101/2131 3276/1102/2134
f 3277/1101/2131 3279/1103/2134 3276/1102/2134
f 3282/1100/2134 3281/1101/2135 3280/1102/2136
f 3281/1101/2135 3283/1103/2137 3280/1102/2136
f 3286/1100/2138 3285/1101/2139 3284/1102/2140
f 3288/1100/2140 3285/1101/2141 3287/1102/2142
f 3285/1101/2141 3289/1103/2143 3287/1102/2142
f 3291/1100/2144 3285/1101/2145 3290/1102/2138
f 3289/1103/2146 3293/1102/2147 3292/1101/2148
f 3293/1102/2147 3295/1100/2149 3294/1101/2148
f 3298/1100/2150 3297/1101/2143 3296/1102/2151
f 3297/1101/2143 3299/1103/2152 3296/1102/2151
f 3299/1103/2153 3301/1102/2146 3300/1101/2154
f 3301/1102/2143 3303/1100/2155 3302/1101/2156
f 3306/1100/2151 3305/1101/2157 3304/1102/2150
f 3305/1101/2157 3307/1103/2158 3304/1102/2150
f 3310/1100/2159 3309/1101/2160 3308/1102/2161
f 3309/1101/2160 3311/1103/2139 3308/1102/2161
f 3313/1100/2145 3309/1101/2162 3312/1102/2163
f 3309/1101/2162 3314/1103/631 3312/1102/2163
f 3317/1100/2164 3316/1101/2165 3315/1102/2159
f 3316/1101/2165 3318/1103/2166 3315/1102/2159
f 3321/1100/2167 3320/1101/2168 3319/1102/2164
f 3320/1101/2168 3322/1103/549 3319/1102/2164
f 3325/1100/2164 3324/1101/549 3323/1102/2140
f 3324/1101/549 3326/1103/2140 3323/1102/2140
f 3328/1100/2140 3327/1101/549 3323/1102/2140
f 3327/1101/549 3329/1103/2164 3323/1102/2140
f 3332/1106/2150 3331/1101/2169 3330/1103/2168
f 3330/1103/2168 3333/1107/2170 3332/1106/2150
f 3330/1103/2168 3334/1102/2171 3333/1107/2170
f 3337/1103/2172 3336/1102/2173 3335/1101/2174
f 3336/1102/2173 3338/1100/2175 3335/1101/2174
f 3341/1103/2176 3340/1102/2177 3339/1101/2178
f 3340/1102/2177 3342/1100/2179 3339/1101/2178
f 3345/1103/2178 3344/1102/2179 3343/1101/2180
f 3344/1102/2179 3346/1100/2181 3343/1101/2180
f 3349/1103/2182 3348/1102/2181 3347/1101/2183
f 3348/1102/2181 3350/1100/2184 3347/1101/2183
f 3353/1103/2183 3352/1102/2185 3351/1101/2186
f 3352/1102/2185 3354/1100/2186 3351/1101/2186
f 3357/1103/2186 3356/1102/2186 3355/1101/2187
f 3356/1102/2186 3358/1100/2188 3355/1101/2187
f 3361/1103/2187 3360/1102/2188 3359/1101/2189
f 3360/1102/2188 3362/1100/2190 3359/1101/2189
f 3365/1103/2189 3364/1102/2191 3363/1101/2192
f 3364/1102/2191 3366/1100/2193 3363/1101/2192
f 3369/1103/2173 3368/1102/2194 3367/1101/2186
f 3368/1102/2194 3370/1100/2186 3367/1101/2186
f 3373/1103/2195 3372/1102/2196 3371/1101/2172
f 3372/1102/2196 3374/1100/2172 3371/1101/2172
f 3377/1103/2197 3376/1102/2197 3375/1101/2198
f 3376/1102/2197 3378/1100/2196 3375/1101/2198
f 3381/1103/2186 3380/1102/2186 3379/1101/2199
f 3380/1102/2186 3382/1100/2197 3379/1101/2199
f 3385/1103/2200 3384/1102/880 3383/1101/2201
f 3384/1102/880 3386/1100/2202 3383/1101/2201
f 3389/1103/2203 3388/1102/2204 3387/1101/788
f 3388/1102/2204 3390/1100/2204 3387/1101/788
f 3393/1100/503 3392/1101/2205 3391/1102/503
f 3392/1101/2205 3394/1103/2206 3391/1102/503
f 3397/1103/2207 3396/1102/503 3395/1101/2205
f 3396/1102/503 3398/1100/503 3395/1101/2205
f 3401/1100/2208 3400/1101/2209 3399/1102/2210
f 3400/1101/2209 3402/1103/2211 3399/1102/2210
f 3405/1103/2212 3404/1102/2213 3403/1101/2214
f 3404/1102/2213 3406/1100/2201 3403/1101/2214
f 3409/1100/2211 3408/1101/2215 3407/1102/2216
f 3408/1101/2215 3410/1103/788 3407/1102/2216
f 3413/1103/2217 3412/1102/2218 3411/1101/2201
f 3412/1102/2218 3414/1100/2219 3411/1101/2201
f 3417/1103/2220 3416/1102/893 3415/1101/2220
f 3416/1102/893 3418/1100/893 3415/1101/2220
f 3421/1103/1381 3420/1102/2221 3419/1101/2222
f 3420/1102/2221 3422/1100/2223 3419/1101/2222
f 3425/1103/2224 3424/1102/1381 3423/1101/2209
f 3424/1102/1381 3426/1100/2222 3423/1101/2209
f 3429/1100/2225 3428/1101/2226 3427/1102/2227
f 3428/1101/2226 3430/1103/2209 3427/1102/2227
f 3433/1103/766 3432/1102/2217 3431/1101/766
f 3432/1102/2217 3434/1100/2201 3431/1101/766
f 3437/1103/2228 3436/1102/2229 3435/1101/2230
f 3436/1102/2229 3438/1100/2229 3435/1101/2230
f 3441/1103/253 3440/1102/2231 3439/1101/423
f 3440/1102/2231 3442/1100/2232 3439/1101/423
f 3445/1103/401 3444/1102/253 3443/1101/2086
f 3444/1102/253 3446/1100/423 3443/1101/2086
f 3449/1103/2233 3448/1102/401 3447/1101/531
f 3448/1102/401 3450/1100/2086 3447/1101/531
f 3453/1103/531 3452/1102/2087 3451/1101/531
f 3452/1102/2087 3454/1100/531 3451/1101/531
f 3457/1103/2234 3456/1102/2235 3455/1101/2236
f 3456/1102/2235 3458/1100/2237 3455/1101/2236
f 3461/1100/2231 3460/1101/2238 3459/1102/2239
f 3460/1101/2238 3462/1103/2240 3459/1102/2239
f 3465/1103/2238 3464/1102/2241 3463/1101/2242
f 3464/1102/2241 3466/1100/2236 3463/1101/2242
f 3469/1103/422 3468/1102/422 3467/1101/2235
f 3468/1102/422 3470/1100/2243 3467/1101/2235
f 3473/1100/214 3472/1101/2244 3471/1102/1874
f 3472/1101/2244 3474/1103/2245 3471/1102/1874
f 3476/1101/1194 3474/1103/2246 3475/1102/2247
f 3477/1100/1194 3476/1101/1194 3475/1102/2247
f 3480/1103/214 3479/1102/214 3478/1101/1874
f 3479/1102/214 3481/1100/214 3478/1101/1874
f 3484/1100/2248 3483/1101/2249 3482/1102/896
f 3486/1102/2250 3484/1100/2248 3485/1101/2251
f 3487/1103/2252 3486/1102/2250 3485/1101/2251
f 3489/1103/2253 3488/1102/2254 3483/1101/2250
f 3488/1102/2254 3490/1108/896 3483/1101/2250
f 3492/1103/2255 3488/1102/2256 3491/1101/894
f 3495/1103/2256 3494/1102/2252 3493/1101/2254
f 3494/1102/2252 3496/1100/2251 3493/1101/2254
f 3499/1103/2257 3498/1102/2254 3497/1101/2257
f 3498/1102/2254 3500/1100/2254 3497/1101/2257
f 3503/1103/2258 3502/1102/2257 3501/1101/2259
f 3502/1102/2257 3504/1100/2257 3501/1101/2259
f 3507/1103/2258 3506/1102/2258 3505/1101/2258
f 3506/1102/2258 3508/1100/2259 3505/1101/2258
f 3511/1103/2258 3510/1102/2258 3509/1101/2258
f 3513/1102/2258 3512/1100/2258 3509/1101/2258
f 3516/1103/2259 3515/1102/2258 3514/1101/2259
f 3515/1102/2258 3517/1100/2258 3514/1101/2259
f 3520/1103/2260 3519/1102/2259 3518/1101/2261
f 3519/1102/2259 3521/1100/2259 3518/1101/2261
f 3524/1103/2262 3523/1102/2263 3522/1101/2264
f 3523/1102/2263 3525/1100/2261 3522/1101/2264
f 3528/1103/894 3527/1102/2262 3526/1101/1015
f 3527/1102/2262 3529/1100/2264 3526/1101/1015
f 3528/1103/894 3531/1102/1015 3530/1101/2255
f 3534/1100/2265 3533/1101/2266 3532/1102/2267
f 3533/1101/2266 3535/1103/2266 3532/1102/2267
f 3538/1100/2268 3537/1101/2269 3536/1102/2270
f 3537/1101/2269 3539/1103/2271 3536/1102/2270
f 3542/1103/2272 3541/1102/2268 3540/1101/2273
f 3541/1102/2268 3543/1100/2268 3540/1101/2273
f 3546/1103/2274 3545/1102/2272 3544/1101/2274
f 3545/1102/2272 3547/1109/2272 3544/1101/2274
f 3550/1100/2275 3549/1101/2274 3548/1102/2276
f 3549/1101/2274 3551/1103/2274 3548/1102/2276
f 3554/1103/2277 3553/1102/2278 3552/1101/2140
f 3557/1103/2279 3556/1102/2277 3555/1101/2280
f 3559/1102/2281 3558/1100/2140 3555/1101/2150
f 3561/1103/2282 3559/1102/2277 3560/1101/2283
f 3559/1102/2277 3562/1100/2284 3560/1101/2283
f 3565/1103/2285 3564/1102/2286 3563/1101/2151
f 3567/1102/2286 3566/1100/2150 3563/1101/2151
f 3569/1103/2287 3564/1102/2288 3568/1101/2289
f 3571/1102/2290 3570/1100/2291 3568/1101/2289
f 3574/1110/2150 3573/1101/2292 3572/1102/2150
f 3573/1101/2292 3575/1103/2151 3572/1102/2150
f 3578/1103/2293 3577/1102/2294 3576/1101/2295
f 3581/1100/2296 3580/1101/2297 3579/1102/2298
f 3580/1101/2297 3582/1103/2159 3579/1102/2298
f 3584/1102/2299 3581/1100/2300 3583/1101/2282
f 3585/1111/2301 3584/1102/2299 3583/1101/2282
f 3588/1103/2302 3587/1102/2303 3586/1101/2159
f 3587/1102/2303 3589/1100/2164 3586/1101/2159
f 3592/1103/549 3591/1102/2168 3590/1101/2164
f 3591/1102/2168 3593/1100/2304 3590/1101/2164
f 3596/1103/2305 3595/1102/2150 3594/1112/2142
f 3594/1112/2142 3597/1100/2306 3596/1103/2305
f 3597/1100/2306 3598/1101/2307 3596/1103/2305
f 3601/1100/2308 3600/1101/2309 3599/1102/2310
f 3600/1101/2309 3602/1103/2309 3599/1102/2310
f 3605/1103/2311 3604/1102/2312 3603/1101/2313
f 3604/1102/2312 3606/1100/2314 3603/1101/2313
f 3609/1103/2315 3608/1102/2311 3607/1101/2316
f 3608/1102/2311 3610/1100/2317 3607/1101/2316
f 3613/1103/2318 3612/1102/2315 3611/1101/2319
f 3612/1102/2315 3614/1100/2320 3611/1101/2319
f 3617/1103/2321 3616/1102/2322 3615/1101/2321
f 3616/1102/2322 3618/1100/2319 3615/1101/2321
f 3621/1103/2323 3620/1102/2321 3619/1101/2324
f 3620/1102/2321 3622/1100/2321 3619/1101/2324
f 3625/1103/2325 3624/1102/2323 3623/1101/2326
f 3624/1102/2323 3626/1100/2324 3623/1101/2326
f 3629/1103/2327 3628/1102/2325 3627/1101/2309
f 3628/1102/2325 3631/1100/2326 3630/1101/2309
f 3634/1103/2328 3633/1102/2329 3632/1101/2328
f 3633/1102/2329 3635/1100/2309 3632/1101/2328
f 3638/1100/2309 3637/1101/2330 3636/1102/2309
f 3637/1101/2330 3639/1103/2331 3636/1102/2309
f 3642/1100/2332 3641/1101/2333 3640/1102/2334
f 3641/1101/2333 3643/1103/2335 3640/1102/2334
f 3646/1103/2335 3645/1102/2328 3644/1101/2335
f 3645/1102/2328 3648/1100/2328 3647/1101/2333
f 3651/1100/2336 3650/1101/2336 3649/1102/527
f 3650/1101/2336 3652/1103/547 3649/1102/527
f 3654/1102/2336 3651/1100/2336 3653/1101/534
f 3655/1103/534 3654/1102/2336 3653/1101/534
f 3658/1103/2337 3657/1102/2338 3656/1101/2339
f 3657/1102/2338 3659/1100/2122 3656/1101/2339
f 3662/1103/2340 3661/1102/2339 3660/1101/2341
f 3665/1100/2342 3664/1101/2340 3663/1102/2343
f 3664/1101/2340 3666/1103/2344 3663/1102/2343
f 3669/1103/2345 3668/1102/522 3667/1101/2345
f 3668/1102/522 3670/1113/2346 3667/1101/2345
f 3673/1100/2347 3672/1101/2345 3671/1102/631
f 3675/1101/2345 3674/1103/2345 3671/1102/631
f 3677/1100/2348 3672/1101/2345 3676/1102/2347
f 3680/1103/2349 3679/1102/2350 3678/1101/2351
f 3682/1102/2352 3681/1100/2353 3678/1101/2351
f 3685/1103/2351 3684/1102/2354 3683/1101/2349
f 3684/1102/2354 3686/1100/2355 3683/1101/2349
f 3688/1102/2349 3686/1100/2356 3687/1101/2357
f 3689/1103/2358 3688/1102/2349 3687/1101/2357
f 3692/1114/2359 3691/1102/2359 3690/1101/2351
f 3691/1102/2359 3693/1100/2354 3690/1101/2351
f 3696/1103/2360 3695/1102/527 3694/1101/1071
f 3699/1103/2361 3698/1102/2352 3697/1101/2358
f 3698/1102/2352 3700/1100/2362 3697/1101/2358
f 3703/1103/2363 3702/1102/2364 3701/1101/2365
f 3702/1102/2364 3704/1100/2358 3701/1101/2365
f 3707/1103/2366 3706/1102/2358 3705/1101/2367
f 3706/1102/2358 3709/1100/2368 3708/1101/2367
f 3712/1103/2163 3711/1102/2369 3710/1101/2147
f 3711/1102/2369 3713/1115/2365 3710/1101/2147
f 3716/1100/2147 3715/1101/2370 3714/1102/2371
f 3715/1101/2370 3717/1116/2372 3714/1102/2371
f 3719/1102/2374 3721/1100/2374 3718/1101/2373
f 3731/1103/2376 3730/1102/2377 3729/1101/2378
f 3730/1102/2377 3732/1100/2156 3729/1101/2378
f 3735/1103/214 3734/1102/2379 3733/1101/463
f 3734/1102/2379 3736/1117/2380 3733/1101/463
f 3739/1103/2381 3738/1102/214 3737/1101/2382
f 3738/1102/214 3740/1118/446 3737/1101/2382
f 3743/1103/531 3742/1102/2381 3741/1101/527
f 3742/1102/2381 3744/1119/1071 3741/1101/527
f 3746/1103/547 3745/1102/531 3741/1101/527
f 3749/1120/2383 3748/1102/2384 3747/1101/2385
f 3748/1102/2384 3750/1100/2386 3747/1101/2385
f 3753/1100/2385 3752/1101/2387 3751/1102/2383
f 3756/1121/2388 3755/1102/2389 3754/1101/2390
f 3755/1102/2389 3757/1100/2391 3754/1101/2390
f 3760/1122/2392 3759/1101/2393 3758/1102/2394
f 3759/1101/2393 3761/1103/1158 3758/1102/2394
f 3764/1100/2395 3763/1101/1158 3762/1102/1330
f 3763/1101/1158 3766/1103/2345 3765/1102/1330
f 3769/1100/1330 3768/1101/2396 3767/1102/633
f 3768/1101/2396 3770/1103/2397 3767/1102/633
f 3773/1100/633 3772/1101/2302 3771/1102/2398
f 3776/1101/2399 3775/1103/2281 3774/1102/2400
f 3779/1100/2401 3778/1101/2402 3777/1102/2403
f 3778/1101/2402 3780/1103/2404 3777/1102/2403
f 3779/1100/2401 3782/1101/2403 3781/1102/2405
f 3784/1103/2406 3783/1102/2407 3782/1101/2403
f 3780/1103/2404 3786/1102/2402 3785/1101/2408
f 3786/1102/2402 3787/1100/2409 3785/1101/2408
f 3790/1103/2410 3789/1102/2406 3788/1101/2404
f 3789/1102/2406 3791/1100/2403 3788/1101/2404
f 3794/1102/2411 3793/1100/2405 3792/1101/2403
f 3797/1100/2412 3796/1101/2404 3795/1102/2413
f 3799/1101/2404 3798/1103/2414 3795/1102/2413
f 3802/1103/2414 3801/1102/2415 3800/1101/2416
f 3801/1102/2415 3803/1100/2417 3800/1101/2416
f 3806/1100/2413 3805/1101/2414 3804/1102/2418
f 3809/1101/2414 3808/1103/2419 3807/1102/2418
f 3812/1103/2416 3811/1102/2417 3810/1101/2281
f 3815/1102/2420 3814/1100/2398 3813/1101/2277
f 3818/1103/2345 3817/1102/2421 3816/1101/2397
f 3821/1103/2289 3820/1102/2291 3819/1101/2422
f 3820/1102/2423 3823/1100/2424 3822/1101/2425
f 3826/1103/2426 3825/1102/2427 3824/1101/2428
f 3829/1102/535 3828/1100/214 3827/1101/446
f 3832/1103/446 3831/1102/2429 3830/1101/2430
f 3835/1102/214 3834/1100/2381 3833/1101/434
f 3838/1103/2431 3837/1102/2381 3836/1101/2432
f 3841/1102/2381 3840/1100/531 3839/1101/547
f 3844/1100/2433 3843/1101/2434 3842/1102/2435
f 3843/1101/2434 3845/1103/2436 3842/1102/2435
f 3851/1100/2435 3850/1101/2436 3849/1102/2438
f 3850/1101/2436 3852/1103/1304 3849/1102/2438
f 3855/1103/2439 3854/1102/407 3853/1101/2439
f 3854/1102/407 3856/1100/2440 3853/1101/2439
f 3859/1103/2439 3858/1102/2439 3857/1101/2439
f 3858/1102/2439 3860/1100/2439 3857/1101/2439
f 3871/1100/2442 3870/1101/2443 3869/1102/2440
f 3874/1103/2440 3873/1102/2443 3872/1101/1298
f 3877/1100/1286 3876/1101/2444 3875/1102/2445
f 3880/1103/2446 3879/1101/2447 3878/1102/2446
f 3879/1101/2447 3881/1100/2448 3878/1102/2446
f 3887/1103/1304 3886/1101/2446 3885/1102/1298
f 3886/1101/2446 3888/1100/2435 3885/1102/1298
f 3891/1100/2440 3890/1102/407 3889/1101/2439
f 3890/1102/407 3892/1103/2439 3889/1101/2439
f 3895/1100/2439 3894/1102/2439 3893/1101/2439
f 3894/1102/2439 3896/1103/2439 3893/1101/2439
f 3907/1101/2451 3906/1100/2452 3905/1102/2453
f 3910/1102/2451 3909/1103/2453 3908/1101/2454
f 3913/1101/2455 3912/1100/1286 3911/1102/2440
f 3916/1124/2456 3915/1125/2456 3914/1126/2150
f 3915/1125/2456 3917/1127/2142 3914/1126/2150
f 3918/1128/2457 3915/1125/2456 3916/1124/2456
f 3919/1129/2458 3918/1128/2457 3916/1124/2456
f 3920/1130/2459 3918/1128/2457 3919/1129/2458
f 3921/1131/2460 3920/1130/2459 3919/1129/2458
f 3916/1124/2456 3914/1126/2150 3922/1132/2456
f 3923/1133/2461 3916/1124/2456 3922/1132/2456
f 3919/1129/2458 3916/1124/2456 3923/1133/2461
f 3924/1134/2462 3919/1129/2458 3923/1133/2461
f 3925/1135/2458 3919/1129/2458 3924/1134/2462
f 3919/1129/2458 3925/1135/2458 3921/1131/2460
f 3926/1136/2458 3925/1135/2458 3924/1134/2462
f 3929/1137/2120 3928/1138/2070 3927/1139/2463
f 3927/1139/2463 3928/1138/2070 3930/1140/2464
f 3930/1140/2464 3928/1138/2070 3931/1141/2464
f 3931/1141/2464 3928/1138/2070 3932/1142/2465
f 3932/1142/2465 3928/1138/2070 3933/1143/2466
f 3933/1143/2466 3928/1138/2070 3934/1144/38
f 3934/1144/38 3928/1138/2070 3935/1145/2467
f 3935/1145/2467 3928/1138/2070 3936/1146/2468
f 3936/1146/2468 3928/1138/2070 3937/1147/2469
f 3937/1147/2469 3928/1138/2070 3938/1148/2470
f 3938/1148/2470 3928/1138/2070 3929/1137/2120
f 3941/1149/2471 3940/1150/2472 3939/1151/2473
f 3942/1152/2474 3940/1150/2472 3941/1149/2471
f 3943/1153/2475 3940/1150/2472 3942/1152/2474
f 3944/1154/2476 3940/1150/2472 3943/1153/2475
f 3945/1155/2476 3940/1150/2472 3944/1154/2476
f 3946/1156/2477 3940/1150/2472 3945/1155/2476
f 3947/1157/2478 3940/1150/2472 3946/1156/2477
f 3948/1158/2479 3940/1150/2472 3947/1157/2478
f 3949/1159/2188 3940/1150/2472 3948/1158/2479
f 3939/1151/2473 3940/1150/2472 3950/1160/2173
f 3950/1160/2173 3940/1150/2472 3951/1161/2188
f 3951/1161/2188 3940/1150/2472 3949/1159/2188
f 3954/1162/2451 3953/1163/2451 3952/1164/2451
f 3957/1165/2142 3956/1166/2456 3955/1167/2150
f 3956/1166/2456 3958/1168/2456 3955/1167/2150
f 3956/1166/2456 3959/1169/2458 3958/1168/2456
f 3959/1169/2458 3960/1170/2458 3958/1168/2456
f 3959/1169/2458 3961/1171/2480 3960/1170/2458
f 3961/1171/2480 3962/1172/2460 3960/1170/2458
f 3955/1167/2150 3958/1168/2456 3963/1132/2456
f 3958/1168/2456 3964/1133/2481 3963/1132/2456
f 3958/1168/2456 3960/1170/2458 3964/1133/2481
f 3960/1170/2458 3965/1134/2462 3964/1133/2481
f 3960/1170/2458 3966/1173/2458 3965/1134/2462
f 3966/1173/2458 3960/1170/2458 3962/1172/2460
f 3966/1173/2458 3967/1136/2458 3965/1134/2462
f 3970/1138/2220 3969/1137/2264 3968/1139/2482
f 3970/1138/2220 3968/1139/2482 3971/1140/2483
f 3970/1138/2220 3971/1140/2483 3972/1141/2483
f 3970/1138/2220 3972/1141/2483 3973/1142/2484
f 3970/1138/2220 3973/1142/2484 3974/1143/2485
f 3970/1138/2220 3974/1143/2485 3975/1144/734
f 3970/1138/2220 3975/1144/734 3976/1145/2486
f 3970/1138/2220 3976/1145/2486 3977/1146/2487
f 3970/1138/2220 3977/1146/2487 3978/1147/2488
f 3970/1138/2220 3978/1147/2488 3979/1148/2489
f 3970/1138/2220 3979/1148/2489 3969/1137/2264
f 3982/1150/2490 3981/1149/2491 3980/1151/2492
f 3982/1150/2490 3983/1152/2493 3981/1149/2491
f 3982/1150/2490 3984/1153/2494 3983/1152/2493
f 3982/1150/2490 3985/1154/2495 3984/1153/2494
f 3982/1150/2490 3986/1155/2495 3985/1154/2495
f 3982/1150/2490 3987/1156/2496 3986/1155/2495
f 3982/1150/2490 3988/1157/2497 3987/1156/2496
f 3982/1150/2490 3989/1158/2498 3988/1157/2497
f 3982/1150/2490 3990/1159/2323 3989/1158/2498
f 3982/1150/2490 3980/1151/2492 3991/1160/2499
f 3982/1150/2490 3991/1160/2499 3992/1161/2323
f 3982/1150/2490 3992/1161/2323 3990/1159/2323
f 4025/1200/2509 4024/1201/2510 4023/1202/2510
f 4025/1200/2509 4023/1202/2510 4026/1203/2511
f 4025/1200/2509 4026/1203/2511 4027/1204/2512
f 4025/1200/2509 4027/1204/2512 4028/1205/2513
f 4025/1200/2509 4028/1205/2513 4029/1206/2514
f 4025/1200/2509 4029/1206/2514 4030/1207/2515
f 4025/1200/2509 4030/1207/2515 4031/1208/2516
f 4025/1200/2509 4031/1208/2516 4032/1209/2517
f 4025/1200/2509 4032/1209/2517 4033/1210/2518
f 4025/1200/2509 4033/1210/2518 4024/1201/2510
f 4036/1211/1727 4035/1212/2519 4034/1213/271
f 4036/1211/1727 4034/1213/271 4037/1214/2520
f 4036/1211/1727 4037/1214/2520 4038/1215/2521
f 4036/1211/1727 4038/1215/2521 4039/1216/2520
f 4036/1211/1727 4039/1216/2520 4040/1217/271
f 4036/1211/1727 4040/1217/271 4041/1218/2519
f 4036/1211/1727 4041/1218/2519 4042/1219/2522
f 4036/1211/1727 4042/1219/2522 4043/1220/2523
f 4036/1211/1727 4043/1220/2523 4044/1221/2524
f 4036/1211/1727 4044/1221/2524 4045/1222/2523
f 4036/1211/1727 4045/1222/2523 4046/1223/2525
f 4036/1211/1727 4046/1223/2525 4035/1212/2519
f 4049/1201/2526 4048/1200/2527 4047/1202/2526
f 4047/1202/2526 4048/1200/2527 4050/1203/2528
f 4050/1203/2528 4048/1200/2527 4051/1204/2529
f 4051/1204/2529 4048/1200/2527 4052/1205/2530
f 4052/1205/2530 4048/1200/2527 4053/1206/2531
f 4053/1206/2531 4048/1200/2527 4054/1207/2532
f 4054/1207/2532 4048/1200/2527 4055/1208/2533
f 4055/1208/2533 4048/1200/2527 4056/1209/2534
f 4056/1209/2534 4048/1200/2527 4057/1210/2535
f 4057/1210/2535 4048/1200/2527 4049/1201/2526
f 4060/1212/2519 4059/1211/1727 4058/1213/2536
f 4058/1213/2536 4059/1211/1727 4061/1214/2520
f 4061/1214/2520 4059/1211/1727 4062/1215/2521
f 4062/1215/2521 4059/1211/1727 4063/1216/2520
f 4063/1216/2520 4059/1211/1727 4064/1217/271
f 4064/1217/271 4059/1211/1727 4065/1218/2519
f 4065/1218/2519 4059/1211/1727 4066/1219/2522
f 4066/1219/2522 4059/1211/1727 4067/1220/2523
f 4067/1220/2523 4059/1211/1727 4068/1221/2524
f 4068/1221/2524 4059/1211/1727 4069/1222/2523
f 4069/1222/2523 4059/1211/1727 4070/1223/2522
f 4070/1223/2522 4059/1211/1727 4060/1212/2519
f 4073/1224/2537 4072/1225/2538 4071/1226/2539
f 4072/1225/2538 4074/1227/543 4071/1226/2539
f 4074/1227/543 4072/1225/2538 4075/1228/2540
f 4075/1228/2540 4076/1229/2541 4074/1227/543
f 4076/1229/2541 4077/1230/2542 4074/1227/543
f 4078/1231/2543 4073/1224/2537 4071/1226/2539
f 4071/1226/2539 4079/1232/2544 4078/1231/2543
f 4071/1226/2539 4080/1233/2545 4079/1232/2544
f 4081/1234/1197 4071/1226/2539 4074/1227/543
f 4082/1235/2546 4081/1234/1197 4074/1227/543
f 4082/1235/2546 4074/1227/543 4077/1230/2542
f 4083/1236/2547 4082/1235/2546 4077/1230/2542
f 4084/1237/2548 4071/1226/2539 4081/1234/1197
f 4084/1237/2548 4080/1233/2545 4071/1226/2539
f 4081/1234/1197 4085/1238/2549 4084/1237/2548
f 4081/1234/1197 4086/1239/2550 4085/1238/2549
f 4072/1225/2538 4073/1224/2537 4087/1240/2551
f 4073/1224/2537 4088/1241/2552 4087/1240/2551
f 4073/1224/2537 4078/1231/2543 4088/1241/2552
f 4077/1230/2542 4076/1229/2541 4089/1242/2553
f 4076/1229/2541 4090/1243/2554 4089/1242/2553
f 4076/1229/2541 4075/1228/2540 4090/1243/2554
f 4075/1228/2540 4091/1244/2555 4090/1243/2554
f 4075/1228/2540 4072/1225/2538 4091/1244/2555
f 4072/1225/2538 4087/1240/2551 4091/1244/2555
f 4078/1231/2543 4092/1245/2556 4088/1241/2552
f 4078/1231/2543 4079/1232/2544 4092/1245/2556
f 4079/1232/2544 4093/1246/2557 4092/1245/2556
f 4079/1232/2544 4080/1233/2545 4093/1246/2557
f 4080/1233/2545 4094/1247/2558 4093/1246/2557
f 4080/1233/2545 4095/1248/2558 4094/1247/2558
f 4085/1238/2549 4086/1239/2550 4096/1249/2559
f 4085/1238/2549 4096/1249/2559 4097/1250/2560
f 4084/1237/2548 4085/1238/2549 4097/1250/2560
f 4080/1233/2545 4084/1237/2548 4095/1248/2558
f 4084/1237/2548 4097/1250/2560 4095/1248/2558
f 4077/1230/2542 4089/1242/2553 4098/1251/2561
f 4083/1236/2547 4077/1230/2542 4098/1251/2561
f 4083/1236/2547 4098/1251/2561 4099/1252/558
f 4082/1235/2546 4083/1236/2547 4099/1252/558
f 4082/1235/2546 4099/1252/558 4100/1253/2562
f 4081/1234/1197 4082/1235/2546 4100/1253/2562
f 4081/1234/1197 4100/1253/2562 4101/1254/2563
f 4086/1239/2550 4081/1234/1197 4101/1254/2563
f 4086/1239/2550 4102/1255/2564 4096/1249/2559
f 4086/1239/2550 4101/1254/2563 4102/1255/2564
f 4105/1256/2565 4104/1249/2565 4103/1255/2565
f 4108/1227/1169 4107/1225/2566 4106/1226/2567
f 4107/1225/2566 4109/1224/2568 4106/1226/2567
f 4107/1225/2566 4108/1227/1169 4110/1230/2569
f 4110/1230/2569 4111/1229/2570 4107/1225/2566
f 4111/1229/2570 4112/1228/2571 4107/1225/2566
f 4113/1233/2572 4106/1226/2567 4109/1224/2568
f 4109/1224/2568 4114/1232/2573 4113/1233/2572
f 4109/1224/2568 4115/1231/2574 4114/1232/2573
f 4106/1226/2567 4116/1234/586 4108/1227/1169
f 4116/1234/586 4117/1235/1197 4108/1227/1169
f 4108/1227/1169 4117/1235/1197 4110/1230/2569
f 4117/1235/1197 4118/1236/2547 4110/1230/2569
f 4119/1239/1199 4116/1234/586 4106/1226/2567
f 4106/1226/2567 4120/1238/2575 4119/1239/1199
f 4106/1226/2567 4121/1237/2576 4120/1238/2575
f 4113/1233/2572 4121/1237/2576 4106/1226/2567
f 4109/1224/2568 4107/1225/2566 4122/1240/2577
f 4123/1241/2578 4109/1224/2568 4122/1240/2577
f 4115/1231/2574 4109/1224/2568 4123/1241/2578
f 4111/1229/2570 4110/1230/2569 4124/1242/2579
f 4125/1243/2580 4111/1229/2570 4124/1242/2579
f 4112/1228/2571 4111/1229/2570 4125/1243/2580
f 4126/1244/2581 4112/1228/2571 4125/1243/2580
f 4122/1240/2577 4107/1225/2566 4126/1244/2581
f 4107/1225/2566 4112/1228/2571 4126/1244/2581
f 4127/1245/2582 4115/1231/2574 4123/1241/2578
f 4114/1232/2573 4115/1231/2574 4127/1245/2582
f 4128/1246/2583 4114/1232/2573 4127/1245/2582
f 4113/1233/2572 4114/1232/2573 4128/1246/2583
f 4129/1247/2584 4113/1233/2572 4128/1246/2583
f 4130/1248/2585 4113/1233/2572 4129/1247/2584
f 4121/1237/2576 4113/1233/2572 4130/1248/2585
f 4118/1236/2547 4117/1235/1197 4131/1252/1176
f 4131/1252/1176 4117/1235/1197 4132/1253/2586
f 4117/1235/1197 4116/1234/586 4132/1253/2586
f 4133/1251/2587 4118/1236/2547 4131/1252/1176
f 4124/1242/2579 4110/1230/2569 4133/1251/2587
f 4110/1230/2569 4118/1236/2547 4133/1251/2587
f 4132/1253/2586 4116/1234/586 4134/1254/2588
f 4116/1234/586 4119/1239/1199 4134/1254/2588
f 4134/1254/2588 4119/1239/1199 4135/1255/2589
f 4135/1255/2589 4119/1239/1199 4136/1249/2559
f 4119/1239/1199 4120/1238/2575 4136/1249/2559
f 4136/1249/2559 4120/1238/2575 4137/1250/2590
f 4120/1238/2575 4121/1237/2576 4137/1250/2590
f 4137/1250/2590 4121/1237/2576 4130/1248/2585
f 4140/1249/2591 4139/1256/2591 4138/1255/2591
usemtl Material_Cars
f 459/363/371 458/364/372 457/365/373
f 458/364/372 460/366/374 457/365/373
f 457/365/373 461/367/375 459/363/371
f 461/367/375 462/368/376 459/363/371
f 457/365/373 460/366/374 463/369/377
f 460/366/374 464/370/378 463/369/377
f 463/369/377 465/371/248 457/365/373
f 465/371/248 461/367/375 457/365/373
f 463/369/377 464/370/378 466/372/379
f 464/370/378 467/373/380 466/372/379
f 466/372/379 468/374/381 463/369/377
f 468/374/381 465/371/248 463/369/377
f 466/372/379 467/373/380 469/375/382
f 467/373/380 470/376/383 469/375/382
f 469/375/382 471/377/384 466/372/379
f 471/377/384 468/374/381 466/372/379
f 472/378/385 458/364/372 459/363/371
f 473/379/386 472/378/385 459/363/371
f 459/363/371 462/368/376 473/379/386
f 462/368/376 474/380/387 473/379/386
f 475/381/388 473/382/386 474/383/387
f 476/387/389 475/381/388 474/383/387
f 488/364/398 487/395/399 486/366/400
f 487/395/399 489/396/253 486/366/400
f 486/366/400 489/396/253 490/370/401
f 489/396/253 491/397/402 490/370/401
f 490/370/401 491/397/402 492/373/403
f 491/397/402 493/398/403 492/373/403
f 492/373/403 493/398/403 494/376/404
f 493/398/403 495/399/405 494/376/404
f 496/400/406 487/395/399 488/364/398
f 497/378/407 496/400/406 488/364/398
f 498/401/408 496/400/406 497/378/407
f 499/381/409 498/402/408 497/403/407
f 487/395/399 500/404/399 489/396/253
f 500/404/399 501/405/253 489/396/253
f 489/396/253 501/405/253 491/397/402
f 501/405/253 502/406/410 491/397/402
f 491/397/402 502/406/410 493/398/403
f 502/406/410 503/407/403 493/398/403
f 493/398/403 503/407/403 495/399/405
f 503/407/403 504/408/405 495/399/405
f 498/401/408 505/409/411 496/400/406
f 505/409/411 506/410/406 496/400/406
f 496/400/406 506/410/406 487/395/399
f 506/410/406 500/404/399 487/395/399
f 738/399/544 737/546/544 736/376/543
f 740/408/544 739/549/544 738/399/544
f 744/553/548 742/554/546 743/555/545
f 745/556/549 744/553/548 743/555/545
f 746/557/550 744/553/548 745/556/549
f 747/558/551 746/557/550 745/556/549
f 748/559/552 746/557/550 747/558/551
f 749/560/552 748/559/552 747/558/551
f 748/559/552 749/560/552 750/561/551
f 751/562/550 748/559/552 750/561/551
f 751/562/550 750/561/551 752/563/549
f 753/564/548 751/562/550 752/563/549
f 753/564/548 752/563/549 754/565/545
f 755/566/546 753/564/548 754/565/545
f 1424/366/1058 1423/364/1059 1422/365/1060
f 1423/364/1059 1425/363/1061 1422/365/1060
f 1426/367/1062 1422/365/1060 1425/363/1061
f 1427/368/1063 1426/367/1062 1425/363/1061
f 1424/366/1058 1422/365/1060 1428/369/1064
f 1429/370/1065 1424/366/1058 1428/369/1064
f 1426/367/1062 1430/371/940 1422/365/1060
f 1430/371/940 1428/369/1064 1422/365/1060
f 1429/370/1065 1428/369/1064 1431/372/1066
f 1432/373/1067 1429/370/1065 1431/372/1066
f 1430/371/940 1433/374/1068 1428/369/1064
f 1433/374/1068 1431/372/1066 1428/369/1064
f 1432/373/1067 1431/372/1066 1434/375/1069
f 1435/376/1070 1432/373/1067 1434/375/1069
f 1433/374/1068 1436/377/1071 1431/372/1066
f 1436/377/1071 1434/375/1069 1431/372/1066
f 1423/364/1059 1437/378/1072 1425/363/1061
f 1437/378/1072 1438/379/1073 1425/363/1061
f 1427/368/1063 1425/363/1061 1438/379/1073
f 1439/380/1020 1427/368/1063 1438/379/1073
f 1438/379/1073 1440/690/1074 1439/380/1020
f 1440/690/1074 1441/691/1075 1439/380/1020
f 1453/396/253 1452/395/399 1451/366/400
f 1452/395/399 1454/364/398 1451/366/400
f 1453/396/253 1451/366/400 1455/370/401
f 1456/397/1084 1453/396/253 1455/370/401
f 1456/397/1084 1455/370/401 1457/373/403
f 1458/398/403 1456/397/1084 1457/373/403
f 1458/398/403 1457/373/403 1459/376/404
f 1460/399/405 1458/398/403 1459/376/404
f 1452/395/399 1461/400/406 1454/364/398
f 1461/400/406 1462/378/407 1454/364/398
f 1461/400/406 1463/401/408 1462/378/407
f 1463/401/408 1464/690/409 1462/378/407
f 1465/404/399 1452/395/399 1453/396/253
f 1466/405/253 1465/404/399 1453/396/253
f 1466/405/253 1453/396/253 1456/397/1084
f 1467/406/410 1466/405/253 1456/397/1084
f 1467/406/410 1456/397/1084 1458/398/403
f 1468/407/403 1467/406/410 1458/398/403
f 1468/407/403 1458/398/403 1460/399/405
f 1469/408/405 1468/407/403 1460/399/405
f 1470/409/1085 1463/401/408 1461/400/406
f 1471/410/406 1470/409/1085 1461/400/406
f 1465/404/399 1471/410/406 1452/395/399
f 1471/410/406 1461/400/406 1452/395/399
f 1685/692/1167 1686/375/1168 1684/377/1166
f 1688/546/1170 1689/399/1170 1687/376/1169
f 1690/549/544 1691/408/544 1689/399/1170
f 3720/1103/2373 3719/1102/2374 3718/1101/2373
f 3724/1103/2375 3723/1102/2373 3722/1101/2375
f 3723/1102/2373 3725/1100/2373 3722/1101/2375
f 3728/1100/2375 3727/1101/529 3726/1102/2375
f 3847/1102/2434 3844/1100/2433 3846/1101/2437
f 3848/1103/2437 3847/1102/2434 3846/1101/2437
f 3863/1100/2437 3862/1101/1295 3861/1102/2437
f 3862/1101/1295 3864/1103/1295 3861/1102/2437
f 3867/1123/2441 3866/1101/1295 3865/1102/2441
f 3866/1101/1295 3868/1103/1295 3865/1102/2441
f 3881/1100/2449 3883/1102/2450 3882/1101/2437
f 3883/1102/2450 3884/1103/2437 3882/1101/2437
f 3899/1103/1295 3898/1101/1295 3897/1102/2437
f 3898/1101/1295 3900/1100/2437 3897/1102/2437
f 3903/1103/1295 3902/1101/1295 3901/1102/2441
f 3902/1101/1295 3904/1123/2441 3901/1102/2441
f 3995/1174/1291 3994/1175/2500 3993/1176/2501
f 3994/1175/2500 3996/1177/2433 3993/1176/2501
f 3997/1178/2502 3994/1175/2500 3995/1174/1291
f 3998/1179/2502 3997/1178/2502 3995/1174/1291
f 3993/1176/2501 3999/1180/1295 3995/1174/1291
f 3999/1180/1295 4000/1181/1298 3995/1174/1291
f 3995/1174/1291 4000/1181/1298 3998/1179/2502
f 4000/1181/1298 3999/1180/1295 4001/1182/2441
f 4002/1183/1304 4000/1181/1298 4001/1182/2441
f 4003/1184/2503 4000/1181/1298 4002/1183/1304
f 4000/1181/1298 4003/1184/2503 3998/1179/2502
f 4004/1185/2503 4003/1184/2503 4002/1183/1304
f 3997/1178/2502 3998/1179/2502 4005/1186/2440
f 3998/1179/2502 4006/1187/2504 4005/1186/2440
f 3998/1179/2502 4003/1184/2503 4006/1187/2504
f 4003/1184/2503 4004/1185/2503 4006/1187/2504
f 4004/1185/2503 4007/1188/2440 4006/1187/2504
f 4010/1189/2449 4009/1190/2505 4008/1191/2506
f 4009/1190/2505 4011/1192/1291 4008/1191/2506
f 4009/1190/2505 4012/1193/2502 4011/1192/1291
f 4012/1193/2502 4013/1194/2502 4011/1192/1291
f 4014/1195/1295 4008/1191/2506 4011/1192/1291
f 4015/1196/1298 4014/1195/1295 4011/1192/1291
f 4015/1196/1298 4011/1192/1291 4013/1194/2502
f 4014/1195/1295 4015/1196/1298 4016/1182/2441
f 4015/1196/1298 4017/1183/1304 4016/1182/2441
f 4015/1196/1298 4018/1197/2503 4017/1183/1304
f 4018/1197/2503 4015/1196/1298 4013/1194/2502
f 4018/1197/2503 4019/1185/2503 4017/1183/1304
f 4013/1194/2502 4012/1193/2502 4020/1198/2507
f 4021/1199/2508 4013/1194/2502 4020/1198/2507
f 4018/1197/2503 4013/1194/2502 4021/1199/2508
f 4019/1185/2503 4018/1197/2503 4021/1199/2508
f 4022/1188/2440 4019/1185/2503 4021/1199/2508
o sportscar-wheel-LF
v 7.851634 0.453876 -4.323559
v 8.264569 -0.000001 -4.277359
v 7.923525 -0.000001 -4.323559
v 8.175992 0.559265 -4.277359
v 7.643007 0.863324 -4.323559
v 7.918929 1.063790 -4.277359
v 7.318066 1.188264 -4.323559
v 7.518536 1.464179 -4.277359
v 6.908619 1.396891 -4.323559
v 7.014011 1.721249 -4.277359
v 6.454738 1.468775 -4.323559
v 6.454738 1.809831 -4.277359
v 6.000860 1.396891 -4.323559
v 5.895472 1.721249 -4.277359
v 5.591413 1.188264 -4.323559
v 5.390947 1.464179 -4.277359
v 5.266472 0.863324 -4.323559
v 4.990558 1.063790 -4.277359
v 5.057846 0.453876 -4.323559
v 4.733488 0.559265 -4.277359
v 4.985962 -0.000001 -4.323559
v 4.644906 -0.000001 -4.277359
v 5.057846 -0.453882 -4.323559
v 4.733488 -0.559274 -4.277359
v 5.266472 -0.863329 -4.323559
v 4.990558 -1.063799 -4.277359
v 5.591413 -1.188270 -4.323559
v 5.390951 -1.464192 -4.277359
v 6.000860 -1.396897 -4.323559
v 5.895472 -1.721255 -4.277359
v 6.454738 -1.468788 -4.323559
v 6.454738 -1.809833 -4.277359
v 6.908619 -1.396897 -4.323559
v 7.014011 -1.721255 -4.277359
v 7.318066 -1.188270 -4.323559
v 7.518536 -1.464192 -4.277359
v 7.643007 -0.863329 -4.323559
v 7.918929 -1.063799 -4.277359
v 7.851634 -0.453882 -4.323559
v 8.175992 -0.559274 -4.277359
v 6.918217 0.150592 -4.205309
v 7.748475 0.000082 -4.110518
v 6.942062 -0.000001 -4.205309
v 7.685161 0.399853 -4.110517
v 6.848993 0.286437 -4.205309
v 7.501411 0.760483 -4.110517
v 6.741180 0.394254 -4.205309
v 7.215204 1.046686 -4.110517
v 6.605330 0.463470 -4.205309
v 6.854569 1.230440 -4.110517
v 6.454738 0.487320 -4.205309
v 6.454799 1.293758 -4.110517
v 6.304145 0.463470 -4.205309
v 6.055033 1.230440 -4.110517
v 6.168300 0.394254 -4.205309
v 5.694402 1.046686 -4.110517
v 6.060483 0.286437 -4.205309
v 5.408198 0.760483 -4.110517
v 5.991267 0.150588 -4.205309
v 5.224449 0.399853 -4.110517
v 5.967417 -0.000001 -4.205309
v 5.161128 0.000082 -4.110518
v 5.991267 -0.150594 -4.205309
v 5.224449 -0.399684 -4.110518
v 6.060483 -0.286443 -4.205309
v 5.408202 -0.760319 -4.110518
v 6.168300 -0.394256 -4.205309
v 5.694402 -1.046522 -4.110518
v 6.304145 -0.463480 -4.205309
v 6.055033 -1.230276 -4.110518
v 6.454738 -0.487325 -4.205309
v 6.454803 -1.293590 -4.110518
v 6.605330 -0.463480 -4.205309
v 6.854569 -1.230276 -4.110518
v 6.741180 -0.394256 -4.205309
v 7.215204 -1.046522 -4.110518
v 6.848993 -0.286443 -4.205309
v 7.501411 -0.760319 -4.110518
v 6.918217 -0.150594 -4.205309
v 7.685161 -0.399684 -4.110518
v 6.942062 -0.000001 -4.205309
v 6.454738 -0.000001 -4.122789
v 6.918217 0.150592 -4.205309
v 6.848993 0.286437 -4.205309
v 6.741180 0.394254 -4.205309
v 6.605330 0.463470 -4.205309
v 6.454738 0.487320 -4.205309
v 6.304145 0.463470 -4.205309
v 6.168300 0.394254 -4.205309
v 6.060483 0.286437 -4.205309
v 5.991267 0.150588 -4.205309
v 5.967417 -0.000001 -4.205309
v 5.991267 -0.150594 -4.205309
v 6.060483 -0.286443 -4.205309
v 6.168300 -0.394256 -4.205309
v 6.304145 -0.463480 -4.205309
v 6.454738 -0.487325 -4.205309
v 6.605330 -0.463480 -4.205309
v 6.741180 -0.394256 -4.205309
v 6.848993 -0.286443 -4.205309
v 6.918217 -0.150594 -4.205309
v 7.750842 0.421128 -4.291875
v 7.923525 -0.000001 -4.323559
v 7.817546 -0.000001 -4.291875
v 7.851634 0.453876 -4.323559
v 7.557273 0.801030 -4.291875
v 7.643007 0.863324 -4.323559
v 7.255780 1.102531 -4.291875
v 7.318066 1.188264 -4.323559
v 6.875871 1.296103 -4.291875
v 6.908619 1.396891 -4.323559
v 6.454738 1.362804 -4.291875
v 6.454738 1.468775 -4.323559
v 6.033608 1.296103 -4.291875
v 6.000860 1.396891 -4.323559
v 5.653707 1.102531 -4.291875
v 5.591413 1.188264 -4.323559
v 5.352206 0.801030 -4.291875
v 5.266472 0.863324 -4.323559
v 5.158634 0.421128 -4.291875
v 5.057846 0.453876 -4.323559
v 5.091933 -0.000001 -4.291875
v 4.985962 -0.000001 -4.323559
v 5.158634 -0.421134 -4.291875
v 5.057846 -0.453882 -4.323559
v 5.352206 -0.801043 -4.291875
v 5.266472 -0.863329 -4.323559
v 5.653707 -1.102536 -4.291875
v 5.591413 -1.188270 -4.323559
v 6.033608 -1.296105 -4.291875
v 6.000860 -1.396897 -4.323559
v 6.454738 -1.362810 -4.291875
v 6.454738 -1.468788 -4.323559
v 6.875871 -1.296105 -4.291875
v 6.908619 -1.396897 -4.323559
v 7.255780 -1.102536 -4.291875
v 7.318066 -1.188270 -4.323559
v 7.557273 -0.801043 -4.291875
v 7.643007 -0.863329 -4.323559
v 7.750842 -0.421134 -4.291875
v 7.851634 -0.453882 -4.323559
v 7.685161 0.399853 -4.110517
v 7.817546 -0.000001 -4.291875
v 7.748475 0.000082 -4.110518
v 7.750842 0.421128 -4.291875
v 7.501411 0.760483 -4.110517
v 7.557273 0.801030 -4.291875
v 7.215204 1.046686 -4.110517
v 7.255780 1.102531 -4.291875
v 6.854569 1.230440 -4.110517
v 6.875871 1.296103 -4.291875
v 6.454799 1.293758 -4.110517
v 6.454738 1.362804 -4.291875
v 6.055033 1.230440 -4.110517
v 6.033608 1.296103 -4.291875
v 5.694402 1.046686 -4.110517
v 5.653707 1.102531 -4.291875
v 5.408198 0.760483 -4.110517
v 5.352206 0.801030 -4.291875
v 5.224449 0.399853 -4.110517
v 5.158634 0.421128 -4.291875
v 5.161128 0.000082 -4.110518
v 5.091933 -0.000001 -4.291875
v 5.224449 -0.399684 -4.110518
v 5.158634 -0.421134 -4.291875
v 5.408202 -0.760319 -4.110518
v 5.352206 -0.801043 -4.291875
v 5.694402 -1.046522 -4.110518
v 5.653707 -1.102536 -4.291875
v 6.055033 -1.230276 -4.110518
v 6.033608 -1.296105 -4.291875
v 6.454803 -1.293590 -4.110518
v 6.454738 -1.362810 -4.291875
v 6.854569 -1.230276 -4.110518
v 6.875871 -1.296105 -4.291875
v 7.215204 -1.046522 -4.110518
v 7.255780 -1.102536 -4.291875
v 7.501411 -0.760319 -4.110518
v 7.557273 -0.801043 -4.291875
v 7.685161 -0.399684 -4.110518
v 7.750842 -0.421134 -4.291875
v 8.264569 -0.000001 -2.808616
v 7.851634 0.453876 -2.762416
v 7.923525 -0.000001 -2.762416
v 8.175992 0.559264 -2.808616
v 7.643007 0.863324 -2.762416
v 7.918929 1.063790 -2.808616
v 7.318066 1.188264 -2.762416
v 7.518536 1.464179 -2.808616
v 6.908619 1.396891 -2.762416
v 7.014011 1.721249 -2.808616
v 6.454738 1.468775 -2.762416
v 6.454738 1.809830 -2.808616
v 6.000860 1.396891 -2.762416
v 5.895472 1.721249 -2.808616
v 5.591413 1.188264 -2.762416
v 5.390947 1.464183 -2.808616
v 5.266472 0.863324 -2.762416
v 4.990558 1.063790 -2.808616
v 5.057842 0.453876 -2.762416
v 4.733488 0.559264 -2.808616
v 4.985962 -0.000001 -2.762416
v 4.644906 -0.000001 -2.808616
v 5.057846 -0.453882 -2.762416
v 4.733488 -0.559274 -2.808616
v 5.266472 -0.863329 -2.762416
v 4.990558 -1.063799 -2.808616
v 5.591413 -1.188270 -2.762416
v 5.390951 -1.464192 -2.808616
v 6.000860 -1.396897 -2.762416
v 5.895472 -1.721255 -2.808616
v 6.454738 -1.468788 -2.762416
v 6.454738 -1.809833 -2.808616
v 6.908619 -1.396897 -2.762416
v 7.014011 -1.721255 -2.808616
v 7.318066 -1.188270 -2.762416
v 7.518536 -1.464192 -2.808616
v 7.643007 -0.863329 -2.762416
v 7.918929 -1.063799 -2.808616
v 7.851634 -0.453882 -2.762416
v 8.175992 -0.559274 -2.808616
v 7.923525 -0.000001 -2.762416
v 7.750842 0.421128 -2.794107
v 7.817546 -0.000001 -2.794107
v 7.851634 0.453876 -2.762416
v 7.557273 0.801030 -2.794107
v 7.643007 0.863324 -2.762416
v 7.255780 1.102531 -2.794107
v 7.318066 1.188264 -2.762416
v 6.875871 1.296103 -2.794107
v 6.908619 1.396891 -2.762416
v 6.454738 1.362804 -2.794107
v 6.454738 1.468775 -2.762416
v 6.033608 1.296103 -2.794107
v 6.000860 1.396891 -2.762416
v 5.653707 1.102531 -2.794107
v 5.591413 1.188264 -2.762416
v 5.352206 0.801030 -2.794107
v 5.266472 0.863324 -2.762416
v 5.158634 0.421128 -2.794107
v 5.057842 0.453876 -2.762416
v 5.091933 -0.000001 -2.794107
v 4.985962 -0.000001 -2.762416
v 5.158634 -0.421134 -2.794107
v 5.057846 -0.453882 -2.762416
v 5.352206 -0.801043 -2.794107
v 5.266472 -0.863329 -2.762416
v 5.653707 -1.102537 -2.794107
v 5.591413 -1.188270 -2.762416
v 6.033608 -1.296105 -2.794107
v 6.000860 -1.396897 -2.762416
v 6.454738 -1.362810 -2.794107
v 6.454738 -1.468788 -2.762416
v 6.875871 -1.296105 -2.794107
v 6.908619 -1.396897 -2.762416
v 7.255780 -1.102537 -2.794107
v 7.318066 -1.188270 -2.762416
v 7.557273 -0.801043 -2.794107
v 7.643007 -0.863329 -2.762416
v 7.750842 -0.421134 -2.794107
v 7.851634 -0.453882 -2.762416
v 7.817546 -0.000001 -2.794107
v 7.685161 0.399853 -4.110517
v 7.748475 0.000082 -4.110518
v 7.750842 0.421128 -2.794107
v 7.750842 0.421128 -2.794107
v 7.501411 0.760483 -4.110517
v 7.685161 0.399853 -4.110517
v 7.557273 0.801030 -2.794107
v 7.557273 0.801030 -2.794107
v 7.215204 1.046686 -4.110517
v 7.501411 0.760483 -4.110517
v 7.255780 1.102531 -2.794107
v 7.255780 1.102531 -2.794107
v 6.854569 1.230440 -4.110517
v 7.215204 1.046686 -4.110517
v 6.875871 1.296103 -2.794107
v 6.875871 1.296103 -2.794107
v 6.454799 1.293758 -4.110517
v 6.854569 1.230440 -4.110517
v 6.454738 1.362804 -2.794107
v 6.454738 1.362804 -2.794107
v 6.055033 1.230440 -4.110517
v 6.454799 1.293758 -4.110517
v 6.033608 1.296103 -2.794107
v 6.033608 1.296103 -2.794107
v 5.694402 1.046686 -4.110517
v 6.055033 1.230440 -4.110517
v 5.653707 1.102531 -2.794107
v 5.653707 1.102531 -2.794107
v 5.408198 0.760483 -4.110517
v 5.694402 1.046686 -4.110517
v 5.352206 0.801030 -2.794107
v 5.352206 0.801030 -2.794107
v 5.224449 0.399853 -4.110517
v 5.408198 0.760483 -4.110517
v 5.158634 0.421128 -2.794107
v 5.158634 0.421128 -2.794107
v 5.161128 0.000082 -4.110518
v 5.224449 0.399853 -4.110517
v 5.091933 -0.000001 -2.794107
v 5.091933 -0.000001 -2.794107
v 5.224449 -0.399684 -4.110518
v 5.161128 0.000082 -4.110518
v 5.158634 -0.421134 -2.794107
v 5.158634 -0.421134 -2.794107
v 5.408202 -0.760319 -4.110518
v 5.224449 -0.399684 -4.110518
v 5.352206 -0.801043 -2.794107
v 5.352206 -0.801043 -2.794107
v 5.694402 -1.046522 -4.110518
v 5.408202 -0.760319 -4.110518
v 5.653707 -1.102537 -2.794107
v 5.653707 -1.102537 -2.794107
v 6.055033 -1.230276 -4.110518
v 5.694402 -1.046522 -4.110518
v 6.033608 -1.296105 -2.794107
v 6.033608 -1.296105 -2.794107
v 6.454803 -1.293590 -4.110518
v 6.055033 -1.230276 -4.110518
v 6.454738 -1.362810 -2.794107
v 6.454738 -1.362810 -2.794107
v 6.854569 -1.230276 -4.110518
v 6.454803 -1.293590 -4.110518
v 6.875871 -1.296105 -2.794107
v 6.875871 -1.296105 -2.794107
v 7.215204 -1.046522 -4.110518
v 6.854569 -1.230276 -4.110518
v 7.255780 -1.102537 -2.794107
v 7.255780 -1.102537 -2.794107
v 7.501411 -0.760319 -4.110518
v 7.215204 -1.046522 -4.110518
v 7.557273 -0.801043 -2.794107
v 7.557273 -0.801043 -2.794107
v 7.685161 -0.399684 -4.110518
v 7.501411 -0.760319 -4.110518
v 7.750842 -0.421134 -2.794107
v 7.750842 -0.421134 -2.794107
v 7.748475 0.000082 -4.110518
v 7.685161 -0.399684 -4.110518
v 7.817546 -0.000001 -2.794107
v 6.454738 -0.000001 -3.865766
v 7.358696 -0.000001 -3.865766
v 7.289882 0.345922 -3.865766
v 7.093932 0.639190 -3.865766
v 6.800669 0.835143 -3.865766
v 6.454738 0.903950 -3.865766
v 6.108814 0.835143 -3.865766
v 5.815547 0.639190 -3.865766
v 5.619594 0.345922 -3.865766
v 5.550786 -0.000001 -3.865766
v 5.619594 -0.345932 -3.865766
v 5.815547 -0.639195 -3.865766
v 6.108814 -0.835145 -3.865766
v 6.454738 -0.903960 -3.865766
v 6.800669 -0.835145 -3.865766
v 7.093932 -0.639195 -3.865766
v 7.289882 -0.345932 -3.865766
v 7.358696 -0.000001 -3.865766
v 7.358696 -0.000001 -3.971103
v 7.289882 0.345922 -3.971103
v 7.289882 0.345922 -3.865766
v 7.093932 0.639190 -3.971103
v 7.093932 0.639190 -3.865766
v 7.289882 -0.345932 -3.865766
v 7.289882 -0.345932 -3.971103
v 7.093932 -0.639195 -3.865766
v 7.093932 -0.639195 -3.971103
v 5.815547 0.639190 -3.865766
v 5.815547 0.639190 -3.971103
v 5.619594 0.345922 -3.971103
v 5.619594 0.345922 -3.865766
v 5.550786 -0.000001 -3.971103
v 5.550786 -0.000001 -3.865766
v 5.619594 -0.345932 -3.971103
v 5.619594 -0.345932 -3.865766
v 5.815547 -0.639195 -3.971103
v 5.815547 -0.639195 -3.865766
v 6.454738 -0.000001 -3.971103
v 7.289882 0.345922 -3.971103
v 7.358696 -0.000001 -3.971103
v 7.093932 0.639190 -3.971103
v 6.800669 0.835143 -3.971103
v 6.454738 0.903950 -3.971103
v 6.108814 0.835143 -3.971103
v 5.815547 0.639190 -3.971103
v 5.619594 0.345922 -3.971103
v 5.550786 -0.000001 -3.971103
v 5.619594 -0.345932 -3.971103
v 5.815547 -0.639195 -3.971103
v 6.108814 -0.835145 -3.971103
v 6.454738 -0.903960 -3.971103
v 6.800669 -0.835145 -3.971103
v 7.093932 -0.639195 -3.971103
v 7.289882 -0.345932 -3.971103
v 6.454738 -0.903960 -3.971103
v 6.454738 -0.903960 -3.865766
v 6.108814 -0.835145 -3.865766
v 6.108814 -0.835145 -3.971103
v 5.815547 -0.639195 -3.865766
v 5.815547 -0.639195 -3.971103
v 6.800669 -0.835145 -3.971103
v 6.800669 -0.835145 -3.865766
v 7.093932 -0.639195 -3.971103
v 7.093932 -0.639195 -3.865766
v 5.815547 0.639190 -3.971103
v 5.815547 0.639190 -3.865766
v 6.108814 0.835143 -3.865766
v 6.108814 0.835143 -3.971103
v 6.454738 0.903950 -3.865766
v 6.454738 0.903950 -3.971103
v 6.800669 0.835143 -3.865766
v 6.800669 0.835143 -3.971103
v 7.093932 0.639190 -3.865766
v 7.093932 0.639190 -3.971103
v 5.868417 -1.804520 -2.898515
v 6.454738 -1.897383 -4.187460
v 6.454738 -1.897383 -2.898515
v 5.868420 -1.804520 -4.187460
v 6.454738 -1.809833 -4.277359
v 5.895472 -1.721255 -4.277359
v 6.454738 -1.809833 -2.808616
v 5.895472 -1.721255 -2.808616
v 6.454738 -1.897383 -2.898515
v 7.041066 -1.804520 -4.187460
v 7.041066 -1.804520 -2.898515
v 6.454738 -1.897383 -4.187460
v 7.014011 -1.721255 -4.277359
v 6.454738 -1.809833 -4.277359
v 7.014011 -1.721255 -2.808616
v 6.454738 -1.809833 -2.808616
v 7.041066 -1.804520 -2.898515
v 7.569998 -1.535015 -4.187460
v 7.569998 -1.535015 -2.898515
v 7.041066 -1.804520 -4.187460
v 7.518536 -1.464192 -4.277359
v 7.014011 -1.721255 -4.277359
v 7.518536 -1.464192 -2.808616
v 7.014011 -1.721255 -2.808616
v 7.569998 -1.535015 -2.898515
v 7.989756 -1.115257 -4.187460
v 7.989756 -1.115257 -2.898515
v 7.569998 -1.535015 -4.187460
v 7.918929 -1.063799 -4.277359
v 7.518536 -1.464192 -4.277359
v 7.918929 -1.063799 -2.808616
v 7.518536 -1.464192 -2.808616
v 7.989756 -1.115257 -2.898515
v 8.259256 -0.586329 -4.187460
v 8.259256 -0.586330 -2.898515
v 7.989756 -1.115257 -4.187460
v 8.175992 -0.559274 -4.277359
v 7.918929 -1.063799 -4.277359
v 8.175992 -0.559274 -2.808616
v 7.918929 -1.063799 -2.808616
v 8.259256 -0.586330 -2.898515
v 8.352119 -0.000001 -4.187460
v 8.352119 -0.000001 -2.898515
v 8.259256 -0.586329 -4.187460
v 8.264569 -0.000001 -4.277359
v 8.175992 -0.559274 -4.277359
v 8.264569 -0.000001 -2.808616
v 8.175992 -0.559274 -2.808616
v 8.352119 -0.000001 -2.898515
v 8.259256 0.586320 -4.187460
v 8.259256 0.586320 -2.898515
v 8.352119 -0.000001 -4.187460
v 8.175992 0.559265 -4.277359
v 8.264569 -0.000001 -4.277359
v 8.175992 0.559264 -2.808616
v 8.264569 -0.000001 -2.808616
v 8.259256 0.586320 -2.898515
v 7.989752 1.115255 -4.187460
v 7.989752 1.115255 -2.898515
v 8.259256 0.586320 -4.187460
v 7.918929 1.063790 -4.277359
v 8.175992 0.559265 -4.277359
v 7.918929 1.063790 -2.808616
v 8.175992 0.559264 -2.808616
v 7.989752 1.115255 -2.898515
v 7.569994 1.535009 -4.187460
v 7.569994 1.535009 -2.898515
v 7.989752 1.115255 -4.187460
v 7.518536 1.464179 -4.277359
v 7.918929 1.063790 -4.277359
v 7.518536 1.464179 -2.808616
v 7.918929 1.063790 -2.808616
v 7.569994 1.535009 -2.898515
v 7.041063 1.804518 -4.187460
v 7.041063 1.804518 -2.898515
v 7.569994 1.535009 -4.187460
v 7.014011 1.721249 -4.277359
v 7.518536 1.464179 -4.277359
v 7.014011 1.721249 -2.808616
v 7.518536 1.464179 -2.808616
v 7.041063 1.804518 -2.898515
v 6.454738 1.897381 -4.187460
v 6.454738 1.897385 -2.898515
v 7.041063 1.804518 -4.187460
v 6.454738 1.809831 -4.277359
v 7.014011 1.721249 -4.277359
v 6.454738 1.809830 -2.808616
v 7.014011 1.721249 -2.808616
v 6.454738 1.897385 -2.898515
v 5.868417 1.804518 -4.187460
v 5.868417 1.804518 -2.898515
v 6.454738 1.897381 -4.187460
v 5.895472 1.721249 -4.277359
v 6.454738 1.809831 -4.277359
v 5.895472 1.721249 -2.808616
v 6.454738 1.809830 -2.808616
v 5.868417 1.804518 -2.898515
v 5.339481 1.535013 -4.187460
v 5.339481 1.535013 -2.898515
v 5.868417 1.804518 -4.187460
v 5.390947 1.464179 -4.277359
v 5.895472 1.721249 -4.277359
v 5.390947 1.464183 -2.808616
v 5.895472 1.721249 -2.808616
v 5.339481 1.535013 -2.898515
v 4.919727 1.115252 -4.187460
v 4.919724 1.115255 -2.898515
v 5.339481 1.535013 -4.187460
v 4.990558 1.063790 -4.277359
v 5.390947 1.464179 -4.277359
v 4.990558 1.063790 -2.808616
v 5.390947 1.464183 -2.808616
v 4.919724 1.115255 -2.898515
v 4.650219 0.586320 -4.187460
v 4.650219 0.586320 -2.898515
v 4.919727 1.115252 -4.187460
v 4.733488 0.559265 -4.277359
v 4.990558 1.063790 -4.277359
v 4.733488 0.559264 -2.808616
v 4.990558 1.063790 -2.808616
v 4.650219 0.586320 -2.898515
v 4.557356 -0.000001 -4.187460
v 4.557356 -0.000001 -2.898515
v 4.650219 0.586320 -4.187460
v 4.644906 -0.000001 -4.277359
v 4.733488 0.559265 -4.277359
v 4.644906 -0.000001 -2.808616
v 4.733488 0.559264 -2.808616
v 4.557356 -0.000001 -2.898515
v 4.650219 -0.586329 -4.187460
v 4.650219 -0.586330 -2.898515
v 4.557356 -0.000001 -4.187460
v 4.733488 -0.559274 -4.277359
v 4.644906 -0.000001 -4.277359
v 4.733488 -0.559274 -2.808616
v 4.644906 -0.000001 -2.808616
v 4.650219 -0.586330 -2.898515
v 4.919727 -1.115261 -4.187460
v 4.919727 -1.115257 -2.898515
v 4.650219 -0.586329 -4.187460
v 4.990558 -1.063799 -4.277359
v 4.733488 -0.559274 -4.277359
v 4.990558 -1.063799 -2.808616
v 4.733488 -0.559274 -2.808616
v 4.919727 -1.115257 -2.898515
v 5.339485 -1.535015 -4.187460
v 5.339485 -1.535015 -2.898515
v 4.919727 -1.115261 -4.187460
v 5.390951 -1.464192 -4.277359
v 4.990558 -1.063799 -4.277359
v 5.390951 -1.464192 -2.808616
v 4.990558 -1.063799 -2.808616
v 5.339485 -1.535015 -2.898515
v 5.868420 -1.804520 -4.187460
v 5.868417 -1.804520 -2.898515
v 5.339485 -1.535015 -4.187460
v 5.895472 -1.721255 -4.277359
v 5.390951 -1.464192 -4.277359
v 5.895472 -1.721255 -2.808616
v 5.390951 -1.464192 -2.808616
vn 0.1451 -0.0118 -0.9893
vn 0.1372 0.0353 -0.9899
vn 0.4902 -0.0117 -0.8716
vn 0.4666 0.1451 -0.8725
vn 0.1216 0.0745 -0.9898
vn 0.3960 0.2784 -0.8750
vn 0.0902 0.1059 -0.9903
vn 0.2941 0.3804 -0.8768
vn 0.0510 0.1216 -0.9913
vn 0.1608 0.4510 -0.8779
vn 0.0118 0.1294 -0.9915
vn 0.0118 0.4745 -0.8802
vn -0.0353 0.1216 -0.9920
vn -0.1451 0.4509 -0.8807
vn -0.0745 0.1059 -0.9916
vn -0.2784 0.3804 -0.8819
vn -0.1059 0.0745 -0.9916
vn -0.3804 0.2784 -0.8819
vn -0.1216 0.0353 -0.9920
vn -0.4510 0.1451 -0.8807
vn -0.1294 -0.0118 -0.9915
vn -0.4745 -0.0118 -0.8802
vn -0.1216 -0.0510 -0.9913
vn -0.4510 -0.1608 -0.8779
vn -0.1059 -0.0902 -0.9903
vn -0.3804 -0.2941 -0.8768
vn -0.0745 -0.1216 -0.9898
vn -0.2784 -0.3960 -0.8750
vn -0.0353 -0.1373 -0.9899
vn -0.1451 -0.4665 -0.8725
vn 0.0118 -0.1451 -0.9893
vn 0.0118 -0.4902 -0.8716
vn 0.0510 -0.1373 -0.9892
vn 0.1608 -0.4666 -0.8697
vn 0.0902 -0.1216 -0.9885
vn 0.2941 -0.3960 -0.8699
vn 0.1216 -0.0902 -0.9885
vn 0.3961 -0.2941 -0.8699
vn 0.1373 -0.0510 -0.9892
vn 0.4666 -0.1608 -0.8697
vn 0.1294 -0.0118 -0.9915
vn 0.1216 0.0353 -0.9920
vn 0.1215 0.0353 -0.9920
vn 0.1059 0.0667 -0.9921
vn 0.0823 0.0902 -0.9925
vn 0.0510 0.1059 -0.9931
vn 0.0117 0.1137 -0.9934
vn 0.0118 0.1137 -0.9934
vn -0.0353 0.1059 -0.9937
vn -0.0667 0.0902 -0.9937
vn -0.0902 0.0667 -0.9937
vn -0.1059 0.0353 -0.9937
vn -0.1137 -0.0118 -0.9934
vn -0.1059 -0.0510 -0.9931
vn -0.0902 -0.0824 -0.9925
vn -0.0902 -0.0823 -0.9925
vn -0.0667 -0.1059 -0.9921
vn -0.0353 -0.1216 -0.9920
vn 0.0118 -0.1294 -0.9915
vn 0.0117 -0.1294 -0.9915
vn 0.0510 -0.1216 -0.9913
vn 0.0823 -0.1059 -0.9910
vn 0.0824 -0.1059 -0.9910
vn 0.1059 -0.0823 -0.9910
vn 0.1059 -0.0824 -0.9910
vn 0.1216 -0.0510 -0.9913
vn -0.1529 -0.0667 -0.9860
vn -0.1608 -0.0118 -0.9869
vn 0.0118 -0.0118 -0.9999
vn -0.1294 -0.1137 -0.9851
vn -0.0980 -0.1451 -0.9845
vn -0.0510 -0.1686 -0.9844
vn 0.0118 -0.1765 -0.9842
vn 0.0666 -0.1686 -0.9834
vn 0.1137 -0.1451 -0.9829
vn 0.1451 -0.1137 -0.9829
vn 0.1686 -0.0666 -0.9834
vn 0.1765 -0.0118 -0.9842
vn 0.1686 0.0510 -0.9844
vn 0.1451 0.0980 -0.9845
vn 0.1137 0.1294 -0.9851
vn 0.0667 0.1529 -0.9860
vn 0.0118 0.1608 -0.9869
vn -0.0510 0.1530 -0.9869
vn -0.0980 0.1294 -0.9867
vn -0.1294 0.0980 -0.9867
vn -0.1530 0.0510 -0.9869
vn -0.2863 -0.0118 -0.9581
vn -0.2706 -0.0980 -0.9577
vn -0.2863 -0.0117 -0.9581
vn -0.2314 -0.1765 -0.9567
vn -0.1608 -0.2470 -0.9556
vn -0.1608 -0.2471 -0.9556
vn -0.0824 -0.2863 -0.9546
vn 0.0118 -0.3019 -0.9533
vn 0.0980 -0.2863 -0.9531
vn 0.1765 -0.2471 -0.9528
vn 0.2471 -0.1765 -0.9528
vn 0.2863 -0.0980 -0.9531
vn 0.3019 -0.0118 -0.9533
vn 0.3020 -0.0118 -0.9532
vn 0.2863 0.0824 -0.9546
vn 0.2470 0.1608 -0.9556
vn 0.2471 0.1608 -0.9556
vn 0.1765 0.2314 -0.9567
vn 0.0980 0.2706 -0.9577
vn 0.0981 0.2706 -0.9577
vn 0.0118 0.2863 -0.9581
vn 0.0117 0.2863 -0.9581
vn -0.0824 0.2706 -0.9592
vn -0.0823 0.2706 -0.9592
vn -0.1608 0.2314 -0.9595
vn -0.2314 0.1608 -0.9595
vn -0.2706 0.0824 -0.9592
vn -0.9843 -0.0118 -0.1762
vn -0.9372 -0.3176 -0.1439
vn -0.9294 -0.0117 -0.3689
vn -0.8824 -0.3019 -0.3609
vn -0.7961 -0.5921 -0.1251
vn -0.7490 -0.5608 -0.3529
vn -0.5765 -0.8118 -0.0935
vn -0.5451 -0.7647 -0.3437
vn -0.3020 -0.9529 -0.0272
vn -0.2863 -0.8980 -0.3340
vn 0.0118 -0.9999 -0.0000
vn 0.0118 -0.9451 -0.3266
vn 0.3162 -0.9487 -0.0000
vn 0.3020 -0.8980 -0.3199
vn 0.5893 -0.8079 -0.0001
vn 0.5608 -0.7647 -0.3174
vn 0.8079 -0.5893 -0.0000
vn 0.7647 -0.5608 -0.3175
vn 0.9487 -0.3163 -0.0000
vn 0.8980 -0.3020 -0.3199
vn 0.9999 -0.0118 -0.0000
vn 0.9451 -0.0118 -0.3266
vn 0.9529 0.3020 -0.0272
vn 0.8980 0.2863 -0.3340
vn 0.8117 0.5765 -0.0935
vn 0.7647 0.5451 -0.3437
vn 0.5921 0.7961 -0.1251
vn 0.5608 0.7490 -0.3529
vn 0.3176 0.9372 -0.1439
vn 0.3020 0.8823 -0.3610
vn 0.0118 0.9843 -0.1762
vn 0.0118 0.9294 -0.3689
vn -0.3020 0.9372 -0.1745
vn -0.2863 0.8823 -0.3735
vn -0.5765 0.7960 -0.1843
vn -0.5451 0.7490 -0.3766
vn -0.7961 0.5765 -0.1843
vn -0.7490 0.5451 -0.3766
vn -0.9372 0.3020 -0.1744
vn -0.8823 0.2863 -0.3735
vn 0.1451 -0.0117 0.9893
vn 0.4902 -0.0118 0.8716
vn 0.1373 0.0353 0.9899
vn 0.4665 0.1451 0.8725
vn 0.1216 0.0745 0.9898
vn 0.3960 0.2784 0.8750
vn 0.0902 0.1059 0.9903
vn 0.2941 0.3804 0.8768
vn 0.0510 0.1216 0.9913
vn 0.1608 0.4510 0.8779
vn 0.0118 0.1294 0.9915
vn 0.0118 0.4745 0.8802
vn -0.0353 0.1216 0.9920
vn -0.1451 0.4509 0.8807
vn -0.0745 0.1059 0.9916
vn -0.2784 0.3804 0.8819
vn -0.1059 0.0745 0.9916
vn -0.3804 0.2784 0.8819
vn -0.1216 0.0353 0.9920
vn -0.4509 0.1451 0.8807
vn -0.1294 -0.0118 0.9915
vn -0.4745 -0.0118 0.8802
vn -0.1216 -0.0510 0.9913
vn -0.4510 -0.1608 0.8779
vn -0.1059 -0.0902 0.9903
vn -0.3804 -0.2941 0.8768
vn -0.0745 -0.1216 0.9898
vn -0.2784 -0.3960 0.8750
vn -0.0353 -0.1373 0.9899
vn -0.1451 -0.4666 0.8725
vn 0.0118 -0.1451 0.9893
vn 0.0117 -0.4902 0.8716
vn 0.0510 -0.1373 0.9892
vn 0.1608 -0.4666 0.8697
vn 0.0902 -0.1216 0.9885
vn 0.2941 -0.3960 0.8699
vn 0.1216 -0.0902 0.9885
vn 0.3960 -0.2941 0.8699
vn 0.1373 -0.0510 0.9892
vn 0.4666 -0.1608 0.8697
vn -0.2863 -0.0118 0.9581
vn -0.2863 -0.0117 0.9581
vn -0.2706 -0.0981 0.9577
vn -0.2706 -0.0980 0.9577
vn -0.2314 -0.1765 0.9567
vn -0.2314 -0.1764 0.9567
vn -0.1608 -0.2470 0.9556
vn -0.0824 -0.2863 0.9546
vn 0.0118 -0.3019 0.9533
vn 0.0118 -0.3020 0.9532
vn 0.0980 -0.2863 0.9531
vn 0.1765 -0.2471 0.9528
vn 0.2471 -0.1765 0.9528
vn 0.2470 -0.1765 0.9528
vn 0.2863 -0.0980 0.9531
vn 0.3019 -0.0118 0.9533
vn 0.3020 -0.0118 0.9532
vn 0.2863 0.0824 0.9546
vn 0.2470 0.1608 0.9556
vn 0.1765 0.2314 0.9567
vn 0.0980 0.2706 0.9577
vn 0.0118 0.2863 0.9581
vn 0.0117 0.2863 0.9581
vn -0.0823 0.2706 0.9592
vn -0.1608 0.2314 0.9595
vn -0.2314 0.1608 0.9595
vn -0.2706 0.0824 0.9592
vn -0.2706 0.0823 0.9592
vn -0.9843 -0.0118 -0.1761
vn -0.9922 -0.0118 0.1245
vn -0.9373 -0.3175 -0.1437
vn -0.9451 -0.3176 0.0768
vn -0.9372 -0.3177 -0.1437
vn -0.9451 -0.3177 0.0768
vn -0.7961 -0.5921 -0.1249
vn -0.8014 -0.5981 -0.0000
vn -0.7960 -0.5922 -0.1250
vn -0.8013 -0.5982 -0.0000
vn -0.5765 -0.8117 -0.0934
vn -0.5766 -0.8117 0.0934
vn -0.5764 -0.8118 -0.0934
vn -0.5764 -0.8118 0.0935
vn -0.2999 -0.9540 -0.0000
vn -0.3019 -0.9530 -0.0271
vn -0.2998 -0.9540 -0.0000
vn 0.0117 -0.9999 -0.0000
vn 0.0039 -1.0000 -0.0000
vn 0.0040 -1.0000 -0.0000
vn 0.3091 -0.9510 -0.0000
vn 0.3163 -0.9487 -0.0000
vn 0.3092 -0.9510 -0.0000
vn 0.5893 -0.8079 -0.0000
vn 0.5894 -0.8078 -0.0000
vn 0.8078 -0.5894 -0.0000
vn 0.9486 -0.3163 -0.0000
vn 0.9510 -0.3092 -0.0000
vn 0.9487 -0.3161 -0.0000
vn 1.0000 -0.0041 -0.0000
vn 0.9999 -0.0117 -0.0000
vn 1.0000 -0.0039 -0.0000
vn 0.9530 0.3019 -0.0272
vn 0.9540 0.2998 -0.0000
vn 0.9529 0.3020 -0.0271
vn 0.9540 0.2999 -0.0000
vn 0.8118 0.5764 -0.0934
vn 0.8118 0.5764 0.0934
vn 0.8117 0.5765 -0.0934
vn 0.8117 0.5766 0.0934
vn 0.5922 0.7961 -0.1248
vn 0.5981 0.8014 -0.0000
vn 0.5921 0.7961 -0.1250
vn 0.3177 0.9372 -0.1437
vn 0.3177 0.9451 0.0768
vn 0.3176 0.9373 -0.1436
vn 0.3176 0.9451 0.0768
vn 0.0118 0.9843 -0.1760
vn 0.0119 0.9922 0.1245
vn 0.0117 0.9922 0.1245
vn -0.3019 0.9373 -0.1742
vn -0.3019 0.9451 0.1250
vn -0.3020 0.9372 -0.1743
vn -0.3020 0.9451 0.1250
vn -0.5764 0.7961 -0.1842
vn -0.5843 0.8039 0.1109
vn -0.5765 0.7961 -0.1841
vn -0.5844 0.8039 0.1109
vn -0.7961 0.5765 -0.1842
vn -0.8039 0.5844 0.1109
vn -0.7962 0.5764 -0.1842
vn -0.8039 0.5843 0.1109
vn -0.9372 0.3020 -0.1743
vn -0.9451 0.3020 0.1250
vn -0.9373 0.3019 -0.1743
vn -0.9451 0.3019 0.1250
vn -0.9843 -0.0118 -0.1760
vn -0.9922 -0.0117 0.1245
vn 0.0118 -0.0118 0.9999
vn 0.9282 0.3721 -0.0000
vn 0.7149 0.6992 -0.0000
vn 0.9228 -0.3854 -0.0000
vn 0.9227 -0.3854 -0.0000
vn 0.7071 -0.7071 -0.0001
vn 0.7071 -0.7071 -0.0000
vn -0.9216 0.3804 0.0776
vn -0.7020 0.7019 0.1205
vn -0.7020 0.7019 0.1204
vn -1.0000 -0.0039 0.0003
vn -0.9188 -0.3948 -0.0000
vn -0.6993 -0.7148 -0.0000
vn -0.3721 -0.9282 -0.0000
vn -0.6992 -0.7149 -0.0000
vn 0.3854 -0.9227 -0.0000
vn -0.3804 0.9216 0.0776
vn -0.7019 0.7020 0.1204
vn -0.7019 0.7020 0.1205
vn 0.0039 1.0000 0.0003
vn 0.3948 0.9187 -0.0000
vn 0.3948 0.9188 -0.0000
vn 0.7148 0.6993 -0.0000
vn 0.0117 -0.9451 0.3266
vn -0.2862 -0.8980 0.3341
vn 0.0117 -0.9451 -0.3266
vn -0.2862 -0.8980 -0.3341
vn 0.0118 -0.4902 -0.8715
vn -0.1451 -0.4667 -0.8724
vn 0.0117 -0.4902 0.8715
vn -0.1451 -0.4667 0.8724
vn 0.3019 -0.8980 0.3200
vn 0.0118 -0.9451 0.3266
vn 0.3019 -0.8981 -0.3199
vn 0.1608 -0.4667 -0.8697
vn 0.0118 -0.4903 -0.8715
vn 0.1608 -0.4667 0.8697
vn 0.0118 -0.4903 0.8715
vn 0.5608 -0.7647 0.3174
vn 0.3020 -0.8980 0.3199
vn 0.5607 -0.7648 -0.3174
vn 0.2941 -0.3961 -0.8698
vn 0.2941 -0.3961 0.8698
vn 0.7647 -0.5608 0.3174
vn 0.7647 -0.5608 -0.3174
vn 0.3961 -0.2942 -0.8698
vn 0.2942 -0.3961 -0.8698
vn 0.3961 -0.2942 0.8698
vn 0.2942 -0.3961 0.8698
vn 0.8980 -0.3020 0.3199
vn 0.4667 -0.1608 -0.8697
vn 0.3961 -0.2941 -0.8698
vn 0.4667 -0.1608 0.8697
vn 0.3961 -0.2941 0.8698
vn 0.9451 -0.0118 0.3266
vn 0.8981 -0.3019 0.3199
vn 0.8980 -0.3019 -0.3200
vn 0.4902 -0.0118 -0.8715
vn 0.4903 -0.0118 0.8715
vn 0.8980 0.2862 0.3341
vn 0.9451 -0.0117 -0.3266
vn 0.4667 0.1451 -0.8724
vn 0.4902 -0.0117 -0.8715
vn 0.4667 0.1451 0.8724
vn 0.4902 -0.0118 0.8715
vn 0.7647 0.5451 0.3437
vn 0.8980 0.2864 0.3341
vn 0.8980 0.2863 -0.3341
vn 0.3961 0.2784 -0.8750
vn 0.3961 0.2784 0.8750
vn 0.5608 0.7490 0.3529
vn 0.2942 0.3804 -0.8768
vn 0.3961 0.2785 -0.8749
vn 0.2942 0.3804 0.8768
vn 0.3961 0.2785 0.8749
vn 0.3020 0.8823 0.3609
vn 0.5607 0.7491 0.3529
vn 0.3021 0.8823 -0.3610
vn 0.5607 0.7490 -0.3529
vn 0.1609 0.4510 -0.8779
vn 0.1609 0.4510 0.8779
vn 0.0118 0.9294 0.3689
vn 0.3019 0.8824 0.3610
vn 0.3019 0.8824 -0.3609
vn 0.1607 0.4510 -0.8779
vn -0.2863 0.8824 0.3735
vn 0.0117 0.9294 0.3689
vn -0.2863 0.8824 -0.3735
vn 0.0117 0.9294 -0.3689
vn -0.1451 0.4510 -0.8807
vn 0.0117 0.4745 -0.8802
vn -0.1451 0.4510 0.8807
vn -0.5451 0.7490 0.3766
vn -0.2863 0.8823 0.3735
vn -0.5451 0.7491 -0.3766
vn -0.2864 0.8823 -0.3735
vn -0.2784 0.3805 -0.8819
vn -0.1451 0.4510 -0.8806
vn -0.1452 0.4510 0.8806
vn -0.7490 0.5451 0.3766
vn -0.2785 0.3804 -0.8819
vn -0.3804 0.2785 0.8819
vn -0.8823 0.2863 0.3735
vn -0.7491 0.5451 0.3766
vn -0.4511 0.1451 -0.8806
vn -0.4510 0.1451 0.8807
vn -0.3805 0.2784 0.8819
vn -0.9294 -0.0117 0.3689
vn -0.8824 0.2861 0.3735
vn -0.8824 0.2862 -0.3735
vn -0.8824 -0.3019 0.3609
vn -0.9294 -0.0118 0.3689
vn -0.8824 -0.3019 -0.3610
vn -0.9294 -0.0118 -0.3689
vn -0.4746 -0.0118 -0.8801
vn -0.4746 -0.0118 0.8801
vn -0.7491 -0.5607 0.3529
vn -0.8823 -0.3021 0.3610
vn -0.8823 -0.3021 -0.3609
vn -0.4510 -0.1609 0.8779
vn -0.5451 -0.7647 0.3437
vn -0.7490 -0.5608 0.3529
vn -0.2785 -0.3961 -0.8749
vn -0.3804 -0.2942 -0.8768
vn -0.2785 -0.3961 0.8749
vn -0.3804 -0.2942 0.8768
vn -0.2864 -0.8980 0.3341
vn -0.1452 -0.4667 -0.8724
vn -0.2784 -0.3961 -0.8750
vn -0.2784 -0.3961 0.8750
vt 0.953136 0.809452
vt 0.946121 0.853829
vt 0.986478 0.809452
vt 0.977827 0.864143
vt 0.925713 0.893864
vt 0.952686 0.913466
vt 0.893949 0.925629
vt 0.913542 0.952601
vt 0.853914 0.946019
vt 0.864228 0.977742
vt 0.809545 0.953059
vt 0.809545 0.986393
vt 0.765167 0.946019
vt 0.754879 0.977742
vt 0.725150 0.925629
vt 0.705548 0.952601
vt 0.693385 0.893864
vt 0.666404 0.913466
vt 0.672977 0.853829
vt 0.641272 0.864143
vt 0.665954 0.809452
vt 0.632603 0.809452
vt 0.672977 0.765082
vt 0.641272 0.754785
vt 0.693385 0.725048
vt 0.666404 0.705463
vt 0.725150 0.693283
vt 0.705548 0.666319
vt 0.765167 0.672892
vt 0.754879 0.641187
vt 0.809545 0.665869
vt 0.809545 0.632518
vt 0.853914 0.672892
vt 0.864228 0.641187
vt 0.893949 0.693283
vt 0.913542 0.666319
vt 0.925713 0.725048
vt 0.952686 0.705463
vt 0.946121 0.765082
vt 0.977827 0.754785
vt 0.857188 0.809452
vt 0.854855 0.824185
vt 0.936028 0.809460
vt 0.929844 0.848545
vt 0.848095 0.837467
vt 0.911871 0.883804
vt 0.837552 0.848010
vt 0.883889 0.911786
vt 0.824278 0.854770
vt 0.848630 0.929759
vt 0.809545 0.857095
vt 0.809562 0.935943
vt 0.794829 0.854770
vt 0.770469 0.929759
vt 0.781546 0.848010
vt 0.735218 0.911786
vt 0.771003 0.837467
vt 0.707227 0.883804
vt 0.764234 0.824185
vt 0.689271 0.848545
vt 0.761902 0.809452
vt 0.683079 0.809460
vt 0.764234 0.794744
vt 0.689271 0.770384
vt 0.771003 0.781461
vt 0.707227 0.735133
vt 0.781546 0.770918
vt 0.735218 0.707151
vt 0.794829 0.764149
vt 0.770469 0.689186
vt 0.809545 0.761809
vt 0.809562 0.682986
vt 0.824278 0.764149
vt 0.848630 0.689186
vt 0.837552 0.770918
vt 0.883889 0.707151
vt 0.848095 0.781461
vt 0.911871 0.735133
vt 0.854855 0.794744
vt 0.929844 0.770384
vt 0.809545 0.809452
vt 0.942779 0.809452
vt 0.936257 0.850631
vt 0.917333 0.887765
vt 0.887859 0.917248
vt 0.850716 0.936172
vt 0.809545 0.942686
vt 0.768373 0.936172
vt 0.731240 0.917248
vt 0.701756 0.887765
vt 0.682842 0.850631
vt 0.676310 0.809452
vt 0.682842 0.768289
vt 0.701756 0.731138
vt 0.731240 0.701671
vt 0.768373 0.682740
vt 0.809545 0.676217
vt 0.850716 0.682740
vt 0.887859 0.701671
vt 0.917333 0.731138
vt 0.936257 0.768289
vt 0.614681 0.728712
vt 0.614681 0.822599
vt 0.471675 0.728712
vt 0.471675 0.822599
vt 0.599337 0.947750
vt 0.523924 0.916511
vt 0.605546 0.916511
vt 0.581652 0.974247
vt 0.555155 0.991932
vt 0.523924 0.998158
vt 0.492676 0.991932
vt 0.466196 0.974247
vt 0.448494 0.947750
vt 0.442294 0.916511
vt 0.448494 0.885272
vt 0.466196 0.858782
vt 0.492676 0.841098
vt 0.523924 0.834889
vt 0.555155 0.841098
vt 0.581652 0.858782
vt 0.599337 0.885272
vt 0.617675 0.946045
vt 0.608616 0.914305
vt 0.617675 0.914305
vt 0.608616 0.946045
vt 0.617675 0.972958
vt 0.608616 0.972958
vt 0.608616 0.882574
vt 0.617675 0.882574
vt 0.608616 0.855670
vt 0.617675 0.855670
vt 0.971287 0.599693
vt 0.971287 0.528368
vt 0.641195 0.599693
vt 0.641195 0.528368
vt 0.620610 0.599693
vt 0.620610 0.528394
vt 0.991864 0.599693
vt 0.991864 0.528394
s 1
usemtl Material.002
f 4143/1257/2592 4141/1258/2593 4142/1259/2594
f 4144/1260/2595 4142/1259/2594 4141/1258/2593
f 4141/1258/2593 4145/1261/2596 4144/1260/2595
f 4146/1262/2597 4144/1260/2595 4145/1261/2596
f 4145/1261/2596 4147/1263/2598 4146/1262/2597
f 4148/1264/2599 4146/1262/2597 4147/1263/2598
f 4147/1263/2598 4149/1265/2600 4148/1264/2599
f 4150/1266/2601 4148/1264/2599 4149/1265/2600
f 4149/1265/2600 4151/1267/2602 4150/1266/2601
f 4152/1268/2603 4150/1266/2601 4151/1267/2602
f 4151/1267/2602 4153/1269/2604 4152/1268/2603
f 4154/1270/2605 4152/1268/2603 4153/1269/2604
f 4153/1269/2604 4155/1271/2606 4154/1270/2605
f 4156/1272/2607 4154/1270/2605 4155/1271/2606
f 4155/1271/2606 4157/1273/2608 4156/1272/2607
f 4158/1274/2609 4156/1272/2607 4157/1273/2608
f 4157/1273/2608 4159/1275/2610 4158/1274/2609
f 4160/1276/2611 4158/1274/2609 4159/1275/2610
f 4159/1275/2610 4161/1277/2612 4160/1276/2611
f 4162/1278/2613 4160/1276/2611 4161/1277/2612
f 4161/1277/2612 4163/1279/2614 4162/1278/2613
f 4164/1280/2615 4162/1278/2613 4163/1279/2614
f 4163/1279/2614 4165/1281/2616 4164/1280/2615
f 4166/1282/2617 4164/1280/2615 4165/1281/2616
f 4165/1281/2616 4167/1283/2618 4166/1282/2617
f 4168/1284/2619 4166/1282/2617 4167/1283/2618
f 4167/1283/2618 4169/1285/2620 4168/1284/2619
f 4170/1286/2621 4168/1284/2619 4169/1285/2620
f 4169/1285/2620 4171/1287/2622 4170/1286/2621
f 4172/1288/2623 4170/1286/2621 4171/1287/2622
f 4171/1287/2622 4173/1289/2624 4172/1288/2623
f 4174/1290/2625 4172/1288/2623 4173/1289/2624
f 4173/1289/2624 4175/1291/2626 4174/1290/2625
f 4176/1292/2627 4174/1290/2625 4175/1291/2626
f 4175/1291/2626 4177/1293/2628 4176/1292/2627
f 4178/1294/2629 4176/1292/2627 4177/1293/2628
f 4177/1293/2628 4179/1295/2630 4178/1294/2629
f 4180/1296/2631 4178/1294/2629 4179/1295/2630
f 4179/1295/2630 4143/1257/2592 4180/1296/2631
f 4142/1259/2594 4180/1296/2631 4143/1257/2592
f 4183/1297/2632 4181/1298/2633 4182/1299/2632
f 4184/1300/2634 4182/1299/2632 4181/1298/2633
f 4181/1298/2633 4185/1301/2635 4184/1300/2634
f 4186/1302/2635 4184/1300/2634 4185/1301/2635
f 4185/1301/2635 4187/1303/2636 4186/1302/2635
f 4188/1304/2636 4186/1302/2635 4187/1303/2636
f 4187/1303/2636 4189/1305/2637 4188/1304/2636
f 4190/1306/2637 4188/1304/2636 4189/1305/2637
f 4189/1305/2637 4191/1307/2638 4190/1306/2637
f 4192/1308/2639 4190/1306/2637 4191/1307/2638
f 4191/1307/2638 4193/1309/2640 4192/1308/2639
f 4194/1310/2640 4192/1308/2639 4193/1309/2640
f 4193/1309/2640 4195/1311/2641 4194/1310/2640
f 4196/1312/2641 4194/1310/2640 4195/1311/2641
f 4195/1311/2641 4197/1313/2642 4196/1312/2641
f 4198/1314/2642 4196/1312/2641 4197/1313/2642
f 4197/1313/2642 4199/1315/2643 4198/1314/2642
f 4200/1316/2643 4198/1314/2642 4199/1315/2643
f 4199/1315/2643 4201/1317/2644 4200/1316/2643
f 4202/1318/2644 4200/1316/2643 4201/1317/2644
f 4201/1317/2644 4203/1319/2645 4202/1318/2644
f 4204/1320/2645 4202/1318/2644 4203/1319/2645
f 4203/1319/2645 4205/1321/2646 4204/1320/2645
f 4206/1322/2647 4204/1320/2645 4205/1321/2646
f 4205/1321/2646 4207/1323/2648 4206/1322/2647
f 4208/1324/2648 4206/1322/2647 4207/1323/2648
f 4207/1323/2648 4209/1325/2649 4208/1324/2648
f 4210/1326/2649 4208/1324/2648 4209/1325/2649
f 4209/1325/2649 4211/1327/2650 4210/1326/2649
f 4212/1328/2651 4210/1326/2649 4211/1327/2650
f 4211/1327/2650 4213/1329/2652 4212/1328/2651
f 4214/1330/2652 4212/1328/2651 4213/1329/2652
f 4213/1329/2652 4215/1331/2653 4214/1330/2652
f 4216/1332/2654 4214/1330/2652 4215/1331/2653
f 4215/1331/2653 4217/1333/2655 4216/1332/2654
f 4218/1334/2656 4216/1332/2654 4217/1333/2655
f 4217/1333/2655 4219/1335/2657 4218/1334/2656
f 4220/1336/2657 4218/1334/2656 4219/1335/2657
f 4219/1335/2657 4183/1297/2632 4220/1336/2657
f 4182/1299/2632 4220/1336/2657 4183/1297/2632
f 4223/1298/2658 4221/1297/2659 4222/1337/2660
f 4224/1301/2661 4223/1298/2658 4222/1337/2660
f 4225/1303/2662 4224/1301/2661 4222/1337/2660
f 4226/1305/2663 4225/1303/2662 4222/1337/2660
f 4227/1307/2664 4226/1305/2663 4222/1337/2660
f 4228/1309/2665 4227/1307/2664 4222/1337/2660
f 4229/1311/2666 4228/1309/2665 4222/1337/2660
f 4230/1313/2667 4229/1311/2666 4222/1337/2660
f 4231/1315/2668 4230/1313/2667 4222/1337/2660
f 4232/1317/2669 4231/1315/2668 4222/1337/2660
f 4233/1319/2670 4232/1317/2669 4222/1337/2660
f 4234/1321/2671 4233/1319/2670 4222/1337/2660
f 4235/1323/2672 4234/1321/2671 4222/1337/2660
f 4236/1325/2673 4235/1323/2672 4222/1337/2660
f 4237/1327/2674 4236/1325/2673 4222/1337/2660
f 4238/1329/2675 4237/1327/2674 4222/1337/2660
f 4239/1331/2676 4238/1329/2675 4222/1337/2660
f 4240/1333/2677 4239/1331/2676 4222/1337/2660
f 4241/1335/2678 4240/1333/2677 4222/1337/2660
f 4221/1297/2659 4241/1335/2678 4222/1337/2660
f 4244/1338/2679 4242/1339/2680 4243/1257/2681
f 4245/1258/2680 4243/1257/2681 4242/1339/2680
f 4242/1339/2680 4246/1340/2682 4245/1258/2680
f 4247/1261/2682 4245/1258/2680 4246/1340/2682
f 4246/1340/2682 4248/1341/2683 4247/1261/2682
f 4249/1263/2684 4247/1261/2682 4248/1341/2683
f 4248/1341/2683 4250/1342/2685 4249/1263/2684
f 4251/1265/2685 4249/1263/2684 4250/1342/2685
f 4250/1342/2685 4252/1343/2686 4251/1265/2685
f 4253/1267/2686 4251/1265/2685 4252/1343/2686
f 4252/1343/2686 4254/1344/2687 4253/1267/2686
f 4255/1269/2687 4253/1267/2686 4254/1344/2687
f 4254/1344/2687 4256/1345/2688 4255/1269/2687
f 4257/1271/2688 4255/1269/2687 4256/1345/2688
f 4256/1345/2688 4258/1346/2689 4257/1271/2688
f 4259/1273/2689 4257/1271/2688 4258/1346/2689
f 4258/1346/2689 4260/1347/2690 4259/1273/2689
f 4261/1275/2690 4259/1273/2689 4260/1347/2690
f 4260/1347/2690 4262/1348/2691 4261/1275/2690
f 4263/1277/2692 4261/1275/2690 4262/1348/2691
f 4262/1348/2691 4264/1349/2693 4263/1277/2692
f 4265/1279/2693 4263/1277/2692 4264/1349/2693
f 4264/1349/2693 4266/1350/2694 4265/1279/2693
f 4267/1281/2695 4265/1279/2693 4266/1350/2694
f 4266/1350/2694 4268/1351/2696 4267/1281/2695
f 4269/1283/2696 4267/1281/2695 4268/1351/2696
f 4268/1351/2696 4270/1352/2697 4269/1283/2696
f 4271/1285/2698 4269/1283/2696 4270/1352/2697
f 4270/1352/2697 4272/1353/2699 4271/1285/2698
f 4273/1287/2700 4271/1285/2698 4272/1353/2699
f 4272/1353/2699 4274/1354/2701 4273/1287/2700
f 4275/1289/2702 4273/1287/2700 4274/1354/2701
f 4274/1354/2701 4276/1355/2703 4275/1289/2702
f 4277/1291/2703 4275/1289/2702 4276/1355/2703
f 4276/1355/2703 4278/1356/2704 4277/1291/2703
f 4279/1293/2704 4277/1291/2703 4278/1356/2704
f 4278/1356/2704 4280/1357/2705 4279/1293/2704
f 4281/1295/2705 4279/1293/2704 4280/1357/2705
f 4280/1357/2705 4244/1338/2679 4281/1295/2705
f 4243/1257/2681 4281/1295/2705 4244/1338/2679
f 4284/1299/2706 4282/1300/2707 4283/1338/2708
f 4285/1339/2709 4283/1338/2708 4282/1300/2707
f 4282/1300/2707 4286/1302/2710 4285/1339/2709
f 4287/1340/2711 4285/1339/2709 4286/1302/2710
f 4286/1302/2710 4288/1304/2712 4287/1340/2711
f 4289/1341/2713 4287/1340/2711 4288/1304/2712
f 4288/1304/2712 4290/1306/2714 4289/1341/2713
f 4291/1342/2715 4289/1341/2713 4290/1306/2714
f 4290/1306/2714 4292/1308/2716 4291/1342/2715
f 4293/1343/2717 4291/1342/2715 4292/1308/2716
f 4292/1308/2716 4294/1310/2718 4293/1343/2717
f 4295/1344/2719 4293/1343/2717 4294/1310/2718
f 4294/1310/2718 4296/1312/2720 4295/1344/2719
f 4297/1345/2721 4295/1344/2719 4296/1312/2720
f 4296/1312/2720 4298/1314/2722 4297/1345/2721
f 4299/1346/2723 4297/1345/2721 4298/1314/2722
f 4298/1314/2722 4300/1316/2724 4299/1346/2723
f 4301/1347/2725 4299/1346/2723 4300/1316/2724
f 4300/1316/2724 4302/1318/2726 4301/1347/2725
f 4303/1348/2727 4301/1347/2725 4302/1318/2726
f 4302/1318/2726 4304/1320/2728 4303/1348/2727
f 4305/1349/2729 4303/1348/2727 4304/1320/2728
f 4304/1320/2728 4306/1322/2730 4305/1349/2729
f 4307/1350/2731 4305/1349/2729 4306/1322/2730
f 4306/1322/2730 4308/1324/2732 4307/1350/2731
f 4309/1351/2733 4307/1350/2731 4308/1324/2732
f 4308/1324/2732 4310/1326/2734 4309/1351/2733
f 4311/1352/2735 4309/1351/2733 4310/1326/2734
f 4310/1326/2734 4312/1328/2736 4311/1352/2735
f 4313/1353/2737 4311/1352/2735 4312/1328/2736
f 4312/1328/2736 4314/1330/2738 4313/1353/2737
f 4315/1354/2739 4313/1353/2737 4314/1330/2738
f 4314/1330/2738 4316/1332/2740 4315/1354/2739
f 4317/1355/2741 4315/1354/2739 4316/1332/2740
f 4316/1332/2740 4318/1334/2742 4317/1355/2741
f 4319/1356/2743 4317/1355/2741 4318/1334/2742
f 4318/1334/2742 4320/1336/2744 4319/1356/2743
f 4321/1357/2745 4319/1356/2743 4320/1336/2744
f 4320/1336/2744 4284/1299/2706 4321/1357/2745
f 4283/1338/2708 4321/1357/2745 4284/1299/2706
f 4324/1257/2746 4322/1259/2747 4323/1258/2748
f 4325/1260/2749 4323/1258/2748 4322/1259/2747
f 4323/1258/2748 4325/1260/2749 4326/1261/2750
f 4327/1262/2751 4326/1261/2750 4325/1260/2749
f 4326/1261/2750 4327/1262/2751 4328/1263/2752
f 4329/1264/2753 4328/1263/2752 4327/1262/2751
f 4328/1263/2752 4329/1264/2753 4330/1265/2754
f 4331/1266/2755 4330/1265/2754 4329/1264/2753
f 4330/1265/2754 4331/1266/2755 4332/1267/2756
f 4333/1268/2757 4332/1267/2756 4331/1266/2755
f 4332/1267/2756 4333/1268/2757 4334/1269/2758
f 4335/1270/2759 4334/1269/2758 4333/1268/2757
f 4334/1269/2758 4335/1270/2759 4336/1271/2760
f 4337/1272/2761 4336/1271/2760 4335/1270/2759
f 4336/1271/2760 4337/1272/2761 4338/1273/2762
f 4339/1274/2763 4338/1273/2762 4337/1272/2761
f 4338/1273/2762 4339/1274/2763 4340/1275/2764
f 4341/1276/2765 4340/1275/2764 4339/1274/2763
f 4340/1275/2764 4341/1276/2765 4342/1277/2766
f 4343/1278/2767 4342/1277/2766 4341/1276/2765
f 4342/1277/2766 4343/1278/2767 4344/1279/2768
f 4345/1280/2769 4344/1279/2768 4343/1278/2767
f 4344/1279/2768 4345/1280/2769 4346/1281/2770
f 4347/1282/2771 4346/1281/2770 4345/1280/2769
f 4346/1281/2770 4347/1282/2771 4348/1283/2772
f 4349/1284/2773 4348/1283/2772 4347/1282/2771
f 4348/1283/2772 4349/1284/2773 4350/1285/2774
f 4351/1286/2775 4350/1285/2774 4349/1284/2773
f 4350/1285/2774 4351/1286/2775 4352/1287/2776
f 4353/1288/2777 4352/1287/2776 4351/1286/2775
f 4352/1287/2776 4353/1288/2777 4354/1289/2778
f 4355/1290/2779 4354/1289/2778 4353/1288/2777
f 4354/1289/2778 4355/1290/2779 4356/1291/2780
f 4357/1292/2781 4356/1291/2780 4355/1290/2779
f 4356/1291/2780 4357/1292/2781 4358/1293/2782
f 4359/1294/2783 4358/1293/2782 4357/1292/2781
f 4358/1293/2782 4359/1294/2783 4360/1295/2784
f 4361/1296/2785 4360/1295/2784 4359/1294/2783
f 4360/1295/2784 4361/1296/2785 4324/1257/2746
f 4322/1259/2747 4324/1257/2746 4361/1296/2785
f 4364/1338/2786 4362/1257/2787 4363/1339/2788
f 4365/1258/2789 4363/1339/2788 4362/1257/2787
f 4363/1339/2788 4365/1258/2789 4366/1340/2790
f 4367/1261/2791 4366/1340/2790 4365/1258/2789
f 4366/1340/2790 4367/1261/2791 4368/1341/2792
f 4369/1263/2792 4368/1341/2792 4367/1261/2791
f 4368/1341/2792 4369/1263/2792 4370/1342/2793
f 4371/1265/2793 4370/1342/2793 4369/1263/2792
f 4370/1342/2793 4371/1265/2793 4372/1343/2794
f 4373/1267/2795 4372/1343/2794 4371/1265/2793
f 4372/1343/2794 4373/1267/2795 4374/1344/2796
f 4375/1269/2796 4374/1344/2796 4373/1267/2795
f 4374/1344/2796 4375/1269/2796 4376/1345/2797
f 4377/1271/2797 4376/1345/2797 4375/1269/2796
f 4376/1345/2797 4377/1271/2797 4378/1346/2798
f 4379/1273/2799 4378/1346/2798 4377/1271/2797
f 4378/1346/2798 4379/1273/2799 4380/1347/2800
f 4381/1275/2800 4380/1347/2800 4379/1273/2799
f 4380/1347/2800 4381/1275/2800 4382/1348/2801
f 4383/1277/2802 4382/1348/2801 4381/1275/2800
f 4382/1348/2801 4383/1277/2802 4384/1349/2803
f 4385/1279/2803 4384/1349/2803 4383/1277/2802
f 4384/1349/2803 4385/1279/2803 4386/1350/2804
f 4387/1281/2804 4386/1350/2804 4385/1279/2803
f 4386/1350/2804 4387/1281/2804 4388/1351/2805
f 4389/1283/2805 4388/1351/2805 4387/1281/2804
f 4388/1351/2805 4389/1283/2805 4390/1352/2806
f 4391/1285/2806 4390/1352/2806 4389/1283/2805
f 4390/1352/2806 4391/1285/2806 4392/1353/2807
f 4393/1287/2808 4392/1353/2807 4391/1285/2806
f 4392/1353/2807 4393/1287/2808 4394/1354/2809
f 4395/1289/2809 4394/1354/2809 4393/1287/2808
f 4394/1354/2809 4395/1289/2809 4396/1355/2810
f 4397/1291/2810 4396/1355/2810 4395/1289/2809
f 4396/1355/2810 4397/1291/2810 4398/1356/2811
f 4399/1293/2811 4398/1356/2811 4397/1291/2810
f 4398/1356/2811 4399/1293/2811 4400/1357/2812
f 4401/1295/2813 4400/1357/2812 4399/1293/2811
f 4400/1357/2812 4401/1295/2813 4364/1338/2786
f 4362/1257/2787 4364/1338/2786 4401/1295/2813
f 4404/1358/2814 4402/1359/2815 4403/1360/2816
f 4405/1361/2817 4403/1360/2816 4402/1359/2815
f 4408/1360/2818 4406/1361/2819 4407/1358/2820
f 4409/1359/2821 4407/1358/2820 4406/1361/2819
f 4412/1360/2822 4410/1361/2823 4411/1358/2824
f 4413/1359/2825 4411/1358/2824 4410/1361/2823
f 4416/1360/2826 4414/1361/2827 4415/1358/2714
f 4417/1359/2828 4415/1358/2714 4414/1361/2827
f 4420/1360/2829 4418/1361/2830 4419/1358/2831
f 4421/1359/2832 4419/1358/2831 4418/1361/2830
f 4424/1360/2716 4422/1361/2833 4423/1358/2718
f 4425/1359/2834 4423/1358/2718 4422/1361/2833
f 4428/1360/2835 4426/1361/2836 4427/1358/2837
f 4429/1359/2837 4427/1358/2837 4426/1361/2836
f 4432/1360/2838 4430/1361/2838 4431/1358/2839
f 4433/1359/2839 4431/1358/2839 4430/1361/2838
f 4436/1360/2722 4434/1361/2722 4435/1358/2840
f 4437/1359/2841 4435/1358/2840 4434/1361/2722
f 4440/1360/2842 4438/1361/2841 4439/1358/2726
f 4441/1359/2843 4439/1358/2726 4438/1361/2841
f 4444/1360/2844 4442/1361/2845 4443/1358/2846
f 4445/1359/2847 4443/1358/2846 4442/1361/2845
f 4448/1360/2848 4446/1361/2849 4447/1358/2850
f 4449/1359/2851 4447/1358/2850 4446/1361/2849
f 4452/1360/2852 4450/1361/2853 4451/1358/2854
f 4453/1359/2855 4451/1358/2854 4450/1361/2853
f 4456/1360/2856 4454/1361/2855 4455/1358/2857
f 4457/1359/2858 4455/1358/2857 4454/1361/2855
f 4460/1360/2859 4458/1361/2860 4459/1358/2861
f 4461/1359/2862 4459/1358/2861 4458/1361/2860
f 4464/1360/2861 4462/1361/2863 4463/1358/2864
f 4465/1359/2865 4463/1358/2864 4462/1361/2863
f 4468/1360/2866 4466/1361/2867 4467/1358/2868
f 4469/1359/2869 4467/1358/2868 4466/1361/2867
f 4472/1360/2870 4470/1361/2871 4471/1358/2872
f 4473/1359/2873 4471/1358/2872 4470/1361/2871
f 4476/1360/2874 4474/1361/2875 4475/1358/2876
f 4477/1359/2877 4475/1358/2876 4474/1361/2875
f 4480/1358/2878 4478/1359/2879 4479/1360/2880
f 4481/1361/2881 4479/1360/2880 4478/1359/2879
f 4484/1362/2882 4482/1363/2882 4483/1364/2882
f 4485/1365/2882 4482/1363/2882 4484/1362/2882
f 4486/1366/2882 4482/1363/2882 4485/1365/2882
f 4487/1367/2882 4482/1363/2882 4486/1366/2882
f 4488/1368/2882 4482/1363/2882 4487/1367/2882
f 4489/1369/2882 4482/1363/2882 4488/1368/2882
f 4490/1370/2882 4482/1363/2882 4489/1369/2882
f 4491/1371/2882 4482/1363/2882 4490/1370/2882
f 4492/1372/2882 4482/1363/2882 4491/1371/2882
f 4493/1373/2882 4482/1363/2882 4492/1372/2882
f 4494/1374/2882 4482/1363/2882 4493/1373/2882
f 4495/1375/2882 4482/1363/2882 4494/1374/2882
f 4496/1376/2882 4482/1363/2882 4495/1375/2882
f 4497/1377/2882 4482/1363/2882 4496/1376/2882
f 4498/1378/2882 4482/1363/2882 4497/1377/2882
f 4483/1364/2882 4482/1363/2882 4498/1378/2882
f 4501/1379/2883 4499/1380/2845 4500/1381/2845
f 4502/1382/2883 4499/1380/2845 4501/1379/2883
f 4503/1383/2884 4502/1382/2883 4501/1379/2883
f 4504/1384/2884 4502/1382/2883 4503/1383/2884
f 4499/1380/2845 4505/1385/2885 4500/1381/2845
f 4500/1381/2845 4505/1385/2885 4506/1386/2886
f 4505/1385/2885 4507/1387/2887 4506/1386/2886
f 4506/1386/2886 4507/1387/2887 4508/1388/2888
f 4511/1379/2889 4509/1384/2890 4510/1383/2891
f 4512/1382/2889 4509/1384/2890 4511/1379/2889
f 4513/1381/2892 4512/1382/2889 4511/1379/2889
f 4514/1380/2892 4512/1382/2889 4513/1381/2892
f 4515/1386/2893 4514/1380/2892 4513/1381/2892
f 4516/1385/2893 4514/1380/2892 4515/1386/2893
f 4517/1388/2894 4516/1385/2893 4515/1386/2893
f 4518/1387/2894 4516/1385/2893 4517/1388/2894
f 4521/1364/2660 4519/1363/2660 4520/1362/2660
f 4520/1362/2660 4519/1363/2660 4522/1365/2660
f 4522/1365/2660 4519/1363/2660 4523/1366/2660
f 4523/1366/2660 4519/1363/2660 4524/1367/2660
f 4524/1367/2660 4519/1363/2660 4525/1368/2660
f 4525/1368/2660 4519/1363/2660 4526/1369/2660
f 4526/1369/2660 4519/1363/2660 4527/1370/2660
f 4527/1370/2660 4519/1363/2660 4528/1371/2660
f 4528/1371/2660 4519/1363/2660 4529/1372/2660
f 4529/1372/2660 4519/1363/2660 4530/1373/2660
f 4530/1373/2660 4519/1363/2660 4531/1374/2660
f 4531/1374/2660 4519/1363/2660 4532/1375/2660
f 4532/1375/2660 4519/1363/2660 4533/1376/2660
f 4533/1376/2660 4519/1363/2660 4534/1377/2660
f 4534/1377/2660 4519/1363/2660 4535/1378/2660
f 4535/1378/2660 4519/1363/2660 4521/1364/2660
f 4538/1379/2895 4536/1380/2832 4537/1381/2832
f 4539/1382/2895 4536/1380/2832 4538/1379/2895
f 4540/1383/2896 4539/1382/2895 4538/1379/2895
f 4541/1384/2896 4539/1382/2895 4540/1383/2896
f 4536/1380/2832 4542/1385/2897 4537/1381/2832
f 4537/1381/2832 4542/1385/2897 4543/1386/2897
f 4542/1385/2897 4544/1387/2888 4543/1386/2897
f 4543/1386/2897 4544/1387/2888 4545/1388/2888
f 4548/1379/2898 4546/1384/2899 4547/1383/2900
f 4549/1382/2898 4546/1384/2899 4548/1379/2898
f 4550/1381/2901 4549/1382/2898 4548/1379/2898
f 4551/1380/2901 4549/1382/2898 4550/1381/2901
f 4552/1386/2902 4551/1380/2901 4550/1381/2901
f 4553/1385/2903 4551/1380/2901 4552/1386/2902
f 4554/1388/2904 4553/1385/2903 4552/1386/2902
f 4555/1387/2904 4553/1385/2903 4554/1388/2904
f 4558/1389/2905 4556/1390/2906 4557/1391/2907
f 4559/1392/2908 4557/1391/2907 4556/1390/2906
f 4557/1391/2907 4559/1392/2908 4560/1393/2909
f 4561/1394/2910 4560/1393/2909 4559/1392/2908
f 4558/1389/2905 4562/1395/2911 4556/1390/2906
f 4563/1396/2912 4556/1390/2906 4562/1395/2911
f 4566/1389/2913 4564/1390/2914 4565/1391/2915
f 4567/1392/2717 4565/1391/2915 4564/1390/2914
f 4565/1391/2915 4567/1392/2717 4568/1393/2916
f 4569/1394/2917 4568/1393/2916 4567/1392/2717
f 4566/1389/2913 4570/1395/2918 4564/1390/2914
f 4571/1396/2919 4564/1390/2914 4570/1395/2918
f 4574/1389/2920 4572/1390/2921 4573/1391/2922
f 4575/1392/2719 4573/1391/2922 4572/1390/2921
f 4573/1391/2922 4575/1392/2719 4576/1393/2923
f 4577/1394/2916 4576/1393/2923 4575/1392/2719
f 4574/1389/2920 4578/1395/2924 4572/1390/2921
f 4579/1396/2918 4572/1390/2921 4578/1395/2924
f 4582/1389/2925 4580/1390/2920 4581/1391/2926
f 4583/1392/2721 4581/1391/2926 4580/1390/2920
f 4581/1391/2926 4583/1392/2721 4584/1393/2927
f 4585/1394/2928 4584/1393/2927 4583/1392/2721
f 4582/1389/2925 4586/1395/2929 4580/1390/2920
f 4587/1396/2930 4580/1390/2920 4586/1395/2929
f 4590/1389/2931 4588/1390/2925 4589/1391/2725
f 4591/1392/2926 4589/1391/2725 4588/1390/2925
f 4589/1391/2725 4591/1392/2926 4592/1393/2932
f 4593/1394/2933 4592/1393/2932 4591/1392/2926
f 4590/1389/2931 4594/1395/2934 4588/1390/2925
f 4595/1396/2935 4588/1390/2925 4594/1395/2934
f 4598/1389/2936 4596/1390/2937 4597/1391/2727
f 4599/1392/2938 4597/1391/2727 4596/1390/2937
f 4597/1391/2727 4599/1392/2938 4600/1393/2939
f 4601/1394/2932 4600/1393/2939 4599/1392/2938
f 4598/1389/2936 4602/1395/2940 4596/1390/2937
f 4603/1396/2934 4596/1390/2937 4602/1395/2940
f 4606/1389/2941 4604/1390/2936 4605/1391/2729
f 4607/1392/2942 4605/1391/2729 4604/1390/2936
f 4605/1391/2729 4607/1392/2942 4608/1393/2943
f 4609/1394/2944 4608/1393/2943 4607/1392/2942
f 4606/1389/2941 4610/1395/2945 4604/1390/2936
f 4611/1396/2946 4604/1390/2936 4610/1395/2945
f 4614/1389/2947 4612/1390/2948 4613/1391/2731
f 4615/1392/2949 4613/1391/2731 4612/1390/2948
f 4613/1391/2731 4615/1392/2949 4616/1393/2950
f 4617/1394/2943 4616/1393/2950 4615/1392/2949
f 4614/1389/2947 4618/1395/2951 4612/1390/2948
f 4619/1396/2945 4612/1390/2948 4618/1395/2951
f 4622/1389/2952 4620/1390/2947 4621/1391/2733
f 4623/1392/2731 4621/1391/2733 4620/1390/2947
f 4621/1391/2733 4623/1392/2731 4624/1393/2953
f 4625/1394/2954 4624/1393/2953 4623/1392/2731
f 4622/1389/2952 4626/1395/2955 4620/1390/2947
f 4627/1396/2956 4620/1390/2947 4626/1395/2955
f 4630/1389/2957 4628/1390/2958 4629/1391/2959
f 4631/1392/2960 4629/1391/2959 4628/1390/2958
f 4629/1391/2959 4631/1392/2960 4632/1393/2961
f 4633/1394/2599 4632/1393/2961 4631/1392/2960
f 4630/1389/2957 4634/1395/2962 4628/1390/2958
f 4635/1396/2955 4628/1390/2958 4634/1395/2962
f 4638/1389/2963 4636/1390/2964 4637/1391/2737
f 4639/1392/2965 4637/1391/2737 4636/1390/2964
f 4637/1391/2737 4639/1392/2965 4640/1393/2603
f 4641/1394/2966 4640/1393/2603 4639/1392/2965
f 4638/1389/2963 4642/1395/2757 4636/1390/2964
f 4643/1396/2755 4636/1390/2964 4642/1395/2757
f 4646/1389/2967 4644/1390/2968 4645/1391/2969
f 4647/1392/2970 4645/1391/2969 4644/1390/2968
f 4645/1391/2969 4647/1392/2970 4648/1393/2971
f 4649/1394/2972 4648/1393/2971 4647/1392/2970
f 4646/1389/2967 4650/1395/2973 4644/1390/2968
f 4651/1396/2757 4644/1390/2968 4650/1395/2973
f 4654/1389/2974 4652/1390/2975 4653/1391/2976
f 4655/1392/2977 4653/1391/2976 4652/1390/2975
f 4653/1391/2976 4655/1392/2977 4656/1393/2978
f 4657/1394/2979 4656/1393/2978 4655/1392/2977
f 4654/1389/2974 4658/1395/2761 4652/1390/2975
f 4659/1396/2980 4652/1390/2975 4658/1395/2761
f 4662/1389/2981 4660/1390/2974 4661/1391/2743
f 4663/1392/2741 4661/1391/2743 4660/1390/2974
f 4661/1391/2743 4663/1392/2741 4664/1393/2609
f 4665/1394/2982 4664/1393/2609 4663/1392/2741
f 4662/1389/2981 4666/1395/2983 4660/1390/2974
f 4667/1396/2761 4660/1390/2974 4666/1395/2983
f 4670/1389/2984 4668/1390/2985 4669/1391/2745
f 4671/1392/2743 4669/1391/2745 4668/1390/2985
f 4669/1391/2745 4671/1392/2743 4672/1393/2986
f 4673/1394/2609 4672/1393/2986 4671/1392/2743
f 4670/1389/2984 4674/1395/2987 4668/1390/2985
f 4675/1396/2988 4668/1390/2985 4674/1395/2987
f 4678/1389/2989 4676/1390/2990 4677/1391/2708
f 4679/1392/2991 4677/1391/2708 4676/1390/2990
f 4677/1391/2708 4679/1392/2991 4680/1393/2613
f 4681/1394/2611 4680/1393/2613 4679/1392/2991
f 4678/1389/2989 4682/1395/2767 4676/1390/2990
f 4683/1396/2987 4676/1390/2990 4682/1395/2767
f 4686/1389/2992 4684/1390/2993 4685/1391/2994
f 4687/1392/2995 4685/1391/2994 4684/1390/2993
f 4685/1391/2994 4687/1392/2995 4688/1393/2615
f 4689/1394/2996 4688/1393/2615 4687/1392/2995
f 4686/1389/2992 4690/1395/2769 4684/1390/2993
f 4691/1396/2997 4684/1390/2993 4690/1395/2769
f 4694/1389/2998 4692/1390/2999 4693/1391/2711
f 4695/1392/3000 4693/1391/2711 4692/1390/2999
f 4693/1391/2711 4695/1392/3000 4696/1393/2617
f 4697/1394/2615 4696/1393/2617 4695/1392/3000
f 4694/1389/2998 4698/1395/2771 4692/1390/2999
f 4699/1396/3001 4692/1390/2999 4698/1395/2771
f 4702/1389/3002 4700/1390/3003 4701/1391/2713
f 4703/1392/2711 4701/1391/2713 4700/1390/3003
f 4701/1391/2713 4703/1392/2711 4704/1393/3004
f 4705/1394/3005 4704/1393/3004 4703/1392/2711
f 4702/1389/3002 4706/1395/3006 4700/1390/3003
f 4707/1396/3007 4700/1390/3003 4706/1395/3006
f 4710/1389/3008 4708/1390/3002 4709/1391/2715
f 4711/1392/2713 4709/1391/2715 4708/1390/3002
f 4709/1391/2715 4711/1392/2713 4712/1393/3009
f 4713/1394/3010 4712/1393/3009 4711/1392/2713
f 4710/1389/3008 4714/1395/2912 4708/1390/3002
f 4715/1396/3011 4708/1390/3002 4714/1395/2912
o sportscar-wheel-LF.001
v -5.452753 0.453876 -4.317519
v -5.039817 -0.000001 -4.271319
v -5.380862 -0.000001 -4.317519
v -5.128395 0.559265 -4.271319
v -5.661380 0.863324 -4.317519
v -5.385458 1.063790 -4.271319
v -5.986320 1.188264 -4.317519
v -5.785851 1.464179 -4.271319
v -6.395768 1.396891 -4.317519
v -6.290376 1.721249 -4.271319
v -6.849649 1.468775 -4.317519
v -6.849649 1.809831 -4.271319
v -7.303526 1.396891 -4.317519
v -7.408915 1.721249 -4.271319
v -7.712974 1.188264 -4.317519
v -7.913440 1.464179 -4.271319
v -8.037914 0.863324 -4.317519
v -8.313828 1.063790 -4.271319
v -8.246541 0.453876 -4.317519
v -8.570899 0.559265 -4.271319
v -8.318425 -0.000001 -4.317519
v -8.659480 -0.000001 -4.271319
v -8.246541 -0.453882 -4.317519
v -8.570899 -0.559274 -4.271319
v -8.037914 -0.863329 -4.317519
v -8.313828 -1.063799 -4.271319
v -7.712974 -1.188270 -4.317519
v -7.913436 -1.464192 -4.271319
v -7.303526 -1.396897 -4.317519
v -7.408915 -1.721255 -4.271319
v -6.849649 -1.468788 -4.317519
v -6.849649 -1.809833 -4.271319
v -6.395768 -1.396897 -4.317519
v -6.290376 -1.721255 -4.271319
v -5.986320 -1.188270 -4.317519
v -5.785851 -1.464192 -4.271319
v -5.661380 -0.863329 -4.317519
v -5.385458 -1.063799 -4.271319
v -5.452753 -0.453882 -4.317519
v -5.128395 -0.559274 -4.271319
v -6.386170 0.150592 -4.199269
v -5.555912 0.000082 -4.104477
v -6.362325 -0.000001 -4.199269
v -5.619226 0.399853 -4.104477
v -6.455394 0.286437 -4.199269
v -5.802976 0.760483 -4.104477
v -6.563207 0.394254 -4.199269
v -6.089182 1.046686 -4.104477
v -6.699056 0.463470 -4.199269
v -6.449817 1.230440 -4.104477
v -6.849649 0.487320 -4.199269
v -6.849587 1.293758 -4.104477
v -7.000242 0.463470 -4.199269
v -7.249354 1.230440 -4.104477
v -7.136087 0.394254 -4.199269
v -7.609985 1.046686 -4.104477
v -7.243904 0.286437 -4.199269
v -7.896188 0.760483 -4.104477
v -7.313120 0.150588 -4.199269
v -8.079938 0.399853 -4.104477
v -7.336969 -0.000001 -4.199269
v -8.143259 0.000082 -4.104477
v -7.313120 -0.150594 -4.199269
v -8.079938 -0.399684 -4.104477
v -7.243904 -0.286443 -4.199269
v -7.896184 -0.760319 -4.104477
v -7.136087 -0.394256 -4.199269
v -7.609985 -1.046522 -4.104477
v -7.000242 -0.463480 -4.199269
v -7.249354 -1.230276 -4.104477
v -6.849649 -0.487325 -4.199269
v -6.849584 -1.293590 -4.104477
v -6.699056 -0.463480 -4.199269
v -6.449817 -1.230276 -4.104477
v -6.563207 -0.394256 -4.199269
v -6.089182 -1.046522 -4.104477
v -6.455394 -0.286443 -4.199269
v -5.802976 -0.760319 -4.104477
v -6.386170 -0.150594 -4.199269
v -5.619226 -0.399684 -4.104477
v -6.362325 -0.000001 -4.199269
v -6.849649 -0.000001 -4.116749
v -6.386170 0.150592 -4.199269
v -6.455394 0.286437 -4.199269
v -6.563207 0.394254 -4.199269
v -6.699056 0.463470 -4.199269
v -6.849649 0.487320 -4.199269
v -7.000242 0.463470 -4.199269
v -7.136087 0.394254 -4.199269
v -7.243904 0.286437 -4.199269
v -7.313120 0.150588 -4.199269
v -7.336969 -0.000001 -4.199269
v -7.313120 -0.150594 -4.199269
v -7.243904 -0.286443 -4.199269
v -7.136087 -0.394256 -4.199269
v -7.000242 -0.463480 -4.199269
v -6.849649 -0.487325 -4.199269
v -6.699056 -0.463480 -4.199269
v -6.563207 -0.394256 -4.199269
v -6.455394 -0.286443 -4.199269
v -6.386170 -0.150594 -4.199269
v -5.553545 0.421128 -4.285835
v -5.380862 -0.000001 -4.317519
v -5.486840 -0.000001 -4.285835
v -5.452753 0.453876 -4.317519
v -5.747113 0.801030 -4.285835
v -5.661380 0.863324 -4.317519
v -6.048606 1.102531 -4.285835
v -5.986320 1.188264 -4.317519
v -6.428516 1.296103 -4.285835
v -6.395768 1.396891 -4.317519
v -6.849649 1.362804 -4.285835
v -6.849649 1.468775 -4.317519
v -7.270778 1.296103 -4.285835
v -7.303526 1.396891 -4.317519
v -7.650680 1.102531 -4.285835
v -7.712974 1.188264 -4.317519
v -7.952181 0.801030 -4.285835
v -8.037914 0.863324 -4.317519
v -8.145753 0.421128 -4.285835
v -8.246541 0.453876 -4.317519
v -8.212454 -0.000001 -4.285835
v -8.318425 -0.000001 -4.317519
v -8.145753 -0.421134 -4.285835
v -8.246541 -0.453882 -4.317519
v -7.952181 -0.801043 -4.285835
v -8.037914 -0.863329 -4.317519
v -7.650680 -1.102536 -4.285835
v -7.712974 -1.188270 -4.317519
v -7.270778 -1.296105 -4.285835
v -7.303526 -1.396897 -4.317519
v -6.849649 -1.362810 -4.285835
v -6.849649 -1.468788 -4.317519
v -6.428516 -1.296105 -4.285835
v -6.395768 -1.396897 -4.317519
v -6.048606 -1.102536 -4.285835
v -5.986320 -1.188270 -4.317519
v -5.747113 -0.801043 -4.285835
v -5.661380 -0.863329 -4.317519
v -5.553545 -0.421134 -4.285835
v -5.452753 -0.453882 -4.317519
v -5.619226 0.399853 -4.104477
v -5.486840 -0.000001 -4.285835
v -5.555912 0.000082 -4.104477
v -5.553545 0.421128 -4.285835
v -5.802976 0.760483 -4.104477
v -5.747113 0.801030 -4.285835
v -6.089182 1.046686 -4.104477
v -6.048606 1.102531 -4.285835
v -6.449817 1.230440 -4.104477
v -6.428516 1.296103 -4.285835
v -6.849587 1.293758 -4.104477
v -6.849649 1.362804 -4.285835
v -7.249354 1.230440 -4.104477
v -7.270778 1.296103 -4.285835
v -7.609985 1.046686 -4.104477
v -7.650680 1.102531 -4.285835
v -7.896188 0.760483 -4.104477
v -7.952181 0.801030 -4.285835
v -8.079938 0.399853 -4.104477
v -8.145753 0.421128 -4.285835
v -8.143259 0.000082 -4.104477
v -8.212454 -0.000001 -4.285835
v -8.079938 -0.399684 -4.104477
v -8.145753 -0.421134 -4.285835
v -7.896184 -0.760319 -4.104477
v -7.952181 -0.801043 -4.285835
v -7.609985 -1.046522 -4.104477
v -7.650680 -1.102536 -4.285835
v -7.249354 -1.230276 -4.104477
v -7.270778 -1.296105 -4.285835
v -6.849584 -1.293590 -4.104477
v -6.849649 -1.362810 -4.285835
v -6.449817 -1.230276 -4.104477
v -6.428516 -1.296105 -4.285835
v -6.089182 -1.046522 -4.104477
v -6.048606 -1.102536 -4.285835
v -5.802976 -0.760319 -4.104477
v -5.747113 -0.801043 -4.285835
v -5.619226 -0.399684 -4.104477
v -5.553545 -0.421134 -4.285835
v -5.039817 -0.000001 -2.802576
v -5.452753 0.453876 -2.756376
v -5.380862 -0.000001 -2.756376
v -5.128395 0.559264 -2.802576
v -5.661380 0.863324 -2.756376
v -5.385458 1.063790 -2.802576
v -5.986320 1.188264 -2.756376
v -5.785851 1.464179 -2.802576
v -6.395768 1.396891 -2.756376
v -6.290376 1.721249 -2.802576
v -6.849649 1.468775 -2.756376
v -6.849649 1.809830 -2.802576
v -7.303526 1.396891 -2.756376
v -7.408915 1.721249 -2.802576
v -7.712974 1.188264 -2.756376
v -7.913440 1.464183 -2.802576
v -8.037914 0.863324 -2.756376
v -8.313828 1.063790 -2.802576
v -8.246544 0.453876 -2.756376
v -8.570899 0.559264 -2.802576
v -8.318425 -0.000001 -2.756376
v -8.659480 -0.000001 -2.802576
v -8.246541 -0.453882 -2.756376
v -8.570899 -0.559274 -2.802576
v -8.037914 -0.863329 -2.756376
v -8.313828 -1.063799 -2.802576
v -7.712974 -1.188270 -2.756376
v -7.913436 -1.464192 -2.802576
v -7.303526 -1.396897 -2.756376
v -7.408915 -1.721255 -2.802576
v -6.849649 -1.468788 -2.756376
v -6.849649 -1.809833 -2.802576
v -6.395768 -1.396897 -2.756376
v -6.290376 -1.721255 -2.802576
v -5.986320 -1.188270 -2.756376
v -5.785851 -1.464192 -2.802576
v -5.661380 -0.863329 -2.756376
v -5.385458 -1.063799 -2.802576
v -5.452753 -0.453882 -2.756376
v -5.128395 -0.559274 -2.802576
v -5.380862 -0.000001 -2.756376
v -5.553545 0.421128 -2.788067
v -5.486840 -0.000001 -2.788067
v -5.452753 0.453876 -2.756376
v -5.747113 0.801030 -2.788067
v -5.661380 0.863324 -2.756376
v -6.048606 1.102531 -2.788067
v -5.986320 1.188264 -2.756376
v -6.428516 1.296103 -2.788067
v -6.395768 1.396891 -2.756376
v -6.849649 1.362804 -2.788067
v -6.849649 1.468775 -2.756376
v -7.270778 1.296103 -2.788067
v -7.303526 1.396891 -2.756376
v -7.650680 1.102531 -2.788067
v -7.712974 1.188264 -2.756376
v -7.952181 0.801030 -2.788067
v -8.037914 0.863324 -2.756376
v -8.145753 0.421128 -2.788067
v -8.246544 0.453876 -2.756376
v -8.212454 -0.000001 -2.788067
v -8.318425 -0.000001 -2.756376
v -8.145753 -0.421134 -2.788067
v -8.246541 -0.453882 -2.756376
v -7.952181 -0.801043 -2.788067
v -8.037914 -0.863329 -2.756376
v -7.650680 -1.102537 -2.788067
v -7.712974 -1.188270 -2.756376
v -7.270778 -1.296105 -2.788067
v -7.303526 -1.396897 -2.756376
v -6.849649 -1.362810 -2.788067
v -6.849649 -1.468788 -2.756376
v -6.428516 -1.296105 -2.788067
v -6.395768 -1.396897 -2.756376
v -6.048606 -1.102537 -2.788067
v -5.986320 -1.188270 -2.756376
v -5.747113 -0.801043 -2.788067
v -5.661380 -0.863329 -2.756376
v -5.553545 -0.421134 -2.788067
v -5.452753 -0.453882 -2.756376
v -5.486840 -0.000001 -2.788067
v -5.619226 0.399853 -4.104477
v -5.555912 0.000082 -4.104477
v -5.553545 0.421128 -2.788067
v -5.553545 0.421128 -2.788067
v -5.802976 0.760483 -4.104477
v -5.619226 0.399853 -4.104477
v -5.747113 0.801030 -2.788067
v -5.747113 0.801030 -2.788067
v -6.089182 1.046686 -4.104477
v -5.802976 0.760483 -4.104477
v -6.048606 1.102531 -2.788067
v -6.048606 1.102531 -2.788067
v -6.449817 1.230440 -4.104477
v -6.089182 1.046686 -4.104477
v -6.428516 1.296103 -2.788067
v -6.428516 1.296103 -2.788067
v -6.849587 1.293758 -4.104477
v -6.449817 1.230440 -4.104477
v -6.849649 1.362804 -2.788067
v -6.849649 1.362804 -2.788067
v -7.249354 1.230440 -4.104477
v -6.849587 1.293758 -4.104477
v -7.270778 1.296103 -2.788067
v -7.270778 1.296103 -2.788067
v -7.609985 1.046686 -4.104477
v -7.249354 1.230440 -4.104477
v -7.650680 1.102531 -2.788067
v -7.650680 1.102531 -2.788067
v -7.896188 0.760483 -4.104477
v -7.609985 1.046686 -4.104477
v -7.952181 0.801030 -2.788067
v -7.952181 0.801030 -2.788067
v -8.079938 0.399853 -4.104477
v -7.896188 0.760483 -4.104477
v -8.145753 0.421128 -2.788067
v -8.145753 0.421128 -2.788067
v -8.143259 0.000082 -4.104477
v -8.079938 0.399853 -4.104477
v -8.212454 -0.000001 -2.788067
v -8.212454 -0.000001 -2.788067
v -8.079938 -0.399684 -4.104477
v -8.143259 0.000082 -4.104477
v -8.145753 -0.421134 -2.788067
v -8.145753 -0.421134 -2.788067
v -7.896184 -0.760319 -4.104477
v -8.079938 -0.399684 -4.104477
v -7.952181 -0.801043 -2.788067
v -7.952181 -0.801043 -2.788067
v -7.609985 -1.046522 -4.104477
v -7.896184 -0.760319 -4.104477
v -7.650680 -1.102537 -2.788067
v -7.650680 -1.102537 -2.788067
v -7.249354 -1.230276 -4.104477
v -7.609985 -1.046522 -4.104477
v -7.270778 -1.296105 -2.788067
v -7.270778 -1.296105 -2.788067
v -6.849584 -1.293590 -4.104477
v -7.249354 -1.230276 -4.104477
v -6.849649 -1.362810 -2.788067
v -6.849649 -1.362810 -2.788067
v -6.449817 -1.230276 -4.104477
v -6.849584 -1.293590 -4.104477
v -6.428516 -1.296105 -2.788067
v -6.428516 -1.296105 -2.788067
v -6.089182 -1.046522 -4.104477
v -6.449817 -1.230276 -4.104477
v -6.048606 -1.102537 -2.788067
v -6.048606 -1.102537 -2.788067
v -5.802976 -0.760319 -4.104477
v -6.089182 -1.046522 -4.104477
v -5.747113 -0.801043 -2.788067
v -5.747113 -0.801043 -2.788067
v -5.619226 -0.399684 -4.104477
v -5.802976 -0.760319 -4.104477
v -5.553545 -0.421134 -2.788067
v -5.553545 -0.421134 -2.788067
v -5.555912 0.000082 -4.104477
v -5.619226 -0.399684 -4.104477
v -5.486840 -0.000001 -2.788067
v -6.849649 -0.000001 -3.859726
v -5.945690 -0.000001 -3.859726
v -6.014505 0.345922 -3.859726
v -6.210454 0.639190 -3.859726
v -6.503718 0.835143 -3.859726
v -6.849649 0.903950 -3.859726
v -7.195572 0.835143 -3.859726
v -7.488840 0.639190 -3.859726
v -7.684793 0.345922 -3.859726
v -7.753600 -0.000001 -3.859726
v -7.684793 -0.345932 -3.859726
v -7.488840 -0.639195 -3.859726
v -7.195572 -0.835145 -3.859726
v -6.849649 -0.903960 -3.859726
v -6.503718 -0.835145 -3.859726
v -6.210454 -0.639195 -3.859726
v -6.014505 -0.345932 -3.859726
v -5.945690 -0.000001 -3.859726
v -5.945690 -0.000001 -3.965063
v -6.014505 0.345922 -3.965063
v -6.014505 0.345922 -3.859726
v -6.210454 0.639190 -3.965063
v -6.210454 0.639190 -3.859726
v -6.014505 -0.345932 -3.859726
v -6.014505 -0.345932 -3.965063
v -6.210454 -0.639195 -3.859726
v -6.210454 -0.639195 -3.965063
v -7.488840 0.639190 -3.859726
v -7.488840 0.639190 -3.965063
v -7.684793 0.345922 -3.965063
v -7.684793 0.345922 -3.859726
v -7.753600 -0.000001 -3.965063
v -7.753600 -0.000001 -3.859726
v -7.684793 -0.345932 -3.965063
v -7.684793 -0.345932 -3.859726
v -7.488840 -0.639195 -3.965063
v -7.488840 -0.639195 -3.859726
v -6.849649 -0.000001 -3.965063
v -6.014505 0.345922 -3.965063
v -5.945690 -0.000001 -3.965063
v -6.210454 0.639190 -3.965063
v -6.503718 0.835143 -3.965063
v -6.849649 0.903950 -3.965063
v -7.195572 0.835143 -3.965063
v -7.488840 0.639190 -3.965063
v -7.684793 0.345922 -3.965063
v -7.753600 -0.000001 -3.965063
v -7.684793 -0.345932 -3.965063
v -7.488840 -0.639195 -3.965063
v -7.195572 -0.835145 -3.965063
v -6.849649 -0.903960 -3.965063
v -6.503718 -0.835145 -3.965063
v -6.210454 -0.639195 -3.965063
v -6.014505 -0.345932 -3.965063
v -6.849649 -0.903960 -3.965063
v -6.849649 -0.903960 -3.859726
v -7.195572 -0.835145 -3.859726
v -7.195572 -0.835145 -3.965063
v -7.488840 -0.639195 -3.859726
v -7.488840 -0.639195 -3.965063
v -6.503718 -0.835145 -3.965063
v -6.503718 -0.835145 -3.859726
v -6.210454 -0.639195 -3.965063
v -6.210454 -0.639195 -3.859726
v -7.488840 0.639190 -3.965063
v -7.488840 0.639190 -3.859726
v -7.195572 0.835143 -3.859726
v -7.195572 0.835143 -3.965063
v -6.849649 0.903950 -3.859726
v -6.849649 0.903950 -3.965063
v -6.503718 0.835143 -3.859726
v -6.503718 0.835143 -3.965063
v -6.210454 0.639190 -3.859726
v -6.210454 0.639190 -3.965063
v -7.435970 -1.804520 -2.892475
v -6.849649 -1.897383 -4.181420
v -6.849649 -1.897383 -2.892475
v -7.435966 -1.804520 -4.181420
v -6.849649 -1.809833 -4.271319
v -7.408915 -1.721255 -4.271319
v -6.849649 -1.809833 -2.802576
v -7.408915 -1.721255 -2.802576
v -6.849649 -1.897383 -2.892475
v -6.263320 -1.804520 -4.181420
v -6.263320 -1.804520 -2.892475
v -6.849649 -1.897383 -4.181420
v -6.290376 -1.721255 -4.271319
v -6.849649 -1.809833 -4.271319
v -6.290376 -1.721255 -2.802576
v -6.849649 -1.809833 -2.802576
v -6.263320 -1.804520 -2.892475
v -5.734389 -1.535015 -4.181420
v -5.734389 -1.535015 -2.892475
v -6.263320 -1.804520 -4.181420
v -5.785851 -1.464192 -4.271319
v -6.290376 -1.721255 -4.271319
v -5.785851 -1.464192 -2.802576
v -6.290376 -1.721255 -2.802576
v -5.734389 -1.535015 -2.892475
v -5.314631 -1.115257 -4.181420
v -5.314631 -1.115257 -2.892475
v -5.734389 -1.535015 -4.181420
v -5.385458 -1.063799 -4.271319
v -5.785851 -1.464192 -4.271319
v -5.385458 -1.063799 -2.802576
v -5.785851 -1.464192 -2.802576
v -5.314631 -1.115257 -2.892475
v -5.045130 -0.586329 -4.181420
v -5.045130 -0.586330 -2.892475
v -5.314631 -1.115257 -4.181420
v -5.128395 -0.559274 -4.271319
v -5.385458 -1.063799 -4.271319
v -5.128395 -0.559274 -2.802576
v -5.385458 -1.063799 -2.802576
v -5.045130 -0.586330 -2.892475
v -4.952267 -0.000001 -4.181420
v -4.952267 -0.000001 -2.892475
v -5.045130 -0.586329 -4.181420
v -5.039817 -0.000001 -4.271319
v -5.128395 -0.559274 -4.271319
v -5.039817 -0.000001 -2.802576
v -5.128395 -0.559274 -2.802576
v -4.952267 -0.000001 -2.892475
v -5.045130 0.586320 -4.181420
v -5.045130 0.586320 -2.892475
v -4.952267 -0.000001 -4.181420
v -5.128395 0.559265 -4.271319
v -5.039817 -0.000001 -4.271319
v -5.128395 0.559264 -2.802576
v -5.039817 -0.000001 -2.802576
v -5.045130 0.586320 -2.892475
v -5.314635 1.115255 -4.181420
v -5.314635 1.115255 -2.892475
v -5.045130 0.586320 -4.181420
v -5.385458 1.063790 -4.271319
v -5.128395 0.559265 -4.271319
v -5.385458 1.063790 -2.802576
v -5.128395 0.559264 -2.802576
v -5.314635 1.115255 -2.892475
v -5.734393 1.535009 -4.181420
v -5.734393 1.535009 -2.892475
v -5.314635 1.115255 -4.181420
v -5.785851 1.464179 -4.271319
v -5.385458 1.063790 -4.271319
v -5.785851 1.464179 -2.802576
v -5.385458 1.063790 -2.802576
v -5.734393 1.535009 -2.892475
v -6.263324 1.804518 -4.181420
v -6.263324 1.804518 -2.892475
v -5.734393 1.535009 -4.181420
v -6.290376 1.721249 -4.271319
v -5.785851 1.464179 -4.271319
v -6.290376 1.721249 -2.802576
v -5.785851 1.464179 -2.802576
v -6.263324 1.804518 -2.892475
v -6.849649 1.897381 -4.181420
v -6.849649 1.897385 -2.892475
v -6.263324 1.804518 -4.181420
v -6.849649 1.809831 -4.271319
v -6.290376 1.721249 -4.271319
v -6.849649 1.809830 -2.802576
v -6.290376 1.721249 -2.802576
v -6.849649 1.897385 -2.892475
v -7.435970 1.804518 -4.181420
v -7.435970 1.804518 -2.892475
v -6.849649 1.897381 -4.181420
v -7.408915 1.721249 -4.271319
v -6.849649 1.809831 -4.271319
v -7.408915 1.721249 -2.802576
v -6.849649 1.809830 -2.802576
v -7.435970 1.804518 -2.892475
v -7.964905 1.535013 -4.181420
v -7.964905 1.535013 -2.892475
v -7.435970 1.804518 -4.181420
v -7.913440 1.464179 -4.271319
v -7.408915 1.721249 -4.271319
v -7.913440 1.464183 -2.802576
v -7.408915 1.721249 -2.802576
v -7.964905 1.535013 -2.892475
v -8.384659 1.115252 -4.181420
v -8.384663 1.115255 -2.892475
v -7.964905 1.535013 -4.181420
v -8.313828 1.063790 -4.271319
v -7.913440 1.464179 -4.271319
v -8.313828 1.063790 -2.802576
v -7.913440 1.464183 -2.802576
v -8.384663 1.115255 -2.892475
v -8.654168 0.586320 -4.181420
v -8.654168 0.586320 -2.892475
v -8.384659 1.115252 -4.181420
v -8.570899 0.559265 -4.271319
v -8.313828 1.063790 -4.271319
v -8.570899 0.559264 -2.802576
v -8.313828 1.063790 -2.802576
v -8.654168 0.586320 -2.892475
v -8.747031 -0.000001 -4.181420
v -8.747031 -0.000001 -2.892475
v -8.654168 0.586320 -4.181420
v -8.659480 -0.000001 -4.271319
v -8.570899 0.559265 -4.271319
v -8.659480 -0.000001 -2.802576
v -8.570899 0.559264 -2.802576
v -8.747031 -0.000001 -2.892475
v -8.654168 -0.586329 -4.181420
v -8.654168 -0.586330 -2.892475
v -8.747031 -0.000001 -4.181420
v -8.570899 -0.559274 -4.271319
v -8.659480 -0.000001 -4.271319
v -8.570899 -0.559274 -2.802576
v -8.659480 -0.000001 -2.802576
v -8.654168 -0.586330 -2.892475
v -8.384659 -1.115261 -4.181420
v -8.384659 -1.115257 -2.892475
v -8.654168 -0.586329 -4.181420
v -8.313828 -1.063799 -4.271319
v -8.570899 -0.559274 -4.271319
v -8.313828 -1.063799 -2.802576
v -8.570899 -0.559274 -2.802576
v -8.384659 -1.115257 -2.892475
v -7.964901 -1.535015 -4.181420
v -7.964901 -1.535015 -2.892475
v -8.384659 -1.115261 -4.181420
v -7.913436 -1.464192 -4.271319
v -8.313828 -1.063799 -4.271319
v -7.913436 -1.464192 -2.802576
v -8.313828 -1.063799 -2.802576
v -7.964901 -1.535015 -2.892475
v -7.435966 -1.804520 -4.181420
v -7.435970 -1.804520 -2.892475
v -7.964901 -1.535015 -4.181420
v -7.408915 -1.721255 -4.271319
v -7.913436 -1.464192 -4.271319
v -7.408915 -1.721255 -2.802576
v -7.913436 -1.464192 -2.802576
vn 0.1451 -0.0118 -0.9893
vn 0.1372 0.0353 -0.9899
vn 0.4902 -0.0117 -0.8716
vn 0.4666 0.1451 -0.8725
vn 0.1216 0.0745 -0.9898
vn 0.3960 0.2784 -0.8750
vn 0.0902 0.1059 -0.9903
vn 0.2941 0.3804 -0.8768
vn 0.0510 0.1216 -0.9913
vn 0.1608 0.4509 -0.8779
vn 0.0118 0.1294 -0.9915
vn 0.0118 0.4745 -0.8802
vn -0.0353 0.1216 -0.9920
vn -0.1451 0.4509 -0.8807
vn -0.0745 0.1059 -0.9916
vn -0.2784 0.3804 -0.8819
vn -0.1059 0.0745 -0.9916
vn -0.3804 0.2784 -0.8819
vn -0.1216 0.0353 -0.9920
vn -0.4509 0.1451 -0.8807
vn -0.1294 -0.0118 -0.9915
vn -0.4745 -0.0118 -0.8802
vn -0.1216 -0.0510 -0.9913
vn -0.4510 -0.1608 -0.8779
vn -0.1059 -0.0902 -0.9903
vn -0.3804 -0.2941 -0.8768
vn -0.0745 -0.1216 -0.9898
vn -0.2784 -0.3960 -0.8750
vn -0.0353 -0.1373 -0.9899
vn -0.1451 -0.4666 -0.8725
vn 0.0118 -0.1451 -0.9893
vn 0.0118 -0.4902 -0.8716
vn 0.0510 -0.1373 -0.9892
vn 0.1608 -0.4666 -0.8697
vn 0.0902 -0.1216 -0.9885
vn 0.2941 -0.3960 -0.8699
vn 0.1216 -0.0902 -0.9885
vn 0.3961 -0.2941 -0.8698
vn 0.1373 -0.0510 -0.9892
vn 0.4666 -0.1608 -0.8697
vn 0.1294 -0.0118 -0.9915
vn 0.1216 0.0353 -0.9920
vn 0.1215 0.0353 -0.9920
vn 0.1059 0.0667 -0.9921
vn 0.0823 0.0902 -0.9925
vn 0.0510 0.1059 -0.9931
vn 0.0117 0.1137 -0.9934
vn 0.0118 0.1137 -0.9934
vn -0.0353 0.1059 -0.9937
vn -0.0667 0.0902 -0.9937
vn -0.0902 0.0667 -0.9937
vn -0.1059 0.0353 -0.9937
vn -0.1137 -0.0118 -0.9934
vn -0.1059 -0.0510 -0.9931
vn -0.0902 -0.0824 -0.9925
vn -0.0902 -0.0823 -0.9925
vn -0.0667 -0.1059 -0.9921
vn -0.0353 -0.1216 -0.9920
vn 0.0118 -0.1294 -0.9915
vn 0.0117 -0.1294 -0.9915
vn 0.0510 -0.1216 -0.9913
vn 0.0823 -0.1059 -0.9910
vn 0.0824 -0.1059 -0.9910
vn 0.1059 -0.0823 -0.9910
vn 0.1059 -0.0824 -0.9910
vn 0.1216 -0.0510 -0.9913
vn -0.1529 -0.0667 -0.9860
vn -0.1608 -0.0118 -0.9869
vn 0.0118 -0.0118 -0.9999
vn -0.1294 -0.1137 -0.9851
vn -0.0980 -0.1451 -0.9845
vn -0.0510 -0.1686 -0.9844
vn 0.0118 -0.1765 -0.9842
vn 0.0666 -0.1686 -0.9834
vn 0.1137 -0.1451 -0.9829
vn 0.1451 -0.1137 -0.9829
vn 0.1686 -0.0666 -0.9834
vn 0.1765 -0.0118 -0.9842
vn 0.1686 0.0510 -0.9844
vn 0.1451 0.0980 -0.9845
vn 0.1137 0.1294 -0.9851
vn 0.0667 0.1529 -0.9860
vn 0.0118 0.1608 -0.9869
vn -0.0510 0.1530 -0.9869
vn -0.0980 0.1294 -0.9867
vn -0.1294 0.0980 -0.9867
vn -0.1530 0.0510 -0.9869
vn -0.2863 -0.0118 -0.9581
vn -0.2706 -0.0980 -0.9577
vn -0.2863 -0.0117 -0.9581
vn -0.2314 -0.1765 -0.9567
vn -0.1608 -0.2470 -0.9556
vn -0.1608 -0.2471 -0.9556
vn -0.0824 -0.2863 -0.9546
vn 0.0118 -0.3019 -0.9533
vn 0.0980 -0.2863 -0.9531
vn 0.1765 -0.2471 -0.9528
vn 0.2471 -0.1765 -0.9528
vn 0.2863 -0.0980 -0.9531
vn 0.3019 -0.0118 -0.9533
vn 0.3020 -0.0118 -0.9532
vn 0.2863 0.0824 -0.9546
vn 0.2470 0.1608 -0.9556
vn 0.2471 0.1608 -0.9556
vn 0.1765 0.2314 -0.9567
vn 0.0980 0.2706 -0.9577
vn 0.0981 0.2706 -0.9577
vn 0.0118 0.2863 -0.9581
vn 0.0117 0.2863 -0.9581
vn -0.0824 0.2706 -0.9592
vn -0.0823 0.2706 -0.9592
vn -0.1608 0.2314 -0.9595
vn -0.2314 0.1608 -0.9595
vn -0.2706 0.0824 -0.9592
vn -0.9843 -0.0118 -0.1762
vn -0.9372 -0.3176 -0.1439
vn -0.9294 -0.0117 -0.3689
vn -0.8824 -0.3019 -0.3609
vn -0.7961 -0.5921 -0.1250
vn -0.7490 -0.5608 -0.3529
vn -0.5765 -0.8118 -0.0935
vn -0.5451 -0.7647 -0.3437
vn -0.3020 -0.9529 -0.0272
vn -0.2863 -0.8980 -0.3340
vn 0.0118 -0.9999 -0.0000
vn 0.0118 -0.9451 -0.3266
vn 0.3162 -0.9487 -0.0000
vn 0.3020 -0.8980 -0.3199
vn 0.5893 -0.8079 -0.0001
vn 0.5608 -0.7647 -0.3174
vn 0.8079 -0.5893 -0.0000
vn 0.7647 -0.5608 -0.3175
vn 0.9487 -0.3163 -0.0000
vn 0.8980 -0.3020 -0.3199
vn 0.9999 -0.0118 -0.0000
vn 0.9451 -0.0118 -0.3266
vn 0.9529 0.3020 -0.0272
vn 0.8980 0.2863 -0.3340
vn 0.8117 0.5765 -0.0935
vn 0.7647 0.5451 -0.3437
vn 0.5921 0.7961 -0.1251
vn 0.5608 0.7490 -0.3529
vn 0.3176 0.9372 -0.1439
vn 0.3020 0.8823 -0.3610
vn 0.0118 0.9843 -0.1761
vn 0.0118 0.9294 -0.3689
vn -0.3020 0.9372 -0.1745
vn -0.2863 0.8823 -0.3735
vn -0.5765 0.7960 -0.1843
vn -0.5451 0.7490 -0.3766
vn -0.7961 0.5765 -0.1843
vn -0.7490 0.5451 -0.3766
vn -0.9372 0.3020 -0.1744
vn -0.8823 0.2863 -0.3735
vn 0.1451 -0.0117 0.9893
vn 0.4902 -0.0118 0.8716
vn 0.1373 0.0353 0.9899
vn 0.4665 0.1451 0.8725
vn 0.1216 0.0745 0.9898
vn 0.3960 0.2784 0.8750
vn 0.0902 0.1059 0.9903
vn 0.2941 0.3804 0.8768
vn 0.0510 0.1216 0.9913
vn 0.1608 0.4510 0.8779
vn 0.0118 0.1294 0.9915
vn 0.0118 0.4745 0.8802
vn -0.0353 0.1216 0.9920
vn -0.1451 0.4509 0.8807
vn -0.0745 0.1059 0.9916
vn -0.2784 0.3804 0.8819
vn -0.1059 0.0745 0.9916
vn -0.3804 0.2784 0.8819
vn -0.1216 0.0353 0.9920
vn -0.4509 0.1451 0.8807
vn -0.1294 -0.0118 0.9915
vn -0.4745 -0.0118 0.8802
vn -0.1216 -0.0510 0.9913
vn -0.4510 -0.1608 0.8779
vn -0.1059 -0.0902 0.9903
vn -0.3804 -0.2941 0.8768
vn -0.0745 -0.1216 0.9898
vn -0.2784 -0.3960 0.8750
vn -0.0353 -0.1373 0.9899
vn -0.1451 -0.4666 0.8725
vn 0.0118 -0.1451 0.9893
vn 0.0117 -0.4902 0.8716
vn 0.0510 -0.1373 0.9892
vn 0.1608 -0.4666 0.8697
vn 0.0902 -0.1216 0.9885
vn 0.2941 -0.3960 0.8699
vn 0.1216 -0.0902 0.9885
vn 0.3960 -0.2941 0.8699
vn 0.1373 -0.0510 0.9892
vn 0.4666 -0.1608 0.8697
vn -0.2863 -0.0118 0.9581
vn -0.2863 -0.0117 0.9581
vn -0.2706 -0.0981 0.9577
vn -0.2706 -0.0980 0.9577
vn -0.2314 -0.1765 0.9567
vn -0.2314 -0.1764 0.9567
vn -0.1608 -0.2470 0.9556
vn -0.0824 -0.2863 0.9546
vn 0.0118 -0.3019 0.9533
vn 0.0118 -0.3020 0.9532
vn 0.0980 -0.2863 0.9531
vn 0.1765 -0.2471 0.9528
vn 0.2471 -0.1765 0.9528
vn 0.2470 -0.1765 0.9528
vn 0.2863 -0.0980 0.9531
vn 0.3019 -0.0118 0.9533
vn 0.3020 -0.0118 0.9532
vn 0.2863 0.0824 0.9546
vn 0.2470 0.1608 0.9556
vn 0.1765 0.2314 0.9567
vn 0.0980 0.2706 0.9577
vn 0.0118 0.2863 0.9581
vn 0.0117 0.2863 0.9581
vn -0.0823 0.2706 0.9592
vn -0.1608 0.2314 0.9595
vn -0.2314 0.1608 0.9595
vn -0.2706 0.0824 0.9592
vn -0.2706 0.0823 0.9592
vn -0.9843 -0.0118 -0.1761
vn -0.9922 -0.0118 0.1245
vn -0.9373 -0.3176 -0.1437
vn -0.9451 -0.3176 0.0768
vn -0.9372 -0.3177 -0.1437
vn -0.9451 -0.3177 0.0768
vn -0.7961 -0.5921 -0.1249
vn -0.8014 -0.5981 -0.0000
vn -0.7960 -0.5922 -0.1250
vn -0.8013 -0.5982 -0.0000
vn -0.5765 -0.8117 -0.0934
vn -0.5766 -0.8117 0.0934
vn -0.5764 -0.8118 -0.0934
vn -0.5764 -0.8118 0.0935
vn -0.2999 -0.9540 -0.0000
vn -0.3019 -0.9530 -0.0271
vn -0.2998 -0.9540 -0.0000
vn 0.0116 -0.9999 -0.0000
vn 0.0039 -1.0000 -0.0000
vn 0.0040 -1.0000 -0.0000
vn 0.3091 -0.9510 -0.0000
vn 0.3163 -0.9487 -0.0000
vn 0.3092 -0.9510 -0.0000
vn 0.5893 -0.8079 -0.0000
vn 0.5894 -0.8078 -0.0000
vn 0.8078 -0.5894 -0.0000
vn 0.9486 -0.3163 -0.0000
vn 0.9510 -0.3092 -0.0000
vn 0.9487 -0.3161 -0.0000
vn 1.0000 -0.0041 -0.0000
vn 0.9999 -0.0117 -0.0000
vn 1.0000 -0.0039 -0.0000
vn 0.9530 0.3019 -0.0272
vn 0.9540 0.2998 -0.0000
vn 0.9529 0.3020 -0.0271
vn 0.9540 0.2999 -0.0000
vn 0.8118 0.5764 -0.0934
vn 0.8118 0.5764 0.0934
vn 0.8117 0.5765 -0.0934
vn 0.8117 0.5766 0.0934
vn 0.5922 0.7961 -0.1248
vn 0.5981 0.8014 -0.0000
vn 0.5921 0.7961 -0.1250
vn 0.3177 0.9372 -0.1437
vn 0.3177 0.9451 0.0768
vn 0.3176 0.9373 -0.1436
vn 0.3176 0.9451 0.0768
vn 0.0118 0.9843 -0.1760
vn 0.0119 0.9922 0.1245
vn 0.0117 0.9922 0.1245
vn -0.3019 0.9373 -0.1742
vn -0.3019 0.9451 0.1250
vn -0.3020 0.9372 -0.1743
vn -0.3020 0.9451 0.1250
vn -0.5764 0.7961 -0.1842
vn -0.5843 0.8039 0.1109
vn -0.5765 0.7961 -0.1841
vn -0.5844 0.8039 0.1109
vn -0.7961 0.5765 -0.1842
vn -0.8039 0.5844 0.1109
vn -0.7962 0.5764 -0.1842
vn -0.8039 0.5843 0.1109
vn -0.9372 0.3020 -0.1743
vn -0.9451 0.3020 0.1250
vn -0.9373 0.3019 -0.1743
vn -0.9451 0.3019 0.1250
vn -0.9843 -0.0118 -0.1760
vn -0.9922 -0.0117 0.1245
vn 0.0118 -0.0118 0.9999
vn 0.9282 0.3721 -0.0000
vn 0.7149 0.6992 -0.0000
vn 0.9227 -0.3854 -0.0000
vn 0.9228 -0.3854 -0.0000
vn 0.7071 -0.7071 -0.0001
vn 0.7071 -0.7071 -0.0000
vn -0.9216 0.3804 0.0776
vn -0.7020 0.7019 0.1205
vn -0.7020 0.7019 0.1204
vn -1.0000 -0.0039 0.0003
vn -0.9187 -0.3948 -0.0000
vn -0.9188 -0.3948 -0.0000
vn -0.6993 -0.7148 -0.0000
vn -0.3721 -0.9282 -0.0000
vn -0.6992 -0.7149 -0.0000
vn 0.3854 -0.9227 -0.0000
vn -0.3804 0.9216 0.0776
vn -0.7019 0.7020 0.1204
vn -0.7019 0.7020 0.1205
vn 0.0039 1.0000 0.0003
vn 0.3948 0.9188 -0.0000
vn 0.7148 0.6993 -0.0000
vn 0.0117 -0.9451 0.3266
vn -0.2862 -0.8980 0.3341
vn 0.0117 -0.9451 -0.3266
vn -0.2862 -0.8980 -0.3341
vn 0.0118 -0.4902 -0.8715
vn -0.1451 -0.4667 -0.8724
vn 0.0117 -0.4902 0.8715
vn -0.1451 -0.4667 0.8724
vn 0.3019 -0.8980 0.3200
vn 0.0118 -0.9451 0.3266
vn 0.3019 -0.8981 -0.3199
vn 0.1608 -0.4667 -0.8697
vn 0.0118 -0.4903 -0.8715
vn 0.1608 -0.4667 0.8697
vn 0.0118 -0.4903 0.8715
vn 0.5608 -0.7647 0.3174
vn 0.3020 -0.8980 0.3199
vn 0.5607 -0.7648 -0.3174
vn 0.2941 -0.3961 -0.8698
vn 0.2941 -0.3961 0.8698
vn 0.7647 -0.5608 0.3174
vn 0.7647 -0.5608 -0.3174
vn 0.3961 -0.2942 -0.8698
vn 0.2942 -0.3961 -0.8698
vn 0.3961 -0.2942 0.8698
vn 0.2942 -0.3961 0.8698
vn 0.8980 -0.3020 0.3199
vn 0.4667 -0.1608 -0.8697
vn 0.3962 -0.2941 -0.8698
vn 0.4667 -0.1608 0.8697
vn 0.3961 -0.2941 0.8698
vn 0.9451 -0.0118 0.3266
vn 0.8981 -0.3019 0.3199
vn 0.8980 -0.3019 -0.3200
vn 0.4903 -0.0118 -0.8715
vn 0.4903 -0.0118 0.8715
vn 0.8980 0.2862 0.3341
vn 0.9451 -0.0117 -0.3266
vn 0.4667 0.1451 -0.8724
vn 0.4902 -0.0117 -0.8715
vn 0.4667 0.1451 0.8724
vn 0.4902 -0.0118 0.8715
vn 0.7647 0.5451 0.3437
vn 0.8980 0.2864 0.3341
vn 0.8980 0.2863 -0.3341
vn 0.3961 0.2784 -0.8750
vn 0.3961 0.2784 0.8750
vn 0.5608 0.7490 0.3529
vn 0.2942 0.3804 -0.8768
vn 0.3961 0.2785 -0.8749
vn 0.2942 0.3804 0.8768
vn 0.3961 0.2785 0.8749
vn 0.3020 0.8823 0.3609
vn 0.5607 0.7491 0.3529
vn 0.3021 0.8823 -0.3610
vn 0.5607 0.7490 -0.3529
vn 0.1609 0.4510 -0.8779
vn 0.0118 0.9294 0.3689
vn 0.3018 0.8824 0.3610
vn 0.3019 0.8824 -0.3609
vn 0.1607 0.4510 -0.8779
vn -0.2863 0.8824 0.3735
vn 0.0117 0.9294 0.3689
vn -0.2863 0.8824 -0.3735
vn 0.0117 0.9294 -0.3689
vn -0.1451 0.4510 -0.8807
vn 0.0117 0.4745 -0.8802
vn -0.1451 0.4510 0.8807
vn -0.5451 0.7490 0.3766
vn -0.2863 0.8823 0.3735
vn -0.5451 0.7491 -0.3766
vn -0.2864 0.8823 -0.3735
vn -0.2784 0.3805 -0.8819
vn -0.1451 0.4510 -0.8806
vn -0.1452 0.4510 0.8806
vn -0.7490 0.5451 0.3766
vn -0.2785 0.3804 -0.8819
vn -0.3804 0.2785 0.8819
vn -0.8823 0.2864 0.3735
vn -0.7491 0.5451 0.3766
vn -0.4510 0.1451 -0.8806
vn -0.4510 0.1451 0.8807
vn -0.3805 0.2784 0.8819
vn -0.9294 -0.0117 0.3689
vn -0.8824 0.2861 0.3735
vn -0.8824 0.2862 -0.3735
vn -0.8824 -0.3019 0.3609
vn -0.9294 -0.0118 0.3689
vn -0.8824 -0.3019 -0.3610
vn -0.9294 -0.0118 -0.3689
vn -0.4746 -0.0118 -0.8801
vn -0.4746 -0.0118 0.8801
vn -0.7491 -0.5607 0.3529
vn -0.8823 -0.3021 0.3610
vn -0.8823 -0.3021 -0.3609
vn -0.4510 -0.1609 0.8779
vn -0.5451 -0.7647 0.3437
vn -0.7490 -0.5608 0.3529
vn -0.2785 -0.3961 -0.8749
vn -0.3804 -0.2942 -0.8768
vn -0.2785 -0.3961 0.8749
vn -0.3804 -0.2942 0.8768
vn -0.2863 -0.8980 0.3341
vn -0.1452 -0.4667 -0.8724
vn -0.2784 -0.3961 -0.8750
vn -0.2784 -0.3961 0.8750
vt 0.953136 0.809452
vt 0.946121 0.853829
vt 0.986478 0.809452
vt 0.977827 0.864143
vt 0.925713 0.893864
vt 0.952686 0.913466
vt 0.893949 0.925629
vt 0.913542 0.952601
vt 0.853914 0.946019
vt 0.864228 0.977742
vt 0.809545 0.953059
vt 0.809545 0.986393
vt 0.765167 0.946019
vt 0.754879 0.977742
vt 0.725150 0.925629
vt 0.705548 0.952601
vt 0.693385 0.893864
vt 0.666404 0.913466
vt 0.672977 0.853829
vt 0.641272 0.864143
vt 0.665954 0.809452
vt 0.632603 0.809452
vt 0.672977 0.765082
vt 0.641272 0.754785
vt 0.693385 0.725048
vt 0.666404 0.705463
vt 0.725150 0.693283
vt 0.705548 0.666319
vt 0.765167 0.672892
vt 0.754879 0.641187
vt 0.809545 0.665869
vt 0.809545 0.632518
vt 0.853914 0.672892
vt 0.864228 0.641187
vt 0.893949 0.693283
vt 0.913542 0.666319
vt 0.925713 0.725048
vt 0.952686 0.705463
vt 0.946121 0.765082
vt 0.977827 0.754785
vt 0.857188 0.809452
vt 0.854855 0.824185
vt 0.936028 0.809460
vt 0.929844 0.848545
vt 0.848095 0.837467
vt 0.911871 0.883804
vt 0.837552 0.848010
vt 0.883889 0.911786
vt 0.824278 0.854770
vt 0.848630 0.929759
vt 0.809545 0.857095
vt 0.809562 0.935943
vt 0.794829 0.854770
vt 0.770469 0.929759
vt 0.781546 0.848010
vt 0.735218 0.911786
vt 0.771003 0.837467
vt 0.707227 0.883804
vt 0.764234 0.824185
vt 0.689271 0.848545
vt 0.761902 0.809452
vt 0.683079 0.809460
vt 0.764234 0.794744
vt 0.689271 0.770384
vt 0.771003 0.781461
vt 0.707227 0.735133
vt 0.781546 0.770918
vt 0.735218 0.707151
vt 0.794829 0.764149
vt 0.770469 0.689186
vt 0.809545 0.761809
vt 0.809562 0.682986
vt 0.824278 0.764149
vt 0.848630 0.689186
vt 0.837552 0.770918
vt 0.883889 0.707151
vt 0.848095 0.781461
vt 0.911871 0.735133
vt 0.854855 0.794744
vt 0.929844 0.770384
vt 0.809545 0.809452
vt 0.942779 0.809452
vt 0.936257 0.850631
vt 0.917333 0.887765
vt 0.887859 0.917248
vt 0.850716 0.936172
vt 0.809545 0.942686
vt 0.768373 0.936172
vt 0.731240 0.917248
vt 0.701756 0.887765
vt 0.682842 0.850631
vt 0.676310 0.809452
vt 0.682842 0.768289
vt 0.701756 0.731138
vt 0.731240 0.701671
vt 0.768373 0.682740
vt 0.809545 0.676217
vt 0.850716 0.682740
vt 0.887859 0.701671
vt 0.917333 0.731138
vt 0.936257 0.768289
vt 0.614681 0.728712
vt 0.614681 0.822599
vt 0.471675 0.728712
vt 0.471675 0.822599
vt 0.599337 0.947750
vt 0.523924 0.916511
vt 0.605546 0.916511
vt 0.581652 0.974247
vt 0.555155 0.991932
vt 0.523924 0.998158
vt 0.492676 0.991932
vt 0.466196 0.974247
vt 0.448494 0.947750
vt 0.442294 0.916511
vt 0.448494 0.885272
vt 0.466196 0.858782
vt 0.492676 0.841098
vt 0.523924 0.834889
vt 0.555155 0.841098
vt 0.581652 0.858782
vt 0.599337 0.885272
vt 0.617675 0.946045
vt 0.608616 0.914305
vt 0.617675 0.914305
vt 0.608616 0.946045
vt 0.617675 0.972958
vt 0.608616 0.972958
vt 0.608616 0.882574
vt 0.617675 0.882574
vt 0.608616 0.855670
vt 0.617675 0.855670
vt 0.971287 0.599693
vt 0.971287 0.528368
vt 0.641195 0.599693
vt 0.641195 0.528368
vt 0.620610 0.599693
vt 0.620610 0.528394
vt 0.991864 0.599693
vt 0.991864 0.528394
s 1
usemtl Material.003
f 4718/1397/3012 4716/1398/3013 4717/1399/3014
f 4719/1400/3015 4717/1399/3014 4716/1398/3013
f 4716/1398/3013 4720/1401/3016 4719/1400/3015
f 4721/1402/3017 4719/1400/3015 4720/1401/3016
f 4720/1401/3016 4722/1403/3018 4721/1402/3017
f 4723/1404/3019 4721/1402/3017 4722/1403/3018
f 4722/1403/3018 4724/1405/3020 4723/1404/3019
f 4725/1406/3021 4723/1404/3019 4724/1405/3020
f 4724/1405/3020 4726/1407/3022 4725/1406/3021
f 4727/1408/3023 4725/1406/3021 4726/1407/3022
f 4726/1407/3022 4728/1409/3024 4727/1408/3023
f 4729/1410/3025 4727/1408/3023 4728/1409/3024
f 4728/1409/3024 4730/1411/3026 4729/1410/3025
f 4731/1412/3027 4729/1410/3025 4730/1411/3026
f 4730/1411/3026 4732/1413/3028 4731/1412/3027
f 4733/1414/3029 4731/1412/3027 4732/1413/3028
f 4732/1413/3028 4734/1415/3030 4733/1414/3029
f 4735/1416/3031 4733/1414/3029 4734/1415/3030
f 4734/1415/3030 4736/1417/3032 4735/1416/3031
f 4737/1418/3033 4735/1416/3031 4736/1417/3032
f 4736/1417/3032 4738/1419/3034 4737/1418/3033
f 4739/1420/3035 4737/1418/3033 4738/1419/3034
f 4738/1419/3034 4740/1421/3036 4739/1420/3035
f 4741/1422/3037 4739/1420/3035 4740/1421/3036
f 4740/1421/3036 4742/1423/3038 4741/1422/3037
f 4743/1424/3039 4741/1422/3037 4742/1423/3038
f 4742/1423/3038 4744/1425/3040 4743/1424/3039
f 4745/1426/3041 4743/1424/3039 4744/1425/3040
f 4744/1425/3040 4746/1427/3042 4745/1426/3041
f 4747/1428/3043 4745/1426/3041 4746/1427/3042
f 4746/1427/3042 4748/1429/3044 4747/1428/3043
f 4749/1430/3045 4747/1428/3043 4748/1429/3044
f 4748/1429/3044 4750/1431/3046 4749/1430/3045
f 4751/1432/3047 4749/1430/3045 4750/1431/3046
f 4750/1431/3046 4752/1433/3048 4751/1432/3047
f 4753/1434/3049 4751/1432/3047 4752/1433/3048
f 4752/1433/3048 4754/1435/3050 4753/1434/3049
f 4755/1436/3051 4753/1434/3049 4754/1435/3050
f 4754/1435/3050 4718/1397/3012 4755/1436/3051
f 4717/1399/3014 4755/1436/3051 4718/1397/3012
f 4758/1437/3052 4756/1438/3053 4757/1439/3052
f 4759/1440/3054 4757/1439/3052 4756/1438/3053
f 4756/1438/3053 4760/1441/3055 4759/1440/3054
f 4761/1442/3055 4759/1440/3054 4760/1441/3055
f 4760/1441/3055 4762/1443/3056 4761/1442/3055
f 4763/1444/3056 4761/1442/3055 4762/1443/3056
f 4762/1443/3056 4764/1445/3057 4763/1444/3056
f 4765/1446/3057 4763/1444/3056 4764/1445/3057
f 4764/1445/3057 4766/1447/3058 4765/1446/3057
f 4767/1448/3059 4765/1446/3057 4766/1447/3058
f 4766/1447/3058 4768/1449/3060 4767/1448/3059
f 4769/1450/3060 4767/1448/3059 4768/1449/3060
f 4768/1449/3060 4770/1451/3061 4769/1450/3060
f 4771/1452/3061 4769/1450/3060 4770/1451/3061
f 4770/1451/3061 4772/1453/3062 4771/1452/3061
f 4773/1454/3062 4771/1452/3061 4772/1453/3062
f 4772/1453/3062 4774/1455/3063 4773/1454/3062
f 4775/1456/3063 4773/1454/3062 4774/1455/3063
f 4774/1455/3063 4776/1457/3064 4775/1456/3063
f 4777/1458/3064 4775/1456/3063 4776/1457/3064
f 4776/1457/3064 4778/1459/3065 4777/1458/3064
f 4779/1460/3065 4777/1458/3064 4778/1459/3065
f 4778/1459/3065 4780/1461/3066 4779/1460/3065
f 4781/1462/3067 4779/1460/3065 4780/1461/3066
f 4780/1461/3066 4782/1463/3068 4781/1462/3067
f 4783/1464/3068 4781/1462/3067 4782/1463/3068
f 4782/1463/3068 4784/1465/3069 4783/1464/3068
f 4785/1466/3069 4783/1464/3068 4784/1465/3069
f 4784/1465/3069 4786/1467/3070 4785/1466/3069
f 4787/1468/3071 4785/1466/3069 4786/1467/3070
f 4786/1467/3070 4788/1469/3072 4787/1468/3071
f 4789/1470/3072 4787/1468/3071 4788/1469/3072
f 4788/1469/3072 4790/1471/3073 4789/1470/3072
f 4791/1472/3074 4789/1470/3072 4790/1471/3073
f 4790/1471/3073 4792/1473/3075 4791/1472/3074
f 4793/1474/3076 4791/1472/3074 4792/1473/3075
f 4792/1473/3075 4794/1475/3077 4793/1474/3076
f 4795/1476/3077 4793/1474/3076 4794/1475/3077
f 4794/1475/3077 4758/1437/3052 4795/1476/3077
f 4757/1439/3052 4795/1476/3077 4758/1437/3052
f 4798/1438/3078 4796/1437/3079 4797/1477/3080
f 4799/1441/3081 4798/1438/3078 4797/1477/3080
f 4800/1443/3082 4799/1441/3081 4797/1477/3080
f 4801/1445/3083 4800/1443/3082 4797/1477/3080
f 4802/1447/3084 4801/1445/3083 4797/1477/3080
f 4803/1449/3085 4802/1447/3084 4797/1477/3080
f 4804/1451/3086 4803/1449/3085 4797/1477/3080
f 4805/1453/3087 4804/1451/3086 4797/1477/3080
f 4806/1455/3088 4805/1453/3087 4797/1477/3080
f 4807/1457/3089 4806/1455/3088 4797/1477/3080
f 4808/1459/3090 4807/1457/3089 4797/1477/3080
f 4809/1461/3091 4808/1459/3090 4797/1477/3080
f 4810/1463/3092 4809/1461/3091 4797/1477/3080
f 4811/1465/3093 4810/1463/3092 4797/1477/3080
f 4812/1467/3094 4811/1465/3093 4797/1477/3080
f 4813/1469/3095 4812/1467/3094 4797/1477/3080
f 4814/1471/3096 4813/1469/3095 4797/1477/3080
f 4815/1473/3097 4814/1471/3096 4797/1477/3080
f 4816/1475/3098 4815/1473/3097 4797/1477/3080
f 4796/1437/3079 4816/1475/3098 4797/1477/3080
f 4819/1478/3099 4817/1479/3100 4818/1397/3101
f 4820/1398/3100 4818/1397/3101 4817/1479/3100
f 4817/1479/3100 4821/1480/3102 4820/1398/3100
f 4822/1401/3102 4820/1398/3100 4821/1480/3102
f 4821/1480/3102 4823/1481/3103 4822/1401/3102
f 4824/1403/3104 4822/1401/3102 4823/1481/3103
f 4823/1481/3103 4825/1482/3105 4824/1403/3104
f 4826/1405/3105 4824/1403/3104 4825/1482/3105
f 4825/1482/3105 4827/1483/3106 4826/1405/3105
f 4828/1407/3106 4826/1405/3105 4827/1483/3106
f 4827/1483/3106 4829/1484/3107 4828/1407/3106
f 4830/1409/3107 4828/1407/3106 4829/1484/3107
f 4829/1484/3107 4831/1485/3108 4830/1409/3107
f 4832/1411/3108 4830/1409/3107 4831/1485/3108
f 4831/1485/3108 4833/1486/3109 4832/1411/3108
f 4834/1413/3109 4832/1411/3108 4833/1486/3109
f 4833/1486/3109 4835/1487/3110 4834/1413/3109
f 4836/1415/3110 4834/1413/3109 4835/1487/3110
f 4835/1487/3110 4837/1488/3111 4836/1415/3110
f 4838/1417/3112 4836/1415/3110 4837/1488/3111
f 4837/1488/3111 4839/1489/3113 4838/1417/3112
f 4840/1419/3113 4838/1417/3112 4839/1489/3113
f 4839/1489/3113 4841/1490/3114 4840/1419/3113
f 4842/1421/3115 4840/1419/3113 4841/1490/3114
f 4841/1490/3114 4843/1491/3116 4842/1421/3115
f 4844/1423/3116 4842/1421/3115 4843/1491/3116
f 4843/1491/3116 4845/1492/3117 4844/1423/3116
f 4846/1425/3118 4844/1423/3116 4845/1492/3117
f 4845/1492/3117 4847/1493/3119 4846/1425/3118
f 4848/1427/3120 4846/1425/3118 4847/1493/3119
f 4847/1493/3119 4849/1494/3121 4848/1427/3120
f 4850/1429/3122 4848/1427/3120 4849/1494/3121
f 4849/1494/3121 4851/1495/3123 4850/1429/3122
f 4852/1431/3123 4850/1429/3122 4851/1495/3123
f 4851/1495/3123 4853/1496/3124 4852/1431/3123
f 4854/1433/3124 4852/1431/3123 4853/1496/3124
f 4853/1496/3124 4855/1497/3125 4854/1433/3124
f 4856/1435/3125 4854/1433/3124 4855/1497/3125
f 4855/1497/3125 4819/1478/3099 4856/1435/3125
f 4818/1397/3101 4856/1435/3125 4819/1478/3099
f 4859/1439/3126 4857/1440/3127 4858/1478/3128
f 4860/1479/3129 4858/1478/3128 4857/1440/3127
f 4857/1440/3127 4861/1442/3130 4860/1479/3129
f 4862/1480/3131 4860/1479/3129 4861/1442/3130
f 4861/1442/3130 4863/1444/3132 4862/1480/3131
f 4864/1481/3133 4862/1480/3131 4863/1444/3132
f 4863/1444/3132 4865/1446/3134 4864/1481/3133
f 4866/1482/3135 4864/1481/3133 4865/1446/3134
f 4865/1446/3134 4867/1448/3136 4866/1482/3135
f 4868/1483/3137 4866/1482/3135 4867/1448/3136
f 4867/1448/3136 4869/1450/3138 4868/1483/3137
f 4870/1484/3139 4868/1483/3137 4869/1450/3138
f 4869/1450/3138 4871/1452/3140 4870/1484/3139
f 4872/1485/3141 4870/1484/3139 4871/1452/3140
f 4871/1452/3140 4873/1454/3142 4872/1485/3141
f 4874/1486/3143 4872/1485/3141 4873/1454/3142
f 4873/1454/3142 4875/1456/3144 4874/1486/3143
f 4876/1487/3145 4874/1486/3143 4875/1456/3144
f 4875/1456/3144 4877/1458/3146 4876/1487/3145
f 4878/1488/3147 4876/1487/3145 4877/1458/3146
f 4877/1458/3146 4879/1460/3148 4878/1488/3147
f 4880/1489/3149 4878/1488/3147 4879/1460/3148
f 4879/1460/3148 4881/1462/3150 4880/1489/3149
f 4882/1490/3151 4880/1489/3149 4881/1462/3150
f 4881/1462/3150 4883/1464/3152 4882/1490/3151
f 4884/1491/3153 4882/1490/3151 4883/1464/3152
f 4883/1464/3152 4885/1466/3154 4884/1491/3153
f 4886/1492/3155 4884/1491/3153 4885/1466/3154
f 4885/1466/3154 4887/1468/3156 4886/1492/3155
f 4888/1493/3157 4886/1492/3155 4887/1468/3156
f 4887/1468/3156 4889/1470/3158 4888/1493/3157
f 4890/1494/3159 4888/1493/3157 4889/1470/3158
f 4889/1470/3158 4891/1472/3160 4890/1494/3159
f 4892/1495/3161 4890/1494/3159 4891/1472/3160
f 4891/1472/3160 4893/1474/3162 4892/1495/3161
f 4894/1496/3163 4892/1495/3161 4893/1474/3162
f 4893/1474/3162 4895/1476/3164 4894/1496/3163
f 4896/1497/3165 4894/1496/3163 4895/1476/3164
f 4895/1476/3164 4859/1439/3126 4896/1497/3165
f 4858/1478/3128 4896/1497/3165 4859/1439/3126
f 4899/1397/3166 4897/1399/3167 4898/1398/3168
f 4900/1400/3169 4898/1398/3168 4897/1399/3167
f 4898/1398/3168 4900/1400/3169 4901/1401/3170
f 4902/1402/3171 4901/1401/3170 4900/1400/3169
f 4901/1401/3170 4902/1402/3171 4903/1403/3172
f 4904/1404/3173 4903/1403/3172 4902/1402/3171
f 4903/1403/3172 4904/1404/3173 4905/1405/3174
f 4906/1406/3175 4905/1405/3174 4904/1404/3173
f 4905/1405/3174 4906/1406/3175 4907/1407/3176
f 4908/1408/3177 4907/1407/3176 4906/1406/3175
f 4907/1407/3176 4908/1408/3177 4909/1409/3178
f 4910/1410/3179 4909/1409/3178 4908/1408/3177
f 4909/1409/3178 4910/1410/3179 4911/1411/3180
f 4912/1412/3181 4911/1411/3180 4910/1410/3179
f 4911/1411/3180 4912/1412/3181 4913/1413/3182
f 4914/1414/3183 4913/1413/3182 4912/1412/3181
f 4913/1413/3182 4914/1414/3183 4915/1415/3184
f 4916/1416/3185 4915/1415/3184 4914/1414/3183
f 4915/1415/3184 4916/1416/3185 4917/1417/3186
f 4918/1418/3187 4917/1417/3186 4916/1416/3185
f 4917/1417/3186 4918/1418/3187 4919/1419/3188
f 4920/1420/3189 4919/1419/3188 4918/1418/3187
f 4919/1419/3188 4920/1420/3189 4921/1421/3190
f 4922/1422/3191 4921/1421/3190 4920/1420/3189
f 4921/1421/3190 4922/1422/3191 4923/1423/3192
f 4924/1424/3193 4923/1423/3192 4922/1422/3191
f 4923/1423/3192 4924/1424/3193 4925/1425/3194
f 4926/1426/3195 4925/1425/3194 4924/1424/3193
f 4925/1425/3194 4926/1426/3195 4927/1427/3196
f 4928/1428/3197 4927/1427/3196 4926/1426/3195
f 4927/1427/3196 4928/1428/3197 4929/1429/3198
f 4930/1430/3199 4929/1429/3198 4928/1428/3197
f 4929/1429/3198 4930/1430/3199 4931/1431/3200
f 4932/1432/3201 4931/1431/3200 4930/1430/3199
f 4931/1431/3200 4932/1432/3201 4933/1433/3202
f 4934/1434/3203 4933/1433/3202 4932/1432/3201
f 4933/1433/3202 4934/1434/3203 4935/1435/3204
f 4936/1436/3205 4935/1435/3204 4934/1434/3203
f 4935/1435/3204 4936/1436/3205 4899/1397/3166
f 4897/1399/3167 4899/1397/3166 4936/1436/3205
f 4939/1478/3206 4937/1397/3207 4938/1479/3208
f 4940/1398/3209 4938/1479/3208 4937/1397/3207
f 4938/1479/3208 4940/1398/3209 4941/1480/3210
f 4942/1401/3211 4941/1480/3210 4940/1398/3209
f 4941/1480/3210 4942/1401/3211 4943/1481/3212
f 4944/1403/3212 4943/1481/3212 4942/1401/3211
f 4943/1481/3212 4944/1403/3212 4945/1482/3213
f 4946/1405/3213 4945/1482/3213 4944/1403/3212
f 4945/1482/3213 4946/1405/3213 4947/1483/3214
f 4948/1407/3215 4947/1483/3214 4946/1405/3213
f 4947/1483/3214 4948/1407/3215 4949/1484/3216
f 4950/1409/3216 4949/1484/3216 4948/1407/3215
f 4949/1484/3216 4950/1409/3216 4951/1485/3217
f 4952/1411/3217 4951/1485/3217 4950/1409/3216
f 4951/1485/3217 4952/1411/3217 4953/1486/3218
f 4954/1413/3219 4953/1486/3218 4952/1411/3217
f 4953/1486/3218 4954/1413/3219 4955/1487/3220
f 4956/1415/3220 4955/1487/3220 4954/1413/3219
f 4955/1487/3220 4956/1415/3220 4957/1488/3221
f 4958/1417/3222 4957/1488/3221 4956/1415/3220
f 4957/1488/3221 4958/1417/3222 4959/1489/3223
f 4960/1419/3223 4959/1489/3223 4958/1417/3222
f 4959/1489/3223 4960/1419/3223 4961/1490/3224
f 4962/1421/3224 4961/1490/3224 4960/1419/3223
f 4961/1490/3224 4962/1421/3224 4963/1491/3225
f 4964/1423/3225 4963/1491/3225 4962/1421/3224
f 4963/1491/3225 4964/1423/3225 4965/1492/3226
f 4966/1425/3226 4965/1492/3226 4964/1423/3225
f 4965/1492/3226 4966/1425/3226 4967/1493/3227
f 4968/1427/3228 4967/1493/3227 4966/1425/3226
f 4967/1493/3227 4968/1427/3228 4969/1494/3229
f 4970/1429/3229 4969/1494/3229 4968/1427/3228
f 4969/1494/3229 4970/1429/3229 4971/1495/3230
f 4972/1431/3230 4971/1495/3230 4970/1429/3229
f 4971/1495/3230 4972/1431/3230 4973/1496/3231
f 4974/1433/3231 4973/1496/3231 4972/1431/3230
f 4973/1496/3231 4974/1433/3231 4975/1497/3232
f 4976/1435/3233 4975/1497/3232 4974/1433/3231
f 4975/1497/3232 4976/1435/3233 4939/1478/3206
f 4937/1397/3207 4939/1478/3206 4976/1435/3233
f 4979/1498/3234 4977/1499/3235 4978/1500/3236
f 4980/1501/3237 4978/1500/3236 4977/1499/3235
f 4983/1500/3238 4981/1501/3239 4982/1498/3240
f 4984/1499/3241 4982/1498/3240 4981/1501/3239
f 4987/1500/3242 4985/1501/3243 4986/1498/3244
f 4988/1499/3245 4986/1498/3244 4985/1501/3243
f 4991/1500/3246 4989/1501/3247 4990/1498/3134
f 4992/1499/3248 4990/1498/3134 4989/1501/3247
f 4995/1500/3249 4993/1501/3250 4994/1498/3251
f 4996/1499/3252 4994/1498/3251 4993/1501/3250
f 4999/1500/3136 4997/1501/3253 4998/1498/3138
f 5000/1499/3254 4998/1498/3138 4997/1501/3253
f 5003/1500/3255 5001/1501/3256 5002/1498/3257
f 5004/1499/3257 5002/1498/3257 5001/1501/3256
f 5007/1500/3258 5005/1501/3258 5006/1498/3259
f 5008/1499/3259 5006/1498/3259 5005/1501/3258
f 5011/1500/3142 5009/1501/3142 5010/1498/3260
f 5012/1499/3261 5010/1498/3260 5009/1501/3142
f 5015/1500/3262 5013/1501/3261 5014/1498/3146
f 5016/1499/3263 5014/1498/3146 5013/1501/3261
f 5019/1500/3264 5017/1501/3265 5018/1498/3266
f 5020/1499/3267 5018/1498/3266 5017/1501/3265
f 5023/1500/3268 5021/1501/3269 5022/1498/3270
f 5024/1499/3271 5022/1498/3270 5021/1501/3269
f 5027/1500/3272 5025/1501/3273 5026/1498/3274
f 5028/1499/3275 5026/1498/3274 5025/1501/3273
f 5031/1500/3276 5029/1501/3275 5030/1498/3277
f 5032/1499/3278 5030/1498/3277 5029/1501/3275
f 5035/1500/3279 5033/1501/3280 5034/1498/3281
f 5036/1499/3282 5034/1498/3281 5033/1501/3280
f 5039/1500/3156 5037/1501/3283 5038/1498/3284
f 5040/1499/3285 5038/1498/3284 5037/1501/3283
f 5043/1500/3286 5041/1501/3287 5042/1498/3288
f 5044/1499/3289 5042/1498/3288 5041/1501/3287
f 5047/1500/3290 5045/1501/3291 5046/1498/3292
f 5048/1499/3293 5046/1498/3292 5045/1501/3291
f 5051/1500/3294 5049/1501/3295 5050/1498/3296
f 5052/1499/3297 5050/1498/3296 5049/1501/3295
f 5055/1498/3298 5053/1499/3299 5054/1500/3300
f 5056/1501/3301 5054/1500/3300 5053/1499/3299
f 5059/1502/3302 5057/1503/3302 5058/1504/3302
f 5060/1505/3302 5057/1503/3302 5059/1502/3302
f 5061/1506/3302 5057/1503/3302 5060/1505/3302
f 5062/1507/3302 5057/1503/3302 5061/1506/3302
f 5063/1508/3302 5057/1503/3302 5062/1507/3302
f 5064/1509/3302 5057/1503/3302 5063/1508/3302
f 5065/1510/3302 5057/1503/3302 5064/1509/3302
f 5066/1511/3302 5057/1503/3302 5065/1510/3302
f 5067/1512/3302 5057/1503/3302 5066/1511/3302
f 5068/1513/3302 5057/1503/3302 5067/1512/3302
f 5069/1514/3302 5057/1503/3302 5068/1513/3302
f 5070/1515/3302 5057/1503/3302 5069/1514/3302
f 5071/1516/3302 5057/1503/3302 5070/1515/3302
f 5072/1517/3302 5057/1503/3302 5071/1516/3302
f 5073/1518/3302 5057/1503/3302 5072/1517/3302
f 5058/1504/3302 5057/1503/3302 5073/1518/3302
f 5076/1519/3303 5074/1520/3265 5075/1521/3265
f 5077/1522/3303 5074/1520/3265 5076/1519/3303
f 5078/1523/3304 5077/1522/3303 5076/1519/3303
f 5079/1524/3304 5077/1522/3303 5078/1523/3304
f 5074/1520/3265 5080/1525/3305 5075/1521/3265
f 5075/1521/3265 5080/1525/3305 5081/1526/3306
f 5080/1525/3305 5082/1527/3307 5081/1526/3306
f 5081/1526/3306 5082/1527/3307 5083/1528/3308
f 5086/1519/3309 5084/1524/3310 5085/1523/3311
f 5087/1522/3309 5084/1524/3310 5086/1519/3309
f 5088/1521/3312 5087/1522/3309 5086/1519/3309
f 5089/1520/3312 5087/1522/3309 5088/1521/3312
f 5090/1526/3313 5089/1520/3312 5088/1521/3312
f 5091/1525/3314 5089/1520/3312 5090/1526/3313
f 5092/1528/3315 5091/1525/3314 5090/1526/3313
f 5093/1527/3315 5091/1525/3314 5092/1528/3315
f 5096/1504/3080 5094/1503/3080 5095/1502/3080
f 5095/1502/3080 5094/1503/3080 5097/1505/3080
f 5097/1505/3080 5094/1503/3080 5098/1506/3080
f 5098/1506/3080 5094/1503/3080 5099/1507/3080
f 5099/1507/3080 5094/1503/3080 5100/1508/3080
f 5100/1508/3080 5094/1503/3080 5101/1509/3080
f 5101/1509/3080 5094/1503/3080 5102/1510/3080
f 5102/1510/3080 5094/1503/3080 5103/1511/3080
f 5103/1511/3080 5094/1503/3080 5104/1512/3080
f 5104/1512/3080 5094/1503/3080 5105/1513/3080
f 5105/1513/3080 5094/1503/3080 5106/1514/3080
f 5106/1514/3080 5094/1503/3080 5107/1515/3080
f 5107/1515/3080 5094/1503/3080 5108/1516/3080
f 5108/1516/3080 5094/1503/3080 5109/1517/3080
f 5109/1517/3080 5094/1503/3080 5110/1518/3080
f 5110/1518/3080 5094/1503/3080 5096/1504/3080
f 5113/1519/3316 5111/1520/3252 5112/1521/3252
f 5114/1522/3316 5111/1520/3252 5113/1519/3316
f 5115/1523/3317 5114/1522/3316 5113/1519/3316
f 5116/1524/3317 5114/1522/3316 5115/1523/3317
f 5111/1520/3252 5117/1525/3318 5112/1521/3252
f 5112/1521/3252 5117/1525/3318 5118/1526/3318
f 5117/1525/3318 5119/1527/3308 5118/1526/3318
f 5118/1526/3318 5119/1527/3308 5120/1528/3308
f 5123/1519/3319 5121/1524/3320 5122/1523/3321
f 5124/1522/3319 5121/1524/3320 5123/1519/3319
f 5125/1521/3322 5124/1522/3319 5123/1519/3319
f 5126/1520/3322 5124/1522/3319 5125/1521/3322
f 5127/1526/3323 5126/1520/3322 5125/1521/3322
f 5128/1525/3323 5126/1520/3322 5127/1526/3323
f 5129/1528/3324 5128/1525/3323 5127/1526/3323
f 5130/1527/3324 5128/1525/3323 5129/1528/3324
f 5133/1529/3325 5131/1530/3326 5132/1531/3327
f 5134/1532/3328 5132/1531/3327 5131/1530/3326
f 5132/1531/3327 5134/1532/3328 5135/1533/3329
f 5136/1534/3330 5135/1533/3329 5134/1532/3328
f 5133/1529/3325 5137/1535/3331 5131/1530/3326
f 5138/1536/3332 5131/1530/3326 5137/1535/3331
f 5141/1529/3333 5139/1530/3334 5140/1531/3335
f 5142/1532/3137 5140/1531/3335 5139/1530/3334
f 5140/1531/3335 5142/1532/3137 5143/1533/3336
f 5144/1534/3337 5143/1533/3336 5142/1532/3137
f 5141/1529/3333 5145/1535/3338 5139/1530/3334
f 5146/1536/3339 5139/1530/3334 5145/1535/3338
f 5149/1529/3340 5147/1530/3341 5148/1531/3342
f 5150/1532/3139 5148/1531/3342 5147/1530/3341
f 5148/1531/3342 5150/1532/3139 5151/1533/3343
f 5152/1534/3336 5151/1533/3343 5150/1532/3139
f 5149/1529/3340 5153/1535/3344 5147/1530/3341
f 5154/1536/3338 5147/1530/3341 5153/1535/3344
f 5157/1529/3345 5155/1530/3340 5156/1531/3346
f 5158/1532/3141 5156/1531/3346 5155/1530/3340
f 5156/1531/3346 5158/1532/3141 5159/1533/3347
f 5160/1534/3348 5159/1533/3347 5158/1532/3141
f 5157/1529/3345 5161/1535/3349 5155/1530/3340
f 5162/1536/3350 5155/1530/3340 5161/1535/3349
f 5165/1529/3351 5163/1530/3345 5164/1531/3145
f 5166/1532/3346 5164/1531/3145 5163/1530/3345
f 5164/1531/3145 5166/1532/3346 5167/1533/3352
f 5168/1534/3353 5167/1533/3352 5166/1532/3346
f 5165/1529/3351 5169/1535/3354 5163/1530/3345
f 5170/1536/3355 5163/1530/3345 5169/1535/3354
f 5173/1529/3356 5171/1530/3357 5172/1531/3147
f 5174/1532/3358 5172/1531/3147 5171/1530/3357
f 5172/1531/3147 5174/1532/3358 5175/1533/3359
f 5176/1534/3352 5175/1533/3359 5174/1532/3358
f 5173/1529/3356 5177/1535/3360 5171/1530/3357
f 5178/1536/3354 5171/1530/3357 5177/1535/3360
f 5181/1529/3361 5179/1530/3356 5180/1531/3149
f 5182/1532/3362 5180/1531/3149 5179/1530/3356
f 5180/1531/3149 5182/1532/3362 5183/1533/3363
f 5184/1534/3364 5183/1533/3363 5182/1532/3362
f 5181/1529/3361 5185/1535/3365 5179/1530/3356
f 5186/1536/3366 5179/1530/3356 5185/1535/3365
f 5189/1529/3367 5187/1530/3368 5188/1531/3151
f 5190/1532/3369 5188/1531/3151 5187/1530/3368
f 5188/1531/3151 5190/1532/3369 5191/1533/3370
f 5192/1534/3363 5191/1533/3370 5190/1532/3369
f 5189/1529/3367 5193/1535/3371 5187/1530/3368
f 5194/1536/3365 5187/1530/3368 5193/1535/3371
f 5197/1529/3372 5195/1530/3367 5196/1531/3153
f 5198/1532/3151 5196/1531/3153 5195/1530/3367
f 5196/1531/3153 5198/1532/3151 5199/1533/3373
f 5200/1534/3374 5199/1533/3373 5198/1532/3151
f 5197/1529/3372 5201/1535/3375 5195/1530/3367
f 5202/1536/3376 5195/1530/3367 5201/1535/3375
f 5205/1529/3377 5203/1530/3378 5204/1531/3379
f 5206/1532/3380 5204/1531/3379 5203/1530/3378
f 5204/1531/3379 5206/1532/3380 5207/1533/3381
f 5208/1534/3019 5207/1533/3381 5206/1532/3380
f 5205/1529/3377 5209/1535/3175 5203/1530/3378
f 5210/1536/3375 5203/1530/3378 5209/1535/3175
f 5213/1529/3382 5211/1530/3383 5212/1531/3157
f 5214/1532/3384 5212/1531/3157 5211/1530/3383
f 5212/1531/3157 5214/1532/3384 5215/1533/3023
f 5216/1534/3385 5215/1533/3023 5214/1532/3384
f 5213/1529/3382 5217/1535/3177 5211/1530/3383
f 5218/1536/3175 5211/1530/3383 5217/1535/3177
f 5221/1529/3386 5219/1530/3387 5220/1531/3388
f 5222/1532/3389 5220/1531/3388 5219/1530/3387
f 5220/1531/3388 5222/1532/3389 5223/1533/3390
f 5224/1534/3391 5223/1533/3390 5222/1532/3389
f 5221/1529/3386 5225/1535/3392 5219/1530/3387
f 5226/1536/3177 5219/1530/3387 5225/1535/3392
f 5229/1529/3393 5227/1530/3394 5228/1531/3395
f 5230/1532/3396 5228/1531/3395 5227/1530/3394
f 5228/1531/3395 5230/1532/3396 5231/1533/3397
f 5232/1534/3398 5231/1533/3397 5230/1532/3396
f 5229/1529/3393 5233/1535/3181 5227/1530/3394
f 5234/1536/3399 5227/1530/3394 5233/1535/3181
f 5237/1529/3400 5235/1530/3393 5236/1531/3163
f 5238/1532/3161 5236/1531/3163 5235/1530/3393
f 5236/1531/3163 5238/1532/3161 5239/1533/3029
f 5240/1534/3401 5239/1533/3029 5238/1532/3161
f 5237/1529/3400 5241/1535/3402 5235/1530/3393
f 5242/1536/3181 5235/1530/3393 5241/1535/3402
f 5245/1529/3403 5243/1530/3404 5244/1531/3165
f 5246/1532/3163 5244/1531/3165 5243/1530/3404
f 5244/1531/3165 5246/1532/3163 5247/1533/3405
f 5248/1534/3029 5247/1533/3405 5246/1532/3163
f 5245/1529/3403 5249/1535/3406 5243/1530/3404
f 5250/1536/3407 5243/1530/3404 5249/1535/3406
f 5253/1529/3408 5251/1530/3409 5252/1531/3128
f 5254/1532/3410 5252/1531/3128 5251/1530/3409
f 5252/1531/3128 5254/1532/3410 5255/1533/3033
f 5256/1534/3405 5255/1533/3033 5254/1532/3410
f 5253/1529/3408 5257/1535/3187 5251/1530/3409
f 5258/1536/3406 5251/1530/3409 5257/1535/3187
f 5261/1529/3411 5259/1530/3412 5260/1531/3413
f 5262/1532/3414 5260/1531/3413 5259/1530/3412
f 5260/1531/3413 5262/1532/3414 5263/1533/3035
f 5264/1534/3415 5263/1533/3035 5262/1532/3414
f 5261/1529/3411 5265/1535/3189 5259/1530/3412
f 5266/1536/3416 5259/1530/3412 5265/1535/3189
f 5269/1529/3417 5267/1530/3418 5268/1531/3131
f 5270/1532/3419 5268/1531/3131 5267/1530/3418
f 5268/1531/3131 5270/1532/3419 5271/1533/3037
f 5272/1534/3035 5271/1533/3037 5270/1532/3419
f 5269/1529/3417 5273/1535/3191 5267/1530/3418
f 5274/1536/3420 5267/1530/3418 5273/1535/3191
f 5277/1529/3421 5275/1530/3422 5276/1531/3133
f 5278/1532/3131 5276/1531/3133 5275/1530/3422
f 5276/1531/3133 5278/1532/3131 5279/1533/3423
f 5280/1534/3424 5279/1533/3423 5278/1532/3131
f 5277/1529/3421 5281/1535/3425 5275/1530/3422
f 5282/1536/3426 5275/1530/3422 5281/1535/3425
f 5285/1529/3427 5283/1530/3421 5284/1531/3135
f 5286/1532/3133 5284/1531/3135 5283/1530/3421
f 5284/1531/3135 5286/1532/3133 5287/1533/3428
f 5288/1534/3429 5287/1533/3428 5286/1532/3133
f 5285/1529/3427 5289/1535/3332 5283/1530/3421
f 5290/1536/3430 5283/1530/3421 5289/1535/3332
o sportscar-wheel-LF.002
v -5.452750 0.453876 4.318346
v -5.039814 -0.000001 4.272146
v -5.380858 -0.000001 4.318346
v -5.128392 0.559265 4.272146
v -5.661376 0.863324 4.318346
v -5.385455 1.063790 4.272146
v -5.986317 1.188264 4.318346
v -5.785848 1.464179 4.272146
v -6.395764 1.396891 4.318346
v -6.290372 1.721249 4.272146
v -6.849646 1.468775 4.318346
v -6.849646 1.809831 4.272146
v -7.303523 1.396891 4.318346
v -7.408911 1.721249 4.272146
v -7.712971 1.188264 4.318346
v -7.913436 1.464179 4.272146
v -8.037910 0.863324 4.318346
v -8.313826 1.063790 4.272146
v -8.246537 0.453876 4.318346
v -8.570896 0.559265 4.272146
v -8.318421 -0.000001 4.318346
v -8.659477 -0.000001 4.272146
v -8.246537 -0.453882 4.318346
v -8.570896 -0.559274 4.272146
v -8.037910 -0.863329 4.318346
v -8.313826 -1.063799 4.272146
v -7.712971 -1.188270 4.318346
v -7.913433 -1.464192 4.272146
v -7.303523 -1.396897 4.318346
v -7.408911 -1.721255 4.272146
v -6.849646 -1.468788 4.318346
v -6.849646 -1.809833 4.272146
v -6.395764 -1.396897 4.318346
v -6.290372 -1.721255 4.272146
v -5.986317 -1.188270 4.318346
v -5.785848 -1.464192 4.272146
v -5.661376 -0.863329 4.318346
v -5.385455 -1.063799 4.272146
v -5.452750 -0.453882 4.318346
v -5.128392 -0.559274 4.272146
v -6.386167 0.150592 4.200096
v -5.555909 0.000082 4.105304
v -6.362321 -0.000001 4.200096
v -5.619223 0.399853 4.105304
v -6.455390 0.286437 4.200096
v -5.802972 0.760483 4.105304
v -6.563203 0.394254 4.200096
v -6.089179 1.046686 4.105304
v -6.699053 0.463470 4.200096
v -6.449814 1.230440 4.105304
v -6.849646 0.487320 4.200096
v -6.849584 1.293758 4.105304
v -7.000238 0.463470 4.200096
v -7.249351 1.230440 4.105304
v -7.136084 0.394254 4.200096
v -7.609982 1.046686 4.105304
v -7.243900 0.286437 4.200096
v -7.896185 0.760483 4.105304
v -7.313117 0.150588 4.200096
v -8.079934 0.399853 4.105304
v -7.336966 -0.000001 4.200096
v -8.143255 0.000082 4.105304
v -7.313117 -0.150594 4.200096
v -8.079934 -0.399684 4.105304
v -7.243900 -0.286443 4.200096
v -7.896181 -0.760319 4.105304
v -7.136084 -0.394256 4.200096
v -7.609982 -1.046522 4.105304
v -7.000238 -0.463480 4.200096
v -7.249351 -1.230276 4.105304
v -6.849646 -0.487325 4.200096
v -6.849580 -1.293590 4.105304
v -6.699053 -0.463480 4.200096
v -6.449814 -1.230276 4.105304
v -6.563203 -0.394256 4.200096
v -6.089179 -1.046522 4.105304
v -6.455390 -0.286443 4.200096
v -5.802972 -0.760319 4.105304
v -6.386167 -0.150594 4.200096
v -5.619223 -0.399684 4.105304
v -6.362321 -0.000001 4.200096
v -6.849646 -0.000001 4.117576
v -6.386167 0.150592 4.200096
v -6.455390 0.286437 4.200096
v -6.563203 0.394254 4.200096
v -6.699053 0.463470 4.200096
v -6.849646 0.487320 4.200096
v -7.000238 0.463470 4.200096
v -7.136084 0.394254 4.200096
v -7.243900 0.286437 4.200096
v -7.313117 0.150588 4.200096
v -7.336966 -0.000001 4.200096
v -7.313117 -0.150594 4.200096
v -7.243900 -0.286443 4.200096
v -7.136084 -0.394256 4.200096
v -7.000238 -0.463480 4.200096
v -6.849646 -0.487325 4.200096
v -6.699053 -0.463480 4.200096
v -6.563203 -0.394256 4.200096
v -6.455390 -0.286443 4.200096
v -6.386167 -0.150594 4.200096
v -5.553542 0.421128 4.286662
v -5.380858 -0.000001 4.318346
v -5.486837 -0.000001 4.286662
v -5.452750 0.453876 4.318346
v -5.747110 0.801030 4.286662
v -5.661376 0.863324 4.318346
v -6.048603 1.102531 4.286662
v -5.986317 1.188264 4.318346
v -6.428513 1.296103 4.286662
v -6.395764 1.396891 4.318346
v -6.849646 1.362804 4.286662
v -6.849646 1.468775 4.318346
v -7.270775 1.296103 4.286662
v -7.303523 1.396891 4.318346
v -7.650677 1.102531 4.286662
v -7.712971 1.188264 4.318346
v -7.952178 0.801030 4.286662
v -8.037910 0.863324 4.318346
v -8.145749 0.421128 4.286662
v -8.246537 0.453876 4.318346
v -8.212450 -0.000001 4.286662
v -8.318421 -0.000001 4.318346
v -8.145749 -0.421134 4.286662
v -8.246537 -0.453882 4.318346
v -7.952178 -0.801043 4.286662
v -8.037910 -0.863329 4.318346
v -7.650677 -1.102536 4.286662
v -7.712971 -1.188270 4.318346
v -7.270775 -1.296105 4.286662
v -7.303523 -1.396897 4.318346
v -6.849646 -1.362810 4.286662
v -6.849646 -1.468788 4.318346
v -6.428513 -1.296105 4.286662
v -6.395764 -1.396897 4.318346
v -6.048603 -1.102536 4.286662
v -5.986317 -1.188270 4.318346
v -5.747110 -0.801043 4.286662
v -5.661376 -0.863329 4.318346
v -5.553542 -0.421134 4.286662
v -5.452750 -0.453882 4.318346
v -5.619223 0.399853 4.105304
v -5.486837 -0.000001 4.286662
v -5.555909 0.000082 4.105304
v -5.553542 0.421128 4.286662
v -5.802972 0.760483 4.105304
v -5.747110 0.801030 4.286662
v -6.089179 1.046686 4.105304
v -6.048603 1.102531 4.286662
v -6.449814 1.230440 4.105304
v -6.428513 1.296103 4.286662
v -6.849584 1.293758 4.105304
v -6.849646 1.362804 4.286662
v -7.249351 1.230440 4.105304
v -7.270775 1.296103 4.286662
v -7.609982 1.046686 4.105304
v -7.650677 1.102531 4.286662
v -7.896185 0.760483 4.105304
v -7.952178 0.801030 4.286662
v -8.079934 0.399853 4.105304
v -8.145749 0.421128 4.286662
v -8.143255 0.000082 4.105304
v -8.212450 -0.000001 4.286662
v -8.079934 -0.399684 4.105304
v -8.145749 -0.421134 4.286662
v -7.896181 -0.760319 4.105304
v -7.952178 -0.801043 4.286662
v -7.609982 -1.046522 4.105304
v -7.650677 -1.102536 4.286662
v -7.249351 -1.230276 4.105304
v -7.270775 -1.296105 4.286662
v -6.849580 -1.293590 4.105304
v -6.849646 -1.362810 4.286662
v -6.449814 -1.230276 4.105304
v -6.428513 -1.296105 4.286662
v -6.089179 -1.046522 4.105304
v -6.048603 -1.102536 4.286662
v -5.802972 -0.760319 4.105304
v -5.747110 -0.801043 4.286662
v -5.619223 -0.399684 4.105304
v -5.553542 -0.421134 4.286662
v -5.039814 -0.000001 2.803403
v -5.452750 0.453876 2.757203
v -5.380858 -0.000001 2.757203
v -5.128392 0.559264 2.803403
v -5.661376 0.863324 2.757203
v -5.385455 1.063790 2.803403
v -5.986317 1.188264 2.757203
v -5.785848 1.464179 2.803403
v -6.395764 1.396891 2.757203
v -6.290372 1.721249 2.803403
v -6.849646 1.468775 2.757203
v -6.849646 1.809830 2.803403
v -7.303523 1.396891 2.757203
v -7.408911 1.721249 2.803403
v -7.712971 1.188264 2.757203
v -7.913436 1.464183 2.803403
v -8.037910 0.863324 2.757203
v -8.313826 1.063790 2.803403
v -8.246541 0.453876 2.757203
v -8.570896 0.559264 2.803403
v -8.318421 -0.000001 2.757203
v -8.659477 -0.000001 2.803403
v -8.246537 -0.453882 2.757203
v -8.570896 -0.559274 2.803403
v -8.037910 -0.863329 2.757203
v -8.313826 -1.063799 2.803403
v -7.712971 -1.188270 2.757203
v -7.913433 -1.464192 2.803403
v -7.303523 -1.396897 2.757203
v -7.408911 -1.721255 2.803403
v -6.849646 -1.468788 2.757203
v -6.849646 -1.809833 2.803403
v -6.395764 -1.396897 2.757203
v -6.290372 -1.721255 2.803403
v -5.986317 -1.188270 2.757203
v -5.785848 -1.464192 2.803403
v -5.661376 -0.863329 2.757203
v -5.385455 -1.063799 2.803403
v -5.452750 -0.453882 2.757203
v -5.128392 -0.559274 2.803403
v -5.380858 -0.000001 2.757203
v -5.553542 0.421128 2.788894
v -5.486837 -0.000001 2.788894
v -5.452750 0.453876 2.757203
v -5.747110 0.801030 2.788894
v -5.661376 0.863324 2.757203
v -6.048603 1.102531 2.788894
v -5.986317 1.188264 2.757203
v -6.428513 1.296103 2.788894
v -6.395764 1.396891 2.757203
v -6.849646 1.362804 2.788894
v -6.849646 1.468775 2.757203
v -7.270775 1.296103 2.788894
v -7.303523 1.396891 2.757203
v -7.650677 1.102531 2.788894
v -7.712971 1.188264 2.757203
v -7.952178 0.801030 2.788894
v -8.037910 0.863324 2.757203
v -8.145749 0.421128 2.788894
v -8.246541 0.453876 2.757203
v -8.212450 -0.000001 2.788894
v -8.318421 -0.000001 2.757203
v -8.145749 -0.421134 2.788894
v -8.246537 -0.453882 2.757203
v -7.952178 -0.801043 2.788894
v -8.037910 -0.863329 2.757203
v -7.650677 -1.102537 2.788894
v -7.712971 -1.188270 2.757203
v -7.270775 -1.296105 2.788895
v -7.303523 -1.396897 2.757203
v -6.849646 -1.362810 2.788895
v -6.849646 -1.468788 2.757203
v -6.428513 -1.296105 2.788895
v -6.395764 -1.396897 2.757203
v -6.048603 -1.102537 2.788894
v -5.986317 -1.188270 2.757203
v -5.747110 -0.801043 2.788894
v -5.661376 -0.863329 2.757203
v -5.553542 -0.421134 2.788894
v -5.452750 -0.453882 2.757203
v -5.486837 -0.000001 2.788894
v -5.619223 0.399853 4.105304
v -5.555909 0.000082 4.105304
v -5.553542 0.421128 2.788894
v -5.553542 0.421128 2.788894
v -5.802972 0.760483 4.105304
v -5.619223 0.399853 4.105304
v -5.747110 0.801030 2.788894
v -5.747110 0.801030 2.788894
v -6.089179 1.046686 4.105304
v -5.802972 0.760483 4.105304
v -6.048603 1.102531 2.788894
v -6.048603 1.102531 2.788894
v -6.449814 1.230440 4.105304
v -6.089179 1.046686 4.105304
v -6.428513 1.296103 2.788894
v -6.428513 1.296103 2.788894
v -6.849584 1.293758 4.105304
v -6.449814 1.230440 4.105304
v -6.849646 1.362804 2.788894
v -6.849646 1.362804 2.788894
v -7.249351 1.230440 4.105304
v -6.849584 1.293758 4.105304
v -7.270775 1.296103 2.788894
v -7.270775 1.296103 2.788894
v -7.609982 1.046686 4.105304
v -7.249351 1.230440 4.105304
v -7.650677 1.102531 2.788894
v -7.650677 1.102531 2.788894
v -7.896185 0.760483 4.105304
v -7.609982 1.046686 4.105304
v -7.952178 0.801030 2.788894
v -7.952178 0.801030 2.788894
v -8.079934 0.399853 4.105304
v -7.896185 0.760483 4.105304
v -8.145749 0.421128 2.788894
v -8.145749 0.421128 2.788894
v -8.143255 0.000082 4.105304
v -8.079934 0.399853 4.105304
v -8.212450 -0.000001 2.788894
v -8.212450 -0.000001 2.788894
v -8.079934 -0.399684 4.105304
v -8.143255 0.000082 4.105304
v -8.145749 -0.421134 2.788894
v -8.145749 -0.421134 2.788894
v -7.896181 -0.760319 4.105304
v -8.079934 -0.399684 4.105304
v -7.952178 -0.801043 2.788894
v -7.952178 -0.801043 2.788894
v -7.609982 -1.046522 4.105304
v -7.896181 -0.760319 4.105304
v -7.650677 -1.102537 2.788894
v -7.650677 -1.102537 2.788894
v -7.249351 -1.230276 4.105304
v -7.609982 -1.046522 4.105304
v -7.270775 -1.296105 2.788895
v -7.270775 -1.296105 2.788895
v -6.849580 -1.293590 4.105304
v -7.249351 -1.230276 4.105304
v -6.849646 -1.362810 2.788895
v -6.849646 -1.362810 2.788895
v -6.449814 -1.230276 4.105304
v -6.849580 -1.293590 4.105304
v -6.428513 -1.296105 2.788895
v -6.428513 -1.296105 2.788895
v -6.089179 -1.046522 4.105304
v -6.449814 -1.230276 4.105304
v -6.048603 -1.102537 2.788894
v -6.048603 -1.102537 2.788894
v -5.802972 -0.760319 4.105304
v -6.089179 -1.046522 4.105304
v -5.747110 -0.801043 2.788894
v -5.747110 -0.801043 2.788894
v -5.619223 -0.399684 4.105304
v -5.802972 -0.760319 4.105304
v -5.553542 -0.421134 2.788894
v -5.553542 -0.421134 2.788894
v -5.555909 0.000082 4.105304
v -5.619223 -0.399684 4.105304
v -5.486837 -0.000001 2.788894
v -6.849646 -0.000001 3.860553
v -5.945687 -0.000001 3.860553
v -6.014502 0.345922 3.860553
v -6.210451 0.639190 3.860553
v -6.503715 0.835143 3.860553
v -6.849646 0.903950 3.860553
v -7.195569 0.835143 3.860553
v -7.488836 0.639190 3.860553
v -7.684790 0.345922 3.860553
v -7.753597 -0.000001 3.860553
v -7.684790 -0.345932 3.860553
v -7.488836 -0.639195 3.860553
v -7.195569 -0.835145 3.860553
v -6.849646 -0.903960 3.860553
v -6.503715 -0.835145 3.860553
v -6.210451 -0.639195 3.860553
v -6.014502 -0.345932 3.860553
v -5.945687 -0.000001 3.860553
v -5.945687 -0.000001 3.965890
v -6.014502 0.345922 3.965890
v -6.014502 0.345922 3.860553
v -6.210451 0.639190 3.965890
v -6.210451 0.639190 3.860553
v -6.014502 -0.345932 3.860553
v -6.014502 -0.345932 3.965890
v -6.210451 -0.639195 3.860553
v -6.210451 -0.639195 3.965890
v -7.488836 0.639190 3.860553
v -7.488836 0.639190 3.965890
v -7.684790 0.345922 3.965890
v -7.684790 0.345922 3.860553
v -7.753597 -0.000001 3.965890
v -7.753597 -0.000001 3.860553
v -7.684790 -0.345932 3.965890
v -7.684790 -0.345932 3.860553
v -7.488836 -0.639195 3.965890
v -7.488836 -0.639195 3.860553
v -6.849646 -0.000001 3.965890
v -6.014502 0.345922 3.965890
v -5.945687 -0.000001 3.965890
v -6.210451 0.639190 3.965890
v -6.503715 0.835143 3.965890
v -6.849646 0.903950 3.965890
v -7.195569 0.835143 3.965890
v -7.488836 0.639190 3.965890
v -7.684790 0.345922 3.965890
v -7.753597 -0.000001 3.965890
v -7.684790 -0.345932 3.965890
v -7.488836 -0.639195 3.965890
v -7.195569 -0.835145 3.965890
v -6.849646 -0.903960 3.965890
v -6.503715 -0.835145 3.965890
v -6.210451 -0.639195 3.965890
v -6.014502 -0.345932 3.965890
v -6.849646 -0.903960 3.965890
v -6.849646 -0.903960 3.860553
v -7.195569 -0.835145 3.860553
v -7.195569 -0.835145 3.965890
v -7.488836 -0.639195 3.860553
v -7.488836 -0.639195 3.965890
v -6.503715 -0.835145 3.965890
v -6.503715 -0.835145 3.860553
v -6.210451 -0.639195 3.965890
v -6.210451 -0.639195 3.860553
v -7.488836 0.639190 3.965890
v -7.488836 0.639190 3.860553
v -7.195569 0.835143 3.860553
v -7.195569 0.835143 3.965890
v -6.849646 0.903950 3.860553
v -6.849646 0.903950 3.965890
v -6.503715 0.835143 3.860553
v -6.503715 0.835143 3.965890
v -6.210451 0.639190 3.860553
v -6.210451 0.639190 3.965890
v -7.435966 -1.804520 2.893302
v -6.849646 -1.897383 4.182247
v -6.849646 -1.897383 2.893302
v -7.435963 -1.804520 4.182247
v -6.849646 -1.809833 4.272146
v -7.408911 -1.721255 4.272146
v -6.849646 -1.809833 2.803403
v -7.408911 -1.721255 2.803403
v -6.849646 -1.897383 2.893302
v -6.263317 -1.804520 4.182247
v -6.263317 -1.804520 2.893302
v -6.849646 -1.897383 4.182247
v -6.290372 -1.721255 4.272146
v -6.849646 -1.809833 4.272146
v -6.290372 -1.721255 2.803403
v -6.849646 -1.809833 2.803403
v -6.263317 -1.804520 2.893302
v -5.734385 -1.535015 4.182247
v -5.734385 -1.535015 2.893302
v -6.263317 -1.804520 4.182247
v -5.785848 -1.464192 4.272146
v -6.290372 -1.721255 4.272146
v -5.785848 -1.464192 2.803403
v -6.290372 -1.721255 2.803403
v -5.734385 -1.535015 2.893302
v -5.314628 -1.115257 4.182247
v -5.314628 -1.115257 2.893302
v -5.734385 -1.535015 4.182247
v -5.385455 -1.063799 4.272146
v -5.785848 -1.464192 4.272146
v -5.385455 -1.063799 2.803403
v -5.785848 -1.464192 2.803403
v -5.314628 -1.115257 2.893302
v -5.045126 -0.586329 4.182247
v -5.045126 -0.586330 2.893302
v -5.314628 -1.115257 4.182247
v -5.128392 -0.559274 4.272146
v -5.385455 -1.063799 4.272146
v -5.128392 -0.559274 2.803403
v -5.385455 -1.063799 2.803403
v -5.045126 -0.586330 2.893302
v -4.952263 -0.000001 4.182247
v -4.952263 -0.000001 2.893302
v -5.045126 -0.586329 4.182247
v -5.039814 -0.000001 4.272146
v -5.128392 -0.559274 4.272146
v -5.039814 -0.000001 2.803403
v -5.128392 -0.559274 2.803403
v -4.952263 -0.000001 2.893302
v -5.045126 0.586320 4.182247
v -5.045126 0.586320 2.893302
v -4.952263 -0.000001 4.182247
v -5.128392 0.559265 4.272146
v -5.039814 -0.000001 4.272146
v -5.128392 0.559264 2.803403
v -5.039814 -0.000001 2.803403
v -5.045126 0.586320 2.893302
v -5.314631 1.115255 4.182247
v -5.314631 1.115255 2.893302
v -5.045126 0.586320 4.182247
v -5.385455 1.063790 4.272146
v -5.128392 0.559265 4.272146
v -5.385455 1.063790 2.803403
v -5.128392 0.559264 2.803403
v -5.314631 1.115255 2.893302
v -5.734389 1.535009 4.182247
v -5.734389 1.535009 2.893302
v -5.314631 1.115255 4.182247
v -5.785848 1.464179 4.272146
v -5.385455 1.063790 4.272146
v -5.785848 1.464179 2.803403
v -5.385455 1.063790 2.803403
v -5.734389 1.535009 2.893302
v -6.263320 1.804518 4.182247
v -6.263320 1.804518 2.893302
v -5.734389 1.535009 4.182247
v -6.290372 1.721249 4.272146
v -5.785848 1.464179 4.272146
v -6.290372 1.721249 2.803403
v -5.785848 1.464179 2.803403
v -6.263320 1.804518 2.893302
v -6.849646 1.897381 4.182247
v -6.849646 1.897385 2.893302
v -6.263320 1.804518 4.182247
v -6.849646 1.809831 4.272146
v -6.290372 1.721249 4.272146
v -6.849646 1.809830 2.803403
v -6.290372 1.721249 2.803403
v -6.849646 1.897385 2.893302
v -7.435966 1.804518 4.182247
v -7.435966 1.804518 2.893302
v -6.849646 1.897381 4.182247
v -7.408911 1.721249 4.272146
v -6.849646 1.809831 4.272146
v -7.408911 1.721249 2.803403
v -6.849646 1.809830 2.803403
v -7.435966 1.804518 2.893302
v -7.964902 1.535013 4.182247
v -7.964902 1.535013 2.893302
v -7.435966 1.804518 4.182247
v -7.913436 1.464179 4.272146
v -7.408911 1.721249 4.272146
v -7.913436 1.464183 2.803403
v -7.408911 1.721249 2.803403
v -7.964902 1.535013 2.893302
v -8.384656 1.115252 4.182247
v -8.384659 1.115255 2.893302
v -7.964902 1.535013 4.182247
v -8.313826 1.063790 4.272146
v -7.913436 1.464179 4.272146
v -8.313826 1.063790 2.803403
v -7.913436 1.464183 2.803403
v -8.384659 1.115255 2.893302
v -8.654164 0.586320 4.182247
v -8.654164 0.586320 2.893302
v -8.384656 1.115252 4.182247
v -8.570896 0.559265 4.272146
v -8.313826 1.063790 4.272146
v -8.570896 0.559264 2.803403
v -8.313826 1.063790 2.803403
v -8.654164 0.586320 2.893302
v -8.747027 -0.000001 4.182247
v -8.747027 -0.000001 2.893302
v -8.654164 0.586320 4.182247
v -8.659477 -0.000001 4.272146
v -8.570896 0.559265 4.272146
v -8.659477 -0.000001 2.803403
v -8.570896 0.559264 2.803403
v -8.747027 -0.000001 2.893302
v -8.654164 -0.586329 4.182247
v -8.654164 -0.586330 2.893302
v -8.747027 -0.000001 4.182247
v -8.570896 -0.559274 4.272146
v -8.659477 -0.000001 4.272146
v -8.570896 -0.559274 2.803403
v -8.659477 -0.000001 2.803403
v -8.654164 -0.586330 2.893302
v -8.384656 -1.115261 4.182247
v -8.384656 -1.115257 2.893302
v -8.654164 -0.586329 4.182247
v -8.313826 -1.063799 4.272146
v -8.570896 -0.559274 4.272146
v -8.313826 -1.063799 2.803403
v -8.570896 -0.559274 2.803403
v -8.384656 -1.115257 2.893302
v -7.964898 -1.535015 4.182247
v -7.964898 -1.535015 2.893302
v -8.384656 -1.115261 4.182247
v -7.913433 -1.464192 4.272146
v -8.313826 -1.063799 4.272146
v -7.913433 -1.464192 2.803403
v -8.313826 -1.063799 2.803403
v -7.964898 -1.535015 2.893302
v -7.435963 -1.804520 4.182247
v -7.435966 -1.804520 2.893302
v -7.964898 -1.535015 4.182247
v -7.408911 -1.721255 4.272146
v -7.913433 -1.464192 4.272146
v -7.408911 -1.721255 2.803403
v -7.913433 -1.464192 2.803403
vn 0.1451 -0.0118 0.9893
vn 0.4902 -0.0117 0.8716
vn 0.1372 0.0353 0.9899
vn 0.4665 0.1451 0.8725
vn 0.1216 0.0745 0.9898
vn 0.3960 0.2784 0.8750
vn 0.0902 0.1059 0.9903
vn 0.2941 0.3804 0.8768
vn 0.0510 0.1216 0.9913
vn 0.1608 0.4510 0.8779
vn 0.0118 0.1294 0.9915
vn 0.0118 0.4745 0.8802
vn -0.0353 0.1216 0.9920
vn -0.1451 0.4509 0.8807
vn -0.0745 0.1059 0.9916
vn -0.2784 0.3804 0.8819
vn -0.1059 0.0745 0.9916
vn -0.3804 0.2784 0.8819
vn -0.1216 0.0353 0.9920
vn -0.4510 0.1451 0.8807
vn -0.1294 -0.0118 0.9915
vn -0.4745 -0.0118 0.8802
vn -0.1216 -0.0510 0.9913
vn -0.4510 -0.1608 0.8779
vn -0.1059 -0.0902 0.9903
vn -0.3804 -0.2941 0.8768
vn -0.0745 -0.1216 0.9898
vn -0.2784 -0.3960 0.8750
vn -0.0353 -0.1373 0.9899
vn -0.1451 -0.4666 0.8725
vn 0.0118 -0.1451 0.9893
vn 0.0118 -0.4902 0.8716
vn 0.0510 -0.1373 0.9892
vn 0.1608 -0.4666 0.8697
vn 0.0902 -0.1216 0.9885
vn 0.2941 -0.3960 0.8699
vn 0.1216 -0.0902 0.9885
vn 0.3961 -0.2941 0.8698
vn 0.1373 -0.0510 0.9892
vn 0.4666 -0.1608 0.8697
vn 0.1294 -0.0118 0.9915
vn 0.1216 0.0353 0.9920
vn 0.1215 0.0353 0.9920
vn 0.1059 0.0667 0.9921
vn 0.0823 0.0902 0.9925
vn 0.0510 0.1059 0.9931
vn 0.0117 0.1137 0.9934
vn 0.0118 0.1137 0.9934
vn -0.0353 0.1059 0.9937
vn -0.0667 0.0902 0.9937
vn -0.0902 0.0667 0.9937
vn -0.1059 0.0353 0.9937
vn -0.1137 -0.0118 0.9934
vn -0.1059 -0.0510 0.9931
vn -0.0902 -0.0824 0.9925
vn -0.0902 -0.0823 0.9925
vn -0.0667 -0.1059 0.9921
vn -0.0353 -0.1216 0.9920
vn 0.0118 -0.1294 0.9915
vn 0.0117 -0.1294 0.9915
vn 0.0510 -0.1216 0.9913
vn 0.0823 -0.1059 0.9910
vn 0.0824 -0.1059 0.9910
vn 0.1059 -0.0823 0.9910
vn 0.1059 -0.0824 0.9910
vn 0.1216 -0.0510 0.9913
vn -0.1529 -0.0667 0.9860
vn 0.0118 -0.0118 0.9999
vn -0.1608 -0.0118 0.9869
vn -0.1294 -0.1137 0.9851
vn -0.0980 -0.1451 0.9845
vn -0.0510 -0.1686 0.9844
vn 0.0118 -0.1765 0.9842
vn 0.0666 -0.1686 0.9834
vn 0.1137 -0.1451 0.9829
vn 0.1451 -0.1137 0.9829
vn 0.1686 -0.0666 0.9834
vn 0.1765 -0.0118 0.9842
vn 0.1686 0.0510 0.9844
vn 0.1451 0.0980 0.9845
vn 0.1137 0.1294 0.9851
vn 0.0667 0.1529 0.9860
vn 0.0118 0.1608 0.9869
vn -0.0510 0.1530 0.9869
vn -0.0980 0.1294 0.9867
vn -0.1294 0.0980 0.9867
vn -0.1530 0.0510 0.9869
vn -0.2863 -0.0118 0.9581
vn -0.2863 -0.0117 0.9581
vn -0.2706 -0.0980 0.9577
vn -0.2314 -0.1765 0.9567
vn -0.1608 -0.2470 0.9556
vn -0.1608 -0.2471 0.9556
vn -0.0824 -0.2863 0.9546
vn 0.0118 -0.3019 0.9533
vn 0.0980 -0.2863 0.9531
vn 0.1765 -0.2471 0.9528
vn 0.2471 -0.1765 0.9528
vn 0.2863 -0.0980 0.9531
vn 0.3019 -0.0118 0.9533
vn 0.3020 -0.0118 0.9532
vn 0.2863 0.0824 0.9546
vn 0.2470 0.1608 0.9556
vn 0.2471 0.1608 0.9556
vn 0.1765 0.2314 0.9567
vn 0.0980 0.2706 0.9577
vn 0.0981 0.2706 0.9577
vn 0.0118 0.2863 0.9581
vn 0.0117 0.2863 0.9581
vn -0.0824 0.2706 0.9592
vn -0.0823 0.2706 0.9592
vn -0.1608 0.2314 0.9595
vn -0.2314 0.1608 0.9595
vn -0.2706 0.0824 0.9592
vn -0.9843 -0.0118 0.1762
vn -0.9294 -0.0117 0.3689
vn -0.9373 -0.3176 0.1439
vn -0.8824 -0.3019 0.3609
vn -0.7961 -0.5921 0.1251
vn -0.7490 -0.5608 0.3529
vn -0.5765 -0.8118 0.0935
vn -0.5451 -0.7647 0.3437
vn -0.3020 -0.9529 0.0272
vn -0.2863 -0.8980 0.3340
vn 0.0118 -0.9999 -0.0000
vn 0.0118 -0.9451 0.3266
vn 0.3162 -0.9487 -0.0000
vn 0.3020 -0.8980 0.3199
vn 0.5893 -0.8079 0.0001
vn 0.5608 -0.7647 0.3174
vn 0.8079 -0.5893 -0.0000
vn 0.7647 -0.5608 0.3175
vn 0.9487 -0.3163 -0.0000
vn 0.8980 -0.3020 0.3199
vn 0.9999 -0.0118 -0.0000
vn 0.9451 -0.0118 0.3266
vn 0.9529 0.3020 0.0272
vn 0.8980 0.2863 0.3340
vn 0.8118 0.5765 0.0935
vn 0.7647 0.5451 0.3437
vn 0.5922 0.7960 0.1251
vn 0.5608 0.7490 0.3529
vn 0.3176 0.9372 0.1439
vn 0.3020 0.8823 0.3610
vn 0.0118 0.9843 0.1761
vn 0.0118 0.9294 0.3689
vn -0.3020 0.9372 0.1744
vn -0.2863 0.8823 0.3735
vn -0.5765 0.7961 0.1843
vn -0.5451 0.7490 0.3766
vn -0.7960 0.5765 0.1844
vn -0.7490 0.5451 0.3766
vn -0.9372 0.3020 0.1743
vn -0.8823 0.2863 0.3735
vn 0.1451 -0.0117 -0.9893
vn 0.1373 0.0353 -0.9899
vn 0.4902 -0.0118 -0.8716
vn 0.4666 0.1451 -0.8725
vn 0.1216 0.0745 -0.9898
vn 0.3960 0.2784 -0.8750
vn 0.0902 0.1059 -0.9903
vn 0.2941 0.3804 -0.8768
vn 0.0510 0.1216 -0.9913
vn 0.1608 0.4510 -0.8779
vn 0.0118 0.1294 -0.9915
vn 0.0118 0.4745 -0.8802
vn -0.0353 0.1216 -0.9920
vn -0.1451 0.4510 -0.8807
vn -0.0745 0.1059 -0.9916
vn -0.2784 0.3804 -0.8819
vn -0.1059 0.0745 -0.9916
vn -0.3804 0.2784 -0.8819
vn -0.1216 0.0353 -0.9920
vn -0.4509 0.1451 -0.8807
vn -0.1294 -0.0118 -0.9915
vn -0.4745 -0.0118 -0.8802
vn -0.1216 -0.0510 -0.9913
vn -0.4510 -0.1608 -0.8779
vn -0.1059 -0.0902 -0.9903
vn -0.3804 -0.2941 -0.8768
vn -0.0745 -0.1216 -0.9898
vn -0.2784 -0.3960 -0.8750
vn -0.0353 -0.1373 -0.9899
vn -0.1451 -0.4665 -0.8725
vn 0.0118 -0.1451 -0.9893
vn 0.0117 -0.4902 -0.8716
vn 0.0510 -0.1373 -0.9892
vn 0.1608 -0.4666 -0.8697
vn 0.0902 -0.1216 -0.9885
vn 0.2941 -0.3960 -0.8699
vn 0.1216 -0.0902 -0.9885
vn 0.3960 -0.2941 -0.8699
vn 0.1373 -0.0510 -0.9892
vn 0.4666 -0.1608 -0.8697
vn -0.2863 -0.0118 -0.9581
vn -0.2706 -0.0981 -0.9577
vn -0.2863 -0.0117 -0.9581
vn -0.2706 -0.0980 -0.9577
vn -0.2314 -0.1765 -0.9567
vn -0.2314 -0.1764 -0.9567
vn -0.1608 -0.2470 -0.9556
vn -0.0824 -0.2863 -0.9546
vn 0.0118 -0.3019 -0.9533
vn 0.0118 -0.3020 -0.9532
vn 0.0980 -0.2863 -0.9531
vn 0.1765 -0.2471 -0.9528
vn 0.2471 -0.1765 -0.9528
vn 0.2470 -0.1765 -0.9528
vn 0.2863 -0.0980 -0.9531
vn 0.3019 -0.0118 -0.9533
vn 0.3020 -0.0118 -0.9532
vn 0.2863 0.0824 -0.9546
vn 0.2470 0.1608 -0.9556
vn 0.1765 0.2314 -0.9567
vn 0.0980 0.2706 -0.9577
vn 0.0118 0.2863 -0.9581
vn 0.0117 0.2863 -0.9581
vn -0.0823 0.2706 -0.9592
vn -0.1608 0.2314 -0.9595
vn -0.2314 0.1608 -0.9595
vn -0.2706 0.0824 -0.9592
vn -0.2706 0.0823 -0.9592
vn -0.9843 -0.0118 0.1761
vn -0.9373 -0.3176 0.1436
vn -0.9921 -0.0118 -0.1245
vn -0.9451 -0.3176 -0.0768
vn -0.9372 -0.3177 0.1437
vn -0.7961 -0.5921 0.1249
vn -0.9451 -0.3177 -0.0768
vn -0.8014 -0.5981 -0.0000
vn -0.7960 -0.5922 0.1250
vn -0.5765 -0.8117 0.0934
vn -0.8013 -0.5982 -0.0000
vn -0.5766 -0.8117 -0.0934
vn -0.5764 -0.8118 0.0934
vn -0.5764 -0.8118 -0.0935
vn -0.2999 -0.9540 -0.0000
vn -0.3019 -0.9530 0.0271
vn 0.0117 -0.9999 -0.0000
vn -0.2998 -0.9540 -0.0000
vn 0.0039 -1.0000 -0.0000
vn 0.0040 -1.0000 -0.0000
vn 0.3091 -0.9510 -0.0000
vn 0.3163 -0.9487 -0.0000
vn 0.5893 -0.8079 -0.0000
vn 0.3092 -0.9510 -0.0000
vn 0.5894 -0.8078 -0.0000
vn 0.8078 -0.5894 -0.0000
vn 0.9486 -0.3163 -0.0000
vn 0.9510 -0.3092 -0.0000
vn 0.9487 -0.3162 -0.0000
vn 1.0000 -0.0041 -0.0000
vn 0.9999 -0.0117 -0.0000
vn 0.9530 0.3019 0.0272
vn 1.0000 -0.0039 -0.0000
vn 0.9540 0.2998 -0.0000
vn 0.9529 0.3020 0.0271
vn 0.8118 0.5764 0.0934
vn 0.9540 0.2999 -0.0000
vn 0.8118 0.5764 -0.0934
vn 0.8117 0.5765 0.0934
vn 0.5922 0.7961 0.1248
vn 0.8117 0.5766 -0.0934
vn 0.5981 0.8014 -0.0000
vn 0.5921 0.7961 0.1250
vn 0.3177 0.9372 0.1437
vn 0.3177 0.9451 -0.0768
vn 0.3176 0.9373 0.1436
vn 0.0118 0.9843 0.1760
vn 0.3176 0.9451 -0.0768
vn 0.0118 0.9922 -0.1245
vn -0.3019 0.9373 0.1742
vn 0.0117 0.9922 -0.1245
vn -0.3019 0.9451 -0.1250
vn -0.3020 0.9372 0.1743
vn -0.5764 0.7961 0.1842
vn -0.3020 0.9451 -0.1250
vn -0.5843 0.8039 -0.1109
vn -0.5765 0.7961 0.1841
vn -0.7961 0.5765 0.1841
vn -0.5844 0.8039 -0.1109
vn -0.8039 0.5844 -0.1109
vn -0.7962 0.5764 0.1842
vn -0.8039 0.5843 -0.1109
vn -0.9451 0.3020 -0.1250
vn -0.9373 0.3019 0.1742
vn -0.9843 -0.0118 0.1760
vn -0.9451 0.3019 -0.1250
vn -0.9922 -0.0117 -0.1245
vn 0.0118 -0.0118 -0.9999
vn 0.9282 0.3721 -0.0000
vn 0.7149 0.6992 -0.0001
vn 0.7149 0.6992 -0.0000
vn 0.9227 -0.3854 -0.0000
vn 0.9228 -0.3854 -0.0000
vn 0.7071 -0.7071 -0.0000
vn -0.9216 0.3804 -0.0776
vn -0.7020 0.7019 -0.1204
vn -0.7020 0.7019 -0.1205
vn -1.0000 -0.0039 -0.0003
vn -0.9187 -0.3948 -0.0000
vn -0.9188 -0.3948 -0.0000
vn -0.6993 -0.7148 -0.0000
vn -0.3721 -0.9282 -0.0000
vn -0.6992 -0.7149 -0.0000
vn 0.3854 -0.9227 -0.0000
vn 0.3854 -0.9228 -0.0000
vn -0.3804 0.9216 -0.0776
vn -0.7019 0.7020 -0.1205
vn -0.7019 0.7020 -0.1204
vn 0.0039 1.0000 -0.0003
vn 0.3948 0.9187 -0.0000
vn 0.3948 0.9188 -0.0000
vn 0.7148 0.6993 -0.0000
vn 0.0117 -0.9451 -0.3266
vn 0.0117 -0.9451 0.3266
vn -0.2862 -0.8980 -0.3341
vn -0.2862 -0.8980 0.3341
vn 0.0118 -0.4902 0.8715
vn -0.1451 -0.4667 0.8724
vn 0.0117 -0.4902 -0.8715
vn -0.1451 -0.4667 -0.8724
vn 0.3019 -0.8980 -0.3200
vn 0.3019 -0.8981 0.3199
vn 0.0118 -0.9451 -0.3266
vn 0.1608 -0.4667 0.8697
vn 0.0118 -0.4903 0.8715
vn 0.1608 -0.4667 -0.8697
vn 0.0118 -0.4903 -0.8715
vn 0.5608 -0.7647 -0.3174
vn 0.5607 -0.7648 0.3174
vn 0.3020 -0.8980 -0.3199
vn 0.2941 -0.3961 0.8698
vn 0.2941 -0.3961 -0.8698
vn 0.7647 -0.5608 -0.3174
vn 0.7647 -0.5608 0.3174
vn 0.3961 -0.2942 0.8698
vn 0.2942 -0.3961 0.8698
vn 0.3961 -0.2942 -0.8698
vn 0.2942 -0.3961 -0.8698
vn 0.8980 -0.3020 -0.3199
vn 0.8980 -0.3021 0.3199
vn 0.4667 -0.1608 0.8697
vn 0.4667 -0.1608 -0.8697
vn 0.3961 -0.2941 -0.8698
vn 0.9451 -0.0118 -0.3266
vn 0.8981 -0.3019 -0.3199
vn 0.8980 -0.3019 0.3200
vn 0.4903 -0.0118 0.8715
vn 0.4902 -0.0118 -0.8715
vn 0.8980 0.2862 -0.3341
vn 0.9451 -0.0117 0.3266
vn 0.4667 0.1451 0.8724
vn 0.4902 -0.0117 0.8715
vn 0.4667 0.1451 -0.8724
vn 0.4903 -0.0118 -0.8715
vn 0.7647 0.5451 -0.3437
vn 0.8980 0.2864 -0.3341
vn 0.8980 0.2863 0.3341
vn 0.3962 0.2784 0.8750
vn 0.3962 0.2784 -0.8750
vn 0.5608 0.7490 -0.3529
vn 0.2942 0.3804 0.8768
vn 0.3961 0.2785 0.8749
vn 0.2942 0.3804 -0.8768
vn 0.3961 0.2785 -0.8749
vn 0.3020 0.8823 -0.3609
vn 0.3021 0.8823 0.3610
vn 0.5607 0.7491 -0.3529
vn 0.5607 0.7491 0.3529
vn 0.1609 0.4510 0.8779
vn 0.2941 0.3805 0.8768
vn 0.1609 0.4510 -0.8779
vn 0.0118 0.9294 -0.3689
vn 0.3019 0.8824 -0.3610
vn 0.3019 0.8824 0.3609
vn 0.1607 0.4510 0.8779
vn -0.2863 0.8824 -0.3735
vn 0.0117 0.9294 -0.3689
vn 0.0117 0.9294 0.3689
vn -0.1451 0.4510 0.8806
vn 0.0117 0.4745 0.8802
vn -0.5451 0.7490 -0.3766
vn -0.5451 0.7491 0.3766
vn -0.2863 0.8823 -0.3735
vn -0.2864 0.8823 0.3735
vn -0.2784 0.3805 0.8819
vn -0.1451 0.4510 0.8807
vn -0.1451 0.4511 -0.8806
vn -0.7490 0.5451 -0.3766
vn -0.2785 0.3804 0.8819
vn -0.3804 0.2785 -0.8819
vn -0.8823 0.2864 -0.3735
vn -0.7491 0.5451 -0.3766
vn -0.4511 0.1451 0.8806
vn -0.4510 0.1451 -0.8807
vn -0.3805 0.2784 -0.8819
vn -0.9294 -0.0117 -0.3689
vn -0.8824 0.2861 -0.3735
vn -0.8824 0.2862 0.3735
vn -0.8824 -0.3018 -0.3609
vn -0.8824 -0.3019 0.3610
vn -0.9294 -0.0118 -0.3689
vn -0.9294 -0.0118 0.3689
vn -0.4511 -0.1608 0.8779
vn -0.4746 -0.0118 0.8801
vn -0.4746 -0.0118 -0.8801
vn -0.7491 -0.5607 -0.3529
vn -0.8823 -0.3021 -0.3610
vn -0.8823 -0.3021 0.3609
vn -0.4510 -0.1609 0.8779
vn -0.5451 -0.7647 -0.3437
vn -0.7490 -0.5608 -0.3529
vn -0.2785 -0.3961 0.8749
vn -0.3804 -0.2942 0.8768
vn -0.2785 -0.3961 -0.8749
vn -0.3804 -0.2942 -0.8768
vn -0.2863 -0.8980 -0.3341
vn -0.2864 -0.8980 0.3340
vn -0.2784 -0.3961 0.8750
vn -0.2784 -0.3961 -0.8750
vt 0.953136 0.809452
vt 0.986478 0.809452
vt 0.946121 0.853829
vt 0.977827 0.864143
vt 0.925713 0.893864
vt 0.952686 0.913466
vt 0.893949 0.925629
vt 0.913542 0.952601
vt 0.853914 0.946019
vt 0.864228 0.977742
vt 0.809545 0.953059
vt 0.809545 0.986393
vt 0.765167 0.946019
vt 0.754879 0.977742
vt 0.725150 0.925629
vt 0.705548 0.952601
vt 0.693385 0.893864
vt 0.666404 0.913466
vt 0.672977 0.853829
vt 0.641272 0.864143
vt 0.665954 0.809452
vt 0.632603 0.809452
vt 0.672977 0.765082
vt 0.641272 0.754785
vt 0.693385 0.725048
vt 0.666404 0.705463
vt 0.725150 0.693283
vt 0.705548 0.666319
vt 0.765167 0.672892
vt 0.754879 0.641187
vt 0.809545 0.665869
vt 0.809545 0.632518
vt 0.853914 0.672892
vt 0.864228 0.641187
vt 0.893949 0.693283
vt 0.913542 0.666319
vt 0.925713 0.725048
vt 0.952686 0.705463
vt 0.946121 0.765082
vt 0.977827 0.754785
vt 0.857188 0.809452
vt 0.936028 0.809460
vt 0.854855 0.824185
vt 0.929844 0.848545
vt 0.848095 0.837467
vt 0.911871 0.883804
vt 0.837552 0.848010
vt 0.883889 0.911786
vt 0.824278 0.854770
vt 0.848630 0.929759
vt 0.809545 0.857095
vt 0.809562 0.935943
vt 0.794829 0.854770
vt 0.770469 0.929759
vt 0.781546 0.848010
vt 0.735218 0.911786
vt 0.771003 0.837467
vt 0.707227 0.883804
vt 0.764234 0.824185
vt 0.689271 0.848545
vt 0.761902 0.809452
vt 0.683079 0.809460
vt 0.764234 0.794744
vt 0.689271 0.770384
vt 0.771003 0.781461
vt 0.707227 0.735133
vt 0.781546 0.770918
vt 0.735218 0.707151
vt 0.794829 0.764149
vt 0.770469 0.689186
vt 0.809545 0.761809
vt 0.809562 0.682986
vt 0.824278 0.764149
vt 0.848630 0.689186
vt 0.837552 0.770918
vt 0.883889 0.707151
vt 0.848095 0.781461
vt 0.911871 0.735133
vt 0.854855 0.794744
vt 0.929844 0.770384
vt 0.809545 0.809452
vt 0.942779 0.809452
vt 0.936257 0.850631
vt 0.917333 0.887765
vt 0.887859 0.917248
vt 0.850716 0.936172
vt 0.809545 0.942686
vt 0.768373 0.936172
vt 0.731240 0.917248
vt 0.701756 0.887765
vt 0.682842 0.850631
vt 0.676310 0.809452
vt 0.682842 0.768289
vt 0.701756 0.731138
vt 0.731240 0.701671
vt 0.768373 0.682740
vt 0.809545 0.676217
vt 0.850716 0.682740
vt 0.887859 0.701671
vt 0.917333 0.731138
vt 0.936257 0.768289
vt 0.614681 0.728712
vt 0.471675 0.728712
vt 0.614681 0.822599
vt 0.471675 0.822599
vt 0.599337 0.947750
vt 0.605546 0.916511
vt 0.523924 0.916511
vt 0.581652 0.974247
vt 0.555155 0.991932
vt 0.523924 0.998158
vt 0.492676 0.991932
vt 0.466196 0.974247
vt 0.448494 0.947750
vt 0.442294 0.916511
vt 0.448494 0.885272
vt 0.466196 0.858782
vt 0.492676 0.841098
vt 0.523924 0.834889
vt 0.555155 0.841098
vt 0.581652 0.858782
vt 0.599337 0.885272
vt 0.617675 0.946045
vt 0.617675 0.914305
vt 0.608616 0.914305
vt 0.608616 0.946045
vt 0.617675 0.972958
vt 0.608616 0.972958
vt 0.608616 0.882574
vt 0.617675 0.882574
vt 0.608616 0.855670
vt 0.617675 0.855670
vt 0.971287 0.599693
vt 0.641195 0.599693
vt 0.971287 0.528368
vt 0.641195 0.528368
vt 0.620610 0.599693
vt 0.620610 0.528394
vt 0.991864 0.599693
vt 0.991864 0.528394
s 1
usemtl Material.004
f 5293/1537/3431 5292/1538/3432 5291/1539/3433
f 5294/1540/3434 5291/1539/3433 5292/1538/3432
f 5291/1539/3433 5294/1540/3434 5295/1541/3435
f 5296/1542/3436 5295/1541/3435 5294/1540/3434
f 5295/1541/3435 5296/1542/3436 5297/1543/3437
f 5298/1544/3438 5297/1543/3437 5296/1542/3436
f 5297/1543/3437 5298/1544/3438 5299/1545/3439
f 5300/1546/3440 5299/1545/3439 5298/1544/3438
f 5299/1545/3439 5300/1546/3440 5301/1547/3441
f 5302/1548/3442 5301/1547/3441 5300/1546/3440
f 5301/1547/3441 5302/1548/3442 5303/1549/3443
f 5304/1550/3444 5303/1549/3443 5302/1548/3442
f 5303/1549/3443 5304/1550/3444 5305/1551/3445
f 5306/1552/3446 5305/1551/3445 5304/1550/3444
f 5305/1551/3445 5306/1552/3446 5307/1553/3447
f 5308/1554/3448 5307/1553/3447 5306/1552/3446
f 5307/1553/3447 5308/1554/3448 5309/1555/3449
f 5310/1556/3450 5309/1555/3449 5308/1554/3448
f 5309/1555/3449 5310/1556/3450 5311/1557/3451
f 5312/1558/3452 5311/1557/3451 5310/1556/3450
f 5311/1557/3451 5312/1558/3452 5313/1559/3453
f 5314/1560/3454 5313/1559/3453 5312/1558/3452
f 5313/1559/3453 5314/1560/3454 5315/1561/3455
f 5316/1562/3456 5315/1561/3455 5314/1560/3454
f 5315/1561/3455 5316/1562/3456 5317/1563/3457
f 5318/1564/3458 5317/1563/3457 5316/1562/3456
f 5317/1563/3457 5318/1564/3458 5319/1565/3459
f 5320/1566/3460 5319/1565/3459 5318/1564/3458
f 5319/1565/3459 5320/1566/3460 5321/1567/3461
f 5322/1568/3462 5321/1567/3461 5320/1566/3460
f 5321/1567/3461 5322/1568/3462 5323/1569/3463
f 5324/1570/3464 5323/1569/3463 5322/1568/3462
f 5323/1569/3463 5324/1570/3464 5325/1571/3465
f 5326/1572/3466 5325/1571/3465 5324/1570/3464
f 5325/1571/3465 5326/1572/3466 5327/1573/3467
f 5328/1574/3468 5327/1573/3467 5326/1572/3466
f 5327/1573/3467 5328/1574/3468 5329/1575/3469
f 5330/1576/3470 5329/1575/3469 5328/1574/3468
f 5329/1575/3469 5330/1576/3470 5293/1537/3431
f 5292/1538/3432 5293/1537/3431 5330/1576/3470
f 5333/1577/3471 5332/1578/3471 5331/1579/3472
f 5334/1580/3473 5331/1579/3472 5332/1578/3471
f 5331/1579/3472 5334/1580/3473 5335/1581/3474
f 5336/1582/3474 5335/1581/3474 5334/1580/3473
f 5335/1581/3474 5336/1582/3474 5337/1583/3475
f 5338/1584/3475 5337/1583/3475 5336/1582/3474
f 5337/1583/3475 5338/1584/3475 5339/1585/3476
f 5340/1586/3476 5339/1585/3476 5338/1584/3475
f 5339/1585/3476 5340/1586/3476 5341/1587/3477
f 5342/1588/3478 5341/1587/3477 5340/1586/3476
f 5341/1587/3477 5342/1588/3478 5343/1589/3479
f 5344/1590/3479 5343/1589/3479 5342/1588/3478
f 5343/1589/3479 5344/1590/3479 5345/1591/3480
f 5346/1592/3480 5345/1591/3480 5344/1590/3479
f 5345/1591/3480 5346/1592/3480 5347/1593/3481
f 5348/1594/3481 5347/1593/3481 5346/1592/3480
f 5347/1593/3481 5348/1594/3481 5349/1595/3482
f 5350/1596/3482 5349/1595/3482 5348/1594/3481
f 5349/1595/3482 5350/1596/3482 5351/1597/3483
f 5352/1598/3483 5351/1597/3483 5350/1596/3482
f 5351/1597/3483 5352/1598/3483 5353/1599/3484
f 5354/1600/3484 5353/1599/3484 5352/1598/3483
f 5353/1599/3484 5354/1600/3484 5355/1601/3485
f 5356/1602/3486 5355/1601/3485 5354/1600/3484
f 5355/1601/3485 5356/1602/3486 5357/1603/3487
f 5358/1604/3487 5357/1603/3487 5356/1602/3486
f 5357/1603/3487 5358/1604/3487 5359/1605/3488
f 5360/1606/3488 5359/1605/3488 5358/1604/3487
f 5359/1605/3488 5360/1606/3488 5361/1607/3489
f 5362/1608/3490 5361/1607/3489 5360/1606/3488
f 5361/1607/3489 5362/1608/3490 5363/1609/3491
f 5364/1610/3491 5363/1609/3491 5362/1608/3490
f 5363/1609/3491 5364/1610/3491 5365/1611/3492
f 5366/1612/3493 5365/1611/3492 5364/1610/3491
f 5365/1611/3492 5366/1612/3493 5367/1613/3494
f 5368/1614/3495 5367/1613/3494 5366/1612/3493
f 5367/1613/3494 5368/1614/3495 5369/1615/3496
f 5370/1616/3496 5369/1615/3496 5368/1614/3495
f 5369/1615/3496 5370/1616/3496 5333/1577/3471
f 5332/1578/3471 5333/1577/3471 5370/1616/3496
f 5373/1579/3497 5372/1617/3498 5371/1577/3499
f 5374/1581/3500 5372/1617/3498 5373/1579/3497
f 5375/1583/3501 5372/1617/3498 5374/1581/3500
f 5376/1585/3502 5372/1617/3498 5375/1583/3501
f 5377/1587/3503 5372/1617/3498 5376/1585/3502
f 5378/1589/3504 5372/1617/3498 5377/1587/3503
f 5379/1591/3505 5372/1617/3498 5378/1589/3504
f 5380/1593/3506 5372/1617/3498 5379/1591/3505
f 5381/1595/3507 5372/1617/3498 5380/1593/3506
f 5382/1597/3508 5372/1617/3498 5381/1595/3507
f 5383/1599/3509 5372/1617/3498 5382/1597/3508
f 5384/1601/3510 5372/1617/3498 5383/1599/3509
f 5385/1603/3511 5372/1617/3498 5384/1601/3510
f 5386/1605/3512 5372/1617/3498 5385/1603/3511
f 5387/1607/3513 5372/1617/3498 5386/1605/3512
f 5388/1609/3514 5372/1617/3498 5387/1607/3513
f 5389/1611/3515 5372/1617/3498 5388/1609/3514
f 5390/1613/3516 5372/1617/3498 5389/1611/3515
f 5391/1615/3517 5372/1617/3498 5390/1613/3516
f 5371/1577/3499 5372/1617/3498 5391/1615/3517
f 5394/1618/3518 5393/1537/3519 5392/1619/3520
f 5395/1539/3520 5392/1619/3520 5393/1537/3519
f 5392/1619/3520 5395/1539/3520 5396/1620/3521
f 5397/1541/3521 5396/1620/3521 5395/1539/3520
f 5396/1620/3521 5397/1541/3521 5398/1621/3522
f 5399/1543/3523 5398/1621/3522 5397/1541/3521
f 5398/1621/3522 5399/1543/3523 5400/1622/3524
f 5401/1545/3524 5400/1622/3524 5399/1543/3523
f 5400/1622/3524 5401/1545/3524 5402/1623/3525
f 5403/1547/3525 5402/1623/3525 5401/1545/3524
f 5402/1623/3525 5403/1547/3525 5404/1624/3526
f 5405/1549/3526 5404/1624/3526 5403/1547/3525
f 5404/1624/3526 5405/1549/3526 5406/1625/3527
f 5407/1551/3527 5406/1625/3527 5405/1549/3526
f 5406/1625/3527 5407/1551/3527 5408/1626/3528
f 5409/1553/3528 5408/1626/3528 5407/1551/3527
f 5408/1626/3528 5409/1553/3528 5410/1627/3529
f 5411/1555/3529 5410/1627/3529 5409/1553/3528
f 5410/1627/3529 5411/1555/3529 5412/1628/3530
f 5413/1557/3531 5412/1628/3530 5411/1555/3529
f 5412/1628/3530 5413/1557/3531 5414/1629/3532
f 5415/1559/3532 5414/1629/3532 5413/1557/3531
f 5414/1629/3532 5415/1559/3532 5416/1630/3533
f 5417/1561/3534 5416/1630/3533 5415/1559/3532
f 5416/1630/3533 5417/1561/3534 5418/1631/3535
f 5419/1563/3535 5418/1631/3535 5417/1561/3534
f 5418/1631/3535 5419/1563/3535 5420/1632/3536
f 5421/1565/3537 5420/1632/3536 5419/1563/3535
f 5420/1632/3536 5421/1565/3537 5422/1633/3538
f 5423/1567/3539 5422/1633/3538 5421/1565/3537
f 5422/1633/3538 5423/1567/3539 5424/1634/3540
f 5425/1569/3541 5424/1634/3540 5423/1567/3539
f 5424/1634/3540 5425/1569/3541 5426/1635/3542
f 5427/1571/3542 5426/1635/3542 5425/1569/3541
f 5426/1635/3542 5427/1571/3542 5428/1636/3543
f 5429/1573/3543 5428/1636/3543 5427/1571/3542
f 5428/1636/3543 5429/1573/3543 5430/1637/3544
f 5431/1575/3544 5430/1637/3544 5429/1573/3543
f 5430/1637/3544 5431/1575/3544 5394/1618/3518
f 5393/1537/3519 5394/1618/3518 5431/1575/3544
f 5434/1578/3545 5433/1618/3546 5432/1580/3547
f 5435/1619/3548 5432/1580/3547 5433/1618/3546
f 5432/1580/3547 5435/1619/3548 5436/1582/3549
f 5437/1620/3550 5436/1582/3549 5435/1619/3548
f 5436/1582/3549 5437/1620/3550 5438/1584/3551
f 5439/1621/3552 5438/1584/3551 5437/1620/3550
f 5438/1584/3551 5439/1621/3552 5440/1586/3553
f 5441/1622/3554 5440/1586/3553 5439/1621/3552
f 5440/1586/3553 5441/1622/3554 5442/1588/3555
f 5443/1623/3556 5442/1588/3555 5441/1622/3554
f 5442/1588/3555 5443/1623/3556 5444/1590/3557
f 5445/1624/3558 5444/1590/3557 5443/1623/3556
f 5444/1590/3557 5445/1624/3558 5446/1592/3559
f 5447/1625/3560 5446/1592/3559 5445/1624/3558
f 5446/1592/3559 5447/1625/3560 5448/1594/3561
f 5449/1626/3562 5448/1594/3561 5447/1625/3560
f 5448/1594/3561 5449/1626/3562 5450/1596/3563
f 5451/1627/3564 5450/1596/3563 5449/1626/3562
f 5450/1596/3563 5451/1627/3564 5452/1598/3565
f 5453/1628/3566 5452/1598/3565 5451/1627/3564
f 5452/1598/3565 5453/1628/3566 5454/1600/3567
f 5455/1629/3568 5454/1600/3567 5453/1628/3566
f 5454/1600/3567 5455/1629/3568 5456/1602/3569
f 5457/1630/3570 5456/1602/3569 5455/1629/3568
f 5456/1602/3569 5457/1630/3570 5458/1604/3571
f 5459/1631/3572 5458/1604/3571 5457/1630/3570
f 5458/1604/3571 5459/1631/3572 5460/1606/3573
f 5461/1632/3574 5460/1606/3573 5459/1631/3572
f 5460/1606/3573 5461/1632/3574 5462/1608/3575
f 5463/1633/3576 5462/1608/3575 5461/1632/3574
f 5462/1608/3575 5463/1633/3576 5464/1610/3577
f 5465/1634/3578 5464/1610/3577 5463/1633/3576
f 5464/1610/3577 5465/1634/3578 5466/1612/3579
f 5467/1635/3580 5466/1612/3579 5465/1634/3578
f 5466/1612/3579 5467/1635/3580 5468/1614/3581
f 5469/1636/3582 5468/1614/3581 5467/1635/3580
f 5468/1614/3581 5469/1636/3582 5470/1616/3583
f 5471/1637/3584 5470/1616/3583 5469/1636/3582
f 5470/1616/3583 5471/1637/3584 5434/1578/3545
f 5433/1618/3546 5434/1578/3545 5471/1637/3584
f 5474/1537/3585 5473/1539/3586 5472/1538/3587
f 5475/1540/3588 5472/1538/3587 5473/1539/3586
f 5473/1539/3586 5476/1541/3589 5475/1540/3588
f 5477/1542/3590 5475/1540/3588 5476/1541/3589
f 5476/1541/3589 5478/1543/3591 5477/1542/3590
f 5479/1544/3592 5477/1542/3590 5478/1543/3591
f 5478/1543/3591 5480/1545/3593 5479/1544/3592
f 5481/1546/3594 5479/1544/3592 5480/1545/3593
f 5480/1545/3593 5482/1547/3595 5481/1546/3594
f 5483/1548/3596 5481/1546/3594 5482/1547/3595
f 5482/1547/3595 5484/1549/3597 5483/1548/3596
f 5485/1550/3598 5483/1548/3596 5484/1549/3597
f 5484/1549/3597 5486/1551/3599 5485/1550/3598
f 5487/1552/3600 5485/1550/3598 5486/1551/3599
f 5486/1551/3599 5488/1553/3601 5487/1552/3600
f 5489/1554/3602 5487/1552/3600 5488/1553/3601
f 5488/1553/3601 5490/1555/3603 5489/1554/3602
f 5491/1556/3604 5489/1554/3602 5490/1555/3603
f 5490/1555/3603 5492/1557/3605 5491/1556/3604
f 5493/1558/3606 5491/1556/3604 5492/1557/3605
f 5492/1557/3605 5494/1559/3607 5493/1558/3606
f 5495/1560/3608 5493/1558/3606 5494/1559/3607
f 5494/1559/3607 5496/1561/3609 5495/1560/3608
f 5497/1562/3610 5495/1560/3608 5496/1561/3609
f 5496/1561/3609 5498/1563/3611 5497/1562/3610
f 5499/1564/3612 5497/1562/3610 5498/1563/3611
f 5498/1563/3611 5500/1565/3613 5499/1564/3612
f 5501/1566/3614 5499/1564/3612 5500/1565/3613
f 5500/1565/3613 5502/1567/3615 5501/1566/3614
f 5503/1568/3616 5501/1566/3614 5502/1567/3615
f 5502/1567/3615 5504/1569/3617 5503/1568/3616
f 5505/1570/3618 5503/1568/3616 5504/1569/3617
f 5504/1569/3617 5506/1571/3619 5505/1570/3618
f 5507/1572/3620 5505/1570/3618 5506/1571/3619
f 5506/1571/3619 5508/1573/3621 5507/1572/3620
f 5509/1574/3622 5507/1572/3620 5508/1573/3621
f 5508/1573/3621 5510/1575/3623 5509/1574/3622
f 5511/1576/3624 5509/1574/3622 5510/1575/3623
f 5510/1575/3623 5474/1537/3585 5511/1576/3624
f 5472/1538/3587 5511/1576/3624 5474/1537/3585
f 5514/1618/3625 5513/1619/3626 5512/1537/3627
f 5515/1539/3628 5512/1537/3627 5513/1619/3626
f 5513/1619/3626 5516/1620/3629 5515/1539/3628
f 5517/1541/3630 5515/1539/3628 5516/1620/3629
f 5516/1620/3629 5518/1621/3631 5517/1541/3630
f 5519/1543/3631 5517/1541/3630 5518/1621/3631
f 5518/1621/3631 5520/1622/3632 5519/1543/3631
f 5521/1545/3632 5519/1543/3631 5520/1622/3632
f 5520/1622/3632 5522/1623/3633 5521/1545/3632
f 5523/1547/3634 5521/1545/3632 5522/1623/3633
f 5522/1623/3633 5524/1624/3635 5523/1547/3634
f 5525/1549/3635 5523/1547/3634 5524/1624/3635
f 5524/1624/3635 5526/1625/3636 5525/1549/3635
f 5527/1551/3636 5525/1549/3635 5526/1625/3636
f 5526/1625/3636 5528/1626/3637 5527/1551/3636
f 5529/1553/3638 5527/1551/3636 5528/1626/3637
f 5528/1626/3637 5530/1627/3639 5529/1553/3638
f 5531/1555/3639 5529/1553/3638 5530/1627/3639
f 5530/1627/3639 5532/1628/3640 5531/1555/3639
f 5533/1557/3641 5531/1555/3639 5532/1628/3640
f 5532/1628/3640 5534/1629/3642 5533/1557/3641
f 5535/1559/3642 5533/1557/3641 5534/1629/3642
f 5534/1629/3642 5536/1630/3643 5535/1559/3642
f 5537/1561/3643 5535/1559/3642 5536/1630/3643
f 5536/1630/3643 5538/1631/3644 5537/1561/3643
f 5539/1563/3644 5537/1561/3643 5538/1631/3644
f 5538/1631/3644 5540/1632/3645 5539/1563/3644
f 5541/1565/3645 5539/1563/3644 5540/1632/3645
f 5540/1632/3645 5542/1633/3646 5541/1565/3645
f 5543/1567/3647 5541/1565/3645 5542/1633/3646
f 5542/1633/3646 5544/1634/3648 5543/1567/3647
f 5545/1569/3648 5543/1567/3647 5544/1634/3648
f 5544/1634/3648 5546/1635/3649 5545/1569/3648
f 5547/1571/3649 5545/1569/3648 5546/1635/3649
f 5546/1635/3649 5548/1636/3650 5547/1571/3649
f 5549/1573/3650 5547/1571/3649 5548/1636/3650
f 5548/1636/3650 5550/1637/3651 5549/1573/3650
f 5551/1575/3652 5549/1573/3650 5550/1637/3651
f 5550/1637/3651 5514/1618/3625 5551/1575/3652
f 5512/1537/3627 5551/1575/3652 5514/1618/3625
f 5554/1638/3653 5553/1639/3654 5552/1640/3655
f 5555/1641/3656 5552/1640/3655 5553/1639/3654
f 5558/1639/3657 5557/1638/3658 5556/1641/3659
f 5559/1640/3660 5556/1641/3659 5557/1638/3658
f 5562/1639/3661 5561/1638/3662 5560/1641/3663
f 5563/1640/3664 5560/1641/3663 5561/1638/3662
f 5566/1639/3665 5565/1638/3553 5564/1641/3666
f 5567/1640/3667 5564/1641/3666 5565/1638/3553
f 5570/1639/3668 5569/1638/3669 5568/1641/3670
f 5571/1640/3671 5568/1641/3670 5569/1638/3669
f 5574/1639/3555 5573/1638/3557 5572/1641/3672
f 5575/1640/3673 5572/1641/3672 5573/1638/3557
f 5578/1639/3674 5577/1638/3675 5576/1641/3676
f 5579/1640/3675 5576/1641/3676 5577/1638/3675
f 5582/1639/3677 5581/1638/3678 5580/1641/3677
f 5583/1640/3678 5580/1641/3677 5581/1638/3678
f 5586/1639/3561 5585/1638/3679 5584/1641/3561
f 5587/1640/3680 5584/1641/3561 5585/1638/3679
f 5590/1639/3681 5589/1638/3565 5588/1641/3680
f 5591/1640/3682 5588/1641/3680 5589/1638/3565
f 5594/1639/3683 5593/1638/3684 5592/1641/3685
f 5595/1640/3686 5592/1641/3685 5593/1638/3684
f 5598/1639/3687 5597/1638/3688 5596/1641/3689
f 5599/1640/3690 5596/1641/3689 5597/1638/3688
f 5602/1639/3691 5601/1638/3692 5600/1641/3693
f 5603/1640/3694 5600/1641/3693 5601/1638/3692
f 5606/1639/3695 5605/1638/3696 5604/1641/3694
f 5607/1640/3697 5604/1641/3694 5605/1638/3696
f 5610/1639/3698 5609/1638/3699 5608/1641/3700
f 5611/1640/3701 5608/1641/3700 5609/1638/3699
f 5614/1639/3575 5613/1638/3702 5612/1641/3703
f 5615/1640/3704 5612/1641/3703 5613/1638/3702
f 5618/1639/3705 5617/1638/3706 5616/1641/3707
f 5619/1640/3708 5616/1641/3707 5617/1638/3706
f 5622/1639/3709 5621/1638/3710 5620/1641/3711
f 5623/1640/3712 5620/1641/3711 5621/1638/3710
f 5626/1639/3713 5625/1638/3583 5624/1641/3714
f 5627/1640/3715 5624/1641/3714 5625/1638/3583
f 5630/1638/3716 5629/1639/3717 5628/1640/3718
f 5631/1641/3719 5628/1640/3718 5629/1639/3717
f 5634/1642/3720 5633/1643/3720 5632/1644/3720
f 5635/1645/3720 5634/1642/3720 5632/1644/3720
f 5636/1646/3720 5635/1645/3720 5632/1644/3720
f 5637/1647/3720 5636/1646/3720 5632/1644/3720
f 5638/1648/3720 5637/1647/3720 5632/1644/3720
f 5639/1649/3720 5638/1648/3720 5632/1644/3720
f 5640/1650/3720 5639/1649/3720 5632/1644/3720
f 5641/1651/3720 5640/1650/3720 5632/1644/3720
f 5642/1652/3720 5641/1651/3720 5632/1644/3720
f 5643/1653/3720 5642/1652/3720 5632/1644/3720
f 5644/1654/3720 5643/1653/3720 5632/1644/3720
f 5645/1655/3720 5644/1654/3720 5632/1644/3720
f 5646/1656/3720 5645/1655/3720 5632/1644/3720
f 5647/1657/3720 5646/1656/3720 5632/1644/3720
f 5648/1658/3720 5647/1657/3720 5632/1644/3720
f 5633/1643/3720 5648/1658/3720 5632/1644/3720
f 5651/1659/3721 5650/1660/3685 5649/1661/3685
f 5652/1662/3721 5651/1659/3721 5649/1661/3685
f 5653/1663/3722 5651/1659/3721 5652/1662/3721
f 5654/1664/3723 5653/1663/3722 5652/1662/3721
f 5649/1661/3685 5650/1660/3685 5655/1665/3724
f 5650/1660/3685 5656/1666/3725 5655/1665/3724
f 5655/1665/3724 5656/1666/3725 5657/1667/3726
f 5656/1666/3725 5658/1668/3726 5657/1667/3726
f 5661/1659/3727 5660/1663/3728 5659/1664/3729
f 5662/1662/3727 5661/1659/3727 5659/1664/3729
f 5663/1660/3730 5661/1659/3727 5662/1662/3727
f 5664/1661/3730 5663/1660/3730 5662/1662/3727
f 5665/1666/3731 5663/1660/3730 5664/1661/3730
f 5666/1665/3732 5665/1666/3731 5664/1661/3730
f 5667/1668/3733 5665/1666/3731 5666/1665/3732
f 5668/1667/3733 5667/1668/3733 5666/1665/3732
f 5671/1643/3498 5670/1642/3498 5669/1644/3498
f 5670/1642/3498 5672/1645/3498 5669/1644/3498
f 5672/1645/3498 5673/1646/3498 5669/1644/3498
f 5673/1646/3498 5674/1647/3498 5669/1644/3498
f 5674/1647/3498 5675/1648/3498 5669/1644/3498
f 5675/1648/3498 5676/1649/3498 5669/1644/3498
f 5676/1649/3498 5677/1650/3498 5669/1644/3498
f 5677/1650/3498 5678/1651/3498 5669/1644/3498
f 5678/1651/3498 5679/1652/3498 5669/1644/3498
f 5679/1652/3498 5680/1653/3498 5669/1644/3498
f 5680/1653/3498 5681/1654/3498 5669/1644/3498
f 5681/1654/3498 5682/1655/3498 5669/1644/3498
f 5682/1655/3498 5683/1656/3498 5669/1644/3498
f 5683/1656/3498 5684/1657/3498 5669/1644/3498
f 5684/1657/3498 5685/1658/3498 5669/1644/3498
f 5685/1658/3498 5671/1643/3498 5669/1644/3498
f 5688/1659/3734 5687/1660/3671 5686/1661/3671
f 5689/1662/3734 5688/1659/3734 5686/1661/3671
f 5690/1663/3735 5688/1659/3734 5689/1662/3734
f 5691/1664/3735 5690/1663/3735 5689/1662/3734
f 5686/1661/3671 5687/1660/3671 5692/1665/3736
f 5687/1660/3671 5693/1666/3737 5692/1665/3736
f 5692/1665/3736 5693/1666/3737 5694/1667/3726
f 5693/1666/3737 5695/1668/3726 5694/1667/3726
f 5698/1659/3738 5697/1663/3739 5696/1664/3740
f 5699/1662/3738 5698/1659/3738 5696/1664/3740
f 5700/1660/3741 5698/1659/3738 5699/1662/3738
f 5701/1661/3741 5700/1660/3741 5699/1662/3738
f 5702/1666/3742 5700/1660/3741 5701/1661/3741
f 5703/1665/3743 5702/1666/3742 5701/1661/3741
f 5704/1668/3744 5702/1666/3742 5703/1665/3743
f 5705/1667/3744 5704/1668/3744 5703/1665/3743
f 5708/1669/3745 5707/1670/3746 5706/1671/3747
f 5709/1672/3748 5706/1671/3747 5707/1670/3746
f 5707/1670/3746 5710/1673/3749 5709/1672/3748
f 5711/1674/3750 5709/1672/3748 5710/1673/3749
f 5708/1669/3745 5706/1671/3747 5712/1675/3751
f 5713/1676/3752 5712/1675/3751 5706/1671/3747
f 5716/1669/3753 5715/1670/3754 5714/1671/3755
f 5717/1672/3556 5714/1671/3755 5715/1670/3754
f 5715/1670/3754 5718/1673/3756 5717/1672/3556
f 5719/1674/3757 5717/1672/3556 5718/1673/3756
f 5716/1669/3753 5714/1671/3755 5720/1675/3758
f 5721/1676/3759 5720/1675/3758 5714/1671/3755
f 5724/1669/3760 5723/1670/3761 5722/1671/3762
f 5725/1672/3558 5722/1671/3762 5723/1670/3761
f 5723/1670/3761 5726/1673/3763 5725/1672/3558
f 5727/1674/3756 5725/1672/3558 5726/1673/3763
f 5724/1669/3760 5722/1671/3762 5728/1675/3764
f 5729/1676/3758 5728/1675/3764 5722/1671/3762
f 5732/1669/3765 5731/1670/3766 5730/1671/3760
f 5733/1672/3560 5730/1671/3760 5731/1670/3766
f 5731/1670/3766 5734/1673/3767 5733/1672/3560
f 5735/1674/3768 5733/1672/3560 5734/1673/3767
f 5732/1669/3765 5730/1671/3760 5736/1675/3769
f 5737/1676/3770 5736/1675/3769 5730/1671/3760
f 5740/1669/3771 5739/1670/3772 5738/1671/3765
f 5741/1672/3766 5738/1671/3765 5739/1670/3772
f 5739/1670/3772 5742/1673/3773 5741/1672/3766
f 5743/1674/3468 5741/1672/3766 5742/1673/3773
f 5740/1669/3771 5738/1671/3765 5744/1675/3774
f 5745/1676/3775 5744/1675/3774 5738/1671/3765
f 5748/1669/3776 5747/1670/3566 5746/1671/3777
f 5749/1672/3778 5746/1671/3777 5747/1670/3566
f 5747/1670/3566 5750/1673/3779 5749/1672/3778
f 5751/1674/3773 5749/1672/3778 5750/1673/3779
f 5748/1669/3776 5746/1671/3777 5752/1675/3780
f 5753/1676/3774 5752/1675/3780 5746/1671/3777
f 5756/1669/3781 5755/1670/3568 5754/1671/3776
f 5757/1672/3782 5754/1671/3776 5755/1670/3568
f 5755/1670/3568 5758/1673/3783 5757/1672/3782
f 5759/1674/3784 5757/1672/3782 5758/1673/3783
f 5756/1669/3781 5754/1671/3776 5760/1675/3785
f 5761/1676/3786 5760/1675/3785 5754/1671/3776
f 5764/1669/3787 5763/1670/3570 5762/1671/3788
f 5765/1672/3789 5762/1671/3788 5763/1670/3570
f 5763/1670/3570 5766/1673/3790 5765/1672/3789
f 5767/1674/3783 5765/1672/3789 5766/1673/3790
f 5764/1669/3787 5762/1671/3788 5768/1675/3791
f 5769/1676/3785 5768/1675/3791 5762/1671/3788
f 5772/1669/3792 5771/1670/3572 5770/1671/3787
f 5773/1672/3570 5770/1671/3787 5771/1670/3572
f 5771/1670/3572 5774/1673/3793 5773/1672/3570
f 5775/1674/3794 5773/1672/3570 5774/1673/3793
f 5772/1669/3792 5770/1671/3787 5776/1675/3795
f 5777/1676/3796 5776/1675/3795 5770/1671/3787
f 5780/1669/3797 5779/1670/3798 5778/1671/3799
f 5781/1672/3800 5778/1671/3799 5779/1670/3798
f 5779/1670/3798 5782/1673/3801 5781/1672/3800
f 5783/1674/3802 5781/1672/3800 5782/1673/3801
f 5780/1669/3797 5778/1671/3799 5784/1675/3803
f 5785/1676/3795 5784/1675/3803 5778/1671/3799
f 5788/1669/3804 5787/1670/3576 5786/1671/3805
f 5789/1672/3806 5786/1671/3805 5787/1670/3576
f 5787/1670/3576 5790/1673/3442 5789/1672/3806
f 5791/1674/3807 5789/1672/3806 5790/1673/3442
f 5788/1669/3804 5786/1671/3805 5792/1675/3596
f 5793/1676/3594 5792/1675/3596 5786/1671/3805
f 5796/1669/3808 5795/1670/3578 5794/1671/3809
f 5797/1672/3810 5794/1671/3809 5795/1670/3578
f 5795/1670/3578 5798/1673/3811 5797/1672/3810
f 5799/1674/3812 5797/1672/3810 5798/1673/3811
f 5796/1669/3808 5794/1671/3809 5800/1675/3598
f 5801/1676/3596 5800/1675/3598 5794/1671/3809
f 5804/1669/3813 5803/1670/3814 5802/1671/3815
f 5805/1672/3816 5802/1671/3815 5803/1670/3814
f 5803/1670/3814 5806/1673/3817 5805/1672/3816
f 5807/1674/3818 5805/1672/3816 5806/1673/3817
f 5804/1669/3813 5802/1671/3815 5808/1675/3600
f 5809/1676/3819 5808/1675/3600 5802/1671/3815
f 5812/1669/3820 5811/1670/3582 5810/1671/3813
f 5813/1672/3580 5810/1671/3813 5811/1670/3582
f 5811/1670/3582 5814/1673/3448 5813/1672/3580
f 5815/1674/3821 5813/1672/3580 5814/1673/3448
f 5812/1669/3820 5810/1671/3813 5816/1675/3822
f 5817/1676/3600 5816/1675/3822 5810/1671/3813
f 5820/1669/3823 5819/1670/3584 5818/1671/3824
f 5821/1672/3582 5818/1671/3824 5819/1670/3584
f 5819/1670/3584 5822/1673/3825 5821/1672/3582
f 5823/1674/3448 5821/1672/3582 5822/1673/3825
f 5820/1669/3823 5818/1671/3824 5824/1675/3826
f 5825/1676/3827 5824/1675/3826 5818/1671/3824
f 5828/1669/3828 5827/1670/3546 5826/1671/3829
f 5829/1672/3830 5826/1671/3829 5827/1670/3546
f 5827/1670/3546 5830/1673/3452 5829/1672/3830
f 5831/1674/3450 5829/1672/3830 5830/1673/3452
f 5828/1669/3828 5826/1671/3829 5832/1675/3606
f 5833/1676/3826 5832/1675/3606 5826/1671/3829
f 5836/1669/3831 5835/1670/3832 5834/1671/3833
f 5837/1672/3834 5834/1671/3833 5835/1670/3832
f 5835/1670/3832 5838/1673/3835 5837/1672/3834
f 5839/1674/3836 5837/1672/3834 5838/1673/3835
f 5836/1669/3831 5834/1671/3833 5840/1675/3608
f 5841/1676/3837 5840/1675/3608 5834/1671/3833
f 5844/1669/3838 5843/1670/3550 5842/1671/3839
f 5845/1672/3840 5842/1671/3839 5843/1670/3550
f 5843/1670/3550 5846/1673/3456 5845/1672/3840
f 5847/1674/3841 5845/1672/3840 5846/1673/3456
f 5844/1669/3838 5842/1671/3839 5848/1675/3610
f 5849/1676/3608 5848/1675/3610 5842/1671/3839
f 5852/1669/3842 5851/1670/3552 5850/1671/3843
f 5853/1672/3550 5850/1671/3843 5851/1670/3552
f 5851/1670/3552 5854/1673/3844 5853/1672/3550
f 5855/1674/3845 5853/1672/3550 5854/1673/3844
f 5852/1669/3842 5850/1671/3843 5856/1675/3846
f 5857/1676/3847 5856/1675/3846 5850/1671/3843
f 5860/1669/3848 5859/1670/3849 5858/1671/3842
f 5861/1672/3552 5858/1671/3842 5859/1670/3849
f 5859/1670/3849 5862/1673/3750 5861/1672/3552
f 5863/1674/3850 5861/1672/3552 5862/1673/3750
f 5860/1669/3848 5858/1671/3842 5864/1675/3752
f 5865/1676/3851 5864/1675/3752 5858/1671/3842
o sportscar-wheel-LF.003
v 7.851634 0.453876 4.318346
v 8.264569 -0.000001 4.272146
v 7.923525 -0.000001 4.318346
v 8.175992 0.559265 4.272146
v 7.643007 0.863324 4.318346
v 7.918929 1.063790 4.272146
v 7.318066 1.188264 4.318346
v 7.518536 1.464179 4.272146
v 6.908619 1.396891 4.318346
v 7.014011 1.721249 4.272146
v 6.454738 1.468775 4.318346
v 6.454738 1.809831 4.272146
v 6.000860 1.396891 4.318346
v 5.895472 1.721249 4.272146
v 5.591413 1.188264 4.318346
v 5.390947 1.464179 4.272146
v 5.266472 0.863324 4.318346
v 4.990558 1.063790 4.272146
v 5.057846 0.453876 4.318346
v 4.733488 0.559265 4.272146
v 4.985962 -0.000001 4.318346
v 4.644906 -0.000001 4.272146
v 5.057846 -0.453882 4.318346
v 4.733488 -0.559274 4.272146
v 5.266472 -0.863329 4.318346
v 4.990558 -1.063799 4.272146
v 5.591413 -1.188270 4.318346
v 5.390951 -1.464192 4.272146
v 6.000860 -1.396897 4.318346
v 5.895472 -1.721255 4.272146
v 6.454738 -1.468788 4.318346
v 6.454738 -1.809833 4.272146
v 6.908619 -1.396897 4.318346
v 7.014011 -1.721255 4.272146
v 7.318066 -1.188270 4.318346
v 7.518536 -1.464192 4.272146
v 7.643007 -0.863329 4.318346
v 7.918929 -1.063799 4.272146
v 7.851634 -0.453882 4.318346
v 8.175992 -0.559274 4.272146
v 6.918217 0.150592 4.200096
v 7.748475 0.000082 4.105304
v 6.942062 -0.000001 4.200096
v 7.685161 0.399853 4.105304
v 6.848993 0.286437 4.200096
v 7.501411 0.760483 4.105304
v 6.741180 0.394254 4.200096
v 7.215204 1.046686 4.105304
v 6.605330 0.463470 4.200096
v 6.854569 1.230440 4.105304
v 6.454738 0.487320 4.200096
v 6.454799 1.293758 4.105304
v 6.304145 0.463470 4.200096
v 6.055033 1.230440 4.105304
v 6.168300 0.394254 4.200096
v 5.694402 1.046686 4.105304
v 6.060483 0.286437 4.200096
v 5.408198 0.760483 4.105304
v 5.991267 0.150588 4.200096
v 5.224449 0.399853 4.105304
v 5.967417 -0.000001 4.200096
v 5.161128 0.000082 4.105304
v 5.991267 -0.150594 4.200096
v 5.224449 -0.399684 4.105304
v 6.060483 -0.286443 4.200096
v 5.408202 -0.760319 4.105304
v 6.168300 -0.394256 4.200096
v 5.694402 -1.046522 4.105304
v 6.304145 -0.463480 4.200096
v 6.055033 -1.230276 4.105304
v 6.454738 -0.487325 4.200096
v 6.454803 -1.293590 4.105304
v 6.605330 -0.463480 4.200096
v 6.854569 -1.230276 4.105304
v 6.741180 -0.394256 4.200096
v 7.215204 -1.046522 4.105304
v 6.848993 -0.286443 4.200096
v 7.501411 -0.760319 4.105304
v 6.918217 -0.150594 4.200096
v 7.685161 -0.399684 4.105304
v 6.942062 -0.000001 4.200096
v 6.454738 -0.000001 4.117576
v 6.918217 0.150592 4.200096
v 6.848993 0.286437 4.200096
v 6.741180 0.394254 4.200096
v 6.605330 0.463470 4.200096
v 6.454738 0.487320 4.200096
v 6.304145 0.463470 4.200096
v 6.168300 0.394254 4.200096
v 6.060483 0.286437 4.200096
v 5.991267 0.150588 4.200096
v 5.967417 -0.000001 4.200096
v 5.991267 -0.150594 4.200096
v 6.060483 -0.286443 4.200096
v 6.168300 -0.394256 4.200096
v 6.304145 -0.463480 4.200096
v 6.454738 -0.487325 4.200096
v 6.605330 -0.463480 4.200096
v 6.741180 -0.394256 4.200096
v 6.848993 -0.286443 4.200096
v 6.918217 -0.150594 4.200096
v 7.750842 0.421128 4.286662
v 7.923525 -0.000001 4.318346
v 7.817546 -0.000001 4.286662
v 7.851634 0.453876 4.318346
v 7.557273 0.801030 4.286662
v 7.643007 0.863324 4.318346
v 7.255780 1.102531 4.286662
v 7.318066 1.188264 4.318346
v 6.875871 1.296103 4.286662
v 6.908619 1.396891 4.318346
v 6.454738 1.362804 4.286662
v 6.454738 1.468775 4.318346
v 6.033608 1.296103 4.286662
v 6.000860 1.396891 4.318346
v 5.653707 1.102531 4.286662
v 5.591413 1.188264 4.318346
v 5.352206 0.801030 4.286662
v 5.266472 0.863324 4.318346
v 5.158634 0.421128 4.286662
v 5.057846 0.453876 4.318346
v 5.091933 -0.000001 4.286662
v 4.985962 -0.000001 4.318346
v 5.158634 -0.421134 4.286662
v 5.057846 -0.453882 4.318346
v 5.352206 -0.801043 4.286662
v 5.266472 -0.863329 4.318346
v 5.653707 -1.102536 4.286662
v 5.591413 -1.188270 4.318346
v 6.033608 -1.296105 4.286662
v 6.000860 -1.396897 4.318346
v 6.454738 -1.362810 4.286662
v 6.454738 -1.468788 4.318346
v 6.875871 -1.296105 4.286662
v 6.908619 -1.396897 4.318346
v 7.255780 -1.102536 4.286662
v 7.318066 -1.188270 4.318346
v 7.557273 -0.801043 4.286662
v 7.643007 -0.863329 4.318346
v 7.750842 -0.421134 4.286662
v 7.851634 -0.453882 4.318346
v 7.685161 0.399853 4.105304
v 7.817546 -0.000001 4.286662
v 7.748475 0.000082 4.105304
v 7.750842 0.421128 4.286662
v 7.501411 0.760483 4.105304
v 7.557273 0.801030 4.286662
v 7.215204 1.046686 4.105304
v 7.255780 1.102531 4.286662
v 6.854569 1.230440 4.105304
v 6.875871 1.296103 4.286662
v 6.454799 1.293758 4.105304
v 6.454738 1.362804 4.286662
v 6.055033 1.230440 4.105304
v 6.033608 1.296103 4.286662
v 5.694402 1.046686 4.105304
v 5.653707 1.102531 4.286662
v 5.408198 0.760483 4.105304
v 5.352206 0.801030 4.286662
v 5.224449 0.399853 4.105304
v 5.158634 0.421128 4.286662
v 5.161128 0.000082 4.105304
v 5.091933 -0.000001 4.286662
v 5.224449 -0.399684 4.105304
v 5.158634 -0.421134 4.286662
v 5.408202 -0.760319 4.105304
v 5.352206 -0.801043 4.286662
v 5.694402 -1.046522 4.105304
v 5.653707 -1.102536 4.286662
v 6.055033 -1.230276 4.105304
v 6.033608 -1.296105 4.286662
v 6.454803 -1.293590 4.105304
v 6.454738 -1.362810 4.286662
v 6.854569 -1.230276 4.105304
v 6.875871 -1.296105 4.286662
v 7.215204 -1.046522 4.105304
v 7.255780 -1.102536 4.286662
v 7.501411 -0.760319 4.105304
v 7.557273 -0.801043 4.286662
v 7.685161 -0.399684 4.105304
v 7.750842 -0.421134 4.286662
v 8.264569 -0.000001 2.803403
v 7.851634 0.453876 2.757203
v 7.923525 -0.000001 2.757203
v 8.175992 0.559264 2.803403
v 7.643007 0.863324 2.757203
v 7.918929 1.063790 2.803403
v 7.318066 1.188264 2.757203
v 7.518536 1.464179 2.803403
v 6.908619 1.396891 2.757203
v 7.014011 1.721249 2.803403
v 6.454738 1.468775 2.757203
v 6.454738 1.809830 2.803403
v 6.000860 1.396891 2.757203
v 5.895472 1.721249 2.803403
v 5.591413 1.188264 2.757203
v 5.390947 1.464183 2.803403
v 5.266472 0.863324 2.757203
v 4.990558 1.063790 2.803403
v 5.057842 0.453876 2.757203
v 4.733488 0.559264 2.803403
v 4.985962 -0.000001 2.757203
v 4.644906 -0.000001 2.803403
v 5.057846 -0.453882 2.757203
v 4.733488 -0.559274 2.803403
v 5.266472 -0.863329 2.757203
v 4.990558 -1.063799 2.803403
v 5.591413 -1.188270 2.757203
v 5.390951 -1.464192 2.803403
v 6.000860 -1.396897 2.757203
v 5.895472 -1.721255 2.803403
v 6.454738 -1.468788 2.757203
v 6.454738 -1.809833 2.803403
v 6.908619 -1.396897 2.757203
v 7.014011 -1.721255 2.803403
v 7.318066 -1.188270 2.757203
v 7.518536 -1.464192 2.803403
v 7.643007 -0.863329 2.757203
v 7.918929 -1.063799 2.803403
v 7.851634 -0.453882 2.757203
v 8.175992 -0.559274 2.803403
v 7.923525 -0.000001 2.757203
v 7.750842 0.421128 2.788894
v 7.817546 -0.000001 2.788894
v 7.851634 0.453876 2.757203
v 7.557273 0.801030 2.788894
v 7.643007 0.863324 2.757203
v 7.255780 1.102531 2.788894
v 7.318066 1.188264 2.757203
v 6.875871 1.296103 2.788894
v 6.908619 1.396891 2.757203
v 6.454738 1.362804 2.788894
v 6.454738 1.468775 2.757203
v 6.033608 1.296103 2.788894
v 6.000860 1.396891 2.757203
v 5.653707 1.102531 2.788894
v 5.591413 1.188264 2.757203
v 5.352206 0.801030 2.788894
v 5.266472 0.863324 2.757203
v 5.158634 0.421128 2.788894
v 5.057842 0.453876 2.757203
v 5.091933 -0.000001 2.788894
v 4.985962 -0.000001 2.757203
v 5.158634 -0.421134 2.788894
v 5.057846 -0.453882 2.757203
v 5.352206 -0.801043 2.788894
v 5.266472 -0.863329 2.757203
v 5.653707 -1.102537 2.788894
v 5.591413 -1.188270 2.757203
v 6.033608 -1.296105 2.788895
v 6.000860 -1.396897 2.757203
v 6.454738 -1.362810 2.788895
v 6.454738 -1.468788 2.757203
v 6.875871 -1.296105 2.788895
v 6.908619 -1.396897 2.757203
v 7.255780 -1.102537 2.788894
v 7.318066 -1.188270 2.757203
v 7.557273 -0.801043 2.788894
v 7.643007 -0.863329 2.757203
v 7.750842 -0.421134 2.788894
v 7.851634 -0.453882 2.757203
v 7.817546 -0.000001 2.788894
v 7.685161 0.399853 4.105304
v 7.748475 0.000082 4.105304
v 7.750842 0.421128 2.788894
v 7.750842 0.421128 2.788894
v 7.501411 0.760483 4.105304
v 7.685161 0.399853 4.105304
v 7.557273 0.801030 2.788894
v 7.557273 0.801030 2.788894
v 7.215204 1.046686 4.105304
v 7.501411 0.760483 4.105304
v 7.255780 1.102531 2.788894
v 7.255780 1.102531 2.788894
v 6.854569 1.230440 4.105304
v 7.215204 1.046686 4.105304
v 6.875871 1.296103 2.788894
v 6.875871 1.296103 2.788894
v 6.454799 1.293758 4.105304
v 6.854569 1.230440 4.105304
v 6.454738 1.362804 2.788894
v 6.454738 1.362804 2.788894
v 6.055033 1.230440 4.105304
v 6.454799 1.293758 4.105304
v 6.033608 1.296103 2.788894
v 6.033608 1.296103 2.788894
v 5.694402 1.046686 4.105304
v 6.055033 1.230440 4.105304
v 5.653707 1.102531 2.788894
v 5.653707 1.102531 2.788894
v 5.408198 0.760483 4.105304
v 5.694402 1.046686 4.105304
v 5.352206 0.801030 2.788894
v 5.352206 0.801030 2.788894
v 5.224449 0.399853 4.105304
v 5.408198 0.760483 4.105304
v 5.158634 0.421128 2.788894
v 5.158634 0.421128 2.788894
v 5.161128 0.000082 4.105304
v 5.224449 0.399853 4.105304
v 5.091933 -0.000001 2.788894
v 5.091933 -0.000001 2.788894
v 5.224449 -0.399684 4.105304
v 5.161128 0.000082 4.105304
v 5.158634 -0.421134 2.788894
v 5.158634 -0.421134 2.788894
v 5.408202 -0.760319 4.105304
v 5.224449 -0.399684 4.105304
v 5.352206 -0.801043 2.788894
v 5.352206 -0.801043 2.788894
v 5.694402 -1.046522 4.105304
v 5.408202 -0.760319 4.105304
v 5.653707 -1.102537 2.788894
v 5.653707 -1.102537 2.788894
v 6.055033 -1.230276 4.105304
v 5.694402 -1.046522 4.105304
v 6.033608 -1.296105 2.788895
v 6.033608 -1.296105 2.788895
v 6.454803 -1.293590 4.105304
v 6.055033 -1.230276 4.105304
v 6.454738 -1.362810 2.788895
v 6.454738 -1.362810 2.788895
v 6.854569 -1.230276 4.105304
v 6.454803 -1.293590 4.105304
v 6.875871 -1.296105 2.788895
v 6.875871 -1.296105 2.788895
v 7.215204 -1.046522 4.105304
v 6.854569 -1.230276 4.105304
v 7.255780 -1.102537 2.788894
v 7.255780 -1.102537 2.788894
v 7.501411 -0.760319 4.105304
v 7.215204 -1.046522 4.105304
v 7.557273 -0.801043 2.788894
v 7.557273 -0.801043 2.788894
v 7.685161 -0.399684 4.105304
v 7.501411 -0.760319 4.105304
v 7.750842 -0.421134 2.788894
v 7.750842 -0.421134 2.788894
v 7.748475 0.000082 4.105304
v 7.685161 -0.399684 4.105304
v 7.817546 -0.000001 2.788894
v 6.454738 -0.000001 3.860553
v 7.358696 -0.000001 3.860553
v 7.289882 0.345922 3.860553
v 7.093932 0.639190 3.860553
v 6.800669 0.835143 3.860553
v 6.454738 0.903950 3.860553
v 6.108814 0.835143 3.860553
v 5.815547 0.639190 3.860553
v 5.619594 0.345922 3.860553
v 5.550786 -0.000001 3.860553
v 5.619594 -0.345932 3.860553
v 5.815547 -0.639195 3.860553
v 6.108814 -0.835145 3.860553
v 6.454738 -0.903960 3.860553
v 6.800669 -0.835145 3.860553
v 7.093932 -0.639195 3.860553
v 7.289882 -0.345932 3.860553
v 7.358696 -0.000001 3.860553
v 7.358696 -0.000001 3.965890
v 7.289882 0.345922 3.965890
v 7.289882 0.345922 3.860553
v 7.093932 0.639190 3.965890
v 7.093932 0.639190 3.860553
v 7.289882 -0.345932 3.860553
v 7.289882 -0.345932 3.965890
v 7.093932 -0.639195 3.860553
v 7.093932 -0.639195 3.965890
v 5.815547 0.639190 3.860553
v 5.815547 0.639190 3.965890
v 5.619594 0.345922 3.965890
v 5.619594 0.345922 3.860553
v 5.550786 -0.000001 3.965890
v 5.550786 -0.000001 3.860553
v 5.619594 -0.345932 3.965890
v 5.619594 -0.345932 3.860553
v 5.815547 -0.639195 3.965890
v 5.815547 -0.639195 3.860553
v 6.454738 -0.000001 3.965890
v 7.289882 0.345922 3.965890
v 7.358696 -0.000001 3.965890
v 7.093932 0.639190 3.965890
v 6.800669 0.835143 3.965890
v 6.454738 0.903950 3.965890
v 6.108814 0.835143 3.965890
v 5.815547 0.639190 3.965890
v 5.619594 0.345922 3.965890
v 5.550786 -0.000001 3.965890
v 5.619594 -0.345932 3.965890
v 5.815547 -0.639195 3.965890
v 6.108814 -0.835145 3.965890
v 6.454738 -0.903960 3.965890
v 6.800669 -0.835145 3.965890
v 7.093932 -0.639195 3.965890
v 7.289882 -0.345932 3.965890
v 6.454738 -0.903960 3.965890
v 6.454738 -0.903960 3.860553
v 6.108814 -0.835145 3.860553
v 6.108814 -0.835145 3.965890
v 5.815547 -0.639195 3.860553
v 5.815547 -0.639195 3.965890
v 6.800669 -0.835145 3.965890
v 6.800669 -0.835145 3.860553
v 7.093932 -0.639195 3.965890
v 7.093932 -0.639195 3.860553
v 5.815547 0.639190 3.965890
v 5.815547 0.639190 3.860553
v 6.108814 0.835143 3.860553
v 6.108814 0.835143 3.965890
v 6.454738 0.903950 3.860553
v 6.454738 0.903950 3.965890
v 6.800669 0.835143 3.860553
v 6.800669 0.835143 3.965890
v 7.093932 0.639190 3.860553
v 7.093932 0.639190 3.965890
v 5.868417 -1.804520 2.893302
v 6.454738 -1.897383 4.182247
v 6.454738 -1.897383 2.893302
v 5.868420 -1.804520 4.182247
v 6.454738 -1.809833 4.272146
v 5.895472 -1.721255 4.272146
v 6.454738 -1.809833 2.803403
v 5.895472 -1.721255 2.803403
v 6.454738 -1.897383 2.893302
v 7.041066 -1.804520 4.182247
v 7.041066 -1.804520 2.893302
v 6.454738 -1.897383 4.182247
v 7.014011 -1.721255 4.272146
v 6.454738 -1.809833 4.272146
v 7.014011 -1.721255 2.803403
v 6.454738 -1.809833 2.803403
v 7.041066 -1.804520 2.893302
v 7.569998 -1.535015 4.182247
v 7.569998 -1.535015 2.893302
v 7.041066 -1.804520 4.182247
v 7.518536 -1.464192 4.272146
v 7.014011 -1.721255 4.272146
v 7.518536 -1.464192 2.803403
v 7.014011 -1.721255 2.803403
v 7.569998 -1.535015 2.893302
v 7.989756 -1.115257 4.182247
v 7.989756 -1.115257 2.893302
v 7.569998 -1.535015 4.182247
v 7.918929 -1.063799 4.272146
v 7.518536 -1.464192 4.272146
v 7.918929 -1.063799 2.803403
v 7.518536 -1.464192 2.803403
v 7.989756 -1.115257 2.893302
v 8.259256 -0.586329 4.182247
v 8.259256 -0.586330 2.893302
v 7.989756 -1.115257 4.182247
v 8.175992 -0.559274 4.272146
v 7.918929 -1.063799 4.272146
v 8.175992 -0.559274 2.803403
v 7.918929 -1.063799 2.803403
v 8.259256 -0.586330 2.893302
v 8.352119 -0.000001 4.182247
v 8.352119 -0.000001 2.893302
v 8.259256 -0.586329 4.182247
v 8.264569 -0.000001 4.272146
v 8.175992 -0.559274 4.272146
v 8.264569 -0.000001 2.803403
v 8.175992 -0.559274 2.803403
v 8.352119 -0.000001 2.893302
v 8.259256 0.586320 4.182247
v 8.259256 0.586320 2.893302
v 8.352119 -0.000001 4.182247
v 8.175992 0.559265 4.272146
v 8.264569 -0.000001 4.272146
v 8.175992 0.559264 2.803403
v 8.264569 -0.000001 2.803403
v 8.259256 0.586320 2.893302
v 7.989752 1.115255 4.182247
v 7.989752 1.115255 2.893302
v 8.259256 0.586320 4.182247
v 7.918929 1.063790 4.272146
v 8.175992 0.559265 4.272146
v 7.918929 1.063790 2.803403
v 8.175992 0.559264 2.803403
v 7.989752 1.115255 2.893302
v 7.569994 1.535009 4.182247
v 7.569994 1.535009 2.893302
v 7.989752 1.115255 4.182247
v 7.518536 1.464179 4.272146
v 7.918929 1.063790 4.272146
v 7.518536 1.464179 2.803403
v 7.918929 1.063790 2.803403
v 7.569994 1.535009 2.893302
v 7.041063 1.804518 4.182247
v 7.041063 1.804518 2.893302
v 7.569994 1.535009 4.182247
v 7.014011 1.721249 4.272146
v 7.518536 1.464179 4.272146
v 7.014011 1.721249 2.803403
v 7.518536 1.464179 2.803403
v 7.041063 1.804518 2.893302
v 6.454738 1.897381 4.182247
v 6.454738 1.897385 2.893302
v 7.041063 1.804518 4.182247
v 6.454738 1.809831 4.272146
v 7.014011 1.721249 4.272146
v 6.454738 1.809830 2.803403
v 7.014011 1.721249 2.803403
v 6.454738 1.897385 2.893302
v 5.868417 1.804518 4.182247
v 5.868417 1.804518 2.893302
v 6.454738 1.897381 4.182247
v 5.895472 1.721249 4.272146
v 6.454738 1.809831 4.272146
v 5.895472 1.721249 2.803403
v 6.454738 1.809830 2.803403
v 5.868417 1.804518 2.893302
v 5.339481 1.535013 4.182247
v 5.339481 1.535013 2.893302
v 5.868417 1.804518 4.182247
v 5.390947 1.464179 4.272146
v 5.895472 1.721249 4.272146
v 5.390947 1.464183 2.803403
v 5.895472 1.721249 2.803403
v 5.339481 1.535013 2.893302
v 4.919727 1.115252 4.182247
v 4.919724 1.115255 2.893302
v 5.339481 1.535013 4.182247
v 4.990558 1.063790 4.272146
v 5.390947 1.464179 4.272146
v 4.990558 1.063790 2.803403
v 5.390947 1.464183 2.803403
v 4.919724 1.115255 2.893302
v 4.650219 0.586320 4.182247
v 4.650219 0.586320 2.893302
v 4.919727 1.115252 4.182247
v 4.733488 0.559265 4.272146
v 4.990558 1.063790 4.272146
v 4.733488 0.559264 2.803403
v 4.990558 1.063790 2.803403
v 4.650219 0.586320 2.893302
v 4.557356 -0.000001 4.182247
v 4.557356 -0.000001 2.893302
v 4.650219 0.586320 4.182247
v 4.644906 -0.000001 4.272146
v 4.733488 0.559265 4.272146
v 4.644906 -0.000001 2.803403
v 4.733488 0.559264 2.803403
v 4.557356 -0.000001 2.893302
v 4.650219 -0.586329 4.182247
v 4.650219 -0.586330 2.893302
v 4.557356 -0.000001 4.182247
v 4.733488 -0.559274 4.272146
v 4.644906 -0.000001 4.272146
v 4.733488 -0.559274 2.803403
v 4.644906 -0.000001 2.803403
v 4.650219 -0.586330 2.893302
v 4.919727 -1.115261 4.182247
v 4.919727 -1.115257 2.893302
v 4.650219 -0.586329 4.182247
v 4.990558 -1.063799 4.272146
v 4.733488 -0.559274 4.272146
v 4.990558 -1.063799 2.803403
v 4.733488 -0.559274 2.803403
v 4.919727 -1.115257 2.893302
v 5.339485 -1.535015 4.182247
v 5.339485 -1.535015 2.893302
v 4.919727 -1.115261 4.182247
v 5.390951 -1.464192 4.272146
v 4.990558 -1.063799 4.272146
v 5.390951 -1.464192 2.803403
v 4.990558 -1.063799 2.803403
v 5.339485 -1.535015 2.893302
v 5.868420 -1.804520 4.182247
v 5.868417 -1.804520 2.893302
v 5.339485 -1.535015 4.182247
v 5.895472 -1.721255 4.272146
v 5.390951 -1.464192 4.272146
v 5.895472 -1.721255 2.803403
v 5.390951 -1.464192 2.803403
vn 0.1451 -0.0118 0.9893
vn 0.4902 -0.0117 0.8716
vn 0.1372 0.0353 0.9899
vn 0.4665 0.1451 0.8725
vn 0.1216 0.0745 0.9898
vn 0.3960 0.2784 0.8750
vn 0.0902 0.1059 0.9903
vn 0.2941 0.3804 0.8768
vn 0.0510 0.1216 0.9913
vn 0.1608 0.4510 0.8779
vn 0.0118 0.1294 0.9915
vn 0.0118 0.4745 0.8802
vn -0.0353 0.1216 0.9920
vn -0.1451 0.4509 0.8807
vn -0.0745 0.1059 0.9916
vn -0.2784 0.3804 0.8819
vn -0.1059 0.0745 0.9916
vn -0.3804 0.2784 0.8819
vn -0.1216 0.0353 0.9920
vn -0.4510 0.1451 0.8807
vn -0.1294 -0.0118 0.9915
vn -0.4745 -0.0118 0.8802
vn -0.1216 -0.0510 0.9913
vn -0.4510 -0.1608 0.8779
vn -0.1059 -0.0902 0.9903
vn -0.3804 -0.2941 0.8768
vn -0.0745 -0.1216 0.9898
vn -0.2784 -0.3960 0.8750
vn -0.0353 -0.1373 0.9899
vn -0.1451 -0.4666 0.8725
vn 0.0118 -0.1451 0.9893
vn 0.0118 -0.4902 0.8716
vn 0.0510 -0.1373 0.9892
vn 0.1608 -0.4666 0.8697
vn 0.0902 -0.1216 0.9885
vn 0.2941 -0.3960 0.8699
vn 0.1216 -0.0902 0.9885
vn 0.3961 -0.2941 0.8699
vn 0.1373 -0.0510 0.9892
vn 0.4666 -0.1608 0.8697
vn 0.1294 -0.0118 0.9915
vn 0.1216 0.0353 0.9920
vn 0.1215 0.0353 0.9920
vn 0.1059 0.0667 0.9921
vn 0.0823 0.0902 0.9925
vn 0.0510 0.1059 0.9931
vn 0.0117 0.1137 0.9934
vn 0.0118 0.1137 0.9934
vn -0.0353 0.1059 0.9937
vn -0.0667 0.0902 0.9937
vn -0.0902 0.0667 0.9937
vn -0.1059 0.0353 0.9937
vn -0.1137 -0.0118 0.9934
vn -0.1059 -0.0510 0.9931
vn -0.0902 -0.0824 0.9925
vn -0.0902 -0.0823 0.9925
vn -0.0667 -0.1059 0.9921
vn -0.0353 -0.1216 0.9920
vn 0.0118 -0.1294 0.9915
vn 0.0117 -0.1294 0.9915
vn 0.0510 -0.1216 0.9913
vn 0.0823 -0.1059 0.9910
vn 0.0824 -0.1059 0.9910
vn 0.1059 -0.0823 0.9910
vn 0.1059 -0.0824 0.9910
vn 0.1216 -0.0510 0.9913
vn -0.1529 -0.0667 0.9860
vn 0.0118 -0.0118 0.9999
vn -0.1608 -0.0118 0.9869
vn -0.1294 -0.1137 0.9851
vn -0.0980 -0.1451 0.9845
vn -0.0510 -0.1686 0.9844
vn 0.0118 -0.1765 0.9842
vn 0.0666 -0.1686 0.9834
vn 0.1137 -0.1451 0.9829
vn 0.1451 -0.1137 0.9829
vn 0.1686 -0.0666 0.9834
vn 0.1765 -0.0118 0.9842
vn 0.1686 0.0510 0.9844
vn 0.1451 0.0980 0.9845
vn 0.1137 0.1294 0.9851
vn 0.0667 0.1529 0.9860
vn 0.0118 0.1608 0.9869
vn -0.0510 0.1530 0.9869
vn -0.0980 0.1294 0.9867
vn -0.1294 0.0980 0.9867
vn -0.1530 0.0510 0.9869
vn -0.2863 -0.0118 0.9581
vn -0.2863 -0.0117 0.9581
vn -0.2706 -0.0980 0.9577
vn -0.2314 -0.1765 0.9567
vn -0.1608 -0.2470 0.9556
vn -0.1608 -0.2471 0.9556
vn -0.0824 -0.2863 0.9546
vn 0.0118 -0.3019 0.9533
vn 0.0980 -0.2863 0.9531
vn 0.1765 -0.2471 0.9528
vn 0.2471 -0.1765 0.9528
vn 0.2863 -0.0980 0.9531
vn 0.3019 -0.0118 0.9533
vn 0.3020 -0.0118 0.9532
vn 0.2863 0.0824 0.9546
vn 0.2470 0.1608 0.9556
vn 0.2471 0.1608 0.9556
vn 0.1765 0.2314 0.9567
vn 0.0980 0.2706 0.9577
vn 0.0981 0.2706 0.9577
vn 0.0118 0.2863 0.9581
vn 0.0117 0.2863 0.9581
vn -0.0824 0.2706 0.9592
vn -0.0823 0.2706 0.9592
vn -0.1608 0.2314 0.9595
vn -0.2314 0.1608 0.9595
vn -0.2706 0.0824 0.9592
vn -0.9843 -0.0118 0.1761
vn -0.9294 -0.0117 0.3689
vn -0.9373 -0.3176 0.1439
vn -0.8824 -0.3019 0.3609
vn -0.7961 -0.5921 0.1251
vn -0.7490 -0.5608 0.3529
vn -0.5765 -0.8117 0.0935
vn -0.5451 -0.7647 0.3437
vn -0.3020 -0.9529 0.0272
vn -0.2863 -0.8980 0.3340
vn 0.0118 -0.9999 -0.0000
vn 0.0118 -0.9451 0.3266
vn 0.3162 -0.9487 -0.0000
vn 0.3020 -0.8980 0.3199
vn 0.5893 -0.8079 0.0001
vn 0.5608 -0.7647 0.3174
vn 0.8079 -0.5893 -0.0000
vn 0.7647 -0.5608 0.3175
vn 0.9487 -0.3163 -0.0000
vn 0.8980 -0.3020 0.3199
vn 0.9999 -0.0118 -0.0000
vn 0.9451 -0.0118 0.3266
vn 0.9529 0.3020 0.0272
vn 0.8980 0.2863 0.3340
vn 0.8118 0.5765 0.0935
vn 0.7647 0.5451 0.3437
vn 0.5922 0.7960 0.1251
vn 0.5608 0.7490 0.3529
vn 0.3176 0.9372 0.1439
vn 0.3020 0.8823 0.3610
vn 0.0118 0.9843 0.1761
vn 0.0118 0.9294 0.3689
vn -0.3020 0.9372 0.1745
vn -0.2863 0.8823 0.3735
vn -0.5765 0.7961 0.1843
vn -0.5451 0.7490 0.3766
vn -0.7960 0.5765 0.1844
vn -0.7490 0.5451 0.3766
vn -0.9372 0.3020 0.1743
vn -0.8823 0.2863 0.3735
vn 0.1451 -0.0117 -0.9893
vn 0.1373 0.0353 -0.9899
vn 0.4902 -0.0118 -0.8716
vn 0.4666 0.1451 -0.8725
vn 0.1216 0.0745 -0.9898
vn 0.3960 0.2784 -0.8750
vn 0.0902 0.1059 -0.9903
vn 0.2941 0.3804 -0.8768
vn 0.0510 0.1216 -0.9913
vn 0.1608 0.4510 -0.8779
vn 0.0118 0.1294 -0.9915
vn 0.0118 0.4745 -0.8802
vn -0.0353 0.1216 -0.9920
vn -0.1451 0.4510 -0.8807
vn -0.0745 0.1059 -0.9916
vn -0.2784 0.3804 -0.8819
vn -0.1059 0.0745 -0.9916
vn -0.3804 0.2784 -0.8819
vn -0.1216 0.0353 -0.9920
vn -0.4509 0.1451 -0.8807
vn -0.1294 -0.0118 -0.9915
vn -0.4745 -0.0118 -0.8802
vn -0.1216 -0.0510 -0.9913
vn -0.4510 -0.1608 -0.8779
vn -0.1059 -0.0902 -0.9903
vn -0.3804 -0.2941 -0.8768
vn -0.0745 -0.1216 -0.9898
vn -0.2784 -0.3960 -0.8750
vn -0.0353 -0.1373 -0.9899
vn -0.1451 -0.4665 -0.8725
vn 0.0118 -0.1451 -0.9893
vn 0.0117 -0.4902 -0.8716
vn 0.0510 -0.1373 -0.9892
vn 0.1608 -0.4666 -0.8697
vn 0.0902 -0.1216 -0.9885
vn 0.2941 -0.3960 -0.8699
vn 0.1216 -0.0902 -0.9885
vn 0.3960 -0.2941 -0.8699
vn 0.1373 -0.0510 -0.9892
vn 0.4666 -0.1608 -0.8697
vn -0.2863 -0.0118 -0.9581
vn -0.2706 -0.0981 -0.9577
vn -0.2863 -0.0117 -0.9581
vn -0.2706 -0.0980 -0.9577
vn -0.2314 -0.1765 -0.9567
vn -0.2314 -0.1764 -0.9567
vn -0.1608 -0.2470 -0.9556
vn -0.0824 -0.2863 -0.9546
vn 0.0118 -0.3019 -0.9533
vn 0.0118 -0.3020 -0.9532
vn 0.0980 -0.2863 -0.9531
vn 0.1765 -0.2471 -0.9528
vn 0.2471 -0.1765 -0.9528
vn 0.2470 -0.1765 -0.9528
vn 0.2863 -0.0980 -0.9531
vn 0.3019 -0.0118 -0.9533
vn 0.3020 -0.0118 -0.9532
vn 0.2863 0.0824 -0.9546
vn 0.2470 0.1608 -0.9556
vn 0.1765 0.2314 -0.9567
vn 0.0980 0.2706 -0.9577
vn 0.0118 0.2863 -0.9581
vn 0.0117 0.2863 -0.9581
vn -0.0823 0.2706 -0.9592
vn -0.1608 0.2314 -0.9595
vn -0.2314 0.1608 -0.9595
vn -0.2706 0.0824 -0.9592
vn -0.2706 0.0823 -0.9592
vn -0.9373 -0.3176 0.1437
vn -0.9922 -0.0118 -0.1245
vn -0.9451 -0.3176 -0.0768
vn -0.9372 -0.3178 0.1437
vn -0.7961 -0.5921 0.1249
vn -0.9451 -0.3177 -0.0768
vn -0.8014 -0.5981 -0.0000
vn -0.7960 -0.5922 0.1250
vn -0.5765 -0.8117 0.0934
vn -0.8013 -0.5982 -0.0000
vn -0.5766 -0.8117 -0.0934
vn -0.5764 -0.8118 0.0934
vn -0.5764 -0.8118 -0.0935
vn -0.2999 -0.9540 -0.0000
vn -0.3019 -0.9530 0.0271
vn 0.0117 -0.9999 -0.0000
vn -0.2998 -0.9540 -0.0000
vn 0.0039 -1.0000 -0.0000
vn 0.0040 -1.0000 -0.0000
vn 0.3091 -0.9510 -0.0000
vn 0.3163 -0.9487 -0.0000
vn 0.5893 -0.8079 -0.0000
vn 0.3092 -0.9510 -0.0000
vn 0.5894 -0.8078 -0.0000
vn 0.8078 -0.5894 -0.0000
vn 0.9510 -0.3092 -0.0000
vn 0.9487 -0.3162 -0.0000
vn 1.0000 -0.0041 -0.0000
vn 0.9999 -0.0117 -0.0000
vn 0.9530 0.3019 0.0272
vn 1.0000 -0.0039 -0.0000
vn 0.9540 0.2998 -0.0000
vn 0.9529 0.3020 0.0271
vn 0.8118 0.5764 0.0934
vn 0.9540 0.2999 -0.0000
vn 0.8118 0.5764 -0.0934
vn 0.8117 0.5765 0.0934
vn 0.5922 0.7961 0.1248
vn 0.8117 0.5766 -0.0934
vn 0.5981 0.8014 -0.0000
vn 0.5921 0.7961 0.1250
vn 0.3177 0.9372 0.1437
vn 0.3177 0.9451 -0.0768
vn 0.3176 0.9373 0.1436
vn 0.0118 0.9843 0.1760
vn 0.3176 0.9451 -0.0768
vn 0.0119 0.9922 -0.1245
vn -0.3019 0.9373 0.1742
vn 0.0117 0.9922 -0.1245
vn -0.3019 0.9451 -0.1250
vn -0.3020 0.9372 0.1743
vn -0.5764 0.7961 0.1842
vn -0.3020 0.9451 -0.1250
vn -0.5843 0.8039 -0.1109
vn -0.5765 0.7961 0.1841
vn -0.7961 0.5765 0.1841
vn -0.5844 0.8039 -0.1109
vn -0.8039 0.5844 -0.1109
vn -0.7962 0.5764 0.1842
vn -0.8039 0.5843 -0.1109
vn -0.9451 0.3020 -0.1250
vn -0.9373 0.3019 0.1742
vn -0.9843 -0.0118 0.1760
vn -0.9451 0.3019 -0.1250
vn -0.9922 -0.0117 -0.1245
vn 0.0118 -0.0118 -0.9999
vn 0.9282 0.3721 -0.0000
vn 0.7149 0.6992 -0.0000
vn 0.9227 -0.3854 -0.0000
vn 0.7071 -0.7071 0.0001
vn 0.7071 -0.7071 -0.0000
vn -0.9216 0.3804 -0.0776
vn -0.7020 0.7019 -0.1204
vn -0.7020 0.7019 -0.1205
vn -1.0000 -0.0039 -0.0003
vn -0.9188 -0.3948 -0.0000
vn -0.6993 -0.7148 -0.0000
vn -0.3721 -0.9282 -0.0000
vn -0.6992 -0.7149 -0.0000
vn 0.3854 -0.9227 -0.0000
vn -0.3804 0.9216 -0.0776
vn -0.7019 0.7020 -0.1205
vn -0.7019 0.7020 -0.1204
vn 0.0039 1.0000 -0.0003
vn 0.3948 0.9187 -0.0000
vn 0.3948 0.9188 -0.0000
vn 0.7148 0.6993 0.0001
vn 0.7148 0.6993 -0.0000
vn 0.0117 -0.9451 -0.3266
vn 0.0117 -0.9451 0.3266
vn -0.2862 -0.8980 -0.3341
vn -0.2862 -0.8980 0.3341
vn 0.0118 -0.4902 0.8715
vn -0.1451 -0.4667 0.8724
vn 0.0117 -0.4902 -0.8715
vn -0.1451 -0.4667 -0.8724
vn 0.3019 -0.8980 -0.3200
vn 0.3019 -0.8981 0.3199
vn 0.0118 -0.9451 -0.3266
vn 0.1608 -0.4667 0.8697
vn 0.0118 -0.4903 0.8715
vn 0.1608 -0.4667 -0.8697
vn 0.0118 -0.4903 -0.8715
vn 0.5608 -0.7647 -0.3174
vn 0.5607 -0.7648 0.3174
vn 0.3020 -0.8980 -0.3199
vn 0.2941 -0.3961 0.8698
vn 0.2941 -0.3961 -0.8698
vn 0.7647 -0.5608 -0.3174
vn 0.7647 -0.5608 0.3174
vn 0.3961 -0.2942 0.8698
vn 0.2942 -0.3961 0.8698
vn 0.3961 -0.2942 -0.8698
vn 0.2942 -0.3961 -0.8698
vn 0.8980 -0.3020 -0.3199
vn 0.4667 -0.1608 0.8697
vn 0.3961 -0.2941 0.8698
vn 0.4667 -0.1608 -0.8697
vn 0.3961 -0.2941 -0.8698
vn 0.9451 -0.0118 -0.3266
vn 0.8981 -0.3019 -0.3199
vn 0.8980 -0.3019 0.3200
vn 0.4903 -0.0118 0.8715
vn 0.4903 -0.0118 -0.8715
vn 0.8980 0.2862 -0.3341
vn 0.9451 -0.0117 0.3266
vn 0.4667 0.1451 0.8724
vn 0.4902 -0.0117 0.8715
vn 0.4667 0.1451 -0.8724
vn 0.4902 -0.0118 -0.8715
vn 0.7647 0.5451 -0.3437
vn 0.8980 0.2864 -0.3341
vn 0.8980 0.2863 0.3341
vn 0.3961 0.2784 0.8750
vn 0.3961 0.2784 -0.8750
vn 0.5608 0.7490 -0.3529
vn 0.2942 0.3804 0.8768
vn 0.3961 0.2785 0.8749
vn 0.2942 0.3804 -0.8768
vn 0.3961 0.2785 -0.8749
vn 0.3020 0.8823 -0.3609
vn 0.3021 0.8823 0.3610
vn 0.5607 0.7491 -0.3529
vn 0.5607 0.7491 0.3529
vn 0.1609 0.4510 0.8779
vn 0.2941 0.3805 0.8768
vn 0.1609 0.4510 -0.8779
vn 0.0118 0.9294 -0.3689
vn 0.3018 0.8824 -0.3610
vn 0.3019 0.8824 0.3609
vn 0.1607 0.4510 0.8779
vn -0.2863 0.8824 -0.3735
vn 0.0117 0.9294 -0.3689
vn 0.0117 0.9294 0.3689
vn -0.1451 0.4510 0.8807
vn 0.0117 0.4745 0.8802
vn -0.5451 0.7490 -0.3766
vn -0.5451 0.7491 0.3766
vn -0.2863 0.8823 -0.3735
vn -0.2864 0.8823 0.3735
vn -0.2784 0.3805 0.8819
vn -0.1451 0.4511 -0.8806
vn -0.7490 0.5451 -0.3766
vn -0.2785 0.3804 0.8819
vn -0.3804 0.2785 -0.8819
vn -0.8823 0.2864 -0.3735
vn -0.7491 0.5451 -0.3766
vn -0.4511 0.1451 0.8806
vn -0.4510 0.1451 -0.8807
vn -0.3805 0.2784 -0.8819
vn -0.9294 -0.0117 -0.3689
vn -0.8824 0.2861 -0.3735
vn -0.8824 0.2862 0.3735
vn -0.4510 0.1451 -0.8806
vn -0.8824 -0.3019 -0.3609
vn -0.8824 -0.3019 0.3610
vn -0.9294 -0.0118 -0.3689
vn -0.9294 -0.0118 0.3689
vn -0.4746 -0.0118 0.8801
vn -0.4746 -0.0118 -0.8801
vn -0.7491 -0.5607 -0.3529
vn -0.8823 -0.3021 -0.3610
vn -0.8823 -0.3021 0.3609
vn -0.4510 -0.1609 0.8779
vn -0.5451 -0.7647 -0.3437
vn -0.7490 -0.5608 -0.3529
vn -0.2785 -0.3961 0.8749
vn -0.3804 -0.2942 0.8768
vn -0.2785 -0.3961 -0.8749
vn -0.3804 -0.2942 -0.8768
vn -0.2864 -0.8980 -0.3341
vn -0.2864 -0.8980 0.3340
vn -0.2784 -0.3961 0.8750
vn -0.2784 -0.3961 -0.8750
vt 0.953136 0.809452
vt 0.986478 0.809452
vt 0.946121 0.853829
vt 0.977827 0.864143
vt 0.925713 0.893864
vt 0.952686 0.913466
vt 0.893949 0.925629
vt 0.913542 0.952601
vt 0.853914 0.946019
vt 0.864228 0.977742
vt 0.809545 0.953059
vt 0.809545 0.986393
vt 0.765167 0.946019
vt 0.754879 0.977742
vt 0.725150 0.925629
vt 0.705548 0.952601
vt 0.693385 0.893864
vt 0.666404 0.913466
vt 0.672977 0.853829
vt 0.641272 0.864143
vt 0.665954 0.809452
vt 0.632603 0.809452
vt 0.672977 0.765082
vt 0.641272 0.754785
vt 0.693385 0.725048
vt 0.666404 0.705463
vt 0.725150 0.693283
vt 0.705548 0.666319
vt 0.765167 0.672892
vt 0.754879 0.641187
vt 0.809545 0.665869
vt 0.809545 0.632518
vt 0.853914 0.672892
vt 0.864228 0.641187
vt 0.893949 0.693283
vt 0.913542 0.666319
vt 0.925713 0.725048
vt 0.952686 0.705463
vt 0.946121 0.765082
vt 0.977827 0.754785
vt 0.857188 0.809452
vt 0.936028 0.809460
vt 0.854855 0.824185
vt 0.929844 0.848545
vt 0.848095 0.837467
vt 0.911871 0.883804
vt 0.837552 0.848010
vt 0.883889 0.911786
vt 0.824278 0.854770
vt 0.848630 0.929759
vt 0.809545 0.857095
vt 0.809562 0.935943
vt 0.794829 0.854770
vt 0.770469 0.929759
vt 0.781546 0.848010
vt 0.735218 0.911786
vt 0.771003 0.837467
vt 0.707227 0.883804
vt 0.764234 0.824185
vt 0.689271 0.848545
vt 0.761902 0.809452
vt 0.683079 0.809460
vt 0.764234 0.794744
vt 0.689271 0.770384
vt 0.771003 0.781461
vt 0.707227 0.735133
vt 0.781546 0.770918
vt 0.735218 0.707151
vt 0.794829 0.764149
vt 0.770469 0.689186
vt 0.809545 0.761809
vt 0.809562 0.682986
vt 0.824278 0.764149
vt 0.848630 0.689186
vt 0.837552 0.770918
vt 0.883889 0.707151
vt 0.848095 0.781461
vt 0.911871 0.735133
vt 0.854855 0.794744
vt 0.929844 0.770384
vt 0.809545 0.809452
vt 0.942779 0.809452
vt 0.936257 0.850631
vt 0.917333 0.887765
vt 0.887859 0.917248
vt 0.850716 0.936172
vt 0.809545 0.942686
vt 0.768373 0.936172
vt 0.731240 0.917248
vt 0.701756 0.887765
vt 0.682842 0.850631
vt 0.676310 0.809452
vt 0.682842 0.768289
vt 0.701756 0.731138
vt 0.731240 0.701671
vt 0.768373 0.682740
vt 0.809545 0.676217
vt 0.850716 0.682740
vt 0.887859 0.701671
vt 0.917333 0.731138
vt 0.936257 0.768289
vt 0.614681 0.728712
vt 0.471675 0.728712
vt 0.614681 0.822599
vt 0.471675 0.822599
vt 0.599337 0.947750
vt 0.605546 0.916511
vt 0.523924 0.916511
vt 0.581652 0.974247
vt 0.555155 0.991932
vt 0.523924 0.998158
vt 0.492676 0.991932
vt 0.466196 0.974247
vt 0.448494 0.947750
vt 0.442294 0.916511
vt 0.448494 0.885272
vt 0.466196 0.858782
vt 0.492676 0.841098
vt 0.523924 0.834889
vt 0.555155 0.841098
vt 0.581652 0.858782
vt 0.599337 0.885272
vt 0.617675 0.946045
vt 0.617675 0.914305
vt 0.608616 0.914305
vt 0.608616 0.946045
vt 0.617675 0.972958
vt 0.608616 0.972958
vt 0.608616 0.882574
vt 0.617675 0.882574
vt 0.608616 0.855670
vt 0.617675 0.855670
vt 0.971287 0.599693
vt 0.641195 0.599693
vt 0.971287 0.528368
vt 0.641195 0.528368
vt 0.620610 0.599693
vt 0.620610 0.528394
vt 0.991864 0.599693
vt 0.991864 0.528394
s 1
usemtl Material.005
f 5868/1677/3852 5867/1678/3853 5866/1679/3854
f 5869/1680/3855 5866/1679/3854 5867/1678/3853
f 5866/1679/3854 5869/1680/3855 5870/1681/3856
f 5871/1682/3857 5870/1681/3856 5869/1680/3855
f 5870/1681/3856 5871/1682/3857 5872/1683/3858
f 5873/1684/3859 5872/1683/3858 5871/1682/3857
f 5872/1683/3858 5873/1684/3859 5874/1685/3860
f 5875/1686/3861 5874/1685/3860 5873/1684/3859
f 5874/1685/3860 5875/1686/3861 5876/1687/3862
f 5877/1688/3863 5876/1687/3862 5875/1686/3861
f 5876/1687/3862 5877/1688/3863 5878/1689/3864
f 5879/1690/3865 5878/1689/3864 5877/1688/3863
f 5878/1689/3864 5879/1690/3865 5880/1691/3866
f 5881/1692/3867 5880/1691/3866 5879/1690/3865
f 5880/1691/3866 5881/1692/3867 5882/1693/3868
f 5883/1694/3869 5882/1693/3868 5881/1692/3867
f 5882/1693/3868 5883/1694/3869 5884/1695/3870
f 5885/1696/3871 5884/1695/3870 5883/1694/3869
f 5884/1695/3870 5885/1696/3871 5886/1697/3872
f 5887/1698/3873 5886/1697/3872 5885/1696/3871
f 5886/1697/3872 5887/1698/3873 5888/1699/3874
f 5889/1700/3875 5888/1699/3874 5887/1698/3873
f 5888/1699/3874 5889/1700/3875 5890/1701/3876
f 5891/1702/3877 5890/1701/3876 5889/1700/3875
f 5890/1701/3876 5891/1702/3877 5892/1703/3878
f 5893/1704/3879 5892/1703/3878 5891/1702/3877
f 5892/1703/3878 5893/1704/3879 5894/1705/3880
f 5895/1706/3881 5894/1705/3880 5893/1704/3879
f 5894/1705/3880 5895/1706/3881 5896/1707/3882
f 5897/1708/3883 5896/1707/3882 5895/1706/3881
f 5896/1707/3882 5897/1708/3883 5898/1709/3884
f 5899/1710/3885 5898/1709/3884 5897/1708/3883
f 5898/1709/3884 5899/1710/3885 5900/1711/3886
f 5901/1712/3887 5900/1711/3886 5899/1710/3885
f 5900/1711/3886 5901/1712/3887 5902/1713/3888
f 5903/1714/3889 5902/1713/3888 5901/1712/3887
f 5902/1713/3888 5903/1714/3889 5904/1715/3890
f 5905/1716/3891 5904/1715/3890 5903/1714/3889
f 5904/1715/3890 5905/1716/3891 5868/1677/3852
f 5867/1678/3853 5868/1677/3852 5905/1716/3891
f 5908/1717/3892 5907/1718/3892 5906/1719/3893
f 5909/1720/3894 5906/1719/3893 5907/1718/3892
f 5906/1719/3893 5909/1720/3894 5910/1721/3895
f 5911/1722/3895 5910/1721/3895 5909/1720/3894
f 5910/1721/3895 5911/1722/3895 5912/1723/3896
f 5913/1724/3896 5912/1723/3896 5911/1722/3895
f 5912/1723/3896 5913/1724/3896 5914/1725/3897
f 5915/1726/3897 5914/1725/3897 5913/1724/3896
f 5914/1725/3897 5915/1726/3897 5916/1727/3898
f 5917/1728/3899 5916/1727/3898 5915/1726/3897
f 5916/1727/3898 5917/1728/3899 5918/1729/3900
f 5919/1730/3900 5918/1729/3900 5917/1728/3899
f 5918/1729/3900 5919/1730/3900 5920/1731/3901
f 5921/1732/3901 5920/1731/3901 5919/1730/3900
f 5920/1731/3901 5921/1732/3901 5922/1733/3902
f 5923/1734/3902 5922/1733/3902 5921/1732/3901
f 5922/1733/3902 5923/1734/3902 5924/1735/3903
f 5925/1736/3903 5924/1735/3903 5923/1734/3902
f 5924/1735/3903 5925/1736/3903 5926/1737/3904
f 5927/1738/3904 5926/1737/3904 5925/1736/3903
f 5926/1737/3904 5927/1738/3904 5928/1739/3905
f 5929/1740/3905 5928/1739/3905 5927/1738/3904
f 5928/1739/3905 5929/1740/3905 5930/1741/3906
f 5931/1742/3907 5930/1741/3906 5929/1740/3905
f 5930/1741/3906 5931/1742/3907 5932/1743/3908
f 5933/1744/3908 5932/1743/3908 5931/1742/3907
f 5932/1743/3908 5933/1744/3908 5934/1745/3909
f 5935/1746/3909 5934/1745/3909 5933/1744/3908
f 5934/1745/3909 5935/1746/3909 5936/1747/3910
f 5937/1748/3911 5936/1747/3910 5935/1746/3909
f 5936/1747/3910 5937/1748/3911 5938/1749/3912
f 5939/1750/3912 5938/1749/3912 5937/1748/3911
f 5938/1749/3912 5939/1750/3912 5940/1751/3913
f 5941/1752/3914 5940/1751/3913 5939/1750/3912
f 5940/1751/3913 5941/1752/3914 5942/1753/3915
f 5943/1754/3916 5942/1753/3915 5941/1752/3914
f 5942/1753/3915 5943/1754/3916 5944/1755/3917
f 5945/1756/3917 5944/1755/3917 5943/1754/3916
f 5944/1755/3917 5945/1756/3917 5908/1717/3892
f 5907/1718/3892 5908/1717/3892 5945/1756/3917
f 5948/1719/3918 5947/1757/3919 5946/1717/3920
f 5949/1721/3921 5947/1757/3919 5948/1719/3918
f 5950/1723/3922 5947/1757/3919 5949/1721/3921
f 5951/1725/3923 5947/1757/3919 5950/1723/3922
f 5952/1727/3924 5947/1757/3919 5951/1725/3923
f 5953/1729/3925 5947/1757/3919 5952/1727/3924
f 5954/1731/3926 5947/1757/3919 5953/1729/3925
f 5955/1733/3927 5947/1757/3919 5954/1731/3926
f 5956/1735/3928 5947/1757/3919 5955/1733/3927
f 5957/1737/3929 5947/1757/3919 5956/1735/3928
f 5958/1739/3930 5947/1757/3919 5957/1737/3929
f 5959/1741/3931 5947/1757/3919 5958/1739/3930
f 5960/1743/3932 5947/1757/3919 5959/1741/3931
f 5961/1745/3933 5947/1757/3919 5960/1743/3932
f 5962/1747/3934 5947/1757/3919 5961/1745/3933
f 5963/1749/3935 5947/1757/3919 5962/1747/3934
f 5964/1751/3936 5947/1757/3919 5963/1749/3935
f 5965/1753/3937 5947/1757/3919 5964/1751/3936
f 5966/1755/3938 5947/1757/3919 5965/1753/3937
f 5946/1717/3920 5947/1757/3919 5966/1755/3938
f 5969/1758/3939 5968/1677/3940 5967/1759/3941
f 5970/1679/3941 5967/1759/3941 5968/1677/3940
f 5967/1759/3941 5970/1679/3941 5971/1760/3942
f 5972/1681/3942 5971/1760/3942 5970/1679/3941
f 5971/1760/3942 5972/1681/3942 5973/1761/3943
f 5974/1683/3944 5973/1761/3943 5972/1681/3942
f 5973/1761/3943 5974/1683/3944 5975/1762/3945
f 5976/1685/3945 5975/1762/3945 5974/1683/3944
f 5975/1762/3945 5976/1685/3945 5977/1763/3946
f 5978/1687/3946 5977/1763/3946 5976/1685/3945
f 5977/1763/3946 5978/1687/3946 5979/1764/3947
f 5980/1689/3947 5979/1764/3947 5978/1687/3946
f 5979/1764/3947 5980/1689/3947 5981/1765/3948
f 5982/1691/3948 5981/1765/3948 5980/1689/3947
f 5981/1765/3948 5982/1691/3948 5983/1766/3949
f 5984/1693/3949 5983/1766/3949 5982/1691/3948
f 5983/1766/3949 5984/1693/3949 5985/1767/3950
f 5986/1695/3950 5985/1767/3950 5984/1693/3949
f 5985/1767/3950 5986/1695/3950 5987/1768/3951
f 5988/1697/3952 5987/1768/3951 5986/1695/3950
f 5987/1768/3951 5988/1697/3952 5989/1769/3953
f 5990/1699/3953 5989/1769/3953 5988/1697/3952
f 5989/1769/3953 5990/1699/3953 5991/1770/3954
f 5992/1701/3955 5991/1770/3954 5990/1699/3953
f 5991/1770/3954 5992/1701/3955 5993/1771/3956
f 5994/1703/3956 5993/1771/3956 5992/1701/3955
f 5993/1771/3956 5994/1703/3956 5995/1772/3957
f 5996/1705/3958 5995/1772/3957 5994/1703/3956
f 5995/1772/3957 5996/1705/3958 5997/1773/3959
f 5998/1707/3960 5997/1773/3959 5996/1705/3958
f 5997/1773/3959 5998/1707/3960 5999/1774/3961
f 6000/1709/3962 5999/1774/3961 5998/1707/3960
f 5999/1774/3961 6000/1709/3962 6001/1775/3963
f 6002/1711/3963 6001/1775/3963 6000/1709/3962
f 6001/1775/3963 6002/1711/3963 6003/1776/3964
f 6004/1713/3964 6003/1776/3964 6002/1711/3963
f 6003/1776/3964 6004/1713/3964 6005/1777/3965
f 6006/1715/3965 6005/1777/3965 6004/1713/3964
f 6005/1777/3965 6006/1715/3965 5969/1758/3939
f 5968/1677/3940 5969/1758/3939 6006/1715/3965
f 6009/1718/3966 6008/1758/3967 6007/1720/3968
f 6010/1759/3969 6007/1720/3968 6008/1758/3967
f 6007/1720/3968 6010/1759/3969 6011/1722/3970
f 6012/1760/3971 6011/1722/3970 6010/1759/3969
f 6011/1722/3970 6012/1760/3971 6013/1724/3972
f 6014/1761/3973 6013/1724/3972 6012/1760/3971
f 6013/1724/3972 6014/1761/3973 6015/1726/3974
f 6016/1762/3975 6015/1726/3974 6014/1761/3973
f 6015/1726/3974 6016/1762/3975 6017/1728/3976
f 6018/1763/3977 6017/1728/3976 6016/1762/3975
f 6017/1728/3976 6018/1763/3977 6019/1730/3978
f 6020/1764/3979 6019/1730/3978 6018/1763/3977
f 6019/1730/3978 6020/1764/3979 6021/1732/3980
f 6022/1765/3981 6021/1732/3980 6020/1764/3979
f 6021/1732/3980 6022/1765/3981 6023/1734/3982
f 6024/1766/3983 6023/1734/3982 6022/1765/3981
f 6023/1734/3982 6024/1766/3983 6025/1736/3984
f 6026/1767/3985 6025/1736/3984 6024/1766/3983
f 6025/1736/3984 6026/1767/3985 6027/1738/3986
f 6028/1768/3987 6027/1738/3986 6026/1767/3985
f 6027/1738/3986 6028/1768/3987 6029/1740/3988
f 6030/1769/3989 6029/1740/3988 6028/1768/3987
f 6029/1740/3988 6030/1769/3989 6031/1742/3990
f 6032/1770/3991 6031/1742/3990 6030/1769/3989
f 6031/1742/3990 6032/1770/3991 6033/1744/3992
f 6034/1771/3993 6033/1744/3992 6032/1770/3991
f 6033/1744/3992 6034/1771/3993 6035/1746/3994
f 6036/1772/3995 6035/1746/3994 6034/1771/3993
f 6035/1746/3994 6036/1772/3995 6037/1748/3996
f 6038/1773/3997 6037/1748/3996 6036/1772/3995
f 6037/1748/3996 6038/1773/3997 6039/1750/3998
f 6040/1774/3999 6039/1750/3998 6038/1773/3997
f 6039/1750/3998 6040/1774/3999 6041/1752/4000
f 6042/1775/4001 6041/1752/4000 6040/1774/3999
f 6041/1752/4000 6042/1775/4001 6043/1754/4002
f 6044/1776/4003 6043/1754/4002 6042/1775/4001
f 6043/1754/4002 6044/1776/4003 6045/1756/4004
f 6046/1777/4005 6045/1756/4004 6044/1776/4003
f 6045/1756/4004 6046/1777/4005 6009/1718/3966
f 6008/1758/3967 6009/1718/3966 6046/1777/4005
f 6049/1677/4006 6048/1679/4007 6047/1678/4008
f 6050/1680/4009 6047/1678/4008 6048/1679/4007
f 6048/1679/4007 6051/1681/4010 6050/1680/4009
f 6052/1682/4011 6050/1680/4009 6051/1681/4010
f 6051/1681/4010 6053/1683/4012 6052/1682/4011
f 6054/1684/4013 6052/1682/4011 6053/1683/4012
f 6053/1683/4012 6055/1685/4014 6054/1684/4013
f 6056/1686/4015 6054/1684/4013 6055/1685/4014
f 6055/1685/4014 6057/1687/4016 6056/1686/4015
f 6058/1688/4017 6056/1686/4015 6057/1687/4016
f 6057/1687/4016 6059/1689/4018 6058/1688/4017
f 6060/1690/4019 6058/1688/4017 6059/1689/4018
f 6059/1689/4018 6061/1691/4020 6060/1690/4019
f 6062/1692/4021 6060/1690/4019 6061/1691/4020
f 6061/1691/4020 6063/1693/4022 6062/1692/4021
f 6064/1694/4023 6062/1692/4021 6063/1693/4022
f 6063/1693/4022 6065/1695/4024 6064/1694/4023
f 6066/1696/4025 6064/1694/4023 6065/1695/4024
f 6065/1695/4024 6067/1697/4026 6066/1696/4025
f 6068/1698/4027 6066/1696/4025 6067/1697/4026
f 6067/1697/4026 6069/1699/4028 6068/1698/4027
f 6070/1700/4029 6068/1698/4027 6069/1699/4028
f 6069/1699/4028 6071/1701/4030 6070/1700/4029
f 6072/1702/4031 6070/1700/4029 6071/1701/4030
f 6071/1701/4030 6073/1703/4032 6072/1702/4031
f 6074/1704/4033 6072/1702/4031 6073/1703/4032
f 6073/1703/4032 6075/1705/4034 6074/1704/4033
f 6076/1706/4035 6074/1704/4033 6075/1705/4034
f 6075/1705/4034 6077/1707/4036 6076/1706/4035
f 6078/1708/4037 6076/1706/4035 6077/1707/4036
f 6077/1707/4036 6079/1709/4038 6078/1708/4037
f 6080/1710/4039 6078/1708/4037 6079/1709/4038
f 6079/1709/4038 6081/1711/4040 6080/1710/4039
f 6082/1712/4041 6080/1710/4039 6081/1711/4040
f 6081/1711/4040 6083/1713/4042 6082/1712/4041
f 6084/1714/4043 6082/1712/4041 6083/1713/4042
f 6083/1713/4042 6085/1715/4044 6084/1714/4043
f 6086/1716/4045 6084/1714/4043 6085/1715/4044
f 6085/1715/4044 6049/1677/4006 6086/1716/4045
f 6047/1678/4008 6086/1716/4045 6049/1677/4006
f 6089/1758/4046 6088/1759/4047 6087/1677/4048
f 6090/1679/4049 6087/1677/4048 6088/1759/4047
f 6088/1759/4047 6091/1760/4050 6090/1679/4049
f 6092/1681/4051 6090/1679/4049 6091/1760/4050
f 6091/1760/4050 6093/1761/4052 6092/1681/4051
f 6094/1683/4052 6092/1681/4051 6093/1761/4052
f 6093/1761/4052 6095/1762/4053 6094/1683/4052
f 6096/1685/4053 6094/1683/4052 6095/1762/4053
f 6095/1762/4053 6097/1763/4054 6096/1685/4053
f 6098/1687/4055 6096/1685/4053 6097/1763/4054
f 6097/1763/4054 6099/1764/4056 6098/1687/4055
f 6100/1689/4056 6098/1687/4055 6099/1764/4056
f 6099/1764/4056 6101/1765/4057 6100/1689/4056
f 6102/1691/4057 6100/1689/4056 6101/1765/4057
f 6101/1765/4057 6103/1766/4058 6102/1691/4057
f 6104/1693/4059 6102/1691/4057 6103/1766/4058
f 6103/1766/4058 6105/1767/4060 6104/1693/4059
f 6106/1695/4060 6104/1693/4059 6105/1767/4060
f 6105/1767/4060 6107/1768/4061 6106/1695/4060
f 6108/1697/4062 6106/1695/4060 6107/1768/4061
f 6107/1768/4061 6109/1769/4063 6108/1697/4062
f 6110/1699/4063 6108/1697/4062 6109/1769/4063
f 6109/1769/4063 6111/1770/4064 6110/1699/4063
f 6112/1701/4064 6110/1699/4063 6111/1770/4064
f 6111/1770/4064 6113/1771/4065 6112/1701/4064
f 6114/1703/4065 6112/1701/4064 6113/1771/4065
f 6113/1771/4065 6115/1772/4066 6114/1703/4065
f 6116/1705/4066 6114/1703/4065 6115/1772/4066
f 6115/1772/4066 6117/1773/4067 6116/1705/4066
f 6118/1707/4068 6116/1705/4066 6117/1773/4067
f 6117/1773/4067 6119/1774/4069 6118/1707/4068
f 6120/1709/4069 6118/1707/4068 6119/1774/4069
f 6119/1774/4069 6121/1775/4070 6120/1709/4069
f 6122/1711/4070 6120/1709/4069 6121/1775/4070
f 6121/1775/4070 6123/1776/4071 6122/1711/4070
f 6124/1713/4071 6122/1711/4070 6123/1776/4071
f 6123/1776/4071 6125/1777/4072 6124/1713/4071
f 6126/1715/4073 6124/1713/4071 6125/1777/4072
f 6125/1777/4072 6089/1758/4046 6126/1715/4073
f 6087/1677/4048 6126/1715/4073 6089/1758/4046
f 6129/1778/3966 6128/1779/4074 6127/1780/4075
f 6130/1781/4076 6127/1780/4075 6128/1779/4074
f 6133/1779/4077 6132/1778/4078 6131/1781/4079
f 6134/1780/4080 6131/1781/4079 6132/1778/4078
f 6137/1779/4081 6136/1778/4082 6135/1781/4083
f 6138/1780/4084 6135/1781/4083 6136/1778/4082
f 6141/1779/4085 6140/1778/3974 6139/1781/4086
f 6142/1780/4087 6139/1781/4086 6140/1778/3974
f 6145/1779/4088 6144/1778/4089 6143/1781/4090
f 6146/1780/4091 6143/1781/4090 6144/1778/4089
f 6149/1779/3976 6148/1778/3978 6147/1781/4092
f 6150/1780/4093 6147/1781/4092 6148/1778/3978
f 6153/1779/4094 6152/1778/4095 6151/1781/4096
f 6154/1780/4095 6151/1781/4096 6152/1778/4095
f 6157/1779/4097 6156/1778/4098 6155/1781/4097
f 6158/1780/4098 6155/1781/4097 6156/1778/4098
f 6161/1779/3982 6160/1778/3984 6159/1781/3982
f 6162/1780/4099 6159/1781/3982 6160/1778/3984
f 6165/1779/4100 6164/1778/3986 6163/1781/4099
f 6166/1780/4101 6163/1781/4099 6164/1778/3986
f 6169/1779/4102 6168/1778/4103 6167/1781/4104
f 6170/1780/4105 6167/1781/4104 6168/1778/4103
f 6173/1779/4106 6172/1778/4107 6171/1781/4108
f 6174/1780/4109 6171/1781/4108 6172/1778/4107
f 6177/1779/4110 6176/1778/4111 6175/1781/4112
f 6178/1780/4113 6175/1781/4112 6176/1778/4111
f 6181/1779/4114 6180/1778/4115 6179/1781/4113
f 6182/1780/4116 6179/1781/4113 6180/1778/4115
f 6185/1779/4117 6184/1778/4118 6183/1781/4119
f 6186/1780/4120 6183/1781/4119 6184/1778/4118
f 6189/1779/3996 6188/1778/4121 6187/1781/4122
f 6190/1780/4123 6187/1781/4122 6188/1778/4121
f 6193/1779/4124 6192/1778/4125 6191/1781/4126
f 6194/1780/4127 6191/1781/4126 6192/1778/4125
f 6197/1779/4128 6196/1778/4129 6195/1781/4130
f 6198/1780/4131 6195/1781/4130 6196/1778/4129
f 6201/1779/4132 6200/1778/4004 6199/1781/4133
f 6202/1780/4134 6199/1781/4133 6200/1778/4004
f 6205/1778/4135 6204/1779/4136 6203/1780/4137
f 6206/1781/4138 6203/1780/4137 6204/1779/4136
f 6209/1782/4139 6208/1783/4139 6207/1784/4139
f 6210/1785/4139 6209/1782/4139 6207/1784/4139
f 6211/1786/4139 6210/1785/4139 6207/1784/4139
f 6212/1787/4139 6211/1786/4139 6207/1784/4139
f 6213/1788/4139 6212/1787/4139 6207/1784/4139
f 6214/1789/4139 6213/1788/4139 6207/1784/4139
f 6215/1790/4139 6214/1789/4139 6207/1784/4139
f 6216/1791/4139 6215/1790/4139 6207/1784/4139
f 6217/1792/4139 6216/1791/4139 6207/1784/4139
f 6218/1793/4139 6217/1792/4139 6207/1784/4139
f 6219/1794/4139 6218/1793/4139 6207/1784/4139
f 6220/1795/4139 6219/1794/4139 6207/1784/4139
f 6221/1796/4139 6220/1795/4139 6207/1784/4139
f 6222/1797/4139 6221/1796/4139 6207/1784/4139
f 6223/1798/4139 6222/1797/4139 6207/1784/4139
f 6208/1783/4139 6223/1798/4139 6207/1784/4139
f 6226/1799/4140 6225/1800/4104 6224/1801/4104
f 6227/1802/4140 6226/1799/4140 6224/1801/4104
f 6228/1803/4141 6226/1799/4140 6227/1802/4140
f 6229/1804/4141 6228/1803/4141 6227/1802/4140
f 6224/1801/4104 6225/1800/4104 6230/1805/4142
f 6225/1800/4104 6231/1806/4142 6230/1805/4142
f 6230/1805/4142 6231/1806/4142 6232/1807/4143
f 6231/1806/4142 6233/1808/4144 6232/1807/4143
f 6236/1799/4145 6235/1803/4146 6234/1804/4147
f 6237/1802/4145 6236/1799/4145 6234/1804/4147
f 6238/1800/4148 6236/1799/4145 6237/1802/4145
f 6239/1801/4148 6238/1800/4148 6237/1802/4145
f 6240/1806/4149 6238/1800/4148 6239/1801/4148
f 6241/1805/4149 6240/1806/4149 6239/1801/4148
f 6242/1808/4150 6240/1806/4149 6241/1805/4149
f 6243/1807/4150 6242/1808/4150 6241/1805/4149
f 6246/1783/3919 6245/1782/3919 6244/1784/3919
f 6245/1782/3919 6247/1785/3919 6244/1784/3919
f 6247/1785/3919 6248/1786/3919 6244/1784/3919
f 6248/1786/3919 6249/1787/3919 6244/1784/3919
f 6249/1787/3919 6250/1788/3919 6244/1784/3919
f 6250/1788/3919 6251/1789/3919 6244/1784/3919
f 6251/1789/3919 6252/1790/3919 6244/1784/3919
f 6252/1790/3919 6253/1791/3919 6244/1784/3919
f 6253/1791/3919 6254/1792/3919 6244/1784/3919
f 6254/1792/3919 6255/1793/3919 6244/1784/3919
f 6255/1793/3919 6256/1794/3919 6244/1784/3919
f 6256/1794/3919 6257/1795/3919 6244/1784/3919
f 6257/1795/3919 6258/1796/3919 6244/1784/3919
f 6258/1796/3919 6259/1797/3919 6244/1784/3919
f 6259/1797/3919 6260/1798/3919 6244/1784/3919
f 6260/1798/3919 6246/1783/3919 6244/1784/3919
f 6263/1799/4151 6262/1800/4091 6261/1801/4091
f 6264/1802/4151 6263/1799/4151 6261/1801/4091
f 6265/1803/4152 6263/1799/4151 6264/1802/4151
f 6266/1804/4152 6265/1803/4152 6264/1802/4151
f 6261/1801/4091 6262/1800/4091 6267/1805/4153
f 6262/1800/4091 6268/1806/4153 6267/1805/4153
f 6267/1805/4153 6268/1806/4153 6269/1807/4144
f 6268/1806/4153 6270/1808/4144 6269/1807/4144
f 6273/1799/4154 6272/1803/4155 6271/1804/4156
f 6274/1802/4154 6273/1799/4154 6271/1804/4156
f 6275/1800/4157 6273/1799/4154 6274/1802/4154
f 6276/1801/4157 6275/1800/4157 6274/1802/4154
f 6277/1806/4158 6275/1800/4157 6276/1801/4157
f 6278/1805/4159 6277/1806/4158 6276/1801/4157
f 6279/1808/4160 6277/1806/4158 6278/1805/4159
f 6280/1807/4161 6279/1808/4160 6278/1805/4159
f 6283/1809/4162 6282/1810/4163 6281/1811/4164
f 6284/1812/4165 6281/1811/4164 6282/1810/4163
f 6282/1810/4163 6285/1813/4166 6284/1812/4165
f 6286/1814/4167 6284/1812/4165 6285/1813/4166
f 6283/1809/4162 6281/1811/4164 6287/1815/4168
f 6288/1816/4169 6287/1815/4168 6281/1811/4164
f 6291/1809/4170 6290/1810/4171 6289/1811/4172
f 6292/1812/3977 6289/1811/4172 6290/1810/4171
f 6290/1810/4171 6293/1813/4173 6292/1812/3977
f 6294/1814/4174 6292/1812/3977 6293/1813/4173
f 6291/1809/4170 6289/1811/4172 6295/1815/4175
f 6296/1816/4176 6295/1815/4175 6289/1811/4172
f 6299/1809/4177 6298/1810/4178 6297/1811/4179
f 6300/1812/3979 6297/1811/4179 6298/1810/4178
f 6298/1810/4178 6301/1813/4180 6300/1812/3979
f 6302/1814/4173 6300/1812/3979 6301/1813/4180
f 6299/1809/4177 6297/1811/4179 6303/1815/4181
f 6304/1816/4175 6303/1815/4181 6297/1811/4179
f 6307/1809/4182 6306/1810/4183 6305/1811/4177
f 6308/1812/3981 6305/1811/4177 6306/1810/4183
f 6306/1810/4183 6309/1813/4184 6308/1812/3981
f 6310/1814/4185 6308/1812/3981 6309/1813/4184
f 6307/1809/4182 6305/1811/4177 6311/1815/4186
f 6312/1816/4187 6311/1815/4186 6305/1811/4177
f 6315/1809/4188 6314/1810/3985 6313/1811/4182
f 6316/1812/4183 6313/1811/4182 6314/1810/3985
f 6314/1810/3985 6317/1813/4189 6316/1812/4183
f 6318/1814/4190 6316/1812/4183 6317/1813/4189
f 6315/1809/4188 6313/1811/4182 6319/1815/4191
f 6320/1816/4192 6319/1815/4191 6313/1811/4182
f 6323/1809/4193 6322/1810/3987 6321/1811/4194
f 6324/1812/4195 6321/1811/4194 6322/1810/3987
f 6322/1810/3987 6325/1813/4196 6324/1812/4195
f 6326/1814/4189 6324/1812/4195 6325/1813/4196
f 6323/1809/4193 6321/1811/4194 6327/1815/4197
f 6328/1816/4191 6327/1815/4197 6321/1811/4194
f 6331/1809/4198 6330/1810/3989 6329/1811/4193
f 6332/1812/4199 6329/1811/4193 6330/1810/3989
f 6330/1810/3989 6333/1813/4200 6332/1812/4199
f 6334/1814/4201 6332/1812/4199 6333/1813/4200
f 6331/1809/4198 6329/1811/4193 6335/1815/4202
f 6336/1816/4203 6335/1815/4202 6329/1811/4193
f 6339/1809/4204 6338/1810/3991 6337/1811/4205
f 6340/1812/4206 6337/1811/4205 6338/1810/3991
f 6338/1810/3991 6341/1813/4207 6340/1812/4206
f 6342/1814/4200 6340/1812/4206 6341/1813/4207
f 6339/1809/4204 6337/1811/4205 6343/1815/4208
f 6344/1816/4202 6343/1815/4208 6337/1811/4205
f 6347/1809/4209 6346/1810/3993 6345/1811/4204
f 6348/1812/3991 6345/1811/4204 6346/1810/3993
f 6346/1810/3993 6349/1813/4210 6348/1812/3991
f 6350/1814/4211 6348/1812/3991 6349/1813/4210
f 6347/1809/4209 6345/1811/4204 6351/1815/4212
f 6352/1816/4213 6351/1815/4212 6345/1811/4204
f 6355/1809/4214 6354/1810/4215 6353/1811/4216
f 6356/1812/4217 6353/1811/4216 6354/1810/4215
f 6354/1810/4215 6357/1813/4218 6356/1812/4217
f 6358/1814/4219 6356/1812/4217 6357/1813/4218
f 6355/1809/4214 6353/1811/4216 6359/1815/4220
f 6360/1816/4212 6359/1815/4220 6353/1811/4216
f 6363/1809/4221 6362/1810/3997 6361/1811/4222
f 6364/1812/4223 6361/1811/4222 6362/1810/3997
f 6362/1810/3997 6365/1813/3863 6364/1812/4223
f 6366/1814/4224 6364/1812/4223 6365/1813/3863
f 6363/1809/4221 6361/1811/4222 6367/1815/4017
f 6368/1816/4015 6367/1815/4017 6361/1811/4222
f 6371/1809/4225 6370/1810/3999 6369/1811/4226
f 6372/1812/4227 6369/1811/4226 6370/1810/3999
f 6370/1810/3999 6373/1813/4228 6372/1812/4227
f 6374/1814/4229 6372/1812/4227 6373/1813/4228
f 6371/1809/4225 6369/1811/4226 6375/1815/4019
f 6376/1816/4017 6375/1815/4019 6369/1811/4226
f 6379/1809/4230 6378/1810/4231 6377/1811/4232
f 6380/1812/4233 6377/1811/4232 6378/1810/4231
f 6378/1810/4231 6381/1813/4234 6380/1812/4233
f 6382/1814/4228 6380/1812/4233 6381/1813/4234
f 6379/1809/4230 6377/1811/4232 6383/1815/4021
f 6384/1816/4235 6383/1815/4021 6377/1811/4232
f 6387/1809/4236 6386/1810/4003 6385/1811/4230
f 6388/1812/4001 6385/1811/4230 6386/1810/4003
f 6386/1810/4003 6389/1813/3869 6388/1812/4001
f 6390/1814/4237 6388/1812/4001 6389/1813/3869
f 6387/1809/4236 6385/1811/4230 6391/1815/4238
f 6392/1816/4021 6391/1815/4238 6385/1811/4230
f 6395/1809/4239 6394/1810/4005 6393/1811/4240
f 6396/1812/4003 6393/1811/4240 6394/1810/4005
f 6394/1810/4005 6397/1813/4241 6396/1812/4003
f 6398/1814/3869 6396/1812/4003 6397/1813/4241
f 6395/1809/4239 6393/1811/4240 6399/1815/4242
f 6400/1816/4243 6399/1815/4242 6393/1811/4240
f 6403/1809/4244 6402/1810/3967 6401/1811/4245
f 6404/1812/4246 6401/1811/4245 6402/1810/3967
f 6402/1810/3967 6405/1813/3873 6404/1812/4246
f 6406/1814/3871 6404/1812/4246 6405/1813/3873
f 6403/1809/4244 6401/1811/4245 6407/1815/4027
f 6408/1816/4247 6407/1815/4027 6401/1811/4245
f 6411/1809/4248 6410/1810/4249 6409/1811/4250
f 6412/1812/4251 6409/1811/4250 6410/1810/4249
f 6410/1810/4249 6413/1813/3875 6412/1812/4251
f 6414/1814/4252 6412/1812/4251 6413/1813/3875
f 6411/1809/4248 6409/1811/4250 6415/1815/4029
f 6416/1816/4253 6415/1815/4029 6409/1811/4250
f 6419/1809/4254 6418/1810/3971 6417/1811/4255
f 6420/1812/4256 6417/1811/4255 6418/1810/3971
f 6418/1810/3971 6421/1813/3877 6420/1812/4256
f 6422/1814/4257 6420/1812/4256 6421/1813/3877
f 6419/1809/4254 6417/1811/4255 6423/1815/4031
f 6424/1816/4029 6423/1815/4031 6417/1811/4255
f 6427/1809/4258 6426/1810/3973 6425/1811/4259
f 6428/1812/3971 6425/1811/4259 6426/1810/3973
f 6426/1810/3973 6429/1813/4260 6428/1812/3971
f 6430/1814/4261 6428/1812/3971 6429/1813/4260
f 6427/1809/4258 6425/1811/4259 6431/1815/4262
f 6432/1816/4263 6431/1815/4262 6425/1811/4259
f 6435/1809/4264 6434/1810/4265 6433/1811/4258
f 6436/1812/3973 6433/1811/4258 6434/1810/4265
f 6434/1810/4265 6437/1813/4167 6436/1812/3973
f 6438/1814/4266 6436/1812/3973 6437/1813/4167
f 6435/1809/4264 6433/1811/4258 6439/1815/4169
f 6440/1816/4267 6439/1815/4169 6433/1811/4258
